droplet_id,volume,ux,uy,uz,vx,vy,vz
1,7.995805e-12,1.187586e-07,7.243408e-09,3.856606e-04,3.071012e-03,8.467800e-03,-7.078636e+00
2,8.742490e-19,6.421073e-06,-1.144534e-04,4.717556e-04,-3.032208e+00,-2.840737e+00,-9.196589e+00
3,6.191734e-19,6.640659e-06,-1.066406e-04,4.732501e-04,1.875336e+00,-2.949083e-01,-3.608192e+00
4,2.592123e-19,-1.366955e-05,-1.292935e-04,4.720736e-04,-7.227962e-02,1.339119e-01,-2.024658e+00
5,6.266317e-19,-1.445259e-05,-1.292968e-04,4.709675e-04,2.053180e+00,8.783173e-01,-4.864660e+00
6,2.028924e-18,2.268564e-06,-2.037995e-05,5.008025e-04,-6.199010e-02,-8.222425e-01,1.788808e+01
7,3.189824e-18,1.953278e-05,-1.718733e-05,5.144320e-04,-3.311478e-01,1.983200e-02,7.354709e+00
8,2.399126e-19,8.206533e-06,-1.367126e-05,5.070981e-04,-7.599221e-03,2.723489e-02,6.875061e+00
9,4.710859e-18,1.093907e-05,8.834760e-10,5.241638e-04,-8.359551e-02,4.994317e-03,1.680763e+00
10,5.631318e-18,8.358800e-06,-1.799165e-05,5.436908e-04,-2.145469e+00,1.292695e-01,9.671855e+00
11,1.568969e-18,1.952629e-05,1.882105e-10,5.278488e-04,-3.152710e-02,-2.281488e-02,5.097988e+00
12,2.066325e-18,3.002903e-06,-2.049221e-05,5.492550e-04,-2.783200e+00,-1.766362e+00,1.131278e+01
13,1.443710e-18,8.585608e-06,-9.374077e-06,5.376526e-04,-5.968918e-02,-3.251505e-02,5.839500e+00
14,1.122344e-18,9.379773e-06,-5.462016e-06,5.428973e-04,3.125496e-02,4.207067e-02,-2.548752e+00
15,3.472228e-17,-1.756881e-05,1.571548e-06,5.196476e-04,2.966775e-01,2.622762e-01,4.780875e+00
16,3.572307e-18,-1.586015e-06,-1.559656e-05,5.439142e-04,1.377228e-01,1.195299e-01,5.635663e+00
17,3.216447e-18,-1.014219e-05,-1.804946e-05,5.472405e-04,-1.376103e-01,8.178325e-01,1.328760e+00
18,2.032319e-17,3.209416e-06,-5.177981e-05,5.216903e-04,-7.830300e-01,-8.419658e-01,4.772234e+00
19,3.125198e-18,7.796793e-06,-3.828270e-05,5.013566e-04,-1.360526e-01,4.069588e-02,2.514536e+00
20,2.742710e-18,1.171531e-05,-4.219398e-05,5.251539e-04,-1.446911e-01,-2.544128e-01,4.538698e+00
21,2.841520e-18,7.030762e-06,-4.453251e-05,5.214220e-04,7.367286e-02,1.261134e-02,2.502685e+00
22,1.485056e-16,1.187683e-05,-3.077056e-05,5.403694e-04,3.044815e-01,-7.887322e-01,1.102443e+01
23,7.459517e-17,-2.676883e-06,-3.376317e-05,5.445273e-04,-1.369736e+00,-9.120275e-03,6.633198e+00
24,3.969193e-18,2.111178e-05,-3.984304e-05,5.437532e-04,1.121994e+00,1.050197e-01,7.360615e+00
25,3.423371e-18,7.816601e-06,-3.827877e-05,5.365487e-04,-2.807331e-01,1.617383e-02,5.661281e+00
26,3.557599e-18,1.574158e-05,-3.920501e-05,5.496063e-04,-7.909178e-01,2.490369e-01,1.656983e+01
27,5.234796e-17,4.782970e-06,-3.930600e-05,5.475218e-04,2.046516e-01,1.940970e-01,4.338067e+00
28,1.406553e-18,1.414759e-05,-2.725250e-05,5.430753e-04,3.782814e-03,1.926550e-01,-3.696523e-01
29,2.543874e-18,4.999905e-05,1.797857e-05,5.364973e-04,-7.677794e-02,1.284029e-01,3.546590e+00
30,1.054199e-18,4.999646e-05,1.797092e-05,5.316830e-04,-1.962738e-02,1.245679e-01,1.064008e+00
31,6.974303e-17,4.254277e-05,2.115678e-05,5.332675e-04,-2.420615e-01,1.558298e+00,1.066511e+01
32,2.107659e-17,3.049729e-05,1.465354e-05,5.298581e-04,-4.313240e-01,5.820223e-01,8.178690e+00
33,4.813146e-17,4.454123e-05,3.647808e-06,5.432896e-04,-1.745871e-01,-1.131589e+00,1.295935e+01
34,1.453551e-17,3.866100e-05,1.446333e-05,5.373409e-04,9.722401e-01,7.470826e-01,8.692275e+00
35,5.254578e-18,4.073401e-05,1.640623e-05,5.444087e-04,-2.259813e-01,2.215753e-02,5.845947e+00
36,4.943655e-18,2.890401e-05,1.875238e-05,5.383944e-04,4.269594e-02,4.678857e-02,5.033698e+00
37,1.207368e-17,4.141324e-05,9.759564e-06,5.336595e-04,-2.020897e-01,-1.310901e+00,6.146162e+00
38,6.895292e-18,3.984492e-05,9.288683e-06,5.370908e-04,-2.818518e-01,-3.448381e-01,4.280399e+00
39,2.516582e-17,2.279178e-05,1.710885e-05,5.275648e-04,8.442984e-02,-3.595952e-01,8.027963e+00
40,1.313716e-16,4.537334e-05,-9.482748e-06,5.325093e-04,-1.296777e+00,-8.761833e-01,2.078108e+01
41,2.779591e-18,4.459851e-05,-1.333408e-05,5.433666e-04,-3.535778e+00,-1.456597e+00,3.016226e+01
42,1.806566e-17,4.197960e-05,-3.544802e-07,5.083230e-04,-1.657426e-01,1.161782e+00,2.747566e+00
43,1.600099e-17,4.534810e-05,-1.632548e-05,5.495120e-04,-3.505628e+00,-4.295294e+00,3.525667e+01
44,4.250436e-18,4.063874e-05,-1.093882e-05,5.248695e-04,2.231565e-01,-5.008128e-01,1.296369e+01
45,5.085225e-18,3.984284e-05,-9.265271e-06,5.416570e-04,-1.440991e-03,3.060495e-02,6.453442e+00
46,1.108078e-18,3.359204e-05,-1.797027e-05,5.460310e-04,-1.857128e-02,-3.320370e-02,2.179348e+00
47,4.653471e-18,2.624643e-05,8.593278e-06,5.028655e-04,-1.256681e+00,1.745051e-02,5.085771e+00
48,1.436046e-18,3.206671e-05,8.573267e-06,5.078734e-04,1.542208e-01,-7.718090e-01,3.506214e+00
49,3.242193e-18,5.000634e-05,1.719062e-05,5.144602e-04,4.752308e-03,1.963447e-02,2.337848e+00
50,1.749011e-18,3.822490e-05,3.851490e-06,5.239717e-04,-4.646806e-03,2.653909e-02,2.989739e-01
51,1.250949e-17,2.913078e-05,2.427869e-05,4.992083e-04,-2.045522e-02,-1.040632e-01,-2.165187e+00
52,1.707719e-16,1.326821e-05,8.851909e-06,5.267402e-04,-1.551563e+00,1.333349e-01,6.736492e+00
53,1.221155e-17,5.120547e-06,1.835069e-05,5.331701e-04,-2.333517e+00,-1.872126e+00,8.621314e+00
54,2.807637e-18,1.640310e-05,2.498713e-05,5.492830e-04,-4.159771e-02,5.386767e-02,9.756713e+00
55,3.137016e-18,2.188319e-05,2.341305e-06,5.365130e-04,-2.770694e-01,-1.010783e-02,3.697189e+00
56,1.614809e-18,1.640083e-05,2.499289e-05,5.316397e-04,1.959117e-01,3.733749e-02,4.147946e+00
57,3.121712e-18,3.128957e-06,1.561121e-06,5.289775e-04,-1.081184e-01,2.549152e-02,4.240874e-02
58,2.367050e-17,4.597300e-06,2.105918e-05,5.141664e-04,1.882256e+00,-1.664565e+00,4.341489e+00
59,4.965972e-17,1.528709e-05,2.766593e-05,5.217186e-04,-2.704635e-01,8.710581e-01,7.549606e+00
60,7.202896e-18,2.109286e-05,1.796943e-05,5.078732e-04,2.537971e-02,3.826543e-02,4.317854e+00
61,8.513749e-18,5.452758e-06,2.470195e-05,5.039029e-04,-2.948053e-02,4.874904e-02,3.489225e+00
62,1.594803e-17,9.405955e-06,1.350454e-05,5.043907e-04,-1.307494e+00,-3.062645e-01,3.145832e+00
63,5.238618e-18,2.266085e-05,1.016153e-05,5.194432e-04,8.089871e-01,4.483925e-01,5.276358e+00
64,9.516577e-18,2.201867e-05,2.421780e-05,5.218263e-04,-7.171201e-02,1.703301e-01,8.373536e+00
65,3.282358e-18,3.128916e-06,2.188836e-05,5.175217e-04,2.208631e+00,4.167856e-01,2.142052e+00
66,1.401469e-18,7.187188e-05,-1.251261e-05,5.286517e-04,-3.577753e-02,2.696596e-01,7.749009e+00
67,9.952110e-19,2.210964e-04,8.584601e-06,5.017115e-04,7.701201e-02,2.257801e-01,-5.251612e-01
68,1.343459e-18,1.992006e-04,1.640507e-05,4.946986e-04,-2.518940e-01,8.483962e-02,4.909704e+00
69,3.490464e-18,2.000010e-04,2.337079e-06,4.865066e-04,5.198429e-02,-1.052561e-01,5.314374e+00
70,1.687535e-17,2.010635e-04,2.423803e-05,4.883254e-04,-5.293965e-02,-3.752797e-02,-1.780823e+00
71,2.915390e-19,2.214847e-04,1.171921e-06,4.759811e-04,-7.308380e-01,-9.065753e-01,-2.036754e+00
72,3.432486e-18,2.257804e-04,7.808577e-06,4.818153e-04,3.653808e-01,4.434338e-01,2.444666e+00
73,6.306560e-18,2.263421e-04,2.342421e-06,4.835250e-04,-1.706437e+00,-2.184884e-01,1.482871e+00
74,7.506788e-19,2.077975e-04,5.078706e-06,4.892402e-04,-5.465203e-01,2.049652e+00,1.293695e+01
75,1.634282e-17,2.091984e-04,2.107494e-05,4.765335e-04,-2.938010e-01,-4.411470e-01,3.833538e+00
76,7.420511e-19,2.050812e-04,1.723196e-05,4.783049e-04,1.224501e-01,-1.293420e+00,5.821869e+00
77,2.898585e-18,2.140627e-04,1.565649e-05,4.881482e-04,-3.335709e-01,-4.858118e-01,7.413999e+00
78,3.729431e-19,2.050763e-04,1.757674e-05,4.759516e-04,-6.947675e-01,-2.141669e+00,3.114127e+00
79,2.786042e-18,2.140797e-04,1.568181e-05,4.849353e-04,1.313398e-01,-1.255775e+00,6.686826e+00
80,5.189202e-18,2.078076e-04,8.605690e-06,4.876745e-04,2.306995e-01,1.065474e+00,1.173025e+01
81,4.760954e-18,2.140609e-04,1.562797e-05,4.805873e-04,-1.358651e-02,-7.032119e-01,5.454123e+00
82,1.139086e-18,2.241912e-04,6.235735e-06,4.853316e-04,-2.865800e-01,-2.426316e-01,-3.449233e+00
83,2.657809e-18,2.062498e-04,2.460988e-05,4.830230e-04,1.226230e-02,1.091309e-02,-3.045880e+00
84,7.329361e-19,2.187362e-04,-1.132564e-05,4.743959e-04,-3.944625e-02,1.626145e+00,-4.392320e+00
85,5.612679e-19,2.082036e-04,2.070299e-05,4.708333e-04,5.650342e-01,3.524757e-01,-3.433288e+00
86,2.413390e-18,2.053552e-04,1.728379e-05,4.735925e-04,9.120145e-01,-1.347506e+00,1.399853e+00
87,1.207142e-17,1.982640e-04,-2.428960e-05,4.817558e-04,-8.692330e-01,1.312850e-01,-1.514069e+00
88,1.149016e-18,2.140627e-04,-7.034894e-06,4.908056e-04,1.647443e-02,1.013363e-01,-1.005298e+00
89,4.754242e-19,2.023420e-04,-1.757751e-05,4.978289e-04,3.813889e-01,-6.552986e-01,-3.728668e+00
90,2.124917e-18,2.148392e-04,-1.497007e-05,4.812190e-04,-1.416026e+00,-2.418283e-01,-2.449190e+00
91,3.949104e-18,2.055388e-04,-1.016109e-05,4.968296e-04,8.134715e-02,-3.274674e-01,9.490788e+00
92,1.160163e-17,2.076725e-04,-5.468535e-06,5.027803e-04,3.829191e-01,-2.117461e-01,7.559428e+00
93,1.321385e-18,2.070468e-04,-1.015329e-05,4.853374e-04,-2.210153e-02,-2.430127e-01,4.312447e-01
94,1.417257e-18,2.140612e-04,-7.037693e-06,4.830009e-04,-1.132742e-01,-2.454272e-01,-5.255505e+00
95,2.743745e-19,2.183560e-04,-1.289412e-05,4.782953e-04,2.603111e-01,8.386701e-01,1.111829e+00
96,3.193971e-18,2.195308e-04,-3.123205e-06,4.989514e-04,1.939167e-02,6.632337e-02,6.145736e+00
97,3.240163e-18,2.156212e-04,-1.640887e-05,4.849535e-04,-3.496962e-01,-2.860143e-01,-1.886526e+00
98,1.750576e-17,7.351432e-05,-4.428633e-06,4.831140e-04,-5.372515e-01,7.294772e-02,8.709970e+00
99,8.842950e-18,6.201359e-05,-8.599917e-06,4.859441e-04,9.831876e-01,-4.341514e-01,4.120442e+00
100,2.122740e-17,5.532011e-05,-7.421316e-06,5.012859e-04,-4.541138e-01,1.021671e-01,1.353128e+01
101,1.356839e-17,5.405475e-05,-3.713672e-06,5.010533e-04,-7.079303e-01,2.478587e-01,1.532863e+01
102,4.645838e-17,7.381164e-05,-2.386452e-05,4.950430e-04,-2.042548e-02,5.141006e-02,-1.423184e+00
103,3.172062e-17,6.063901e-05,-2.404061e-05,4.852194e-04,-6.923719e-03,-1.366442e-02,-1.397888e+00
104,1.604119e-17,5.625102e-05,-1.672662e-06,5.011695e-04,-1.639176e-01,2.881909e-02,8.831722e+00
105,2.103904e-18,7.273582e-05,-1.255736e-05,5.013415e-04,3.119877e-01,-3.536111e-01,7.416670e-01
106,2.415701e-19,5.117170e-05,5.080217e-06,4.892297e-04,-2.731746e-01,3.645697e-01,2.050700e+00
107,4.244493e-18,6.171893e-05,1.938031e-06,4.927200e-04,1.660534e-01,1.710602e-01,6.446523e+00
108,4.272334e-18,6.015672e-05,4.531223e-06,4.850038e-04,4.215244e-02,-2.489151e-01,5.759758e+00
109,5.886833e-18,7.187343e-05,1.360887e-05,5.027706e-04,-9.885599e-04,-2.580875e-01,7.628710e-01
110,2.793379e-18,8.983429e-05,-8.137018e-07,4.841442e-04,1.665417e-01,1.408895e-01,5.108280e+00
111,1.068763e-16,1.007041e-04,-2.211410e-06,4.880150e-04,-5.826722e-01,-1.297677e-01,3.956180e+00
112,3.151224e-18,8.984172e-05,-7.668324e-07,4.895856e-04,4.270064e-01,1.767455e+00,7.952008e+00
113,1.427844e-17,8.634390e-05,5.778559e-06,4.893443e-04,-8.453747e-01,-1.719548e-01,9.720907e+00
114,2.792759e-18,8.364422e-05,4.641477e-06,5.020743e-04,-2.650527e+00,2.307898e-02,1.217823e+01
115,3.966955e-18,9.425165e-05,2.379585e-07,4.888045e-04,1.271178e+00,-2.418438e+00,1.187787e+01
116,1.746973e-18,9.389409e-05,9.006181e-07,4.783402e-04,-3.448808e-02,2.381859e-01,-2.108199e+00
117,1.603720e-18,9.451938e-05,3.906330e-07,4.829826e-04,5.049541e-01,-6.018517e-01,5.861061e+00
118,2.469752e-18,7.655949e-05,2.460930e-05,4.799424e-04,-2.264282e-02,-1.878006e-02,-3.282739e+00
119,4.298002e-18,8.903053e-05,2.440434e-05,4.815713e-04,4.470191e-01,-8.450566e-02,-2.893065e+00
120,1.020194e-18,2.107429e-05,7.499629e-05,4.744072e-04,1.287445e-01,-1.128258e-01,-4.590730e+00
121,2.707256e-19,2.461039e-05,8.476567e-05,4.744204e-04,-8.439929e-02,-5.544828e-01,-4.969083e+00
122,2.116889e-18,1.720080e-05,9.675265e-05,4.765334e-04,1.762075e-01,5.035585e-01,-5.799847e-01
123,5.525631e-19,-5.860086e-06,1.113288e-04,4.755928e-04,-2.994945e+00,6.408439e-01,-1.999297e+00
124,1.103683e-18,2.014884e-05,1.099888e-04,4.751684e-04,-1.191112e-01,5.929220e-02,-1.434066e+00
125,3.855728e-19,6.642526e-06,1.074211e-04,4.767514e-04,-1.966719e+00,3.773519e-01,3.169274e+00
126,1.957238e-17,1.571825e-05,5.467275e-05,4.757220e-04,1.455809e+00,-1.376621e+00,2.044021e-01
127,6.740280e-19,8.204051e-06,5.039186e-05,4.677183e-04,3.634267e+00,8.133815e-01,-5.458914e+00
128,3.497138e-19,6.640936e-06,4.960774e-05,4.658192e-04,-1.865828e+00,-2.344350e+00,-1.066480e+01
129,1.002254e-18,7.421914e-06,5.014852e-05,4.662657e-04,9.429535e-01,8.875808e-02,-9.329365e+00
130,5.501617e-19,1.679523e-05,5.469530e-05,4.720710e-04,-2.810495e-01,1.254254e+00,-2.579392e+00
131,8.095948e-18,1.149112e-04,-5.399217e-06,5.000551e-04,5.339141e-03,-4.296163e-01,1.942179e+01
132,8.740463e-18,1.031268e-04,-3.113231e-06,5.005375e-04,-7.203990e-02,1.729794e+00,7.277225e+00
133,2.788019e-17,1.264628e-04,-8.383697e-06,5.224003e-04,-5.729771e+00,-3.317287e-01,1.345675e+01
134,2.561357e-18,1.148592e-04,-7.112507e-06,5.052964e-04,2.391534e+00,-4.069115e+00,2.247053e+01
135,4.846499e-17,1.106002e-04,-1.205383e-05,5.149492e-04,-8.194201e-01,-3.473391e-01,4.697711e+00
136,2.902333e-18,1.054638e-04,-7.032127e-06,5.059474e-04,7.478728e-02,-7.688417e-02,4.850325e+00
137,1.618850e-17,9.812752e-05,-1.799450e-05,5.239897e-04,3.337346e-02,3.285464e-01,3.120336e+00
138,3.124198e-18,1.148469e-04,-1.797436e-05,5.175754e-04,7.354157e-03,-2.447486e-01,4.476871e+00
139,3.432365e-18,1.124996e-04,3.202558e-10,5.312493e-04,7.572637e-03,-2.748094e-02,6.488851e+00
140,4.473638e-18,1.098223e-04,-1.796826e-05,5.479002e-04,-4.081951e-01,-3.090127e-02,6.496606e+00
141,2.658875e-18,1.187481e-04,-1.874634e-05,5.478447e-04,-5.465620e-03,8.973714e-03,4.680230e+00
142,1.811787e-17,1.209855e-04,1.983123e-05,5.065898e-04,6.604266e-01,1.964582e-01,3.393947e+01
143,1.090292e-18,1.046805e-04,1.561966e-05,5.017049e-04,5.864521e-02,3.393447e-01,6.313901e+00
144,6.203181e-18,1.148220e-04,7.947503e-06,5.012060e-04,1.015286e-01,2.921506e-01,1.028310e+01
145,1.810855e-17,1.045694e-04,1.247811e-05,5.077949e-04,-9.582260e-02,-1.632183e+00,9.883877e+00
146,2.265345e-18,1.069803e-04,8.639140e-06,5.169058e-04,9.183754e-02,-1.071922e-02,4.344821e+00
147,4.817882e-18,1.203325e-04,1.882663e-05,5.011255e-04,-4.430164e-02,-1.469350e+00,3.053416e+01
148,3.186228e-18,1.008035e-04,8.607569e-06,5.206046e-04,6.563156e-01,1.100883e-01,7.177649e+00
149,8.564782e-18,1.156768e-04,1.824068e-05,5.110684e-04,1.524404e-01,-1.100893e+00,3.658301e+00
150,1.414576e-18,1.187556e-04,2.187530e-05,5.445838e-04,4.189329e-01,3.116879e-03,1.525620e+00
151,2.711754e-17,1.198086e-04,1.519548e-05,4.980877e-04,-6.493211e-01,3.009042e-01,1.595614e+01
152,4.722441e-18,1.046857e-04,1.484984e-05,4.914588e-04,-4.742058e-02,1.810728e-01,5.231171e+00
153,2.840037e-18,1.148443e-04,8.600360e-06,4.934806e-04,-3.122672e-01,-2.282137e-01,6.027393e+00
154,4.323587e-18,1.195582e-04,1.845837e-06,4.810877e-04,2.390749e+00,2.559582e-01,5.460513e+00
155,2.802278e-18,1.195454e-04,1.886325e-05,4.976513e-04,-1.031056e+00,9.442190e-02,2.786099e+01
156,8.828735e-19,1.204728e-04,1.496894e-05,4.939224e-04,4.428274e-01,8.998015e-01,1.574532e+01
157,5.785091e-19,1.203446e-04,1.523754e-05,4.907965e-04,1.859530e+00,-1.504182e+00,1.111145e+01
158,4.815725e-19,1.183595e-04,4.297937e-06,4.787027e-04,-9.979925e-01,-1.071014e+00,3.019232e+00
159,1.437572e-18,1.180068e-04,5.232096e-07,4.842167e-04,3.823362e-01,-2.221530e-01,8.300370e+00
160,2.506093e-19,1.207052e-04,1.367189e-05,4.767363e-04,-5.314141e-01,2.804084e-02,2.852710e+00
161,1.313991e-18,1.086355e-04,2.380167e-06,4.861242e-04,4.189306e-01,1.809795e+00,1.362681e+00
162,1.181621e-18,-1.171716e-05,-1.710846e-04,5.301553e-04,-4.821494e-01,-5.238462e-02,5.651782e+00
163,7.953762e-18,-7.848450e-06,-1.712518e-04,5.328092e-04,-3.364485e-01,-6.305592e-02,8.377832e+00
164,8.925183e-18,-9.605953e-06,-1.648440e-04,5.447641e-04,-9.965718e-01,2.701066e-02,5.484983e+00
165,4.183032e-18,-1.093258e-05,-1.601542e-04,5.466898e-04,-1.314808e-01,1.058599e-01,3.525165e+00
166,4.175793e-18,-1.173311e-05,-1.742579e-04,5.339469e-04,-1.098213e-01,-6.761199e-01,4.384041e+00
167,1.316854e-18,8.111022e-07,-1.734298e-04,5.383649e-04,-1.098681e-01,-3.238034e-01,2.210546e+00
168,7.518466e-19,6.410300e-07,-1.649784e-04,5.406163e-04,-1.012239e-01,2.306781e-01,-4.760817e-01
169,2.470870e-19,-1.367367e-05,-1.535121e-04,5.009467e-04,5.481479e-01,1.077111e+00,6.962461e+00
170,4.970249e-18,-1.561167e-06,-1.718747e-04,5.017706e-04,-1.050578e-01,-6.495711e-02,2.419572e+00
171,3.154373e-18,-3.122295e-06,-1.843848e-04,5.006132e-04,-9.985882e-02,-1.049295e+00,6.534388e+00
172,2.177325e-17,1.519464e-05,-1.651161e-04,4.997195e-04,-6.427057e-01,-2.014254e+00,1.013217e+01
173,1.266182e-18,8.603757e-06,-1.663978e-04,5.171715e-04,-2.193176e-01,-8.676189e-02,2.146820e+00
174,3.467403e-18,1.016572e-05,-1.640604e-04,5.121785e-04,4.957581e-02,1.394278e-01,-9.019251e-01
175,1.554106e-16,2.524712e-06,-1.993937e-04,4.950830e-04,1.754894e+00,9.976095e-01,1.147342e+01
176,8.050623e-18,5.243331e-06,-1.843532e-04,5.210661e-04,-7.009240e-01,2.638311e-01,9.658955e+00
177,1.461077e-17,3.104230e-06,-1.916798e-04,5.183880e-04,7.968572e-01,-1.680888e+00,1.008101e+01
178,1.825144e-18,6.395586e-06,-1.845151e-04,5.252936e-04,6.522537e-01,-5.233212e-01,7.797181e+00
179,2.524250e-17,2.110273e-05,-1.874265e-04,5.151808e-04,-3.464444e-01,1.162646e+00,4.271956e+00
180,2.868758e-18,1.171245e-05,-1.874985e-04,5.176659e-04,-4.476440e-02,8.102269e-02,3.293102e+00
181,4.821260e-18,1.405565e-05,-1.945287e-04,5.140335e-04,-2.898473e-01,6.483738e-02,-1.156708e+00
182,4.166325e-18,-2.320873e-06,-6.014946e-05,5.286125e-04,1.138253e+00,-1.239958e+00,4.747956e+00
183,4.019131e-17,2.751089e-06,-7.711076e-05,5.050846e-04,-2.063525e-01,-3.877507e+00,2.132368e+01
184,4.015918e-17,1.462528e-05,-6.858665e-05,5.212041e-04,1.040418e+00,-1.514311e+00,1.362414e+01
185,2.851798e-18,1.094233e-05,-6.093259e-05,5.058761e-04,4.873517e-01,7.557547e-01,9.528880e+00
186,1.310789e-17,1.759789e-05,-6.875794e-05,5.098365e-04,-2.235123e-02,5.805641e-02,5.186529e+00
187,2.871495e-18,-7.740084e-07,-5.312469e-05,5.121473e-04,3.295960e-01,-2.729249e-04,6.950059e+00
188,5.964652e-18,1.238052e-05,-6.015343e-05,5.134334e-04,-2.470122e-01,-3.344979e-02,9.733902e+00
189,3.376767e-17,1.163552e-05,-5.460031e-05,5.217776e-04,-2.262991e-01,1.018902e+00,8.186355e+00
190,8.689586e-18,1.707325e-05,-5.274165e-05,5.039899e-04,1.669689e-01,3.106547e+00,6.547525e+00
191,7.045061e-19,1.322095e-05,-6.210887e-05,5.148889e-04,5.699671e-01,1.739174e+00,1.223505e+01
192,3.005791e-17,8.884019e-06,-6.427550e-05,5.090069e-04,3.480736e-01,2.020536e-01,4.732696e+00
193,2.633409e-18,6.253749e-06,-5.703400e-05,5.175834e-04,1.536693e-01,7.373565e-02,6.088700e+00
194,3.843478e-18,1.400270e-05,-7.138494e-05,5.020514e-04,-7.656743e-01,1.142359e+00,1.477515e+00
195,4.912979e-18,-7.780089e-07,-5.312514e-05,5.086941e-04,-1.159997e-01,-3.440722e-02,6.388466e+00
196,5.558821e-19,1.991750e-05,-6.561983e-05,5.055717e-04,-1.499113e+00,-5.140895e-01,-9.329019e-01
197,2.551824e-16,-1.436572e-05,-4.337145e-05,5.424585e-04,-6.318007e-01,9.801675e-01,1.009066e+01
198,2.999348e-17,-1.693640e-05,-5.029753e-05,4.995649e-04,-3.170676e-01,1.771226e+00,6.870071e+00
199,1.523527e-16,-4.440070e-06,-5.050658e-05,4.983292e-04,3.041524e-01,-8.370144e-01,6.856823e+00
200,5.133447e-17,-6.124837e-06,-5.423856e-05,5.074454e-04,6.897459e-01,1.301935e+00,8.033616e+00
201,3.618714e-17,-1.693279e-05,-7.287716e-05,5.087772e-04,-2.145530e+00,-2.436741e+00,1.659281e+01
202,5.165981e-18,-1.326026e-05,-6.387778e-05,5.132272e-04,1.206339e+00,2.992930e+00,3.423438e+00
203,2.760543e-18,-1.171572e-05,-6.955654e-05,5.067600e-04,-8.693770e-01,2.007096e-01,7.873943e+00
204,1.245606e-18,-1.091958e-05,-5.470052e-05,5.055689e-04,-1.195830e-01,-9.948823e-02,5.146186e+00
205,3.853868e-18,-3.195205e-06,-6.328279e-05,5.065042e-04,-7.482627e-01,-2.384718e-03,5.350039e+00
206,4.524073e-18,-2.184556e-05,-5.311672e-05,5.094188e-04,1.667744e-01,-1.116889e-01,1.399024e+00
207,1.375865e-18,-1.172321e-05,-6.054363e-05,5.206797e-04,-9.477393e-01,5.325532e+00,1.347150e+01
208,4.408853e-17,-7.817653e-06,-3.749672e-05,5.312706e-04,-4.088530e-01,-1.982270e-01,4.267693e+00
209,3.664995e-17,-1.421775e-05,-3.077626e-05,5.470867e-04,-4.065977e-02,1.569396e-01,1.050301e+01
210,1.556278e-16,-7.529112e-06,-3.778846e-05,5.315334e-04,-2.324120e-01,-1.021188e-01,4.132102e+00
211,1.843438e-16,-1.409747e-05,-3.096309e-05,5.468107e-04,-4.317442e-02,1.964682e-01,1.023480e+01
212,4.195628e-18,-6.252107e-06,-2.655996e-05,5.444673e-04,1.496292e-01,-8.389904e-02,5.670848e+00
213,1.504879e-17,-6.252671e-06,-4.140365e-05,5.105983e-04,-7.594512e-01,7.775795e-01,4.372235e+00
214,9.260850e-17,-6.047575e-06,-4.141152e-05,5.110296e-04,-4.956387e-01,5.962157e-01,4.237995e+00
215,6.075744e-18,-1.929920e-05,-4.048075e-05,5.013984e-04,-3.022458e-01,-2.640884e+00,4.230561e+00
216,3.791696e-17,-1.545815e-05,-2.791323e-05,5.100684e-04,6.065346e-01,-7.797305e-01,4.944831e+00
217,4.500531e-18,-1.242342e-05,-4.300696e-05,5.197537e-04,-7.296338e-01,8.488745e-01,7.754037e+00
218,1.420169e-18,-1.562316e-05,-2.967715e-05,5.171352e-04,-5.314507e-01,4.670951e-02,5.110039e+00
219,4.790117e-18,-1.241627e-05,-4.218246e-05,5.044041e-04,-2.305173e-01,4.994227e-01,5.906848e+00
220,5.294140e-18,-5.467770e-06,-3.576120e-05,5.012617e-04,-3.590924e-02,4.930957e-01,-2.677398e-01
221,3.319018e-17,1.477388e-04,-5.230723e-06,5.049512e-04,1.769856e+00,3.204826e+00,1.008250e+01
222,7.384648e-18,1.414068e-04,-6.251236e-06,5.267822e-04,1.463164e+00,3.743879e-01,1.360545e+01
223,7.563960e-17,1.415164e-04,-5.928983e-06,5.268670e-04,1.404181e+00,3.610809e-01,1.332515e+01
224,5.640870e-18,1.432409e-04,-1.014434e-05,5.003564e-04,1.316478e-01,-1.264781e+00,8.898289e+00
225,6.770934e-17,1.348071e-04,-9.543738e-07,5.137533e-04,7.809502e-01,-7.944879e-01,7.953213e+00
226,2.078536e-16,1.347998e-04,-1.022187e-06,5.136628e-04,7.847267e-01,-7.885718e-01,7.754826e+00
227,6.440928e-18,1.352916e-04,-9.673890e-06,5.147202e-04,-7.934411e-01,6.819876e-01,1.047412e+01
228,7.396440e-18,1.410103e-04,-3.594513e-06,5.151283e-04,-4.060833e-01,-1.230413e-01,1.402723e+01
229,5.024155e-18,1.414287e-04,-7.976692e-07,5.034441e-04,8.839595e-02,-8.244802e-02,8.397023e+00
230,1.335905e-17,1.301016e-04,-8.712277e-06,5.034380e-04,-4.022749e-01,-3.368431e-01,6.472642e+00
231,5.969823e-17,1.467964e-04,-3.404057e-06,5.223574e-04,5.917468e-01,7.419981e-01,1.144494e+01
232,5.913295e-18,1.414476e-04,-7.623979e-07,5.135651e-04,2.139300e-01,-2.913927e-01,1.059296e+01
233,6.265726e-19,1.453343e-04,-3.517618e-06,5.163676e-04,2.566059e-01,-4.097948e-01,1.211799e+01
234,1.299660e-17,1.492355e-04,-1.592825e-05,5.202586e-04,-7.019634e-01,2.549286e-01,4.813187e+00
235,1.392878e-18,1.343744e-04,-7.824146e-07,5.040253e-04,-3.527283e-02,-5.033242e-03,3.784561e+00
236,3.347566e-18,1.452879e-04,-6.093840e-06,5.175752e-04,2.133554e-01,2.938063e+00,9.102757e+00
237,2.655139e-16,1.518239e-04,-1.039399e-05,5.284972e-04,-3.148130e-01,-2.513011e-01,6.224257e+00
238,2.051937e-17,1.512690e-04,-3.196151e-06,4.915696e-04,-1.885168e-01,1.081239e+00,7.549370e+00
239,1.810976e-17,1.509288e-04,-2.229410e-06,4.969337e-04,5.020941e-01,-2.170560e+00,9.370175e+00
240,1.607713e-18,1.342935e-04,-6.855665e-07,4.758534e-04,-5.127204e-02,3.131727e-02,-9.558562e-01
241,3.635341e-18,1.413961e-04,-5.846599e-06,4.853253e-04,2.413744e-01,1.405064e+00,3.826497e+00
242,3.254905e-17,1.396081e-04,-1.597448e-05,4.857328e-04,9.823592e-01,9.686411e-01,4.873910e+00
243,2.489945e-17,1.407649e-04,-1.033617e-05,4.889697e-04,-1.731388e+00,2.410588e+00,7.058275e+00
244,4.968607e-17,1.426173e-04,-1.301149e-06,4.801886e-04,-6.092103e-01,4.544036e-01,-1.829230e+00
245,4.576154e-17,1.297117e-04,-4.311354e-06,4.853835e-04,1.091512e+00,-1.644763e-01,2.377985e+00
246,3.086478e-18,1.414219e-04,-1.015120e-05,4.943348e-04,4.467777e-01,-1.718226e+00,7.285950e+00
247,5.296458e-18,1.453099e-04,-7.812626e-06,4.938784e-04,3.295980e-01,3.197570e-03,6.963316e+00
248,3.251679e-17,1.355189e-04,-2.256567e-06,4.820230e-04,-1.789113e+00,1.704819e+00,1.720736e+00
249,1.041296e-18,1.427886e-04,-9.997442e-06,4.822106e-04,1.146781e+00,-1.149186e+00,5.645176e+00
250,1.128898e-18,1.460677e-04,-7.807190e-06,4.806583e-04,-6.596586e-01,3.614022e-01,1.221382e+00
251,5.925146e-18,1.336075e-04,-7.047418e-06,4.880764e-04,-2.913964e-02,3.957582e-02,1.362006e+00
252,1.351969e-18,1.343540e-04,-8.322731e-07,4.962565e-04,1.133763e-01,7.399276e-03,3.286419e+00
253,1.231055e-18,1.444960e-04,-2.366747e-06,4.947002e-04,-1.668964e-01,4.967083e-02,3.375847e+00
254,2.242124e-18,1.493112e-04,-4.716141e-06,4.882589e-04,-5.180898e-01,-3.105951e-02,8.029462e+00
255,7.877892e-19,1.412688e-04,-6.453394e-07,4.985973e-04,1.825050e-01,-1.984322e-01,5.259176e+00
256,5.093340e-18,1.343705e-04,-7.879611e-07,4.915613e-04,-7.278509e-03,-2.153369e-01,2.752533e+00
257,4.628422e-18,1.343409e-04,-7.468447e-07,4.854595e-04,-8.892732e-03,4.578900e-03,-9.905721e-01
258,2.948403e-18,1.320309e-04,-2.444502e-05,4.963029e-04,-3.101985e-03,-1.984307e-02,-2.657450e+00
259,1.526640e-18,1.350419e-04,-7.129397e-06,4.820862e-04,6.908311e-01,-6.207867e-01,-1.127188e+00
260,1.130950e-17,1.359375e-04,-2.425979e-05,4.807412e-04,3.207520e-03,2.089584e-02,-1.778072e+00
261,1.386979e-18,1.320294e-04,-2.460917e-05,4.897332e-04,-3.097873e-02,5.671968e-02,-3.959591e+00
262,1.585484e-17,1.366874e-04,1.804259e-06,4.937720e-04,2.217773e-02,-1.830044e+00,2.538415e+00
263,5.434764e-17,1.423592e-04,-8.672994e-06,5.340995e-04,-6.999133e-01,7.407948e-01,3.558115e+00
264,1.409064e-16,1.309648e-04,3.937260e-07,5.481877e-04,1.018605e-01,1.419875e+00,9.771584e+00
265,1.365982e-18,1.382713e-04,-1.250494e-05,5.332119e-04,-2.844382e-01,-2.637855e-02,3.690292e+00
266,2.549351e-18,1.421876e-04,-8.592567e-06,5.455442e-04,5.058592e-03,-2.385035e-02,1.415483e+00
267,1.217680e-18,1.280597e-04,-1.476466e-05,5.473325e-04,1.240125e-01,-1.832682e-01,-2.194344e+00
268,4.603580e-17,1.679004e-04,-8.104581e-06,5.215633e-04,-2.788436e-01,-2.451085e+00,1.130502e+01
269,6.094234e-17,1.726878e-04,-1.211033e-05,5.036928e-04,1.880541e+00,-5.801642e-02,4.282883e+00
270,3.027570e-18,1.640417e-04,-1.561820e-05,5.153226e-04,-2.257840e-01,-5.150811e-01,1.231813e+01
271,4.170443e-18,1.710930e-04,-1.401416e-05,5.130500e-04,2.015571e-01,5.393079e-01,3.356992e+00
272,2.819581e-19,1.636702e-04,-1.523090e-05,5.086850e-04,-5.312111e-01,2.124966e-01,8.470729e+00
273,1.760108e-17,1.564027e-04,-3.288503e-06,5.111704e-04,-9.390329e-01,-1.085649e+00,3.080751e+00
274,3.547754e-18,1.679686e-04,-4.114895e-06,5.114764e-04,-2.575524e-02,-1.494207e+00,8.366400e+00
275,2.972605e-18,1.632458e-04,-1.560630e-05,5.268018e-04,1.709951e-01,-4.188523e-01,1.649651e+01
276,1.608872e-18,1.609372e-04,-4.684167e-06,5.225426e-04,2.789933e-02,-8.948504e-02,5.503420e+00
277,5.070316e-18,1.679682e-04,-2.343199e-06,5.263591e-04,3.206248e-02,6.057379e-02,9.175727e+00
278,1.491625e-16,1.662970e-04,-1.227602e-06,5.336085e-04,-4.881832e-01,-8.872829e-04,7.617026e+00
279,3.484998e-16,1.633937e-04,-1.571754e-05,5.435305e-04,-3.961287e-01,-6.240482e-01,7.188154e+00
280,4.797509e-18,1.632780e-04,-1.594154e-05,5.335606e-04,-3.874026e-01,3.767783e-01,1.848953e+01
281,1.149348e-17,1.591935e-04,-6.910175e-06,5.437132e-04,-3.147850e+00,-1.102408e+00,5.129966e+00
282,2.832009e-18,1.710902e-04,-1.405254e-05,5.290848e-04,-7.703678e-02,2.700105e-01,4.589935e+00
283,2.195923e-18,1.609441e-04,-4.692630e-06,5.372348e-04,1.184569e-01,-5.688609e-02,6.951654e+00
284,1.911250e-18,1.663082e-04,-7.029740e-06,5.389905e-04,-2.033667e-01,-4.605308e-02,6.753864e+00
285,1.351118e-18,1.710924e-04,-1.406677e-05,5.346723e-04,8.283159e-02,-1.936911e-03,3.666215e+00
286,2.380161e-18,1.539012e-04,-9.379595e-06,5.373532e-04,4.450476e-01,6.743841e-02,1.916150e+00
287,2.734109e-18,1.664477e-04,-7.128080e-06,5.343806e-04,1.075344e-01,-6.452406e-01,5.918968e+00
288,7.101787e-17,-8.027439e-06,-1.430985e-04,5.174717e-04,1.783464e+00,-1.095849e+00,1.124905e+01
289,3.647596e-18,2.347349e-06,-1.257790e-04,5.372530e-04,-1.181448e+00,1.955902e-01,1.255150e+01
290,5.778838e-17,2.610744e-06,-1.249290e-04,5.368994e-04,-5.824854e-01,4.079625e-02,1.216914e+01
291,2.605707e-18,-1.288811e-05,-1.257721e-04,5.363140e-04,-4.353384e+00,-1.450331e+00,2.017654e+01
292,6.477315e-17,-1.503597e-05,-1.267063e-04,5.303433e-04,-2.101317e-01,1.028666e+00,9.274799e+00
293,4.895143e-18,-3.898140e-06,-1.257849e-04,5.293985e-04,1.909359e-01,-1.212004e-01,1.911886e+01
294,3.061574e-18,-7.821635e-06,-1.304722e-04,5.290545e-04,-8.072015e-02,7.101129e-02,7.879913e+00
295,1.638400e-17,-3.394992e-06,-1.304474e-04,5.458124e-04,9.248874e-01,-1.237438e-01,8.562818e+00
296,5.805820e-18,7.032594e-06,-1.257829e-04,5.275271e-04,1.042218e-01,3.068181e-02,1.248255e+01
297,2.255953e-17,-2.285818e-06,-1.380076e-04,5.478341e-04,2.878592e-01,-4.427867e-01,8.350594e+00
298,6.322063e-18,2.344320e-06,-1.336144e-04,5.308635e-04,7.554100e-02,5.751560e-01,4.057621e+00
299,3.541754e-18,-7.805410e-06,-1.250048e-04,5.267412e-04,4.889295e-01,1.210054e+00,6.765259e+00
300,3.854735e-18,7.874691e-07,-1.313938e-04,5.485669e-04,9.268064e-02,1.387609e+00,4.644178e+00
301,4.611438e-18,3.124799e-06,-1.414048e-04,5.443974e-04,2.251861e-01,9.069519e-02,5.106472e+00
302,2.825676e-17,-1.631016e-05,-1.422202e-04,5.440409e-04,4.174600e-01,1.531920e-01,7.703454e+00
303,5.435328e-18,-1.547971e-05,-1.335779e-04,5.310746e-04,-4.844894e-01,1.392550e-02,4.982540e+00
304,4.990646e-17,2.488156e-06,-1.412542e-04,5.138499e-04,-1.175842e-01,2.337803e-01,6.884574e+00
305,4.221454e-18,8.395647e-06,-1.390647e-04,5.064958e-04,-9.454841e-01,3.192351e-02,2.438367e+00
306,4.459102e-17,1.738004e-05,-1.419162e-04,5.132186e-04,1.152500e+00,5.508140e-01,1.926093e+00
307,1.104816e-17,7.619649e-06,-1.257823e-04,5.043781e-04,-3.803812e-01,4.216193e-02,6.385698e+00
308,5.049962e-17,-1.387178e-05,-1.257983e-04,5.228878e-04,-3.060495e+00,4.216229e-01,1.406733e+01
309,1.899934e-17,-1.340696e-05,-1.458902e-04,5.197723e-04,1.053923e+00,-7.166860e-01,1.603195e+01
310,1.066038e-17,-3.901176e-06,-1.265072e-04,5.121683e-04,-1.773666e-02,1.997344e-01,1.323630e+01
311,3.699366e-18,-1.331432e-05,-1.280890e-04,5.099140e-04,-1.013522e+00,6.051446e-01,5.871025e+00
312,3.558420e-18,-3.124245e-06,-1.265642e-04,5.059522e-04,-6.198969e-02,-2.528997e-01,1.095059e+01
313,6.244407e-18,-1.642471e-05,-1.421950e-04,5.213661e-04,-2.428716e-01,-4.572687e-02,5.732219e+00
314,2.325427e-18,-2.338918e-06,-1.335983e-04,5.205944e-04,-1.015291e-01,1.043542e-01,3.274651e+00
315,3.075036e-18,-3.905504e-06,-1.351565e-04,5.144662e-04,3.679294e-03,2.293639e-02,4.112981e+00
316,1.280887e-17,-1.154562e-06,-1.402113e-04,5.226497e-04,1.014469e+00,4.900271e-01,1.567271e+00
317,7.344537e-18,1.172218e-05,-1.765614e-04,5.463458e-04,-5.764035e-01,1.071895e-01,9.454019e+00
318,1.291557e-16,1.071947e-05,-1.760877e-04,5.473922e-04,-7.662221e-01,-1.388730e-01,9.743853e+00
319,4.109268e-18,1.015891e-05,-1.562507e-04,5.376208e-04,-1.991192e-03,3.075251e-02,5.011370e+00
320,1.887868e-17,1.287413e-05,-1.655077e-04,5.300684e-04,1.577580e+00,-6.150894e-01,5.812881e+00
321,1.242182e-18,3.903860e-06,-1.679652e-04,5.331479e-04,-7.898684e-02,1.527356e-01,3.457643e+00
322,3.367098e-18,9.375577e-06,-1.562487e-04,5.463328e-04,-6.604067e-02,-6.083024e-02,6.249830e+00
323,1.477283e-18,1.563001e-05,-1.718750e-04,5.347060e-04,-1.230495e-01,9.529847e-02,3.918885e+00
324,3.066169e-18,1.327844e-05,-1.554692e-04,5.429831e-04,1.928120e-02,2.857472e-02,2.123322e+00
325,4.951046e-17,3.331052e-06,-1.277925e-04,4.951798e-04,4.260222e-01,1.032945e-01,5.049745e+00
326,8.847143e-17,2.363010e-05,-1.383003e-04,4.910237e-04,-1.370787e-02,-1.056297e-02,-7.733138e-01
327,7.606277e-18,1.718484e-05,-1.351560e-04,4.849438e-04,1.454914e+00,-6.044666e-01,8.264238e-01
328,7.181839e-17,1.692100e-05,-1.354724e-04,4.849558e-04,1.410218e+00,-5.779281e-01,7.226651e-01
329,2.671479e-18,-9.378072e-06,-1.502341e-04,4.852963e-04,3.437369e-01,8.230484e-01,3.777875e+00
330,2.961748e-17,1.056636e-05,-1.509717e-04,4.821321e-04,-3.043164e-01,-2.417723e-01,-6.400503e-01
331,7.620755e-18,-1.487196e-05,-1.472177e-04,4.864224e-04,9.535357e-01,6.668894e-01,9.501238e+00
332,4.017549e-19,-1.211199e-05,-1.472631e-04,4.814144e-04,2.560105e+00,-3.356961e-02,4.999857e+00
333,1.483335e-18,7.821330e-06,-1.257666e-04,4.970315e-04,3.562298e-02,-2.185326e-01,4.467089e+00
334,2.838593e-18,7.815225e-06,-1.257774e-04,4.840712e-04,1.165435e-02,9.502758e-02,8.295919e-01
335,2.469170e-17,2.418514e-06,-1.468984e-04,4.915030e-04,4.575834e-01,-4.808147e-01,4.280757e+00
336,3.323031e-17,6.365506e-06,-1.381443e-04,4.810954e-04,-1.710638e-02,-1.749570e-01,-4.645233e-01
337,2.240842e-18,2.165119e-06,-1.412893e-04,4.825793e-04,5.184189e-01,4.562130e-01,-8.538342e-02
338,2.453673e-19,2.735024e-06,-1.269529e-04,4.798803e-04,3.705889e-02,1.097804e-01,-2.014443e-01
339,1.498189e-18,2.345231e-06,-1.414018e-04,4.946996e-04,2.840788e-01,1.341686e-01,3.585327e+00
340,1.316029e-17,7.510266e-06,-1.383159e-04,4.907353e-04,-7.932204e-01,6.911787e-03,7.386337e-01
341,7.224907e-19,3.456091e-08,-1.332031e-04,4.806616e-04,-1.853489e+00,-9.202911e-01,-5.201602e-01
342,9.109138e-18,1.728346e-05,-1.266195e-04,4.973121e-04,-3.914258e-02,1.363115e+00,4.315530e-01
343,1.537637e-18,7.812836e-06,-1.304722e-04,4.931408e-04,2.311686e-02,-6.809212e-01,-1.666321e+00
344,1.017036e-17,2.429930e-05,-1.398572e-04,4.980323e-04,-5.453371e-02,-3.184086e-03,-1.886064e+00
345,3.852065e-17,-9.895844e-06,-1.425795e-04,4.805122e-04,2.417500e+00,-5.404927e-01,2.108101e+00
346,1.801732e-16,-9.216947e-06,-1.547361e-04,4.958279e-04,-1.269527e+00,-3.791970e-02,9.645678e+00
347,1.327803e-16,-4.169487e-06,-1.306074e-04,4.867860e-04,4.814041e-01,5.352204e-01,2.268386e+00
348,3.229182e-18,-1.327462e-05,-1.281257e-04,4.965845e-04,-4.011311e-01,4.728537e-01,2.352727e+00
349,1.722539e-17,-5.723086e-06,-1.257700e-04,4.832456e-04,-6.161266e-01,-1.470748e+00,2.474641e+00
350,1.643292e-18,-9.379361e-06,-1.351527e-04,4.829961e-04,-3.698183e-02,-1.553283e+00,3.033172e+00
351,3.658500e-18,-1.337467e-05,-1.414297e-04,4.917749e-04,-4.631329e-01,-5.300478e-01,3.441372e+00
352,1.114206e-17,-9.374670e-06,-1.393982e-04,4.902964e-04,-1.511307e-01,-1.075790e-01,3.116345e+00
353,2.241104e-17,-3.981663e-06,-1.483620e-04,4.902731e-04,-6.197644e-01,-4.159267e-01,1.874221e+00
354,1.373375e-17,-1.247913e-05,-1.503448e-04,4.873736e-04,3.406831e-01,6.833107e-01,7.688414e+00
355,1.871198e-18,-1.646257e-05,-1.500913e-04,4.971543e-04,-1.610065e+00,-6.046834e-01,1.847035e+01
356,1.421063e-18,-1.646343e-05,-1.492587e-04,4.931328e-04,4.793192e-01,1.586186e+00,1.394668e+01
357,5.674360e-18,-2.439125e-05,-1.430118e-04,4.863173e-04,-9.485361e-02,1.871723e-02,-2.064503e+00
358,2.790924e-19,-1.836313e-05,-7.929716e-05,4.759610e-04,4.632914e-01,4.874683e-01,2.769455e+00
359,4.618963e-17,-1.936136e-07,-8.198072e-05,4.888447e-04,-2.990752e+00,-1.004652e+00,4.273175e+00
360,2.018289e-17,-7.399847e-06,-1.013831e-04,4.862042e-04,-1.988747e+00,1.885655e-01,1.299574e+01
361,1.829364e-17,-1.948368e-05,-8.192221e-05,4.807795e-04,1.823186e-01,2.129692e+00,4.055143e+00
362,2.370551e-17,-1.774884e-05,-7.771143e-05,4.809433e-04,1.408029e-01,3.394525e-01,5.213609e+00
363,7.295030e-18,-2.340841e-06,-9.687517e-05,4.909891e-04,-4.931853e-01,1.577773e-01,1.110046e+01
364,1.149439e-16,-1.293313e-05,-9.007925e-05,4.966844e-04,2.459656e-01,1.125054e+00,4.667025e+00
365,1.228801e-16,-9.842624e-06,-7.889846e-05,4.934758e-04,-1.436148e+00,1.882541e-01,5.456191e+00
366,4.920869e-18,-2.401259e-06,-9.931968e-05,5.010348e-04,7.757874e-01,-1.455708e+00,1.956446e+01
367,1.190168e-17,-1.723510e-05,-8.354280e-05,4.876377e-04,1.375079e+00,-1.981724e-01,5.661154e+00
368,2.386033e-17,-7.396842e-06,-8.740870e-05,4.817402e-04,2.956076e+00,-3.174317e-02,1.359757e+00
369,5.204481e-18,-1.096075e-05,-9.509334e-05,4.889995e-04,-1.708083e-01,-2.095907e-01,1.749011e+00
370,1.552427e-18,-9.364107e-06,-8.123736e-05,4.837753e-04,1.991200e-02,4.109605e-01,2.963432e+00
371,6.031338e-18,-3.111372e-06,-7.810710e-05,5.030092e-04,-2.541252e-01,-1.354855e-01,1.009963e+01
372,3.064722e-18,-2.419512e-06,-9.685656e-05,4.854942e-04,4.330920e-01,1.237680e-01,8.960680e+00
373,5.966963e-17,-1.265711e-05,-8.016128e-05,5.039839e-04,-4.405366e-01,-4.875655e-02,2.509786e+00
374,4.428610e-18,-2.340311e-06,-9.689471e-05,4.806268e-04,1.246263e-01,-7.148493e-01,5.004486e+00
375,1.130375e-17,-2.426413e-05,-8.516563e-05,4.963790e-04,1.231391e-02,-1.408573e-02,-1.768698e+00
376,6.344899e-17,1.113367e-05,-8.049782e-05,4.890222e-04,1.406423e+00,-9.015810e-01,5.705712e+00
377,5.725128e-17,1.253833e-05,-9.942009e-05,4.897864e-04,-1.431969e+00,-6.523757e-01,4.024833e+00
378,2.094306e-17,1.678302e-05,-8.172850e-05,4.811357e-04,-4.168137e-01,2.132584e+00,4.769688e+00
379,3.700770e-17,1.313692e-05,-9.799954e-05,4.950649e-04,5.544114e-01,4.763484e-01,2.821085e+00
380,2.559965e-17,2.203758e-05,-8.749854e-05,4.907128e-04,2.281480e+00,-6.927301e-02,3.157344e+00
381,1.212114e-18,5.471800e-06,-9.764864e-05,4.907917e-04,-8.722265e-02,9.992837e-02,2.448441e+00
382,5.674529e-18,1.022831e-05,-8.984483e-05,5.003901e-04,-5.150509e-01,3.165414e-02,3.972020e+00
383,1.889034e-18,1.153179e-05,-9.854945e-05,4.833642e-04,2.647111e-01,-9.877442e-02,3.540077e+00
384,3.349854e-18,1.172276e-05,-8.750506e-05,4.951016e-04,3.543620e-02,2.307323e-01,1.670582e+00
385,2.905300e-18,5.458476e-06,-9.764800e-05,4.982214e-04,1.353166e-01,-1.564120e-01,1.934087e+00
386,2.580283e-17,1.424302e-05,-9.286424e-05,4.821179e-04,1.503368e+00,-1.202286e-01,7.967201e-01
387,2.776123e-17,2.214774e-05,-7.347998e-05,4.837100e-04,1.300757e+00,7.743629e-01,8.856340e-01
388,2.581997e-18,1.488442e-05,-7.807457e-05,4.936686e-04,8.301381e-02,1.774225e-01,1.299647e-01
389,2.266585e-18,1.185126e-05,-8.042995e-05,5.022627e-04,9.478660e-01,1.524194e-02,1.113569e+01
390,3.424510e-17,3.083646e-06,-7.424342e-05,4.899362e-04,3.188962e-01,-9.217993e-01,1.313853e+01
391,2.619030e-19,1.132841e-05,-8.007570e-05,4.962609e-04,4.567750e-01,1.321766e+00,4.923354e+00
392,2.752158e-19,8.203714e-06,-8.164126e-05,4.783096e-04,-3.796882e-01,1.770796e-01,2.645700e+00
393,3.881020e-18,5.445831e-06,-9.576676e-05,4.819511e-04,1.958475e-01,3.992523e-02,4.619447e-01
394,1.170076e-18,1.549394e-05,-9.726406e-05,4.886527e-04,-5.848345e+00,-1.148194e+00,1.433534e+00
395,1.912511e-18,1.647484e-05,-9.056562e-05,4.852434e-04,-2.369317e-01,1.497839e-02,-1.071305e+00
396,1.177641e-18,1.019656e-05,-8.242250e-05,4.806588e-04,9.088405e-01,1.186353e+00,6.065376e+00
397,2.176237e-18,2.460950e-05,-8.985126e-05,4.862087e-04,-1.748781e-02,-3.723687e-01,-2.989165e+00
398,1.249351e-16,-1.547319e-05,-1.176875e-04,4.975827e-04,-2.280424e-01,7.694360e-01,2.522213e+00
399,4.157350e-18,3.449952e-06,-1.116498e-04,4.941761e-04,-3.997188e+00,-9.410174e-01,1.310230e+01
400,1.171363e-16,1.075763e-05,-1.050119e-04,5.028425e-04,-1.639080e-01,-7.838628e-01,2.119969e+00
401,5.224151e-18,1.093284e-05,-1.179666e-04,4.994271e-04,4.971148e-02,-8.412088e-03,7.641024e+00
402,2.564186e-17,2.204422e-06,-1.188921e-04,4.933190e-04,1.834754e+00,-1.675044e+00,6.884605e+00
403,2.543960e-17,6.868735e-06,-1.068761e-04,4.789499e-04,1.776674e-01,-5.622757e-01,2.521258e+00
404,5.010056e-18,1.820663e-05,-1.115891e-04,4.968956e-04,7.306621e-02,3.177497e-01,8.939748e-01
405,1.449960e-18,5.079170e-06,-1.117317e-04,4.864689e-04,-1.383773e+00,-9.027766e-01,6.683540e+00
406,2.973032e-17,2.404363e-05,-1.213410e-04,4.989873e-04,-8.724798e-03,-4.086026e-02,-1.458988e+00
407,2.743060e-18,1.089254e-05,-1.211600e-04,4.827172e-04,5.694479e-01,2.097703e-02,1.823870e+00
408,2.994601e-18,7.849503e-07,-1.234411e-04,4.981404e-04,-6.921376e-03,-6.237894e-03,-3.813853e-01
409,2.273822e-17,1.446579e-06,-1.075503e-04,5.027599e-04,-6.179588e+00,2.743378e+00,1.783841e+01
410,2.378159e-18,6.467808e-06,-1.116733e-04,4.808189e-04,-7.483470e-01,1.409512e-01,4.957634e+00
411,5.749747e-19,5.863037e-06,-1.116850e-04,4.829981e-04,-1.569036e+00,-1.990492e-01,3.709545e+00
412,3.905624e-18,2.460944e-05,-1.117125e-04,4.893814e-04,9.004741e-03,3.878300e-02,-3.451575e+00
413,9.151108e-17,-7.749039e-06,-1.113744e-04,5.025717e-04,7.416672e-02,1.467977e-01,2.795378e+00
414,1.450683e-18,-8.012431e-07,-1.148313e-04,4.915780e-04,-5.575505e-01,2.753930e-01,6.341528e+00
415,2.935294e-18,-7.863280e-07,-1.148509e-04,4.850131e-04,-1.015528e-01,-2.095994e-02,4.763480e+00
416,6.563039e-17,-2.379917e-05,-1.196375e-04,4.927905e-04,1.560813e-02,-4.827878e-03,-1.113270e+00
417,2.352547e-16,1.711255e-04,8.849149e-06,5.093349e-04,-5.993638e-01,-2.968837e-01,1.077092e+01
418,5.464120e-18,1.578308e-04,1.017393e-05,5.015773e-04,-5.691436e-03,1.031004e-01,1.348057e+01
419,2.857747e-17,1.585535e-04,9.972995e-06,5.129938e-04,7.585565e-01,-2.972898e-02,1.798584e+01
420,2.812976e-17,1.483980e-04,8.454302e-06,5.058490e-04,1.395191e-01,-1.389977e+00,8.085115e+00
421,4.593847e-17,1.668734e-04,2.728495e-06,5.172695e-04,-1.370737e+00,-4.394303e-01,4.923862e+00
422,2.339477e-17,1.520158e-04,3.754963e-06,5.128832e-04,1.811576e+00,1.338347e+00,2.249618e+00
423,4.214614e-18,1.578347e-04,4.712614e-06,5.069567e-04,2.691798e-02,3.615770e-03,6.245966e-01
424,3.584316e-18,1.546909e-04,1.484330e-05,5.074968e-04,-6.808707e-01,-1.183165e+00,4.528562e+00
425,3.418102e-18,1.546860e-04,1.250706e-05,5.121331e-04,2.999324e-01,3.628552e-01,4.203995e+00
426,1.491080e-18,1.703130e-04,1.719237e-05,5.094425e-04,1.467061e-01,4.226299e-01,4.071140e+00
427,1.265248e-17,1.737010e-04,1.619499e-05,5.062532e-04,-2.523393e-01,-3.806849e-01,3.006633e+00
428,1.157208e-17,1.690352e-04,1.815379e-05,5.157055e-04,-6.903493e-01,-3.254113e-01,4.400457e+00
429,8.786638e-18,1.609440e-04,1.633538e-05,5.188357e-04,-7.964564e-02,1.981480e-01,4.118677e+00
430,2.602751e-17,1.631904e-04,7.496626e-06,5.263189e-04,-2.565106e+00,-1.048848e+00,6.850584e+00
431,5.684465e-17,1.315525e-04,1.470543e-05,5.327609e-04,-9.647446e-01,1.881969e+00,1.119991e+01
432,3.298644e-17,1.365540e-04,1.692895e-05,5.431955e-04,9.104236e-01,4.624142e+00,1.341488e+01
433,9.181203e-17,1.450267e-04,5.926461e-06,5.371701e-04,1.073806e+00,-1.720850e+00,8.767394e+00
434,1.212942e-17,1.376263e-04,8.599887e-06,5.296749e-04,3.150030e-01,9.708571e-02,1.259053e+01
435,2.002630e-17,1.367767e-04,3.345149e-06,5.435111e-04,2.136143e-01,2.546885e+00,1.213154e+01
436,6.934850e-18,1.405571e-04,5.446069e-06,5.296235e-04,7.060039e-02,-8.209405e-02,1.108579e+01
437,1.008925e-18,1.507801e-04,1.561685e-05,5.489667e-04,-1.953745e-01,-1.832522e-01,3.091088e+00
438,1.137997e-18,1.445269e-04,1.484980e-05,5.391999e-04,1.282949e-02,2.652093e-01,3.241147e+00
439,2.705123e-18,1.390574e-04,1.718698e-05,5.478856e-04,3.054984e-01,-6.519460e-02,-6.943118e-01
440,3.789599e-18,1.491065e-04,1.640567e-06,4.948484e-04,-5.381332e-01,-6.626304e-01,1.090634e+01
441,2.586858e-17,1.335688e-04,1.227928e-05,4.934457e-04,-3.588322e-02,-1.865263e-01,8.589384e+00
442,1.718152e-17,1.397917e-04,2.022291e-05,4.901409e-04,2.836873e-02,-2.905662e-01,6.415749e+00
443,1.650819e-17,1.518307e-04,3.723869e-06,4.928126e-04,-3.572269e-01,-1.077770e+00,1.707795e+01
444,2.757226e-18,1.336033e-04,1.249759e-05,4.857962e-04,1.038151e+00,2.469822e-01,7.169966e+00
445,2.585183e-17,1.273643e-04,9.676874e-06,4.927267e-04,-1.114315e-01,-5.533949e-01,6.353456e+00
446,1.797775e-17,1.436186e-04,1.291580e-05,4.935825e-04,4.913342e-01,-2.313734e-01,2.218935e+00
447,1.766947e-17,1.288036e-04,6.860285e-06,4.878721e-04,-1.680480e-01,6.993604e-02,7.346731e+00
448,2.491740e-18,1.265789e-04,9.376404e-06,4.990428e-04,6.081665e-02,1.010003e-01,2.904652e+00
449,8.387250e-18,1.367070e-04,4.905673e-06,4.837877e-04,2.946263e-01,-1.280651e+00,1.031990e+00
450,5.142476e-19,1.468719e-04,1.132947e-05,4.853279e-04,-3.328435e-01,9.842316e-02,-1.126270e+00
451,1.092097e-18,1.289028e-04,1.331176e-05,4.978149e-04,-2.489948e-01,2.282812e-01,1.367142e+00
452,3.153070e-18,1.390439e-04,7.810005e-06,4.928104e-04,1.515787e-01,1.089793e-02,3.784287e+00
453,1.367901e-18,1.297337e-04,6.210666e-06,4.845625e-04,-2.382978e-02,-9.386675e-01,7.882331e+00
454,1.573359e-18,1.492227e-04,1.641382e-05,4.993937e-04,-6.662663e-01,-3.405611e-01,5.850805e-01
455,3.102437e-18,1.297549e-04,5.466878e-06,4.792751e-04,-1.008389e+00,7.382271e-01,1.436893e+00
456,1.066314e-18,1.398472e-04,2.268547e-05,4.790979e-04,2.038889e-01,-1.158639e-01,-6.438577e-01
457,6.017814e-18,1.421824e-04,2.437140e-05,4.925482e-04,3.975668e-03,1.790611e-01,-1.975623e+00
458,3.029288e-18,1.273479e-04,2.460913e-05,4.912270e-04,-7.884554e-02,-2.536130e-02,-2.664897e+00
459,4.883467e-17,1.386622e-04,7.312168e-06,5.110997e-04,-1.576781e+00,-1.671491e-01,8.057658e+00
460,6.064161e-18,1.344446e-04,1.239161e-05,5.069809e-04,-2.827083e-01,3.249464e-01,5.444761e+00
461,2.909885e-18,1.335917e-04,5.505722e-06,5.213487e-04,1.921615e-02,1.741860e+00,5.012348e+00
462,3.142278e-18,1.468794e-04,1.405874e-05,5.198324e-04,3.343914e-02,2.009713e-01,3.291945e+00
463,3.608150e-18,1.399240e-04,1.170863e-05,5.057729e-04,4.082623e-01,-5.031811e-02,2.869411e+00
464,2.171684e-18,1.437053e-04,3.084814e-06,5.050638e-04,-9.187979e-02,8.008304e-03,1.191449e+00
465,1.666679e-18,1.288996e-04,1.562592e-05,5.102288e-04,1.478995e-01,6.218587e-01,6.274773e-01
466,8.350955e-17,1.676583e-04,1.893995e-05,5.321602e-04,-6.743234e-01,-2.558328e-01,5.645617e+00
467,9.970864e-18,1.635908e-04,4.642725e-06,5.325213e-04,8.940061e-01,-2.875530e-01,6.326878e+00
468,2.421590e-17,1.524213e-04,1.921463e-05,5.372112e-04,5.732254e-01,4.996600e-02,6.984571e+00
469,1.586161e-17,1.550832e-04,1.188100e-05,5.304796e-04,2.931430e-01,-4.094789e-01,7.950873e+00
470,3.126150e-17,1.660219e-04,1.080639e-05,5.368315e-04,-1.525628e+00,-5.195304e-01,6.748191e+00
471,1.893134e-17,1.587304e-04,7.998136e-06,5.322396e-04,1.230659e-01,-5.796331e-01,8.134526e+00
472,1.113454e-15,5.654386e-05,1.338300e-05,4.413795e-04,2.527732e-01,1.223132e-01,-7.239462e+00
473,6.230937e-17,-7.024679e-06,-1.721119e-04,4.535266e-04,-2.741547e-01,6.799647e-01,-7.490144e+00
474,1.450697e-16,5.652658e-05,1.346405e-05,4.404759e-04,2.278231e-01,4.906708e-02,-8.299475e+00
475,1.486748e-16,1.108513e-05,8.508666e-07,4.908267e-04,-1.468693e+00,-1.981282e-01,7.346883e+00
476,8.807541e-18,7.259861e-06,-2.499722e-05,4.930027e-04,-1.883966e-01,5.722148e-02,8.178139e+00
477,1.450037e-18,2.327018e-06,-2.032518e-05,4.954621e-04,-1.766463e-01,5.184542e-02,1.074337e+01
478,4.434433e-17,1.948693e-06,-2.097035e-05,4.888206e-04,2.328895e+00,8.619434e-01,8.021650e+00
479,6.423578e-17,1.206172e-05,-1.468081e-05,4.947904e-04,5.691370e-01,1.126351e+00,4.636587e+00
480,3.834725e-17,9.101820e-06,-2.317364e-05,4.850106e-04,-2.154421e+00,-3.647428e-01,3.856509e+00
481,2.993274e-18,1.329750e-05,-1.016406e-05,4.857331e-04,5.724526e-01,-1.365382e-02,1.713591e+00
482,8.317109e-18,2.339975e-06,-1.249912e-05,4.901666e-04,4.143172e-01,-4.134399e-01,5.179359e+00
483,7.358131e-18,3.212719e-06,1.651170e-06,4.846328e-04,8.338421e-02,-5.815121e-02,-1.230541e+00
484,8.019273e-18,2.164509e-05,-6.246134e-06,4.837928e-04,-2.539350e+00,-1.829240e-01,5.110993e-01
485,2.176020e-17,1.969716e-05,1.925771e-06,4.912359e-04,-2.694578e+00,7.562650e-01,1.869117e+00
486,4.178690e-18,1.358121e-05,-1.328991e-05,4.786842e-04,-4.370007e-01,-2.653083e-01,5.425038e-01
487,1.695269e-18,1.558869e-06,-2.015743e-05,4.843115e-04,-2.314960e-01,1.125950e-01,6.310126e+00
488,3.432219e-18,1.952941e-05,-1.719189e-05,4.943379e-04,-2.586462e-01,-2.242358e-01,2.528724e+00
489,3.708771e-18,1.953025e-05,-1.718925e-05,4.865038e-04,9.647497e-02,1.591448e-01,1.753318e+00
490,2.856486e-18,1.023817e-05,-2.333724e-05,4.810767e-04,-2.712861e-02,7.066130e-01,7.804225e+00
491,6.867902e-18,7.759184e-06,-2.525723e-05,4.817993e-04,-1.869059e-01,-3.253683e-01,7.327017e+00
492,2.606221e-18,4.461917e-06,-3.913311e-05,4.808259e-04,5.478516e-01,-1.119112e-01,1.148050e+01
493,2.669740e-17,7.104023e-06,-2.976260e-05,4.890217e-04,-3.652022e-01,2.239898e-01,7.880624e+00
494,8.697754e-17,-3.284042e-08,-4.372680e-05,4.977226e-04,-3.779872e-01,9.529068e-02,2.698961e+00
495,2.593085e-17,9.862014e-06,-3.115025e-05,4.790118e-04,-8.521060e-01,-2.053237e-01,4.087984e+00
496,1.944320e-18,1.166367e-05,-2.874281e-05,4.954566e-04,4.214290e-01,-1.089216e+00,6.410418e+00
497,4.944197e-17,1.238774e-05,-4.074380e-05,4.970045e-04,-2.326624e-01,-2.015469e+00,5.014071e+00
498,2.387294e-17,1.315459e-06,-3.801959e-05,4.772441e-04,2.991505e-01,3.764675e-01,2.010670e+00
499,5.016958e-19,1.758079e-05,-2.968484e-05,4.923543e-04,9.606335e-02,-7.981284e-02,-3.352579e+00
500,4.828594e-18,6.253454e-06,-4.999514e-05,4.931683e-04,1.743419e-01,-1.991264e-01,-2.261936e-01
501,3.016130e-18,1.874912e-05,-2.812877e-05,4.818791e-04,4.783114e-02,-8.025957e-01,2.099388e+00
502,7.088981e-18,4.607294e-06,-3.709058e-05,4.837936e-04,7.805081e-01,2.983323e+00,1.162366e+01
503,6.361005e-19,6.998251e-06,-3.867183e-05,4.837808e-04,-3.251732e-01,2.735692e+00,1.124458e+01
504,1.928590e-18,7.815386e-06,-3.064617e-05,4.859012e-04,-9.847652e-01,-1.265840e-01,1.118525e+01
505,5.515227e-19,7.001788e-06,-3.945350e-05,4.822172e-04,-5.693368e-01,1.391645e+00,8.260143e+00
506,2.625924e-19,6.642290e-06,-4.023461e-05,4.814370e-04,-1.580936e+00,1.444051e+00,7.958478e+00
507,2.943340e-19,6.641229e-06,-4.179653e-05,4.783104e-04,1.018665e+00,-3.465145e-01,2.976698e+00
508,2.858253e-18,7.213695e-06,-4.154405e-05,4.761197e-04,1.210950e+00,3.627400e-01,2.688696e+00
509,3.284184e-18,3.918825e-06,-3.202875e-05,4.981731e-04,1.886443e+00,-1.137207e-02,1.693196e+00
510,3.152410e-18,2.029411e-05,-5.000341e-05,4.818006e-04,-3.966778e-01,1.638661e-02,-1.540123e+00
511,1.033527e-17,2.428403e-05,-2.878068e-05,4.979377e-04,-2.394564e-02,-1.523348e-02,-1.812651e+00
512,8.606722e-19,1.031846e-05,-2.695345e-05,4.718119e-04,-9.027396e-01,2.202020e+00,-3.555774e+00
513,1.250971e-18,1.562792e-05,1.406177e-04,4.908064e-04,-1.552503e-01,1.198792e-01,8.361288e+00
514,3.167419e-18,1.250280e-05,1.242175e-04,4.888747e-04,-5.202498e-02,7.392174e-02,2.398781e+00
515,9.523853e-17,1.209700e-05,1.394289e-04,4.966407e-04,-7.122382e-01,-6.408402e-01,9.164157e+00
516,2.971324e-17,2.405942e-05,1.369043e-04,4.845568e-04,3.087286e-02,5.563812e-03,-1.400473e+00
517,1.993016e-17,1.619593e-05,1.272571e-04,4.867036e-04,-4.059821e-01,-1.354254e+00,2.429530e+00
518,8.217574e-17,6.840163e-06,1.495177e-04,5.030949e-04,7.987510e-03,-1.286384e+00,5.907264e+00
519,3.035953e-18,1.564427e-05,1.406180e-04,4.841203e-04,4.306105e-01,-7.731886e-01,4.653334e+00
520,1.238255e-18,1.015185e-05,1.422055e-04,4.814360e-04,-4.327549e-01,4.714053e-01,2.642636e+00
521,3.542406e-18,1.093549e-05,1.421927e-04,4.888640e-04,2.147548e-01,9.916890e-02,6.196531e+00
522,2.771047e-18,1.320849e-05,1.397500e-04,4.857663e-04,2.936748e-01,-1.202856e+00,5.406693e+00
523,1.959222e-17,9.925502e-06,1.498113e-04,4.833370e-04,2.999227e-01,-1.703367e-01,1.658108e+00
524,1.605936e-17,1.792459e-05,1.337909e-04,4.811772e-04,1.778359e-01,-1.071507e+00,2.229925e+00
525,3.395271e-17,2.128280e-05,1.376983e-04,4.805196e-04,3.765750e-01,-1.443061e+00,3.493207e+00
526,4.361728e-18,6.406071e-06,1.265629e-04,4.904516e-04,-1.020620e-01,2.635196e-01,2.369424e+00
527,1.133099e-18,2.460992e-05,1.328157e-04,4.998087e-04,-1.464162e-02,-1.899354e-01,-2.880507e+00
528,2.956141e-17,-7.103822e-08,1.447359e-04,4.826004e-04,7.018651e-01,1.081244e+00,1.965192e+00
529,7.325347e-18,3.386883e-06,1.417085e-04,4.956927e-04,2.555721e-01,-1.990482e-01,6.978456e-01
530,1.073924e-17,2.426753e-05,1.267489e-04,4.964805e-04,1.326169e-02,1.561616e-01,-1.651839e+00
531,1.118621e-17,2.426771e-05,1.369558e-04,4.996348e-04,-3.322194e-02,-5.324339e-02,-1.683274e+00
532,3.070879e-18,2.460931e-05,1.437499e-04,4.892798e-04,2.769647e-02,3.079175e-03,-3.272447e+00
533,2.973594e-16,-6.648989e-06,1.335596e-04,5.054640e-04,4.313213e-01,-1.771013e+00,1.289207e+01
534,2.980685e-18,-1.718686e-05,1.257709e-04,4.919271e-04,-1.472072e-01,-5.366742e-02,1.333629e+00
535,3.138624e-18,-2.340370e-06,1.296849e-04,4.951314e-04,1.250057e-01,5.556531e-02,4.396075e+00
536,1.976981e-17,-4.377854e-06,1.248561e-04,4.796438e-04,9.017783e-01,1.087710e+00,-2.463709e-01
537,9.334564e-18,-6.157010e-06,1.242198e-04,4.955497e-04,5.541813e-02,2.501129e-01,4.493889e+00
538,1.204036e-18,-7.840033e-06,1.273700e-04,4.783145e-04,1.148742e-01,1.308162e+00,-2.950587e+00
539,3.452391e-18,-7.815590e-06,1.492202e-04,4.942800e-04,-9.287031e-02,1.879707e-01,3.069716e+00
540,2.013898e-17,-7.234167e-06,1.313951e-04,4.844867e-04,1.226040e+00,-1.571466e+00,4.498367e+00
541,2.324715e-18,-1.479792e-05,1.281644e-04,4.936554e-04,-3.774400e-01,7.754989e-02,-2.987616e+00
542,4.389800e-18,-1.794895e-05,1.283894e-04,5.007398e-04,9.311783e-01,8.924491e-01,2.172580e+00
543,2.878036e-18,-1.092927e-05,1.484378e-04,4.849753e-04,2.994842e-01,2.264706e-02,-6.360167e-01
544,2.116502e-17,-2.413651e-05,1.403116e-04,4.988088e-04,9.310077e-02,-4.848153e-02,-1.951823e+00
545,1.121864e-17,-2.425981e-05,1.354706e-04,4.979998e-04,8.845677e-02,6.438649e-01,-1.617107e+00
546,2.807549e-16,-1.192391e-05,1.401786e-04,5.154438e-04,-1.202154e+00,1.998709e-01,4.432933e+00
547,2.858805e-16,-1.726908e-06,1.248360e-04,5.131495e-04,5.979132e-01,5.327474e-02,7.269478e+00
548,5.164751e-16,-2.075434e-06,1.244881e-04,5.128369e-04,4.340881e-01,-5.501208e-02,7.186050e+00
549,8.568601e-17,1.959862e-06,1.419621e-04,5.173919e-04,-2.805714e-02,3.823226e-01,5.662749e+00
550,5.410138e-17,-4.593260e-06,1.485280e-04,5.111694e-04,1.461638e+00,-3.302948e-01,7.192022e+00
551,1.922827e-18,-1.161167e-05,1.242160e-04,5.231120e-04,2.500627e-02,3.971643e-02,3.409211e+00
552,9.966859e-18,-2.121306e-05,1.271921e-04,5.118250e-04,7.497211e-01,-1.229047e+00,4.378661e+00
553,6.078420e-18,-2.064310e-05,1.366566e-04,5.344074e-04,8.366581e-02,-7.109399e-01,6.169163e+00
554,3.226051e-17,-8.198126e-06,1.264708e-04,5.393367e-04,-1.151541e+00,4.067827e+00,1.037228e+01
555,6.487452e-18,-1.249072e-05,1.307437e-04,5.421824e-04,6.897289e-02,4.900517e-01,5.637436e+00
556,3.964579e-17,-1.502903e-05,1.357169e-04,5.387231e-04,-3.276108e+00,3.617877e-02,7.239956e+00
557,6.118990e-18,-1.563286e-06,1.484207e-04,5.308292e-04,3.449372e-03,2.429608e-01,5.192205e+00
558,1.537246e-18,-5.472558e-06,1.406262e-04,5.391623e-04,-5.972162e-02,3.857812e-02,3.829177e+00
559,1.379423e-18,-5.466995e-06,1.406290e-04,5.429239e-04,-1.748561e-01,8.293823e-02,2.429057e+00
560,2.766727e-18,4.688596e-06,1.468775e-04,5.243677e-04,5.582573e-02,1.298233e-01,7.272641e+00
561,5.270881e-18,1.250043e-05,1.242222e-04,5.171566e-04,2.948761e-01,-1.435385e-01,9.313226e+00
562,1.661517e-18,1.093157e-05,1.507812e-04,5.194523e-04,6.438296e-01,1.256697e-01,6.571865e+00
563,3.789597e-16,1.293197e-05,1.313582e-04,5.297548e-04,4.338269e-01,-3.103678e-01,8.486630e+00
564,1.324213e-18,6.271244e-06,1.265578e-04,5.155744e-04,2.432856e-01,7.115537e-02,6.648028e+00
565,2.184490e-18,1.015858e-05,1.320201e-04,5.206188e-04,-5.921389e-02,-2.947770e-01,8.738318e+00
566,1.621552e-18,3.978516e-06,1.338552e-04,5.166595e-04,-2.104451e-01,6.095815e-01,3.578414e+00
567,9.404641e-18,3.470462e-06,1.301474e-04,5.152355e-04,-2.034181e+00,-5.139781e-01,6.114718e+00
568,3.202728e-18,6.237575e-06,1.265564e-04,5.090651e-04,4.314012e-01,1.132073e-01,4.120819e+00
569,1.224573e-18,2.351062e-06,1.359360e-04,5.248377e-04,-1.158712e-01,-5.037315e-02,3.313691e+00
570,1.733545e-16,9.739771e-05,-1.326229e-05,4.850776e-04,1.793474e+00,-4.005187e-01,1.858696e+00
571,2.773053e-18,1.218758e-04,-2.032898e-05,4.982219e-04,1.845258e-01,1.267718e-01,1.149901e+00
572,6.360659e-17,1.115272e-04,-6.166948e-06,4.944500e-04,9.516003e-01,2.244536e+00,4.718467e+00
573,2.835660e-17,1.202496e-04,-6.885050e-06,4.805777e-04,-4.239475e+00,1.380940e+00,-1.082488e-01
574,1.638784e-18,1.031270e-04,-5.463449e-06,4.822157e-04,-5.163853e-02,-1.369706e-02,2.278999e+00
575,1.681479e-17,1.148552e-04,-2.679077e-06,4.857779e-04,4.040188e-02,1.052137e+00,1.004978e+01
576,3.552593e-18,1.031258e-04,-5.476057e-06,4.974393e-04,-1.100874e-01,3.831542e-02,8.843103e+00
577,1.292467e-18,1.148213e-04,-3.899376e-06,4.947000e-04,-1.733107e-01,-1.241864e+00,1.587411e+01
578,3.365310e-18,7.968868e-05,-1.014926e-05,4.872656e-04,1.261474e-01,1.289302e+00,7.246687e+00
579,3.103818e-18,7.970117e-05,-1.251639e-05,4.943487e-04,-6.301523e-01,-2.060474e+00,1.126585e+01
580,6.074047e-18,8.515759e-05,-3.125293e-06,4.958245e-04,-1.028937e-01,4.817977e-02,7.601734e+00
581,1.262539e-17,7.970039e-05,-1.404689e-05,5.010310e-04,-7.085577e-02,-2.961430e+00,1.418276e+01
582,6.807008e-18,9.507749e-05,-3.122790e-06,4.791790e-04,-7.387783e-02,-1.087930e-01,1.350069e+00
583,1.648141e-17,9.529859e-05,-1.343862e-05,5.010088e-04,1.070591e+00,6.224478e-01,1.929926e+00
584,4.830527e-18,9.478159e-05,-1.092432e-05,4.770902e-04,-4.001851e+00,3.640590e-01,-1.382234e-01
585,3.368620e-18,7.968157e-05,-8.589877e-06,4.828725e-04,2.625098e-01,1.110354e+00,4.612944e+00
586,2.299196e-18,8.515855e-05,-3.122145e-06,4.896780e-04,1.200728e-02,5.168085e-02,5.425162e+00
587,2.293027e-18,8.515541e-05,-3.127683e-06,4.841653e-04,-1.812435e-02,5.958142e-02,2.978227e+00
588,7.694737e-18,8.515405e-05,-3.123922e-06,4.791238e-04,2.502639e-02,-1.713670e-01,1.473260e+00
589,4.027314e-18,3.905439e-05,1.328098e-05,4.774831e-04,-7.730604e-01,1.215733e-02,2.400836e+00
590,2.943157e-19,3.867189e-05,1.601610e-05,4.720513e-04,-2.125528e+00,6.172049e+00,-9.343543e+00
591,1.117415e-18,3.359714e-05,2.315158e-06,4.767551e-04,3.097962e-02,-6.012442e-02,-3.546390e-01
592,8.321782e-18,7.269703e-05,8.643873e-06,4.720629e-04,-2.586287e-01,-2.981062e-01,-3.548749e+00
593,2.427767e-19,7.304508e-05,9.767076e-06,4.689384e-04,2.399097e+00,-3.123276e+00,-7.738396e+00
594,2.992974e-19,6.836315e-05,1.523232e-05,4.728336e-04,-2.421792e+00,-1.862247e+00,-6.097377e+00
595,2.349193e-17,4.374989e-05,-1.473338e-05,4.738761e-04,5.856314e-01,1.008485e+00,3.835698e-01
596,8.903577e-19,3.661957e-05,-1.032919e-05,4.689441e-04,-7.457308e-01,-7.803641e-01,-5.232568e+00
597,3.210030e-19,3.242128e-05,-1.367382e-05,4.665966e-04,3.520332e+00,-9.173314e-01,-9.421009e+00
598,1.120821e-18,3.752053e-05,-7.033423e-06,4.736228e-04,1.208504e-01,1.350356e+00,-3.881469e+00
599,1.701271e-18,2.884699e-05,-1.398823e-05,4.766024e-04,1.750169e-01,7.328363e-01,5.110300e+00
600,1.171065e-18,4.293400e-05,-1.523605e-05,4.677469e-04,-2.340851e+00,1.299366e+00,-7.321738e+00
601,1.321511e-16,-2.241526e-04,4.782801e-06,4.991255e-04,1.687305e+00,-1.589809e-01,1.610140e+01
602,4.712344e-17,-2.489670e-04,8.090100e-06,4.864144e-04,4.608521e-02,-9.159310e-01,9.187873e-01
603,2.521755e-17,-2.070845e-04,1.149233e-05,4.964868e-04,-6.885087e-01,1.449128e-01,4.147323e+00
604,1.229719e-18,-2.496093e-04,-7.880060e-07,4.903450e-04,9.963604e-05,-8.237722e-02,5.904749e-01
605,3.778738e-17,-2.274209e-04,1.336603e-05,4.830921e-04,-6.206852e-01,-1.940386e+00,7.778005e+00
606,1.655622e-17,-2.295130e-04,1.579462e-05,4.747607e-04,7.293102e-01,-2.393064e+00,2.526918e+00
607,1.420920e-17,-2.262579e-04,1.248631e-05,4.923505e-04,-2.312574e-01,2.747433e-01,8.551846e+00
608,4.324209e-17,-2.319138e-04,1.074922e-05,5.005143e-04,-3.222902e+00,-1.168720e+00,1.154003e+01
609,5.341236e-18,-2.286162e-04,6.940626e-06,4.935302e-04,-1.958904e+00,-1.462875e-01,1.273881e+01
610,1.696197e-17,-2.493036e-04,7.045294e-06,4.797025e-04,4.732285e-01,6.025555e-01,4.259015e+00
611,1.697928e-18,-2.437493e-04,1.952376e-05,5.001559e-04,-4.840502e-02,9.140830e-01,5.070148e+00
612,4.114845e-17,-2.313378e-04,1.049075e-05,4.852912e-04,4.485287e-01,-1.025176e+00,5.718925e+00
613,6.580784e-18,-2.265231e-04,7.008439e-06,4.856573e-04,-2.364093e-01,7.438875e-01,7.621791e+00
614,1.521598e-18,-2.343637e-04,1.012851e-05,4.767403e-04,-7.432780e-01,2.104724e-01,1.880553e+00
615,3.175682e-18,-2.382685e-04,-3.093942e-09,4.795333e-04,-1.970624e-01,-1.229639e-01,3.148375e+00
616,2.572654e-17,-2.491235e-04,2.322653e-05,4.882052e-04,1.268170e-01,3.746776e-01,3.700826e-01
617,3.040046e-18,-2.437490e-04,1.565482e-06,4.904681e-04,2.443302e-02,8.888927e-02,1.361242e-01
618,1.085089e-17,-2.454838e-04,1.499581e-05,4.847478e-04,1.739428e-01,-2.424445e-01,7.503517e-01
619,1.007195e-18,-2.264470e-04,1.132812e-05,4.769355e-04,8.915992e-01,-2.037311e+00,5.047703e+00
620,2.594041e-18,-2.327757e-04,1.322979e-05,4.824649e-04,3.748114e-01,-6.942754e-03,8.028162e+00
621,3.508636e-19,-2.269579e-04,1.210901e-05,4.783031e-04,9.718892e-01,-2.560368e+00,6.915894e+00
622,1.391015e-18,-2.496116e-04,1.406441e-05,4.819180e-04,-1.035052e-01,4.061585e-02,7.482234e-01
623,3.169172e-19,-2.269548e-04,1.288892e-05,4.790802e-04,-1.409106e+00,-3.481097e+00,8.033143e+00
624,1.539595e-18,-2.367191e-04,7.042406e-06,4.822192e-04,-1.036890e-01,1.158744e-01,-2.801320e+00
625,3.008330e-18,-2.260016e-04,2.306896e-06,4.797983e-04,-8.659770e-01,4.049553e-01,6.614011e+00
626,1.455198e-18,-2.496094e-04,5.374923e-06,4.748980e-04,-7.328597e-01,1.756347e-02,2.761384e+00
627,1.324726e-17,-2.405490e-04,2.424893e-05,4.903592e-04,7.044483e-02,-3.236421e-02,-1.600295e+00
628,3.105737e-18,-2.304298e-04,2.344861e-06,4.958679e-04,-1.597143e-02,-3.395377e-01,4.822415e-01
629,2.661565e-19,-2.480470e-04,2.460887e-05,4.861385e-04,8.319988e-01,1.812742e-01,-3.301793e+00
630,2.920083e-18,-2.489565e-04,2.460920e-05,4.800327e-04,-3.242841e-01,3.472639e-02,-3.429870e+00
631,1.363160e-18,-2.476718e-04,2.460846e-05,4.834336e-04,7.628294e-01,2.876638e-01,-3.295279e+00
632,3.057772e-19,-2.496084e-04,2.460980e-05,4.830130e-04,9.857591e-03,5.766092e-01,-3.983951e+00
633,6.847542e-17,-2.035071e-04,5.309745e-06,4.966985e-04,-8.867127e-02,7.249339e-01,1.172161e+01
634,6.343179e-17,-2.167424e-04,3.516954e-06,4.946195e-04,-3.950082e-01,3.240424e-01,5.291387e+00
635,4.079150e-17,-2.232039e-04,8.862384e-06,4.826632e-04,3.815287e-01,-1.061645e+00,6.984970e+00
636,1.576649e-18,-2.210774e-04,9.381457e-06,4.923620e-04,5.759907e-01,8.998303e-02,8.288065e+00
637,3.651038e-17,-2.144019e-04,1.496364e-05,4.824494e-04,-1.712413e+00,-1.667390e+00,2.632891e+00
638,1.957937e-18,-2.118279e-04,1.093289e-05,4.952810e-04,-2.147237e-01,9.386957e-02,-8.139318e-01
639,2.855803e-17,-2.101928e-04,-2.416091e-07,4.769356e-04,-1.386870e-01,-2.460403e-01,-7.497127e-01
640,5.152213e-18,-2.187466e-04,9.374531e-06,4.861291e-04,3.060753e-01,2.295878e-01,5.123964e+00
641,1.084142e-18,-2.148402e-04,5.471877e-06,4.798765e-04,2.552681e-01,2.532649e-01,-2.102855e+00
642,2.702522e-17,-2.152699e-04,-2.133839e-06,4.936116e-04,1.505253e-01,5.681051e-01,6.385176e+00
643,6.335987e-18,-2.195322e-04,2.641384e-10,4.872295e-04,-1.640523e-01,-7.978786e-02,2.591403e+00
644,1.446775e-18,-2.014097e-04,2.559752e-07,4.867462e-04,2.260417e-01,2.996611e+00,2.545104e+00
645,4.030850e-19,-2.246094e-04,1.952860e-06,4.775405e-04,2.132875e+00,2.414724e+00,3.917682e+00
646,2.762985e-19,-2.222667e-04,8.983552e-06,4.736331e-04,-1.972775e-01,2.748278e+00,3.674526e-01
647,2.573215e-19,-2.230474e-04,8.985020e-06,4.712854e-04,-1.275511e+00,-4.124104e-01,-3.369031e+00
648,2.577156e-19,-2.261720e-04,1.054738e-05,4.728350e-04,1.849817e+00,-5.630445e+00,-4.875527e+00
649,4.206239e-16,1.899591e-04,-2.641862e-06,5.211401e-04,-2.769165e-01,5.529972e-01,8.967602e+00
650,3.772705e-18,1.898400e-04,-1.484119e-05,5.067369e-04,8.209320e-01,8.209056e-01,8.696362e+00
651,6.121422e-17,1.904301e-04,-1.475449e-05,5.071619e-04,1.012184e+00,7.524126e-01,8.264045e+00
652,1.019948e-16,1.830083e-04,-6.275889e-06,5.246954e-04,-4.134640e-01,-9.540636e-01,7.734762e+00
653,2.053771e-17,1.829545e-04,-5.490536e-06,5.002994e-04,7.023008e-01,-1.607709e+00,4.515802e+00
654,5.483469e-17,2.017062e-04,-9.766446e-06,5.194003e-04,-4.614248e-01,-4.010481e-02,1.263653e+01
655,1.366302e-17,1.977029e-04,-8.484321e-06,5.007806e-04,8.143997e-01,3.356870e+00,1.049220e+01
656,8.746893e-18,1.785426e-04,-1.498592e-05,5.221428e-04,-2.205949e+00,-3.584399e-01,7.998712e+00
657,5.900371e-18,1.929194e-04,-1.172062e-05,5.194950e-04,-4.315133e-01,-4.548724e-01,7.568410e+00
658,3.161030e-17,1.784141e-04,-1.590604e-05,5.010676e-04,2.424940e-02,1.596172e-01,7.398550e+00
659,1.431309e-17,1.844776e-04,-1.038188e-05,5.193189e-04,-7.355372e-01,1.070005e+00,4.107812e+00
660,1.476831e-18,1.937766e-04,-1.801571e-05,5.086514e-04,6.627640e-02,-8.028123e-01,6.723302e+00
661,2.804664e-18,1.976525e-04,-1.484068e-05,5.128561e-04,4.706143e-02,-3.233755e-01,4.516767e+00
662,4.098014e-18,1.945338e-04,-6.249525e-06,5.125369e-04,-7.458196e-02,1.997217e-01,1.847409e+01
663,6.932644e-18,1.945301e-04,-6.249096e-06,5.075244e-04,2.782917e-02,-1.671515e-01,1.633576e+01
664,1.516286e-18,1.945346e-04,-6.248328e-06,5.156017e-04,5.291020e-02,-1.768393e-01,1.946171e+01
665,3.793079e-17,1.792369e-04,8.321530e-06,5.058302e-04,-1.391588e+00,-7.522133e-01,1.057374e+01
666,7.853579e-18,1.852849e-04,7.835966e-06,5.162730e-04,3.431621e-01,-1.591968e+00,6.222043e+00
667,2.887080e-17,1.839541e-04,3.922616e-06,4.991515e-04,-3.835224e-01,-2.200279e-01,9.744349e+00
668,2.176604e-18,1.959828e-04,8.604589e-06,5.231029e-04,-1.419177e+00,-4.989301e-01,6.496819e+00
669,2.823343e-18,1.766215e-04,1.257624e-05,5.114300e-04,-4.233242e-01,9.260076e-01,5.343455e+00
670,3.467688e-18,1.812504e-04,2.345650e-06,5.098254e-04,4.349123e-02,8.786034e-02,3.182508e+00
671,1.393179e-16,1.985962e-04,1.509613e-05,5.361155e-04,-1.929638e+00,1.962323e-01,5.466956e+00
672,2.238741e-16,2.027740e-04,2.052320e-06,5.323825e-04,1.201587e-02,3.598448e-01,8.733740e+00
673,5.158628e-17,1.829031e-04,1.067266e-05,5.369291e-04,-1.025437e+00,-3.949211e-01,8.351005e+00
674,2.379723e-16,2.018799e-04,-1.242610e-05,5.328078e-04,8.610593e-02,-2.787709e-01,8.262704e+00
675,3.718791e-17,1.893492e-04,-1.889460e-05,5.416397e-04,-3.431959e-02,-8.110673e-01,1.121405e+01
676,1.071126e-18,1.867103e-04,3.133313e-06,5.271270e-04,2.664389e-01,1.326793e-01,7.377110e+00
677,7.288575e-18,1.808793e-04,2.349055e-06,5.414421e-04,1.149235e-02,5.060478e-02,8.033289e+00
678,2.978705e-18,1.789116e-04,1.563294e-05,5.418316e-04,-1.699235e-02,2.032578e-02,4.788614e+00
679,4.197389e-18,1.921856e-04,1.172314e-05,5.310127e-04,2.264618e-02,5.043679e-02,3.036375e+00
680,1.335406e-18,1.953144e-04,1.016002e-05,5.444468e-04,1.765122e-01,-2.813990e-01,1.004356e+00
681,1.222443e-18,1.937454e-04,-1.797649e-05,5.286428e-04,2.441189e-02,-8.525343e-02,7.937441e+00
682,1.555270e-17,1.793312e-04,-9.421027e-06,5.287126e-04,-3.104672e-01,7.965660e-01,6.555386e+00
683,2.411463e-18,1.765627e-04,-1.016046e-05,5.328175e-04,4.230580e-02,-3.361225e-02,3.794576e+00
684,1.423641e-18,1.984363e-04,-1.016459e-05,5.452759e-04,6.017744e-02,8.416686e-02,4.031637e-01
685,7.259783e-19,2.009054e-04,-6.121812e-06,5.467273e-04,-1.147108e-01,7.699031e-02,-2.386435e+00
686,2.502436e-17,2.066350e-04,1.121700e-05,5.070677e-04,-6.177120e-01,2.830727e+00,1.135467e+01
687,1.615354e-17,2.103508e-04,8.018435e-06,5.037401e-04,-5.027817e-01,-1.764656e+00,1.711686e+01
688,1.439323e-16,2.182319e-04,-3.557001e-06,5.185150e-04,2.341804e-01,-1.337139e+00,8.763847e+00
689,4.286201e-18,2.023368e-04,4.690464e-06,5.124538e-04,-3.176978e-01,3.816466e-01,3.960829e+00
690,3.757038e-18,2.062514e-04,1.617836e-05,5.145391e-04,5.605468e-02,-1.333870e+00,1.872537e+00
691,1.256314e-18,2.226580e-04,1.170513e-05,5.194458e-04,4.440205e-02,8.563202e-01,3.509217e+00
692,1.943824e-18,2.068623e-04,8.622560e-06,5.030191e-04,1.087456e+00,-1.690113e+00,1.011920e+01
693,3.804480e-17,2.144298e-04,9.525059e-06,5.264663e-04,5.473682e-01,-4.721175e-01,5.115532e+00
694,8.671097e-18,2.063215e-04,-3.499864e-06,5.209225e-04,-2.729376e-01,6.633455e-01,1.160694e+01
695,3.044894e-18,2.195307e-04,-3.125676e-06,5.028229e-04,1.126584e-01,5.913774e-02,5.653091e+00
696,6.952911e-18,2.195313e-04,-3.123600e-06,5.082471e-04,-8.687594e-02,-9.408332e-02,7.428026e+00
697,3.433290e-18,2.117152e-04,-3.121056e-06,5.183074e-04,-3.665530e-02,-2.662913e-02,1.038504e+01
698,3.369924e-18,2.140662e-04,-7.032851e-06,5.059823e-04,-8.255401e-02,-1.266665e-01,5.425546e+00
699,1.151042e-18,2.117223e-04,-3.120090e-06,5.240604e-04,1.000710e-01,-6.649497e-02,6.823974e+00
700,1.457489e-17,2.126980e-04,-1.088688e-05,5.150912e-04,-1.311470e-01,8.774195e-01,6.755515e+00
701,4.088031e-18,2.070241e-04,-1.329300e-05,5.186478e-04,-3.615020e-01,9.284535e-02,5.972035e+00
702,4.220069e-18,2.117184e-04,-3.122101e-06,5.155776e-04,-4.804540e-02,2.692983e-02,1.054006e+01
703,9.519133e-16,2.209764e-04,-2.106012e-06,5.383752e-04,-2.602686e-02,4.478033e-01,7.917562e+00
704,2.737024e-18,2.218706e-04,1.251719e-05,5.327046e-04,1.679601e-02,3.123490e-02,4.660390e+00
705,1.329436e-17,2.218155e-04,1.189017e-05,5.462778e-04,1.942634e-01,6.268528e-01,5.247589e+00
706,1.123937e-18,2.210925e-04,4.694760e-06,5.331242e-04,-1.708009e-02,2.688815e-02,3.312930e+00
707,1.847884e-17,-1.305948e-04,-3.607237e-06,5.275458e-04,-8.759087e-01,-9.654965e-01,7.049402e+00
708,1.012923e-16,-1.251358e-04,-1.271251e-05,5.254371e-04,-9.848952e-01,-2.086573e-01,1.513395e+01
709,1.101666e-18,-1.476604e-04,-1.328322e-05,5.263925e-04,-7.588164e-02,-3.201564e-01,5.434935e+00
710,7.878582e-18,-1.507645e-04,1.139984e-05,5.071166e-04,-5.411908e-01,-1.205158e+00,4.338657e+00
711,2.378319e-17,-1.517574e-04,1.646749e-05,5.160939e-04,-4.864158e-01,1.157966e+00,5.540410e+00
712,2.233601e-17,-1.491510e-04,2.201062e-06,5.379952e-04,4.758455e-01,-1.695305e+00,7.571117e+00
713,4.400370e-16,-1.358964e-04,-1.447476e-05,5.350363e-04,-7.383340e-01,-9.133726e-01,6.311998e+00
714,4.850608e-17,-1.369877e-04,-1.373506e-05,5.492799e-04,2.797953e-02,-3.868608e-01,1.176741e+01
715,8.487235e-17,-1.256366e-04,-8.586584e-06,5.369572e-04,-2.183917e-01,-6.168937e-01,6.497653e+00
716,7.162850e-18,-1.430211e-04,-1.116667e-05,5.374303e-04,-5.627797e-02,7.795908e-01,8.775265e+00
717,3.473590e-18,-1.437504e-04,-2.421128e-06,5.377181e-04,-5.253013e-02,-1.537574e+00,8.107307e+00
718,4.789968e-18,-1.476550e-04,-1.406427e-05,5.452345e-04,-2.095220e-01,3.835992e-01,1.031598e+01
719,4.148790e-18,-1.476546e-04,-1.328039e-05,5.308707e-04,-6.823167e-02,-2.299025e-02,7.856983e+00
720,2.779432e-18,-1.281248e-04,-1.563616e-05,5.366800e-04,1.277275e-01,-1.776827e-01,4.612259e+00
721,2.113378e-18,-1.312005e-04,-1.803727e-05,5.381844e-04,-2.051037e-02,1.795705e-01,1.002200e-01
722,1.618701e-18,-1.265582e-04,-1.797169e-05,5.301856e-04,-3.967162e-02,-1.547926e+00,-1.850435e-01
723,3.429742e-18,-1.453153e-04,2.345642e-06,5.350282e-04,2.011750e-01,-1.212254e-01,6.605958e+00
724,1.522737e-16,-1.267092e-04,1.318553e-05,5.374172e-04,4.006616e-01,6.623922e-01,7.512167e+00
725,7.763471e-17,-1.360201e-04,1.641152e-05,5.383468e-04,1.428788e-02,4.616583e-01,1.220920e+01
726,6.726414e-17,-1.463293e-04,4.849223e-06,5.273875e-04,1.028243e+00,1.362557e-02,1.063090e+01
727,1.074917e-16,-1.406414e-04,1.491074e-05,5.473377e-04,1.480441e+00,4.824720e-01,7.895538e+00
728,3.915405e-18,-1.453137e-04,2.350204e-06,5.399124e-04,9.610966e-02,5.045768e-02,5.790008e+00
729,1.376011e-18,-1.398304e-04,4.694899e-06,5.496600e-04,-2.303996e-02,-8.114830e-02,2.039899e+01
730,4.825528e-18,-1.336767e-04,1.357950e-06,5.280812e-04,-3.568848e-01,3.929753e-01,1.000523e+01
731,1.334127e-18,-1.398506e-04,4.692496e-06,5.293877e-04,-6.977891e-02,6.912536e-02,5.539063e+00
732,4.506452e-18,-1.273467e-04,4.983677e-06,5.327736e-04,2.643548e-02,4.691018e-01,4.143987e+00
733,1.250906e-18,-1.453175e-04,2.361699e-06,5.443905e-04,-3.632864e-02,-3.973224e-01,1.690480e+00
734,3.061139e-18,-1.695639e-04,-7.861100e-07,5.066956e-04,-5.087133e-01,1.384010e-01,3.529346e+00
735,1.317424e-18,-1.679751e-04,-7.808738e-07,5.017081e-04,1.104329e-01,-1.257325e-02,2.726456e+00
736,3.532722e-17,-1.535404e-04,-4.093239e-07,5.258382e-04,-2.584775e-01,1.295483e+00,3.543913e+00
737,9.982034e-17,-1.716177e-04,-1.131915e-05,5.231693e-04,-5.082302e-01,-2.385750e-01,5.303264e+00
738,6.414575e-17,-1.336521e-04,-2.001316e-05,5.121501e-04,1.501275e+00,-4.536688e-01,6.882395e+00
739,3.362755e-18,-1.335856e-04,-1.483363e-05,5.005581e-04,2.175506e-01,4.851927e-01,1.298932e+00
740,2.756947e-17,-1.252836e-04,-6.939216e-06,5.065242e-04,8.024227e-01,-1.468841e+00,5.076367e+00
741,5.971083e-17,-1.364645e-04,-1.698920e-05,5.162366e-04,-1.046398e+00,5.906829e-02,3.270495e+00
742,5.846995e-18,-1.374966e-04,-1.171424e-05,5.071412e-04,-2.713087e-02,-1.086699e-01,3.437391e+00
743,2.672531e-18,-1.453121e-04,-3.122178e-06,5.074132e-04,2.101751e-02,-4.411603e-02,1.365180e+00
744,1.297564e-18,-1.476424e-04,-1.328638e-05,5.125202e-04,-1.967461e-02,-5.228000e-02,4.132980e+00
745,5.731194e-18,-1.273661e-04,-1.056956e-05,5.143092e-04,-2.746253e-01,5.017656e-01,4.182356e+00
746,1.589222e-18,-1.406313e-04,-9.373201e-06,5.179532e-04,4.467142e-02,-1.371187e-01,2.020382e+00
747,4.600410e-17,-1.729511e-04,-1.730591e-05,5.209794e-04,-3.934329e-02,-4.241740e+00,1.643280e+01
748,4.438139e-18,-1.724158e-04,-6.691402e-06,5.022570e-04,-4.660764e+00,-6.112714e-01,2.737266e+01
749,1.226932e-16,-1.610556e-04,-8.960778e-06,5.005414e-04,-1.007979e+00,-3.787260e+00,8.369589e+00
750,1.691593e-18,-1.719329e-04,-1.626800e-05,5.093326e-04,3.682447e-01,-4.771850e+00,1.507669e+01
751,7.634881e-18,-1.631046e-04,-1.337315e-05,5.087295e-04,8.981164e-01,-8.485140e-01,2.002714e+00
752,4.014695e-18,-1.719012e-04,-1.456579e-05,5.052196e-04,1.623800e-01,-3.553922e+00,1.414314e+01
753,6.586952e-18,-1.718761e-04,-1.220843e-05,4.999867e-04,8.035883e-02,-3.336105e+00,1.387538e+01
754,2.237568e-18,-1.601486e-04,-5.463997e-06,5.152102e-04,-1.491173e-01,9.195030e-02,2.676808e+00
755,2.262582e-18,-1.578425e-04,-1.479729e-05,5.184430e-04,1.469119e-01,-1.980627e-01,1.404331e+00
756,4.317273e-18,-1.578178e-04,-1.484627e-05,5.103005e-04,-2.324965e-01,-2.981880e-01,-1.229604e-01
757,1.770565e-18,-1.485478e-04,3.907864e-06,5.199947e-04,9.661097e-02,8.634710e-02,9.729491e+00
758,6.202498e-18,-1.408422e-04,1.996805e-05,5.210174e-04,5.926393e-01,1.925930e-01,6.447856e+00
759,2.779391e-18,-1.343745e-04,1.562009e-05,5.235943e-04,-7.532672e-04,5.302629e-02,1.274074e+01
760,3.215412e-18,-1.421802e-04,7.803485e-06,5.121339e-04,2.323748e-03,1.375960e-01,4.898282e+00
761,4.684122e-18,-1.262085e-04,2.372087e-06,5.227895e-04,-1.153297e-01,3.471991e-01,5.282021e+00
762,2.392395e-18,-1.484419e-04,3.905542e-06,5.067896e-04,-3.642717e-02,1.623773e-01,7.474317e+00
763,3.402903e-17,-1.275138e-04,3.199376e-06,5.043251e-04,1.098667e+00,-9.027642e-01,6.380462e+00
764,1.424753e-18,-1.484381e-04,3.905756e-06,5.117260e-04,5.968412e-02,1.140500e-01,7.267529e+00
765,2.519430e-19,-1.253908e-04,7.422543e-06,5.209806e-04,-4.399939e-01,-3.103064e-01,4.505394e+00
766,5.822902e-18,-1.344991e-04,1.562316e-05,5.032743e-04,-3.263460e-01,1.695338e-01,6.404648e+00
767,1.131520e-18,-1.375006e-04,9.367666e-06,5.164033e-04,3.970896e-03,9.449886e-02,4.839221e+00
768,1.341094e-18,-1.398389e-04,4.689249e-06,5.117447e-04,2.223662e-01,5.810707e-02,4.596823e+00
769,2.782642e-18,-1.445538e-04,8.620804e-06,5.144082e-04,-1.111500e-01,4.134896e-01,5.457740e+00
770,3.542164e-18,-1.398436e-04,4.690199e-06,5.052052e-04,1.296202e-01,1.990982e-01,4.996355e+00
771,6.725746e-18,-1.243945e-04,2.169317e-05,5.231713e-04,-6.465470e-01,8.458455e-01,-8.235752e-01
772,2.724602e-17,-1.542392e-04,1.045842e-05,5.411811e-04,2.109275e+00,-2.126998e-01,1.573258e+01
773,6.890637e-17,-1.737958e-04,-1.062575e-06,5.407087e-04,9.858190e-01,1.209401e+00,6.740254e+00
774,7.301627e-18,-1.664055e-04,2.347995e-06,5.410056e-04,4.442184e-01,5.646929e-01,8.135485e+00
775,6.164897e-17,-1.661036e-04,2.342541e-06,5.414341e-04,-2.565370e-01,7.939591e-01,8.382692e+00
776,2.015062e-18,-1.571640e-04,1.407674e-05,5.409025e-04,5.358150e-02,-9.461190e-04,4.572033e+00
777,3.257038e-17,-1.663566e-04,1.189073e-05,5.254742e-04,-8.885936e-01,1.649591e+00,3.311048e+00
778,2.145642e-17,-1.691122e-04,1.725725e-05,5.333918e-04,-5.948441e-02,-6.467920e-01,3.294828e+00
779,1.369884e-18,-1.523431e-04,1.563152e-05,5.361997e-04,1.599690e-01,-1.797935e-03,2.143711e+00
780,7.685090e-18,-2.257802e-04,-1.796883e-05,5.275290e-04,-1.295098e-02,3.698300e-02,4.179491e+00
781,2.322448e-17,-2.333270e-04,-5.254239e-07,5.328084e-04,1.340290e-01,1.167786e+00,2.044802e+01
782,9.945545e-17,-2.486972e-04,-1.433612e-05,5.315068e-04,6.499825e-02,-1.577159e+00,1.125959e+01
783,7.070651e-18,-2.322642e-04,-9.849764e-06,5.493324e-04,-1.252593e+00,4.907611e-01,1.207747e+01
784,4.636089e-18,-2.492739e-04,-7.809487e-07,5.406958e-04,-9.748340e-02,-1.389217e-01,4.518902e+00
785,7.568822e-18,-2.347555e-04,-3.910048e-06,5.369502e-04,-3.002229e+00,-5.287050e-02,5.056639e+00
786,1.057559e-18,-2.335934e-04,7.820534e-07,5.459031e-04,8.921393e-02,-1.717999e-01,-6.373779e-02
787,3.983452e-18,-2.390640e-04,-1.328394e-05,5.452098e-04,-6.660675e-03,-3.732217e-02,3.653945e-01
788,2.345270e-19,-2.332001e-04,3.900126e-07,5.481561e-04,1.121837e-01,7.909745e-03,1.213007e-01
789,9.077182e-17,-2.486354e-04,6.123907e-06,5.244223e-04,-4.948623e-02,6.157737e-01,8.777467e+00
790,1.548457e-18,-2.496081e-04,-7.811121e-06,5.289821e-04,-1.566485e-01,1.300098e-01,1.157767e+01
791,1.036777e-17,-2.493094e-04,1.427928e-05,5.245489e-04,9.404644e-02,5.553609e-01,8.903985e+00
792,1.621226e-17,-2.307209e-04,1.537957e-05,5.396273e-04,-4.500846e+00,-5.538767e-01,9.036357e+00
793,8.245607e-18,-2.475550e-04,1.510491e-05,5.407345e-04,1.589326e-01,-4.944260e-01,1.023145e+01
794,1.014884e-17,-2.368752e-04,9.145080e-06,5.462171e-04,-3.645109e-02,-5.629079e-01,9.743023e+00
795,5.145821e-18,-2.310916e-04,2.363690e-06,5.298278e-04,-6.531306e-01,-4.884233e-01,6.431799e+00
796,5.862703e-19,-2.496051e-04,4.684212e-06,5.331644e-04,-2.789117e-01,-4.892702e-02,4.430643e+00
797,1.748074e-18,-2.496077e-04,2.344032e-05,5.320591e-04,-1.297827e-01,-1.099718e+00,9.213181e+00
798,1.094820e-17,-2.492072e-04,4.829061e-06,5.490848e-04,-7.707989e-01,-1.025728e+00,1.235968e+01
799,2.091195e-18,-2.280741e-04,1.481051e-05,5.427710e-04,8.430532e-02,-9.127976e-02,1.850666e-01
800,5.749406e-17,-2.327130e-04,-1.190917e-05,5.038280e-04,-2.265431e+00,4.373671e-01,2.092152e+01
801,1.505556e-16,-2.382257e-04,-1.257101e-05,5.107264e-04,-1.757923e+00,-2.441998e-01,7.567202e+00
802,3.835240e-17,-2.308992e-04,-3.666568e-06,5.154994e-04,2.294918e+00,-3.210552e-02,1.627958e+01
803,5.923774e-17,-2.487295e-04,-2.142469e-05,5.009235e-04,-1.106775e-01,-8.882521e-01,7.415808e+00
804,3.619832e-17,-2.276872e-04,-8.826960e-06,5.130669e-04,-8.090620e-01,4.576292e-02,1.455523e+01
805,1.980428e-17,-2.491618e-04,-7.791808e-06,5.112854e-04,-3.390260e-01,4.505713e-02,1.094284e+01
806,5.191681e-19,-2.246099e-04,-8.582034e-06,5.055667e-04,2.490913e-02,-1.405785e-01,9.926721e+00
807,2.041408e-17,-2.376178e-04,1.717930e-05,5.232867e-04,1.662729e-03,1.516629e+00,5.567608e+00
808,3.045441e-19,-2.347644e-04,-2.733094e-06,5.202293e-04,1.493272e-01,-1.335223e-01,1.270217e+01
809,5.320978e-17,-2.305749e-04,-5.557729e-06,5.015127e-04,1.238162e-01,1.404086e-01,1.462985e+01
810,1.229022e-17,-2.443640e-04,2.194030e-05,5.118990e-04,-1.538887e+00,-3.438211e-01,2.589753e+00
811,2.808553e-18,-2.371238e-04,-2.293531e-06,5.016281e-04,6.490584e-01,-4.839888e-03,9.743755e+00
812,3.376277e-18,-2.281252e-04,1.476632e-05,5.164952e-04,-1.061366e-02,-4.060396e-01,1.601959e+00
813,5.047695e-17,-2.376089e-04,-6.457058e-06,5.201073e-04,5.856963e-01,4.476705e-01,5.388823e+00
814,4.201642e-18,-2.259572e-04,8.595359e-06,5.087595e-04,9.030161e-01,1.128416e-02,1.114610e+01
815,1.959543e-17,-2.248818e-04,2.190504e-05,5.153355e-04,2.045789e-01,1.685436e+00,6.424724e+00
816,3.691220e-17,-2.234851e-04,-4.360170e-06,5.146863e-04,1.014185e+00,1.051588e+00,3.080554e+00
817,7.659330e-18,-2.343748e-04,-1.015793e-05,5.165429e-04,-1.274725e-01,-7.360595e-02,2.518725e+00
818,8.300530e-18,-2.441509e-04,-1.163555e-06,5.136982e-04,4.292098e-01,7.561927e-01,5.517209e-01
819,4.847941e-17,-2.177297e-04,-7.990826e-06,5.262811e-04,1.646017e-01,2.349266e-01,1.137296e+01
820,1.962101e-16,-2.175010e-04,-8.301093e-06,5.261795e-04,3.666749e-01,-9.935882e-02,1.090842e+01
821,5.439658e-19,-2.203002e-04,-3.902446e-07,5.124960e-04,-5.700098e-02,-2.909830e-01,7.686715e+00
822,2.346210e-17,-2.026490e-04,-1.837340e-05,5.111189e-04,-2.534059e-01,4.093395e-01,5.426201e+00
823,7.323452e-18,-2.086044e-04,-9.525378e-06,5.223549e-04,3.114481e-02,3.439813e-01,7.075346e+00
824,1.124026e-17,-2.055570e-04,-1.393740e-05,5.058032e-04,1.408960e-01,4.334836e-01,3.594208e+00
825,1.152357e-17,-2.185781e-04,-1.015452e-05,5.012695e-04,2.750978e-01,-1.039291e-01,8.315546e+00
826,3.564899e-18,-2.187510e-04,-1.015806e-05,5.144703e-04,-6.119115e-02,-6.819419e-01,1.036832e+01
827,1.685604e-16,-1.975880e-04,1.268804e-06,5.149808e-04,1.347328e-01,3.736893e-01,6.209497e+00
828,1.477119e-18,-2.109432e-04,-8.583432e-06,5.133182e-04,-8.210703e-02,-2.500602e-01,7.858492e+00
829,6.379377e-19,-2.132787e-04,-1.679804e-05,5.140860e-04,5.300250e-01,4.111632e-02,-1.318270e+00
830,2.245266e-18,-2.039027e-04,-2.341135e-06,5.097672e-04,-7.726646e-03,-2.383964e-01,3.748207e+00
831,4.941036e-18,-2.187476e-04,-1.015452e-05,5.101255e-04,-1.645673e-02,-4.527375e-01,1.050800e+01
832,3.315044e-17,-2.202911e-04,1.927316e-06,5.182202e-04,4.304743e+00,-2.994555e+00,1.600575e+01
833,4.016115e-17,-2.135159e-04,2.005100e-06,5.062913e-04,2.906194e+00,7.376527e-01,7.989828e+00
834,1.393505e-16,-2.153745e-04,-1.676928e-05,5.476833e-04,1.783096e-02,2.481634e-01,8.850944e+00
835,6.827202e-17,-2.041363e-04,-1.153595e-05,5.400869e-04,-3.948779e-01,9.965064e-01,9.295971e+00
836,4.496607e-18,-1.988729e-04,-5.470533e-06,5.289634e-04,-1.997441e-01,3.114097e-02,8.776524e+00
837,1.094884e-17,-2.028669e-04,-2.342685e-06,5.427773e-04,2.959413e+00,-8.158774e-01,7.004377e+00
838,9.350718e-17,-2.031357e-04,-1.901508e-06,5.426667e-04,2.937552e+00,-8.562307e-01,7.124994e+00
839,4.761281e-18,-2.226552e-04,-1.406809e-05,5.452883e-04,-3.947341e-02,-2.497795e-01,8.707261e+00
840,1.214480e-18,-1.875856e-05,-1.828389e-04,4.759678e-04,1.228910e-01,-3.592357e-01,-3.481517e-01
841,2.820026e-17,-1.336307e-05,-1.738604e-04,4.773652e-04,5.861142e-01,-7.578303e-01,1.116291e+00
842,3.994058e-18,-3.932124e-06,-1.892917e-04,4.777300e-04,-3.889215e-01,-2.447007e-01,-5.093564e-01
843,1.285654e-18,1.210952e-05,-1.999799e-04,4.732112e-04,-2.487934e+00,3.866963e-01,-2.548956e+00
844,5.744550e-19,1.132938e-05,-2.000545e-04,4.720580e-04,-2.062392e+00,2.349441e-02,-3.022500e+00
845,2.985054e-18,7.833018e-06,-1.992434e-04,4.717247e-04,3.685827e-02,1.466911e-01,-5.301381e+00
846,1.069016e-18,1.289130e-05,-2.000046e-04,4.748264e-04,-2.040888e+00,1.418747e-01,-1.400568e+00
847,3.975842e-19,5.077689e-06,-1.792964e-04,4.728533e-04,1.419705e+00,-8.031121e-01,-3.161333e+00
848,9.344048e-19,5.077881e-06,-1.959520e-04,4.733923e-04,-2.705207e+00,-2.178014e+00,-3.330624e+00
849,2.138223e-17,-3.701609e-06,-1.633679e-04,4.782677e-04,1.443761e-01,-6.004717e-01,2.296497e+00
850,5.483082e-19,-3.884535e-06,-1.613282e-04,4.736335e-04,-6.689869e-02,-2.559090e+00,-1.208578e+00
851,3.261409e-18,7.558840e-07,-1.594344e-04,4.777975e-04,3.465101e-01,4.700930e-01,3.076948e+00
852,1.269048e-16,-3.991961e-05,-7.001027e-08,4.919946e-04,-1.914149e+00,9.062638e-01,1.585686e+01
853,2.057256e-16,-4.695359e-05,3.878794e-06,5.100705e-04,-2.480425e-01,-2.030477e+00,1.167983e+01
854,9.224563e-18,-3.280839e-05,-8.357665e-07,5.182178e-04,2.469701e-01,-3.949227e-01,1.064056e+01
855,1.606088e-17,-3.090245e-05,8.496464e-06,5.259297e-04,9.932118e-01,-1.550117e+00,7.697626e+00
856,1.828675e-18,-3.828125e-05,1.859144e-05,5.265933e-04,4.947624e-01,-2.922202e-01,8.071287e+00
857,3.878856e-17,-4.491526e-05,1.267871e-05,5.280113e-04,-4.302436e-01,2.101095e-01,6.755394e+00
858,6.709089e-17,-5.021846e-05,1.261487e-05,5.465163e-04,-9.608252e-01,-8.206765e-02,9.165757e+00
859,3.748397e-17,-2.352523e-05,2.362534e-05,5.369227e-04,1.757898e-01,2.293716e+00,8.271170e+00
860,4.211344e-17,-3.184375e-05,3.370395e-06,5.302091e-04,-2.019853e-01,8.684660e-01,3.869148e+00
861,2.029515e-18,-4.140014e-05,1.640909e-05,5.312902e-04,-5.726821e-01,-1.276625e-01,5.607739e+00
862,1.179950e-18,-3.828159e-05,1.871704e-05,5.339260e-04,1.928912e-04,1.432329e-01,7.616843e+00
863,2.060580e-18,-3.630569e-05,1.699221e-05,5.497487e-04,5.696538e-01,-6.867899e-01,2.092382e+01
864,1.501492e-18,-4.062417e-05,7.035305e-06,5.496853e-04,-1.225394e-02,1.851960e-02,1.184368e+01
865,3.039132e-18,-4.452597e-05,3.128658e-06,5.440606e-04,-2.207323e-01,-1.540082e-02,2.393259e+00
866,2.481445e-18,-3.594446e-05,4.689331e-06,5.364686e-04,-1.023769e-01,-4.103577e-02,9.302075e-01
867,4.052815e-17,-3.468469e-05,1.478348e-05,5.005942e-04,2.642281e-01,2.796599e-01,6.562720e+00
868,1.646768e-16,-5.354723e-05,1.352865e-06,5.227746e-04,6.843121e-01,1.552526e+00,5.694179e+00
869,6.483628e-18,-3.282843e-05,1.327947e-05,5.070632e-04,3.911806e-02,5.522823e-01,4.988621e+00
870,3.387017e-17,-4.520666e-05,1.086957e-05,5.009403e-04,8.945009e-01,-7.362987e-03,1.190861e+01
871,4.736653e-18,-3.280790e-05,1.328214e-05,5.195393e-04,3.796597e-02,1.216240e-01,8.320135e+00
872,3.854807e-17,-3.535265e-05,3.908990e-06,5.137393e-04,-1.865467e-01,-2.031913e-01,2.285915e+00
873,3.079467e-18,-3.828416e-05,1.872892e-05,5.175387e-04,-9.720426e-02,7.807949e-02,7.764853e+00
874,3.576781e-17,-1.806403e-05,8.954535e-06,5.383065e-04,-1.350655e+00,-5.046152e-01,4.194522e+01
875,5.382850e-18,-1.561971e-05,9.382728e-06,5.263437e-04,-1.180975e-02,-1.363853e+00,3.677523e+01
876,8.970125e-17,-1.195429e-05,1.300794e-05,5.336166e-04,1.822982e+00,1.048503e+00,7.707888e+00
877,2.052903e-18,-2.342671e-05,9.379110e-06,5.334584e-04,1.710882e-01,7.786016e-02,7.662459e+00
878,1.218022e-17,-1.796580e-05,4.279609e-06,5.370206e-04,-4.129282e-02,-9.738792e-02,9.925483e+00
879,4.027552e-17,-2.670887e-06,1.580327e-05,5.398789e-04,-4.610057e-01,1.164608e+00,6.522205e+00
880,7.859309e-18,-1.638833e-05,9.388214e-06,5.332983e-04,-3.331231e-01,-6.747400e-01,4.359809e+01
881,2.696283e-18,-1.173223e-05,7.812665e-06,5.267111e-04,2.596813e-01,8.071968e-02,5.260722e+00
882,1.373683e-17,-1.943534e-06,1.423051e-05,5.485387e-04,-2.352025e+00,-9.149501e-01,1.054459e+01
883,2.350644e-17,-3.877737e-06,4.271211e-06,5.485742e-04,2.544686e-01,-6.461474e-01,1.082884e+01
884,1.249749e-18,-1.874904e-05,1.562549e-05,5.429474e-04,6.436217e-03,-9.500957e-02,-1.714848e+00
885,3.160448e-17,-1.288835e-05,1.601814e-05,5.108362e-04,5.227591e-01,-5.143705e-01,6.109200e+00
886,1.047230e-16,-1.820015e-05,5.953396e-06,5.046370e-04,3.600502e+00,-4.349346e-01,8.068458e+00
887,1.175634e-17,-1.644385e-05,1.949515e-05,5.127872e-04,-8.957024e-02,-2.875951e+00,-5.343157e-01
888,4.547316e-18,-1.558282e-05,9.320637e-06,5.218415e-04,-2.436356e-01,-1.174103e+00,3.434762e+01
889,2.656538e-18,-7.806930e-06,2.031499e-05,5.206872e-04,-2.012970e-01,-1.602248e-02,6.109293e+00
890,7.246259e-18,-4.561354e-06,4.165512e-06,5.028807e-04,3.021731e-01,-1.681195e+00,5.363513e-01
891,3.188632e-18,-1.171453e-05,7.811537e-06,5.206368e-04,-6.015327e-02,-5.989848e-03,4.855621e+00
892,1.278036e-17,-1.563165e-05,9.346325e-06,5.137085e-04,3.959940e-02,-1.820664e+00,3.002517e+01
893,7.494584e-18,-2.305654e-05,1.639950e-05,5.140872e-04,-2.033418e+00,2.083680e-01,1.226046e+00
894,2.895923e-18,-7.804465e-06,1.950788e-05,5.174415e-04,-7.564352e-02,2.984225e-01,9.115104e+00
895,9.802330e-18,-1.558250e-05,9.396393e-06,5.038894e-04,2.025986e-01,-2.338036e-01,2.518418e+01
896,4.858039e-16,-3.474146e-05,-8.239744e-06,5.193557e-04,-4.388664e-01,1.299949e-01,1.171809e+01
897,6.430343e-18,-4.531272e-05,-9.368023e-06,5.004387e-04,2.712057e-02,-2.520045e-01,1.953864e+01
898,1.986012e-17,-4.182371e-05,-9.274695e-06,5.074230e-04,2.319667e+00,4.415584e-01,2.191441e+01
899,5.278933e-18,-3.437117e-05,-2.198910e-05,5.117787e-04,2.232048e-01,9.999558e-01,1.855263e+01
900,1.310364e-17,-3.515968e-05,-1.403399e-05,5.082404e-04,-1.086770e-01,1.533694e-01,1.317592e+01
901,3.977244e-17,-4.941723e-05,-6.334789e-06,5.013767e-04,-5.545281e-02,1.295475e+00,6.357921e+00
902,6.325360e-17,-4.766465e-05,-3.030856e-06,5.131901e-04,-1.188995e+00,1.746048e+00,1.283946e+01
903,3.918145e-18,-4.926137e-05,-1.527221e-06,5.010263e-04,-6.222566e-01,-4.149271e-02,1.036554e+01
904,3.470381e-18,-3.437391e-05,-1.951758e-05,5.067336e-04,-2.805634e-01,1.814834e+00,1.639853e+01
905,6.122753e-19,-4.257704e-05,-5.075260e-06,5.221284e-04,-1.155924e+00,-3.963273e-01,1.469814e+01
906,6.418119e-18,-3.517913e-05,-1.637882e-05,5.262502e-04,-8.508623e-02,3.340460e-01,1.925464e+01
907,1.226492e-18,-4.217925e-05,-1.797469e-05,5.094641e-04,9.615000e-02,2.059223e-02,-7.589812e-01
908,1.153927e-17,-3.437443e-05,-1.894569e-05,5.019974e-04,-1.014600e-01,1.731775e-01,1.579355e+01
909,2.421576e-17,-4.832134e-05,-1.872509e-05,5.151772e-04,2.416394e+00,3.791805e-01,5.449620e+00
910,1.224340e-18,-3.983408e-05,-1.638810e-05,5.032650e-04,6.016488e-02,-1.402003e-01,-2.371634e+00
911,2.543912e-18,-4.850054e-05,-1.166780e-05,5.099353e-04,6.706989e-02,-3.654940e-01,2.084875e+00
912,7.386981e-19,-4.138017e-05,-1.054843e-05,5.024865e-04,1.531631e+00,3.432946e+00,9.124567e+00
913,1.844953e-18,-4.927944e-05,-1.497131e-06,5.060182e-04,4.772490e-02,-4.864241e-03,1.161960e+01
914,2.088003e-17,-4.148272e-05,-1.275562e-05,4.754543e-04,-1.987902e-01,1.934497e+00,2.051586e+00
915,2.987821e-18,-4.135817e-05,-1.603052e-06,4.754412e-04,-4.098956e-01,-3.818604e-02,9.064644e-01
916,3.512421e-18,-4.608250e-05,-6.493915e-06,4.772009e-04,7.606341e-01,2.686023e+00,3.240983e-01
917,1.193588e-18,-4.613060e-05,-5.078516e-06,4.747815e-04,-3.118689e+00,2.017897e+00,-1.334495e+00
918,8.997793e-18,-2.565390e-05,1.320974e-05,4.745202e-04,-2.234094e+00,-2.041804e+00,1.303489e+00
919,2.418893e-17,-5.139179e-05,6.140501e-06,4.764424e-04,2.907651e+00,-2.394286e+00,1.866549e+00
920,1.785635e-18,-4.852304e-05,1.714530e-05,4.734955e-04,-6.913976e-02,3.855968e-01,-3.502042e+00
921,6.337854e-19,-6.445441e-05,-1.402079e-05,4.751805e-04,-7.552717e-02,-4.638766e+00,6.510613e+00
922,2.619032e-19,-6.445340e-05,-1.523537e-05,4.712805e-04,-4.977872e+00,-3.869031e+00,6.420628e-01
923,5.129903e-17,-7.258863e-05,-1.244612e-05,4.743292e-04,-8.408894e-01,2.053569e-02,-2.345905e+00
924,2.656954e-19,-6.210949e-05,-1.132670e-05,4.712775e-04,-2.491117e+00,5.202560e+00,-1.510616e+00
925,2.808585e-19,-6.054689e-05,-5.857677e-06,4.697281e-04,-8.971869e+00,3.339545e-01,-9.549361e+00
926,2.489783e-19,-5.351599e-05,-6.640053e-06,4.689426e-04,2.226240e-01,4.042425e+00,-8.194739e+00
927,1.037076e-18,-5.380286e-05,-7.615676e-06,4.736291e-04,9.148775e-01,1.960523e+00,-7.688302e-01
928,9.924451e-19,-6.960629e-05,-6.640669e-06,4.734074e-04,4.911957e-01,1.457562e+00,-2.970068e+00
929,1.393706e-18,-6.318392e-05,-7.804305e-07,4.751997e-04,-1.038405e+00,-5.061151e-01,-5.342767e+00
930,3.312556e-17,-5.936105e-05,3.643024e-06,4.829055e-04,-8.122734e-02,5.095123e-01,8.500539e+00
931,1.348124e-17,-1.263819e-05,1.756385e-04,5.494471e-04,-1.638781e+00,3.562672e+00,2.357209e+01
932,1.087905e-18,-6.261051e-06,1.742167e-04,5.383967e-04,9.388222e-02,-1.538930e-01,3.291703e+00
933,7.108015e-17,-5.487382e-07,1.742980e-04,5.011151e-04,6.157436e-01,-3.438600e-01,1.294890e+01
934,4.954394e-18,1.872954e-05,1.750176e-04,5.150360e-04,6.588911e-01,1.181969e-01,4.898623e+00
935,1.416458e-16,6.604674e-06,1.721250e-04,5.260375e-04,9.838282e-01,-2.275967e-01,5.220171e+00
936,8.436022e-17,-1.561479e-05,1.776122e-04,5.237523e-04,3.264734e-01,-1.425072e-01,9.616951e+00
937,1.374507e-16,-5.520955e-06,1.643672e-04,5.189360e-04,4.426866e-01,1.329294e-01,1.524494e+01
938,3.141157e-17,-1.116032e-05,1.642171e-04,5.124010e-04,-8.933388e-01,-1.292727e+00,1.894943e+01
939,3.094449e-18,-1.327741e-05,1.609350e-04,5.245061e-04,3.305476e-01,-1.127458e-01,9.019374e+00
940,9.673872e-18,-1.083608e-05,1.721559e-04,5.124246e-04,3.214356e-01,6.994331e-01,2.625770e+01
941,7.416787e-19,-4.043299e-06,1.587088e-04,5.163853e-04,-5.635715e-01,-2.237128e-01,7.967375e+00
942,2.198810e-18,-1.093909e-05,1.639274e-04,5.045703e-04,1.334736e+00,1.752371e-01,1.417923e+01
943,2.771910e-18,-2.348565e-06,1.531231e-04,5.060089e-04,1.146305e+00,2.579878e-01,4.928894e+00
944,7.722759e-18,-2.120057e-05,1.661835e-04,5.193589e-04,1.036845e+00,6.086645e-01,4.553749e+00
945,3.595939e-18,-1.016224e-05,1.695218e-04,5.013190e-04,-6.909126e-01,7.558833e-01,1.860068e+01
946,1.917656e-17,-2.427678e-05,1.680234e-04,4.995949e-04,-3.609487e-01,-5.183814e-01,-3.719026e-01
947,4.839388e-18,-1.250034e-05,1.640663e-04,5.216687e-04,-2.011613e-01,8.003106e-01,2.141481e+01
948,8.076960e-18,-8.589799e-06,1.577976e-04,5.033892e-04,1.308523e-02,1.878743e-01,9.437450e+00
949,6.228951e-18,-1.874492e-05,1.624927e-04,5.156163e-04,1.218671e-01,-3.185334e-02,6.223216e+00
950,4.202395e-18,-1.176124e-05,1.688913e-04,5.082441e-04,6.225288e-01,7.805619e-01,4.850787e+00
951,1.135230e-18,-7.026919e-06,1.585892e-04,5.094368e-04,-2.047173e-01,-1.790729e-01,8.670521e+00
952,1.351410e-17,-3.674103e-07,1.531222e-04,5.127638e-04,4.302743e-01,-1.990772e-02,7.854387e+00
953,2.654966e-18,-4.684215e-06,1.656243e-04,5.120813e-04,4.875892e-01,-1.520878e-01,1.745812e+01
954,9.112333e-18,-4.686416e-06,1.657010e-04,5.038959e-04,-2.162832e-01,-3.417081e-01,1.018552e+01
955,2.119835e-17,-7.613447e-06,1.692466e-04,5.326361e-04,-4.230061e-01,1.176162e+00,1.410926e+01
956,5.159936e-17,-1.623900e-05,1.679820e-04,5.305978e-04,-1.041570e+00,1.007341e+00,1.792119e+01
957,2.121432e-17,1.172719e-05,1.565975e-04,5.142654e-04,-3.416849e-02,-3.368953e-01,5.840689e+00
958,4.305977e-17,-4.396089e-06,1.587736e-04,5.286424e-04,6.496877e-01,1.627612e+00,9.611735e+00
959,4.094367e-18,1.016269e-05,1.521311e-04,5.075813e-04,4.327909e-01,-1.693889e+00,5.049358e+00
960,1.172221e-18,-1.330527e-05,1.687385e-04,5.369375e-04,-3.167811e-01,-2.469866e-01,6.061827e+00
961,4.972498e-18,-1.328295e-05,1.609415e-04,5.354412e-04,1.419270e-01,2.233991e-02,7.220488e+00
962,1.314725e-18,-2.109811e-05,1.734319e-04,5.445197e-04,2.210928e-03,-3.978737e-02,-2.886186e-01
963,2.887859e-17,5.249827e-06,1.621120e-04,5.265245e-04,4.535534e+00,1.110961e+00,1.513845e+01
964,9.453915e-18,1.250178e-05,1.585930e-04,5.017363e-04,-9.597839e-02,-6.432303e-02,4.508105e+00
965,1.487695e-18,3.904891e-06,1.617150e-04,5.132967e-04,4.204668e-01,-2.648002e-01,3.335491e+00
966,3.602351e-18,1.485155e-05,1.718752e-04,5.129010e-04,1.740389e-01,1.004039e-01,3.189246e+00
967,3.359034e-18,-1.093557e-05,1.763717e-04,5.220224e-04,-2.861067e-01,3.907642e+00,2.986875e+01
968,4.208756e-17,-5.784021e-06,1.765729e-04,4.989538e-04,-1.405340e+00,-2.766600e+00,1.806906e+01
969,2.161615e-16,-1.011763e-05,1.841678e-04,5.084818e-04,2.090731e-01,8.780418e-01,3.566217e+00
970,7.284207e-18,-5.469174e-06,1.929678e-04,5.350501e-04,-1.350652e+00,5.834908e-01,7.369129e+00
971,7.534134e-17,-5.774791e-06,1.925448e-04,5.348865e-04,-9.737552e-01,4.964397e-01,7.309310e+00
972,1.661814e-16,-1.352357e-05,2.019716e-04,5.098831e-04,-7.737440e-02,-7.583913e-01,9.388172e+00
973,3.018234e-17,-1.531836e-05,1.973272e-04,5.246552e-04,3.091842e-01,2.656837e-01,6.168552e+00
974,1.011906e-16,3.293669e-07,1.902380e-04,5.405382e-04,-1.051230e+00,1.613730e+00,7.392237e+00
975,1.606281e-18,-6.252039e-06,1.992159e-04,5.406360e-04,-2.215512e-02,2.822546e-02,5.430461e+00
976,1.010062e-18,-1.014271e-05,1.851389e-04,5.407387e-04,3.430148e-03,-2.558043e-02,-2.350344e-02
977,5.213030e-17,-7.372358e-06,1.913275e-04,5.179904e-04,-1.305809e+00,1.115428e+00,5.251558e+00
978,2.811348e-17,-5.880527e-06,1.965214e-04,5.227501e-04,-1.381028e+00,-2.228330e+00,5.233040e+00
979,9.147782e-18,-1.987666e-05,1.817554e-04,5.055862e-04,3.322237e-01,2.809586e-01,3.655946e+00
980,1.556835e-18,-8.598436e-06,1.953108e-04,5.048081e-04,-4.491903e-01,-9.881093e-02,2.206578e+00
981,1.274144e-17,-2.105531e-05,1.932459e-04,5.096222e-04,6.349253e-01,1.548871e-01,4.025502e+00
982,3.991539e-18,-3.911858e-06,1.929691e-04,5.040017e-04,-1.141441e-01,4.742846e-02,3.262973e-01
983,3.761191e-18,5.468103e-06,1.835916e-04,5.221523e-04,-2.185292e-01,-1.735545e-01,1.508820e+01
984,6.574108e-17,5.143590e-06,1.832906e-04,5.219953e-04,-6.903242e-01,2.309405e-01,1.473146e+01
985,1.831158e-16,1.618418e-05,1.959330e-04,5.235357e-04,3.516005e-01,4.915943e-01,6.174946e+00
986,1.291150e-17,1.108859e-05,1.812589e-04,4.999153e-04,1.212091e+00,-1.425515e-02,7.272127e+00
987,3.373219e-17,1.397382e-05,2.011598e-04,5.157057e-04,1.267778e+00,-1.215365e-01,5.502810e+00
988,5.063587e-18,3.126536e-06,1.851588e-04,5.086937e-04,-1.403541e-01,-1.254309e-01,1.200795e+01
989,6.553745e-18,1.438985e-05,1.945053e-04,5.070582e-04,-6.947166e-01,-1.041627e+00,3.588642e+00
990,1.471558e-18,3.120700e-06,1.851600e-04,5.163928e-04,2.171061e-02,1.397203e-01,1.341251e+01
991,2.449685e-18,1.327535e-05,1.836056e-04,5.075141e-04,3.658606e-01,-7.571809e-02,1.672092e+00
992,2.893358e-18,3.115158e-06,1.913982e-04,5.051497e-04,-8.596798e-02,1.222693e-01,4.877711e+00
993,2.923765e-17,1.416977e-05,1.875014e-04,5.026854e-04,1.084478e+00,5.190885e-01,2.364196e+00
994,1.491925e-16,2.082317e-05,2.017406e-04,5.406043e-04,3.306417e-01,-5.618401e-01,4.069979e+00
995,4.212242e-17,1.680635e-05,1.765101e-04,5.426730e-04,-3.032424e-01,-4.288756e-01,4.443499e+00
996,5.266164e-18,3.156266e-06,1.882831e-04,5.471884e-04,2.444087e-02,1.126790e-01,5.522626e+00
997,3.325395e-18,9.441692e-06,1.906273e-04,5.427955e-04,-3.441830e-01,1.085854e-02,1.938946e+00
998,1.029362e-18,1.876342e-05,1.960919e-04,5.475361e-04,-9.733908e-02,1.263792e-01,7.464794e-01
999,1.264261e-18,-2.531254e-06,2.365204e-04,4.765960e-04,-2.580455e-01,7.486657e-02,-3.772516e-01
1000,1.190723e-16,-1.348424e-05,2.421807e-04,4.865629e-04,-4.415133e-01,4.388840e-01,6.614712e+00
1001,2.652913e-18,-1.254748e-05,2.046503e-04,4.756680e-04,-1.500288e+00,-1.292785e+00,-7.367790e-01
1002,5.163955e-18,-1.546099e-06,2.030636e-04,4.749817e-04,-5.506935e-01,-9.956778e-01,1.936698e+00
1003,3.817618e-19,-3.514507e-06,2.042977e-04,4.759752e-04,-9.539689e-01,-8.022690e-01,4.595229e+00
1004,1.875473e-17,-1.866773e-05,2.163809e-04,4.841006e-04,-5.365554e-01,2.610191e-02,1.292515e+01
1005,3.143759e-17,-1.587437e-05,2.188168e-04,4.789082e-04,-9.430763e-02,-1.365967e+00,3.769792e+00
1006,1.408379e-17,-1.662542e-05,2.042310e-04,4.775151e-04,4.677848e-01,-1.579991e+00,3.774667e-01
1007,3.122747e-18,-1.773595e-05,2.132490e-04,4.775788e-04,1.403524e+00,-8.619493e-01,3.191005e+00
1008,5.365046e-19,3.905654e-07,2.332032e-04,4.724447e-04,-3.321237e+00,-5.794854e-01,-6.744467e+00
1009,5.125717e-18,-1.312201e-05,1.985792e-04,4.712382e-04,2.256054e-01,1.005128e+00,-1.135167e+01
1010,3.040239e-19,-1.171633e-06,2.035157e-04,4.697326e-04,-4.722731e-01,3.489321e+00,-8.073876e+00
1011,1.198541e-17,-7.727937e-06,2.211024e-04,4.726102e-04,-5.352591e-01,1.649669e+00,-5.451712e+00
1012,1.480775e-16,-7.008607e-06,1.998421e-04,4.805431e-04,9.000198e-01,1.799634e+00,8.083601e-01
1013,7.459512e-17,-1.705619e-05,2.163397e-04,4.947164e-04,-7.069151e-01,-5.490593e-02,7.933518e+00
1014,3.801802e-17,-3.728002e-06,2.050928e-04,4.864093e-04,-1.871733e-01,-1.425707e+00,1.496441e+01
1015,6.237761e-17,-2.304755e-06,2.219676e-04,4.859834e-04,-2.342834e+00,1.442131e-01,3.762212e+00
1016,2.125005e-17,-9.932377e-06,2.095333e-04,4.885711e-04,2.347695e+00,2.817051e+00,4.398104e+00
1017,1.227848e-17,-1.329112e-05,2.156632e-04,4.845269e-04,2.768247e-01,-2.029898e+00,4.776853e+00
1018,4.804092e-19,-6.640387e-06,2.085984e-04,4.970422e-04,-3.777148e-01,-2.188538e-01,4.020189e+00
1019,6.389831e-18,-6.254224e-06,1.995006e-04,4.932333e-04,-1.309618e-01,3.034270e-01,1.497656e+00
1020,2.034899e-17,-8.250983e-06,2.165477e-04,4.802080e-04,-1.383438e+00,1.783177e-01,1.415850e+00
1021,1.127640e-18,-1.249890e-05,2.242139e-04,4.946889e-04,-1.013166e-01,1.160494e-01,3.962561e+00
1022,3.206417e-18,-9.364851e-06,2.046782e-04,4.896690e-04,5.619177e-01,-7.849658e-01,5.610432e+00
1023,1.456340e-17,-1.899008e-05,2.249585e-04,4.995406e-04,-1.427651e+00,2.892232e-01,4.196666e+00
1024,4.538736e-18,-2.343425e-06,2.148441e-04,4.947332e-04,3.094340e-02,-1.045221e-02,3.220329e+00
1025,2.752655e-18,-7.101914e-06,2.086681e-04,4.842191e-04,1.899197e-01,-1.900979e-01,9.520128e-02
1026,8.609783e-18,-1.783451e-05,2.130241e-04,4.874751e-04,2.194275e-01,8.953527e-02,1.263639e+01
1027,1.112725e-18,-1.797852e-05,2.132676e-04,4.829879e-04,2.375682e-01,-5.880863e-01,8.825560e+00
1028,1.065645e-18,-2.336648e-06,2.148354e-04,4.791027e-04,2.574090e-01,-4.416044e-03,-9.973857e-01
1029,1.401948e-16,2.307786e-04,-9.025682e-07,5.227868e-04,8.479370e-01,7.067713e-01,6.683306e+00
1030,1.121932e-17,2.316409e-04,1.180111e-06,5.020863e-04,-1.397634e-01,2.924767e-02,6.907036e+00
1031,7.226085e-17,2.454329e-04,1.843516e-06,5.129991e-04,-1.114355e-01,-1.078651e+00,1.071131e+01
1032,8.321796e-17,2.322895e-04,2.232397e-06,5.163969e-04,3.445563e-01,-1.355526e-01,9.489921e+00
1033,3.570488e-17,2.485013e-04,-4.945775e-06,5.241482e-04,4.734603e+00,-7.765597e-01,1.466372e+01
1034,8.456111e-18,2.329233e-04,-1.310919e-05,5.333230e-04,8.613503e-01,-6.068103e-01,2.745954e+01
1035,1.369097e-16,2.299550e-04,9.861368e-06,5.331974e-04,-3.928163e-01,3.714576e-01,8.266378e+00
1036,2.463857e-18,2.359998e-04,-1.884633e-05,5.471956e-04,1.190221e+00,-2.424129e+00,3.367657e+01
1037,2.087461e-17,2.391490e-04,-2.072203e-05,5.493951e-04,2.930326e+00,-4.303532e+00,3.420906e+01
1038,3.061446e-18,2.429658e-04,-3.121136e-06,5.321056e-04,2.253419e-01,-2.216852e-01,1.309167e+01
1039,3.038757e-17,2.491728e-04,1.520573e-05,5.377448e-04,6.484063e-01,4.914263e+00,1.278420e+01
1040,7.555483e-18,2.429837e-04,-1.178714e-06,5.362428e-04,4.298848e-02,8.215822e-01,1.434332e+01
1041,2.720470e-18,2.496095e-04,-1.077682e-05,5.468452e-04,6.054599e-02,-4.638687e-01,1.169718e+01
1042,1.441851e-18,2.496097e-04,1.557270e-06,5.274415e-04,1.671257e-01,-1.148354e-01,5.135621e+00
1043,2.294008e-18,2.453154e-04,4.698586e-06,5.312896e-04,3.657910e-02,-3.429768e-01,1.023296e+01
1044,9.318787e-18,2.392827e-04,-1.888319e-05,5.284203e-04,-7.275627e-02,-6.709017e-01,6.367478e+00
1045,1.332865e-18,2.429637e-04,1.578368e-09,5.483519e-04,-6.451858e-02,-2.228876e-01,1.425329e+01
1046,4.321542e-18,2.496100e-04,-1.138746e-05,5.412945e-04,-8.783923e-03,-7.378107e-01,1.208846e+01
1047,1.834230e-17,2.423499e-04,1.661444e-05,5.333870e-04,2.851270e-01,-7.358719e-01,3.709596e+00
1048,6.533018e-18,2.344344e-04,3.892702e-06,5.360461e-04,1.983326e-02,2.528161e-02,1.142034e+01
1049,3.491355e-18,2.328292e-04,-1.249765e-05,5.290249e-04,-2.260389e-03,-2.025729e-01,2.642249e+01
1050,1.428348e-18,2.343821e-04,3.915270e-06,5.399764e-04,-8.262400e-02,1.134731e-01,3.015152e+00
1051,9.683973e-19,2.339891e-04,3.904689e-06,5.441118e-04,5.146084e-02,1.770868e-02,2.526219e+00
1052,1.326862e-17,2.492730e-04,1.164031e-05,5.439471e-04,-2.448257e-01,-2.155802e-01,4.364624e+00
1053,1.270663e-18,2.367224e-04,1.327902e-05,5.377740e-04,-1.138184e-01,1.243904e-02,-3.967705e-01
1054,1.313073e-18,2.413875e-04,1.406141e-05,5.483742e-04,9.206587e-02,1.452881e-02,-3.843801e-02
1055,7.575735e-18,2.310485e-04,-1.567563e-05,5.071885e-04,-4.304985e-01,2.450647e-01,2.401889e+01
1056,4.059449e-17,2.330593e-04,-1.831521e-05,5.152743e-04,2.649313e+00,-2.800672e+00,2.745123e+01
1057,5.106736e-18,2.328097e-04,-1.015871e-05,5.149101e-04,-2.405420e-02,1.457629e-02,2.030226e+01
1058,5.938814e-17,2.373473e-04,-3.485248e-06,5.055834e-04,5.415890e-01,1.619886e+00,7.753097e+00
1059,2.023777e-17,2.491824e-04,-1.235385e-05,5.004320e-04,-4.519496e-02,1.807715e+00,8.712217e+00
1060,5.919898e-18,2.429567e-04,-3.911307e-06,5.139503e-04,-1.290042e+00,-9.307014e-02,9.698041e+00
1061,8.999511e-18,2.328046e-04,-1.171464e-05,5.210484e-04,1.265449e-01,-4.842271e-01,2.317587e+01
1062,1.361561e-18,2.453892e-04,-2.413096e-06,5.031267e-04,4.131865e-02,8.013635e-01,3.418455e+00
1063,1.555953e-18,2.320187e-04,-5.476896e-06,5.048182e-04,-1.697177e-01,9.282608e-01,8.838342e+00
1064,1.009115e-18,2.273448e-04,-2.343373e-06,5.124866e-04,-2.976875e-01,-2.652598e-01,4.435167e+00
1065,5.724409e-18,2.429107e-04,-3.931571e-06,5.072146e-04,2.246009e-01,4.900545e-01,8.200788e+00
1066,2.228834e-17,2.454069e-04,-1.264524e-05,5.038529e-04,1.224866e-01,2.486059e-01,1.162355e+00
1067,1.035679e-17,2.493398e-04,-1.602421e-05,5.184073e-04,-1.098557e-01,-6.791683e-01,2.058496e+00
1068,1.083139e-17,2.304328e-04,-1.417646e-05,4.986555e-04,3.814105e-01,4.242005e-01,1.630558e+01
1069,3.913707e-19,2.496079e-04,-7.422375e-06,5.209781e-04,7.497896e-01,-3.367534e+00,5.951176e+00
1070,1.104184e-17,2.328445e-04,-1.015018e-05,5.092249e-04,2.053493e-01,-1.279766e-01,1.731698e+01
1071,8.357476e-18,2.493578e-04,-6.223125e-06,5.179090e-04,-2.418849e-03,-1.009145e-01,8.763547e+00
1072,4.603765e-18,2.320450e-04,-1.014162e-05,5.040690e-04,2.860598e-01,-1.011529e-01,1.640656e+01
1073,1.423542e-17,2.140560e-04,-7.036528e-06,5.289980e-04,1.554379e-01,-1.397075e-01,1.368378e+01
1074,9.467276e-18,2.203344e-04,-1.482131e-05,5.441372e-04,-2.750113e-02,2.156022e-01,1.165039e+01
1075,1.642204e-18,2.124943e-04,-1.171160e-05,5.346765e-04,-2.405189e-02,-4.472664e-02,6.993335e+00
1076,1.520071e-18,2.109356e-04,-1.562276e-06,5.473921e-04,-5.929121e-03,1.006361e-01,5.740229e+00
1077,2.887742e-18,2.163974e-04,-1.875382e-05,5.396167e-04,-4.573303e-03,-1.397738e-02,1.545278e+00
1078,8.263051e-17,2.487203e-04,2.020286e-05,5.099460e-04,1.812613e-01,1.376000e+00,9.832904e+00
1079,1.138479e-17,2.492191e-04,1.693117e-05,5.010843e-04,7.782141e-01,1.853599e+00,1.306510e+01
1080,1.835279e-17,2.492232e-04,3.208743e-06,5.043486e-04,-5.990695e-01,2.322406e+00,1.709081e+01
1081,4.763683e-17,2.490373e-04,1.687884e-05,5.011641e-04,9.900950e-01,1.618268e+00,1.281937e+01
1082,2.720409e-17,2.334790e-04,8.270652e-06,5.094233e-04,-1.191315e-01,-4.067950e-01,5.452279e+00
1083,8.440154e-17,2.487000e-04,1.039055e-05,5.172826e-04,3.428071e-02,2.807515e-01,3.243172e+00
1084,4.514895e-18,2.445590e-04,4.664509e-06,5.042126e-04,-1.193966e-01,2.781866e-01,1.027958e+01
1085,1.885236e-17,2.395929e-04,1.417819e-05,5.176266e-04,-4.885703e-01,4.281582e-01,8.204803e+00
1086,6.637295e-18,2.452423e-04,1.481129e-05,5.045439e-04,-2.618177e-01,4.339313e-01,7.966252e+00
1087,8.003530e-18,2.318758e-04,9.362671e-06,5.045295e-04,-3.105817e-01,4.088392e-01,4.957272e+00
1088,1.505737e-18,2.273422e-04,5.466030e-06,5.047987e-04,1.498738e-01,1.557215e-01,5.395091e+00
1089,2.862316e-18,2.453206e-04,1.553502e-06,5.237066e-04,-1.445798e-01,1.032747e-01,9.317221e+00
1090,1.606142e-18,2.496109e-04,1.561602e-06,5.113282e-04,-2.827918e-02,-2.082865e-02,6.311324e+00
1091,9.932880e-18,2.492782e-04,1.232189e-05,5.093255e-04,8.550253e-02,2.869491e-01,4.508313e+00
1092,1.318076e-18,2.399160e-04,8.518291e-06,5.193323e-04,7.247655e-02,3.563209e-02,1.850874e+00
1093,3.681781e-18,2.494783e-04,1.874587e-05,5.186249e-04,7.603586e-02,6.582203e-02,9.846238e-01
1094,3.923992e-17,-1.599165e-05,1.197493e-04,5.059253e-04,-9.848247e-01,-5.300965e-01,8.560768e+00
1095,5.270532e-17,-2.090557e-05,1.050184e-04,5.230833e-04,-1.024887e+00,-8.772933e-01,6.798910e+00
1096,2.184313e-16,-1.290055e-05,1.095583e-04,5.106756e-04,-2.878455e-01,-1.386394e-01,6.209244e+00
1097,6.053719e-17,-1.109231e-07,1.128932e-04,5.266135e-04,-5.993693e-01,6.158719e-01,7.000806e+00
1098,2.794955e-16,-4.335108e-06,9.644910e-05,5.100532e-04,1.727591e+00,8.387542e-01,7.866000e+00
1099,1.317956e-16,-5.452824e-07,1.092863e-04,5.000547e-04,8.157936e-01,-2.819149e-01,1.509037e+01
1100,1.531252e-17,4.845482e-06,9.843909e-05,5.074263e-04,1.425103e+00,3.350341e+00,3.155154e+00
1101,3.596193e-18,1.406325e-05,1.180322e-04,5.226855e-04,5.398298e-01,1.522032e-01,9.017300e+00
1102,7.366247e-18,1.420099e-05,1.179655e-04,5.132167e-04,-1.347813e-01,-2.761261e-01,7.016598e+00
1103,3.299115e-18,1.716254e-05,1.101241e-04,5.022589e-04,3.057249e-01,1.349670e-01,1.145467e+00
1104,4.025597e-18,1.621255e-05,1.101598e-04,5.106797e-04,6.521452e-01,-7.181264e-02,3.121712e+00
1105,7.968166e-18,8.523498e-06,1.219655e-04,5.032960e-04,-2.804646e-01,-9.843271e-02,4.454890e+00
1106,1.160767e-18,8.588583e-06,1.226476e-04,5.217396e-04,-3.017885e-01,-4.955945e-01,6.126395e+00
1107,3.049955e-18,4.689438e-06,1.093746e-04,5.028685e-04,-3.749861e-02,-2.593938e-02,2.073342e+00
1108,3.100557e-18,8.601488e-06,1.039353e-04,5.044225e-04,-1.169576e-01,-8.521979e-01,2.990378e+00
1109,3.540878e-18,7.817187e-06,1.125005e-04,5.090625e-04,1.021360e+00,-1.693333e-02,3.625155e+00
1110,6.799017e-18,9.685951e-06,1.075148e-04,5.221792e-04,-6.057443e-01,-7.104829e-01,3.712634e+00
1111,5.863671e-18,1.859191e-05,1.078122e-04,5.186345e-04,-1.626534e-01,-3.095376e-01,1.200560e+00
1112,2.923377e-16,6.995033e-06,1.475710e-04,5.374496e-04,-5.990434e-01,-1.113957e+00,9.558901e+00
1113,2.272102e-17,1.132544e-05,1.426994e-04,5.492900e-04,1.652895e+00,4.169825e+00,1.308550e+01
1114,3.105782e-17,1.250161e-05,1.228695e-04,5.377029e-04,-1.257347e-01,-4.179575e-01,1.336066e+01
1115,5.592466e-17,6.790348e-06,1.247359e-04,5.415670e-04,-7.464933e-01,1.811003e+00,1.060989e+01
1116,2.081567e-17,1.388196e-05,1.481243e-04,5.372346e-04,-2.057762e+00,-9.461801e-01,6.402384e+00
1117,3.077121e-17,1.440911e-05,1.271253e-04,5.465753e-04,2.632986e-01,8.556939e-01,8.241390e+00
1118,7.168031e-18,1.784163e-05,1.252407e-04,5.381364e-04,1.227918e+00,-1.185214e+00,5.556986e+00
1119,4.292530e-17,1.339510e-05,1.706959e-04,5.372051e-04,-9.416868e-01,6.643223e-01,9.372127e+00
1120,1.099882e-16,8.315929e-06,1.573158e-04,5.380404e-04,1.203573e+00,-1.550129e-01,5.709575e+00
1121,4.305779e-17,6.335445e-06,1.621401e-04,5.325711e-04,1.657788e+00,2.008896e+00,1.190582e+01
1122,2.488634e-18,1.331232e-05,1.593865e-04,5.396181e-04,-1.297044e-01,4.384657e-02,5.415671e+00
1123,6.724444e-18,1.703094e-05,1.687458e-04,5.409217e-04,1.152842e+00,8.905842e-03,4.470769e+00
1124,5.951607e-18,1.328688e-05,1.549596e-04,5.445859e-04,7.891427e-02,1.219658e+00,4.449691e+00
1125,2.010305e-16,6.979966e-06,1.185182e-04,5.479205e-04,1.637326e+00,1.297457e+00,1.075985e+01
1126,2.584251e-17,2.139484e-05,1.194551e-04,5.476500e-04,1.160280e+00,3.723846e-01,1.308151e+01
1127,1.255481e-18,3.129119e-06,1.234451e-04,5.308649e-04,-1.867048e-02,8.943547e-03,4.960927e+00
1128,1.938891e-18,1.708066e-05,1.101464e-04,5.295999e-04,-3.851776e-01,2.638960e-01,5.348182e+00
1129,2.657129e-17,1.044236e-05,1.064314e-04,5.486780e-04,-2.280314e-01,-6.507276e-01,1.096797e+01
1130,4.573929e-19,7.801438e-07,1.230464e-04,5.413791e-04,-3.081272e-01,-1.680404e-01,2.051730e+00
1131,1.057017e-18,1.719281e-05,1.039065e-04,5.392314e-04,-1.188975e-01,-1.398828e-01,-3.327400e+00
1132,2.332026e-19,1.174370e-06,1.136726e-04,5.473827e-04,-4.490413e-01,-4.737974e-01,1.624667e+00
1133,5.360916e-17,-5.711179e-06,1.102522e-04,5.473771e-04,4.509696e-01,4.435613e-01,3.974381e+00
1134,4.411483e-17,-1.532824e-05,1.101579e-04,5.487820e-04,1.051571e+00,-5.451529e-01,8.456160e+00
1135,5.018597e-18,-9.371226e-06,1.171890e-04,5.376267e-04,-1.692555e-01,-5.139695e-01,6.312832e+00
1136,1.946732e-18,-7.908245e-07,1.194031e-04,5.280728e-04,1.462230e-01,-5.221299e-01,6.803880e+00
1137,2.841917e-18,-1.406066e-05,1.031284e-04,5.411075e-04,-2.339242e-01,-2.066946e-01,3.157220e+00
1138,2.861010e-18,-2.109485e-05,1.031202e-04,5.471677e-04,-6.267073e-02,-7.859241e-02,3.232664e-01
1139,3.722420e-17,-1.996371e-04,-1.190782e-05,4.970884e-04,-1.579024e+00,-4.006163e-01,5.164162e+00
1140,2.146820e-17,-2.233802e-04,-1.224450e-05,4.939302e-04,-3.999030e-01,8.030160e-01,7.510458e+00
1141,7.740883e-18,-2.252676e-04,-8.583954e-06,4.930484e-04,-1.273308e+00,1.126066e-01,7.100715e+00
1142,2.575912e-17,-2.048334e-04,-9.389966e-06,4.922873e-04,-2.709247e-01,4.923093e-01,5.905362e+00
1143,2.200383e-18,-2.194036e-04,-8.597606e-06,4.843500e-04,-5.384890e-01,-8.428164e-02,4.891247e+00
1144,2.428670e-18,-2.148454e-04,-1.329246e-05,4.918998e-04,-7.830973e-02,-1.737141e-01,1.212384e+00
1145,3.666751e-18,-2.171900e-04,-1.016031e-05,4.872875e-04,-1.301579e-01,-1.652472e-01,3.917656e+00
1146,8.553957e-18,-2.243518e-04,-1.257197e-05,4.782351e-04,1.729584e-01,9.571936e-01,2.406357e+00
1147,1.298414e-18,-2.226411e-04,-8.569699e-06,4.915805e-04,-2.161997e+00,1.938141e-01,6.590683e+00
1148,8.141725e-18,-2.264757e-04,-1.246804e-05,4.903511e-04,5.597685e-01,1.332370e-02,1.052199e+01
1149,1.448075e-18,-2.116919e-04,-5.493566e-06,4.915831e-04,3.153609e-01,-2.166754e-01,8.695290e-01
1150,4.520704e-18,-2.031248e-04,-4.689788e-06,4.893163e-04,1.239161e-01,-1.619807e-01,4.280032e-01
1151,2.529347e-18,-2.109353e-04,-7.014693e-06,4.833786e-04,1.142563e-01,-1.418794e+00,-2.429933e+00
1152,1.742266e-17,-2.304748e-04,-4.682232e-06,4.881858e-04,1.691856e-02,-3.050561e-02,9.948049e+00
1153,1.575246e-17,-2.464604e-04,-1.034017e-05,4.990369e-04,-9.522371e-01,1.292801e+00,1.005038e+01
1154,8.159772e-18,-2.379252e-04,-7.288694e-06,4.994026e-04,-7.816001e-01,-8.698254e-01,9.796691e+00
1155,6.393819e-18,-2.375101e-04,-2.687303e-06,4.885341e-04,1.950676e-01,4.550686e-01,7.348369e+00
1156,8.046652e-19,-2.444868e-04,-3.516645e-06,4.767563e-04,2.856385e-01,2.115540e+00,2.811938e+00
1157,5.142166e-18,-2.382810e-04,-1.561250e-06,4.939531e-04,-2.345616e-03,6.295645e-02,9.291523e+00
1158,1.671695e-18,-2.453165e-04,-2.030451e-05,4.892179e-04,2.429516e-01,4.808822e-02,5.484863e-01
1159,3.149268e-18,-2.437583e-04,-7.801842e-06,4.904650e-04,5.183810e-02,9.325859e-02,2.983684e+00
1160,1.641515e-18,-2.305345e-04,-5.342901e-06,4.977065e-04,-4.041235e-01,1.998827e+00,1.769681e+01
1161,1.687690e-17,-2.492668e-04,-8.891947e-06,4.917275e-04,-3.212084e-03,-1.165857e-01,3.128315e+00
1162,3.249576e-18,-2.461358e-04,-1.406223e-05,4.833639e-04,3.052824e-01,-6.166067e-01,3.225271e+00
1163,2.657194e-18,-2.429107e-04,-2.233762e-06,4.763882e-04,1.188042e+00,3.950615e-01,-1.102756e+00
1164,2.734697e-19,-2.308595e-04,-5.859673e-06,4.947097e-04,5.765767e-02,1.501158e+00,1.355002e+01
1165,2.992565e-18,-2.460761e-04,-1.330420e-05,4.794324e-04,-3.806235e-01,-2.005773e+00,3.647027e+00
1166,3.080648e-18,-2.429691e-04,-1.641562e-05,4.880987e-04,2.871097e-01,2.690800e-01,-1.387085e+00
1167,1.857923e-18,-2.304172e-04,-4.634307e-06,4.794431e-04,6.842333e-03,5.426733e-01,4.360029e+00
1168,6.364550e-18,-2.296895e-04,-2.435250e-05,4.863106e-04,-4.328614e-02,-1.143352e-01,-1.909206e+00
1169,3.223090e-18,-2.013626e-04,-3.923470e-06,4.747339e-04,-4.381123e-01,6.528318e-02,-6.276292e-01
1170,2.210842e-18,-2.164108e-04,-8.460838e-06,4.749815e-04,1.795254e+00,-3.536638e-01,-1.061537e+00
1171,1.201050e-18,-2.242297e-04,-1.636802e-05,4.681438e-04,1.230543e-01,1.765879e+00,-7.787266e+00
1172,6.483550e-19,-2.280991e-04,-1.679605e-05,4.751795e-04,-4.737031e+00,-1.228305e-01,3.639043e+00
1173,2.689865e-17,-4.185556e-06,-2.501110e-05,4.757704e-04,1.861542e+00,-7.615293e-01,4.300941e+00
1174,6.774716e-19,-1.835935e-05,-7.421618e-06,4.732988e-04,-1.782397e+00,-2.201732e+00,-1.024341e+00
1175,1.454348e-18,-1.719516e-05,-1.171637e-05,4.744061e-04,-2.773340e+00,2.938033e-01,5.297578e-01
1176,3.964732e-19,-8.203238e-06,-4.297093e-06,4.681676e-04,-3.584310e-01,4.570876e+00,-4.790019e+00
1177,4.170145e-19,-7.422024e-06,-5.078306e-06,4.681675e-04,5.855099e-01,2.512093e-02,-4.734673e+00
1178,1.012624e-18,-7.421907e-06,-2.042026e-05,4.730477e-04,7.723739e-01,2.027619e+00,-1.146331e+00
1179,1.281559e-18,-1.251146e-05,-1.719037e-05,4.743993e-04,-7.074183e-02,-1.048662e-01,-4.917893e-01
1180,5.248385e-18,-3.934583e-06,-1.484738e-05,4.770619e-04,-1.340212e-01,1.110783e-01,-1.497477e-01
1181,9.067543e-17,-1.095030e-04,1.277549e-05,5.015641e-04,-5.264757e-01,-1.367076e+00,1.172345e+01
1182,2.951830e-19,-1.253936e-04,-1.523614e-05,4.783003e-04,5.603922e-01,3.605589e-01,3.006798e+00
1183,4.801214e-17,-1.190451e-04,-1.146559e-05,4.924107e-04,2.037514e+00,-4.121765e-01,5.887571e+00
1184,1.389163e-16,-1.264640e-04,-1.405195e-05,4.953114e-04,2.666959e+00,-2.117047e+00,1.614106e+01
1185,2.105989e-18,-1.116886e-04,-1.327318e-05,4.753889e-04,4.701169e-01,7.381078e-01,-8.171984e-01
1186,3.734648e-18,-1.226969e-04,-1.338893e-05,4.854598e-04,2.931667e-01,2.690794e+00,8.225505e+00
1187,2.763277e-17,-1.222490e-04,-1.820066e-05,4.932847e-04,-1.289542e+00,-2.186472e+00,1.163439e+01
1188,5.773840e-18,-1.243544e-04,-1.830624e-05,4.874653e-04,1.155445e+00,-4.388390e+00,1.358922e+01
1189,8.543189e-17,-1.050429e-04,-9.491833e-06,4.847252e-04,1.092202e+00,6.516322e-01,7.667623e+00
1190,2.257100e-17,-1.178976e-04,-3.862143e-06,4.875013e-04,1.847708e-01,-1.517286e-03,2.345038e+00
1191,7.444027e-18,-1.203236e-04,-1.743186e-05,4.890389e-04,7.410916e-01,3.715078e-01,1.406565e+01
1192,5.460671e-18,-9.921338e-05,-6.086981e-10,5.001405e-04,5.839607e-02,1.191367e-01,1.112342e+01
1193,9.001617e-17,-1.071765e-04,-4.103076e-07,4.966185e-04,1.174456e-01,-2.061785e+00,3.353610e+00
1194,4.423928e-19,-1.246095e-04,-1.679864e-05,4.814156e-04,1.323119e+00,-5.773828e-01,7.229996e+00
1195,9.312310e-18,-1.202806e-04,8.118626e-09,4.897954e-04,7.255420e-02,3.045995e-01,6.873142e+00
1196,2.239211e-18,-1.101336e-04,-1.327604e-05,4.943036e-04,-5.556299e-02,3.328837e-01,6.766976e+00
1197,3.042763e-18,-1.226532e-04,-1.089688e-05,5.005168e-04,-1.177107e-01,3.036864e+00,9.147856e+00
1198,7.021727e-18,-1.211317e-04,-1.564239e-05,4.770988e-04,-6.888891e-01,3.507707e-01,8.915554e-01
1199,6.848147e-19,-1.226641e-04,-1.523549e-05,4.868866e-04,5.050940e-01,1.894309e+00,6.604838e+00
1200,5.673414e-18,-1.101978e-04,-1.274190e-05,5.003195e-04,1.925806e-01,-5.161740e-01,9.265209e+00
1201,3.454204e-18,-1.195510e-04,-1.094674e-05,4.825950e-04,-8.892876e-01,-1.456855e-01,2.631533e+00
1202,2.093456e-18,-1.100100e-04,-1.325486e-05,4.796004e-04,1.127024e+00,-1.305206e+00,3.979897e-01
1203,1.439956e-18,-1.101669e-04,-1.328173e-05,4.845585e-04,-1.197971e-02,-1.312988e-01,2.417752e+00
1204,8.303824e-18,-1.109268e-04,-5.454036e-06,4.950473e-04,-1.355254e-01,2.260670e-02,4.704843e+00
1205,4.088307e-18,-1.097228e-04,-2.368649e-06,4.926895e-04,1.007649e+00,-1.594201e-01,3.146039e+00
1206,3.558071e-19,-1.238292e-04,-1.523540e-05,4.923398e-04,-8.194931e-01,-6.020193e-01,6.952401e+00
1207,1.306932e-17,-1.246010e-04,-6.155216e-06,4.924813e-04,1.073878e+00,-1.058450e+00,2.815485e+00
1208,4.589850e-18,-1.234617e-04,-1.595085e-06,4.893952e-04,-8.031824e-02,-2.331975e-01,2.629076e+00
1209,1.100739e-18,-1.058599e-04,-1.269387e-05,4.779657e-04,-8.292095e-01,2.866409e+00,7.638315e+00
1210,1.446403e-17,-1.166918e-04,-1.459650e-05,4.799062e-04,-6.351639e-01,9.376081e-01,-4.833956e-01
1211,2.191867e-18,-1.118372e-04,-1.561960e-05,4.898127e-04,1.491363e+00,-2.849607e-01,-2.615282e+00
1212,2.519431e-17,-1.041871e-04,1.681817e-05,4.974015e-04,2.299802e+00,1.763723e+00,1.535346e+01
1213,4.615914e-17,-1.160225e-04,1.341207e-05,4.886578e-04,1.724255e+00,-4.728398e-02,1.032060e+01
1214,3.636678e-17,-1.108144e-04,1.922971e-05,4.922599e-04,1.374214e+00,2.019690e+00,1.002153e+01
1215,3.250643e-17,-1.070925e-04,7.421023e-06,4.879850e-04,7.408737e-01,1.435342e+00,9.782827e+00
1216,1.256585e-18,-1.046845e-04,1.406031e-05,4.923560e-04,1.588265e-01,1.094164e-01,9.834221e+00
1217,4.488436e-18,-1.094056e-04,1.403644e-05,4.851502e-04,-4.300451e-01,-5.034482e-01,3.967977e+00
1218,1.735354e-17,-9.886017e-05,7.037983e-06,5.000715e-04,-2.817679e-01,-1.719057e+00,1.713013e+00
1219,2.934869e-18,-1.132968e-04,1.796388e-05,4.794202e-04,-9.602899e-02,2.916093e-02,2.312105e+00
1220,3.540236e-18,-1.226765e-04,1.409218e-05,4.965161e-04,-3.101629e-02,2.322129e-01,1.291237e+00
1221,5.566655e-19,-1.097650e-04,1.211006e-05,4.763803e-04,-5.002317e-01,-1.496198e+00,8.941595e-01
1222,2.047672e-17,-1.039126e-04,2.162932e-05,4.785667e-04,-6.530903e-01,7.576916e-01,1.634262e+00
1223,3.507734e-18,-1.070332e-04,1.653475e-05,4.904995e-04,5.891539e-01,2.234563e-01,1.224144e+01
1224,5.408401e-18,-1.079079e-04,6.791396e-06,4.829218e-04,4.942218e-02,1.546546e+00,1.055089e+01
1225,2.784902e-18,-1.000897e-04,2.042725e-05,4.851084e-04,3.686279e-01,-1.185642e+00,6.131144e+00
1226,4.341806e-18,-1.046619e-04,1.403727e-05,4.898461e-04,1.106769e-01,-1.351500e-01,9.711263e+00
1227,1.447465e-18,-1.116534e-04,1.601752e-05,4.942934e-04,-8.058962e-01,5.348302e-01,2.681615e+00
1228,5.937269e-19,-1.070620e-04,1.679565e-05,4.861164e-04,2.702554e+00,-1.183647e+00,9.017136e+00
1229,2.648331e-18,-1.046949e-04,1.405480e-05,4.841133e-04,-2.212169e-01,6.077571e-02,5.207381e+00
1230,2.547077e-19,-1.050770e-04,5.077864e-06,4.759702e-04,1.940426e+00,2.452798e+00,1.574096e+00
1231,1.572468e-18,-1.071031e-04,5.573554e-06,4.790420e-04,2.465293e-01,-2.894302e-01,6.101775e+00
1232,1.607568e-18,-1.069032e-04,1.679824e-05,4.810333e-04,-8.675829e-01,-5.913934e-03,4.891925e+00
1233,5.253733e-18,-1.187836e-04,1.331356e-05,4.751891e-04,5.481530e-01,-3.392305e-01,-1.201039e+00
1234,2.604710e-18,-1.069846e-04,1.645096e-05,4.764539e-04,-9.489076e-03,-1.160743e-01,1.028256e+00
1235,5.455708e-18,-1.046892e-04,1.405669e-05,4.802333e-04,-5.907263e-03,2.928893e-01,4.618757e+00
1236,4.757872e-18,-1.085899e-04,8.601444e-06,4.939332e-04,-1.276183e-01,-7.793581e-02,8.417421e-01
1237,3.560751e-18,-1.038249e-04,1.006791e-05,5.024140e-04,7.837580e-01,-5.410936e-01,-1.597046e-02
1238,5.577440e-17,-6.171597e-07,-5.291128e-05,4.903303e-04,-1.482271e+00,-3.254828e-01,5.393251e+00
1239,5.433478e-18,-1.249933e-05,-4.218911e-05,4.977764e-04,1.192285e-01,-9.491900e-01,4.193148e+00
1240,3.011278e-18,-1.251043e-05,-4.844139e-05,4.779528e-04,1.435637e-01,-9.389327e-01,-7.566087e-02
1241,5.133469e-18,-1.329345e-05,-4.655444e-05,4.896257e-04,-9.973840e-01,1.268473e+00,5.066230e+00
1242,1.002721e-18,-1.249957e-05,-4.139793e-05,4.767442e-04,-8.615141e-02,2.196208e-02,-2.070044e+00
1243,8.598432e-19,-5.860276e-06,-2.539017e-05,4.818363e-04,7.673484e-02,1.603021e-02,9.631513e+00
1244,1.983969e-18,-2.461006e-05,-4.447926e-05,4.972718e-04,-8.249850e-02,3.675219e-02,-2.675474e+00
1245,1.220682e-16,2.775328e-06,-6.617045e-05,4.886901e-04,1.019046e+00,-9.740953e-01,8.954228e+00
1246,1.275465e-17,1.161085e-05,-6.037936e-05,4.962260e-04,6.405101e-01,2.100909e-01,7.541010e+00
1247,3.406152e-17,1.287515e-05,-6.871151e-05,4.877702e-04,-2.947010e-01,-1.450940e-01,2.304324e+00
1248,2.119124e-17,1.817910e-05,-5.402331e-05,4.870994e-04,-1.652310e-01,4.890010e-02,2.966624e+00
1249,2.712454e-17,1.053571e-05,-5.638345e-05,4.783809e-04,6.423454e-01,6.464223e-01,2.625559e-01
1250,1.898688e-18,3.638298e-06,-6.398525e-05,4.755307e-04,3.503988e+00,1.515605e+00,2.412075e+00
1251,2.897616e-18,1.093907e-05,-5.936502e-05,4.896509e-04,2.544822e-02,-1.107195e-01,5.245415e+00
1252,2.474489e-19,6.643984e-06,-6.367135e-05,4.814355e-04,-1.939934e-01,9.473480e-01,5.198536e+00
1253,4.105197e-18,5.531086e-06,-6.404577e-05,4.852781e-04,1.338209e+00,4.970982e-01,1.203944e+01
1254,4.309924e-18,7.632255e-07,-6.421986e-05,4.825627e-04,1.093273e+00,4.965991e-02,9.704766e+00
1255,1.144654e-18,2.421218e-06,-6.445321e-05,4.788580e-04,1.913782e+00,5.022530e-01,5.843982e+00
1256,1.285052e-17,2.424055e-05,-5.692717e-05,4.959866e-04,-2.919918e-02,-2.665703e-05,-1.551289e+00
1257,1.794812e-18,-1.333321e-05,-6.959226e-05,4.938024e-04,5.284034e-01,-5.022177e-02,9.987059e+00
1258,3.412336e-17,-1.440035e-05,-5.967183e-05,4.914975e-04,2.299841e+00,-2.167147e+00,6.068577e+00
1259,1.243568e-17,-1.453452e-05,-5.507058e-05,4.815298e-04,-2.517518e+00,7.073184e-01,1.808611e+00
1260,3.996807e-18,-1.563054e-05,-6.562594e-05,4.978137e-04,-3.065398e-03,5.816311e-02,2.890529e-01
1261,9.855831e-18,-1.198881e-05,-7.149776e-05,4.986312e-04,8.450011e-01,-8.719337e-01,1.142219e+01
1262,3.272678e-18,-1.094003e-05,-5.468415e-05,4.989410e-04,2.710092e-02,3.536063e-03,6.695469e+00
1263,1.604140e-18,-6.880988e-06,-7.253201e-05,4.935076e-04,3.165515e-01,1.948199e-01,-2.216929e-01
1264,3.470968e-18,-1.327830e-05,-6.424968e-05,4.801042e-04,-4.318528e-02,6.235928e-01,2.380138e+00
1265,2.975979e-18,-1.172751e-05,-7.264260e-05,4.880219e-04,6.589320e-02,-3.745975e-01,5.048189e+00
1266,1.312295e-18,-1.168490e-05,-6.560805e-05,4.931429e-04,-4.935688e-01,-5.574197e-02,5.166521e+00
1267,3.516066e-18,-1.015273e-05,-6.094116e-05,4.787113e-04,1.423601e-01,-1.483170e-01,2.585792e+00
1268,3.648191e-18,-1.332613e-05,-6.644587e-05,4.907491e-04,-6.709042e-01,-5.237827e-01,8.041496e+00
1269,1.323296e-17,-2.426454e-05,-6.734287e-05,4.836380e-04,3.607683e-02,9.168012e-03,-1.674780e+00
1270,8.826719e-18,-1.226572e-04,-1.550409e-05,5.159564e-04,-1.789711e-01,6.407098e-02,2.052304e+01
1271,6.372885e-17,-9.901523e-05,2.338523e-06,5.092287e-04,2.391635e-01,1.148479e+00,1.310225e+01
1272,1.979155e-17,-9.931748e-05,2.062733e-05,5.034511e-04,-1.300331e+00,3.776037e-01,6.949633e+00
1273,1.126598e-17,-1.106774e-04,1.821376e-06,5.159778e-04,7.417604e-01,-5.088617e-01,7.045147e+00
1274,8.807481e-17,-1.104266e-04,1.976396e-06,5.161672e-04,7.562222e-01,-4.883198e-01,7.032247e+00
1275,6.866798e-17,-1.124559e-04,-5.546564e-06,5.087825e-04,-6.060874e-01,1.687468e+00,9.872120e+00
1276,1.695478e-17,-1.116974e-04,1.077420e-05,5.234251e-04,2.514228e+00,2.288798e+00,9.506659e+00
1277,5.164870e-18,-1.039059e-04,6.846738e-06,5.224950e-04,-1.469373e-02,5.631904e-01,7.197802e+00
1278,3.166059e-18,-1.134105e-04,1.342940e-05,5.062697e-04,-5.546184e-01,-8.442164e-01,6.837042e+00
1279,8.237552e-17,-1.046202e-04,-1.229213e-05,5.122642e-04,8.202504e-02,3.069767e-01,1.173990e+00
1280,4.489278e-18,-1.054840e-04,-3.906569e-06,5.133669e-04,2.892022e-01,-2.364430e-01,4.855853e+00
1281,1.376500e-18,-1.078105e-04,-1.796940e-05,5.156239e-04,-1.325364e-01,-2.512380e-01,-7.577390e-01
1282,4.920707e-18,-1.187473e-04,-6.245153e-06,5.095490e-04,1.712040e-01,-4.856973e-01,4.812366e+00
1283,1.282143e-17,-1.112053e-04,1.103089e-05,5.078963e-04,1.962755e+00,-1.192036e-01,4.127980e+00
1284,3.366912e-18,-1.179657e-04,1.563270e-06,5.198397e-04,-1.353852e-02,6.304137e-02,4.191644e+00
1285,2.382737e-18,-1.054768e-04,2.342408e-06,5.112821e-04,6.403466e-02,-3.015601e-02,3.706501e+00
1286,4.580846e-17,-1.220514e-04,1.063004e-05,5.273829e-04,-3.377508e-01,-3.206486e-01,8.913517e+00
1287,8.928702e-18,-7.027407e-05,-1.224938e-05,5.243626e-04,-8.867279e-01,-5.983875e+00,2.358917e+01
1288,4.165833e-18,-7.109664e-05,-9.542696e-06,5.122088e-04,-7.486382e-01,-4.011003e+00,1.715491e+01
1289,7.025443e-18,-7.111625e-05,-7.537340e-06,5.048343e-04,-9.795806e-01,-4.293904e+00,1.522894e+01
1290,4.365177e-18,-7.498266e-05,-1.741107e-05,5.007139e-04,1.181775e-01,-9.334317e-01,2.133188e+00
1291,3.393070e-18,-7.108442e-05,-1.558769e-06,5.198540e-04,-4.444999e-02,2.542599e-02,8.006204e+00
1292,4.959667e-19,-7.498486e-05,-1.054852e-05,5.032558e-04,-2.245982e-01,-3.161034e-01,-1.604282e-01
1293,2.739721e-18,-5.235167e-05,-1.171270e-05,5.028045e-04,-4.559527e-03,-2.231283e-01,1.466556e+00
1294,1.440728e-17,-5.785916e-05,7.536324e-07,5.109691e-04,-3.345363e+00,3.683247e-02,2.143315e+00
1295,1.860125e-18,-5.240335e-05,-1.177783e-05,5.230130e-04,1.041215e-01,-9.901346e-02,-1.304618e+00
1296,3.773742e-18,-5.943851e-05,1.281425e-05,5.074593e-04,-4.748376e+00,-7.895295e-01,1.403279e+01
1297,1.029736e-17,-6.196913e-05,1.048744e-05,5.187601e-04,-6.633328e+00,-3.423672e+00,1.906374e+01
1298,2.258044e-17,-7.640477e-05,1.144049e-05,5.221992e-04,2.030352e-01,1.730768e+00,3.858529e+00
1299,2.323004e-18,-6.874361e-05,1.718110e-05,5.059442e-04,1.963464e-02,2.289031e-01,3.959088e+00
1300,1.740242e-16,-6.706148e-05,6.844095e-06,5.282151e-04,-3.242170e-01,1.079919e+00,5.504833e+00
1301,1.618682e-17,-6.454266e-05,5.108029e-06,5.121984e-04,5.047595e-01,-4.980294e-01,3.834751e+00
1302,1.649060e-18,-7.188061e-05,1.705961e-05,5.019537e-04,-5.500336e-02,3.558143e-01,3.473741e-01
1303,3.875515e-18,-5.162208e-05,3.926423e-06,5.134657e-04,1.065786e-01,1.271634e-01,1.168702e+00
1304,7.166308e-18,-6.874909e-05,1.111141e-05,5.031249e-04,5.202610e-02,-1.073509e+00,3.441244e+00
1305,1.549914e-18,-6.093479e-05,8.598060e-06,5.140945e-04,1.345361e+00,5.345778e-01,4.992276e+00
1306,3.753824e-16,-9.217789e-05,-3.756441e-06,5.182060e-04,1.270156e-01,-5.866024e-01,8.939836e+00
1307,5.891607e-17,-8.735941e-05,4.517012e-06,5.030277e-04,2.959540e-01,-7.833566e-01,6.195477e+00
1308,4.097188e-17,-8.776696e-05,-1.343842e-05,5.023445e-04,-4.469658e-02,6.872945e-01,1.063802e+01
1309,3.554609e-17,-7.856006e-05,-1.306486e-05,5.144753e-04,1.484332e-01,5.420396e-01,6.286131e+00
1310,3.511466e-18,-8.749900e-05,-1.171612e-05,5.244722e-04,4.701167e-03,-9.225462e-02,1.369765e+01
1311,1.377123e-17,-8.650374e-05,-9.868345e-06,5.061554e-04,6.772364e-01,1.997769e-01,9.237034e+00
1312,1.131763e-18,-8.672485e-05,-4.682499e-06,5.071192e-04,-2.110702e-01,-1.993893e-01,7.762772e+00
1313,2.552982e-18,-9.223503e-05,-1.477009e-05,5.099486e-04,-1.101373e-01,-8.814054e-01,1.014362e+01
1314,2.478449e-18,-7.816263e-05,4.486076e-08,5.261594e-04,2.109213e-01,-2.690274e-01,1.008171e+01
1315,3.454773e-18,-8.359179e-05,-4.685142e-06,5.221761e-04,7.994845e-03,2.302434e-01,3.165840e+00
1316,1.341584e-18,-9.842318e-05,-1.250729e-05,5.040179e-04,-2.205868e-01,-2.248651e-01,-2.029519e+00
1317,1.236860e-17,-9.058530e-05,1.669035e-05,5.008947e-04,-1.066792e+00,1.233739e-02,3.813240e+00
1318,3.829819e-17,-9.207366e-05,3.299773e-06,5.201631e-04,1.954609e+00,-1.463092e-01,1.370507e+01
1319,2.530094e-18,-8.671455e-05,5.468324e-06,5.152910e-04,3.260398e-02,-8.974346e-03,7.966082e+00
1320,1.833216e-17,-8.377925e-05,1.619546e-05,5.161992e-04,-4.545947e-01,-7.020351e-01,3.055916e+00
1321,4.798657e-18,-1.406532e-05,-2.250012e-04,4.985149e-04,-1.239968e-01,6.051725e-02,1.446375e+00
1322,9.784229e-17,7.640483e-06,-2.255227e-04,5.034271e-04,1.902476e-01,-4.759959e-01,7.191481e+00
1323,3.816162e-17,2.223046e-06,-2.261357e-04,4.831852e-04,2.046107e+00,-8.465972e-01,4.001106e+00
1324,5.826934e-18,2.438784e-05,-2.241691e-04,4.831953e-04,3.319731e-02,1.913536e-02,-2.319557e+00
1325,2.252046e-17,-2.089443e-06,-2.397281e-04,5.008215e-04,6.906863e-01,-3.564348e+00,3.046119e+01
1326,4.045665e-17,-1.146874e-05,-2.439115e-04,4.781731e-04,1.760615e+00,2.138730e-02,-1.433464e-01
1327,2.514386e-17,-2.231899e-05,-2.353855e-04,4.831391e-04,-1.625336e+00,-1.723825e+00,2.941885e+00
1328,2.214474e-17,-5.348875e-06,-2.322846e-04,4.826738e-04,-9.023914e-01,4.701655e-01,6.107363e+00
1329,5.228578e-18,-1.103301e-05,-2.445508e-04,4.931223e-04,7.579118e-02,-3.260441e-01,2.643722e+00
1330,2.391682e-17,-9.369977e-06,-2.275256e-04,4.818643e-04,7.870184e-01,5.743361e-02,5.501697e+00
1331,5.191833e-19,-2.345190e-06,-2.417968e-04,4.830045e-04,-4.884518e-01,1.079686e-01,2.497034e+00
1332,4.653066e-19,-6.642004e-06,-2.285164e-04,4.767531e-04,-1.035962e+00,1.612299e+00,4.787053e-01
1333,2.219169e-17,-3.199449e-06,-2.360839e-04,4.841235e-04,2.739645e-01,7.840069e-01,1.512964e+01
1334,1.559475e-18,-2.324628e-06,-2.496094e-04,4.842313e-04,9.658858e-01,-1.234270e-01,3.557072e+00
1335,7.855654e-18,-7.861361e-06,-2.288711e-04,4.996370e-04,7.990046e-01,-8.903099e-01,1.055600e+01
1336,5.451770e-18,-9.372561e-06,-2.420734e-04,4.922662e-04,-2.651775e-01,3.743372e-02,3.334952e+00
1337,8.155054e-17,1.441624e-06,-2.487536e-04,4.996006e-04,4.091806e-01,-4.020167e-01,7.961913e+00
1338,3.153345e-18,-1.175385e-05,-2.445385e-04,4.989838e-04,9.124025e-01,-1.598596e+00,3.019854e+00
1339,7.970265e-18,-2.429514e-05,-2.304632e-04,4.894933e-04,-3.225705e-02,4.450023e-02,-1.873532e+00
1340,7.816722e-19,-1.093189e-05,-2.496104e-04,4.806492e-04,5.377520e-03,-6.327484e-01,-3.001934e+00
1341,3.300417e-18,-9.373099e-06,-2.421905e-04,5.020940e-04,-1.364728e-01,-2.503919e-01,2.783122e+00
1342,5.796469e-18,-1.636424e-05,-2.410566e-04,5.026654e-04,-1.018589e+00,-1.173874e+00,-1.032933e+00
1343,1.186219e-17,-8.569797e-06,-2.290434e-04,4.928183e-04,-5.168711e-01,-8.444864e-02,1.082398e+01
1344,1.767629e-18,-5.551405e-06,-2.399220e-04,4.852316e-04,-2.813207e-01,1.122970e-01,1.697816e-02
1345,2.990301e-18,-1.406307e-05,-2.265681e-04,5.021682e-04,4.673745e-01,4.052545e-01,-9.688390e-01
1346,2.646791e-18,-5.530099e-06,-2.399560e-04,4.959542e-04,1.162957e+00,3.866948e-01,-7.427430e-01
1347,5.206591e-19,-1.171729e-05,-2.496107e-04,4.962636e-04,-1.855279e-01,1.828239e-01,-2.501667e+00
1348,4.087167e-18,-5.477204e-06,-2.398449e-04,4.814472e-04,-1.806732e+00,-5.657803e-02,-1.085176e+00
1349,8.088131e-18,-2.426774e-05,-2.456256e-04,4.986097e-04,-1.078721e-02,-1.008971e-02,-1.785428e+00
1350,5.173720e-18,7.675297e-06,-2.273590e-04,4.837681e-04,3.703334e-01,3.134956e-01,6.476497e+00
1351,1.819429e-18,2.343456e-06,-2.496096e-04,4.872906e-04,-1.493775e-01,-1.324690e-02,8.271352e+00
1352,3.330963e-16,1.249816e-05,-2.367820e-04,5.082357e-04,1.520383e-01,-5.180411e-01,1.425603e+01
1353,1.330561e-17,1.031668e-05,-2.276262e-04,4.973521e-04,-6.787907e-01,-4.002583e-01,1.648488e+01
1354,1.570888e-17,1.026006e-05,-2.312467e-04,4.960582e-04,6.798599e-01,1.010435e-02,1.295782e+01
1355,3.024967e-18,1.640332e-05,-2.468757e-04,4.856681e-04,-5.268477e-01,-2.298151e-01,1.018627e+00
1356,2.433462e-17,1.254449e-05,-2.415467e-04,4.842160e-04,-7.044862e-01,-6.234956e-01,7.011903e+00
1357,6.564338e-18,9.378118e-06,-2.312501e-04,4.889863e-04,3.699711e-02,-1.323036e-01,1.111120e+01
1358,1.890361e-17,6.093445e-06,-2.388564e-04,4.882058e-04,1.911753e+00,-8.947297e-01,4.116313e+00
1359,1.336323e-18,7.784848e-06,-2.304254e-04,4.798729e-04,7.330152e-01,5.374705e-01,3.793820e+00
1360,6.578780e-18,1.796791e-05,-2.420442e-04,4.775764e-04,7.462019e-02,-1.320109e-01,3.549384e-02
1361,3.691449e-17,5.046783e-06,-2.370311e-04,4.758333e-04,-8.727531e-01,-1.610655e+00,2.283361e-01
1362,3.621640e-18,2.333506e-06,-2.496094e-04,4.933507e-04,-1.122423e-01,-2.367117e-02,1.071529e+01
1363,3.233991e-18,1.566789e-06,-2.273318e-04,4.997270e-04,3.127361e-01,3.120401e-02,1.112578e+01
1364,1.222753e-17,2.178851e-05,-2.492656e-04,4.805144e-04,8.805317e-02,-1.113991e-02,2.343962e+00
1365,6.511358e-19,1.546155e-06,-2.496091e-04,4.830029e-04,-8.025235e-01,-4.159117e-01,5.105395e+00
1366,4.899810e-18,7.049915e-06,-2.413864e-04,4.987632e-04,-1.460567e-01,1.381784e-01,7.050879e+00
1367,1.893554e-18,1.171944e-05,-2.496093e-04,4.888467e-04,-6.830679e-01,-2.010719e-02,2.022914e+00
1368,3.161344e-18,1.017948e-05,-2.272803e-04,4.941190e-04,-4.813829e-01,-4.328651e-01,1.802655e+01
1369,1.234582e-18,1.563514e-06,-2.273870e-04,4.868998e-04,-1.197274e-02,7.276840e-01,1.078317e+00
1370,6.497949e-18,1.093563e-05,-2.472155e-04,5.027738e-04,4.140033e-01,-1.819162e-01,4.478426e+00
1371,8.134838e-18,1.717825e-05,-2.493145e-04,5.028760e-04,-2.216122e-01,-6.171669e-02,4.688382e+00
1372,6.599852e-18,1.403851e-05,-2.344001e-04,5.026184e-04,1.016695e-01,6.750206e-02,2.363627e+01
1373,3.206840e-18,7.003266e-06,-2.414366e-04,4.801409e-04,4.845921e-02,7.808039e-02,1.153899e+00
1374,2.084740e-18,1.247353e-05,-2.381165e-04,4.894830e-04,-2.596612e-01,7.039134e-01,9.848289e+00
1375,3.618391e-17,2.399136e-05,-2.421656e-04,4.820116e-04,-1.328885e-02,-5.766576e-02,-1.483391e+00
1376,7.440600e-19,-1.914131e-05,-2.335394e-04,4.751786e-04,3.195746e+00,-1.610548e-02,-9.026648e-01
1377,3.577056e-18,-1.954869e-05,-2.496096e-04,4.737003e-04,4.748196e-01,-1.699162e-01,-4.893181e+00
1378,1.363677e-18,-1.118960e-05,-2.267515e-04,4.710843e-04,1.733559e+00,6.803755e-01,-7.075580e+00
1379,1.262428e-18,8.985196e-06,-2.444888e-04,4.728242e-04,-2.594914e-01,1.101840e+00,2.397016e+00
1380,1.552553e-18,9.765252e-06,-2.441421e-04,4.702280e-04,5.199190e-01,1.795955e+00,-2.700946e+00
1381,4.612248e-17,-1.782373e-05,1.652478e-04,4.956272e-04,-5.042113e-01,-1.645577e+00,4.110595e+00
1382,2.746290e-17,1.628244e-06,1.552317e-04,4.982970e-04,-7.348407e-01,-3.625821e+00,8.510618e+00
1383,2.521278e-18,-8.491805e-06,1.656794e-04,4.982751e-04,2.336706e-01,-6.058091e-01,1.032416e+01
1384,1.928615e-17,-1.307441e-05,1.624785e-04,4.931083e-04,1.865109e+00,3.731643e-01,7.316141e+00
1385,2.984581e-17,-1.420965e-06,1.640179e-04,4.950844e-04,1.141148e+00,2.796125e-01,9.544963e+00
1386,3.386587e-17,-1.033500e-05,1.637941e-04,4.814386e-04,1.048424e+00,2.096514e-01,2.798192e+00
1387,2.716975e-17,-5.121493e-06,1.722821e-04,4.859479e-04,-3.925213e-01,4.178572e-01,2.467298e+00
1388,3.114202e-17,-1.997720e-07,1.693843e-04,4.894556e-04,-2.553340e+00,2.666013e-01,3.361349e+00
1389,1.004871e-18,-1.641299e-05,1.679713e-04,4.845568e-04,1.292835e-01,-2.509414e-01,2.138539e+00
1390,4.189213e-18,-9.205875e-06,1.687499e-04,4.897070e-04,-8.175370e-01,1.439531e-01,1.260081e+01
1391,3.041883e-18,-1.092736e-05,1.640366e-04,4.990548e-04,6.935175e-01,-3.095571e-01,1.152846e+01
1392,3.488671e-18,-1.014404e-05,1.687528e-04,4.943266e-04,-1.343486e+00,-2.585580e-01,1.428863e+01
1393,5.362619e-18,-6.510742e-06,1.664761e-04,4.794891e-04,2.744187e+00,7.156474e-03,4.718023e+00
1394,1.890206e-18,-1.711496e-05,1.617917e-04,4.844327e-04,-3.091745e-01,3.919656e-01,3.734005e+00
1395,1.444290e-17,-5.093373e-06,1.534117e-04,4.888351e-04,-6.780981e-01,2.549459e-01,3.091759e+00
1396,5.006031e-18,-9.378380e-06,1.578141e-04,4.845641e-04,-1.467383e-01,-1.471625e-01,2.248852e+00
1397,4.130440e-18,-8.559178e-06,1.648747e-04,4.945369e-04,5.602307e-01,3.956863e-01,1.042194e+01
1398,2.677651e-18,-1.163027e-05,1.641232e-04,4.897207e-04,3.823608e-01,-1.363559e-01,7.060760e+00
1399,5.318175e-18,-1.013381e-05,1.562046e-04,4.783856e-04,-1.230334e-02,-7.228610e-01,2.216638e-02
1400,1.948079e-18,-2.476442e-06,1.640574e-04,4.858980e-04,-8.560238e-01,-2.387361e-01,3.785095e+00
1401,3.567315e-18,-2.423048e-06,1.640642e-04,4.820349e-04,5.949379e-01,1.632245e-01,2.190753e+00
1402,1.179635e-18,-1.953565e-06,1.640595e-04,4.770968e-04,-8.327490e-01,-5.837556e-01,-1.724499e+00
1403,8.731232e-18,-2.429996e-05,1.726916e-04,4.900628e-04,-3.642092e-02,1.996143e-02,-1.840159e+00
1404,2.722134e-18,-3.856501e-06,1.786987e-04,4.932404e-04,6.671775e-01,1.249825e+00,1.613541e+01
1405,2.138257e-17,-5.141182e-06,1.848022e-04,4.865262e-04,2.915206e+00,-1.347780e+00,3.689723e+00
1406,6.918687e-18,-1.718928e-05,1.840544e-04,4.945319e-04,-4.044662e-02,-4.321731e-02,3.576449e+00
1407,3.126291e-17,-1.576392e-06,1.947407e-04,4.943602e-04,1.979079e+00,3.662061e+00,9.116248e+00
1408,5.611713e-19,-1.012720e-05,1.855476e-04,4.814372e-04,-5.684576e-02,1.111296e-01,1.582681e+00
1409,2.559355e-18,-1.016082e-05,1.843670e-04,4.926912e-04,6.522967e-02,-8.341958e-02,4.150405e+00
1410,5.561688e-18,-5.492676e-06,1.927144e-04,4.878584e-04,-1.685273e-01,1.427585e+00,7.290023e+00
1411,5.068096e-19,-1.404976e-05,1.972644e-04,4.978187e-04,-6.068848e-01,6.588592e-01,-2.733787e-01
1412,1.258474e-18,-8.596962e-06,1.953166e-04,4.993805e-04,-3.277676e-02,-6.472206e-02,1.890862e+00
1413,1.469026e-18,-2.025799e-05,1.843127e-04,4.862402e-04,3.061995e-02,-2.455114e-01,-9.628527e-01
1414,1.864234e-17,-4.003732e-06,1.798399e-04,4.844039e-04,1.971617e-01,7.833347e-01,9.851340e+00
1415,6.773238e-18,-8.597347e-06,1.914023e-04,4.892275e-04,3.752890e-01,-5.171358e-02,6.550159e-01
1416,2.087135e-18,-6.258567e-06,1.931146e-04,4.804511e-04,-3.384632e-01,5.245375e-01,1.222410e+00
1417,2.443814e-19,-3.516012e-06,1.785154e-04,4.908004e-04,-1.911413e+00,-1.173263e+00,1.358524e+01
1418,1.416924e-18,-1.560864e-06,1.851494e-04,4.900177e-04,-2.189371e-03,1.343649e-01,3.679208e-02
1419,2.358704e-18,-2.460925e-05,1.859391e-04,4.955688e-04,-9.320714e-02,8.574354e-02,-3.084398e+00
1420,2.519247e-17,1.357957e-05,1.727990e-04,4.956175e-04,-6.615979e-01,3.687015e+00,8.736175e+00
1421,2.269837e-17,1.242512e-05,1.616202e-04,4.847764e-04,-4.226823e-01,1.467827e+00,1.130967e+00
1422,5.487218e-19,1.479764e-05,1.699244e-04,4.900135e-04,7.474019e-01,3.009129e-01,5.407739e+00
1423,3.053718e-18,1.478081e-05,1.671573e-04,4.847729e-04,-5.498394e-01,8.904429e-01,3.881207e+00
1424,1.486310e-18,1.487481e-05,1.687009e-04,4.782939e-04,5.639063e-01,1.365551e+00,-1.453017e+00
1425,1.420689e-18,5.485136e-06,1.663961e-04,4.822243e-04,4.789286e-01,-1.087256e-01,-3.390335e+00
1426,3.510925e-18,1.562981e-05,1.687522e-04,4.958793e-04,-3.567602e-01,3.625964e-01,1.798894e-01
1427,2.985183e-18,2.442957e-05,1.695318e-04,4.877313e-04,8.900580e-02,-2.317679e-01,-2.524698e+00
1428,4.172923e-18,2.460901e-05,1.585968e-04,4.831655e-04,1.380885e-02,2.463592e-02,-2.927291e+00
1429,8.931274e-17,1.445228e-05,1.885334e-04,4.853942e-04,-3.811294e-01,-6.936461e-01,2.318619e+00
1430,1.400356e-17,1.364953e-05,1.962324e-04,4.884228e-04,7.375628e-02,-1.096976e+00,4.972393e+00
1431,4.729255e-18,1.558260e-06,1.789191e-04,4.853550e-04,-3.605123e-01,-5.009775e-01,6.731795e+00
1432,2.756802e-17,6.118982e-06,1.879341e-04,4.829398e-04,7.270339e-01,5.684122e-01,2.422661e+00
1433,3.631048e-18,1.532128e-06,1.773743e-04,4.926363e-04,4.901618e-01,-8.925702e-01,9.840486e+00
1434,3.601964e-18,3.124562e-06,1.851600e-04,4.989836e-04,-1.331747e-01,1.902605e-01,7.771489e+00
1435,2.849077e-18,8.536768e-06,1.883113e-04,4.779369e-04,4.847256e-01,2.046392e-01,4.084823e-01
1436,3.413627e-17,2.400875e-05,2.018419e-04,4.878817e-04,-4.230873e-03,2.199196e-02,-1.306676e+00
1437,2.569634e-18,5.469342e-06,1.968763e-04,4.989437e-04,6.225921e-02,9.080016e-02,7.099354e-01
1438,4.241351e-19,1.523637e-05,1.917983e-04,4.775159e-04,6.606740e-02,-8.589308e-01,-9.537925e-01
1439,2.854666e-18,7.822956e-06,1.990435e-04,4.808372e-04,-3.685067e+00,-1.024404e+00,9.446461e+00
1440,2.735980e-18,7.816607e-06,1.773486e-04,4.911046e-04,1.265038e-01,1.187372e-01,-8.527528e-01
1441,6.057090e-19,9.765682e-06,1.999269e-04,4.767569e-04,4.080187e-01,-8.283033e-02,3.333535e+00
1442,2.925743e-18,2.460884e-05,1.851498e-04,4.907789e-04,3.535203e-02,1.229626e-02,-3.909213e+00
1443,1.632065e-17,-1.922682e-04,7.826839e-06,5.262704e-04,-1.021471e-01,2.089145e+00,1.762270e+01
1444,2.829606e-17,-1.803825e-04,8.733907e-07,5.176772e-04,3.433722e-01,-1.928219e+00,8.391177e+00
1445,9.004921e-17,-1.953071e-04,1.100463e-05,5.300378e-04,-1.538139e+00,2.352642e+00,1.537139e+01
1446,4.524069e-17,-1.960501e-04,7.508132e-06,5.052653e-04,-3.107616e-01,-3.543992e-01,1.491146e+01
1447,6.373700e-18,-1.804695e-04,9.384531e-06,5.039663e-04,-1.124272e-01,6.791427e-01,5.360759e+00
1448,2.478917e-16,-1.868551e-04,-1.420252e-06,4.977808e-04,1.276246e+00,8.088793e-01,7.014772e+00
1449,2.636490e-17,-1.976534e-04,2.075066e-05,5.361861e-04,9.702676e-01,1.579938e+00,7.214474e+00
1450,1.984414e-17,-1.908939e-04,1.538481e-06,5.377417e-04,-1.838209e+00,2.091021e-01,1.253663e+01
1451,4.213840e-18,-1.906236e-04,1.016180e-05,5.437516e-04,1.363706e-01,3.360695e-02,7.551808e+00
1452,3.453092e-17,-1.790326e-04,1.199781e-05,5.258053e-04,-5.604532e-01,4.982066e-01,3.658085e+00
1453,2.739430e-18,-1.851586e-04,-1.035683e-09,5.326637e-04,-1.232182e-02,2.597330e-02,4.819974e+00
1454,1.589341e-18,-1.953115e-04,7.780244e-07,5.473771e-04,-3.506500e-02,-4.471045e-01,5.536154e+00
1455,4.467505e-18,-1.929595e-04,2.266231e-05,5.335323e-04,-8.662534e-02,-1.056391e-01,3.668429e+00
1456,3.004844e-18,-1.875002e-04,1.327550e-05,5.448791e-04,5.500275e-02,3.929842e-01,1.081274e+00
1457,1.699407e-17,-1.775774e-04,1.800236e-05,5.216986e-04,-2.063186e+00,-1.339295e-01,6.994778e+00
1458,1.188017e-17,-1.804450e-04,1.283812e-09,5.120533e-04,3.141495e-01,1.409684e-01,6.619650e+00
1459,2.773651e-17,-1.843640e-04,-2.006592e-05,5.189041e-04,4.493598e-01,-1.642226e+00,2.651935e+00
1460,3.173648e-18,-1.859312e-04,1.714200e-05,5.121738e-04,-3.351984e-01,-8.046319e-02,2.522050e+00
1461,6.280536e-18,-1.828091e-04,1.562235e-05,5.236885e-04,-3.582938e-02,1.588351e-01,2.181045e+00
1462,6.287641e-18,-1.862737e-04,-3.876682e-06,5.188735e-04,3.415738e+00,-5.730356e-01,7.379050e+00
1463,3.371429e-18,-1.859233e-04,1.718404e-05,5.083084e-04,-2.896198e-01,4.034801e-02,2.065615e+00
1464,1.291039e-17,-1.802174e-04,-1.959316e-05,5.200081e-04,-9.628017e-01,-5.137980e-02,4.484841e-01
1465,4.566842e-18,-1.799857e-04,-1.249765e-05,5.021224e-04,-7.520835e-02,-5.348062e-02,1.931866e+00
1466,1.735787e-17,-1.912364e-04,-1.126633e-05,5.281446e-04,5.206701e-01,-1.416758e-01,5.352756e+00
1467,5.553980e-18,-1.945322e-04,-9.516950e-06,5.425174e-04,-2.691768e-02,2.785684e-01,5.270059e+00
1468,5.396478e-18,-1.968755e-04,-4.695156e-06,5.369037e-04,1.145795e-01,-1.247076e-02,5.109613e+00
1469,2.625283e-18,-1.906265e-04,-1.250250e-05,5.387652e-04,-2.830533e-02,-4.179060e-02,3.136779e+00
1470,1.279519e-18,-1.804688e-04,-3.907844e-06,5.391303e-04,5.220905e-02,-6.396248e-02,1.845875e+00
1471,1.188668e-16,-2.197494e-04,4.613993e-06,5.423731e-04,-1.612730e+00,2.357247e+00,1.378726e+01
1472,1.058530e-16,-2.084007e-04,8.076877e-06,5.275731e-04,-1.008897e+00,-1.265589e+00,8.429069e+00
1473,9.333306e-18,-2.054647e-04,1.325166e-05,5.455438e-04,-2.507717e-02,5.060722e-02,1.192555e+01
1474,2.043167e-18,-2.227114e-04,9.436403e-06,5.439899e-04,-1.459628e-01,6.591831e-02,1.989875e+00
1475,1.245853e-17,-1.681474e-04,-2.282921e-05,5.342200e-04,3.153922e-01,1.837625e-01,6.917163e+00
1476,4.804497e-19,-1.734377e-04,-1.445782e-05,5.301273e-04,1.759131e-02,-5.167782e-01,3.456764e+00
1477,4.574731e-18,-1.624995e-04,-7.816639e-06,5.295328e-04,-1.178383e-02,3.408764e-01,6.452245e+00
1478,1.364131e-17,-1.550966e-04,-2.191950e-05,5.460335e-04,-2.453450e-01,-1.011736e-01,4.494462e+00
1479,1.036724e-18,-1.734408e-04,-1.483034e-05,5.384298e-04,-8.741677e-02,2.403068e-01,-6.194410e-01
1480,4.420755e-17,-2.068214e-04,1.298356e-05,5.079037e-04,-4.425116e-01,-1.195648e+00,6.663908e+00
1481,7.507589e-17,-2.154701e-04,8.748831e-06,5.180797e-04,9.546145e-01,7.571306e-02,4.810626e+00
1482,2.457724e-16,-2.158158e-04,9.002995e-06,5.182266e-04,9.003383e-01,1.051481e-01,4.647276e+00
1483,5.323815e-17,-2.208326e-04,1.381321e-05,5.041395e-04,7.603892e-01,1.346521e+00,8.886186e+00
1484,1.768371e-17,-2.041583e-04,1.240445e-05,5.211804e-04,-3.282402e-01,-3.064717e-01,8.270267e+00
1485,9.763688e-18,-2.023375e-04,9.917431e-06,5.184555e-04,-3.558725e-01,1.472421e+00,9.094960e+00
1486,2.794271e-17,1.909134e-06,8.210782e-05,5.137205e-04,-4.032899e-01,5.703228e-01,1.433577e+01
1487,2.012483e-18,7.289270e-07,9.146254e-05,5.023810e-04,4.587600e-01,1.986189e+00,2.656627e+00
1488,1.146387e-17,2.343530e-06,8.613867e-05,5.251229e-04,6.660299e-03,-2.144229e-04,1.514354e+01
1489,2.727217e-17,1.820045e-05,9.144528e-05,5.061447e-04,-3.894062e-01,2.349423e-01,1.124810e+01
1490,2.899257e-17,1.931086e-05,7.356817e-05,5.374765e-04,-1.720006e-01,5.670552e-01,1.242473e+01
1491,1.260011e-17,5.503085e-06,7.446929e-05,5.143450e-04,-3.144874e-01,-7.088009e-01,2.121062e+01
1492,5.322223e-17,1.783227e-05,7.825081e-05,5.234425e-04,1.920484e-01,7.157206e-01,6.779445e+00
1493,4.005525e-17,4.328914e-06,8.658352e-05,5.320783e-04,-4.425790e-01,-1.942891e+00,1.020860e+01
1494,5.232591e-18,5.534132e-06,7.420011e-05,5.361255e-04,3.543508e-01,-3.216711e-01,4.898377e+00
1495,2.329133e-17,7.848420e-06,7.719182e-05,5.315017e-04,2.521685e-01,-8.390537e-01,8.333090e+00
1496,6.344282e-19,6.246776e-06,8.867120e-05,5.421759e-04,7.022532e-01,-7.491524e-01,1.227208e+01
1497,3.422917e-17,1.938956e-06,8.497031e-05,5.380773e-04,-2.480732e-02,-4.952347e-02,8.470128e+00
1498,8.834166e-18,7.037557e-06,9.476332e-05,5.330653e-04,9.866404e-02,1.367286e-01,6.122290e+00
1499,4.842683e-17,-1.519246e-06,7.491578e-05,5.332236e-04,3.329312e-01,3.085381e-01,4.702224e+00
1500,2.331045e-17,6.182977e-06,8.270996e-05,5.396787e-04,-2.375443e-01,1.341772e+00,7.774567e+00
1501,1.032617e-17,5.547272e-06,9.624884e-05,5.471096e-04,-1.200516e+00,1.429435e-01,5.289680e+00
1502,1.540486e-18,1.016736e-05,9.767654e-05,5.497437e-04,-1.835146e-01,5.901661e-01,1.834289e+01
1503,7.125165e-18,1.871131e-05,9.764496e-05,5.461566e-04,3.903148e-01,6.336080e-01,6.600459e+00
1504,1.326991e-18,7.826533e-07,9.765526e-05,5.346245e-04,-6.487504e-02,5.396194e-02,-2.339566e-01
1505,1.223133e-18,1.015453e-05,8.437269e-05,5.467258e-04,-2.118670e-03,-2.251044e-01,5.034499e-01
1506,1.704675e-18,2.351272e-06,8.281270e-05,5.078812e-04,-1.692361e-01,1.844063e-01,1.179910e+01
1507,2.446048e-18,1.017208e-05,9.843381e-05,5.166960e-04,5.823816e-01,-7.952036e-02,5.986701e+00
1508,1.590249e-18,5.476313e-06,7.735006e-05,5.055664e-04,-7.937024e-02,1.051380e+00,1.321033e+01
1509,7.008829e-18,2.301397e-06,8.673914e-05,5.120254e-04,6.017428e-02,-1.863935e-01,1.057739e+01
1510,9.930119e-18,1.014296e-05,9.535808e-05,5.135919e-04,5.914160e-01,-1.261699e+00,8.242054e+00
1511,1.865676e-18,1.880546e-05,9.059108e-05,5.020188e-04,1.006332e-01,-5.676733e-01,1.176720e+01
1512,1.766090e-17,5.499588e-06,7.810294e-05,4.995707e-04,-4.599679e-01,-2.775139e-01,1.302596e+01
1513,2.620497e-19,1.172217e-06,9.570274e-05,5.071115e-04,-2.351694e+00,9.998761e-01,-1.369232e+00
1514,8.580976e-17,7.278084e-06,5.939825e-05,4.983150e-04,-4.347410e-01,-5.209611e-01,4.498514e+00
1515,2.108313e-17,2.179621e-05,5.630400e-05,5.112044e-04,1.515584e+00,3.353082e+00,2.006430e+01
1516,3.774762e-18,1.796786e-05,6.796800e-05,5.051879e-04,-2.964887e-02,2.227717e+00,7.673199e+00
1517,4.947752e-17,1.767367e-05,6.775048e-05,5.051838e-04,-3.207720e-01,2.125816e+00,7.294243e+00
1518,9.745932e-18,5.602633e-06,7.264677e-05,5.234305e-04,-2.664578e-01,2.362995e-01,2.239542e+01
1519,5.849480e-18,3.768575e-06,7.242118e-05,5.161646e-04,-1.013702e+00,1.563082e+00,1.116739e+01
1520,2.073269e-17,2.328617e-05,5.135862e-05,5.147959e-04,3.582759e+00,-9.901737e-01,1.780092e+01
1521,5.212079e-17,1.338245e-05,6.520298e-05,5.232410e-04,-7.208262e-03,1.132998e+00,9.662853e+00
1522,3.982569e-18,1.562264e-05,7.192341e-05,5.146156e-04,1.042867e+00,4.433848e-02,5.814833e+00
1523,3.024175e-18,4.686750e-06,4.921520e-05,5.020381e-04,3.696459e-01,2.687178e-02,3.384003e+00
1524,3.262569e-18,1.329176e-05,6.092797e-05,5.113836e-04,8.122646e-02,2.482058e-02,8.303913e+00
1525,1.299762e-18,3.902410e-06,5.859292e-05,5.217877e-04,-4.066250e-02,8.319640e-02,2.689211e+00
1526,1.421961e-17,8.228587e-07,6.877805e-05,5.152446e-04,-5.600750e-01,1.181639e+00,4.702498e+00
1527,2.164376e-17,4.710988e-06,4.854078e-05,5.125629e-04,-8.083304e-02,-8.024137e-01,4.810451e+00
1528,4.040317e-18,1.578632e-05,7.187761e-05,5.052388e-04,8.706673e-02,3.775648e-01,4.465779e+00
1529,3.492733e-18,9.365055e-06,5.858999e-05,5.159963e-04,-2.228652e+00,-1.544014e-01,3.394322e+00
1530,1.097680e-18,9.376209e-06,5.546201e-05,5.032517e-04,-1.531292e-01,-8.260347e-03,-3.128844e+00
1531,4.098939e-17,8.176856e-06,6.794357e-05,5.373021e-04,9.070130e-01,-4.300988e+00,2.946718e+01
1532,5.756466e-17,-2.055623e-06,4.397231e-05,5.129616e-04,2.230670e+00,-1.777019e+00,2.713522e+01
1533,5.874925e-17,6.813905e-06,3.632745e-05,5.042391e-04,-1.332478e+00,-6.410647e-01,6.033154e+00
1534,1.110701e-16,-2.111274e-06,3.167110e-05,5.328930e-04,-3.443392e-01,-5.543213e-01,8.211207e+00
1535,2.942333e-18,4.284246e-09,3.515700e-05,5.035659e-04,-6.013864e-02,1.095344e-01,9.021903e+00
1536,3.581105e-18,4.684071e-06,3.515658e-05,5.198309e-04,7.408332e-03,-2.887371e-01,6.914153e+00
1537,2.082873e-17,7.964538e-06,2.952422e-05,5.099818e-04,-6.380674e-01,4.137401e-02,4.190360e+00
1538,5.140339e-18,1.151190e-05,4.062258e-05,5.063472e-04,-5.419869e-02,-1.011373e-02,8.340276e-01
1539,4.212675e-18,4.688558e-06,4.707613e-05,5.257787e-04,9.122022e-02,-2.774916e-01,7.682973e+00
1540,2.427781e-17,6.185196e-06,3.909703e-05,5.169405e-04,4.118775e-01,-3.357271e-01,2.495259e+00
1541,5.292372e-17,1.939787e-05,2.839102e-05,5.350011e-04,2.582163e+00,-3.215750e-01,6.243664e+00
1542,4.050668e-18,4.663165e-06,3.512817e-05,5.408170e-04,2.519128e-02,-1.384271e-02,1.065297e+01
1543,3.351559e-18,4.688281e-06,3.515169e-05,5.492773e-04,2.818762e-01,-2.898948e-01,1.410626e+01
1544,5.465314e-18,2.340400e-06,4.186845e-05,5.351322e-04,-8.388270e-02,7.197995e-01,3.893262e+00
1545,2.059170e-18,5.480516e-06,4.765975e-05,5.365408e-04,2.161112e-01,-7.682903e-02,-1.526459e+00
1546,1.585326e-17,7.534585e-06,6.340416e-05,5.494739e-04,-3.756636e-01,-4.277099e-01,1.458591e+01
1547,2.361344e-18,6.204523e-06,6.982410e-05,5.299285e-04,1.005970e+00,-2.578574e+00,2.524760e+01
1548,1.094352e-17,5.990023e-06,5.546752e-05,5.333122e-04,1.049150e+00,3.967853e-01,8.284253e+00
1549,7.051969e-17,6.050510e-06,5.603848e-05,5.338564e-04,4.350891e-01,9.951243e-01,7.876344e+00
1550,1.101408e-17,1.015709e-05,6.067502e-05,5.423456e-04,-8.437935e-01,1.114292e+00,8.259798e+00
1551,5.778051e-17,1.006796e-05,6.100357e-05,5.426906e-04,-7.857544e-01,1.092330e+00,8.208582e+00
1552,2.999373e-18,9.375883e-06,7.109620e-05,5.462851e-04,4.048165e-02,-5.873209e-02,-1.512502e+00
1553,4.001224e-17,3.607804e-07,4.953806e-05,4.831662e-04,3.421141e-01,-9.189795e-02,4.685659e+00
1554,1.900492e-17,7.969297e-06,4.890345e-05,4.958603e-04,-6.864553e-01,-8.186795e-01,5.995559e+00
1555,1.254294e-16,8.002807e-06,4.935801e-05,4.958096e-04,-5.950178e-01,-7.573817e-01,5.035820e+00
1556,3.562716e-18,-1.093515e-05,4.922875e-05,4.919490e-04,1.364382e+00,1.809804e-01,8.687031e+00
1557,1.573014e-18,-1.016865e-05,4.922533e-05,4.970253e-04,-1.391151e-01,6.777761e-02,9.486038e+00
1558,3.046710e-18,-6.259829e-06,5.076025e-05,5.013460e-04,-7.423921e-01,-2.587785e-03,9.968512e+00
1559,1.400090e-17,-1.776314e-05,5.190130e-05,4.962682e-04,-3.881622e-01,1.633624e-01,3.629909e+00
1560,1.961402e-18,-1.080618e-05,4.922845e-05,4.866645e-04,6.428379e-01,4.062038e-01,4.234774e+00
1561,2.437607e-19,-1.367633e-05,4.960676e-05,4.861055e-04,3.772597e+00,-2.846655e+00,1.024137e+01
1562,5.384323e-19,-1.054828e-05,4.921894e-05,4.829840e-04,-1.935246e-01,2.989851e-01,6.697389e-01
1563,1.516149e-18,8.596851e-06,4.922347e-05,4.814278e-04,-1.370710e-01,-2.391153e-02,1.967047e+00
1564,1.368443e-18,1.664084e-05,4.911745e-05,4.865571e-04,-2.317698e+00,-3.757875e-01,1.163580e+01
1565,6.442673e-19,1.642302e-05,4.960570e-05,4.798652e-04,8.779722e-01,1.256547e+00,4.679975e+00
1566,7.627572e-19,1.171935e-06,5.092511e-05,4.801236e-04,-6.322822e-01,-4.540883e-01,7.281017e+00
1567,1.321568e-16,-1.059646e-05,6.312527e-05,4.908988e-04,3.680362e-01,-8.624663e-01,3.532409e+00
1568,1.162450e-16,-2.352799e-05,6.179273e-05,4.854789e-04,-8.532382e-02,-2.646884e-01,-5.223706e-01
1569,2.417205e-17,-1.719388e-05,6.358115e-05,4.972165e-04,9.040198e-02,1.743955e+00,7.849366e+00
1570,5.475079e-18,1.988762e-05,5.235914e-05,4.957310e-04,-2.533133e+00,1.704697e+00,1.092670e+01
1571,1.436966e-17,1.694661e-05,5.354190e-05,4.952807e-04,-3.255843e-02,1.206861e+00,1.166178e+01
1572,9.133509e-18,1.719544e-05,5.325394e-05,4.861715e-04,-2.297675e-01,6.900569e-01,8.276142e+00
1573,1.543114e-17,5.993625e-06,6.639365e-05,4.880384e-04,-3.316934e-01,2.168729e-02,-1.104298e-01
1574,1.506459e-17,1.787911e-05,5.765680e-05,4.939846e-04,-7.815301e-01,-2.118404e+00,4.814306e+00
1575,4.320651e-18,2.025700e-07,5.937452e-05,4.912640e-04,-1.141960e-01,2.717277e-02,-8.438432e-01
1576,2.767909e-18,1.641205e-05,6.484421e-05,4.810981e-04,2.365729e-01,1.451102e-02,-2.155675e+00
1577,1.263786e-17,2.427009e-05,6.176183e-05,4.974449e-04,-3.631164e-02,3.807849e-02,-1.687199e+00
1578,1.000977e-16,-6.654882e-06,7.775748e-05,4.804808e-04,-3.269953e-01,1.890545e+00,1.236357e+00
1579,1.465853e-17,-1.930474e-05,6.329336e-05,4.779365e-04,-8.416667e-01,-8.175345e-01,2.666105e+00
1580,3.948632e-18,-6.276136e-06,5.544181e-05,4.819088e-04,-3.511914e-01,7.942987e-03,1.660075e+00
1581,2.438091e-17,-1.806855e-05,7.023778e-05,4.838017e-04,-3.999293e-01,5.010875e-01,6.449295e+00
1582,1.723855e-17,-1.738905e-05,5.523903e-05,4.792145e-04,8.613417e-01,-4.830232e-01,1.086137e+00
1583,3.037433e-18,-6.251241e-06,5.391923e-05,4.942409e-04,-1.932632e-02,5.337314e-02,7.239825e+00
1584,1.455217e-17,-1.474618e-05,6.935730e-05,5.010269e-04,1.337701e-01,2.879407e+00,6.031887e+00
1585,1.969532e-18,-1.645579e-05,6.088050e-05,4.852413e-04,1.836101e-01,-7.850153e-02,3.196993e+00
1586,3.395239e-18,-1.095112e-05,5.856613e-05,4.935350e-04,-4.822828e-02,-8.092146e-01,-7.610373e-01
1587,3.148897e-18,-4.682380e-06,5.546313e-05,4.896470e-04,-2.167742e-01,-4.169676e-01,8.302839e-01
1588,1.774420e-18,-2.455323e-06,6.015434e-05,4.878946e-04,3.430133e-02,2.086819e-01,-2.489441e-01
1589,1.019627e-18,-1.719819e-05,6.875381e-05,4.790742e-04,1.647226e-01,-5.971666e-02,5.424229e+00
1590,7.963162e-18,-3.875043e-06,5.306653e-05,5.010175e-04,2.063883e-01,-2.241066e-01,8.073274e-01
1591,1.372172e-18,-2.343158e-06,6.484504e-05,4.923627e-04,1.460764e-01,6.409605e-02,-1.716830e+00
1592,1.004343e-18,-6.843611e-06,7.518290e-05,4.759793e-04,2.477579e+00,4.672685e-01,2.901707e+00
1593,4.375580e-18,-2.345485e-06,7.265615e-05,5.024904e-04,-5.707781e-02,-2.234723e-02,-1.621942e-01
1594,8.995443e-18,-2.428302e-05,7.109054e-05,4.893401e-04,-2.072723e-02,3.801012e-03,-1.945776e+00
1595,2.885948e-18,-2.460917e-05,5.391601e-05,4.971039e-04,-4.313979e-02,-7.683914e-02,-3.232320e+00
1596,9.017190e-17,6.803886e-06,2.120053e-05,4.838059e-04,1.076186e+00,2.035935e+00,4.900543e+00
1597,1.223234e-18,-1.540751e-05,4.555313e-05,4.972014e-04,4.259907e-01,-4.687735e+00,2.515145e+01
1598,1.115789e-18,-1.422172e-05,4.648637e-05,4.941491e-04,4.726015e+00,-2.061739e+00,2.028792e+01
1599,2.269231e-18,1.333742e-05,2.428550e-05,4.873671e-04,3.373671e-01,-7.050353e-03,3.385166e+00
1600,2.394086e-17,1.598954e-05,4.691720e-05,4.891193e-04,9.447473e-01,-1.052156e+00,1.015137e+01
1601,9.194451e-17,-6.831233e-06,2.453790e-05,4.925645e-04,-1.268823e-01,-5.044593e-01,4.298222e+00
1602,4.378718e-18,-1.367592e-05,4.796627e-05,4.898842e-04,3.491425e+00,-6.095503e-01,1.668568e+01
1603,7.628040e-18,-2.421899e-05,3.593758e-05,4.802792e-04,8.367908e-02,6.213079e-02,-1.400883e+00
1604,2.027595e-17,-1.258324e-05,2.380617e-05,4.843893e-04,1.171447e+00,1.987645e+00,2.809127e+00
1605,2.379316e-17,-1.713987e-06,2.571991e-05,4.777086e-04,1.577384e+00,3.483800e+00,-6.160425e-01
1606,2.539565e-17,-2.219429e-05,3.925326e-05,4.903000e-04,-7.381339e-01,-1.203800e+00,2.200012e+00
1607,2.844539e-17,-1.065348e-05,2.994292e-05,4.774786e-04,-1.033946e-01,-2.022893e+00,1.246185e-01
1608,2.171853e-17,1.520672e-07,2.311088e-05,4.926830e-04,1.006502e-01,6.789768e-01,1.956136e+00
1609,3.295082e-17,-2.390866e-05,3.595289e-05,4.804738e-04,-2.966038e-03,5.975514e-02,-1.120309e+00
1610,2.635403e-18,-6.245582e-06,2.578533e-05,4.832962e-04,9.291955e-01,5.282078e-01,2.042378e+00
1611,1.131125e-18,-2.267208e-05,4.453271e-05,5.017387e-04,-2.489316e-02,9.212376e-01,-1.838617e+00
1612,2.487243e-17,-2.406601e-05,3.465882e-05,4.970568e-04,2.353013e-02,1.062642e-01,-3.650430e-01
1613,2.261783e-18,-1.641964e-05,3.983999e-05,4.786640e-04,5.623727e-02,2.620508e-01,-1.178057e+00
1614,2.914669e-17,2.199626e-06,2.877484e-05,4.852498e-04,-2.238084e+00,1.774206e-01,8.303845e+00
1615,5.160459e-18,2.188539e-05,3.749898e-05,4.973993e-04,1.490205e-01,2.567340e-01,6.599520e+00
1616,9.723293e-18,2.119354e-06,4.609081e-05,4.878288e-04,-3.498850e-01,-4.153081e-02,7.947560e-01
1617,6.005304e-18,1.407115e-05,2.579736e-05,4.782656e-04,2.769632e-01,9.655901e-01,6.764472e-01
1618,2.512079e-17,1.356010e-05,3.936054e-05,4.827338e-04,-6.762129e-01,-1.869159e-01,1.432948e+00
1619,2.617367e-18,2.193776e-05,4.847914e-05,4.866194e-04,-8.733587e-01,-6.839405e-01,5.073596e+00
1620,2.188116e-18,1.267416e-05,4.686686e-05,4.897637e-04,-7.417376e-01,-4.958742e-01,-1.221790e+00
1621,3.918706e-18,1.015197e-05,2.890356e-05,4.970409e-04,-1.730630e-02,-8.566726e-02,1.159187e+00
1622,2.454430e-17,2.409488e-05,2.930352e-05,4.791691e-04,-2.505759e-02,-6.128628e-02,-1.518153e+00
1623,2.915899e-18,3.906984e-06,4.140160e-05,4.857420e-04,2.606809e-01,2.135236e-01,-7.368933e-01
1624,3.131377e-18,3.052791e-06,2.832718e-05,4.805633e-04,2.403083e+00,-1.006235e+00,7.965952e+00
1625,1.189293e-18,1.483042e-05,4.606009e-05,4.923679e-04,-2.508943e-01,-9.111708e-02,-2.693553e+00
1626,3.257172e-18,2.088739e-06,2.819531e-05,4.760419e-04,-1.295123e+00,1.316082e+00,4.557179e+00
1627,1.461102e-18,4.687483e-06,3.515741e-05,4.915779e-04,-5.896583e-02,-1.445487e-02,-5.821523e-01
1628,3.262589e-18,2.460953e-05,3.827799e-05,4.923611e-04,4.965594e-02,-1.388541e-02,-3.094736e+00
1629,2.364535e-16,-1.262253e-06,-1.040494e-04,5.379420e-04,-7.160459e-02,-2.961338e-01,7.436518e+00
1630,5.195769e-17,-6.679935e-06,-1.018389e-04,5.470949e-04,3.012734e-01,4.746518e-02,5.441011e+00
1631,2.178368e-17,9.350933e-06,-1.146272e-04,5.178077e-04,-9.406857e-01,1.411335e+00,1.426828e+01
1632,1.617894e-16,7.534669e-06,-1.178443e-04,5.291459e-04,-1.795565e-01,-9.051036e-02,5.477697e+00
1633,3.141538e-18,-7.819910e-07,-1.124990e-04,5.335085e-04,-2.542933e-02,1.657317e-02,6.000831e+00
1634,2.793794e-17,-8.919028e-07,-1.154253e-04,5.446563e-04,-7.273892e-01,-3.466751e-03,7.189801e+00
1635,2.670517e-17,-6.802215e-06,-1.117138e-04,5.393959e-04,8.478830e-01,-1.087291e+00,5.522010e+00
1636,5.999310e-18,7.034841e-06,-1.195324e-04,5.451304e-04,1.319554e-03,4.538855e-02,5.927301e+00
1637,3.919828e-18,8.291299e-07,-1.234372e-04,5.476144e-04,-3.237844e-02,-2.705812e-02,7.604154e+00
1638,1.446796e-18,-1.718729e-05,-1.179686e-04,5.271305e-04,-6.200996e-03,-2.167014e-02,1.855378e+00
1639,2.174043e-18,-1.250535e-05,-1.070250e-04,5.478627e-04,1.430702e-01,-9.017848e-03,-1.614313e+00
1640,1.271820e-17,1.299506e-05,-8.076204e-05,5.316596e-04,-4.327985e-01,6.059334e-02,5.399089e+00
1641,4.409870e-17,6.398939e-06,-9.053759e-05,5.377835e-04,-1.376524e+00,-8.243723e-01,1.058571e+01
1642,8.032576e-18,1.093765e-05,-9.009140e-05,5.286561e-04,2.229863e-02,-9.402850e-01,1.020705e+01
1643,1.138322e-18,5.469984e-06,-9.765660e-05,5.391335e-04,-4.337806e-02,5.249184e-02,6.021239e+00
1644,2.758781e-18,2.031278e-05,-7.968774e-05,5.448999e-04,3.173129e-03,4.737048e-03,1.842658e+00
1645,9.563410e-17,-1.485160e-05,-1.031563e-04,5.135005e-04,6.155104e-02,-4.472740e-01,4.759203e+00
1646,2.522570e-17,-2.921692e-06,-1.017719e-04,5.072615e-04,-5.568102e-02,-3.060418e+00,2.106747e+01
1647,5.255619e-18,-6.251448e-06,-1.234367e-04,5.102388e-04,-2.050293e-01,-2.423171e-02,1.661673e+01
1648,3.911813e-17,-3.734403e-06,-1.073669e-04,5.085032e-04,-9.286966e-02,-1.023088e+00,4.250723e+00
1649,4.985360e-18,-8.924332e-06,-1.219061e-04,5.227533e-04,1.662722e-01,1.302485e+00,1.898754e+01
1650,4.870424e-18,-1.564153e-06,-1.171862e-04,5.163783e-04,-9.649286e-02,-1.336636e-02,1.438239e+00
1651,1.587546e-17,-8.896364e-06,-1.162956e-04,5.142725e-04,1.374397e+00,6.051385e-01,3.281716e+00
1652,1.013421e-18,-7.027802e-06,-1.179580e-04,5.102197e-04,1.786765e-01,2.682727e-01,1.100810e+00
1653,1.242534e-16,-4.302715e-06,-7.946676e-05,5.176919e-04,-1.051792e+00,-6.847219e-01,1.380383e+01
1654,9.932505e-17,-1.569826e-05,-9.451054e-05,5.376675e-04,1.215400e-01,-1.037391e-01,9.155983e+00
1655,1.139990e-16,-8.582255e-06,-8.702574e-05,5.278777e-04,-1.217000e+00,1.056356e+00,9.051685e+00
1656,5.639515e-18,-9.281609e-06,-8.985996e-05,5.343444e-04,-6.403474e-01,1.195965e-02,6.736293e+00
1657,1.245766e-18,-9.373627e-06,-8.985248e-05,5.422063e-04,1.765807e-01,-1.170454e-01,1.769885e+00
1658,9.801540e-17,9.434116e-06,-8.014487e-05,5.143322e-04,-7.755900e-01,-4.613805e-01,1.322106e+01
1659,7.095365e-17,2.218080e-06,-8.958903e-05,5.088339e-04,7.859143e-01,6.237291e-01,6.728832e+00
1660,2.915602e-18,1.171045e-05,-8.749710e-05,5.244051e-04,8.891267e-02,-2.972578e-02,8.553678e+00
1661,8.018808e-18,-1.019297e-05,-9.451935e-05,5.119032e-04,6.088608e-01,2.695490e-02,5.756255e+00
1662,2.345775e-17,-1.267614e-05,-9.611478e-05,5.086228e-04,6.063112e-01,1.691467e+00,6.659231e+00
1663,3.795955e-17,4.161903e-06,-9.675761e-05,5.162096e-04,-6.797836e-01,-1.508935e+00,6.750471e+00
1664,4.331833e-18,6.250394e-06,-9.063272e-05,5.178573e-04,3.198075e-02,2.621652e-02,2.955416e+00
1665,9.994661e-18,-2.019005e-06,-8.107173e-05,5.110376e-04,-3.204273e-01,-2.214227e+00,1.299487e+01
1666,2.175025e-18,-4.625204e-06,-9.057016e-05,5.068347e-04,-7.446277e-02,2.553015e-02,6.634240e+00
1667,2.812921e-18,-1.485574e-05,-9.219122e-05,5.251464e-04,-3.252755e-01,-1.748690e-01,8.098828e+00
1668,3.418631e-18,-9.379216e-06,-8.984581e-05,5.044034e-04,-2.497065e-01,-3.488774e-01,2.212210e+00
1669,1.354277e-17,-5.020740e-06,-9.672371e-05,5.182259e-04,4.022283e-01,5.774218e-02,6.978895e+00
1670,2.763678e-18,1.171655e-05,-8.750061e-05,5.159761e-04,1.180977e-01,4.430225e-02,6.839839e+00
1671,3.655192e-18,2.106934e-05,-8.049914e-05,5.149088e-04,2.856831e-01,-1.625272e-01,1.187014e-01
1672,2.541911e-18,5.469922e-06,-9.765354e-05,5.082064e-04,-8.465572e-02,-1.437802e-01,4.691103e+00
1673,1.514351e-18,1.016026e-05,-9.765060e-05,5.078771e-04,1.258428e-01,-3.884684e-02,8.164167e-01
1674,1.333453e-16,4.507341e-06,-2.217631e-04,5.267224e-04,-1.402799e+00,2.759075e-01,5.719487e+00
1675,4.006706e-17,-6.557651e-06,-2.271991e-04,5.090123e-04,8.097441e-01,1.187721e+00,1.598650e+01
1676,3.078080e-17,-8.060358e-06,-2.278066e-04,5.211550e-04,-2.573686e-01,1.433737e+00,5.585751e+00
1677,1.000128e-17,3.196961e-06,-2.359418e-04,5.242173e-04,1.114981e+00,6.882303e-02,6.067133e+00
1678,1.136140e-16,-3.767129e-06,-2.487084e-04,5.100855e-04,-5.216940e-02,1.314907e-01,6.536798e+00
1679,2.063601e-17,1.135727e-05,-2.426637e-04,5.193256e-04,1.668191e+00,-2.267730e+00,1.033875e+01
1680,3.955507e-17,7.637866e-07,-2.276097e-04,5.075286e-04,-3.063917e-01,-2.765387e-01,1.287546e+01
1681,1.309627e-18,7.037013e-06,-2.414000e-04,5.133146e-04,-2.962776e-01,-2.484706e-01,9.073032e+00
1682,3.657241e-18,1.167369e-05,-2.312611e-04,5.176520e-04,5.258933e-02,-4.633459e-02,2.405837e+01
1683,8.131961e-19,7.657740e-06,-2.496090e-04,5.053272e-04,-6.532799e-01,-2.355613e-02,4.232227e+00
1684,2.587339e-18,1.015239e-05,-2.496100e-04,5.164176e-04,5.442180e-02,-2.463674e-02,5.175529e+00
1685,9.632000e-17,-7.802786e-06,-2.443107e-04,5.288207e-04,7.825986e-01,1.568745e-01,1.058099e+01
1686,8.571821e-17,2.174060e-05,-2.489509e-04,5.255148e-04,2.669853e+00,-5.665612e-01,1.074926e+01
1687,1.638194e-17,2.351085e-06,-2.337969e-04,5.105360e-04,-1.140156e-01,-5.236727e-01,1.099881e+01
1688,1.374922e-17,-4.082132e-06,-2.404475e-04,5.180671e-04,8.975052e-01,-3.538694e-01,4.795194e+00
1689,8.351790e-19,6.887759e-06,-2.415443e-04,5.079125e-04,5.866818e-01,1.449716e-01,8.472359e+00
1690,4.615749e-18,2.904291e-06,-2.374786e-04,5.067708e-04,3.649646e-01,1.343101e-01,8.017941e+00
1691,1.922357e-17,-1.641035e-05,-2.457696e-04,5.203586e-04,3.151772e-01,-8.230473e-01,4.321232e+00
1692,1.620943e-18,-2.343720e-05,-2.496089e-04,5.152419e-04,-1.759061e-01,-1.356339e-01,1.379967e+00
1693,3.864925e-18,1.745966e-05,-2.496100e-04,5.113461e-04,3.847972e-01,-4.651730e-02,5.920672e+00
1694,9.541450e-18,1.143880e-05,-2.312627e-04,5.122519e-04,7.368783e-01,3.152224e-01,2.124587e+01
1695,1.620838e-18,1.014299e-05,-2.312532e-04,5.079096e-04,-3.075031e-01,2.834432e-01,1.909082e+01
1696,3.549574e-18,1.015607e-05,-2.312542e-04,5.044142e-04,6.375743e-02,4.261549e-01,1.776376e+01
1697,3.036881e-18,1.091764e-05,-2.445298e-04,5.105870e-04,-2.444820e-01,1.714865e-01,3.545458e+00
1698,3.899451e-17,-1.680994e-06,-2.489982e-04,5.275443e-04,1.898681e-01,-9.095233e-03,5.251037e+00
1699,1.523012e-18,-9.376756e-06,-2.421901e-04,5.171914e-04,2.699570e-02,3.607176e-02,6.076964e+00
1700,6.308749e-19,-1.562301e-05,-2.496105e-04,5.202539e-04,-3.254673e-01,-3.059539e-01,9.392697e-01
1701,1.376116e-18,-3.913599e-06,-2.359380e-04,5.055734e-04,-1.550821e-01,-8.980662e-02,-2.328794e-01
1702,2.869520e-17,-6.072538e-07,-2.257075e-04,5.310068e-04,2.696950e-01,4.436767e-01,5.736529e+00
1703,3.871927e-17,2.024436e-05,-2.301393e-04,5.390983e-04,4.227533e+00,5.476290e-01,3.053266e+01
1704,2.302518e-17,1.737218e-05,-2.491185e-04,5.444462e-04,2.506441e+00,3.504745e-02,1.180694e+01
1705,1.255056e-16,7.645318e-06,-2.325114e-04,5.409633e-04,2.435180e-01,-4.437293e-01,1.283886e+01
1706,8.435965e-17,-5.697072e-06,-2.370805e-04,5.487997e-04,6.701277e-01,3.191961e-01,9.951095e+00
1707,4.619174e-17,7.909048e-06,-2.406758e-04,5.314655e-04,-3.901078e-01,4.578856e-01,1.550417e+01
1708,3.997310e-18,1.714178e-05,-2.460919e-04,5.289212e-04,7.732321e-02,9.180516e-02,5.847326e+00
1709,9.952997e-17,-4.816582e-07,-2.239783e-04,5.435609e-04,7.671477e-02,-8.968919e-01,6.196574e+00
1710,6.526857e-18,1.771153e-05,-2.312431e-04,5.318547e-04,3.063630e+00,-6.076727e-01,2.927578e+01
1711,4.805156e-18,1.094128e-05,-2.406273e-04,5.369487e-04,7.652389e-02,9.187509e-03,9.742852e+00
1712,2.267291e-17,-1.690551e-05,-2.407317e-04,5.351874e-04,-4.846996e-01,-2.139187e+00,7.254210e+00
1713,3.922593e-17,3.458660e-06,-2.490047e-04,5.387611e-04,-2.307179e-01,1.955576e-02,5.832830e+00
1714,1.750014e-18,1.099070e-05,-2.444734e-04,5.278128e-04,1.100899e-01,-9.491207e-02,7.801606e+00
1715,2.911633e-18,-7.036444e-06,-2.468768e-04,5.381773e-04,1.241207e-01,4.015941e-02,4.000600e+00
1716,2.134061e-18,1.484715e-05,-2.496093e-04,5.301073e-04,3.855869e-02,-3.902529e-02,6.397182e+00
1717,2.607166e-18,1.640487e-05,-2.398447e-04,5.374962e-04,7.587816e-03,4.338405e-02,6.741375e+00
1718,2.207709e-18,-1.171973e-05,-2.496076e-04,5.492290e-04,4.128147e-02,-3.270589e-01,8.438673e+00
1719,1.187365e-17,-1.792127e-05,-2.266149e-04,5.350197e-04,4.116191e-01,1.156640e+00,2.095346e+00
1720,4.791402e-18,3.898134e-06,-2.328306e-04,5.377612e-04,-7.905228e-01,1.416853e-01,1.932582e+01
1721,2.679548e-18,1.024776e-05,-2.307598e-04,5.353503e-04,-5.363491e-01,-4.845122e+00,6.568631e+00
1722,4.761341e-18,1.016365e-05,-2.250022e-04,5.302174e-04,-9.758714e-02,4.288820e-02,8.159177e-01
1723,1.693556e-17,1.748423e-04,-7.066993e-06,4.714600e-04,-1.591070e+00,-9.938334e-01,-8.717057e+00
1724,1.380820e-17,1.854884e-04,2.000274e-05,4.767193e-04,-5.188506e-01,1.529417e-01,-9.987975e-01
1725,4.188391e-17,1.939891e-04,7.569959e-06,4.778892e-04,1.226617e-01,-1.803831e+00,8.417039e-01
1726,2.394460e-19,1.808606e-04,1.288817e-05,4.728341e-04,-3.011443e+00,-5.585126e-01,-7.915102e+00
1727,1.226641e-18,1.952895e-04,1.483749e-05,4.845545e-04,-1.391918e+00,-4.833473e-01,5.893355e+00
1728,1.750995e-17,1.777994e-04,1.664413e-05,4.847285e-04,1.388861e-01,1.003330e+00,5.426699e+00
1729,2.282396e-17,1.924448e-04,1.483285e-05,4.975131e-04,-1.961241e+00,-5.946135e-01,4.842791e+00
1730,5.404767e-17,1.944331e-04,8.369589e-06,4.905024e-04,-9.259705e-01,-7.007738e-01,3.467246e+00
1731,1.406995e-18,1.812554e-04,5.444308e-06,4.845648e-04,2.642011e-01,-7.002635e-01,4.941176e+00
1732,2.788189e-18,1.765475e-04,1.093613e-05,4.958131e-04,-1.275672e+00,5.354105e-02,6.665658e+00
1733,1.039537e-17,1.809777e-04,1.153043e-05,4.986330e-04,-6.521497e-01,4.671758e-01,9.617748e+00
1734,3.336399e-18,1.976455e-04,1.562982e-05,4.778710e-04,-6.400373e-01,8.668916e-01,2.272438e+00
1735,5.530596e-18,1.828127e-04,5.468980e-06,4.923590e-04,3.856998e-03,1.988115e-03,9.738127e+00
1736,2.974947e-18,1.976399e-04,1.095376e-05,4.881440e-04,-1.095286e-01,-2.350648e+00,7.519759e+00
1737,9.344828e-18,1.812408e-04,1.284119e-05,4.805359e-04,3.243116e-01,-1.337618e+00,6.132979e-01
1738,2.858963e-19,1.777336e-04,1.367169e-05,4.798615e-04,3.417659e-01,1.700692e-01,3.569972e+00
1739,3.601210e-18,1.789573e-04,7.765459e-06,4.832366e-04,1.350917e+00,-9.518045e-01,4.979025e-01
1740,4.897597e-18,1.798092e-04,1.547689e-05,4.905015e-04,-4.388412e-01,8.933386e-02,-2.640381e+00
1741,2.529406e-19,1.777339e-04,1.445141e-05,4.806494e-04,-7.859230e-01,-9.563191e-02,4.048950e+00
1742,1.608289e-18,1.858725e-04,-6.142623e-08,4.836600e-04,-2.528352e-01,5.483223e-01,-1.547162e+00
1743,8.913925e-18,1.819896e-04,2.429106e-05,4.852364e-04,-7.446814e-03,4.349349e-03,-1.902913e+00
1744,5.578371e-17,1.760712e-04,-5.010196e-06,4.922857e-04,4.841735e-01,5.561213e-01,5.867466e+00
1745,1.175554e-18,1.741819e-04,-7.034882e-06,4.853319e-04,-2.335049e-01,2.083426e-01,3.985099e+00
1746,1.226028e-17,1.945625e-04,-6.251514e-06,4.970011e-04,1.431238e-01,-2.659390e-04,9.399853e+00
1747,4.710601e-18,1.914063e-04,-1.171886e-05,4.993748e-04,1.627108e-01,-1.784951e-01,3.771537e+00
1748,1.231452e-18,1.988286e-04,-6.244083e-06,4.818043e-04,-3.640706e-01,-3.982696e-01,3.687308e+00
1749,7.100099e-18,1.780483e-04,-6.267096e-06,4.995353e-04,1.416191e+00,3.337989e-01,1.657592e+00
1750,1.195453e-17,1.897534e-04,-1.409910e-05,4.807079e-04,2.778620e-01,4.445253e-01,5.565721e+00
1751,4.346385e-18,1.765629e-04,-1.015722e-05,4.921157e-04,-6.706300e-01,-2.170903e-02,-8.084628e-01
1752,1.154296e-17,1.955257e-04,-6.206629e-06,4.888972e-04,-7.268172e-01,-3.822390e-01,6.829840e+00
1753,3.267690e-18,1.914096e-04,-4.696930e-06,4.865160e-04,-1.756072e-01,3.626598e-01,-9.653347e-01
1754,5.700737e-18,1.960411e-04,-2.437394e-05,4.989218e-04,-1.219316e-02,4.383073e-03,-1.934577e+00
1755,1.940764e-18,1.533222e-04,3.515593e-06,4.759898e-04,-1.441643e+00,-3.337550e-01,1.680281e+00
1756,1.048013e-18,1.527340e-04,3.922784e-06,4.732306e-04,1.051018e+00,3.359635e-01,-4.322347e+00
1757,5.945518e-19,1.558594e-04,5.859328e-06,4.716812e-04,-5.285280e-01,-6.545236e-01,-6.390067e+00
1758,1.464049e-18,1.548916e-04,7.132599e-06,4.733312e-04,5.061451e-01,1.052029e+00,-3.341535e+00
1759,3.816618e-19,1.542973e-04,6.640229e-06,4.744111e-04,3.155015e-01,5.483661e-01,-4.737996e+00
1760,2.951545e-18,1.554596e-04,-2.353253e-06,4.756122e-04,-4.706803e-01,3.261791e-01,-7.422549e-01
1761,1.943930e-18,1.703759e-04,-1.880828e-05,4.901037e-04,-7.980500e-01,-8.282399e-01,9.566591e+00
1762,1.556788e-18,1.718582e-04,1.404624e-05,4.985986e-04,-7.491139e-01,-7.433759e-01,8.439385e+00
1763,1.118912e-17,1.678273e-04,1.469779e-05,4.817377e-04,-9.069393e-01,3.805657e-01,4.561735e+00
1764,1.231913e-18,1.570316e-04,1.014485e-05,4.814333e-04,1.020391e+00,6.354605e-01,4.338202e+00
1765,1.963645e-18,1.570848e-04,1.021209e-05,4.928371e-04,1.592746e-01,-2.088944e-02,8.780794e+00
1766,1.880375e-17,1.725752e-04,1.102444e-05,4.786055e-04,6.552499e-01,3.875945e+00,-1.536664e+00
1767,2.322741e-17,1.542290e-04,4.983891e-06,4.827513e-04,2.529389e-02,-1.783525e+00,5.989291e+00
1768,5.490047e-18,1.671888e-04,2.342217e-06,4.985859e-04,-7.487122e-02,4.459279e-02,5.400122e+00
1769,9.174829e-19,1.717349e-04,1.422053e-05,4.853386e-04,2.571778e-01,-2.533175e-01,1.984878e+00
1770,2.819289e-18,1.554128e-04,7.011414e-06,4.880334e-04,-2.586341e-01,-4.158209e-01,2.157065e+00
1771,1.938059e-18,1.568888e-04,1.015261e-05,4.983868e-04,-2.554764e-01,-1.609489e-01,1.362451e+01
1772,3.461269e-18,1.516037e-04,3.874129e-06,4.860429e-04,-1.025502e+00,-1.331757e+00,1.361442e+01
1773,2.077826e-18,1.530429e-04,3.951900e-06,4.797950e-04,-2.168403e-02,6.134421e-01,8.204761e+00
1774,1.554354e-18,1.609362e-04,1.874438e-05,4.806345e-04,-1.509996e-01,-6.421912e-01,-1.358382e+00
1775,2.778671e-19,1.550771e-04,5.077732e-06,4.775347e-04,-9.870344e-01,-2.955246e+00,2.439697e-01
1776,5.903500e-19,1.687549e-04,1.288962e-05,4.775203e-04,-6.247497e-02,1.271466e+00,1.829841e+00
1777,7.938331e-19,1.568938e-04,1.003640e-05,4.900218e-04,-2.525675e-01,-1.489814e-01,7.894490e+00
1778,5.172116e-18,1.570733e-04,1.021491e-05,4.871376e-04,1.215672e-01,1.189055e-01,7.277632e+00
1779,7.202671e-19,1.585934e-04,2.460873e-05,4.908265e-04,-7.200232e-02,3.807423e-01,-3.739523e+00
1780,1.064273e-17,1.541380e-04,2.425956e-05,4.835156e-04,-3.042906e-02,-1.825411e-03,-1.688152e+00
1781,2.994796e-18,1.609373e-04,-4.684797e-06,4.997308e-04,-2.732358e-02,-9.489292e-02,1.432691e+00
1782,3.032015e-19,1.730469e-04,-2.148223e-05,4.829940e-04,6.932290e-01,-8.712593e-01,3.046879e+00
1783,2.718803e-18,1.609392e-04,-4.688710e-06,4.942555e-04,3.753797e-03,4.100256e-02,3.983373e+00
1784,5.626988e-19,1.636717e-04,-1.562663e-05,4.931381e-04,-5.967519e-01,-1.394315e-01,4.576614e+00
1785,1.100000e-17,1.690544e-04,-2.234380e-05,4.923764e-04,-2.667746e-01,-2.507657e+00,7.430053e+00
1786,3.270815e-18,1.546959e-04,-2.340484e-06,4.935127e-04,5.546961e-01,4.617104e-01,-8.451265e-01
1787,3.050634e-18,1.710934e-04,-1.406872e-05,4.911369e-04,3.046855e-01,-2.501149e-01,8.046311e-01
1788,1.052511e-18,1.523565e-04,-1.562977e-05,4.853379e-04,4.678432e-01,3.065391e-01,-3.004573e+00
1789,3.522086e-18,1.632823e-04,-1.562293e-06,4.974338e-04,-4.890620e-02,-8.035932e-02,2.178209e+00
1790,2.637292e-18,1.553809e-04,-7.755893e-06,4.834146e-04,-9.358702e-02,-2.959261e-01,-1.686416e+00
1791,3.085013e-18,5.571315e-06,2.023505e-04,4.778648e-04,1.001280e+00,1.186375e+00,3.725208e+00
1792,1.545680e-17,1.657276e-05,2.405167e-04,4.774752e-04,-5.351844e-01,-1.544044e-01,1.273247e+00
1793,4.539236e-18,1.572772e-06,2.325208e-04,4.776604e-04,-3.333583e+00,8.007036e-01,2.950391e+00
1794,7.733744e-19,1.078992e-05,2.162717e-04,5.001563e-04,-5.112099e-01,2.795012e-02,1.028101e+01
1795,2.089110e-18,1.163125e-05,2.163381e-04,4.951474e-04,-2.420347e-01,2.558445e-01,8.781524e+00
1796,6.476253e-17,7.008276e-06,2.098857e-04,4.823083e-04,3.823462e-01,3.115385e+00,3.067235e+00
1797,1.296719e-16,4.033941e-06,2.054196e-04,5.007753e-04,-5.671475e-01,6.566483e-01,3.979034e+00
1798,4.526824e-18,4.133512e-06,2.195335e-04,4.932727e-04,9.671546e-01,4.817073e-02,3.365835e+00
1799,1.768294e-18,6.251352e-06,2.071384e-04,4.905852e-04,9.436449e-02,-2.504950e-01,1.189020e+00
1800,2.909706e-18,5.442306e-06,2.132657e-04,4.888039e-04,1.174137e+00,1.378103e-01,3.811467e+00
1801,3.553661e-17,2.074368e-05,2.158136e-04,4.833535e-04,9.426470e-01,-5.672200e-01,-1.503515e-01
1802,7.433168e-17,8.856243e-06,2.234244e-04,4.912629e-04,1.689081e-01,-5.651360e-01,8.995398e+00
1803,4.453059e-18,7.831777e-06,2.211498e-04,4.831063e-04,-3.679601e+00,-1.533715e+00,5.829528e+00
1804,9.512346e-19,9.199979e-06,2.217039e-04,4.791003e-04,5.088884e-01,-1.232578e+00,1.880133e+00
1805,3.425990e-17,3.015291e-06,2.191183e-04,5.015749e-04,-6.124019e-01,2.700166e+00,9.410457e+00
1806,4.763007e-18,1.059009e-05,2.163990e-04,4.802636e-04,-3.361039e-01,7.428167e-02,1.673895e+00
1807,2.768631e-17,7.659077e-06,2.140168e-04,5.029012e-04,-3.785806e+00,-1.050224e+00,1.257649e+01
1808,4.469737e-18,1.174041e-05,2.164190e-04,4.900302e-04,-6.361041e-01,-7.711131e-01,7.448739e+00
1809,2.708841e-19,4.297823e-06,2.011724e-04,4.790959e-04,1.721347e+00,3.922728e-01,3.774799e+00
1810,8.148423e-19,9.535895e-06,2.235387e-04,4.837641e-04,-2.123952e-01,-1.123737e+00,7.112199e+00
1811,2.448139e-18,9.432568e-06,2.235148e-04,4.817616e-04,-5.765889e-01,3.584238e-02,5.427688e+00
1812,2.179661e-17,1.698177e-05,2.461688e-04,4.858498e-04,-4.480869e-01,-4.934932e-01,7.168551e+00
1813,1.241708e-17,-8.118995e-07,2.265465e-04,4.912687e-04,1.251623e-01,5.073192e-02,7.717495e+00
1814,3.900618e-18,-1.304865e-06,2.265589e-04,4.983147e-04,-1.605860e+00,-1.349047e+00,7.912467e+00
1815,1.332108e-18,1.562571e-05,2.496076e-04,4.896341e-04,-3.723702e-01,2.913575e-01,6.600774e+00
1816,3.348568e-18,1.640447e-05,2.496091e-04,4.950207e-04,-1.150921e-01,-9.123771e-02,8.592850e+00
1817,8.637325e-17,2.298822e-05,2.315994e-04,4.965344e-04,8.839161e-01,1.417582e-01,4.494834e-01
1818,3.484993e-17,1.981149e-06,2.309067e-04,4.837167e-04,-3.220043e+00,-1.793090e+00,5.262861e+00
1819,1.345900e-17,9.156562e-06,2.367238e-04,4.916412e-04,-1.042480e+00,1.457536e-01,-8.572062e-01
1820,4.119469e-18,8.591844e-06,2.298219e-04,4.951296e-04,-1.794861e-01,-2.285965e-01,9.122020e-01
1821,2.812754e-19,2.736464e-06,2.371096e-04,4.790988e-04,6.676124e-01,-6.585485e-02,5.306501e-01
1822,3.572227e-18,1.250216e-05,2.265696e-04,4.958677e-04,-6.822221e-02,-3.454660e-01,1.605663e+00
1823,5.250943e-19,7.731698e-07,2.496094e-04,4.814418e-04,2.999472e-01,-1.392107e-02,-2.786709e+00
1824,5.013001e-18,8.454081e-07,2.288630e-04,4.987337e-04,4.402296e-01,-4.798890e-01,1.256757e+01
1825,8.975601e-19,7.035915e-07,2.287572e-04,4.954773e-04,-1.735410e-01,3.254841e-01,1.159641e+01
1826,5.885361e-18,8.124587e-07,2.293725e-04,4.900543e-04,4.738423e-01,4.400148e-01,8.600961e+00
1827,4.317334e-18,6.535217e-07,2.274421e-04,4.847977e-04,-5.989314e-02,-1.554356e+00,7.351064e+00
1828,2.159300e-17,-9.999915e-06,2.330854e-04,4.978780e-04,1.168211e+00,-1.007967e-01,7.884359e+00
1829,1.278625e-17,-5.427893e-06,2.468840e-04,4.928889e-04,1.139094e-01,4.767442e-04,1.949877e+00
1830,1.460587e-17,-8.179243e-06,2.281675e-04,4.981106e-04,5.434879e-01,-4.736392e-01,6.071900e+00
1831,1.016914e-17,-1.624111e-05,2.360824e-04,4.868188e-04,-2.563589e-01,-2.141106e-01,6.462842e-01
1832,9.968953e-19,-1.316893e-05,2.334385e-04,4.876818e-04,2.478836e-01,2.033309e-01,3.590939e+00
1833,1.080977e-18,-8.579007e-06,2.289133e-04,4.845584e-04,-1.038723e-01,6.066531e-03,1.576697e+00
1834,2.751499e-18,-1.566920e-06,2.265641e-04,4.802144e-04,-5.091673e-01,4.877680e-02,2.648332e+00
1835,4.753772e-17,-2.390507e-05,2.423849e-04,4.953486e-04,6.121318e-02,-1.201531e-01,-1.061859e+00
1836,9.161888e-18,-2.421070e-05,2.491697e-04,4.902854e-04,9.981306e-02,-1.200026e-02,-7.370898e-01
1837,3.132309e-19,-4.297910e-06,2.496095e-04,4.907934e-04,5.559382e-01,2.273661e-01,1.367452e+00
1838,3.210451e-19,-2.460847e-05,2.496100e-04,4.869189e-04,-1.149598e-01,2.354502e-01,-1.082891e+00
1839,1.186402e-18,-1.472975e-05,2.496112e-04,4.851167e-04,7.142138e-02,2.840792e-01,-1.441769e+00
1840,2.074008e-16,2.701508e-07,2.482735e-04,5.164120e-04,-5.225222e-01,3.239422e-02,7.963709e+00
1841,3.890328e-18,-7.834833e-07,2.079604e-04,5.135702e-04,-6.049434e-02,-3.975025e-02,8.037277e+00
1842,1.059677e-18,-7.828189e-07,2.390648e-04,5.078805e-04,-2.753438e-01,-1.105905e-02,7.228419e+00
1843,1.342211e-17,1.679154e-06,2.192274e-04,5.097544e-04,-6.806399e-01,1.492894e+00,1.013762e+01
1844,2.382664e-18,7.727909e-06,2.172319e-04,5.197169e-04,-3.254270e-01,2.056867e-01,1.385907e+01
1845,1.891488e-17,1.463650e-05,2.100684e-04,5.079672e-04,1.842315e-01,5.583231e-01,7.107809e+00
1846,4.037148e-18,8.306809e-06,2.202814e-04,5.256448e-04,-2.553998e+00,2.895665e-01,1.106511e+01
1847,7.328007e-18,-7.809126e-07,2.042568e-04,5.217734e-04,8.113508e-02,-1.018840e+00,6.447550e+00
1848,7.974125e-18,1.874281e-05,2.208355e-04,5.086449e-04,-5.349602e-02,5.049074e-01,2.896905e+00
1849,5.337258e-18,1.558657e-06,2.195285e-04,5.201895e-04,1.631392e-01,-4.305649e-01,1.181108e+01
1850,3.015115e-17,1.811474e-05,2.491129e-04,5.066288e-04,1.697209e+00,2.684845e-01,1.251361e+01
1851,1.215636e-16,1.883960e-06,2.297619e-04,5.172580e-04,1.611760e-01,-1.699602e+00,1.302355e+01
1852,1.080450e-17,1.400032e-06,2.267494e-04,5.072433e-04,3.818150e-01,-1.243381e+00,1.487961e+01
1853,1.851059e-18,7.326468e-07,2.274990e-04,5.111731e-04,-3.733145e-01,-2.125036e+00,1.679715e+01
1854,4.770058e-18,6.829292e-06,2.390043e-04,5.100057e-04,8.759246e-01,1.069965e+00,7.327004e+00
1855,1.043809e-18,1.249288e-05,2.281530e-04,5.101944e-04,1.131540e+00,1.520141e-01,2.006962e+00
1856,7.407917e-19,7.814598e-07,2.496085e-04,5.055684e-04,8.233530e-03,2.338057e-01,6.873275e+00
1857,1.126318e-18,1.250589e-05,2.281298e-04,5.209832e-04,8.662374e-01,-1.321984e-01,4.472194e+00
1858,4.396195e-18,2.157198e-05,2.495193e-04,5.217755e-04,9.413240e-01,1.564182e-01,4.645754e+00
1859,1.497828e-17,2.130926e-06,2.265684e-04,5.280197e-04,-1.262444e-01,-2.179963e-02,2.045164e+01
1860,4.894776e-18,7.019530e-07,2.289202e-04,5.044163e-04,4.599800e-01,7.562701e-01,1.683409e+01
1861,3.095030e-18,1.406232e-05,2.453224e-04,5.037000e-04,6.061883e-01,-3.873667e-02,-1.244458e-01
1862,2.863991e-17,9.582214e-05,5.196139e-06,5.244655e-04,-1.839880e-01,3.125483e-01,9.284899e+00
1863,3.078280e-17,7.718402e-05,6.792491e-06,5.121310e-04,-2.281082e+00,-5.584817e-01,1.087401e+01
1864,1.335149e-17,9.298372e-05,1.210721e-05,5.164647e-04,-1.994269e-01,-3.193439e-01,6.827685e+00
1865,2.496335e-16,7.961110e-05,-2.653561e-07,5.140934e-04,1.041704e+00,-9.910254e-01,9.045200e+00
1866,1.744149e-18,8.905886e-05,1.327489e-05,5.094485e-04,-3.802990e-01,5.336472e-01,4.653903e+00
1867,2.450228e-18,9.692815e-05,3.189015e-06,5.050796e-04,1.412470e-01,2.500763e-01,3.682049e+00
1868,3.252480e-17,9.357338e-05,2.163190e-06,5.074192e-04,3.908338e-01,9.345683e-01,2.213945e+00
1869,3.431597e-18,9.297049e-05,1.243978e-05,5.242023e-04,-2.070579e-03,5.962605e-01,4.343221e+00
1870,2.824189e-18,8.436918e-05,9.371704e-06,5.190937e-04,-4.858650e-02,1.053640e-01,1.734206e+00
1871,1.424297e-17,9.011574e-05,-2.118119e-05,5.317374e-04,-3.887177e+00,-4.582058e-01,1.047626e+01
1872,5.502541e-18,8.319285e-05,-7.745181e-06,5.383272e-04,-1.276563e+00,-2.583638e+00,1.527552e+01
1873,1.033777e-17,8.455764e-05,-5.473641e-06,5.320212e-04,-4.132903e-01,-2.701783e-02,1.879082e+01
1874,5.327684e-18,8.592487e-05,7.094166e-06,5.285924e-04,5.488022e-01,7.043517e-01,9.020132e+00
1875,3.275285e-17,8.273572e-05,-9.411297e-06,5.489912e-04,-4.078990e-01,-7.879050e-01,2.655643e+01
1876,1.932088e-17,8.686040e-05,-2.264863e-06,5.472063e-04,-5.880472e-01,-2.971601e+00,1.487065e+01
1877,1.395246e-16,9.438297e-05,-4.998437e-06,5.326022e-04,5.075149e-01,-4.656296e-01,3.968656e+00
1878,3.360733e-17,9.562172e-05,4.121869e-06,5.393033e-04,1.712479e+00,-1.308313e+00,1.036372e+01
1879,1.099934e-18,9.764875e-05,1.094535e-05,5.323979e-04,3.953482e-02,7.398633e-02,3.452752e+00
1880,3.377077e-18,8.359633e-05,-1.874803e-05,5.335859e-04,8.073071e-02,1.761220e-01,4.591664e+00
1881,3.111482e-18,9.611792e-05,-6.271333e-06,5.282688e-04,3.527110e-01,-2.931299e-01,1.010402e+01
1882,1.779788e-18,9.307568e-05,1.250611e-05,5.405129e-04,-1.821043e-02,-4.965963e-03,6.479778e+00
1883,3.988785e-18,8.607805e-05,1.484411e-05,5.283142e-04,-5.293543e-01,1.295359e-01,4.541712e+00
1884,2.519033e-17,7.447973e-05,1.644834e-05,5.447824e-04,-7.654684e-01,2.993314e-01,3.273429e+00
1885,1.687210e-18,8.359431e-05,1.563184e-06,5.271209e-04,9.239292e-02,-7.350037e-03,4.427394e+00
1886,4.574667e-18,8.593862e-05,1.484414e-05,5.446288e-04,1.224734e-02,2.686982e-04,4.601884e+00
1887,4.836467e-19,9.648443e-05,3.127619e-06,5.496583e-04,5.447610e-01,-1.643006e-01,1.556893e+01
1888,1.457719e-18,8.984612e-05,9.376389e-06,5.414609e-04,3.557632e-01,-1.146938e-01,1.214373e+00
1889,7.970746e-18,6.335711e-05,8.732028e-06,5.313417e-04,3.292876e+00,4.437582e-01,1.429443e+01
1890,4.152478e-17,6.808148e-05,1.266890e-05,5.412415e-04,4.629987e+00,1.406432e+00,1.620296e+01
1891,6.163415e-17,6.224832e-05,2.377625e-06,5.236724e-04,2.825863e+00,9.357571e-02,1.457420e+01
1892,5.019139e-18,7.187505e-05,1.486480e-05,5.391956e-04,-1.635718e-01,2.202001e-01,4.853551e+00
1893,5.980565e-18,5.702948e-05,7.813500e-06,5.451728e-04,7.354656e-02,2.093223e-02,6.181725e+00
1894,2.512434e-17,7.197224e-05,9.333070e-06,5.431220e-04,5.906862e-01,-1.165772e+00,4.265280e+00
1895,3.000820e-18,6.874869e-05,1.719007e-05,5.328968e-04,4.180013e-02,-3.098978e-01,4.112385e+00
1896,2.474577e-16,5.500652e-05,-5.646719e-06,5.141063e-04,2.351930e-01,-1.817757e+00,1.811478e+01
1897,3.606407e-17,7.697271e-05,-1.800516e-05,5.187524e-04,-6.340321e-01,-5.201334e+00,2.096176e+01
1898,3.807134e-17,6.475153e-05,-1.146574e-05,5.049473e-04,-2.161277e-01,-1.264526e-02,3.324796e+00
1899,7.662536e-17,5.587537e-05,1.774867e-05,5.210097e-04,-3.343786e-01,-1.161898e-01,5.748008e+00
1900,2.019711e-17,6.021496e-05,1.175007e-05,5.157637e-04,2.685388e+00,1.025759e+00,1.091075e+01
1901,5.478235e-18,5.297144e-05,-7.283885e-06,5.087645e-04,-2.496733e-01,7.868981e-01,2.660881e+01
1902,7.663633e-18,7.187584e-05,7.418245e-06,5.086150e-04,-4.265778e-02,-3.654997e-01,7.067821e+00
1903,2.569245e-19,5.508112e-05,1.054716e-05,5.040279e-04,1.753485e+00,-5.610992e-01,1.639187e+00
1904,1.498557e-18,7.186654e-05,1.482709e-05,5.063441e-04,-1.945526e-02,1.150325e-01,5.623046e-01
1905,1.420652e-18,6.797125e-05,8.585765e-06,5.032590e-04,5.202528e-01,3.657573e-01,-3.008008e-01
1906,3.974197e-17,6.927810e-05,-6.500494e-06,5.085666e-04,4.010256e-01,9.266076e-02,7.183156e+00
1907,7.432824e-19,6.185526e-05,-7.163394e-06,5.094397e-04,3.432060e-01,-1.038574e-01,3.833448e+00
1908,7.480138e-18,7.483760e-05,-8.495049e-06,5.094548e-04,1.396097e-01,-3.963668e-01,5.678532e+00
1909,1.209211e-18,7.421811e-05,-8.597096e-06,5.194426e-04,7.551037e-02,-2.569323e-01,5.673012e+00
1910,2.106358e-18,5.405647e-05,-5.506832e-06,5.045715e-04,-1.929428e-01,-1.868159e+00,1.433158e+01
1911,6.155496e-18,5.926951e-05,-1.721820e-05,5.036084e-04,-1.118120e-01,2.759639e-01,9.269141e-01
1912,2.482703e-18,8.515058e-05,-3.124151e-06,5.043428e-04,5.091286e-01,2.591992e-01,1.311905e+01
1913,5.321708e-17,8.508404e-05,-6.355205e-06,5.172282e-04,8.508296e-01,-8.773319e-01,1.298172e+01
1914,2.535334e-17,8.498338e-05,-3.866963e-06,5.097643e-04,4.270607e-01,1.753048e-01,1.469705e+01
1915,2.166758e-18,9.607511e-05,-3.254601e-06,5.061540e-04,-2.095019e+00,3.209147e+00,1.378440e+01
1916,2.187757e-18,7.896131e-05,-1.633419e-05,5.130285e-04,8.711498e-01,-3.750938e+00,1.776507e+01
1917,1.674629e-17,9.418727e-05,-2.086280e-06,5.108236e-04,-3.023004e+00,3.561170e+00,1.401318e+01
1918,3.386363e-17,2.314250e-04,-5.985081e-06,4.923508e-04,6.383961e-01,-3.693248e-01,9.311767e+00
1919,1.510214e-18,2.496093e-04,7.899312e-07,4.967135e-04,8.613532e-02,2.647225e-01,1.539595e+01
1920,1.373459e-17,2.489812e-04,-2.415471e-05,4.859587e-04,-5.257827e-01,-8.054022e-01,1.990342e+00
1921,3.624923e-18,2.453118e-04,-2.344837e-06,4.888541e-04,-5.583065e-02,-6.046235e-02,3.218390e+00
1922,2.490643e-18,2.430520e-04,-5.399480e-06,4.842095e-04,2.427927e-01,1.315764e+00,9.317647e-01
1923,2.258526e-17,2.304460e-04,-2.714443e-06,4.990139e-04,1.408719e-01,1.735342e+00,7.812657e+00
1924,3.057118e-17,2.297422e-04,-1.298234e-05,4.875209e-04,5.958260e-02,2.691645e-01,9.608944e+00
1925,1.081072e-17,2.492798e-04,-7.087219e-06,4.960285e-04,-8.902137e-02,4.580126e-01,6.819298e+00
1926,1.525909e-18,2.496093e-04,-8.577319e-06,4.841390e-04,4.772268e-02,1.577942e-01,4.853894e+00
1927,9.718776e-19,2.321543e-04,-3.515986e-06,4.827629e-04,-4.353870e-01,1.333752e+00,4.009532e+00
1928,2.674801e-18,2.468721e-04,-1.209581e-05,4.822043e-04,-1.074919e-01,2.408682e-01,1.295810e+00
1929,1.191756e-17,2.320399e-04,-9.370738e-06,4.970554e-04,-9.438044e-02,8.107075e-02,1.244961e+01
1930,2.062664e-18,2.496096e-04,-2.182435e-05,4.952501e-04,1.758735e-02,2.416081e-01,-1.668660e+00
1931,4.208280e-18,2.430389e-04,-5.512744e-06,4.768440e-04,4.817632e-02,-2.017887e-01,-4.252318e-01
1932,1.344799e-18,2.496095e-04,7.610959e-07,4.935783e-04,1.838333e-01,1.602779e-01,1.348604e+01
1933,4.329376e-17,2.434356e-04,1.971827e-06,4.779601e-04,1.274475e+00,1.472429e+00,8.720921e-02
1934,1.476973e-18,2.496096e-04,9.846631e-07,4.899923e-04,3.149323e-01,7.455175e-01,1.135473e+01
1935,7.063442e-18,2.496094e-04,7.771895e-07,4.816634e-04,2.263462e-01,3.395997e-02,5.630989e+00
1936,6.881676e-17,2.441253e-04,7.366425e-06,4.971657e-04,6.600323e-01,-1.003694e+00,8.030689e+00
1937,5.019525e-18,2.453239e-04,1.404939e-05,4.947228e-04,-6.530661e-01,3.623221e-01,1.169028e+01
1938,2.720602e-17,2.491018e-04,1.881410e-05,4.894913e-04,-4.167096e-01,1.235618e+00,1.152028e+01
1939,1.727058e-17,2.420710e-04,1.075823e-05,4.896652e-04,3.496451e+00,-6.248058e+00,1.947673e+01
1940,1.437755e-17,2.400342e-04,6.572585e-06,4.933885e-04,5.348500e-01,-4.430595e-01,8.865574e+00
1941,2.990314e-18,2.453095e-04,1.327236e-05,4.841862e-04,-2.386863e-01,-1.145734e-01,5.239549e+00
1942,2.737934e-17,2.348575e-04,2.430483e-06,4.912449e-04,-5.814234e-01,1.587380e-01,2.144699e+00
1943,3.048830e-18,2.343735e-04,9.375022e-06,4.989846e-04,5.295509e-02,-1.770562e-02,4.966950e+00
1944,3.547095e-19,2.496106e-04,1.757754e-05,4.931370e-04,6.747352e-02,2.044222e-01,5.484227e+00
1945,8.716366e-19,2.496108e-04,1.250781e-05,4.900192e-04,4.979225e-01,1.279558e+00,7.386486e+00
1946,6.395094e-19,2.496080e-04,7.007633e-06,4.783158e-04,2.643558e-01,-6.934945e-01,-9.283111e-01
1947,2.136450e-18,2.496100e-04,1.015167e-05,4.814155e-04,-2.977086e-02,1.685833e-01,3.448666e+00
1948,4.980139e-18,2.421841e-04,8.583425e-06,4.830850e-04,1.976186e-01,-3.735003e-01,3.762638e+00
1949,1.383807e-18,2.421164e-04,1.445432e-05,4.771019e-04,4.074957e+00,-1.838915e+00,7.793812e+00
1950,5.758226e-18,2.418689e-04,1.287701e-05,4.817769e-04,3.313680e+00,-3.867662e+00,1.349814e+01
1951,2.225902e-18,2.421531e-04,9.464873e-06,4.934750e-04,-3.550970e-01,-3.445974e-01,1.037827e+01
1952,5.041142e-19,2.496075e-04,1.445416e-05,4.958560e-04,3.124426e-01,-3.605911e-02,9.890788e+00
1953,4.018983e-18,2.496098e-04,1.712541e-05,4.825108e-04,3.753501e-01,2.993703e-01,1.029440e+01
1954,5.114655e-18,2.453152e-04,1.328492e-05,4.799272e-04,-1.853771e-01,4.200111e-01,4.206822e+00
1955,1.064998e-18,2.496096e-04,1.718948e-05,4.763401e-04,5.413773e-01,4.652210e-01,2.264330e+00
1956,6.985842e-18,2.414181e-04,2.437280e-05,4.981723e-04,-3.146406e-02,-2.355994e-03,-2.145214e+00
1957,6.886219e-19,2.417971e-04,-8.202655e-06,4.676612e-04,-5.172619e+00,2.886192e+00,-1.103012e+01
1958,3.247519e-19,2.496096e-04,1.953473e-06,4.744180e-04,9.796652e-01,7.505386e-01,-2.037369e+00
1959,4.311297e-17,1.194584e-06,-1.983373e-04,5.379272e-04,2.148033e+00,1.182553e-01,8.367667e+00
1960,1.574106e-16,5.300383e-06,-2.023791e-04,5.415651e-04,4.658234e-01,6.851377e-01,1.041305e+01
1961,2.295478e-17,1.421221e-05,-2.163022e-04,5.298524e-04,1.548809e-01,1.840677e-01,1.103572e+01
1962,1.544365e-17,5.430556e-06,-2.050306e-04,5.213738e-04,1.994721e-01,6.812450e-02,1.125303e+01
1963,5.658352e-18,4.020814e-06,-2.117087e-04,5.109361e-04,2.757433e-02,-1.502129e-01,9.242206e+00
1964,3.813999e-18,8.195675e-06,-2.140644e-04,5.059123e-04,3.530909e-02,1.440866e-01,4.298658e+00
1965,9.117161e-17,6.669490e-06,-2.121613e-04,5.405636e-04,1.444459e-01,-1.596858e+00,6.333593e+00
1966,8.466134e-17,2.122879e-05,-2.105172e-04,5.324257e-04,6.821859e-01,6.374390e-02,6.103424e+00
1967,1.408228e-18,4.636207e-06,-2.055167e-04,5.376520e-04,-6.384110e-02,-4.744024e-03,1.345512e+01
1968,3.455829e-17,7.902781e-06,-2.161302e-04,5.132247e-04,-2.748363e-01,-2.134418e+00,7.886663e+00
1969,1.251911e-18,1.407340e-05,-2.156290e-04,5.202414e-04,3.423077e-01,1.842227e-02,4.653814e+00
1970,3.504126e-17,4.359946e-07,-2.183844e-04,5.152708e-04,2.837816e+00,-1.246114e+00,9.322484e+00
1971,3.344463e-17,2.112328e-05,-2.153988e-04,5.196656e-04,1.010161e+00,4.417168e-01,3.468507e+00
1972,4.807048e-18,5.468942e-06,-2.062499e-04,5.108739e-04,2.452892e-01,1.055217e-02,9.387428e+00
1973,3.676140e-17,1.381638e-05,-2.128879e-04,4.997173e-04,1.769807e+00,1.663399e-01,4.552188e+00
1974,4.118814e-18,1.640551e-05,-2.093770e-04,5.248436e-04,5.118501e-02,6.707597e-02,7.114435e+00
1975,2.823839e-18,3.904734e-06,-2.117215e-04,5.037010e-04,1.622336e-01,2.271013e-01,6.316746e+00
1976,3.173870e-17,1.810268e-05,-1.864581e-04,5.300823e-04,1.868074e+00,-1.460992e+00,9.509247e+00
1977,6.399889e-18,1.250672e-05,-1.838111e-04,5.496872e-04,-6.037744e-01,1.015915e+00,1.494483e+01
1978,6.284934e-18,1.274566e-05,-1.921887e-04,5.407739e-04,2.508845e+00,-8.090523e-03,5.989889e+00
1979,4.803511e-18,7.030691e-06,-1.835915e-04,5.407483e-04,2.656731e-01,-4.807465e-02,6.337202e+00
1980,6.002776e-18,5.468176e-06,-1.926825e-04,5.491155e-04,-8.382285e-02,-2.655227e+00,1.403107e+01
1981,3.856749e-18,5.443386e-06,-1.835644e-04,5.279860e-04,-8.702150e-02,2.766326e-01,4.208333e+00
1982,2.920209e-17,-1.093725e-05,-1.921913e-04,5.440850e-04,5.339850e-03,2.823674e-01,7.879286e+00
1983,8.545788e-17,-1.094209e-05,-1.923103e-04,5.438752e-04,4.342814e-02,2.096514e-01,7.754811e+00
1984,6.136732e-18,-1.015589e-05,-1.817357e-04,5.401381e-04,5.617305e-02,-2.106834e-01,4.825532e+00
1985,4.932480e-18,-2.187467e-05,-1.921853e-04,5.323926e-04,6.871285e-01,5.257835e-02,2.338346e+00
1986,4.658048e-18,-1.797059e-05,-1.874992e-04,5.459695e-04,7.838635e-02,-6.127388e-02,1.758708e+00
1987,2.940593e-17,-5.279259e-06,-2.132762e-04,5.314662e-04,5.351752e-01,4.908831e-01,7.540444e+00
1988,1.479983e-16,-5.363137e-06,-2.132953e-04,5.316084e-04,1.226312e+00,4.914955e-01,7.609890e+00
1989,3.758825e-18,-5.469707e-06,-2.054680e-04,5.175314e-04,-8.833925e-01,5.662878e-02,5.118515e+00
1990,5.853630e-17,-6.177774e-06,-2.046877e-04,5.178491e-04,-8.482654e-01,2.752282e-01,5.050854e+00
1991,6.193469e-18,-5.178740e-06,-2.078260e-04,5.361695e-04,-1.961586e-01,-1.812547e-03,7.366649e+00
1992,1.224023e-18,-1.952961e-05,-2.148524e-04,5.384896e-04,-1.521031e-01,1.026604e-02,3.061394e+00
1993,1.323601e-18,-7.046910e-06,-2.007980e-04,5.406517e-04,-5.890719e-01,-3.775885e-01,3.278706e+00
1994,6.998217e-19,-1.966470e-05,-2.147135e-04,5.437800e-04,3.662626e-02,-1.999885e-01,-3.925655e-01
1995,3.352988e-17,-1.535884e-05,-2.196923e-04,5.213151e-04,2.553186e-01,-1.440416e-02,1.082713e+01
1996,3.363709e-18,-7.816788e-06,-2.156285e-04,5.028973e-04,4.685976e-02,6.158362e-02,5.482829e+00
1997,4.989219e-18,-6.072438e-06,-2.219205e-04,5.009405e-04,2.523795e-01,-4.488178e-01,1.038062e+00
1998,3.081951e-18,-1.485025e-05,-2.195275e-04,5.083120e-04,-2.897035e-02,2.309762e-01,5.484144e+00
1999,3.598993e-18,-9.375975e-06,-2.210941e-04,5.252542e-04,2.226769e-01,-2.292247e-01,3.088449e+00
2000,3.125950e-18,-3.910776e-06,-2.039062e-04,5.021263e-04,-3.632725e-01,1.263996e-01,2.610843e+00
2001,5.362245e-17,4.388335e-05,-2.385121e-05,4.908246e-04,-6.970970e-02,2.701470e-02,-1.104829e+00
2002,2.425811e-17,3.336640e-05,1.668781e-06,4.943014e-04,-1.390507e-01,-1.991915e+00,7.007681e+00
2003,2.713070e-17,4.131683e-05,2.408128e-05,4.855792e-04,-8.673545e-02,-2.702182e-02,-1.266026e+00
2004,5.258106e-18,4.062950e-05,1.330628e-05,4.955080e-04,-6.936825e-01,-2.475482e-01,1.631758e+01
2005,7.464655e-18,3.910030e-05,1.321707e-05,4.841480e-04,-3.034259e-01,7.686830e-01,5.646436e+00
2006,4.898197e-19,3.436511e-05,1.211012e-05,4.939110e-04,-3.852691e-02,-1.713631e-01,-5.567058e-01
2007,8.468074e-18,3.440601e-05,1.037637e-05,4.892939e-04,-5.012618e-01,-2.980805e-01,2.616924e+00
2008,2.075124e-17,3.124853e-05,6.580560e-06,4.819746e-04,3.131614e-01,-1.419200e+00,7.571178e-01
2009,7.854694e-18,4.531175e-05,1.580390e-06,4.845260e-04,-4.593183e-01,-1.646485e-01,4.345059e+00
2010,1.580663e-18,3.359308e-05,3.906710e-06,4.884543e-04,-6.844256e-02,2.633676e-01,4.685456e+00
2011,5.700211e-18,2.656666e-05,1.179543e-07,4.969747e-04,-2.903350e-01,2.017322e-01,1.552699e+00
2012,2.730648e-18,3.437418e-05,3.125589e-06,4.989479e-04,-3.328547e-02,-5.158397e-02,-8.007700e-01
2013,1.295707e-18,4.218741e-05,3.125264e-06,4.978148e-04,3.172545e-02,-9.262291e-02,-5.828008e-01
2014,7.658577e-17,3.734972e-05,-3.457439e-06,4.919728e-04,-6.769538e-01,1.284983e+00,5.179869e+00
2015,9.385527e-17,3.503121e-05,-3.415898e-06,5.010350e-04,-6.738039e-01,4.090441e-01,5.576616e+00
2016,2.907042e-17,4.395015e-05,-1.413158e-05,5.001872e-04,-2.691561e+00,-8.580981e-01,3.031882e+01
2017,1.504389e-17,3.504179e-05,-1.966598e-05,4.786294e-04,-1.143746e+00,-6.001790e-02,1.901694e+00
2018,4.622983e-17,4.598259e-05,-2.392408e-05,4.805896e-04,-3.161187e-02,2.527742e-02,-1.075408e+00
2019,2.710295e-17,3.751132e-05,-1.061789e-05,4.880136e-04,2.030290e-01,1.787826e+00,3.819374e+00
2020,1.546227e-18,4.297495e-05,-3.900438e-06,4.962586e-04,-1.682495e-01,-1.506462e-01,3.448442e+00
2021,1.676032e-18,2.904714e-05,-1.386219e-05,4.801438e-04,3.372034e-01,9.355318e-01,8.941678e+00
2022,7.941845e-19,3.657558e-05,-1.289123e-05,4.858725e-04,1.278402e-01,1.522573e+00,6.330761e+00
2023,1.715559e-18,2.648048e-05,-1.304751e-05,4.847656e-04,-6.001149e-01,7.771716e-01,-7.973799e-01
2024,4.285529e-17,3.665942e-05,-1.462948e-05,5.187096e-04,1.451687e+00,-7.680875e-01,8.738777e+00
2025,1.335757e-18,2.734169e-05,-1.329406e-05,5.078674e-04,5.097375e-02,1.201452e-01,4.941659e+00
2026,3.596705e-18,3.906544e-05,-1.094171e-05,5.129403e-04,4.368933e-01,-7.344959e-01,1.044353e+01
2027,2.961300e-18,2.811789e-05,-1.324632e-05,5.152549e-04,-2.278631e-01,-1.403038e+00,2.359763e+00
2028,3.125646e-18,3.989313e-05,-1.952054e-05,5.176745e-04,6.790914e-01,-9.696607e-01,-3.041624e-02
2029,1.404510e-18,3.281696e-05,-6.255781e-06,5.101931e-04,5.287972e-02,-5.730258e-02,1.789712e+00
2030,4.410438e-18,3.671580e-05,-7.817483e-06,5.110287e-04,-1.805437e-01,1.852961e-01,1.267158e+00
2031,1.305440e-18,3.671047e-05,-2.338003e-06,5.163597e-04,5.742888e-02,3.281581e-02,6.549770e-01
2032,2.614820e-18,1.220917e-05,1.764194e-05,4.752634e-04,7.788545e-01,-3.370854e+00,5.895233e+00
2033,2.728997e-17,8.853182e-06,5.362139e-06,4.819644e-04,-1.060235e+00,-1.922598e+00,4.219188e+00
2034,2.870349e-18,2.109154e-05,1.016442e-05,4.919857e-04,1.513800e-01,-1.772743e-01,1.774548e+00
2035,2.890146e-18,5.472527e-06,1.406317e-05,4.856797e-04,-5.804975e-01,-1.451779e-01,-1.283878e+00
2036,2.955446e-18,2.109654e-05,2.342712e-05,4.926924e-04,-9.015589e-03,1.865313e-01,1.512603e+00
2037,4.177275e-18,6.169985e-06,2.267554e-05,4.784152e-04,9.518268e-01,-1.153776e-01,6.115636e+00
2038,2.801968e-19,1.367462e-05,1.523420e-05,4.775215e-04,-2.805748e+00,-1.018283e+00,1.095387e+01
2039,3.099742e-18,-5.323088e-09,8.582248e-06,4.778734e-04,1.278902e-01,3.744736e-01,-2.180427e+00
2040,1.519296e-18,-1.249291e-05,-1.663886e-04,4.970308e-04,1.981113e+00,1.035588e-01,1.381603e+01
2041,6.630343e-18,-1.521843e-05,-1.554661e-04,4.962147e-04,-3.405812e-02,-3.268649e-01,8.429176e+00
2042,1.601775e-17,-1.157741e-05,-1.679390e-04,4.905072e-04,-1.896955e-01,3.546110e-01,1.236729e+01
2043,2.462925e-19,-1.679746e-05,-1.574225e-04,4.892350e-04,2.064520e+00,4.614569e-02,3.173224e+00
2044,2.136547e-17,3.383485e-07,-1.624541e-04,4.848213e-04,-1.232506e+00,-1.539662e+00,5.503777e+00
2045,1.071536e-18,-1.717676e-05,-1.601661e-04,4.845591e-04,1.510922e-01,-5.550019e-01,2.448172e+00
2046,3.053114e-17,-2.403728e-05,-1.575351e-04,4.815165e-04,-2.700114e-03,3.221525e-02,-1.281112e+00
2047,4.405359e-17,-1.292699e-05,-1.611790e-04,4.932356e-04,7.971837e-01,-6.402790e-01,5.093245e+00
2048,4.234326e-18,-1.484448e-05,-1.710992e-04,4.985084e-04,-1.041244e-01,-2.058657e-01,2.732085e+00
2049,1.921960e-18,-1.088277e-05,-1.719336e-04,4.850092e-04,-2.966935e-01,1.951286e-01,-1.190038e-01
2050,1.449539e-18,-5.472387e-06,-1.695306e-04,4.900187e-04,-5.922680e-03,-8.757504e-02,3.229238e-01
2051,2.914540e-18,-3.901444e-06,-1.695340e-04,4.818687e-04,9.625069e-02,-6.273912e-02,2.939157e-01
2052,1.116908e-17,-2.426517e-05,-1.695423e-04,4.901186e-04,2.232764e-02,3.907670e-02,-1.837108e+00
2053,5.511852e-17,1.304004e-05,-1.556059e-04,4.956030e-04,7.004872e-01,-1.542090e+00,2.416379e+00
2054,9.299033e-17,5.637624e-06,-1.757306e-04,4.952293e-04,-7.732400e-01,-1.171403e-01,9.099942e+00
2055,1.333668e-18,3.910650e-06,-1.757588e-04,4.783168e-04,-3.874451e-01,7.592757e-01,1.414952e+00
2056,1.024644e-18,7.184327e-06,-1.759232e-04,4.783107e-04,2.473607e-01,-2.544997e-01,1.491155e+00
2057,3.879725e-17,1.348291e-05,-1.732458e-04,4.890687e-04,-4.040318e-01,-4.401988e-01,3.291397e+00
2058,3.329840e-18,2.356557e-06,-1.624958e-04,4.919627e-04,1.292881e+00,-1.316614e-01,6.814044e+00
2059,1.203403e-18,1.561536e-05,-1.601231e-04,4.783004e-04,4.258740e-01,-4.250891e-01,1.825906e+00
2060,8.556588e-18,1.562672e-05,-1.601527e-04,4.893043e-04,6.793778e-02,-1.132655e-02,6.163724e+00
2061,2.332251e-17,3.837019e-06,-1.655920e-04,4.906246e-04,8.137429e-01,-2.496103e-01,1.323372e+01
2062,2.351994e-17,-4.217812e-06,-1.898555e-04,4.945384e-04,4.784413e+00,2.713438e-01,2.272467e+01
2063,1.255492e-18,-7.048852e-06,-1.953144e-04,4.907996e-04,-7.433944e-01,-1.262180e-01,4.986646e+00
2064,1.313664e-18,-1.582229e-06,-1.960895e-04,4.892375e-04,9.352745e-02,2.227831e-01,7.199859e+00
2065,1.612658e-17,-9.387610e-06,-1.869702e-04,4.786766e-04,1.632766e+00,-7.628734e-01,5.014104e-01
2066,4.427075e-17,-2.208236e-05,-1.811643e-04,4.897844e-04,-1.674920e+00,4.156227e-01,3.639358e+00
2067,2.985546e-17,-2.185665e-05,-1.899649e-04,4.816308e-04,-1.078101e+00,-5.464885e-01,8.912468e-01
2068,3.528548e-18,-9.376860e-06,-1.812522e-04,4.849482e-04,-2.035438e-01,-2.284560e-01,9.553214e-01
2069,2.765470e-18,-1.556860e-06,-1.960868e-04,4.858177e-04,5.224042e-01,-1.315596e-01,5.065795e+00
2070,2.335026e-17,-2.409853e-05,-1.954065e-04,4.970985e-04,3.600195e-02,2.053268e-02,-1.431120e+00
2071,2.236434e-17,4.538654e-06,-1.813430e-04,4.902675e-04,-5.701968e-01,7.215143e-01,8.666768e+00
2072,2.863087e-17,1.603140e-05,-1.991276e-04,4.925985e-04,-3.391927e-01,7.695381e-01,1.232662e+01
2073,6.344662e-17,4.274701e-06,-1.936168e-04,4.898323e-04,4.800968e-01,1.454616e+00,7.596972e+00
2074,2.873725e-17,1.107637e-05,-1.878577e-04,4.787281e-04,1.867960e-01,-1.742911e+00,2.748748e+00
2075,2.815667e-17,1.799559e-05,-1.820367e-04,4.844086e-04,-2.607651e-01,1.336959e+00,-4.235779e-01
2076,2.004806e-17,9.529652e-06,-1.992577e-04,4.803903e-04,-9.064095e-01,-2.112292e+00,1.965521e+00
2077,4.425126e-18,1.093657e-05,-1.843750e-04,4.930589e-04,-1.759400e-01,1.116957e-01,2.675952e+00
2078,4.085549e-18,7.017134e-06,-1.914000e-04,4.837342e-04,6.975976e-01,4.336442e-01,2.054070e+00
2079,8.850869e-18,7.053646e-06,-1.976786e-04,4.969805e-04,4.119001e-01,-6.184374e-01,8.356009e+00
2080,6.525453e-19,1.505508e-06,-1.957035e-04,4.853428e-04,-9.528464e-01,2.958882e+00,5.946614e+00
2081,2.923501e-18,7.048028e-06,-1.992435e-04,4.849887e-04,-2.309353e-01,1.344421e-01,3.273010e+00
2082,5.929671e-19,5.860237e-06,-1.811788e-04,4.868998e-04,1.454891e-01,-6.859984e-02,1.017090e+01
2083,5.558825e-19,1.523821e-05,-2.000038e-04,4.868807e-04,-3.587272e-01,-2.519942e-01,1.019909e+01
2084,5.505790e-18,5.500918e-06,-1.812756e-04,4.834677e-04,4.963596e-02,-1.500858e-01,8.821163e+00
2085,5.018857e-18,1.559518e-05,-2.000034e-04,4.812422e-04,-2.055739e-01,-1.662217e-01,4.243835e+00
2086,3.402333e-18,6.199736e-06,-1.961012e-04,4.781373e-04,1.444257e-01,-3.011396e-01,2.068859e+00
2087,1.079871e-18,1.445277e-05,-2.000010e-04,4.787039e-04,5.320287e-01,-5.043155e-02,3.359150e+00
2088,1.370194e-18,1.656425e-06,-1.975988e-04,4.883078e-04,3.727596e-02,-1.083295e+00,1.186302e+01
2089,1.557859e-18,5.449773e-06,-1.960759e-04,4.837813e-04,4.977098e-02,-3.421978e-01,9.026689e+00
2090,2.431758e-17,2.408972e-05,-1.808126e-04,4.970475e-04,-1.315970e-02,-2.820832e-03,-1.317550e+00
2091,1.072474e-17,2.427661e-05,-1.866947e-04,4.836038e-04,-2.284408e-02,1.455544e-02,-1.891364e+00
2092,3.055248e-19,-1.097657e-04,-6.640345e-06,4.689505e-04,1.415768e+00,5.683020e+00,-8.375672e+00
2093,1.045451e-18,-1.058578e-04,-1.288991e-05,4.719284e-04,-6.584243e-01,-3.001634e-01,-3.506797e+00
2094,2.445888e-19,-1.050797e-04,-1.289021e-05,4.751794e-04,-6.512379e-01,-1.680747e+00,1.401857e+00
2095,4.467949e-17,-9.869398e-05,8.077810e-06,4.568334e-04,-5.703805e-01,3.858603e-01,-7.096111e+00
2096,1.036963e-18,-1.040749e-04,5.601315e-06,4.744108e-04,3.709935e+00,6.970777e-01,7.449404e-01
2097,2.862509e-19,-1.105466e-04,2.733981e-06,4.712953e-04,2.931640e+00,-3.017159e-01,-3.737696e+00
2098,1.222679e-18,-1.113277e-04,3.843029e-06,4.709673e-04,-6.825633e-01,7.054188e-01,-2.440912e+00
2099,3.443897e-18,-1.052217e-04,1.639492e-05,4.698125e-04,2.941449e+00,-1.156666e+00,-1.018370e+01
2100,1.262127e-17,-4.959869e-05,-1.562431e-06,4.945701e-04,-4.431504e-01,3.368804e-02,9.508811e+00
2101,1.582291e-18,-5.079383e-05,-1.555260e-06,4.853371e-04,-1.521081e+00,1.644770e-01,4.214308e+00
2102,6.623041e-19,-5.039050e-05,-1.953104e-06,4.787252e-04,3.364414e-01,-1.882293e+00,-1.921815e+00
2103,9.760496e-17,-4.353623e-05,4.856933e-06,4.921060e-04,1.202584e+00,4.603237e-01,7.553505e+00
2104,5.133709e-17,-3.501249e-05,4.384357e-06,4.941288e-04,-9.371131e-01,-9.788281e-01,6.978427e+00
2105,1.761567e-18,-3.436870e-05,-1.546206e-05,4.824408e-04,6.741922e-02,-5.920732e-01,4.592984e+00
2106,6.267185e-17,-4.224394e-05,1.247909e-05,4.851994e-04,-1.094638e+00,2.143920e-01,4.593376e+00
2107,6.175862e-18,-2.469626e-05,1.406945e-05,4.800962e-04,-6.395678e-01,-2.007171e-01,3.244738e+00
2108,3.369705e-18,-3.437340e-05,7.036452e-06,4.872606e-04,-1.517522e-01,7.779609e-02,5.372598e+00
2109,3.230726e-18,-3.829532e-05,1.873686e-05,4.981854e-04,2.158055e-02,-2.389389e-01,3.590474e+00
2110,2.861011e-18,-4.425907e-05,3.813897e-06,4.971339e-04,8.137280e-02,1.336068e-02,3.463315e+00
2111,3.124379e-18,-3.280622e-05,1.362771e-06,4.936071e-04,1.000759e-03,2.421857e+00,5.409292e+00
2112,1.138285e-18,-3.906403e-05,1.874918e-05,4.782809e-04,-1.139684e-01,-2.236705e-02,-6.125966e-01
2113,2.215911e-18,-3.369571e-05,1.558667e-06,4.859391e-04,-1.982424e+00,1.420284e-01,3.937817e+00
2114,1.112613e-18,-3.515665e-05,1.483202e-05,4.861261e-04,-2.083629e-01,-2.936094e-01,1.018856e+00
2115,3.888558e-18,-4.540399e-05,8.610754e-06,4.841961e-04,-2.718798e-01,-1.133868e+00,4.459561e+00
2116,3.306131e-18,-4.219069e-05,1.485123e-05,4.911471e-04,2.022315e-01,8.688641e-02,5.643398e-01
2117,4.140773e-18,-4.206096e-05,1.188784e-05,4.789162e-04,-3.781857e-01,-1.129225e+00,2.339339e+00
2118,2.273780e-18,-4.539854e-05,8.651241e-06,4.809855e-04,-4.769868e-01,1.788050e+00,3.819502e+00
2119,3.542525e-18,-3.040882e-05,8.603002e-06,4.874665e-04,2.517886e-01,6.440183e-01,-9.214012e-01
2120,2.747893e-17,-3.460899e-05,2.405466e-05,4.826616e-04,1.883462e-02,7.509526e-03,-1.414454e+00
2121,6.414103e-18,-3.437585e-05,-1.796501e-05,4.897191e-04,-1.107293e-01,-2.648663e-01,9.762076e+00
2122,5.777604e-18,-4.718686e-05,-8.649442e-06,4.920825e-04,3.584349e-01,4.550315e-02,1.379290e+01
2123,1.412349e-18,-3.436988e-05,-1.170778e-05,4.923587e-04,4.877068e-01,1.134991e+00,6.658282e+00
2124,4.176947e-17,-2.915323e-05,-6.182333e-06,4.892609e-04,-1.958299e+00,1.647046e+00,5.104838e+00
2125,2.449106e-18,-2.888951e-05,-7.055893e-06,4.826051e-04,-3.141874e-01,-3.536004e-01,2.747127e+00
2126,1.199549e-17,-3.437423e-05,-1.334489e-05,4.982824e-04,-4.376966e-04,3.811449e-01,1.060137e+01
2127,4.062028e-18,-2.574745e-05,-5.495736e-06,4.942176e-04,-1.267819e-01,8.413868e-02,4.147741e+00
2128,6.152175e-18,-3.203003e-05,-2.743519e-06,4.980835e-04,3.842011e-01,-2.307142e-01,6.332842e+00
2129,5.124647e-18,-4.687802e-05,-4.685174e-06,4.829939e-04,-5.216272e-01,-8.875645e-03,6.813407e+00
2130,2.838831e-18,-3.437762e-05,-9.366545e-06,4.865158e-04,-2.791698e-01,-1.120693e+00,5.515682e+00
2131,7.445344e-19,-3.436689e-05,-1.367128e-05,4.798650e-04,2.770035e-01,1.642548e+00,2.834917e+00
2132,1.624353e-18,-4.139884e-05,-1.173320e-05,4.946967e-04,-3.429468e-01,-3.439958e-01,5.932454e+00
2133,8.341589e-19,-4.595193e-05,-8.496909e-06,4.892351e-04,-1.574265e-01,3.061101e-01,1.426666e+01
2134,3.172864e-18,-3.437390e-05,-1.797185e-05,4.965857e-04,2.081026e-01,-2.499823e-02,1.327746e+01
2135,2.467497e-18,-4.692242e-05,-4.657113e-06,4.967809e-04,6.696129e-01,-5.286044e-01,1.295900e+01
2136,4.019142e-18,-4.140313e-05,-1.181174e-05,4.894226e-04,1.632630e-01,-8.784223e-01,4.654418e+00
2137,1.126279e-18,-4.611649e-05,-8.604904e-06,4.869031e-04,-2.314851e-01,7.959365e-01,1.174133e+01
2138,9.079051e-18,-4.689644e-05,-4.669603e-06,4.925613e-04,3.188928e-01,-8.008229e-01,1.282728e+01
2139,1.984523e-18,-4.144458e-05,-1.630144e-06,4.805704e-04,-3.129318e-01,3.245951e-01,7.293627e+00
2140,1.637080e-18,-4.601882e-05,-8.662205e-06,4.831126e-04,-2.998246e-01,-5.167521e-01,7.208988e+00
2141,4.528636e-18,-3.824047e-05,-2.460912e-05,4.897880e-04,-1.175977e-01,2.719256e-02,-3.021816e+00
2142,1.762402e-17,-4.293522e-05,-2.418565e-05,4.969343e-04,2.084444e-02,3.838028e-02,-1.454220e+00
2143,4.362095e-18,-7.721754e-06,-2.117585e-05,4.790626e-04,-8.377955e-01,1.318729e+00,7.818818e+00
2144,2.939895e-17,-1.232559e-05,-4.114222e-06,4.968299e-04,-3.033816e-02,1.510101e-01,1.476215e+01
2145,5.033210e-17,-1.273071e-05,-2.900644e-06,4.852148e-04,2.749918e+00,1.441180e+00,9.006104e+00
2146,5.704215e-18,-1.530064e-05,-4.653234e-06,4.791021e-04,7.595722e-01,-2.259262e-01,6.308089e+00
2147,1.285249e-17,-4.669029e-06,-1.568120e-05,4.927325e-04,-9.658652e-02,-2.426461e-01,8.268723e+00
2148,3.068871e-17,-1.505322e-05,-1.268820e-05,4.935174e-04,6.225476e-02,2.128192e-01,7.619238e+00
2149,1.972748e-18,-1.562949e-05,-2.334239e-05,4.948744e-04,-1.976620e-01,-1.058905e+00,1.233075e+00
2150,2.677963e-18,-3.895974e-06,-1.484848e-05,4.841101e-04,3.810971e-01,-1.342789e-01,4.232473e+00
2151,3.465185e-18,-1.563779e-05,-2.343847e-05,4.810450e-04,-6.644125e-01,5.196072e-01,2.936757e+00
2152,4.081135e-17,-1.687071e-05,-9.305967e-06,4.800564e-04,-2.584421e+00,1.332717e+00,2.438023e+00
2153,3.477066e-17,-7.711248e-06,7.732669e-07,4.972667e-04,1.744122e+00,1.465226e+00,3.413828e+00
2154,1.056944e-18,-2.267410e-05,-1.485727e-05,4.899988e-04,-4.586187e-01,-1.633950e-02,2.227999e+00
2155,1.345190e-18,-7.736796e-06,-2.352844e-05,4.823629e-04,3.430582e-01,-2.489265e+00,1.088361e+01
2156,4.150074e-18,-2.343457e-06,-3.714459e-06,4.795674e-04,-3.436466e-02,-2.387286e-01,-2.099738e+00
2157,5.926704e-18,-2.185193e-05,1.161860e-05,4.933756e-04,-1.648455e-01,-1.296086e+00,1.478403e+01
2158,1.224476e-17,-6.505609e-06,1.677940e-05,4.821747e-04,3.636641e-01,-4.021170e-01,9.935134e-01
2159,2.992784e-18,-7.812445e-06,1.874233e-05,4.942297e-04,1.878048e-01,-4.293118e-02,2.178518e+00
2160,1.920073e-17,-3.782848e-06,1.069681e-05,4.857793e-04,4.538335e-01,4.930317e-01,1.951533e+00
2161,1.955370e-18,-1.324210e-05,4.628103e-06,4.906877e-04,1.522317e-01,-1.804231e-01,8.553324e-01
2162,5.382829e-18,-1.172277e-05,7.811110e-06,4.985507e-04,7.282315e-02,5.441691e-02,2.679339e+00
2163,4.372450e-18,-1.642473e-05,9.321246e-06,4.971084e-04,-1.397514e+00,-3.855490e-01,1.872426e+01
2164,4.901545e-19,-2.264903e-05,1.679966e-05,4.962594e-04,-8.948400e-02,3.060266e-01,-3.058051e+00
2165,1.276397e-18,-5.457151e-06,1.953267e-05,4.993602e-04,4.946943e-01,2.167100e-01,-9.218728e-01
2166,1.666696e-18,-2.265826e-05,1.719177e-05,4.884435e-04,1.598105e-01,-4.939133e-02,-2.194603e+00
2167,3.487451e-18,-3.901992e-06,1.093955e-05,4.911716e-04,1.901113e-01,4.561625e-02,-1.798656e+00
2168,1.741398e-17,-1.768117e-04,1.446695e-05,4.761713e-04,5.461145e-01,-3.857630e-01,-1.273619e+00
2169,4.356044e-18,-1.812718e-04,1.567467e-06,4.746631e-04,3.700959e-02,2.401401e-01,-2.478629e+00
2170,2.710902e-18,-1.969299e-04,1.325110e-05,4.733732e-04,-2.866679e-01,7.710527e-01,-7.493940e-01
2171,5.133890e-19,-1.929910e-04,6.642018e-06,4.767516e-04,1.858463e-01,5.722626e-01,1.565143e+00
2172,2.622830e-19,-1.761704e-04,1.132772e-05,4.736184e-04,8.325806e-01,1.419551e+00,-3.213530e+00
2173,1.456079e-17,-1.770764e-04,2.425454e-05,4.779026e-04,-3.852051e-02,-2.623283e-02,-1.657683e+00
2174,2.138946e-18,-1.951856e-04,-9.985557e-06,4.755266e-04,8.891626e-01,-2.884365e-02,-3.009280e+00
2175,2.997405e-17,-1.818904e-04,-5.012496e-06,4.807438e-04,1.066481e+00,2.060590e+00,6.944692e-01
2176,1.935678e-17,-1.733853e-04,7.877208e-06,4.835513e-04,-4.498676e-01,-1.065151e+00,8.495104e-01
2177,1.926477e-17,-1.734900e-04,-1.100618e-05,4.883206e-04,3.749187e+00,-3.320500e+00,6.372364e+00
2178,4.664112e-17,-1.821163e-04,-1.354710e-05,4.903425e-04,-1.769558e+00,4.868773e-01,9.217968e+00
2179,1.566475e-18,-1.946579e-04,7.816135e-06,4.991345e-04,-1.697908e-01,-1.538924e-01,1.214074e+01
2180,2.831544e-18,-1.765800e-04,1.094564e-05,4.778976e-04,4.176161e-01,9.626114e-01,-5.171641e-02
2181,4.666996e-18,-1.890699e-04,1.718571e-05,4.900749e-04,-4.823261e-01,-1.235846e-01,1.208486e+00
2182,2.524990e-17,-1.793516e-04,9.000037e-06,4.927873e-04,-1.632642e+00,2.383087e-01,6.719206e-01
2183,2.808955e-18,-1.945332e-04,7.819217e-06,4.965962e-04,-3.607974e-01,-2.357444e-01,1.172710e+01
2184,2.647726e-17,-1.775140e-04,1.101405e-05,4.894153e-04,-9.955034e-02,8.594519e-01,6.884572e+00
2185,4.173242e-18,-1.937486e-04,1.562589e-05,4.985612e-04,1.352014e-01,-3.649745e-01,2.381608e+00
2186,2.434324e-18,-1.968163e-04,1.333077e-05,4.811378e-04,1.164487e+00,1.552347e+00,9.501450e+00
2187,2.456091e-18,-1.968359e-04,1.338119e-05,4.778596e-04,3.312929e-01,2.843370e-01,5.681522e+00
2188,1.442473e-17,-1.945348e-04,7.814809e-06,4.889603e-04,-2.304992e-01,-2.248758e-01,7.064430e+00
2189,7.542381e-18,-1.937249e-04,7.803451e-06,4.829719e-04,-1.319391e-01,9.168383e-03,7.820337e+00
2190,3.635048e-18,-1.851909e-04,1.012232e-05,4.926745e-04,-4.431551e-01,2.233480e-01,3.795235e-01
2191,1.727696e-17,-1.942722e-04,2.420582e-05,4.874135e-04,-8.251769e-02,1.788047e-04,-1.644488e+00
2192,1.302314e-17,-1.967788e-04,-2.098845e-05,4.904439e-04,1.344170e+00,-8.518352e-01,2.474821e+00
2193,5.695658e-19,-1.757806e-04,-2.735043e-06,4.915759e-04,3.262353e+00,1.430174e+00,4.240734e+00
2194,2.507266e-18,-1.883170e-04,-2.445017e-05,4.961125e-04,-1.341175e-01,2.927254e-02,-2.768727e+00
2195,3.229336e-18,-1.812936e-04,-1.165031e-05,4.866694e-04,8.092122e-01,1.224030e+00,1.645241e+01
2196,2.325201e-17,-1.722691e-04,-9.145821e-06,4.848475e-04,3.586924e-01,-1.818180e+00,6.811447e+00
2197,3.289348e-18,-1.748955e-04,-2.395928e-06,4.781935e-04,4.115508e-01,-1.584262e-01,2.477635e+00
2198,1.122353e-18,-3.340173e-06,1.571472e-04,4.751961e-04,-1.815084e-02,-5.101232e+00,-4.460923e+00
2199,2.521607e-19,-1.952813e-06,1.636717e-04,4.705136e-04,-2.200060e+00,7.498996e-02,-1.185777e+01
2200,5.857577e-17,-1.099537e-04,2.408018e-06,5.382371e-04,1.305716e+00,-9.671733e-01,7.190121e+00
2201,5.996186e-19,-1.086834e-04,-3.859452e-07,5.398569e-04,-8.853472e-01,1.077184e+00,3.629008e+00
2202,1.193377e-18,-1.031243e-04,2.343811e-06,5.271406e-04,-2.272925e-02,1.134376e-01,6.055462e+00
2203,1.713498e-17,-1.218280e-04,5.059582e-06,5.465034e-04,5.444626e-01,-3.409166e-01,7.663181e+00
2204,4.996548e-17,-1.183089e-04,-2.630197e-06,5.436071e-04,-1.857844e-01,-3.739316e-01,7.557577e+00
2205,1.070385e-18,-1.078185e-04,1.797193e-05,5.415045e-04,3.333602e-02,5.971502e-02,-1.853502e+00
2206,1.982043e-16,-1.134062e-04,-9.983371e-06,5.452608e-04,-2.515234e-01,-1.363435e+00,1.168920e+01
2207,2.211157e-16,-8.482566e-05,6.635773e-06,5.319733e-04,4.040206e-01,-1.696454e-01,1.154188e+01
2208,1.486197e-16,-8.317028e-05,1.805943e-05,5.448663e-04,3.709651e-01,2.614911e+00,1.172067e+01
2209,7.938977e-18,-1.217088e-04,-5.457938e-06,5.285637e-04,1.925929e-01,-1.380274e-01,6.645538e+00
2210,5.036894e-19,-1.038781e-04,-1.601786e-05,5.460335e-04,8.995834e-02,-1.140318e-01,-2.327754e-01
2211,2.975445e-17,-8.751176e-05,-1.714952e-06,5.445577e-04,-3.374675e-01,2.733927e-01,7.418574e+00
2212,1.517500e-17,-8.145886e-05,-1.150595e-06,5.333572e-04,-7.088817e-01,-1.988783e-01,1.270528e+01
2213,1.330911e-18,-9.299939e-05,-7.450532e-07,5.398636e-04,-1.261649e-01,-1.704285e-01,1.023806e+01
2214,1.009451e-17,-7.896033e-05,1.810409e-05,5.362895e-04,2.909058e+00,-2.558564e-01,9.915177e+00
2215,3.270418e-18,-9.531221e-05,2.343704e-06,5.484828e-04,1.117204e-01,-3.438666e-02,1.196992e+01
2216,1.286097e-18,-8.202491e-05,3.129768e-06,5.414124e-04,1.315947e-01,9.056163e-02,1.223797e+00
2217,3.084330e-18,-8.750014e-05,-1.173188e-05,5.305373e-04,6.638177e-02,4.306777e-01,1.493035e+01
2218,3.978824e-17,-9.057214e-05,-1.907560e-05,5.319179e-04,1.487165e-01,-4.114484e+00,1.082410e+01
2219,8.974610e-17,-8.167470e-05,-9.871140e-06,5.299488e-04,-4.064193e-01,4.394328e-01,7.841053e+00
2220,2.378288e-18,-8.985107e-05,-1.483931e-05,5.275942e-04,-4.145006e-01,-1.288244e-01,1.249394e+01
2221,5.011588e-17,-9.224412e-05,-1.387283e-05,5.452960e-04,-1.161178e+00,8.456974e-01,1.460065e+01
2222,4.165995e-17,-9.106567e-05,-5.336274e-06,5.389599e-04,2.079696e-01,1.140309e+00,4.239822e+00
2223,1.457841e-18,-9.135786e-05,-1.445696e-05,5.395665e-04,1.636379e+00,6.700053e+00,3.300738e+00
2224,1.630791e-18,-7.968813e-05,-1.797046e-05,5.271609e-04,-2.098803e-02,-1.938434e-01,1.720736e+00
2225,7.385432e-19,-9.310219e-05,-3.774964e-06,5.436482e-04,1.674853e-01,-5.729219e-02,2.118547e+00
2226,1.408448e-18,-9.687646e-05,-9.384964e-06,5.362213e-04,1.617052e-02,-8.068411e-04,6.698972e-01
2227,7.614634e-19,-9.126256e-05,-1.315221e-05,5.482790e-04,5.103460e-01,3.963190e-01,1.291181e+00
2228,4.528149e-17,-4.878992e-05,-4.905184e-06,5.289193e-04,2.956011e-01,-7.915962e-01,2.484524e+01
2229,3.830594e-17,-3.810827e-05,-2.240836e-05,5.366184e-04,-1.230985e+00,-2.818119e+00,2.277652e+01
2230,4.524380e-17,-3.928425e-05,-7.927291e-06,5.295263e-04,4.742438e+00,-3.117708e+00,1.886907e+01
2231,7.552832e-17,-5.019787e-05,-4.493317e-06,5.368877e-04,-1.873766e+00,-1.919849e-01,8.802099e+00
2232,2.523896e-17,-3.543767e-05,-1.251069e-05,5.463595e-04,-8.785036e-01,7.154147e-02,3.542699e+00
2233,3.745269e-18,-4.452624e-05,-6.248972e-06,5.466507e-04,6.538059e-02,-2.998666e-02,1.623414e+00
2234,2.254057e-17,-6.846459e-05,-1.534770e-05,5.365356e-04,1.661021e+00,-7.418335e+00,2.742162e+01
2235,3.384784e-18,-7.109397e-05,-1.565539e-06,5.290230e-04,-1.531191e-02,2.690778e-02,5.561207e+00
2236,3.317092e-18,-5.468956e-05,-2.032854e-05,5.388492e-04,1.182823e-02,-1.076686e+00,7.531146e+00
2237,2.614324e-18,-7.109214e-05,-1.566127e-06,5.343038e-04,2.346984e-01,1.018941e-01,4.084862e+00
2238,2.932600e-18,-5.314001e-05,-9.373816e-06,5.455616e-04,2.921504e-01,2.110073e-02,1.615311e+00
2239,7.345354e-18,-6.640701e-05,7.032405e-06,5.425592e-04,-8.126997e-01,-8.852982e-01,7.523941e+00
2240,7.375360e-17,-6.637828e-05,7.034504e-06,5.421864e-04,-8.151542e-01,-8.742283e-01,7.419795e+00
2241,1.560933e-18,-6.874572e-05,1.719251e-05,5.384627e-04,2.706440e-02,1.501584e-01,7.823272e+00
2242,7.776782e-18,-6.015613e-05,1.214887e-05,5.378966e-04,3.006976e-02,-1.018996e+00,7.939614e+00
2243,3.745032e-18,-7.265662e-05,1.172593e-05,5.301377e-04,3.792337e-02,-1.677741e-01,3.142985e+00
2244,1.281379e-17,-6.094334e-05,1.930079e-05,5.487685e-04,7.859825e-02,-8.146432e-01,9.317683e+00
2245,6.612692e-18,-5.421052e-05,4.692937e-06,5.444005e-04,4.433455e-01,-4.557322e-02,5.143375e+00
2246,4.640184e-18,-6.874317e-05,1.718609e-05,5.346680e-04,8.591625e-02,-5.708146e-02,8.491216e+00
2247,4.996884e-19,-6.171844e-05,2.070556e-05,5.430120e-04,5.232124e-02,1.702908e-01,1.874998e+00
2248,2.594342e-19,-6.641067e-06,1.964849e-04,4.736274e-04,-1.379929e-01,4.712604e+00,-9.003618e+00
2249,1.159348e-18,-3.514614e-06,1.806945e-04,4.737776e-04,-5.829852e-01,-2.454111e+00,-1.283451e+00
2250,2.432648e-19,-4.296027e-06,1.808594e-04,4.720754e-04,1.706436e+00,-1.316061e+00,-4.206432e+00
2251,3.642713e-19,1.601804e-05,1.902316e-04,4.736291e-04,2.529359e+00,-1.105376e+00,-5.536325e+00
2252,3.861494e-19,9.767789e-06,1.988295e-04,4.736172e-04,-6.617574e-01,2.169244e-01,9.480193e-02
2253,7.085071e-19,7.461218e-07,1.902343e-04,4.712962e-04,-2.223973e+00,-3.210799e+00,-2.577768e+00
2254,1.165011e-18,5.859328e-06,2.045343e-04,4.723888e-04,3.921185e+00,2.800108e+00,-4.206174e+00
2255,3.066606e-19,5.857997e-06,2.035147e-04,4.736326e-04,2.444076e+00,2.500995e+00,-3.328829e+00
2256,1.136562e-18,1.008259e-05,2.339834e-04,4.684676e-04,-4.678982e+00,-2.134044e+00,-9.673466e+00
2257,2.057407e-18,3.233100e-06,-5.141955e-05,4.716409e-04,2.270240e-01,1.285537e+00,-9.916699e-01
2258,3.811795e-19,4.296028e-06,-6.601565e-05,4.705120e-04,4.904655e+00,-3.774910e+00,-6.902853e+00
2259,3.186361e-19,4.295904e-06,-6.523419e-05,4.712934e-04,4.685713e+00,-2.854615e+00,-6.379746e+00
2260,1.786958e-18,-1.937809e-05,-8.513636e-05,4.715021e-04,-6.099839e-01,3.766750e-02,-7.082908e+00
2261,1.832900e-18,-3.917618e-06,-5.174282e-05,4.679111e-04,-1.310387e+00,-4.500505e-01,-7.984031e+00
2262,2.983152e-17,-1.557292e-05,-6.597514e-05,4.712099e-04,1.573166e+00,1.031785e+00,-5.013207e+00
2263,7.250653e-19,-1.464788e-04,1.720976e-05,4.767317e-04,7.714486e-01,-8.653336e-01,6.574071e-01
2264,2.759191e-18,-1.444840e-04,-3.183461e-06,4.772405e-04,-1.640806e+00,-2.308080e-01,-2.326866e+00
2265,2.933258e-18,-1.327388e-04,-1.468060e-05,4.767854e-04,-4.349720e-02,6.460191e-01,-1.814081e+00
2266,2.853440e-19,-1.457043e-04,1.679625e-05,4.736232e-04,-1.244981e+00,-1.225896e-01,-6.443192e+00
2267,4.514230e-19,-1.699217e-04,3.516983e-06,4.767545e-04,-1.141846e+00,-9.121507e-01,4.452965e-01
2268,2.902603e-19,-1.691405e-04,-7.420559e-06,4.751859e-04,1.562794e+00,3.835801e+00,2.369241e+00
2269,2.338593e-16,-1.358729e-04,-6.287286e-06,4.922201e-04,1.042093e+00,-3.680180e-01,3.043027e+00
2270,2.212113e-17,-1.455908e-04,1.805091e-05,4.900724e-04,4.705690e-01,1.799743e-01,9.022200e+00
2271,3.159309e-18,-1.309898e-04,-1.025771e-05,4.885355e-04,-1.040439e+00,9.941492e-01,8.940582e+00
2272,1.959689e-17,-1.390842e-04,-1.336389e-05,4.883192e-04,-1.625586e+00,-2.753035e+00,5.003168e+00
2273,3.920021e-18,-1.367213e-04,-7.145982e-07,4.991678e-04,-3.886890e-01,1.025466e+00,3.532257e+00
2274,3.040775e-18,-1.335685e-04,1.561758e-05,4.951372e-04,-1.016073e+00,4.131311e-01,4.124723e+00
2275,3.685832e-18,-1.445264e-04,3.270438e-06,4.998578e-04,-2.173463e-02,-1.273793e+00,3.937368e+00
2276,2.972582e-18,-1.398414e-04,4.687691e-06,4.958507e-04,-6.783393e-02,-1.322882e-01,4.944632e+00
2277,4.759418e-18,-1.437408e-04,7.812172e-06,4.987173e-04,1.208498e-01,2.830880e-02,5.433846e+00
2278,3.714481e-18,-1.484386e-04,3.906755e-06,4.958675e-04,-1.066914e-01,5.398108e-02,5.445452e+00
2279,1.040286e-17,-1.335904e-04,1.557467e-05,4.876976e-04,-6.141514e-01,-2.560943e-02,3.236006e+00
2280,4.264085e-17,-1.421458e-04,2.387674e-05,4.877110e-04,3.664544e-02,-6.651946e-02,-1.090050e+00
2281,1.144715e-18,-1.460027e-04,1.703900e-05,4.868968e-04,1.308123e+00,-1.227683e+00,1.115865e+01
2282,1.099805e-18,-1.458947e-04,1.721662e-05,4.843683e-04,1.574594e+00,-9.106174e-01,8.525510e+00
2283,2.178497e-17,-1.346705e-04,2.415234e-05,4.911892e-04,7.564047e-03,-3.903816e-02,-1.509264e+00
2284,2.026572e-18,-1.462445e-04,1.719347e-05,4.819274e-04,1.459306e+00,5.558788e-01,6.938753e+00
2285,3.792298e-18,-1.421833e-04,2.422076e-05,4.853560e-04,2.646544e-02,2.496315e-01,-1.260939e+00
2286,8.822121e-18,-1.492211e-04,2.427788e-05,4.848172e-04,1.458021e-02,7.465499e-02,-1.667901e+00
2287,1.501714e-18,-1.328133e-04,-1.484722e-05,4.798703e-04,-8.262098e-02,5.272612e-02,7.223658e-01
2288,1.466724e-18,-1.445527e-04,-3.134193e-06,4.923606e-04,-9.053282e-01,-3.375993e-01,2.315514e+00
2289,2.559487e-18,-1.476546e-04,-1.326421e-05,4.982152e-04,3.093133e-01,2.987614e-01,-4.259459e-01
2290,5.764903e-18,-1.320064e-04,-9.577458e-06,4.846554e-04,-3.631937e-01,1.220265e+00,7.194873e+00
2291,1.345763e-18,-1.398407e-04,-1.875055e-05,4.978102e-04,-4.211778e-01,-2.963528e-01,3.153519e+00
2292,9.091371e-19,-1.405275e-04,-8.431152e-06,4.822173e-04,1.219902e+00,1.217379e+00,1.564989e+00
2293,1.653988e-18,-1.288911e-04,-7.813183e-07,4.978150e-04,4.488599e-01,2.705630e-01,5.685554e+00
2294,2.711873e-17,-1.491665e-04,-3.112342e-06,4.826945e-04,9.726941e-01,1.213655e+00,8.294053e-01
2295,5.110326e-19,-1.402343e-04,-1.874717e-05,4.939145e-04,-1.933620e-01,-2.717631e-01,1.016309e+00
2296,3.165086e-18,-1.326647e-04,-1.015440e-05,4.793654e-04,-9.640281e-01,-1.313439e+00,3.309412e-01
2297,2.794805e-18,-1.476510e-04,-2.444623e-05,4.954959e-04,-6.695921e-02,-3.083535e-02,-2.649077e+00
2298,3.180501e-17,-1.511416e-04,-2.401421e-05,4.905100e-04,7.524013e-03,4.111828e-03,-1.195720e+00
2299,1.959257e-18,-1.367211e-04,-2.460958e-05,4.970480e-04,8.421846e-02,-1.538225e-01,-4.215157e+00
2300,1.505589e-17,-1.644512e-04,1.445154e-05,5.117788e-04,3.457346e-01,2.933515e-02,3.330549e+00
2301,1.064697e-16,-1.648031e-04,1.449231e-05,5.119503e-04,2.757741e-01,-5.179077e-03,3.196764e+00
2302,3.219605e-17,-1.577026e-04,9.932696e-06,5.109684e-04,8.180870e-01,1.052498e+00,7.225169e+00
2303,4.869206e-19,-1.601538e-04,9.764572e-06,5.209987e-04,5.506368e-02,3.642369e-01,6.850780e+00
2304,8.309300e-18,-1.708917e-04,1.350620e-05,5.208394e-04,-3.375038e-01,2.740986e-01,5.176086e-01
2305,3.853819e-18,-1.570597e-04,1.716235e-05,5.205104e-04,3.543441e-01,4.440063e-01,6.704779e+00
2306,5.371707e-18,-1.695309e-04,2.343365e-06,5.213836e-04,1.868223e-02,-9.101885e-03,2.343468e+00
2307,4.672035e-18,-1.588867e-04,-4.674527e-06,4.904670e-04,2.228691e-01,1.899356e+00,5.298371e+00
2308,2.376388e-18,-1.712261e-04,-6.253956e-06,4.956905e-04,-3.709690e+00,9.144730e-01,2.277746e+01
2309,1.564457e-17,-1.597186e-04,-1.858702e-05,4.862473e-04,-3.581164e+00,5.283666e-02,1.229459e+01
2310,5.540633e-18,-1.555853e-04,-6.627583e-06,4.885521e-04,3.008846e+00,-2.050003e+00,7.468360e+00
2311,2.549088e-17,-1.695774e-04,-6.923959e-06,4.804049e-04,-5.385121e-01,1.699281e+00,7.461988e+00
2312,4.597123e-17,-1.563527e-04,8.286812e-06,4.836000e-04,-1.200655e+00,-4.269836e-01,1.342231e+00
2313,4.968363e-18,-1.703113e-04,2.345824e-06,4.930808e-04,-1.368043e-01,-5.483230e-01,2.927619e-01
2314,3.028364e-19,-1.707032e-04,2.735030e-06,4.775375e-04,-3.880983e+00,-5.086544e+00,8.059101e-01
2315,1.258718e-17,-1.578891e-04,2.424894e-05,4.914050e-04,-1.544559e-02,-2.640027e-02,-1.701052e+00
2316,8.561226e-19,-1.727632e-04,-3.791181e-06,4.931339e-04,-3.815307e-01,-1.003338e-01,4.044143e+00
2317,1.386857e-18,-1.694805e-04,-7.944564e-07,4.868983e-04,3.928737e-01,6.980646e-01,3.340933e+00
2318,1.397615e-18,-1.705034e-04,-6.486919e-06,4.914096e-04,-2.465316e+00,-1.010563e+00,1.867910e+01
2319,6.597464e-19,-1.707047e-04,-6.147502e-06,4.876755e-04,-3.178895e+00,-2.083240e+00,1.484341e+01
2320,4.870658e-19,-1.671903e-04,-1.601455e-05,4.868992e-04,1.412218e-01,-3.421032e-01,-3.238039e+00
2321,8.003149e-19,-1.582034e-04,-1.859437e-05,4.816931e-04,-5.292099e-01,-8.276812e-01,7.537655e+00
2322,1.912951e-18,-1.717438e-04,-7.041475e-06,4.783005e-04,1.992170e+00,-1.347908e+00,1.676032e+00
2323,1.062876e-18,-1.633031e-04,-1.641062e-05,4.931345e-04,-2.568610e-01,-5.060652e-01,-2.141647e+00
2324,7.981374e-19,-4.295677e-06,-2.089843e-04,4.709583e-04,4.254213e+00,-1.346693e+00,5.196765e+00
2325,2.544449e-19,-1.601824e-05,-2.160181e-04,4.704953e-04,7.390282e-01,-5.517370e-01,-7.136375e+00
2326,6.717144e-19,-3.906115e-07,-2.035156e-04,4.725293e-04,1.878667e-01,3.073028e+00,-8.746944e-01
2327,1.838522e-17,2.035679e-06,-2.035951e-04,4.599558e-04,-2.912971e-01,2.086402e-01,-6.815489e+00
2328,3.243269e-18,7.809818e-06,-2.210850e-04,4.763429e-04,-2.188146e-01,8.489026e-02,2.351106e+00
2329,1.109751e-18,9.357002e-06,-2.085804e-04,4.728512e-04,1.883801e-01,-2.613979e-01,-1.262224e+00
2330,3.498986e-19,9.765420e-06,-2.082016e-04,4.681681e-04,-3.481238e-01,-1.540392e+00,-7.458843e+00
2331,2.300903e-17,-3.686110e-06,-2.082502e-04,4.846451e-04,2.510684e+00,7.858276e-01,8.134930e+00
2332,3.632262e-17,-1.359842e-05,-2.183752e-04,4.908801e-04,6.232367e-01,-1.287664e-02,3.937906e+00
2333,3.503683e-17,9.004948e-06,-2.074508e-04,4.838014e-04,3.529322e-01,5.369513e-01,5.256503e+00
2334,1.022159e-17,-5.475536e-06,-2.195451e-04,4.992453e-04,-5.421214e-01,8.615257e-02,3.965501e+00
2335,4.583229e-17,3.452973e-06,-2.174738e-04,4.956031e-04,6.580068e-01,-1.592875e-01,4.869558e+00
2336,1.281164e-17,8.989287e-06,-2.219159e-04,4.917508e-04,6.935665e-01,6.114012e-02,6.032810e+00
2337,1.089453e-18,7.807101e-06,-2.211092e-04,4.829945e-04,-6.076303e-02,-2.245223e-01,1.992000e+00
2338,4.596139e-17,2.395596e-05,-2.158752e-04,4.948404e-04,2.202980e-02,-9.200539e-02,-7.035958e-01
2339,1.000282e-18,1.642476e-05,-2.093749e-04,4.947011e-04,3.563265e-01,2.891356e-01,-4.808427e-01
2340,1.351031e-18,1.015759e-05,-2.070235e-04,4.962587e-04,-1.496260e-01,3.239244e-01,1.387527e+00
2341,2.954636e-18,9.410195e-06,-2.085394e-04,4.785172e-04,-2.322367e-02,2.819689e-03,4.387430e+00
2342,3.063570e-18,2.029659e-05,-2.062675e-04,4.912115e-04,1.205701e+00,2.137654e-01,-1.336956e+00
2343,1.791675e-18,2.460883e-05,-2.163668e-04,4.831921e-04,2.812073e-02,-4.509911e-02,-3.781529e+00
2344,6.755237e-18,2.433476e-05,-2.210426e-04,4.785400e-04,1.000265e-01,3.917062e-02,-1.849948e+00
2345,3.444660e-18,-1.334952e-05,-2.018167e-04,4.945677e-04,-1.603933e-01,-2.018892e+00,2.457406e-01
2346,7.823627e-18,-1.035770e-05,-2.057006e-04,4.956411e-04,-3.325092e-02,1.886083e+00,4.226406e+00
2347,1.695314e-18,-4.703998e-06,-2.124989e-04,4.954782e-04,8.575727e-01,-2.859708e-01,-3.854170e-01
2348,7.563016e-17,-2.372136e-05,-2.045567e-04,4.907546e-04,3.173035e-02,1.238537e-02,-8.348585e-01
2349,5.197818e-18,-8.595171e-06,-2.203164e-04,4.939721e-04,7.015553e-01,3.617275e-01,1.645592e+00
2350,9.969328e-19,-5.645460e-06,-2.087283e-04,4.806613e-04,-3.019039e+00,-2.328619e+00,7.435641e+00
2351,1.339566e-17,-2.426323e-05,-2.195439e-04,4.963684e-04,1.235044e-02,-1.211110e-02,-1.713035e+00
2352,2.429976e-17,9.044287e-06,3.125936e-05,4.733764e-04,8.491093e-02,-2.017597e+00,-1.608940e+00
2353,1.566007e-18,-9.491361e-06,7.522066e-05,4.702735e-04,-1.720646e+00,1.218505e+00,-6.713840e+00
2354,2.409546e-18,-5.514119e-06,6.122976e-05,4.730956e-04,-1.374262e-01,2.296210e+00,-2.116499e+00
2355,1.431174e-18,-1.727415e-05,6.880550e-05,4.750444e-04,2.143790e-01,-4.648654e-01,3.185225e-01
2356,2.917130e-19,-1.757804e-05,6.836173e-05,4.697274e-04,-1.119878e+00,4.643276e-01,-7.532757e+00
2357,2.862855e-19,-1.679913e-05,6.913909e-05,4.697248e-04,-1.707176e+00,-3.549217e-01,-7.462457e+00
2358,4.488317e-17,-1.529314e-05,2.489519e-04,5.258743e-04,-2.242448e-01,-1.073186e-02,7.239245e+00
2359,1.947419e-17,-1.442450e-05,2.243761e-04,5.387719e-04,5.836734e-01,-1.960108e+00,1.040097e+01
2360,8.569539e-17,-1.077755e-05,2.436420e-04,5.464827e-04,4.556838e-01,1.003228e+00,7.100818e+00
2361,8.304153e-17,-9.605918e-06,2.488056e-04,5.390953e-04,-1.281509e+00,-4.331569e-01,6.931446e+00
2362,3.928768e-17,8.999914e-07,2.402884e-04,5.348101e-04,-4.885722e-01,1.607974e+00,9.478809e+00
2363,4.517767e-18,-9.374402e-06,2.328051e-04,5.370507e-04,2.978439e-03,3.678799e-02,5.230487e+00
2364,7.097567e-19,-9.367945e-06,2.496084e-04,5.453504e-04,-3.294208e-02,4.059379e-01,1.195682e+00
2365,1.004060e-18,-3.903988e-06,2.336024e-04,5.354300e-04,-2.144758e-02,-5.127567e-02,1.221710e+00
2366,2.312379e-18,-3.907397e-06,2.336046e-04,5.335131e-04,-8.420060e-03,1.730567e-02,3.332607e-02
2367,2.375858e-17,1.825919e-06,2.276275e-04,5.489778e-04,-4.117702e-01,1.631922e-01,2.710836e+01
2368,5.319390e-17,-7.326806e-06,2.160011e-04,5.253207e-04,-1.449641e+00,6.094580e-01,9.845292e+00
2369,6.449195e-18,1.031019e-06,2.195327e-04,5.277633e-04,-5.463507e-02,3.820734e-01,1.261205e+01
2370,1.185995e-17,-1.054302e-05,2.025836e-04,5.372497e-04,3.186178e-01,5.652681e-02,7.587293e+00
2371,8.052033e-18,-4.129856e-09,2.195290e-04,5.437272e-04,-1.181192e-01,-4.899579e-02,1.733299e+01
2372,3.841573e-18,-1.249060e-05,2.025253e-04,5.494001e-04,5.620012e-01,2.399360e-02,1.374936e+01
2373,1.028360e-18,-1.796668e-05,2.070241e-04,5.407303e-04,-3.551459e-01,-1.042644e-01,4.020875e-01
2374,3.086785e-17,-1.207119e-05,2.066350e-04,5.185748e-04,-9.066428e-01,-5.484675e-01,1.033918e+01
2375,4.974161e-17,-1.521792e-05,2.210561e-04,5.102256e-04,-1.994870e-01,4.556877e-01,5.247559e+00
2376,1.478643e-17,-2.446477e-06,2.036658e-04,5.052454e-04,-5.710896e-02,1.836805e+00,3.072161e+00
2377,1.212784e-18,-2.355559e-06,2.148449e-04,5.109648e-04,8.072422e-02,-1.911388e-01,4.120298e+00
2378,3.221487e-18,-2.346077e-06,2.148436e-04,5.044023e-04,-6.576208e-02,-1.261482e-03,5.474932e+00
2379,3.279718e-18,-6.250779e-06,2.218739e-04,5.198741e-04,-2.428754e-01,4.744913e-02,3.594806e+00
2380,1.269806e-18,-7.035938e-06,2.085993e-04,5.055891e-04,-1.437392e-02,6.641661e-02,3.634323e+00
2381,3.108629e-18,-1.717500e-05,2.070354e-04,5.229769e-04,-9.864835e-02,-5.230355e-02,1.934621e+00
2382,2.891780e-18,-1.406558e-05,2.179663e-04,5.236406e-04,-4.538892e-01,-8.358261e-02,3.084047e+00
2383,2.242928e-17,-1.950252e-05,2.186888e-04,5.209817e-04,4.304733e-01,2.215299e-01,5.534406e-01
2384,3.355614e-18,-1.176223e-05,2.054360e-04,5.059661e-04,-9.145153e-01,-1.319590e+00,1.240247e+01
2385,9.888019e-17,-8.136264e-06,2.286956e-04,5.157814e-04,2.227758e-01,-4.062279e-01,7.580674e+00
2386,2.578981e-18,-8.589183e-06,2.289102e-04,5.081956e-04,-2.463900e-01,3.500320e-05,8.515455e+00
2387,6.769613e-18,-1.063635e-05,2.359414e-04,5.041896e-04,-1.620801e-01,7.375073e-02,3.467145e+00
2388,3.914014e-18,-1.404120e-05,2.343994e-04,5.236332e-04,-1.579622e-01,2.473976e-01,7.429592e+00
2389,2.750738e-18,-3.901249e-06,2.398433e-04,5.245078e-04,-1.048280e-01,4.081464e-03,1.621653e+00
2390,1.840258e-17,1.203880e-05,2.157835e-04,5.409464e-04,1.117416e+00,-1.220274e-02,5.533850e+00
2391,8.880228e-18,2.280333e-06,2.243592e-04,5.380421e-04,-4.723320e-02,-3.369800e+00,1.945105e+01
2392,6.980966e-17,1.075663e-05,2.487489e-04,5.366832e-04,-3.578187e-01,-5.031987e-01,6.461801e+00
2393,1.722122e-17,1.031169e-05,2.245169e-04,5.303177e-04,1.860384e+00,3.065993e-02,9.131977e+00
2394,2.990376e-18,1.094720e-05,2.171894e-04,5.297919e-04,6.922968e-01,2.173978e-01,1.674342e+01
2395,1.303508e-16,1.218825e-05,2.152666e-04,5.404391e-04,1.131075e+00,-9.471490e-02,5.827891e+00
2396,3.804593e-17,9.602204e-06,2.066975e-04,5.445140e-04,-1.943526e-01,-3.551115e-01,8.478546e+00
2397,2.429404e-17,1.547583e-05,2.093213e-04,5.328751e-04,2.166835e-01,4.385118e-01,7.983896e+00
2398,3.421551e-18,2.032904e-05,2.210930e-04,5.335923e-04,1.932443e-01,4.058636e-02,7.128480e+00
2399,5.472256e-18,1.186954e-05,2.203159e-04,5.384564e-04,-2.830134e+00,-9.740620e-02,1.104973e+01
2400,1.492500e-17,9.660194e-06,2.112865e-04,5.346104e-04,6.925607e-02,-7.230173e-01,5.633117e+00
2401,1.096498e-18,2.110043e-05,2.210919e-04,5.377316e-04,6.442187e-02,1.736262e-02,4.449756e+00
2402,2.428903e-18,1.631081e-05,2.225534e-04,5.382679e-04,-3.293801e-01,-1.892099e-01,1.854345e+00
2403,9.183113e-18,2.469826e-06,2.289538e-04,5.382032e-04,3.408858e+00,1.307161e+00,1.019387e+01
2404,9.776556e-17,8.461479e-06,2.352333e-04,5.359422e-04,8.171940e-01,4.316061e-01,6.333036e+00
2405,6.310605e-18,2.722286e-06,2.445490e-04,5.362076e-04,1.008262e+00,-1.075894e-01,4.118993e+00
2406,7.386610e-18,3.905796e-06,2.429726e-04,5.457053e-04,-4.939606e-01,9.868047e-02,5.475240e+00
2407,5.774425e-17,4.494057e-06,2.423573e-04,5.458492e-04,-3.207325e-01,6.377654e-02,5.528248e+00
2408,2.815894e-18,1.338609e-05,2.496082e-04,5.445981e-04,-5.134908e-01,9.443640e-02,4.517608e+00
2409,1.507011e-18,1.406843e-05,2.374954e-04,5.392956e-04,1.868625e-01,-1.501458e-01,2.878474e+00
2410,1.068778e-18,1.797635e-05,2.304599e-04,5.392579e-04,3.117504e-02,-1.041511e-01,3.516837e+00
2411,1.145381e-18,1.094309e-05,2.496083e-04,5.480889e-04,-9.740056e-02,1.181004e-01,-8.144734e-01
2412,2.777042e-17,-1.094303e-05,7.576358e-05,5.335846e-04,6.933117e-01,4.297647e-01,6.406807e+00
2413,2.390459e-17,-7.038749e-06,6.266864e-05,5.321212e-04,1.001124e+00,7.458225e-01,1.561596e+01
2414,3.212773e-18,-8.590696e-06,6.249867e-05,5.380959e-04,-1.654547e-03,-2.289678e-03,5.043370e+00
2415,1.258133e-18,-8.565622e-06,6.173277e-05,5.429403e-04,4.570644e-01,4.282573e-01,2.991542e+00
2416,2.197588e-17,-3.821383e-06,5.796453e-05,5.489930e-04,-6.052918e-01,-5.703724e-02,1.080746e+01
2417,1.339948e-18,-3.909426e-06,5.390176e-05,5.271456e-04,-1.433240e-01,-5.565999e-02,2.763446e+00
2418,2.058320e-18,-1.093683e-05,5.858604e-05,5.448261e-04,-2.754007e-02,-4.704309e-03,2.081300e-01
2419,1.113000e-18,-1.561749e-05,5.235125e-05,5.459541e-04,4.740104e-02,3.887072e-01,-4.890905e-01
2420,4.159461e-16,-6.114205e-06,4.135377e-05,5.326493e-04,-7.544608e-02,-4.440497e-01,8.704559e+00
2421,6.880419e-18,-9.159912e-06,3.346249e-05,5.368922e-04,6.559592e-02,-8.616181e-01,3.860598e+00
2422,3.142490e-18,-3.908764e-06,3.905730e-05,5.440370e-04,1.283498e-01,4.019981e-02,5.323314e+00
2423,2.761499e-18,-1.796589e-05,4.296364e-05,5.449083e-04,1.686245e-02,-7.295121e-02,7.435225e+00
2424,1.393211e-18,-1.796475e-05,3.983979e-05,5.497068e-04,-2.789137e-03,-2.110687e-03,1.521593e+01
2425,6.661576e-17,-9.922090e-06,4.808586e-05,5.123928e-04,-9.702501e-01,-8.996715e-01,1.720781e+01
2426,3.696150e-18,-2.974997e-06,4.608687e-05,5.063645e-04,6.733722e-02,2.871250e-01,2.496342e+01
2427,1.330588e-17,-1.717381e-05,4.440269e-05,5.041219e-04,-8.505630e-01,-6.098895e+00,3.183652e+01
2428,9.150426e-17,-1.613429e-05,4.858378e-05,5.157140e-04,-2.518253e-01,-7.763502e-01,5.681031e+00
2429,7.601126e-18,-1.311062e-05,3.789778e-05,5.052422e-04,-4.490938e-01,-2.052958e+00,4.234459e+00
2430,1.835220e-16,-9.903683e-06,3.089876e-05,5.115049e-04,-4.433613e-01,7.543706e-01,7.077959e+00
2431,4.889106e-18,-1.479611e-05,3.984322e-05,5.095812e-04,1.328456e+00,-1.195714e-01,4.761071e+00
2432,2.690832e-18,-7.029905e-06,4.062392e-05,5.145150e-04,-1.261060e-01,1.699258e-02,6.045204e+00
2433,2.842116e-19,-1.914031e-05,3.164342e-05,5.101846e-04,-1.340989e+00,4.018410e-01,4.434457e+00
2434,2.778801e-17,-8.781757e-06,6.483989e-05,5.067363e-04,-1.615604e-01,-1.642844e+00,4.482777e+00
2435,2.974267e-17,-1.707118e-05,5.884761e-05,5.051877e-04,8.332563e-01,-7.109916e-01,1.452217e+00
2436,1.190355e-18,-2.361802e-06,6.484227e-05,5.171318e-04,-3.145118e-01,-1.687686e-01,6.784828e-01
2437,1.007901e-18,-1.483976e-05,7.109170e-05,5.071088e-04,1.133760e-01,-2.890778e-01,1.510706e-01
2438,6.271836e-17,-5.015686e-06,8.052326e-05,5.187124e-04,7.281530e-01,3.002670e-01,6.589348e+00
2439,1.503927e-17,-1.015348e-05,8.750026e-05,5.214111e-04,-3.991372e-01,-1.192053e-01,7.776095e+00
2440,5.031322e-17,-1.648843e-05,9.398799e-05,5.444478e-04,-8.616131e-01,1.545040e+00,7.600515e+00
2441,8.550285e-17,-9.872322e-06,8.736941e-05,5.212632e-04,-3.364121e-01,1.790661e-01,7.626749e+00
2442,2.740423e-17,-9.818766e-06,9.314231e-05,5.473664e-04,8.572154e-01,3.229793e+00,7.027288e+00
2443,1.211742e-17,-2.149461e-05,8.476187e-05,5.256307e-04,-1.100920e+00,1.703411e+00,6.938120e+00
2444,4.770685e-18,-2.377191e-05,9.687411e-05,5.494388e-04,-4.362112e+00,-4.274645e-02,1.748090e+01
2445,1.369513e-17,-1.379935e-05,7.961561e-05,5.353817e-04,-7.415243e-03,9.167543e-02,6.398512e+00
2446,4.532793e-18,-1.015991e-05,8.332887e-05,5.343253e-04,7.293269e-03,1.540212e+00,3.040525e+00
2447,4.178973e-17,-1.050338e-05,9.694738e-05,5.234630e-04,1.299740e+00,-5.855462e-01,9.593163e+00
2448,6.042063e-18,-7.027605e-06,8.671976e-05,5.005134e-04,1.495278e-02,5.937348e-02,3.796073e+00
2449,2.863693e-18,-1.569803e-06,8.832089e-05,5.051474e-04,1.969767e-01,6.177028e-01,4.598103e+00
2450,3.102131e-18,-1.167849e-05,7.969475e-05,4.857509e-04,1.727727e-01,4.434425e-01,6.133994e+00
2451,3.124657e-17,-1.132332e-05,7.804755e-05,4.935661e-04,6.919156e-01,-5.336340e-01,8.942574e+00
2452,4.670255e-18,2.340564e-06,8.280881e-05,4.994425e-04,4.700886e-02,1.419758e-01,8.270002e+00
2453,7.994342e-18,2.195853e-05,8.555745e-05,4.883524e-04,-6.424638e-01,-7.689831e-02,8.984832e+00
2454,3.149781e-17,1.782229e-06,9.710044e-05,4.889743e-04,-1.654597e+00,1.418786e+00,2.750869e+00
2455,3.838480e-17,1.679066e-05,9.320307e-05,4.914097e-04,-4.749168e-01,-7.199394e-01,5.117291e+00
2456,2.718108e-18,-8.585756e-06,8.904791e-05,4.920224e-04,1.226120e-01,1.405244e-01,3.896670e+00
2457,6.343912e-19,2.370395e-06,9.179713e-05,4.798826e-04,7.974440e-02,-5.584562e-01,2.568334e+00
2458,1.906012e-18,-1.174775e-05,7.956073e-05,4.808471e-04,9.683505e-01,-7.804746e-01,6.009414e+00
2459,2.044814e-17,2.252085e-06,8.785630e-05,4.929656e-04,-1.360795e-01,8.215917e-01,6.169358e+00
2460,2.422945e-18,1.874343e-05,9.063255e-05,4.795165e-04,-1.882844e-01,3.168457e-01,1.514931e+00
2461,2.454277e-19,-9.766328e-06,9.336165e-05,4.954740e-04,-1.000904e+00,1.797465e-01,1.762952e+00
2462,2.510842e-18,-1.719174e-05,1.007759e-04,4.873100e-04,6.375451e-03,1.769443e-03,2.924722e-01
2463,2.974124e-17,-8.985949e-06,7.891305e-05,4.984995e-04,8.166613e-01,4.377156e-01,8.334953e+00
2464,5.557890e-18,2.353806e-06,9.002506e-05,4.837712e-04,-6.271190e-02,2.495383e+00,2.491009e+00
2465,4.884449e-18,4.600529e-06,8.855049e-05,4.955817e-04,5.898804e-02,7.401013e-01,2.487655e+00
2466,1.517434e-18,-1.406472e-05,9.375377e-05,4.946946e-04,-9.172159e-01,1.939054e-01,3.897164e+00
2467,4.903849e-18,-3.491439e-06,7.968780e-05,4.998087e-04,8.526708e-01,4.570830e-02,2.909509e+00
2468,2.563216e-17,1.258452e-05,8.986013e-05,4.936802e-04,-2.123281e-01,-1.220171e-01,3.697942e+00
2469,7.739682e-19,1.185236e-05,9.674930e-05,4.837573e-04,-9.732846e-02,-4.312620e-01,2.585087e-01
2470,1.366501e-18,-7.804652e-06,9.921109e-05,4.861090e-04,1.793903e-02,1.336708e-01,-1.383160e+00
2471,4.222921e-18,1.562334e-05,8.281356e-05,4.883893e-04,-9.893003e-03,-4.069501e-02,-5.723532e+00
2472,1.433641e-18,4.660810e-06,7.811635e-05,4.954779e-04,-8.975801e-01,1.392069e-02,1.440553e+01
2473,1.822159e-18,2.258890e-05,8.520534e-05,4.846770e-04,4.262598e-01,1.001101e+00,8.814983e+00
2474,1.553669e-17,2.425968e-05,9.925268e-05,4.907195e-04,-1.955791e-03,7.080138e-02,-1.704667e+00
2475,7.897909e-18,4.690018e-06,7.812511e-05,4.899058e-04,-1.662030e-01,1.524240e-02,9.766113e+00
2476,2.960518e-18,2.460900e-05,9.219290e-05,4.893333e-04,1.481502e-02,4.498225e-02,-2.810538e+00
2477,2.496323e-18,2.460971e-05,7.812473e-05,4.885218e-04,3.524610e-02,-1.074764e-02,-3.160545e+00
2478,2.446731e-17,-2.406363e-05,9.716972e-05,4.932728e-04,1.037496e-02,4.352453e-01,2.890035e-01
2479,2.604227e-18,-2.437095e-05,9.683416e-05,4.849988e-04,-2.215855e-01,1.129306e-01,-3.794122e-01
2480,9.645778e-19,-1.002533e-05,7.718615e-05,4.907968e-04,-8.635298e-01,2.651007e-01,1.161513e+01
2481,2.236499e-17,-2.411724e-05,8.473349e-05,4.884194e-04,-4.107300e-03,1.918030e-01,-1.464024e+00
2482,1.256813e-17,-2.427680e-05,8.955574e-05,4.980940e-04,5.102280e-02,2.249317e-02,-1.811702e+00
2483,1.839011e-17,-2.420508e-05,1.020393e-04,4.985426e-04,6.159556e-02,3.047187e-02,-1.547393e+00
2484,2.307569e-18,1.406499e-05,1.171825e-04,4.997046e-04,-1.057541e-01,4.834078e-02,2.818238e+00
2485,4.386137e-17,-1.935740e-06,1.074272e-04,4.841818e-04,-2.030067e-01,4.978879e-02,6.691091e+00
2486,2.770377e-19,-1.171338e-06,1.214844e-04,5.001555e-04,1.349349e+00,4.093267e-01,4.059222e+00
2487,6.637632e-18,1.058029e-06,1.215942e-04,4.982388e-04,-5.528473e-01,1.181238e+00,2.628079e+00
2488,2.647254e-18,1.169385e-05,1.054924e-04,4.818272e-04,2.499871e-01,1.336873e+00,2.788941e+00
2489,2.384282e-17,2.416670e-05,1.043750e-04,4.919728e-04,-3.445840e-01,-7.248712e-01,1.544662e-01
2490,1.758056e-17,1.776674e-05,1.032110e-04,4.953455e-04,-2.229323e-01,1.550529e+00,4.056184e-01
2491,2.240158e-18,7.307036e-07,1.194510e-04,4.842535e-04,1.432699e-01,5.173412e-01,-9.449461e-01
2492,4.389808e-18,7.812254e-06,1.210995e-04,4.829799e-04,-1.173292e-01,-5.149568e-02,8.388660e-01
2493,2.812529e-18,-2.347644e-06,1.218743e-04,4.934760e-04,-1.178984e+00,-1.027265e-01,3.252006e+00
2494,1.761438e-18,-1.417650e-05,1.211128e-04,4.944748e-04,-1.384858e-01,6.011472e-01,5.700653e+00
2495,4.371247e-18,-1.403776e-05,1.226924e-04,4.789264e-04,-6.505318e-01,-7.225680e-01,-1.257172e+00
2496,1.698341e-18,-6.245307e-06,1.156246e-04,4.970414e-04,1.344238e-01,2.642231e-02,1.992772e+00
2497,3.944467e-18,-2.370569e-06,1.109636e-04,4.948883e-04,-6.848609e-01,6.444046e-01,2.014058e+01
2498,3.882383e-18,-2.369983e-06,1.164544e-04,4.877921e-04,-1.572938e-01,5.982962e-01,1.161086e+00
2499,2.691120e-19,-1.953399e-06,1.082028e-04,4.907998e-04,-2.548862e+00,-1.562624e+00,4.818800e+00
2500,2.453425e-18,-2.373886e-06,1.116862e-04,4.896599e-04,1.556553e+00,-7.331885e-01,1.123871e+01
2501,7.704620e-18,-2.472046e-06,1.119258e-04,4.842845e-04,8.564328e-01,-6.030994e-01,8.951011e+00
2502,5.384758e-18,-9.376612e-06,1.179629e-04,4.861351e-04,-1.688496e-01,-5.128347e-01,-1.980878e-01
2503,3.302633e-19,-1.445306e-05,5.858719e-06,4.697277e-04,-4.383209e+00,1.023727e-01,2.733018e-01
2504,2.038842e-18,3.777648e-06,-7.799060e-07,4.730552e-04,-1.739862e+00,-4.490506e-01,-3.494837e+00
2505,1.116048e-18,1.421937e-05,1.523415e-05,4.746318e-04,-3.396157e-01,-1.001775e+00,8.647722e+00
2506,1.146598e-18,1.955359e-05,1.096288e-05,4.697155e-04,2.946020e-01,2.583540e+00,-5.566273e+00
2507,8.840443e-19,1.445368e-05,2.148436e-05,4.670003e-04,-2.419804e+00,-9.590724e-01,-9.105089e+00
2508,1.466497e-18,5.404194e-06,2.256881e-05,4.742706e-04,1.000272e+00,3.261718e-01,4.782954e-01
2509,5.893719e-19,1.757958e-05,-1.569125e-05,4.736222e-04,2.187626e+00,6.792891e-02,2.467552e+00
2510,7.188768e-19,1.679688e-05,-1.561544e-05,4.728490e-04,1.364893e+00,-9.937108e-01,1.736438e+00
2511,3.010129e-19,1.836212e-05,-1.601257e-05,4.743964e-04,3.129679e+00,1.865510e-01,4.035049e+00
2512,2.198571e-17,-8.693953e-05,1.193450e-05,4.907619e-04,-7.955325e-01,-2.544217e-01,1.885021e+01
2513,5.173433e-17,-9.456669e-05,2.346121e-05,4.972754e-04,1.182323e-01,2.310982e+00,6.751349e+00
2514,4.781183e-17,-9.670845e-05,2.005732e-05,4.865828e-04,1.283256e+00,4.401864e-01,4.940339e+00
2515,3.274053e-18,-9.215877e-05,2.261470e-06,4.935805e-04,-5.375699e-02,1.269935e+00,4.508628e+00
2516,1.257402e-17,-8.060958e-05,1.461888e-05,4.857567e-04,-5.172613e-02,-2.719351e-01,3.548573e+00
2517,8.460208e-18,-7.675094e-05,1.379970e-05,4.933139e-04,1.799576e+00,3.839486e-01,2.853529e+00
2518,4.273979e-18,-9.765717e-05,4.686580e-06,4.922966e-04,-1.307716e-02,4.481538e-02,4.398242e+00
2519,6.130221e-18,-9.308127e-05,1.420475e-05,4.904962e-04,5.099853e-01,-2.204226e-01,-2.601419e+00
2520,2.130983e-18,-9.514105e-05,1.247097e-05,4.913289e-04,1.778306e+00,3.055007e-01,1.473494e+00
2521,2.709585e-17,-9.210700e-05,2.303306e-05,4.824797e-04,-1.714925e+00,2.890214e+00,2.930666e+00
2522,3.469227e-18,-8.829490e-05,7.802473e-06,4.911801e-04,-6.707376e-01,-5.482035e-01,4.647813e+00
2523,1.353133e-18,-7.655912e-05,1.249736e-05,4.822029e-04,-1.907962e-01,-5.297039e-02,-2.144389e+00
2524,2.214394e-17,-8.601414e-05,2.415240e-05,4.971173e-04,5.272835e-02,-5.521399e-02,-1.450751e+00
2525,2.009444e-18,-9.124994e-05,-1.797570e-05,4.995992e-04,7.592115e-01,-3.117979e-01,3.167338e+00
2526,1.688521e-17,-8.368099e-05,-2.199440e-05,4.858832e-04,-2.656581e+00,-2.069231e+00,7.884247e+00
2527,2.759217e-18,-8.047497e-05,-1.947967e-05,4.794469e-04,-1.572196e+00,6.095002e-01,4.093980e+00
2528,4.014022e-18,-7.497574e-05,-1.403843e-05,4.951519e-04,1.334654e-01,1.525862e-01,7.637877e+00
2529,8.737370e-18,-9.242787e-05,-1.418628e-05,4.985115e-04,5.771809e-01,-2.297747e-01,6.065490e+00
2530,1.721416e-17,-8.027925e-05,-1.573473e-05,4.973567e-04,-1.425877e+00,-8.756142e-01,6.741190e+00
2531,1.371289e-18,-7.500020e-05,-1.407402e-05,4.829855e-04,-1.160992e-01,-1.637428e-01,1.488395e+00
2532,1.976766e-18,-8.755736e-05,-5.407066e-06,4.891482e-04,-1.942856e-01,5.951742e-01,3.785212e+00
2533,1.196469e-18,-8.750275e-05,-1.168242e-05,4.900319e-04,2.280871e-01,1.110675e+00,4.003255e+00
2534,1.692755e-18,-8.750559e-05,-5.469242e-06,4.798724e-04,5.029934e-01,3.626097e+00,8.828107e-01
2535,5.888250e-18,-7.814142e-05,-1.170141e-05,4.989805e-04,-1.714148e-01,1.518820e-01,4.883842e+00
2536,2.295179e-16,-6.002589e-05,-1.233243e-05,4.927944e-04,3.278842e-01,-4.458433e-01,1.565238e+00
2537,7.640790e-17,-5.875182e-05,5.008790e-06,4.948005e-04,1.790234e-02,8.110878e-02,1.108158e+01
2538,4.273963e-17,-5.978679e-05,-2.821404e-06,4.979122e-04,3.732221e-01,-1.148516e+00,1.190743e+01
2539,2.967766e-17,-5.275843e-05,-6.679469e-06,4.794416e-04,8.210640e-01,3.813045e+00,4.619995e+00
2540,1.316358e-18,-6.170423e-05,-7.638962e-07,4.907977e-04,5.435778e-01,-4.479073e-01,1.015567e+01
2541,6.702076e-18,-5.236941e-05,1.731906e-05,4.862333e-04,-2.092547e+00,-9.785488e-01,6.413925e+00
2542,2.859405e-17,-6.934864e-05,-7.621400e-06,4.815520e-04,-2.254881e-01,6.852408e-01,5.019937e+00
2543,1.315244e-18,-7.206972e-05,-4.458042e-06,4.854961e-04,-7.048669e-02,-3.020416e+00,7.936298e-03
2544,4.683203e-18,-5.541575e-05,7.772065e-06,4.994329e-04,7.094102e-01,-5.115538e-01,1.487746e+00
2545,2.331986e-18,-5.703029e-05,1.797713e-05,4.982305e-04,-1.307413e-01,-2.444360e-02,-2.518184e+00
2546,2.945407e-18,-7.031515e-05,-8.601690e-06,4.903493e-04,-1.072423e-02,2.366757e-01,-3.275054e+00
2547,1.333597e-18,-6.951527e-05,-7.791595e-06,4.783104e-04,-7.847777e-01,9.305636e-01,8.287591e+00
2548,3.033917e-18,-6.172525e-05,-7.575229e-07,4.857355e-04,-1.756283e-01,1.015307e-01,6.605886e+00
2549,2.396330e-18,-6.015621e-05,-2.460896e-05,4.845602e-04,-7.263357e-02,-1.249757e-02,-3.575663e+00
2550,2.241586e-17,-6.914426e-05,2.409114e-05,4.968005e-04,5.919003e-03,-2.886885e-03,-1.289553e+00
2551,1.171167e-18,1.201508e-04,1.271390e-05,4.722141e-04,-6.687153e-01,-2.213696e+00,-7.054487e+00
2552,1.393558e-18,8.361920e-05,3.121763e-06,4.728573e-04,-1.791338e-01,-1.661911e-02,-3.736744e+00
2553,1.608954e-18,9.101709e-05,1.274134e-05,4.743468e-04,6.325442e-01,-2.101156e+00,-5.567391e+00
2554,5.791854e-19,8.672615e-05,1.757675e-05,4.743934e-04,1.329182e+00,1.802279e+00,-2.959090e+00
2555,2.948859e-19,1.371093e-04,8.983582e-06,4.736306e-04,1.326377e+00,5.389890e-02,-2.867959e+00
