droplet_id,volume,ux,uy,uz,vx,vy,vz
1,1.453382e-18,-3.821842e-05,1.867155e-05,5.007837e-04,6.022625e-02,-5.065740e-01,2.958945e+00
2,8.943563e-17,-4.024885e-05,5.339792e-08,4.932568e-04,-1.918710e-01,2.583292e-01,9.540905e+00
3,1.905932e-18,-5.091284e-05,-1.562510e-06,4.889812e-04,-5.182221e-01,-2.129686e-01,4.824458e+00
4,4.060506e-18,-3.603900e-05,-1.611556e-06,4.912514e-04,-1.426883e-01,-8.056763e-01,1.313394e+01
5,2.920116e-17,-4.176117e-05,-9.331696e-06,4.948989e-04,-4.861769e-01,1.776429e-01,1.394268e+01
6,6.005225e-18,-3.436751e-05,-1.796138e-05,4.957894e-04,2.689978e-01,-1.487060e-01,9.242415e+00
7,7.985356e-12,7.155410e-08,7.723949e-08,3.854882e-04,3.996625e-03,7.603305e-03,-6.537625e+00
8,3.048670e-17,-5.216301e-05,-4.288428e-06,4.823056e-04,8.715814e-01,3.813786e+00,4.382144e+00
9,2.713420e-18,-4.141481e-05,-1.172149e-05,4.996954e-04,-7.489917e-02,-3.248041e-01,7.158360e+00
10,2.333370e-18,-3.437399e-05,-1.561690e-05,4.856690e-04,-2.539185e-01,-5.626186e-01,4.242985e+00
11,1.080551e-17,-4.240440e-05,-1.836931e-05,4.784584e-04,-2.402889e-01,1.361704e+00,4.312399e+00
12,1.835504e-18,-3.761100e-05,-1.691886e-06,4.976213e-04,-1.460653e+00,1.395684e+00,1.747234e+01
13,1.281329e-18,-3.436744e-05,-1.250207e-05,4.813879e-04,-3.665004e-01,1.717259e+00,1.890535e+00
14,5.440430e-18,-4.654723e-05,-8.624444e-06,5.005896e-04,2.364235e-01,-3.406558e-01,1.348411e+01
15,1.537976e-18,-3.436218e-05,-1.170441e-05,4.977746e-04,9.370841e-02,-5.399498e-01,7.053679e+00
16,1.960475e-18,-4.619864e-05,-8.592833e-06,4.882142e-04,1.619810e-01,-1.427360e-01,6.635408e+00
17,4.996568e-18,-4.688383e-05,-4.683070e-06,4.876863e-04,-1.638784e-01,-5.774544e-02,7.515746e+00
18,3.393636e-18,-4.141955e-05,-1.563351e-06,4.763099e-04,-2.487931e-01,-1.104557e-01,1.040285e+00
19,2.768792e-18,-3.437516e-05,-9.396459e-06,4.896453e-04,-1.819789e-02,-4.304108e-01,3.555379e+00
20,1.472642e-18,-2.891750e-05,-7.026097e-06,4.852975e-04,2.662832e-01,-1.095125e-01,3.691625e+00
21,4.582918e-18,-2.577186e-05,-5.472203e-06,4.970398e-04,-8.119715e-02,-3.939199e-02,3.922868e+00
22,4.484116e-18,-3.826336e-05,-2.460924e-05,4.897433e-04,-9.513186e-04,1.870110e-02,-2.978790e+00
23,2.437847e-18,-4.623393e-05,-8.537300e-06,4.963066e-04,-3.568001e-01,-6.879042e-02,1.201682e+01
24,1.487526e-18,-4.221976e-05,-8.596308e-06,4.915459e-04,-3.192321e-01,-4.988167e-02,1.644632e+01
25,3.293528e-18,-4.607502e-05,-4.691096e-06,4.771420e-04,-2.307631e-02,2.457136e+00,4.383725e-01
26,7.418402e-18,-3.200100e-05,-3.193458e-06,5.021365e-04,-1.393733e-01,-8.287427e-01,6.170732e+00
27,2.748007e-18,-4.218757e-05,-8.598652e-06,4.880404e-04,-3.681690e-01,-2.954774e-01,1.222674e+01
28,1.514949e-18,-4.218715e-05,-8.584401e-06,4.845235e-04,8.320545e-01,-2.533915e-01,9.342805e+00
29,2.609134e-18,-4.149899e-05,-1.530229e-06,4.865671e-04,4.607466e-01,-4.859012e-02,1.075775e+01
30,1.487426e-18,-4.223575e-05,-8.597722e-06,4.798370e-04,6.079457e-01,3.542199e-01,4.540785e+00
31,3.049956e-18,-3.592756e-05,-1.567148e-06,4.802706e-04,-2.806820e-01,-2.318738e-01,6.279714e+00
32,9.982021e-19,-3.514823e-05,1.484696e-05,4.813962e-04,-1.283239e-01,-1.662893e-01,1.854734e+00
33,1.129669e-18,-3.514837e-05,1.487203e-05,4.876463e-04,-2.796873e-01,4.313196e-04,2.648931e+00
34,3.403815e-18,-3.437464e-05,7.031160e-06,4.911334e-04,6.887480e-02,1.499169e-01,5.793463e+00
35,2.740899e-18,-4.216987e-05,1.505325e-05,4.907232e-04,2.477086e-01,1.397766e-01,-2.861536e+00
36,2.504938e-18,-4.530413e-05,8.628392e-06,4.833491e-04,5.186836e-01,1.134932e+00,2.559979e+00
37,4.941678e-18,-4.218130e-05,1.170278e-05,4.799251e-04,-5.922443e-01,-6.699854e-01,2.133025e+00
38,3.120971e-18,-3.047568e-05,8.592494e-06,4.872451e-04,7.943180e-02,2.587655e-01,-4.303364e-01
39,2.681064e-17,-3.461860e-05,2.406567e-05,4.826265e-04,2.198064e-02,-4.259658e-05,-1.434780e+00
40,1.410403e-18,-4.218098e-05,-8.984006e-06,4.748274e-04,1.099819e+00,-2.328849e-01,-4.991335e-02
41,2.233065e-18,-3.516100e-05,-1.573610e-06,4.726407e-04,-1.731263e-01,3.996861e-02,-3.802401e+00
42,1.682929e-18,-4.282400e-05,1.171555e-05,4.707352e-04,-1.609616e+00,3.450091e-01,-8.433040e+00
43,5.591691e-19,2.371100e-04,-8.587870e-06,4.712470e-04,-5.133235e+00,-7.837799e-01,-6.300171e+00
44,5.587830e-19,2.394532e-04,-8.580804e-06,4.751515e-04,-3.043066e-01,8.564160e-01,1.055036e+00
45,3.391633e-18,2.429703e-04,-5.439984e-06,4.763424e-04,-4.170895e-01,6.389088e-01,-1.818835e+00
46,6.846710e-19,2.277334e-04,5.078178e-06,4.732841e-04,-2.923198e+00,-1.153803e+00,3.627526e-01
47,4.226150e-18,2.281638e-04,7.793379e-06,4.772743e-04,-9.445229e-01,9.113133e-01,4.096003e+00
48,2.507476e-19,2.332020e-04,1.523525e-05,4.689035e-04,-1.358610e+00,-3.203150e+00,-3.107874e+00
49,2.580812e-19,2.324211e-04,1.523571e-05,4.696815e-04,-3.059658e+00,-3.683171e+00,-1.751387e+00
50,2.863026e-19,2.332029e-04,1.601817e-05,4.673437e-04,-4.903643e-01,-2.084652e+00,-7.081137e+00
51,5.167347e-19,2.464859e-04,1.913924e-05,4.755414e-04,-1.398917e+00,8.021791e-01,9.380613e-01
52,1.237523e-18,2.266451e-04,1.586383e-05,4.773304e-04,-4.453999e-01,-1.541007e+00,3.016585e+00
53,1.271886e-18,2.273682e-04,3.515592e-06,4.693123e-04,-2.978539e+00,-4.806328e+00,-6.805151e+00
54,3.572379e-19,2.496098e-04,2.735024e-06,4.712520e-04,8.749687e-01,-1.979453e-02,-7.938377e+00
55,1.313551e-18,2.449217e-04,9.380792e-06,4.933965e-04,4.145131e+00,-4.138267e+00,1.229528e+01
56,1.566634e-18,2.281245e-04,9.401859e-06,4.845216e-04,-1.244339e+00,-4.062083e-01,9.515558e+00
57,6.556670e-18,2.453688e-04,1.322995e-05,4.831455e-04,2.152052e+00,6.484024e-01,5.785207e+00
58,2.216636e-18,2.453297e-04,1.326763e-05,4.874457e-04,-7.527626e-01,-1.372175e-01,4.132372e+00
59,3.665398e-18,2.496093e-04,1.718774e-05,4.888221e-04,-6.430932e-03,4.036228e-02,9.787709e+00
60,1.256022e-18,2.320439e-04,-3.067071e-06,4.853050e-04,3.015932e-01,3.464198e-02,2.471472e+00
61,6.670787e-19,2.496089e-04,7.014978e-06,4.782796e-04,3.479644e-01,1.532116e-01,-6.996447e-02
62,4.600481e-18,2.453094e-04,1.406424e-05,5.016976e-04,3.965638e-03,7.400753e-01,1.044293e+01
63,2.525567e-18,2.291075e-04,-2.175806e-05,4.848365e-04,4.713455e+00,-2.418507e+00,1.327440e+01
64,2.567324e-18,2.280908e-04,8.553821e-06,4.810211e-04,4.308315e-01,1.129693e-01,5.833342e+00
65,2.024783e-18,2.496094e-04,7.290046e-07,4.975633e-04,-7.387089e-03,-4.709376e-01,1.091998e+01
66,2.642741e-18,2.343752e-04,9.375234e-06,5.021487e-04,5.683079e-02,5.034223e-02,4.457919e+00
67,3.219704e-18,2.257754e-04,7.815291e-06,4.833849e-04,-9.561759e-01,-5.111620e-01,2.053935e+00
68,7.206013e-18,2.253871e-04,2.343458e-06,4.845649e-04,-1.436938e+00,3.308016e-02,1.555795e+00
69,2.984309e-18,2.496094e-04,7.802482e-07,4.816452e-04,2.540177e-02,-6.588480e-02,4.634408e+00
70,2.474385e-18,2.496093e-04,7.418964e-07,4.867512e-04,7.477417e-02,-8.168220e-02,5.654417e+00
71,6.693416e-18,2.413509e-04,2.439233e-05,4.981344e-04,1.253786e-02,9.299365e-03,-2.223910e+00
72,6.914206e-17,-2.070558e-07,1.740526e-04,5.090715e-04,5.901513e-01,-4.094966e-01,1.264275e+01
73,2.717947e-17,1.125511e-06,1.529541e-04,5.036661e-04,-8.562015e-01,-3.564240e+00,8.330538e+00
74,1.487178e-17,-4.985725e-08,1.531286e-04,5.178818e-04,5.269761e-01,4.584228e-02,7.761452e+00
75,1.595741e-18,1.093582e-05,1.507823e-04,5.248289e-04,7.685678e-01,-4.858766e-01,8.044256e+00
76,2.129381e-17,1.169165e-05,1.564219e-04,5.177532e-04,-1.068909e-01,-3.580974e-01,5.645329e+00
77,2.231904e-17,1.317921e-05,1.750550e-04,5.010054e-04,-7.077851e-01,3.582218e+00,8.454214e+00
78,4.880166e-18,1.019992e-05,1.511544e-04,5.104511e-04,1.085900e+00,-1.404612e+00,3.477386e+00
79,2.943038e-17,-9.672232e-07,1.640207e-04,5.011154e-04,9.563358e-01,4.959193e-02,9.756030e+00
80,1.363030e-18,3.902426e-06,1.617211e-04,5.155703e-04,2.654037e-02,-7.126057e-02,3.323732e+00
81,4.193171e-18,1.870402e-05,1.750016e-04,5.181306e-04,4.466884e-01,-4.307665e-02,4.669777e+00
82,8.114815e-18,1.242690e-05,1.586066e-04,5.046458e-04,-2.859856e-02,9.648536e-02,3.920896e+00
83,3.556972e-18,1.484535e-05,1.718746e-04,5.144201e-04,1.160317e+00,5.027755e-01,1.767274e+00
84,4.043568e-17,-6.544209e-06,1.747558e-04,5.100922e-04,-1.257782e+00,-2.755497e+00,1.752298e+01
85,3.169338e-17,-1.171109e-05,1.634153e-04,5.240805e-04,-1.068790e+00,-1.312678e+00,1.870795e+01
86,1.849349e-18,-1.086327e-05,1.641209e-04,5.141705e-04,3.149317e-01,5.460384e-01,1.378619e+01
87,3.059441e-18,-1.013858e-05,1.687469e-04,5.035507e-04,-4.435020e-01,1.307412e-01,1.371958e+01
88,8.752278e-18,-1.097429e-05,1.693254e-04,5.118852e-04,-7.476023e-04,7.563780e-01,1.053509e+01
89,2.128278e-18,-8.483959e-06,1.656261e-04,5.045763e-04,-8.759932e-01,-3.122634e-01,9.018431e+00
90,1.012223e-18,-3.890763e-06,1.586007e-04,5.217373e-04,-1.822850e-01,6.842222e-02,6.807634e+00
91,7.657572e-18,-2.119284e-05,1.667129e-04,5.219582e-04,-7.321406e-01,8.901621e-02,4.294880e+00
92,1.867386e-17,-2.416984e-05,1.678194e-04,5.002158e-04,6.360430e-01,-2.516270e-01,-1.129785e+00
93,3.238266e-18,-1.091883e-05,1.640429e-04,5.067297e-04,-1.304824e-01,1.508259e-01,1.101875e+01
94,1.110437e-18,-7.030504e-06,1.585974e-04,5.163602e-04,-2.762196e-01,-1.031799e-01,8.529999e+00
95,2.856227e-18,-2.316644e-06,1.531294e-04,5.090171e-04,-1.430316e-01,7.070077e-02,3.813699e+00
96,1.070543e-17,-4.678693e-06,1.655421e-04,5.103537e-04,1.137163e-02,3.037064e-01,9.590269e+00
97,8.645992e-18,-8.589991e-06,1.578997e-04,5.094475e-04,-2.033231e-01,-2.048590e-01,9.345174e+00
98,6.804890e-18,-1.866434e-05,1.625039e-04,5.201794e-04,3.977518e-01,-1.494137e-01,7.100023e+00
99,4.371096e-18,-8.542839e-06,1.648892e-04,5.009756e-04,1.426867e-02,7.193742e-02,9.615361e+00
100,6.590633e-18,1.746710e-05,1.687490e-04,5.438706e-04,-2.130813e-01,3.545341e-02,4.901984e+00
101,1.045694e-18,-2.109667e-05,1.734360e-04,5.445116e-04,-1.000936e-02,6.188453e-02,-7.860251e-01
102,5.161672e-18,1.250112e-05,1.242190e-04,5.232053e-04,3.106825e-01,1.145694e-02,9.110347e+00
103,3.837390e-18,6.248393e-06,1.265626e-04,5.116611e-04,2.336338e-01,-5.759416e-02,3.231977e+00
104,1.496668e-18,-1.173125e-05,1.242222e-04,5.255947e-04,-2.934567e-01,1.188366e-01,2.810366e+00
105,1.389777e-18,1.015633e-05,1.320305e-04,5.255821e-04,1.303125e-02,-9.560579e-02,5.616414e+00
106,5.049131e-18,1.016746e-05,-2.250013e-04,5.308697e-04,4.331578e-02,-1.214467e-01,9.734536e-01
107,8.598637e-18,1.211117e-05,-2.312513e-04,5.254783e-04,7.434317e-01,5.585375e-01,2.131630e+01
108,3.154872e-17,-8.236681e-06,-2.269170e-04,5.247158e-04,-3.086190e-01,1.364717e+00,5.601584e+00
109,4.350308e-18,1.172176e-05,-2.312619e-04,5.324777e-04,7.710654e-01,3.888663e-02,2.299142e+01
110,4.051700e-18,1.976582e-05,-2.312539e-04,5.495827e-04,2.972310e+00,-3.882347e-01,2.981823e+01
111,2.601494e-18,1.640848e-05,-2.398405e-04,5.426353e-04,-4.107224e-02,1.767934e-01,7.046364e+00
112,3.853933e-17,-5.981242e-06,-2.263911e-04,5.188463e-04,7.978214e-01,1.179233e+00,1.577907e+01
113,4.761410e-18,-3.124336e-06,-2.403091e-04,5.152149e-04,-7.820337e-03,-2.042746e+00,2.851684e+01
114,2.635222e-17,-3.906709e-06,-2.492191e-04,5.144240e-04,-3.249492e-01,9.591448e-03,6.546412e+00
115,1.619288e-18,1.015492e-05,-2.312449e-04,5.202004e-04,7.687196e-01,1.621866e-01,1.809556e+01
116,3.346223e-18,1.573058e-06,-2.273485e-04,5.059259e-04,-3.712732e-02,-1.727157e-01,8.807624e+00
117,3.209405e-18,1.091855e-05,-2.445351e-04,5.136502e-04,5.568624e-01,-1.205588e-01,5.159405e+00
118,1.213027e-18,7.061241e-06,-2.413787e-04,5.132809e-04,4.219332e-02,-1.967289e-01,6.247530e+00
119,1.232726e-18,7.028700e-06,-2.414035e-04,5.194331e-04,1.672087e-02,5.677918e-02,7.209604e+00
120,9.514294e-19,-2.944013e-06,-2.384487e-04,5.078609e-04,2.049192e-01,3.144470e-01,2.205465e+01
121,4.864772e-18,-3.131059e-06,-2.364776e-04,5.030501e-04,1.085287e+00,5.673510e-02,2.060741e+01
122,9.076845e-18,-7.694124e-06,-2.288484e-04,5.062727e-04,-3.587376e-01,-1.127535e+00,1.027738e+01
123,2.246017e-18,-1.172492e-05,-2.446620e-04,5.007019e-04,-1.031515e+00,-5.339881e-01,2.352964e+00
124,8.615466e-17,-3.778227e-06,-2.485239e-04,5.139993e-04,1.240402e-01,-2.910001e-02,6.442421e+00
125,1.809880e-18,-4.064293e-06,-2.358055e-04,5.058985e-04,-6.464477e-02,3.425505e-01,1.744283e+00
126,2.001083e-17,-1.623682e-05,-2.462399e-04,5.230388e-04,3.857876e-01,-7.935625e-01,4.235678e+00
127,1.502945e-18,-9.372209e-06,-2.421887e-04,5.225412e-04,-1.376750e-01,-3.285978e-02,7.747507e+00
128,2.943668e-18,-9.367221e-06,-2.421809e-04,5.036988e-04,-7.727005e-02,8.362213e-02,2.126458e+00
129,1.552109e-18,-2.344050e-05,-2.496075e-04,5.160293e-04,-3.615818e-02,-1.568875e-01,1.239300e+00
130,6.820965e-19,-1.562153e-05,-2.496069e-04,5.209973e-04,-1.442787e-01,-2.707657e-01,3.531245e-01
131,4.893070e-18,-1.641201e-05,-2.418487e-04,5.020826e-04,-7.765914e-01,-1.298753e+00,-6.408753e-01
132,2.828462e-18,-1.404202e-05,-2.266152e-04,5.013155e-04,-1.825423e-01,2.779169e-01,-2.940545e+00
133,3.754200e-18,-7.030989e-06,-2.039040e-04,5.205810e-04,-8.503895e-01,4.594118e-01,5.026141e+00
134,5.807804e-17,-6.646895e-06,-2.045902e-04,5.209992e-04,-7.944713e-01,2.644389e-01,5.014932e+00
135,3.603137e-18,-1.481408e-05,-2.195580e-04,5.116250e-04,-9.135083e-02,1.736846e-01,4.077518e+00
136,3.491081e-17,-1.517570e-05,-2.197015e-04,5.280203e-04,3.304659e-01,6.953212e-02,1.061393e+01
137,1.325793e-17,-5.778103e-06,-2.201249e-04,5.017357e-04,-1.942560e-01,1.424935e+00,2.913158e+00
138,4.193198e-18,-7.813387e-06,-2.156192e-04,5.062592e-04,-1.972659e-01,1.822475e-02,4.310227e+00
139,3.160725e-18,-3.907231e-06,-2.039069e-04,5.043722e-04,-2.897351e-01,1.260623e-03,3.107380e+00
140,4.561975e-18,-9.375186e-06,-2.210869e-04,5.272418e-04,-1.894334e-02,4.689505e-02,3.476980e+00
141,2.082719e-16,3.523016e-06,-1.981990e-04,5.026595e-04,9.584701e-01,4.623626e-01,1.074437e+01
142,3.603348e-17,2.151710e-06,-2.191463e-04,5.210590e-04,2.783205e+00,-1.216623e+00,9.215125e+00
143,3.824748e-17,1.491048e-05,-2.128525e-04,5.026409e-04,1.707096e+00,1.764064e-02,4.357259e+00
144,4.931925e-18,5.469051e-06,-2.062462e-04,5.162806e-04,1.094482e-01,1.479659e-01,7.908855e+00
145,3.449467e-17,7.723604e-06,-2.174685e-04,5.181150e-04,-2.475932e-01,-2.080831e+00,7.758071e+00
146,2.996332e-18,7.789632e-06,-2.140629e-04,5.090460e-04,-1.469031e+00,1.027613e-02,4.747031e+00
147,3.493773e-17,2.172210e-05,-2.151334e-04,5.219203e-04,9.536100e-01,4.548619e-01,3.468442e+00
148,5.166228e-18,3.914013e-06,-2.117217e-04,5.163619e-04,3.998951e-01,-1.942403e-01,8.558842e+00
149,1.132301e-18,1.406091e-05,-2.156289e-04,5.240548e-04,-2.296213e-02,-4.648602e-02,4.838786e+00
150,2.445774e-18,3.857631e-06,-2.116742e-04,5.083774e-04,-4.676338e-01,5.187202e-01,6.331893e+00
151,1.931383e-18,2.141216e-04,1.555226e-05,4.997927e-04,-3.710553e-01,3.252109e-01,9.427849e+00
152,1.099565e-18,1.992253e-04,1.640463e-05,4.985595e-04,1.665727e-03,-1.064528e-01,4.024172e+00
153,5.264748e-17,2.132603e-04,1.188606e-05,4.884139e-04,5.911497e-01,5.525923e-01,9.910595e+00
154,1.432959e-16,2.061705e-04,7.532833e-06,4.988443e-04,-1.829573e+00,6.754749e-01,8.796098e+00
155,7.877479e-17,2.196166e-04,9.325824e-06,4.849310e-04,-7.049105e-01,-6.113212e-01,4.837689e+00
156,6.777188e-17,2.038546e-04,1.536853e-05,4.854823e-04,-3.013030e-01,-6.539082e-01,5.153872e+00
157,2.008167e-17,2.058056e-04,-1.640629e-05,4.820312e-04,-1.268812e+00,-1.197697e-01,2.524832e+00
158,5.072657e-17,2.222588e-04,1.420676e-05,4.974441e-04,-4.535800e-01,1.069288e+00,2.674471e+00
159,3.284283e-18,1.999819e-04,2.369473e-06,4.903819e-04,5.477520e-01,4.715393e-01,6.755009e+00
160,5.074545e-17,2.019956e-04,7.204915e-07,4.982307e-04,6.846438e-01,-5.094340e-01,5.571745e+00
161,2.824153e-18,2.140750e-04,1.560573e-05,4.942898e-04,3.219067e-01,5.282309e-01,8.534114e+00
162,5.408689e-17,2.188653e-04,5.527541e-07,4.851855e-04,-1.516880e+00,9.011292e-01,1.111412e+00
163,1.911475e-17,2.194576e-04,-1.448661e-05,4.855731e-04,2.094662e-01,-4.260111e-01,4.220676e+00
164,1.390911e-17,2.090567e-04,2.097620e-05,4.795621e-04,-3.038655e-01,-5.480147e-01,4.643092e+00
165,5.715904e-19,2.238287e-04,6.241248e-06,4.845145e-04,-1.860949e-01,2.915581e-01,-1.616374e+00
166,1.423007e-17,2.232136e-04,2.309599e-05,5.016675e-04,-1.062401e+00,1.011727e+00,2.163962e+00
167,2.766923e-18,2.129084e-04,1.005734e-05,4.823731e-04,6.211059e-01,-6.871039e-01,8.018285e+00
168,7.607515e-19,2.128909e-04,1.054735e-05,4.790515e-04,-2.145693e+00,-1.034210e-01,4.380182e+00
169,1.046542e-18,2.124851e-04,9.765849e-06,4.763157e-04,3.214799e-01,6.427758e-01,-2.658324e-01
170,2.644017e-18,2.062494e-04,2.460970e-05,4.829863e-04,1.788536e-02,1.182640e-02,-3.206620e+00
171,1.578822e-17,2.009828e-04,2.425657e-05,4.881459e-04,-5.052784e-02,-2.545985e-02,-1.799380e+00
172,1.408082e-17,2.013416e-04,-1.957387e-06,4.805957e-04,4.034892e-01,-1.058654e+00,2.956472e+00
173,1.155081e-18,2.140619e-04,-7.037065e-06,4.907673e-04,-6.098175e-02,-1.690346e-01,-8.019516e-01
174,6.685446e-18,2.117189e-04,-3.123357e-06,5.000907e-04,5.992059e-02,-3.451097e-02,3.369697e+00
175,2.992077e-18,2.156180e-04,-1.642476e-05,4.832887e-04,-1.129943e-01,-4.127193e-01,-3.469390e+00
176,2.279601e-18,2.147054e-04,-1.486860e-05,4.800585e-04,3.118985e-02,-1.355473e+00,-1.788510e+00
177,1.312218e-18,2.070404e-04,-1.015508e-05,4.852997e-04,3.795636e-01,-5.221189e-02,-1.508163e+00
178,1.218306e-17,1.978095e-04,-2.426669e-05,4.817925e-04,-3.307822e-01,9.393161e-03,-1.613027e+00
179,2.989238e-18,2.054406e-04,1.719843e-05,4.747779e-04,4.294976e-01,-1.094606e-01,1.516586e+00
180,3.313176e-19,2.035156e-04,-1.171470e-06,4.751598e-04,3.680801e-02,2.690078e+00,-2.129843e+00
181,7.975319e-19,2.123597e-04,1.054737e-05,4.748683e-04,-1.510779e+00,-4.622869e-01,-2.968836e+00
182,1.306178e-18,2.086393e-04,2.109593e-05,4.743732e-04,-1.229190e+00,1.841265e+00,1.869083e+00
183,4.474603e-17,2.804602e-06,-2.126820e-04,4.806932e-04,1.107593e+00,1.658208e+00,5.006525e+00
184,1.821285e-18,6.980503e-06,-1.992758e-04,4.875316e-04,4.040060e-01,-3.159510e-02,3.566642e+00
185,6.822956e-18,1.563785e-05,-2.000016e-04,4.833518e-04,-2.776956e-01,2.228533e-01,3.894986e+00
186,1.095593e-18,7.830080e-06,-2.210764e-04,4.845208e-04,1.095647e-01,-2.566941e-02,1.766607e+00
187,1.350356e-18,1.015956e-05,-2.070287e-04,4.977812e-04,1.470893e-02,1.785166e-01,1.346581e+00
188,3.219686e-18,9.373322e-06,-2.086023e-04,4.817695e-04,-7.180705e-02,-6.152118e-01,5.297995e+00
189,2.122551e-18,2.460917e-05,-2.164071e-04,4.829425e-04,-1.247872e-02,-1.275876e-01,-3.460556e+00
190,7.218509e-18,2.430933e-05,-2.210672e-04,4.784454e-04,1.124938e-01,-1.823360e-02,-1.838373e+00
191,5.808196e-18,2.437811e-05,-2.242789e-04,4.831464e-04,2.959816e-02,2.883951e-02,-2.446635e+00
192,2.300682e-18,1.647730e-05,-2.296148e-04,4.996421e-04,1.127423e-01,7.508505e-01,1.586950e+01
193,9.614085e-18,2.291835e-05,-2.295637e-04,4.840122e-04,2.686215e+00,1.376597e+00,1.179280e+01
194,8.929467e-18,1.993364e-05,-2.314300e-04,4.783976e-04,1.962136e-01,-7.048998e-01,6.405802e+00
195,5.517201e-18,9.375142e-06,-2.312490e-04,4.962056e-04,-3.582930e-01,4.329026e-01,1.111218e+01
196,5.326434e-19,1.548539e-06,-2.496095e-04,4.876416e-04,1.489690e-01,-3.464928e-02,4.767974e+00
197,2.327961e-18,2.347021e-06,-2.496094e-04,4.931487e-04,4.844401e-02,2.623216e-02,9.188498e+00
198,4.781014e-18,8.206778e-06,-2.273427e-04,4.887870e-04,5.762728e-01,-3.038465e-02,7.637386e+00
199,1.805586e-17,7.193524e-06,-2.393780e-04,4.909334e-04,1.875068e+00,-1.001766e+00,4.047435e+00
200,2.368544e-17,1.200963e-05,-2.420487e-04,4.886186e-04,-7.654696e-01,-6.553914e-01,6.653304e+00
201,1.020488e-17,1.507900e-05,-2.296782e-04,4.944678e-04,-6.570821e-01,-3.236290e-01,1.428781e+01
202,2.466075e-18,1.171211e-05,-2.496089e-04,4.900531e-04,-1.315373e+00,-4.000079e-02,2.156225e+00
203,2.523101e-18,7.791064e-06,-2.304653e-04,4.833847e-04,-7.277894e-01,-5.784109e-01,4.803132e+00
204,3.119891e-18,1.639410e-05,-2.468805e-04,4.857271e-04,-7.354561e-02,-2.953593e-01,-1.667645e-01
205,5.280229e-18,1.796974e-05,-2.425423e-04,4.778805e-04,-8.474993e-03,-2.268213e-01,4.845315e-01
206,3.790774e-17,4.441420e-06,-2.379984e-04,4.759624e-04,-8.653363e-01,-1.651524e+00,1.112098e-01
207,1.096540e-17,2.181465e-05,-2.492749e-04,4.820370e-04,8.333734e-02,7.804388e-03,2.173367e+00
208,3.617685e-17,2.399134e-05,-2.421765e-04,4.819449e-04,-9.212822e-03,-4.269002e-02,-1.495825e+00
209,2.600500e-19,1.445431e-05,-2.316417e-04,4.813935e-04,3.091528e+00,-5.181619e-01,2.528297e+00
210,1.065193e-17,1.329681e-05,-2.350741e-04,4.891651e-04,5.228045e-03,1.871520e-01,1.021091e+01
211,1.870779e-18,1.321387e-05,-2.350817e-04,4.769267e-04,-8.632751e-01,-3.302031e-01,-3.320953e-01
212,3.281579e-17,-1.323324e-05,-2.183333e-04,4.934237e-04,6.589430e-01,1.604765e-01,3.716741e+00
213,3.708568e-18,-3.129797e-06,-2.359425e-04,4.966112e-04,1.259468e+00,7.880043e-01,1.696847e+01
214,2.334132e-17,-5.807219e-06,-2.320410e-04,4.864868e-04,-7.329192e-01,3.784925e-01,5.892663e+00
215,1.084536e-17,-8.533650e-06,-2.288775e-04,4.993918e-04,7.193499e-02,2.919052e-01,1.014609e+01
216,1.166335e-17,-9.949609e-06,-2.435551e-04,4.945823e-04,1.534881e+00,-8.535401e-01,2.734127e+00
217,2.300041e-17,-8.839044e-06,-2.274135e-04,4.851390e-04,9.682954e-01,6.119241e-02,5.146724e+00
218,8.233247e-19,-6.888845e-06,-2.279700e-04,4.782758e-04,-1.463757e+00,-5.886254e-01,6.900694e-01
219,3.135690e-18,-3.140868e-06,-2.344065e-04,4.818558e-04,-8.125846e-03,-1.174449e+00,6.386333e+00
220,1.073581e-18,-5.079490e-06,-2.399805e-04,4.866215e-04,3.780338e+00,-8.809455e-01,4.197233e+00
221,1.646536e-18,-2.320178e-06,-2.496096e-04,4.865022e-04,-2.078906e-02,-1.704128e-02,2.722809e+00
222,1.474482e-18,-3.121930e-06,-2.359467e-04,4.931075e-04,-4.976566e-01,3.321837e-01,1.459005e+01
223,4.526688e-18,-3.102202e-06,-2.359616e-04,4.885911e-04,-1.211459e-01,1.361062e-01,1.229352e+01
224,2.997669e-18,-5.096968e-06,-2.398592e-04,4.819990e-04,3.886009e-01,4.153449e-01,1.683236e+00
225,7.721244e-19,-1.093156e-05,-2.496112e-04,4.790546e-04,-1.221720e-01,-3.373021e-01,-4.193667e+00
226,3.525314e-18,-1.406368e-05,-2.249709e-04,4.997392e-04,-3.957495e-02,6.210220e-01,1.776799e+00
227,2.599816e-18,-5.398131e-06,-2.397781e-04,4.959456e-04,-7.557162e-01,1.010982e-01,3.111321e-01
228,7.976954e-18,-2.427015e-05,-2.456254e-04,4.985630e-04,-1.115539e-02,-4.678524e-03,-1.846584e+00
229,7.366850e-18,-2.430410e-05,-2.304362e-04,4.893921e-04,-3.999042e-02,2.783979e-02,-1.922630e+00
230,3.890539e-17,-4.833215e-06,-2.182582e-04,4.943939e-04,1.104302e+00,-2.743843e+00,1.370694e+01
231,9.068848e-19,-6.102533e-06,-2.082039e-04,4.862929e-04,1.082519e+00,4.158861e-01,8.563867e+00
232,6.504114e-18,-2.908468e-06,-2.186185e-04,4.831083e-04,2.019191e+00,-1.581460e+00,7.085271e+00
233,7.469220e-18,-9.935101e-06,-2.043564e-04,4.983391e-04,-2.434312e-01,1.794547e+00,3.841896e+00
234,7.525039e-19,-4.585592e-06,-2.183595e-04,4.907614e-04,1.908362e+00,-2.845599e+00,1.665463e+01
235,5.181204e-18,-8.603160e-06,-2.203243e-04,4.947165e-04,5.725684e-01,-7.861860e-02,8.635936e-01
236,3.082743e-18,-1.327896e-05,-2.027059e-04,4.944971e-04,3.306775e-01,-8.025500e-01,-1.936151e+00
237,1.709498e-18,-4.699349e-06,-2.124981e-04,4.954404e-04,8.525969e-01,1.733335e-01,-1.036104e+00
238,6.894643e-17,-1.731972e-04,-3.379915e-07,5.448969e-04,9.763181e-01,1.201742e+00,6.692387e+00
239,1.578770e-16,-1.779179e-04,4.349653e-06,5.049958e-04,-1.354243e-02,2.720428e+00,1.607080e+01
240,3.299592e-17,-1.669101e-04,1.290808e-05,5.276321e-04,-8.490522e-01,1.576480e+00,3.261544e+00
241,3.479756e-17,-1.537124e-04,4.102010e-07,5.280823e-04,-2.563683e-01,1.298493e+00,3.547088e+00
242,3.018037e-18,-1.695239e-04,-7.797623e-07,5.082547e-04,1.881973e-01,-9.130474e-02,1.911529e+00
243,1.328430e-18,-1.679595e-04,-7.799870e-07,5.024408e-04,1.904179e-01,2.720587e-02,-2.578670e-01
244,3.602723e-18,-1.570289e-04,1.718836e-05,5.244106e-04,-4.229493e-01,-1.519221e-02,6.128501e+00
245,5.063188e-18,-1.695302e-04,2.342228e-06,5.228709e-04,-6.507067e-03,4.986728e-03,2.179195e+00
246,2.356226e-19,-1.597656e-04,1.054709e-05,5.255781e-04,-2.083402e-01,-3.956509e-01,4.698711e+00
247,2.064369e-17,-1.691608e-04,1.680406e-05,5.355027e-04,-1.183002e-01,-7.890503e-01,3.363909e+00
248,2.699071e-18,-1.569971e-04,1.406069e-05,5.440903e-04,3.541806e-01,-1.014893e-01,4.667234e+00
249,1.338247e-18,-1.523340e-04,1.563379e-05,5.376590e-04,-7.973095e-02,1.483165e-01,9.312445e-01
250,3.234535e-17,-1.732006e-04,-2.122284e-05,5.345991e-04,-1.242859e+00,-4.994508e+00,2.029950e+01
251,9.888879e-17,-1.719576e-04,-1.143295e-05,5.264481e-04,-4.917071e-01,-2.096600e-01,5.296950e+00
252,5.250039e-18,-1.624995e-04,-7.781045e-06,5.333681e-04,3.072963e-02,1.189066e-01,5.682489e+00
253,1.261299e-17,-1.678215e-04,-2.254230e-05,5.386976e-04,3.599590e-01,-1.344957e-01,6.973283e+00
254,1.364925e-17,-1.552443e-04,-2.186786e-05,5.488649e-04,-4.449166e-01,1.772644e-01,5.906035e+00
255,7.020456e-19,-1.735697e-04,-1.471302e-05,5.399158e-04,1.922479e-02,-3.461394e-01,2.583313e+00
256,4.852856e-19,-1.734331e-04,-1.523578e-05,5.316311e-04,-2.579744e-02,1.892276e-01,4.191738e-01
257,3.689322e-17,-1.265624e-04,1.391474e-05,5.421108e-04,1.980675e-01,7.180274e-01,7.284375e+00
258,1.176103e-16,-1.265086e-04,1.355891e-05,5.420931e-04,3.933649e-01,6.412609e-01,7.491825e+00
259,9.800056e-19,-1.375007e-04,9.370374e-06,5.217448e-04,-3.067766e-02,8.738185e-02,6.664650e+00
260,2.803641e-18,-1.289071e-04,-7.781257e-07,5.020374e-04,-1.646784e-01,-9.104547e-02,5.816821e+00
261,1.373061e-18,-1.484398e-04,3.905116e-06,5.171023e-04,-1.393389e-01,3.903788e-02,8.146435e+00
262,2.382426e-18,-1.484378e-04,3.895213e-06,5.128356e-04,-1.682597e-02,5.164810e-01,8.620296e+00
263,3.961604e-18,-1.367172e-04,-9.498328e-07,5.013567e-04,5.054645e-03,3.096546e-01,3.130105e+00
264,1.352664e-18,-1.398416e-04,4.683960e-06,5.140264e-04,-3.099203e-02,2.511685e-02,1.842358e+00
265,6.578034e-18,-1.240907e-04,2.205229e-05,5.225841e-04,8.137115e-01,-7.505876e-01,-7.109061e-01
266,2.547904e-18,-1.445283e-04,2.755508e-06,5.024453e-04,7.250350e-02,4.257753e-04,3.299946e+00
267,3.549192e-18,-1.398421e-04,4.695555e-06,5.082411e-04,-1.247436e-02,2.067419e-01,4.163621e+00
268,1.378606e-18,-1.484327e-04,3.913806e-06,5.270896e-04,8.770160e-02,-1.048365e-01,9.346929e+00
269,1.332077e-18,-1.398357e-04,4.685641e-06,5.338901e-04,9.225985e-02,-9.657009e-02,6.174543e+00
270,4.023756e-18,-1.476536e-04,-1.328167e-05,5.361299e-04,-6.905015e-02,2.808647e-02,7.756264e+00
271,2.966020e-18,-1.343739e-04,1.563052e-05,5.313245e-04,-9.583140e-04,3.833416e-02,1.173829e+01
272,7.911307e-17,-1.359428e-04,1.663903e-05,5.458746e-04,3.810271e-02,5.306190e-01,1.233506e+01
273,9.783275e-19,-1.398427e-04,4.691077e-06,5.263454e-04,-1.296214e-02,4.396565e-02,4.330126e+00
274,1.022702e-18,-1.476418e-04,-1.326804e-05,5.293761e-04,-1.133864e-01,3.396981e-02,4.826396e+00
275,4.037491e-18,-1.267409e-04,2.349751e-06,5.267830e-04,-5.993546e-01,-4.856842e-02,6.789343e+00
276,5.060075e-18,-1.273444e-04,4.394986e-06,5.356168e-04,-1.849380e-02,-7.038044e-01,4.367087e+00
277,1.098035e-18,-1.453172e-04,2.356561e-06,5.458759e-04,-1.061045e-01,5.844005e-01,1.965068e+00
278,3.433789e-18,-1.453138e-04,2.348917e-06,5.394805e-04,3.684767e-02,-6.840677e-02,7.148243e+00
279,3.428614e-18,-1.452426e-04,2.420566e-06,5.435658e-04,2.184928e-01,-1.127627e-01,3.827041e+00
280,2.874268e-18,-1.281314e-04,-1.564662e-05,5.395923e-04,-4.094238e-01,-4.770963e-01,4.065312e+00
281,1.846055e-18,-1.266055e-04,-1.803735e-05,5.315782e-04,7.050693e-01,-5.825202e-01,2.762683e+00
282,1.305554e-16,-1.617122e-04,-1.142895e-05,5.059577e-04,-8.715804e-01,-3.514380e+00,7.823139e+00
283,4.736342e-18,-1.753228e-04,-7.257035e-06,5.190426e-04,-3.853759e+00,-1.897654e-01,2.493163e+01
284,9.878308e-19,-1.712709e-04,-7.223437e-06,5.032249e-04,5.265940e-01,6.036023e-01,1.815101e+01
285,2.693764e-18,-1.735285e-04,-6.197593e-06,5.098673e-04,-3.110019e+00,-1.612757e-01,2.120294e+01
286,3.694040e-18,-1.718712e-04,-1.682728e-05,5.139944e-04,-6.115102e-02,-2.965648e+00,1.343780e+01
287,1.305754e-17,-1.724916e-04,-1.651284e-05,5.218311e-04,3.103102e+00,-2.072744e+00,4.712605e+00
288,2.495310e-18,-1.718678e-04,-1.951765e-05,5.190260e-04,2.101055e-01,-4.798149e+00,1.336948e+01
289,4.461011e-18,-1.578083e-04,-1.483491e-05,5.102674e-04,1.501988e-01,-1.949317e-01,1.080212e-02
290,1.389322e-18,-1.601491e-04,-5.471633e-06,5.178910e-04,-9.657021e-02,-3.707977e-02,3.389838e+00
291,1.624991e-18,-1.578091e-04,-1.484851e-05,5.209641e-04,-9.193613e-02,-2.717426e-01,3.525012e+00
292,3.760182e-18,-2.422402e-05,-5.391133e-05,4.739841e-04,4.086317e-02,-6.426713e-01,-4.157607e+00
293,2.158381e-18,6.002573e-06,-6.393142e-05,4.773792e-04,2.880933e+00,9.696559e-01,2.173678e+00
294,1.714727e-17,4.712699e-07,-1.013840e-04,4.809374e-04,-2.231185e+00,-1.354391e+00,6.436395e+00
295,2.460759e-19,-3.905079e-07,-7.773444e-05,4.759410e-04,-3.191525e+00,-2.481506e+00,-7.249178e+00
296,9.504768e-19,-1.757817e-05,-8.867197e-05,4.720636e-04,-4.548879e-01,1.316018e+00,-5.088121e+00
297,1.053892e-17,2.069035e-06,-3.903342e-05,4.703513e-04,-3.397666e+00,1.351018e-01,-5.894180e+00
298,2.504925e-17,-8.217448e-06,-5.691333e-06,4.729314e-04,-1.448361e+00,-2.453534e+00,-5.581413e-01
299,1.288393e-18,-1.836042e-05,-1.173481e-05,4.747398e-04,1.044894e+00,-7.132079e-01,-2.965965e-01
300,1.179371e-18,-1.249207e-05,-1.718973e-05,4.735784e-04,2.043515e-01,1.287704e-01,-2.372887e+00
301,3.594302e-19,-6.640547e-06,-6.640546e-06,4.689080e-04,-1.378214e+00,-1.079347e+00,-4.105510e+00
302,2.905380e-19,-1.992158e-05,-8.203655e-06,4.728090e-04,2.289553e+00,2.379140e+00,-2.500341e+00
303,2.888262e-19,-6.640756e-06,-7.421933e-06,4.681273e-04,-1.014890e+00,-8.121039e-01,-4.768740e+00
304,2.396573e-19,-5.859467e-06,-7.421910e-06,4.673457e-04,-3.854911e+00,-3.336330e-01,-7.680044e+00
305,5.233287e-18,-3.923950e-06,-1.486282e-05,4.768759e-04,-3.828629e-01,-2.904433e-02,2.073925e-01
306,5.060283e-17,-1.104564e-05,-2.132270e-06,4.906474e-04,2.733188e+00,1.272954e+00,8.340677e+00
307,1.106672e-16,-1.424928e-05,-1.322217e-05,5.010074e-04,-3.095050e-01,2.030486e+00,5.050019e+00
308,4.200657e-17,-1.843456e-05,-8.358710e-06,4.816878e-04,-2.528687e+00,1.400751e+00,2.338306e+00
309,3.798944e-17,-6.625550e-06,1.677958e-06,4.993842e-04,1.741780e+00,1.301407e+00,3.323222e+00
310,3.454405e-18,-7.792323e-06,-2.110567e-05,4.841426e-04,5.025630e-01,1.068161e+00,7.950489e+00
311,2.786673e-18,-3.906696e-06,-1.484227e-05,4.872378e-04,6.055416e-02,-3.479688e-03,4.188553e+00
312,1.499864e-17,-4.718501e-06,-1.570365e-05,4.981876e-04,-1.608256e-01,2.052912e-01,8.393936e+00
313,4.487088e-18,-1.462717e-05,-4.664052e-06,4.833656e-04,1.031625e+00,-2.003955e-01,6.413364e+00
314,1.501923e-18,-1.563247e-05,-2.340740e-05,4.954285e-04,-9.270643e-02,-1.488922e+00,-4.914699e-01
315,3.285416e-18,-1.564774e-05,-2.342429e-05,4.833642e-04,-3.831571e-01,-1.710951e-01,3.118680e+00
316,5.059875e-18,-2.341282e-06,-4.017092e-06,4.782596e-04,3.717905e-02,7.324227e-01,-3.119697e+00
317,2.503153e-17,7.411900e-05,1.658615e-05,5.467956e-04,-6.900409e-01,2.197954e-01,3.254455e+00
318,5.241390e-18,8.593989e-05,6.990608e-06,5.341366e-04,3.198878e-01,6.229012e-01,9.163207e+00
319,3.010342e-17,9.570035e-05,5.444457e-06,5.302833e-04,-1.016978e-01,3.433592e-01,9.219182e+00
320,1.055582e-18,9.765810e-05,1.095051e-05,5.338674e-04,3.224406e-02,1.294539e-01,6.831534e-01
321,3.265797e-17,9.673691e-05,3.347028e-06,5.458241e-04,1.674509e+00,-1.238588e+00,1.028620e+01
322,2.067953e-17,1.017920e-04,1.344116e-05,5.447525e-04,-5.728121e-01,-6.282858e-01,4.587848e+00
323,1.396988e-18,9.297235e-05,1.250154e-05,5.444712e-04,1.496503e-01,2.947806e-02,4.691060e+00
324,3.309603e-18,9.296866e-05,1.250705e-05,5.267364e-04,9.449470e-03,4.381033e-01,4.487475e+00
325,4.923292e-18,8.593808e-05,1.484219e-05,5.475621e-04,-1.675975e-02,-7.562475e-02,4.418456e+00
326,4.542320e-18,8.594374e-05,1.484305e-05,5.316615e-04,1.231016e-01,-2.076405e-02,5.546752e+00
327,2.797949e-18,8.359226e-05,1.565748e-06,5.297945e-04,-3.067384e-03,-1.014871e-02,3.324182e+00
328,2.065132e-18,8.989406e-05,9.420742e-06,5.434416e-04,1.537227e-01,2.023037e-01,2.907717e+00
329,3.240887e-18,1.007928e-04,8.605921e-06,5.251958e-04,-8.263483e-01,-2.810674e-01,6.976712e+00
330,1.609580e-17,1.214684e-04,1.977713e-05,5.269367e-04,6.069414e-01,-6.150251e-02,3.241190e+01
331,2.761639e-16,8.067364e-05,-1.210310e-06,5.196263e-04,9.168837e-01,-9.255770e-01,9.623621e+00
332,1.235502e-16,9.243582e-05,1.379702e-06,5.071946e-04,-4.861091e-01,5.741338e-01,1.051457e+01
333,3.077696e-17,7.579616e-05,6.376071e-06,5.188961e-04,-2.223239e+00,-5.613073e-01,1.071842e+01
334,1.802509e-17,9.224696e-05,1.286142e-07,5.195855e-04,-2.976714e+00,3.520891e+00,1.361456e+01
335,1.555581e-17,9.285932e-05,1.185033e-05,5.207197e-04,-1.579849e-02,-5.101043e-01,6.633555e+00
336,2.817602e-18,8.209533e-05,4.650056e-06,5.097851e-04,-1.914546e+00,1.231309e-01,1.157010e+01
337,3.025341e-18,8.907668e-05,1.328449e-05,5.121368e-04,4.418194e-01,2.726559e-01,3.710503e+00
338,1.610655e-18,8.437250e-05,9.372794e-06,5.201932e-04,-5.305771e-03,7.225060e-02,1.746110e-01
339,2.862554e-17,1.067261e-04,7.422720e-06,5.345025e-04,1.398743e+00,-4.868069e-01,8.725734e+00
340,3.179811e-17,1.118948e-04,1.091448e-05,5.310149e-04,4.202900e-01,-5.065171e-01,6.754996e+00
341,3.010444e-16,1.277068e-04,9.412887e-06,5.455944e-04,-6.445660e-01,-3.443269e-01,7.361033e+00
342,3.401050e-18,1.124994e-04,-1.164461e-10,5.349857e-04,-2.712879e-04,-2.786966e-02,5.777105e+00
343,3.016897e-18,1.249995e-04,9.386959e-06,5.357540e-04,1.409670e-01,2.500820e-01,5.794699e+00
344,2.324784e-18,1.187468e-04,2.187587e-05,5.457687e-04,2.970887e-01,-3.205897e-02,1.060102e+00
345,2.649249e-18,1.125007e-04,-2.441104e-09,5.318823e-04,4.102833e-02,-7.768926e-02,7.395854e+00
346,2.406211e-18,1.195303e-04,1.559912e-06,5.447768e-04,2.940887e-02,-2.605872e-02,5.716121e-01
347,2.788928e-17,1.228319e-04,-8.596570e-06,5.307476e-04,-5.610379e+00,-3.541770e-01,1.321257e+01
348,1.727184e-17,9.817894e-05,-1.783742e-05,5.259882e-04,-9.206394e-03,2.891593e-01,3.063040e+00
349,7.399482e-18,1.023397e-04,-1.172238e-05,5.440754e-04,-3.152810e-01,-3.254575e-01,9.586330e+00
350,6.674812e-17,1.026298e-04,-1.222143e-05,5.441580e-04,-4.259386e-01,-3.386646e-01,9.404431e+00
351,1.985209e-17,1.114770e-04,-1.958243e-05,5.425618e-04,-1.190196e+00,5.400938e-01,7.857548e+00
352,2.537686e-16,5.512468e-05,-6.697078e-06,5.253042e-04,2.353470e-01,-1.721583e+00,1.821114e+01
353,2.202539e-17,9.505226e-05,-4.951499e-06,5.350088e-04,3.250974e-01,-2.899003e-01,3.603785e+00
354,5.210820e-17,8.547991e-05,-6.882295e-06,5.253465e-04,7.570950e-01,-8.836398e-01,1.289914e+01
355,1.196127e-17,7.965925e-05,-1.595959e-05,5.097433e-04,-2.817727e-03,-2.718323e+00,1.376465e+01
356,1.222812e-16,9.464935e-05,-5.401462e-06,5.350862e-04,4.174545e-01,-4.524668e-01,4.135766e+00
357,3.640703e-17,7.659830e-05,-2.122913e-05,5.316620e-04,-6.284019e-01,-5.049190e+00,2.055175e+01
358,8.806833e-19,7.889683e-05,-1.835885e-05,5.248389e-04,-1.247384e-01,-1.609247e+00,1.719062e+01
359,2.464647e-18,9.618086e-05,-1.649656e-06,5.152315e-04,-1.036666e+00,1.739553e+00,1.338038e+01
360,5.270461e-19,9.690941e-05,-6.641231e-06,5.094036e-04,4.324200e-02,-5.287074e-01,7.480888e+00
361,5.360276e-18,8.515587e-05,-3.124773e-06,5.001518e-04,-5.776329e-02,3.009649e-02,6.885489e+00
362,1.479578e-18,8.515722e-05,-3.121374e-06,5.124853e-04,-3.597247e-01,-1.894682e-01,1.128272e+01
363,1.623945e-17,9.600418e-05,-1.298613e-05,5.022620e-04,1.061180e+00,7.313216e-01,1.689067e+00
364,2.928785e-18,7.967630e-05,-1.332718e-05,5.020504e-04,-1.113224e-01,-1.038478e+00,1.128092e+01
365,6.618975e-18,7.508513e-05,-8.604671e-06,5.131763e-04,-1.994973e-01,9.518936e-01,5.667943e+00
366,5.223874e-18,8.239218e-05,-8.908669e-06,5.480407e-04,-8.631297e-01,-1.103834e+00,1.509170e+01
367,8.674174e-18,8.415358e-05,-5.457049e-06,5.436986e-04,-3.725800e-01,-4.100920e-03,1.855711e+01
368,1.515480e-17,8.767095e-05,-2.138044e-05,5.382827e-04,-3.784662e+00,-2.492133e-01,1.030290e+01
369,4.409548e-18,8.359382e-05,-1.875170e-05,5.368688e-04,-3.357457e-02,2.312094e-01,5.329525e+00
370,7.528915e-18,6.952952e-05,-9.374105e-06,5.036070e-04,1.372398e+00,3.001962e-01,6.767818e+00
371,7.384917e-17,6.970717e-05,-9.468577e-06,5.033259e-04,1.380454e+00,3.091258e-01,6.585903e+00
372,3.052227e-18,5.229443e-05,-2.306419e-06,5.005357e-04,5.958473e-01,2.276212e+00,1.164059e+01
373,4.046790e-17,5.458757e-05,-5.738748e-06,5.094746e-04,-6.106612e-03,-4.361889e-02,1.396281e+01
374,4.679831e-17,7.193309e-05,-2.666861e-06,5.013237e-04,-7.313876e-02,1.624432e+00,1.285909e+01
375,3.829237e-17,6.958528e-05,-6.443439e-06,5.131162e-04,3.974526e-01,1.144372e-01,7.156498e+00
376,3.787284e-18,6.484144e-05,-1.171988e-05,5.067061e-04,-1.499385e-03,-2.385711e-01,3.260859e+00
377,3.433788e-17,6.461962e-05,-1.148039e-05,5.071445e-04,-1.177355e-01,-6.287195e-02,3.208727e+00
378,1.646641e-17,5.624988e-05,-1.857205e-06,5.069792e-04,1.658230e-01,-5.723885e-01,1.045251e+01
379,3.493157e-17,5.610616e-05,-2.399704e-05,4.988399e-04,-6.062090e-02,2.946595e-02,-1.279643e+00
380,7.329962e-18,5.941133e-05,-1.718927e-05,5.041887e-04,2.655859e-01,3.796338e-01,1.375146e-01
381,1.172235e-18,7.421913e-05,-8.596562e-06,5.240473e-04,6.672006e-03,9.356558e-02,5.585995e+00
382,1.023352e-18,7.226548e-05,-1.231189e-05,5.019002e-04,-1.524258e+00,2.203669e+00,2.078965e+00
383,1.226852e-18,6.171381e-05,-7.028776e-06,5.117239e-04,1.541981e-01,-3.448854e-01,2.771859e+00
384,3.473630e-18,5.309856e-05,-7.045242e-06,5.159366e-04,-4.888013e-01,-1.950222e+00,1.725696e+01
385,2.015122e-17,-8.039625e-06,1.757869e-04,4.992403e-04,4.400218e+00,3.901045e+00,1.712137e+01
386,1.210497e-16,-6.165657e-06,1.755210e-04,4.878682e-04,2.262921e-01,7.088401e-01,7.770121e+00
387,2.312840e-18,-1.346975e-05,1.759013e-04,4.924701e-04,2.253558e+00,-1.294841e+00,2.221665e+01
388,6.586643e-17,-1.451346e-05,1.481481e-04,4.870804e-04,7.605860e-01,-4.478846e-01,9.011341e+00
389,4.618383e-17,-1.819361e-05,1.642963e-04,4.982208e-04,-4.787705e-01,-1.571948e+00,3.898635e+00
390,2.221106e-17,-1.185770e-05,1.629447e-04,4.975615e-04,1.544701e+00,6.203508e-01,7.608810e+00
391,8.646161e-19,-1.952945e-06,1.641946e-04,4.756985e-04,5.506998e-01,-2.638840e-02,-3.196952e+00
392,8.232549e-19,-9.769116e-06,1.734599e-04,4.923213e-04,4.462821e-01,1.184991e+00,1.105081e+01
393,1.259313e-17,-1.105767e-05,1.711645e-04,4.860904e-04,-1.749178e-01,8.245375e-01,1.007941e+01
394,3.507337e-17,-9.697232e-06,1.639065e-04,4.831409e-04,1.083022e+00,2.601661e-01,2.613218e+00
395,3.079583e-17,-1.790404e-06,1.694713e-04,4.915771e-04,-2.505250e+00,2.766696e-01,3.331241e+00
396,4.135984e-18,-9.231553e-06,1.687517e-04,4.974444e-04,3.274499e-01,1.022739e-01,1.137747e+01
397,5.161585e-18,-4.768289e-06,1.664554e-04,4.822558e-04,2.808953e+00,-6.044420e-02,4.198002e+00
398,1.083280e-18,-1.640077e-05,1.679655e-04,4.860773e-04,-4.169650e-02,-1.133338e-01,1.575120e+00
399,2.868987e-19,-5.078734e-06,1.738282e-04,4.993418e-04,8.197528e-02,1.156299e+00,4.856007e+00
400,3.441189e-18,-7.815500e-06,1.492229e-04,4.958530e-04,1.452587e-02,-2.174296e-01,2.578181e+00
401,1.620846e-18,-1.718616e-05,1.617088e-04,4.860777e-04,-1.144605e-01,-5.007596e-01,7.066413e-01
402,1.435393e-17,-5.430624e-06,1.536402e-04,4.908427e-04,-6.992685e-01,4.416506e-01,2.871012e+00
403,4.802107e-18,-9.376060e-06,1.578127e-04,4.859711e-04,-1.769232e-02,-5.482220e-02,1.368701e+00
404,1.596838e-18,-2.342367e-06,1.640633e-04,4.884209e-04,6.961853e-01,8.850303e-02,3.625932e+00
405,2.271443e-18,-1.262184e-05,1.694951e-04,4.750969e-04,-1.681351e-02,-6.328312e-01,4.377001e-01
406,4.078447e-19,-1.132697e-05,1.699225e-04,4.774908e-04,-2.424414e+00,3.733128e-02,4.002315e-01
407,5.594278e-18,-1.015668e-05,1.562427e-04,4.781915e-04,-7.967013e-02,6.963513e-01,-1.424332e+00
408,3.385679e-18,-2.322025e-06,1.640551e-04,4.833760e-04,1.231622e-01,-2.216193e-01,1.484202e+00
409,8.625282e-18,-2.430314e-05,1.726905e-04,4.900354e-04,-3.949377e-02,9.027927e-03,-1.865353e+00
410,4.381059e-18,1.562229e-05,1.687560e-04,4.962043e-04,2.211090e-01,3.054521e-02,3.334560e-01
411,2.184046e-17,1.203898e-05,1.624986e-04,4.855042e-04,-5.261003e-01,1.440031e+00,9.792073e-01
412,1.505679e-18,1.475362e-05,1.696294e-04,4.783925e-04,-2.595369e-01,1.994178e+00,-3.231949e-03
413,1.932402e-17,1.010736e-05,1.497067e-04,4.844039e-04,2.188765e-01,-2.613855e-01,1.499638e+00
414,5.089140e-19,1.486817e-05,1.699224e-04,4.931114e-04,6.237087e-01,1.182855e-01,3.753436e+00
415,2.750261e-18,1.478000e-05,1.671451e-04,4.865969e-04,-7.739986e-02,5.910027e-01,1.962978e+00
416,1.410918e-18,5.466261e-06,1.664087e-04,4.806233e-04,-5.180592e-01,5.455488e-01,-3.245090e+00
417,1.191526e-18,5.078268e-06,1.711456e-04,4.763173e-04,7.192850e-01,5.174557e-01,9.099461e-01
418,3.408277e-18,2.433615e-05,1.695313e-04,4.874771e-04,1.288279e-01,-1.898803e-01,-3.100790e+00
419,4.190306e-18,2.460913e-05,1.585998e-04,4.831002e-04,3.187763e-02,3.253017e-02,-3.320110e+00
420,2.484334e-17,-1.927326e-05,1.458610e-04,4.778798e-04,3.418225e-01,1.625895e+00,6.506670e+00
421,4.561307e-18,1.094198e-05,1.421880e-04,4.930165e-04,-3.843099e-02,-6.440726e-02,6.114333e+00
422,6.650780e-17,2.310589e-05,1.367740e-04,4.836938e-04,1.558190e+00,-8.260238e-01,1.595353e+00
423,1.866894e-17,-2.034545e-05,1.394048e-04,4.875672e-04,3.152735e-01,1.053225e+00,9.464263e+00
424,1.005589e-17,-6.236863e-06,1.242269e-04,4.984918e-04,-1.925709e-01,1.648522e-01,4.480631e+00
425,3.124777e-18,1.563089e-05,1.406263e-04,4.872933e-04,-1.538794e-01,5.410327e-01,4.405518e+00
426,1.072824e-17,-7.527015e-06,1.322980e-04,4.918466e-04,-5.521694e-01,-2.510609e-02,5.531335e+00
427,1.275868e-17,9.761534e-06,1.285118e-04,4.789065e-04,-1.738017e-01,3.062363e-01,2.294372e+00
428,8.054444e-19,-1.108101e-05,1.397189e-04,4.884285e-04,-4.049681e-01,-4.061875e-01,1.052649e+01
429,1.510142e-18,1.023181e-05,1.422607e-04,4.828322e-04,3.166936e-01,-4.310527e-01,3.658084e-01
430,1.826983e-17,1.584404e-05,1.263779e-04,4.881320e-04,-2.327754e-01,-1.449332e+00,2.305560e+00
431,1.047977e-18,1.561393e-05,1.406365e-04,4.962280e-04,2.221324e-01,1.305225e-01,6.003926e+00
432,1.683721e-17,1.718690e-05,1.459240e-04,4.790676e-04,5.842932e-01,-1.953516e+00,9.372165e-01
433,1.757025e-18,1.250170e-05,1.242079e-04,4.915398e-04,1.458895e-01,-2.277573e-01,2.615463e+00
434,2.681943e-18,1.320143e-05,1.397593e-04,4.889105e-04,-6.155513e-01,6.295612e-01,4.626573e+00
435,3.090207e-17,3.519191e-07,1.453753e-04,4.838514e-04,7.097430e-01,1.008458e+00,1.863306e+00
436,1.653501e-17,1.801281e-05,1.330590e-04,4.826160e-04,2.320401e-01,-1.039116e+00,2.238411e+00
437,4.811029e-18,6.256075e-06,1.265634e-04,4.920079e-04,3.407775e-01,2.397830e-01,2.279022e+00
438,2.389036e-18,-1.724151e-05,1.257291e-04,4.925676e-04,-2.494742e-01,2.084314e-01,9.012227e-01
439,2.514091e-19,-1.835658e-05,1.472664e-04,4.767078e-04,2.057601e+00,-2.937686e-01,4.765503e+00
440,5.613961e-18,2.896259e-06,1.411842e-04,4.958820e-04,-7.715625e-01,-5.145964e-01,6.380626e-01
441,1.055504e-17,2.426782e-05,1.267764e-04,4.964436e-04,1.949362e-02,1.543511e-01,-1.662030e+00
442,6.440471e-19,2.460948e-05,1.328138e-04,4.993794e-04,1.844499e-01,-7.520356e-02,-3.995951e+00
443,3.529588e-18,2.450086e-05,1.437522e-04,4.892365e-04,1.357856e-01,-5.543380e-03,-2.778222e+00
444,2.259338e-18,-1.479374e-05,1.281761e-04,4.918182e-04,-1.841746e-01,1.974862e-01,-3.998329e+00
445,3.076811e-18,-1.957701e-05,1.374756e-04,4.842382e-04,7.592738e-01,1.726154e-01,1.096053e+01
446,3.251009e-18,-2.347178e-06,1.296873e-04,4.974143e-04,-5.190644e-02,3.059201e-02,2.190692e+00
447,5.202200e-18,-7.094399e-06,1.305799e-04,4.843290e-04,1.585993e+00,2.173215e+00,3.763832e+00
448,1.136367e-18,-1.097048e-05,1.398360e-04,4.860866e-04,1.177695e+00,-2.173295e-01,7.989740e+00
449,1.568237e-18,-1.953971e-05,1.375061e-04,4.790331e-04,3.861534e-01,5.870184e-01,4.354285e+00
450,5.942614e-19,-6.641511e-06,1.300783e-04,4.770871e-04,5.555869e-01,8.229268e-01,-1.997616e+00
451,3.783585e-18,-1.116799e-05,1.398437e-04,4.781675e-04,9.699229e-01,2.563828e-01,9.626166e-02
452,2.508438e-19,-8.203969e-06,1.277332e-04,4.767116e-04,5.142193e-03,-2.144022e-02,-1.473533e+00
453,7.905706e-19,-7.011291e-06,1.316402e-04,4.884198e-04,1.077542e+00,-5.389451e-01,5.309967e+00
454,2.209207e-17,-2.411102e-05,1.401971e-04,4.986158e-04,5.702971e-02,-3.893191e-01,-1.789859e+00
455,1.767888e-18,-1.133088e-05,1.484182e-04,4.849007e-04,-2.212095e+00,-2.630989e-01,2.532369e-01
456,1.215278e-17,-2.424296e-05,1.360505e-04,4.980315e-04,1.105120e-01,1.234688e+00,-1.362233e+00
457,3.621884e-18,2.422011e-05,-3.909326e-06,5.417565e-04,4.295271e-01,-2.609621e-01,7.531107e+00
458,5.243178e-17,2.456017e-05,-3.495386e-06,5.412117e-04,4.264577e-01,-1.814715e-01,7.359074e+00
459,3.686332e-18,2.109257e-05,-1.328158e-05,5.267127e-04,2.159611e-01,6.346451e-01,7.290047e+00
460,3.005496e-17,2.098433e-05,-1.364290e-05,5.266220e-04,1.752104e-01,7.641458e-01,7.139300e+00
461,7.624917e-17,-2.327864e-05,-7.774709e-06,5.487969e-04,8.985207e-01,-3.050539e+00,1.347785e+01
462,1.311956e-16,-3.853377e-07,-6.095206e-06,5.327030e-04,-8.046184e-01,2.348028e+00,1.354172e+01
463,2.913286e-18,-2.578918e-05,-6.258420e-06,5.319405e-04,1.991066e-01,8.113842e-02,8.760102e+00
464,1.547159e-16,-1.516264e-05,-4.324931e-05,5.468889e-04,-1.283138e+00,-2.666505e-01,1.201455e+01
465,4.414886e-17,-7.817028e-06,-3.749852e-05,5.342659e-04,-2.107603e-01,-9.706049e-02,4.176526e+00
466,1.808449e-17,1.003866e-05,-2.412961e-05,5.344832e-04,1.149800e+00,9.625611e-01,1.701791e+01
467,1.297385e-17,-2.718714e-07,-2.648398e-05,5.419981e-04,6.476256e-01,1.179797e-01,7.184189e+00
468,1.269950e-16,-9.970372e-06,-2.334499e-06,5.294846e-04,-1.838284e-01,4.208800e-01,6.404145e+00
469,9.072062e-18,1.619100e-05,-1.087692e-06,5.346542e-04,9.105090e-02,-2.400275e-02,6.598274e+00
470,7.675174e-18,1.384175e-06,-1.781962e-05,5.316583e-04,-1.277714e+00,7.201316e-01,3.125928e+00
471,2.580303e-17,1.720205e-06,-1.339848e-05,5.428436e-04,1.382516e+00,-1.222548e+00,4.073963e+00
472,5.666387e-18,1.093501e-05,4.484974e-10,5.251389e-04,2.292192e-01,-5.190630e-02,8.715954e-01
473,5.145756e-17,1.363663e-05,-8.998773e-06,5.392078e-04,-5.466728e-01,1.016708e+00,3.934218e+00
474,1.238329e-18,8.589073e-06,-9.371024e-06,5.413939e-04,-7.814620e-01,1.026378e-01,3.924866e+00
475,2.910154e-18,3.128090e-06,-2.031140e-05,5.281799e-04,-3.256804e-02,-1.277160e-02,4.323543e+00
476,2.677566e-18,1.954292e-05,-5.035502e-10,5.312047e-04,2.756973e-01,7.360534e-02,4.428355e+00
477,2.840055e-18,6.995734e-06,-1.796723e-05,5.493589e-04,-2.401336e+00,5.155534e-02,1.259502e+01
478,1.025935e-16,-2.508561e-06,-2.161395e-06,5.475471e-04,2.172990e-01,2.626922e-01,8.217398e+00
479,3.194359e-18,2.418799e-05,-9.353458e-06,5.478275e-04,-2.243728e-01,5.930206e-02,5.096082e+00
480,4.387441e-18,1.722047e-05,-2.343380e-05,5.398542e-04,1.315490e-01,-1.147464e-02,1.285895e+00
481,1.458819e-18,1.560584e-06,-2.421412e-05,5.330698e-04,8.716203e-02,4.954448e-01,-1.135677e+00
482,2.149530e-18,7.856732e-07,-9.372923e-06,5.477241e-04,1.449835e-02,1.467990e-02,-9.691738e-01
483,1.196289e-18,9.372326e-06,-5.463994e-06,5.413832e-04,1.812050e-02,5.693261e-02,-2.369515e+00
484,3.876985e-17,-2.108517e-05,-2.342838e-05,5.295854e-04,-5.522333e+00,-2.493553e+00,1.502867e+01
485,2.747854e-18,-1.406215e-05,-1.014475e-05,5.289322e-04,1.427124e+00,-2.662836e-01,7.664982e+00
486,1.317635e-17,-2.412321e-05,-5.942250e-06,5.418479e-04,1.347370e-01,1.817304e-01,1.261316e+01
487,2.043506e-18,-9.483466e-06,-1.717937e-05,5.284039e-04,1.196254e-01,-9.483902e-01,1.275350e+01
488,8.849731e-17,-1.647698e-05,-6.116439e-06,5.353230e-04,-1.622334e-01,-5.363524e-02,4.272759e+00
489,1.322077e-18,-1.874764e-05,-1.874848e-05,5.353983e-04,-4.926588e-02,-3.359718e-02,5.109969e+00
490,5.851425e-18,-1.204254e-05,-1.955384e-05,5.288114e-04,2.133312e+00,-1.371342e-02,4.076808e+00
491,4.487588e-18,-1.562445e-06,-1.562313e-05,5.473826e-04,7.775787e-02,3.236263e-03,5.214118e+00
492,3.680310e-18,-1.015996e-05,-1.794878e-05,5.482500e-04,6.971705e-02,3.875653e-01,1.810500e+00
493,5.968654e-17,-3.538291e-06,-3.377753e-05,5.483182e-04,-1.309869e+00,-7.713874e-02,8.202972e+00
494,1.569927e-16,-7.728868e-06,-3.786634e-05,5.340044e-04,-2.586772e-01,-1.486008e-01,4.165672e+00
495,2.035545e-16,-7.648376e-06,-5.360411e-05,5.312234e-04,-4.103962e-01,1.100357e-01,1.018422e+01
496,4.250603e-18,-6.254248e-06,-2.655610e-05,5.481756e-04,-1.368254e-01,3.914284e-02,5.322727e+00
497,4.171199e-17,-1.210774e-05,-9.817732e-06,5.073662e-04,-4.866851e-01,1.529832e-01,3.809074e+00
498,1.505732e-17,-2.460914e-05,-1.015596e-05,5.101550e-04,-9.198434e-01,1.211910e+00,6.758999e+00
499,1.480166e-16,-2.489933e-05,-1.032897e-05,5.104745e-04,-1.421347e-01,6.590776e-01,7.217939e+00
500,1.880165e-17,-6.407152e-06,-4.109263e-05,5.134904e-04,-5.112332e-01,6.717848e-01,4.335323e+00
501,1.540909e-16,-4.169543e-06,-5.098273e-05,5.025749e-04,3.732036e-01,-7.695316e-01,6.712148e+00
502,5.141038e-18,-1.249791e-05,-4.218789e-05,5.001672e-04,-2.724020e-01,-8.877972e-01,4.004788e+00
503,8.788932e-17,-2.281132e-07,-4.368217e-05,4.993879e-04,-3.342288e-01,8.607442e-02,2.586528e+00
504,4.439177e-17,-7.516891e-07,-2.639036e-05,5.136958e-04,-1.075334e+00,8.432901e-01,4.438384e+00
505,8.844759e-17,-6.410980e-06,-4.103810e-05,5.136503e-04,-4.987999e-01,6.188223e-01,4.196312e+00
506,6.248179e-18,-1.965226e-05,-4.192492e-05,5.041876e-04,5.898053e-01,-2.143345e+00,4.208011e+00
507,5.191830e-18,-1.250343e-05,-4.287108e-05,5.239779e-04,-3.409353e-01,-1.093717e+00,5.952339e+00
508,3.984354e-17,-1.513091e-05,-2.840283e-05,5.132196e-04,6.194774e-01,-6.855844e-01,4.832864e+00
509,3.000110e-17,-1.714659e-05,-4.918366e-05,5.037372e-04,-2.232744e-01,1.735475e+00,6.683942e+00
510,4.300287e-18,-1.249667e-05,-4.234641e-05,5.075309e-04,-7.127845e-01,8.434145e-02,4.626844e+00
511,4.881961e-18,-5.467392e-06,-3.592334e-05,5.006182e-04,1.838943e-02,-6.087962e-01,-1.705276e+00
512,2.470419e-18,-1.562667e-05,-2.969020e-05,5.205630e-04,-1.309792e-01,3.700396e-02,5.590171e+00
513,1.676122e-17,1.535223e-06,-1.908092e-05,5.228875e-04,-4.566717e-01,2.427199e-01,2.206137e+01
514,6.816232e-17,-2.694457e-05,1.344797e-06,5.115792e-04,1.285211e-01,-1.281666e-02,9.099402e+00
515,2.302069e-17,-5.532967e-06,-1.648684e-05,5.082181e-04,5.058414e-01,-2.833022e-01,9.435426e+00
516,1.200138e-17,1.536190e-06,-1.254937e-05,5.110368e-04,4.898384e-01,-3.821121e-02,9.631994e+00
517,2.833301e-17,-1.235638e-05,-3.944573e-06,5.058658e-04,7.632047e-02,2.747103e-01,1.420460e+01
518,2.359017e-17,-8.702118e-06,-1.121050e-05,5.190283e-04,6.700257e-01,9.770928e-01,5.548480e+00
519,1.622250e-17,-2.508956e-05,-7.357269e-06,5.185923e-04,-4.497895e-02,-3.543569e-01,8.814634e+00
520,3.417224e-17,-1.738193e-05,1.727963e-06,5.227115e-04,2.654017e-01,2.638457e-01,4.840688e+00
521,2.607360e-19,-1.289351e-05,-2.070545e-05,5.147795e-04,-5.761864e-01,-1.200874e+00,2.802695e+00
522,2.111968e-17,-1.542950e-05,-1.492218e-05,5.230446e-04,9.997439e-01,-4.032352e-01,3.228972e+00
523,1.045707e-17,-6.283133e-06,-1.913718e-05,5.231096e-04,-7.035241e-02,-1.993847e+00,1.299159e+00
524,2.086838e-17,2.880954e-05,-1.244664e-05,5.006013e-04,3.912154e+00,4.198363e+00,2.859835e+01
525,2.743471e-17,3.339614e-05,6.031104e-07,4.984880e-04,-8.979225e-02,-2.203313e+00,5.807624e+00
526,8.382923e-18,3.910784e-05,1.327156e-05,4.879560e-04,-3.989762e-01,5.339310e-02,6.268314e+00
527,2.354223e-17,2.905945e-05,-1.479487e-05,4.883438e-04,-9.017486e-01,3.392732e-01,8.815084e+00
528,1.496129e-17,2.399209e-05,4.080490e-06,4.893596e-04,-4.667935e+00,6.552736e-02,1.958850e+01
529,7.734142e-17,3.687907e-05,-2.631438e-06,4.952288e-04,-6.887189e-01,1.323535e+00,5.099090e+00
530,1.555850e-17,4.057842e-05,9.134480e-06,5.003740e-04,-4.140908e+00,-1.804211e-01,1.704919e+01
531,2.588842e-17,2.390961e-05,-1.719300e-05,4.970466e-04,9.055948e-01,-1.536871e+00,1.440801e+01
532,6.719626e-18,2.653619e-05,-1.190539e-05,4.949987e-04,-4.855010e-01,4.361094e+00,2.749944e+01
533,1.640586e-17,4.685157e-05,-1.961829e-05,4.888391e-04,8.296021e-01,-1.471022e+00,1.871954e+01
534,8.021714e-18,4.530578e-05,1.564419e-06,4.868398e-04,4.308111e-01,2.434611e-01,3.357183e+00
535,2.532627e-18,3.359481e-05,3.901844e-06,4.919951e-04,-1.526048e-02,-3.764206e-02,4.214284e+00
536,3.560341e-18,3.905785e-05,1.328281e-05,4.794340e-04,-2.351719e-01,2.476969e-01,2.803431e+00
537,1.693327e-17,4.689209e-05,9.359496e-06,4.832808e-04,-1.614303e-01,-2.379222e-01,7.672924e+00
538,5.638785e-18,2.656470e-05,-1.164222e-07,4.977838e-04,-2.528312e-01,5.529066e-01,8.571875e-01
539,2.014226e-17,3.144520e-05,5.663719e-06,4.825247e-04,4.624294e-01,-1.436793e+00,6.862545e-01
540,7.969915e-18,3.444119e-05,9.883582e-06,4.906394e-04,2.489908e-01,-4.139778e-01,1.557935e+00
541,7.029867e-19,4.570304e-05,9.290597e-06,4.884195e-04,2.155776e+00,1.003592e-01,6.038583e+00
542,1.183670e-18,3.360287e-05,2.366746e-06,4.774975e-04,1.913818e-01,-1.741045e-01,-3.318459e-01
543,3.536308e-18,2.557953e-05,4.700574e-06,4.831337e-04,-3.314085e+00,-4.690716e-02,1.363269e+01
544,2.556005e-17,4.123849e-05,2.407253e-05,4.856500e-04,-6.392754e-02,1.796054e-02,-1.368285e+00
545,1.575344e-18,4.274583e-05,9.193533e-06,4.960515e-04,-2.295027e+00,-1.239465e-01,1.544811e+01
546,9.014781e-18,2.688721e-05,5.223001e-06,4.763540e-04,8.610639e-01,-9.631324e-01,6.922586e+00
547,1.110812e-18,4.467620e-05,9.233017e-06,4.915414e-04,-1.237212e+00,8.444651e-01,1.112244e+01
548,8.124248e-19,3.425538e-05,1.188306e-05,4.930994e-04,-2.193091e-01,-8.045369e-01,-2.695365e+00
549,1.264362e-17,2.910257e-05,2.425527e-05,4.990521e-04,-8.063445e-03,-8.087705e-03,-1.819964e+00
550,1.234500e-18,4.218583e-05,3.123480e-06,4.977765e-04,-2.490066e-02,4.479369e-02,-4.274204e-01
551,1.840890e-18,2.896926e-05,-1.399244e-05,4.802756e-04,4.868117e-01,-2.076065e-01,3.910655e+00
552,2.746904e-17,3.756448e-05,-9.549807e-06,4.904002e-04,2.733357e-01,1.838662e+00,3.834341e+00
553,1.178062e-18,4.685778e-05,-8.986037e-06,4.825643e-04,2.240321e-01,1.766937e+00,8.235489e+00
554,4.579409e-17,4.597285e-05,-2.392487e-05,4.805797e-04,-5.296164e-02,2.993311e-02,-1.070651e+00
555,2.529576e-18,4.297284e-05,-3.905529e-06,4.981992e-04,9.123495e-02,1.461359e-01,1.339947e+00
556,1.318266e-17,3.424438e-05,-1.972543e-05,4.799720e-04,-1.169428e+00,2.327317e-02,1.682229e+00
557,9.268395e-17,3.468282e-05,-3.137299e-06,5.045189e-04,-6.261440e-01,4.431756e-01,5.481233e+00
558,1.336434e-18,4.687784e-05,-8.203213e-06,4.810611e-04,-2.534856e-01,2.049719e+00,7.090629e+00
559,7.060892e-18,4.610235e-05,-1.249513e-05,5.028258e-04,5.688132e-01,7.718436e-01,2.006633e+01
560,2.454030e-18,4.687490e-05,-6.640558e-06,4.766958e-04,2.868495e-01,4.155380e+00,1.558385e+00
561,1.004187e-17,4.684047e-05,-1.125296e-05,4.867491e-04,-6.734976e-03,-4.061524e-01,1.009108e+01
562,1.303685e-17,4.652272e-05,-1.240536e-05,4.946709e-04,2.134299e-01,-3.129468e-01,1.430861e+01
563,2.575816e-19,2.461154e-05,-1.601830e-05,4.930901e-04,1.717550e+00,1.508633e+00,1.396371e+01
564,5.350097e-17,4.378448e-05,-2.384854e-05,4.907332e-04,-1.040187e-01,-2.199766e-03,-1.111259e+00
565,1.141735e-17,3.441365e-05,1.483368e-05,4.740165e-04,3.609077e+00,-1.372908e-01,-2.421561e+00
566,5.645613e-19,2.773430e-05,5.859333e-06,4.716341e-04,9.211085e-01,-1.238687e+00,8.790751e-01
567,1.467953e-18,4.694536e-05,9.112800e-06,4.748692e-04,2.234906e-01,2.741910e-01,9.580905e-01
568,9.596085e-19,4.697871e-05,8.983386e-06,4.707290e-04,-9.010984e-01,-6.551059e-01,-6.327176e+00
569,1.024235e-17,4.304422e-05,-2.026184e-05,4.672368e-04,3.909527e-01,-5.927426e-01,-1.342379e+01
570,1.065946e-18,3.673037e-05,-1.017024e-05,4.657846e-04,3.048923e-01,-5.813541e-01,-7.956735e+00
571,1.151534e-15,5.731612e-05,1.398561e-05,4.395989e-04,2.650183e-01,6.921014e-02,-6.690218e+00
572,1.368219e-16,5.717277e-05,1.345114e-05,4.396027e-04,5.165004e-01,9.706094e-03,-7.516610e+00
573,6.617457e-17,-7.636381e-06,-1.716147e-04,4.536764e-04,-2.232185e-01,4.859682e-01,-6.881974e+00
574,9.744766e-17,-1.731289e-05,8.815457e-06,4.856772e-04,2.257749e-01,-1.323101e+00,1.118023e+01
575,7.624107e-18,-7.035072e-06,2.421867e-05,4.950411e-04,-6.853044e-02,-5.608996e-01,4.296901e+00
576,8.270957e-17,-6.863109e-06,2.428347e-05,4.952972e-04,-1.226061e-01,-4.555065e-01,4.175266e+00
577,3.795592e-18,-1.084173e-05,9.396638e-06,4.988708e-04,-9.386572e-01,6.043900e+00,2.128946e+01
578,2.145293e-18,-1.580612e-05,1.093333e-05,4.975095e-04,-4.521743e-01,6.344302e-01,1.660257e+01
579,1.345091e-17,-1.263947e-05,6.725535e-06,4.921960e-04,-3.858095e-01,2.687193e+00,1.214234e+01
580,2.478568e-17,-1.309762e-05,4.075673e-06,4.838892e-04,-2.233530e-01,-2.397597e-01,1.163119e+01
581,1.906142e-17,-1.189486e-05,2.507253e-05,4.862076e-04,1.226223e+00,2.021968e+00,2.522522e+00
582,2.095946e-17,1.331038e-07,2.345359e-05,4.938931e-04,2.092138e-01,5.136149e-01,1.783073e+00
583,1.314880e-17,-1.499603e-05,8.283443e-06,4.758121e-04,-1.901619e+00,-4.359885e+00,4.662604e+00
584,3.278852e-18,-7.805962e-06,1.875306e-05,4.950555e-04,1.377526e-01,4.095327e-02,8.236980e-01
585,1.202429e-17,-6.084103e-06,1.638296e-05,4.830397e-04,4.253168e-01,-7.825520e-01,1.092717e+00
586,1.600039e-18,-6.242679e-06,2.577919e-05,4.837298e-04,6.647963e-01,7.097523e-02,-1.524616e+00
587,1.549733e-18,-2.266077e-05,1.718939e-05,4.876301e-04,-6.841252e-01,1.326608e-01,-1.759654e+00
588,5.081808e-18,-1.133472e-05,7.809376e-06,5.004969e-04,1.596675e+00,-7.340792e-02,4.295384e+00
589,6.482660e-18,-2.184955e-05,1.084576e-05,5.023292e-04,-4.872105e-01,-1.405371e+00,1.357375e+01
590,4.106405e-17,-8.186396e-06,1.130209e-05,5.039035e-04,2.573325e+00,6.021910e+00,2.109314e+01
591,4.640051e-17,-1.722636e-05,7.338768e-06,5.032619e-04,-6.377412e-01,-2.642480e+00,1.965696e+01
592,5.914278e-18,-7.001379e-06,9.457064e-06,4.954914e-04,1.671597e+00,2.014493e-01,7.224895e+00
593,2.568008e-19,-1.132824e-05,8.983687e-06,4.954246e-04,-3.609365e+00,3.969177e+00,1.730857e+01
594,2.693608e-19,-1.601731e-05,1.132893e-05,4.946475e-04,-1.691234e-01,-9.394635e-01,1.247799e+01
595,2.216634e-17,-3.562694e-06,1.095848e-05,4.872413e-04,3.654725e-01,4.812054e-01,3.197407e-01
596,1.211271e-18,-1.305696e-05,3.326735e-06,4.784562e-04,1.038064e+00,1.814765e+00,7.496596e+00
597,4.020934e-18,-1.328315e-05,3.130828e-06,4.757063e-04,-6.120894e-03,-1.042446e+00,4.698316e+00
598,1.294315e-18,-5.467185e-06,1.951050e-05,4.993234e-04,3.875365e-01,1.403988e-02,-1.591806e+00
599,3.264142e-18,2.104163e-09,8.609954e-06,4.771124e-04,-2.032529e-01,-6.415280e-01,-7.711466e-01
600,1.437073e-17,-1.409251e-05,2.090629e-05,4.738273e-04,1.032681e+00,-6.435097e-01,1.691665e+00
601,8.555582e-19,-1.445343e-05,2.148442e-05,4.696252e-04,1.287298e+00,9.997562e-01,-2.076512e+00
602,2.498103e-19,-1.835998e-05,1.132737e-05,4.743640e-04,1.102460e+00,-3.963119e-01,1.468381e+00
603,1.457384e-18,-1.812434e-04,7.820050e-06,4.751482e-04,-3.161530e+00,-4.698622e-01,1.972032e+00
604,2.835276e-18,-1.968814e-04,1.327724e-05,4.739082e-04,-5.973193e-01,-5.390468e-01,1.123274e+00
605,4.003033e-18,-1.981393e-04,7.885042e-06,4.787005e-04,1.917326e-01,1.188230e+00,2.933214e+00
606,1.325396e-18,-1.858597e-04,1.952799e-06,4.734951e-04,-3.576167e-01,2.175283e+00,-3.821424e+00
607,5.636252e-19,-1.847656e-04,1.953083e-06,4.716138e-04,2.004720e+00,-1.954201e+00,-6.981689e+00
608,1.783012e-17,-1.765390e-04,1.411350e-05,4.753564e-04,3.290859e-01,-6.729491e-01,-1.529985e+00
609,9.911475e-17,-1.868293e-04,2.139549e-07,4.799729e-04,6.833651e-01,1.869193e-02,-9.000700e-01
610,1.384176e-17,-1.771578e-04,2.427172e-05,4.778546e-04,-1.909853e-02,-2.886966e-02,-1.766729e+00
611,3.727417e-19,-1.496074e-04,1.601626e-05,4.735869e-04,7.887824e-01,-1.604746e+00,-5.250814e+00
612,1.336344e-18,-2.258738e-04,-5.688037e-06,4.732993e-04,2.049527e-02,1.773293e+00,-7.494141e-02
613,2.207832e-18,-2.018894e-04,-3.902370e-06,4.743769e-04,-4.121410e-01,9.530603e-01,-8.050578e-01
614,2.756337e-17,-2.102787e-04,-4.571838e-07,4.764405e-04,-9.993488e-02,-2.556921e-01,-8.521082e-01
615,2.387847e-18,-2.162531e-04,-8.654709e-06,4.750459e-04,-9.413596e-01,-5.883089e-01,-7.642264e-01
616,9.395897e-19,1.246094e-04,9.549609e-07,4.714676e-04,1.010343e+00,1.404351e+00,-1.081894e+01
617,5.078873e-17,1.110258e-04,1.057161e-05,4.780597e-04,4.046597e-01,4.265193e-01,-7.617777e-01
618,5.770033e-19,1.214845e-04,7.421908e-06,4.763000e-04,-1.635406e+00,-3.247710e+00,-4.331989e+00
619,1.801852e-18,1.197030e-04,1.861212e-05,4.755196e-04,-1.332225e+00,-1.923332e-01,-1.019296e+00
620,1.428150e-18,1.343695e-04,-7.678229e-07,4.743791e-04,5.743470e-01,-4.289135e-02,-3.598362e+00
621,7.660787e-17,3.063285e-05,1.300199e-05,5.115895e-04,-1.200105e+00,-6.714803e-01,5.359601e+00
622,3.275345e-17,4.206818e-05,1.564163e-05,5.140935e-04,9.117825e-01,1.207700e+00,1.772008e+01
623,6.576950e-17,3.533134e-05,1.176058e-05,5.256019e-04,-4.975207e-01,1.523814e-01,7.226912e+00
624,5.154085e-18,4.061317e-05,1.329994e-05,5.055764e-04,-1.972886e-01,-5.358935e-02,1.578660e+01
625,1.982887e-18,3.202960e-05,8.766218e-06,5.103882e-04,-2.806172e-01,6.497352e-01,3.947621e+00
626,2.868137e-18,2.576409e-05,1.935551e-05,5.162579e-04,-1.231528e-01,-7.542948e-01,2.438006e+00
627,4.557281e-18,2.548027e-05,8.617606e-06,5.056955e-04,-1.043439e+00,2.598868e-01,3.156547e+00
628,1.241758e-18,3.202096e-05,8.581151e-06,5.201824e-04,-3.243786e-01,-3.350700e-02,2.900657e+00
629,1.530503e-17,4.182271e-05,3.223209e-07,5.100937e-04,-2.593083e-01,1.201825e+00,2.695452e+00
630,9.213363e-18,4.362738e-05,8.591347e-06,5.156519e-04,5.001582e-01,4.865520e-01,6.250220e+00
631,3.455634e-18,3.593982e-05,9.380469e-06,5.082542e-04,1.949610e-01,1.013209e-01,3.894047e+00
632,3.069482e-18,4.999785e-05,1.718545e-05,5.160251e-04,-1.494326e-02,1.473665e-01,2.017267e+00
633,2.594274e-18,3.827548e-05,3.904789e-06,5.251630e-04,-1.829904e-02,1.614277e-02,1.597096e+00
634,9.817967e-17,2.860927e-05,-1.127773e-05,5.463585e-04,-4.439349e-01,4.136333e-01,4.277993e+00
635,1.400377e-16,4.433139e-05,-1.001845e-05,5.454241e-04,-1.335854e+00,-9.176695e-01,2.008177e+01
636,4.366954e-18,4.061451e-05,-1.094464e-05,5.331838e-04,-1.792932e-01,1.626637e-01,1.277017e+01
637,4.722047e-17,2.702671e-05,-4.377383e-06,5.244910e-04,-1.374296e-01,-8.790424e-01,4.689077e+00
638,1.569567e-18,3.370433e-05,-1.796647e-05,5.473170e-04,-4.582338e-02,-3.330388e-02,2.568413e+00
639,4.929981e-17,4.993068e-05,8.105000e-06,5.405243e-04,-1.836854e+00,3.199562e+00,1.409380e+01
640,6.801046e-17,4.234919e-05,2.214264e-05,5.398589e-04,-2.599878e-01,1.589562e+00,1.058510e+01
641,2.000360e-17,3.027680e-05,1.504160e-05,5.349986e-04,-3.762398e-01,6.780127e-01,7.984050e+00
642,2.455436e-17,2.288077e-05,1.676892e-05,5.326589e-04,8.698391e-02,-4.455839e-01,7.977694e+00
643,1.719365e-17,4.090886e-05,8.997079e-06,5.381473e-04,5.946802e-01,-9.660861e-01,4.604323e+00
644,1.497330e-17,3.926985e-05,1.497467e-05,5.427565e-04,9.431478e-01,7.574141e-01,8.608882e+00
645,5.389802e-18,4.073039e-05,1.640309e-05,5.481794e-04,1.759941e-01,-4.092300e-02,5.806048e+00
646,1.769670e-18,4.416590e-05,3.156320e-06,5.496506e-04,4.840596e-01,-1.953576e+00,1.905482e+01
647,4.919281e-18,2.890687e-05,1.875286e-05,5.415128e-04,3.026533e-02,-4.048192e-02,5.387038e+00
648,2.647410e-18,5.000002e-05,1.797286e-05,5.379995e-04,-8.003832e-03,1.452572e-01,1.628210e+00
649,1.073023e-18,5.000145e-05,1.796369e-05,5.331700e-04,3.276949e-02,9.866688e-02,1.953876e+00
650,2.973173e-17,4.208227e-05,-1.436540e-05,5.190146e-04,-2.990535e+00,-1.923276e-01,3.001334e+01
651,1.595517e-18,4.609475e-05,-1.327293e-05,5.078523e-04,7.432168e-01,6.953292e-01,2.098444e+01
652,4.281512e-17,3.756149e-05,-1.517487e-05,5.241341e-04,1.350065e+00,-6.736787e-01,8.663472e+00
653,3.605833e-18,3.906373e-05,-1.093804e-05,5.190593e-04,-3.817638e-01,9.911880e-02,9.464508e+00
654,4.467957e-18,3.672106e-05,-7.813738e-06,5.116442e-04,1.024139e-01,-4.261565e-01,-2.402408e-02
655,1.300871e-18,2.734910e-05,-1.329070e-05,5.116943e-04,3.277005e-01,-4.412753e-01,3.755015e+00
656,1.127462e-18,3.672309e-05,-2.347738e-06,5.170993e-04,-1.590594e-02,3.507397e-02,1.035591e+00
657,1.403963e-18,3.280960e-05,-6.249050e-06,5.109289e-04,-4.026100e-04,-7.295995e-02,-2.344636e-01
658,2.951692e-18,2.810893e-05,-1.325008e-05,5.175485e-04,4.641437e-02,-1.174959e+00,3.748750e+00
659,2.915476e-18,3.984558e-05,-1.953888e-05,5.182581e-04,1.713694e-02,-2.322615e-01,6.399973e-01
660,2.437178e-16,5.457447e-05,-5.031204e-06,5.455740e-04,-8.369609e-01,7.553798e-01,1.793525e+01
661,5.674908e-17,5.435442e-05,3.140841e-06,5.077435e-04,1.532559e+00,5.576053e-02,9.404672e+00
662,7.378955e-18,6.406473e-05,2.348114e-06,5.327497e-04,2.847950e+00,1.381043e-01,1.461776e+01
663,5.618035e-17,6.400123e-05,2.463349e-06,5.327385e-04,2.777352e+00,1.024138e-01,1.441846e+01
664,3.114826e-17,6.813573e-05,1.778587e-05,5.001928e-04,-4.066783e-02,-1.884784e-01,1.183327e+01
665,4.798447e-18,5.937361e-05,-1.718614e-05,5.361205e-04,1.444881e-02,1.874920e-01,4.226787e+00
666,2.295796e-18,7.187697e-05,-1.250227e-05,5.343178e-04,2.448895e-02,-4.763268e-02,7.524066e+00
667,2.761492e-18,6.249757e-05,-1.405910e-05,5.395226e-04,9.866286e-03,-1.015933e-02,3.184903e+00
668,3.300782e-18,5.937332e-05,-1.718900e-05,5.297888e-04,4.516588e-03,-6.775201e-02,4.532113e+00
669,7.188446e-18,6.532146e-05,8.489187e-06,5.402828e-04,3.244655e+00,6.849882e-01,1.407776e+01
670,7.736226e-17,5.566244e-05,1.764824e-05,5.245383e-04,-3.050949e-01,-1.690704e-01,5.652634e+00
671,2.316120e-17,7.225227e-05,8.680952e-06,5.459495e-04,2.566866e-01,-5.279582e-01,4.656745e+00
672,4.885679e-18,7.187406e-05,1.484976e-05,5.422968e-04,-5.418997e-02,-5.413526e-01,5.465841e+00
673,4.258899e-18,7.091836e-05,1.345290e-05,5.497618e-04,4.681229e+00,9.242165e-01,2.050142e+01
674,4.893878e-18,5.702996e-05,7.812353e-06,5.489507e-04,2.288370e-02,-1.959122e-02,7.859100e+00
675,3.034514e-18,6.875202e-05,1.719203e-05,5.357894e-04,5.580160e-02,5.914465e-02,3.780571e+00
676,1.949938e-17,6.186795e-05,1.243355e-05,5.225974e-04,2.598326e+00,9.179850e-01,1.066182e+01
677,7.127937e-18,7.186303e-05,7.079122e-06,5.131892e-04,6.302200e-02,-1.056162e+00,7.254922e+00
678,5.667090e-18,7.187074e-05,1.311529e-05,5.032386e-04,-1.806478e-01,-1.148849e+00,5.376732e-01
679,1.560452e-18,7.187193e-05,1.479434e-05,5.070826e-04,6.197143e-02,-2.081677e-01,6.174670e-01
680,1.360609e-18,6.795991e-05,8.591837e-06,5.032256e-04,3.900571e-03,-1.467397e-01,-1.090120e+00
681,4.517424e-18,1.671436e-06,-1.496862e-05,4.721567e-04,-6.079015e-01,3.651394e+00,-6.449455e+00
682,1.798936e-18,3.826232e-06,-8.584512e-07,4.711338e-04,-9.324762e-01,-1.316859e-01,-3.843923e+00
683,3.442135e-18,1.497920e-06,-1.703906e-05,4.772379e-04,5.062812e-01,8.548900e-01,-1.910802e+00
684,3.642750e-19,3.515282e-06,-1.523454e-05,4.704693e-04,1.964125e+00,3.038257e+00,-6.800302e+00
685,6.608288e-19,2.070479e-05,-1.601563e-05,4.716386e-04,4.609914e-01,-2.479163e-01,-2.009870e+00
686,2.385118e-19,4.296700e-06,-1.523469e-05,4.696889e-04,3.893067e+00,2.588397e+00,-8.640854e+00
687,5.830487e-17,5.367219e-06,-2.660304e-05,5.168687e-04,-1.633354e+00,6.127755e-02,1.260639e+01
688,1.374914e-17,1.801981e-05,-2.352193e-05,5.066398e-04,-7.434126e-01,1.164141e+00,8.949353e+00
689,1.117134e-17,1.237249e-05,-2.067102e-05,5.095220e-04,-2.630449e-01,3.578178e+00,5.644640e+00
690,1.729350e-18,2.347561e-06,-2.032126e-05,5.124396e-04,6.663708e-01,-4.059392e-01,1.708912e+01
691,5.042458e-17,1.339596e-05,-1.568323e-05,5.082151e-04,9.232319e-01,1.027182e+00,2.669905e+00
692,3.199874e-17,4.497933e-06,1.891557e-06,5.145814e-04,-6.219837e-01,-6.329202e-01,2.069459e+00
693,1.058795e-16,8.586719e-06,-4.022738e-06,5.113349e-04,-6.105915e-01,3.070412e-01,5.444802e+00
694,2.959382e-18,1.953433e-05,-1.718548e-05,5.058891e-04,2.262907e-01,-1.035447e-01,4.866263e+00
695,1.372876e-18,2.341474e-06,-2.030037e-05,5.016524e-04,-1.292695e-01,-1.838062e-03,7.173266e+00
696,5.137235e-17,9.980999e-06,-1.778186e-05,5.226310e-04,1.473361e-01,4.243975e-01,4.078705e+00
697,3.773276e-18,2.102020e-05,-1.249207e-05,5.149489e-04,-8.248845e-01,-1.029073e+00,3.490959e+00
698,9.944339e-18,4.228632e-06,-1.001800e-05,5.123796e-04,-1.829955e+00,-8.833911e-02,6.487118e+00
699,5.073574e-18,7.023649e-06,-2.499580e-05,5.063506e-04,-2.619252e-02,-9.271398e-02,1.004674e+01
700,5.363281e-18,7.811725e-06,-1.406295e-05,5.139865e-04,-3.194783e-03,-2.885832e-02,7.819752e+00
701,3.026020e-18,1.952351e-05,-1.717752e-05,5.190495e-04,3.715451e-01,-3.707286e-01,6.805749e+00
702,2.283112e-17,9.896540e-06,5.209116e-07,4.952841e-04,-1.434126e+00,-3.062333e-01,7.129328e+00
703,1.267954e-16,1.015348e-05,7.433274e-07,4.953600e-04,-1.517865e+00,-2.272105e-01,7.231927e+00
704,5.295835e-17,7.867636e-06,-2.363303e-05,4.874610e-04,-1.831934e+00,-1.219129e-01,5.109125e+00
705,6.393079e-17,1.239195e-05,-1.401295e-05,4.977278e-04,4.588416e-01,1.068470e+00,4.518064e+00
706,7.071296e-18,3.154060e-06,1.484497e-06,4.839614e-04,3.973319e-01,2.469610e-01,-1.469002e+00
707,4.453215e-17,3.390669e-06,-2.047809e-05,4.938146e-04,2.245950e+00,8.243537e-01,7.870343e+00
708,8.459017e-18,6.850496e-06,-2.498530e-05,4.982317e-04,-3.636518e-01,-1.238744e-01,8.097445e+00
709,4.515188e-18,1.955745e-05,-1.716423e-05,4.882431e-04,-4.372771e-02,-2.137033e-01,2.343769e+00
710,4.142622e-18,1.953005e-05,-1.718799e-05,4.961984e-04,5.271788e-02,1.085814e-01,1.642265e+00
711,3.033997e-18,1.326543e-05,-1.015225e-05,4.872471e-04,-5.511016e-01,-4.988079e-01,1.466720e+00
712,8.728468e-18,2.363796e-06,-1.254203e-05,4.935404e-04,-2.132227e-01,1.926024e-01,4.873807e+00
713,7.039238e-18,2.007469e-05,-6.266668e-06,4.843737e-04,-2.424104e+00,2.276670e-01,7.063308e-01
714,6.097444e-19,1.172342e-06,-2.023891e-05,4.907469e-04,5.916366e-01,-2.970608e-01,1.036242e+01
715,3.700696e-18,1.555188e-06,-1.881217e-05,4.808713e-04,8.247502e-02,6.562827e-01,-1.768609e+00
716,3.369474e-18,1.318727e-05,-1.331188e-05,4.786887e-04,5.399829e-01,-6.437283e-01,4.202468e-01
717,4.215102e-17,2.178770e-06,-1.021059e-04,4.919932e-04,-1.435163e+00,-7.503974e-01,1.163195e+01
718,1.929794e-17,-8.688824e-06,-1.012413e-04,4.942645e-04,-1.976386e+00,4.048462e-01,1.282054e+01
719,3.691494e-18,-6.244790e-06,-1.000069e-04,4.841247e-04,1.494191e+00,4.846225e-02,6.201144e+00
720,5.846311e-17,1.168644e-05,-9.971974e-05,4.921726e-04,-1.566418e+00,-5.491587e-01,4.331448e+00
721,3.493758e-17,1.342826e-05,-9.767906e-05,4.965776e-04,2.090029e-01,2.820423e-01,1.803377e+00
722,2.298380e-18,-6.302432e-06,-1.000685e-04,4.810744e-04,7.868039e-01,4.674268e-01,5.230736e+00
723,2.287080e-17,-1.536455e-05,-1.171885e-04,4.994778e-04,1.898640e+00,1.257017e+00,3.939481e+00
724,2.585382e-16,-1.163632e-05,-1.146470e-04,5.024698e-04,-5.651958e-01,6.710873e-01,5.977695e+00
725,1.817388e-18,7.929021e-06,-1.256237e-04,4.997208e-04,2.515316e-01,-3.102775e-02,3.541347e+00
726,2.976386e-17,9.800202e-06,-1.051563e-04,4.926511e-04,-2.218300e+00,1.523081e+00,1.172499e+01
727,5.819071e-17,-7.687136e-06,-1.190482e-04,4.983130e-04,2.983826e+00,7.964269e-01,1.562285e+01
728,2.358265e-18,-9.100988e-06,-1.218255e-04,4.921291e-04,-2.779891e-01,-8.619608e-01,1.290221e+01
729,7.447482e-18,-1.028292e-05,-1.242239e-04,4.853551e-04,-6.094089e-01,-1.620274e+00,9.331962e+00
730,3.044067e-18,7.811978e-06,-1.257897e-04,4.841461e-04,7.095380e-02,-1.985103e-01,-9.615748e-02
731,1.191892e-18,4.296986e-06,-1.117163e-04,4.903811e-04,-1.116690e+00,1.013266e+00,5.233516e+00
732,2.981652e-18,-7.831178e-07,-1.148440e-04,4.887639e-04,-1.516160e-01,5.878483e-02,5.019772e+00
733,2.568027e-17,3.226531e-06,-1.200149e-04,4.974979e-04,1.527007e+00,-1.701585e+00,6.481188e+00
734,2.535040e-17,6.980596e-06,-1.071434e-04,4.805435e-04,2.485053e-01,-4.741604e-01,2.383452e+00
735,4.871483e-18,6.055454e-06,-1.117099e-04,4.838554e-04,6.097660e-01,-3.434705e-01,3.096088e+00
736,3.264513e-18,1.094582e-05,-1.211199e-04,4.841076e-04,3.302454e-01,-1.053584e+00,1.873371e+00
737,2.935298e-17,2.402635e-05,-1.213803e-04,4.988878e-04,-1.419221e-02,-4.577036e-02,-1.382887e+00
738,9.830581e-18,1.177936e-05,-1.076964e-04,4.835101e-04,5.175087e-01,-3.949291e-01,7.198894e+00
739,3.333461e-18,6.974828e-07,-1.235029e-04,4.977557e-04,-2.558445e-01,-1.780430e-01,-8.537371e-01
740,2.382156e-19,-1.523562e-05,-1.042973e-04,4.876391e-04,2.769799e-01,-3.198509e-01,-3.291538e+00
741,1.240678e-18,-7.781365e-07,-1.148456e-04,4.962170e-04,2.490262e-01,-1.978302e-01,6.319413e+00
742,1.036849e-18,2.485884e-06,-1.019525e-04,4.878562e-04,-1.566628e+00,2.243614e-01,1.151254e+01
743,7.683262e-18,1.715151e-05,-1.258548e-04,4.971584e-04,1.582040e-01,1.581185e+00,-3.253171e-01
744,3.312090e-18,7.789471e-07,-1.117302e-04,5.020960e-04,-4.194222e+00,-8.171968e-01,1.189061e+01
745,1.178250e-16,1.064844e-05,-1.054813e-04,5.041265e-04,-2.122139e-01,-7.475371e-01,2.049773e+00
746,1.144610e-17,-2.421844e-05,-1.200512e-04,4.922174e-04,1.144833e-02,-2.560449e-02,-1.408087e+00
747,1.119635e-18,-9.765870e-06,-1.178067e-04,4.944046e-04,2.289763e+00,3.845401e-02,1.879243e+01
748,6.569842e-19,-8.203487e-06,-1.179876e-04,4.853064e-04,2.169611e+00,6.340747e-01,2.029896e+00
749,5.374595e-17,-2.370598e-05,-1.195786e-04,4.928310e-04,5.097531e-02,6.568567e-03,-1.066144e+00
750,4.551630e-19,1.054830e-05,-1.066403e-04,4.876406e-04,7.338691e-01,-4.851214e-01,7.969018e+00
751,3.393443e-18,1.793672e-05,-1.117122e-04,4.973739e-04,-3.938633e-01,1.654325e+00,3.467646e-01
752,2.780138e-18,1.172268e-05,-1.078399e-04,4.763199e-04,9.489362e-01,9.271427e-02,1.398104e+00
753,3.817084e-18,2.460944e-05,-1.117069e-04,4.893511e-04,2.248782e-02,2.220974e-02,-2.993848e+00
754,8.335016e-19,1.171651e-06,-1.019531e-04,4.716374e-04,1.921683e-01,-1.904999e-01,-5.360456e+00
755,2.297083e-18,1.324917e-05,1.255840e-04,4.750356e-04,-5.514464e-01,2.297074e+00,3.646584e+00
756,5.679339e-19,-7.024250e-06,1.300774e-04,4.728112e-04,2.885538e-01,1.917876e-01,-6.723094e+00
757,1.255287e-18,-8.984193e-06,1.398605e-04,4.731567e-04,2.529489e+00,-1.429424e-01,-6.786575e+00
758,1.675869e-18,-1.957400e-05,1.373983e-04,4.744646e-04,-6.429726e-01,8.524483e-01,-1.297460e+00
759,5.346558e-19,-9.764943e-06,1.398498e-04,4.743715e-04,1.376071e+00,1.376527e-01,-5.460843e+00
760,2.560518e-19,9.765709e-06,1.285155e-04,4.743707e-04,1.131893e-01,1.701804e-01,-3.380632e+00
761,1.159521e-18,-4.296955e-06,1.548129e-04,4.710600e-04,-1.244739e+00,-3.074557e+00,-9.674668e+00
762,3.033843e-19,5.858637e-06,1.699222e-04,4.735932e-04,-2.481470e+00,6.427617e-01,-3.169085e+00
763,3.391605e-17,-2.175937e-04,1.009842e-07,5.281592e-04,4.259895e+00,-2.918091e+00,1.576950e+01
764,2.428029e-16,-2.173015e-04,-8.306008e-06,5.330152e-04,3.586273e-01,-7.082155e-02,1.092443e+01
765,7.749953e-18,-2.085820e-04,-9.218274e-06,5.268499e-04,-2.701015e-02,-9.804897e-02,7.203621e+00
766,1.475996e-17,-2.015608e-04,-2.341927e-06,5.469991e-04,2.931712e+00,-7.911231e-01,7.186189e+00
767,6.936112e-17,-2.044404e-04,-1.088670e-05,5.459306e-04,-4.106212e-01,1.036292e+00,9.367881e+00
768,8.834423e-17,-2.012500e-04,-2.501163e-06,5.471429e-04,2.888967e+00,-8.194212e-01,7.179564e+00
769,7.338376e-18,-2.257818e-04,-1.797025e-05,5.304077e-04,-4.539553e-02,3.085756e-02,3.925879e+00
770,3.920960e-18,-1.993986e-04,-5.480972e-06,5.343133e-04,-3.631605e-02,2.297215e-02,7.843985e+00
771,1.005101e-16,-2.486054e-04,-1.532770e-05,5.384812e-04,1.094495e-01,-1.570170e+00,1.116145e+01
772,2.533467e-17,-2.332640e-04,2.334805e-07,5.454897e-04,9.152076e-02,9.927955e-01,1.790094e+01
773,7.164041e-19,-2.345025e-04,-2.988889e-06,5.301268e-04,3.137416e-01,-8.342456e-02,1.185961e+01
774,3.896686e-17,-2.294193e-04,-3.731380e-06,5.255973e-04,2.216306e+00,-1.117197e-01,1.613575e+01
775,5.037796e-17,-2.372541e-04,-6.136698e-06,5.234371e-04,5.558999e-01,4.825039e-01,5.413950e+00
776,1.529407e-18,-2.496085e-04,-7.817278e-06,5.358466e-04,-1.343080e-01,3.563040e-02,1.044775e+01
777,8.213184e-18,-2.365755e-04,-3.896595e-06,5.403981e-04,-2.681442e+00,3.738508e-02,5.454412e+00
778,5.095945e-18,-2.493077e-04,-7.817684e-07,5.438547e-04,-7.008508e-02,-3.311589e-02,4.893967e+00
779,2.789881e-18,-2.390641e-04,-1.327990e-05,5.456439e-04,-1.734986e-01,-1.928524e-01,9.578120e-01
780,2.888042e-17,-2.207426e-04,6.067413e-06,5.493355e-04,-1.526280e+00,2.316416e+00,1.683086e+01
781,1.064135e-16,-2.090375e-04,7.332979e-06,5.328090e-04,-9.820162e-01,-1.267573e+00,8.387051e+00
782,3.036623e-17,-2.033845e-04,1.178762e-05,5.256593e-04,6.272640e-01,7.445303e-01,9.118435e+00
783,1.951074e-18,-2.225999e-04,9.481558e-06,5.447918e-04,-2.198260e-01,-1.783544e-01,1.678556e+00
784,1.082777e-17,-2.492714e-04,1.467990e-05,5.299206e-04,-6.631692e-02,4.907163e-01,8.739004e+00
785,1.680835e-17,-2.335396e-04,1.496465e-05,5.452023e-04,-4.333229e+00,-6.686202e-01,8.845357e+00
786,9.166323e-17,-2.486775e-04,6.494204e-06,5.299124e-04,-1.592812e-02,5.961811e-01,8.718488e+00
787,2.106185e-17,-2.376216e-04,1.812319e-05,5.268047e-04,-9.452457e-02,1.425717e+00,5.464883e+00
788,5.043837e-19,-2.496088e-04,4.682116e-06,5.368994e-04,-8.879032e-02,7.275647e-02,4.673483e+00
789,1.758819e-18,-2.496055e-04,2.343871e-05,5.380377e-04,-1.460164e-01,-8.579082e-01,9.141383e+00
790,8.274654e-18,-2.477304e-04,1.462313e-05,5.471558e-04,8.978359e-01,1.336527e-02,1.049495e+01
791,5.761786e-18,-2.315044e-04,2.340297e-06,5.339515e-04,3.149561e-01,-3.326184e-01,6.261851e+00
792,2.188018e-18,-2.281410e-04,1.485354e-05,5.426394e-04,4.202888e-01,-1.374304e-01,-2.358899e-01
793,3.403015e-17,-1.860242e-04,-1.475794e-06,5.015344e-04,1.281513e+00,1.937284e+00,6.623509e+00
794,3.375354e-17,-1.974860e-04,1.473635e-06,5.183420e-04,-6.624134e-01,4.701813e-01,6.811744e+00
795,1.401930e-16,-1.976369e-04,1.617899e-06,5.191004e-04,2.827368e-01,4.706001e-01,5.895186e+00
796,1.473341e-17,-1.834083e-04,-1.317451e-05,5.006328e-04,-3.755011e-01,-2.752614e+00,1.293359e+01
797,3.525657e-17,-2.007659e-04,-1.214563e-05,5.002178e-04,-1.747211e+00,-3.645572e-01,4.866580e+00
798,2.132293e-16,-1.860666e-04,-8.348756e-07,5.022071e-04,1.280591e+00,7.399856e-01,6.950686e+00
799,4.070838e-17,-1.831455e-04,-2.062113e-05,5.203344e-04,-2.065440e-01,-1.132282e+00,1.497745e+00
800,2.767920e-17,-1.801658e-04,-2.329463e-07,5.229140e-04,2.498606e-01,-1.766054e+00,8.255223e+00
801,1.123686e-17,-1.802959e-04,1.571439e-08,5.161287e-04,-3.607242e-02,9.532275e-02,6.691808e+00
802,6.997663e-18,-1.840464e-04,-3.928391e-06,5.233374e-04,3.087730e+00,-7.973978e-01,6.789499e+00
803,4.099678e-18,-1.794908e-04,-1.249573e-05,5.036817e-04,3.592892e-01,-1.950848e-01,1.709253e+00
804,2.875709e-18,-1.851493e-04,4.526710e-09,5.364030e-04,7.236629e-02,7.054911e-02,5.823060e+00
805,7.095399e-18,-1.968851e-04,-4.651765e-06,5.403210e-04,-3.818674e-02,-4.458076e-02,5.587755e+00
806,1.783612e-17,-1.908641e-04,-1.141781e-05,5.313244e-04,4.221626e-01,-5.839855e-02,5.219521e+00
807,5.535486e-18,-1.945330e-04,-9.480061e-06,5.459478e-04,1.830164e-02,-3.143142e-01,5.106312e+00
808,2.811843e-18,-1.906272e-04,-1.250119e-05,5.403057e-04,-6.844080e-02,1.270591e-02,2.635114e+00
809,1.300592e-18,-1.804720e-04,-3.906904e-06,5.406395e-04,-5.349858e-02,2.293312e-02,1.676219e+00
810,1.085367e-16,-1.956937e-04,1.194291e-05,5.391301e-04,-1.318031e+00,2.171775e+00,1.556406e+01
811,3.764553e-18,-1.960928e-04,7.032238e-06,5.144100e-04,-2.008139e-01,-3.935942e-01,1.495515e+01
812,4.300331e-17,-1.963248e-04,7.372472e-06,5.144652e-04,-2.236816e-01,-3.708428e-01,1.464127e+01
813,5.927293e-17,-1.996455e-04,1.117994e-05,4.966198e-04,-4.355247e-01,-6.530116e-01,1.437433e+01
814,1.902429e-17,-1.789001e-04,1.788025e-05,5.260940e-04,-2.054893e+00,-1.336250e-01,6.853549e+00
815,4.154185e-18,-1.944828e-04,7.810816e-06,5.042370e-04,-1.523616e-01,1.998397e-01,1.022428e+01
816,6.326501e-18,-1.804762e-04,9.650834e-06,5.072268e-04,-2.818354e-01,-4.053537e-01,5.062656e+00
817,6.219337e-18,-1.828120e-04,1.562333e-05,5.251125e-04,3.942545e-02,2.961379e-01,2.268570e+00
818,3.540978e-17,-1.793662e-04,1.229874e-05,5.281719e-04,-4.862463e-01,3.770512e-01,3.702027e+00
819,3.216215e-18,-1.859451e-04,1.719877e-05,5.144048e-04,-1.519487e-01,-1.164109e+00,3.423494e+00
820,4.247133e-18,-1.859073e-04,1.715380e-05,5.102901e-04,-3.714955e-01,3.177453e-01,2.541309e+00
821,2.585768e-17,-1.970908e-04,2.180675e-05,5.407182e-04,7.873066e-01,1.545942e+00,7.135942e+00
822,2.145460e-17,-1.920613e-04,1.616197e-06,5.454861e-04,-1.724362e+00,2.421163e-01,1.234962e+01
823,3.330175e-18,-1.906247e-04,1.015676e-05,5.485993e-04,-2.866776e-02,-1.143391e-02,7.395929e+00
824,1.093992e-18,-1.929627e-04,2.265633e-05,5.369288e-04,1.924704e-02,3.603695e-02,3.530768e+00
825,2.279266e-18,-1.929648e-04,2.265491e-05,5.343424e-04,2.587185e-02,-8.481454e-03,2.023653e+00
826,3.012170e-18,-1.874982e-04,1.329396e-05,5.456117e-04,-1.954526e-02,-2.072017e-01,1.847533e+00
827,2.656395e-18,2.034994e-05,-1.975174e-04,4.764720e-04,-1.724786e-02,7.676512e-02,2.047010e+00
828,9.458126e-19,1.367106e-05,-1.865451e-04,4.753954e-04,-5.456241e-01,1.175702e+00,8.557046e-01
829,3.809729e-19,5.078210e-06,-1.800781e-04,4.704730e-04,-3.450296e+00,7.987530e-01,-5.438324e+00
830,1.412594e-18,2.026328e-05,-1.975402e-04,4.709577e-04,-1.014607e+00,-1.464385e-01,-6.680386e+00
831,1.071471e-18,1.523593e-05,-1.867505e-04,4.716013e-04,1.212455e+00,1.308084e-01,-4.944377e+00
832,4.274877e-19,-8.982982e-06,-1.667960e-04,4.751517e-04,7.317184e-01,2.770884e-01,3.343922e+00
833,1.076155e-18,-1.424736e-05,-1.568224e-04,4.739592e-04,1.044043e+00,-6.329077e-01,-2.955587e+00
834,2.411059e-19,-1.445313e-05,-1.699216e-04,4.735880e-04,3.073636e+00,1.046688e+00,-4.508003e-01
835,2.062641e-18,-1.488760e-05,-1.692359e-04,4.774735e-04,-1.820328e+00,1.521287e+00,6.302590e+00
836,9.698968e-19,-1.132697e-05,-1.702071e-04,4.772785e-04,-1.040386e+00,-1.311382e+00,5.538759e+00
837,2.787615e-17,-1.287868e-05,-1.742127e-04,4.783630e-04,1.042677e+00,-1.741421e-01,1.283119e+00
838,3.679988e-18,-3.902109e-06,-1.888438e-04,4.772417e-04,4.762895e-02,6.219700e-01,-1.174670e+00
839,1.108493e-18,-1.874516e-05,-1.828104e-04,4.759319e-04,-6.394955e-01,-2.409542e-01,-1.731572e+00
840,3.113761e-16,2.389707e-06,-1.761378e-04,5.303502e-04,1.504853e-01,8.777310e-01,7.446429e+00
841,9.318700e-17,5.187196e-06,-1.757958e-04,5.008308e-04,-7.627470e-01,-1.551262e-01,8.995412e+00
842,9.490456e-17,-1.893902e-06,-1.904145e-04,5.183797e-04,-7.068831e-01,-1.487577e+00,9.900907e+00
843,2.273118e-17,-1.228292e-06,-1.896789e-04,5.087015e-04,4.658599e+00,2.537411e-01,2.224779e+01
844,1.232970e-16,1.279951e-05,-1.731654e-04,5.234267e-04,3.465037e-01,-1.956684e-01,6.227787e+00
845,3.777359e-17,5.659214e-06,-1.886415e-04,5.121334e-04,-1.430298e+00,-6.260607e-01,7.619051e+00
846,1.329465e-16,3.883442e-06,-1.955057e-04,5.212612e-04,1.889295e+00,3.677367e-01,1.573646e+01
847,2.568207e-17,2.089039e-05,-1.866424e-04,5.177160e-04,-3.931517e-01,1.163667e+00,4.133293e+00
848,3.180861e-18,1.170943e-05,-1.874996e-04,5.198265e-04,-1.251913e-01,-7.146820e-03,2.656024e+00
849,8.568642e-18,4.917028e-06,-1.844517e-04,5.270889e-04,-7.218056e-01,-4.288108e-02,9.223780e+00
850,3.593045e-18,1.406172e-05,-1.945313e-04,5.136564e-04,-1.192215e-01,1.016712e-02,-2.211252e-01
851,1.308276e-16,5.634246e-06,-2.021545e-04,5.473995e-04,3.607649e-01,1.561639e+00,1.117593e+01
852,3.168972e-17,1.923807e-05,-1.873663e-04,5.360269e-04,1.758321e+00,-1.436353e+00,9.360737e+00
853,4.207785e-17,2.615565e-06,-1.982697e-04,5.432810e-04,2.238934e+00,-7.279029e-02,8.639855e+00
854,5.882362e-18,7.034955e-06,-1.835905e-04,5.448864e-04,1.461968e-01,-5.492764e-02,6.275115e+00
855,4.295853e-18,5.460432e-06,-1.835150e-04,5.302928e-04,-8.571013e-01,1.265429e+00,5.215982e+00
856,6.798214e-18,1.439828e-05,-1.921888e-04,5.444976e-04,2.328995e+00,7.054319e-03,5.681172e+00
857,1.598123e-17,5.528185e-06,-2.049884e-04,5.283767e-04,-6.312709e-02,7.400181e-02,1.126477e+01
858,8.485008e-17,2.170599e-05,-2.104799e-04,5.362564e-04,7.014907e-01,2.182159e-02,6.066444e+00
859,1.331443e-16,3.657494e-06,-2.215415e-04,5.302695e-04,-1.361095e+00,2.061325e-01,5.700498e+00
860,7.343059e-18,7.031583e-06,-2.132798e-04,5.440612e-04,8.952223e-02,-1.573120e+00,6.281667e+00
861,8.316693e-17,6.705781e-06,-2.131195e-04,5.445579e-04,1.106100e-01,-1.563434e+00,6.310247e+00
862,2.297566e-17,1.433522e-05,-2.162286e-04,5.366779e-04,2.549878e-01,2.232293e-01,1.090095e+01
863,3.347781e-18,1.641170e-05,-2.093727e-04,5.290061e-04,1.703519e-01,1.035199e-01,5.826927e+00
864,1.774447e-16,-4.699205e-06,-2.130344e-04,5.363438e-04,1.071106e+00,4.837581e-01,7.569013e+00
865,2.525689e-16,-4.137685e-06,-1.979326e-04,5.433066e-04,-1.154754e+00,-4.340041e-01,2.184339e+01
866,5.372403e-18,-5.617204e-06,-2.078063e-04,5.406909e-04,-1.823614e-01,2.788243e-02,7.108064e+00
867,1.165927e-18,-1.953418e-05,-2.148535e-04,5.400022e-04,1.175495e-01,-1.315970e-01,2.144472e+00
868,1.032351e-18,-1.952993e-05,-2.148441e-04,5.445230e-04,1.251407e-01,3.734905e-02,4.846871e-01
869,3.383895e-17,-5.118749e-06,-1.802935e-04,5.176591e-04,5.830745e-01,5.496520e-01,7.279543e+00
870,1.652920e-16,-5.043462e-06,-1.807593e-04,5.172632e-04,7.962330e-01,5.507774e-01,6.758133e+00
871,3.906349e-17,-1.067595e-05,-1.886414e-04,5.125866e-04,-2.563596e-01,4.990697e-01,4.746634e+00
872,3.334480e-18,-3.126901e-06,-1.843649e-04,5.059045e-04,-2.626888e-02,-2.039846e-01,7.950250e+00
873,5.306852e-17,-2.215967e-05,-1.832248e-04,5.120916e-04,-4.982972e-01,1.012749e-01,3.339499e+00
874,1.220795e-17,-2.030878e-05,-1.899215e-04,5.207267e-04,3.884013e-01,-4.067461e-01,3.287893e+00
875,3.464237e-18,-1.093321e-05,-1.914014e-04,5.059524e-04,-1.873133e-01,-2.589607e-02,4.965051e+00
876,3.347823e-18,-9.377419e-06,-1.953102e-04,5.090042e-04,-2.570460e-01,-3.237196e-02,1.789961e+00
877,3.292140e-18,-9.372542e-06,-1.812511e-04,5.035903e-04,-7.882216e-02,-2.606732e-02,4.757991e+00
878,7.747238e-18,-1.251223e-05,-1.822181e-04,5.254278e-04,-2.436900e-01,2.731805e-01,4.438922e+00
879,6.999050e-18,-1.220483e-05,-1.781296e-04,5.126197e-04,5.032971e-01,4.187940e-01,1.168489e+00
880,2.917546e-17,-1.093852e-05,-1.921891e-04,5.485721e-04,1.257606e-01,2.162884e-01,1.010692e+01
881,3.648311e-18,-1.175037e-05,-1.742300e-04,5.374595e-04,2.422053e-01,4.506683e-01,5.853918e+00
882,2.945231e-17,-6.254612e-06,-1.750011e-04,5.395193e-04,-5.714826e-01,8.578175e-01,5.016734e+00
883,1.307333e-16,-6.521794e-06,-1.745294e-04,5.395733e-04,-4.760609e-01,6.032474e-01,5.468779e+00
884,6.469276e-19,-2.736417e-06,-1.964854e-04,5.326788e-04,-1.723893e+00,-6.466682e+00,1.182802e+01
885,5.776281e-17,-1.094065e-05,-1.920276e-04,5.480625e-04,1.192867e-01,1.472712e-01,8.810591e+00
886,5.286855e-18,-1.481510e-05,-1.735001e-04,5.481579e-04,-5.481145e-01,-7.666376e-01,4.396473e+00
887,5.890457e-18,-1.015521e-05,-1.822797e-04,5.431158e-04,8.217823e-03,-3.324457e-01,4.665371e+00
888,5.159882e-18,-2.187505e-05,-1.921817e-04,5.339667e-04,2.793360e-01,6.279433e-02,2.793280e+00
889,4.747048e-18,-1.796768e-05,-1.874972e-04,5.474868e-04,8.112466e-02,1.685447e-01,2.312745e+00
890,4.887419e-17,-4.745635e-06,-1.587121e-04,5.206931e-04,8.048951e-01,-1.167521e+00,1.152604e+01
891,3.767467e-17,-9.995557e-06,-1.548466e-04,5.020613e-04,-1.612069e+00,-2.484141e-02,9.945459e+00
892,2.488148e-17,-1.332456e-05,-1.614088e-04,5.143894e-04,-5.347393e-01,3.274553e+00,1.735895e+01
893,1.491849e-16,-4.935611e-06,-1.585710e-04,5.207915e-04,7.431307e-01,-1.091152e+00,1.134911e+01
894,1.904177e-18,-1.648347e-05,-1.500666e-04,5.092705e-04,-3.126209e-03,9.352682e-02,1.742973e+01
895,1.443701e-16,-1.002090e-05,-1.547566e-04,5.018873e-04,-8.877421e-01,-1.378508e-01,9.742909e+00
896,3.194682e-18,-1.327368e-05,-1.601426e-04,5.228577e-04,8.868222e-01,-3.746496e+00,1.733020e+01
897,4.263437e-18,-1.486479e-05,-1.711224e-04,5.001110e-04,-9.167340e-02,-3.495947e-01,1.752743e+00
898,1.068080e-17,-1.640600e-05,-1.499829e-04,5.147823e-04,-1.718798e-01,7.448449e-01,1.970990e+01
899,7.826499e-19,-1.342769e-05,-1.529989e-04,5.078536e-04,-5.878156e-01,2.391109e-01,8.413953e+00
900,1.613403e-18,-1.250408e-05,-1.663984e-04,5.063211e-04,8.597512e-01,2.019706e-01,1.240949e+01
901,1.292222e-18,-1.639945e-05,-1.492906e-04,5.024660e-04,-7.087350e-01,2.144892e-01,1.167731e+01
902,8.550182e-18,-3.664748e-06,-1.710941e-04,5.130967e-04,1.499137e+00,1.938096e-02,5.798476e+00
903,1.656128e-16,-3.284831e-06,-1.632138e-04,5.300696e-04,3.591160e-01,-2.576531e-01,4.758996e+00
904,5.457359e-16,-2.102851e-06,-1.635210e-04,5.298138e-04,2.941752e-01,-3.539779e-01,7.756309e+00
905,4.251543e-18,-1.484551e-05,-1.710930e-04,5.270456e-04,-1.020215e-01,4.171361e-02,1.025447e+01
906,4.792542e-18,-1.563284e-06,-1.718764e-04,5.033221e-04,-1.237415e-02,9.791772e-03,2.539361e+00
907,2.145455e-18,-1.718738e-05,-1.553265e-04,5.273212e-04,-1.480521e-01,-3.605566e+00,2.439326e+01
908,2.141158e-17,-1.652151e-05,-1.570229e-04,5.328753e-04,4.700038e-01,-4.778564e+00,2.654559e+01
909,4.578841e-17,-1.662475e-05,-1.633627e-04,5.293606e-04,-1.116037e+00,-5.054172e+00,1.917548e+01
910,1.476462e-17,-1.875236e-05,-1.703111e-04,5.343162e-04,-1.596692e+00,-2.281298e-02,1.016650e+01
911,7.956291e-17,-1.871626e-05,-1.703466e-04,5.348128e-04,-1.454309e+00,2.072987e-02,1.001330e+01
912,2.105642e-17,-9.438998e-06,-1.535657e-04,5.370618e-04,1.930138e+00,3.814475e-01,1.774816e+01
913,6.438702e-17,-1.407669e-05,-1.492491e-04,5.345701e-04,-2.983062e+00,-1.912078e+00,8.733509e+00
914,2.308085e-18,7.562299e-07,-1.734484e-04,5.394794e-04,5.137595e-02,-6.706082e-02,1.716387e+00
915,7.973218e-19,-1.158873e-05,-1.712390e-04,5.338873e-04,4.967223e-02,5.762499e-01,3.546334e+00
916,8.040216e-18,-1.013747e-05,-1.648437e-04,5.483594e-04,-8.753142e-01,-2.341542e-02,5.788912e+00
917,3.254593e-18,-1.489270e-05,-1.719272e-04,5.371793e-04,-5.339949e-01,-4.508075e-01,3.919164e+00
918,4.106070e-18,-1.093538e-05,-1.601608e-04,5.489562e-04,1.149678e-01,-2.903907e-01,3.870570e+00
919,3.103059e-18,3.101645e-06,-1.656308e-04,5.229477e-04,4.696724e-01,-1.044922e-01,2.429707e+01
920,2.067144e-17,1.479433e-05,-1.663876e-04,5.056782e-04,-5.220083e-01,-1.747299e+00,9.462876e+00
921,8.652179e-18,3.125682e-06,-1.654690e-04,5.147721e-04,6.409171e-02,2.958381e-01,2.030129e+01
922,1.010459e-16,5.055289e-06,-1.601163e-04,5.008249e-04,4.368733e-01,6.244189e-02,2.586604e+00
923,4.109036e-18,1.337686e-05,-1.594750e-04,5.075365e-04,-1.619442e+00,-6.298691e-01,1.449173e+00
924,1.115498e-18,9.371836e-06,-1.531261e-04,5.256008e-04,8.454481e-02,4.701409e-02,6.674693e+00
925,1.904572e-18,8.644695e-06,-1.664659e-04,5.181973e-04,1.988754e-01,2.972485e-02,1.124088e+00
926,3.621085e-17,2.399354e-05,-1.686940e-04,4.989556e-04,-1.094920e-02,1.151280e-03,-1.220643e+00
927,2.423195e-17,7.412347e-06,-1.546108e-04,5.060628e-04,-6.999710e-01,-2.283248e+00,2.121008e+00
928,3.137675e-18,3.920192e-06,-1.656234e-04,5.105284e-04,-6.116394e-03,-4.290737e-02,1.889020e+01
929,1.585551e-18,3.913189e-06,-1.656243e-04,5.063124e-04,-1.370940e-01,1.496250e-01,1.581883e+01
930,2.755749e-18,3.913608e-06,-1.656239e-04,5.028656e-04,2.833107e-01,2.728160e-01,1.413467e+01
931,2.086035e-18,3.905378e-06,-1.656244e-04,5.005210e-04,4.179855e-01,-4.276165e-02,1.367324e+01
932,3.455581e-18,1.015924e-05,-1.640608e-04,5.113785e-04,4.439141e-01,4.482562e-02,-1.410756e+00
933,1.086540e-16,7.092371e-06,-1.583055e-04,5.311055e-04,-3.906967e-01,-6.009030e-01,9.184083e+00
934,1.987685e-17,1.387894e-05,-1.657440e-04,5.337792e-04,1.483271e+00,-6.372631e-01,5.900305e+00
935,1.485413e-18,1.563136e-05,-1.718739e-04,5.384373e-04,7.179620e-02,-1.930163e-02,4.927930e+00
936,4.089756e-18,1.015858e-05,-1.562485e-04,5.407198e-04,6.229214e-02,4.683470e-02,4.530524e+00
937,7.670975e-18,3.493423e-06,-1.655926e-04,5.291549e-04,-4.251318e-01,5.224668e-01,2.908140e+01
938,1.133901e-18,3.927241e-06,-1.679881e-04,5.361215e-04,2.801154e-01,-2.518774e-01,4.797881e+00
939,2.816828e-18,1.340908e-05,-1.554636e-04,5.450895e-04,-6.329019e-02,-2.184995e-03,2.601943e+00
940,1.292881e-18,3.907424e-06,-1.523444e-04,5.278494e-04,7.094728e-02,-9.413714e-02,1.138414e+00
941,3.359937e-17,1.488508e-04,-3.259435e-06,5.112669e-04,1.760830e+00,3.118544e+00,9.924840e+00
942,1.356602e-17,1.488887e-04,-1.574396e-05,5.233097e-04,-2.754325e-01,4.509152e-01,4.593204e+00
943,1.793303e-17,1.513788e-04,-3.595263e-06,5.028003e-04,3.765446e-01,-2.054714e+00,9.099158e+00
944,7.461706e-19,1.412771e-04,-6.421414e-07,5.016726e-04,-2.002187e-02,-1.477702e-01,2.952217e+00
945,6.422189e-17,1.353388e-04,-1.334114e-06,5.181289e-04,7.828953e-01,-1.229968e+00,7.898244e+00
946,2.099355e-16,1.352645e-04,-1.429859e-06,5.186245e-04,7.510026e-01,-6.367497e-01,7.665882e+00
947,6.945948e-18,1.403669e-04,-4.173789e-06,5.241048e-04,-8.247935e-01,-2.493977e-01,1.405888e+01
948,6.256436e-18,1.414146e-04,-7.750688e-07,5.204941e-04,3.846666e-01,1.583894e-01,1.082272e+01
949,5.345361e-18,1.428361e-04,-1.015024e-05,5.055163e-04,6.220078e-01,-1.406572e+00,7.277096e+00
950,6.619459e-18,1.348683e-04,-9.144457e-06,5.215250e-04,-2.379615e-02,4.071257e-01,1.026869e+01
951,4.301328e-18,1.453344e-04,-4.473824e-06,5.236988e-04,2.159743e-02,8.185884e-01,9.308599e+00
952,4.989580e-18,1.414057e-04,-7.824550e-07,5.092998e-04,-3.634271e-01,4.493792e-02,8.590160e+00
953,1.341257e-17,1.298284e-04,-8.928089e-06,5.074021e-04,-4.197620e-01,-1.387071e-02,5.987623e+00
954,1.378584e-18,1.343724e-04,-7.795495e-07,5.062988e-04,-1.154246e-02,6.362182e-02,2.463526e+00
955,2.659409e-16,1.516297e-04,-1.060504e-05,5.323889e-04,-2.886504e-01,-2.703133e-01,6.192769e+00
956,1.417344e-16,1.422049e-04,-6.671651e-06,5.356093e-04,6.205615e-01,4.924450e-01,9.555608e+00
957,5.947959e-17,1.472371e-04,-2.879696e-06,5.294265e-04,6.029419e-01,6.206808e-01,1.125722e+01
958,1.211426e-18,1.382743e-04,-1.250212e-05,5.354635e-04,-6.293087e-02,-6.324658e-02,3.615640e+00
959,2.636883e-18,1.421903e-04,-8.593639e-06,5.463717e-04,-1.163249e-01,1.268021e-01,1.765931e+00
960,4.607919e-19,1.281230e-04,-1.445284e-05,5.459688e-04,-9.072305e-02,-1.053416e-01,-2.054895e+00
961,9.352188e-17,1.457754e-04,4.925692e-06,5.425937e-04,1.048868e+00,-1.625186e+00,8.631218e+00
962,5.520324e-17,1.309374e-04,1.587638e-05,5.397127e-04,-9.165765e-01,1.868285e+00,1.109110e+01
963,1.078791e-17,1.379197e-04,8.608595e-06,5.374614e-04,4.065233e-01,-9.951095e-02,1.268439e+01
964,6.650309e-18,1.407580e-04,5.466915e-06,5.367496e-04,4.143010e-02,1.104992e-01,1.083235e+01
965,1.071500e-18,1.445277e-04,1.485330e-05,5.414566e-04,1.230750e-01,3.467400e-02,2.841136e+00
966,1.688187e-18,1.379249e-04,1.904137e-05,5.497976e-04,-2.910914e+00,5.731989e+00,1.496111e+01
967,1.997346e-17,1.513629e-04,2.928096e-06,5.029634e-04,2.538158e-01,-6.056091e-01,1.529655e+01
968,5.112007e-17,1.376926e-04,7.219143e-06,5.161279e-04,-1.536911e+00,-2.012284e-01,7.959228e+00
969,2.752654e-17,1.484466e-04,7.651324e-06,5.107578e-04,1.285606e-01,-1.366740e+00,7.880141e+00
970,5.785788e-18,1.344285e-04,1.240926e-05,5.101144e-04,2.969325e-01,-4.465457e-01,4.708186e+00
971,1.416805e-18,1.265406e-04,9.372972e-06,5.009033e-04,-5.726098e-01,1.324430e-01,2.448679e+00
972,2.495429e-18,1.437509e-04,3.128770e-06,5.058801e-04,1.480496e-02,5.789607e-02,1.430902e+00
973,4.195796e-16,1.191623e-04,3.816445e-07,5.059930e-04,3.919849e-01,-7.254992e-02,9.245678e+00
974,2.797277e-18,1.289035e-04,1.561739e-05,5.105918e-04,-1.547799e-01,1.512184e-01,2.398074e-01
975,2.971774e-18,1.468774e-04,1.406929e-05,5.214309e-04,1.307005e-02,5.728253e-01,2.204484e+00
976,3.066026e-18,1.398303e-04,1.171806e-05,5.075025e-04,-7.864655e-02,-1.230523e-01,2.614763e+00
977,2.830836e-18,1.335954e-04,6.543499e-06,5.254371e-04,1.572746e-02,3.648980e-01,7.049896e+00
978,1.994315e-17,1.511502e-04,-2.481127e-06,4.963743e-04,-2.101433e-01,1.071201e+00,7.361865e+00
979,2.639852e-17,1.397960e-04,-8.804160e-06,4.933850e-04,-1.662568e+00,2.447550e+00,6.828698e+00
980,3.009793e-18,1.413874e-04,-1.018311e-05,4.996904e-04,-5.077438e-01,-5.029764e-01,7.357143e+00
981,1.039377e-18,1.447349e-04,-2.142041e-06,4.983540e-04,-4.196300e-01,-3.912247e-01,4.170213e+00
982,4.634286e-17,1.303748e-04,-4.333010e-06,4.868854e-04,1.107916e+00,-5.003564e-02,2.231350e+00
983,1.336671e-18,1.429842e-04,-1.018538e-05,4.860811e-04,-9.952711e-02,-2.114405e-01,4.329211e+00
984,3.188023e-17,1.402105e-04,-1.537607e-05,4.888527e-04,9.480997e-01,1.001671e+00,4.756276e+00
985,4.925594e-18,1.453114e-04,-7.812915e-06,4.984561e-04,3.500600e-01,3.014713e-02,6.671459e+00
986,1.224341e-18,1.343671e-04,-7.700672e-07,4.985576e-04,2.863451e-01,2.681071e-01,3.158422e+00
987,3.810698e-18,1.429689e-04,-7.816988e-07,4.786712e-04,-3.635580e-01,-1.170907e-01,-1.860356e+00
988,4.654321e-17,1.422181e-04,-1.068914e-06,4.790979e-04,-5.293634e-01,4.635750e-01,-1.915746e+00
989,3.873651e-17,1.343445e-04,-1.148537e-06,4.831863e-04,-1.567123e+00,1.502600e+00,8.367427e-01
990,1.643664e-17,1.367425e-04,6.294167e-07,4.953666e-04,-9.213600e-03,-1.888684e+00,2.274075e+00
991,3.739504e-18,1.414045e-04,-4.870559e-06,4.873621e-04,-5.440922e-02,1.525296e+00,2.319335e+00
992,4.096582e-18,1.343596e-04,-8.085548e-07,4.936572e-04,-1.336312e-01,-3.587381e-01,4.155251e+00
993,1.389184e-18,1.460775e-04,-7.810919e-06,4.821778e-04,4.623094e-01,-8.719049e-02,1.503616e+00
994,2.267482e-18,1.492296e-04,-4.725054e-06,4.936692e-04,-2.286107e-01,-5.575314e-01,8.135384e+00
995,5.262890e-18,1.336656e-04,-7.104576e-06,4.888946e-04,-4.126738e-01,4.202658e-01,-6.525471e-02
996,2.957779e-18,1.320332e-04,-2.444370e-05,4.962553e-04,-9.041160e-02,-3.220492e-02,-2.748792e+00
997,1.270417e-18,1.351799e-04,-7.020443e-06,4.814021e-04,4.835920e-01,1.233099e-01,-1.741804e+00
998,1.120364e-17,1.359369e-04,-2.425844e-05,4.806880e-04,1.672271e-03,1.007195e-02,-1.787993e+00
999,8.107780e-19,1.320372e-04,-2.460882e-05,4.892220e-04,2.249085e-01,-4.219072e-01,-4.170537e+00
1000,1.004069e-17,1.232889e-04,1.999624e-05,4.996761e-04,-1.010079e+00,1.385145e+00,3.732106e+00
1001,2.743424e-18,1.336138e-04,1.250178e-05,4.918477e-04,-3.578245e-02,1.197197e-01,8.523773e+00
1002,2.383444e-17,1.335381e-04,1.210417e-05,4.987925e-04,-8.462206e-03,-2.909359e-01,8.202150e+00
1003,1.909159e-17,1.288457e-04,6.924325e-06,4.922863e-04,-2.960682e-01,2.246395e-01,7.465557e+00
1004,1.434498e-17,1.398902e-04,2.002548e-05,4.939963e-04,7.916882e-02,-8.234522e-02,5.740754e+00
1005,2.592143e-17,1.273234e-04,9.369661e-06,4.966838e-04,-1.714028e-01,-4.882496e-01,6.183706e+00
1006,3.365580e-18,1.390489e-04,7.811839e-06,4.950831e-04,-1.805450e-01,8.316428e-03,3.184234e+00
1007,8.682664e-18,1.366333e-04,4.140749e-06,4.844944e-04,-4.878915e-01,-1.139342e+00,7.953394e-01
1008,1.821507e-17,1.439108e-04,1.272745e-05,4.949434e-04,5.505704e-01,-2.065548e-01,2.002025e+00
1009,8.127292e-19,1.287552e-04,1.342645e-05,4.993452e-04,-7.505694e-01,-1.087291e-01,1.139611e+00
1010,1.415011e-18,1.492300e-04,1.641552e-05,5.001328e-04,1.010157e-01,1.593975e-01,4.604799e-01
1011,4.334896e-18,1.296825e-04,5.478643e-06,4.798985e-04,1.179319e-01,-8.491778e-03,1.594226e-01
1012,5.106986e-19,1.398530e-04,2.226486e-05,4.790588e-04,2.282397e-01,6.475757e-01,-7.052792e-01
1013,6.104149e-18,1.421821e-04,2.437277e-05,4.925102e-04,2.831881e-02,1.180370e-01,-2.362170e+00
1014,3.139129e-18,1.273751e-04,2.460918e-05,4.910828e-04,3.990307e-02,3.131401e-04,-2.834566e+00
1015,2.793900e-18,-1.013488e-05,4.922052e-05,5.036101e-04,-2.261656e-01,1.254641e-01,9.833314e+00
1016,6.672226e-17,-1.093557e-05,4.750936e-05,5.229994e-04,-2.500860e+00,-7.100010e-01,1.678133e+01
1017,9.354776e-17,-1.601525e-05,4.814409e-05,5.193846e-04,7.130237e-01,-7.462394e-01,6.269457e+00
1018,2.914189e-18,-6.248199e-06,5.078298e-05,5.082709e-04,-4.773752e-01,4.827618e-01,9.812177e+00
1019,2.555217e-17,-4.695884e-06,4.636175e-05,5.100563e-04,9.079371e-01,9.913688e-02,1.892686e+01
1020,1.282923e-17,-1.719240e-05,4.063731e-05,5.234948e-04,5.510869e-01,-6.079220e+00,3.039291e+01
1021,3.453876e-18,-3.122274e-06,4.609588e-05,5.221079e-04,8.758107e-01,1.772745e-01,2.425609e+01
1022,1.399254e-18,-1.558258e-05,4.226559e-05,5.132734e-04,4.608696e-01,-4.136860e+00,2.273429e+01
1023,9.923821e-19,-1.190855e-05,4.512003e-05,5.070856e-04,2.323916e+00,-1.574202e+00,1.841194e+01
1024,1.870400e-16,-1.012340e-05,3.135079e-05,5.158974e-04,-3.208318e-01,6.303742e-01,7.031214e+00
1025,2.369592e-19,-1.992300e-05,3.242527e-05,5.140071e-04,-5.862489e-02,-3.714869e-01,3.360776e+00
1026,8.114434e-18,-1.349325e-05,3.636653e-05,5.077462e-04,4.993626e-01,-2.261726e+00,3.624477e+00
1027,2.775800e-18,-7.026794e-06,4.062650e-05,5.182907e-04,-1.399389e-01,3.019508e-02,4.966060e+00
1028,3.053857e-18,6.903888e-09,3.515466e-05,5.097212e-04,7.597155e-02,1.388993e-04,9.447107e+00
1029,2.375776e-19,-1.170394e-06,4.726587e-05,5.240475e-04,5.638143e-01,6.713813e-01,3.367801e+00
1030,4.846272e-18,-1.440275e-05,3.980073e-05,5.127856e-04,1.167066e+00,-1.215749e+00,5.144502e+00
1031,1.359145e-18,-4.662964e-06,4.608553e-05,5.032189e-04,-2.882497e-02,4.983058e-01,1.665317e+01
1032,1.141156e-18,-2.264146e-05,4.453885e-05,5.024664e-04,-2.761477e-01,1.876990e-01,5.119377e-02
1033,6.085031e-17,-6.833646e-07,4.289309e-05,5.296090e-04,2.213226e+00,-1.803395e+00,2.653615e+01
1034,1.430389e-16,7.604937e-06,4.885894e-05,4.990032e-04,-6.115736e-01,-7.275843e-01,5.005546e+00
1035,4.117926e-16,-6.137490e-06,4.108716e-05,5.380482e-04,-6.221005e-02,-4.454843e-01,8.670375e+00
1036,9.812295e-18,2.183960e-05,2.421527e-05,5.271135e-04,-4.813325e-01,7.533330e-03,8.224512e+00
1037,5.055905e-17,1.514463e-05,2.817918e-05,5.263962e-04,-2.989755e-01,8.055869e-01,7.454613e+00
1038,4.334018e-18,4.693487e-06,4.688023e-05,5.300383e-04,7.422536e-03,1.018508e+00,5.915647e+00
1039,1.461533e-17,-2.346693e-06,3.124365e-05,5.379891e-04,-4.016041e-01,-6.065090e-01,8.344955e+00
1040,9.664634e-17,-2.360190e-06,3.128639e-05,5.380314e-04,-3.600677e-01,-5.932416e-01,8.175784e+00
1041,3.745697e-17,-2.310035e-05,2.517010e-05,5.421256e-04,1.059737e+00,2.568040e+00,8.126377e+00
1042,5.328964e-17,2.097712e-05,2.815329e-05,5.389220e-04,2.495149e+00,-2.927163e-01,6.197433e+00
1043,4.350565e-18,4.686939e-06,3.515148e-05,5.474582e-04,-3.740220e-02,-4.715107e-02,9.948069e+00
1044,5.759940e-18,2.362207e-06,4.253301e-05,5.378287e-04,-9.936520e-02,4.296836e-01,4.356024e+00
1045,6.594240e-18,-9.566444e-06,3.372825e-05,5.390237e-04,-1.193184e-01,7.361323e-01,2.874678e+00
1046,2.458129e-18,1.641265e-05,2.500333e-05,5.341836e-04,-1.776679e-02,1.448781e-02,3.527423e+00
1047,2.255752e-18,5.479485e-06,4.765436e-05,5.357946e-04,-9.021360e-02,5.294043e-02,-1.310753e+00
1048,3.093336e-18,-3.903731e-06,3.906022e-05,5.477481e-04,-1.163673e-01,3.610461e-03,5.326863e+00
1049,4.681118e-19,-1.797244e-05,4.335667e-05,5.497079e-04,1.216312e-01,-5.234429e-01,1.179233e+01
1050,5.808944e-17,5.997068e-06,3.592328e-05,5.079899e-04,-1.320956e+00,-6.237203e-01,5.910409e+00
1051,1.974789e-17,4.685771e-06,4.822244e-05,5.155710e-04,-1.741670e-01,-8.192267e-01,4.737164e+00
1052,2.070963e-17,7.740499e-06,2.949376e-05,5.127048e-04,-6.510797e-01,-8.939556e-02,3.992548e+00
1053,2.352977e-17,6.342686e-06,3.898246e-05,5.185174e-04,4.407554e-01,-4.101245e-01,2.490016e+00
1054,5.576750e-18,1.123409e-05,4.062182e-05,5.071571e-04,-5.957160e-01,1.804382e-02,9.699141e-01
1055,5.214481e-18,2.188950e-05,3.750577e-05,5.009462e-04,-2.721967e-01,-1.389637e-01,5.861924e+00
1056,8.410142e-18,5.483714e-06,2.470857e-05,5.061722e-04,4.666147e-01,1.429740e-01,3.471440e+00
1057,4.568661e-18,4.685637e-06,3.515544e-05,5.233990e-04,9.830797e-03,1.272461e-01,5.427632e+00
1058,3.167903e-18,4.666453e-06,4.923231e-05,5.036111e-04,-5.384062e-02,3.802803e-01,1.363581e+00
1059,4.621094e-16,1.032725e-05,1.636661e-05,5.035375e-04,-2.625306e-01,-9.809546e-01,1.281141e+01
1060,1.732635e-16,1.234998e-05,8.932452e-06,5.309411e-04,-1.514421e+00,9.710157e-02,6.681461e+00
1061,1.412041e-17,3.600464e-06,1.714485e-05,5.386990e-04,-2.270149e+00,-1.892320e+00,8.565873e+00
1062,3.582497e-18,2.189898e-05,2.312978e-06,5.390158e-04,7.800286e-02,-1.097869e-01,3.081350e+00
1063,3.127114e-18,3.122976e-06,1.563187e-06,5.289384e-04,1.017030e-01,-1.817374e-02,2.791583e-01
1064,2.736994e-17,5.544840e-06,2.035006e-05,5.169259e-04,2.057851e+00,-1.372029e+00,3.497654e+00
1065,6.911858e-18,2.109135e-05,1.796876e-05,5.108314e-04,1.129354e-01,1.036200e-01,4.055533e+00
1066,2.770579e-18,1.093819e-05,8.598449e-06,5.081231e-04,1.973038e-01,2.428303e-01,1.596756e+00
1067,6.264562e-18,2.265724e-05,1.015636e-05,5.229630e-04,-5.385811e-01,4.466339e-02,5.435181e+00
1068,3.906981e-18,5.467233e-06,8.590212e-06,5.224670e-04,7.940039e-03,1.481528e-01,1.365833e+00
1069,4.441983e-16,1.071226e-04,-8.105723e-07,5.180515e-04,5.905215e-01,3.367607e-01,7.395685e+00
1070,1.905465e-18,1.147629e-04,-9.449776e-06,5.195609e-04,-5.772070e-01,-3.157794e+00,2.075894e+01
1071,9.216040e-19,1.138806e-04,-5.317312e-06,5.047640e-04,6.132173e-01,-2.029866e+00,1.174505e+01
1072,2.225228e-17,1.151605e-04,-2.024717e-06,5.236333e-04,-1.725110e-01,-3.036516e+00,1.395696e+01
1073,2.656767e-18,1.148395e-04,-6.529878e-06,5.161923e-04,-8.296779e-01,2.672064e-01,2.017687e+01
1074,7.327566e-18,1.031255e-04,-2.017368e-06,5.050239e-04,7.970376e-03,1.531705e+00,7.096117e+00
1075,3.752438e-18,1.101536e-04,-1.171957e-05,5.175436e-04,-8.459456e-01,-2.413175e-01,4.640495e+00
1076,4.522972e-17,1.101257e-04,-1.222854e-05,5.179222e-04,-8.298750e-01,-3.452634e-01,4.629538e+00
1077,5.398681e-18,1.147590e-04,-5.213769e-06,5.096900e-04,1.102507e-01,-7.095259e-02,1.667606e+01
1078,4.525575e-18,1.031265e-04,-5.473708e-06,5.032026e-04,1.549291e-01,1.966027e-01,8.324696e+00
1079,2.872841e-18,1.054673e-04,-7.029054e-06,5.090076e-04,-6.412291e-02,-2.395935e-01,4.121711e+00
1080,3.082352e-18,1.148437e-04,-1.797477e-05,5.206326e-04,-3.441849e-02,-3.917751e-01,4.670669e+00
1081,3.117101e-17,1.193924e-04,1.537355e-05,5.076986e-04,-5.996799e-01,2.551521e-01,1.570688e+01
1082,3.909999e-18,1.203378e-04,1.872800e-05,5.198715e-04,-5.291325e-01,-9.564593e-01,2.917670e+01
1083,1.436750e-18,1.195500e-04,1.871096e-05,5.063426e-04,5.785611e-01,-6.978882e-01,2.048781e+01
1084,5.109229e-17,1.126791e-04,6.677300e-06,5.174361e-04,-7.667011e-01,-4.595116e-01,4.257684e+00
1085,8.499234e-19,1.045633e-04,1.546916e-05,5.063275e-04,2.681522e-02,-2.535004e-03,4.727165e+00
1086,7.136497e-18,1.148479e-04,7.715410e-06,5.072405e-04,-3.082484e-02,-2.421371e-01,8.973355e+00
1087,4.775038e-17,1.078574e-04,1.893020e-05,5.211288e-04,2.050076e-01,8.815104e-02,4.484098e+00
1088,1.604256e-17,1.044307e-04,1.145169e-05,5.138582e-04,-3.073236e-01,-1.635396e+00,9.686409e+00
1089,9.081764e-18,1.155922e-04,1.751679e-05,5.132759e-04,8.151606e-02,-1.117821e+00,3.262691e+00
1090,1.715293e-18,1.195387e-04,1.874253e-05,5.155608e-04,-1.109432e+00,3.384474e-01,2.695450e+01
1091,2.753997e-18,1.070251e-04,8.592117e-06,5.205712e-04,-1.337865e-01,9.608205e-02,5.204899e+00
1092,2.758755e-18,1.194730e-04,1.864300e-05,5.114025e-04,9.137433e-01,-1.297421e-01,2.444014e+01
1093,4.729372e-18,1.195387e-04,1.875218e-05,5.010375e-04,4.217528e-01,1.695036e-01,1.862684e+01
1094,3.048426e-17,1.101551e-04,4.492335e-06,4.901777e-04,-7.393605e-01,-1.544398e+00,2.109636e+00
1095,7.600451e-17,1.201406e-04,1.012965e-05,4.879806e-04,-3.270031e-01,-2.423886e-01,6.819080e+00
1096,1.276052e-16,1.101588e-04,4.244677e-06,4.899128e-04,-1.170467e+00,-1.250452e+00,2.814820e+00
1097,1.523604e-17,1.000004e-04,-2.344230e-06,4.903690e-04,-5.889717e-01,-1.024015e-01,4.185989e+00
1098,9.158713e-17,1.003803e-04,-2.285753e-06,4.905771e-04,-5.776605e-01,-9.515498e-02,3.902260e+00
1099,2.659311e-17,1.226662e-04,7.018322e-06,4.936919e-04,5.425563e-01,-6.756118e-01,2.491569e+00
1100,1.160619e-18,1.179382e-04,1.004881e-06,4.905522e-04,2.482198e-01,6.141973e-01,7.998438e+00
1101,3.940844e-18,1.047126e-04,1.487605e-05,4.943504e-04,-9.557668e-02,2.380852e-01,3.867594e+00
1102,1.686831e-16,9.845052e-05,-1.348201e-05,4.861878e-04,1.713434e+00,-3.671931e-01,1.796987e+00
1103,4.783787e-18,1.205436e-04,1.482036e-06,4.838858e-04,6.056865e-01,-5.346855e-01,3.813534e+00
1104,1.039344e-18,1.047019e-04,-7.025682e-06,4.891968e-04,2.434302e-01,3.304193e-02,1.438865e+00
1105,9.308312e-18,1.186068e-04,7.806432e-07,4.986352e-04,-1.002227e+00,-2.981732e-02,1.481337e+01
1106,1.182025e-18,1.203054e-04,1.482743e-05,4.977856e-04,9.511534e-01,-3.509796e-01,6.985630e+00
1107,2.936076e-18,1.203115e-04,1.484701e-05,4.910799e-04,1.722981e-01,1.776681e-01,5.181482e+00
1108,1.560808e-18,1.148469e-04,8.593622e-06,4.970079e-04,7.382874e-02,9.495402e-02,4.707859e+00
1109,4.538108e-18,1.201864e-04,1.166432e-05,4.956118e-04,-2.220120e-01,-5.612913e-01,4.046015e+00
1110,2.619524e-18,1.218801e-04,-2.031145e-05,4.988914e-04,-1.105788e-01,-3.514914e-01,-5.967744e-01
1111,3.870027e-18,1.132801e-04,2.460929e-05,4.807724e-04,-8.644450e-03,4.597959e-03,-2.896017e+00
1112,2.635036e-18,1.031244e-04,-5.467258e-06,4.833249e-04,1.515277e-01,3.486039e-01,8.878793e-01
1113,6.395829e-19,1.199224e-04,1.875210e-05,4.931086e-04,-1.060409e-01,-2.633859e-01,1.188287e+01
1114,4.091168e-18,1.233419e-04,1.009561e-05,4.818863e-04,1.827912e+00,5.051320e-02,5.292190e+00
1115,5.491152e-18,1.193790e-04,1.885923e-05,4.853227e-04,4.197850e-01,-3.085683e-01,7.252104e+00
1116,1.159601e-18,1.199223e-04,1.875756e-05,4.895676e-04,-4.910788e-01,2.220210e-01,8.262075e+00
1117,3.105262e-19,1.222653e-04,8.202509e-06,4.774975e-04,-2.091582e+00,-2.186187e+00,-2.481386e+00
1118,3.547772e-18,1.195273e-04,1.874144e-05,4.798552e-04,-1.087809e-01,-3.201527e-01,4.520488e+00
1119,8.707421e-18,1.202971e-04,1.410702e-05,4.842588e-04,1.440789e-01,-1.756661e-01,7.726066e+00
1120,2.494260e-19,1.105473e-04,8.204053e-06,4.860868e-04,-7.228559e-01,-2.568371e-01,1.582215e+00
1121,6.360495e-17,-9.881856e-05,3.072565e-06,5.174273e-04,3.395694e-01,1.117537e+00,1.304036e+01
1122,5.315782e-18,-9.922497e-05,1.955839e-09,5.070673e-04,4.153140e-02,2.813960e-01,1.097520e+01
1123,4.776697e-17,-1.016114e-04,1.907041e-05,5.071217e-04,9.298958e-01,1.026863e+00,1.165294e+01
1124,1.677537e-17,-9.912987e-05,6.012762e-06,5.011433e-04,-3.649897e-01,-1.706126e+00,1.608852e+00
1125,4.594261e-18,-1.039075e-04,7.375698e-06,5.268013e-04,-1.640722e-02,2.115715e-01,6.079517e+00
1126,8.509184e-18,-1.219029e-04,-5.477494e-06,5.328104e-04,-5.229004e-01,-2.985183e-02,6.942924e+00
1127,8.634074e-18,-1.226449e-04,-1.580218e-05,5.286476e-04,1.705795e-01,-8.713147e-02,2.014780e+01
1128,5.960758e-17,-1.091921e-04,1.811249e-06,5.427180e-04,1.214761e+00,-8.869397e-01,7.084632e+00
1129,3.519773e-17,-1.136259e-04,-9.420329e-06,5.490001e-04,4.211455e+00,-8.230841e-01,1.521739e+01
1130,4.704413e-17,-1.183970e-04,-2.812895e-06,5.482145e-04,-1.743641e-01,-3.742996e-01,8.178543e+00
1131,4.691292e-17,-1.222530e-04,1.044991e-05,5.329070e-04,-3.342737e-01,-3.451665e-01,8.794202e+00
1132,1.983032e-17,-8.737173e-05,1.162514e-05,5.026513e-04,-5.542855e-01,-5.155854e-01,1.885520e+01
1133,1.675781e-17,-1.101747e-04,1.225318e-05,5.293384e-04,2.361859e+00,2.225811e+00,9.354364e+00
1134,1.088808e-18,-1.031266e-04,2.346356e-06,5.316186e-04,1.086828e-02,5.750467e-02,5.061225e+00
1135,1.163830e-18,-1.078093e-04,1.796666e-05,5.407287e-04,-4.655527e-04,-1.700862e-02,-4.974413e-02
1136,3.804152e-16,-9.213134e-05,-4.135093e-06,5.237177e-04,7.836040e-02,-5.551290e-01,8.868764e+00
1137,5.622155e-17,-8.714509e-05,4.003319e-06,5.069225e-04,3.045202e-01,-8.125663e-01,6.090971e+00
1138,1.336184e-17,-9.113949e-05,1.655322e-05,5.032661e-04,-9.246342e-01,-3.554885e-01,3.500886e+00
1139,4.911193e-17,-9.455500e-05,2.412192e-05,5.008795e-04,5.943825e-02,8.994033e-01,3.707125e+00
1140,2.576481e-18,-8.672802e-05,5.466042e-06,5.205981e-04,1.609560e-01,1.538543e-01,7.136658e+00
1141,1.921488e-17,-8.414351e-05,1.574777e-05,5.182024e-04,-3.386453e-01,-6.222922e-01,2.935645e+00
1142,2.328097e-17,-7.627483e-05,1.247495e-05,5.245999e-04,2.811492e-01,1.587147e+00,3.857855e+00
1143,2.431452e-19,-7.695221e-05,1.211044e-05,5.024528e-04,3.078698e-01,5.910239e-01,-2.254131e+00
1144,1.442139e-16,-1.248785e-04,-1.533767e-05,5.052504e-04,2.533005e+00,-2.104629e+00,1.601921e+01
1145,9.439447e-17,-1.071168e-04,-1.717029e-06,4.986319e-04,2.696632e-01,-1.932547e+00,3.517586e+00
1146,7.045157e-17,-1.128927e-04,-4.482074e-06,5.148229e-04,-5.769171e-01,1.541789e+00,9.626402e+00
1147,3.260776e-17,-1.172143e-04,2.344069e-06,5.206290e-04,-2.947778e+00,-4.629951e+00,2.733279e+01
1148,2.480852e-17,-1.230989e-04,-1.931329e-05,5.004810e-04,-1.393292e+00,-1.557625e+00,1.151468e+01
1149,1.034913e-16,-1.100023e-04,1.179878e-05,5.090826e-04,-2.475539e-01,-1.173937e+00,1.033913e+01
1150,2.311619e-17,-1.122010e-04,6.023278e-06,4.996788e-04,-8.010209e-02,-1.958491e+00,2.448124e+01
1151,2.940755e-18,-1.148642e-04,3.051943e-06,5.151845e-04,1.246717e+00,-4.841545e+00,2.962733e+01
1152,3.763386e-18,-1.133810e-04,6.688920e-06,5.030617e-04,-1.854119e-01,1.820695e-01,1.831596e+01
1153,4.199045e-18,-1.101814e-04,-1.265194e-05,5.057720e-04,3.114334e-01,1.040566e+00,7.685842e+00
1154,8.579740e-17,-1.045552e-04,-1.208934e-05,5.130548e-04,5.339221e-02,2.833251e-01,1.136660e+00
1155,9.873084e-17,-1.099611e-04,1.649841e-06,5.204941e-04,7.701255e-01,-5.089173e-01,7.002139e+00
1156,4.270533e-18,-1.132740e-04,4.262341e-06,5.105478e-04,7.909703e-03,-3.248996e+00,2.588944e+01
1157,5.101172e-18,-1.187460e-04,-6.255463e-06,5.131889e-04,2.333044e-01,-7.437526e-02,5.181213e+00
1158,2.680533e-17,-1.248533e-04,-7.806172e-06,5.097647e-04,7.483446e-01,-1.331490e+00,5.053953e+00
1159,4.593760e-18,-1.054625e-04,-3.905138e-06,5.170787e-04,-3.829556e-01,-7.894905e-02,5.302367e+00
1160,1.624735e-18,-1.226193e-04,-8.589138e-06,5.070772e-04,5.002977e-01,3.538692e+00,9.572818e+00
1161,1.448865e-18,-1.078153e-04,-1.797856e-05,5.163576e-04,-7.810126e-03,-1.461804e-01,1.219194e+00
1162,1.673550e-18,-1.054116e-04,2.289247e-06,5.139049e-04,-8.242006e-02,3.301407e-01,3.981918e+00
1163,4.086089e-18,-1.039062e-04,1.015661e-05,5.024819e-04,-2.101565e-01,8.859034e-02,-2.593898e-03
1164,2.360547e-18,-9.297442e-05,-7.652993e-07,5.469435e-04,-2.506591e-01,3.708591e-01,1.012328e+01
1165,2.163800e-16,-8.461502e-05,6.554920e-06,5.391014e-04,3.738050e-01,-1.306452e-01,1.144795e+01
1166,1.630948e-17,-8.198367e-05,-1.199755e-06,5.411795e-04,-7.175356e-01,-1.749769e-01,1.244966e+01
1167,3.941750e-17,-9.091434e-05,3.177238e-06,5.286388e-04,1.963578e+00,-2.280265e-01,1.353886e+01
1168,4.698953e-18,-8.273837e-05,1.962307e-05,5.497488e-04,-3.679241e-01,2.362673e+00,1.734928e+01
1169,1.086353e-17,-7.724791e-05,1.784773e-05,5.425596e-04,2.619165e+00,3.524872e-01,1.001986e+01
1170,3.107083e-18,-7.812384e-05,-3.755829e-09,5.327634e-04,-1.546312e-01,2.144179e-01,9.492508e+00
1171,2.054248e-17,-8.769404e-05,-1.574239e-06,5.489121e-04,-4.174332e-01,3.070155e-01,9.952490e+00
1172,1.088297e-18,-8.183361e-05,3.129091e-06,5.423071e-04,4.337960e-01,-1.091922e-01,-1.465447e-01
1173,1.252952e-16,-1.349154e-04,-1.859877e-05,5.173703e-04,2.567324e-01,-1.925467e-01,4.953868e+00
1174,2.906613e-18,-1.335876e-04,-1.484374e-05,5.012083e-04,-1.825678e-01,-1.550734e-03,1.665134e-01
1175,5.815220e-18,-1.374976e-04,-1.172262e-05,5.094128e-04,3.373656e-02,6.233622e-02,3.443571e+00
1176,6.554160e-18,-1.273607e-04,-1.044949e-05,5.171056e-04,6.592942e-01,6.785803e-01,4.497284e+00
1177,1.814760e-18,-1.476548e-04,-1.316316e-05,5.161295e-04,5.425768e-02,-1.155885e-01,4.501016e+00
1178,1.662464e-18,-1.453140e-04,-3.125285e-06,5.078557e-04,1.092695e-02,-8.127689e-02,1.048680e+00
1179,2.638390e-18,-1.406255e-04,-9.372233e-06,5.190221e-04,-8.620200e-02,-8.576176e-02,1.177451e+00
1180,6.205496e-19,-1.300771e-04,-1.799584e-05,5.163481e-04,-1.655576e+00,-1.331508e+00,-1.356870e+00
1181,1.731371e-16,-1.361056e-05,2.015741e-04,5.155497e-04,-1.544333e-01,-7.229246e-01,9.453770e+00
1182,2.833423e-17,-1.256173e-05,2.062640e-04,5.250580e-04,-8.490556e-01,-4.628813e-01,1.024605e+01
1183,1.427393e-17,-1.987160e-05,2.251967e-04,5.022850e-04,-1.275031e+00,4.227250e-01,4.032679e+00
1184,1.521150e-17,-2.424920e-06,2.048734e-04,5.072827e-04,8.724749e-02,1.831517e+00,3.224582e+00
1185,1.233391e-17,1.152793e-06,2.203863e-04,5.163314e-04,-7.404311e-01,1.710668e+00,1.010205e+01
1186,8.070775e-17,-1.746360e-05,2.165477e-04,5.000374e-04,-1.815410e-01,4.552480e-01,9.201784e+00
1187,1.096178e-18,-7.037916e-06,2.085976e-04,5.078725e-04,-2.350362e-01,6.504223e-02,2.385988e+00
1188,5.033549e-17,-1.530015e-05,2.214188e-04,5.135304e-04,-1.281627e-01,4.262468e-01,5.127941e+00
1189,4.293549e-18,-2.346674e-06,2.148427e-04,5.077946e-04,-1.002528e-01,-5.432296e-02,4.773481e+00
1190,1.312122e-16,3.741058e-06,2.058341e-04,5.032597e-04,-5.192049e-01,6.430828e-01,3.925121e+00
1191,3.008766e-18,-1.718885e-05,2.070311e-04,5.251812e-04,-1.956100e-01,3.313342e-02,3.381886e+00
1192,1.358258e-18,-2.358415e-06,2.148488e-04,5.132440e-04,-2.848368e-01,1.371242e-01,2.850395e+00
1193,5.228171e-18,-7.817882e-07,2.078085e-04,5.178731e-04,1.842191e-02,1.432618e-01,6.104517e+00
1194,7.235738e-18,-7.815614e-07,2.035032e-04,5.262781e-04,-7.916337e-02,-1.051454e+00,6.908892e+00
1195,3.310848e-18,-6.252206e-06,2.218785e-04,5.221233e-04,-6.309852e-02,9.299411e-02,2.908745e+00
1196,3.107918e-18,-1.406563e-05,2.179744e-04,5.252000e-04,-3.779392e-01,1.068909e-01,2.347537e+00
1197,2.186737e-17,-1.927634e-05,2.188000e-04,5.213992e-04,4.160368e-01,2.756829e-01,5.615240e-01
1198,1.256057e-16,1.990421e-06,2.287516e-04,5.252799e-04,1.783925e-01,-1.598652e+00,1.306350e+01
1199,4.237679e-18,6.838473e-07,2.289917e-04,5.163192e-04,-1.302699e+00,-5.095059e-02,1.944945e+01
1200,6.777762e-18,7.797489e-07,2.289019e-04,5.066306e-04,-9.704178e-02,8.200611e-01,1.364760e+01
1201,7.679584e-19,7.786538e-07,2.496075e-04,5.101549e-04,-1.350726e-02,2.149972e-01,5.836870e+00
1202,2.061300e-16,2.746101e-08,2.483595e-04,5.213515e-04,-5.012222e-01,1.570152e-01,7.898184e+00
1203,2.819964e-17,1.891863e-05,2.490712e-04,5.142933e-04,1.590096e+00,-2.616893e-02,1.222421e+01
1204,3.008571e-18,1.637172e-05,2.496105e-04,5.002788e-04,3.511560e-02,-8.160687e-02,8.273826e+00
1205,1.206741e-17,1.849067e-06,2.259905e-04,5.166442e-04,4.103841e-01,-7.260822e-01,1.476705e+01
1206,5.076242e-18,7.416053e-06,2.389915e-04,5.152603e-04,3.492880e-01,-7.584542e-01,8.420670e+00
1207,7.652168e-19,1.289049e-05,2.279982e-04,5.250522e-04,-4.106847e-02,7.730347e-02,5.431878e+00
1208,3.018803e-18,1.406532e-05,2.453052e-04,5.044469e-04,4.404016e-01,-2.267790e-01,5.958811e-01
1209,4.551322e-18,2.224700e-05,2.494806e-04,5.247699e-04,4.035601e-01,1.162618e-01,4.333966e+00
1210,1.198844e-18,1.250770e-05,2.281248e-04,5.117024e-04,7.149804e-02,-1.844733e-01,1.917627e+00
1211,4.180502e-17,4.258531e-06,2.425066e-04,5.488303e-04,-2.636882e-01,-5.054451e-02,8.396338e+00
1212,1.510861e-17,2.161628e-06,2.265631e-04,5.409016e-04,-4.644347e-02,-3.557721e-02,2.068158e+01
1213,6.832005e-17,1.051082e-05,2.486934e-04,5.406696e-04,-3.493587e-01,2.214597e-01,6.426977e+00
1214,3.927988e-17,5.320878e-07,2.412907e-04,5.407540e-04,-4.340257e-01,1.610308e+00,9.412943e+00
1215,7.371681e-18,8.594466e-06,2.351595e-04,5.396134e-04,8.930658e-01,9.579719e-01,7.713905e+00
1216,8.975808e-17,9.033698e-06,2.355902e-04,5.398923e-04,8.492317e-01,4.367027e-01,6.203781e+00
1217,1.559065e-17,1.150096e-05,2.245408e-04,5.359574e-04,1.756190e+00,-4.772695e-02,9.165795e+00
1218,9.314317e-18,4.499996e-06,2.296378e-04,5.446178e-04,3.378038e+00,1.056284e+00,1.037643e+01
1219,2.300856e-18,1.411916e-05,2.375635e-04,5.412496e-04,3.484645e-01,-1.155364e-01,3.165289e+00
1220,3.312898e-18,1.286019e-05,2.496084e-04,5.476800e-04,1.542256e+00,7.661097e-02,3.347336e+00
1221,5.281036e-18,3.214569e-06,2.445431e-04,5.385540e-04,-3.672774e-01,6.714647e-01,3.668253e+00
1222,1.155110e-18,1.797849e-05,2.304695e-04,5.422866e-04,3.385124e-01,-4.078157e-03,2.177294e+00
1223,7.584438e-18,-2.399815e-05,2.492930e-04,5.150799e-04,-9.537238e+00,1.016137e+00,2.727097e+01
1224,1.441300e-17,-7.770236e-06,2.278760e-04,5.018998e-04,6.671052e-01,-5.482602e-01,5.891273e+00
1225,1.867477e-17,-1.406456e-05,2.231932e-04,5.452462e-04,5.488903e-01,-1.874818e+00,1.025108e+01
1226,1.163219e-17,-1.051553e-05,2.442581e-04,5.496328e-04,-7.253557e-01,1.935070e+00,1.375738e+01
1227,4.310863e-17,-1.545803e-05,2.489753e-04,5.303007e-04,-2.599436e-01,7.017365e-03,7.156365e+00
1228,9.939870e-17,-7.986297e-06,2.284753e-04,5.205010e-04,3.002085e-01,-5.396514e-01,7.548367e+00
1229,8.302368e-17,-1.044331e-05,2.486839e-04,5.434610e-04,-1.206657e+00,-3.313402e-02,6.778924e+00
1230,1.028618e-18,-2.248141e-05,2.496078e-04,5.088698e-04,-2.403237e+00,3.353581e-01,2.351967e+01
1231,2.299734e-17,-9.254216e-06,2.330457e-04,5.027979e-04,1.212705e+00,3.957279e-02,7.589945e+00
1232,3.774489e-18,-2.142725e-06,2.265693e-04,5.037129e-04,-1.465723e+00,-1.069848e+00,8.191920e+00
1233,1.950484e-18,-2.032796e-05,2.496088e-04,5.021515e-04,-1.362791e+00,5.226382e-01,1.939980e+01
1234,1.079438e-18,-2.130406e-05,2.496099e-04,5.052849e-04,-8.997347e-01,5.018756e-01,2.035398e+01
1235,7.673468e-18,-1.093219e-05,2.359428e-04,5.064530e-04,-7.136314e-01,-1.007137e-01,3.149012e+00
1236,2.817849e-18,-8.592008e-06,2.289037e-04,5.136176e-04,-2.589181e-01,1.296940e-02,8.230936e+00
1237,4.575605e-18,-9.371006e-06,2.328163e-04,5.406119e-04,-7.118870e-02,1.473727e-01,5.000194e+00
1238,4.820596e-18,-1.406287e-05,2.343813e-04,5.279800e-04,-7.176634e-02,5.857933e-01,6.902893e+00
1239,2.855182e-18,-3.906609e-06,2.398440e-04,5.267451e-04,-5.457343e-02,-7.107903e-03,3.160741e+00
1240,4.424113e-18,-3.883799e-06,2.336250e-04,5.346092e-04,5.599656e-02,8.614896e-03,2.873351e-01
1241,1.474701e-16,1.282706e-05,2.152917e-04,5.441533e-04,1.122884e+00,-1.299786e-01,5.912427e+00
1242,1.497379e-16,2.104416e-05,2.014251e-04,5.431419e-04,3.155690e-01,-5.616080e-01,4.056135e+00
1243,5.392526e-17,-8.069127e-06,2.163350e-04,5.314771e-04,-1.268737e+00,6.072046e-01,9.686304e+00
1244,2.545702e-18,-6.253189e-06,1.992193e-04,5.440130e-04,1.326517e-01,-1.951835e-01,4.469540e+00
1245,1.196990e-17,-1.036615e-05,2.024105e-04,5.419328e-04,5.360731e-01,-6.776559e-01,7.380742e+00
1246,7.100230e-18,5.473336e-07,2.195485e-04,5.356379e-04,-1.378019e-01,-1.355029e-02,1.258997e+01
1247,4.957731e-19,-1.757878e-05,2.070309e-04,5.399589e-04,-3.818095e-01,-1.326436e-03,1.206061e-01
1248,1.816380e-16,1.644395e-05,1.962835e-04,5.273421e-04,3.908429e-01,5.388925e-01,6.085162e+00
1249,4.877262e-18,1.559549e-06,2.195301e-04,5.277568e-04,4.397573e-02,4.055970e-01,1.194873e+01
1250,4.348159e-18,6.612418e-06,2.203168e-04,5.327271e-04,-2.442574e+00,-4.238949e-02,1.069245e+01
1251,1.633761e-18,7.793235e-06,2.171881e-04,5.286051e-04,8.116652e-02,-1.393106e-01,1.290555e+01
1252,4.980663e-18,1.055761e-05,2.203388e-04,5.456911e-04,-6.134363e-01,1.080284e-01,1.128404e+01
1253,3.004162e-18,2.343889e-06,2.222746e-04,5.495269e-04,-5.125579e-01,-3.065582e+00,2.240113e+01
1254,2.569065e-17,1.560060e-05,2.094618e-04,5.378838e-04,1.937806e-01,4.626198e-01,7.838200e+00
1255,1.760801e-17,9.726023e-06,2.108868e-04,5.382331e-04,8.146913e-02,-6.864717e-01,5.683203e+00
1256,1.739732e-17,9.452995e-06,2.064208e-04,5.491694e-04,-1.205870e-01,-2.732080e-01,1.212438e+01
1257,3.452222e-18,2.031711e-05,2.210922e-04,5.380872e-04,7.818548e-01,-7.970430e-02,6.142526e+00
1258,1.202714e-18,2.112636e-05,2.210896e-04,5.407563e-04,7.469786e-01,3.801560e-02,2.801914e+00
1259,2.606510e-18,1.641197e-05,2.226541e-04,5.403775e-04,-2.392072e-01,2.001011e-03,3.268860e+00
1260,1.731532e-18,1.085286e-05,2.174006e-04,5.406915e-04,-1.214703e-01,2.942001e-01,1.672756e+01
1261,4.879880e-19,-1.574219e-04,-1.171689e-06,4.747703e-04,-1.439032e+00,1.425477e+00,-6.645340e+00
1262,5.453317e-19,-1.577999e-04,-1.952803e-06,4.728170e-04,5.794690e-01,-6.590735e-01,-1.091382e+01
1263,2.713832e-19,-1.691404e-04,-4.296305e-06,4.728144e-04,-1.466220e-01,4.209540e+00,-6.001469e+00
1264,7.013946e-19,-1.571308e-04,-1.914193e-05,4.720238e-04,4.808090e-01,-3.594721e-01,-8.847794e+00
1265,2.606758e-19,-1.582032e-04,-1.171838e-06,4.720366e-04,1.039962e-01,-8.742014e-01,-1.268263e+01
1266,6.123126e-19,-1.464805e-04,1.718375e-05,4.767000e-04,1.128536e+00,6.893474e-02,-4.375776e-01
1267,3.570794e-17,7.273266e-05,2.401184e-05,4.905458e-04,-3.644418e-02,-1.473631e-02,-1.305352e+00
1268,3.694696e-17,7.205395e-05,-1.291630e-06,4.890289e-04,-1.046719e-01,-5.140513e-01,1.039465e+01
1269,7.526012e-17,6.781787e-05,-4.612836e-06,4.857844e-04,7.075210e-01,7.799097e-01,7.258123e+00
1270,3.574425e-17,7.523751e-05,-1.138179e-05,4.917779e-04,9.101490e-01,3.639822e-01,9.734517e+00
1271,2.941238e-18,6.796173e-05,1.796108e-05,4.872189e-04,4.302801e-01,3.816306e-02,6.162418e+00
1272,4.391447e-18,6.171932e-05,1.899246e-06,4.966139e-04,-1.341888e-02,-6.936074e-01,5.522137e+00
1273,2.520415e-19,5.273429e-05,-4.298396e-06,4.946582e-04,-1.572061e-02,-7.859461e-01,4.154861e+00
1274,4.919974e-18,5.468140e-05,-9.379619e-06,4.947702e-04,2.465006e-01,-1.186005e-01,7.991001e+00
1275,1.327004e-17,7.269265e-05,-2.722759e-06,4.760545e-04,5.661891e-01,-1.894414e-01,-2.225217e-01
1276,8.644607e-18,6.278785e-05,-8.596154e-06,4.884182e-04,1.220838e+00,-4.937559e-01,3.966663e+00
1277,4.956778e-19,6.210940e-05,-1.172736e-06,4.817854e-04,-2.154934e-01,-1.256917e-01,1.955888e+00
1278,4.645788e-17,7.381689e-05,-2.386895e-05,4.949932e-04,3.029064e-02,-2.268807e-02,-1.499647e+00
1279,3.817159e-18,7.342259e-05,-3.992756e-06,4.955641e-04,7.377563e-01,5.198406e-01,1.204100e+01
1280,4.551158e-18,7.581364e-05,-1.084752e-05,4.860687e-04,7.802743e-02,-2.905627e-01,9.783561e+00
1281,3.484212e-18,7.275156e-05,-1.522568e-06,4.836367e-04,2.119116e+00,1.606221e+00,9.841495e+00
1282,3.965779e-18,7.344417e-05,-4.218373e-06,4.909263e-04,-8.354327e-02,7.538949e-01,8.732015e+00
1283,1.625595e-18,6.636264e-05,-5.860187e-06,4.800490e-04,-1.304957e+00,1.170614e+00,6.178420e+00
1284,6.747279e-19,6.601577e-05,-5.078234e-06,4.777812e-04,1.511184e+00,2.599935e-01,1.860072e+00
1285,5.568604e-18,7.346670e-05,-4.744974e-06,4.859771e-04,1.140752e-01,-8.644371e-01,7.406414e+00
1286,3.147667e-17,6.061984e-05,-2.403926e-05,4.850658e-04,-1.436979e-02,-2.180672e-02,-1.461235e+00
1287,1.190090e-18,6.795900e-05,1.794487e-05,4.970127e-04,4.725991e-01,-4.365375e-01,1.444253e+01
1288,5.117715e-18,6.641328e-05,3.125758e-06,4.978056e-04,-1.078223e-01,8.821186e-03,2.133026e+00
1289,2.160780e-17,7.278852e-05,2.044879e-05,4.826262e-04,5.154167e-01,3.632694e-01,5.344055e+00
1290,2.022382e-18,5.563462e-05,1.496901e-05,4.927220e-04,4.478660e-01,8.350500e-01,1.315104e+00
1291,3.521841e-18,6.327854e-05,1.563556e-06,4.848938e-04,-1.839668e-01,-4.226237e-02,2.959300e+00
1292,4.787423e-18,6.015459e-05,4.727159e-06,4.881393e-04,7.421810e-02,-1.250123e-01,4.263882e+00
1293,2.931444e-18,6.795625e-05,1.720334e-05,4.786743e-04,9.002206e-03,-3.299263e-01,4.869065e-01
1294,9.831870e-17,8.115203e-05,1.215891e-05,4.886577e-04,-6.138920e-01,-7.538397e-01,2.133049e+00
1295,1.471657e-16,8.768614e-05,-7.913905e-06,4.871828e-04,-1.308206e+00,1.602942e+00,7.239988e+00
1296,6.619191e-17,9.329974e-05,2.389621e-05,4.828317e-04,-1.399551e-01,6.191064e-01,-8.279103e-01
1297,1.546024e-17,9.143560e-05,-1.631332e-05,4.976863e-04,-6.378954e-01,-1.072929e+00,2.467616e+01
1298,1.603094e-18,8.737495e-05,-6.027372e-06,4.810812e-04,-7.198727e-01,-3.611752e-01,6.511033e+00
1299,2.939333e-18,7.968788e-05,-1.017415e-05,4.918477e-04,1.069682e-01,-1.235062e+00,6.965013e+00
1300,6.221704e-18,9.052655e-05,-1.353316e-05,4.821436e-04,6.721808e-01,2.250577e+00,9.416186e+00
1301,8.412984e-17,9.242566e-05,1.320042e-05,4.871043e-04,-2.517567e-01,-1.938720e-01,5.049732e+00
1302,1.482611e-17,7.909747e-05,1.989789e-05,4.884267e-04,-1.119646e+00,5.953056e-01,3.070030e+00
1303,5.045281e-18,9.449338e-05,-1.135885e-06,4.973065e-04,1.165531e+00,-1.584239e+00,1.159402e+01
1304,2.852038e-18,8.984072e-05,-7.795596e-07,4.872473e-04,1.117557e-02,4.923627e-02,3.705575e+00
1305,6.677094e-18,8.515618e-05,-3.127407e-06,4.801130e-04,9.060692e-02,-8.422336e-02,1.078146e+00
1306,3.779063e-18,7.969287e-05,-8.666483e-06,4.858876e-04,8.666632e-02,-2.348072e-01,4.063785e+00
1307,3.113193e-18,8.984259e-05,-7.890009e-07,4.942244e-04,4.332664e-02,1.286113e+00,6.810421e+00
1308,7.440786e-19,8.034600e-05,-1.548500e-05,4.821742e-04,5.267929e-01,-7.757427e-01,-1.706530e+00
1309,1.307103e-18,8.515804e-05,-3.128312e-06,4.931026e-04,6.097879e-02,-7.123592e-02,5.420573e+00
1310,9.067467e-18,9.068637e-05,-1.559606e-05,4.891097e-04,-1.493667e+00,-1.067376e+00,1.749438e+01
1311,5.960667e-19,8.747078e-05,-8.986040e-06,4.774900e-04,1.086814e+00,1.920242e+00,-6.636246e-01
1312,1.130086e-18,8.710978e-05,-8.411279e-06,4.811246e-04,7.095253e-01,3.349961e+00,5.753133e+00
1313,3.420259e-18,8.973084e-05,-1.127282e-05,4.856239e-04,-2.540569e+00,-6.528163e-01,1.349957e+01
1314,7.365602e-18,9.545565e-05,-3.123816e-06,4.799153e-04,7.361711e-01,-1.091633e-01,8.919826e-01
1315,3.612568e-18,7.651680e-05,-1.092795e-05,4.823604e-04,3.883915e-01,2.119503e-01,6.798831e+00
1316,3.971741e-18,7.734259e-05,-1.092702e-05,4.773972e-04,6.370661e-01,1.511660e-01,1.633057e+00
1317,1.046881e-18,8.812154e-05,-1.109766e-05,4.813938e-04,-3.998768e+00,-3.422938e-01,7.730664e+00
1318,8.980756e-19,8.768336e-05,-9.765857e-06,4.764627e-04,4.829031e-01,2.778473e+00,-1.066740e+00
1319,1.178228e-18,8.515121e-05,-3.112482e-06,4.915439e-04,2.189171e-02,1.921530e-02,5.497338e+00
1320,2.726944e-18,8.507279e-05,-3.092101e-06,4.865663e-04,-4.414020e-01,-5.252779e-01,3.205975e+00
1321,2.156087e-17,8.630320e-05,5.346294e-06,4.951278e-04,-2.631542e-01,-5.488576e-01,7.102048e+00
1322,4.691585e-18,8.984469e-05,1.328335e-05,4.977849e-04,2.406622e-01,7.261338e-02,2.122361e+00
1323,1.677392e-17,8.752597e-05,1.866972e-05,4.842738e-04,2.523589e-01,3.064507e-02,2.638150e+00
1324,2.359699e-18,9.692366e-05,3.172961e-06,4.881622e-04,-1.084723e-01,-2.399583e-02,1.160077e+00
1325,1.194953e-18,9.320066e-05,1.229878e-05,4.913523e-04,-2.231523e-01,-1.935548e-01,-1.218967e+00
1326,2.497067e-18,9.381406e-05,1.335328e-05,4.820500e-04,8.461216e-02,-3.978087e+00,7.745265e+00
1327,5.877101e-19,9.453166e-05,1.172053e-06,4.946591e-04,-1.159584e+00,9.659148e-02,1.036174e+01
1328,5.289181e-19,9.374297e-05,1.601650e-05,4.774886e-04,-2.887722e-02,1.884825e-01,6.688430e-01
1329,2.484303e-18,9.445804e-05,7.026001e-07,4.871650e-04,-3.530469e-01,-5.579741e-01,5.997540e+00
1330,2.838158e-18,9.377066e-05,7.711835e-07,4.770394e-04,4.312977e-01,-2.029762e-01,-2.281239e+00
1331,3.017710e-19,9.179928e-05,1.367563e-05,4.774944e-04,-2.839737e+00,-2.057807e+00,-2.373422e+00
1332,2.368339e-18,7.656222e-05,2.460933e-05,4.799647e-04,1.187169e-01,-1.184363e-02,-2.445268e+00
1333,1.012587e-17,1.623863e-06,4.608881e-05,4.884092e-04,-7.800785e-01,-2.778092e-01,2.416708e-01
1334,5.552167e-18,-1.193534e-05,4.741405e-05,4.997829e-04,2.501277e+00,-4.995115e-01,1.449064e+01
1335,6.215147e-17,-1.331424e-05,4.908171e-05,4.805058e-04,-3.052884e-01,-1.020297e+00,2.237490e+00
1336,3.975359e-18,-1.098977e-05,4.917634e-05,4.977356e-04,-1.292419e+00,-1.118338e-01,1.103366e+01
1337,7.634743e-18,-2.421852e-05,3.593798e-05,4.802383e-04,6.918988e-02,2.323235e-02,-1.516570e+00
1338,2.804902e-17,7.808047e-07,2.891420e-05,4.902941e-04,-2.352488e+00,1.058146e-01,7.835312e+00
1339,1.580040e-17,-1.384460e-05,4.339278e-05,4.840376e-04,1.361303e+00,-1.210209e+00,1.177516e+01
1340,4.020686e-17,5.847371e-07,4.955189e-05,4.861100e-04,4.266225e-01,-2.309717e-01,4.703038e+00
1341,2.812728e-17,-3.530204e-07,2.789058e-05,4.775393e-04,1.031932e+00,2.867305e+00,-1.289371e-01
1342,2.880628e-17,-1.075295e-05,2.870174e-05,4.776462e-04,2.383711e-03,-2.027535e+00,-8.414636e-02
1343,2.449931e-17,-2.270759e-05,3.847336e-05,4.916635e-04,-1.039000e+00,-1.257142e+00,1.984802e+00
1344,2.322171e-18,-1.003289e-05,4.927966e-05,4.896430e-04,2.227714e+00,5.440668e-01,4.800103e+00
1345,7.727797e-19,-1.133102e-05,4.922353e-05,4.930931e-04,2.037518e+00,6.247611e-01,8.320703e+00
1346,2.918806e-19,-1.055009e-05,4.882775e-05,4.860693e-04,1.514978e+00,1.175249e+00,2.037063e-01
1347,2.544902e-17,-2.409141e-05,3.470794e-05,4.975188e-04,5.973733e-02,2.426843e-02,-9.277289e-01
1348,3.197842e-17,-2.392057e-05,3.596129e-05,4.803995e-04,-4.128902e-03,3.170251e-02,-1.248700e+00
1349,1.524428e-17,-4.744890e-06,4.609734e-05,4.963630e-04,9.538718e-01,-5.141749e-01,1.264060e+01
1350,1.325893e-18,-5.663909e-06,4.321385e-05,4.781033e-04,1.315217e+00,2.316926e+00,5.685452e+00
1351,2.487787e-19,-1.601259e-05,5.117278e-05,4.696698e-04,-1.294986e+00,-1.730565e+00,-1.162534e+01
1352,2.990680e-18,-1.484925e-05,5.164176e-05,4.727361e-04,9.084303e-02,7.097708e-01,-6.163031e+00
1353,1.364624e-18,-1.717777e-05,6.871677e-05,4.759245e-04,-1.075664e-01,-3.357011e-01,8.075594e-01
1354,2.871150e-19,-1.523563e-05,5.117564e-05,4.712355e-04,-4.061231e-01,-4.623545e-01,-8.989256e+00
1355,9.511378e-17,-1.002378e-05,2.247963e-04,4.778363e-04,-9.856810e-01,1.577145e-01,9.738653e-01
1356,1.256747e-18,5.238926e-06,2.380775e-04,4.772731e-04,7.387993e-01,2.807123e-01,3.127289e+00
1357,1.046720e-18,3.514385e-06,2.378907e-04,4.720622e-04,-1.386781e+00,-2.620568e-01,-4.834004e+00
1358,1.475031e-17,-7.786845e-06,2.439468e-04,4.727334e-04,-1.487270e-01,-2.194343e+00,-1.291352e+00
1359,1.289947e-18,-2.358547e-06,2.367035e-04,4.767199e-04,1.395807e-01,8.096305e-02,-8.006713e-01
1360,7.620849e-17,8.965908e-06,2.230548e-04,4.968368e-04,2.327269e-01,-5.923696e-01,8.822707e+00
1361,1.021000e-16,-1.370043e-05,2.423487e-04,4.918634e-04,-1.165937e-01,5.751176e-01,6.632767e+00
1362,8.991494e-17,2.366038e-05,2.318235e-04,4.972729e-04,7.126426e-01,4.481146e-01,1.948856e-01
1363,3.310821e-17,-1.057701e-05,2.373383e-04,4.873209e-04,-2.014800e+00,-1.836923e-01,8.090306e+00
1364,2.075902e-17,1.663181e-05,2.458544e-04,4.903460e-04,-5.029125e-01,-4.451571e-01,6.646655e+00
1365,2.865762e-17,5.225052e-06,2.372822e-04,4.841532e-04,-2.599372e-01,-6.387294e-01,6.686142e+00
1366,2.506512e-19,1.835859e-05,2.308580e-04,4.970138e-04,1.562782e-01,2.184564e-01,2.227457e+00
1367,1.480259e-17,1.623698e-05,2.406464e-04,4.784913e-04,-3.490997e-01,2.877286e-01,1.416217e+00
1368,8.237293e-19,1.562589e-05,2.496084e-04,4.938791e-04,1.064641e-01,6.281040e-01,5.996954e+00
1369,6.656912e-18,8.112705e-07,2.296040e-04,4.955086e-04,4.868422e-01,-3.833679e-01,8.553080e+00
1370,3.788636e-17,6.110539e-08,2.295251e-04,4.871257e-04,-2.894001e+00,-1.409242e+00,5.067770e+00
1371,1.389447e-17,8.481408e-06,2.367563e-04,4.911540e-04,-1.204961e+00,-6.220519e-02,-7.296267e-01
1372,4.212221e-18,1.256100e-05,2.265949e-04,4.971036e-04,5.717121e-01,7.385380e-01,1.711189e+00
1373,5.579384e-18,8.578413e-06,2.297516e-04,4.953917e-04,6.667759e-02,-6.988063e-03,6.345953e-01
1374,2.853159e-18,1.579657e-06,2.328068e-04,4.794647e-04,-5.215937e-04,1.482505e+00,4.430907e+00
1375,2.561837e-18,7.821035e-08,2.328993e-04,4.818631e-04,-2.529019e+00,6.238491e-01,3.454238e+00
1376,6.314361e-19,7.756606e-07,2.496093e-04,4.798423e-04,2.045205e-01,2.361469e-01,-3.405314e+00
1377,5.394051e-19,5.860965e-06,2.378911e-04,4.794145e-04,5.691050e-01,6.838643e-02,5.552691e+00
1378,1.206901e-17,-7.841334e-07,2.265599e-04,4.961526e-04,-1.223039e-03,7.092381e-02,7.810898e+00
1379,1.337966e-17,-5.460788e-06,2.468573e-04,4.943217e-04,-1.787043e-01,9.486859e-03,1.843268e+00
1380,1.628426e-17,-1.251630e-05,2.430563e-04,4.824982e-04,-1.099297e-01,-6.809477e-01,6.976142e+00
1381,1.246208e-18,-1.325301e-05,2.335865e-04,4.907682e-04,2.972087e-01,-2.176024e-01,3.431147e+00
1382,2.360781e-18,-1.878601e-05,2.496101e-04,4.987650e-04,1.269769e+00,3.790022e-01,1.788067e+01
1383,1.168645e-17,-1.669319e-05,2.496093e-04,4.856776e-04,-6.122549e-01,2.161369e-01,9.252084e+00
1384,9.650986e-18,-1.653010e-05,2.357201e-04,4.876070e-04,-1.283641e-01,-1.342272e-01,9.307018e-01
1385,4.568000e-17,-2.394671e-05,2.423118e-04,4.953115e-04,5.235762e-03,-1.063306e-01,-1.097792e+00
1386,2.680941e-18,-1.568007e-06,2.265572e-04,4.818697e-04,2.287422e-01,4.693019e-02,2.444353e+00
1387,9.999667e-18,-2.415478e-05,2.492137e-04,4.906620e-04,1.230887e-02,-5.535070e-02,-9.037439e-01
1388,2.484236e-18,-1.824272e-05,2.496095e-04,4.947825e-04,6.479155e-01,4.054947e-01,1.578103e+01
1389,5.699427e-19,-4.651045e-06,2.496094e-04,4.923173e-04,-7.326712e-02,1.454362e-01,1.543251e+00
1390,1.201054e-18,-8.583421e-06,2.289109e-04,4.853043e-04,9.853024e-02,2.931091e-01,-6.248582e-01
1391,4.865581e-18,-8.829154e-06,2.376182e-04,4.826123e-04,-1.416078e+00,5.233801e-01,8.708171e+00
1392,4.347451e-19,-1.289107e-05,2.441393e-04,4.884180e-04,-3.760963e-01,1.282393e+00,1.018243e+01
1393,2.381505e-16,-5.979510e-05,-1.263504e-05,4.937660e-04,2.363035e-01,-4.531047e-01,1.514230e+00
1394,2.391100e-19,-6.054722e-05,-4.297033e-06,4.759367e-04,1.687694e+00,2.104327e+00,2.886184e+00
1395,8.988324e-17,-5.920473e-05,-8.581717e-06,4.805654e-04,2.719855e+00,9.043135e-01,8.420916e+00
1396,3.080998e-17,-6.958775e-05,-7.143941e-06,4.846318e-04,-8.912238e-02,5.608367e-01,4.638600e+00
1397,4.299037e-19,-6.132952e-05,-1.289262e-05,4.767134e-04,1.119016e+00,4.853202e-02,5.015079e+00
1398,1.494490e-18,-6.179217e-05,-7.068543e-07,4.968688e-04,2.613636e-02,5.493052e-02,6.171085e+00
1399,4.860194e-18,-7.499833e-05,-1.405832e-05,4.993918e-04,2.866591e-01,-1.959620e-01,6.226546e+00
1400,2.892848e-18,-6.171638e-05,-7.853775e-07,4.903021e-04,-9.144613e-02,6.269546e-02,5.963605e+00
1401,5.846399e-19,-6.489518e-05,-1.601463e-05,4.790523e-04,-5.812890e-01,-1.667212e+00,4.811257e+00
1402,3.477973e-19,-5.976605e-05,-5.077920e-06,4.767151e-04,4.484051e-01,-7.071670e-01,5.137568e+00
1403,1.227590e-18,-7.499840e-05,-1.405991e-05,4.837292e-04,2.457276e-02,-4.260254e-03,9.297686e-01
1404,7.647799e-17,-7.622360e-05,1.874961e-06,4.795572e-04,-8.905547e-01,2.314901e+00,5.337419e-02
1405,3.235899e-18,-7.031364e-05,-8.595127e-06,4.888257e-04,5.512087e-03,-2.083650e-01,-2.352375e+00
1406,5.511869e-18,-7.498023e-05,-1.763144e-05,5.024865e-04,-1.814164e-01,-3.194083e-01,2.097292e+00
1407,2.373505e-18,-6.015446e-05,-2.460914e-05,4.845447e-04,1.125407e-01,-2.010648e-02,-2.827527e+00
1408,2.368014e-16,-9.968199e-05,-7.575683e-06,4.936112e-04,2.433510e-01,1.593601e+00,7.695257e+00
1409,3.880942e-18,-9.682681e-05,-2.217339e-05,5.000946e-04,1.114646e-02,-3.765242e+00,1.819881e+01
1410,6.122619e-19,-9.684437e-05,-1.211143e-05,4.759315e-04,-2.155687e+00,3.065821e+00,-1.871076e-01
1411,1.609283e-17,-9.934025e-05,-1.224691e-05,4.826764e-04,3.906031e+00,-2.896296e+00,6.551687e+00
1412,2.509761e-17,-9.718044e-05,-2.020982e-05,4.924363e-04,-6.356350e-01,-5.217806e-01,2.049738e+01
1413,1.735477e-17,-8.530649e-05,-2.324812e-05,4.907073e-04,-2.568311e+00,-2.084661e+00,6.987834e+00
1414,2.522570e-18,-8.046400e-05,-1.952012e-05,4.825545e-04,9.894676e-01,-1.379637e+00,4.493703e+00
1415,1.404847e-18,-1.008515e-04,-5.859739e-06,4.787772e-04,-1.485784e+00,1.196411e+00,3.922999e-01
1416,2.092921e-18,-8.749127e-05,-3.708249e-06,4.808718e-04,1.977173e-01,1.770717e+00,1.508340e+00
1417,3.221292e-19,-9.648612e-05,-2.070253e-05,4.985777e-04,1.142480e+00,-2.742184e+00,1.773391e+01
1418,5.187455e-18,-9.686124e-05,-1.646096e-05,4.863092e-04,-4.419850e-01,5.294213e-01,8.272345e+00
1419,1.739323e-17,-8.108719e-05,-1.636057e-05,5.013686e-04,-1.111778e+00,-9.626831e-01,5.905110e+00
1420,2.840586e-18,-8.750521e-05,-5.464683e-06,4.912509e-04,2.665217e-01,-4.926425e-01,2.649100e+00
1421,2.253269e-18,-9.690089e-05,-1.810622e-05,4.902503e-04,-2.600213e-01,-9.267506e-01,1.162766e+01
1422,5.557724e-18,-9.686629e-05,-1.558012e-05,4.823391e-04,1.947595e-01,-1.405166e+00,7.424990e+00
1423,8.073074e-18,-9.183739e-05,-1.391819e-05,5.023898e-04,3.250324e-01,1.016760e-01,6.172331e+00
1424,5.425610e-18,-7.806233e-05,-1.169557e-05,5.020853e-04,-1.325271e-01,-7.071833e-01,5.099465e+00
1425,1.380219e-18,-9.138569e-05,-1.800443e-05,5.016913e-04,-5.057316e-01,-5.496515e-01,1.542632e+00
1426,3.378523e-19,-9.726584e-05,-1.289276e-05,4.767112e-04,-2.370108e-01,3.681572e+00,-1.098054e-01
1427,6.674283e-19,-1.008558e-04,-4.297177e-06,4.759384e-04,9.994373e-01,6.921411e-01,-3.385338e+00
1428,3.097765e-18,-6.332942e-05,-1.641126e-05,4.739811e-04,8.915901e-01,-3.853950e+00,1.911696e+00
1429,1.316466e-18,-5.393579e-05,-7.077510e-06,4.743706e-04,8.233180e-01,-4.421956e-01,-3.339696e-01
1430,2.241908e-17,2.346058e-06,-2.039076e-04,4.601808e-04,1.941323e-02,-1.512604e-02,-6.206442e+00
1431,5.157370e-19,-3.515289e-06,-2.296843e-04,4.743772e-04,5.303076e-01,4.572911e+00,-1.887989e+00
1432,1.724985e-17,-1.400209e-04,-1.503719e-05,4.914893e-04,-1.604654e+00,-2.641712e+00,4.798719e+00
1433,2.428710e-16,-1.350998e-04,-6.572245e-06,4.941463e-04,1.067700e+00,-3.215480e-01,3.108693e+00
1434,5.627410e-18,-1.484361e-04,3.906894e-06,4.992268e-04,-1.846661e-01,-5.330616e-03,4.459695e+00
1435,5.428383e-18,-1.269396e-04,-1.487134e-05,4.948899e-04,1.287841e+00,-2.113345e+00,1.208530e+01
1436,1.328676e-17,-1.238502e-04,-6.849535e-06,4.943469e-04,1.004690e+00,-1.082982e+00,2.641695e+00
1437,3.895133e-18,-1.460726e-04,1.716306e-05,4.871655e-04,-4.142388e-01,1.765526e-01,6.127249e+00
1438,1.043205e-17,-1.334912e-04,1.556047e-05,4.897572e-04,-5.877902e-01,9.847358e-02,3.052386e+00
1439,1.731751e-17,-1.508566e-04,1.592317e-05,4.848894e-04,-6.081733e-01,-4.098553e-02,5.535229e+00
1440,1.676737e-18,-1.444842e-04,-3.189673e-06,4.932118e-04,7.243667e-01,-1.301418e-01,-2.811108e-01
1441,2.199305e-17,-1.453238e-04,1.810380e-05,4.955179e-04,5.307159e-01,2.895482e-01,9.083645e+00
1442,5.278079e-18,-1.237767e-04,-2.124961e-05,4.958518e-04,1.072349e+00,-4.205191e+00,1.234549e+01
1443,2.163504e-18,-1.327654e-04,-1.489990e-05,4.816734e-04,2.002641e-01,-1.048413e+00,3.327077e+00
1444,2.860103e-18,-1.398454e-04,4.688345e-06,4.988772e-04,-8.723308e-02,-4.847396e-03,3.431652e+00
1445,2.946465e-18,-1.336098e-04,1.562648e-05,4.974672e-04,-5.141052e-01,4.031883e-01,2.989420e+00
1446,4.649543e-17,-1.421021e-04,2.390747e-05,4.874639e-04,1.021161e-02,-3.629112e-02,-1.100885e+00
1447,1.888988e-17,-1.427804e-04,2.269079e-05,4.812759e-04,-1.557071e-01,1.197582e+00,1.991047e+00
1448,1.823298e-18,-1.501638e-04,1.573958e-05,4.786649e-04,-1.378637e+00,1.537908e+00,2.396576e+00
1449,2.099584e-17,-1.346699e-04,2.416362e-05,4.912025e-04,1.135895e-02,-4.170018e-02,-1.642283e+00
1450,7.914581e-18,-1.491675e-04,2.431531e-05,4.849408e-04,-4.273133e-02,6.218213e-02,-1.793467e+00
1451,2.283296e-18,-1.476728e-04,-1.328997e-05,4.981555e-04,-9.041610e-02,-9.587346e-02,-8.119238e-01
1452,9.260367e-19,-1.405008e-04,-8.423887e-06,4.837425e-04,7.600666e-01,-4.620949e-01,7.945418e-01
1453,6.223489e-18,-1.320330e-04,-9.578361e-06,4.893101e-04,-3.638281e-01,-4.429677e-01,7.268957e+00
1454,6.847842e-18,-1.274286e-04,-1.326167e-05,4.865478e-04,1.042562e+00,-1.331832e-01,6.416002e+00
1455,9.257362e-19,-1.279709e-04,-1.289119e-05,4.777475e-04,-8.045441e-01,-1.589074e+00,-3.059883e+00
1456,2.245176e-18,-1.273974e-04,-1.322468e-05,4.812955e-04,-1.664910e+00,8.866279e-01,2.931792e+00
1457,3.560163e-18,-1.328153e-04,-1.015936e-05,4.802238e-04,5.291980e-03,2.104051e-01,8.382411e-01
1458,3.026758e-19,-1.316406e-04,-9.765927e-06,4.774892e-04,1.244414e-02,-1.212035e-01,-9.996581e-01
1459,2.484196e-18,-1.476072e-04,-2.442556e-05,4.955907e-04,-7.614938e-03,-1.036442e-01,-2.299200e+00
1460,3.224986e-17,-1.511132e-04,-2.401354e-05,4.905402e-04,5.550116e-03,-2.786392e-02,-1.203840e+00
1461,1.727405e-18,-1.367207e-04,-2.460949e-05,4.966550e-04,1.775832e-01,-8.579411e-02,-3.333641e+00
1462,1.734412e-16,-1.616004e-04,-9.694844e-06,4.855388e-04,-7.369060e-01,-6.879652e-02,3.027492e+00
1463,4.624352e-17,-1.571486e-04,8.158558e-06,4.844973e-04,-1.260183e+00,-2.614663e-01,1.417325e+00
1464,9.402682e-19,-1.730478e-04,-6.393665e-06,4.979897e-04,-2.301940e+00,-1.801904e+00,1.269321e+01
1465,2.441627e-17,-1.568318e-04,1.223167e-05,4.921561e-04,2.013442e+00,-4.194999e-01,1.093238e+01
1466,5.980132e-17,-1.560330e-04,-4.290755e-06,4.828152e-04,2.329823e+00,-3.716062e+00,1.470337e-01
1467,1.938544e-17,-1.759165e-04,8.175832e-07,4.964381e-04,1.246976e+00,6.101051e-01,1.534890e+01
1468,4.765692e-18,-1.539479e-04,-8.009985e-06,4.928509e-04,2.711333e+00,-2.120431e+00,6.550722e+00
1469,2.987874e-17,-1.697718e-04,-5.860093e-06,4.847757e-04,-7.936816e-02,1.847784e+00,7.276581e+00
1470,7.278807e-17,-1.719498e-04,-1.397619e-06,4.840355e-04,-1.288383e+00,-2.007074e+00,4.957230e+00
1471,4.489933e-17,-1.714848e-04,-1.160012e-05,4.906940e-04,2.276936e+00,-2.350644e+00,6.496779e+00
1472,1.465273e-18,-1.590403e-04,1.154254e-05,4.868665e-04,2.977403e-01,-3.358476e-01,9.094055e+00
1473,1.805479e-17,-1.736688e-04,7.180895e-06,4.841955e-04,-6.099337e-01,-1.152456e+00,8.874814e-01
1474,5.035117e-18,-1.703153e-04,2.338758e-06,4.938593e-04,5.795389e-02,2.782599e-01,1.289837e+00
1475,1.832008e-18,-1.589856e-04,1.174390e-05,4.825856e-04,-5.291605e-01,-1.667334e+00,6.863277e+00
1476,1.552051e-18,-1.586769e-04,1.239382e-05,4.791669e-04,-2.393125e-01,1.972265e-01,3.557043e+00
1477,1.198744e-17,-1.578911e-04,2.426746e-05,4.914233e-04,-5.325906e-05,-2.504560e-02,-1.827523e+00
1478,1.398459e-17,-1.620361e-04,-1.878877e-05,4.939220e-04,-3.419926e+00,-5.040938e-01,1.201294e+01
1479,4.468876e-18,-1.584696e-04,-3.614622e-06,4.929892e-04,-1.737293e-01,9.931017e-01,2.805425e+00
1480,1.484731e-18,-1.695807e-04,-7.001013e-07,4.885439e-04,-6.112827e-01,-3.825526e-01,1.089842e+00
1481,8.515748e-19,-1.725428e-04,-3.761323e-06,4.977794e-04,2.163645e-01,4.771558e-01,5.760700e+00
1482,8.265998e-19,-1.631498e-04,-1.656481e-05,4.923174e-04,1.233956e+00,-2.654914e+00,-8.350555e-01
1483,2.368953e-19,-1.675776e-04,-1.679607e-05,4.853033e-04,2.744626e-01,2.698217e-01,-1.729486e+00
1484,5.230219e-18,-1.570357e-04,-1.875243e-05,4.829793e-04,1.118245e-02,2.427905e-02,4.303792e+00
1485,1.130870e-18,-1.724439e-04,-1.953333e-06,4.795404e-04,-4.632623e+00,-2.967180e+00,8.133941e+00
1486,3.230821e-18,-1.750093e-04,-2.357254e-06,4.802529e-04,2.043206e-01,8.210949e-01,4.349968e+00
1487,2.442969e-18,-1.570231e-04,-1.875081e-05,4.778560e-04,5.061675e-01,7.003648e-02,5.786533e-01
1488,2.933937e-18,-1.609526e-04,-1.017340e-05,4.786892e-04,-8.953646e-01,1.503987e-01,2.772536e+00
1489,1.517076e-18,-1.577601e-04,-1.650304e-06,4.789365e-04,1.267823e-01,-3.787455e-01,1.636814e+00
1490,1.382113e-18,-1.773775e-04,7.598900e-07,4.930979e-04,-9.043017e-01,-2.845113e-01,1.693894e+01
1491,6.395992e-18,-1.773415e-04,2.225587e-07,4.853352e-04,1.821189e-01,-1.293630e+00,9.018666e+00
1492,2.816357e-17,-1.812444e-04,-3.763579e-06,4.812148e-04,1.084466e+00,2.047178e+00,6.836074e-01
1493,1.132652e-17,-1.959911e-04,-2.150595e-05,4.920994e-04,1.229061e+00,-9.436215e-01,2.458768e+00
1494,3.391978e-17,-1.830065e-04,-1.318370e-05,4.940516e-04,-2.630476e+00,1.580306e+00,7.563519e+00
1495,1.102009e-18,-1.811342e-04,-1.156611e-05,4.915364e-04,-6.674961e-01,-7.142321e-01,1.155710e+01
1496,2.402717e-19,-1.808599e-04,-1.211107e-05,4.868521e-04,-6.974576e-01,2.354018e-01,4.176113e+00
1497,2.281865e-18,-1.882838e-04,-2.443230e-05,4.959600e-04,2.972790e-01,9.311779e-02,-2.399197e+00
1498,7.637005e-18,1.406239e-05,1.882813e-04,4.864788e-04,-6.433279e-01,-1.145696e+00,2.317001e+00
1499,2.638758e-17,1.256600e-06,1.855362e-04,4.880020e-04,2.359531e+00,-1.023374e+00,7.783052e+00
1500,7.862701e-17,1.423368e-05,1.880890e-04,4.869089e-04,-3.280969e-01,-6.052807e-01,2.249088e+00
1501,1.324406e-17,1.372694e-05,1.955707e-04,4.915194e-04,-9.845525e-04,-9.136823e-01,4.473514e+00
1502,1.414304e-17,1.275296e-05,1.956959e-04,4.769403e-04,4.951266e-02,-8.475007e-01,2.407091e+00
1503,3.399179e-17,-3.660202e-07,1.970743e-04,5.000887e-04,1.936164e+00,3.546453e+00,8.976300e+00
1504,3.582159e-18,1.557274e-06,1.788965e-04,4.903537e-04,-3.172998e-02,5.324392e-01,7.937626e+00
1505,2.610387e-17,6.468434e-06,1.882281e-04,4.844601e-04,6.744001e-01,5.981067e-01,2.360443e+00
1506,3.566471e-18,1.564544e-06,1.773430e-04,4.989504e-04,3.685809e-01,-1.285200e+00,9.915501e+00
1507,2.571966e-18,7.811596e-06,1.773444e-04,4.904099e-04,2.841278e-02,1.987626e-02,-9.169706e-01
1508,2.959381e-17,4.099323e-06,1.962619e-04,5.019716e-04,-1.098705e-01,5.037439e-01,1.656743e+01
1509,1.314215e-18,1.014864e-05,2.000107e-04,4.790505e-04,-8.634364e-01,2.188294e-01,2.064398e+00
1510,3.364832e-17,2.402194e-05,2.018578e-04,4.878768e-04,4.085335e-03,1.209303e-02,-1.355350e+00
1511,2.701476e-19,-3.911376e-07,1.871091e-04,4.837400e-04,-5.037691e-01,1.163321e+00,5.941292e+00
1512,2.403565e-18,2.460897e-05,1.851546e-04,4.906682e-04,4.954680e-02,-2.133199e-01,-3.130525e+00
1513,3.662856e-17,-1.637631e-05,2.176770e-04,4.813268e-04,-1.611640e-01,-1.337747e+00,3.608732e+00
1514,3.865183e-17,-3.919793e-06,2.042702e-04,4.956364e-04,-3.248290e-01,-1.198990e+00,1.455528e+01
1515,3.176079e-18,7.806234e-06,2.039041e-04,4.840865e-04,-2.919905e-01,-2.562726e-01,8.556486e+00
1516,2.508490e-17,9.735560e-06,2.039749e-04,4.885414e-04,8.269619e-01,-1.445204e-02,9.514658e+00
1517,6.300136e-17,-3.746386e-06,2.220224e-04,4.883615e-04,-2.204493e+00,1.730142e-01,3.623140e+00
1518,4.039300e-18,5.574603e-06,2.212047e-04,4.867016e-04,-3.600380e+00,7.453488e-01,4.614473e+00
1519,2.546831e-17,1.179415e-05,2.046388e-04,4.798106e-04,-7.740154e-01,-1.068399e+00,2.766133e+00
1520,3.262073e-18,-9.370721e-06,2.046767e-04,4.934593e-04,-3.058295e-01,-1.146753e+00,5.206851e+00
1521,6.615719e-17,7.267632e-06,2.115706e-04,4.842740e-04,3.747067e-01,2.785431e+00,2.916092e+00
1522,3.154210e-18,5.271630e-06,2.023885e-04,4.807417e-04,5.793793e-01,9.102260e-01,3.842388e+00
1523,2.224876e-17,-8.475622e-06,2.113031e-04,4.912421e-04,2.341203e+00,2.660422e+00,4.131865e+00
1524,3.068373e-18,5.526382e-06,2.133179e-04,4.917669e-04,1.848634e-01,-3.413615e-01,4.152163e+00
1525,3.579938e-18,-1.784034e-06,2.031785e-04,4.779165e-04,1.138571e+00,1.802302e-01,1.840895e+00
1526,1.515946e-17,-1.626900e-05,2.033024e-04,4.775715e-04,4.829868e-01,-1.494892e+00,8.943350e-02
1527,1.213289e-17,-1.334648e-05,2.143646e-04,4.875636e-04,-3.754119e-02,-2.093659e+00,4.685249e+00
1528,8.942601e-19,-1.783743e-05,2.131060e-04,4.884298e-04,4.177644e-01,6.450094e-02,7.096463e+00
1529,2.050136e-17,-9.133121e-06,2.166301e-04,4.810498e-04,-1.265201e+00,1.990052e-01,1.192856e+00
1530,1.210250e-18,-7.024287e-06,2.086178e-04,4.993421e-04,3.397843e-02,-1.644823e-01,2.435000e+00
1531,2.533066e-18,-1.877622e-05,2.164312e-04,4.911101e-04,-2.795019e-02,4.001635e-01,1.119335e+01
1532,1.316488e-17,-4.113769e-06,2.029787e-04,4.909607e-04,-4.092652e-01,-3.166700e+00,1.452636e+01
1533,4.617196e-18,-2.342681e-06,2.148449e-04,4.970250e-04,4.031176e-02,6.167446e-02,2.961570e+00
1534,6.848694e-18,-1.800359e-05,2.134701e-04,4.954972e-04,-5.812016e-01,5.579726e-01,1.246823e+01
1535,6.148822e-18,-6.263979e-06,1.995046e-04,4.940255e-04,-8.915101e-02,-5.968171e-01,9.739881e-01
1536,4.119162e-18,-1.621646e-06,2.031831e-04,4.751552e-04,-6.997231e-01,4.426903e-01,1.836854e+00
1537,1.483915e-18,-1.878659e-05,2.164001e-04,4.938888e-04,-5.944348e-01,2.374485e-01,1.237946e+01
1538,3.416628e-18,-7.035126e-06,2.086673e-04,4.847037e-04,-1.659959e-01,2.218608e-02,5.519008e-01
1539,2.484832e-18,-1.876526e-05,2.164202e-04,4.880483e-04,-4.084132e-01,-3.346775e-01,9.470937e+00
1540,1.986876e-18,-1.869739e-05,2.163108e-04,4.789040e-04,2.570265e-01,3.530166e-01,5.817682e+00
1541,2.921936e-19,-3.908381e-07,2.222656e-04,4.853005e-04,-8.344592e-01,-3.761550e-01,4.417588e+00
1542,4.354405e-18,-1.793774e-05,2.132059e-04,4.799175e-04,-4.683525e-01,-3.972826e-01,2.961376e+00
1543,7.511015e-19,-2.475296e-06,2.149798e-04,4.790627e-04,7.065527e-02,-1.206554e-01,-8.724988e-01
1544,6.463030e-18,1.168780e-05,2.164071e-04,4.948297e-04,1.459326e-01,2.606506e-01,6.287003e+00
1545,3.360405e-17,2.133067e-05,2.154608e-04,4.832462e-04,8.837305e-01,-5.350472e-01,-2.246126e-01
1546,2.179928e-18,1.174069e-05,2.164049e-04,5.012750e-04,-2.044354e-02,-4.556252e-02,8.465064e+00
1547,1.492314e-18,6.248809e-06,2.070435e-04,4.923251e-04,6.824325e-02,3.567972e-01,1.618623e+00
1548,4.886135e-18,9.377066e-06,2.234385e-04,4.860638e-04,6.470197e-03,-2.703967e-02,4.737292e+00
1549,4.749782e-18,4.334945e-06,2.195214e-04,4.950973e-04,9.028187e-01,-1.251748e-01,2.453882e+00
1550,4.849653e-18,1.056024e-05,2.164126e-04,4.810295e-04,2.495705e-01,2.573750e-01,5.885434e-01
1551,1.245546e-18,9.378952e-06,2.210294e-04,4.806176e-04,5.281419e-01,9.509285e-01,1.309317e+00
1552,2.635809e-19,1.132755e-05,2.058612e-04,4.759351e-04,-2.404695e+00,-1.492282e+00,1.740552e+00
1553,1.596995e-18,7.902340e-06,2.040197e-04,4.752825e-04,-3.422567e-02,7.578837e-01,-1.093553e-01
1554,2.131604e-18,7.722314e-06,2.038868e-04,4.802598e-04,8.466607e-01,-3.522370e-02,5.421890e+00
1555,2.475229e-17,-2.324503e-04,-4.554604e-06,4.767253e-04,6.653919e-01,-2.133413e+00,2.569894e+00
1556,4.122457e-18,-2.428175e-04,-2.350331e-06,4.755962e-04,3.219309e-02,-1.173390e+00,-1.666249e+00
1557,3.053868e-17,-2.243241e-04,-1.193853e-05,4.982864e-04,2.078839e-01,1.703961e-01,8.982194e+00
1558,2.627552e-17,-2.050989e-04,-9.134675e-06,4.959344e-04,-3.213427e-01,6.019079e-01,5.593105e+00
1559,1.055233e-17,-2.257721e-04,-8.591435e-06,4.976583e-04,-1.328747e+00,2.597134e-01,7.754343e+00
1560,2.711657e-17,-2.151958e-04,-1.677717e-06,4.976361e-04,1.503358e-01,6.053250e-01,6.219563e+00
1561,3.380153e-17,-2.263453e-04,-7.364064e-06,4.804505e-04,-4.959470e-01,-1.450401e+00,5.259088e+00
1562,5.179731e-18,-2.170662e-04,-1.015559e-05,4.899465e-04,-3.299642e-01,5.722516e-02,4.042838e+00
1563,2.982583e-18,-2.195486e-04,-8.581608e-06,4.872182e-04,-1.274443e+00,8.592610e-01,3.423535e+00
1564,1.365858e-18,-2.117179e-04,-5.470690e-06,4.923235e-04,8.337370e-03,6.952793e-02,4.021958e-01
1565,7.916657e-18,-2.240558e-04,-1.229057e-05,4.799774e-04,-1.643239e-01,-6.641205e-01,2.503529e+00
1566,2.459127e-18,-2.148428e-04,-1.329086e-05,4.927009e-04,-1.610154e-01,-4.529551e-02,1.252686e+00
1567,5.671415e-18,-2.195116e-04,-1.540454e-08,4.887198e-04,4.685896e-02,8.494571e-03,2.224508e+00
1568,2.445637e-18,-2.109388e-04,-7.051620e-06,4.810436e-04,-3.527204e-02,1.364930e-01,-3.591930e+00
1569,3.575233e-18,-2.031250e-04,-4.686469e-06,4.895876e-04,5.418015e-02,-9.976554e-02,1.867456e-01
1570,1.653277e-17,-2.346705e-04,-1.582680e-05,4.952089e-04,-3.385469e-01,6.956522e-01,1.663799e+01
1571,5.656236e-18,-2.374976e-04,-2.004856e-06,4.933615e-04,-1.002852e-01,6.771058e-01,7.700039e+00
1572,3.738883e-18,-2.327574e-04,-1.468530e-05,4.894256e-04,3.824721e-01,-9.808925e-01,1.397736e+01
1573,3.526301e-17,-2.319426e-04,-1.381378e-05,4.816625e-04,-3.292705e+00,2.087366e+00,6.270301e+00
1574,1.703063e-17,-2.492346e-04,-8.989734e-06,4.937466e-04,-1.852314e-02,-1.241835e-01,3.086629e+00
1575,4.863043e-18,-2.382798e-04,-1.563780e-06,5.000070e-04,1.914400e-01,1.706171e-01,8.945782e+00
1576,2.016930e-17,-2.296913e-04,-1.165759e-05,4.901594e-04,4.552412e-01,-8.537294e-01,9.893657e+00
1577,3.305096e-18,-2.461209e-04,-1.407838e-05,4.856882e-04,-6.438757e-01,-3.957376e-01,3.365177e+00
1578,4.691857e-18,-2.304692e-04,-4.741587e-06,5.014612e-04,4.472257e-03,1.049169e-01,1.255415e+01
1579,2.215866e-18,-2.452728e-04,-2.037056e-05,4.896965e-04,3.297380e-01,-1.966457e-01,2.876310e-03
1580,3.212116e-18,-2.437453e-04,-7.819197e-06,4.926735e-04,1.255257e-01,4.626578e-02,2.500871e+00
1581,2.194183e-18,-2.304688e-04,-4.689101e-06,4.973629e-04,3.267001e-02,4.698135e-02,1.162116e+01
1582,3.548040e-18,-2.312598e-04,-1.171627e-05,5.012808e-04,5.667161e-01,-6.608607e-02,1.411096e+01
1583,6.137427e-18,-2.312207e-04,-1.174406e-05,4.972350e-04,-1.421895e-01,1.433610e-01,1.256788e+01
1584,2.278427e-18,-2.296794e-04,-1.094174e-05,4.856910e-04,-2.455259e-01,1.768411e-01,1.089428e+01
1585,3.612819e-18,-2.304673e-04,-4.689472e-06,4.938163e-04,-3.331980e-02,-4.182484e-02,9.972318e+00
1586,3.817350e-18,-2.295778e-04,-1.079368e-05,4.819088e-04,2.793397e-01,-2.345307e-02,5.974490e+00
1587,2.955729e-18,-2.429353e-04,-1.643748e-05,4.865007e-04,1.271500e+00,-7.937845e-01,-3.012225e+00
1588,2.440719e-18,-2.460352e-04,-1.320461e-05,4.819169e-04,4.929477e-01,1.538880e-01,2.887469e+00
1589,4.806381e-18,-2.304688e-04,-4.688220e-06,4.891521e-04,2.019099e-02,6.584709e-03,8.043678e+00
1590,1.257645e-18,-2.496096e-04,-7.865975e-07,4.895322e-04,-3.195837e-02,-3.090037e-01,-2.646266e+00
1591,3.380513e-18,-2.304732e-04,-4.688140e-06,4.833840e-04,-6.102987e-02,8.946071e-02,4.999448e+00
1592,6.393367e-18,-2.296948e-04,-2.434772e-05,4.862789e-04,5.908728e-02,-1.056435e-01,-2.112739e+00
1593,2.830243e-17,-1.848079e-04,1.079400e-05,4.943150e-04,-1.367788e+00,-1.526232e-01,1.952777e+01
1594,3.799311e-18,-1.836356e-04,6.204685e-06,4.916127e-04,8.101981e-02,7.577465e-01,1.305124e+01
1595,2.671035e-18,-1.968701e-04,1.331845e-05,4.872390e-04,1.036324e+00,3.168455e-01,7.873851e+00
1596,8.083823e-17,-1.787157e-04,1.034178e-05,4.934468e-04,1.218597e+00,1.399247e+00,6.435079e+00
1597,3.064584e-18,-2.006874e-04,5.126627e-06,4.821273e-04,-6.149929e-01,-1.821314e+00,5.650010e+00
1598,7.853973e-18,-1.989291e-04,9.386690e-06,4.844292e-04,1.806053e-01,-3.187449e-01,6.680390e+00
1599,1.319052e-17,-1.871661e-04,1.371330e-05,4.837983e-04,2.730871e+00,-2.294825e+00,1.182425e+01
1600,2.898620e-18,-1.968806e-04,1.328186e-05,4.810493e-04,8.806032e-01,-7.792300e-01,2.987915e+00
1601,1.107207e-17,-1.945313e-04,7.812794e-06,4.931189e-04,1.680485e-01,-2.725458e-01,6.730363e+00
1602,3.404571e-18,-1.937538e-04,1.561878e-05,4.997537e-04,-8.501886e-02,-3.976333e-02,1.756867e+00
1603,9.004144e-19,-1.928043e-04,6.383483e-06,4.782766e-04,2.822941e-01,9.711678e-02,1.561759e+00
1604,4.740601e-18,-1.890697e-04,1.718492e-05,4.907688e-04,-5.996707e-01,-2.144430e-02,7.384591e-01
1605,1.156004e-18,-1.836010e-04,6.264511e-06,4.892023e-04,1.299792e-01,-2.485580e-01,1.244062e+01
1606,2.121512e-18,-1.837508e-04,6.087272e-06,4.847197e-04,4.105173e-01,6.599102e-01,8.929135e+00
1607,5.893528e-19,-1.996080e-04,1.019559e-05,4.907547e-04,-1.657490e+00,8.076363e-01,1.309426e+01
1608,3.444973e-18,-1.835657e-04,6.246798e-06,4.801284e-04,2.584252e-01,2.445467e-01,5.442879e+00
1609,1.842022e-18,-2.007704e-04,6.211629e-06,4.782600e-04,-4.151151e-01,4.869331e-02,2.317061e+00
1610,6.644155e-18,-1.937487e-04,7.814062e-06,4.874011e-04,-9.507586e-03,-7.455494e-02,7.121120e+00
1611,6.514746e-19,-1.788323e-04,8.985562e-06,4.891967e-04,1.964937e+00,-1.172308e-01,9.635214e+00
1612,1.672629e-17,-1.943226e-04,2.418894e-05,4.872893e-04,-9.139116e-02,4.567598e-03,-1.583557e+00
1613,4.432080e-17,-2.234482e-04,7.953896e-06,4.886346e-04,6.970882e-01,-9.533541e-01,7.445456e+00
1614,1.504953e-17,-2.263256e-04,1.248154e-05,4.980691e-04,-1.044552e-01,-4.064720e-01,8.937212e+00
1615,4.780472e-18,-2.187509e-04,9.377714e-06,4.898460e-04,4.083968e-01,1.088670e-02,5.410718e+00
1616,6.387993e-17,-2.170713e-04,3.693792e-06,4.979836e-04,-4.382493e-01,2.140283e-01,5.215697e+00
1617,2.531532e-17,-2.075735e-04,1.156524e-05,4.990442e-04,-6.908602e-01,4.182154e-02,3.994755e+00
1618,3.486171e-17,-2.154701e-04,1.387840e-05,4.840597e-04,-1.742568e+00,-1.626147e+00,2.509867e+00
1619,3.750552e-18,-2.257989e-04,2.324068e-06,4.846845e-04,9.070502e-01,6.482478e-01,6.625997e+00
1620,1.581419e-18,-2.211040e-04,9.373016e-06,4.977875e-04,-2.126003e-01,6.274258e-02,6.899860e+00
1621,1.514499e-18,-2.117289e-04,1.093677e-05,4.954426e-04,-2.453824e-01,3.160266e-02,-5.864881e-01
1622,8.233296e-19,-2.222658e-04,2.202604e-06,4.972541e-04,-1.097714e+00,1.172426e+00,1.091082e+01
1623,1.133199e-17,-2.228027e-04,2.374175e-06,4.918255e-04,1.996852e+00,-5.928000e-01,1.082625e+01
1624,9.894691e-18,-2.242350e-04,2.320025e-06,5.018685e-04,5.905278e-01,3.486417e-01,1.192483e+01
1625,2.814598e-19,-2.011732e-04,6.641257e-06,4.806137e-04,6.934190e-01,-1.048764e+00,4.036749e+00
1626,4.431361e-18,-2.226261e-04,9.362212e-06,4.775228e-04,-1.271754e+00,2.391403e-01,3.896610e+00
1627,1.272140e-18,-2.226638e-04,9.347699e-06,4.853031e-04,3.477072e-01,-1.259039e+00,1.276691e+01
1628,6.029895e-18,-2.749427e-09,7.357447e-05,4.885914e-04,-4.256031e-01,-2.967346e-01,1.350444e+01
1629,2.858459e-17,9.967550e-08,7.273689e-05,4.934820e-04,-1.175457e-01,6.465127e-01,1.332593e+01
1630,1.166212e-16,1.032883e-05,7.715162e-05,4.938963e-04,-3.335273e-01,-6.622187e-01,8.917503e+00
1631,2.374688e-18,-9.440975e-09,7.503632e-05,4.845016e-04,-9.213345e-01,-1.411365e-01,9.743184e+00
1632,1.138757e-16,-2.354469e-05,6.164575e-05,4.855798e-04,2.033612e-02,-2.005597e-01,-6.132625e-01
1633,4.941108e-19,1.601852e-05,4.960888e-05,4.841100e-04,-4.514776e-02,-1.140734e+00,5.716564e+00
1634,2.256868e-18,8.648737e-06,4.930332e-05,4.826298e-04,2.138879e-01,3.137728e-01,1.328313e+00
1635,7.001203e-18,1.717607e-05,5.349356e-05,4.913913e-04,1.637633e-01,6.474124e-01,8.150375e+00
1636,8.436099e-17,6.983543e-06,5.907690e-05,5.011083e-04,-4.396648e-01,-4.376466e-01,4.359392e+00
1637,3.322008e-17,9.126007e-06,6.081126e-05,4.851927e-04,-5.026204e-01,-6.682196e-01,8.990946e+00
1638,2.210787e-17,-1.834714e-05,7.048845e-05,4.878869e-04,-3.138157e-01,6.028812e-01,6.144944e+00
1639,1.346932e-17,-1.992418e-05,6.336669e-05,4.799462e-04,-8.766711e-01,4.641164e-01,3.130453e+00
1640,1.403829e-16,-1.041326e-05,6.255858e-05,4.929938e-04,3.135376e-01,-7.155611e-01,3.094130e+00
1641,3.366582e-18,-6.247770e-06,5.392217e-05,4.981567e-04,-9.063515e-02,8.564685e-01,5.800097e+00
1642,1.583386e-17,-1.692288e-05,5.481834e-05,4.799645e-04,9.231303e-01,-4.453919e-01,9.719095e-01
1643,2.691782e-18,-1.639371e-05,6.093925e-05,4.871565e-04,-4.878353e-02,5.121055e-01,1.590991e+00
1644,1.826490e-17,1.657684e-05,5.384165e-05,4.758619e-04,1.354218e+00,-1.368240e+00,1.580234e-01
1645,1.294701e-17,-1.809581e-05,5.202819e-05,4.984728e-04,-3.044804e-01,1.222808e-01,3.241951e+00
1646,1.703255e-18,-1.718700e-05,6.875068e-05,4.837440e-04,1.547788e-02,-1.068726e-01,5.869781e+00
1647,3.158790e-18,-4.694883e-06,5.546011e-05,4.903577e-04,-4.898919e-02,1.017312e-01,5.158265e-01
1648,2.403207e-18,-2.345548e-06,6.484223e-05,4.919821e-04,-1.781226e-02,8.901123e-02,-1.309465e+00
1649,2.222185e-17,-1.716311e-05,6.473490e-05,5.018879e-04,1.128976e-01,1.686681e+00,7.386033e+00
1650,4.710615e-18,-6.250514e-06,5.547085e-05,4.830885e-04,9.424218e-02,-3.439653e-02,1.927452e+00
1651,7.585973e-18,-3.880127e-06,5.321003e-05,5.016983e-04,-1.289281e-02,2.097007e-01,8.813640e-01
1652,1.362203e-18,-2.369423e-06,6.016012e-05,4.868618e-04,-9.450102e-02,9.215455e-02,-1.990708e+00
1653,5.247662e-18,-1.615668e-07,5.937439e-05,4.908165e-04,-1.355150e-01,2.982750e-02,-7.504836e-01
1654,4.302120e-18,-2.344437e-06,7.265619e-05,5.024614e-04,-2.417871e-02,-2.266075e-02,-2.871482e-01
1655,8.625505e-18,-2.430996e-05,7.105995e-05,4.892578e-04,-1.342957e-01,9.140572e-03,-2.153760e+00
1656,2.555509e-18,-2.460936e-05,5.402087e-05,4.970863e-04,-4.975834e-02,-1.043130e-01,-3.053744e+00
1657,1.442227e-17,1.741480e-05,5.638764e-05,4.970700e-04,-7.617875e-01,-2.131006e+00,4.730122e+00
1658,1.973105e-17,1.700729e-05,5.397715e-05,5.024248e-04,-1.531421e+00,1.435048e+00,1.118100e+01
1659,7.790981e-19,9.336899e-06,5.585761e-05,5.016797e-04,-1.062173e+00,8.962556e-01,-2.181083e+00
1660,3.028212e-18,1.004465e-05,6.015917e-05,4.784093e-04,-2.416855e-01,-2.319371e-01,5.111853e+00
1661,2.923565e-18,1.640016e-05,6.484981e-05,4.802576e-04,-2.896565e-01,3.111848e-01,-2.616592e+00
1662,1.187619e-17,2.426982e-05,6.176219e-05,4.974881e-04,1.273943e-02,-5.464909e-04,-1.701494e+00
1663,2.802304e-17,-1.642823e-05,5.846575e-05,5.060066e-04,1.011305e+00,-7.180858e-01,1.276889e+00
1664,1.494118e-17,-1.473865e-05,7.124741e-05,5.047784e-04,6.490091e-02,2.796238e+00,5.428718e+00
1665,1.484727e-17,4.963730e-07,6.944195e-05,5.182995e-04,-2.963163e-01,1.063484e+00,4.683242e+00
1666,3.042390e-17,-8.864329e-06,6.380508e-05,5.094932e-04,2.896281e-03,-1.610616e+00,4.229009e+00
1667,1.255175e-18,-2.312199e-06,6.486804e-05,5.178705e-04,3.781399e-01,6.611614e-01,5.353635e-01
1668,1.148109e-18,-7.034174e-06,5.391750e-05,5.117165e-04,-4.384471e-02,1.391289e-01,-7.690571e-02
1669,2.264622e-17,2.268164e-05,5.843116e-05,5.233980e-04,1.388308e+00,3.233696e+00,1.961740e+01
1670,3.787668e-18,1.796712e-05,6.953174e-05,5.097851e-04,-4.357044e-02,2.254184e+00,7.169546e+00
1671,5.479215e-17,1.739699e-05,6.928349e-05,5.096171e-04,-1.842288e-01,1.785664e+00,7.020608e+00
1672,3.078795e-18,1.327573e-05,6.092753e-05,5.167003e-04,1.820410e-01,7.473462e-02,7.595933e+00
1673,4.912790e-18,8.012373e-06,5.859070e-05,5.178822e-04,-1.764436e+00,-8.706655e-02,2.732552e+00
1674,1.911493e-17,5.415583e-06,7.343409e-05,5.260261e-04,1.104837e+00,-1.048543e+00,1.720874e+01
1675,3.494974e-18,1.561586e-05,7.187421e-05,5.183001e-04,7.425483e-01,5.161961e-02,5.744835e+00
1676,1.365775e-18,3.904229e-06,5.859391e-05,5.240656e-04,2.740525e-01,-8.391643e-03,3.267320e+00
1677,5.328407e-17,1.338604e-05,6.587420e-05,5.292627e-04,-3.332770e-02,1.076045e+00,9.587974e+00
1678,8.260813e-17,6.383395e-06,5.652987e-05,5.386798e-04,4.889748e-01,8.822608e-01,7.857644e+00
1679,7.343813e-18,9.374399e-06,6.171755e-05,5.478386e-04,-7.583984e-01,1.124777e+00,8.470289e+00
1680,1.629120e-17,5.507072e-06,7.307549e-05,5.379195e-04,3.173797e-01,1.223149e-02,1.695968e+01
1681,6.020397e-17,9.516638e-06,6.160667e-05,5.477995e-04,-8.024367e-01,1.025006e+00,8.488466e+00
1682,2.703953e-17,-6.641559e-06,6.316798e-05,5.416440e-04,1.062137e+00,6.690298e-01,1.375131e+01
1683,1.649296e-18,6.260225e-06,6.794726e-05,5.459215e-04,1.495624e-01,-2.955956e+00,2.387022e+01
1684,3.051392e-17,-1.051910e-05,7.606877e-05,5.376224e-04,6.836111e-01,4.974154e-01,6.361267e+00
1685,3.088238e-17,1.920368e-05,7.394452e-05,5.452524e-04,-1.172621e-01,5.801539e-01,1.232094e+01
1686,2.344219e-17,7.967943e-06,7.664198e-05,5.367313e-04,3.665793e-01,-6.975460e-01,8.320268e+00
1687,4.764547e-17,-1.307157e-06,7.512078e-05,5.362003e-04,2.957398e-01,2.756932e-01,4.695289e+00
1688,1.413687e-18,-8.668009e-06,6.177122e-05,5.443130e-04,-9.967761e-01,-1.696910e-01,1.130984e+00
1689,1.212356e-18,-3.901827e-06,5.390376e-05,5.286236e-04,2.429984e-03,-6.345671e-02,1.319616e+00
1690,2.115918e-18,-1.093923e-05,5.858598e-05,5.455191e-04,6.611558e-02,1.512019e-02,3.835289e-01
1691,4.163240e-18,9.377119e-06,7.108890e-05,5.459876e-04,-2.532443e-02,2.579276e-01,9.506555e-02
1692,6.060536e-17,-4.969899e-07,1.132729e-04,5.310175e-04,-5.445013e-01,5.930491e-01,6.962697e+00
1693,5.384813e-17,-2.155743e-05,1.045147e-04,5.273172e-04,-9.694188e-01,-8.713302e-01,6.781712e+00
1694,1.031276e-18,7.856182e-07,1.226556e-04,5.428573e-04,-5.039279e-02,1.830062e-01,1.621311e+00
1695,1.404797e-18,-7.789259e-07,1.195396e-04,5.323425e-04,-2.882931e-03,3.120587e-01,5.973290e+00
1696,2.507121e-18,-1.406272e-05,1.031263e-04,5.439818e-04,-8.930570e-02,6.596081e-02,3.961892e+00
1697,5.283484e-18,-9.368928e-06,1.171909e-04,5.414545e-04,-3.134036e-01,-4.466820e-01,6.493706e+00
1698,6.804871e-18,-5.467445e-06,1.104969e-04,5.495585e-04,5.396932e-01,5.136686e-01,1.339461e+01
1699,9.383458e-19,7.854107e-07,1.132822e-04,5.496314e-04,1.308342e-03,-1.676213e-02,6.908653e+00
1700,3.734303e-18,-2.109171e-05,1.031257e-04,5.474446e-04,-1.386274e-02,-2.885830e-03,2.190320e-01
1701,1.460387e-16,1.385660e-05,9.769650e-05,5.113671e-04,1.787960e+00,-6.005109e-01,1.751680e+01
1702,4.293890e-18,9.432430e-06,9.995568e-05,5.008509e-04,-7.696208e-01,6.520677e-01,2.017684e+01
1703,1.404953e-17,5.702605e-06,1.004996e-04,5.094706e-04,1.357965e+00,3.219085e+00,3.183543e+00
1704,1.486509e-17,-1.015586e-05,8.749989e-05,5.259752e-04,-3.973603e-01,1.997700e-01,7.797991e+00
1705,4.250366e-17,-9.702504e-06,9.655381e-05,5.295309e-04,1.245552e+00,-5.644777e-01,9.508438e+00
1706,3.550189e-17,-1.698794e-05,9.491029e-05,5.487863e-04,-8.676283e-01,1.596385e+00,9.804223e+00
1707,8.575314e-17,-1.019818e-05,8.742233e-05,5.260698e-04,-3.600465e-01,1.018270e-01,7.564883e+00
1708,1.394794e-17,-2.228083e-05,8.575819e-05,5.299625e-04,-1.097987e+00,1.644317e+00,6.815334e+00
1709,5.655437e-17,3.573713e-06,8.436019e-05,5.439680e-04,-4.005340e-01,6.868908e-01,8.452820e+00
1710,1.469386e-18,8.454039e-07,9.771726e-05,5.359884e-04,-3.245580e-03,2.382468e-02,2.450727e+00
1711,1.434496e-17,-1.386423e-05,7.972699e-05,5.395019e-04,-5.507219e-02,-1.009550e-02,6.510152e+00
1712,4.424173e-18,-1.015882e-05,8.438436e-05,5.359053e-04,-4.807357e-02,1.606867e+00,2.403548e+00
1713,2.776942e-16,-3.247963e-06,9.697861e-05,5.149445e-04,1.739541e+00,8.314689e-01,7.819887e+00
1714,3.220101e-17,1.795083e-05,9.157009e-05,5.130998e-04,-6.863524e-01,1.828802e-01,1.131749e+01
1715,2.811339e-17,1.634003e-06,8.254166e-05,5.227263e-04,-3.430326e-01,5.261501e-01,1.419010e+01
1716,1.931450e-17,5.328504e-06,7.804238e-05,5.076112e-04,1.084542e-01,-1.799881e-01,1.335447e+01
1717,6.629178e-18,2.385616e-06,8.674963e-05,5.185841e-04,-7.666659e-01,-3.689449e-01,1.051039e+01
1718,1.742456e-18,2.342969e-06,8.281226e-05,5.155587e-04,2.867984e-01,1.671556e-01,1.097668e+01
1719,2.611952e-18,5.471433e-06,7.733508e-05,5.144928e-04,2.277048e-01,-3.002235e-01,1.268131e+01
1720,3.586625e-18,2.345757e-06,8.281019e-05,5.043705e-04,9.730936e-02,1.878288e-01,6.972333e+00
1721,5.430860e-17,1.797043e-05,7.870548e-05,5.276231e-04,1.482094e-01,7.235992e-01,6.653930e+00
1722,2.766356e-18,7.862387e-07,9.219687e-05,5.042787e-04,2.864721e-02,1.376797e+00,2.530091e+00
1723,1.510934e-18,1.015070e-05,9.843756e-05,5.201851e-04,5.753268e-01,1.183540e-01,4.919036e+00
1724,9.507056e-18,1.013783e-05,9.458749e-05,5.187054e-04,7.844209e-01,-1.388568e+00,8.063464e+00
1725,5.211934e-19,1.171807e-06,9.612231e-05,5.070749e-04,1.734028e-01,-1.165890e+00,-1.488584e+00
1726,3.753119e-16,1.321872e-05,1.311765e-04,5.350238e-04,4.319735e-01,-3.034655e-01,8.445222e+00
1727,6.570997e-18,9.247932e-06,1.071063e-04,5.247444e-04,6.167107e-01,-1.248217e+00,3.654641e+00
1728,4.213455e-18,1.405767e-05,1.179617e-04,5.285328e-04,3.852233e-01,-2.142623e-01,9.088394e+00
1729,3.098794e-17,1.245757e-05,1.226527e-04,5.459669e-04,-1.311111e-01,-4.017247e-01,1.327271e+01
1730,2.580094e-18,1.719379e-05,1.101433e-04,5.335351e-04,3.479136e-01,-6.990010e-02,5.673439e+00
1731,9.595193e-19,8.393790e-06,1.224520e-04,5.265213e-04,-1.338268e-01,-2.395401e-01,6.963487e+00
1732,5.494904e-17,6.362585e-06,1.258143e-04,5.481011e-04,-7.006163e-01,1.823749e+00,1.095793e+01
1733,6.939436e-18,1.793164e-05,1.244934e-04,5.416007e-04,-1.181163e+00,-1.376409e+00,5.684263e+00
1734,1.320660e-18,3.131950e-06,1.234393e-04,5.345928e-04,-4.118523e-02,8.886856e-02,5.181485e+00
1735,4.582487e-19,1.681053e-05,1.039081e-04,5.369413e-04,3.119551e-02,9.880256e-02,-1.612065e+00
1736,2.859023e-18,4.686786e-06,1.468697e-04,5.281785e-04,3.559491e-03,-1.072462e-01,4.790141e+00
1737,9.521330e-19,2.351093e-06,1.359372e-04,5.270894e-04,2.606072e-02,9.669994e-03,2.901153e+00
1738,3.953209e-17,4.123506e-06,8.549178e-05,5.384624e-04,-4.563207e-01,-1.843944e+00,1.014637e+01
1739,7.934823e-18,7.042709e-06,9.491367e-05,5.369185e-04,1.886968e-02,1.365721e-01,6.373407e+00
1740,1.266217e-18,1.875414e-05,9.760334e-05,5.498418e-04,-7.522448e-01,-6.837366e-01,1.491509e+01
1741,1.186780e-17,2.340391e-06,8.609054e-05,5.343930e-04,-1.416658e-01,-6.337554e-02,1.528531e+01
1742,1.026537e-18,1.018060e-05,8.436254e-05,5.467210e-04,-3.534189e-01,7.094750e-02,1.679921e+00
1743,3.125247e-17,-8.929350e-06,1.289861e-04,5.458118e-04,-1.119282e+00,3.970839e+00,1.025943e+01
1744,6.018495e-18,-2.017773e-05,1.369177e-04,5.383284e-04,8.952212e-01,-9.580706e-01,5.902288e+00
1745,3.872164e-17,-1.700772e-05,1.357370e-04,5.432353e-04,-3.225045e+00,4.925550e-02,7.178148e+00
1746,6.232127e-18,-1.251840e-05,1.307932e-04,5.458446e-04,-3.990062e-01,2.047943e-02,5.629335e+00
1747,5.846987e-18,-1.564501e-06,1.483417e-04,5.338643e-04,-4.063364e-02,-4.753710e-01,5.063888e+00
1748,1.315307e-18,-5.463854e-06,1.406252e-04,5.444211e-04,8.561322e-02,-8.376101e-02,2.895253e+00
1749,2.546990e-18,-5.466296e-06,1.406255e-04,5.417447e-04,2.890373e-02,1.987335e-02,3.377153e+00
1750,3.208492e-16,-2.151588e-04,9.016442e-06,5.211405e-04,9.010096e-01,1.189540e-01,4.666700e+00
1751,1.119543e-16,-2.230483e-04,5.084930e-06,5.116820e-04,1.700690e+00,-2.336687e-01,1.689525e+01
1752,4.587354e-17,-2.033849e-04,5.831006e-06,5.067353e-04,-1.559685e+00,-6.951382e-01,1.422941e+01
1753,3.763018e-18,-2.117197e-04,2.347059e-06,5.113175e-04,2.995403e+00,7.158212e-01,8.155669e+00
1754,3.494166e-17,-2.116991e-04,2.524207e-06,5.112837e-04,2.870248e+00,6.956770e-01,7.845505e+00
1755,8.775718e-19,-2.201807e-04,-6.505056e-07,5.194026e-04,3.549366e-02,2.237222e-01,8.203085e+00
1756,5.231028e-17,-2.202554e-04,1.465986e-05,5.095917e-04,9.038166e-01,1.210187e+00,8.588292e+00
1757,4.374552e-17,-2.071651e-04,1.224683e-05,5.120318e-04,-4.377822e-01,-1.124206e+00,6.576147e+00
1758,4.614622e-18,-2.253860e-04,8.608372e-06,5.151663e-04,5.442341e-01,3.884744e-01,9.135980e+00
1759,1.739440e-17,-2.248123e-04,2.296343e-05,5.192069e-04,3.019482e-01,1.641380e+00,6.332092e+00
1760,4.158689e-17,-2.339702e-04,9.956984e-06,5.076272e-04,-3.184006e+00,-1.038093e+00,1.129042e+01
1761,5.862177e-18,-2.298670e-04,7.092947e-06,5.016100e-04,-1.555730e+00,-1.366077e+00,1.251127e+01
1762,1.237352e-17,-2.453493e-04,2.184521e-05,5.136286e-04,-1.606643e+00,1.552315e-01,2.594502e+00
1763,3.274618e-18,-2.437492e-04,1.953368e-05,5.036284e-04,-1.860412e-02,2.917024e-01,5.202552e+00
1764,2.640595e-18,-2.280909e-04,1.469781e-05,5.169642e-04,1.379252e-01,-1.703419e-01,3.881226e-01
1765,9.507794e-18,-2.438216e-04,-4.952808e-07,5.141139e-04,1.018865e+00,5.153890e-01,4.952499e-01
1766,3.500052e-17,-2.228384e-04,-3.709374e-06,5.166899e-04,1.113500e+00,1.014175e+00,3.233581e+00
1767,3.001487e-17,-2.390631e-04,-1.249846e-05,5.152394e-04,-7.583190e-01,2.280571e-01,7.867854e+00
1768,5.845734e-17,-2.305091e-04,-5.451187e-06,5.105495e-04,9.740095e-02,1.834467e-01,1.464885e+01
1769,1.911310e-16,-2.374996e-04,-1.235400e-05,5.159662e-04,-2.139542e+00,-1.020287e-01,1.161911e+01
1770,5.789161e-17,-2.488613e-04,-2.207043e-05,5.055159e-04,-4.008247e-01,-1.665143e+00,7.244014e+00
1771,2.171455e-17,-2.422818e-04,-1.898273e-05,5.166733e-04,-7.005793e+00,-8.223052e-01,2.875464e+01
1772,4.663388e-18,-2.387136e-04,-1.717407e-05,5.082593e-04,-4.388024e+00,-1.363089e-01,2.325829e+01
1773,1.711531e-17,-2.469990e-04,-9.510845e-06,5.051280e-04,-8.570942e-01,1.387104e+00,9.349555e+00
1774,3.350858e-17,-2.282070e-04,-8.734316e-06,5.220543e-04,-7.053900e-01,1.646626e-01,1.443530e+01
1775,2.039626e-17,-2.491923e-04,-7.674003e-06,5.179864e-04,1.737248e-01,1.002695e-01,1.052504e+01
1776,5.478609e-18,-2.366069e-04,-1.641699e-05,5.039233e-04,-3.172937e+00,-6.130189e-01,2.159148e+01
1777,8.008339e-18,-2.386204e-04,-8.004104e-06,5.054728e-04,-5.608495e-01,-8.633272e-01,9.264328e+00
1778,3.034796e-18,-2.364084e-04,-2.351115e-06,5.076794e-04,7.079414e-01,-1.936448e-01,8.696677e+00
1779,1.241047e-17,-2.330048e-04,-1.170640e-05,5.074293e-04,-2.365471e+00,-5.392804e-01,1.683291e+01
1780,4.560392e-18,-2.187532e-04,-1.015816e-05,5.209765e-04,-1.291638e-01,-8.694570e-03,9.922452e+00
1781,2.335008e-17,-2.028374e-04,-1.804540e-05,5.143555e-04,-1.761356e-01,4.610063e-01,5.193558e+00
1782,7.623227e-19,-2.240822e-04,-8.461728e-06,5.124581e-04,-1.227664e-02,-1.595540e-01,8.378483e+00
1783,2.288046e-18,-2.039098e-04,-2.340720e-06,5.128317e-04,7.321593e-02,1.539170e-02,4.882562e+00
1784,1.017769e-17,-2.053548e-04,-1.391129e-05,5.081180e-04,-1.910495e-01,-1.988612e-01,3.584474e+00
1785,9.136516e-18,-2.185320e-04,-1.015360e-05,5.063793e-04,3.165341e-01,-3.083344e-01,7.973922e+00
1786,2.360852e-18,-2.109288e-04,-8.600273e-06,5.175581e-04,1.607059e-01,-1.145453e-01,4.423894e+00
1787,4.851688e-18,-2.187514e-04,-1.015275e-05,5.164406e-04,-1.129675e-01,-1.419407e-01,1.015376e+01
1788,1.235619e-18,-2.054896e-04,-1.325854e-05,5.039924e-04,1.912956e-01,-6.111347e-02,2.264670e+00
1789,2.805799e-17,-2.487888e-04,2.381465e-05,4.890607e-04,1.766369e-01,1.041513e+00,5.355687e-01
1790,1.164693e-16,-2.294456e-04,9.940399e-06,4.883939e-04,5.848525e-01,-1.272513e+00,8.064613e+00
1791,2.024950e-18,-2.265057e-04,1.008883e-05,4.812811e-04,2.233767e-01,-1.952474e+00,5.487514e+00
1792,6.364922e-17,-2.490134e-04,7.401041e-06,4.857405e-04,5.817325e-02,-6.430966e-01,1.801256e+00
1793,1.620744e-17,-2.290118e-04,1.419523e-05,4.764743e-04,9.824764e-01,-2.480767e+00,2.528231e+00
1794,2.563850e-18,-2.367522e-04,6.995978e-06,4.809735e-04,-5.239775e-01,-1.585979e-01,-1.370531e+00
1795,1.237572e-18,-2.280596e-04,7.778977e-06,4.821755e-04,2.078402e+00,-6.325190e-01,9.418808e+00
1796,3.045180e-18,-2.273630e-04,7.807817e-06,4.778800e-04,3.964285e+00,-1.163850e-01,5.144293e+00
1797,1.471646e-18,-2.496078e-04,1.406667e-05,4.832834e-04,-7.337890e-02,3.013143e-01,4.160459e-01
1798,1.409528e-18,-2.343653e-04,1.016007e-05,4.774948e-04,-1.130909e-01,-1.199694e-01,9.618359e-01
1799,3.195239e-18,-2.437526e-04,1.558395e-06,4.911537e-04,6.451304e-02,2.549301e-01,5.349486e-01
1800,1.004454e-17,-2.450880e-04,1.467400e-05,4.848547e-04,2.668304e-01,-1.390772e-01,4.084567e-02
1801,9.727479e-19,-2.287317e-04,7.939078e-06,4.845216e-04,-1.018958e+00,-6.169605e-01,1.306826e+01
1802,1.739650e-18,-2.496092e-04,5.472622e-06,4.771300e-04,-1.174371e-01,4.473639e-02,3.099163e+00
1803,1.283530e-17,-2.405178e-04,2.425629e-05,4.903486e-04,6.248721e-02,-2.781034e-02,-1.656959e+00
1804,3.013733e-18,-2.304444e-04,2.333953e-06,4.958981e-04,-9.634575e-01,3.582810e-01,4.740983e-01
1805,2.893171e-18,-2.492798e-04,2.460932e-05,4.800916e-04,-1.156966e-01,-5.607316e-02,-3.066184e+00
1806,1.338880e-18,-2.476326e-04,2.460875e-05,4.833031e-04,7.245902e-02,2.743926e-01,-3.325918e+00
1807,1.118570e-16,1.230714e-05,-3.124853e-05,5.454163e-04,-9.112437e-01,-3.737506e-01,1.076585e+01
1808,1.370602e-18,1.329214e-05,-3.905555e-05,5.293725e-04,-2.353140e-01,7.136412e-02,6.421540e+00
1809,4.476561e-18,7.810541e-06,-3.827992e-05,5.405587e-04,-3.514338e-01,-8.314077e-02,5.851931e+00
1810,3.571027e-18,2.115709e-05,-3.983720e-05,5.484889e-04,-1.129038e+00,-8.322473e-02,6.858020e+00
1811,2.742294e-18,1.170220e-05,-4.218872e-05,5.283195e-04,1.557176e-01,1.193383e-02,4.728826e+00
1812,1.490772e-18,4.927133e-06,-3.916203e-05,5.496682e-04,-5.744186e-02,2.301108e-01,1.609389e+01
1813,1.963583e-16,6.880534e-06,-7.075208e-05,5.437416e-04,-1.405539e-01,1.026838e+00,6.916837e+00
1814,8.642255e-17,-5.363428e-06,-6.589113e-05,5.340087e-04,2.092925e-01,-7.961144e-01,1.018724e+01
1815,3.116580e-16,1.202589e-05,-6.588687e-05,5.374447e-04,-3.423964e-01,-9.753854e-02,8.224215e+00
1816,3.686737e-18,1.171945e-05,-5.390618e-05,5.267354e-04,2.761118e-02,1.206275e+00,8.316334e+00
1817,2.953119e-17,1.146557e-05,-5.394831e-05,5.269200e-04,-1.872196e-01,1.090223e+00,8.076047e+00
1818,2.049390e-17,2.801113e-06,-5.235723e-05,5.246940e-04,-8.434039e-01,-8.119405e-01,4.767600e+00
1819,4.254397e-17,1.531900e-05,-6.942521e-05,5.295191e-04,1.180136e+00,-1.149468e+00,1.315102e+01
1820,3.413969e-18,9.382061e-06,-5.703437e-05,5.343005e-04,2.745655e-02,-1.037260e-01,6.876269e+00
1821,4.705776e-17,-1.081436e-05,-5.729851e-05,5.377068e-04,-5.811656e-01,2.084667e+00,1.376243e+01
1822,1.591240e-17,-8.639169e-06,-6.419070e-05,5.495228e-04,1.328158e+00,3.518859e-01,1.387807e+01
1823,4.885315e-18,-2.263887e-05,-5.311767e-05,5.362434e-04,1.062460e+00,1.922958e-01,6.159690e+00
1824,3.336227e-18,-2.378044e-06,-6.019104e-05,5.318994e-04,-2.051400e-01,8.567521e-01,5.177466e+00
1825,4.589789e-18,-1.172984e-05,-6.562648e-05,5.385156e-04,-1.007854e-01,-1.857437e-01,8.613922e+00
1826,1.178698e-17,-1.565486e-05,-6.139501e-05,5.472407e-04,-2.024516e-02,-6.291763e-01,6.014477e+00
1827,1.098644e-18,-7.034990e-06,-7.266616e-05,5.451706e-04,8.897780e-04,-1.188461e-01,5.778536e-01
1828,3.523977e-17,-1.828755e-05,-7.441011e-05,5.189777e-04,-1.992323e+00,-2.399360e+00,1.621382e+01
1829,4.717189e-17,1.222084e-05,-4.196140e-05,5.000697e-04,-3.181820e-01,-1.998491e+00,4.818478e+00
1830,8.309569e-18,1.715632e-05,-5.083667e-05,5.078950e-04,-4.548028e-01,3.319168e+00,6.130166e+00
1831,1.073342e-17,3.841621e-06,-3.118088e-05,5.043245e-04,-4.659874e-01,1.963039e+00,2.063334e+00
1832,3.049188e-18,7.803872e-06,-3.827937e-05,5.035510e-04,-1.042220e-01,-5.481961e-02,2.597058e+00
1833,2.823830e-18,7.029765e-06,-4.453163e-05,5.237083e-04,1.238596e-01,-4.223591e-02,2.927173e+00
1834,4.952328e-17,-5.781622e-06,-5.344762e-05,5.124990e-04,6.830556e-01,1.380371e+00,7.972439e+00
1835,1.463888e-18,-1.328235e-05,-6.953596e-05,5.009110e-04,4.362857e-02,-7.415275e-02,9.784647e+00
1836,2.220818e-18,-8.701807e-07,-5.312353e-05,5.180302e-04,2.203563e-02,2.200373e-03,9.022132e+00
1837,1.022025e-17,-1.137107e-05,-7.228120e-05,5.056612e-04,3.907393e-01,-9.670690e-01,1.092235e+01
1838,3.384417e-18,-1.093953e-05,-5.469108e-05,5.028072e-04,-2.387631e-02,-3.228420e-02,5.482592e+00
1839,1.034581e-18,-1.092399e-05,-5.468589e-05,5.093899e-04,-3.771968e-01,1.104988e-01,4.627267e+00
1840,2.711201e-18,-1.171750e-05,-6.952217e-05,5.128524e-04,-2.943527e-01,-1.712591e-01,9.172114e+00
1841,3.365405e-18,-2.186155e-05,-5.312408e-05,5.105182e-04,1.187104e+00,5.016335e-02,1.662996e+00
1842,4.977644e-18,-1.328370e-05,-6.203753e-05,5.152502e-04,1.159951e+00,3.078322e+00,3.182210e+00
1843,3.515943e-18,-3.120015e-06,-6.327928e-05,5.097998e-04,4.354521e-01,8.618542e-02,5.005257e+00
1844,4.660363e-18,-7.791111e-07,-5.312497e-05,5.131197e-04,8.716583e-02,-6.014322e-02,6.625976e+00
1845,1.014630e-17,1.206292e-05,-6.003397e-05,5.007936e-04,2.922876e-01,3.267074e-01,7.208403e+00
1846,1.821090e-18,3.019253e-06,-7.582640e-05,5.085092e-04,-2.780708e-01,1.499477e+00,1.564480e+01
1847,2.810563e-18,1.100546e-05,-6.089439e-05,5.122018e-04,3.988271e-01,-5.437347e-01,9.927599e+00
1848,7.338424e-18,1.252406e-05,-6.015765e-05,5.196109e-04,-6.052996e-01,-6.589889e-01,9.323278e+00
1849,1.170831e-17,1.761238e-05,-6.871510e-05,5.131618e-04,1.206037e-01,-4.675902e-02,4.925928e+00
1850,3.160083e-17,9.160931e-06,-6.418894e-05,5.119578e-04,2.754858e-01,1.702594e-01,4.782401e+00
1851,4.264099e-18,1.404610e-05,-7.075283e-05,5.027940e-04,-8.550412e-01,-1.634965e-01,4.399822e-01
1852,1.607940e-18,6.248408e-06,-5.702671e-05,5.217223e-04,7.486720e-02,-8.534842e-02,5.007435e+00
1853,5.869720e-19,1.913892e-05,-6.562971e-05,5.047638e-04,-6.991777e-01,-1.904513e-01,-1.769565e+00
1854,3.039264e-17,3.170240e-06,-7.412554e-05,4.967756e-04,4.766594e-01,-3.002341e-01,1.252738e+01
1855,2.933077e-17,-9.941160e-05,8.014296e-06,4.565981e-04,-5.781686e-01,4.471698e-01,-6.660720e+00
1856,1.944928e-18,-1.017333e-04,5.455798e-06,4.753700e-04,2.784836e+00,-4.928656e-01,1.048670e+00
1857,2.471045e-17,-1.050770e-04,2.256622e-05,4.790567e-04,-9.651100e-01,8.440377e-01,3.101123e-01
1858,4.582824e-18,-1.188140e-04,1.329395e-05,4.742992e-04,9.433518e-01,-5.565861e-01,-4.398122e+00
1859,1.150463e-18,-1.105466e-04,4.891914e-06,4.936035e-04,3.745570e+00,-1.172563e+00,2.214377e+01
1860,4.052030e-17,-1.068502e-04,8.353932e-06,4.939652e-04,6.045961e-01,1.312262e+00,8.243780e+00
1861,3.819876e-17,-1.145271e-04,1.359833e-05,4.965855e-04,1.834660e+00,2.176339e-01,9.921265e+00
1862,3.872390e-17,-1.100609e-04,2.033038e-05,4.983487e-04,1.458739e+00,2.107432e+00,9.504871e+00
1863,1.260774e-18,-1.069890e-04,1.641221e-05,4.923256e-04,-1.030828e-01,8.463952e-01,8.362235e+00
1864,8.883595e-18,-1.203492e-04,-1.803515e-09,4.941106e-04,-1.163129e-01,2.041319e-01,6.735842e+00
1865,6.692186e-18,-1.046859e-04,1.406207e-05,4.959365e-04,1.557359e-01,-4.717839e-02,8.081561e+00
1866,1.662647e-18,-1.046840e-04,1.405988e-05,4.876387e-04,4.801314e-02,-2.923458e-02,5.087497e+00
1867,2.575923e-18,-1.132822e-04,1.795301e-05,4.809345e-04,-7.676492e-02,9.900710e-02,1.762495e+00
1868,4.470887e-18,-1.070449e-04,1.641846e-05,4.986570e-04,3.290839e-01,-6.061846e-01,1.200400e+01
1869,3.846780e-18,-1.070298e-04,1.647191e-05,4.849077e-04,6.948778e-01,-7.336202e-01,4.426578e+00
1870,3.635228e-18,-1.069936e-04,5.417097e-06,4.830409e-04,1.047516e-01,4.956149e-02,5.986155e+00
1871,5.280390e-17,-9.588569e-05,2.031577e-05,4.896481e-04,1.752159e+00,1.360426e-01,5.046517e+00
1872,4.606902e-18,-1.094125e-04,1.402556e-05,4.877659e-04,-2.726282e-02,3.220203e-01,4.625066e+00
1873,3.163019e-18,-1.226675e-04,1.406647e-05,4.966734e-04,-2.541876e-02,1.626495e-01,8.774866e-02
1874,4.698809e-18,-1.179346e-04,1.331066e-05,4.882841e-04,1.896924e-01,-3.501778e-01,1.102533e+01
1875,5.269769e-18,-1.078380e-04,6.875665e-06,4.906533e-04,1.021266e-01,-5.626807e-01,1.384094e+01
1876,5.212795e-18,-1.164011e-04,1.313038e-05,4.925089e-04,-1.262458e-02,1.066304e-01,1.270815e+01
1877,1.266057e-17,-1.121574e-04,7.717854e-06,4.898661e-04,8.310091e-01,-2.323237e+00,1.374856e+01
1878,5.086888e-18,-1.046921e-04,1.406309e-05,4.830163e-04,-1.501830e-01,-9.658556e-02,4.348199e+00
1879,8.770272e-19,-1.111152e-04,-1.783426e-05,4.727931e-04,-8.907591e-01,-6.320053e-01,-2.380948e+00
1880,2.790514e-19,-1.113303e-04,-1.835657e-05,4.704557e-04,-7.908723e-01,-4.975361e-01,-3.819373e+00
1881,2.785594e-19,-1.011719e-04,-5.078371e-06,4.767175e-04,3.069219e+00,2.511408e-01,-3.253967e+00
1882,7.890435e-18,-1.210847e-04,-1.562303e-05,4.782857e-04,-1.389259e-01,1.159225e-02,1.639161e+00
1883,4.874642e-17,-1.177954e-04,-1.172442e-05,4.961870e-04,1.911687e+00,-3.628031e-01,5.791239e+00
1884,7.152223e-18,-1.203139e-04,-1.682405e-05,4.983082e-04,1.228474e-01,2.372682e-01,1.477660e+01
1885,3.426536e-17,-1.054713e-04,-9.192298e-06,4.860904e-04,1.648726e-01,3.091555e+00,6.085697e+00
1886,4.779287e-18,-1.226539e-04,-1.214169e-05,4.903827e-04,-5.795824e-01,2.077775e+00,7.000486e+00
1887,2.964416e-17,-1.110538e-04,-1.535368e-05,4.801508e-04,-3.165319e-01,1.689767e+00,4.596539e+00
1888,5.428970e-19,-1.238268e-04,-1.638825e-05,4.868582e-04,6.312380e-02,1.329822e+00,6.289158e+00
1889,8.120891e-18,-1.109323e-04,-5.473193e-06,4.979307e-04,2.113268e-01,2.322935e-01,4.032297e+00
1890,1.388367e-18,-1.101501e-04,-1.328736e-05,4.993383e-04,5.120654e-01,2.305392e-01,6.445365e+00
1891,1.453823e-18,-1.101389e-04,-1.328598e-05,4.860839e-04,3.233219e-01,-9.243505e-01,1.153318e+00
1892,2.197268e-17,-1.178320e-04,-3.864166e-06,4.890096e-04,1.530502e-01,3.588178e-02,2.272731e+00
1893,3.543379e-18,-1.196179e-04,-1.094319e-05,4.846146e-04,-2.947300e-01,1.976622e-01,2.793128e+00
1894,5.827233e-18,-1.021781e-04,-5.347789e-06,4.833272e-04,-1.364501e+00,-1.705771e+00,3.457075e+00
1895,4.793777e-18,-1.234364e-04,-1.566650e-06,4.908874e-04,-6.089805e-02,6.438287e-02,2.698287e+00
1896,4.682158e-19,-1.066436e-04,-1.132948e-05,4.829502e-04,-2.522038e-01,1.505591e+00,7.672709e+00
1897,3.484219e-18,-1.061527e-04,-7.656843e-06,4.905123e-04,-3.534118e-01,-1.398687e+00,7.917089e+00
1898,2.599158e-18,-1.117508e-04,-1.562290e-05,4.880805e-04,9.596324e-01,-6.250739e-01,-2.443630e+00
1899,1.352881e-18,-1.023790e-04,-6.642531e-06,4.887378e-04,-1.890784e+00,1.828031e+00,9.733443e+00
1900,1.596671e-17,-1.170673e-04,-1.393925e-05,4.798396e-04,-6.821254e-01,9.958263e-01,-4.090191e-01
1901,2.639703e-17,1.612980e-06,-3.779516e-05,4.786596e-04,-1.601607e-01,4.534097e-01,1.913786e+00
1902,7.592635e-18,-1.306309e-05,-4.582978e-05,4.925075e-04,8.138528e-01,1.027387e+00,4.994759e+00
1903,2.081689e-18,-1.249504e-05,-4.855067e-05,4.780606e-04,-1.882188e-01,2.299769e-01,-8.053292e-01
1904,1.786744e-18,-2.460989e-05,-4.453041e-05,4.974008e-04,-6.743598e-02,4.740398e-02,-2.876399e+00
1905,1.029417e-17,7.737814e-06,-5.115668e-05,4.871938e-04,-3.588891e-01,3.101183e-01,1.943533e+01
1906,2.337571e-17,5.789881e-06,-5.121924e-05,4.949879e-04,-2.616241e+00,5.626010e-01,2.083520e+01
1907,2.978488e-17,7.004166e-06,-2.971126e-05,4.940066e-04,-3.631011e-01,-2.526396e-01,8.380374e+00
1908,6.682783e-17,7.614698e-06,-3.446517e-05,4.963220e-04,-1.303679e+00,2.589628e+00,1.452090e+01
1909,3.158530e-18,4.644956e-06,-3.905989e-05,4.872768e-04,1.748563e-01,-2.609643e-01,8.835277e+00
1910,7.356064e-18,4.601279e-06,-3.483761e-05,4.909186e-04,1.334586e-01,3.280203e+00,1.128817e+01
1911,9.783195e-19,6.833259e-06,-3.998508e-05,4.876426e-04,-1.706635e-01,-8.133456e-01,7.143823e+00
1912,2.471675e-18,2.019466e-05,-4.996182e-05,4.806866e-04,4.761529e-01,-1.506378e-01,-1.584737e+00
1913,1.969841e-18,1.177738e-05,-2.883773e-05,4.992214e-04,1.213899e-01,8.259183e-01,3.643797e+00
1914,2.965455e-18,1.875961e-05,-2.813906e-05,4.834038e-04,3.643710e-02,8.635203e-02,1.684395e+00
1915,8.073216e-18,9.204809e-06,-3.600246e-05,4.885630e-04,-1.839681e+00,-7.520057e-01,1.367197e+01
1916,4.840078e-18,7.021188e-06,-4.140889e-05,4.782846e-04,-1.220447e+00,-4.735682e-01,1.757970e+00
1917,3.939834e-18,3.857385e-06,-3.198159e-05,4.992102e-04,-1.470225e+00,8.501874e-01,1.488737e+00
1918,1.033608e-17,2.428395e-05,-2.878192e-05,4.979047e-04,-1.543893e-02,-1.368409e-03,-1.830470e+00
1919,2.073373e-17,1.709119e-05,-7.040558e-05,4.912345e-04,9.219943e-01,5.001184e-01,2.133287e+01
1920,1.271964e-16,3.366562e-06,-6.668586e-05,4.942739e-04,7.886824e-01,-8.414716e-01,9.007142e+00
1921,2.542252e-19,5.861028e-06,-6.445224e-05,4.860831e-04,1.014216e-01,4.919044e-01,3.336841e+00
1922,3.619976e-18,7.925071e-07,-6.407032e-05,4.888021e-04,-2.262676e-01,3.769562e-01,9.627706e+00
1923,3.303727e-17,1.259554e-05,-6.879419e-05,4.892756e-04,-3.005138e-01,-8.503239e-02,2.223411e+00
1924,2.092291e-17,1.803855e-05,-5.401218e-05,4.888954e-04,-1.089897e-01,-9.026151e-03,2.714799e+00
1925,2.838684e-17,2.303105e-05,-7.305237e-05,4.842869e-04,1.749566e+00,7.156911e-01,6.737482e-01
1926,1.460641e-18,2.356010e-06,-6.410089e-05,4.837394e-04,1.395908e+00,-3.429562e-01,6.001857e+00
1927,1.678855e-18,1.093689e-05,-5.937022e-05,4.923259e-04,3.994611e-02,1.352865e-01,1.985329e+00
1928,1.265274e-18,2.321253e-06,-7.427327e-05,4.837369e-04,1.551453e+00,-1.267802e+00,4.840368e+00
1929,5.643044e-17,-1.589724e-06,-5.311212e-05,4.937491e-04,-1.562823e+00,-3.401009e-01,5.260381e+00
1930,1.269582e-17,2.424000e-05,-5.693251e-05,4.959722e-04,-3.143434e-02,6.232379e-03,-1.572691e+00
1931,5.985577e-17,-6.808387e-06,-6.563148e-05,4.980281e-04,-1.616914e+00,-8.650950e-01,1.622035e+01
1932,2.855175e-18,-1.330226e-05,-6.662366e-05,4.962079e-04,7.239287e-04,-9.498977e-01,7.947156e+00
1933,3.231000e-17,-1.297033e-05,-6.097081e-05,4.952945e-04,2.258406e+00,-2.044989e+00,5.871994e+00
1934,1.405112e-17,-1.611802e-05,-5.456100e-05,4.827941e-04,-2.546198e+00,8.757273e-01,1.554055e+00
1935,1.461590e-18,-1.174017e-05,-6.563561e-05,4.970044e-04,-1.443775e+00,-8.496368e-01,3.760664e+00
1936,3.012471e-18,-1.564187e-05,-6.562286e-05,4.982529e-04,-3.221642e-01,1.506541e-01,7.278949e-01
1937,2.182877e-18,-1.172217e-05,-7.274301e-05,4.913603e-04,4.642330e-03,1.315871e-02,4.799775e+00
1938,1.282649e-18,-7.052055e-06,-7.266537e-05,4.931022e-04,-3.952515e-01,-7.240294e-02,-1.822398e+00
1939,1.309128e-17,-2.426495e-05,-6.733609e-05,4.836097e-04,2.280115e-02,2.211461e-02,-1.645087e+00
1940,7.096940e-17,4.769552e-06,1.833450e-04,5.311633e-04,-6.270652e-01,5.582140e-02,1.455975e+01
1941,1.041963e-16,-2.797388e-07,1.912311e-04,5.450973e-04,-9.630370e-01,1.658652e+00,7.281479e+00
1942,2.284113e-18,3.121308e-06,1.851619e-04,5.251502e-04,-5.141034e-02,-1.172820e-01,1.159083e+01
1943,2.848373e-18,9.371832e-06,1.906287e-04,5.441140e-04,-3.318093e-01,6.377460e-03,1.163666e+00
1944,3.321726e-18,-1.094736e-05,1.789111e-04,5.403173e-04,2.389631e-01,3.832982e+00,2.804944e+01
1945,1.161297e-17,-1.462202e-05,1.821464e-04,5.475900e-04,-3.125996e+00,4.614532e+00,3.019353e+01
1946,8.163168e-17,-6.428764e-06,1.928967e-04,5.395028e-04,-1.026467e+00,4.812770e-01,7.324117e+00
1947,3.001467e-17,-1.510057e-05,1.975304e-04,5.285472e-04,4.092050e-01,2.949905e-01,6.113512e+00
1948,2.740893e-17,-6.775912e-06,1.951573e-04,5.260314e-04,-1.338069e+00,-2.169637e+00,5.234141e+00
1949,2.164403e-16,-9.957414e-06,1.847291e-04,5.107299e-04,2.376104e-01,8.488894e-01,3.551142e+00
1950,1.305215e-18,-8.590649e-06,1.953095e-04,5.008982e-04,-8.033955e-02,-3.932633e-02,2.057866e+00
1951,2.930910e-18,-3.896507e-06,1.788957e-04,5.036587e-04,6.449431e-01,1.401431e+00,1.528976e+01
1952,2.476223e-18,-8.593053e-06,1.953095e-04,5.059331e-04,-3.052086e-01,-3.320772e-02,1.859072e+00
1953,5.362399e-17,-8.182644e-06,1.919822e-04,5.212729e-04,-1.237979e+00,1.079072e+00,5.208904e+00
1954,7.553343e-18,-1.931853e-05,1.822512e-04,5.076758e-04,7.493570e-01,2.593013e-01,3.269592e+00
1955,1.233005e-17,-2.071567e-05,1.933276e-04,5.122680e-04,2.635969e-01,4.669790e-02,3.848087e+00
1956,2.760486e-19,-1.601495e-05,1.824227e-04,5.055363e-04,-8.662718e-01,-2.524971e-01,3.978335e+00
1957,4.042916e-18,-3.909774e-06,1.929659e-04,5.048105e-04,-7.187986e-02,-1.311699e-02,1.171836e+00
1958,3.333209e-17,1.479699e-05,2.010753e-04,5.191596e-04,1.278062e+00,-1.929506e-01,5.434464e+00
1959,1.287949e-17,1.182482e-05,1.812542e-04,5.044601e-04,1.134910e+00,7.737070e-02,7.254588e+00
1960,2.736078e-17,1.487146e-05,1.877887e-04,5.040326e-04,1.007671e+00,5.514061e-01,2.199018e+00
1961,1.391136e-18,1.327795e-05,1.836051e-04,5.094217e-04,3.837830e-01,1.027655e-01,2.843388e+00
1962,3.711087e-18,3.124346e-06,1.851565e-04,5.159717e-04,2.381067e-01,-6.586704e-02,1.098682e+01
1963,4.598604e-18,3.126718e-06,1.851532e-04,5.032548e-04,1.055894e-01,1.257172e-02,5.901963e+00
1964,5.572186e-18,1.366218e-05,1.945185e-04,5.090847e-04,-9.270499e-01,-1.365583e+00,3.184749e+00
1965,2.949289e-18,3.110202e-06,1.914063e-04,5.082854e-04,-4.716569e-01,-1.708944e-01,4.169256e+00
1966,1.954370e-17,-1.391771e-05,1.784868e-04,4.979642e-04,-4.021600e-01,3.245522e+00,2.615148e+01
1967,2.088960e-17,-7.870373e-06,1.826777e-04,4.871653e-04,8.275975e-01,5.275716e-01,1.553210e+01
1968,4.584226e-19,-9.766353e-06,1.847656e-04,4.829576e-04,1.108021e+00,-1.247038e+00,2.990368e+00
1969,7.257999e-18,-8.714143e-06,1.914000e-04,4.900676e-04,-8.992400e-02,9.681855e-02,1.264959e+00
1970,4.202828e-18,-5.465738e-06,1.939278e-04,4.919981e-04,-5.887359e-03,1.661464e+00,6.177337e+00
1971,8.868143e-18,-3.890097e-06,1.797028e-04,4.957924e-04,2.122149e-01,1.846770e-01,1.183464e+01
1972,2.177162e-17,-3.117503e-06,1.840444e-04,4.890256e-04,2.603675e+00,-1.224993e+00,3.547381e+00
1973,6.116883e-18,-1.718595e-05,1.839518e-04,4.966148e-04,-4.884675e-01,-2.910386e-01,3.205897e+00
1974,1.735568e-18,-3.932635e-06,1.803050e-04,4.795696e-04,2.076138e+00,3.531123e-01,3.167301e+00
1975,1.583683e-18,-1.015612e-05,1.843759e-04,4.962250e-04,2.712354e-01,-3.248594e-02,4.989132e+00
1976,2.737059e-18,-6.253858e-06,1.929730e-04,4.818707e-04,8.664615e-02,1.104025e+00,1.846725e+00
1977,1.059278e-17,-3.881915e-06,1.793241e-04,4.872677e-04,8.589265e-01,-1.464429e+00,7.972891e+00
1978,1.192124e-18,-2.030342e-05,1.843784e-04,4.852992e-04,-4.404693e-01,4.759667e-01,-3.577997e+00
1979,2.269456e-18,-2.460923e-05,1.859383e-04,4.956045e-04,-8.960512e-02,-3.715230e-02,-2.919393e+00
1980,2.730896e-17,5.319146e-06,2.132813e-04,5.106128e-04,-3.754540e+00,-1.091641e+00,1.227346e+01
1981,3.360262e-17,2.588731e-06,2.208150e-04,5.074494e-04,-6.620587e-01,2.641629e+00,9.316554e+00
1982,2.180669e-17,1.475442e-05,2.102895e-04,5.122910e-04,8.831820e-02,5.378302e-01,6.826670e+00
1983,5.754163e-18,1.870932e-05,2.213921e-04,5.104395e-04,-6.401068e-01,1.293619e-01,2.951854e+00
1984,2.817485e-16,1.631918e-04,-1.586191e-05,5.472978e-04,-3.973080e-01,-8.118549e-01,8.322165e+00
1985,4.491322e-17,1.677060e-04,-9.604283e-06,5.285923e-04,-2.558821e-01,-2.411362e+00,1.121244e+01
1986,8.608412e-17,1.672514e-04,1.878453e-05,5.356835e-04,-6.551744e-01,-3.363565e-01,5.546980e+00
1987,2.901118e-17,1.656268e-04,-1.560102e-06,5.379823e-04,-3.825519e-01,2.749422e-01,7.225445e+00
1988,1.209117e-16,1.660277e-04,-1.192631e-06,5.383687e-04,-4.720896e-01,-1.739609e-02,7.607485e+00
1989,2.522588e-18,1.609375e-04,-4.689913e-06,5.273904e-04,-6.872732e-03,-6.769938e-02,7.031917e+00
1990,3.046828e-17,1.590425e-04,9.973091e-06,5.241042e-04,6.247299e-01,9.564624e-02,1.757215e+01
1991,1.585101e-17,1.552456e-04,1.161568e-05,5.355923e-04,3.736359e-01,-3.764578e-01,7.910138e+00
1992,2.487741e-17,1.615779e-04,6.881793e-06,5.306638e-04,-2.499037e+00,-1.048433e+00,6.876837e+00
1993,3.029988e-18,1.632957e-04,-1.562176e-05,5.373642e-04,1.861748e-01,-4.564533e-01,1.585939e+01
1994,3.032181e-17,1.650501e-04,1.045137e-05,5.410923e-04,-1.507934e+00,-5.430031e-01,6.769876e+00
1995,1.938353e-17,1.588144e-04,7.698291e-06,5.373802e-04,5.355086e-02,-5.804130e-01,8.131809e+00
1996,2.575920e-17,1.528492e-04,1.926847e-05,5.415886e-04,5.019946e-01,4.341855e-02,6.968910e+00
1997,2.999951e-18,1.710930e-04,-1.406444e-05,5.320377e-04,1.036473e-01,-4.395132e-01,4.014307e+00
1998,1.396792e-18,1.609352e-04,-4.684876e-06,5.421585e-04,1.064477e-01,-4.913947e-02,6.567523e+00
1999,2.196677e-18,1.710893e-04,-1.406955e-05,5.372984e-04,9.738790e-04,1.343950e-02,4.333019e+00
2000,3.133996e-18,1.664132e-04,-7.061434e-06,5.388133e-04,-1.631518e-02,-7.171909e-01,6.930208e+00
2001,1.463883e-18,1.663818e-04,-7.004197e-06,5.436940e-04,-2.024708e-01,3.798489e-02,6.407413e+00
2002,1.142454e-17,1.573332e-04,-7.462513e-06,5.468872e-04,-2.963241e+00,-8.320088e-01,5.237355e+00
2003,2.338520e-18,1.539297e-04,-9.374141e-06,5.387682e-04,-1.001025e-01,5.925449e-02,2.745721e+00
2004,4.872344e-18,1.679764e-04,-2.340698e-06,5.323189e-04,-7.795595e-02,7.206730e-01,8.992777e+00
2005,1.077889e-17,1.640621e-04,4.729944e-06,5.365775e-04,9.372555e-01,1.741758e-01,6.484217e+00
2006,6.934115e-17,1.628444e-04,-1.320764e-05,5.111511e-04,5.132859e+00,3.044119e-01,2.183580e+01
2007,2.781732e-18,1.609361e-04,-4.685371e-06,5.004245e-04,-3.592480e-02,9.235267e-02,1.219763e+00
2008,4.572992e-17,1.660488e-04,2.440468e-06,5.203473e-04,-1.357601e+00,-4.844503e-01,4.863345e+00
2009,2.478972e-17,1.657196e-04,2.289096e-05,5.001877e-04,6.577827e-01,3.297420e+00,1.667070e+01
2010,1.497558e-16,1.716434e-04,9.344163e-06,5.186523e-04,-8.680161e-02,-4.891694e-01,1.021216e+01
2011,8.577518e-17,1.690826e-04,7.402032e-06,5.112524e-04,-1.420363e+00,5.905665e-02,1.145737e+01
2012,9.290866e-18,1.578478e-04,1.015625e-05,5.097582e-04,6.054650e-01,2.582631e-01,1.398043e+01
2013,3.383832e-18,1.679729e-04,-4.880727e-06,5.165819e-04,-2.071433e-01,-8.857948e-01,6.613718e+00
2014,1.238984e-17,1.734460e-04,1.602752e-05,5.080424e-04,-5.047282e-01,-3.470692e-01,2.956916e+00
2015,2.975835e-18,1.640445e-04,-1.563777e-05,5.229808e-04,2.279050e-01,1.996013e-01,1.137913e+01
2016,4.063001e-18,1.546947e-04,1.477777e-05,5.104261e-04,-5.606326e-01,-2.258791e-01,5.145774e+00
2017,5.637726e-17,1.738367e-04,-1.214896e-05,5.064366e-04,1.847707e+00,-2.146774e-02,4.191996e+00
2018,1.829132e-17,1.558338e-04,-3.938864e-06,5.130696e-04,-9.626415e-01,-1.069258e+00,3.004892e+00
2019,9.667011e-18,1.609395e-04,1.636482e-05,5.214651e-04,1.388497e-01,-4.677896e-01,4.214672e+00
2020,3.483704e-18,1.546893e-04,1.250506e-05,5.152095e-04,-2.370864e-01,7.242479e-01,5.191880e+00
2021,1.129059e-17,1.684604e-04,1.773343e-05,5.185428e-04,-7.051159e-01,-2.840784e-01,4.371281e+00
2022,1.530983e-18,1.718606e-04,1.401982e-05,5.039968e-04,3.333617e-01,6.000225e-02,7.515202e+00
2023,3.976640e-18,1.711370e-04,-1.396758e-05,5.152881e-04,8.596594e-02,2.479675e-01,3.602221e+00
2024,2.454709e-17,1.531331e-04,4.610659e-06,5.143501e-04,1.767631e+00,1.229291e+00,2.252995e+00
2025,1.534783e-18,1.703086e-04,1.718567e-05,5.132682e-04,6.997450e-02,5.472769e-01,4.874152e+00
2026,4.915161e-18,1.671862e-04,2.342541e-06,5.017815e-04,-1.209474e-01,-5.977832e-02,5.605011e+00
2027,4.656589e-18,1.578122e-04,4.690362e-06,5.078286e-04,1.626066e-02,2.367882e-02,1.419402e+00
2028,2.755760e-18,1.750762e-04,1.242422e-05,5.152795e-04,-2.892966e+00,-1.526041e-01,6.409205e+00
2029,8.592087e-18,-5.305317e-06,-1.934255e-04,4.904328e-04,-3.799725e-01,8.436241e-01,1.118957e+01
2030,5.842890e-18,-3.950984e-06,-1.906081e-04,4.977913e-04,2.645547e+00,-5.066907e-02,1.549111e+01
2031,2.003147e-18,-7.104114e-06,-1.953771e-04,4.935516e-04,-8.448316e-02,-1.563592e-01,3.934966e+00
2032,1.415106e-18,-7.044502e-06,-1.964849e-04,4.841599e-04,6.100236e-01,-2.639554e+00,6.734689e+00
2033,1.238256e-18,-1.552485e-06,-1.960971e-04,4.946593e-04,-5.871257e-02,-4.353589e-02,6.198196e+00
2034,4.528392e-17,-2.332300e-05,-1.809849e-04,4.920699e-04,-2.277560e+00,2.528406e-01,3.107762e+00
2035,2.895784e-18,-1.556715e-06,-1.960948e-04,4.895379e-04,3.502772e-02,-8.775733e-03,4.892710e+00
2036,1.546858e-17,-8.363237e-06,-1.874340e-04,4.791481e-04,1.604681e+00,-7.241825e-01,5.961969e-01
2037,4.470951e-18,-9.380895e-06,-1.812463e-04,4.853486e-04,4.441481e-01,2.880426e-01,1.515808e-01
2038,3.079414e-17,-2.254877e-05,-1.903025e-04,4.821351e-04,-1.094954e+00,-5.309306e-01,6.634325e-01
2039,2.233055e-17,-2.412747e-05,-1.954059e-04,4.970348e-04,1.596821e-02,1.361597e-02,-1.511145e+00
2040,1.742394e-17,-1.193122e-05,-1.679720e-04,4.978351e-04,-1.260557e+00,-4.411394e-01,1.112475e+01
2041,4.124326e-17,-1.241768e-05,-1.615112e-04,4.964663e-04,7.433130e-01,-5.274963e-01,5.134210e+00
2042,4.736966e-18,-1.250111e-05,-1.508000e-04,4.962768e-04,8.570884e-02,-5.051582e-01,9.366420e+00
2043,3.146943e-18,7.811222e-07,-1.593936e-04,4.794951e-04,-5.960376e-01,4.780060e-01,2.461844e+00
2044,1.944606e-17,-4.403257e-06,-1.485296e-04,4.914699e-04,-5.731782e-01,-5.666042e-01,1.865870e+00
2045,2.045170e-17,-5.131545e-07,-1.633491e-04,4.881331e-04,-1.615731e+00,-1.444995e+00,5.356057e+00
2046,3.068722e-17,-2.404027e-05,-1.575190e-04,4.815269e-04,7.546475e-04,2.201248e-02,-1.225561e+00
2047,2.437956e-18,-3.941862e-06,-1.696948e-04,4.820617e-04,-8.787690e-02,-1.715422e-01,-6.020809e-01
2048,1.681030e-18,-9.373705e-06,-1.499939e-04,4.876352e-04,-1.171977e-01,-1.343194e+00,3.428466e+00
2049,3.612010e-17,-1.432789e-05,-1.590277e-04,4.792998e-04,4.929722e-01,-7.259801e-01,2.448112e+00
2050,1.309920e-18,-5.469951e-06,-1.695328e-04,4.907623e-04,7.246633e-02,-1.174208e-01,7.873628e-01
2051,1.948900e-17,-3.663383e-06,-1.639506e-04,4.797298e-04,9.671921e-02,-5.056489e-01,2.183380e+00
2052,1.230039e-18,-1.250880e-05,-1.499344e-04,4.938828e-04,1.518791e-01,-7.565209e-01,9.355394e+00
2053,7.192094e-18,-1.250132e-05,-1.500312e-04,4.897071e-04,1.064216e-02,3.646358e-01,7.506544e+00
2054,5.510056e-19,-1.132912e-05,-1.667958e-04,4.810344e-04,1.220143e-02,-7.501875e-01,7.309334e+00
2055,1.122393e-17,-2.425673e-05,-1.695208e-04,4.900294e-04,4.867184e-03,2.780796e-02,-1.776620e+00
2056,1.051140e-16,1.027409e-05,-1.677268e-04,4.855793e-04,-6.868851e-01,-5.277154e-01,7.901867e+00
2057,5.410117e-17,1.346489e-05,-1.565572e-04,4.971367e-04,6.551179e-01,-1.487728e+00,2.270545e+00
2058,2.914760e-17,9.383421e-06,-1.717100e-04,4.975626e-04,-3.111872e-01,-4.759571e+00,1.225250e+01
2059,3.634624e-18,2.319799e-06,-1.625279e-04,4.961668e-04,1.082219e+00,-2.537827e-01,6.281085e+00
2060,8.231622e-18,1.562195e-05,-1.601586e-04,4.931070e-04,2.504690e-02,7.883986e-02,5.559207e+00
2061,3.580556e-17,1.313581e-05,-1.736236e-04,4.910398e-04,-4.224467e-01,-3.831924e-01,3.180245e+00
2062,1.033830e-18,1.563082e-05,-1.601598e-04,4.790524e-04,2.519684e-01,5.577667e-01,-7.044820e-01
2063,1.312355e-18,1.175671e-05,-1.667955e-04,4.798909e-04,-3.319359e-01,4.938612e-01,8.864770e+00
2064,5.187726e-18,3.908069e-06,-1.656261e-04,4.974052e-04,1.485686e-01,-9.155935e-02,1.250780e+01
2065,7.654961e-18,3.898219e-06,-1.656259e-04,4.899186e-04,1.029682e-01,-1.178111e-01,9.026140e+00
2066,7.235096e-17,1.273137e-05,-1.887023e-04,4.822693e-04,-7.598723e-03,-4.061889e-01,3.091049e+00
2067,6.459738e-17,4.547391e-06,-1.928126e-04,4.945327e-04,5.648755e-01,1.016254e+00,7.322062e+00
2068,1.479946e-18,2.032411e-05,-1.983979e-04,4.907616e-04,-2.358287e-02,6.552608e-02,1.031858e+01
2069,1.728518e-18,5.418347e-06,-1.961544e-04,4.906519e-04,3.390376e-01,-1.521102e-01,9.477103e+00
2070,2.645560e-17,4.033416e-06,-1.807831e-04,4.956229e-04,-8.710686e-01,9.839011e-01,8.801410e+00
2071,6.365550e-19,1.490713e-06,-1.933590e-04,4.915399e-04,1.970044e-02,2.367501e+00,8.326704e+00
2072,4.553318e-18,1.094146e-05,-1.843741e-04,4.945597e-04,9.064960e-02,1.073571e-02,1.398043e+00
2073,2.152752e-18,7.019760e-06,-1.757761e-04,4.794421e-04,-6.261520e-01,1.089450e-02,8.014753e-01
2074,1.943197e-18,3.838087e-06,-1.758474e-04,4.793529e-04,3.978599e-01,-1.260878e-01,1.139340e+00
2075,3.404331e-18,6.250999e-06,-1.960871e-04,4.794263e-04,-1.176050e-01,5.834567e-01,1.118905e+00
2076,2.800558e-17,1.788794e-05,-1.812514e-04,4.841892e-04,-2.870413e-01,1.205568e+00,-5.456884e-01
2077,3.137049e-18,7.028378e-06,-1.914101e-04,4.849396e-04,1.865826e-01,2.770174e-01,1.275046e+00
2078,3.555073e-18,2.025709e-05,-1.984308e-04,4.874405e-04,6.518986e-01,9.595144e-01,8.453060e+00
2079,5.114614e-18,5.467426e-06,-1.812472e-04,4.892384e-04,2.818850e-01,7.095490e-02,9.045523e+00
2080,2.647542e-19,1.171753e-06,-1.972660e-04,4.977782e-04,1.260148e+00,-5.527835e-01,1.403500e+01
2081,1.880789e-18,2.031449e-05,-1.975027e-04,4.842344e-04,8.394445e-01,1.867892e-01,7.778708e+00
2082,2.418633e-19,2.070316e-05,-1.972656e-04,4.813926e-04,-2.163598e-01,-6.974853e-02,5.874146e+00
2083,2.407941e-19,1.992430e-05,-1.980486e-04,4.821651e-04,-1.900547e-01,-8.925361e-02,6.233861e+00
2084,5.148790e-19,1.992206e-05,-1.972632e-04,4.794425e-04,3.556825e-01,-1.127961e+00,4.024883e+00
2085,3.318220e-19,1.288967e-05,-1.863279e-04,4.790434e-04,-1.581774e+00,-1.681449e+00,3.995612e+00
2086,2.397068e-17,2.408791e-05,-1.808012e-04,4.970359e-04,-2.415859e-03,2.215747e-03,-1.349616e+00
2087,1.037064e-17,2.429083e-05,-1.867243e-04,4.835179e-04,-2.106033e-02,-1.077033e-02,-1.949494e+00
2088,1.943594e-18,5.354427e-06,2.266924e-05,4.753529e-04,-1.483705e-01,-1.461215e-01,1.185183e+00
2089,3.564009e-19,1.914006e-05,5.078085e-06,4.759322e-04,2.275024e+00,2.203233e+00,3.690485e+00
2090,9.350886e-19,1.992202e-05,5.283027e-06,4.746574e-04,5.973131e-01,1.976837e+00,1.995884e+00
2091,5.132551e-17,1.484180e-05,4.722096e-05,4.787574e-04,2.952534e+00,3.005499e+00,7.773155e-01
2092,7.608846e-18,7.033178e-06,2.265724e-05,4.872371e-04,1.090213e+00,2.697215e+00,6.401746e+00
2093,9.123892e-17,7.361106e-06,2.236698e-05,4.869321e-04,8.808022e-01,1.665735e+00,5.452252e+00
2094,1.522205e-17,1.796867e-05,6.250968e-06,4.841253e-04,-1.956355e+00,1.256622e+00,4.234960e+00
2095,8.081297e-17,1.812793e-05,6.338958e-06,4.835892e-04,-1.991432e+00,1.431718e+00,4.050125e+00
2096,2.987637e-18,2.029617e-05,1.478907e-05,4.981570e-04,1.922554e+00,1.823214e+00,1.644524e+01
2097,5.500769e-18,1.407204e-05,2.565127e-05,4.790446e-04,6.376566e-02,-2.553477e-01,1.388086e+00
2098,2.855322e-17,8.119440e-06,4.093259e-06,4.846911e-04,-1.056649e+00,-1.904544e+00,3.974808e+00
2099,3.459607e-18,1.243594e-05,1.633765e-05,4.800330e-04,1.220529e-01,4.175427e-01,7.475318e+00
2100,2.192329e-17,1.802052e-05,2.366477e-06,4.924060e-04,-2.640609e+00,7.676850e-01,1.613872e+00
2101,2.838101e-18,2.107781e-05,1.017732e-05,4.935151e-04,4.687175e-01,-3.000646e-01,1.373182e+00
2102,2.290791e-18,1.334644e-05,2.426135e-05,4.897163e-04,3.835218e-01,2.313517e-02,2.836550e+00
2103,1.650960e-18,2.108768e-05,2.344061e-05,4.930988e-04,-5.777425e-01,3.868612e-01,3.330108e-01
2104,2.841612e-18,5.423371e-06,1.406033e-05,4.849486e-04,-1.344774e-01,-1.190848e-01,-1.750751e-02
2105,2.862814e-19,1.836000e-05,5.859658e-06,4.774927e-04,-3.282105e+00,7.883193e-01,6.508251e+00
2106,2.921699e-17,1.620839e-05,4.614248e-05,4.948760e-04,5.579130e-01,-1.196382e+00,8.905940e+00
2107,2.727692e-18,3.036573e-06,2.821093e-05,4.857571e-04,-2.157568e-02,-4.164507e-02,7.593174e+00
2108,2.432698e-17,1.324370e-05,3.924127e-05,4.837157e-04,-6.207409e-01,-1.733446e-02,1.360927e+00
2109,3.941733e-18,1.015455e-05,2.890850e-05,4.977233e-04,-4.081424e-02,-1.098319e-01,4.008671e-01
2110,1.697358e-18,2.186964e-05,4.843315e-05,4.892045e-04,-4.469904e-01,-5.490375e-01,2.434650e+00
2111,1.323117e-18,4.692205e-06,3.515216e-05,4.930978e-04,2.006353e-02,8.945452e-02,1.869628e+00
2112,2.444719e-18,1.410211e-05,4.681412e-05,4.894635e-04,3.068442e+00,-1.211510e+00,-1.066169e+00
2113,3.310250e-18,2.460951e-05,3.828169e-05,4.923497e-04,4.550163e-02,-2.815173e-02,-3.086713e+00
2114,2.620609e-18,3.904484e-06,4.140804e-05,4.849985e-04,-4.003838e-01,-6.173300e-01,-1.688676e+00
2115,2.360416e-17,2.410710e-05,2.927634e-05,4.790854e-04,-1.374895e-02,-4.966098e-02,-1.603729e+00
2116,5.550436e-17,2.013567e-04,-9.731118e-06,5.272000e-04,-4.331896e-01,2.532174e-02,1.244105e+01
2117,4.295354e-16,1.897699e-04,-2.293215e-06,5.267844e-04,-1.843612e-01,5.849019e-01,9.023919e+00
2118,8.453510e-18,1.770739e-04,-1.469397e-05,5.272989e-04,-2.065626e+00,4.745411e-01,8.303963e+00
2119,2.251513e-16,2.028329e-04,2.246433e-06,5.377953e-04,-2.805499e-03,3.702216e-01,8.648337e+00
2120,1.387360e-16,1.974199e-04,1.523224e-05,5.395293e-04,-1.897175e+00,1.704236e-01,5.446451e+00
2121,1.194644e-16,1.822159e-04,-7.070295e-06,5.299434e-04,-3.781210e-01,-7.380767e-01,7.478631e+00
2122,2.371198e-16,2.019599e-04,-1.261168e-05,5.379644e-04,7.736833e-02,-3.103077e-01,8.240324e+00
2123,3.545218e-17,1.893417e-04,-1.935665e-05,5.485747e-04,-9.068635e-02,-8.403391e-01,1.145995e+01
2124,1.258254e-18,1.984339e-04,-1.017668e-05,5.452695e-04,-6.219027e-03,2.594544e-01,4.915262e-01
2125,4.685379e-19,2.007793e-04,-6.652829e-06,5.459752e-04,8.379184e-02,-6.680711e-02,-2.759813e+00
2126,1.522293e-18,1.765492e-04,-1.016838e-05,5.361261e-04,-8.932563e-03,-1.938289e-01,5.446325e+00
2127,9.573179e-16,2.210082e-04,-1.797776e-06,5.432801e-04,-2.965150e-02,4.946024e-01,7.856361e+00
2128,1.457806e-16,2.183276e-04,-4.321096e-06,5.239794e-04,1.786474e-01,-1.280203e+00,8.734495e+00
2129,3.526891e-17,2.147393e-04,9.213847e-06,5.296973e-04,5.477604e-01,-4.386825e-01,5.091451e+00
2130,2.703352e-18,2.218721e-04,1.251029e-05,5.358802e-04,5.199273e-02,-1.230617e-01,4.972859e+00
2131,9.901240e-19,2.125026e-04,4.683735e-06,5.398815e-04,-7.130072e-02,4.386321e-02,4.867805e+00
2132,6.050086e-18,2.219268e-04,1.216939e-05,5.494226e-04,-8.343853e-02,5.250791e-01,1.034580e+01
2133,8.188666e-18,2.117186e-04,-3.123347e-06,5.240906e-04,4.113919e-02,-2.523461e-02,1.197149e+01
2134,8.121971e-18,2.022560e-04,-1.032370e-05,5.044076e-04,-1.816464e+00,-2.016474e-01,7.534921e+00
2135,1.479696e-17,2.125518e-04,-1.041272e-05,5.193516e-04,-1.816921e-01,8.710285e-01,6.520144e+00
2136,6.820605e-18,2.195316e-04,-3.124994e-06,5.128789e-04,5.118978e-03,-3.583225e-02,7.445870e+00
2137,3.558125e-18,2.055323e-04,-1.021322e-05,5.037466e-04,8.967532e-01,-1.588165e-01,1.111070e+01
2138,1.169202e-17,2.079869e-04,-5.468676e-06,5.073782e-04,4.906085e-01,-7.509805e-02,7.102040e+00
2139,3.136127e-18,2.070251e-04,-1.328484e-05,5.228796e-04,-5.281426e-02,-1.334916e-01,6.732882e+00
2140,2.844809e-18,2.195326e-04,-3.125455e-06,5.060059e-04,-2.138896e-01,-2.345345e-01,4.558428e+00
2141,3.342158e-18,2.140571e-04,-7.041050e-06,5.090304e-04,-2.819708e-01,-2.899678e-01,3.932929e+00
2142,1.680054e-17,2.100774e-04,6.822969e-06,5.142963e-04,-4.596626e-01,-2.007543e+00,1.645578e+01
2143,3.392692e-17,2.129430e-04,1.396375e-05,5.057405e-04,-3.634465e-01,-7.451103e-01,1.129124e+01
2144,2.820563e-17,2.062859e-04,1.335807e-05,5.143551e-04,-4.376264e-01,1.999996e+00,9.515933e+00
2145,1.956905e-18,2.070442e-04,8.460156e-06,5.107423e-04,6.403561e-01,-4.680235e-01,1.078464e+01
2146,3.433854e-18,2.023443e-04,4.689218e-06,5.144102e-04,3.099645e-01,7.134216e-01,2.321175e+00
2147,1.206180e-18,2.226555e-04,1.170753e-05,5.217251e-04,3.588392e-02,1.870924e-01,3.884070e+00
2148,1.300362e-18,1.937525e-04,-1.797399e-05,5.346996e-04,-3.061958e-03,-2.323249e-01,7.135817e+00
2149,6.386869e-18,1.945259e-04,-6.250985e-06,5.175927e-04,-4.040100e-02,-1.569180e-01,1.601879e+01
2150,6.567651e-17,1.910164e-04,-1.423100e-05,5.122458e-04,1.008518e+00,7.908838e-01,8.186961e+00
2151,2.263450e-17,1.932458e-04,-2.197357e-06,5.036169e-04,4.169375e-01,-4.198621e+00,1.660918e+01
2152,7.101196e-18,1.787756e-04,-6.296765e-06,5.002563e-04,1.487792e+00,1.086096e-01,9.141683e-01
2153,3.095859e-17,1.784909e-04,-1.583743e-05,5.056487e-04,1.179638e-01,1.611155e-01,7.206631e+00
2154,5.374495e-18,1.930079e-04,-1.172085e-05,5.238627e-04,5.983568e-01,-1.981263e-01,5.806142e+00
2155,1.146941e-17,1.980717e-04,-6.531527e-06,5.074819e-04,6.878143e-01,3.182808e+00,1.037092e+01
2156,1.305247e-17,1.840099e-04,-9.640109e-06,5.219235e-04,-4.336422e-01,1.258887e+00,4.185390e+00
2157,3.618760e-18,1.945994e-04,-6.318377e-06,5.240587e-04,-3.934930e-01,-1.394891e-01,1.853647e+01
2158,1.145109e-17,1.946275e-04,-6.249359e-06,5.027292e-04,4.520688e-02,2.842257e-01,9.243745e+00
2159,2.023416e-17,1.835362e-04,-6.443073e-06,5.030787e-04,6.999694e-01,-1.556596e+00,4.354447e+00
2160,1.341602e-18,1.937850e-04,-1.794592e-05,5.132527e-04,5.853063e-01,-3.814780e-01,6.163410e+00
2161,2.787347e-18,1.976639e-04,-1.484559e-05,5.158910e-04,-1.883012e-02,-2.129010e-02,4.885927e+00
2162,4.644491e-18,1.914091e-04,-1.171558e-05,5.016987e-04,1.027972e-01,-1.841523e-01,3.327405e+00
2163,5.063059e-17,1.821401e-04,1.049962e-05,5.421218e-04,-1.137837e+00,-3.671432e-01,8.196316e+00
2164,1.058668e-18,1.871085e-04,3.148511e-06,5.327226e-04,-4.274800e-01,-1.073145e-01,7.207381e+00
2165,2.853102e-18,1.960989e-04,8.601189e-06,5.282080e-04,6.507205e-01,2.952739e-01,7.613604e+00
2166,4.277931e-18,1.921844e-04,1.172338e-05,5.331465e-04,1.972148e-02,-1.097468e-01,3.215176e+00
2167,7.080728e-18,1.813683e-04,2.341934e-06,5.466975e-04,8.628313e-01,4.465330e-02,8.050830e+00
2168,2.931228e-18,1.789052e-04,1.562481e-05,5.441032e-04,7.597234e-03,-5.397658e-02,2.639533e+00
2169,1.326997e-18,1.953183e-04,1.015591e-05,5.451919e-04,6.407544e-02,-5.725926e-02,1.808603e-01
2170,2.900628e-17,1.837846e-04,3.741011e-06,5.051595e-04,-5.155273e-01,-2.338823e-01,9.474309e+00
2171,2.156733e-17,1.912268e-04,1.445108e-05,5.005265e-04,-2.046096e+00,-6.435720e-01,4.507309e+00
2172,1.288805e-17,1.805591e-04,1.190571e-05,5.044406e-04,-9.307619e-01,-3.709343e-01,8.872641e+00
2173,3.777090e-17,1.783647e-04,7.887713e-06,5.124898e-04,-1.359084e+00,-7.420057e-01,1.041287e+01
2174,7.511611e-18,1.850207e-04,6.944741e-06,5.201370e-04,-2.165341e-01,-1.607287e+00,5.856894e+00
2175,4.356758e-18,1.812488e-04,2.342328e-06,5.124146e-04,-1.443934e-02,-4.265537e-02,3.671931e+00
2176,1.460552e-18,-1.914133e-05,-1.461389e-04,4.708461e-04,1.066394e+00,-2.908179e+00,-1.033913e+01
2177,2.819344e-19,-2.070151e-05,-1.457013e-04,4.743701e-04,-7.608288e-01,1.083220e+00,-2.424029e+00
2178,3.712642e-19,-1.992263e-05,-1.457038e-04,4.728033e-04,8.760861e-01,-2.157616e+00,-8.963280e+00
2179,2.172879e-18,-1.709306e-05,-1.405873e-04,4.741644e-04,-1.471216e+00,6.020757e-01,-4.613172e+00
2180,1.535028e-16,-4.105270e-06,-1.299398e-04,4.878749e-04,4.172321e-01,2.529454e-01,2.347344e+00
2181,2.865195e-17,5.180285e-06,-1.430087e-04,4.836590e-04,-4.850583e-01,9.765913e-01,4.045604e+00
2182,2.562250e-19,-1.132991e-05,-1.480462e-04,4.845159e-04,-3.185116e-02,-5.256704e-01,2.917694e+00
2183,6.423815e-18,-1.485312e-05,-1.465955e-04,4.924677e-04,7.712857e-01,6.264206e-01,9.615881e+00
2184,2.131208e-17,-2.100673e-05,-1.459303e-04,4.793583e-04,1.112621e+00,6.359533e-01,2.548479e+00
2185,1.624522e-18,-9.378939e-06,-1.351773e-04,4.845260e-04,-1.535290e-01,-4.862044e-02,1.487435e+00
2186,1.106896e-17,-9.344115e-06,-1.394735e-04,4.923811e-04,-6.840818e-03,-1.466544e-01,2.917030e+00
2187,3.775523e-18,-1.327998e-05,-1.414007e-04,4.941010e-04,7.300626e-02,-3.836261e-01,2.867192e+00
2188,3.349528e-18,-1.329660e-05,-1.281167e-04,4.974123e-04,1.279610e-01,2.699509e-01,1.049467e+00
2189,1.158656e-18,-1.240306e-08,-1.327846e-04,4.806210e-04,-1.084312e+00,-1.165444e+00,-9.148381e-01
2190,5.414847e-18,-2.441656e-05,-1.429639e-04,4.862936e-04,-8.673049e-02,1.722370e-02,-2.401858e+00
2191,4.863596e-17,3.564690e-06,-1.277676e-04,4.983402e-04,4.556042e-01,1.212525e-01,4.938847e+00
2192,8.799233e-17,2.363120e-05,-1.382993e-04,4.910018e-04,-5.706013e-03,5.750680e-03,-7.970834e-01
2193,7.609834e-18,1.796878e-05,-1.359364e-04,4.849097e-04,1.378377e+00,-6.083800e-01,8.095215e-01
2194,7.074695e-17,1.779395e-05,-1.358124e-04,4.855210e-04,1.385774e+00,-6.101007e-01,6.658774e-01
2195,2.511431e-17,2.760460e-06,-1.472541e-04,4.942604e-04,4.049406e-01,-5.763992e-01,4.129920e+00
2196,1.371238e-17,6.981725e-06,-1.382489e-04,4.912371e-04,-9.155393e-01,4.185059e-02,7.562914e-01
2197,1.377449e-18,2.331750e-06,-1.414137e-04,4.970001e-04,-1.640207e-01,-2.674167e-02,3.072144e+00
2198,2.513051e-18,2.491360e-06,-1.414632e-04,4.825185e-04,1.442834e+00,-6.403641e-01,6.426785e-01
2199,1.052827e-18,2.341310e-06,-1.273543e-04,4.798417e-04,5.800875e-02,1.897830e-01,-1.228654e+00
2200,3.325894e-17,6.458089e-06,-1.382797e-04,4.809331e-04,9.529724e-02,-1.726951e-01,-4.634660e-01
2201,2.264294e-18,7.767084e-06,-1.305190e-04,4.918018e-04,1.197650e-02,4.533194e-01,-3.144311e+00
2202,2.574247e-19,5.078684e-06,-1.410153e-04,4.806242e-04,-1.023072e+00,1.449304e+00,2.717648e+00
2203,1.016362e-17,2.429847e-05,-1.398558e-04,4.979937e-04,-5.433296e-02,-5.350001e-03,-1.905642e+00
2204,4.531302e-17,1.811561e-05,-1.416522e-04,5.144138e-04,1.073279e+00,5.737251e-01,1.835068e+00
2205,4.981729e-17,2.453040e-06,-1.411322e-04,5.180663e-04,-1.094752e-01,2.477477e-01,6.786536e+00
2206,1.457982e-17,-4.923387e-07,-1.398020e-04,5.237788e-04,9.446510e-01,7.115712e-01,1.591346e+00
2207,3.876948e-18,8.384534e-06,-1.390638e-04,5.075863e-04,4.714534e-01,1.090624e-01,1.301807e+00
2208,9.722034e-18,7.576116e-06,-1.257496e-04,5.083784e-04,7.978617e-02,-5.384919e-02,6.072035e+00
2209,6.401404e-17,2.174049e-06,-1.249642e-04,5.445198e-04,-6.271457e-01,-5.677622e-02,1.208665e+01
2210,1.145428e-16,-1.546360e-05,-1.258166e-04,5.340985e-04,-1.531540e+00,6.955221e-01,1.136562e+01
2211,1.920952e-17,-1.270149e-05,-1.462965e-04,5.296902e-04,9.569307e-01,-7.883253e-01,1.566086e+01
2212,5.309189e-18,-3.910027e-06,-1.258176e-04,5.415490e-04,8.116902e-02,-1.023357e-01,1.845311e+01
2213,7.193017e-17,-7.036253e-06,-1.437878e-04,5.243812e-04,1.698822e+00,-1.042821e+00,1.102001e+01
2214,3.113795e-18,-1.562224e-05,-1.257419e-04,5.486283e-04,-3.758433e+00,1.676040e-01,1.841306e+01
2215,5.741244e-18,7.035487e-06,-1.257802e-04,5.356695e-04,9.310749e-02,1.108001e-01,1.244433e+01
2216,5.460019e-18,-1.549981e-05,-1.335955e-04,5.346756e-04,2.422808e-01,-1.885311e-03,5.730280e+00
2217,8.068244e-18,2.344954e-06,-1.335863e-04,5.334281e-04,-2.149201e-03,-5.113507e-01,4.224994e+00
2218,2.801572e-18,-7.825129e-06,-1.304692e-04,5.342010e-04,1.962888e-02,-6.924082e-02,6.938891e+00
2219,3.758654e-18,-7.784858e-06,-1.250309e-04,5.311524e-04,-3.103048e-01,-9.937197e-01,7.210584e+00
2220,2.746055e-17,-1.610715e-05,-1.421692e-04,5.487104e-04,5.009917e-01,2.866609e-01,8.573640e+00
2221,3.357466e-18,3.127351e-06,-1.414085e-04,5.477933e-04,-1.835175e-01,8.425560e-02,5.319990e+00
2222,1.098701e-17,-3.796924e-06,-1.263826e-04,5.204086e-04,-5.995895e-02,2.454132e-01,1.320090e+01
2223,4.586007e-18,-3.129525e-06,-1.265601e-04,5.131429e-04,-3.543541e-01,2.912303e-01,1.077207e+01
2224,3.894976e-18,-1.334459e-05,-1.281321e-04,5.138196e-04,-4.035000e-01,5.049238e-01,5.880620e+00
2225,1.363322e-18,-2.347251e-06,-1.335908e-04,5.232651e-04,6.069953e-02,-6.503866e-02,3.991071e+00
2226,7.334341e-18,-1.639820e-05,-1.421850e-04,5.249689e-04,1.192553e-01,8.168636e-03,5.443173e+00
2227,3.906770e-18,-3.900187e-06,-1.351556e-04,5.171519e-04,8.053362e-03,2.490751e-02,3.678151e+00
2228,3.821245e-17,3.653180e-06,-9.772957e-05,5.204095e-04,-6.284824e-01,-1.476968e+00,6.736461e+00
2229,5.324979e-18,1.093690e-05,-1.179599e-04,5.040130e-04,1.081616e-01,-2.737064e-01,6.948107e+00
2230,2.093552e-17,8.690555e-06,-1.137283e-04,5.266971e-04,-1.027331e+00,1.343817e+00,1.389826e+01
2231,2.368853e-16,-1.298237e-06,-1.042023e-04,5.425439e-04,-4.248682e-02,-3.093691e-01,7.401556e+00
2232,2.940432e-17,7.619920e-06,-1.177729e-04,5.325590e-04,-2.502792e-01,2.058542e-02,5.482312e+00
2233,1.316442e-16,7.389063e-06,-1.179713e-04,5.325735e-04,-2.053145e-01,-1.545806e-01,5.433184e+00
2234,5.121655e-18,-2.324030e-06,-9.966613e-05,5.129424e-04,8.093563e-01,-8.592402e-01,1.827871e+01
2235,2.442521e-17,-3.042725e-06,-1.037912e-04,5.201437e-04,-1.103929e-01,-2.950648e+00,2.055931e+01
2236,5.578418e-18,-6.230128e-06,-1.233825e-04,5.205704e-04,-6.412112e-01,4.000915e-01,1.618207e+01
2237,1.131180e-17,-1.484449e-05,-1.033820e-04,5.164810e-04,-5.923007e-02,-3.544169e-01,4.786588e+00
2238,8.427675e-17,-1.485075e-05,-1.034640e-04,5.164710e-04,4.681651e-02,-4.349139e-01,4.653198e+00
2239,6.287837e-17,-3.375901e-06,-1.071964e-04,5.120844e-04,-2.360929e+00,4.120661e-01,9.042378e+00
2240,3.487502e-18,-8.589420e-06,-1.218874e-04,5.342419e-04,8.775913e-01,-8.369935e-01,1.832815e+01
2241,3.150266e-18,-7.802212e-07,-1.125011e-04,5.379392e-04,4.247438e-02,-2.334760e-02,6.662416e+00
2242,2.682225e-17,-6.241757e-06,-1.124214e-04,5.428313e-04,7.867653e-01,-1.014740e+00,5.546174e+00
2243,1.395729e-17,-8.056328e-06,-1.159529e-04,5.163630e-04,1.297302e+00,4.863628e-01,3.234666e+00
2244,1.107276e-18,-7.029763e-06,-1.179765e-04,5.117200e-04,-1.622755e-01,1.049003e-01,1.888559e+00
2245,3.402182e-18,7.032326e-06,-1.195296e-04,5.473728e-04,-2.656856e-02,5.094250e-02,5.056506e+00
2246,4.707578e-18,-1.559682e-06,-1.171889e-04,5.171551e-04,6.414563e-02,1.628663e-02,1.190896e+00
2247,1.979494e-17,-1.498392e-06,-1.154180e-04,5.489049e-04,-5.994346e-01,7.075300e-02,9.746067e+00
2248,1.504713e-18,-1.719386e-05,-1.179688e-04,5.286296e-04,-1.371554e-01,8.628780e-03,2.403799e+00
2249,2.263251e-18,-6.468728e-06,-1.019473e-04,5.496878e-04,1.048816e+00,1.954208e-01,1.577173e+01
2250,1.392804e-18,-1.249969e-05,-1.070311e-04,5.482398e-04,-2.011700e-02,-1.300505e-01,6.213738e-01
2251,1.630513e-16,-5.313077e-05,2.317499e-06,5.263287e-04,6.388057e-01,1.546009e+00,5.732569e+00
2252,1.440518e-17,-5.994135e-05,7.902128e-07,5.123827e-04,-3.278684e+00,-3.011788e-03,2.201139e+00
2253,2.759304e-16,-4.741380e-05,1.642052e-06,5.181388e-04,-3.226777e-01,-1.022699e+00,1.176014e+01
2254,1.872532e-16,-6.718987e-05,7.540158e-06,5.316246e-04,-7.739572e-01,7.102596e-01,6.437098e+00
2255,1.049457e-16,-5.793280e-05,6.130792e-06,5.016083e-04,3.486067e-01,7.665304e-02,1.061704e+01
2256,3.092102e-18,-6.239701e-05,1.246708e-05,5.164699e-04,-4.501186e+00,1.244751e+00,1.390983e+01
2257,4.442980e-17,-5.750017e-05,1.043608e-05,5.160822e-04,1.122036e+00,-2.254584e-02,2.608685e+01
2258,2.356630e-18,-6.874786e-05,1.717759e-05,5.090908e-04,3.896783e-02,6.494247e-02,4.323872e+00
2259,1.771508e-17,-6.426873e-05,4.782290e-06,5.146202e-04,3.298899e-01,-4.432266e-01,3.756094e+00
2260,1.854915e-18,-6.087910e-05,8.526487e-06,5.193383e-04,4.713303e-01,-7.081277e-01,8.550974e+00
2261,1.203011e-18,-7.187381e-05,1.718015e-05,5.016819e-04,-8.764589e-02,2.290398e-01,-1.580249e+00
2262,6.329342e-18,-5.859311e-05,9.403278e-06,5.112971e-04,-1.073209e-01,8.035591e-01,2.830803e+01
2263,5.259759e-18,-6.874604e-05,1.051079e-05,5.051571e-04,7.512517e-03,-1.124149e+00,2.859434e+00
2264,4.104263e-18,-5.857664e-05,9.298835e-06,5.068646e-04,-5.617972e-01,-5.144316e-01,2.216855e+01
2265,9.190549e-18,-5.868243e-05,9.538924e-06,5.007339e-04,7.818443e-01,-1.512891e-01,2.101066e+01
2266,1.098762e-17,-6.640509e-05,6.510572e-06,5.468009e-04,-8.562423e-01,-9.324620e-01,7.452250e+00
2267,7.060311e-17,-6.697751e-05,6.473330e-06,5.468675e-04,-8.221572e-01,-8.798530e-01,7.405998e+00
2268,8.009484e-18,-6.015358e-05,1.169257e-05,5.430862e-04,1.114553e-02,-1.003440e+00,7.917611e+00
2269,1.576104e-18,-6.874990e-05,1.718891e-05,5.437357e-04,-5.610246e-03,2.424690e-02,7.182267e+00
2270,5.417155e-18,-5.357543e-05,4.689662e-06,5.476792e-04,3.150360e-02,-4.064257e-02,5.250214e+00
2271,3.315580e-18,-7.274577e-05,1.181402e-05,5.323190e-04,-3.801286e-01,4.140443e-01,3.069703e+00
2272,4.618266e-18,-6.874918e-05,1.719354e-05,5.399294e-04,-4.968055e-02,5.015953e-02,7.963530e+00
2273,2.431176e-17,-4.331833e-05,1.411290e-06,5.265910e-04,-5.016550e+00,2.162814e+00,3.259704e+01
2274,4.845752e-18,-3.281023e-05,1.327818e-05,5.248554e-04,8.457508e-02,1.715909e-01,8.290940e+00
2275,2.331335e-18,-3.827849e-05,1.873455e-05,5.319484e-04,-2.424455e-01,1.236781e-01,6.647676e+00
2276,3.648840e-18,-3.202982e-05,3.905357e-06,5.327559e-04,-2.775650e-01,1.201039e+00,3.935574e+00
2277,3.665994e-17,-3.198276e-05,3.926311e-06,5.326854e-04,-1.256044e-01,1.026616e+00,3.919942e+00
2278,3.987378e-17,-4.511374e-05,1.286244e-05,5.322873e-04,-4.252216e-01,2.237879e-01,6.688918e+00
2279,1.531530e-17,-3.026575e-05,7.488078e-06,5.307473e-04,9.132888e-01,-1.697833e+00,7.729141e+00
2280,1.282292e-18,-3.828377e-05,1.873758e-05,5.384456e-04,-7.329605e-02,3.628650e-01,5.692215e+00
2281,1.325826e-18,-4.137625e-05,1.642674e-05,5.346808e-04,-3.004088e-02,2.388939e-01,4.066854e+00
2282,3.293244e-18,-4.452767e-05,3.179520e-06,5.460600e-04,7.951680e-02,-9.592982e-02,2.743340e+00
2283,2.444706e-18,-3.593311e-05,4.691036e-06,5.371884e-04,1.080670e-02,-6.676946e-02,1.619609e+00
2284,1.299995e-18,-4.179765e-05,-7.791667e-07,5.059054e-04,-3.367395e+00,2.522527e+00,1.562358e+01
2285,3.921252e-17,-3.543410e-05,3.737443e-06,5.152775e-04,-9.102401e-02,-1.823914e-01,2.348848e+00
2286,3.071521e-17,-4.473487e-05,1.074375e-05,5.083002e-04,9.201078e-01,-2.089581e-01,1.157525e+01
2287,4.209244e-18,-4.173361e-05,-7.805797e-08,5.104647e-04,-2.934846e+00,-1.196447e+00,2.072354e+01
2288,4.076381e-17,-3.453853e-05,1.497151e-05,5.046283e-04,3.325463e-01,1.331588e-01,6.313421e+00
2289,6.738405e-18,-3.274226e-05,1.326232e-05,5.100849e-04,-7.037635e-02,1.690226e-01,4.405615e+00
2290,8.257116e-18,-3.281651e-05,-1.103469e-06,5.248079e-04,1.979670e-01,-2.133938e-01,1.055398e+01
2291,2.189376e-18,-3.827864e-05,1.865213e-05,5.230959e-04,3.676253e-01,-2.842504e-01,8.603904e+00
2292,7.474905e-18,-2.450271e-05,1.638998e-05,5.147993e-04,-1.819704e+00,5.442489e-01,8.647724e-01
2293,6.301709e-18,-4.290954e-05,1.071646e-06,5.217118e-04,-5.606449e+00,1.358757e+00,3.163615e+01
2294,9.016898e-17,-1.081395e-05,1.365909e-05,5.384410e-04,1.801450e+00,1.016276e+00,7.714232e+00
2295,4.593749e-18,-1.562261e-05,9.367881e-06,5.430006e-04,-4.622515e-01,-1.108866e+00,3.324677e+01
2296,5.708308e-18,-1.560414e-05,9.357768e-06,5.286631e-04,2.407678e-01,-8.843025e-01,2.777492e+01
2297,5.529253e-18,-1.562176e-05,9.481758e-06,5.488806e-04,-2.584624e-01,-4.994208e-01,3.596911e+01
2298,5.236267e-18,-1.562289e-05,9.370103e-06,5.369327e-04,-3.165374e-01,-8.310395e-01,3.150461e+01
2299,2.561807e-18,-1.170976e-05,7.818519e-06,5.303864e-04,-2.777880e-01,5.028140e-02,5.397183e+00
2300,1.217001e-17,-1.796603e-05,4.369126e-06,5.432897e-04,-5.647773e-02,3.482097e-02,1.046709e+01
2301,3.906948e-17,-2.915314e-06,1.656173e-05,5.438948e-04,-4.169604e-01,1.156439e+00,6.483218e+00
2302,1.316329e-18,-2.343438e-05,9.380055e-06,5.391195e-04,4.284394e-02,-1.424942e-02,7.360735e+00
2303,1.415107e-18,-1.875737e-05,1.563906e-05,5.421860e-04,-1.006250e-01,1.387936e-01,-6.930630e-01
2304,1.147931e-16,-1.589065e-05,6.006884e-06,5.099539e-04,3.507212e+00,-1.087441e-01,9.035232e+00
2305,5.318565e-18,-1.564775e-05,9.015498e-06,5.183303e-04,-4.764700e-01,-9.201081e-01,1.731732e+01
2306,4.015009e-18,-1.171932e-05,7.807701e-06,5.240386e-04,9.763536e-02,8.894643e-02,4.872505e+00
2307,2.941632e-17,-1.257877e-05,1.569058e-05,5.146150e-04,3.065740e-01,-3.482706e-01,6.031190e+00
2308,1.426797e-18,-7.812445e-06,2.036665e-05,5.255633e-04,3.604305e-02,5.115386e-01,6.902421e+00
2309,1.117831e-17,-1.619114e-05,1.758295e-05,5.123836e-04,3.115091e-01,-2.982177e+00,-4.947027e-01
2310,3.667068e-18,-7.831091e-06,1.949134e-05,5.231879e-04,-3.251846e-01,4.950169e-01,8.497892e+00
2311,7.913471e-18,-4.695434e-06,3.099919e-06,5.031642e-04,-6.749092e-01,-1.676869e+00,1.404646e-01
2312,3.113912e-17,7.368042e-07,9.797092e-05,4.907740e-04,-1.666271e+00,1.326614e+00,2.646004e+00
2313,1.407836e-18,-7.884706e-06,9.915081e-05,4.854264e-04,-1.536670e-01,-1.449239e-03,-1.330935e+00
2314,1.346768e-18,-1.718437e-05,1.007884e-04,4.868586e-04,-8.506251e-02,3.661569e-01,-3.260100e+00
2315,1.817311e-17,-2.420480e-05,1.020617e-04,4.985428e-04,4.538361e-02,2.369762e-02,-1.564969e+00
2316,3.076338e-19,1.211022e-05,1.003892e-04,4.790529e-04,-1.715643e+00,4.173031e+00,9.002428e+00
2317,1.589277e-17,2.424317e-05,9.948044e-05,4.907962e-04,-2.980880e-02,9.867518e-01,-1.367250e+00
2318,2.777090e-17,1.636687e-05,7.894702e-05,4.875908e-04,-1.272393e-02,-1.314169e+00,9.201531e+00
2319,2.669557e-17,2.424103e-06,8.840223e-05,4.968004e-04,-4.951220e-01,5.548473e-01,5.044950e+00
2320,2.489564e-18,-1.167984e-05,7.963869e-05,4.900565e-04,4.894390e-02,5.632433e-01,6.444857e+00
2321,7.615867e-18,-7.031315e-06,7.890754e-05,4.810069e-04,-7.346075e-01,2.326696e+00,1.161573e+00
2322,3.212732e-17,-1.087750e-05,7.768103e-05,4.991631e-04,6.786006e-01,-5.622601e-01,9.085077e+00
2323,9.392596e-17,-6.959734e-06,7.902014e-05,4.813237e-04,-6.923113e-01,2.155571e+00,1.445766e+00
2324,6.960514e-18,4.688138e-06,7.812581e-05,4.957674e-04,9.208861e-02,-9.993040e-02,9.177763e+00
2325,3.973193e-18,2.190272e-05,8.542647e-05,4.935216e-04,2.031593e-01,-7.415069e-01,7.368466e+00
2326,3.926871e-17,1.635549e-05,9.266328e-05,4.945853e-04,-7.778128e-01,-7.917641e-01,5.051110e+00
2327,5.576379e-18,2.344083e-06,9.177048e-05,4.854999e-04,3.160232e-02,2.371855e+00,2.361335e+00
2328,2.393971e-18,2.394649e-08,7.810677e-05,4.783396e-04,5.197098e-02,3.588339e+00,3.487838e+00
2329,2.454480e-18,-1.407663e-05,9.376774e-05,4.966084e-04,2.686562e-02,3.183854e-01,1.735662e+00
2330,3.485734e-18,-1.177391e-05,8.590526e-05,4.945594e-04,-8.703091e-01,1.774827e+00,1.274080e+01
2331,1.490102e-18,1.875421e-05,9.064004e-05,4.813883e-04,5.271123e-03,3.288003e-01,2.671291e+00
2332,2.661027e-17,1.252657e-05,8.984748e-05,4.959764e-04,6.346173e-02,4.799619e-02,3.463086e+00
2333,1.052471e-18,1.919985e-08,7.695311e-05,4.809961e-04,6.561224e-02,2.095332e+00,6.013484e+00
2334,1.524074e-18,1.719456e-05,9.688609e-05,4.767040e-04,2.145979e-01,7.678455e-01,-1.251362e-01
2335,2.441920e-18,-8.548923e-06,8.910244e-05,4.944213e-04,3.629177e-02,2.913683e-01,3.087128e+00
2336,7.501169e-19,-1.001461e-05,9.285435e-05,4.962214e-04,-1.151226e-01,1.725541e-01,-7.625671e-01
2337,2.788431e-18,-2.447091e-05,9.687466e-05,4.852738e-04,-1.479872e-01,7.586339e-02,-2.494352e+00
2338,2.078864e-17,-1.161307e-05,8.592275e-05,4.867907e-04,-6.330187e-01,1.106456e+00,9.607179e+00
2339,6.208724e-19,-6.864838e-09,7.617188e-05,4.821796e-04,-2.063341e-01,1.670600e+00,7.359756e+00
2340,2.340568e-17,-2.412146e-05,9.727810e-05,4.939363e-04,1.009324e-02,2.041368e-01,-6.840823e-01
2341,1.239731e-18,-1.172357e-05,8.514863e-05,4.993423e-04,-1.301964e+00,-9.191913e-02,1.631471e+01
2342,5.049610e-18,-2.702378e-06,7.968823e-05,5.020543e-04,1.051436e+00,5.051146e-03,3.134542e+00
2343,6.012311e-18,-7.031127e-06,8.672002e-05,5.028592e-04,-2.021324e-01,-7.721010e-02,3.543595e+00
2344,7.476821e-19,-5.079068e-06,7.617199e-05,4.785721e-04,1.455228e+00,2.849149e+00,5.626449e+00
2345,3.914088e-18,-1.096887e-05,8.674304e-05,4.782967e-04,-4.383324e-02,-2.368452e-02,5.246595e+00
2346,2.129700e-17,-2.415463e-05,8.482931e-05,4.883499e-04,3.501876e-02,1.082639e-01,-1.622485e+00
2347,1.219869e-17,-2.428427e-05,8.960699e-05,4.980467e-04,4.540518e-02,6.063552e-03,-1.865664e+00
2348,3.273064e-18,1.561990e-05,8.282983e-05,4.849220e-04,4.738763e-01,9.017150e-01,-4.663091e+00
2349,2.248779e-18,2.276972e-05,8.510370e-05,4.910915e-04,1.425244e-01,-4.163687e-01,9.592468e+00
2350,1.073408e-18,6.639362e-06,7.988654e-05,4.756807e-04,-2.168970e-01,-2.290455e-01,-6.093126e-01
2351,1.097486e-18,1.574282e-05,8.066442e-05,4.845196e-04,6.647822e-01,1.616505e-01,1.093992e+01
2352,6.042765e-19,1.557135e-05,8.086099e-05,4.813946e-04,6.755105e-01,9.641941e-01,6.760053e+00
2353,3.673558e-18,1.502806e-05,8.067652e-05,4.782801e-04,-7.635126e-01,5.782972e-01,5.032162e+00
2354,1.186419e-18,8.611520e-06,7.813485e-05,4.837418e-04,3.200234e-01,-3.769091e-01,4.342436e+00
2355,8.420507e-18,8.652293e-06,7.871540e-05,4.795487e-04,-6.453962e-01,4.591540e-01,1.822814e+00
2356,2.936263e-18,2.460913e-05,9.218586e-05,4.892961e-04,1.609429e-02,3.797786e-02,-3.298375e+00
2357,2.497896e-18,2.460966e-05,7.812538e-05,4.884737e-04,5.846464e-02,-2.198589e-02,-3.346060e+00
2358,1.709330e-18,-1.108027e-05,8.687987e-05,4.737429e-04,1.070696e+00,-1.240480e-01,-1.872780e+00
2359,1.382589e-17,-9.693405e-05,-2.428543e-05,5.047921e-04,5.990566e-01,-7.871592e+00,1.751955e+01
2360,3.902175e-17,-8.777617e-05,-1.290197e-05,5.089195e-04,-5.098926e-02,8.860580e-01,1.049038e+01
2361,1.068165e-18,-8.671326e-05,-4.683156e-06,5.124940e-04,-4.460552e-02,-3.581424e-01,6.168950e+00
2362,1.282340e-17,-8.617964e-05,-9.777736e-06,5.117208e-04,4.929964e-01,-1.730980e-01,8.205529e+00
2363,3.549083e-17,-7.848974e-05,-1.274502e-05,5.184591e-04,1.172902e-01,5.210793e-01,6.218279e+00
2364,1.742333e-18,-9.219425e-05,-1.484199e-05,5.163757e-04,3.330061e-01,-9.738104e-01,9.001323e+00
2365,1.086412e-18,-9.842356e-05,-1.248952e-05,5.032240e-04,-9.164527e-02,-2.295429e-01,-2.393017e+00
2366,3.462810e-18,-8.359650e-05,-4.683761e-06,5.252345e-04,9.249351e-02,-1.160076e-01,5.001078e+00
2367,3.412796e-18,-4.921304e-05,-1.563610e-06,5.074384e-04,5.358582e-01,3.467868e-01,9.262760e+00
2368,4.407940e-17,-4.953122e-05,-5.267924e-06,5.054907e-04,-6.930805e-01,1.726103e+00,6.583112e+00
2369,4.136562e-17,-5.958279e-05,-3.577336e-06,5.052359e-04,3.262946e-01,-1.102744e+00,1.159748e+01
2370,5.107206e-18,-7.112260e-05,-1.211718e-05,5.228392e-04,2.694384e-01,-3.538364e+00,1.605139e+01
2371,7.234936e-18,-7.103648e-05,-1.036170e-05,5.141345e-04,-1.065905e+00,-3.957600e+00,1.449510e+01
2372,1.356501e-18,-4.925076e-05,-1.540985e-06,5.132356e-04,-5.715264e-01,4.264835e-01,9.009454e+00
2373,4.160677e-18,-7.108847e-05,-1.558747e-06,5.247908e-04,-1.158327e-02,3.384945e-02,6.480218e+00
2374,2.603825e-19,-7.460875e-05,-1.054745e-05,5.039980e-04,-3.012376e-01,5.436368e-01,-1.690184e-01
2375,2.699290e-18,-5.233606e-05,-1.171305e-05,5.035699e-04,-8.215580e-02,-3.977320e-02,8.848043e-01
2376,1.227325e-18,-5.233833e-05,-1.171162e-05,5.217420e-04,2.026131e-02,1.670561e-01,-2.800368e+00
2377,1.101788e-17,-8.203150e-05,-9.639352e-06,5.347865e-04,-3.636438e-01,5.286993e-01,7.876099e+00
2378,7.787349e-17,-8.189015e-05,-9.594526e-06,5.347997e-04,-3.726292e-01,4.757192e-01,7.802304e+00
2379,4.393026e-18,-8.750154e-05,-1.171901e-05,5.330479e-04,-1.521564e-02,4.229477e-03,1.317605e+01
2380,2.668466e-18,-8.750068e-05,-1.171227e-05,5.402367e-04,1.313628e-02,1.584667e-01,1.420061e+01
2381,4.055325e-17,-9.051918e-05,-2.158811e-05,5.385984e-04,7.869282e-02,-4.039814e+00,1.072593e+01
2382,2.564571e-18,-7.968781e-05,-1.796557e-05,5.289190e-04,1.142678e-02,-2.721467e-01,3.184022e+00
2383,1.498578e-18,-8.984861e-05,-1.485416e-05,5.362062e-04,-4.355931e-02,-1.698833e-03,1.162016e+01
2384,1.755942e-18,-9.129442e-05,-9.919822e-06,5.424784e-04,-3.299520e-01,6.126539e+00,4.675611e+00
2385,1.412742e-18,-9.687491e-05,-9.389673e-06,5.384272e-04,-2.995567e-05,-6.396271e-03,3.755178e+00
2386,4.330710e-17,-9.099154e-05,-4.691667e-06,5.415615e-04,1.731282e-01,1.085387e+00,4.257728e+00
2387,4.906600e-16,-3.504900e-05,-8.128973e-06,5.266430e-04,-5.423521e-01,2.353689e-01,1.177395e+01
2388,1.221469e-16,-5.038524e-05,-4.977751e-06,5.430469e-04,-1.090597e+00,-4.875359e-01,1.469014e+01
2389,4.415681e-17,-3.629051e-05,-9.901008e-06,5.412224e-04,4.705413e+00,-3.072093e+00,1.860635e+01
2390,1.690672e-17,-4.027922e-05,-8.943937e-06,5.209659e-04,2.545359e+00,5.398896e-01,2.149152e+01
2391,1.132413e-17,-3.437503e-05,-1.879595e-05,5.115478e-04,-1.534127e-01,4.927002e-01,1.561168e+01
2392,3.684518e-18,-3.438059e-05,-1.897276e-05,5.168667e-04,-5.075475e-02,1.349118e+00,1.553871e+01
2393,1.162480e-17,-3.437605e-05,-1.308205e-05,5.051033e-04,-1.798099e-01,5.162901e-01,1.060076e+01
2394,4.227682e-18,-3.437498e-05,-2.192308e-05,5.230371e-04,-2.196561e-01,2.256372e-01,1.762694e+01
2395,1.228331e-17,-3.520660e-05,-1.406880e-05,5.165558e-04,1.512741e-01,-1.421276e-01,1.298257e+01
2396,5.392094e-18,-4.530753e-05,-9.376697e-06,5.124705e-04,2.550450e-01,-7.375411e-01,1.902829e+01
2397,3.682374e-18,-3.433777e-05,-1.792976e-05,5.048327e-04,-1.862788e-01,-5.894460e-01,1.265082e+01
2398,8.855585e-19,-4.124079e-05,-8.205340e-06,5.099483e-04,-7.601519e-01,2.249036e+00,9.951989e+00
2399,2.399230e-17,-4.680576e-05,-1.848595e-05,5.184254e-04,2.350491e+00,6.171562e-01,5.332896e+00
2400,1.048053e-18,-3.985976e-05,-1.639353e-05,5.032310e-04,-2.422659e-02,-5.176764e-01,-1.252273e+00
2401,1.259696e-18,-4.218673e-05,-1.796151e-05,5.094286e-04,3.833231e-02,-4.197908e-01,-1.457876e+00
2402,1.692399e-18,-4.844103e-05,-1.174787e-05,5.116985e-04,-1.016710e+00,-8.771829e-01,2.272900e+00
2403,6.135413e-18,-3.516779e-05,-1.661481e-05,5.377984e-04,-5.898945e-01,1.048756e-01,1.856488e+01
2404,8.193335e-19,-4.311316e-05,-5.605329e-06,5.324057e-04,-7.050759e-01,-8.436251e-01,1.389612e+01
2405,2.408231e-18,-3.867487e-05,-2.426368e-05,5.497626e-04,-5.163293e-01,-1.054663e+01,2.433173e+01
2406,2.575707e-17,-3.598224e-05,-1.246553e-05,5.485643e-04,-7.545457e-01,1.229332e-01,5.211366e+00
2407,2.874170e-18,-4.453644e-05,-6.248148e-06,5.478246e-04,-1.646672e-01,-3.962347e-02,1.477975e+00
2408,9.381831e-18,-7.053669e-05,-1.605069e-05,5.391198e-04,2.779792e-01,-5.617836e+00,2.265697e+01
2409,3.386230e-18,-7.109245e-05,-1.560168e-06,5.319888e-04,3.862823e-02,1.256151e-02,3.984619e+00
2410,3.318375e-18,-5.468796e-05,-2.029688e-05,5.433648e-04,2.654812e-02,-5.748808e-01,6.581140e+00
2411,2.588641e-18,-7.108818e-05,-1.560316e-06,5.373185e-04,6.664782e-02,-4.963290e-02,4.423015e+00
2412,2.897158e-18,-5.310020e-05,-9.372604e-06,5.463005e-04,-1.948031e-01,7.970129e-03,1.587884e+00
2413,1.834216e-17,1.730375e-04,1.335000e-05,4.777765e-04,7.793571e-01,3.781088e+00,-1.574456e+00
2414,5.449980e-17,1.764767e-04,-4.469543e-06,4.958742e-04,5.747564e-01,6.788926e-01,5.677543e+00
2415,4.626184e-17,1.901859e-04,-3.795733e-06,4.867021e-04,3.608882e+00,9.327985e-02,8.339543e+00
2416,5.265897e-19,1.746083e-04,-7.025517e-06,4.891986e-04,-3.233067e-01,-3.052200e-02,4.736512e+00
2417,5.625312e-17,1.940077e-04,8.075397e-06,4.927374e-04,-9.686802e-01,-7.543096e-01,3.572145e+00
2418,1.624309e-18,1.812597e-04,5.586675e-06,4.889681e-04,-3.391803e-01,2.887130e-01,5.912301e+00
2419,1.128100e-17,1.949879e-04,-6.205245e-06,4.930326e-04,-8.594920e-01,3.923090e-01,6.431549e+00
2420,2.396279e-17,1.783116e-04,1.694168e-05,4.882872e-04,1.177257e-01,8.608102e-01,3.166313e+00
2421,2.210308e-18,1.766684e-04,1.093189e-05,4.999315e-04,1.265928e+00,1.681755e-01,5.545199e+00
2422,1.285488e-17,1.899243e-04,-1.411393e-05,4.842797e-04,3.062135e-01,-6.742542e-01,5.642157e+00
2423,1.381333e-18,1.984728e-04,-6.252495e-06,4.845142e-04,-3.432444e-01,1.845703e-02,2.697927e+00
2424,2.317442e-18,1.859315e-04,1.605382e-08,4.825790e-04,1.997472e-01,-4.121632e-01,-1.484543e+00
2425,1.626826e-18,1.888133e-04,-3.757944e-06,4.816886e-04,1.968389e+00,3.528092e-01,7.775909e+00
2426,4.068091e-18,1.764454e-04,-1.016334e-05,4.924239e-04,7.698642e-01,6.354053e-02,-2.531460e-01
2427,2.069221e-18,1.876427e-04,-3.898200e-06,4.793513e-04,1.517787e+00,-5.496235e-01,6.121861e+00
2428,5.679500e-18,1.960410e-04,-2.437489e-05,4.988691e-04,-3.835974e-02,7.069103e-03,-2.096832e+00
2429,5.412866e-18,1.828130e-04,5.467713e-06,4.985274e-04,-2.080305e-01,-1.008840e-01,9.159064e+00
2430,1.170340e-18,1.772965e-04,1.405449e-05,4.837316e-04,-6.869686e-02,5.822001e-01,4.848947e+00
2431,5.489716e-18,1.928635e-04,1.643546e-05,4.788295e-04,-3.042250e-01,2.303669e-01,5.531249e+00
2432,3.666054e-18,1.788024e-04,7.862589e-06,4.826191e-04,4.886661e-01,2.361414e-01,-1.474783e+00
2433,1.194454e-17,1.850816e-04,2.007303e-05,4.758641e-04,-4.531754e-01,8.187149e-02,-9.495689e-01
2434,8.879044e-18,1.812488e-04,1.206454e-05,4.808599e-04,6.428011e-01,-1.426838e+00,2.384189e-01
2435,3.783415e-18,1.937441e-04,9.437997e-06,4.784751e-04,9.611098e-01,-6.024004e-01,1.180353e+00
2436,3.657841e-18,1.975904e-04,1.563753e-05,4.784231e-04,5.887877e-01,-3.962960e-01,4.301580e-01
2437,8.123759e-18,1.820093e-04,2.432020e-05,4.852000e-04,-1.362087e-02,-8.858097e-03,-2.038616e+00
2438,4.050968e-17,1.887048e-04,6.749617e-06,4.627689e-04,6.485525e-01,1.327181e-01,-5.482221e+00
2439,1.868102e-18,1.862108e-04,-4.032947e-06,4.735681e-04,1.150511e+00,2.876676e-01,-4.808757e+00
2440,5.227153e-19,1.906104e-04,8.203640e-06,4.720315e-04,-9.444542e-01,-1.024963e+00,-3.351511e+00
2441,2.940681e-19,1.933608e-04,1.601420e-05,4.728112e-04,-1.099458e+00,1.366803e-01,-1.998875e+00
2442,5.772954e-19,1.910152e-04,9.358465e-06,4.728146e-04,-5.634337e-02,2.329879e-01,-1.569576e+00
2443,2.149359e-18,1.640544e-04,-1.406566e-05,4.767231e-04,5.573907e-01,-2.689919e-01,1.514924e+00
2444,2.771513e-18,1.554594e-04,-2.326662e-06,4.748083e-04,7.103096e-01,-9.422391e-01,-2.168672e+00
2445,2.291664e-17,1.538810e-04,1.422141e-05,4.736979e-04,5.471834e-01,-1.147917e-01,-2.756720e+00
2446,1.448836e-18,1.656346e-04,1.288911e-05,4.755327e-04,-2.131878e-01,-2.541965e+00,-7.926993e-01
2447,1.843507e-18,1.531347e-04,3.650095e-06,4.757844e-04,1.886519e-01,3.985040e-02,-2.494772e-01
2448,1.289174e-18,1.624935e-04,1.166420e-05,4.735825e-04,2.041263e-01,7.021108e-01,-5.359989e+00
2449,2.396993e-18,1.630430e-04,-1.402439e-05,4.902902e-04,1.429755e+00,-7.942480e-01,1.225368e+01
2450,1.951424e-18,1.703812e-04,-1.880943e-05,4.961325e-04,-3.201177e-01,3.921822e-02,8.408599e+00
2451,6.165763e-19,1.632276e-04,-1.523513e-05,4.962188e-04,-1.652711e+00,3.659163e-01,2.732759e+00
2452,1.498422e-17,1.688269e-04,-2.388868e-05,4.967170e-04,-3.188394e-01,-2.133814e+00,4.876232e+00
2453,2.738228e-18,1.632846e-04,-1.405459e-05,4.872542e-04,-6.969125e-01,-7.376399e-01,1.026567e+01
2454,2.313008e-18,1.608960e-04,-4.634241e-06,4.975160e-04,-2.528793e-02,-2.021218e-01,4.524151e+00
2455,3.463059e-18,1.632795e-04,-1.561638e-06,4.989349e-04,-2.266387e-02,1.859595e-01,1.263030e+00
2456,7.995854e-18,1.634953e-04,-1.404560e-05,4.816958e-04,5.858564e-02,7.406156e-02,5.302392e+00
2457,3.109473e-18,1.711065e-04,-1.406854e-05,4.911193e-04,-2.069713e-01,-4.109822e-01,-5.554343e-01
2458,1.065593e-18,1.523338e-04,-1.561862e-05,4.837324e-04,-4.365796e-01,2.160010e-01,-2.009512e+00
2459,3.238982e-18,1.546776e-04,-2.355478e-06,4.927157e-04,4.693570e-01,6.673927e-01,-1.381675e+00
2460,5.382598e-18,1.516907e-04,3.896145e-06,4.945822e-04,1.621152e-01,3.474265e-01,1.235123e+01
2461,2.356026e-19,1.691385e-04,1.367322e-05,4.798242e-04,-1.147984e+00,4.181953e-01,8.195576e-01
2462,2.643126e-17,1.541504e-04,3.933795e-06,4.865783e-04,8.020053e-02,-1.503925e+00,6.272745e+00
2463,4.329175e-17,1.627476e-04,8.899052e-06,4.853186e-04,1.682797e-01,-2.194498e+00,3.433394e+00
2464,7.263434e-18,1.570324e-04,1.016384e-05,4.922781e-04,-4.142551e-02,-4.714358e-02,5.994567e+00
2465,1.380626e-18,1.570231e-04,1.015692e-05,4.993423e-04,2.614601e-01,1.903579e-01,8.801514e+00
2466,1.971920e-17,1.665570e-04,1.608498e-05,4.844632e-04,-7.427305e-01,2.039400e-01,5.427810e+00
2467,1.292450e-18,1.718857e-04,1.405118e-05,4.868554e-04,1.524993e-01,-5.289653e-01,3.740274e-01
2468,2.530289e-18,1.555387e-04,7.105209e-06,4.889021e-04,5.969577e-01,-5.321365e-01,5.968799e-01
2469,1.226057e-18,1.570232e-04,1.015083e-05,4.837372e-04,-1.086571e-01,-4.914945e-02,2.763430e+00
2470,4.539049e-18,1.655803e-04,2.149863e-05,4.954462e-04,2.851005e-01,3.349038e+00,1.676269e+01
2471,5.093364e-19,1.656087e-04,1.445309e-05,4.790571e-04,-1.059889e-02,-5.203829e-01,1.728319e+00
2472,1.574031e-18,1.531289e-04,3.900303e-06,4.790617e-04,3.626345e-01,3.137282e-01,1.507178e+00
2473,3.960811e-18,1.625736e-04,1.170847e-05,4.792919e-04,1.038485e+00,2.639141e-01,1.946352e+00
2474,5.941189e-19,1.585969e-04,2.460894e-05,4.907862e-04,-1.022295e-01,-7.947643e-02,-2.517415e+00
2475,1.061048e-17,1.541289e-04,2.426095e-05,4.834795e-04,-4.679369e-02,-7.974094e-03,-1.688762e+00
2476,1.226335e-18,-5.774762e-05,6.640706e-06,4.763549e-04,8.599527e-01,-1.518501e+00,1.199106e+00
2477,1.400765e-17,-8.270757e-05,1.213408e-05,4.791696e-04,-1.470688e+00,2.587142e-01,7.204611e+00
2478,6.188086e-19,-8.320277e-05,1.289048e-05,4.723903e-04,8.125272e-02,-5.723610e-02,-5.162510e+00
2479,6.013101e-18,-5.348067e-05,1.704873e-05,4.902340e-04,-1.314871e+00,9.489301e-01,5.514378e+00
2480,7.772835e-18,-7.547588e-05,1.427621e-05,4.952719e-04,1.745302e+00,-2.036945e-02,2.831023e+00
2481,2.586218e-17,-5.787361e-05,8.764162e-06,4.882158e-04,1.308983e+00,-9.442607e-01,1.108996e+01
2482,1.246687e-18,-5.702600e-05,1.796850e-05,4.962381e-04,1.295338e-01,9.731080e-02,-3.185107e+00
2483,2.521643e-19,-5.976576e-05,3.515615e-06,4.985596e-04,-3.052068e-02,6.137592e-01,1.469773e+01
2484,2.281847e-18,-5.937097e-05,3.882531e-06,4.942857e-04,6.345097e-02,1.615896e-01,8.966011e+00
2485,3.838841e-18,-5.858989e-05,7.741320e-06,4.789399e-04,5.516619e-01,5.413605e-01,5.460534e+00
2486,2.599213e-17,-5.937434e-05,3.776931e-06,4.860792e-04,-6.099736e-02,1.354028e-01,7.510360e+00
2487,2.236663e-17,-6.914104e-05,2.409520e-05,4.967846e-04,6.931276e-03,5.625682e-03,-1.353681e+00
2488,1.825417e-17,-8.200604e-05,9.459340e-06,4.892545e-04,5.986385e-01,-2.881933e+00,1.638790e+01
2489,9.657615e-19,-8.658526e-05,1.187540e-05,4.938863e-04,6.381572e-01,6.212191e-01,1.269434e+01
2490,1.341930e-17,-8.053093e-05,1.447873e-05,4.880715e-04,1.734534e-01,-2.476085e-01,3.388317e+00
2491,1.339748e-18,-7.655677e-05,1.250305e-05,4.813857e-04,-4.311096e-01,1.730447e-01,-2.188450e+00
2492,4.304625e-18,-8.831082e-05,8.050468e-06,4.942963e-04,-1.066732e-01,5.324833e-01,4.994470e+00
2493,2.832421e-17,-9.301917e-05,2.417918e-05,4.839735e-04,-1.023671e+00,-3.754336e-02,1.473425e-01
2494,2.319630e-18,-9.218775e-05,2.248879e-06,4.960443e-04,-1.698869e-03,-1.051963e+00,3.246067e+00
2495,8.409812e-19,-8.658818e-05,1.187111e-05,4.892137e-04,9.938103e-02,-1.330885e-01,9.302213e+00
2496,3.329584e-18,-9.765632e-05,4.686950e-06,4.943085e-04,-1.023567e-02,3.754920e-02,1.945587e+00
2497,9.318397e-18,-9.274512e-05,1.368332e-05,4.890972e-04,-1.338123e-01,5.482764e-01,-3.125154e+00
2498,2.548150e-19,-8.710969e-05,1.210963e-05,4.845225e-04,1.212122e+00,1.614892e-01,6.524509e+00
2499,3.187531e-18,-8.681716e-05,1.169449e-05,4.796323e-04,4.721457e-01,-5.308039e-01,1.595747e+00
2500,1.928220e-18,-8.671388e-05,1.311526e-05,4.777746e-04,-6.277196e-01,-1.007420e+00,3.698778e+00
2501,2.203837e-17,-8.598043e-05,2.414435e-05,4.971071e-04,2.750031e-02,-2.102810e-02,-1.482504e+00
2502,1.336440e-16,-9.951117e-08,1.091468e-04,5.093578e-04,7.160790e-01,-2.869347e-01,1.519121e+01
2503,6.016577e-17,-1.308780e-05,1.095702e-04,5.142672e-04,-2.048610e-01,-1.672470e-01,6.447583e+00
2504,3.116874e-17,-1.440409e-05,8.075006e-05,5.164276e-04,-1.777315e+00,-3.706532e+00,2.752165e+01
2505,3.876067e-18,-1.175245e-05,8.200334e-05,5.098847e-04,-4.224007e-01,-2.667091e+00,2.523879e+01
2506,5.451649e-18,-1.161858e-05,8.438230e-05,5.042373e-04,5.774674e-02,1.319621e+00,2.267959e+01
2507,3.120227e-17,-8.435412e-06,7.919443e-05,5.037089e-04,8.716617e-01,4.214223e-01,8.138361e+00
2508,6.269875e-17,-4.610157e-06,8.068959e-05,5.228500e-04,6.695954e-01,3.409278e-01,6.542252e+00
2509,3.046067e-18,-1.558631e-06,8.830766e-05,5.082387e-04,-6.669729e-02,7.826033e-01,4.152171e+00
2510,3.952589e-17,-1.661348e-05,1.193918e-04,5.111512e-04,-1.027055e+00,-5.819587e-01,8.286529e+00
2511,8.118838e-18,4.854046e-07,1.222380e-04,5.003894e-04,3.615971e-01,2.423001e-01,3.347961e+00
2512,3.150418e-18,8.627352e-06,1.038592e-04,5.068565e-04,7.049557e-01,-6.388310e-01,3.378807e+00
2513,4.489389e-18,1.675933e-05,1.101828e-04,5.135110e-04,-1.671615e-01,8.487303e-02,3.980248e+00
2514,8.060464e-18,1.384692e-05,1.179711e-04,5.178745e-04,-2.653280e-01,-2.726409e-01,7.349256e+00
2515,4.476518e-18,7.824681e-06,1.125002e-04,5.117892e-04,1.333357e-01,-2.859366e-02,4.231902e+00
2516,2.892398e-18,4.695297e-06,1.093476e-04,5.044254e-04,1.923704e-01,-9.238193e-03,2.601036e+00
2517,2.320405e-18,1.405187e-05,1.171911e-04,5.020731e-04,1.846863e-01,-5.794998e-02,3.349211e+00
2518,8.760622e-18,8.595605e-06,1.218390e-04,5.058898e-04,-3.045252e-01,2.310188e-01,4.084983e+00
2519,6.910095e-18,1.887321e-05,1.078146e-04,5.194507e-04,4.663607e-01,-4.661016e-01,9.490822e-01
2520,2.792636e-18,1.717391e-05,1.101546e-04,5.035280e-04,-2.391755e-01,-1.512741e-01,1.206306e+00
2521,1.570648e-16,-1.295310e-05,1.093528e-04,5.146395e-04,-1.844979e-01,-2.205640e-01,6.029797e+00
2522,6.512210e-17,4.452687e-06,1.085052e-04,4.937868e-04,-4.468567e-01,5.321959e-01,1.010286e+01
2523,2.093184e-18,-2.400157e-06,1.117864e-04,4.967023e-04,6.134758e-03,-1.426629e-01,9.345286e+00
2524,3.108404e-18,4.678748e-06,1.109596e-04,4.825932e-04,-3.974970e-01,6.143886e-01,7.356587e+00
2525,5.571733e-19,5.859751e-06,1.077994e-04,4.782764e-04,8.608178e-01,3.382314e-01,1.763931e+00
2526,3.232131e-17,1.025587e-05,1.081998e-04,4.783594e-04,2.845050e-01,-5.403714e-01,1.615151e+00
2527,4.686477e-17,-2.032540e-06,1.074397e-04,4.882472e-04,-3.572435e-01,-1.021998e-01,6.316001e+00
2528,1.643982e-17,1.768365e-05,1.041085e-04,4.956016e-04,-2.528107e-01,1.507716e+00,3.259617e-01
2529,2.839149e-18,-6.246163e-06,1.156273e-04,4.981103e-04,4.759152e-02,1.366415e-03,6.652441e-01
2530,3.849727e-18,7.787490e-06,1.210665e-04,4.838308e-04,1.214737e-02,1.467201e-01,1.430077e+00
2531,1.117724e-18,4.485636e-06,1.091667e-04,4.854811e-04,-5.188932e-01,1.034996e+00,7.630800e+00
2532,3.952141e-18,-2.308090e-06,1.163546e-04,4.885123e-04,3.093951e-01,-1.216600e+00,7.666948e-01
2533,1.229709e-18,-1.406060e-05,1.210987e-04,4.977855e-04,-8.614266e-02,1.345997e-01,2.235591e+00
2534,2.124808e-18,-2.450151e-06,1.218716e-04,4.956214e-04,-7.075565e-01,-1.540446e-01,2.293664e+00
2535,2.372403e-17,2.408459e-05,1.039357e-04,4.925957e-04,3.466419e-02,-8.300517e-01,-7.941901e-01
2536,1.790060e-18,4.769029e-06,1.085409e-04,4.900880e-04,5.523104e-01,2.604940e-01,1.519938e+01
2537,4.177050e-18,-2.347363e-06,1.116636e-04,4.925622e-04,-2.915748e-01,3.387874e-01,8.653805e+00
2538,4.730812e-18,-2.435644e-06,1.113810e-04,4.879698e-04,8.066829e-01,-1.909968e+00,8.390685e+00
2539,5.433804e-18,-9.377560e-06,1.179678e-04,4.860619e-04,-1.744424e-01,4.276764e-01,-6.767909e-01
2540,4.151419e-18,-1.406914e-05,1.227229e-04,4.784623e-04,-5.873507e-01,5.805992e-01,-8.336280e-01
2541,1.487099e-18,7.811796e-07,1.195429e-04,4.837413e-04,-3.864097e-02,3.822542e-02,-1.411532e+00
2542,2.563029e-18,-1.243077e-05,2.047932e-04,4.731418e-04,5.396652e-02,-1.391126e+00,-7.279767e+00
2543,2.624721e-19,1.679818e-05,1.886710e-04,4.696768e-04,-8.525273e-01,-1.488704e+00,-8.892569e+00
2544,1.024450e-18,1.289032e-05,1.972660e-04,4.696291e-04,-1.769860e+00,3.806352e+00,-1.021101e+01
2545,5.556505e-19,1.367173e-05,1.957036e-04,4.724450e-04,2.611296e-02,-4.307542e-01,-1.238992e+00
2546,2.955132e-19,1.367470e-05,1.964863e-04,4.712425e-04,-3.043917e-01,-1.445747e-01,-5.519853e+00
2547,3.926567e-17,2.639890e-06,-7.950668e-05,5.181280e-04,-2.490574e-01,-3.747487e+00,2.081622e+01
2548,9.823507e-17,8.974914e-06,-8.042184e-05,5.224909e-04,-8.024018e-01,-5.213323e-01,1.294814e+01
2549,2.767721e-18,5.470225e-06,-9.765089e-05,5.113635e-04,2.396440e-01,-9.700905e-02,4.459976e+00
2550,7.217886e-17,2.662447e-06,-8.917946e-05,5.129906e-04,7.708645e-01,5.911577e-01,6.637070e+00
2551,2.848501e-18,1.169417e-05,-8.049026e-05,5.098204e-04,9.688866e-03,-1.103000e+00,1.079560e+01
2552,2.792128e-18,1.172302e-05,-8.749812e-05,5.198870e-04,3.231613e-01,1.067728e-01,6.023502e+00
2553,1.784942e-18,3.795336e-06,-7.784556e-05,5.129165e-04,1.259944e+00,-2.183439e+00,1.954099e+01
2554,4.854581e-18,9.868986e-06,-8.984413e-05,5.028502e-04,6.845136e-01,-3.782462e-02,3.415905e+00
2555,1.234321e-18,1.170089e-05,-8.044901e-05,5.039924e-04,3.332160e-02,4.793766e-02,6.456124e+00
2556,3.413120e-18,6.246229e-06,-9.062611e-05,5.198045e-04,3.295371e-02,-7.521064e-02,3.296771e+00
2557,2.696995e-18,1.015322e-05,-9.765094e-05,5.082811e-04,3.010289e-01,6.922555e-02,3.792385e-01
2558,3.349070e-18,2.103695e-05,-8.047773e-05,5.149342e-04,3.025251e-01,-3.090548e-01,-4.780541e-01
2559,4.437210e-17,5.561215e-06,-9.104648e-05,5.443952e-04,-1.340718e+00,-8.516698e-01,1.052116e+01
2560,9.875762e-17,-1.562963e-05,-9.463656e-05,5.433053e-04,1.387756e-01,-1.377768e-01,9.053799e+00
2561,2.219492e-17,-9.120395e-06,-8.619711e-05,5.335428e-04,-1.380548e+00,1.111192e+00,9.191521e+00
2562,1.252749e-16,-4.922340e-06,-7.985738e-05,5.262520e-04,-9.544709e-01,-6.471316e-01,1.372660e+01
2563,9.234347e-17,-9.394157e-06,-8.642155e-05,5.334997e-04,-1.171333e+00,9.997813e-01,8.975178e+00
2564,1.080042e-17,-2.528645e-06,-8.247177e-05,5.193342e-04,-4.492352e-01,-2.014144e+00,1.287116e+01
2565,1.093431e-16,-1.276757e-05,-8.945608e-05,4.996477e-04,3.695562e-01,1.028119e+00,4.686553e+00
2566,2.566313e-18,-4.681937e-06,-9.062442e-05,5.120594e-04,-4.082524e-01,-3.034423e-02,7.369337e+00
2567,2.941929e-17,-1.195405e-05,-9.492855e-05,5.132670e-04,1.350269e-01,1.448179e+00,5.885315e+00
2568,5.624956e-17,-1.295341e-05,-8.017876e-05,5.056206e-04,-3.848892e-01,7.105216e-03,2.474822e+00
2569,5.383935e-18,-3.127197e-06,-7.812371e-05,5.093504e-04,-5.939836e-01,-1.420288e-01,9.830659e+00
2570,1.373965e-17,-4.690466e-06,-9.663052e-05,5.226431e-04,5.262029e-01,6.835746e-02,6.790054e+00
2571,8.835148e-18,1.094140e-05,-9.064660e-05,5.350305e-04,-2.418375e-02,-1.110941e+00,9.964023e+00
2572,2.853874e-18,-1.486040e-05,-9.218917e-05,5.298351e-04,3.135445e-01,7.512890e-02,7.281580e+00
2573,6.374826e-18,-9.661041e-06,-8.987083e-05,5.384943e-04,3.636647e-01,-1.227425e-01,6.523010e+00
2574,1.326047e-18,-9.376743e-06,-8.985097e-05,5.437018e-04,-6.267116e-02,-1.192374e-01,2.479715e+00
2575,1.386686e-17,1.283939e-05,-8.066283e-05,5.350162e-04,-4.961520e-01,2.262224e-01,5.326367e+00
2576,2.230988e-18,1.181044e-05,-8.750382e-05,5.299617e-04,4.888264e-02,-7.354965e-02,8.699834e+00
2577,3.452533e-18,-9.372648e-06,-8.985089e-05,5.051808e-04,-2.377701e-01,8.757098e-02,1.014394e+00
2578,1.085186e-18,5.466164e-06,-9.765338e-05,5.428761e-04,-6.598828e-02,9.169176e-02,4.261453e+00
2579,2.851537e-18,2.031106e-05,-7.968768e-05,5.456708e-04,2.676082e-02,-2.785156e-03,2.045156e+00
2580,2.191593e-17,1.647947e-05,-8.043841e-05,4.841252e-04,-3.689706e-01,2.001866e+00,4.404626e+00
2581,6.561939e-17,1.195215e-05,-8.112703e-05,4.926904e-04,1.206967e+00,-9.411257e-01,6.220284e+00
2582,1.209831e-16,-1.065160e-05,-7.877071e-05,4.969072e-04,-1.308383e+00,1.148390e-01,5.397047e+00
2583,2.640643e-17,1.526313e-05,-9.287633e-05,4.826776e-04,1.495206e+00,3.989629e-02,7.747510e-01
2584,4.314552e-18,-2.347854e-06,-9.686726e-05,4.915384e-04,1.326994e-02,1.035267e-02,8.054220e+00
2585,1.165327e-17,-1.629893e-05,-8.367584e-05,4.910663e-04,1.511619e+00,4.084149e-01,5.358531e+00
2586,4.555404e-17,-1.988308e-06,-8.260206e-05,4.915535e-04,-2.938739e+00,-9.624663e-01,4.163871e+00
2587,6.865047e-18,-2.342306e-06,-9.687406e-05,4.981403e-04,1.728747e-01,-1.789655e-01,1.131343e+01
2588,4.463528e-18,-2.346428e-06,-9.688762e-05,4.838160e-04,5.791810e-02,-3.446196e-01,4.871630e+00
2589,4.418789e-17,-1.840380e-05,-7.894480e-05,4.837100e-04,2.132100e-01,1.119512e+00,4.655440e+00
2590,3.037885e-18,1.487111e-05,-7.809560e-05,4.950368e-04,3.558610e-01,1.802951e-01,1.835347e+00
2591,1.630011e-18,-9.383905e-06,-8.124437e-05,4.860783e-04,-1.977109e-01,-3.109509e-01,2.884197e+00
2592,1.095681e-18,1.171705e-05,-9.845265e-05,4.860697e-04,3.927153e-01,3.055758e-01,4.483018e+00
2593,1.759717e-18,1.017146e-05,-8.186506e-05,4.850369e-04,-1.129915e+00,3.057643e-01,6.052304e+00
2594,1.143793e-18,5.489128e-06,-9.763492e-05,4.923162e-04,-1.425985e-01,-2.884514e-01,1.515447e+00
2595,3.962997e-18,1.171522e-05,-8.749483e-05,4.970114e-04,2.440047e-01,3.141343e-01,2.605243e+00
2596,2.445811e-17,-5.524452e-06,-8.743845e-05,4.825484e-04,2.873347e+00,7.228329e-02,1.172740e+00
2597,2.474288e-17,2.358540e-05,-8.756150e-05,4.926553e-04,2.552501e+00,-1.979028e-02,2.079868e+00
2598,2.790633e-18,5.465183e-06,-9.764971e-05,4.997737e-04,-7.981708e-02,4.107174e-02,1.786902e+00
2599,4.410659e-18,-1.093999e-05,-9.549266e-05,4.904313e-04,-2.013670e-02,3.962285e-01,2.476226e+00
2600,2.646650e-18,5.426677e-06,-9.553949e-05,4.828878e-04,-1.224206e-02,1.237976e+00,1.255181e+00
2601,5.171526e-19,8.203355e-06,-8.203388e-05,4.806169e-04,-1.376859e-01,-6.219358e-01,2.460132e+00
2602,1.912244e-18,1.647062e-05,-9.069219e-05,4.844202e-04,-8.772582e-01,-1.029422e+00,-3.457641e+00
2603,2.122580e-18,1.175166e-05,-8.041095e-05,4.974898e-04,-2.788785e-01,-2.054223e-01,2.940698e-01
2604,2.155530e-18,2.460941e-05,-8.984102e-05,4.860967e-04,3.159592e-02,4.982453e-01,-3.857938e+00
2605,5.219112e-19,-1.757815e-05,-7.851704e-05,4.786502e-04,2.340254e-01,1.993812e-01,2.603211e+00
2606,1.120894e-17,-2.426411e-05,-8.516686e-05,4.963324e-04,1.029436e-04,-5.859367e-03,-1.800421e+00
2607,1.866032e-18,7.903685e-05,-1.092847e-05,4.733374e-04,2.017046e+00,-1.120489e-01,-3.525583e+00
2608,6.467605e-19,9.335720e-05,1.638301e-05,4.735909e-04,4.171263e-01,-5.480325e-01,-5.322020e+00
2609,2.651083e-19,5.976694e-05,-1.601677e-05,4.751350e-04,2.380017e-01,-3.918508e-01,-3.009523e+00
2610,1.053376e-18,2.496095e-04,8.706444e-07,5.026245e-04,7.831018e-02,-5.628593e-02,1.250355e+01
2611,5.876586e-17,2.377697e-04,-2.535952e-06,5.103613e-04,5.324217e-01,1.537539e+00,7.642347e+00
2612,7.357707e-17,2.454126e-04,1.212552e-06,5.196246e-04,-1.214102e-01,-1.064175e+00,1.059324e+01
2613,1.187196e-17,2.316455e-04,1.174254e-06,5.062766e-04,6.320071e-02,-3.292943e-01,6.143558e+00
2614,2.214751e-17,2.304957e-04,-1.561411e-06,5.038820e-04,2.015595e-01,1.955368e+00,7.762484e+00
2615,2.284692e-16,2.317422e-04,5.189717e-07,5.252001e-04,6.344059e-01,3.146914e-01,7.742100e+00
2616,1.318762e-17,2.492542e-04,1.154169e-05,5.466570e-04,1.264874e-01,-2.332461e-01,4.454991e+00
2617,3.091140e-17,2.489931e-04,1.825206e-05,5.456867e-04,-2.057737e-01,4.887403e+00,1.267105e+01
2618,3.643457e-17,2.491929e-04,-5.345652e-06,5.332971e-04,-9.194959e-01,-7.894716e-01,1.460576e+01
2619,1.377445e-16,2.296766e-04,1.011448e-05,5.383377e-04,-3.812150e-01,3.520105e-01,8.231855e+00
2620,2.853282e-18,2.429773e-04,-3.128604e-06,5.410556e-04,-7.288290e-02,-2.647497e-01,1.320151e+01
2621,1.567132e-18,2.496101e-04,1.564180e-06,5.313273e-04,1.155709e-01,1.076054e-01,6.670691e+00
2622,1.799768e-17,2.424908e-04,1.619875e-05,5.357866e-04,3.355318e-01,-7.023282e-01,3.675398e+00
2623,9.761170e-18,2.389296e-04,-1.870882e-05,5.328145e-04,-2.069809e-01,9.865246e-01,7.166210e+00
2624,8.253849e-18,2.343816e-04,3.907225e-06,5.423953e-04,1.627001e-02,2.778578e-02,8.099060e+00
2625,4.076880e-18,2.496090e-04,-1.198305e-05,5.487881e-04,9.668109e-02,-7.245055e-01,1.213536e+01
2626,4.186949e-17,2.347254e-04,-1.998868e-05,5.320365e-04,2.588626e+00,-2.655578e+00,2.666603e+01
2627,4.642287e-19,2.347687e-04,3.904672e-06,5.444905e-04,9.024264e-01,-3.848748e-02,9.638659e-01
2628,1.221791e-18,2.367157e-04,1.328152e-05,5.377566e-04,1.596894e-02,-9.678343e-02,-2.624414e-01
2629,4.773621e-19,2.308555e-04,1.094378e-05,5.467675e-04,-4.042188e-01,4.922764e-02,-2.716865e+00
2630,9.818627e-19,2.414052e-04,1.406139e-05,5.483726e-04,-2.411599e-02,2.262500e-02,-1.241367e-01
2631,2.370984e-19,2.253878e-04,-1.368581e-05,5.453169e-04,-4.949067e-02,6.818012e-01,-1.596196e+00
2632,4.355958e-18,2.328306e-04,-1.250737e-05,5.453875e-04,9.909736e-04,1.535740e-02,2.570267e+01
2633,7.869698e-18,2.429796e-04,-5.834111e-07,5.452857e-04,-3.203758e-02,8.403086e-01,1.391259e+01
2634,2.895979e-18,2.453136e-04,1.569569e-06,5.297682e-04,1.243552e-01,-1.346242e-01,8.505419e+00
2635,8.471580e-17,2.487121e-04,1.058666e-05,5.193054e-04,-1.506823e-02,2.547241e-01,3.240784e+00
2636,8.426798e-17,2.487598e-04,2.094079e-05,5.161205e-04,-2.404821e-01,1.316156e+00,9.448753e+00
2637,1.313060e-18,2.397726e-04,8.664095e-06,5.208405e-04,4.531271e-02,-5.349752e-03,2.417250e+00
2638,6.124980e-17,2.488782e-04,1.791684e-05,5.091262e-04,-6.087475e-01,1.643030e+00,1.287657e+01
2639,1.912076e-17,2.492964e-04,4.346559e-06,5.147778e-04,-7.970491e-02,2.370635e+00,1.565179e+01
2640,2.701890e-17,2.334080e-04,7.964214e-06,5.128981e-04,-1.235460e-01,-3.633230e-01,5.389465e+00
2641,1.649021e-17,2.392175e-04,1.445820e-05,5.227779e-04,-3.990757e-01,4.902498e-01,8.027823e+00
2642,4.777110e-18,2.445327e-04,4.685613e-06,5.102852e-04,1.118962e-01,1.279737e-01,9.371896e+00
2643,6.643039e-18,2.453925e-04,1.481869e-05,5.100760e-04,1.117320e+00,5.364480e-01,8.554337e+00
2644,1.022172e-17,2.492834e-04,1.245351e-05,5.122787e-04,2.938296e-02,2.139005e-01,4.532701e+00
2645,7.250568e-18,2.317692e-04,9.367076e-06,5.073467e-04,6.691749e-02,6.148959e-01,4.419771e+00
2646,6.621355e-19,2.496095e-04,1.404998e-05,5.040069e-04,5.031868e-01,-7.160074e-02,1.099620e+01
2647,1.445066e-18,2.453172e-04,4.686724e-06,5.385061e-04,3.585222e-02,3.453929e-01,9.702724e+00
2648,1.541829e-18,2.273464e-04,5.475001e-06,5.086166e-04,-1.385299e-01,-6.143382e-02,4.799625e+00
2649,5.839493e-18,2.328155e-04,-1.016534e-05,5.274477e-04,-1.323102e-02,-1.114287e-01,1.963993e+01
2650,3.943835e-18,2.330672e-04,-1.349041e-05,5.497596e-04,-2.915126e-01,7.153330e-02,2.818410e+01
2651,1.573672e-18,2.496092e-04,7.968626e-07,5.067402e-04,-3.356656e-02,-2.583524e-01,1.524166e+01
2652,8.667284e-18,2.492981e-04,-6.291793e-06,5.233531e-04,5.253430e-02,-1.234257e-01,8.609441e+00
2653,4.184029e-17,2.475224e-04,-1.191657e-05,5.052852e-04,1.239047e+00,1.111090e+00,4.657365e+00
2654,6.729880e-18,2.426727e-04,-3.911293e-06,5.195473e-04,2.851736e-01,-1.309317e-01,9.075003e+00
2655,1.063087e-17,2.304557e-04,-1.406806e-05,5.088378e-04,6.325945e-02,-3.024068e-01,1.678544e+01
2656,6.577015e-18,2.430015e-04,-3.926294e-06,5.125167e-04,1.851012e-01,-1.266502e-01,7.793032e+00
2657,1.122917e-17,2.492786e-04,-1.645575e-05,5.197198e-04,4.078853e-02,-6.188861e-01,1.938623e+00
2658,1.146847e-18,2.273546e-04,-2.353659e-06,5.147680e-04,-5.005526e-02,3.829123e-02,2.948011e+00
2659,1.872313e-18,2.452598e-04,-2.407442e-06,5.060049e-04,-1.576338e-01,-4.677747e-01,4.165308e+00
2660,2.518678e-18,2.320339e-04,-5.467806e-06,5.112600e-04,-6.322951e-02,-3.888529e-01,9.116274e+00
2661,2.712430e-17,2.417488e-04,-6.522901e-06,5.050523e-04,4.571066e-01,1.793592e+00,2.068692e+01
2662,1.160450e-17,2.328206e-04,-1.015439e-05,5.199914e-04,-2.288170e-01,-1.233983e-01,1.737275e+01
2663,1.245157e-17,2.320425e-04,-9.387450e-06,5.048226e-04,1.039067e-01,9.341649e-02,1.207113e+01
2664,4.809695e-18,2.320273e-04,-1.015608e-05,5.147892e-04,-1.710087e-01,-7.059761e-02,1.630474e+01
2665,3.453324e-19,2.496094e-04,-9.766256e-06,5.255840e-04,6.340608e-01,-1.515888e+00,5.905526e+00
2666,8.895300e-18,2.328133e-04,-1.174277e-05,5.356854e-04,1.242540e-01,4.061454e-02,2.323551e+01
2667,7.246383e-18,2.309240e-04,-1.560999e-05,5.218035e-04,1.456067e-01,1.694578e-01,2.330095e+01
2668,1.423544e-17,2.141210e-04,-7.085579e-06,5.376740e-04,-4.948842e-03,1.715858e-01,1.361198e+01
2669,7.203046e-18,2.062907e-04,-2.820809e-06,5.279884e-04,1.605170e-01,6.920788e-01,1.169214e+01
2670,1.208325e-18,2.117163e-04,-3.130572e-06,5.285887e-04,1.627408e-01,-9.327319e-02,5.472327e+00
2671,1.589773e-18,2.124974e-04,-1.171922e-05,5.384378e-04,2.134049e-02,-1.529946e-01,4.276996e+00
2672,3.037492e-18,2.163925e-04,-1.875692e-05,5.404538e-04,1.180484e-01,4.867620e-02,1.828945e+00
2673,5.265377e-19,2.460950e-05,8.514181e-05,4.735988e-04,2.705420e-01,7.051124e-01,-4.297224e+00
2674,1.362862e-18,2.030247e-05,1.101639e-04,4.743645e-04,-1.107362e+00,1.334685e+00,-2.331339e+00
2675,6.539236e-19,1.013944e-05,5.742181e-05,4.712467e-04,6.244841e-02,-3.331272e+00,-6.466597e+00
