droplet_id,volume,ux,uy,uz,vx,vy,vz
1,7.983033e-12,-1.852770e-08,1.208733e-07,3.859449e-04,3.916209e-03,9.098839e-03,-9.681654e+00
2,4.868150e-18,-1.187571e-04,1.327784e-05,4.716949e-04,5.594891e-01,3.238645e-01,-5.452950e+00
3,1.722267e-18,-1.001323e-04,5.342992e-06,4.754583e-04,1.770749e+00,6.798884e-02,8.829772e-02
4,8.613675e-19,-1.058615e-04,-9.345266e-06,5.013555e-04,4.271576e+00,3.474977e-01,2.098121e+01
5,6.904375e-18,-1.210924e-04,-1.562172e-05,4.791599e-04,-1.803650e-01,-2.595801e-02,1.611979e+00
6,3.084477e-19,-1.019516e-04,-2.070189e-05,4.763865e-04,-8.244935e-01,-1.000166e+00,4.687370e+00
7,1.742445e-18,-1.100786e-04,-1.332555e-05,4.872100e-04,-4.663543e-02,-8.684524e-01,2.295672e+00
8,1.519893e-18,-1.117155e-04,-1.563279e-05,4.865480e-04,-3.649369e-01,-9.739305e-01,-3.162901e+00
9,2.704636e-18,-1.007749e-04,-5.458866e-06,4.798899e-04,7.144962e-01,-3.161295e-01,1.053962e+00
10,1.259094e-18,-1.070453e-04,1.640436e-05,4.974703e-04,-3.841572e-01,2.193512e-01,7.911108e+00
11,4.625267e-17,-1.093573e-04,2.145613e-05,5.035735e-04,1.305628e+00,1.934350e+00,9.213518e+00
12,3.325497e-18,-1.226687e-04,1.406288e-05,4.970976e-04,-1.264039e-01,-5.004928e-02,-8.694412e-02
13,1.645882e-17,-9.925850e-05,5.012500e-06,5.020569e-04,-3.436264e-01,-1.662922e+00,1.536474e+00
14,3.751523e-18,-1.038660e-04,1.018281e-05,5.029853e-04,2.792369e-01,1.423043e-02,9.247756e-01
15,1.426399e-17,-2.263155e-04,1.227006e-05,5.029405e-04,-3.676549e-03,-2.694081e-01,8.703519e+00
16,6.820953e-18,-2.246035e-04,2.428133e-05,5.227555e-04,3.779400e-01,1.053239e+01,6.662616e+00
17,2.693948e-18,-2.437495e-04,1.950387e-05,5.064716e-04,-1.432144e-02,-4.603244e-01,4.830941e+00
18,1.110964e-17,-2.463446e-04,2.195126e-05,5.152184e-04,-1.586924e+00,-5.554146e-02,2.706510e+00
19,3.211199e-18,-2.281211e-04,1.480888e-05,5.178693e-04,1.321604e-01,-4.967453e-01,1.846965e+00
20,9.769859e-18,-2.433740e-04,-3.009023e-07,5.144950e-04,3.470192e-01,6.266373e-01,5.641341e-01
21,2.299774e-18,-2.496077e-04,2.344649e-05,5.430329e-04,-5.422433e-02,-6.847014e-01,8.485711e+00
22,5.144018e-18,-2.359135e-04,1.462847e-05,5.496360e-04,-4.639457e+00,-4.620177e-01,1.428717e+01
23,4.752538e-18,-2.309224e-04,2.345085e-06,5.374645e-04,4.012404e-01,-4.336671e-02,5.933190e+00
24,2.451379e-19,-2.496048e-04,4.295427e-06,5.386013e-04,2.023891e-01,2.757820e-01,2.032760e+00
25,1.471568e-18,-2.227269e-04,9.462436e-06,5.459352e-04,3.198847e-01,-1.307529e-01,2.261408e+00
26,8.429052e-19,-2.201876e-04,-9.306083e-07,5.243870e-04,1.257258e-01,-2.653303e-02,6.365716e+00
27,1.375064e-18,-2.210814e-04,9.374991e-06,5.029041e-04,-7.106685e-02,1.522933e-01,7.734836e+00
28,8.355585e-19,-2.225037e-04,2.483435e-06,5.044302e-04,-3.379546e-01,-2.487683e-01,9.744735e+00
29,2.207595e-18,-2.496091e-04,5.479548e-06,4.795549e-04,-8.536398e-02,-7.760881e-01,3.999294e+00
30,3.149199e-18,-2.304490e-04,2.348143e-06,4.970231e-04,-1.349681e+00,1.009199e-01,1.535193e+00
31,8.012594e-19,-2.496096e-04,-7.746081e-07,4.888793e-04,-8.204499e-02,2.934947e-01,-8.652559e-01
32,1.273800e-18,-2.272965e-04,7.763640e-06,4.880923e-04,-1.325305e+00,-5.248758e-01,9.648999e+00
33,1.106203e-18,-2.496077e-04,1.397606e-05,4.832354e-04,-1.391904e-01,-1.091192e-01,-3.259755e-02
34,1.879342e-18,-2.343877e-04,1.015072e-05,4.777301e-04,-5.081576e-01,4.138622e-01,-7.011878e-01
35,3.007473e-18,-2.437157e-04,1.528958e-06,4.914093e-04,-6.013515e-02,1.278012e-01,1.169559e-01
36,1.163958e-17,-2.405360e-04,2.426779e-05,4.906086e-04,8.230686e-02,-2.490272e-02,-1.174122e+00
37,1.085324e-18,-2.475732e-04,2.460889e-05,4.832591e-04,1.085197e-01,1.240099e-01,-2.557346e+00
38,3.049775e-18,-2.492690e-04,2.460935e-05,4.804610e-04,-3.412201e-02,-2.422063e-02,-2.052870e+00
39,1.672446e-17,-2.016425e-04,1.782436e-05,4.745916e-04,8.888768e-01,-7.182250e-01,2.894367e+00
40,1.166077e-18,-2.015281e-04,3.141669e-06,4.927724e-04,4.588479e-01,-1.778590e+00,1.005039e+01
41,4.412327e-18,-2.226408e-04,9.378425e-06,4.795285e-04,-6.781552e-01,5.223610e-02,2.382589e+00
42,2.036492e-18,-2.016178e-04,2.166277e-06,4.771644e-04,-4.145967e-02,-1.262578e-01,-3.308447e+00
43,2.368516e-18,-2.008922e-04,6.208448e-06,4.791613e-04,9.500911e-02,-4.459475e-02,-1.694870e+00
44,2.901177e-17,-2.103277e-04,-6.063860e-07,4.760475e-04,2.133046e-02,-1.579703e-01,-9.476940e-01
45,6.224442e-17,1.771554e-04,-4.392744e-06,4.991963e-04,4.199791e-01,4.043538e-01,5.021073e+00
46,7.925418e-19,1.740647e-04,-6.901421e-06,4.927696e-04,-4.659553e-01,-3.270806e-01,4.568187e+00
47,1.156239e-17,1.942946e-04,-6.276718e-06,4.966887e-04,-1.033027e+00,-4.091700e-01,6.231750e+00
48,1.335872e-17,1.899406e-04,-1.434152e-05,4.873366e-04,-1.844632e-01,-3.045722e-01,5.098146e+00
49,4.698091e-17,1.921737e-04,-3.682248e-06,4.912281e-04,3.434993e+00,1.449778e-01,8.105421e+00
50,9.617293e-18,1.916586e-04,-1.542473e-06,4.865324e-04,-1.752410e+00,3.119075e-01,1.206828e+01
51,1.651775e-17,2.015596e-04,-2.568974e-06,4.821040e-04,3.111370e-01,-9.187363e-01,2.576334e+00
52,4.618512e-18,1.887503e-04,-3.877982e-06,4.841004e-04,-1.878745e-02,-7.133367e-01,6.136502e+00
53,2.325248e-18,1.859436e-04,-5.647292e-09,4.814401e-04,-9.460732e-03,-1.328826e-01,-1.489284e+00
54,2.404534e-18,1.930793e-04,-1.495275e-06,4.831011e-04,-2.239567e+00,-9.481666e-01,1.103786e+01
55,4.932739e-17,2.023604e-04,4.061200e-07,5.013490e-04,6.287161e-01,-5.393987e-01,5.558573e+00
56,2.923953e-19,1.925781e-04,-1.172381e-06,4.803025e-04,-2.890452e+00,2.818913e-01,6.520813e+00
57,1.385139e-18,1.984336e-04,-6.248532e-06,4.857511e-04,-5.071074e-01,-3.763476e-02,1.869722e+00
58,1.210554e-17,1.976838e-04,-2.428179e-05,4.820844e-04,-1.571446e-01,3.866151e-03,-1.207372e+00
59,3.814428e-18,1.767985e-04,-1.015407e-05,4.933039e-04,-7.166693e-02,-8.547575e-02,2.106494e+00
60,5.900210e-18,1.960901e-04,-2.436907e-05,4.992281e-04,-8.678665e-03,4.797134e-02,-1.520633e+00
61,5.969794e-18,1.929638e-04,1.640576e-05,4.821716e-04,-2.125868e-01,1.239260e-01,5.371450e+00
62,8.234366e-18,1.810488e-04,1.132629e-05,4.808365e-04,-8.387379e-02,-1.311327e+00,-2.852034e-01
63,2.327689e-17,1.782836e-04,1.739540e-05,4.898336e-04,-2.834679e-01,1.312545e+00,2.769057e+00
64,3.289540e-18,1.999509e-04,2.382934e-06,4.945383e-04,-5.934605e-01,-2.770808e-01,6.333584e+00
65,1.308750e-18,1.773345e-04,1.406759e-05,4.873119e-04,-5.185152e-02,3.806284e-01,4.403763e+00
66,1.342074e-18,1.812613e-04,5.456869e-06,4.919998e-04,2.869912e-01,-8.242747e-02,4.084045e+00
67,6.929133e-18,1.960640e-04,1.602765e-06,5.034582e-04,8.253333e-01,-1.340309e+00,2.195725e+01
68,3.890622e-18,1.788422e-04,7.798990e-06,4.816639e-04,-1.196078e+00,7.628915e-01,-2.060044e+00
69,7.518702e-18,1.898849e-04,9.011474e-06,4.830502e-04,-1.746390e+00,-1.298309e+00,9.715072e+00
70,2.620615e-19,1.964844e-04,1.953070e-06,4.990096e-04,6.861991e-01,-2.520599e+00,1.725595e+01
71,2.232246e-17,1.899939e-04,1.407838e-05,5.029278e-04,-2.019311e+00,-6.390891e-01,4.238150e+00
72,3.037646e-18,1.765433e-04,1.093299e-05,5.025695e-04,1.497900e-01,2.734093e-01,4.031533e+00
73,1.788778e-18,1.954826e-04,2.304386e-06,4.844781e-04,-2.064005e+00,-1.462901e-01,1.121532e+01
74,3.174738e-18,1.976524e-04,1.563329e-05,4.783172e-04,-1.386009e-01,-3.952039e-01,-9.050798e-01
75,2.944742e-18,1.953092e-04,2.347361e-06,4.785547e-04,-2.261936e-01,-8.967225e-01,3.540447e+00
76,8.523875e-18,1.820310e-04,2.428153e-05,4.852614e-04,-2.353764e-02,-2.006876e-02,-1.206987e+00
77,1.562760e-17,2.009099e-04,2.427047e-05,4.881614e-04,-4.484837e-02,-6.770709e-03,-1.287573e+00
78,3.257314e-17,1.889835e-04,7.030836e-06,4.636936e-04,4.970983e-01,-6.087967e-01,-8.715085e+00
79,3.391674e-19,1.941407e-04,1.952982e-06,4.756201e-04,-1.754681e+00,1.172795e+00,-1.138295e+00
80,1.139792e-18,-6.250200e-06,1.742189e-04,5.422691e-04,-2.939052e-01,4.455263e-02,1.871531e+00
81,9.612572e-19,-1.015564e-05,1.851559e-04,5.445582e-04,-5.557327e-02,2.530792e-01,2.684802e+00
82,1.461677e-18,-6.242655e-06,1.992165e-04,5.459647e-04,3.205292e-01,-3.672664e-02,1.779983e+00
83,1.510948e-16,2.108082e-05,2.001160e-04,5.452083e-04,3.348099e-01,-5.890474e-01,4.030120e+00
84,9.803464e-19,1.249933e-05,1.906291e-04,5.475201e-04,-3.955471e-01,-5.123549e-02,2.647909e+00
85,2.946880e-18,9.370163e-06,1.906268e-04,5.456483e-04,-1.770655e-02,-3.475118e-02,2.644943e+00
86,1.152384e-18,-3.904973e-06,1.585899e-04,5.259355e-04,2.397841e-02,-3.025426e-03,6.907356e+00
87,5.714770e-18,-1.560262e-06,1.485447e-04,5.370390e-04,-2.048757e-02,3.386582e-01,5.477790e+00
88,4.110248e-17,1.233588e-05,1.714683e-04,5.482182e-04,-7.921122e-01,6.730388e-01,9.535069e+00
89,4.743778e-18,-1.329068e-05,1.609347e-04,5.438886e-04,2.198049e-01,1.487496e-01,7.295942e+00
90,1.174046e-18,-1.323146e-05,1.687831e-04,5.453040e-04,9.410474e-01,-4.636002e-01,5.948310e+00
91,1.317443e-18,-2.108583e-05,1.734449e-04,5.446089e-04,1.409540e-01,9.856949e-02,8.839464e-01
92,6.059796e-18,1.701457e-05,1.687361e-04,5.468324e-04,-1.827613e-01,7.210332e-03,5.051442e+00
93,2.687795e-18,1.094219e-05,1.507732e-04,5.285821e-04,2.911799e-01,1.970894e-01,4.898017e+00
94,3.298840e-18,-1.324165e-05,1.759239e-04,5.051120e-04,8.293009e-01,9.802079e-01,2.129041e+01
95,4.211311e-17,-1.837722e-05,1.634197e-04,5.002245e-04,-4.388446e-01,-1.567279e+00,3.759815e+00
96,2.799374e-18,-2.334581e-06,1.531314e-04,5.124454e-04,-5.339186e-01,5.507757e-02,6.078550e+00
97,1.839554e-18,-8.538529e-06,1.656995e-04,5.097345e-04,6.878206e-02,3.022617e-01,8.622538e+00
98,2.770715e-18,-1.091353e-05,1.640779e-04,5.224894e-04,-2.683015e-01,-2.006095e-01,1.355366e+01
99,1.726252e-17,-2.408559e-05,1.677251e-04,5.000985e-04,-4.275635e-01,-1.143740e-01,-1.762263e+00
100,5.100893e-17,-2.926139e-06,1.481288e-04,5.197112e-04,1.416256e+00,-3.239484e-01,7.093489e+00
101,4.714636e-18,-9.376895e-06,1.687495e-04,5.036383e-04,5.716602e-01,-1.002166e-01,1.051929e+01
102,3.213401e-18,-1.091798e-05,1.640574e-04,5.132967e-04,-2.128842e-01,1.677709e-01,1.091084e+01
103,9.871953e-19,-7.012438e-06,1.585924e-04,5.205969e-04,-1.453505e-01,1.271835e-01,6.534860e+00
104,4.514571e-18,-8.587066e-06,1.648319e-04,5.067609e-04,-2.299046e-01,-2.802208e-01,1.002646e+01
105,2.279859e-17,1.162829e-05,1.562730e-04,5.209183e-04,-1.864728e-01,-3.165053e-01,5.508841e+00
106,2.277544e-17,1.260554e-05,1.770430e-04,5.057353e-04,-7.270928e-01,3.442527e+00,8.114959e+00
107,4.115586e-18,1.477160e-05,1.718400e-04,5.151240e-04,7.684858e-01,2.211704e-01,1.119695e+00
108,1.343637e-18,3.898574e-06,1.617247e-04,5.175082e-04,8.652525e-02,-1.371439e-02,3.303584e+00
109,4.473508e-18,1.872183e-05,1.750210e-04,5.207610e-04,-8.647600e-01,1.381572e-02,4.637060e+00
110,8.763773e-18,1.256211e-05,1.586091e-04,5.067131e-04,1.601812e-02,7.448305e-02,3.452946e+00
111,4.507739e-18,1.025629e-05,-8.982450e-05,5.049114e-04,-6.670100e-01,-2.853123e-01,3.322534e+00
112,2.780257e-18,5.463677e-06,-9.765109e-05,5.139949e-04,3.434582e-01,1.891016e-01,4.044603e+00
113,4.368840e-18,6.247104e-06,-9.062475e-05,5.212967e-04,3.797504e-02,4.569534e-02,2.523245e+00
114,2.641471e-18,5.468187e-06,-9.765920e-05,5.016573e-04,2.590561e-01,-2.946126e-01,2.267860e+00
115,4.537690e-18,3.133787e-06,-7.504264e-05,5.075513e-04,2.369192e-01,2.494499e-01,5.872006e+00
116,2.719425e-18,3.159199e-06,-7.575300e-05,5.178761e-04,-4.613623e-01,3.383106e-01,1.523483e+01
117,1.263225e-18,1.171832e-05,-8.048754e-05,5.075236e-04,5.041683e-01,-3.690694e-01,6.077542e+00
118,2.553397e-18,1.165352e-05,-8.053164e-05,5.156955e-04,1.037065e+00,3.851292e-01,9.470949e+00
119,2.847263e-18,1.171837e-05,-8.749859e-05,5.232387e-04,6.398618e-02,-6.158753e-03,5.477462e+00
120,2.743140e-18,1.015494e-05,-9.764517e-05,5.086787e-04,5.495546e-01,-1.160781e-01,9.187983e-01
121,3.012324e-18,2.109011e-05,-8.046478e-05,5.148226e-04,5.240411e-01,-3.727983e-01,5.725739e-02
122,1.734939e-17,-9.806035e-06,-1.010093e-04,5.012102e-04,-1.918220e+00,4.594963e-01,1.239862e+01
123,5.140657e-18,-2.340065e-06,-1.003787e-04,5.232258e-04,3.328216e-01,-6.969080e-01,1.756431e+01
124,4.003131e-17,2.431149e-06,-8.163140e-05,5.297278e-04,-3.140340e-01,-3.709429e+00,2.059568e+01
125,7.797221e-18,1.093926e-05,-9.105891e-05,5.406976e-04,-5.114878e-02,-1.048367e+00,9.772392e+00
126,3.057775e-18,1.171919e-05,-8.750135e-05,5.352776e-04,-1.845201e-01,4.217267e-02,8.786043e+00
127,1.348202e-17,1.236258e-05,-8.041574e-05,5.380702e-04,-6.493079e-01,5.066460e-01,5.317842e+00
128,1.377952e-17,4.800421e-06,-9.157214e-05,5.493781e-04,-1.596333e+00,-5.933929e-01,1.470675e+01
129,1.147419e-18,5.476888e-06,-9.765582e-05,5.452407e-04,1.844439e-01,5.296403e-02,2.924128e+00
130,4.613756e-19,5.863311e-06,-9.765083e-05,5.304017e-04,-3.323450e-01,-8.551210e-02,2.987445e+00
131,3.176591e-18,2.034343e-05,-7.971663e-05,5.461826e-04,9.066444e-03,-2.359745e-02,7.138473e-01
132,5.353290e-18,-9.161541e-06,-8.985380e-05,5.420093e-04,2.942102e-01,-1.914686e-01,5.387977e+00
133,1.129471e-18,-9.397166e-06,-8.984056e-05,5.445565e-04,-3.310799e-01,-5.202276e-02,7.077045e-01
134,1.004931e-18,1.406253e-05,-7.264009e-05,5.445636e-04,-1.565349e-01,3.166109e-01,2.403134e+00
135,3.613124e-18,-7.821986e-07,-5.312346e-05,5.163241e-04,-3.137410e-01,3.025664e-02,5.274860e+00
136,1.063114e-18,-7.025910e-06,-7.264769e-05,5.452564e-04,1.330847e-01,3.424030e-01,4.626836e-01
137,1.866165e-18,-1.671764e-04,-8.203511e-06,4.764323e-04,6.362695e-01,1.551945e+00,7.675975e-01
138,1.675932e-18,-1.674461e-04,-7.102840e-06,4.741721e-04,4.054580e-01,3.880341e+00,-2.874281e+00
139,3.783908e-18,-1.507802e-04,1.484549e-05,4.666255e-04,7.289224e-01,9.330646e-01,-1.287015e+01
140,7.302863e-19,-1.461696e-04,1.679976e-05,4.763802e-04,-2.794251e+00,-6.885298e-01,-1.268229e+00
141,2.976359e-19,-1.285136e-04,-1.367375e-05,4.748310e-04,-2.495773e+00,-1.420237e-02,-7.953194e+00
142,7.261009e-19,-1.158666e-05,8.529420e-05,5.098630e-04,4.425930e-01,1.392716e-02,1.519130e+01
143,2.840035e-18,-1.180585e-05,8.598050e-05,5.017821e-04,-7.184162e-01,-9.906976e-01,1.233677e+01
144,8.803832e-18,-6.284625e-06,1.242227e-04,5.007321e-04,2.546689e-02,1.304686e-01,4.023423e+00
145,1.369110e-18,-2.339774e-06,1.117178e-04,5.021213e-04,4.226896e-02,7.142810e-02,7.568348e+00
146,5.240475e-17,1.808704e-05,7.917812e-05,5.313773e-04,1.678904e-01,7.364851e-01,6.595619e+00
147,2.812689e-17,2.167798e-06,8.866942e-05,4.995393e-04,-5.185945e-01,4.149306e-01,4.853800e+00
148,2.763403e-17,1.524022e-06,8.280541e-05,5.306192e-04,-3.539591e-01,4.660780e-01,1.404748e+01
149,9.277750e-18,7.049964e-06,9.498362e-05,5.405864e-04,1.217078e-02,2.789393e-01,6.450933e+00
150,1.195960e-18,7.808300e-07,9.765897e-05,5.370469e-04,3.562209e-01,3.831932e-02,1.096741e+00
151,1.155176e-18,1.013263e-05,8.439047e-05,5.475234e-04,-1.952379e-01,7.315384e-02,-2.926157e-01
152,1.191491e-16,1.014686e-05,7.677371e-05,4.987876e-04,-3.925912e-01,-7.605720e-01,8.996461e+00
153,6.671553e-18,4.690579e-06,7.812345e-05,5.008880e-04,-1.086699e-02,4.933557e-02,9.267249e+00
154,2.545704e-18,5.469574e-06,7.734140e-05,5.224235e-04,1.423953e-01,1.499211e-01,1.238598e+01
155,1.422912e-17,-2.298392e-05,8.672533e-05,5.338227e-04,-9.687277e-01,1.616825e+00,6.805533e+00
156,2.718279e-17,-1.015790e-05,7.637027e-05,5.412147e-04,6.287937e-01,4.658800e-01,6.368286e+00
157,1.397850e-17,-1.387281e-05,7.965541e-05,5.432905e-04,-1.334437e-01,-1.352916e-01,6.667850e+00
158,7.225485e-19,-6.141784e-06,7.486393e-05,5.430003e-04,-1.545553e-01,-6.877351e-02,5.681128e+00
159,4.538793e-18,-1.016041e-05,8.518115e-05,5.372329e-04,-2.569132e-02,1.418962e+00,2.408330e+00
160,6.656813e-17,-1.236867e-05,4.712036e-05,5.322104e-04,-2.616802e+00,-6.909201e-01,1.630618e+01
161,2.303964e-17,-6.148624e-06,6.341401e-05,5.486117e-04,1.767653e+00,9.996971e-01,1.407985e+01
162,1.216455e-18,-3.911866e-06,5.390901e-05,5.296802e-04,-1.803190e-01,1.597344e-01,2.054961e+00
163,1.288518e-18,-1.093129e-05,5.858818e-05,5.460112e-04,2.975986e-02,-1.814374e-02,-7.389823e-01
164,1.017089e-18,-1.562600e-05,5.235018e-05,5.460236e-04,6.572614e-02,-3.942861e-01,1.708640e+00
165,3.621188e-18,-7.811432e-07,1.132816e-04,5.344582e-04,-5.882986e-01,5.871482e-01,6.962481e+00
166,5.809545e-17,-7.575729e-07,1.136151e-04,5.348909e-04,-5.013657e-01,6.119833e-01,6.901100e+00
167,5.501219e-17,-2.205977e-05,1.040485e-04,5.310687e-04,-8.655840e-01,-8.894509e-01,6.711601e+00
168,5.187190e-18,-9.369766e-06,1.171906e-04,5.452751e-04,-1.554789e-01,-4.979749e-01,6.581610e+00
169,1.058616e-18,7.852086e-07,1.226592e-04,5.444529e-04,-1.670688e-01,2.326227e-02,2.246782e+00
170,2.529890e-18,-7.777890e-07,1.195285e-04,5.359200e-04,1.166881e-03,9.476460e-03,5.408922e+00
171,1.598754e-18,-1.406125e-05,1.031211e-04,5.460331e-04,3.524561e-02,-1.924786e-01,3.481965e+00
172,5.540433e-18,-1.484207e-04,3.904079e-06,5.014048e-04,1.083686e-01,3.255227e-02,3.640420e+00
173,1.413740e-17,-1.771695e-04,2.426214e-05,4.779560e-04,-2.361095e-02,-7.046192e-04,-1.244828e+00
174,2.396922e-19,-1.582011e-04,-1.211038e-05,4.966736e-04,-5.120656e-01,-1.949949e+00,1.034217e+00
175,1.302116e-18,-1.570384e-04,-1.874077e-05,4.779432e-04,-9.115061e-02,1.915758e-02,-8.951750e-01
176,2.963048e-18,-1.578149e-04,-1.562464e-06,4.791224e-04,-6.550185e-03,8.530050e-02,8.020645e-01
177,4.657612e-18,-1.703129e-04,2.342832e-06,4.949786e-04,1.378612e-01,-1.697747e-01,1.235878e+00
178,2.008897e-18,-1.584202e-04,1.172577e-05,4.917443e-04,1.131252e+00,1.035937e+00,6.673314e+00
179,1.255790e-17,-1.578496e-04,2.426727e-05,4.915231e-04,5.967594e-03,9.225013e-03,-1.261997e+00
180,2.381864e-18,-1.328083e-04,-1.488015e-05,4.837933e-04,-8.386776e-02,-1.162110e-01,3.477738e+00
181,1.191496e-18,-1.476571e-04,-1.325584e-05,4.966760e-04,1.607094e-01,-5.026553e-01,-2.860250e+00
182,2.549927e-19,-1.402335e-04,-8.205396e-06,4.842056e-04,4.283268e-01,-1.170076e+00,8.114457e-01
183,3.343980e-18,-1.335981e-04,-1.485430e-05,5.009503e-04,1.848641e-01,-5.271619e-01,-6.215756e-01
184,3.950918e-18,-1.273694e-04,-1.325027e-05,4.881446e-04,9.154796e-02,-1.436754e-01,5.345720e+00
185,3.153563e-18,-1.273700e-04,-1.325105e-05,4.833182e-04,-2.005945e+00,-1.294530e+00,2.634344e+00
186,4.495400e-18,-1.328133e-04,-1.015141e-05,4.803987e-04,2.018971e-02,-6.942638e-02,5.046114e-01
187,2.715235e-18,-1.476479e-04,-2.437717e-05,4.957382e-04,-5.906407e-02,-4.843763e-02,-1.794354e+00
188,1.605810e-18,-1.367230e-04,-2.460970e-05,4.963795e-04,2.683281e-01,-1.845590e-02,-3.231168e+00
189,1.249653e-16,-1.347252e-04,-1.869132e-05,5.200614e-04,2.750147e-01,-2.412773e-01,4.803729e+00
190,3.576733e-17,-1.263388e-04,2.091527e-06,5.118058e-04,9.519752e-01,-9.253352e-01,6.110602e+00
191,2.043547e-17,-1.239539e-04,-2.013163e-05,5.071158e-04,-1.352331e+00,-1.261256e+00,1.167085e+01
192,1.441090e-16,-1.234228e-04,-1.648797e-05,5.140258e-04,2.451638e+00,-2.093930e+00,1.585644e+01
193,2.233447e-18,-1.476508e-04,-1.327863e-05,5.186498e-04,1.255459e-01,-2.671639e-01,4.222544e+00
194,2.848162e-17,-1.242854e-04,-8.420539e-06,5.126260e-04,5.516098e-01,-9.416517e-01,5.550245e+00
195,2.600219e-18,-1.289076e-04,-7.806525e-07,5.054983e-04,-4.586176e-02,1.995825e-02,5.106117e+00
196,4.017981e-18,-1.367170e-04,-6.191936e-07,5.033374e-04,-3.226205e-02,-8.172625e-01,3.190366e+00
197,5.882655e-18,-1.273484e-04,-9.790078e-06,5.192885e-04,7.599116e-01,5.498992e-01,3.893139e+00
198,5.649078e-18,-1.374986e-04,-1.171947e-05,5.113094e-04,5.421505e-02,-2.920244e-01,2.995226e+00
199,2.938013e-18,-1.453140e-04,-3.122158e-06,5.086590e-04,-1.950324e-02,-6.281191e-02,1.101507e+00
200,2.535492e-18,-1.406266e-04,-9.371021e-06,5.193731e-04,4.381113e-02,-1.309944e-02,6.585920e-01
201,1.276734e-17,2.420069e-04,-1.730374e-05,4.764636e-04,-1.433453e+00,-7.193115e-01,5.324414e-01
202,4.244524e-17,2.449755e-04,3.691182e-06,4.780742e-04,1.314371e+00,1.427895e+00,-5.512196e-02
203,6.451805e-17,2.289659e-04,1.251065e-05,4.838272e-04,-1.104421e+00,-2.319933e-01,9.954524e+00
204,9.280995e-19,2.275262e-04,5.607110e-06,4.748349e-04,9.024296e-01,-1.746385e+00,1.725695e+00
205,2.496520e-19,2.457030e-04,1.992120e-05,4.763825e-04,8.696648e-01,-2.082483e+00,1.510750e+00
206,4.429721e-18,2.258089e-04,1.559667e-05,4.745152e-04,2.247399e-01,1.651997e-01,1.201491e+00
207,6.531572e-19,2.316436e-04,-2.104902e-05,4.896607e-04,3.298264e+00,-2.361216e-01,9.464286e+00
208,3.865056e-18,2.453942e-04,8.603802e-06,4.968245e-04,2.613998e+00,-3.430190e+00,1.186773e+01
209,2.202905e-17,2.338736e-04,1.091921e-05,4.913879e-04,-1.688427e+00,-1.869811e+00,2.327377e+01
210,1.026875e-17,2.414087e-04,-8.593273e-06,4.971177e-04,-2.431417e-01,-2.309113e-01,1.037366e+01
211,2.228308e-17,2.248728e-04,-1.163437e-05,4.990982e-04,-8.259417e-01,5.423311e-01,1.683731e+00
212,1.733095e-17,2.318789e-04,-2.435040e-05,4.975265e-04,2.369748e+00,7.204599e-02,6.556179e+00
213,2.450302e-18,2.318477e-04,-2.294093e-05,4.931428e-04,3.860872e+00,3.670095e-01,1.311536e+01
214,1.236513e-18,2.320289e-04,-3.128035e-06,4.865431e-04,-2.655560e-01,-5.737341e-01,1.473086e+00
215,2.715092e-18,2.296898e-04,-1.250043e-05,4.899559e-04,1.608883e-01,2.898796e-01,4.262202e+00
216,5.251429e-18,2.406248e-04,-8.595923e-06,4.810954e-04,-1.084873e-01,9.763056e-02,4.562299e+00
217,3.602410e-18,2.453124e-04,-2.347116e-06,4.939409e-04,-4.625197e-02,-1.927584e-01,3.780309e+00
218,1.460589e-18,2.496086e-04,-8.620853e-06,4.900771e-04,-6.926374e-02,9.502948e-01,4.413326e+00
219,2.340579e-18,2.496104e-04,-2.186917e-05,4.928356e-04,1.900466e-03,-9.815019e-02,-2.175399e+00
220,9.338062e-18,2.297988e-04,-1.956132e-05,4.825086e-04,1.881628e+00,-5.794578e-02,6.327624e+00
221,3.431562e-17,2.321627e-04,-6.435590e-06,5.034368e-04,7.093449e-01,-2.937925e-01,9.133077e+00
222,7.271624e-18,2.296890e-04,-1.327851e-05,5.001568e-04,-3.983082e-01,-1.068331e-01,1.137661e+01
223,1.311561e-17,2.491016e-04,-2.408050e-05,4.882442e-04,-1.194664e-01,-9.657335e-02,-3.713970e-02
224,2.624952e-18,2.429577e-04,-5.472016e-06,4.853121e-04,2.122956e-01,-3.015113e-01,9.023189e-01
225,9.740326e-18,2.414762e-04,-8.618701e-06,4.889815e-04,-9.147366e-01,3.959908e-01,8.171123e+00
226,6.348496e-18,2.296885e-04,-1.229516e-05,4.850423e-04,1.595724e-01,-1.200123e+00,2.805348e+00
227,2.658033e-18,2.281836e-04,1.208456e-05,4.932490e-04,-1.348385e+00,1.006052e+00,9.852067e+00
228,1.537864e-18,2.475644e-04,7.149775e-06,5.012109e-04,4.817568e+00,-3.897752e+00,1.268235e+01
229,9.703615e-17,2.297418e-04,1.680550e-05,5.006783e-04,8.956606e-01,2.938697e+00,1.716980e+01
230,8.600070e-19,2.496088e-04,1.249313e-05,5.005914e-04,2.858527e-01,3.823100e-01,9.229877e+00
231,2.204700e-18,2.265423e-04,1.562543e-05,4.867187e-04,1.696672e-02,-8.875111e-01,7.318260e+00
232,1.696465e-18,2.452955e-04,1.328917e-05,4.896525e-04,-7.618059e-01,1.924328e-01,3.743680e+00
233,1.627421e-18,2.496096e-04,7.822171e-07,4.939525e-04,3.915296e-02,-1.793651e-02,5.958622e+00
234,2.589206e-18,2.281058e-04,9.391049e-06,4.907536e-04,-1.924079e-01,5.839004e-01,9.785402e+00
235,6.901969e-18,2.465737e-04,1.325147e-05,4.865019e-04,2.391400e+00,5.107246e-01,5.765984e+00
236,3.415413e-18,2.496099e-04,1.719179e-05,4.943408e-04,1.191521e-01,-1.258115e-02,9.641730e+00
237,2.802075e-17,2.490783e-04,2.029389e-05,5.023778e-04,-5.189003e-02,1.085837e+00,1.076713e+01
238,2.203322e-17,2.477029e-04,2.160064e-05,4.799421e-04,2.037134e+00,1.559764e+00,2.058413e+00
239,5.079970e-18,2.421929e-04,8.594706e-06,4.881489e-04,-1.133100e-03,-1.947290e-01,3.814492e+00
240,3.845225e-18,2.257755e-04,7.806847e-06,4.849220e-04,4.738688e-01,1.384163e-02,2.168024e+00
241,1.665990e-18,2.496093e-04,1.016218e-05,4.853904e-04,-6.252582e-03,-7.200361e-02,2.900149e+00
242,2.783824e-17,2.343076e-04,2.558656e-06,4.937852e-04,-4.279730e-01,9.010500e-02,1.878214e+00
243,1.595606e-18,2.496102e-04,1.718691e-05,4.791687e-04,4.600416e-02,1.133675e-01,1.881943e+00
244,2.879819e-18,2.496094e-04,7.798523e-07,4.899482e-04,-5.428275e-02,1.923451e-03,5.661922e+00
245,2.116317e-18,2.281328e-04,8.727190e-06,4.839987e-04,6.535104e-02,2.005450e-01,4.335899e+00
246,6.355135e-19,2.496094e-04,7.028752e-06,4.795217e-04,-1.985885e-02,2.098332e-01,1.697427e+00
247,5.264369e-18,2.280926e-04,7.635690e-06,4.796073e-04,2.958352e-01,-2.039602e-01,3.429240e+00
248,5.474444e-18,2.245988e-04,2.343209e-06,4.853679e-04,-1.418844e+00,-5.589070e-02,8.290827e-01
249,2.434869e-18,2.270348e-04,1.550121e-05,4.788835e-04,2.639770e+00,5.315374e-01,3.309273e+00
250,2.775967e-18,2.496094e-04,7.804579e-07,4.841976e-04,-1.990651e-02,-5.227506e-02,4.167985e+00
251,6.964752e-18,2.414137e-04,2.431347e-05,4.983407e-04,2.393455e-02,-2.533879e-02,-1.379215e+00
252,1.860535e-18,6.078477e-06,7.969156e-05,4.758641e-04,6.018683e-03,1.585747e+00,7.224532e-01
253,1.243155e-18,-1.038392e-05,8.225725e-05,4.937617e-04,-9.995522e-02,-3.648044e-01,1.436984e+01
254,1.162074e-16,-7.645110e-06,8.039379e-05,4.823056e-04,-8.399262e-01,2.127989e+00,2.015746e+00
255,3.219447e-18,8.013885e-09,7.499700e-05,4.908119e-04,3.296674e-01,1.002926e-01,9.946863e+00
256,2.673699e-17,-1.505690e-05,9.164798e-05,4.861550e-04,-1.434989e+00,-7.764990e-01,7.532111e+00
257,3.688083e-17,-2.493872e-07,7.301951e-05,5.009160e-04,-1.246887e-01,4.550671e-01,1.135773e+01
258,2.850534e-18,-8.728518e-10,7.971531e-05,4.813788e-04,-3.364394e-01,2.510660e+00,4.113143e+00
259,1.652766e-18,3.456248e-09,7.657615e-05,4.865354e-04,-6.440039e-03,-1.511126e+00,7.177123e+00
260,1.956119e-18,-1.165178e-05,7.963967e-05,4.950095e-04,-5.159256e-01,-1.384136e+00,9.534817e+00
261,3.158783e-17,-1.680752e-07,9.865905e-05,4.923002e-04,-1.585893e+00,1.191390e+00,2.554392e+00
262,1.512314e-18,-1.405161e-05,9.376042e-05,4.974573e-04,-3.402620e-01,-6.678026e-02,4.981643e-01
263,7.374343e-19,-1.706082e-05,1.009155e-04,4.842019e-04,-8.543492e-02,8.888575e-02,-4.312108e+00
264,1.320128e-18,-7.810783e-06,9.921577e-05,4.841947e-04,1.359530e-01,-2.347408e-02,-3.918807e+00
265,2.343763e-18,-1.178580e-05,8.600522e-05,4.979516e-04,4.508819e-01,6.109153e-01,1.078140e+01
266,1.797211e-17,-1.166958e-05,8.592814e-05,4.914114e-04,-4.236415e-01,4.318316e-01,9.414955e+00
267,2.928186e-18,-8.600541e-06,8.906351e-05,4.963169e-04,-7.440853e-02,1.285544e-01,2.874683e+00
268,4.907332e-19,-1.054807e-05,8.203422e-05,4.912208e-04,8.514453e-01,-4.379694e-01,1.185508e+01
269,3.186331e-18,-1.329875e-05,9.221206e-05,4.830253e-04,-1.335411e+00,-3.015090e-01,1.097906e+01
270,1.053860e-18,-1.014230e-05,9.296953e-05,4.966759e-04,-2.461785e-02,2.138013e-01,1.277710e+00
271,2.365087e-18,-2.460907e-05,9.687397e-05,4.856616e-04,-1.836096e-02,2.996172e-02,-2.004041e+00
272,6.107151e-19,-1.367247e-05,9.101434e-05,4.799439e-04,2.376585e+00,-7.319009e-01,6.645109e+00
273,2.426485e-17,-2.410316e-05,9.734043e-05,4.944428e-04,6.651224e-03,1.326362e-01,-5.636764e-01
274,4.898724e-18,-1.093605e-05,8.672151e-05,4.818677e-04,-1.407574e-01,1.278872e-01,5.834874e+00
275,2.170917e-17,-2.413863e-05,8.481105e-05,4.883864e-04,-7.025947e-03,4.053601e-02,-1.137304e+00
276,1.227440e-17,-2.426631e-05,8.971049e-05,4.981358e-04,1.193289e-02,6.084963e-03,-1.221631e+00
277,1.749719e-17,-2.420027e-05,1.021130e-04,4.987498e-04,4.490562e-02,3.988463e-02,-1.081636e+00
278,3.071852e-17,1.186584e-05,8.719522e-05,4.803706e-04,-1.575464e+00,4.357100e-02,5.539797e+00
279,6.573493e-17,1.456380e-05,9.128824e-05,4.976130e-04,-3.648879e-01,-4.835021e-01,4.238171e+00
280,2.916487e-17,1.631262e-05,7.828656e-05,4.924698e-04,-4.484963e-02,-1.412844e+00,9.004028e+00
281,2.486781e-18,8.595091e-06,7.811175e-05,4.861526e-04,1.381620e-01,-2.555345e-01,4.129575e+00
282,6.636625e-19,4.299274e-06,1.000096e-04,4.927707e-04,-4.208905e+00,-3.643961e-01,4.678979e+00
283,1.266800e-18,1.716776e-05,9.688640e-05,4.771648e-04,4.031988e-01,-3.757804e-01,3.750428e-01
284,7.019383e-18,2.171506e-05,8.496866e-05,4.975717e-04,1.795745e-01,5.329020e-01,7.923766e+00
285,6.658302e-19,1.601627e-05,8.041780e-05,4.834203e-04,-1.166961e-01,7.763685e-01,2.858478e+00
286,5.947054e-18,2.343173e-06,9.323097e-05,4.866636e-04,-2.666193e-02,2.379222e+00,1.991524e+00
287,3.400303e-18,1.563193e-05,8.280743e-05,4.822410e-04,3.922820e-01,7.119850e-02,-5.166581e+00
288,2.818700e-19,1.132843e-05,9.726411e-05,4.841948e-04,-2.527897e+00,-4.305687e-01,4.939590e-01
289,9.467962e-18,8.783738e-06,7.905929e-05,4.805578e-04,4.367669e-01,-5.794815e-01,2.072703e+00
290,1.451567e-18,1.875187e-05,9.062438e-05,4.826343e-04,-1.547623e-01,1.808279e-01,2.094617e-01
291,3.485451e-18,1.488260e-05,8.042415e-05,4.808139e-04,-1.555119e+00,-5.873613e-01,3.775610e+00
292,3.087838e-18,2.460920e-05,9.219047e-05,4.896821e-04,3.534381e-02,1.263893e-02,-2.115735e+00
293,4.081508e-17,2.407348e-05,1.021755e-04,4.922803e-04,-3.950926e-01,-6.626996e-02,-7.523858e-01
294,2.460041e-18,2.460976e-05,7.812484e-05,4.888236e-04,1.759680e-04,-6.740111e-03,-2.211826e+00
295,6.954452e-17,4.208248e-06,1.088439e-04,4.993899e-04,-3.308595e-01,6.243129e-01,1.007683e+01
296,4.056672e-17,1.425151e-05,1.034128e-04,4.910591e-04,7.923807e-01,1.221936e+00,1.386134e+01
297,2.427655e-19,5.860135e-06,1.035155e-04,4.865385e-04,-7.605647e+00,-8.434848e-02,3.931803e+00
298,4.906028e-18,7.439479e-06,1.154603e-04,5.004135e-04,6.184110e-01,-8.162203e-01,2.031052e+01
299,1.214479e-18,4.651706e-06,1.093553e-04,4.912205e-04,6.421565e-02,6.991008e-01,7.895331e+00
300,9.559942e-18,2.426710e-05,1.268662e-04,4.967521e-04,-2.246942e-02,1.409179e-01,-1.047470e+00
301,4.948612e-17,-2.172414e-06,1.075457e-04,4.919604e-04,-4.627810e-02,-6.014378e-01,6.593100e+00
302,2.259366e-18,-1.715162e-05,1.258176e-04,4.930334e-04,6.288343e-02,3.092240e-01,9.473419e-01
303,5.347354e-17,-4.106456e-06,1.218077e-04,4.858011e-04,-6.949904e-03,-1.158412e+00,6.970976e+00
304,3.005893e-17,1.034370e-05,1.080008e-04,4.791885e-04,4.009821e-01,-2.690731e-01,1.524138e+00
305,3.363784e-18,4.684966e-06,1.109217e-04,4.869017e-04,2.895643e-01,-8.410260e-01,6.899928e+00
306,1.490593e-17,1.745998e-05,1.050445e-04,4.958606e-04,-1.138975e-01,1.490225e+00,2.723090e-01
307,1.812965e-18,5.387560e-06,1.155429e-04,4.950126e-04,-6.268866e-02,-1.865259e+00,1.412055e+01
308,5.377014e-19,3.909066e-07,1.148666e-04,4.771843e-04,-3.019100e+00,-1.995251e+00,2.192043e+00
309,3.018431e-19,1.172340e-06,1.144531e-04,4.779641e-04,-3.716468e+00,-6.080328e-02,2.568746e+00
310,4.851315e-17,1.413609e-05,1.271200e-04,4.895467e-04,-1.455693e+00,-7.804177e-01,7.557432e+00
311,1.264544e-18,1.054802e-05,1.148792e-04,4.830918e-04,-3.696571e+00,2.755312e-01,9.738860e+00
312,1.925324e-18,1.245173e-05,1.241582e-04,4.928702e-04,9.752605e-02,4.202410e-01,1.488038e+00
313,5.379779e-19,1.953754e-06,1.148636e-04,4.795240e-04,-1.864554e+00,-1.149633e-01,3.282625e+00
314,7.422880e-19,7.421970e-06,1.078116e-04,4.795192e-04,3.744165e+00,1.691689e-01,2.515825e+00
315,3.521281e-18,7.808107e-06,1.210902e-04,4.845993e-04,1.638141e-01,-3.940832e-02,1.829578e+00
316,4.150977e-18,3.849453e-06,1.155917e-04,4.831725e-04,9.357913e-01,6.129702e-01,1.091582e+01
317,6.186557e-19,1.330102e-05,1.027348e-04,4.834117e-04,1.236053e+00,-7.588658e-01,1.100039e+01
318,1.701764e-18,8.531906e-07,1.194535e-04,4.833112e-04,8.063015e-01,-7.691414e-01,-2.027425e+00
319,1.876233e-18,1.331494e-05,1.149829e-04,4.784893e-04,1.125864e-01,9.855743e-01,3.301871e+00
320,2.392890e-18,1.325037e-05,1.023266e-04,4.791154e-04,-1.496844e-01,3.530672e-01,5.409240e+00
321,1.609944e-18,-1.405565e-05,1.212149e-04,4.992624e-04,-9.909525e-02,5.416731e-01,2.085799e+00
322,4.822998e-18,-2.349912e-06,1.117072e-04,4.974990e-04,3.391149e-01,-9.692201e-01,8.344790e+00
323,6.768354e-19,-3.035287e-06,1.199221e-04,4.787419e-04,3.633412e-01,-2.084724e+00,3.149169e+00
324,3.347935e-18,-2.343876e-06,1.163864e-04,4.892454e-04,-2.173338e-01,-1.167142e+00,1.252465e+00
325,2.731973e-18,-2.390814e-06,1.218734e-04,4.962374e-04,6.132758e-01,-1.673896e-02,-7.679994e-02
326,6.920319e-19,-2.734706e-06,1.191410e-04,4.775550e-04,4.330682e-01,-1.367578e+00,3.548037e+00
327,1.944975e-18,-6.296406e-06,1.155751e-04,4.981391e-04,8.231717e-02,8.218392e-02,1.879247e-01
328,5.410637e-18,-9.377364e-06,1.179710e-04,4.857641e-04,-1.695272e-01,-6.572321e-02,-3.353711e-01
329,2.278118e-16,-2.389095e-04,-1.255301e-05,5.219399e-04,-2.000193e+00,-8.470099e-02,1.110547e+01
330,3.329889e-17,-2.241787e-04,-1.187824e-05,5.033903e-04,2.666484e-01,4.315873e-01,8.849509e+00
331,5.858447e-17,-2.304692e-04,-5.393133e-06,5.186850e-04,8.781621e-02,1.762793e-01,1.456308e+01
332,1.757652e-17,-2.346383e-04,-1.528547e-05,5.047160e-04,-9.629402e-03,8.282808e-01,1.717301e+01
333,5.355527e-18,-2.385766e-04,-1.640904e-05,5.155172e-04,-2.760334e+00,7.202383e-02,2.053843e+01
334,3.616099e-18,-2.312894e-04,-1.169073e-05,5.093373e-04,-5.902300e-01,-3.309330e-01,1.404359e+01
335,1.223368e-17,-2.343922e-04,-1.169329e-05,5.168659e-04,-2.398863e+00,-6.808986e-01,1.673344e+01
336,1.549674e-17,-2.474782e-04,-8.700538e-06,5.103585e-04,-8.151535e-01,1.448316e+00,9.153076e+00
337,3.155811e-18,-2.367359e-04,-2.346688e-06,5.124775e-04,-9.918029e-01,-9.474354e-02,7.792459e+00
338,3.755926e-17,-2.490102e-04,-2.281286e-05,5.094986e-04,-6.056330e-01,-5.195015e+00,7.165103e+00
339,2.028245e-17,-2.491419e-04,-7.596301e-06,5.237806e-04,-9.112151e-02,1.863692e-01,1.042218e+01
340,5.002208e-18,-2.304658e-04,-4.685376e-06,5.083487e-04,2.402473e-02,1.785998e-01,1.261509e+01
341,5.074645e-18,-2.382824e-04,-1.564195e-06,5.051876e-04,-1.914176e-02,2.680907e-02,9.405272e+00
342,5.067889e-17,-2.369938e-04,-5.877806e-06,5.265100e-04,5.501082e-01,5.437102e-01,5.418448e+00
343,8.655224e-18,-2.260087e-04,-8.620578e-06,5.022057e-04,1.051454e+00,7.356021e-01,8.939524e+00
344,7.504969e-18,-2.390571e-04,-8.316480e-06,5.101847e-04,-1.203111e+00,-8.418827e-01,7.865516e+00
345,8.296042e-18,-2.312953e-04,-1.169594e-05,5.040878e-04,5.759922e-01,-2.301106e-01,1.227060e+01
346,2.475078e-18,-2.305077e-04,-4.728064e-06,5.046709e-04,1.032697e-01,-4.175351e-02,1.108453e+01
347,2.843292e-19,-2.410151e-04,-6.639551e-06,5.259491e-04,1.549121e+00,1.110544e-01,8.625845e-01
348,1.034460e-16,-2.382238e-04,-6.714976e-06,4.834621e-04,6.173643e-01,1.779160e+00,5.844776e+00
349,7.235551e-18,-2.358210e-04,-8.888079e-06,4.749247e-04,2.402159e+00,-3.980431e-01,1.165268e-01
350,3.880144e-17,-2.335506e-04,-1.270617e-05,4.851193e-04,-2.914634e+00,1.874910e+00,6.100908e+00
351,1.541368e-17,-2.300871e-04,-1.617741e-05,4.765219e-04,2.986355e+00,1.031773e+00,3.478954e+00
352,3.561779e-18,-2.328091e-04,-1.518750e-05,4.974543e-04,3.759630e-01,4.543409e-01,1.372044e+01
353,7.302076e-18,-2.242292e-04,-1.324709e-05,4.814394e-04,1.143595e-01,-2.694814e+00,2.930404e+00
354,3.240260e-17,-2.266314e-04,-8.107128e-06,4.833342e-04,-5.040637e-01,-1.405722e+00,5.020036e+00
355,4.503238e-17,-2.345326e-04,-2.397875e-05,4.851682e-04,-2.249311e+00,1.399756e-01,6.001590e+00
356,5.273263e-18,-2.297578e-04,-1.092570e-05,4.855253e-04,5.952684e-01,3.994662e-01,5.393943e+00
357,2.069091e-17,-2.295289e-04,-1.209655e-05,4.956086e-04,4.078532e-01,-6.791860e-01,9.814157e+00
358,5.008790e-18,-2.304499e-04,-4.667876e-06,4.941327e-04,-1.287521e-01,-1.022500e-01,8.726466e+00
359,3.813839e-18,-2.437768e-04,-7.785376e-06,4.936750e-04,-2.812971e-01,4.393123e-01,1.474684e+00
360,3.429632e-18,-2.304630e-04,-4.683444e-06,4.861422e-04,3.625093e-01,1.780593e-01,3.803590e+00
361,6.920875e-18,-2.374984e-04,-1.963481e-06,4.974436e-04,-1.130830e-01,1.692545e-02,6.929246e+00
362,2.584380e-17,-2.320372e-04,-5.671448e-06,4.782821e-04,4.809384e-01,-2.040062e+00,2.769483e+00
363,3.605943e-18,-2.461402e-04,-1.407609e-05,4.879325e-04,-1.256603e+00,-1.278343e-01,3.594527e+00
364,1.417315e-18,-2.453124e-04,-2.030933e-05,4.896510e-04,4.578992e-02,-2.009819e-01,-6.363633e-01
365,2.924559e-18,-2.429538e-04,-1.642029e-05,4.846035e-04,-3.937653e-01,-1.803057e-01,-2.766850e+00
366,1.377762e-18,-2.297099e-04,-1.086615e-05,4.927806e-04,5.187308e-02,9.874930e-02,1.273124e+01
367,1.539518e-17,-2.492562e-04,-9.088496e-06,4.954686e-04,-6.531405e-03,-1.115437e-01,3.005330e+00
368,3.579854e-18,-2.304688e-04,-4.687509e-06,4.994171e-04,7.307358e-04,4.072807e-02,9.406740e+00
369,2.194269e-18,-2.460892e-04,-1.315654e-05,4.836163e-04,-4.371077e-02,7.934393e-01,2.513654e+00
370,2.528779e-18,-2.296842e-04,-1.092982e-05,4.767142e-04,-5.422618e-01,-1.878436e-01,-1.882978e+00
371,6.090507e-18,-2.298020e-04,-2.430751e-05,4.863623e-04,-5.998483e-01,5.682812e-02,-1.519229e+00
372,2.278429e-17,-2.461413e-04,-1.954493e-05,5.324585e-04,-6.785187e+00,-9.131832e-01,2.785659e+01
373,1.027371e-17,-2.181036e-04,-1.015206e-05,5.108313e-04,4.248975e-01,-3.284575e-01,7.487652e+00
374,3.625471e-17,-2.017593e-04,-1.232759e-05,5.028390e-04,-1.661208e+00,-2.434596e-01,4.664812e+00
375,1.112261e-17,-2.055907e-04,-1.412401e-05,5.101300e-04,7.412300e-02,-2.759465e-01,3.341747e+00
376,3.727932e-17,-2.221865e-04,-3.198538e-06,5.185593e-04,1.075426e+00,9.184984e-01,3.403288e+00
377,1.345643e-18,-2.039073e-04,-2.340993e-06,5.159358e-04,-6.023141e-02,-4.614526e-02,4.864896e+00
378,2.323866e-17,-2.030016e-04,-1.785703e-05,5.171043e-04,-1.183999e-01,5.629192e-01,5.089143e+00
379,4.516366e-18,-2.187506e-04,-1.015750e-05,5.267505e-04,-3.883248e-02,-1.811941e-01,1.012282e+01
380,8.074970e-19,-2.134078e-04,-1.703259e-05,5.137072e-04,2.614871e-01,8.208508e-01,-6.129305e-01
381,1.526577e-18,-2.109360e-04,-8.582941e-06,5.198211e-04,-1.673810e-01,-1.669144e-01,1.844116e+00
382,5.063509e-18,-2.187549e-04,-1.015723e-05,5.221136e-04,-1.663160e-01,-2.140358e-01,9.457236e+00
383,2.405999e-16,-2.170573e-04,-8.335003e-06,5.390912e-04,3.555666e-01,-4.584274e-02,1.087484e+01
384,5.351369e-18,-2.047542e-04,-1.038032e-05,5.497427e-04,-9.178919e-01,9.644599e-01,1.646605e+01
385,4.832971e-18,-1.990874e-04,-5.471185e-06,5.385503e-04,-5.721946e-01,1.435974e-01,6.751330e+00
386,3.069664e-18,-1.996758e-04,-3.014374e-06,5.496634e-04,2.934244e+00,6.636505e-02,1.609760e+01
387,7.940576e-18,-2.085944e-04,-9.438233e-06,5.309736e-04,2.059065e-02,-2.083721e-01,7.272857e+00
388,1.000159e-16,-2.485993e-04,-1.619902e-05,5.446271e-04,-6.406416e-02,-1.541833e+00,1.109442e+01
389,3.610949e-17,-2.285736e-04,-8.643848e-06,5.301300e-04,-6.938564e-01,2.204285e-01,1.429784e+01
390,3.618323e-17,-2.282060e-04,-3.785090e-06,5.345856e-04,2.199582e+00,-1.291128e-01,1.600918e+01
391,1.099944e-18,-2.343721e-04,-3.118575e-06,5.378366e-04,-5.071583e-02,-1.240033e-01,1.105373e+01
392,1.596936e-18,-2.496071e-04,-7.816152e-06,5.419811e-04,-8.499526e-02,-6.813972e-03,9.670372e+00
393,8.207168e-18,-2.379733e-04,-3.900399e-06,5.435819e-04,-2.505109e+00,-1.726018e-01,5.659478e+00
394,6.824561e-18,-2.257950e-04,-1.798654e-05,5.322219e-04,-1.348616e-02,-8.992130e-03,3.467015e+00
395,3.918309e-18,-2.390664e-04,-1.328327e-05,5.460491e-04,-3.509977e-02,-1.790458e-02,7.508143e-01
396,2.605417e-17,-2.053284e-04,-8.725314e-06,4.990159e-04,-3.295427e-01,6.218161e-01,5.390542e+00
397,5.424389e-18,-2.171140e-04,-1.017656e-05,4.920189e-04,4.029593e-01,-2.107648e-01,3.492820e+00
398,2.962567e-18,-2.195608e-04,-8.561304e-06,4.892391e-04,2.881653e-01,-7.435612e-03,2.960437e+00
399,4.900051e-19,-2.187619e-04,-1.445468e-05,4.920044e-04,-2.689692e-01,-7.399943e-01,-4.321345e+00
400,1.505004e-18,-2.109384e-04,-7.032850e-06,4.787376e-04,2.209130e-01,-3.062309e-01,-3.972411e+00
401,2.302323e-18,-2.117194e-04,-5.462447e-06,4.932003e-04,1.202476e-01,1.968126e-01,1.748447e+00
402,1.422489e-18,-2.148314e-04,-1.329401e-05,4.927881e-04,-4.434408e-01,1.936062e-01,2.697260e-01
403,4.288512e-18,-2.031027e-04,-4.713696e-06,4.894849e-04,8.188168e-02,-1.763315e-01,-3.566089e-01
404,3.580692e-17,2.309516e-04,-1.944475e-08,5.087876e-04,1.608465e-01,9.829423e-01,7.208578e+00
405,8.093208e-19,2.496101e-04,7.844745e-07,5.098017e-04,2.204159e-01,2.503503e-01,1.149763e+01
406,5.932278e-17,2.381495e-04,-1.759689e-06,5.146885e-04,6.305028e-01,1.405297e+00,7.613068e+00
407,3.270605e-17,2.421411e-04,-5.130091e-06,5.164573e-04,1.531776e-01,1.718924e+00,1.773947e+01
408,1.420143e-17,2.294379e-04,-1.315781e-05,5.044811e-04,-2.799080e-01,1.139029e-01,1.000955e+01
409,7.109943e-18,2.431634e-04,-3.925178e-06,5.248650e-04,7.374275e-01,-2.578700e-01,9.267905e+00
410,1.641847e-18,2.496090e-04,7.801599e-07,5.155591e-04,2.341048e-02,-2.612660e-01,1.456495e+01
411,4.034411e-17,2.487334e-04,-1.124126e-05,5.079317e-04,2.736916e+00,1.487878e+00,5.121787e+00
412,1.069288e-17,2.492684e-04,-6.488650e-06,5.041140e-04,3.260550e-02,3.434776e-01,6.488142e+00
413,1.755210e-18,2.496093e-04,7.800046e-07,5.040330e-04,-1.021585e-02,5.326675e-01,1.090546e+01
414,1.047578e-17,2.492785e-04,-1.673249e-05,5.208221e-04,1.628468e-02,-5.061243e-01,1.883949e+00
415,2.765348e-18,2.320282e-04,-5.469785e-06,5.163961e-04,-1.779294e-01,-1.257158e-01,8.836613e+00
416,1.053360e-17,2.304600e-04,-1.403340e-05,5.180717e-04,8.118313e-03,5.590388e-02,1.692267e+01
417,1.190160e-17,2.320363e-04,-9.352062e-06,5.115694e-04,-6.506511e-02,1.276268e-01,1.185795e+01
418,7.345137e-17,2.453640e-04,6.328541e-07,5.255144e-04,-1.607700e-01,-1.038160e+00,1.053341e+01
419,1.342405e-18,2.453053e-04,-2.337730e-06,5.090430e-04,3.670243e-01,3.803661e-01,4.301560e+00
420,2.298067e-16,2.321255e-04,6.919269e-07,5.294958e-04,6.858212e-01,3.072739e-01,7.761087e+00
421,1.200350e-18,2.413857e-04,-8.628227e-06,5.129323e-04,-4.155402e-02,-4.612231e-01,1.882496e+01
422,5.504954e-18,2.320289e-04,-1.015390e-05,5.240110e-04,-1.384572e-01,-1.088102e-01,1.597724e+01
423,2.874603e-18,2.414055e-04,-8.598504e-06,5.087786e-04,1.736290e-01,-4.371358e-01,1.727825e+01
424,1.053039e-18,2.273363e-04,-2.344603e-06,5.167284e-04,4.277286e-02,-1.424695e-01,3.457986e+00
425,8.828718e-18,2.493002e-04,-6.428746e-06,5.283417e-04,8.817195e-02,-1.826728e-01,8.699644e+00
426,3.546779e-17,2.488966e-04,-5.750475e-06,5.413878e-04,1.490838e-01,-8.280608e-01,1.451435e+01
427,4.029235e-17,2.362123e-04,-2.147624e-05,5.468329e-04,2.627753e+00,-2.585414e+00,2.630964e+01
428,9.597467e-18,2.328091e-04,-1.172053e-05,5.484208e-04,-1.339193e-01,4.153880e-01,2.285139e+01
429,5.952510e-18,2.328164e-04,-1.017053e-05,5.382701e-04,-1.822078e-01,2.892996e-01,1.932384e+01
430,7.508445e-18,2.311942e-04,-1.564393e-05,5.347222e-04,8.999903e-01,1.476511e-01,2.258787e+01
431,1.112599e-17,2.327739e-04,-1.016044e-05,5.298137e-04,-4.055791e-02,-7.130033e-02,1.727013e+01
432,2.866248e-16,2.217638e-04,-1.340347e-06,5.463266e-04,-1.308730e+00,2.729321e-01,7.781978e+00
433,4.187133e-16,2.219392e-04,-1.148594e-06,5.462656e-04,-1.087956e+00,1.506152e-01,7.707066e+00
434,3.833538e-19,2.496084e-04,-9.769088e-06,5.304517e-04,4.370075e-01,-1.374099e-01,8.338938e+00
435,9.090383e-18,2.390184e-04,-1.832202e-05,5.372132e-04,9.402685e-01,7.838821e-01,7.774982e+00
436,3.044774e-18,2.429676e-04,-3.130416e-06,5.480671e-04,-7.350746e-02,-3.256628e-02,1.212917e+01
437,4.627268e-19,2.253890e-04,-1.329640e-05,5.446454e-04,-2.967488e-01,3.549140e-02,-2.946226e-01
438,1.460941e-16,2.184151e-04,-4.993417e-06,5.288401e-04,1.465060e-01,-1.237156e+00,8.677352e+00
439,2.216756e-16,2.028335e-04,2.422840e-06,5.425917e-04,-1.891547e-02,4.050164e-01,8.652650e+00
440,2.361688e-16,2.020272e-04,-1.276278e-05,5.425692e-04,1.031543e-01,-2.868933e-01,8.251328e+00
441,5.399968e-17,2.011253e-04,-9.730531e-06,5.341363e-04,-4.145569e-01,3.307836e-02,1.239922e+01
442,8.813281e-18,2.062411e-04,-2.453117e-06,5.345295e-04,2.343766e-01,1.060482e+00,1.137562e+01
443,1.412801e-17,2.142985e-04,-6.807253e-06,5.457152e-04,1.042441e+00,9.548310e-01,1.502911e+01
444,4.077605e-18,2.070306e-04,-1.327847e-05,5.266628e-04,-2.134184e-02,-3.129647e-02,5.986798e+00
445,1.046066e-17,2.117190e-04,-3.130773e-06,5.309045e-04,2.538981e-02,-2.677475e-02,1.093337e+01
446,2.534948e-18,2.124995e-04,-1.172253e-05,5.398369e-04,-9.118632e-02,3.291791e-01,9.598392e-01
447,2.903861e-18,2.163977e-04,-1.875852e-05,5.420407e-04,3.207667e-03,-1.180320e-01,2.301800e+00
448,1.459591e-16,2.486641e-04,2.051184e-05,5.191675e-04,-1.644463e-01,1.911197e+00,1.078472e+01
449,1.098111e-16,2.444105e-04,5.814021e-06,5.074569e-04,1.268698e+00,-1.838950e+00,1.047204e+01
450,4.056060e-18,2.453073e-04,1.400662e-05,5.073026e-04,-1.541485e-02,6.202264e-02,9.807300e+00
451,1.122856e-17,2.492195e-04,1.067881e-05,5.219807e-04,4.340972e-02,-2.814798e-01,3.295206e+00
452,6.248410e-19,2.496081e-04,1.403591e-05,5.113577e-04,1.940853e-01,3.481847e-01,1.039935e+01
453,9.339554e-17,2.487204e-04,9.670938e-06,5.215690e-04,-1.468974e-01,8.661824e-01,6.049144e+00
454,6.850956e-18,2.461643e-04,1.484812e-05,5.150209e-04,1.759740e+00,7.766597e-01,8.373986e+00
455,1.450836e-17,2.296876e-04,1.055134e-05,5.431042e-04,-6.696852e-01,4.384331e-01,8.470426e+00
456,1.922279e-17,2.390368e-04,1.471996e-05,5.272236e-04,-3.804149e-01,4.819185e-01,7.789094e+00
457,1.241306e-16,2.293980e-04,1.028477e-05,5.428809e-04,-4.242211e-01,3.380579e-01,8.008702e+00
458,1.408092e-18,2.453140e-04,4.691476e-06,5.446714e-04,-1.043898e-02,-1.341991e-01,9.272628e+00
459,1.868289e-18,2.496114e-04,1.556615e-06,5.356944e-04,7.773151e-02,-8.230124e-02,7.248970e+00
460,1.114791e-17,2.344143e-04,3.911955e-06,5.465455e-04,1.042157e-02,1.031896e-01,6.684150e+00
461,2.661093e-18,2.453288e-04,1.554282e-06,5.346148e-04,-1.070918e-01,6.244019e-02,7.877179e+00
462,1.884732e-17,2.427300e-04,1.576050e-05,5.376951e-04,3.299869e-01,-6.468742e-01,3.680365e+00
463,1.039383e-17,2.492920e-04,1.145849e-05,5.490859e-04,5.211168e-01,-2.338788e-01,7.133578e+00
464,2.086642e-18,2.414106e-04,1.406186e-05,5.488147e-04,-1.429956e-01,-5.817341e-02,1.280917e+00
465,1.185116e-18,2.367232e-04,1.327277e-05,5.364696e-04,-4.801244e-02,1.323894e-01,-2.682113e+00
466,2.625822e-18,2.343752e-04,9.371475e-06,5.047602e-04,-7.616370e-02,1.384384e-01,4.209297e+00
467,2.731827e-17,2.333327e-04,7.815376e-06,5.158991e-04,-1.191744e-01,-4.020179e-01,5.323993e+00
468,4.937420e-18,2.445330e-04,4.679782e-06,5.159027e-04,3.057610e-02,-1.637580e-01,9.750777e+00
469,8.429268e-18,2.319937e-04,9.295388e-06,5.099713e-04,6.843497e-01,-4.033808e-01,4.556765e+00
470,1.167330e-18,2.398431e-04,8.594313e-06,5.221218e-04,-2.461703e-03,2.083037e-01,2.143284e+00
471,1.533976e-18,2.273426e-04,5.468730e-06,5.121097e-04,1.095318e-02,4.311957e-01,5.204514e+00
472,1.035745e-17,2.492747e-04,1.261806e-05,5.148206e-04,8.395940e-02,3.379697e-01,4.675936e+00
473,3.477892e-17,4.253239e-05,1.630748e-05,5.238449e-04,8.266463e-01,1.199275e+00,1.735654e+01
474,7.942791e-17,3.003755e-05,1.254631e-05,5.145402e-04,-1.166180e+00,-5.449816e-01,5.325523e+00
475,1.768319e-18,4.128861e-05,9.291993e-06,5.051005e-04,-2.025618e+00,-1.050478e+00,1.423105e+01
476,1.856178e-17,3.779001e-05,9.042064e-06,5.099555e-04,-3.308926e+00,-1.378545e-01,1.404226e+01
477,9.392222e-17,3.428199e-05,-2.921926e-06,5.075299e-04,-6.685000e-01,4.049395e-01,5.412925e+00
478,5.068150e-18,4.062276e-05,1.328913e-05,5.144011e-04,-4.559952e-01,-1.753627e-01,1.538544e+01
479,3.282985e-18,5.000027e-05,1.712546e-05,5.184116e-04,1.111439e-01,3.769456e-01,4.109427e+00
480,1.032567e-17,4.394217e-05,8.588942e-06,5.194349e-04,2.077309e-01,2.720787e-01,6.716846e+00
481,1.901388e-17,4.162942e-05,9.980642e-07,5.116784e-04,-2.730924e-01,1.176402e+00,2.605995e+00
482,1.130237e-18,3.202937e-05,8.595685e-06,5.220931e-04,-1.269891e-01,6.596143e-02,2.807599e+00
483,1.053441e-16,3.567339e-05,-1.575664e-06,4.990232e-04,-5.225002e-01,3.250663e-01,5.118019e+00
484,2.915741e-18,2.578488e-05,1.953735e-05,5.178150e-04,3.119906e-01,-1.799990e+00,2.729129e+00
485,3.848347e-18,2.476701e-05,8.585315e-06,5.072195e-04,-1.218366e+00,6.039323e-02,2.949142e+00
486,2.739429e-18,3.827996e-05,3.906023e-06,5.255674e-04,-1.638898e-02,1.076414e-01,1.106732e+00
487,3.852901e-18,5.077117e-05,1.415290e-05,4.796849e-04,9.023360e-01,7.777794e-01,6.958999e+00
488,3.733492e-18,2.378872e-05,4.684739e-06,4.911666e-04,-2.883895e+00,-3.363884e-01,1.308049e+01
489,1.324639e-17,5.136740e-05,1.357710e-05,4.843980e-04,6.929580e-01,-6.474245e-01,7.748912e+00
490,1.501420e-18,4.687689e-05,9.335504e-06,4.763961e-04,-1.362579e-01,1.063413e-01,2.472686e+00
491,4.112721e-18,3.905411e-05,1.328031e-05,4.811037e-04,-3.073477e-01,7.495401e-02,2.767345e+00
492,8.257509e-18,4.540053e-05,1.559612e-06,4.888053e-04,-3.455865e-01,-1.382179e-01,3.169426e+00
493,1.279352e-18,4.456551e-05,9.344802e-06,4.974540e-04,-8.569479e-01,3.907221e-01,7.742452e+00
494,2.901847e-18,2.540573e-05,5.481400e-06,4.855611e-04,1.580083e-01,1.011852e+00,9.368187e+00
495,1.573001e-17,4.685557e-05,9.383535e-06,4.875990e-04,-2.702551e-02,-3.774104e-02,8.375589e+00
496,8.111446e-18,3.906500e-05,1.328314e-05,4.913667e-04,7.011801e-02,-9.333132e-02,5.957300e+00
497,2.593815e-18,3.359217e-05,3.905533e-06,4.946713e-04,1.005433e-01,-7.144340e-02,3.683112e+00
498,2.075817e-17,3.173182e-05,4.841561e-06,4.829736e-04,4.278572e-01,-1.495054e+00,7.379655e-01
499,5.986541e-18,2.656322e-05,-1.589476e-08,4.982603e-04,-1.608730e-01,-6.129965e-01,8.984472e-01
500,9.589942e-18,3.425313e-05,9.846847e-06,4.914356e-04,-1.023997e-01,-6.574122e-01,1.424400e+00
501,1.217640e-18,3.358674e-05,2.331519e-06,4.779584e-04,3.584548e-01,4.087001e-01,1.029139e+00
502,2.504086e-17,4.117899e-05,2.407920e-05,4.858027e-04,-4.731103e-02,8.383240e-03,-9.877356e-01
503,2.215587e-18,5.006794e-05,1.342144e-05,4.758874e-04,2.081062e-01,2.285204e+00,3.404754e+00
504,1.203399e-17,2.909555e-05,2.427614e-05,4.992844e-04,-1.120078e-02,-5.883679e-02,-1.237836e+00
505,1.286434e-18,4.218084e-05,3.123479e-06,4.974479e-04,-1.703603e-02,1.103039e-02,-5.490635e-01
506,3.150099e-18,7.278850e-05,-1.974748e-07,4.890076e-04,3.683872e-02,1.489060e+00,1.010271e+01
507,5.020818e-17,5.332860e-05,1.421696e-05,4.954308e-04,1.016608e+00,-9.646926e-01,1.057093e+01
508,4.214031e-17,7.211424e-05,-1.783690e-06,4.946824e-04,-2.635890e-02,-1.596897e-01,9.861678e+00
509,2.087057e-17,7.316371e-05,2.075571e-05,4.854324e-04,3.602876e-01,5.191208e-01,4.860740e+00
510,3.825146e-18,6.800042e-05,1.800724e-05,4.905371e-04,6.428185e-02,2.082639e-01,4.870240e+00
511,5.644152e-18,6.015572e-05,4.647394e-06,4.904771e-04,-8.356428e-02,1.273920e-01,3.673222e+00
512,3.498738e-17,7.268718e-05,2.401871e-05,4.907619e-04,-4.787784e-02,-2.040741e-02,-8.490503e-01
513,6.230182e-18,5.386904e-05,8.725865e-06,4.778864e-04,-2.291522e+00,-1.048492e+00,7.531550e+00
514,4.164710e-18,6.171653e-05,1.212721e-06,4.993419e-04,1.428426e-01,-6.303077e-01,3.584434e+00
515,4.479628e-18,6.327809e-05,1.563189e-06,4.864161e-04,2.073005e-01,5.093995e-02,2.501036e+00
516,1.683078e-18,5.147161e-05,1.395984e-05,4.902961e-04,-6.380350e-02,7.150077e-01,1.152891e+01
517,5.113164e-18,6.639818e-05,3.124566e-06,4.989836e-04,-5.032760e-02,-1.324110e-02,1.585466e+00
518,1.559636e-18,6.797656e-05,1.719614e-05,4.787354e-04,9.129126e-02,-7.240409e-01,1.582027e-01
519,1.065009e-17,3.642195e-05,1.480547e-05,4.726827e-04,3.518774e+00,4.594479e-01,-2.515051e+00
520,3.806585e-19,2.695271e-05,5.078003e-06,4.740510e-04,1.765812e+00,-1.541982e+00,3.633749e+00
521,5.943642e-19,4.882793e-05,1.330711e-05,4.732630e-04,9.496615e-01,-9.788231e-01,-9.702475e-01
522,1.113914e-15,5.784978e-05,1.355943e-05,4.397377e-04,4.066370e-01,9.755266e-02,-9.828174e+00
523,1.440418e-16,5.755631e-05,1.344297e-05,4.398129e-04,4.163745e-01,1.311031e-01,-1.091343e+01
524,5.799040e-17,-8.005263e-06,-1.715862e-04,4.542210e-04,1.603858e-01,3.424569e-01,-9.887231e+00
525,2.750078e-18,9.374883e-05,7.802622e-07,4.766768e-04,4.825973e-01,2.337915e-02,-5.027843e-01
526,3.596725e-17,-1.804144e-04,-1.738273e-06,5.275069e-04,8.799169e-01,-1.767725e+00,7.959301e+00
527,2.488936e-16,-1.853237e-04,-4.752090e-07,5.060000e-04,1.270771e+00,8.438205e-01,6.887814e+00
528,1.401591e-17,-1.837018e-04,-1.480982e-05,5.077682e-04,-4.430468e-01,-2.822130e+00,1.242753e+01
529,3.958943e-18,-1.798593e-04,-1.247111e-05,5.050663e-04,-7.579485e-01,-3.196189e-01,2.944737e+00
530,1.319403e-17,-1.803062e-04,-4.928511e-08,5.200347e-04,-1.110792e-01,-2.615849e-02,6.859114e+00
531,2.242933e-17,-1.753107e-04,1.083684e-06,5.049328e-04,1.111585e+00,5.424978e-01,1.543455e+01
532,4.066951e-17,-1.832814e-04,-2.124042e-05,5.212937e-04,-3.496761e-01,-1.131873e+00,1.516631e+00
533,2.897517e-18,-1.754078e-04,-6.243171e-06,5.218937e-04,-2.436046e+00,-4.591196e-01,1.992828e+01
534,7.324552e-19,-1.746083e-04,-6.157533e-06,5.059644e-04,-1.076131e+00,-1.542664e-01,1.183292e+01
535,1.706912e-16,-1.780055e-04,6.014149e-06,5.137689e-04,-5.030947e-02,2.451836e+00,1.562251e+01
536,2.553117e-18,-1.937092e-04,1.566237e-05,5.011349e-04,6.840738e-02,1.108459e-01,2.379730e+00
537,3.024036e-17,-1.854277e-04,1.071911e-05,5.047967e-04,-1.040678e+00,-1.242133e-01,1.883948e+01
538,4.929797e-18,-1.945161e-04,7.809294e-06,5.098053e-04,2.958879e-01,1.030847e-02,8.936133e+00
539,6.461315e-18,-1.836023e-04,1.016753e-05,5.003905e-04,5.390252e-01,1.719392e+00,2.100833e+01
540,3.782409e-18,-1.859641e-04,1.723220e-05,5.160956e-04,6.046225e-02,6.740875e-01,2.645248e+00
541,6.138653e-18,-1.828126e-04,1.561925e-05,5.262353e-04,-1.831847e-02,2.298434e-01,1.858807e+00
542,4.420622e-18,-1.859329e-04,1.717342e-05,5.112747e-04,-7.351967e-01,6.836609e-01,9.835829e-01
543,4.218617e-18,-1.776406e-04,-6.909714e-06,5.327039e-04,-3.345314e+00,1.037048e+00,2.300619e+01
544,1.767123e-17,-1.799810e-04,1.787519e-05,5.299566e-04,-1.956181e+00,-4.572664e-02,6.693217e+00
545,2.576085e-17,-1.967268e-04,2.265283e-05,5.447306e-04,7.918562e-01,1.524048e+00,7.104593e+00
546,5.642500e-17,-1.726558e-04,3.670055e-07,5.483209e-04,9.072439e-01,1.177249e+00,8.303383e+00
547,2.930280e-18,-1.851546e-04,5.497717e-09,5.396301e-04,-4.472637e-02,-7.855523e-02,5.344205e+00
548,3.299184e-17,-1.796427e-04,1.248207e-05,5.303076e-04,-4.536759e-01,3.194676e-01,3.710914e+00
549,7.081224e-19,-1.928356e-04,2.251983e-05,5.386467e-04,5.568378e-02,-2.893035e-03,2.620505e+00
550,2.144388e-18,-1.929656e-04,2.265881e-05,5.353096e-04,-3.077135e-02,3.538431e-02,7.541272e-01
551,3.962542e-18,-1.874991e-04,1.327397e-05,5.460788e-04,-1.720298e-02,5.726317e-02,6.115317e-01
552,2.293043e-17,-1.739295e-04,-2.376077e-05,5.457630e-04,-1.080408e+00,-8.244583e+00,1.989389e+01
553,1.003810e-16,-1.722113e-04,-1.161320e-05,5.294407e-04,-4.195922e-01,-2.027866e-01,5.272546e+00
554,1.868029e-17,-1.906569e-04,-1.143812e-05,5.343905e-04,2.802318e-01,-9.840010e-02,5.176876e+00
555,7.232779e-18,-1.968747e-04,-4.692768e-06,5.435066e-04,1.892011e-01,-2.022389e-02,5.851806e+00
556,5.317567e-18,-1.945312e-04,-9.271245e-06,5.489504e-04,2.991187e-02,2.324554e-02,5.916645e+00
557,2.864324e-18,-1.906263e-04,-1.250769e-05,5.412739e-04,-3.814563e-02,1.338855e-01,2.343600e+00
558,1.364946e-18,-1.804696e-04,-3.911399e-06,5.422667e-04,-3.680170e-02,6.773218e-02,2.394645e+00
559,7.177872e-18,-1.773485e-04,-3.934514e-07,4.903389e-04,7.625808e-04,-3.375350e-01,8.564407e+00
560,1.515596e-17,-1.857207e-04,1.236899e-05,4.902170e-04,2.755675e+00,-2.203167e+00,1.129016e+01
561,6.629822e-17,-1.807976e-04,-1.375976e-05,4.854780e-04,1.894950e-01,-1.291950e+00,7.483603e+00
562,1.705108e-17,-1.841289e-04,7.024793e-06,4.792130e-04,-2.275729e+00,-1.070648e+00,3.988606e+00
563,3.472412e-18,-1.890684e-04,1.640822e-05,4.760081e-04,-4.912549e-01,5.325055e-01,3.133940e+00
564,4.771940e-17,-1.823118e-04,9.178244e-06,4.864441e-04,-1.567812e+00,3.500447e-01,5.955382e+00
565,3.521013e-17,-1.844239e-04,-1.236760e-05,4.982534e-04,-2.516687e+00,1.298897e+00,7.642835e+00
566,2.100534e-18,-1.968665e-04,1.315065e-05,4.828141e-04,2.622237e-01,4.178534e-01,1.931784e+00
567,5.223866e-18,-1.835919e-04,6.250577e-06,4.989558e-04,1.191330e-01,-1.125821e-02,1.378359e+01
568,1.346785e-17,-1.944438e-04,7.854357e-06,4.970169e-04,1.088093e-02,-2.148203e-02,6.897968e+00
569,3.359108e-18,-1.890026e-04,1.566092e-05,4.821079e-04,-7.377715e-01,5.743754e-01,8.135136e+00
570,1.151621e-17,-1.952996e-04,-2.228645e-05,4.934776e-04,1.285332e+00,-1.044923e+00,2.394972e+00
571,2.905366e-17,-1.805849e-04,-2.547321e-06,4.816541e-04,1.098704e+00,2.054153e+00,7.021493e-01
572,1.585155e-18,-1.968813e-04,1.331664e-05,4.919952e-04,6.288098e-01,-9.643055e-01,7.964777e+00
573,1.072121e-17,-1.980193e-04,-6.159710e-06,4.781246e-04,-8.831327e-02,-1.356053e+00,5.036745e+00
574,3.099574e-17,-1.953336e-04,-1.307100e-05,4.757730e-04,1.027723e+00,-2.846679e-02,-3.782235e-01
575,2.393240e-18,-1.882395e-04,-2.436417e-05,4.956220e-04,-2.118047e-01,-3.595649e-02,-2.479782e+00
576,2.388971e-18,-1.866150e-04,1.563084e-05,4.855711e-04,2.047406e+00,-3.937906e-01,8.750606e+00
577,3.523844e-18,-1.836257e-04,6.269008e-06,4.831796e-04,9.555543e-01,6.015037e-01,5.009585e+00
578,3.589823e-18,-1.836392e-04,6.268065e-06,4.899312e-04,-8.081769e-02,-4.246429e-01,6.674059e+00
579,1.112482e-18,-1.929785e-04,6.273774e-06,4.787367e-04,-3.654210e-01,2.386374e-01,3.455081e-01
580,5.654963e-18,-1.981610e-04,7.863294e-06,4.794325e-04,-7.763594e-01,-4.063023e-01,-5.972862e-01
581,6.530972e-19,-1.839829e-04,1.014151e-05,4.951179e-04,1.183257e+00,1.947013e+00,1.427928e+01
582,3.413565e-18,-1.890652e-04,1.719002e-05,4.915948e-04,-7.877799e-01,-2.134746e-01,1.413679e+00
583,6.686226e-18,-1.937531e-04,7.812542e-06,4.915976e-04,3.712557e-02,1.218394e-01,7.062563e+00
584,1.504510e-17,-1.944024e-04,2.424901e-05,4.875516e-04,-7.664952e-02,-2.001410e-02,-1.141380e+00
585,1.072871e-16,9.996355e-05,-2.379025e-06,4.927472e-04,-6.463985e-01,-1.260316e-01,3.871495e+00
586,1.691102e-16,9.939121e-05,-1.368258e-05,4.871240e-04,1.648609e+00,-3.389328e-01,1.779811e+00
587,1.311169e-18,8.593506e-05,-1.096499e-05,4.865476e-04,-3.326411e+00,1.379580e-01,7.651269e+00
588,7.348476e-18,9.062443e-05,-1.562298e-05,4.986165e-04,2.446850e-01,-1.554749e-01,1.691453e+01
589,3.525467e-18,7.656272e-05,-1.094411e-05,4.861289e-04,4.270187e-01,-3.525727e-01,5.961832e+00
590,1.551544e-16,8.689269e-05,-7.051131e-06,4.912334e-04,-1.373019e+00,1.527621e+00,7.243294e+00
591,2.696825e-18,7.975359e-05,-1.010130e-05,4.961587e-04,5.756304e-01,7.673428e-01,7.169941e+00
592,2.531477e-18,9.052982e-05,-1.400562e-05,4.924669e-04,5.276781e-02,-3.117039e-01,1.235612e+01
593,6.966276e-18,8.519964e-05,-3.257220e-06,4.805474e-04,-2.249152e-01,-8.302431e-02,6.918562e-01
594,3.613077e-17,7.564464e-05,-1.130983e-05,4.971266e-04,8.731868e-01,2.827627e-01,9.504318e+00
595,1.602817e-17,9.378058e-05,-1.247121e-05,4.809417e-04,-3.307253e+00,2.248040e-01,3.534726e+00
596,1.945879e-18,9.049142e-05,-1.079788e-05,4.825059e-04,-7.203078e-01,3.938274e+00,5.500033e+00
597,2.578924e-19,8.085927e-05,-1.523648e-05,4.802932e-04,-6.954381e-01,-3.719484e-01,-1.377441e+00
598,2.310876e-18,9.069143e-05,-1.228026e-05,4.873970e-04,2.390603e-02,9.166327e-02,8.448286e+00
599,4.209273e-18,8.512198e-05,-3.092467e-06,4.959497e-04,-9.304763e-02,2.634289e-01,5.363734e+00
600,4.320564e-18,7.969303e-05,-8.618205e-06,4.881439e-04,3.566204e-02,-7.758174e-01,3.690078e+00
601,3.238057e-18,8.983837e-05,-7.629515e-07,4.978749e-04,-2.275064e-01,8.304567e-01,6.495042e+00
602,2.856224e-18,8.984712e-05,-7.765638e-07,4.900389e-04,4.674021e-02,7.332381e-02,4.523566e+00
603,3.550555e-18,8.743254e-05,-5.927655e-06,4.851200e-04,5.312021e-01,1.636727e+00,7.349093e+00
604,4.880593e-18,7.577274e-05,-1.093452e-05,4.920825e-04,-2.138356e-01,-3.661017e-01,1.067212e+01
605,1.645327e-17,9.660997e-05,-1.257457e-05,5.031767e-04,9.923889e-01,7.864198e-01,1.612254e+00
606,6.834193e-18,9.560922e-05,-3.126162e-06,4.804441e-04,-1.736914e-01,-6.899502e-02,9.924305e-01
607,4.576633e-18,7.734531e-05,-1.093885e-05,4.786077e-04,1.777420e-01,6.596800e-02,2.055264e+00
608,4.557800e-17,7.380235e-05,-2.391228e-05,4.951135e-04,-5.959786e-03,-8.402526e-04,-1.061915e+00
609,1.145698e-18,9.453228e-05,8.128386e-07,5.013436e-04,4.961149e-02,-1.249553e-01,9.337436e+00
610,3.522240e-18,9.446997e-05,7.253884e-07,4.907092e-04,-3.628874e-01,-1.686636e-01,5.124361e+00
611,1.975952e-17,1.246127e-04,-6.257729e-06,4.953658e-04,-1.821006e+00,4.276313e+00,1.421107e+01
612,1.719421e-16,1.138604e-04,-3.822960e-06,4.990269e-04,1.286147e+00,1.966165e+00,8.850841e+00
613,3.553391e-18,1.138579e-04,-6.048525e-06,4.922923e-04,8.958950e-01,-1.453414e+00,1.033333e+01
614,2.731621e-17,1.082532e-04,-4.492167e-06,4.881243e-04,-2.694998e-02,3.551022e+00,8.426206e+00
615,6.414248e-19,1.113283e-04,-2.736215e-06,4.830495e-04,8.561356e-01,3.724464e+00,8.208283e+00
616,1.391703e-18,1.103442e-04,-3.348887e-06,4.846005e-04,-1.476426e+00,3.232349e+00,1.000055e+01
617,3.468561e-17,1.154273e-04,-4.915869e-06,4.806047e-04,-3.176679e+00,1.597538e+00,1.218623e-01
618,4.694989e-19,1.121097e-04,-1.954077e-06,4.810802e-04,2.510452e+00,4.720619e+00,3.783147e+00
619,4.418550e-18,1.140512e-04,-6.216419e-06,4.877451e-04,-9.726673e-01,-4.526165e-01,8.646620e+00
620,2.429840e-18,1.031977e-04,-5.379165e-06,4.830580e-04,5.628169e-01,1.612704e-01,-8.481221e-01
621,1.562431e-18,1.218740e-04,-2.030340e-05,4.982530e-04,4.648856e-01,1.378788e-02,-1.443850e+00
622,1.235397e-18,1.179811e-04,7.769291e-07,4.958888e-04,2.889947e-01,-4.423013e-01,8.319249e+00
623,1.593852e-16,1.095823e-04,3.577302e-06,4.914870e-04,-9.808316e-01,-1.326004e+00,2.660028e+00
624,1.994572e-16,8.029551e-05,1.064884e-05,4.929698e-04,1.044332e+00,6.605590e-01,4.855290e+00
625,7.694938e-17,1.199401e-04,9.973531e-06,4.917512e-04,-1.883932e-01,-4.241052e-01,6.672627e+00
626,7.647349e-18,9.218729e-05,1.328483e-05,4.900525e-04,-1.776983e-01,7.007160e-02,4.964967e+00
627,8.409957e-17,9.239538e-05,1.299350e-05,4.897547e-04,-2.737847e-01,-2.711750e-01,4.872872e+00
628,2.721168e-17,1.272177e-04,9.084735e-06,5.001769e-04,-6.502196e-02,-5.318764e-01,5.289764e+00
629,4.735741e-18,1.204586e-04,1.658569e-06,4.855373e-04,-1.103933e+00,-3.766664e-01,2.662155e+00
630,4.871671e-18,1.046871e-04,1.484720e-05,4.966338e-04,-3.486580e-01,1.046936e-02,3.914202e+00
631,2.871640e-18,1.195462e-04,1.875428e-05,4.924467e-04,-3.776079e-01,4.123752e-02,6.320767e+00
632,3.490481e-18,1.234188e-04,1.015077e-05,4.845884e-04,-3.069625e-01,-3.755608e-01,3.849671e+00
633,2.855478e-17,1.229397e-04,6.668554e-06,4.952306e-04,3.043120e-01,-3.991193e-01,2.338664e+00
634,2.746924e-18,1.203124e-04,1.468068e-05,4.943502e-04,1.277133e-01,2.994834e-01,6.216074e+00
635,8.137014e-19,1.194059e-04,1.860847e-05,5.005824e-04,-1.477953e-01,-2.784098e-01,8.935965e+00
636,1.872175e-18,1.148959e-04,8.647299e-06,4.996964e-04,-1.204634e-02,8.017130e-02,3.850426e+00
637,3.834003e-18,1.203906e-04,1.169623e-05,4.978545e-04,2.171909e-01,3.531449e-01,3.970501e+00
638,9.942636e-18,1.229097e-04,2.076420e-05,5.020377e-04,-8.848539e-01,1.380259e+00,3.961799e+00
639,2.661859e-19,1.175782e-04,3.516100e-06,4.826437e-04,3.207990e-01,1.111066e+00,7.179879e-01
640,8.327459e-18,1.203169e-04,1.405488e-05,4.888759e-04,1.637932e-02,4.285675e-02,9.825814e+00
641,5.299272e-18,1.195136e-04,1.876976e-05,4.885555e-04,6.659351e-02,-1.202529e-01,6.608080e+00
642,3.377932e-18,1.195281e-04,1.875197e-05,4.830628e-04,1.752139e-01,1.671057e-01,5.009056e+00
643,3.410067e-18,1.132782e-04,2.460923e-05,4.810820e-04,-2.413189e-02,1.356774e-02,-2.184952e+00
644,2.161807e-17,8.621643e-05,4.957505e-06,4.990629e-04,-1.771731e-01,-4.641992e-01,6.858887e+00
645,1.344933e-18,7.617101e-05,7.895759e-06,4.947683e-04,9.360287e-01,1.954930e+00,1.529500e+01
646,1.333376e-17,8.762832e-05,1.871258e-05,4.859409e-04,4.992074e-02,1.379024e-01,2.150956e+00
647,1.609933e-18,9.687545e-05,3.126737e-06,4.896522e-04,4.764479e-01,4.290224e-01,1.313599e+00
648,1.144554e-17,9.348950e-05,2.421865e-05,4.827865e-04,-9.655395e-02,-3.328150e-01,-5.879496e-01
649,5.525603e-17,9.303869e-05,2.379300e-05,4.832018e-04,-8.354444e-02,-4.166892e-01,-4.894777e-01
650,1.475427e-17,7.858672e-05,2.032016e-05,4.897503e-04,-9.647819e-01,6.746232e-01,2.528117e+00
651,5.225881e-18,8.980754e-05,1.328310e-05,4.988382e-04,2.572584e-01,1.106564e-01,1.599697e+00
652,2.511481e-19,9.336000e-05,1.601471e-05,4.779452e-04,7.268472e-01,-4.057394e-01,6.511235e-01
653,2.365404e-18,7.656334e-05,2.460932e-05,4.804365e-04,-3.182078e-02,-6.108051e-03,-1.903279e+00
654,2.175985e-16,-9.821441e-06,1.851820e-04,5.126970e-04,2.371060e-01,8.509713e-01,3.543456e+00
655,2.030496e-17,-1.413884e-05,1.803068e-04,5.120925e-04,-1.915206e-01,3.183264e+00,2.519889e+01
656,1.142549e-16,2.355484e-06,1.952304e-04,4.973952e-04,-1.175346e+00,-2.092327e+00,1.169940e+01
657,1.969564e-17,-5.519610e-06,1.778455e-04,5.087774e-04,4.344316e+00,3.662250e+00,1.673571e+01
658,1.733069e-16,-1.376201e-05,2.011627e-04,5.207543e-04,-1.235497e-01,-7.167139e-01,9.340364e+00
659,2.626755e-18,-3.831494e-06,1.789554e-04,5.125928e-04,-5.209694e-01,1.439708e+00,1.459030e+01
660,3.295787e-17,7.631656e-07,1.989731e-04,5.051704e-04,2.046355e+00,3.510031e+00,8.980834e+00
661,7.350313e-18,-3.905868e-06,1.796868e-04,5.024903e-04,4.977052e-02,8.620791e-02,1.175674e+01
662,7.870283e-18,-1.910630e-05,1.822315e-04,5.095637e-04,2.915687e-02,-6.730429e-01,3.411605e+00
663,5.955904e-19,-1.679438e-05,1.821082e-04,5.090678e-04,1.835716e-01,-1.059183e-01,4.693471e+00
664,1.245803e-18,-8.597027e-06,1.953108e-04,5.021236e-04,-4.197153e-02,-2.305387e-02,1.826758e+00
665,1.139933e-17,-2.065516e-05,1.933072e-04,5.143290e-04,5.573737e-01,-9.383702e-02,3.578993e+00
666,2.645089e-18,-8.599665e-06,1.953068e-04,5.071577e-04,-1.514366e-01,-3.021533e-01,2.270039e+00
667,3.102928e-18,-3.908912e-06,1.929681e-04,5.056176e-04,-7.963343e-03,-1.273588e-01,1.482149e+00
668,2.901124e-17,4.060043e-06,1.965639e-04,5.110417e-04,-2.400598e-01,3.629852e-01,1.617397e+01
669,1.367490e-17,1.241992e-05,1.812024e-04,5.084937e-04,9.354710e-01,4.095422e-02,7.121429e+00
670,2.619298e-17,1.547215e-05,1.881725e-04,5.052249e-04,9.041418e-01,5.536817e-01,2.076184e+00
671,3.465298e-17,1.548954e-05,2.009991e-04,5.221620e-04,1.182899e+00,-2.387837e-01,5.376622e+00
672,6.239273e-18,1.290534e-05,1.945804e-04,5.112342e-04,-9.515108e-01,-5.105131e-01,3.672372e+00
673,5.008149e-18,3.124199e-06,1.851543e-04,5.221159e-04,5.846143e-02,9.228348e-02,1.063553e+01
674,1.419416e-18,1.329259e-05,1.836301e-04,5.114001e-04,-4.783510e-02,1.239629e+00,3.427284e+00
675,3.516801e-18,1.566990e-06,1.773497e-04,5.040536e-04,1.673968e-01,-1.230586e+00,8.088541e+00
676,3.577727e-18,3.127544e-06,1.851561e-04,5.071180e-04,1.257141e-01,5.034385e-02,6.733750e+00
677,8.427268e-19,3.516389e-06,1.959212e-04,5.057047e-04,-8.608233e-02,1.720386e+00,1.301077e+01
678,1.736308e-18,3.118344e-06,1.914035e-04,5.106089e-04,-7.409077e-01,-9.888294e-02,2.811685e+00
679,8.875436e-17,1.405635e-05,1.877878e-04,4.880844e-04,-3.109986e-01,-6.987299e-01,2.223410e+00
680,1.922634e-16,-3.041149e-06,1.742304e-04,4.890432e-04,-2.509835e-01,2.483425e-01,6.241915e+00
681,2.787706e-17,2.439047e-06,1.850263e-04,4.923214e-04,1.980901e+00,-9.291643e-01,7.413582e+00
682,4.003381e-17,2.101855e-06,1.981522e-04,4.887598e-04,-1.786164e+00,1.837162e+00,9.440653e+00
683,3.553452e-18,3.768299e-06,1.970499e-04,4.782447e-04,-8.651738e-01,-2.665385e-01,3.666737e+00
684,1.269084e-17,1.374414e-05,1.950500e-04,4.936862e-04,-1.445823e-01,-8.979543e-01,4.047175e+00
685,3.367214e-17,2.400982e-05,2.018661e-04,4.878969e-04,6.867534e-03,1.279251e-02,-9.091630e-01
686,4.420419e-18,1.549717e-06,1.789087e-04,4.943736e-04,1.675445e-01,6.351207e-01,6.713640e+00
687,1.446805e-17,1.287972e-05,1.952056e-04,4.782858e-04,1.877142e-01,-8.897926e-01,2.547319e+00
688,6.244252e-19,9.767671e-06,2.000288e-04,4.802941e-04,-1.454094e-01,4.052555e-02,1.889531e+00
689,3.744386e-18,1.582350e-06,1.991800e-04,4.821891e-04,-3.758731e+00,3.645529e+00,8.098750e+00
690,2.615883e-19,3.908032e-07,1.996094e-04,4.841982e-04,-4.011061e+00,2.863290e+00,1.099557e+01
691,8.247265e-18,-6.418058e-07,1.961125e-04,4.829492e-04,-8.089336e-01,7.748693e-02,8.521159e+00
692,2.605309e-19,3.907965e-07,1.957031e-04,4.787434e-04,3.892231e-01,1.201860e+00,7.178637e+00
693,1.685054e-18,7.761610e-06,1.773964e-04,4.897622e-04,-7.950514e-03,4.075255e-02,-2.861514e-01
694,2.408137e-18,2.460891e-05,1.851522e-04,4.905694e-04,3.134332e-02,-9.188734e-02,-2.076975e+00
695,3.485477e-18,-7.772370e-06,1.818916e-04,4.893228e-04,1.804889e-01,-1.185694e+00,1.183242e+01
696,1.320994e-17,-4.428168e-06,2.011341e-04,4.990263e-04,-9.546070e-01,-3.123097e+00,1.407206e+01
697,2.070975e-17,-7.488253e-06,1.829571e-04,4.956527e-04,9.120745e-01,6.902312e-01,1.523205e+01
698,2.227554e-17,-1.014000e-05,1.782490e-04,4.965736e-04,-1.279800e+00,-3.979657e-01,7.247840e+00
699,5.045702e-18,-5.489013e-06,1.948557e-04,4.954352e-04,-1.030365e-01,1.104262e+00,5.765539e+00
700,8.098213e-18,-2.051699e-06,1.960465e-04,4.934778e-04,-1.364511e+00,-4.467180e-01,1.567286e+01
701,5.634637e-19,-8.985706e-06,1.847654e-04,4.846052e-04,-4.319948e-01,4.005242e-01,2.159681e+00
702,7.363049e-18,-1.718977e-05,1.837267e-04,4.983247e-04,-2.406070e-01,-7.657676e-01,2.980811e+00
703,4.172631e-18,-4.668592e-06,1.828995e-04,4.827731e-04,2.155432e+00,7.698925e-01,5.689344e+00
704,1.680059e-17,-1.221166e-05,1.757579e-04,4.916980e-04,-3.148651e-01,3.940375e-01,1.075374e+01
705,1.228471e-17,-1.137676e-05,1.777956e-04,4.835482e-04,-1.412344e+00,4.349970e+00,7.732286e+00
706,6.307265e-17,-2.621515e-06,1.841199e-04,4.758610e-04,-1.792231e+00,-2.540653e+00,-1.467055e+00
707,1.310145e-18,-3.908156e-06,1.808596e-04,4.822697e-04,3.150176e-01,9.749568e-01,4.688519e+00
708,7.541642e-18,-8.554974e-06,1.914108e-04,4.906381e-04,2.691174e-01,4.386233e-02,1.059178e+00
709,1.535890e-18,-1.015520e-05,1.843758e-04,4.997985e-04,-1.049942e-01,-2.357622e-03,5.381418e+00
710,5.106599e-19,-2.031654e-05,1.847627e-04,4.826346e-04,1.335918e-01,-2.127574e-01,-5.221904e+00
711,2.162503e-17,-1.602766e-06,1.835027e-04,4.910189e-04,2.930975e+00,-1.038106e+00,3.519569e+00
712,2.892103e-18,-6.247268e-06,1.929653e-04,4.837660e-04,-1.285070e-01,9.503458e-01,2.599159e+00
713,5.133537e-18,-6.233621e-06,1.989803e-04,4.946942e-04,2.423649e-01,4.255824e-01,1.403711e+00
714,5.923888e-19,-3.905849e-07,1.957032e-04,4.869747e-04,-8.475577e-01,1.142550e+00,1.068397e+01
715,1.325302e-18,-7.668830e-07,1.867270e-04,4.857578e-04,-1.884931e-01,-7.521523e-01,3.252901e+00
716,2.384212e-18,-2.460936e-05,1.859379e-04,4.959146e-04,-5.301222e-02,6.245648e-02,-2.708521e+00
717,7.573264e-18,8.594423e-06,2.226561e-04,5.017332e-04,7.271104e-02,-6.533865e-01,8.928474e+00
718,1.259545e-17,2.144013e-06,2.255057e-04,5.248941e-04,6.829800e-01,-4.418731e-01,1.455748e+01
719,2.801976e-17,3.189781e-06,2.126646e-04,5.175167e-04,-3.676789e+00,-1.057688e+00,1.213390e+01
720,1.125081e-17,2.868055e-06,2.059886e-04,5.055812e-04,-8.016368e-01,9.875505e-01,3.961203e+00
721,5.170713e-18,-7.800453e-07,2.078110e-04,5.220325e-04,1.122169e-01,-2.487039e-01,7.414588e+00
722,3.403700e-17,2.214788e-06,2.222562e-04,5.127172e-04,-6.973092e-01,2.614154e+00,9.223280e+00
723,1.213205e-16,3.518444e-06,2.062119e-04,5.054949e-04,-4.866614e-01,6.167912e-01,3.915797e+00
724,2.028096e-17,1.481613e-05,2.106860e-04,5.161693e-04,-8.400413e-04,4.494135e-01,6.635553e+00
725,1.322741e-17,6.462810e-07,2.213512e-04,5.219837e-04,-8.581305e-01,1.623301e+00,1.010590e+01
726,1.600402e-18,1.159759e-05,2.163898e-04,5.072940e-04,-2.625070e-02,1.040987e-01,9.207517e+00
727,6.919714e-17,9.025419e-06,2.228216e-04,5.017907e-04,1.229931e-01,-5.071439e-01,8.675865e+00
728,6.124668e-18,1.879931e-05,2.209426e-04,5.121226e-04,-6.569101e-01,-7.547157e-01,2.919777e+00
729,4.774695e-18,4.685022e-05,-4.126818e-06,4.779845e-04,2.233042e-01,3.528876e+00,1.309788e+00
730,6.854276e-18,4.768199e-05,-1.727409e-05,4.744218e-04,2.775291e-01,8.987070e-01,9.022200e-01
731,4.272360e-18,2.420808e-05,-1.558973e-05,4.746971e-04,1.112982e-03,-8.939405e-01,2.453648e+00
732,1.670169e-17,6.253528e-05,-5.314384e-06,4.778846e-04,-5.435215e-01,4.066665e+00,1.263619e+00
733,1.536229e-18,7.004349e-05,-5.078174e-06,4.772759e-04,1.710264e+00,3.545614e+00,1.898377e+00
734,1.072934e-17,7.263537e-05,-3.195528e-06,4.768281e-04,4.865065e-01,1.889481e-01,-1.793332e+00
735,1.327972e-17,2.138419e-05,-1.347451e-05,4.750120e-04,1.224669e+00,1.695746e+00,1.253233e+00
736,3.445078e-17,2.222775e-05,-1.066573e-05,4.867376e-04,1.335090e+00,3.741838e-01,1.258564e+01
737,8.086826e-19,2.226618e-05,-1.132717e-05,4.720945e-04,-3.039015e-01,-9.976335e-01,-7.262802e-01
738,3.186715e-19,2.226462e-05,-1.054683e-05,4.732673e-04,3.348842e-01,-6.384835e-01,1.768872e+00
739,4.728199e-18,1.561751e-06,-1.680195e-05,4.762466e-04,-5.294782e-02,2.872112e-01,-2.085696e+00
740,4.591605e-17,4.885515e-05,9.872928e-06,5.482802e-04,-1.811140e+00,3.180035e+00,1.432689e+01
741,9.777413e-19,4.999933e-05,1.796628e-05,5.341716e-04,-2.608571e-02,7.387833e-02,-1.635655e-01
742,2.526842e-18,4.999921e-05,1.797728e-05,5.389381e-04,2.248854e-02,1.467379e-01,1.606994e+00
743,7.293231e-18,5.546951e-05,1.796943e-05,5.278498e-04,-1.890325e-01,-5.869982e-02,5.783792e+00
744,7.039874e-17,5.551293e-05,1.748478e-05,5.276678e-04,-3.012799e-01,-2.137795e-01,5.587991e+00
745,3.152186e-17,7.451777e-05,6.072567e-06,5.248351e-04,-2.175863e+00,-6.021978e-01,1.054048e+01
746,6.194092e-17,6.557277e-05,2.513287e-06,5.407376e-04,2.745914e+00,1.465865e-01,1.435748e+01
747,2.494531e-17,7.622165e-05,-2.380742e-05,5.430396e-04,-6.443133e-01,-8.660393e+00,2.027769e+01
748,2.523757e-16,5.531356e-05,-7.547762e-06,5.354501e-04,2.961167e-01,-1.643172e+00,1.818000e+01
749,1.983111e-17,6.335364e-05,1.292407e-05,5.285926e-04,2.535196e+00,8.973833e-01,1.050840e+01
750,6.651738e-18,6.721811e-05,8.637332e-06,5.482369e-04,3.254797e+00,-1.124363e+00,1.383154e+01
751,2.222939e-17,7.246145e-05,8.552780e-06,5.485708e-04,2.566746e-01,-5.347191e-01,5.516895e+00
752,5.518998e-18,7.185711e-05,1.480056e-05,5.456290e-04,-1.142905e-01,2.678503e-01,6.407899e+00
753,2.231784e-17,7.364413e-05,1.675186e-05,5.486354e-04,-6.412428e-01,1.708409e-01,4.525068e+00
754,3.042216e-18,6.874814e-05,1.719005e-05,5.375056e-04,-5.493846e-02,1.392927e-01,2.768458e+00
755,4.006484e-18,5.315006e-05,-7.620500e-06,5.256380e-04,8.347884e-01,-1.290684e+00,1.731717e+01
756,2.250759e-18,7.187069e-05,-1.251802e-05,5.389468e-04,4.635487e-02,3.402997e-02,6.897523e+00
757,1.624855e-17,5.456431e-05,-6.103035e-06,5.486435e-04,-6.882821e-01,7.595929e+00,1.300284e+01
758,4.123993e-18,5.937554e-05,-1.718141e-05,5.326418e-04,-1.858211e-02,-9.670495e-02,4.733706e+00
759,1.181326e-18,7.421786e-05,-8.588576e-06,5.274437e-04,-6.103335e-02,-2.945294e-02,5.191997e+00
760,3.151682e-18,6.250036e-05,-1.412494e-05,5.407702e-04,-9.649611e-02,1.958537e-01,2.503705e+00
761,4.585744e-18,5.937186e-05,-1.719227e-05,5.385585e-04,-4.205112e-02,7.336322e-02,4.236810e+00
762,1.441412e-16,9.495535e-05,-5.538732e-06,5.373254e-04,3.616469e-01,-4.094287e-01,4.063101e+00
763,5.941651e-17,8.124909e-05,-1.560929e-06,5.247593e-04,1.581341e+00,-1.074958e+00,9.647448e+00
764,2.199746e-16,8.109233e-05,-1.779742e-06,5.252314e-04,5.284655e-01,-8.793226e-01,9.773110e+00
765,5.144965e-17,8.590536e-05,-7.395944e-06,5.325200e-04,7.341055e-01,-8.615190e-01,1.283161e+01
766,1.459691e-18,7.890372e-05,-1.949415e-05,5.349417e-04,-1.152855e-02,-1.681606e+00,1.649157e+01
767,1.303759e-17,8.552958e-05,-2.148325e-05,5.440495e-04,-3.661741e+00,-1.567808e-01,1.019048e+01
768,1.676519e-17,9.816795e-05,-1.775517e-05,5.277695e-04,-5.092529e-02,1.343064e-01,2.981138e+00
769,4.768678e-17,1.023699e-04,-1.242094e-05,5.488149e-04,-3.433566e-01,-3.110713e-01,1.145747e+01
770,3.455600e-18,8.359192e-05,-1.875497e-05,5.398042e-04,6.306558e-02,-9.869584e-02,5.414979e+00
771,5.637689e-17,5.520508e-05,3.236526e-06,5.130219e-04,1.456743e+00,1.615286e-01,9.306957e+00
772,3.031184e-17,6.800807e-05,1.777457e-05,5.065608e-04,-2.075351e-01,6.039635e-02,1.190677e+01
773,4.710140e-17,7.182880e-05,-1.726511e-06,5.084048e-04,-3.416562e-02,1.608392e+00,1.269642e+01
774,1.443246e-17,5.624774e-05,-2.150535e-06,5.130559e-04,-1.308065e-01,-1.874317e-01,1.088928e+01
775,7.689865e-18,7.187525e-05,6.637871e-06,5.174504e-04,7.458093e-02,-5.048868e-01,7.637105e+00
776,1.533577e-18,7.187844e-05,1.482221e-05,5.082903e-04,-1.036148e-01,-1.734475e+00,2.701840e+00
777,5.470311e-18,7.186861e-05,1.264378e-05,5.036835e-04,-1.098010e-01,-1.369255e+00,1.117907e+00
778,3.096433e-17,6.812877e-05,-9.499076e-06,4.998883e-04,-1.162553e+00,6.059110e-01,1.855774e+01
779,3.647048e-18,2.734396e-05,-5.468118e-06,5.270413e-04,-1.350538e-01,-9.565639e-01,4.743099e+00
780,4.482733e-17,2.694988e-05,-4.862133e-06,5.271149e-04,-1.219533e-01,-7.587791e-01,4.656852e+00
781,8.157604e-17,7.045681e-05,-9.291731e-06,5.069733e-04,1.237235e+00,4.060313e-01,6.508729e+00
782,4.281455e-17,5.452408e-05,-5.780203e-06,5.173320e-04,-2.185433e-01,-2.038270e-01,1.403686e+01
783,3.392733e-17,5.608916e-05,-2.401114e-05,4.988901e-04,-3.828064e-02,2.778438e-02,-8.420885e-01
784,3.868630e-17,6.980750e-05,-6.346553e-06,5.170794e-04,3.718135e-01,1.397404e-01,7.132977e+00
785,3.768652e-18,6.484005e-05,-1.171900e-05,5.086910e-04,2.798441e-01,-3.144163e-01,3.226617e+00
786,3.319870e-17,6.461874e-05,-1.150769e-05,5.089220e-04,1.202136e-01,-5.267270e-02,3.145750e+00
787,3.767515e-18,7.340891e-05,-3.872318e-06,5.022113e-04,3.461343e-01,5.082882e-01,1.095306e+01
788,2.972396e-18,5.232115e-05,-1.935725e-06,5.073383e-04,6.147760e-01,2.453957e-01,1.113396e+01
789,7.252806e-18,7.481393e-05,-8.787834e-06,5.161365e-04,1.975171e-01,-5.528350e-01,5.633630e+00
790,1.129146e-18,6.171861e-05,-7.033418e-06,5.136897e-04,-1.723045e-02,-1.684904e-02,3.615295e+00
791,7.375312e-18,5.934041e-05,-1.719063e-05,5.038274e-04,-2.589184e-01,4.641502e-01,-1.275536e+00
792,7.183378e-17,3.912283e-05,-1.506451e-05,5.316245e-04,-2.647855e-01,-4.691084e-01,1.691978e+01
793,5.263397e-17,4.222933e-05,2.312819e-05,5.457397e-04,-3.745322e-01,5.109974e+00,1.059455e+01
794,6.812823e-17,2.833987e-05,-1.100619e-05,5.483880e-04,-5.493020e-01,5.008743e-01,6.973706e+00
795,7.268078e-18,3.515711e-05,1.172031e-05,5.293081e-04,-4.913357e-01,2.589186e-01,7.235230e+00
796,6.027728e-17,3.510042e-05,1.182890e-05,5.296471e-04,-5.015125e-01,1.376716e-01,7.166686e+00
797,1.468417e-17,3.975530e-05,1.527432e-05,5.475712e-04,9.650360e-01,6.546676e-01,8.444520e+00
798,2.608000e-17,2.287844e-05,1.649815e-05,5.371128e-04,6.099366e-02,-4.159266e-01,7.920181e+00
799,1.926773e-17,3.009761e-05,1.546189e-05,5.394737e-04,-3.572147e-01,5.405966e-01,7.947780e+00
800,1.994902e-17,4.131785e-05,8.451629e-06,5.407281e-04,8.903227e-01,-9.236748e-01,4.400223e+00
801,4.987634e-18,2.889561e-05,1.875226e-05,5.446059e-04,6.971746e-02,-3.693476e-02,5.365542e+00
802,5.754677e-17,2.478685e-05,-3.593117e-06,5.453817e-04,4.483279e-01,-1.584548e-01,7.308793e+00
803,3.393278e-18,4.062444e-05,-1.093914e-05,5.404992e-04,1.632580e-01,-3.568913e-02,1.258029e+01
804,1.499022e-18,3.346937e-05,-1.797087e-05,5.485683e-04,6.120526e-03,4.751919e-02,2.160141e+00
805,3.095547e-19,2.460701e-05,-9.765548e-06,5.497102e-04,9.848403e-01,4.744833e-02,8.121337e+00
806,2.018700e-17,-8.979304e-06,-1.381575e-04,4.784083e-04,4.699698e+00,-2.283774e+00,-3.955929e-01
807,4.084626e-17,-1.070505e-05,-1.320650e-04,4.813641e-04,-1.566475e+00,-1.247389e+00,3.961861e+00
808,1.777937e-17,1.221658e-05,-1.470480e-04,4.787830e-04,-1.487744e+00,-2.835300e-01,2.261681e+00
809,3.808582e-18,3.906662e-06,-1.273436e-04,5.009577e-04,5.163850e-01,2.227004e-01,5.010197e+00
810,4.556358e-17,3.800968e-06,-1.277672e-04,5.011129e-04,4.356869e-01,1.152571e-01,4.832006e+00
811,7.329895e-18,-1.027030e-05,-1.252468e-04,4.905513e-04,1.124080e+00,-1.710339e+00,9.270776e+00
812,7.607087e-18,1.796933e-05,-1.359357e-04,4.853730e-04,1.328826e+00,-7.136165e-01,8.431120e-01
813,6.872997e-17,1.859321e-05,-1.361399e-04,4.858765e-04,1.353169e+00,-5.748925e-01,6.044135e-01
814,6.995599e-17,1.103889e-05,-1.514586e-04,4.819536e-04,1.099536e+00,-8.167546e-01,3.469403e+00
815,1.965643e-17,-2.029377e-05,-1.455386e-04,4.807074e-04,1.115794e+00,6.035382e-01,2.383404e+00
816,1.250502e-17,-9.387605e-06,-1.395839e-04,4.939291e-04,-1.637709e-02,-3.018921e-01,2.601995e+00
817,2.427167e-17,3.037692e-06,-1.476150e-04,4.964404e-04,2.487998e-01,-6.066576e-01,3.932403e+00
818,8.584299e-17,2.366505e-05,-1.382940e-04,4.911414e-04,-9.946767e-03,1.331649e-02,-4.844414e-01
819,2.847287e-18,-9.380287e-06,-1.499621e-04,4.892994e-04,-1.445183e-01,4.427231e-01,2.844518e+00
820,6.376230e-18,-1.488414e-05,-1.464774e-04,4.976088e-04,5.784500e-01,2.262787e-01,8.678745e+00
821,1.388677e-18,2.350232e-06,-1.413999e-04,4.990113e-04,3.488651e-02,-4.022991e-04,2.563641e+00
822,5.475375e-18,-1.248111e-05,-1.508320e-04,5.013067e-04,7.723632e-04,4.350287e-01,9.750449e+00
823,6.733164e-18,-1.250306e-05,-1.500022e-04,4.938527e-04,2.918670e-02,4.243382e-02,6.971044e+00
824,3.156835e-17,4.812643e-06,-1.424359e-04,4.857521e-04,-1.327114e-01,7.483573e-01,3.699958e+00
825,1.336880e-17,6.543196e-06,-1.382869e-04,4.918048e-04,-8.879673e-01,-1.266681e-01,6.414749e-01
826,2.681982e-18,7.810772e-06,-1.304578e-04,4.908292e-04,2.429299e-01,2.441121e-01,-1.362101e+00
827,3.232967e-18,-1.330491e-05,-1.414311e-04,4.955199e-04,-2.900454e-01,-7.219364e-01,2.344356e+00
828,1.609464e-18,-9.375733e-06,-1.352022e-04,4.857684e-04,1.360016e-01,4.463518e-01,2.652456e+00
829,2.144494e-17,-4.702226e-06,-1.490044e-04,4.924886e-04,-4.779571e-01,-6.398509e-01,1.768897e+00
830,3.037711e-18,-1.328620e-05,-1.281330e-04,4.979191e-04,5.509807e-01,6.537187e-01,3.518612e-01
831,1.027777e-18,-2.364146e-08,-1.328004e-04,4.810810e-04,-4.905702e-01,-8.085900e-01,6.959578e-01
832,4.785301e-18,-2.439511e-05,-1.429722e-04,4.864360e-04,-6.509579e-02,-5.004220e-03,-1.715414e+00
833,3.450303e-17,6.460089e-06,-1.384064e-04,4.806991e-04,3.308919e-02,-1.595020e-01,-4.231070e-01
834,6.911547e-18,1.718597e-05,-1.249556e-04,4.966863e-04,-3.110562e-02,1.709378e+00,-1.165745e+00
835,2.868616e-18,7.815696e-06,-1.257760e-04,4.838813e-04,-7.158181e-02,-1.295343e-02,-6.610137e-01
836,7.463261e-19,2.483541e-06,-1.272078e-04,4.795227e-04,-3.501752e-02,-1.271419e-01,1.607032e-01
837,9.697547e-18,2.428998e-05,-1.398499e-04,4.982505e-04,-5.194380e-02,1.285958e-02,-1.313590e+00
838,1.032678e-16,-1.097326e-04,1.399270e-06,5.244499e-04,7.542164e-01,-5.828002e-01,7.628496e+00
839,4.660422e-17,-1.011431e-04,1.959070e-05,5.136551e-04,9.502567e-01,8.572136e-01,1.181346e+01
840,2.834586e-17,-1.123309e-04,5.170081e-06,5.132879e-04,3.080065e-01,-1.698054e+00,2.361663e+01
841,1.071731e-18,-1.082035e-04,4.554556e-06,5.065526e-04,2.347106e+00,6.101615e-01,2.126525e+01
842,5.195192e-18,-1.070423e-04,1.637556e-05,5.053281e-04,-3.761262e-01,5.319158e-01,1.126434e+01
843,1.035554e-16,-1.100945e-04,1.113352e-05,5.147339e-04,-8.366961e-02,-1.103025e+00,1.006791e+01
844,6.302754e-17,-9.861155e-05,3.690816e-06,5.246379e-04,3.283800e-01,1.045535e+00,1.292302e+01
845,4.732551e-18,-9.921192e-05,-1.624483e-09,5.130104e-04,3.441277e-01,3.019383e-01,1.081658e+01
846,1.448882e-18,-1.054658e-04,2.345497e-06,5.159624e-04,7.395473e-02,2.551923e-02,3.649141e+00
847,6.220650e-18,-1.243595e-04,2.154263e-05,5.225070e-04,-8.513792e-01,4.142204e-01,6.404121e-02
848,8.633128e-17,-1.045257e-04,-1.194352e-05,5.137079e-04,2.404112e-02,2.671356e-01,1.165935e+00
849,7.099148e-17,-1.132891e-04,-3.603572e-06,5.201549e-04,-6.265867e-01,1.535326e+00,9.576619e+00
850,8.538276e-18,-1.203383e-04,-1.716868e-05,5.062830e-04,1.064188e-01,-5.685368e-01,1.425876e+01
851,1.430147e-18,-1.101579e-04,-1.327060e-05,5.036822e-04,-4.744489e-01,-1.527110e-02,6.821083e+00
852,2.405948e-18,-1.078071e-04,-1.796686e-05,5.171094e-04,5.917772e-02,-3.884438e-01,1.631697e+00
853,4.432912e-18,-1.101524e-04,-1.219211e-05,5.096351e-04,3.058459e-02,2.434896e-01,7.010225e+00
854,5.251108e-18,-1.187500e-04,-6.246738e-06,5.159322e-04,5.005187e-01,-2.295443e-01,5.006890e+00
855,5.195224e-18,-1.054673e-04,-3.902898e-06,5.201245e-04,2.273745e-02,1.637121e-02,5.208192e+00
856,2.209181e-16,-8.436516e-05,6.489934e-06,5.454257e-04,3.500416e-01,-9.163370e-02,1.131458e+01
857,3.206760e-17,-1.188070e-04,-1.161235e-07,5.357089e-04,-2.624576e+00,-4.186689e+00,2.684763e+01
858,2.067498e-16,-1.261185e-04,-1.154483e-05,5.438176e-04,-7.328066e-01,-3.417526e-01,1.160207e+01
859,2.579980e-18,-1.149078e-04,4.222836e-08,5.316241e-04,1.053326e+00,-4.559603e+00,2.794568e+01
860,7.805595e-18,-1.220921e-04,-5.489605e-06,5.370071e-04,3.310224e-01,4.775581e-02,7.200865e+00
861,5.892287e-17,-1.084976e-04,1.330088e-06,5.467166e-04,1.169812e+00,-8.671608e-01,7.092811e+00
862,4.696448e-17,-1.223537e-04,1.020889e-05,5.377896e-04,-3.434983e-01,-3.336595e-01,8.702328e+00
863,1.646543e-17,-1.088500e-04,1.352092e-05,5.346083e-04,2.213563e+00,2.247095e+00,9.230937e+00
864,1.545327e-16,-1.263398e-04,1.400669e-05,5.462187e-04,3.522487e-01,6.178058e-01,7.406029e+00
865,4.958505e-18,-1.039103e-04,7.409766e-06,5.307982e-04,-3.272793e-02,3.761687e-02,6.473114e+00
866,9.422160e-19,-1.031255e-04,2.347874e-06,5.341320e-04,4.044232e-02,-2.330428e-02,4.067329e+00
867,1.186826e-18,-1.078114e-04,1.797329e-05,5.416427e-04,1.950072e-04,7.503086e-02,2.856743e-01
868,3.770705e-18,-8.671804e-05,3.910715e-06,5.102100e-04,4.721358e-01,-8.735795e-01,6.175124e+00
869,5.328179e-17,-8.697005e-05,3.483819e-06,5.103300e-04,2.721586e-01,-8.750734e-01,6.029434e+00
870,9.792868e-19,-8.672343e-05,1.170723e-05,5.021389e-04,-5.893023e-01,-2.902376e-01,1.165672e+01
871,2.013434e-17,-8.754565e-05,1.132895e-05,5.127166e-04,-5.074488e-01,-4.805962e-01,1.819264e+01
872,1.909334e-17,-9.456047e-05,2.418650e-05,5.025244e-04,2.532745e-01,2.928277e+00,5.443773e+00
873,1.224510e-17,-9.176034e-05,1.622986e-05,5.050774e-04,-9.821747e-01,-2.990607e-01,3.138356e+00
874,1.526264e-18,-8.671898e-05,5.466434e-06,5.244225e-04,-5.831154e-02,1.166639e-01,5.781787e+00
875,1.912213e-17,-8.431639e-05,1.540574e-05,5.198198e-04,-2.439772e-01,-7.788255e-01,2.920583e+00
876,2.366321e-17,-7.602713e-05,1.336323e-05,5.268121e-04,2.800210e-01,1.550757e+00,3.814950e+00
877,3.756874e-16,-9.205822e-05,-4.443447e-06,5.286806e-04,1.338588e-01,-5.203411e-01,8.824042e+00
878,1.420311e-17,-8.236166e-05,-1.326810e-06,5.481500e-04,-6.357703e-01,-1.266073e-01,1.238905e+01
879,3.810637e-17,-8.973870e-05,2.997415e-06,5.362210e-04,1.975507e+00,-2.157063e-01,1.348096e+01
880,1.030822e-17,-7.560908e-05,1.810123e-05,5.481762e-04,2.563790e+00,-2.405597e-01,9.968677e+00
881,3.011967e-18,-7.812792e-05,3.899051e-09,5.381926e-04,8.716694e-03,-9.526930e-03,8.794519e+00
882,7.603484e-18,-7.810288e-07,-4.375023e-05,5.009477e-04,-2.471252e-01,-2.286467e-02,2.668680e+00
883,7.989848e-17,-3.836019e-07,-4.360441e-05,5.008493e-04,-3.117983e-01,7.053822e-02,2.475879e+00
884,1.782209e-18,-1.470789e-05,-2.828489e-05,4.892823e-04,-4.649770e-01,-1.205237e+00,1.305645e+01
885,2.326825e-16,-6.104371e-06,-2.622776e-05,4.962488e-04,6.815276e-01,3.337079e-01,9.015852e+00
886,4.608148e-17,-3.106735e-06,-2.758917e-05,4.810052e-04,2.289001e-01,-1.185426e+00,4.350763e+00
887,7.606155e-18,-1.300473e-05,-4.516008e-05,4.952653e-04,-2.764991e-01,1.298621e+00,4.900653e+00
888,2.369196e-18,-1.491928e-05,-2.668724e-05,4.854487e-04,8.669806e-01,8.312252e-01,9.200716e+00
889,5.665387e-18,-1.397674e-05,-3.115288e-05,5.016202e-04,-2.926756e+00,-3.977659e+00,2.313700e+01
890,2.137214e-18,-4.623014e-06,-2.998207e-05,4.923621e-04,-2.725000e-01,3.563528e-01,1.322929e+01
891,6.774485e-18,-1.396985e-05,-2.988565e-05,4.942483e-04,-1.546980e+00,-3.176876e+00,1.840758e+01
892,5.202780e-18,-1.249758e-05,-4.217547e-05,5.021610e-04,-6.722622e-02,-4.501899e-01,3.295177e+00
893,5.032491e-18,-5.471590e-06,-3.626484e-05,4.994060e-04,7.280478e-02,3.063353e-01,-1.855864e+00
894,2.539776e-18,-5.079218e-06,-3.007796e-05,4.865338e-04,4.084090e-01,5.001518e-02,6.920065e+00
895,2.027412e-18,-4.298056e-06,-2.929678e-05,4.872345e-04,-7.311606e-01,2.874455e-01,7.805293e+00
896,8.258478e-18,-1.440725e-05,-2.582372e-05,4.816657e-04,3.450422e-01,-1.133621e+00,1.010241e+01
897,9.038446e-19,-1.341099e-05,-2.596363e-05,4.771738e-04,2.001013e+00,2.456844e+00,6.525733e+00
898,9.626853e-19,-4.044713e-06,-2.617182e-05,4.769019e-04,8.812540e-01,2.364638e+00,3.132244e+00
899,1.569693e-18,-1.250616e-05,-4.842683e-05,4.779433e-04,-5.573702e-02,5.030998e-01,1.080283e-01
900,2.251014e-18,-2.460987e-05,-4.452589e-05,4.975356e-04,3.949653e-02,6.367612e-02,-2.573631e+00
901,2.209440e-17,2.235045e-06,-2.601815e-05,4.878424e-04,1.479360e-01,2.610801e+00,1.168836e+01
902,2.655557e-17,1.536732e-06,-3.750524e-05,4.797468e-04,-2.319891e-01,4.947272e-01,1.756603e+00
903,5.243827e-17,-1.300541e-05,-6.074072e-05,4.857437e-04,-5.610145e-01,1.049799e+00,8.438287e+00
904,5.514188e-19,-1.289236e-05,-6.992159e-05,4.775798e-04,1.926308e+00,2.268444e+00,5.685929e+00
905,4.572344e-18,7.856568e-07,-6.407215e-05,4.943741e-04,-8.990682e-01,4.716393e-01,9.684453e+00
906,4.667113e-17,-1.442292e-05,-6.895356e-05,4.813799e-04,-4.090220e-01,1.384846e+00,4.622331e+00
907,7.038920e-18,-1.465690e-05,-6.601093e-05,4.996225e-04,-7.921855e-01,-8.130865e-02,3.724372e+00
908,5.487657e-17,-2.453470e-06,-5.332840e-05,4.966468e-04,-1.541148e+00,-3.867110e-01,5.149289e+00
909,1.256438e-17,-1.760989e-05,-5.414523e-05,4.836916e-04,-2.465591e+00,8.712327e-01,1.700771e+00
910,3.253634e-17,-1.170984e-05,-6.208210e-05,4.986012e-04,2.318644e+00,-1.961506e+00,5.719763e+00
911,2.910512e-18,-1.171751e-05,-7.266279e-05,4.939849e-04,-1.962274e-02,4.125768e-02,3.589240e+00
912,1.257287e-18,-7.032660e-06,-7.265329e-05,4.935582e-04,-2.052428e-01,5.698585e-02,1.095445e+00
913,1.292963e-17,-2.423850e-05,-6.729730e-05,4.838231e-04,1.114000e-02,1.140953e-02,-9.692774e-01
914,4.194819e-18,-2.573551e-05,-5.423748e-06,4.995355e-04,8.753369e-02,-1.077067e-01,3.547186e+00
915,5.206608e-17,-9.528206e-06,-1.446009e-06,4.952852e-04,2.710452e+00,1.264133e+00,8.244880e+00
916,3.706010e-18,-7.849394e-06,-2.113723e-05,4.891553e-04,8.305112e-01,2.718065e-01,8.414683e+00
917,4.181218e-17,-1.989119e-05,-7.527166e-06,4.829502e-04,-2.435989e+00,1.409746e+00,2.251883e+00
918,1.147343e-16,-1.442313e-05,-1.210862e-05,5.038229e-04,-2.224644e-01,1.985319e+00,5.151613e+00
919,1.419034e-18,-1.562866e-05,-2.339088e-05,4.958854e-04,6.331320e-03,-8.656047e-01,5.217587e-01
920,5.157590e-18,-1.446113e-05,-4.688306e-06,4.868925e-04,1.664867e-01,-7.763670e-02,5.776867e+00
921,2.780524e-18,-3.904673e-06,-1.484511e-05,4.900613e-04,-3.686988e-02,-3.377965e-02,3.913183e+00
922,1.409345e-17,-4.871602e-06,-1.556621e-05,5.030030e-04,-1.780941e-01,1.963667e-01,8.213233e+00
923,3.310088e-18,-1.564888e-05,-2.343619e-05,4.853407e-04,3.739865e-02,6.165336e-01,2.758862e+00
924,2.557377e-17,-2.500024e-05,-1.455598e-05,4.765037e-04,-8.816726e-01,6.266467e-01,2.019338e+00
925,4.107936e-18,-2.344060e-06,-4.056208e-06,4.768354e-04,-8.721777e-02,-5.822185e-01,-2.263950e+00
926,5.230390e-18,-3.907326e-06,-1.484566e-05,4.771300e-04,-1.244696e-01,-6.396484e-02,-1.176762e-01
927,7.508771e-18,-7.813175e-06,-6.640552e-05,5.071457e-04,-1.692964e+00,-9.658058e-01,1.614912e+01
928,5.127334e-17,-7.665946e-06,-6.606562e-05,5.069126e-04,-1.599328e+00,-7.953683e-01,1.579962e+01
929,1.545863e-16,-3.914675e-06,-5.141236e-05,5.062964e-04,3.374762e-01,-7.572222e-01,6.624360e+00
930,9.492928e-18,-1.123852e-05,-7.300612e-05,5.116668e-04,5.601831e-01,-9.806252e-01,1.053777e+01
931,3.029076e-17,-1.719666e-05,-4.824173e-05,5.074448e-04,-1.285310e-01,1.636524e+00,6.420066e+00
932,5.109341e-17,-5.314776e-06,-5.266411e-05,5.169260e-04,6.940279e-01,1.293829e+00,7.920926e+00
933,4.154738e-18,-1.092982e-05,-5.468564e-05,5.059889e-04,-8.560848e-02,-1.057252e-01,5.569514e+00
934,1.120147e-18,-1.092770e-05,-5.468894e-05,5.129153e-04,-2.308640e-03,6.078616e-02,3.880082e+00
935,1.297076e-18,-1.327097e-05,-6.952991e-05,5.059851e-04,-8.244835e-01,3.526510e-01,5.889698e+00
936,3.507870e-18,-3.132040e-06,-6.328029e-05,5.124998e-04,2.367691e-01,-2.095200e-02,4.226037e+00
937,1.632317e-18,-1.171699e-05,-6.953703e-05,5.182926e-04,-2.363835e-01,-1.843595e-01,9.168284e+00
938,3.476003e-18,-2.188386e-05,-5.312436e-05,5.109805e-04,5.592831e-01,4.171303e-02,1.674193e+00
939,5.498350e-18,-1.326854e-05,-6.028610e-05,5.174890e-04,9.946052e-01,3.028157e+00,3.884367e+00
940,2.622372e-17,2.567855e-06,-2.039058e-04,4.610561e-04,-3.235643e-01,-4.027211e-01,-8.546351e+00
941,1.678737e-17,9.131085e-06,-2.201118e-04,4.788761e-04,1.419681e+00,2.584861e-01,6.559418e+00
942,2.923404e-18,2.029827e-05,-2.015357e-04,4.778143e-04,-5.798471e-01,6.223389e-01,3.557744e+00
943,4.771698e-19,9.765847e-06,-2.039052e-04,4.756097e-04,1.129663e-01,-1.512300e-01,2.082271e+00
944,8.919261e-18,-9.492192e-07,-2.190531e-04,4.874064e-04,3.065673e+00,-1.132029e+00,6.709272e+00
945,5.939268e-17,2.324036e-06,-2.127810e-04,4.908206e-04,1.739614e+00,1.335918e+00,5.727274e+00
946,1.035691e-16,-3.257348e-06,-2.092920e-04,4.921929e-04,-8.758525e-01,-1.133579e+00,1.116372e+01
947,4.638049e-17,3.367737e-06,-2.118071e-04,4.835069e-04,1.017450e+00,1.649307e+00,5.062236e+00
948,1.500410e-17,2.167192e-05,-2.040070e-04,4.888067e-04,1.393204e+00,-1.312005e+00,1.100508e+01
949,3.808890e-18,3.905641e-06,-2.179696e-04,5.009599e-04,5.266810e-01,-3.726522e-01,4.754844e+00
950,4.296983e-17,4.230249e-06,-2.175621e-04,5.013718e-04,6.138883e-01,-2.334980e-01,4.629945e+00
951,4.330573e-17,9.749603e-06,-2.058422e-04,4.917302e-04,4.810168e-01,1.090567e+00,7.745453e+00
952,2.636018e-18,7.032307e-06,-1.992180e-04,4.899814e-04,-2.943633e-01,-6.749842e-03,3.652932e+00
953,2.280032e-18,2.020994e-05,-2.023478e-04,4.835883e-04,-1.222373e-01,3.061130e-01,8.487757e+00
954,1.422602e-17,9.893178e-06,-2.218212e-04,4.989777e-04,7.084403e-01,-7.782232e-02,5.480034e+00
955,1.101562e-18,1.641170e-05,-2.093796e-04,4.943488e-04,3.693197e-01,1.939413e-01,2.670196e-01
956,5.409026e-18,1.563074e-05,-1.999955e-04,4.857118e-04,-1.817627e-01,9.694680e-02,4.116963e+00
957,1.409553e-17,8.377456e-06,-2.038205e-04,5.015711e-04,-1.926382e+00,-4.791721e-01,1.687936e+01
958,2.098084e-18,1.021218e-05,-2.070880e-04,4.987231e-04,-1.236092e+00,5.173103e-02,2.079584e+00
959,3.861368e-17,4.479832e-06,-2.272743e-04,4.878858e-04,1.890772e+00,-9.590363e-01,3.591995e+00
960,2.342107e-18,9.374617e-06,-2.086977e-04,4.847914e-04,3.960844e-02,-2.662165e-01,4.683135e+00
961,1.980323e-17,8.476714e-06,-2.015342e-04,4.828818e-04,-8.980715e-01,-1.962586e+00,2.116916e+00
962,4.515453e-17,2.395110e-05,-2.159427e-04,4.952662e-04,-1.247169e-02,1.465966e-02,-6.906179e-01
963,1.045104e-18,2.010952e-05,-2.063560e-04,4.888795e-04,4.032775e-01,1.033710e+00,-2.737493e+00
964,1.364333e-18,7.814810e-06,-2.210986e-04,4.857632e-04,2.485361e-01,3.269490e-01,1.747339e+00
965,8.342156e-19,1.004680e-05,-2.035161e-04,4.878704e-04,-1.017231e+00,-3.710986e-01,1.162583e+01
966,2.885316e-18,1.019397e-05,-2.040255e-04,4.845235e-04,-6.141482e-01,5.402744e-01,8.878805e+00
967,1.085511e-18,1.017918e-05,-2.042986e-04,4.814461e-04,4.521394e-02,-2.336053e-01,8.204130e+00
968,1.763673e-18,2.460934e-05,-2.164036e-04,4.830415e-04,-5.032252e-03,-5.291307e-02,-1.932924e+00
969,5.215373e-18,2.439170e-05,-2.241651e-04,4.832831e-04,5.577736e-02,-7.048277e-03,-1.509855e+00
970,7.040609e-18,2.436673e-05,-2.210922e-04,4.786616e-04,8.708525e-02,6.935701e-02,-1.716055e+00
971,3.460979e-17,3.951207e-06,-2.389351e-04,4.760596e-04,-9.668985e-01,-1.540541e+00,1.326662e-01
972,2.080818e-17,1.659565e-05,-2.320128e-04,4.780412e-04,2.176130e-01,4.280684e-01,4.209237e-02
973,6.492658e-19,1.523297e-05,-2.324201e-04,4.751347e-04,2.802647e+00,5.755171e-01,5.795088e-01
974,2.441028e-18,1.321056e-05,-2.352019e-04,4.768635e-04,-6.456788e-01,-6.151973e-01,-4.415164e-01
975,6.318794e-17,-7.079746e-06,-2.043955e-04,5.238060e-04,-7.555896e-01,2.940024e-01,4.984473e+00
976,7.306898e-17,-6.824149e-06,-2.259063e-04,5.277299e-04,3.441619e-01,1.286323e+00,1.137375e+01
977,7.190978e-18,-3.907268e-06,-2.124992e-04,5.419033e-04,1.470722e+00,7.623971e-01,7.574860e+00
978,1.711629e-16,-4.090156e-06,-2.127470e-04,5.405119e-04,1.091009e+00,4.372012e-01,7.557191e+00
979,3.185276e-17,-1.497416e-05,-2.196468e-04,5.338954e-04,5.003793e-01,1.873319e-01,1.039918e+01
980,6.402411e-19,-4.303017e-06,-2.007631e-04,5.400123e-04,-7.377252e-01,-6.528689e+00,1.092771e+01
981,1.332520e-16,2.935031e-06,-2.213638e-04,5.335207e-04,-1.337111e+00,3.037372e-01,5.693743e+00
982,4.711838e-18,-1.367154e-07,-2.250641e-04,5.496401e-04,-2.294041e-01,-5.132113e-01,1.537852e+01
983,2.909656e-17,-2.978812e-07,-2.251546e-04,5.378064e-04,2.532908e-01,3.940522e-01,5.645342e+00
984,5.053251e-18,-5.354025e-06,-2.078085e-04,5.446967e-04,5.457901e-02,-3.292803e-02,7.177600e+00
985,1.169622e-17,-1.783287e-05,-2.253576e-04,5.374447e-04,2.613641e-02,1.057659e+00,2.072353e+00
986,4.275831e-18,-9.398084e-06,-2.210626e-04,5.291216e-04,-4.290542e-02,3.191066e-02,3.516027e+00
987,1.224180e-18,-1.953300e-05,-2.148521e-04,5.409168e-04,-7.215201e-02,-2.517443e-02,9.492620e-01
988,9.949758e-19,-1.953581e-05,-2.148442e-04,5.446268e-04,1.499443e-01,-3.318797e-02,4.829610e-01
989,3.648755e-18,5.470497e-06,-1.945298e-04,5.270739e-04,1.750844e+00,4.673126e-01,1.953811e+01
990,1.333991e-16,4.993304e-06,-1.953416e-04,5.302356e-04,2.143868e+00,8.774739e-02,1.580008e+01
991,1.248404e-16,1.298971e-05,-1.732682e-04,5.268862e-04,3.258290e-01,-1.722076e-01,6.179926e+00
992,3.080628e-16,2.529148e-06,-1.756574e-04,5.345305e-04,2.058169e-01,8.541590e-01,7.439129e+00
993,3.052497e-17,2.020311e-05,-1.881687e-04,5.412142e-04,1.703566e+00,-1.432371e+00,9.271905e+00
994,1.434747e-17,5.069911e-06,-1.841995e-04,5.325275e-04,3.612676e-01,-7.349601e-01,7.003325e+00
995,3.485530e-17,3.950335e-06,-1.985223e-04,5.483278e-04,2.973690e+00,-1.033672e+00,1.142683e+01
996,5.807425e-18,7.032593e-06,-1.835876e-04,5.485218e-04,-6.322076e-01,-6.914940e-02,6.388660e+00
997,5.371813e-18,1.573570e-05,-1.921884e-04,5.476448e-04,2.224821e+00,3.205052e-02,5.832287e+00
998,8.334491e-17,6.781097e-06,-2.140091e-04,5.479167e-04,5.894959e-02,-1.567473e+00,7.006744e+00
999,3.589954e-17,3.740963e-06,-2.198661e-04,5.261969e-04,2.730622e+00,-1.216196e+00,9.080532e+00
1000,1.604995e-17,5.478548e-06,-2.049628e-04,5.346893e-04,-1.502813e-01,1.042618e-01,1.113254e+01
1001,8.408466e-17,2.210902e-05,-2.104925e-04,5.396261e-04,9.181050e-01,-9.342204e-03,6.014610e+00
1002,1.263386e-18,1.406047e-05,-2.156224e-04,5.267084e-04,6.565736e-02,3.588206e-02,4.203271e+00
1003,2.246352e-17,1.454576e-05,-2.160486e-04,5.427700e-04,2.892783e-01,2.007311e-01,1.079799e+01
1004,3.607676e-18,1.634895e-05,-2.093792e-04,5.321322e-04,-4.398512e-02,-9.558005e-02,5.087537e+00
1005,4.846205e-18,1.016554e-05,-2.250029e-04,5.319305e-04,2.124976e-02,-8.071146e-02,2.029099e+00
1006,1.956506e-16,-4.646683e-06,-1.803542e-04,5.211570e-04,7.369468e-01,5.662824e-01,6.871986e+00
1007,2.096591e-16,4.025720e-06,-1.979425e-04,5.085977e-04,9.578597e-01,4.327477e-01,1.056700e+01
1008,1.172615e-16,-1.537165e-06,-1.908769e-04,5.233210e-04,2.686433e-01,-1.115027e+00,1.227003e+01
1009,5.375752e-17,-2.252508e-05,-1.831901e-04,5.138677e-04,-1.354347e+00,1.312417e-01,3.299237e+00
1010,7.274933e-18,-2.671226e-06,-1.906247e-04,5.064661e-04,2.060339e+00,1.126459e-01,1.499726e+01
1011,1.144044e-17,-2.020804e-05,-1.901174e-04,5.228366e-04,-3.340385e-01,-9.589008e-02,3.467100e+00
1012,3.195579e-18,-9.371271e-06,-1.812585e-04,5.064249e-04,-2.169794e-01,-1.150863e-01,5.782399e+00
1013,3.752762e-17,-1.078482e-05,-1.883713e-04,5.152291e-04,-2.472861e-01,5.135202e-01,4.709052e+00
1014,4.102145e-18,-3.127641e-06,-1.843542e-04,5.098274e-04,-6.742540e-02,-6.926086e-02,6.483647e+00
1015,3.845540e-18,-1.088363e-05,-1.914033e-04,5.085127e-04,-3.473822e-01,3.371645e-01,3.218333e+00
1016,3.397597e-18,-9.381432e-06,-1.953167e-04,5.094460e-04,5.395605e-03,1.679748e-01,3.518780e-01
1017,9.224617e-18,-1.249824e-05,-1.819860e-04,5.278460e-04,-2.106116e-01,3.991083e-01,4.459625e+00
1018,6.404653e-18,-1.207598e-05,-1.781461e-04,5.131460e-04,5.113713e-01,2.713876e-01,1.078470e+00
1019,3.758516e-17,3.144795e-06,-2.490054e-04,5.456442e-04,-2.436501e-01,-8.917329e-03,5.797905e+00
1020,1.885480e-17,-1.368585e-06,-2.435478e-04,5.355715e-04,-6.184015e-01,-2.104717e+00,2.637256e+01
1021,1.094931e-17,-7.029657e-06,-2.440084e-04,5.410459e-04,7.315143e-01,4.915426e-01,1.061280e+01
1022,8.845103e-17,-6.952636e-06,-2.442932e-04,5.412871e-04,6.759474e-01,1.818542e-01,1.008707e+01
1023,2.018964e-17,-2.310129e-06,-2.418432e-04,5.278695e-04,2.161324e+00,-2.490949e+00,1.488623e+01
1024,1.464004e-18,-9.371870e-06,-2.421879e-04,5.267295e-04,-7.254624e-02,7.674401e-02,5.569215e+00
1025,1.811545e-17,-1.602720e-05,-2.466952e-04,5.255143e-04,3.248299e-01,-6.748286e-01,4.194611e+00
1026,3.881450e-17,-1.431678e-06,-2.490079e-04,5.337908e-04,1.578341e-01,-2.943517e-02,5.243103e+00
1027,2.168814e-17,-1.737486e-05,-2.431375e-04,5.436514e-04,-5.203516e-01,-1.996753e+00,7.067815e+00
1028,7.071421e-17,9.517123e-06,-2.389110e-04,5.490814e-04,-5.645704e-01,-1.242943e+00,2.023036e+01
1029,4.496692e-18,1.015662e-05,-2.312501e-04,5.250620e-04,1.107736e-01,7.167655e-02,1.623180e+01
1030,8.584227e-18,1.258524e-05,-2.313007e-04,5.373437e-04,9.183576e-01,4.413543e-02,2.135231e+01
1031,1.913678e-16,1.348255e-05,-2.374648e-04,5.237814e-04,1.100802e+00,-3.508409e-01,1.344513e+01
1032,2.546505e-18,1.015594e-05,-2.312567e-04,5.309048e-04,-3.639480e-01,-5.629931e-02,1.762717e+01
1033,8.974294e-18,1.248798e-05,-2.394042e-04,5.374948e-04,5.003679e-01,-3.127516e+00,1.839967e+01
1034,2.153682e-17,1.336981e-05,-2.452596e-04,5.315875e-04,1.618677e+00,-2.225814e+00,1.016243e+01
1035,3.423085e-18,1.173039e-05,-2.312469e-04,5.449979e-04,4.640629e-02,2.200016e-01,2.209237e+01
1036,9.459328e-19,1.230177e-05,-2.386722e-04,5.316961e-04,2.871334e-01,-1.522567e+00,1.038413e+01
1037,9.350346e-18,4.449809e-06,-2.359381e-04,5.319335e-04,1.053944e+00,2.598726e-02,6.490178e+00
1038,2.747338e-18,2.453076e-05,-2.492945e-04,5.379836e-04,1.549245e+01,-1.040709e+00,1.030513e+01
1039,2.117641e-18,1.485232e-05,-2.496100e-04,5.386348e-04,3.624539e-02,-6.849828e-02,6.631544e+00
1040,1.520783e-18,1.094397e-05,-2.445267e-04,5.357189e-04,3.813501e-02,-6.528874e-02,4.046245e+00
1041,2.806042e-18,1.639993e-05,-2.398308e-04,5.465856e-04,-7.312934e-01,1.017362e+00,7.120747e+00
1042,3.470382e-18,1.719166e-05,-2.461001e-04,5.361203e-04,9.158043e-03,2.490621e-02,6.448819e+00
1043,7.689326e-19,-3.103265e-06,-2.269534e-04,4.724977e-04,2.426582e-01,3.372556e+00,-3.572466e+00
1044,4.593134e-18,-1.477406e-05,-2.390797e-04,4.767634e-04,-2.134027e-02,6.705013e-01,2.667947e+00
1045,3.211631e-18,-1.572096e-05,-2.335101e-04,4.775114e-04,-3.090864e-01,1.734367e-01,9.334227e-02
1046,2.515588e-19,-1.523194e-05,-2.332023e-04,4.740493e-04,-6.894562e-01,-1.252889e+00,-3.007824e+00
1047,2.364453e-19,-1.523378e-05,-2.339841e-04,4.748258e-04,-1.351673e+00,-9.635386e-02,-2.357784e+00
1048,7.725143e-19,-1.445403e-05,-2.378909e-04,4.720534e-04,-1.373792e+00,7.367718e-01,-3.759716e+00
1049,5.116026e-17,-2.892746e-06,-2.407908e-04,4.967869e-04,4.835964e-02,-8.526497e-01,1.490248e+01
1050,2.349662e-17,-8.424116e-06,-2.273985e-04,4.879787e-04,9.674770e-01,6.967605e-02,4.913267e+00
1051,3.570740e-18,-3.130551e-06,-2.342959e-04,4.858896e-04,-1.088878e-01,7.637754e-01,5.829342e+00
1052,1.797093e-17,-1.200520e-05,-2.341622e-04,4.869167e-04,3.233677e+00,6.109422e-01,7.779706e+00
1053,2.468311e-17,-1.150835e-05,-2.402134e-04,4.891718e-04,2.337891e+00,3.479317e-01,1.096227e+01
1054,2.309140e-17,-6.223876e-06,-2.319141e-04,4.897771e-04,-5.521809e-01,4.920529e-01,5.645443e+00
1055,4.930940e-18,-3.125116e-06,-2.359394e-04,4.958054e-04,-8.756040e-03,-1.918517e-01,1.186461e+01
1056,1.576397e-18,-2.338446e-06,-2.496095e-04,4.892071e-04,-5.598549e-01,-5.518411e-03,4.509887e+00
1057,1.198233e-17,-8.885316e-06,-2.444000e-04,4.960413e-04,1.411567e+00,-2.068046e+00,2.562565e+00
1058,2.073439e-17,-2.425548e-05,-2.370727e-04,4.862943e-04,-4.731068e-02,-8.341438e-01,2.540072e-01
1059,2.402870e-19,-1.211257e-05,-2.496114e-04,4.904444e-04,3.793904e-01,-2.780872e-01,-5.016185e+00
1060,1.507999e-18,-3.125880e-06,-2.359274e-04,5.021273e-04,9.670518e-02,-1.266363e-01,1.403227e+01
1061,3.040600e-18,-1.325348e-05,-2.406122e-04,4.853434e-04,2.621254e+00,-1.919134e-01,1.254556e+01
1062,5.478684e-19,-3.133631e-06,-2.316406e-04,4.795234e-04,-3.810089e-01,-7.221135e-01,-7.395737e-01
1063,1.249168e-18,-1.483024e-05,-2.398545e-04,4.818597e-04,-2.414164e-02,-1.214853e+00,7.056830e+00
1064,2.700831e-18,-1.173107e-05,-2.445609e-04,5.025077e-04,-9.587577e-02,3.344047e-01,2.680193e+00
1065,1.285255e-18,-1.484724e-05,-2.336267e-04,4.818626e-04,-1.285093e+00,6.339182e-01,4.837306e+00
1066,4.332407e-18,-1.641650e-05,-2.426747e-04,5.012418e-04,-7.512609e-02,-8.975899e-01,-1.474933e+00
1067,2.702978e-18,-4.628552e-06,-2.398026e-04,4.831539e-04,1.836416e+00,-2.296033e-02,1.677335e+00
1068,5.894299e-18,-1.406297e-05,-2.246661e-04,5.005371e-04,-2.227446e-01,1.264988e+00,5.071985e-01
1069,7.934750e-18,-2.436271e-05,-2.455766e-04,4.986668e-04,6.015863e-03,-1.651097e-02,-1.525320e+00
1070,7.469535e-18,-2.434814e-05,-2.304419e-04,4.896294e-04,1.567643e-02,6.903426e-04,-1.705858e+00
1071,5.477110e-17,-4.588147e-06,-2.195219e-04,5.022533e-04,9.185449e-01,-1.418132e+00,1.080858e+01
1072,4.326511e-17,-7.278065e-06,-2.162892e-04,4.942157e-04,1.318835e+00,-2.653088e+00,1.439039e+01
1073,3.213233e-17,-1.296491e-05,-2.181782e-04,4.954806e-04,4.443919e-01,2.930229e-01,3.553035e+00
1074,7.309555e-18,-1.028016e-05,-2.033663e-04,5.004619e-04,-7.391097e-03,2.071067e+00,3.795877e+00
1075,2.663079e-18,-1.322831e-05,-2.031791e-04,4.938135e-04,-4.954570e-01,-1.458475e+00,-1.475889e+00
1076,1.063342e-18,-4.897672e-06,-2.162170e-04,4.791433e-04,3.344334e+00,2.622178e-01,4.181323e+00
1077,1.528108e-17,-2.421822e-05,-2.046869e-04,4.908568e-04,1.162284e-03,2.565398e-02,-7.079073e-01
1078,1.209047e-17,-7.042122e-06,-2.169681e-04,4.859982e-04,7.021388e-01,-3.270348e+00,1.251790e+01
1079,4.901471e-18,-8.601669e-06,-2.203063e-04,4.952272e-04,-9.450796e-01,-4.344226e-01,1.344628e+00
1080,2.606520e-18,-4.803423e-06,-2.125594e-04,4.955553e-04,-9.539977e-02,5.813484e-01,1.815876e-01
1081,5.777484e-17,-2.362240e-05,-2.045408e-04,4.909335e-04,5.658634e-03,4.786532e-02,-6.003145e-01
1082,2.158911e-18,-2.735308e-06,-2.070604e-04,4.791705e-04,1.954344e+00,3.705168e-01,4.891134e+00
1083,1.292538e-17,-2.425256e-05,-2.195468e-04,4.963676e-04,2.441072e-02,-2.021917e-02,-1.145331e+00
1084,4.734804e-19,-4.297141e-06,-2.160147e-04,4.763955e-04,3.605194e+00,-1.012029e+00,5.030186e-01
1085,2.923680e-19,-4.296357e-06,-2.167964e-04,4.756202e-04,4.560661e+00,-2.229139e+00,1.395366e-01
1086,2.859311e-19,-1.952881e-06,-2.058597e-04,4.764013e-04,1.706186e+00,2.523866e+00,-5.711498e-01
1087,3.578684e-18,2.764524e-08,8.618040e-06,4.764547e-04,9.432130e-03,-3.533963e-02,-1.830497e+00
1088,1.431212e-17,-1.374657e-05,2.061026e-05,4.746433e-04,3.045383e-01,-3.836107e-01,1.517440e+00
1089,1.459891e-18,-1.887592e-05,1.262107e-05,4.742158e-04,-2.017457e+00,-1.074053e+00,2.119801e-01
1090,1.378264e-17,-1.590866e-05,5.765540e-06,4.785299e-04,-1.532313e+00,-4.366922e+00,4.812056e+00
1091,8.841348e-19,-1.885441e-05,1.367153e-05,4.761422e-04,-2.758732e+00,7.968795e-01,2.634060e+00
1092,3.399931e-18,-1.333430e-05,3.152675e-06,4.775000e-04,1.449045e-01,-6.648541e-01,8.165685e-01
1093,3.151177e-19,-1.835767e-05,1.445403e-05,4.771727e-04,-2.076935e+00,7.850370e-01,3.998394e+00
1094,1.139176e-17,-4.192715e-05,4.948315e-06,5.009554e-04,1.841239e+00,8.998428e-02,6.792489e+00
1095,1.833322e-16,-4.112128e-05,2.738463e-06,4.996846e-04,6.841811e-01,4.379377e-01,8.444013e+00
1096,5.610457e-17,-3.579579e-05,3.420732e-06,5.022987e-04,-7.570992e-01,-6.190160e-01,6.774350e+00
1097,7.174088e-17,-4.347054e-05,1.241856e-05,4.901761e-04,-6.702656e-01,-5.150199e-02,3.850502e+00
1098,2.312970e-17,-4.809404e-05,3.081672e-06,4.784461e-04,2.651197e+00,-2.536768e+00,1.664920e+00
1099,1.538646e-18,-4.529769e-05,8.625312e-06,4.849839e-04,2.472600e-01,7.569796e-01,3.188163e+00
1100,4.939271e-18,-4.218059e-05,1.170291e-05,4.811486e-04,-6.114722e-01,-6.243562e-01,1.963751e+00
1101,3.385154e-18,-3.437267e-05,7.029204e-06,4.946959e-04,6.216432e-02,-4.666933e-02,5.947420e+00
1102,3.054568e-18,-3.361544e-05,1.560818e-06,4.900156e-04,-5.559862e-01,-4.633013e-02,2.791739e+00
1103,1.092914e-18,-3.515116e-05,1.484480e-05,4.826322e-04,-3.360488e-01,-2.438550e-01,2.164416e+00
1104,5.724508e-18,-2.485700e-05,1.406612e-05,4.833905e-04,2.993015e-01,1.480017e-01,1.916484e+00
1105,1.207259e-18,-3.515712e-05,1.483710e-05,4.888871e-04,-2.367700e-01,2.061329e-01,3.591531e-01
1106,1.962850e-18,-3.837585e-05,1.875686e-05,5.023355e-04,-6.156023e-01,1.824278e-01,1.770966e+00
1107,4.253892e-18,-3.046994e-05,8.593603e-06,4.865631e-04,1.154242e-01,1.218237e-01,-1.364033e+00
1108,2.594261e-17,-3.459052e-05,2.408110e-05,4.827526e-04,2.336061e-02,1.929655e-02,-1.006274e+00
1109,1.228949e-16,-1.627679e-05,6.959660e-06,4.923200e-04,1.402889e-01,-1.370207e+00,1.139797e+01
1110,7.830266e-18,-1.711991e-05,1.024232e-05,4.826454e-04,2.201278e+00,-1.232513e+00,7.963872e+00
1111,9.078912e-17,-6.967789e-06,2.401237e-05,4.975597e-04,-1.275790e-01,-4.617864e-01,4.095438e+00
1112,2.548420e-17,-1.608914e-05,1.551117e-05,4.870981e-04,2.523741e+00,-1.249873e+00,9.787508e+00
1113,2.483600e-18,-6.259981e-06,2.577920e-05,4.837378e-04,7.590300e-01,1.489557e-01,7.835967e-01
1114,3.981931e-19,-1.289115e-05,3.517385e-06,4.818467e-04,-1.436556e+00,1.853722e-01,6.751642e+00
1115,1.054861e-17,-1.249832e-05,8.976719e-06,5.009760e-04,-9.012358e-02,3.027958e+00,1.561973e+01
1116,1.947187e-17,-1.120620e-05,2.619377e-05,4.875729e-04,1.217104e+00,1.916413e+00,2.227779e+00
1117,3.716669e-18,-1.861839e-05,1.511172e-05,4.797248e-04,-1.815132e+00,4.840625e-01,5.129107e+00
1118,2.235634e-17,-3.396117e-06,1.126499e-05,4.875541e-04,3.761644e-01,4.612447e-01,4.365870e-01
1119,2.110219e-17,3.187759e-07,2.370318e-05,4.948277e-04,2.463881e-01,5.181098e-01,1.667330e+00
1120,2.965746e-18,-7.814278e-06,1.875378e-05,4.954142e-04,-1.849698e-02,-2.363560e-01,-1.184007e+00
1121,1.026399e-17,-5.952522e-06,1.602083e-05,4.836467e-04,2.464608e-01,-4.984263e-01,1.374916e+00
1122,1.251467e-18,-5.424552e-06,1.959444e-05,4.982122e-04,4.756772e-02,9.294793e-01,-2.160692e+00
1123,1.516922e-18,-2.267560e-05,1.719402e-05,4.865384e-04,-2.466493e-01,1.411045e-02,-3.075408e+00
1124,1.650705e-16,-1.496517e-05,5.850936e-06,5.147417e-04,2.425538e+00,-9.171437e-01,1.208647e+01
1125,4.258451e-17,-6.664107e-06,1.462711e-05,5.154506e-04,2.486683e+00,5.950604e+00,2.051849e+01
1126,6.412414e-18,-2.181800e-05,1.009037e-05,5.097439e-04,1.179466e-01,-1.583778e+00,1.274436e+01
1127,3.415937e-18,-1.087460e-05,1.049515e-05,5.103514e-04,9.439436e-01,3.775636e-01,1.847628e+01
1128,1.834352e-18,-1.554345e-05,1.098829e-05,5.074049e-04,-1.436062e-01,2.372899e-01,1.595658e+01
1129,6.792616e-17,-2.687005e-05,1.356600e-06,5.166510e-04,1.745038e-01,-1.386722e-02,9.002328e+00
1130,2.914114e-19,-1.523371e-05,3.513222e-06,5.212970e-04,1.068232e-01,-5.452529e+00,6.516029e+00
1131,1.133237e-17,-1.622436e-05,1.593237e-05,5.121356e-04,-4.345801e-01,-2.890710e+00,-5.080064e-01
1132,2.935364e-17,-1.249555e-05,1.561642e-05,5.179601e-04,1.700381e-01,-3.337653e-01,5.932436e+00
1133,2.411971e-19,-1.601471e-05,1.132821e-05,5.036498e-04,2.530824e-01,-1.129247e+00,1.238941e+01
1134,5.754583e-18,-1.039501e-05,8.642129e-06,5.037775e-04,1.374029e+00,1.942397e+00,6.221916e+00
1135,3.462653e-17,-1.728950e-05,1.866409e-06,5.254584e-04,2.453026e-01,2.829330e-01,4.870725e+00
1136,3.100420e-18,-1.171696e-05,7.813572e-06,5.269718e-04,3.097468e-02,2.270184e-01,4.226557e+00
1137,6.922719e-18,-2.542755e-05,1.638497e-05,5.152684e-04,-1.396795e+00,6.729132e-01,6.672322e-01
1138,3.813193e-18,-4.917486e-05,-1.531295e-06,5.129094e-04,-1.525525e-01,3.253644e-01,8.997163e+00
1139,1.203663e-17,-4.966355e-05,-1.559404e-06,5.056557e-04,-2.381203e-02,-3.261669e-02,1.031650e+01
1140,4.526385e-16,-4.944438e-05,1.838914e-06,5.264894e-04,1.732949e-02,-6.425018e-02,9.652729e+00
1141,5.471749e-17,-4.940551e-05,-4.411095e-06,5.089628e-04,-5.991163e-01,1.411933e+00,7.856167e+00
1142,1.030651e-18,-4.908660e-05,-1.391194e-06,5.197789e-04,3.188300e-02,5.242424e-01,1.170791e+01
1143,3.484445e-17,-4.200272e-05,-9.478223e-06,5.026706e-04,-4.365160e-01,3.450840e-01,1.327927e+01
1144,1.353300e-18,-4.335905e-05,-7.143044e-07,5.155149e-04,-1.621268e+00,9.669397e-01,1.548548e+01
1145,5.327469e-18,-4.531233e-05,-9.370543e-06,5.228566e-04,1.435667e-02,-5.860973e-01,1.857493e+01
1146,5.033624e-18,-3.436435e-05,-1.795345e-05,5.006463e-04,3.072455e-01,-4.970277e-01,8.456671e+00
1147,1.265759e-17,-3.514558e-05,-1.405977e-05,5.239769e-04,-9.103562e-02,1.622565e-01,1.306610e+01
1148,3.745505e-17,-2.499923e-05,-9.684506e-06,5.143241e-04,-8.886866e-01,8.417036e-01,7.438929e+00
1149,5.537070e-18,-4.686966e-05,-8.634680e-06,5.081132e-04,-8.713179e-01,-8.993072e-01,1.274213e+01
1150,1.149597e-17,-3.437214e-05,-1.857065e-05,5.201829e-04,-1.126066e-01,5.789794e-01,1.561292e+01
1151,1.614023e-18,-4.153782e-05,-9.096261e-07,5.080828e-04,1.676089e+00,-1.193185e-01,7.366967e+00
1152,1.263341e-16,-2.500254e-05,-9.991909e-06,5.144574e-04,-9.118209e-02,6.556838e-01,7.101396e+00
1153,2.646486e-18,-3.752521e-05,-1.592602e-06,5.078416e-04,1.225232e+00,-1.522548e+00,1.651817e+01
1154,1.083845e-17,-3.432219e-05,-1.264060e-05,5.109710e-04,6.663764e-02,5.623575e-01,1.062637e+01
1155,3.274124e-18,-3.436219e-05,-1.795713e-05,5.117955e-04,2.971766e-01,-4.262395e-01,1.167522e+01
1156,4.277122e-18,-3.435318e-05,-1.853693e-05,5.259841e-04,7.175783e-03,-5.149871e-01,1.556319e+01
1157,1.489553e-18,-3.436475e-05,-1.173622e-05,5.028960e-04,5.176553e-03,2.521580e-01,8.195620e+00
1158,2.354460e-17,-4.539349e-05,-1.807864e-05,5.214876e-04,2.286544e+00,5.733082e-01,5.300649e+00
1159,1.237318e-18,-4.141080e-05,-8.565817e-06,5.152269e-04,2.969800e-02,1.466185e+00,6.929698e+00
1160,1.203707e-18,-4.218621e-05,-1.796039e-05,5.098664e-04,1.913915e-01,-5.390151e-01,-9.701021e-02
1161,1.674803e-17,-2.510818e-05,-7.528195e-06,5.235237e-04,-1.967001e-01,-2.117012e-01,8.672114e+00
1162,6.232875e-18,-3.201584e-05,-3.469635e-06,5.054368e-04,-1.050844e-02,2.544968e-01,6.046662e+00
1163,2.618734e-18,-4.618532e-05,-8.510909e-06,5.033253e-04,-8.924326e-01,-1.165203e-01,1.139502e+01
1164,2.991005e-18,-4.842389e-05,-1.173596e-05,5.125053e-04,-5.069215e-01,-2.554162e-01,8.213123e-01
1165,4.857595e-19,-3.983764e-05,-1.601925e-05,5.021369e-04,-1.336038e-01,-4.726513e-02,-1.410862e+00
1166,3.244024e-17,-4.429599e-05,1.065617e-05,5.146695e-04,8.530823e-01,-3.425135e-01,1.130460e+01
1167,3.781423e-17,-3.425714e-05,1.502971e-05,5.081111e-04,3.404961e-01,6.315771e-02,6.147930e+00
1168,3.992984e-17,-3.543426e-05,3.629307e-06,5.166450e-04,-6.418930e-03,-1.650421e-01,2.428330e+00
1169,7.393687e-18,-3.283699e-05,1.325431e-05,5.123002e-04,6.394946e-02,-3.173116e-02,3.588405e+00
1170,2.459649e-17,-4.612349e-05,2.579014e-06,5.445438e-04,-4.946166e+00,2.140194e+00,3.176369e+01
1171,5.156283e-16,-3.548068e-05,-7.978593e-06,5.331666e-04,-3.109408e-01,2.910515e-01,1.223726e+01
1172,5.888889e-18,-4.593681e-05,2.108306e-06,5.393721e-04,-5.208051e+00,1.718525e+00,3.087866e+01
1173,5.944303e-17,-3.139001e-05,5.077379e-06,5.350956e-04,5.345122e-02,1.110595e-01,5.253785e+00
1174,3.322322e-17,-2.400249e-05,-2.469926e-05,5.379124e-04,-6.764460e+00,-3.375289e+00,1.481098e+01
1175,6.908205e-19,-4.283811e-05,-5.338315e-06,5.415401e-04,5.352996e-01,5.096409e-01,1.284697e+01
1176,6.178813e-18,-3.498831e-05,-1.640226e-05,5.482300e-04,-4.296054e-01,-2.179427e-01,1.806451e+01
1177,5.082017e-18,-3.437325e-05,-2.187650e-05,5.326385e-04,-7.215055e-02,-7.067562e-02,1.692108e+01
1178,9.265086e-18,-3.280332e-05,-1.551518e-06,5.307218e-04,6.091303e-02,-2.128532e+00,1.058037e+01
1179,2.858505e-18,-2.576926e-05,-6.247712e-06,5.366996e-04,1.594493e-02,1.708435e-01,7.810497e+00
1180,1.021533e-17,-2.425380e-05,-5.858401e-06,5.489304e-04,-3.177976e-01,1.706737e-01,1.342002e+01
1181,4.460253e-17,-5.167730e-05,-5.112496e-06,5.484777e-04,1.683326e+00,-5.857862e-01,1.477923e+01
1182,2.807454e-18,-4.452581e-05,-6.245730e-06,5.485971e-04,8.320001e-01,3.039988e-03,1.503244e+00
1183,1.048474e-18,-3.358339e-05,-1.172561e-05,5.497042e-04,4.437650e+00,-2.609799e+00,2.371703e+01
1184,3.049418e-18,-3.827302e-05,1.873734e-05,5.278316e-04,-4.257167e-02,-9.247871e-01,7.089792e+00
1185,3.868869e-17,-4.541434e-05,1.294751e-05,5.360125e-04,-3.682445e-01,2.029049e-01,6.667736e+00
1186,4.484745e-18,-3.281234e-05,1.328239e-05,5.295210e-04,-6.909156e-02,8.899960e-02,7.482963e+00
1187,1.296571e-18,-3.828450e-05,1.876312e-05,5.416105e-04,-5.744787e-03,2.829524e-01,3.623053e+00
1188,1.166571e-18,-4.139339e-05,1.642665e-05,5.371602e-04,-3.439233e-01,-1.607432e-01,3.328676e+00
1189,2.267407e-18,-3.827871e-05,1.871547e-05,5.345470e-04,4.488256e-02,3.448145e-01,2.855590e+00
1190,2.494250e-18,-3.593939e-05,4.686803e-06,5.381308e-04,-1.158127e-01,-1.035581e-01,1.639097e+00
1191,3.174297e-18,-4.451549e-05,3.067988e-06,5.473032e-04,4.045392e-01,-9.310025e-02,3.159946e+00
1192,1.433241e-17,-1.015410e-05,1.406048e-05,5.426700e-04,1.703989e+00,1.162378e+00,7.842816e+00
1193,6.577065e-18,-1.560800e-05,9.592689e-06,5.439065e-04,1.964628e-02,4.419109e-02,2.730394e+01
1194,1.257835e-16,-1.008544e-05,-2.074276e-06,5.330162e-04,-1.513617e-01,4.405823e-01,6.354973e+00
1195,4.288138e-18,-1.565076e-05,9.411467e-06,5.282663e-04,2.108820e-02,1.335559e+00,1.699686e+01
1196,7.586215e-17,-9.745291e-06,1.427812e-05,5.427808e-04,1.796318e+00,9.726428e-01,7.684210e+00
1197,3.647148e-17,-2.239124e-05,2.661475e-05,5.466567e-04,1.292862e+00,2.659831e+00,8.053565e+00
1198,3.776362e-17,-3.162280e-06,1.716043e-05,5.475083e-04,-4.010185e-01,1.134676e+00,6.506052e+00
1199,1.229791e-18,-2.344272e-05,9.378986e-06,5.437360e-04,2.065246e-02,9.865362e-03,7.480022e+00
1200,8.330906e-18,-1.796559e-05,4.387235e-06,5.489218e-04,5.560100e-02,9.522899e-02,1.281101e+01
1201,4.972349e-18,-7.810060e-06,1.951076e-05,5.281864e-04,-2.563893e-02,-5.050543e-01,7.014689e+00
1202,2.523129e-18,-1.171053e-05,7.818833e-06,5.330634e-04,1.619193e-01,-1.945653e-02,3.112862e+00
1203,1.254556e-18,-1.875317e-05,1.563749e-05,5.415716e-04,-5.526650e-03,-9.704561e-03,-1.841819e+00
1204,1.819653e-17,-7.830976e-07,-4.841106e-06,5.400615e-04,-7.661119e-01,2.490637e+00,1.371449e+01
1205,1.124551e-16,-8.352571e-07,-4.817355e-06,5.402300e-04,-8.004026e-01,2.281407e+00,1.341385e+01
1206,2.877214e-17,1.244870e-06,-1.866736e-05,5.341226e-04,-8.624037e-01,1.947438e-01,1.432113e+01
1207,2.119528e-17,-1.483984e-05,-1.522710e-05,5.248670e-04,9.740961e-01,-4.298186e-01,3.203155e+00
1208,8.784286e-17,-1.656214e-05,-6.161841e-06,5.377369e-04,-1.806763e-01,-6.118676e-02,4.283737e+00
1209,2.549749e-18,-9.429296e-06,-1.721410e-05,5.359888e-04,-3.515961e-01,-1.358761e-01,1.197202e+01
1210,1.393838e-17,1.851889e-07,-2.655426e-05,5.461934e-04,6.642125e-01,-2.208065e-01,7.384267e+00
1211,2.115263e-18,-1.376618e-05,-1.015450e-05,5.333593e-04,-4.706444e-01,-9.622423e-02,7.201186e+00
1212,5.934010e-18,-1.068761e-05,-1.952587e-05,5.312920e-04,1.880055e+00,-3.225902e-03,4.542448e+00
1213,1.378263e-18,-1.874817e-05,-1.874953e-05,5.378410e-04,5.678836e-02,7.811126e-02,1.761846e+00
1214,2.100872e-18,7.800850e-07,-9.375058e-06,5.477357e-04,-2.531019e-02,3.250485e-02,4.420727e-02
1215,8.732266e-19,2.084413e-04,2.123207e-05,4.756032e-04,4.017004e-02,-5.747204e-01,2.005194e+00
1216,2.791316e-19,2.214844e-04,3.906003e-07,4.732803e-04,3.851234e-01,1.024511e+00,-2.771535e+00
1217,2.600081e-17,2.212319e-04,1.094570e-05,4.758440e-04,1.012501e+00,1.781166e+00,1.248629e+00
1218,2.995234e-18,2.054915e-04,1.719123e-05,4.752487e-04,1.395558e-01,5.837715e-01,5.879649e-01
1219,2.454781e-18,2.125213e-04,1.015528e-05,4.751455e-04,1.619018e-01,5.203803e-03,-1.278197e+00
1220,4.015268e-17,2.116600e-04,-6.575653e-06,4.784725e-04,4.324000e-01,2.149822e+00,1.735779e+00
1221,1.669951e-18,2.125111e-04,-7.961322e-06,4.737668e-04,-8.662771e-01,-8.020003e-01,-1.067933e+00
1222,6.827039e-17,2.036858e-04,1.497826e-05,4.882577e-04,-3.041739e-01,-6.709555e-01,5.013937e+00
1223,5.119994e-17,2.220350e-04,1.475200e-05,4.989024e-04,-4.552537e-01,1.013672e+00,2.542287e+00
1224,1.085957e-16,2.105688e-04,-2.353945e-05,4.958876e-04,-1.609408e-02,2.875398e-02,-5.447617e-01
1225,1.427193e-16,2.051642e-04,7.872022e-06,5.037638e-04,-1.800846e+00,7.026430e-01,8.732597e+00
1226,2.998385e-18,2.140802e-04,1.562784e-05,5.001656e-04,-2.969135e-01,3.650049e-01,1.026200e+01
1227,5.407403e-17,2.136200e-04,1.215542e-05,4.939283e-04,7.067477e-01,3.623875e-01,9.722985e+00
1228,8.157801e-17,2.192411e-04,9.019973e-06,4.875719e-04,-6.488016e-01,-5.982777e-01,4.754534e+00
1229,4.996029e-17,2.028444e-04,5.507213e-06,4.842835e-04,-1.600017e-01,-7.434133e-01,2.004793e+00
1230,1.593213e-18,2.125826e-04,1.007679e-05,4.817251e-04,-8.700536e-01,-6.640924e-01,3.077420e+00
1231,3.848216e-18,2.129275e-04,1.010911e-05,4.869966e-04,4.791789e-02,3.714075e-01,7.676395e+00
1232,1.225913e-17,2.087649e-04,2.117157e-05,4.820340e-04,-3.963531e-01,6.256296e-01,4.222981e+00
1233,1.209907e-17,2.225969e-04,2.402629e-05,5.028561e-04,-1.178725e+00,5.598721e+00,2.178347e+00
1234,5.112189e-19,2.210849e-04,8.202493e-06,5.013493e-04,-2.071613e-02,1.525302e-01,-1.064884e+00
1235,2.589814e-18,2.062500e-04,2.460969e-05,4.833600e-04,1.854499e-01,2.511764e-04,-2.261828e+00
1236,2.029468e-17,2.195984e-04,-1.478513e-05,4.878311e-04,2.214395e-01,-4.442721e-01,3.847227e+00
1237,1.900289e-17,2.050815e-04,-1.644023e-05,4.833343e-04,-1.239390e+00,-1.485446e-01,2.328281e+00
1238,2.139581e-18,2.156338e-04,-1.652352e-05,4.818604e-04,1.046743e-01,-9.162159e-02,-1.566642e+00
1239,7.530304e-18,2.117189e-04,-3.127925e-06,5.019301e-04,3.146732e-02,7.590148e-02,2.951313e+00
1240,2.208827e-18,2.147280e-04,-1.494987e-05,4.795177e-04,3.639870e-01,-1.323994e-01,-7.890725e-01
1241,1.222225e-18,2.070214e-04,-1.015488e-05,4.857609e-04,4.408948e-01,-6.762615e-02,6.103428e-01
1242,3.026060e-17,1.535805e-04,-7.762215e-06,4.807015e-04,-4.197492e-01,5.922572e-01,5.471743e-01
1243,3.295159e-18,1.640615e-04,-1.406503e-05,4.775652e-04,-5.207248e-03,1.294562e-01,1.036226e+00
1244,1.087666e-18,1.655356e-04,1.115888e-05,4.748258e-04,-1.578808e-01,-2.448764e+00,-8.906886e-01
1245,2.439791e-17,1.506696e-04,5.709938e-06,4.764856e-04,5.406058e-01,-1.007603e+00,-6.658959e-01
1246,2.079344e-18,1.608541e-04,1.769964e-05,4.749748e-04,8.470102e-01,1.345771e+00,-9.476632e-01
1247,1.693218e-17,1.685783e-04,2.005527e-05,4.792190e-04,-9.546001e-01,-1.609610e-02,2.120892e+00
1248,2.444788e-19,1.621092e-04,3.906091e-07,4.740602e-04,3.778577e-01,5.888859e-01,-4.128742e+00
1249,3.090034e-18,1.531169e-04,3.917911e-06,4.760126e-04,-1.010109e+00,5.876478e-01,1.801315e-01
1250,1.003713e-17,1.493744e-04,1.350491e-05,4.896188e-04,2.874738e+00,-6.238302e-01,1.159756e+01
1251,7.618290e-18,1.601557e-04,3.906265e-06,4.908293e-04,-4.755255e-01,5.657842e-01,4.281531e+00
1252,9.934128e-17,1.604470e-04,3.283856e-06,4.902817e-04,-1.064608e-01,5.497610e-01,5.874988e+00
1253,2.290807e-18,1.492246e-04,-4.809561e-06,4.988071e-04,4.036689e-01,-1.482553e-01,9.182286e+00
1254,2.605634e-17,1.622228e-04,-8.613951e-06,4.872062e-04,-2.788406e+00,-2.223714e-01,1.748009e+01
1255,6.391604e-18,1.579623e-04,-1.712759e-05,4.977164e-04,-1.680212e+00,-1.779019e+00,1.810516e+01
1256,2.786125e-18,1.632743e-04,-1.407040e-05,4.977839e-04,-1.473089e+00,-1.613526e-01,1.226993e+01
1257,1.065037e-18,1.523623e-04,-1.563229e-05,4.834067e-04,-4.609439e-02,-5.078410e-02,-2.417292e-01
1258,2.054042e-17,1.509897e-04,-1.952965e-06,5.003152e-04,-2.574080e-01,9.865284e-01,7.180196e+00
1259,2.041967e-18,1.703097e-04,-1.864686e-05,5.011781e-04,-8.239232e-02,2.013535e-01,7.460933e+00
1260,1.432852e-17,1.686665e-04,-2.426445e-05,4.994272e-04,-1.042433e-01,2.501103e-01,1.573419e+00
1261,2.636915e-17,1.578309e-04,-1.403675e-05,4.868913e-04,2.118919e-01,-2.544281e-01,1.087298e+01
1262,1.235508e-16,1.587200e-04,-1.480560e-05,5.047004e-04,-3.723423e-01,-4.658384e-01,1.789131e+01
1263,2.937541e-18,1.632627e-04,-1.407122e-05,4.924722e-04,3.547237e-01,-1.019243e-02,7.652763e+00
1264,5.049775e-18,1.609372e-04,-4.688173e-06,5.013374e-04,4.612388e-02,6.143793e-03,4.007496e+00
1265,3.411829e-18,1.632799e-04,-1.562864e-06,4.993726e-04,1.202682e-02,-6.459104e-02,4.173440e-01
1266,7.440331e-18,1.632739e-04,-1.404933e-05,4.845045e-04,1.729786e-01,-7.463390e-02,4.143494e+00
1267,3.255910e-18,1.546712e-04,-2.328315e-06,4.916358e-04,-4.885904e-01,2.133296e-01,-1.049450e+00
1268,1.751495e-18,1.710915e-04,-1.407025e-05,4.904393e-04,-1.530180e-01,-3.745915e-01,-8.903919e-01
1269,2.305393e-17,1.500453e-04,1.646510e-05,4.963709e-04,2.382781e+00,2.824573e+00,1.413813e+01
1270,3.367902e-17,1.607313e-04,2.042033e-05,4.847821e-04,2.515724e-01,1.280374e+00,7.070629e+00
1271,7.629915e-18,1.570548e-04,1.015828e-05,4.956278e-04,-1.701816e-01,-8.780688e-03,5.228292e+00
1272,2.069714e-17,1.660148e-04,1.592442e-05,4.876487e-04,-1.183242e+00,-4.386637e-01,5.955382e+00
1273,1.711540e-18,1.571477e-04,1.016252e-05,4.863062e-04,-1.054338e-01,4.379519e-02,3.696946e+00
1274,2.595812e-17,1.542234e-04,3.112121e-06,4.900502e-04,-1.845404e-02,-1.516155e+00,6.017238e+00
1275,1.442548e-18,1.492096e-04,1.639765e-05,5.013746e-04,1.980984e-01,-1.696657e-02,2.119125e+00
1276,5.478666e-18,1.514211e-04,3.904948e-06,5.013417e-04,3.442993e-01,5.648028e-01,1.176162e+01
1277,4.334942e-17,1.628551e-04,7.555312e-06,4.872599e-04,1.297267e-01,-2.407320e+00,3.392868e+00
1278,2.394814e-18,1.531800e-04,3.871999e-06,4.800362e-04,-1.005524e-01,-3.750551e-01,9.367759e-01
1279,1.197783e-18,1.718753e-04,1.405048e-05,4.873156e-04,-7.322534e-02,2.494906e-01,-2.527576e-01
1280,2.179474e-18,1.554926e-04,7.167526e-06,4.894478e-04,4.147272e-01,1.396030e+00,1.289308e-01
1281,8.147640e-19,1.618765e-04,3.909070e-07,4.860064e-04,-9.188383e-02,4.999441e-01,8.627249e+00
1282,2.024881e-18,1.609403e-04,1.815018e-05,4.792741e-04,-6.428050e-01,-1.178960e+00,3.050678e+00
1283,1.037821e-18,1.621095e-04,3.908948e-07,4.822302e-04,-2.553517e-01,6.569358e-01,5.857517e+00
1284,4.339485e-18,1.625016e-04,1.172301e-05,4.803022e-04,4.411040e-01,-2.397045e-01,1.225088e+00
1285,2.463229e-19,1.613281e-04,1.172473e-06,4.787416e-04,3.303866e-01,-3.752155e-01,2.412738e+00
1286,6.276069e-19,1.585923e-04,2.460938e-05,4.920309e-04,-1.304479e-01,1.544505e-01,-1.753685e+00
1287,1.060736e-17,1.541270e-04,2.427664e-05,4.836912e-04,-6.471803e-02,-2.330098e-02,-1.186934e+00
1288,2.533944e-17,1.624560e-05,1.523603e-04,4.760942e-04,9.769702e-01,-1.526882e+00,-1.233805e+00
1289,1.695784e-18,5.745807e-06,1.710201e-04,4.768651e-04,4.190618e-01,6.553700e-02,1.379899e+00
1290,1.295513e-18,-1.930614e-05,1.373043e-04,4.731056e-04,-4.228991e-01,-1.547451e+00,-3.774127e+00
1291,1.383334e-18,-1.856682e-05,1.471183e-04,4.777453e-04,-2.787919e-01,2.747442e+00,7.123889e+00
1292,2.636993e-17,-6.339632e-06,1.518545e-04,4.772080e-04,1.414610e+00,2.102456e+00,-3.579044e-01
1293,1.307170e-18,-6.816947e-06,1.302399e-04,4.761864e-04,6.233087e-02,-1.132135e+00,-1.506321e+00
1294,2.931283e-18,-1.094075e-05,1.398410e-04,4.767329e-04,-3.484685e-01,-6.480587e-02,4.187856e-01
1295,4.868857e-18,-1.015903e-05,1.565678e-04,4.775665e-04,-8.791472e-02,-2.038191e-01,-9.801777e-01
1296,4.620471e-17,-1.800092e-05,1.512379e-04,4.803053e-04,-3.579506e-01,-1.842400e-01,4.997387e+00
1297,6.689105e-18,-2.262236e-06,1.710597e-04,4.769465e-04,-4.655457e+00,-4.889438e-01,-1.092455e-01
1298,3.055585e-18,-6.249034e-06,-1.000018e-04,4.768508e-04,6.836814e-01,-5.812321e-01,1.939668e-01
1299,2.385515e-19,-1.171963e-06,-5.820309e-05,4.678112e-04,-3.786116e+00,-2.332953e+00,-8.935631e+00
1300,2.074371e-17,5.984693e-06,-5.002216e-05,4.716085e-04,2.145677e-01,-1.107635e+00,8.006353e-01
1301,1.667166e-18,1.042857e-05,-5.507680e-05,4.710060e-04,-2.801955e-01,-1.131209e+00,1.541929e+00
1302,6.449246e-19,9.765692e-06,-4.996246e-05,4.670184e-04,7.841407e-01,1.533377e-01,-9.161991e+00
1303,1.250490e-18,1.022593e-05,-5.429720e-05,4.689793e-04,8.355842e-01,8.590402e-01,-4.228009e+00
1304,1.751342e-18,8.551065e-06,-5.062892e-05,4.704007e-04,-1.838752e+00,1.178884e-02,-2.454528e+00
1305,8.680665e-17,-8.215717e-05,-9.324025e-06,5.392384e-04,-3.735721e-01,4.778435e-01,7.808949e+00
1306,2.797666e-17,-9.054633e-05,-2.367616e-05,5.446150e-04,-1.189844e-01,-7.769856e+00,1.068607e+01
1307,1.382910e-18,-8.984845e-05,-1.484633e-05,5.431250e-04,1.032906e-01,1.226513e-02,1.078512e+01
1308,3.444390e-18,-8.750027e-05,-1.171895e-05,5.405137e-04,1.567362e-02,2.030423e-02,1.310184e+01
1309,2.818759e-18,-8.750253e-05,-1.171630e-05,5.480003e-04,2.202470e-02,-9.685784e-02,1.356961e+01
1310,4.610735e-17,-9.096177e-05,-4.148984e-06,5.440387e-04,1.887820e-01,1.456205e+00,4.126348e+00
1311,4.402025e-18,-8.359572e-05,-4.691573e-06,5.282375e-04,2.428135e-02,-5.537859e-02,5.189739e+00
1312,1.410460e-18,-9.687645e-05,-9.382550e-06,5.408483e-04,6.268091e-03,1.090586e-01,3.656043e+00
1313,2.563799e-18,-7.968938e-05,-1.797365e-05,5.300057e-04,-4.396675e-03,-3.331724e-01,8.426338e-01
1314,1.914395e-17,-9.749567e-05,-2.057182e-05,5.056459e-04,-1.866032e-01,-7.180771e-01,2.029693e+01
1315,5.416783e-17,-8.733165e-05,-1.179862e-05,5.151589e-04,4.085142e-02,6.447511e-01,1.000081e+01
1316,1.143859e-18,-9.842573e-05,-1.250880e-05,5.013642e-04,-2.913478e-01,-5.864224e-02,-2.185667e+00
1317,1.341328e-17,-8.178299e-05,-1.680254e-05,5.044811e-04,-1.258857e+00,-6.684312e-01,5.563088e+00
1318,1.109238e-18,-8.672221e-05,-4.686786e-06,5.175119e-04,-3.033198e-02,-6.564351e-03,7.545073e+00
1319,3.385231e-17,-7.841635e-05,-1.245494e-05,5.219169e-04,7.716420e-02,5.128172e-01,6.206403e+00
1320,2.651366e-18,-9.681616e-05,-2.426613e-05,5.103615e-04,3.330372e-01,-6.955074e+00,1.773118e+01
1321,5.024753e-18,-7.499969e-05,-1.405330e-05,5.029287e-04,1.072003e-01,1.176572e-01,5.971659e+00
1322,3.979847e-18,-7.831463e-05,-1.174674e-05,5.048913e-04,7.217662e-02,4.463209e-01,4.148532e+00
1323,3.061448e-18,-9.219600e-05,-1.484496e-05,5.209659e-04,4.439115e-02,-5.125509e-01,7.120253e+00
1324,5.039824e-18,-7.500254e-05,-1.812260e-05,5.036296e-04,-9.327544e-02,-5.042396e-01,1.546045e+00
1325,6.057918e-18,-9.175460e-05,-1.406721e-05,5.056360e-04,4.500398e-01,2.483347e-01,5.975403e+00
1326,1.099201e-17,-9.687328e-05,-2.034572e-05,4.995610e-04,-8.805880e-02,-4.085348e-01,1.761729e+01
1327,2.334284e-18,-9.142479e-05,-1.796978e-05,5.025165e-04,6.442782e-02,-3.396025e-02,1.218765e+00
1328,4.582804e-18,-7.108879e-05,-1.426622e-05,5.317469e-04,6.212173e-02,-3.385870e+00,1.513720e+01
1329,3.890990e-18,-7.111736e-05,-1.588530e-06,5.290605e-04,2.421959e-02,-8.277023e-02,7.433949e+00
1330,3.313471e-18,-5.468449e-05,-2.029738e-05,5.471742e-04,4.946229e-02,3.802217e-01,6.315970e+00
1331,4.353773e-18,-7.109196e-05,-1.565402e-06,5.340901e-04,6.914021e-03,-9.467988e-02,3.461218e+00
1332,1.567926e-18,-7.109433e-05,-1.562645e-06,5.392812e-04,2.822219e-01,-2.624037e-02,1.727283e+00
1333,3.382927e-18,-5.318204e-05,-9.339856e-06,5.468174e-04,-3.302577e-02,5.614552e-01,9.435247e-01
1334,4.257793e-17,-5.935745e-05,-4.243329e-06,5.116119e-04,2.866295e-01,-1.042699e+00,1.133983e+01
1335,1.383016e-17,-6.188674e-05,7.803365e-07,5.137532e-04,-3.273628e+00,3.400445e-03,2.298857e+00
1336,7.034097e-18,-7.102556e-05,-1.257889e-05,5.221763e-04,7.776208e-01,-3.897337e+00,1.405924e+01
1337,1.184921e-18,-5.234770e-05,-1.172378e-05,5.205843e-04,-2.089779e-01,-3.888818e-01,-5.414819e-01
1338,2.566397e-18,-5.235415e-05,-1.171338e-05,5.039966e-04,-6.311209e-01,-1.662992e-01,7.934154e-01
1339,1.873951e-16,-6.761527e-05,7.921221e-06,5.352176e-04,-7.963071e-01,6.672321e-01,6.472272e+00
1340,5.079282e-17,-5.701105e-05,1.030730e-05,5.302048e-04,1.131193e+00,3.671147e-02,2.635584e+01
1341,7.571782e-18,-6.015302e-05,1.129754e-05,5.475314e-04,2.148157e-02,-1.045107e+00,7.944964e+00
1342,2.216108e-18,-6.870897e-05,1.722525e-05,5.480668e-04,1.581419e-02,-2.223313e-02,7.001533e+00
1343,3.301953e-18,-7.274583e-05,1.182336e-05,5.342719e-04,-3.731514e-01,1.978495e-01,3.761702e+00
1344,4.445872e-18,-6.874860e-05,1.718492e-05,5.444951e-04,3.651123e-02,-9.938053e-02,7.449105e+00
1345,4.283832e-18,-6.745348e-05,5.958794e-06,5.496828e-04,-6.771875e-01,-8.274136e-01,1.582298e+01
1346,1.000366e-18,-6.171817e-05,2.109623e-05,5.423953e-04,1.602022e-01,5.717003e-01,-9.141621e-01
1347,1.158196e-16,-5.775056e-05,6.163620e-06,5.077942e-04,5.002545e-01,-4.007124e-01,1.124206e+01
1348,3.246781e-18,-5.859718e-05,9.353984e-06,5.194813e-04,-1.800828e-01,-1.297168e+00,2.209135e+01
1349,3.151498e-18,-6.484210e-05,1.246079e-05,5.240944e-04,-4.110598e+00,-1.507974e-01,1.297604e+01
1350,3.833066e-18,-5.853120e-05,9.392757e-06,5.165547e-04,9.965528e-01,-6.516365e-02,2.159732e+01
1351,2.365738e-18,-6.874569e-05,1.717337e-05,5.118001e-04,1.829548e-02,2.913788e-01,4.250467e+00
1352,1.775957e-17,-6.405552e-05,4.550757e-06,5.167561e-04,3.791053e-01,-3.920460e-01,3.639206e+00
1353,1.447463e-18,-6.054656e-05,8.591252e-06,5.240268e-04,1.161967e+00,-6.150122e-01,8.089989e+00
1354,6.950799e-18,-6.874661e-05,9.767660e-06,5.067884e-04,1.322550e-01,-8.693846e-01,2.667332e+00
1355,3.709128e-17,1.294529e-05,-1.738274e-04,4.928440e-04,-3.668704e-01,-4.569022e-01,2.978016e+00
1356,1.371240e-18,6.971373e-06,-1.757121e-04,4.801581e-04,9.547038e-01,6.030357e-01,4.492391e-01
1357,2.671264e-17,-1.237535e-05,-1.742353e-04,4.792036e-04,1.030458e+00,-5.037158e-03,1.304120e+00
1358,2.517188e-17,3.637562e-06,-1.803104e-04,5.004415e-04,-7.661878e-01,1.057336e+00,8.542736e+00
1359,6.833022e-17,4.869358e-06,-1.922666e-04,4.985091e-04,5.231494e-01,1.103969e+00,7.339413e+00
1360,3.353505e-18,2.031234e-05,-1.984220e-04,4.923563e-04,-2.323023e-01,6.322286e-01,8.376780e+00
1361,1.451932e-18,2.030357e-05,-1.984582e-04,4.974705e-04,-8.327176e-02,-1.499996e-01,1.047619e+01
1362,7.262115e-17,1.259458e-05,-1.889003e-04,4.839331e-04,-3.358019e-01,-3.976999e-01,3.018822e+00
1363,3.698841e-18,5.470219e-06,-1.812489e-04,4.939515e-04,1.514522e-02,9.300853e-03,7.468182e+00
1364,2.823781e-17,1.770115e-05,-1.805383e-04,4.838620e-04,-2.617042e-01,1.204637e+00,-6.770959e-01
1365,3.235110e-18,6.250637e-06,-1.960914e-04,4.798523e-04,3.381645e-02,-1.059378e-01,6.592680e-01
1366,3.566306e-18,1.093742e-05,-1.843744e-04,4.955219e-04,-5.415673e-02,-1.652951e-03,1.933235e+00
1367,3.499151e-18,6.988703e-06,-1.914501e-04,4.860465e-04,7.507970e-02,3.878727e-02,1.675529e+00
1368,2.573770e-18,2.026498e-05,-1.976086e-04,4.891139e-04,-3.290853e-01,7.716773e-01,7.707194e+00
1369,2.697739e-18,2.030691e-05,-1.976457e-04,4.830005e-04,2.388277e-02,4.401496e-01,4.734039e+00
1370,4.202457e-18,2.030586e-05,-1.976635e-04,4.779355e-04,2.809809e-01,1.475943e-01,2.327649e+00
1371,2.410957e-17,2.408614e-05,-1.808183e-04,4.973571e-04,-2.830070e-02,3.654197e-03,-9.235808e-01
1372,1.037771e-17,2.428560e-05,-1.867442e-04,4.835777e-04,-4.115023e-02,1.411207e-03,-1.314933e+00
1373,9.057366e-17,-5.074264e-06,-1.821948e-04,4.891060e-04,6.073719e-01,1.915055e-01,1.197702e+01
1374,9.919030e-18,-5.594061e-06,-1.924898e-04,4.968618e-04,-1.105569e-01,2.126329e+00,1.111792e+01
1375,1.701463e-18,-7.035856e-06,-1.982963e-04,4.878670e-04,4.674336e-02,-2.385439e+00,5.230921e+00
1376,2.732240e-18,-1.564150e-06,-1.960812e-04,4.924816e-04,-6.449613e-02,-2.706549e-02,4.601231e+00
1377,4.592341e-17,-2.405194e-05,-1.808940e-04,4.940069e-04,-1.151023e-01,1.220624e-01,1.439516e+00
1378,1.407171e-18,-7.040185e-06,-1.952789e-04,4.966805e-04,-3.165258e-01,3.432234e-01,4.279982e+00
1379,1.158005e-18,-1.554651e-06,-1.961133e-04,4.982300e-04,-6.255372e-02,9.073690e-02,6.014312e+00
1380,1.364427e-17,-7.456478e-06,-1.877842e-04,4.795066e-04,1.557117e+00,-7.737139e-01,6.214152e-01
1381,2.858935e-17,-2.342558e-05,-1.905760e-04,4.825311e-04,-2.139169e+00,-3.538002e-01,2.024381e-01
1382,3.816977e-18,-3.875116e-06,-1.887769e-04,4.774474e-04,-8.691955e-02,-5.535755e-01,1.244082e-01
1383,2.203812e-17,-2.412862e-05,-1.953961e-04,4.973247e-04,4.383599e-03,2.374610e-02,-1.075382e+00
1384,7.562698e-18,5.468879e-06,-1.601566e-04,5.017319e-04,3.433947e-01,2.846218e-02,2.473873e+00
1385,9.663565e-17,5.125047e-06,-1.601625e-04,5.022334e-04,3.904212e-01,6.693894e-02,2.824770e+00
1386,1.045209e-17,1.302206e-05,-1.549487e-04,4.881992e-04,-1.237020e-01,-3.101681e+00,1.408963e+01
1387,1.067307e-16,9.887964e-06,-1.680672e-04,4.898958e-04,-6.434224e-01,-4.956074e-01,7.765585e+00
1388,3.455539e-17,2.401172e-05,-1.686912e-04,4.990918e-04,-3.075216e-02,1.313286e-02,-8.890424e-01
1389,6.243386e-17,1.403676e-05,-1.577978e-04,4.980228e-04,5.148036e-01,-1.346135e+00,2.708101e+00
1390,6.890648e-18,3.902018e-06,-1.656252e-04,4.948312e-04,7.193416e-02,-2.277856e-02,8.356907e+00
1391,2.140439e-17,-1.362041e-06,-1.641656e-04,4.911653e-04,-1.452251e+00,-1.408902e+00,5.200585e+00
1392,3.264206e-18,7.771119e-07,-1.593889e-04,4.822273e-04,2.757595e-01,-2.944527e-01,5.180747e+00
1393,5.584777e-19,1.211030e-05,-1.660149e-04,4.869102e-04,-1.371618e+00,-2.420892e+00,1.274135e+01
1394,4.537662e-18,7.963547e-06,-1.649082e-04,4.749233e-04,-1.707437e-01,1.123900e+00,-1.024341e+01
1395,3.990365e-17,-1.202256e-05,-1.618567e-04,4.992264e-04,8.251250e-01,-4.902535e-01,5.173571e+00
1396,3.056237e-17,-2.402148e-05,-1.574780e-04,4.817714e-04,-3.317322e-02,3.160827e-02,-7.526967e-01
1397,2.021932e-17,-3.582618e-06,-1.641086e-04,4.809352e-04,9.019443e-02,-5.498303e-01,2.062880e+00
1398,5.768818e-19,-1.011434e-05,-1.628909e-04,4.912305e-04,-1.279520e+00,5.735055e-01,1.008205e+01
1399,3.238836e-17,-1.411490e-05,-1.593794e-04,4.806664e-04,5.028768e-01,-6.793265e-01,2.268135e+00
1400,2.378554e-19,-9.765972e-06,-1.652347e-04,4.943456e-04,1.054979e-01,-1.706618e+00,1.446769e+01
1401,1.827810e-18,-1.001622e-05,-1.618475e-04,4.859061e-04,-1.387627e+00,8.524103e-01,8.668415e+00
1402,4.053050e-17,-1.131340e-05,-1.688510e-04,5.041069e-04,-5.895912e-01,-3.166843e+00,1.534846e+01
1403,7.345783e-18,-1.061949e-05,-1.617337e-04,4.813906e-04,6.177026e-02,8.273743e-01,6.734559e+00
1404,1.252382e-18,-5.463956e-06,-1.695309e-04,4.912192e-04,1.736625e-01,-1.212530e-01,8.488154e-01
1405,3.047656e-18,-1.487036e-05,-1.711894e-04,5.011408e-04,2.841902e-01,1.150794e-01,1.992101e+00
1406,3.046549e-18,-1.010771e-05,-1.633464e-04,4.878573e-04,-9.334632e-01,-3.789719e-01,8.129847e+00
1407,2.967278e-18,-1.487722e-05,-1.694870e-04,4.822261e-04,-3.288732e-01,-6.646319e-01,8.891067e+00
1408,2.796720e-18,-3.923889e-06,-1.695334e-04,4.822123e-04,5.726626e-01,1.494585e-01,1.049722e-01
1409,1.102503e-17,-2.426935e-05,-1.695205e-04,4.901703e-04,1.412309e-02,-1.225110e-02,-1.194596e+00
1410,1.351938e-18,3.900054e-06,5.859080e-05,5.259472e-04,-7.193260e-02,4.869255e-03,3.139669e+00
1411,9.127538e-17,-1.556377e-05,4.780897e-05,5.229442e-04,9.125766e-01,-6.663534e-01,6.466434e+00
1412,3.257006e-18,-6.270821e-06,5.394392e-05,5.009391e-04,-3.143434e-01,6.916550e-01,4.021589e+00
1413,1.681105e-17,-1.474781e-05,7.267679e-05,5.074558e-04,1.361025e-01,2.598965e+00,4.565004e+00
1414,1.368421e-17,4.235006e-07,6.996739e-05,5.209236e-04,-2.165704e-01,9.631013e-01,4.702257e+00
1415,1.920099e-17,-1.706370e-05,6.563988e-05,5.059153e-04,3.320413e-01,1.644884e+00,7.001742e+00
1416,3.453684e-18,-1.091866e-05,4.920621e-05,5.048017e-04,6.890062e-01,3.311233e-01,1.197667e+01
1417,2.844496e-17,-8.782414e-06,6.290005e-05,5.118704e-04,1.933943e-01,-1.564008e+00,4.186439e+00
1418,1.952685e-18,-1.007952e-05,4.928513e-05,5.089263e-04,1.420795e-02,-5.441795e-01,8.047376e+00
1419,3.200266e-17,-1.589806e-05,5.808093e-05,5.067625e-04,1.010932e+00,-5.978812e-01,1.208246e+00
1420,1.659498e-18,-6.240693e-06,5.078279e-05,5.128734e-04,-3.958071e-01,-4.581769e-01,5.709175e+00
1421,8.381901e-19,-7.153095e-06,5.404302e-05,5.128926e-04,-6.360297e-01,-3.640145e-01,2.272911e+00
1422,1.263997e-18,-2.428615e-06,6.475998e-05,5.184065e-04,1.619467e-02,-2.047192e-01,9.092676e-01
1423,6.432995e-18,-3.901054e-06,5.311841e-05,5.025116e-04,4.492869e-01,-2.808443e-01,1.548544e+00
1424,2.019509e-17,1.614324e-05,5.474126e-05,5.084677e-04,-1.540760e+00,1.451910e+00,1.076793e+01
1425,1.482780e-16,7.195659e-06,4.850418e-05,5.017851e-04,-5.665334e-01,-6.851973e-01,4.822706e+00
1426,3.559936e-17,6.862602e-06,6.986728e-05,5.031019e-04,-2.274386e+00,1.357579e+00,1.979191e+01
1427,6.008191e-17,1.732419e-05,7.029579e-05,5.135022e-04,-1.345938e-01,1.707119e+00,6.933892e+00
1428,7.523759e-18,7.032299e-06,5.859318e-05,5.032811e-04,-7.047361e-01,-3.781381e-01,4.324004e+00
1429,7.848618e-17,6.720894e-06,5.886306e-05,5.034882e-04,-4.867620e-01,-2.876355e-01,4.137353e+00
1430,3.846055e-18,1.556422e-05,7.187709e-05,5.215701e-04,-1.100657e+00,1.106516e-01,5.635433e+00
1431,2.913056e-18,1.327707e-05,6.091747e-05,5.203045e-04,1.975813e-01,3.722209e-01,6.255938e+00
1432,3.516644e-18,7.018678e-06,5.859052e-05,5.194575e-04,-2.245833e+00,8.036556e-02,2.936802e+00
1433,1.104722e-18,-1.552463e-05,4.006150e-05,5.266997e-04,9.264959e-01,-2.871354e+00,2.171771e+01
1434,1.848531e-16,-1.027052e-05,3.180617e-05,5.197807e-04,-2.913442e-01,6.507605e-01,6.962687e+00
1435,2.727492e-17,-4.810744e-06,4.632750e-05,5.207640e-04,-4.831134e-01,-2.817490e-01,1.939638e+01
1436,4.210609e-18,-1.080443e-05,4.763164e-05,5.077122e-04,1.190176e+00,6.817840e-02,1.364641e+01
1437,1.277170e-18,-1.174768e-05,4.450990e-05,5.175178e-04,1.226294e+00,2.113052e+00,1.670990e+01
1438,3.058316e-18,6.894600e-09,3.515846e-05,5.154818e-04,3.248931e-01,1.782552e-01,9.778013e+00
1439,1.410113e-17,-4.330071e-06,4.609179e-05,5.033198e-04,7.452612e-01,-9.376643e-02,1.219803e+01
1440,1.454542e-18,-4.672680e-06,4.610215e-05,5.136454e-04,-3.167533e-01,-2.271524e-01,1.569545e+01
1441,8.303702e-18,-1.301675e-05,3.479907e-05,5.097389e-04,-1.696668e-01,-2.532945e+00,3.533722e+00
1442,4.883035e-18,-1.367522e-05,3.983960e-05,5.156278e-04,5.784833e-01,-1.971677e-01,5.048755e+00
1443,4.980302e-19,-2.226260e-05,4.451415e-05,5.036786e-04,1.454942e-01,-2.154341e-01,1.571689e-01
1444,1.635184e-18,-7.024828e-06,4.062175e-05,5.213531e-04,-1.739379e-01,-7.515841e-02,4.812871e+00
1445,2.622961e-19,-1.914192e-05,3.164330e-05,5.151856e-04,-4.952392e-01,3.056262e-01,4.695521e-02
1446,3.279327e-17,8.787882e-06,6.045288e-05,4.901373e-04,-4.821074e-01,-7.316178e-01,8.578914e+00
1447,1.314421e-17,1.694535e-05,5.513918e-05,4.997116e-04,-7.497717e-01,-2.010071e+00,4.594941e+00
1448,8.341722e-18,4.334914e-06,7.029081e-05,4.822526e-04,-8.578286e-02,1.740371e-01,7.629021e+00
1449,7.843256e-18,1.718340e-05,5.414015e-05,4.958916e-04,-1.503554e-01,6.432102e-01,7.855244e+00
1450,8.780772e-18,3.398541e-06,7.267521e-05,4.766371e-04,-1.394671e+00,2.468799e+00,3.994116e+00
1451,2.979975e-18,1.016514e-05,6.014784e-05,4.814278e-04,5.847411e-01,-1.594510e-01,4.755774e+00
1452,5.058129e-17,1.647710e-05,4.882990e-05,4.790336e-04,2.994321e+00,2.907262e+00,7.727966e-01
1453,5.097232e-17,8.515903e-07,4.860612e-05,4.886662e-04,-2.471070e-01,-2.763687e-01,3.394581e+00
1454,1.778188e-17,1.739850e-05,5.306388e-05,4.758453e-04,1.358020e+00,-1.406926e+00,-1.552318e-01
1455,2.800340e-18,1.639947e-05,6.484866e-05,4.784067e-04,1.546556e-01,-1.750473e-01,-3.205588e+00
1456,3.596766e-18,-1.978749e-10,7.344395e-05,4.970492e-04,5.309236e-02,-2.496570e-02,1.789903e+01
1457,2.374701e-19,5.860445e-06,6.914081e-05,4.865393e-04,-4.369277e-01,-5.319578e-01,1.070023e+01
1458,5.439202e-19,6.245366e-06,6.992247e-05,4.873179e-04,2.233815e+00,-2.821435e-01,1.093938e+01
1459,6.050388e-19,5.079028e-06,6.948033e-05,4.857617e-04,-8.181095e-01,-5.132517e-01,8.836581e+00
1460,5.197849e-18,3.037497e-07,5.937363e-05,4.906532e-04,4.591499e-01,1.481217e-02,-9.635479e-01
1461,1.220404e-17,2.428597e-05,6.174886e-05,4.977948e-04,-1.418884e-02,-4.199388e-02,-1.189610e+00
1462,1.134393e-16,-2.352121e-05,6.149733e-05,4.857813e-04,1.568649e-02,-1.608716e-01,-3.682681e-01
1463,1.900405e-17,-1.046893e-05,6.234399e-05,4.947305e-04,1.737678e-01,-7.104092e-01,3.280150e+00
1464,1.305172e-18,-9.159329e-06,4.937760e-05,4.926162e-04,2.594926e-01,-1.061067e+00,4.488238e+00
1465,1.191948e-16,-1.020796e-05,6.220420e-05,4.947215e-04,3.297642e-01,-6.432125e-01,3.042562e+00
1466,2.819723e-18,-1.717651e-05,6.873635e-05,4.876695e-04,5.350817e-01,-3.050952e-01,6.503073e+00
1467,6.446897e-19,-9.765743e-06,4.921670e-05,4.982330e-04,-7.182715e-01,-3.154951e-01,6.312770e+00
1468,1.195332e-17,-1.820371e-05,5.210972e-05,5.000221e-04,-6.424190e-02,9.209729e-02,2.855006e+00
1469,2.089203e-17,-1.857052e-05,7.090846e-05,4.910640e-04,-7.097294e-02,5.828228e-01,5.755794e+00
1470,2.411435e-19,-9.769134e-06,4.961071e-05,4.873147e-04,-1.475024e+00,6.911724e-01,2.158494e+00
1471,1.726795e-17,-1.633165e-05,5.457055e-05,4.804431e-04,9.732103e-01,-4.214221e-01,6.790985e-01
1472,1.363933e-17,-2.040560e-05,6.343250e-05,4.814236e-04,-9.819379e-01,-2.727629e-01,2.815321e+00
1473,6.827945e-17,-1.364428e-05,4.814699e-05,4.819775e-04,-2.643696e-01,-8.940199e-01,2.955560e+00
1474,2.843728e-18,-1.639899e-05,6.094362e-05,4.877112e-04,-6.752154e-01,6.294579e-02,1.266236e+00
1475,4.977247e-18,-6.249165e-06,5.546686e-05,4.841814e-04,3.618405e-01,5.355517e-02,1.267365e+00
1476,1.449325e-18,-2.344308e-06,6.484328e-05,4.912185e-04,-3.266086e-01,-2.660471e-01,-1.559510e+00
1477,3.004273e-18,-4.686971e-06,5.547191e-05,4.901073e-04,1.459976e-01,6.212213e-02,-3.745425e-01
1478,1.334341e-18,-2.316182e-06,6.016038e-05,4.865409e-04,-2.312781e-01,6.649714e-02,-2.073305e-01
1479,8.591614e-18,-2.434928e-05,7.109580e-05,4.894095e-04,7.535862e-02,-1.993717e-02,-1.536889e+00
1480,2.583862e-18,-2.460929e-05,5.402465e-05,4.974350e-04,-3.525996e-03,-1.114755e-01,-2.300119e+00
1481,1.989389e-17,1.445673e-05,-1.673430e-04,5.109598e-04,-5.715918e-01,-1.715965e+00,9.089186e+00
1482,1.250982e-16,5.962355e-06,-1.755509e-04,5.055060e-04,-6.154393e-01,-1.465401e+00,1.007652e+01
1483,2.418508e-17,6.998914e-06,-1.559331e-04,5.072185e-04,-7.695424e-01,-2.234402e+00,2.033169e+00
1484,1.571757e-18,3.904741e-06,-1.656263e-04,5.159822e-04,2.943626e-02,-1.084793e-01,1.543235e+01
1485,9.529522e-18,3.124507e-06,-1.655961e-04,5.262237e-04,9.929936e-02,-4.306603e-01,2.032469e+01
1486,3.197387e-18,3.903264e-06,-1.656251e-04,5.109582e-04,3.806601e-02,-1.753592e-02,1.390916e+01
1487,2.793980e-18,3.896966e-06,-1.656269e-04,5.210652e-04,-1.167978e-01,-7.826306e-02,1.837003e+01
1488,4.550250e-18,1.334342e-05,-1.592752e-04,5.083777e-04,1.108322e+00,9.869192e-02,1.368946e+00
1489,4.669217e-18,1.016218e-05,-1.640619e-04,5.106164e-04,3.895053e-02,9.415833e-02,-1.912269e+00
1490,1.325457e-18,8.590266e-06,-1.664093e-04,5.183006e-04,5.914744e-02,-1.791630e-01,-4.968887e-01
1491,8.287728e-18,3.905092e-06,-1.656251e-04,5.051267e-04,9.803358e-02,5.400176e-02,1.222361e+01
1492,3.682104e-17,-4.687215e-06,-1.592203e-04,5.267415e-04,9.599705e-01,-1.156937e+00,1.205032e+01
1493,1.139702e-17,-1.638460e-05,-1.494126e-04,5.256109e-04,-2.544190e-01,8.180663e-01,1.937161e+01
1494,8.858167e-16,-2.595170e-06,-1.628222e-04,5.327470e-04,2.641550e-01,-4.423423e-01,8.245840e+00
1495,1.838527e-16,-1.047595e-05,-1.548559e-04,5.072902e-04,-9.256854e-01,-2.022321e-01,9.702951e+00
1496,2.024454e-18,-1.640433e-05,-1.492115e-04,5.094594e-04,1.641923e-01,8.807269e-01,1.089514e+01
1497,2.359788e-17,-1.358590e-05,-1.595569e-04,5.241040e-04,-5.799433e-01,3.171650e+00,1.718201e+01
1498,2.980015e-18,-1.639153e-05,-1.500019e-04,5.193966e-04,1.855079e-01,2.886043e-01,1.687294e+01
1499,7.875366e-18,-2.752738e-06,-1.710959e-04,5.161644e-04,1.550302e+00,-9.694387e-03,5.767184e+00
1500,2.828510e-18,-1.248812e-05,-1.663954e-04,5.133008e-04,1.357790e-01,-4.182093e-01,1.102415e+01
1501,4.753285e-18,-1.560869e-06,-1.718746e-04,5.050846e-04,-1.845449e-01,-8.299748e-02,2.477053e+00
1502,2.082412e-17,-1.635756e-05,-1.596616e-04,5.474554e-04,4.521745e-01,-4.574720e+00,2.589311e+01
1503,1.452709e-16,-1.869303e-05,-1.689805e-04,5.401948e-04,-1.441931e+00,-1.642731e+00,1.281622e+01
1504,2.080540e-18,-1.719459e-05,-1.572343e-04,5.411613e-04,-1.453662e-01,-2.962445e+00,2.322084e+01
1505,1.626154e-16,-6.797279e-06,-1.742645e-04,5.425793e-04,-5.031188e-01,6.450262e-01,5.417206e+00
1506,7.214194e-18,-1.565063e-05,-1.507782e-04,5.390141e-04,-2.819515e+00,-1.498528e+00,8.459128e+00
1507,7.609640e-17,-1.484887e-05,-1.493141e-04,5.392368e-04,-1.988563e+00,-1.754658e+00,1.063573e+01
1508,3.344686e-18,-1.323604e-05,-1.620150e-04,5.324371e-04,3.157308e-01,-2.988282e+00,1.668582e+01
1509,2.146787e-17,-8.463082e-06,-1.533408e-04,5.469103e-04,1.941372e+00,2.971880e-01,1.751187e+01
1510,4.404972e-18,-1.484953e-05,-1.710911e-04,5.327280e-04,-4.099331e-02,-3.082102e-02,1.002496e+01
1511,3.352461e-18,-1.152863e-05,-1.742573e-04,5.416259e-04,1.728266e+00,2.369866e-01,9.072784e+00
1512,2.382620e-19,-1.211687e-05,-1.706998e-04,5.363857e-04,2.406169e-02,1.467187e-01,4.305817e+00
1513,1.366669e-18,7.726372e-07,-1.734216e-04,5.400021e-04,8.349727e-01,6.791423e-02,4.900589e-01
1514,1.095202e-16,6.889469e-06,-1.586768e-04,5.362166e-04,-3.373323e-01,-5.780365e-01,9.132780e+00
1515,2.026446e-17,1.477815e-05,-1.662199e-04,5.371287e-04,1.523479e+00,-6.413605e-01,5.815890e+00
1516,9.346540e-19,9.377158e-06,-1.531268e-04,5.296817e-04,-2.624213e-02,-3.561895e-02,6.508420e+00
1517,1.488605e-18,1.563194e-05,-1.718764e-04,5.415847e-04,2.633118e-02,1.645272e-02,5.029649e+00
1518,6.730711e-19,3.050364e-06,-1.675795e-04,5.392905e-04,-3.268337e+00,1.761094e+00,7.320796e+00
1519,9.194359e-19,1.328051e-05,-1.554624e-04,5.475196e-04,-7.585919e-03,2.562645e-02,3.032995e+00
1520,3.241287e-18,1.015505e-05,-1.562467e-04,5.434282e-04,-4.041525e-01,-2.092677e-01,4.750754e+00
1521,2.228622e-18,3.904453e-06,-1.523389e-04,5.285258e-04,-1.127920e-01,1.887243e-01,8.746980e-01
1522,9.929590e-19,1.330305e-05,-1.554560e-04,5.452977e-04,1.718543e-02,-2.589216e-02,1.792328e+00
1523,5.933136e-18,-1.015928e-05,-1.820276e-04,5.460013e-04,-7.896069e-03,7.327795e-01,4.600152e+00
1524,5.022812e-18,-2.187486e-05,-1.921905e-04,5.356555e-04,3.350496e-01,2.465194e-02,2.616499e+00
1525,4.556404e-18,-1.796951e-05,-1.875022e-04,5.489889e-04,4.848347e-02,-1.639652e-01,3.658107e+00
1526,5.345671e-17,1.729830e-05,-1.980738e-04,5.071412e-04,-4.432596e-01,5.565505e-01,1.361686e+01
1527,3.728730e-17,4.869400e-06,-1.888641e-04,5.163683e-04,-1.334936e+00,-4.981272e-01,7.563537e+00
1528,2.611156e-17,2.055401e-05,-1.859561e-04,5.200303e-04,-3.611736e-01,1.092844e+00,4.056143e+00
1529,4.669985e-18,1.406016e-05,-1.945266e-04,5.130262e-04,-7.206320e-01,1.103776e-01,-9.085914e-01
1530,3.211887e-18,1.171527e-05,-1.874999e-04,5.209944e-04,1.441986e-01,-1.077177e-02,2.708969e+00
1531,2.457178e-19,1.601759e-05,1.910170e-04,4.740561e-04,-8.178602e-02,2.386463e-01,-3.698767e+00
1532,9.374407e-17,7.896664e-06,2.131434e-04,4.846040e-04,5.630258e-01,2.185533e+00,5.087839e+00
1533,1.814038e-17,1.979699e-05,2.226885e-04,4.784746e-04,1.851594e+00,6.958985e-01,2.188261e+00
1534,8.026584e-19,8.202460e-06,2.136722e-04,4.709259e-04,-2.045789e+00,-9.832118e-01,-6.216910e+00
1535,6.819866e-19,1.992105e-05,2.230482e-04,4.751290e-04,-2.288602e+00,9.852046e-01,3.347286e+00
1536,1.954808e-17,9.636246e-06,2.060976e-04,4.762952e-04,1.749828e+00,-6.573378e-01,-8.843375e-01
1537,6.025621e-19,8.203086e-06,2.050787e-04,4.752838e-04,2.292165e+00,3.902344e+00,7.881661e-02
1538,1.413533e-17,-1.601805e-05,2.024221e-04,4.775274e-04,5.495287e-01,-1.449095e+00,-3.871203e-02
1539,8.974040e-17,-1.062872e-05,2.249307e-04,4.784519e-04,-1.237588e+00,2.662919e-01,1.002886e+00
1540,7.421474e-18,-1.567024e-06,2.076939e-04,4.788053e-04,2.083324e-02,1.041202e+00,4.815612e+00
1541,2.424831e-19,-1.953307e-06,2.082033e-04,4.725000e-04,-8.071018e-01,-2.378642e+00,-9.172779e+00
1542,4.469536e-17,1.310039e-04,-4.348709e-06,4.881457e-04,1.160466e+00,-5.223327e-02,2.120655e+00
1543,2.021570e-17,1.286906e-04,7.004640e-06,4.964422e-04,-2.264482e-01,3.083709e-01,7.492154e+00
1544,1.685337e-17,1.443140e-04,1.266310e-05,4.960173e-04,6.702434e-01,-8.191435e-02,1.930417e+00
1545,3.111952e-17,1.407304e-04,-1.475706e-05,4.914693e-04,9.442793e-01,1.038601e+00,4.541930e+00
1546,3.730544e-17,1.334413e-04,-3.093550e-07,4.836589e-04,-1.586701e+00,1.345963e+00,7.989165e-01
1547,4.411382e-18,1.273058e-04,-8.195151e-06,4.899715e-04,-5.241458e-01,1.206228e+00,1.165760e+01
1548,2.594713e-17,1.389006e-04,-7.422833e-06,4.971427e-04,-1.460713e+00,2.454168e+00,6.570160e+00
1549,2.027011e-17,1.363642e-04,-6.026725e-07,4.966625e-04,4.691234e-01,-1.582842e+00,3.020457e+00
1550,1.306652e-18,1.343694e-04,-7.945484e-07,5.005654e-04,1.410961e-01,-2.516875e-01,2.937265e+00
1551,1.347026e-18,1.460990e-04,-7.816067e-06,4.834176e-04,-1.346855e-02,-3.790654e-02,2.181055e+00
1552,4.300329e-18,1.414022e-04,-4.226261e-06,4.900034e-04,-5.638286e-04,1.113868e+00,4.391969e+00
1553,1.207414e-18,1.445369e-04,-2.336179e-06,5.013474e-04,1.067574e-01,1.308155e-01,4.142877e+00
1554,2.168328e-18,1.429137e-04,-1.010854e-05,4.886017e-04,5.949654e-02,1.304043e-01,2.858924e+00
1555,4.918441e-18,1.453137e-04,-7.810582e-06,5.020217e-04,1.741841e-01,5.968919e-03,6.318957e+00
1556,2.865159e-19,1.277341e-04,-1.054977e-05,4.865371e-04,-2.614513e+00,-1.076831e+00,7.512856e+00
1557,8.705918e-18,1.275544e-04,-1.156384e-05,4.806274e-04,-9.301853e-01,-4.216071e-01,4.972913e+00
1558,1.302798e-18,1.351439e-04,-7.038309e-06,4.810819e-04,-3.324339e-01,-2.729762e-01,-2.304069e-01
1559,5.099067e-18,1.335358e-04,-6.972884e-06,4.879890e-04,-1.010487e+00,1.106627e+00,-2.075228e+00
1560,2.863661e-18,1.320369e-04,-2.438685e-05,4.964910e-04,-8.812174e-02,8.393868e-02,-1.481619e+00
1561,8.474903e-19,1.320325e-04,-2.461014e-05,4.889039e-04,1.972492e-02,-2.945480e-01,-3.183840e+00
1562,1.185404e-17,1.359124e-04,-2.425451e-05,4.807260e-04,-1.239996e-02,1.922336e-02,-1.191077e+00
1563,1.430479e-17,1.398946e-04,2.005809e-05,4.971973e-04,3.524945e-03,6.249683e-02,5.476684e+00
1564,2.675681e-17,1.335710e-04,1.188165e-05,5.032821e-04,3.095137e-02,-3.410769e-01,8.027641e+00
1565,2.391807e-18,1.337237e-04,1.249684e-05,4.964404e-04,-8.868137e-01,3.481360e-02,7.882818e+00
1566,3.918245e-18,1.390219e-04,7.788598e-06,4.973673e-04,-9.008423e-01,-1.813731e-01,3.664060e+00
1567,9.091668e-18,1.369395e-04,3.487916e-06,4.850736e-04,2.509563e-01,-8.313083e-01,1.256716e+00
1568,2.593531e-19,1.292967e-04,1.289088e-05,4.997920e-04,1.402717e-01,-5.259495e-02,2.411305e-01
1569,2.561061e-18,1.476830e-04,1.415863e-05,4.854400e-04,1.208362e+00,2.114934e+00,1.120507e+01
1570,2.530763e-18,1.477124e-04,1.306695e-05,4.803014e-04,-1.725939e+00,-1.178869e+00,5.212650e+00
1571,4.302931e-18,1.296899e-04,5.478259e-06,4.802445e-04,3.002206e-01,-6.224557e-01,4.233372e-01
1572,6.000305e-18,1.420918e-04,2.437087e-05,4.925983e-04,-2.046474e-02,-1.810224e-02,-1.493880e+00
1573,2.393403e-18,1.273378e-04,2.460926e-05,4.917187e-04,-6.238761e-02,1.201160e-02,-1.538024e+00
1574,1.426759e-16,1.424883e-04,-6.412726e-06,5.408550e-04,5.921101e-01,5.432629e-01,9.385407e+00
1575,5.999041e-17,1.475687e-04,-2.440965e-06,5.357241e-04,6.151190e-01,7.340737e-01,1.109970e+01
1576,6.144065e-17,1.514270e-04,-1.062517e-05,5.359914e-04,-2.957832e-01,-2.310539e-01,6.218226e+00
1577,2.051177e-16,1.515367e-04,-1.078504e-05,5.358205e-04,-2.785157e-01,-2.736194e-01,6.082637e+00
1578,2.802067e-16,1.356757e-04,-1.782265e-06,5.228084e-04,7.198198e-01,-7.126522e-01,7.703344e+00
1579,1.437035e-16,1.272797e-04,9.385905e-06,5.483325e-04,-2.890352e-02,-5.957991e-01,9.708604e+00
1580,1.141317e-17,1.382302e-04,8.592628e-06,5.447357e-04,5.218759e-01,-5.684532e-02,1.269937e+01
1581,9.232660e-17,1.464088e-04,4.083360e-06,5.473965e-04,1.044987e+00,-1.550612e+00,8.636637e+00
1582,5.702457e-17,1.304402e-04,1.694109e-05,5.458279e-04,-8.661019e-01,1.834809e+00,1.099380e+01
1583,2.879222e-18,1.335872e-04,6.230354e-06,5.293894e-04,-3.843090e-02,-2.547905e-01,5.900921e+00
1584,6.580421e-18,1.405047e-04,5.467273e-06,5.429265e-04,-1.176547e-01,1.336294e-02,1.077337e+01
1585,3.003980e-18,1.249999e-04,9.401138e-06,5.382540e-04,-4.958980e-02,-5.138273e-02,3.397726e+00
1586,1.093955e-18,1.445336e-04,1.484716e-05,5.430983e-04,2.520251e-01,-8.316314e-02,2.334695e+00
1587,6.677371e-18,1.349413e-04,-9.347623e-06,5.273750e-04,6.464031e-01,-1.100840e+00,9.947105e+00
1588,6.460090e-18,1.400088e-04,-4.101512e-06,5.319193e-04,-1.283578e+00,8.023530e-01,1.358243e+01
1589,5.110723e-18,1.453114e-04,-4.565490e-06,5.288674e-04,-2.284770e-02,-1.188325e+00,9.072325e+00
1590,1.329753e-17,1.487840e-04,-1.538673e-05,5.258510e-04,-2.166429e-01,2.154430e-01,4.514503e+00
1591,5.914734e-18,1.414424e-04,-7.661069e-07,5.264224e-04,9.674598e-02,-2.544413e-02,1.015829e+01
1592,1.120770e-18,1.382838e-04,-1.250418e-05,5.379484e-04,-7.576045e-02,-1.608421e-01,3.818713e+00
1593,2.459863e-18,1.421896e-04,-8.595755e-06,5.471488e-04,5.928295e-02,7.299649e-02,1.565867e+00
1594,6.857787e-19,1.279902e-04,-1.471238e-05,5.460458e-04,9.895852e-04,1.018522e-01,-3.135221e+00
1595,2.093422e-17,1.514982e-04,2.608233e-06,5.115088e-04,4.255166e-01,-3.227143e-01,1.499203e+01
1596,5.017256e-17,1.368364e-04,7.092550e-06,5.205924e-04,-1.506370e+00,-2.017585e-01,7.890482e+00
1597,3.253165e-17,1.498539e-04,-1.498885e-06,5.168271e-04,1.672914e+00,3.066095e+00,9.825558e+00
1598,2.814804e-17,1.484586e-04,6.896311e-06,5.151634e-04,9.472784e-02,-1.307223e+00,7.741627e+00
1599,5.018321e-18,1.343796e-04,1.250255e-05,5.122551e-04,1.444487e-01,-3.129521e-01,4.465434e+00
1600,2.513497e-18,1.437500e-04,3.126254e-06,5.064004e-04,1.243204e-02,2.219634e-01,1.296158e+00
1601,2.344003e-18,1.468768e-04,1.417400e-05,5.234658e-04,-3.440149e-02,-4.979001e-01,3.181650e+00
1602,3.100257e-18,1.398464e-04,1.172070e-05,5.094924e-04,7.895631e-02,1.944360e-01,3.250551e+00
1603,1.671005e-18,1.289052e-04,1.562005e-05,5.106292e-04,3.085183e-02,4.801692e-01,5.395602e-02
1604,1.901564e-17,1.515468e-04,-4.711583e-06,5.078542e-04,3.485018e-01,-1.895762e+00,8.863361e+00
1605,1.347645e-17,1.295726e-04,-8.860947e-06,5.106789e-04,-4.476484e-01,1.941315e-01,5.675790e+00
1606,5.118801e-18,1.414073e-04,-7.799574e-07,5.143629e-04,-2.145117e-02,1.191344e-02,9.043932e+00
1607,3.880814e-18,1.414306e-04,-1.012786e-05,5.035438e-04,1.805842e-01,4.479851e-01,6.462871e+00
1608,4.736185e-18,1.429532e-04,-1.012842e-05,5.098647e-04,-7.326234e-01,-9.583306e-01,7.854916e+00
1609,1.049373e-18,1.414032e-04,-7.746327e-07,5.036547e-04,6.004484e-02,2.826526e-02,3.095369e+00
1610,1.167038e-18,1.343757e-04,-7.808713e-07,5.074970e-04,1.161337e-02,-1.312934e-01,9.018790e-01
1611,4.109956e-17,-1.649041e-05,2.168702e-04,4.832027e-04,8.721937e-02,-1.343062e+00,3.611271e+00
1612,2.675480e-17,1.020048e-05,2.040520e-04,4.936882e-04,8.168559e-01,2.040431e-03,9.043776e+00
1613,4.523588e-17,-1.310316e-06,2.074617e-04,4.852527e-04,7.471591e-01,-6.087847e-01,6.529336e+00
1614,2.457816e-17,1.139098e-05,2.038864e-04,4.811810e-04,-9.291241e-01,-9.444356e-01,2.251769e+00
1615,4.738215e-18,9.372407e-06,2.234385e-04,4.888013e-04,7.840990e-02,5.558485e-01,4.006261e+00
1616,1.626446e-18,8.470785e-06,2.039692e-04,4.832951e-04,1.903865e+00,1.086622e+00,4.112429e+00
1617,3.262453e-18,5.399353e-06,2.023863e-04,4.828634e-04,-5.659038e-01,1.320066e+00,3.296659e+00
1618,4.479369e-18,3.682638e-06,2.211059e-04,4.890319e-04,-2.946021e+00,1.311968e+00,3.052058e+00
1619,3.069501e-18,5.459375e-06,2.132814e-04,4.939285e-04,-5.046490e-01,1.596297e-01,3.275516e+00
1620,3.205299e-17,2.178463e-05,2.151845e-04,4.831001e-04,7.896707e-01,-5.517600e-01,-3.339386e-01
1621,1.399667e-18,9.382559e-06,2.210517e-04,4.818598e-04,-8.333447e-02,3.440779e-01,1.907420e+00
1622,5.093719e-18,5.132593e-06,2.195288e-04,4.972418e-04,1.054234e+00,5.210765e-01,3.693784e+00
1623,3.296957e-18,7.809125e-06,2.039040e-04,4.885151e-04,-1.528436e-01,-1.275166e-01,7.106870e+00
1624,6.472440e-18,1.168901e-05,2.164096e-04,4.984263e-04,5.718560e-02,1.556423e-01,6.051555e+00
1625,1.546164e-18,6.247162e-06,2.070339e-04,4.935622e-04,1.127861e-01,-6.340732e-01,2.580201e+00
1626,4.343792e-18,1.070436e-05,2.164444e-04,4.815073e-04,8.783499e-01,5.910547e-02,8.525264e-01
1627,2.513601e-18,-1.875168e-05,2.164080e-04,4.970007e-04,4.735504e-02,9.767873e-02,9.012720e+00
1628,6.184119e-17,-4.995205e-06,2.220528e-04,4.903918e-04,-2.246932e+00,5.006854e-02,3.505455e+00
1629,1.779023e-17,-2.230219e-07,2.274248e-04,5.004772e-04,1.059603e-01,-1.075291e+00,8.049941e+00
1630,3.759662e-17,-4.067712e-06,2.035657e-04,5.036888e-04,-2.125355e-01,-1.150724e+00,1.424197e+01
1631,1.401827e-17,-1.324313e-05,2.131515e-04,4.900600e-04,1.274243e-01,-2.154554e+00,4.357672e+00
1632,2.095831e-17,-7.056060e-06,2.127468e-04,4.936088e-04,2.345156e+00,2.584465e+00,4.008065e+00
1633,9.483958e-17,-1.754190e-05,2.166784e-04,5.047937e-04,-5.329412e-02,7.494080e-01,9.582015e+00
1634,3.275229e-18,-1.800726e-05,2.132760e-04,4.814442e-04,-4.337352e-01,6.896650e-01,2.472599e+00
1635,8.081442e-19,-6.890728e-06,2.084506e-04,5.005734e-04,2.192106e-01,-8.176818e-01,1.548016e+00
1636,2.882000e-18,-9.376725e-06,2.046838e-04,4.963850e-04,1.362122e-02,-6.657830e-01,5.549590e+00
1637,2.126940e-17,-1.380322e-05,2.064875e-04,5.052617e-04,-1.740771e+00,-3.013060e+00,3.627819e+01
1638,1.962051e-17,-9.854323e-06,2.166297e-04,4.817199e-04,-1.272547e+00,1.319402e-01,1.128737e+00
1639,3.402688e-18,-1.561214e-06,2.031341e-04,4.791238e-04,-6.917282e-02,-5.046301e-02,3.559453e+00
1640,4.592695e-18,-2.344509e-06,2.148435e-04,4.990047e-04,-3.787532e-02,-5.048066e-02,2.719166e+00
1641,5.251346e-19,-1.171666e-06,2.218600e-04,4.888733e-04,-2.661997e+00,2.880668e-01,4.515395e+00
1642,1.129645e-18,-1.876354e-05,2.164070e-04,4.943501e-04,2.495161e-01,6.361250e-01,8.156063e+00
1643,3.307113e-18,-7.002313e-06,2.086289e-04,4.852639e-04,-9.265639e-02,2.761279e-01,1.134363e+00
1644,1.056304e-16,-1.374054e-05,2.425906e-04,4.954220e-04,-2.119142e-02,5.537373e-01,6.523487e+00
1645,6.478131e-17,5.604363e-06,2.298077e-04,4.866079e-04,-1.757619e+00,-4.613069e-01,5.632047e+00
1646,8.797315e-17,2.377969e-05,2.319901e-04,4.979505e-04,-2.309337e-01,1.993747e-01,2.071773e-01
1647,3.681260e-17,-1.544622e-06,2.287592e-04,4.900176e-04,-2.830086e+00,-1.299828e+00,4.973583e+00
1648,2.413663e-18,-1.434063e-06,2.328616e-04,4.845079e-04,-1.836777e+00,-2.267194e-01,5.097749e+00
1649,3.168813e-18,-1.820106e-05,2.496088e-04,4.965813e-04,2.491908e-01,8.714262e-02,1.025832e+01
1650,6.946369e-17,-1.323231e-05,2.283825e-04,4.873735e-04,1.278904e+00,2.415559e-01,9.668707e+00
1651,3.243657e-17,-1.172678e-05,2.373073e-04,4.917550e-04,-2.038735e+00,-7.997061e-02,7.827145e+00
1652,1.701160e-17,-1.248022e-05,2.425766e-04,4.862481e-04,1.167702e-01,-6.043354e-01,7.233723e+00
1653,1.330291e-17,-1.180039e-05,2.455449e-04,4.755534e-04,9.526003e-01,-3.647914e-01,2.246018e+00
1654,1.244313e-18,-1.331369e-05,2.336271e-04,4.927861e-04,-5.920331e-01,4.949349e-01,2.978764e+00
1655,1.282399e-17,-5.526804e-06,2.468746e-04,4.954812e-04,8.339540e-02,1.314724e-01,1.955666e+00
1656,4.693335e-17,-2.394297e-05,2.422495e-04,4.953565e-04,4.152368e-02,-6.793229e-02,-7.248648e-01
1657,5.746937e-18,-1.678092e-05,2.496087e-04,4.907751e-04,-8.028746e-02,8.975092e-02,8.343133e+00
1658,2.748614e-18,-1.562999e-06,2.265651e-04,4.838655e-04,-2.347883e-01,2.198703e-02,2.900721e+00
1659,1.158110e-17,-1.268567e-05,2.494610e-04,4.748553e-04,-1.970279e+00,-6.606584e-02,-6.008654e-01
1660,4.237169e-18,-9.428437e-06,2.375111e-04,4.875475e-04,-1.690293e+00,-2.628187e-01,9.325353e+00
1661,9.169271e-18,-1.621692e-05,2.358253e-04,4.883287e-04,4.561286e-01,2.921598e-01,1.601132e+00
1662,1.262845e-18,-2.359748e-06,2.366907e-04,4.771811e-04,-2.518147e-01,-5.492348e-01,2.061435e-01
1663,9.704603e-18,-2.419379e-05,2.491980e-04,4.910908e-04,-4.156840e-03,-3.131188e-02,-6.856917e-01
1664,5.729177e-19,-4.644010e-06,2.496094e-04,4.935529e-04,5.822399e-01,8.198370e-02,2.116825e+00
1665,1.190568e-18,-8.985917e-06,2.289147e-04,4.853774e-04,2.838646e-01,-3.639975e-02,9.182757e-01
1666,2.982565e-18,-1.640792e-05,2.496094e-04,4.853619e-04,-2.357461e-01,-3.198484e-02,8.930318e+00
1667,9.791615e-19,-1.651495e-05,2.496082e-04,4.800972e-04,1.510761e+00,4.259875e-02,5.223272e+00
1668,1.308296e-18,1.562219e-05,2.496100e-04,4.985949e-04,-1.394076e-01,3.652795e-01,7.793461e+00
1669,3.504597e-18,1.009432e-05,2.356930e-04,4.866159e-04,-1.712080e+00,-3.103145e-01,1.218356e+01
1670,2.191714e-17,1.632044e-05,2.456240e-04,4.938662e-04,-4.965358e-01,-3.329511e-01,6.282898e+00
1671,1.354900e-17,1.599702e-05,2.407783e-04,4.791165e-04,-3.636327e-01,1.460521e-01,1.212529e+00
1672,2.816874e-17,5.081276e-06,2.368007e-04,4.877898e-04,-2.439194e-01,-5.952214e-01,6.332048e+00
1673,2.938146e-18,1.533879e-06,2.328345e-04,4.822012e-04,-1.754061e-02,-1.549769e-02,4.363819e+00
1674,3.567649e-18,1.250883e-05,2.265571e-04,4.978431e-04,2.735135e-01,8.142445e-01,9.368970e-01
1675,4.738570e-18,8.586069e-06,2.296687e-04,4.963842e-04,-2.046608e-01,2.107616e-02,2.332418e+00
1676,1.988610e-17,1.413101e-06,2.398669e-04,4.769587e-04,7.288041e-01,3.942549e-01,1.060952e+00
1677,2.437383e-18,5.545806e-06,2.271741e-04,4.788336e-04,-4.319754e-01,-5.452967e-01,2.238156e+00
1678,1.334467e-17,7.945220e-06,2.365515e-04,4.906235e-04,-5.577401e-01,-1.011825e+00,-7.287373e-01
1679,3.577649e-18,1.012811e-05,2.358244e-04,4.832945e-04,5.876564e-01,1.007156e+00,8.573599e+00
1680,2.088324e-18,5.537800e-06,2.383506e-04,4.805806e-04,4.502407e-01,1.187871e+00,1.477115e+00
1681,6.915678e-18,9.595931e-06,1.068489e-04,5.266725e-04,-3.770676e-01,3.649349e-01,3.156166e+00
1682,3.372220e-18,1.405675e-05,1.179631e-04,5.337714e-04,-5.855121e-02,2.188745e-01,9.088857e+00
1683,1.125746e-18,8.596608e-06,1.226537e-04,5.311482e-04,4.549471e-01,4.489592e-01,6.617012e+00
1684,7.657008e-18,1.783295e-05,1.237064e-04,5.448470e-04,1.113913e+00,-1.050879e+00,5.791050e+00
1685,5.129249e-18,1.250007e-05,1.242184e-04,5.281370e-04,6.016028e-02,-2.846506e-01,8.443700e+00
1686,1.255239e-18,3.134731e-06,1.234377e-04,5.370605e-04,9.451350e-02,-1.907769e-01,2.368678e+00
1687,1.516162e-18,1.718909e-05,1.101569e-04,5.364161e-04,-6.065652e-02,-5.641609e-01,3.882903e+00
1688,1.194881e-18,1.719707e-05,1.039087e-04,5.378984e-04,1.897534e-01,-1.235297e-01,1.978063e+00
1689,3.752293e-16,1.345946e-05,1.310468e-04,5.397245e-04,4.222694e-01,-2.856051e-01,8.433141e+00
1690,8.465278e-17,1.896082e-06,1.424082e-04,5.240729e-04,-9.463446e-02,3.900752e-01,5.612943e+00
1691,3.822908e-17,-1.886718e-05,1.357194e-04,5.472912e-04,-3.169482e+00,3.269228e-02,7.137030e+00
1692,6.062786e-18,-2.026816e-05,1.366412e-04,5.416157e-04,-1.160100e+00,1.117010e+00,5.768708e+00
1693,4.804611e-18,-1.235243e-05,1.304763e-04,5.492934e-04,5.923306e-01,-1.477918e+00,8.758709e+00
1694,1.374695e-18,-5.462203e-06,1.406210e-04,5.459974e-04,1.504136e-01,-1.285917e-01,1.264552e+00
1695,2.564912e-18,-5.477742e-06,1.406267e-04,5.426805e-04,2.576473e-01,-1.149310e-02,1.952885e+00
1696,2.144953e-18,1.014825e-05,1.320257e-04,5.300779e-04,7.061488e-02,1.003969e-02,7.515090e+00
1697,2.811576e-18,4.693591e-06,1.468737e-04,5.314520e-04,7.131824e-02,-1.609527e-02,5.820518e+00
1698,9.930418e-19,2.344860e-06,1.359381e-04,5.289065e-04,5.937777e-02,1.959339e-02,5.002588e+00
1699,7.531593e-18,1.094167e-05,1.382788e-04,5.071550e-04,-6.151355e-01,-6.248559e-01,9.669819e+00
1700,2.851992e-16,-1.331104e-05,1.404700e-04,5.206988e-04,-1.111840e+00,2.458609e-01,4.395908e+00
1701,8.549636e-17,1.107306e-05,1.389072e-04,5.075132e-04,-8.333995e-01,-3.990909e-01,9.028584e+00
1702,1.236737e-16,-8.995383e-06,1.313158e-04,5.131432e-04,-5.623194e-01,-1.227365e+00,1.269851e+01
1703,1.128032e-16,-8.528845e-06,1.420173e-04,5.052132e-04,2.024551e+00,5.265970e-01,1.273698e+01
1704,4.729738e-18,-1.794312e-05,1.293805e-04,5.025149e-04,4.999289e-01,1.128940e+00,2.717452e-01
1705,1.037150e-17,2.426786e-05,1.368794e-04,4.998686e-04,-5.179011e-02,-1.941082e-02,-1.084202e+00
1706,1.729171e-18,6.241508e-06,1.267024e-04,5.246062e-04,3.837615e-01,-1.980912e-01,7.230789e+00
1707,2.317429e-18,3.905417e-06,1.335963e-04,5.224420e-04,-1.567435e-01,2.060463e-01,4.604098e+00
1708,3.041182e-18,6.243468e-06,1.265631e-04,5.133179e-04,3.503598e-01,-4.029314e-03,3.194229e+00
1709,4.325677e-17,1.140380e-05,1.157301e-04,5.099221e-04,4.473857e+00,1.353368e-01,2.498876e+01
1710,9.052495e-19,1.390840e-05,1.173566e-04,5.052200e-04,1.440372e-01,-6.381232e-01,6.216515e+00
1711,3.876744e-18,1.612426e-05,1.101293e-04,5.152720e-04,-6.313620e-01,-4.971496e-02,2.511886e+00
1712,3.185213e-18,8.727931e-06,1.039526e-04,5.091696e-04,3.965916e-02,1.562768e-01,4.457857e+00
1713,1.475052e-17,6.427072e-06,1.023500e-04,5.113170e-04,1.276058e+00,3.157667e+00,3.209339e+00
1714,8.169117e-18,1.385406e-05,1.179708e-04,5.220838e-04,5.372583e-01,-3.652852e-01,7.572496e+00
1715,3.549937e-18,7.812176e-06,1.124998e-04,5.140806e-04,1.368054e-01,5.354584e-02,3.888145e+00
1716,3.000157e-18,4.694409e-06,1.093691e-04,5.071097e-04,1.547727e-01,4.512655e-01,5.305065e+00
1717,7.551658e-18,8.593557e-06,1.219979e-04,5.083365e-04,-4.423766e-02,-1.133080e-01,4.459367e+00
1718,6.270949e-18,1.853320e-05,1.078167e-04,5.199090e-04,-5.452791e-01,-3.101979e-01,7.647440e-01
1719,1.845959e-18,1.712885e-05,1.101006e-04,5.037855e-04,-5.199249e-01,-2.203112e-01,1.102618e-01
1720,6.031940e-17,4.538507e-06,-2.655908e-05,5.238868e-04,-1.595559e+00,4.123698e-02,1.248610e+01
1721,1.494192e-16,9.247415e-06,5.624105e-07,4.993095e-04,-1.390714e+00,-2.468108e-01,7.004328e+00
1722,4.865462e-17,1.385953e-05,-1.511176e-05,5.097254e-04,8.395424e-01,9.589072e-01,2.708990e+00
1723,3.165206e-17,4.120385e-06,1.539475e-06,5.157503e-04,-6.555698e-01,-6.382866e-01,2.036143e+00
1724,3.730133e-17,2.144349e-05,-1.128190e-05,5.058188e-04,-7.211772e-01,-1.296339e+00,2.306299e+01
1725,1.057025e-16,8.251445e-06,-3.843940e-06,5.143379e-04,-5.401261e-01,2.724604e-01,5.366550e+00
1726,6.500710e-17,1.262324e-05,-1.343028e-05,5.001852e-04,4.853358e-01,1.040536e+00,4.415183e+00
1727,3.078223e-17,2.438313e-05,-1.806101e-05,5.050167e-04,8.411370e-01,-1.553906e+00,1.398138e+01
1728,1.176826e-17,1.759738e-05,-2.296722e-05,5.115307e-04,-5.407675e-01,1.088534e+00,8.746945e+00
1729,2.361284e-17,2.362434e-06,-1.142014e-05,5.162490e-04,-6.483870e-01,-6.150613e-02,8.154671e+00
1730,4.570970e-17,-1.329462e-06,-2.600850e-05,5.161580e-04,-1.018176e+00,9.170675e-01,4.491726e+00
1731,3.078973e-18,2.355211e-06,-2.032318e-05,5.224490e-04,-1.668705e-01,-1.322146e-01,1.651667e+01
1732,5.053960e-18,7.026716e-06,-2.499159e-05,5.121252e-04,4.198580e-01,6.733225e-02,1.008511e+01
1733,8.339867e-18,6.646926e-06,-2.500071e-05,5.027457e-04,-1.840639e-01,-6.618927e-02,7.749856e+00
1734,3.464385e-18,2.113679e-05,-1.237449e-05,5.165890e-04,-9.460312e-01,-3.826978e-01,3.045680e+00
1735,3.084792e-18,1.952949e-05,-1.717270e-05,5.232506e-04,2.444460e-01,-1.067028e-01,6.875985e+00
1736,5.514400e-18,7.791738e-06,-1.404629e-05,5.183449e-04,-1.577911e-01,-1.451133e-03,8.392961e+00
1737,1.150910e-17,1.237808e-05,-1.846331e-05,5.126673e-04,3.450295e-01,3.999921e+00,5.233600e+00
1738,5.166951e-17,1.008244e-05,-1.755493e-05,5.249587e-04,1.239688e-01,4.210877e-01,4.147256e+00
1739,1.466460e-18,2.338675e-06,-2.031485e-05,5.059306e-04,9.434722e-02,-2.018068e-01,6.559659e+00
1740,1.439115e-18,2.286942e-05,-1.148467e-05,5.015341e-04,2.885273e-01,-2.004226e+00,2.332223e+01
1741,1.692591e-18,1.952536e-05,-1.718385e-05,5.090462e-04,1.362876e-02,-4.960106e-02,4.637502e+00
1742,4.772171e-18,1.093698e-05,1.502373e-09,5.257659e-04,-5.857772e-02,-2.529956e-02,8.228744e-01
1743,1.887796e-17,1.118854e-05,-3.117048e-05,5.493855e-04,-1.399971e+00,-8.834780e-01,1.601678e+01
1744,2.714791e-18,7.026975e-06,-4.452850e-05,5.262509e-04,5.813687e-02,-1.080509e-02,3.803099e+00
1745,2.686917e-18,1.172840e-05,-4.217795e-05,5.308722e-04,2.136902e-01,6.604941e-02,4.225222e+00
1746,1.271663e-18,1.328502e-05,-3.905828e-05,5.326624e-04,-4.293538e-02,8.939164e-02,4.648454e+00
1747,4.604951e-18,7.810419e-06,-3.827930e-05,5.438283e-04,-9.079486e-02,4.931803e-02,5.975130e+00
1748,3.263697e-17,2.113571e-05,-1.314438e-05,5.306843e-04,2.177441e-01,8.213809e-01,7.158115e+00
1749,1.735993e-17,1.067476e-05,-2.356699e-05,5.440520e-04,1.144954e+00,8.409561e-01,1.679352e+01
1750,9.108808e-18,1.658948e-05,-8.057851e-07,5.383650e-04,1.620935e-01,7.840130e-01,6.477394e+00
1751,5.189341e-17,1.332706e-05,-8.418632e-06,5.414051e-04,-5.246108e-01,9.942215e-01,3.879452e+00
1752,2.003547e-18,1.943454e-05,-2.539327e-09,5.338792e-04,3.694234e-02,4.227587e-02,3.353881e+00
1753,2.577980e-17,2.511604e-06,-1.412494e-05,5.451261e-04,1.336589e+00,-1.205738e+00,4.010059e+00
1754,2.070091e-18,8.563113e-06,-9.367156e-06,5.426339e-04,6.707688e-01,-1.835570e-01,9.478571e-01
1755,4.496030e-18,1.718678e-05,-2.343247e-05,5.409087e-04,6.804585e-01,7.346661e-02,2.231052e+00
1756,1.259633e-18,9.358987e-06,-5.468049e-06,5.400334e-04,-2.549928e-01,8.845661e-02,-1.815711e+00
1757,1.492775e-18,1.564460e-06,-2.421039e-05,5.333152e-04,1.047008e-01,6.090085e-01,3.523882e-01
1758,2.150107e-17,-5.378824e-06,-1.659753e-05,5.133794e-04,5.754597e-01,-1.577408e-01,9.190877e+00
1759,2.949733e-17,-1.240599e-05,-3.879101e-06,5.135825e-04,6.110974e-02,2.810504e-01,1.375819e+01
1760,2.480297e-17,-8.466890e-06,-1.070806e-05,5.221136e-04,6.985745e-01,1.009114e+00,5.499533e+00
1761,4.036396e-17,-1.228915e-05,-9.772047e-06,5.095859e-04,-4.222653e-01,1.372415e-01,3.805560e+00
1762,1.170629e-17,-6.240550e-06,-2.026730e-05,5.239065e-04,-6.203861e-03,-1.979886e+00,1.391099e+00
1763,9.658379e-19,-1.797071e-05,-3.902956e-06,5.051802e-04,3.806218e-02,2.075619e-02,7.194765e-01
1764,2.669634e-19,-1.289197e-05,-2.148612e-05,5.167066e-04,-1.715609e+00,1.353929e-01,2.921966e+00
1765,1.982509e-16,-7.863444e-06,-3.786209e-05,5.363972e-04,-2.294588e-01,-1.433176e-01,4.155537e+00
1766,4.578028e-18,-1.250026e-05,-4.295688e-05,5.273181e-04,-2.514647e-01,1.059853e+00,5.378267e+00
1767,1.063842e-16,-6.654622e-06,-4.069971e-05,5.159791e-04,-4.533666e-01,6.020544e-01,4.192562e+00
1768,3.850947e-17,-1.476036e-05,-2.876943e-05,5.159050e-04,6.441685e-01,-6.992731e-01,4.741212e+00
1769,2.321829e-17,-1.242014e-05,-3.412488e-05,5.109100e-04,2.035486e+00,-6.166852e+00,2.655815e+01
1770,3.062022e-18,-1.395401e-05,-3.249533e-05,5.053766e-04,-1.736531e+00,-4.093192e+00,2.307078e+01
1771,5.341887e-18,-1.953263e-05,-4.327044e-05,5.062708e-04,-2.090618e-01,-1.779033e+00,3.461550e+00
1772,1.500150e-18,-1.561283e-05,-2.967443e-05,5.236371e-04,4.130551e-03,-1.931355e-03,5.090239e+00
1773,4.155006e-18,-1.244599e-05,-4.217999e-05,5.100737e-04,3.211155e-01,-6.748369e-01,4.905081e+00
1774,1.621665e-18,-2.257124e-04,-5.387889e-06,4.739344e-04,4.618563e-01,-4.773250e-01,-1.247421e-01
1775,2.563967e-18,-2.015459e-04,-3.906624e-06,4.744282e-04,7.563714e-01,3.451969e-01,3.269065e-01
1776,2.848818e-18,-2.164338e-04,-8.616255e-06,4.752083e-04,3.892223e-02,7.223446e-01,-5.711329e-02
1777,1.226002e-17,-2.461937e-04,1.645460e-05,4.732384e-04,-9.969297e-02,1.606233e+00,1.631871e-01
1778,3.025410e-19,-2.300772e-04,-1.445201e-05,4.740453e-04,1.513729e+00,-3.946328e-01,2.604119e+00
1779,3.676628e-19,-2.457032e-04,-1.953131e-06,4.717182e-04,3.085380e-01,-2.330117e-01,2.323918e+00
1780,2.061811e-18,-2.313364e-04,-2.185251e-05,4.750761e-04,-1.536203e+00,7.914416e-01,1.066900e+00
1781,7.755599e-19,-2.347657e-04,-1.054641e-05,4.713842e-04,4.160495e+00,-2.204026e+00,-5.746454e+00
1782,2.650322e-19,-1.132909e-05,-1.683603e-04,4.724802e-04,2.905419e+00,2.579980e+00,-3.343614e+00
1783,2.487095e-19,3.905965e-07,-1.769531e-04,4.748420e-04,3.890006e-01,2.231792e+00,5.288698e+00
1784,8.260457e-18,5.472581e-06,-1.863128e-04,4.716104e-04,-1.720605e-01,2.421695e+00,-6.856396e+00
1785,1.285218e-18,1.328141e-05,-1.866707e-04,4.756153e-04,1.699481e+00,-1.105059e-01,2.984931e-02
1786,1.061835e-18,-1.876026e-05,-1.827908e-04,4.740490e-04,5.269720e-02,-7.616045e-02,-2.816334e+00
1787,7.913172e-18,7.793489e-06,4.737719e-05,4.889846e-04,7.319949e-01,-1.217702e+00,1.993487e+01
1788,2.450471e-17,5.443554e-06,4.684194e-05,4.952629e-04,-3.733504e+00,-7.992451e-01,2.656914e+01
1789,2.543124e-18,3.080106e-06,2.817608e-05,4.905035e-04,-1.448349e+00,4.247496e-01,7.508502e+00
1790,4.063613e-17,1.202787e-05,3.840004e-05,4.857961e-04,-2.017504e+00,1.717823e-01,7.923014e+00
1791,2.879377e-17,-5.368846e-07,2.891580e-05,4.946783e-04,-2.287327e+00,1.060281e-01,7.567551e+00
1792,1.000778e-16,7.774928e-06,2.334249e-05,4.899735e-04,8.533646e-01,1.707208e+00,5.424467e+00
1793,2.707925e-17,1.646501e-05,4.541947e-05,4.996928e-04,6.529065e-01,-1.140476e+00,8.559197e+00
1794,2.894480e-18,2.185607e-05,4.842296e-05,4.908066e-04,4.322645e-01,-4.667900e-01,2.680937e+00
1795,4.627436e-18,1.421060e-05,2.602121e-05,4.800975e-04,3.748251e-02,1.498036e+00,1.598075e+00
1796,1.340203e-18,1.330641e-05,2.424123e-05,4.919862e-04,6.588115e-02,-1.656993e-03,3.534749e+00
1797,4.025356e-18,1.015750e-05,2.890295e-05,4.981658e-04,-7.278052e-02,-2.303265e-02,3.343920e-01
1798,2.540512e-19,1.680018e-05,4.882811e-05,4.873243e-04,1.474730e+00,-3.175976e-01,3.140957e+00
1799,1.400442e-18,4.691098e-06,3.516752e-05,4.943302e-04,1.665813e-01,4.245648e-01,6.130486e-01
1800,1.132872e-18,1.542491e-05,4.676198e-05,4.888849e-04,1.209164e+00,1.819093e-01,1.861442e-01
1801,3.158689e-18,3.837040e-06,4.140712e-05,4.851014e-04,1.298656e-01,1.923705e-01,4.175038e-03
1802,3.351482e-18,2.460951e-05,3.828417e-05,4.927682e-04,1.049225e-02,1.143130e-02,-2.019466e+00
1803,2.407260e-17,2.410374e-05,2.926455e-05,4.791737e-04,6.263671e-03,-1.104625e-02,-1.105617e+00
1804,1.966314e-17,1.912818e-05,2.217212e-05,4.786735e-04,2.716625e+00,-1.273980e+00,9.673891e+00
1805,1.822328e-18,1.811766e-05,1.953121e-05,4.758536e-04,2.922555e+00,-1.367269e+00,9.295346e+00
1806,2.543523e-18,5.472789e-06,2.264509e-05,4.759771e-04,4.698010e-01,7.818129e-02,9.559892e-01
1807,3.090201e-18,1.949903e-05,5.433325e-06,4.761549e-04,-1.227887e-03,-1.296174e-01,2.043568e+00
1808,1.000088e-16,1.695566e-05,7.122376e-06,4.860187e-04,-2.000111e+00,1.399812e+00,4.282414e+00
1809,1.511682e-17,2.129710e-05,3.910346e-06,5.000579e-04,-4.658291e+00,-3.015274e-01,1.857419e+01
1810,3.913155e-17,1.629737e-05,1.570902e-05,4.993104e-04,1.138025e+00,1.594428e+00,1.940563e+01
1811,3.499865e-18,1.244844e-05,1.669958e-05,4.841039e-04,-7.051520e-01,-1.039778e+00,6.899222e+00
1812,2.181607e-17,1.591832e-05,1.628534e-05,4.913500e-04,-1.055272e+00,2.676815e+00,1.444270e+01
1813,2.206184e-17,1.651379e-05,2.841933e-06,4.932716e-04,-2.617868e+00,6.908577e-01,1.458648e+00
1814,2.766164e-17,7.623717e-06,3.056974e-06,4.869072e-04,-9.478621e-01,-1.901985e+00,3.857115e+00
1815,2.779700e-18,2.110378e-05,1.014639e-05,4.947836e-04,5.375047e-03,2.321518e-01,2.183428e+00
1816,6.204952e-18,3.108727e-06,1.585169e-06,4.831630e-04,1.633435e-01,-2.302740e-01,-1.136429e+00
1817,1.584521e-18,2.109726e-05,2.343684e-05,4.935598e-04,7.653887e-01,1.275624e-02,-6.702919e-01
1818,2.783448e-17,8.706236e-06,-5.649760e-05,4.877268e-04,5.979437e-01,3.268124e+00,1.794327e+01
1819,4.264339e-18,8.739467e-06,-5.073765e-05,4.886721e-04,-5.651679e-02,2.793454e-01,1.221980e+01
1820,1.719282e-18,2.493605e-06,-6.419796e-05,4.892242e-04,-6.268341e-01,-1.402502e-01,9.500499e+00
1821,2.456995e-19,5.078813e-06,-6.445281e-05,4.881024e-04,-4.091178e-01,1.727469e-01,1.509761e+00
1822,2.725892e-17,2.409673e-05,-7.269828e-05,4.849946e-04,7.402828e-01,4.954835e-01,-4.864104e-01
1823,1.961095e-17,1.801553e-05,-5.398942e-05,4.903156e-04,-8.475003e-02,1.637680e-02,2.435087e+00
1824,2.518160e-18,7.542299e-06,-6.407555e-05,4.785071e-04,1.608658e+00,-1.853781e-01,1.936383e+00
1825,3.322988e-17,1.240222e-05,-6.881391e-05,4.904825e-04,-3.325626e-01,-1.016399e-01,2.180370e+00
1826,1.148630e-18,2.391830e-06,-7.422848e-05,4.873154e-04,3.703479e-01,4.875281e-01,4.728906e+00
1827,6.323235e-18,7.805433e-06,-5.079023e-05,4.962432e-04,3.733558e-01,-5.279625e-01,1.847453e+01
1828,6.517618e-18,1.718212e-05,-7.031438e-05,4.993891e-04,2.244007e-02,-2.344682e-01,2.152238e+01
1829,2.128235e-18,5.167489e-06,-5.094662e-05,4.988903e-04,-1.729388e-01,-1.014678e+00,1.013010e+01
1830,2.867877e-18,1.093865e-05,-5.937510e-05,4.932192e-04,-1.566553e-01,9.577663e-02,1.102615e+00
1831,2.698067e-18,2.031044e-05,-5.000024e-05,4.800176e-04,6.751267e-01,3.058665e-02,-6.914836e-01
1832,1.986750e-18,8.424509e-06,-5.073480e-05,4.850908e-04,3.994091e-01,7.031129e-01,1.098754e+01
1833,8.403970e-19,8.205057e-06,-5.117183e-05,4.826222e-04,-8.724016e-01,2.605298e+00,9.486015e+00
1834,1.260316e-17,2.426834e-05,-5.694513e-05,4.962704e-04,-5.545092e-02,-2.320937e-04,-1.155757e+00
1835,1.358256e-16,1.006795e-05,-3.553107e-05,4.838301e-04,-1.510620e+00,8.278755e-01,6.539303e+00
1836,5.978985e-18,9.498962e-06,-3.594208e-05,4.950810e-04,9.016409e-01,1.924050e-01,1.275020e+01
1837,4.918455e-17,1.207595e-05,-4.309305e-05,5.027173e-04,-3.797904e-01,-1.976819e+00,4.605071e+00
1838,1.047275e-16,6.709578e-06,-3.216298e-05,5.025059e-04,-1.131336e+00,1.720412e+00,1.230432e+01
1839,5.215270e-17,6.891503e-06,-2.362491e-05,4.903036e-04,-1.719097e+00,-4.397946e-02,5.058956e+00
1840,3.023892e-18,4.671864e-06,-3.903839e-05,4.930948e-04,-2.362824e-01,6.824037e-01,9.503511e+00
1841,2.759846e-18,1.875046e-05,-2.811790e-05,4.852579e-04,-5.832478e-01,6.725908e-01,2.545323e+00
1842,7.148179e-19,6.640676e-06,-3.981439e-05,4.919968e-04,-1.173325e+00,-3.076425e-01,7.537580e+00
1843,4.887519e-18,7.016271e-06,-4.137911e-05,4.793934e-04,9.763084e-01,-4.287204e-01,1.462389e+00
1844,6.444127e-18,4.798086e-06,-3.303172e-05,4.973056e-04,-6.090316e-01,3.334081e+00,1.074288e+01
1845,2.795393e-18,1.174094e-05,-2.893116e-05,5.009562e-04,1.009074e+00,1.046014e+00,2.677228e+00
1846,1.081007e-17,2.426103e-05,-2.885337e-05,4.980069e-04,-2.140840e-03,1.769205e-02,-1.217835e+00
1847,4.590495e-17,-3.585975e-06,-8.316237e-05,4.938381e-04,-2.911684e+00,-9.364846e-01,4.042046e+00
1848,4.766544e-18,-5.913865e-06,-1.000013e-04,4.876514e-04,-5.221299e-01,-9.680819e-03,5.852874e+00
1849,1.116010e-17,-1.538750e-05,-8.345111e-05,4.940645e-04,1.615681e+00,-4.924053e-03,4.878465e+00
1850,6.094564e-18,-1.093985e-05,-9.529846e-05,4.919614e-04,8.310157e-02,-5.714537e-01,2.206839e+00
1851,6.083476e-19,-1.914007e-05,-7.894651e-05,4.810726e-04,-2.560347e+00,1.244125e-01,3.290367e+00
1852,3.487655e-18,-2.344381e-06,-9.687826e-05,4.962681e-04,-1.052094e-02,2.028155e-03,7.997910e+00
1853,3.990976e-18,-2.291175e-06,-9.687739e-05,4.867586e-04,3.320231e-02,-6.166213e-04,5.007302e+00
1854,2.448933e-17,-3.917295e-06,-8.735937e-05,4.831316e-04,2.877056e+00,1.687681e-01,1.061172e+00
1855,2.060684e-18,-6.263487e-06,-9.989280e-05,4.847760e-04,8.912476e-02,-9.402217e-02,6.532231e+00
1856,2.362475e-18,-9.336195e-06,-8.129446e-05,4.870740e-04,-1.592931e-01,-6.501916e-02,5.423131e-01
1857,1.112652e-17,-2.426615e-05,-8.515878e-05,4.964460e-04,1.462724e-02,-3.009659e-02,-1.206570e+00
1858,2.777614e-18,7.743514e-06,-3.828547e-05,5.045738e-04,-2.408437e-01,-2.144023e-01,1.207902e+00
1859,9.450173e-18,4.024186e-06,-2.999059e-05,5.055158e-04,5.772784e-01,1.713005e+00,2.165698e+00
1860,7.599481e-18,1.250283e-05,-8.203065e-05,4.962867e-04,1.309916e+00,-9.235335e-01,6.048883e+00
1861,4.311244e-17,1.339854e-06,-1.025056e-04,4.983239e-04,-1.405581e+00,-6.099815e-01,1.146538e+01
1862,6.200011e-17,1.268516e-05,-8.144800e-05,4.959602e-04,1.102079e+00,-1.099933e+00,5.412365e+00
1863,2.823151e-17,1.608268e-05,-9.282007e-05,4.830237e-04,1.190555e+00,-2.250901e-01,2.042355e-01
1864,1.932541e-17,1.636702e-05,-7.935314e-05,4.864722e-04,-4.108441e-01,1.943606e+00,4.269916e+00
1865,1.277979e-18,1.013476e-05,-8.204479e-05,4.881012e-04,-8.149817e-03,-8.605685e-01,4.478553e+00
1866,2.515789e-17,2.423482e-05,-8.750704e-05,4.941954e-04,-3.686466e-01,3.350770e-02,2.555679e-01
1867,1.147911e-18,5.487191e-06,-9.764318e-05,4.935546e-04,5.143139e-01,4.780318e-01,2.154373e+00
1868,2.943257e-18,1.172814e-05,-8.749610e-05,4.979318e-04,-7.360911e-02,1.110115e-01,1.721981e+00
1869,3.676216e-18,5.462771e-06,-9.475380e-05,4.839327e-04,6.532812e-02,1.101380e+00,1.825278e+00
1870,1.789766e-18,2.460932e-05,-8.983640e-05,4.861694e-04,-1.316522e-03,-1.413169e-01,-1.815475e+00
1871,1.247690e-17,-2.061144e-05,2.254152e-04,5.044317e-04,-1.135678e+00,4.816600e-01,3.846013e+00
1872,9.787449e-17,-7.831932e-06,2.282069e-04,5.246710e-04,3.131857e-01,-4.479552e-01,7.507851e+00
1873,1.264522e-16,2.118738e-06,2.279376e-04,5.326131e-04,2.076416e-01,-1.527356e+00,1.308906e+01
1874,5.508558e-18,-1.405822e-05,2.343777e-04,5.315974e-04,3.999598e-03,4.040829e-01,5.614985e+00
1875,2.067069e-16,-2.250012e-07,2.484046e-04,5.257244e-04,-4.727940e-01,-4.164321e-03,7.870247e+00
1876,3.924382e-17,3.722000e-07,2.422116e-04,5.460271e-04,-3.526812e-01,1.575767e+00,9.302618e+00
1877,4.329044e-17,-1.566068e-05,2.489679e-04,5.342636e-04,-2.891554e-01,8.284384e-03,7.081560e+00
1878,8.319760e-17,-1.113760e-05,2.487049e-04,5.472155e-04,-1.231469e+00,1.811306e-01,6.863070e+00
1879,4.836778e-18,-9.369557e-06,2.328199e-04,5.431369e-04,-3.734821e-02,7.584790e-02,4.685480e+00
1880,3.362642e-18,-3.878086e-06,2.398760e-04,5.283155e-04,-3.004534e-03,1.745113e-02,2.683897e+00
1881,4.446724e-18,-3.904840e-06,2.336062e-04,5.345109e-04,5.297737e-02,7.308996e-02,1.932590e-01
1882,4.431222e-18,8.429467e-07,2.289669e-04,5.273681e-04,8.842950e-02,4.785375e-03,2.030520e+01
1883,5.171988e-17,-1.534589e-05,2.216564e-04,5.163495e-04,-5.559140e-02,4.832012e-01,5.124853e+00
1884,1.332432e-17,-2.344627e-06,2.058659e-04,5.091286e-04,1.870291e-01,1.829644e+00,3.183815e+00
1885,4.281823e-18,-2.345551e-06,2.148427e-04,5.105584e-04,-6.485107e-02,-3.818782e-02,4.459376e+00
1886,4.051419e-18,-6.250596e-06,2.218813e-04,5.236403e-04,-1.960056e-01,1.024012e-01,2.556211e+00
1887,1.216477e-18,-2.326145e-06,2.148369e-04,5.151829e-04,1.448955e-01,-1.410272e-01,3.956101e+00
1888,1.287815e-18,-7.034264e-06,2.085989e-04,5.090746e-04,-2.785942e-01,1.530762e-02,8.355164e-01
1889,3.056362e-18,-1.406518e-05,2.179693e-04,5.262966e-04,-2.923114e-02,-1.003834e-01,2.029221e+00
1890,2.045148e-17,-1.898372e-05,2.189559e-04,5.217569e-04,3.111303e-01,4.153240e-01,6.146797e-01
1891,2.926511e-18,-1.718618e-05,2.070314e-04,5.270440e-04,-2.555493e-01,-4.375530e-02,3.217181e+00
1892,6.847019e-17,1.033472e-05,2.487874e-04,5.442394e-04,-3.564362e-01,9.859799e-02,6.377559e+00
1893,1.814717e-17,9.531750e-06,2.357820e-04,5.432243e-04,7.380171e-01,3.253188e-01,6.273994e+00
1894,7.886860e-17,9.506882e-06,2.358552e-04,5.433983e-04,8.625382e-01,5.067254e-01,6.204763e+00
1895,3.974460e-18,2.236954e-05,2.495092e-04,5.270806e-04,5.162993e-01,-5.082635e-03,4.432208e+00
1896,1.038649e-18,1.249002e-05,2.281347e-04,5.289292e-04,-6.322571e-02,6.839859e-02,5.480704e+00
1897,1.767632e-17,1.241644e-05,2.244692e-04,5.411885e-04,1.608832e+00,-5.851103e-02,9.094044e+00
1898,2.749606e-19,6.640847e-06,2.300743e-04,5.497562e-04,2.896328e+00,1.830189e-01,1.848296e+01
1899,1.678415e-18,1.398833e-05,2.375934e-04,5.433152e-04,-3.023617e-02,7.689887e-01,2.653276e+00
1900,2.444008e-18,1.408032e-05,2.496088e-04,5.492489e-04,3.208977e+00,4.178609e-01,7.103201e+00
1901,5.214955e-18,2.800386e-06,2.445420e-04,5.404184e-04,-5.670675e-03,-9.161878e-02,2.974014e+00
1902,1.149896e-18,1.797553e-05,2.304738e-04,5.439270e-04,4.586779e-01,1.840262e-01,1.683905e+00
1903,1.493771e-16,1.339583e-05,2.152103e-04,5.474376e-04,1.094925e+00,-1.775377e-01,6.468136e+00
1904,5.415942e-17,-8.765709e-06,2.167016e-04,5.368730e-04,-1.245641e+00,6.027905e-01,9.646056e+00
1905,2.968656e-17,-1.312019e-05,2.061069e-04,5.307263e-04,-8.214911e-01,-4.769483e-01,1.009225e+01
1906,6.812054e-18,8.713573e-07,2.195558e-04,5.428732e-04,2.599723e-01,-2.472916e-01,1.262588e+01
1907,7.261342e-18,-7.818044e-07,2.027564e-04,5.303716e-04,9.389871e-04,-7.596988e-01,7.353111e+00
1908,1.215423e-17,-9.931193e-06,2.021666e-04,5.462432e-04,4.243254e-01,1.839171e-01,7.549263e+00
1909,2.266903e-19,-1.835956e-05,2.066377e-04,5.408781e-04,1.418716e-01,1.073126e-01,1.792832e+00
1910,4.790393e-18,5.119133e-06,2.203131e-04,5.387963e-04,-2.013231e+00,-9.486672e-02,1.059054e+01
1911,2.600613e-17,1.564762e-05,2.097992e-04,5.421937e-04,2.168085e-01,5.013182e-01,7.808642e+00
1912,2.131364e-18,7.722909e-06,2.171828e-04,5.362052e-04,3.588176e-01,5.424465e-02,1.240909e+01
1913,4.717133e-18,1.564675e-06,2.195367e-04,5.341909e-04,-4.954445e-01,4.177935e-02,1.204424e+01
1914,1.576306e-17,9.775220e-06,2.104538e-04,5.413194e-04,1.075508e-01,-7.142743e-01,5.665536e+00
1915,2.678430e-18,1.643710e-05,2.226392e-04,5.427417e-04,5.899333e-02,1.017733e-02,4.484536e+00
1916,5.628994e-18,2.031059e-05,2.210906e-04,5.412432e-04,-5.810381e-01,8.619305e-03,3.839805e+00
1917,1.304247e-18,-2.226864e-05,2.496077e-04,5.169122e-04,-4.615960e-01,2.447861e-01,1.978002e+01
1918,1.692345e-18,-2.050374e-05,2.496093e-04,5.138884e-04,1.319237e+00,1.112075e-01,1.874705e+01
1919,2.796302e-17,1.984723e-05,2.490778e-04,5.210760e-04,1.498717e+00,5.819816e-02,1.211460e+01
1920,4.247965e-18,7.976614e-06,2.391362e-04,5.201061e-04,1.222753e+00,-2.376716e-01,7.889018e+00
1921,6.487312e-18,7.882922e-07,2.289001e-04,5.141096e-04,2.263923e-01,5.355297e-01,1.331905e+01
1922,1.270139e-18,1.246693e-05,2.281191e-04,5.128874e-04,7.680290e-01,1.990237e-01,1.679560e+00
1923,7.473188e-19,7.787419e-07,2.496081e-04,5.151688e-04,-4.199981e-02,4.573397e-02,7.821734e+00
1924,3.000440e-18,1.639387e-05,2.496090e-04,5.048541e-04,6.722949e-01,-8.506791e-02,7.660593e+00
1925,2.790957e-18,1.406221e-05,2.453127e-04,5.056982e-04,2.001042e-02,3.501527e-02,2.534871e+00
1926,2.131464e-18,-1.880450e-05,2.496090e-04,5.092726e-04,-5.887498e-01,9.003591e-02,1.814348e+01
1927,1.028236e-18,-2.362752e-05,2.496081e-04,5.226247e-04,-9.699049e-01,1.679259e-01,2.221089e+01
1928,2.399070e-17,-8.536100e-06,2.331301e-04,5.070749e-04,1.109156e+00,2.799866e-01,7.488222e+00
1929,2.692664e-18,-1.774457e-05,2.496095e-04,5.039686e-04,-7.782847e-02,1.384694e-01,1.583239e+01
1930,1.313360e-17,-7.410553e-06,2.275592e-04,5.052197e-04,7.313342e-01,-6.845904e-01,5.682358e+00
1931,3.806862e-18,-2.515926e-06,2.265808e-04,5.087420e-04,1.054247e+00,-3.862724e-01,8.713052e+00
1932,1.157532e-18,-7.826670e-07,2.390639e-04,5.167040e-04,-6.980594e-02,1.521650e-02,5.187996e+00
1933,2.841879e-18,-8.592390e-06,2.289048e-04,5.186552e-04,-1.417600e-01,2.916324e-02,8.412568e+00
1934,7.001300e-18,-1.108489e-05,2.359397e-04,5.081863e-04,7.576366e-01,1.920047e-01,2.996132e+00
1935,1.064390e-18,-1.640082e-05,2.382803e-04,5.183078e-04,-3.442189e-01,-2.494243e-01,-4.880283e-01
1936,6.399256e-19,-2.504638e-05,-1.445436e-05,4.693638e-04,1.458753e+00,2.659212e-01,-6.694412e+00
1937,7.136838e-19,-1.132829e-05,-2.581068e-05,4.740449e-04,3.701243e+00,-7.107512e-01,8.942759e-01
1938,5.070594e-19,-1.952730e-05,-8.202141e-06,4.701481e-04,4.543167e-01,9.431847e-01,-2.936233e+00
1939,2.401694e-17,-9.133685e-06,-7.030905e-06,4.724245e-04,-1.522517e+00,-2.219839e+00,-9.254647e-01
1940,1.171032e-18,-1.250887e-05,-1.718087e-05,4.724844e-04,-1.083362e-01,-1.980356e-01,-1.753074e+00
1941,1.766005e-18,-1.783774e-05,-1.172416e-05,4.742801e-04,9.023271e-01,3.521330e-01,-1.971059e-01
1942,5.636570e-19,-1.250005e-05,-4.101314e-05,4.748303e-04,4.247926e-02,-9.633973e-01,-2.667413e+00
1943,3.767975e-19,-2.734256e-06,-2.773416e-05,4.756163e-04,-1.308817e+00,4.904374e-01,2.114195e+00
1944,2.452773e-19,5.078173e-06,-4.648401e-05,4.709303e-04,4.808837e-01,1.192169e+00,-4.804434e-01
1945,2.543187e-19,5.859373e-06,-4.726621e-05,4.709271e-04,1.339532e+00,1.642922e-01,6.746426e-01
1946,3.048513e-19,5.078293e-06,-4.570303e-05,4.701514e-04,8.306701e-01,1.885322e+00,-1.493306e+00
1947,4.551007e-17,4.522530e-06,-1.997688e-05,4.981781e-04,2.186080e+00,8.217735e-01,7.771193e+00
1948,1.188096e-16,2.630762e-05,-1.573188e-05,4.920779e-04,2.329965e+00,1.548690e-02,1.017726e+01
1949,4.875523e-18,2.106346e-05,-1.569721e-05,4.833297e-04,-1.308793e+00,1.802623e-01,6.778300e+00
1950,8.102738e-18,2.356768e-06,-1.242875e-05,4.960336e-04,-6.917609e-02,1.014372e-01,4.080061e+00
1951,7.160017e-18,1.862706e-05,-6.248436e-06,4.848631e-04,-2.507496e+00,-1.608395e-01,5.929668e-01
1952,4.944030e-18,1.953542e-05,-1.716977e-05,4.896457e-04,-1.764228e-01,-1.898232e-01,2.097270e+00
1953,3.395286e-18,1.953057e-05,-1.718657e-05,4.970877e-04,1.187213e-01,-6.294281e-02,1.661961e+00
1954,1.615085e-18,2.428215e-05,-1.655283e-05,4.980971e-04,1.309001e+00,6.503057e-01,7.631769e+00
1955,2.967265e-18,1.327594e-05,-1.016209e-05,4.877383e-04,9.618544e-02,1.056856e-02,3.652880e-01
1956,3.925140e-19,2.382554e-05,-1.523731e-05,4.966632e-04,7.737347e-01,-3.554893e+00,8.960535e+00
1957,6.413504e-19,2.420120e-05,-1.445827e-05,4.865236e-04,6.166728e-01,5.071891e-01,1.309941e+01
1958,1.045848e-18,2.421504e-05,-1.445540e-05,4.838181e-04,-3.791211e-01,5.522942e-01,1.077152e+01
1959,1.361883e-18,2.414461e-05,-1.509699e-05,4.790397e-04,-8.929276e-01,-4.245139e-01,6.013082e+00
1960,4.876787e-18,1.568076e-06,-1.875716e-05,4.795817e-04,2.224893e-01,3.701806e-01,-2.049854e+00
1961,2.283156e-18,1.328033e-05,-1.337710e-05,4.781311e-04,-6.573230e-01,-1.232086e-01,-1.654906e+00
1962,2.118283e-17,3.110978e-05,-1.010388e-05,5.160697e-04,3.819364e+00,4.212772e+00,2.762522e+01
1963,6.740734e-18,2.659541e-05,-9.591819e-06,5.105689e-04,-4.729599e-03,4.065086e+00,2.693972e+01
1964,2.743668e-18,4.609940e-05,-1.326900e-05,5.201248e-04,7.352437e-02,-7.764488e-01,1.983397e+01
1965,1.164776e-17,4.682498e-05,-1.248873e-05,5.021296e-04,7.465594e-01,2.419749e-01,1.381638e+01
1966,7.148006e-18,4.609518e-05,-1.260093e-05,5.137326e-04,-1.102672e-01,-1.277914e-01,1.984067e+01
1967,4.799585e-18,3.905316e-05,-1.092898e-05,5.243896e-04,-3.955727e-01,2.314649e-01,8.947098e+00
1968,1.031444e-18,2.714668e-05,-1.348490e-05,5.142266e-04,4.303719e-02,1.409977e-01,4.218932e+00
1969,2.214937e-18,2.811461e-05,-1.316479e-05,5.199737e-04,7.647246e-02,-6.294085e-01,3.776603e+00
1970,4.490835e-18,3.672075e-05,-7.809277e-06,5.120411e-04,2.715428e-02,-6.644618e-01,7.945245e-01
1971,1.088803e-18,3.672769e-05,-2.346216e-06,5.182428e-04,-2.401672e-01,1.427660e-01,2.284373e+00
1972,2.252642e-18,3.280009e-05,-6.264154e-06,5.117060e-04,8.401100e-03,-2.039442e-01,1.878094e+00
1973,3.872218e-18,3.984862e-05,-1.952970e-05,5.182407e-04,1.376226e-01,-2.898401e-01,2.101141e-01
1974,3.809924e-17,5.656215e-05,-5.625712e-06,4.927011e-04,4.724461e-01,-1.711876e+00,3.895684e+00
1975,1.960883e-16,5.665438e-05,-6.123813e-06,4.923659e-04,1.872473e+00,-1.613010e+00,4.038823e+00
1976,7.251775e-17,6.825273e-05,-4.226584e-06,4.898162e-04,8.699390e-01,6.929373e-01,7.100041e+00
1977,1.867161e-17,6.989935e-05,-7.113855e-06,4.857395e-04,-4.240232e-01,2.450480e+00,9.409044e+00
1978,6.164842e-19,7.342022e-05,-5.079896e-06,4.935525e-04,-3.168932e-01,8.597089e-01,7.570586e+00
1979,3.194332e-17,6.060191e-05,-2.402953e-05,4.851834e-04,-3.289441e-02,-1.287778e-02,-1.049944e+00
1980,7.981805e-18,6.365272e-05,-8.589777e-06,4.904756e-04,1.380811e+00,-7.392325e-01,3.661328e+00
1981,1.787651e-18,6.633239e-05,-5.530672e-06,4.835343e-04,1.083370e-01,1.314212e+00,5.370075e+00
1982,5.330202e-18,5.468761e-05,-9.379995e-06,4.990458e-04,-2.519105e-01,1.369159e-01,7.217384e+00
1983,2.564407e-19,5.273387e-05,-5.078798e-06,4.966715e-04,-1.136386e+00,-6.183092e-01,1.419602e+00
1984,8.249700e-19,6.940351e-05,-1.029045e-05,4.943376e-04,7.812154e-01,7.394791e-01,1.412379e+01
1985,6.271494e-19,6.132830e-05,-1.537666e-06,4.826384e-04,8.425938e-01,-2.737357e-01,3.629691e-01
1986,3.304699e-19,7.226570e-05,-2.735024e-06,4.912156e-04,-1.217296e+00,-4.404003e-01,9.569033e+00
1987,5.274727e-18,7.344461e-05,-4.693435e-06,4.896462e-04,-2.797322e-01,9.745872e-02,7.099536e+00
1988,1.525101e-17,4.375032e-05,-2.421862e-05,4.908563e-04,-7.566897e-02,1.816777e-02,-8.684844e-01
1989,1.726909e-17,4.726146e-05,-2.038834e-05,4.989016e-04,7.503559e-01,-1.246561e+00,1.808189e+01
1990,6.768276e-18,4.763950e-05,-1.791934e-05,4.924493e-04,6.371630e-01,-1.553529e+00,1.583560e+01
1991,4.469889e-17,4.588935e-05,-2.393908e-05,4.808231e-04,-4.558517e-02,-4.192653e-03,-6.608283e-01
1992,1.378243e-18,2.890752e-05,-1.406482e-05,4.834073e-04,2.318577e-01,-2.192332e-02,5.204212e+00
1993,3.570013e-18,4.687621e-05,-7.724584e-06,4.863649e-04,-9.173789e-02,-6.933817e-03,7.329494e+00
1994,1.131839e-17,3.359020e-05,-1.968703e-05,4.809008e-04,-1.288057e+00,2.975384e-01,1.188413e+00
1995,2.813878e-17,3.773243e-05,-8.572037e-06,4.924303e-04,2.559136e-01,1.869440e+00,3.646643e+00
1996,1.071458e-17,4.688682e-05,-1.190452e-05,4.920635e-04,-1.474393e-01,-8.721600e-01,8.613781e+00
1997,2.373424e-19,4.804774e-05,-1.758070e-05,4.881034e-04,5.013010e-01,-3.812650e-02,1.244454e+01
1998,2.513822e-18,4.297257e-05,-3.899991e-06,4.994577e-04,-6.608551e-02,7.214581e-02,2.044195e+00
1999,2.404048e-19,4.804540e-05,-1.836104e-05,4.849740e-04,-8.628776e-01,-4.227613e-01,9.942859e+00
2000,3.820468e-17,4.377958e-05,-2.370818e-05,4.907660e-04,-6.512926e-02,4.324998e-03,-6.584379e-01
2001,2.126814e-17,-1.485891e-04,1.537214e-07,5.469796e-04,3.821014e-01,-1.607295e+00,7.477833e+00
2002,7.647205e-18,-1.507691e-04,9.755490e-06,5.120994e-04,-1.153668e-02,-1.179024e+00,4.204217e+00
2003,7.002253e-18,-1.345800e-04,1.560244e-05,5.107115e-04,1.011464e-01,3.713070e-01,5.923413e+00
2004,4.215292e-18,-1.439131e-04,7.809216e-06,5.048822e-04,-1.599622e-01,3.223608e-01,4.717876e+00
2005,4.665811e-18,-1.398397e-04,4.689652e-06,5.106596e-04,8.075067e-02,2.928632e-02,4.623049e+00
2006,2.932843e-18,-1.445388e-04,8.599501e-06,5.217064e-04,-3.078181e-02,5.609612e-02,6.171786e+00
2007,1.480683e-18,-1.484390e-04,3.907350e-06,5.228563e-04,6.446526e-02,4.049749e-01,8.894839e+00
2008,1.534456e-18,-1.484394e-04,3.896757e-06,5.182533e-04,-5.067444e-02,-8.449569e-02,8.071637e+00
2009,2.346913e-18,-1.398405e-04,4.686398e-06,5.163904e-04,-1.951820e-02,9.105827e-02,4.876320e+00
2010,1.110633e-18,-1.374990e-04,9.369623e-06,5.266902e-04,1.883651e-02,5.774455e-02,7.577917e+00
2011,2.540849e-18,-1.444956e-04,2.934574e-06,5.043588e-04,-5.949119e-02,1.187952e+00,3.806349e+00
2012,2.989977e-18,-1.421853e-04,7.808421e-06,5.164261e-04,-1.656819e-01,4.558440e-02,2.818643e+00
2013,4.442680e-16,-1.367168e-04,-1.551160e-05,5.424386e-04,-7.259941e-01,-8.619802e-01,6.273879e+00
2014,7.191681e-18,-1.428558e-04,-1.037616e-05,5.477049e-04,-2.537974e-01,6.598825e-01,8.665482e+00
2015,2.619700e-18,-1.265409e-04,-1.799271e-05,5.337629e-04,6.048019e-01,-1.295815e-01,4.012005e+00
2016,4.043666e-18,-1.476560e-04,-1.328798e-05,5.407794e-04,-9.899223e-03,-4.772008e-02,7.796950e+00
2017,1.884183e-17,-1.315647e-04,-4.681168e-06,5.359597e-04,-8.604625e-01,-8.785235e-01,6.968076e+00
2018,3.304047e-18,-1.437494e-04,-2.352086e-06,5.470542e-04,-1.218106e-03,-1.367552e-01,7.327686e+00
2019,1.173296e-18,-1.476453e-04,-1.327553e-05,5.333786e-04,4.641215e-02,-9.405460e-03,5.362545e+00
2020,6.772147e-17,-1.452858e-04,4.772973e-06,5.396614e-04,8.947868e-01,1.290411e-02,1.018861e+01
2021,4.328477e-18,-1.406061e-04,2.015746e-05,5.301602e-04,1.164043e+00,-4.605368e-01,7.412530e+00
2022,3.083251e-18,-1.343756e-04,1.562540e-05,5.382685e-04,6.454951e-03,9.589240e-03,1.118142e+01
2023,1.384308e-18,-1.484372e-04,3.904312e-06,5.326188e-04,-1.416613e-01,-7.686423e-02,8.962146e+00
2024,4.889189e-18,-1.267116e-04,2.349845e-06,5.304238e-04,7.029275e-01,7.905482e-02,6.079032e+00
2025,5.397518e-18,-1.336197e-04,1.273904e-06,5.394350e-04,2.933722e-01,1.533484e-02,9.021228e+00
2026,1.233010e-18,-1.398495e-04,4.693989e-06,5.304150e-04,2.740640e-02,2.427586e-02,5.964101e+00
2027,1.271153e-18,-1.398320e-04,4.693292e-06,5.370795e-04,2.266612e-02,5.437144e-02,4.205033e+00
2028,4.741414e-18,-1.273440e-04,4.382507e-06,5.381884e-04,5.536466e-02,7.397152e-01,4.705792e+00
2029,8.726560e-18,-1.453383e-04,2.335362e-06,5.442276e-04,4.046852e-02,-1.488487e-01,2.076141e+00
2030,2.245846e-17,-1.643253e-04,1.432536e-05,5.156319e-04,3.101416e-01,-2.885676e-02,3.215684e+00
2031,9.868234e-17,-1.644465e-04,1.451684e-05,5.157102e-04,2.515322e-01,-3.171705e-02,3.102091e+00
2032,2.398543e-17,-1.523621e-04,1.786466e-05,5.225734e-04,-4.654695e-01,9.775462e-01,5.388316e+00
2033,3.196090e-17,-1.564690e-04,1.088305e-05,5.192795e-04,9.165071e-01,7.749438e-01,6.881702e+00
2034,3.982897e-18,-1.695317e-04,-7.799380e-07,5.097459e-04,2.328417e-02,5.776930e-02,1.858728e+00
2035,8.427736e-18,-1.709503e-04,1.302312e-05,5.220769e-04,-6.832032e-02,7.196274e-01,1.215575e+00
2036,4.480494e-18,-1.570294e-04,1.718876e-05,5.275716e-04,6.295399e-02,9.198306e-03,6.288300e+00
2037,6.006972e-18,-1.695302e-04,2.341381e-06,5.243392e-04,-1.589135e-02,1.180311e-02,2.058349e+00
2038,1.530692e-18,-1.718627e-04,-2.188655e-05,5.267200e-04,1.900161e-01,-3.634434e+00,1.209382e+01
2039,1.217056e-17,-1.677113e-04,-2.278021e-05,5.426070e-04,1.045512e-01,4.059402e-02,7.070334e+00
2040,5.117043e-18,-1.625023e-04,-7.815506e-06,5.363789e-04,-1.079406e-01,-2.474330e-01,4.690357e+00
2041,3.339096e-17,-1.538777e-04,1.173873e-06,5.301118e-04,-3.748372e-01,1.302743e+00,3.413991e+00
2042,1.027155e-18,-1.734384e-04,-1.484597e-05,5.400887e-04,-1.078255e-02,6.250261e-02,-3.602697e-01
2043,1.014512e-18,-1.734401e-04,-1.485250e-05,5.422960e-04,4.240238e-02,-8.688987e-02,2.083945e-01
2044,3.308087e-17,-1.673709e-04,1.378211e-05,5.294760e-04,-8.251609e-01,1.529380e+00,3.267329e+00
2045,2.080854e-17,-1.692117e-04,1.639022e-05,5.374108e-04,-1.309946e-01,-6.651081e-01,3.329574e+00
2046,1.588615e-18,-1.664759e-04,3.706720e-06,5.496710e-04,2.325006e+00,-3.674751e-01,1.663452e+01
2047,2.655866e-18,-1.569924e-04,1.405270e-05,5.464415e-04,-2.078222e-02,-8.309178e-02,3.613271e+00
2048,2.144942e-18,-1.523544e-04,1.563777e-05,5.375228e-04,4.252727e-01,-1.557651e-01,5.753807e-01
2049,1.318599e-16,-1.622115e-04,-1.326320e-05,5.102324e-04,-8.333011e-01,-3.351982e+00,7.711345e+00
2050,1.480948e-18,-1.711258e-04,-7.043029e-06,5.136530e-04,6.674765e-01,8.667295e-01,1.566310e+01
2051,6.068119e-18,-1.718754e-04,-1.613275e-05,5.158937e-04,-8.801600e-02,-2.679194e+00,1.245434e+01
2052,7.505339e-19,-1.725129e-04,-3.781271e-06,5.028909e-04,4.454160e-01,8.417564e-02,7.070922e+00
2053,3.299696e-18,-1.718929e-04,-1.876400e-05,5.216981e-04,-5.421938e-01,-3.544497e+00,1.292724e+01
2054,1.234311e-17,-1.707431e-04,-1.752692e-05,5.245000e-04,3.154225e+00,-1.730658e+00,4.908431e+00
2055,1.387632e-18,-1.601486e-04,-5.464066e-06,5.198184e-04,2.238952e-01,-1.976748e-01,3.616640e+00
2056,1.606659e-18,-1.578084e-04,-1.484284e-05,5.228844e-04,8.812455e-03,-5.015167e-01,2.736529e+00
2057,3.353980e-18,-1.578378e-04,-1.484464e-05,5.102573e-04,-1.129714e+00,-3.169116e-01,-3.871428e-01
2058,4.347012e-16,1.896790e-04,-2.038322e-06,5.318573e-04,-2.529360e-01,5.667084e-01,9.153557e+00
2059,3.770206e-17,2.150838e-04,8.968296e-06,5.325801e-04,5.027350e-01,-4.976241e-01,5.047537e+00
2060,2.838869e-18,2.218763e-04,1.251274e-05,5.389367e-04,-1.927320e-02,7.044294e-02,4.364396e+00
2061,4.954177e-17,1.815232e-04,1.034472e-05,5.466695e-04,-1.197612e+00,-3.544652e-01,8.129604e+00
2062,1.384297e-16,1.963567e-04,1.531726e-05,5.425521e-04,-1.881878e+00,1.275638e-01,5.393163e+00
2063,1.252717e-18,1.866984e-04,3.135981e-06,5.370693e-04,-4.849721e-01,-4.773024e-01,6.194292e+00
2064,2.888737e-18,1.960913e-04,8.601868e-06,5.322862e-04,-1.851699e-01,-4.627085e-02,6.890917e+00
2065,4.271500e-18,1.921835e-04,1.172899e-05,5.349172e-04,2.544979e-02,3.029657e-02,3.149069e+00
2066,2.470223e-18,1.789107e-04,1.562541e-05,5.450193e-04,4.696218e-03,-2.263197e-02,1.152736e+00
2067,2.242403e-18,1.953243e-04,1.016617e-05,5.463987e-04,-7.386368e-02,-2.349479e-01,2.977787e+00
2068,2.601968e-17,1.978020e-04,3.783167e-06,5.099694e-04,9.723897e-01,8.935799e-01,2.400813e+01
2069,3.411263e-17,2.126757e-04,1.352728e-05,5.119624e-04,-4.075701e-01,-8.397025e-01,1.103916e+01
2070,1.638798e-17,2.098688e-04,5.636612e-06,5.233857e-04,-4.683549e-01,-2.048500e+00,1.606293e+01
2071,2.885826e-17,2.060338e-04,1.425426e-05,5.195803e-04,-5.045722e-01,1.489574e+00,9.265452e+00
2072,1.998750e-18,2.139997e-04,1.555842e-05,5.056961e-04,2.426099e-01,4.178908e-01,8.879994e+00
2073,1.435227e-18,2.070213e-04,8.577019e-06,5.175110e-04,-4.461583e-01,9.884159e-01,1.086156e+01
2074,1.195219e-18,2.226502e-04,1.173643e-05,5.244003e-04,1.871752e-02,5.095819e-01,3.425840e+00
2075,3.724475e-18,2.023538e-04,4.624734e-06,5.161237e-04,7.179121e-02,5.744182e-01,2.715924e+00
2076,3.000933e-18,1.736992e-04,1.255491e-05,5.190207e-04,-2.199526e+00,-1.167097e+00,5.647991e+00
2077,3.809558e-17,1.776082e-04,7.449476e-06,5.182671e-04,-1.407165e+00,-7.722931e-01,1.029900e+01
2078,2.271916e-18,1.922361e-04,7.366757e-07,5.033842e-04,-1.535973e+00,6.888674e-01,9.242883e+00
2079,2.940003e-17,1.835001e-04,3.677500e-06,5.104048e-04,-6.413588e-01,1.912945e-02,9.263719e+00
2080,1.276508e-17,1.800849e-04,1.147067e-05,5.093810e-04,-8.012951e-01,-5.952946e-01,8.921247e+00
2081,1.483236e-16,1.715321e-04,9.027136e-06,5.243075e-04,-1.338942e-01,-5.194159e-01,1.010525e+01
2082,1.459687e-17,1.730319e-04,1.558887e-05,5.096085e-04,1.684781e-01,-3.326451e-01,3.697626e+00
2083,7.822206e-18,1.853718e-04,5.955739e-06,5.231623e-04,1.535518e-01,-1.550924e+00,5.417035e+00
2084,5.230386e-18,1.828122e-04,5.471333e-06,5.036077e-04,2.105847e-01,-1.812609e-01,8.830492e+00
2085,4.288077e-18,1.812447e-04,2.338568e-06,5.143297e-04,-2.281495e-01,1.100657e-01,2.959341e+00
2086,2.356017e-17,1.934575e-04,-4.637778e-06,5.128031e-04,2.281460e-01,-4.166448e+00,1.614253e+01
2087,3.717025e-18,1.914082e-04,-1.328067e-05,5.163835e-04,1.215048e+00,9.502586e-01,8.222491e+00
2088,6.048281e-17,1.915654e-04,-1.384994e-05,5.168382e-04,9.597681e-01,7.822187e-01,8.088239e+00
2089,1.235724e-17,1.984766e-04,-4.708864e-06,5.132026e-04,8.098787e-01,3.044254e+00,1.012435e+01
2090,2.893387e-17,1.784789e-04,-1.566038e-05,5.095499e-04,-3.680378e-01,6.430050e-01,6.893558e+00
2091,1.301876e-18,1.937648e-04,-1.757946e-05,5.171778e-04,-7.334072e-02,1.631090e+00,6.149255e+00
2092,2.082648e-17,1.838131e-04,-7.344935e-06,5.055814e-04,6.668508e-01,-1.573937e+00,4.151329e+00
2093,1.572494e-18,1.922013e-04,-1.173168e-06,5.070709e-04,-1.152349e+00,-6.040758e-01,1.298154e+01
2094,5.757696e-17,1.748990e-04,-1.221165e-05,5.087390e-04,2.075670e+00,-2.620505e-01,4.142383e+00
2095,1.214095e-17,1.945529e-04,-6.246222e-06,5.080802e-04,-4.818051e-02,-9.034300e-02,9.899291e+00
2096,1.256103e-17,1.838823e-04,-8.948235e-06,5.243893e-04,-5.380349e-01,1.146569e+00,4.173300e+00
2097,2.854061e-18,1.976552e-04,-1.483927e-05,5.186554e-04,5.025958e-02,-4.043100e-01,4.911437e+00
2098,5.283766e-18,1.945364e-04,-6.253045e-06,5.266463e-04,2.919405e-03,6.134780e-02,1.585470e+01
2099,4.605871e-18,1.914040e-04,-1.171698e-05,5.036621e-04,-1.715812e-01,-4.302148e-02,2.970832e+00
2100,6.180601e-18,1.930532e-04,-1.171616e-05,5.268045e-04,-6.772028e-01,-8.657048e-02,5.092945e+00
2101,3.935470e-18,2.054079e-04,-1.018999e-05,5.097316e-04,4.583925e-01,2.183325e-02,9.934259e+00
2102,1.449177e-17,2.124219e-04,-9.829454e-06,5.230510e-04,-1.476545e-01,7.257609e-01,6.582035e+00
2103,1.033597e-17,2.082275e-04,-5.460100e-06,5.112243e-04,3.128459e-01,-2.655985e-01,7.055646e+00
2104,7.688321e-18,2.012765e-04,-9.948090e-06,5.084806e-04,-1.791599e+00,7.238328e-02,6.995552e+00
2105,6.561023e-18,2.195316e-04,-3.120560e-06,5.171097e-04,1.234639e-01,1.231467e-01,7.554935e+00
2106,3.038631e-18,2.195301e-04,-3.121290e-06,5.086249e-04,-1.553064e-01,-1.727435e-01,3.333164e+00
2107,3.319525e-18,2.140545e-04,-7.037135e-06,5.117466e-04,-3.830873e-02,3.416673e-01,4.173883e+00
2108,3.047259e-18,2.195327e-04,-3.130086e-06,5.047593e-04,-4.086152e-03,-1.279316e-01,3.881844e+00
2109,1.228198e-16,1.820695e-04,-7.453393e-06,5.341635e-04,-1.456013e-01,-6.057169e-01,7.493296e+00
2110,8.395961e-18,1.759231e-04,-1.499849e-05,5.320011e-04,-2.304589e+00,-5.825617e-01,8.187211e+00
2111,1.246729e-18,1.937530e-04,-1.797560e-05,5.379593e-04,-3.593927e-02,2.585506e-03,2.641452e+00
2112,1.420242e-18,1.765669e-04,-1.015885e-05,5.385786e-04,-1.676401e-01,-2.875940e-01,9.899798e-01
2113,9.262894e-19,1.882819e-04,-1.015714e-05,5.393764e-04,-6.234704e-02,1.730329e-02,3.730192e+00
2114,1.324397e-18,1.984300e-04,-1.015303e-05,5.461068e-04,2.479573e-01,1.940569e-01,-3.997233e-01
2115,3.968481e-19,1.601449e-05,2.417966e-04,4.717121e-04,-1.828970e+00,-6.020309e-01,-5.177087e+00
2116,8.427638e-19,9.418953e-07,2.378907e-04,4.713948e-04,1.100934e+00,-1.262868e+00,-5.260237e+00
2117,9.720168e-18,1.956855e-05,7.636683e-05,4.725471e-04,-1.868131e+00,1.386667e+00,-2.196904e+00
2118,5.129978e-19,-1.976734e-04,-4.296443e-06,4.732760e-04,9.443039e-01,2.325497e+00,-2.752747e+00
2119,1.651533e-18,-1.960141e-04,-1.224013e-05,4.713877e-04,-1.160861e+00,-2.929966e-01,-2.683216e+00
2120,2.305082e-18,-1.968330e-04,1.333498e-05,4.735309e-04,-8.072495e-01,-2.790937e-01,-1.804361e+00
2121,1.144125e-18,-1.838125e-04,5.077384e-06,4.718488e-04,2.313882e+00,-1.815544e+00,-4.768058e+00
2122,6.841695e-18,-2.175922e-04,1.487166e-05,4.747695e-04,-1.531007e+00,-1.247104e-01,6.167170e+00
2123,2.815475e-17,-2.224276e-04,5.873285e-06,4.726708e-04,1.982572e+00,1.719367e+00,-3.945163e+00
2124,1.217336e-18,-2.181803e-04,1.618851e-05,4.682220e-04,-1.336572e+00,3.227621e+00,-6.358375e+00
2125,1.729787e-18,1.343833e-04,-9.100825e-07,4.722667e-04,2.750919e-01,9.734518e-02,-4.247532e+00
2126,2.974568e-18,1.281038e-04,-1.249094e-05,4.752556e-04,-6.083544e-01,4.163325e-01,2.122557e+00
2127,5.393593e-19,1.292925e-04,-1.248226e-05,4.724800e-04,-1.270216e+00,8.722766e-01,-3.222563e+00
2128,6.687479e-19,-6.914028e-05,-1.757839e-05,4.752431e-04,-8.801199e-01,-2.824092e+00,5.785791e+00
2129,2.175417e-18,-6.324202e-05,-1.811771e-05,4.745796e-04,4.984045e-01,-3.077607e+00,1.706552e+00
2130,1.652937e-17,-6.767693e-05,-1.769318e-05,4.787845e-04,1.234278e+00,5.008534e-02,7.386675e+00
2131,8.715767e-19,-5.407074e-05,-6.398016e-06,4.732718e-04,-1.407899e+00,2.797786e+00,-3.101296e+00
2132,1.387292e-18,-4.217656e-05,-8.585375e-06,4.756126e-04,7.271012e-01,-8.926252e-01,9.618206e-01
2133,2.896671e-18,-4.609303e-05,-3.541899e-06,4.773660e-04,-2.906412e-01,6.850717e-01,-7.724738e-01
2134,1.684978e-18,-4.503918e-05,-1.263996e-05,4.688967e-04,2.127372e+00,-1.034805e+00,-1.209002e+01
2135,3.240012e-17,-4.378448e-05,-1.199953e-05,4.772950e-04,-1.276359e+00,9.724732e-01,1.860842e+00
2136,3.326486e-18,-4.140380e-05,-1.564960e-06,4.767522e-04,6.461271e-01,-1.000765e-02,8.229871e-01
2137,7.303123e-19,2.733913e-06,9.924149e-05,4.693699e-04,1.011589e+00,6.454594e+00,-6.103116e+00
2138,2.609652e-19,1.289172e-05,8.632883e-05,4.740387e-04,-1.756813e+00,-3.961843e-01,-6.907172e-01
2139,1.308386e-18,1.289078e-05,8.617380e-05,4.719222e-04,-7.085222e-01,4.396826e-01,-3.275192e+00
2140,5.477229e-19,2.460944e-05,8.516675e-05,4.732816e-04,4.587150e-01,-1.353844e-01,-3.323727e+00
2141,1.382059e-18,-1.322060e-05,9.101672e-05,4.716130e-04,-6.846773e-01,1.010472e+00,-4.760742e+00
2142,1.131180e-18,-1.327998e-05,9.179768e-05,4.732532e-04,-1.762442e+00,2.149990e+00,-3.171112e+00
2143,6.378718e-19,1.367179e-05,1.149387e-04,4.748286e-04,1.059072e-01,-5.427976e-01,-1.812129e+00
2144,2.487233e-19,1.445278e-05,1.152328e-04,4.740498e-04,-2.565166e-01,-2.002270e+00,-1.315691e+00
2145,7.153547e-19,-3.125583e-06,1.183589e-04,4.740589e-04,-1.448127e+00,-2.586826e+00,-2.583510e+00
2146,2.576621e-17,4.165170e-06,-1.209755e-04,5.011131e-04,1.576895e+00,-1.643109e+00,6.291229e+00
2147,2.911400e-17,8.542908e-06,-1.042997e-04,4.991381e-04,-2.236049e+00,1.559777e+00,1.129210e+01
2148,2.658145e-17,2.405135e-05,-1.214260e-04,4.989806e-04,-3.871108e-02,-3.402660e-02,-9.040831e-01
2149,2.519750e-17,7.022607e-06,-1.074932e-04,4.820075e-04,3.873648e-02,-4.302445e-01,2.405496e+00
2150,9.597528e-18,1.173433e-05,-1.078768e-04,4.879170e-04,5.474526e-01,4.601511e-01,7.954509e+00
2151,9.042512e-18,1.070362e-06,-1.015693e-04,4.866623e-04,1.827272e-01,8.493338e-01,4.991713e+00
2152,3.121670e-18,-7.745372e-07,-1.148435e-04,4.916059e-04,-9.546478e-02,-8.305482e-02,4.782390e+00
2153,1.267965e-18,-7.959692e-07,-1.148340e-04,4.997864e-04,-5.460836e-02,-9.360970e-04,4.800009e+00
2154,1.437712e-18,3.125097e-06,-1.117078e-04,4.935545e-04,-1.980632e+00,-2.066744e-01,3.951626e+00
2155,4.952993e-18,6.586872e-06,-1.117283e-04,4.853892e-04,1.830863e-01,4.675717e-02,2.891041e+00
2156,3.365316e-18,1.094300e-05,-1.210859e-04,4.845998e-04,-2.824136e-01,-5.806433e-01,7.260698e-01
2157,2.993873e-18,1.799255e-05,-1.118320e-04,4.966738e-04,-1.090762e+00,8.887505e-01,-1.712817e+00
2158,8.537555e-18,-1.027019e-06,-1.017563e-04,4.823844e-04,-1.614040e+00,-8.617794e-01,7.458881e+00
2159,2.896487e-18,1.171551e-05,-1.078237e-04,4.768020e-04,6.060768e-01,2.557858e-01,1.575136e-01
2160,3.267283e-18,7.833503e-07,-1.234342e-04,4.978424e-04,-2.235200e-01,1.248962e-01,2.982798e-01
2161,3.386654e-18,2.460946e-05,-1.117149e-04,4.896625e-04,7.989761e-03,3.531656e-02,-2.104415e+00
2162,2.819911e-16,-1.219020e-05,-1.144275e-04,5.054352e-04,-4.262575e-01,7.404561e-01,5.907055e+00
2163,1.321568e-17,-1.585031e-05,-1.154504e-04,4.805899e-04,-8.415649e-01,1.732617e+00,3.046856e+00
2164,2.802021e-18,-9.401264e-06,-1.218714e-04,4.994269e-04,1.022963e+00,-3.573834e-01,1.136266e+01
2165,6.546483e-17,-2.378241e-05,-1.196912e-04,4.928635e-04,2.705291e-02,4.002142e-03,-7.280105e-01
2166,1.864391e-17,-1.044020e-05,-1.093810e-04,5.022977e-04,-2.807441e+00,3.940542e-01,3.253143e+01
2167,6.685309e-19,-6.641849e-06,-1.179498e-04,4.865426e-04,-4.931717e-01,2.907713e-02,1.132541e+00
2168,1.276727e-17,-5.462134e-06,-1.179380e-04,4.773317e-04,2.581172e+00,2.350671e-02,-7.076516e+00
2169,1.045173e-18,-1.496667e-05,-1.169998e-04,4.724960e-04,6.785350e-01,-5.587725e-01,-5.977624e+00
2170,1.286864e-17,1.579661e-05,1.676906e-05,5.251732e-04,-2.324931e-01,8.078728e-01,3.211466e+01
2171,6.656889e-18,2.264374e-05,1.013657e-05,5.260313e-04,2.326058e-02,-7.218367e-03,5.080056e+00
2172,1.720593e-16,1.152909e-05,8.968810e-06,5.346894e-04,-1.498057e+00,5.066176e-02,6.660744e+00
2173,1.360189e-17,2.365584e-06,1.609010e-05,5.435009e-04,-2.277902e+00,-1.822493e+00,8.527169e+00
2174,1.040263e-17,2.181523e-05,2.420634e-05,5.317727e-04,1.863738e-01,-4.793358e-02,8.185634e+00
2175,3.375385e-18,2.186675e-05,2.408560e-06,5.406130e-04,6.529528e-02,-2.017263e-01,2.325461e+00
2176,2.528465e-18,1.642526e-05,2.499436e-05,5.359417e-04,2.251324e-01,-1.106160e-01,3.576287e+00
2177,3.041937e-18,3.121032e-06,1.563268e-06,5.284776e-04,-3.743058e-02,4.834296e-02,-1.350869e+00
2178,9.382095e-17,9.658522e-06,1.765607e-05,5.109897e-04,-6.857906e-02,-1.548264e+00,1.083032e+01
2179,3.812070e-16,1.025668e-05,1.528830e-05,5.105557e-04,-3.653985e-01,-7.613487e-01,1.332051e+01
2180,3.842264e-17,1.472563e-05,1.964052e-05,5.058377e-04,-3.280724e+00,2.919415e+00,2.028762e+01
2181,3.842112e-18,2.108490e-05,1.522918e-05,5.070932e-04,1.793967e+00,1.384841e-01,1.482634e+01
2182,2.775105e-17,6.820460e-06,1.954238e-05,5.189272e-04,2.071303e+00,-1.420453e+00,3.541597e+00
2183,6.927601e-18,2.109090e-05,1.796515e-05,5.128821e-04,1.808762e-01,1.863438e-01,3.758161e+00
2184,4.161228e-18,1.646972e-05,1.640895e-05,5.211175e-04,1.366391e+00,-1.346111e-01,3.147017e+01
2185,7.936782e-18,1.639916e-05,1.658015e-05,5.151535e-04,-1.441869e+00,-9.132494e-01,2.588212e+01
2186,8.925422e-18,5.461877e-06,2.486889e-05,5.081492e-04,9.149940e-02,4.561746e-01,3.474556e+00
2187,4.694337e-18,5.464458e-06,8.591930e-06,5.231911e-04,-6.878460e-03,-1.285229e-02,1.394313e+00
2188,4.841102e-18,2.186687e-05,3.750141e-05,5.043634e-04,-8.025835e-01,-3.341831e-01,4.641905e+00
2189,5.946683e-17,5.255079e-06,3.553380e-05,5.112327e-04,-1.333410e+00,-6.450631e-01,5.821447e+00
2190,2.001093e-17,7.277406e-06,2.945771e-05,5.148288e-04,-7.507428e-01,-2.338823e-01,3.847431e+00
2191,2.140000e-17,4.599783e-06,4.766668e-05,5.182271e-04,-2.897233e-01,-8.158242e-01,4.655624e+00
2192,4.892475e-18,1.057473e-05,4.061923e-05,5.079189e-04,-8.225849e-01,1.233304e-01,1.762771e+00
2193,2.376705e-17,6.654314e-06,3.868429e-05,5.201239e-04,5.014493e-01,-4.602677e-01,2.425281e+00
2194,4.804724e-16,-5.200716e-06,4.100969e-05,5.430291e-04,2.081795e-01,-6.291305e-01,1.086165e+01
2195,1.120136e-16,-2.574155e-06,3.091381e-05,5.426014e-04,-3.747606e-01,-6.488815e-01,8.128892e+00
2196,5.215647e-17,1.496970e-05,2.860575e-05,5.305972e-04,-2.960859e-01,7.943993e-01,7.395347e+00
2197,4.641551e-18,4.688254e-06,3.515237e-05,5.273489e-04,1.321408e-02,-2.075674e-01,6.829255e+00
2198,6.620992e-18,5.009942e-06,4.716771e-05,5.338210e-04,-4.458731e-01,-8.567672e-01,2.477431e+00
2199,5.136078e-17,2.237690e-05,2.797403e-05,5.423615e-04,2.490337e+00,-2.856738e-01,6.157863e+00
2200,1.238798e-17,-1.692162e-05,3.713729e-05,5.401900e-04,4.054157e-01,-5.877262e+00,2.926918e+01
2201,3.347902e-18,-3.136440e-06,4.610090e-05,5.352546e-04,8.060740e-02,-4.021856e-01,2.252931e+01
2202,7.159627e-18,-9.221884e-06,3.333682e-05,5.409349e-04,4.669490e-01,-7.855986e-01,3.773129e+00
2203,5.521902e-17,1.336985e-05,6.648687e-05,5.346252e-04,-4.301114e-02,1.031039e+00,9.529343e+00
2204,1.563423e-17,2.378087e-05,6.020792e-05,5.343673e-04,6.738155e+00,3.250431e+00,1.923438e+01
2205,1.907366e-17,5.730428e-06,7.278835e-05,5.355970e-04,5.763907e-01,-8.567792e-01,1.698205e+01
2206,1.675246e-17,5.411401e-06,7.316574e-05,5.469354e-04,-6.203159e-02,-1.044092e-01,1.585101e+01
2207,7.272630e-18,7.033884e-06,5.702790e-05,5.427011e-04,7.033365e-01,4.655419e-01,7.907123e+00
2208,7.733535e-17,6.619136e-06,5.700647e-05,5.430570e-04,4.446133e-01,8.735153e-01,7.817885e+00
2209,4.494332e-18,9.313909e-06,7.107153e-05,5.468591e-04,-3.973109e-02,-2.291644e-01,2.216358e+00
2210,8.435577e-19,-1.701711e-05,6.864392e-05,4.756073e-04,1.223324e+00,2.144387e-01,-4.118800e+00
2211,2.684036e-19,-4.296466e-06,4.726570e-05,4.771797e-04,4.146770e+00,3.768001e+00,-8.323093e-01
2212,1.085742e-18,-4.297025e-06,4.648465e-05,4.747953e-04,4.246543e+00,4.763499e+00,-3.226758e+00
2213,2.745440e-17,-1.067652e-05,2.759627e-05,4.775443e-04,9.065083e-02,-1.962801e+00,-2.006195e-01
2214,1.549551e-18,-1.489402e-05,4.738980e-05,4.731583e-04,-1.163227e+00,6.855401e-01,-4.672131e+00
2215,7.627897e-18,-2.421896e-05,3.593756e-05,4.807024e-04,1.231042e-01,1.525657e-02,-1.073187e+00
2216,1.666767e-16,-5.918724e-06,4.485162e-05,4.886511e-04,1.444776e+00,2.391795e+00,7.901456e+00
2217,1.516486e-17,-1.306668e-05,4.262699e-05,4.905065e-04,1.446677e+00,-1.225137e+00,1.128952e+01
2218,3.159168e-17,-2.391746e-05,3.599335e-05,4.804271e-04,-1.059996e-02,2.413262e-03,-8.667157e-01
2219,2.487924e-17,-2.362404e-05,3.785437e-05,4.927908e-04,-1.962543e+00,-1.152746e+00,1.169116e+00
2220,2.431031e-17,-2.410585e-05,3.471222e-05,4.978711e-04,-4.101743e-03,-4.389681e-02,-7.254651e-01
2221,4.072862e-18,1.007768e-04,8.599324e-06,5.288730e-04,-1.551706e-01,1.185461e-01,5.841299e+00
2222,2.218083e-17,1.014990e-04,1.310776e-05,5.472339e-04,-5.840871e-01,-6.387239e-01,4.577277e+00
2223,4.397688e-16,1.074394e-04,-5.855659e-07,5.221482e-04,6.236799e-01,2.717740e-01,7.296370e+00
2224,2.175883e-18,1.148318e-04,-6.135713e-06,5.280030e-04,1.677872e-01,4.550252e-01,1.929872e+01
2225,2.219586e-18,1.148197e-04,-1.111544e-05,5.309504e-04,-1.101248e+00,-2.126653e+00,1.865608e+01
2226,2.893333e-17,1.197088e-04,-8.749160e-06,5.381015e-04,-5.476204e+00,-3.122445e-01,1.300801e+01
2227,2.063486e-17,1.149879e-04,-3.728394e-06,5.314073e-04,-1.815378e-01,-2.915351e+00,1.384713e+01
2228,2.052708e-17,1.108769e-04,-1.934029e-05,5.469061e-04,-1.142220e+00,5.630711e-01,7.769143e+00
2229,3.949265e-18,1.124993e-04,-4.986546e-10,5.385304e-04,1.154339e-02,1.981691e-02,5.670805e+00
2230,2.812823e-18,1.124991e-04,-6.000619e-10,5.358923e-04,1.046701e-02,-5.464477e-02,5.944245e+00
2231,1.685998e-17,1.218248e-04,1.971855e-05,5.446690e-04,6.213536e-01,-7.446232e-02,3.111059e+01
2232,4.582254e-18,1.203104e-04,1.877495e-05,5.357784e-04,-2.030825e-01,-2.550016e-01,2.804014e+01
2233,3.022550e-18,1.195186e-04,1.874966e-05,5.308100e-04,-4.017876e-01,4.925186e-01,2.581587e+01
2234,2.786288e-17,1.074955e-04,7.118600e-06,5.393801e-04,1.302063e+00,-5.155799e-01,8.675090e+00
2235,3.336634e-17,1.121464e-04,1.060297e-05,5.348552e-04,4.173762e-01,-5.188351e-01,6.709580e+00
2236,1.400096e-18,1.187664e-04,2.187752e-05,5.461711e-04,1.224913e-01,1.725511e-01,1.105576e+00
2237,2.471431e-18,1.195204e-04,1.556508e-06,5.454982e-04,-5.684075e-02,-9.920056e-02,1.947510e+00
2238,4.337649e-16,1.193632e-04,2.987781e-07,5.110643e-04,3.720578e-01,-9.660510e-02,9.424854e+00
2239,4.798260e-17,1.096944e-04,-1.239220e-05,5.205181e-04,-8.007749e-01,-2.720411e-01,4.657008e+00
2240,5.735302e-18,1.148256e-04,-5.628365e-06,5.190479e-04,-4.583583e-01,-4.348425e-01,1.619995e+01
2241,3.508005e-18,1.031259e-04,-5.471848e-06,5.078854e-04,1.138328e-01,-4.001475e-03,7.897147e+00
2242,7.659889e-18,1.031251e-04,-1.143725e-06,5.090110e-04,-1.056172e-02,1.619867e+00,6.773747e+00
2243,9.280844e-19,1.142007e-04,-5.348459e-06,5.105958e-04,-4.966403e-01,-1.052521e+00,7.568265e+00
2244,3.559437e-18,1.148430e-04,-1.791643e-05,5.231389e-04,-5.331539e-02,-2.094624e-01,4.365309e+00
2245,2.909167e-18,1.054698e-04,-7.035929e-06,5.117651e-04,-1.946897e-02,-3.407054e-01,4.720287e+00
2246,3.962911e-17,1.182552e-04,1.582859e-05,5.162197e-04,-3.878665e-01,-3.976704e-01,1.303775e+01
2247,2.752632e-18,1.194810e-04,1.881906e-05,5.248964e-04,8.663991e-01,-7.998415e-01,2.347308e+01
2248,2.354317e-19,1.207014e-04,1.445543e-05,5.036781e-04,2.442131e-01,6.413267e-01,8.418342e+00
2249,1.465998e-17,1.041742e-04,1.057160e-05,5.191425e-04,-3.861341e-01,-1.672516e+00,9.504916e+00
2250,5.061166e-19,1.046860e-04,1.523107e-05,5.098402e-04,4.042627e-01,4.400721e-02,4.355916e+00
2251,5.252185e-18,1.195400e-04,1.874163e-05,5.113765e-04,-4.578916e-01,1.429883e-01,1.781019e+01
2252,4.710315e-17,1.079780e-04,1.899307e-05,5.236627e-04,1.981332e-01,7.211376e-02,4.413841e+00
2253,7.569143e-18,1.148407e-04,7.822720e-06,5.123153e-04,-1.937295e-01,2.742934e-01,8.849418e+00
2254,4.943549e-17,1.122196e-04,6.427385e-06,5.198178e-04,-7.405317e-01,-4.830213e-01,4.248781e+00
2255,2.828839e-18,1.070287e-04,8.596034e-06,5.240129e-04,8.341031e-04,1.455619e-01,6.197520e+00
2256,1.253555e-16,9.212138e-05,1.703770e-06,5.130107e-04,-5.754005e-01,5.142243e-01,1.039681e+01
2257,1.615088e-17,9.154623e-05,-1.688399e-05,5.114289e-04,7.783835e-02,-9.889725e-01,2.467698e+01
2258,2.678040e-18,7.968565e-05,-1.326214e-05,5.079276e-04,2.811210e-01,1.409436e+00,8.998561e+00
2259,1.520658e-18,8.516509e-05,-3.126101e-06,5.190424e-04,1.815438e-01,1.441119e-01,9.199563e+00
2260,1.031689e-17,7.970013e-05,-1.755799e-05,5.174530e-04,8.437273e-02,-2.504235e+00,1.337890e+01
2261,5.151712e-18,8.516004e-05,-3.126642e-06,5.043638e-04,-1.329230e-01,-3.729992e-02,6.894338e+00
2262,5.244110e-18,9.451393e-05,-2.165563e-06,5.036551e-04,8.777303e-01,-1.733573e+00,1.071979e+01
2263,2.498474e-19,9.726712e-05,-6.643789e-06,5.136546e-04,-1.251040e-02,-1.275384e+00,4.452163e+00
2264,2.079065e-18,9.612001e-05,-1.221278e-06,5.228555e-04,-7.176149e-01,-6.817098e-02,1.243964e+01
2265,1.412109e-17,9.292925e-05,1.153879e-05,5.244540e-04,1.591355e-01,-3.624694e-01,6.429548e+00
2266,2.474427e-18,8.108281e-05,4.631532e-06,5.160577e-04,-1.661507e+00,4.211948e-01,1.027848e+01
2267,1.852446e-17,9.058959e-05,2.180729e-06,5.271781e-04,-2.900000e+00,3.454703e+00,1.347191e+01
2268,3.019507e-18,8.905376e-05,1.326797e-05,5.148736e-04,-6.664196e-02,1.493917e-01,4.186510e+00
2269,2.790204e-18,8.437113e-05,9.374055e-06,5.209248e-04,-9.411253e-03,1.897284e-01,1.797093e+00
2270,2.941913e-17,9.564559e-05,5.545445e-06,5.354768e-04,-4.379633e-02,3.514901e-01,9.178421e+00
2271,5.203598e-18,8.593797e-05,7.026627e-06,5.393226e-04,2.386567e-01,-9.130476e-01,9.083143e+00
2272,4.494611e-18,8.594041e-05,1.484452e-05,5.349918e-04,2.991612e-01,2.081865e-02,6.057263e+00
2273,2.749631e-18,8.359927e-05,1.571556e-06,5.323091e-04,-3.941667e-02,1.825882e-02,4.964597e+00
2274,3.979550e-18,9.296657e-05,1.251467e-05,5.297002e-04,1.442130e-02,1.391060e-01,5.312281e+00
2275,2.253943e-18,9.295518e-05,1.250346e-05,5.471640e-04,-1.384388e-01,-1.507548e-02,4.053112e+00
2276,1.533670e-18,8.983855e-05,9.376078e-06,5.452955e-04,-3.954132e-01,3.466573e-01,2.067645e+00
2277,1.055055e-18,9.766410e-05,1.094924e-05,5.341223e-04,1.803281e-01,1.080883e-01,-9.415980e-01
2278,5.477225e-17,1.597484e-04,8.271662e-06,5.341993e-04,-8.244435e-01,-3.969872e-01,1.246628e+01
2279,1.806873e-17,1.588061e-04,7.340367e-06,5.419483e-04,1.035617e-01,-6.405833e-01,8.124542e+00
2280,1.086537e-17,1.644857e-04,4.683236e-06,5.404068e-04,7.205462e-01,-1.441736e-02,6.672289e+00
2281,8.679537e-17,1.668646e-04,1.864531e-05,5.387898e-04,-6.700194e-01,-2.863272e-01,5.531186e+00
2282,2.944264e-17,1.641967e-04,1.013988e-05,5.448491e-04,-1.426994e+00,-6.466122e-01,6.727780e+00
2283,1.507668e-16,1.657072e-04,-1.257705e-06,5.424792e-04,-4.296865e-01,7.773011e-02,7.559554e+00
2284,1.580926e-17,1.554975e-04,1.145428e-05,5.399477e-04,3.958783e-01,-2.222637e-01,7.903360e+00
2285,2.533678e-17,1.531040e-04,1.932136e-05,5.455030e-04,4.147360e-01,1.707064e-02,6.933874e+00
2286,2.884889e-17,1.671208e-04,-1.248996e-05,5.284896e-04,5.756876e+00,1.181797e+00,2.130186e+01
2287,4.376925e-17,1.647761e-04,-1.334199e-05,5.194772e-04,4.730764e+00,-2.098407e-02,2.239705e+01
2288,1.126264e-17,1.679701e-04,7.550953e-06,5.173966e-04,-1.397733e+00,6.599185e-01,1.147081e+01
2289,7.654648e-17,1.683425e-04,7.430163e-06,5.175769e-04,-1.389406e+00,6.452570e-02,1.131534e+01
2290,3.487600e-18,1.656317e-04,2.345379e-05,5.048688e-04,3.009654e-02,2.840767e+00,1.585518e+01
2291,3.727858e-18,1.547206e-04,1.479810e-05,5.134014e-04,1.969214e-01,-5.872679e-01,4.793833e+00
2292,9.804961e-19,1.585900e-04,-1.328083e-05,5.175447e-04,3.192033e-01,-2.508758e-01,4.801658e+00
2293,1.867706e-17,1.552930e-04,-4.539981e-06,5.147987e-04,-8.804686e-01,-9.874745e-01,2.992012e+00
2294,3.667470e-18,1.679430e-04,-4.987754e-06,5.208384e-04,4.443658e-02,3.155863e-01,7.542153e+00
2295,4.457178e-18,1.710960e-04,-1.406016e-05,5.174908e-04,1.184940e-01,4.898321e-01,3.937438e+00
2296,4.613714e-17,1.653034e-04,2.114444e-06,5.230611e-04,-1.262131e+00,-4.707014e-01,4.815316e+00
2297,9.280441e-18,1.609585e-04,1.656257e-05,5.238898e-04,-8.980673e-02,-1.704499e-01,4.296478e+00
2298,8.620835e-18,1.580161e-04,1.013629e-05,5.175408e-04,-3.154858e-01,1.685539e-01,1.343240e+01
2299,1.396730e-18,1.703129e-04,1.716662e-05,5.159837e-04,5.463007e-02,5.881791e-01,4.732479e+00
2300,1.450138e-18,1.570375e-04,1.015521e-05,5.044474e-04,-1.917254e-01,-2.247124e-01,7.771457e+00
2301,2.469372e-17,1.541455e-04,5.274980e-06,5.156321e-04,1.795594e+00,1.232448e+00,2.314930e+00
2302,4.469988e-18,1.578117e-04,4.683712e-06,5.091699e-04,-2.274302e-02,-4.587815e-02,2.577497e+00
2303,5.673081e-18,1.672913e-04,2.347261e-06,5.051779e-04,-3.396088e-01,1.277496e-01,5.280647e+00
2304,1.166733e-17,1.681633e-04,1.760310e-05,5.207406e-04,-9.030700e-01,-3.351293e-01,4.076060e+00
2305,3.420156e-18,1.546744e-04,1.250235e-05,5.179305e-04,-2.103658e-01,9.309400e-01,4.591758e+00
2306,1.687604e-17,1.632880e-04,-1.595474e-05,5.496217e-04,-4.438452e-01,-2.054838e+00,1.379046e+01
2307,4.574568e-17,1.675797e-04,-1.093725e-05,5.348560e-04,-2.586465e-01,-2.349034e+00,1.112990e+01
2308,3.226766e-18,1.640270e-04,-1.559417e-05,5.299425e-04,3.162828e-01,2.146006e-02,1.137287e+01
2309,2.799218e-18,1.711036e-04,-1.408210e-05,5.352098e-04,5.157556e-01,-8.028071e-01,5.810702e+00
2310,2.691912e-18,1.609368e-04,-4.696327e-06,5.307458e-04,2.785177e-02,-1.376849e-01,4.999218e+00
2311,2.978150e-18,1.665112e-04,-7.124064e-06,5.428453e-04,2.036239e-01,-2.901872e-01,6.672315e+00
2312,1.295888e-18,1.609386e-04,-4.686774e-06,5.459799e-04,-3.104995e-02,1.564232e-02,6.256519e+00
2313,2.373800e-18,1.664184e-04,-7.049551e-06,5.478617e-04,3.278333e-01,-2.521056e-01,7.068201e+00
2314,3.048927e-18,1.632799e-04,-1.562918e-05,5.464278e-04,-3.569296e-01,-1.214417e-01,1.511802e+01
2315,2.302906e-18,1.554751e-04,-8.129773e-06,5.496889e-04,-2.534188e+00,-4.737775e-01,1.374882e+01
2316,1.365191e-18,1.710988e-04,-1.407325e-05,5.393535e-04,3.290033e-02,9.886852e-03,2.111553e+00
2317,4.079367e-18,1.680414e-04,-2.422762e-06,5.378564e-04,-1.008635e-01,-1.311495e-01,1.234730e+01
2318,4.227106e-18,-7.808046e-06,1.492207e-04,4.982716e-04,-1.348059e-01,2.144933e-01,4.126373e+00
2319,6.762027e-17,-1.407224e-05,1.479586e-04,4.919469e-04,7.407775e-01,-1.834035e-01,8.836078e+00
2320,9.726830e-18,-1.107213e-05,1.709944e-04,4.910078e-04,9.025421e-01,-1.451093e+00,1.002008e+01
2321,2.913566e-18,-1.111748e-05,1.720013e-04,4.935445e-04,8.044872e-01,-6.721223e-01,6.520556e+00
2322,8.894732e-19,-1.000231e-05,1.732921e-04,4.990166e-04,4.047585e-01,8.350620e-01,8.605532e+00
2323,1.501517e-17,-5.787274e-06,1.539303e-04,4.923746e-04,-4.173071e-01,5.660436e-01,2.701699e+00
2324,5.177547e-18,-3.468065e-06,1.664478e-04,4.845422e-04,1.890604e+00,1.124333e+00,3.647200e+00
2325,3.012250e-17,-3.184388e-06,1.696096e-04,4.934305e-04,-2.397785e+00,2.900282e-01,3.310205e+00
2326,3.318884e-17,-9.162890e-06,1.640295e-04,4.845295e-04,1.071109e+00,2.939590e-01,2.538169e+00
2327,1.607499e-18,-2.327200e-06,1.640654e-04,4.904348e-04,-6.623774e-01,-9.298500e-02,1.591898e+00
2328,2.491873e-18,-1.718783e-05,1.617298e-04,4.869163e-04,-1.074276e-01,9.550157e-01,1.482763e+00
2329,5.023499e-18,-9.379470e-06,1.578125e-04,4.865943e-04,-2.835696e-02,4.067500e-02,1.514290e+00
2330,4.507937e-18,2.118473e-08,1.712631e-04,4.808784e-04,9.000307e-01,4.386690e-01,4.178788e+00
2331,3.008333e-18,-2.270994e-06,1.639996e-04,4.846582e-04,-1.789904e-01,6.798705e-02,2.313848e+00
2332,8.372387e-18,-2.431257e-05,1.726729e-04,4.903483e-04,1.295997e-02,9.081223e-03,-1.239219e+00
2333,2.311067e-17,1.174531e-05,1.633325e-04,4.859531e-04,-5.650843e-01,1.476899e+00,7.948457e-01
2334,1.860655e-17,1.014184e-05,1.495135e-04,4.852592e-04,1.473004e-01,-2.820594e-01,1.451181e+00
2335,3.928627e-18,1.565916e-05,1.687146e-04,4.969895e-04,-1.444908e-01,5.176907e-01,2.897355e+00
2336,2.724401e-18,1.479325e-05,1.672604e-04,4.878273e-04,1.790676e-01,8.549601e-02,1.577132e+00
2337,1.076637e-18,3.907894e-06,1.617207e-04,4.842006e-04,1.889832e-01,1.044452e-01,-6.058525e-01
2338,1.362162e-18,5.476288e-06,1.663983e-04,4.787398e-04,1.040830e-01,-3.854662e-01,-2.669706e+00
2339,2.568519e-18,2.442488e-05,1.695718e-04,4.871884e-04,9.975379e-03,-1.433096e-01,-2.681273e+00
2340,4.052898e-18,2.460926e-05,1.585983e-04,4.832748e-04,-1.781753e-02,-2.440744e-02,-2.058118e+00
2341,3.556890e-17,-8.314481e-06,1.474671e-04,4.862507e-04,-2.382045e+00,1.286656e+00,6.982799e+00
2342,2.913383e-17,7.384987e-07,1.460164e-04,4.848306e-04,6.778685e-01,1.021676e+00,1.799483e+00
2343,3.136579e-18,-1.956656e-05,1.375071e-04,4.908078e-04,-3.863372e-02,6.441885e-01,1.236543e+01
2344,2.195565e-17,-1.927328e-05,1.467981e-04,4.817856e-04,1.341691e-03,1.561863e+00,6.582261e+00
2345,2.452106e-18,-6.328460e-06,1.461655e-04,4.813913e-04,1.823142e+00,5.573298e-01,5.217906e+00
2346,6.830891e-17,2.394402e-05,1.363480e-04,4.852178e-04,6.732721e-01,-7.074389e-01,1.341919e+00
2347,2.038995e-17,1.268776e-05,1.338790e-04,4.832720e-04,6.613045e-02,9.627381e-01,5.480922e+00
2348,9.905581e-18,-8.098343e-06,1.320114e-04,4.951351e-04,-2.428813e-01,-7.718354e-01,5.610848e+00
2349,1.648278e-17,1.811003e-05,1.324836e-04,4.839254e-04,2.008773e-01,-1.066972e+00,2.278634e+00
2350,1.798464e-17,-2.018625e-05,1.400285e-04,4.926220e-04,3.378274e-01,8.436670e-01,9.037501e+00
2351,5.519548e-18,6.131802e-06,1.265629e-04,4.934760e-04,6.903775e-02,1.132423e-01,2.601726e+00
2352,2.428782e-19,-1.914131e-05,1.378919e-04,4.818440e-04,5.083647e-01,-4.157935e-02,5.937014e+00
2353,1.245046e-18,-1.094194e-05,1.398252e-04,4.951195e-04,1.026725e-01,2.363336e-01,8.073044e+00
2354,1.616535e-18,1.021698e-05,1.421248e-04,4.833025e-04,-3.187008e-01,-2.534561e-01,8.771883e-01
2355,3.150740e-18,1.564027e-05,1.289223e-04,4.861352e-04,1.991427e-01,5.667119e-01,1.110112e+01
2356,1.307357e-17,9.689648e-06,1.286704e-04,4.802699e-04,-8.873261e-03,4.961247e-01,2.321657e+00
2357,1.209725e-18,1.562175e-05,1.406247e-04,4.998047e-04,1.896113e-01,-2.229544e-01,4.505700e+00
2358,3.073293e-18,1.562976e-05,1.406419e-04,4.899996e-04,1.563596e-01,-3.007935e-01,3.809783e+00
2359,3.507635e-18,1.093179e-05,1.421847e-04,4.963083e-04,-1.209333e-01,1.640612e-01,6.016347e+00
2360,3.076256e-18,1.322829e-05,1.398366e-04,4.916322e-04,4.698276e-01,1.051083e+00,4.026527e+00
2361,1.376648e-17,1.745011e-05,1.448294e-04,4.795394e-04,5.792317e-01,-1.983599e+00,6.556773e-01
2362,1.282020e-18,1.164974e-05,1.333621e-04,4.792421e-04,-1.470949e-01,-6.247459e-01,5.246228e+00
2363,6.602897e-18,2.733668e-06,1.414472e-04,4.960097e-04,-1.270055e-01,1.190923e+00,4.384589e-01
2364,6.498329e-19,2.460958e-05,1.328160e-04,4.998426e-04,9.121389e-02,-1.572449e-02,-2.283244e+00
2365,3.594022e-18,2.449979e-05,1.437502e-04,4.896252e-04,9.581737e-04,1.012100e-03,-1.890112e+00
2366,1.561032e-18,-1.486338e-05,1.281231e-04,4.904357e-04,3.655325e-01,2.047002e-01,-2.268216e+00
2367,1.018919e-18,-1.091974e-05,1.398482e-04,4.912286e-04,5.033942e-01,1.034344e-01,8.628463e+00
2368,2.863810e-18,-2.347363e-06,1.296876e-04,4.987163e-04,1.552792e-01,-3.029986e-02,1.746723e+00
2369,3.657306e-19,-6.640988e-06,1.308595e-04,4.927798e-04,-1.050216e+00,6.923616e-01,8.658690e+00
2370,1.416577e-18,-1.382577e-05,1.485929e-04,4.874555e-04,-4.617119e+00,-5.792856e-01,7.636882e+00
2371,3.139986e-19,-7.422988e-06,1.464839e-04,4.787375e-04,-2.375332e-01,9.982295e-02,7.358634e-01
2372,3.429294e-17,-2.405822e-05,1.387584e-04,4.984138e-04,3.626981e-01,3.489676e-02,-1.102796e+00
2373,6.785964e-18,-7.025242e-06,1.304914e-04,4.861727e-04,2.905680e-01,-1.061614e-01,3.651833e+00
2374,1.450108e-18,-1.093770e-05,1.398426e-04,4.834181e-04,-1.057045e-01,1.324367e-01,1.842413e+00
2375,2.674645e-18,-1.095130e-05,1.398452e-04,4.805952e-04,-3.721131e-01,-1.562004e-02,8.472526e-01
2376,1.434785e-18,-9.686175e-05,-1.054785e-05,4.752622e-04,-1.184446e+00,3.083782e+00,-3.868155e+00
2377,2.083366e-17,-8.462412e-05,-7.858334e-07,4.762536e-04,-2.990896e-01,6.923111e-01,6.653140e-01
2378,8.169692e-19,-8.344935e-05,-3.906667e-07,4.719818e-04,1.535480e+00,-1.754271e+00,-1.710839e+00
2379,2.613743e-19,-9.570255e-05,-1.992219e-05,4.763897e-04,-1.025762e+00,-5.094101e-01,2.456001e+00
2380,1.319229e-18,-1.007468e-04,-4.702157e-06,4.740538e-04,1.497176e-01,-1.108750e+00,-4.915612e+00
2381,1.290218e-17,-1.140357e-04,-2.284835e-05,4.745335e-04,-1.028434e+00,-9.049614e-01,-1.035164e+00
2382,7.530827e-17,-7.662615e-05,3.268219e-06,4.794431e-04,-8.985158e-01,2.548894e+00,-1.312283e-01
2383,5.955882e-19,-8.242353e-05,1.244688e-05,4.763910e-04,-7.717433e-01,-7.751877e-02,2.314796e+00
2384,4.551442e-18,-3.124441e-06,-1.265624e-04,5.191068e-04,-4.037781e-02,-8.374000e-02,1.064236e+01
2385,3.499319e-18,-1.328020e-05,-1.281299e-04,5.171140e-04,-8.863166e-01,-3.750537e-01,5.983366e+00
2386,1.019160e-17,-3.875168e-06,-1.260319e-04,5.279442e-04,2.394074e-01,8.153569e-01,1.330878e+01
2387,6.309111e-17,1.854599e-06,-1.406541e-04,5.224917e-04,1.761271e-01,3.265551e-01,5.556449e+00
2388,1.372673e-18,-2.338232e-06,-1.335946e-04,5.251536e-04,4.535147e-02,2.425047e-02,2.598607e+00
2389,2.985145e-18,-3.905451e-06,-1.351564e-04,5.194055e-04,2.714775e-02,2.989242e-03,3.511151e+00
2390,4.474256e-17,1.866071e-05,-1.412584e-04,5.153673e-04,9.952047e-01,5.461456e-01,1.757108e+00
2391,6.150284e-18,-6.154768e-06,-1.235656e-04,5.296241e-04,2.341027e-01,2.127508e-01,1.598073e+01
2392,7.354127e-17,-6.170794e-06,-1.444230e-04,5.305525e-04,1.616880e+00,-1.044131e+00,1.090371e+01
2393,1.186308e-16,-1.632399e-05,-1.255211e-04,5.403696e-04,-1.377839e+00,5.189922e-01,1.134616e+01
2394,3.983398e-18,-7.814370e-06,-1.249444e-04,5.350656e-04,1.778314e-01,-3.406352e-01,7.197344e+00
2395,5.113386e-18,-1.590995e-05,-1.335960e-04,5.381615e-04,-5.086132e-02,-2.027942e-03,6.167008e+00
2396,2.834259e-18,-7.825176e-06,-1.304740e-04,5.375453e-04,3.899351e-02,1.345857e-01,5.638568e+00
2397,6.984862e-18,-1.640532e-05,-1.421870e-04,5.283888e-04,-6.679750e-02,-2.151454e-03,6.409586e+00
2398,1.035360e-17,7.645710e-06,-1.257889e-04,5.116633e-04,1.505610e-01,5.199364e-02,5.593428e+00
2399,1.463477e-18,7.840987e-06,-1.257470e-04,5.028964e-04,3.301362e-01,6.197801e-01,4.639369e+00
2400,3.378865e-18,8.603965e-06,-1.390628e-04,5.087164e-04,-8.532829e-01,4.158760e-02,2.145564e+00
2401,4.054744e-18,1.630597e-06,-1.249582e-04,5.496407e-04,1.586241e-01,-3.295231e-01,1.807900e+01
2402,7.265646e-18,2.346347e-06,-1.337760e-04,5.358874e-04,3.093757e-02,5.313110e-01,4.396854e+00
2403,5.351493e-18,7.018138e-06,-1.258010e-04,5.427931e-04,1.428875e-02,8.202497e-02,1.237833e+01
2404,6.076915e-17,-5.898798e-06,-1.186799e-04,5.067714e-04,3.356849e+00,6.296162e-01,1.516819e+01
2405,2.307978e-16,-1.314812e-06,-1.043768e-04,5.465900e-04,-2.572986e-02,-3.400104e-01,7.590166e+00
2406,2.436274e-17,-3.069929e-06,-1.053995e-04,5.315548e-04,-3.169797e-02,-2.892717e+00,2.019117e+01
2407,1.836607e-16,7.373123e-06,-1.173988e-04,5.354729e-04,-3.727716e-01,-9.653613e-02,6.499518e+00
2408,9.643251e-17,-1.485895e-05,-1.036757e-04,5.190408e-04,2.502058e-02,-3.533627e-01,4.608145e+00
2409,3.784940e-18,-1.201365e-06,-1.117328e-04,5.090031e-04,-2.941043e+00,3.259305e-01,1.109257e+01
2410,1.151275e-16,1.053462e-05,-1.058969e-04,5.052393e-04,-2.450007e-01,-7.298287e-01,2.032711e+00
2411,5.394181e-18,1.083258e-05,-1.179698e-04,5.082070e-04,-1.378541e-01,3.652541e-01,6.956529e+00
2412,4.529838e-18,-1.559665e-06,-1.171915e-04,5.181131e-04,3.405970e-03,-5.276714e-02,1.141232e+00
2413,6.061150e-17,-4.800315e-06,-1.069986e-04,5.170992e-04,-2.356591e+00,3.724103e-01,9.042896e+00
2414,1.574505e-17,-7.337523e-06,-1.156964e-04,5.181978e-04,1.294092e+00,4.242142e-01,3.215668e+00
2415,1.165835e-18,-7.027433e-06,-1.179656e-04,5.136716e-04,-6.871194e-02,-1.800893e-01,3.693236e+00
2416,4.008092e-18,-8.656194e-06,-1.217754e-04,5.440561e-04,-4.017130e-01,8.759850e-01,1.736001e+01
2417,2.848713e-17,-5.779461e-06,-1.129804e-04,5.459647e-04,8.134129e-01,-1.062259e+00,5.507864e+00
2418,3.111392e-18,-7.777696e-07,-1.124975e-04,5.418410e-04,1.378614e-01,1.112012e-01,6.755567e+00
2419,2.399692e-18,-1.719137e-05,-1.179693e-04,5.301214e-04,-4.395116e-02,4.905002e-03,3.100558e+00
2420,2.333601e-18,-1.250162e-05,-1.070316e-04,5.479074e-04,1.923969e-01,2.490632e-01,8.381375e-01
2421,1.737693e-17,-8.220368e-05,7.539845e-06,4.990835e-04,-4.419287e-01,-3.247394e+00,1.665793e+01
2422,7.264288e-19,-8.684838e-05,1.132810e-05,4.956446e-04,2.236655e-01,2.453346e-01,7.958463e+00
2423,5.260865e-17,-9.490834e-05,2.049314e-05,4.924156e-04,1.993515e+00,4.331536e-01,5.072082e+00
2424,7.778494e-18,-7.448658e-05,1.389677e-05,4.968950e-04,2.044537e+00,-3.545690e-01,2.643153e+00
2425,4.022788e-18,-8.827781e-05,7.973839e-06,4.971303e-04,-6.007855e-01,-8.049411e-01,4.969885e+00
2426,6.706149e-18,-8.670561e-05,1.169666e-05,4.799901e-04,-9.273421e-02,-1.354666e+00,1.916141e+00
2427,8.954932e-18,-9.312527e-05,1.426984e-05,4.871906e-04,-4.486656e-01,8.331457e-01,-3.586783e+00
2428,1.186942e-18,-7.654912e-05,1.250919e-05,4.795076e-04,-8.357792e-01,1.077798e-02,-2.791280e+00
2429,8.154332e-19,-8.203595e-05,8.984326e-06,4.959002e-04,-4.976002e-01,-2.514906e+00,1.639449e+01
2430,1.409683e-17,-8.282754e-05,1.199220e-05,4.847424e-04,-5.639713e-01,4.675174e-01,8.189735e+00
2431,2.463175e-19,-7.695461e-05,1.210930e-05,5.005745e-04,4.214802e-01,7.373734e-02,-2.481435e+00
2432,1.298921e-17,-8.042800e-05,1.433462e-05,4.898674e-04,3.211853e-01,-3.118338e-01,3.161250e+00
2433,3.222061e-18,-9.219257e-05,2.364090e-06,4.978736e-04,1.198839e-02,-8.411292e-01,3.162259e+00
2434,3.476895e-18,-9.765851e-05,4.687731e-06,4.962900e-04,-4.710982e-02,-2.883764e-02,3.021829e+00
2435,2.780812e-17,-9.341959e-05,2.402087e-05,4.848608e-04,-5.378959e-01,-2.047820e-01,1.362191e-01
2436,3.488829e-18,-8.672102e-05,1.171620e-05,4.888981e-04,-1.510699e-01,5.301707e-02,5.525766e+00
2437,2.190607e-17,-8.595811e-05,2.414121e-05,4.973995e-04,5.260945e-03,-1.201630e-02,-1.033937e+00
2438,5.284119e-18,-9.689907e-05,-1.649089e-05,4.911363e-04,3.875443e-02,-5.600672e-01,7.683171e+00
2439,9.934209e-18,-9.603640e-05,-1.956588e-05,4.891807e-04,-1.152518e+00,1.455896e+00,1.147451e+01
2440,2.279690e-17,-9.709691e-05,-1.437706e-05,4.864262e-04,2.653086e+00,-1.715341e+00,6.522250e+00
2441,1.500193e-18,-8.750760e-05,-2.736274e-06,4.814402e-04,-2.110486e-01,8.316979e-01,1.574466e+00
2442,5.180985e-19,-8.749776e-05,-1.210991e-05,4.966770e-04,-1.156597e-01,2.053187e-01,3.250774e+00
2443,1.789781e-17,-8.646675e-05,-2.427012e-05,4.938760e-04,-1.583489e+00,-2.539818e-01,2.361422e+00
2444,1.526281e-18,-8.046161e-05,-1.954093e-05,4.857611e-04,-7.553379e-01,3.424952e-01,3.935041e+00
2445,3.027909e-18,-8.749776e-05,-5.479377e-06,4.931149e-04,2.123916e-01,5.134672e-01,2.149321e+00
2446,7.902468e-19,-9.570201e-05,-1.914067e-05,4.818590e-04,1.195297e-01,-9.375742e-01,8.402024e+00
2447,1.237361e-18,-7.476343e-05,-1.398423e-05,4.837316e-04,-4.844006e-02,-2.397972e-04,-1.345961e+00
2448,7.512012e-19,-9.648420e-05,-1.992210e-05,4.826292e-04,1.774341e+00,-1.431234e+00,8.992436e+00
2449,6.133790e-18,-5.425830e-05,1.728766e-05,4.934195e-04,-1.021441e+00,-7.815832e-01,5.982752e+00
2450,1.857877e-17,-6.082457e-05,1.738121e-05,4.874074e-04,-3.711294e+00,2.790636e-01,1.704531e+01
2451,9.184851e-18,-5.467932e-05,8.573128e-06,4.901528e-04,4.141083e+00,1.900998e+00,1.105894e+01
2452,8.711013e-18,-5.858317e-05,9.338711e-06,4.993191e-04,5.045432e-01,2.168429e-01,1.008630e+01
2453,5.787820e-19,-5.620935e-05,1.054834e-05,4.779466e-04,-1.742402e+00,-5.493604e-02,3.351001e+00
2454,9.815768e-19,-5.717607e-05,1.809726e-05,4.951427e-04,-6.003936e-01,6.385517e-01,-2.132832e+00
2455,2.726703e-18,-5.937544e-05,3.904011e-06,4.979046e-04,1.144958e-01,4.362208e-02,6.547945e+00
2456,4.580159e-18,-5.937376e-05,3.906162e-06,4.946246e-04,1.904333e-02,-1.955506e-02,6.058742e+00
2457,3.467415e-18,-5.844544e-05,8.195236e-06,4.829611e-04,2.660594e-01,6.037487e-01,7.165285e+00
2458,1.761454e-17,-5.936889e-05,3.801068e-06,4.888473e-04,-5.472427e-02,2.144524e-01,7.627023e+00
2459,1.187182e-18,-7.185874e-05,1.715799e-05,5.005864e-04,-1.652522e-01,2.615905e-01,-2.715859e+00
2460,2.237486e-17,-6.914120e-05,2.411672e-05,4.970474e-04,-4.933553e-03,-1.890369e-02,-8.891422e-01
2461,3.991259e-19,-5.664015e-05,8.203680e-06,4.935608e-04,1.254967e+00,5.016896e-02,1.068080e+01
2462,2.383600e-16,-5.965609e-05,-1.283522e-05,4.946049e-04,2.829980e-01,-3.904348e-01,1.501298e+00
2463,2.899929e-17,-5.164997e-05,-2.204907e-06,4.847173e-04,8.615734e-01,3.778448e+00,4.274791e+00
2464,3.569945e-17,-6.965641e-05,-7.017958e-06,4.870168e-04,6.247803e-02,4.825837e-01,3.548015e+00
2465,2.996486e-18,-6.172113e-05,-7.818247e-07,4.938947e-04,-3.380102e-02,-1.122286e-01,5.845893e+00
2466,1.248245e-18,-6.170250e-05,-8.017670e-07,5.005649e-04,-2.710456e-02,8.159428e-03,6.480901e+00
2467,8.703294e-19,-6.470450e-05,-1.624472e-05,4.826358e-04,6.781404e-01,-1.659790e+00,4.451046e+00
2468,2.398057e-18,-5.076633e-05,-1.564544e-06,4.915486e-04,4.023709e-01,-3.073819e-03,4.230259e+00
2469,2.355868e-18,-6.015638e-05,-2.460906e-05,4.849576e-04,2.858077e-01,2.324181e-02,-1.919415e+00
2470,2.884583e-18,-4.219418e-05,-8.592296e-06,4.955012e-04,-4.183185e-02,-2.425492e-02,1.148728e+01
2471,2.775131e-17,-3.599353e-05,-6.285321e-06,4.914072e-04,7.205345e-01,9.110229e-02,1.232543e+01
2472,2.755962e-18,-3.593806e-05,-1.564151e-06,4.840553e-04,-3.988189e-01,1.962491e-01,6.064027e+00
2473,3.275373e-18,-3.592131e-05,-1.586782e-06,4.908132e-04,7.909558e-02,-6.120151e-01,9.264373e+00
2474,5.041848e-18,-4.687892e-05,-4.688378e-06,4.919718e-04,-6.067067e-02,-4.228047e-02,7.250567e+00
2475,2.473028e-18,-4.609216e-05,-8.601676e-06,4.923732e-04,-2.601505e-01,-1.954335e-02,6.615022e+00
2476,2.290811e-18,-3.422269e-05,-9.502074e-06,4.923624e-04,2.403230e-01,1.550927e-01,4.799859e+00
2477,1.560666e-18,-4.219954e-05,-8.575747e-06,4.834196e-04,2.957431e-01,8.099150e-01,5.594215e+00
2478,2.394148e-18,-4.217928e-05,-8.604005e-06,4.900602e-04,9.416190e-02,-2.403846e-01,7.844660e+00
2479,2.497945e-18,-2.889490e-05,-7.038719e-06,4.877246e-04,1.199014e-01,-2.964652e-02,2.964282e+00
2480,4.196865e-17,-3.140637e-05,-4.226942e-06,4.951976e-04,-1.844343e+00,1.635380e+00,4.946002e+00
2481,1.451577e-18,-3.436873e-05,-1.563113e-05,4.888868e-04,8.937034e-02,4.392339e-01,4.791298e+00
2482,8.298290e-19,-3.425835e-05,-1.265912e-05,4.826359e-04,-4.584362e-01,4.742772e-01,1.463259e+00
2483,2.468940e-18,-3.589459e-05,-1.607760e-06,4.964208e-04,-5.710214e-01,3.379521e-01,1.423503e+01
2484,2.067136e-18,-4.158708e-05,-1.691903e-06,4.946750e-04,8.198737e-01,9.753942e-02,1.569919e+01
2485,1.023385e-17,-4.219063e-05,-1.755022e-05,4.805904e-04,7.054126e-01,1.302157e+00,3.735063e+00
2486,1.540827e-18,-3.735710e-05,-6.481820e-06,4.854762e-04,-1.003613e+00,-2.349008e-02,8.196394e+00
2487,1.378940e-18,-3.789088e-05,-6.643395e-06,4.818817e-04,1.688227e+00,-2.407052e+00,5.056469e+00
2488,1.601942e-18,-3.710932e-05,-5.861711e-06,4.807375e-04,1.731634e+00,-2.827752e+00,3.901873e+00
2489,1.641102e-17,-4.289899e-05,-2.421745e-05,4.971917e-04,2.044618e-02,3.444683e-02,-9.963779e-01
2490,4.320727e-18,-3.828121e-05,-2.460932e-05,4.898456e-04,2.958847e-02,-8.252417e-03,-2.071185e+00
2491,8.839361e-18,1.474263e-05,-2.296758e-04,5.021728e-04,1.803937e-01,1.527642e-01,1.450456e+01
2492,5.278272e-18,9.369468e-06,-2.312501e-04,5.021694e-04,1.989281e-02,2.045662e-01,1.127954e+01
2493,8.066096e-17,1.245435e-05,-2.359779e-04,5.010073e-04,3.830527e-02,2.000948e+00,7.461336e+00
2494,1.177365e-16,8.059801e-06,-2.265367e-04,5.128455e-04,-2.811266e-02,-5.104242e-01,8.884010e+00
2495,4.138571e-17,4.388841e-07,-2.277969e-04,5.225969e-04,-1.854945e-01,-1.119516e-01,1.252689e+01
2496,1.636438e-17,1.314316e-05,-2.343566e-04,5.096514e-04,4.168291e-02,5.286451e-01,1.118060e+01
2497,8.533929e-17,1.904266e-06,-2.486654e-04,5.090464e-04,3.348646e-01,7.443679e-02,8.175089e+00
2498,1.641439e-17,1.131113e-05,-2.312491e-04,5.117177e-04,1.082658e+00,1.501115e-01,1.346206e+01
2499,2.448897e-17,2.122853e-05,-2.293804e-04,5.175313e-04,2.661155e+00,-2.045516e-01,2.091813e+01
2500,8.182335e-18,1.709702e-05,-2.493313e-04,5.085818e-04,-1.599852e-02,-5.483388e-02,4.540056e+00
2501,1.667809e-18,1.640711e-05,-2.296779e-04,5.090864e-04,3.543315e-01,4.984102e-01,1.495830e+01
2502,3.164558e-18,1.092108e-05,-2.445336e-04,5.171205e-04,-2.269635e-01,-1.635208e-01,6.247028e+00
2503,3.596505e-18,1.780811e-05,-2.496100e-04,5.181465e-04,5.420256e-01,-3.400534e-02,5.375116e+00
2504,6.043895e-19,7.799632e-06,-2.496110e-04,5.113480e-04,6.259192e-01,-6.098189e-02,3.875473e+00
2505,1.795539e-17,2.342438e-06,-2.344206e-04,5.234210e-04,5.960546e-02,-6.090340e-01,1.060257e+01
2506,3.297764e-18,1.564129e-06,-2.273461e-04,5.109697e-04,4.001941e-02,-2.477587e-02,8.122500e+00
2507,5.824084e-18,3.142384e-06,-2.374997e-04,5.174023e-04,4.428080e-01,4.510115e-02,8.686084e+00
2508,1.175147e-18,7.024473e-06,-2.414027e-04,5.236534e-04,3.641932e-02,2.443359e-02,5.574923e+00
2509,1.271999e-18,7.013095e-06,-2.414131e-04,5.182892e-04,2.277284e-01,3.351770e-01,8.102233e+00
2510,5.043631e-18,6.994538e-06,-2.414062e-04,5.077082e-04,8.506625e-02,-3.211409e-02,6.736935e+00
2511,2.566040e-18,1.015415e-05,-2.496095e-04,5.229355e-04,9.384399e-02,-2.202587e-02,5.454708e+00
2512,5.704926e-18,1.089878e-05,-2.465977e-04,5.086485e-04,4.850693e-01,2.157244e-02,5.385815e+00
2513,5.269922e-19,1.795062e-05,-2.410159e-04,5.075731e-04,1.139811e-01,-5.815662e-01,3.787098e-01
2514,1.142741e-16,-3.896023e-06,-2.486719e-04,5.177104e-04,-3.349744e-02,6.575290e-02,6.453464e+00
2515,1.070714e-18,-2.369120e-06,-2.382661e-04,5.221040e-04,6.261534e-01,1.128306e-01,2.006374e+01
2516,4.741092e-18,-3.152718e-06,-2.359420e-04,5.060135e-04,-2.401018e-01,5.199207e-01,1.659165e+01
2517,7.046721e-18,-2.800171e-06,-2.366079e-04,5.124689e-04,9.829517e-02,-1.632368e+00,1.514852e+01
2518,8.225785e-18,-7.937344e-06,-2.287986e-04,5.119893e-04,8.785189e-02,1.024744e+00,1.007182e+01
2519,1.167381e-17,-8.718663e-06,-2.287415e-04,5.050457e-04,9.139428e-02,1.731175e-02,9.963876e+00
2520,3.224948e-18,-9.371210e-06,-2.421835e-04,5.048730e-04,7.203205e-03,3.274575e-02,1.107793e+00
2521,1.603763e-18,-2.343428e-05,-2.496087e-04,5.171403e-04,-1.496126e-01,-1.364647e-01,1.703063e+00
2522,6.506858e-19,-1.562078e-05,-2.496074e-04,5.213732e-04,-3.146952e-01,-2.171631e-01,1.724315e+00
2523,4.122866e-18,5.420700e-06,-2.062509e-04,5.211090e-04,6.375428e-03,-1.448067e-01,8.722338e+00
2524,3.728702e-17,1.583396e-05,-2.128778e-04,5.050318e-04,1.542414e+00,-8.253686e-02,4.171369e+00
2525,5.832381e-18,3.756829e-06,-2.117196e-04,5.211219e-04,8.710212e-01,2.063406e-01,7.857747e+00
2526,3.420313e-17,2.223237e-05,-2.148617e-04,5.238281e-04,9.009425e-01,4.622837e-01,3.444245e+00
2527,3.372478e-17,7.645322e-06,-2.186144e-04,5.224728e-04,-3.016878e-01,-2.055793e+00,7.757768e+00
2528,2.411786e-18,3.849320e-06,-2.116556e-04,5.126359e-04,4.648101e-01,-2.867578e-01,6.719013e+00
2529,3.058534e-18,7.835286e-06,-2.140612e-04,5.117265e-04,5.459985e-01,1.559676e-01,3.823165e+00
2530,3.022650e-18,-1.484081e-05,-2.195292e-04,5.140316e-04,-2.463660e-01,1.366730e-02,3.516424e+00
2531,4.143979e-18,-3.904564e-06,-2.039062e-04,5.059746e-04,-2.088289e-02,-5.339285e-02,2.233272e+00
2532,4.099789e-18,-7.813168e-06,-2.156281e-04,5.082596e-04,1.461024e-01,2.687005e-01,2.256959e+00
2533,9.247027e-18,2.422940e-05,-2.290486e-04,4.900641e-04,1.105490e+00,6.009648e-01,6.603182e+00
2534,2.269783e-18,2.353508e-06,-2.496094e-04,4.983025e-04,1.425740e-01,4.358641e-02,8.636813e+00
2535,2.554313e-17,1.167078e-05,-2.422996e-04,4.923680e-04,-9.478089e-01,-5.217828e-01,6.489863e+00
2536,2.483442e-18,7.801915e-06,-2.304979e-04,4.861949e-04,-2.561284e-01,8.783343e-01,4.118067e+00
2537,1.913567e-17,8.386039e-06,-2.399777e-04,4.931714e-04,2.129602e+00,-1.144263e+00,3.880498e+00
2538,3.936376e-18,2.114264e-05,-2.312175e-04,4.844907e-04,4.684935e-01,1.000433e+00,6.068076e+00
2539,3.735759e-18,8.804607e-06,-2.273422e-04,4.930803e-04,9.461042e-01,1.092578e-01,7.431429e+00
2540,3.092941e-18,1.640687e-05,-2.468788e-04,4.861199e-04,-3.771925e-01,-2.087620e-01,8.467772e-01
2541,2.115689e-18,1.187263e-05,-2.496089e-04,4.908799e-04,1.907563e-01,-5.044841e-02,9.657734e-01
2542,6.046207e-19,1.573100e-06,-2.496092e-04,4.904367e-04,2.508544e-01,-2.431045e-02,3.886175e+00
2543,3.874953e-18,1.944110e-05,-2.311223e-04,4.813159e-04,1.231522e+00,-5.699251e-01,4.753964e+00
2544,1.205023e-18,1.483096e-05,-2.305164e-04,4.990192e-04,-1.185357e-01,2.100857e-01,1.559620e+01
2545,1.047411e-17,2.187269e-05,-2.492462e-04,4.834111e-04,1.219248e-01,-3.193148e-02,2.027539e+00
2546,1.025274e-18,1.483483e-05,-2.304891e-04,4.951247e-04,1.476847e-01,1.386201e-02,1.036552e+01
2547,8.886497e-18,1.485485e-05,-2.304852e-04,4.901259e-04,-6.660725e-02,1.786160e-01,8.616548e+00
2548,5.812637e-19,1.331189e-05,-2.347639e-04,4.966841e-04,-3.524733e-01,-3.462020e-01,1.074776e+01
2549,2.658050e-18,1.328081e-05,-2.351569e-04,4.884722e-04,8.188022e-02,-1.031225e-01,6.999607e+00
2550,2.585688e-18,1.328339e-05,-2.351669e-04,4.830287e-04,2.699002e-01,-2.405706e-01,3.471055e+00
2551,3.392982e-17,2.399152e-05,-2.421763e-04,4.820953e-04,2.130271e-02,-1.160260e-02,-9.597350e-01
