droplet_id,volume,ux,uy,uz,vx,vy,vz
1,3.202480e-16,-1.293773e-04,-1.422252e-05,5.320339e-04,-3.148801e-01,-2.917988e-01,9.015433e+00
2,1.417281e-16,-1.241828e-04,-1.589535e-05,5.093854e-04,2.580779e+00,-2.045258e+00,1.592111e+01
3,7.983729e-12,6.323594e-08,6.120938e-08,3.866131e-04,-1.147443e-02,-1.370136e-02,9.695068e+00
4,8.636752e-17,-1.045559e-04,-1.201323e-05,5.134683e-04,4.809444e-02,2.400003e-01,1.170952e+00
5,7.251158e-17,-1.131076e-04,-4.028556e-06,5.174195e-04,-7.551726e-01,1.617907e+00,9.532629e+00
6,8.280693e-18,-1.203117e-04,-1.692402e-05,5.021058e-04,-2.159603e-01,-3.735225e-01,1.457732e+01
7,5.425709e-18,-9.919257e-05,1.824550e-08,5.099939e-04,-6.613119e-01,-3.547867e-01,1.133110e+01
8,2.118487e-17,-1.234745e-04,-1.959599e-05,5.035695e-04,-1.377455e+00,-1.457511e+00,1.171363e+01
9,9.490938e-17,-1.070567e-04,-2.195128e-06,4.996830e-04,2.618994e-01,-1.948833e+00,3.573347e+00
10,5.025467e-18,-1.054687e-04,-3.906934e-06,5.184778e-04,1.749208e-01,1.260120e-01,5.327582e+00
11,4.050440e-18,-1.101623e-04,-1.230112e-05,5.077733e-04,-2.875002e-01,4.770351e-01,7.136889e+00
12,5.168022e-18,-1.187509e-04,-6.246084e-06,5.143466e-04,-3.705441e-01,4.040498e-03,5.002755e+00
13,1.443811e-18,-1.078114e-04,-1.796954e-05,5.166476e-04,-2.349150e-01,2.430718e-01,9.187302e-01
14,7.512456e-18,-1.221640e-04,-5.464301e-06,5.346519e-04,-1.932746e-01,-2.826651e-02,7.060546e+00
15,5.921432e-18,-1.039104e-04,7.384806e-06,5.287240e-04,1.217855e-02,1.510767e-01,6.529104e+00
16,4.061500e-18,-1.132865e-04,3.354002e-06,5.174124e-04,1.237543e-01,-3.227022e+00,2.543030e+01
17,4.533195e-18,-1.070295e-04,1.641457e-05,5.020910e-04,-2.928080e-01,3.121529e-01,1.199995e+01
18,1.368371e-18,-1.054641e-04,2.340529e-06,5.150264e-04,-4.389918e-02,-1.941491e-01,3.711211e+00
19,1.818216e-17,-9.914175e-05,5.540636e-06,5.017195e-04,-3.484920e-01,-1.681111e+00,1.620074e+00
20,2.792080e-18,-1.288360e-04,-7.762731e-07,5.036930e-04,-3.266724e-02,2.611016e-02,6.029184e+00
21,6.090434e-18,-1.273370e-04,-1.015818e-05,5.181592e-04,-7.207635e-01,1.154256e+00,3.983713e+00
22,3.385261e-18,-1.367222e-04,-7.720866e-07,5.024097e-04,-9.437639e-02,7.476075e-01,3.152452e+00
23,5.569388e-18,-1.375014e-04,-1.172596e-05,5.104638e-04,-6.937418e-02,-5.099102e-03,2.982133e+00
24,1.219842e-18,-1.476601e-04,-1.328451e-05,5.173594e-04,4.784239e-02,6.484260e-01,4.047584e+00
25,2.747706e-18,-1.453132e-04,-3.121461e-06,5.084820e-04,3.858617e-02,-2.619009e-02,1.952052e+00
26,2.558029e-18,-1.406248e-04,-9.372242e-06,5.192290e-04,5.983161e-02,4.017836e-02,6.341853e-01
27,3.234090e-19,-1.308586e-04,-1.835689e-05,5.166457e-04,-4.084029e+00,-2.424025e+00,1.922171e+00
28,1.208605e-18,-1.484386e-04,3.910921e-06,5.196063e-04,1.000772e-01,-1.203986e-01,8.813134e+00
29,2.305027e-18,-1.484346e-04,3.882814e-06,5.154096e-04,-9.642218e-03,-3.317433e-01,1.049139e+01
30,8.248827e-18,-1.508142e-04,1.019769e-05,5.109741e-04,2.109208e-01,-1.462475e+00,4.077455e+00
31,5.320627e-18,-1.435823e-04,7.832757e-06,5.035042e-04,-2.377043e-01,-4.062659e-02,5.176449e+00
32,4.113641e-18,-1.398196e-04,4.665025e-06,5.095266e-04,-2.459936e-02,-1.627771e-01,4.398100e+00
33,3.010673e-18,-1.421592e-04,7.779117e-06,5.156135e-04,-1.418892e-01,-1.746397e-01,2.980923e+00
34,6.454072e-18,-1.344946e-04,1.562319e-05,5.089904e-04,-5.949766e-01,-3.057666e-01,6.555206e+00
35,2.507481e-18,-1.445439e-04,8.596150e-06,5.199857e-04,2.108367e-01,-3.746588e-01,6.394579e+00
36,1.750392e-18,-1.398390e-04,4.797401e-06,5.148401e-04,1.269771e-01,2.270546e-02,4.394344e+00
37,5.089877e-18,-1.406492e-04,2.043791e-05,5.279460e-04,-2.734987e-01,-5.498099e-01,7.450939e+00
38,4.154113e-18,-1.445347e-04,2.793360e-06,5.032340e-04,1.400010e-01,5.471864e-01,2.775324e+00
39,2.857618e-18,-1.098836e-05,-1.238384e-04,4.889066e-04,-5.162232e-01,-2.975621e+00,6.061453e+00
40,8.035767e-19,-1.136917e-07,-1.329635e-04,4.802221e-04,1.006633e+00,9.787339e-01,4.764228e-01
41,1.603767e-18,7.814866e-06,-1.304773e-04,4.911499e-04,-1.439369e-01,-5.322159e-01,-1.066895e+00
42,5.684790e-18,-1.250139e-05,-1.507406e-04,4.984406e-04,1.948425e-01,-6.485998e-01,9.874676e+00
43,4.614043e-18,-1.007382e-05,-1.249777e-04,4.872487e-04,9.070863e-01,-1.510109e+00,1.115336e+01
44,7.062407e-18,-1.483533e-05,-1.465019e-04,4.950123e-04,-3.513920e-01,4.051545e-01,9.265762e+00
45,2.814000e-18,-9.385730e-06,-1.500502e-04,4.884616e-04,3.152722e-01,9.428949e-02,2.568109e+00
46,2.082984e-18,-9.366042e-06,-1.352561e-04,4.851060e-04,-1.755283e-01,4.583577e-01,2.250818e+00
47,1.132372e-17,-9.373691e-06,-1.394659e-04,4.932940e-04,-3.963396e-02,-1.429996e-01,2.574194e+00
48,2.871584e-19,-1.211068e-05,-1.472684e-04,4.849479e-04,8.897394e-01,-5.077373e-01,2.712035e+00
49,3.376911e-18,-1.334399e-05,-1.414627e-04,4.948037e-04,2.814175e-01,6.925397e-01,2.544845e+00
50,7.136313e-18,-1.250534e-05,-1.499758e-04,4.917564e-04,-1.766795e-02,2.230454e-02,7.355751e+00
51,3.396887e-18,-1.327200e-05,-1.281248e-04,4.978103e-04,-4.071942e-01,-6.507907e-01,1.554147e+00
52,1.353110e-18,2.350249e-06,-1.414061e-04,4.981386e-04,-1.194231e-01,-2.284521e-01,2.900279e+00
53,5.611856e-18,-3.908292e-06,-1.257798e-04,5.464507e-04,-1.814619e-02,-7.170685e-02,1.821713e+01
54,3.860602e-18,3.127891e-06,-1.414075e-04,5.490290e-04,1.615246e-01,-2.820232e-02,7.133885e+00
55,1.132121e-17,-1.640104e-05,-1.497990e-04,5.199412e-04,2.466355e-01,8.710254e-01,1.963502e+01
56,2.760235e-18,-1.637382e-05,-1.499864e-04,5.139768e-04,-3.791619e-01,-1.498230e-01,1.699407e+01
57,9.529718e-18,-3.908052e-06,-1.262743e-04,5.241324e-04,-2.324341e-01,4.597039e-01,1.322272e+01
58,1.108843e-18,-1.639031e-05,-1.488281e-04,5.055581e-04,6.132184e-01,-6.822323e-01,1.231146e+01
59,4.499847e-18,-3.123111e-06,-1.265704e-04,5.158679e-04,2.350174e-01,-1.580969e-01,1.088656e+01
60,3.370889e-18,-1.327910e-05,-1.281167e-04,5.154463e-04,9.202867e-01,1.491748e-01,5.593685e+00
61,1.338008e-18,-2.344364e-06,-1.335908e-04,5.241653e-04,-1.238624e-01,1.612019e-01,3.535572e+00
62,3.527222e-18,-3.902851e-06,-1.351565e-04,5.181246e-04,2.147605e-01,-9.572221e-02,3.521991e+00
63,2.540698e-18,7.817661e-06,1.773495e-04,4.900307e-04,-4.171776e-02,-2.648198e-02,-1.237255e+00
64,3.368879e-17,2.400957e-05,2.018483e-04,4.880892e-04,-6.148483e-03,1.863448e-02,6.865435e-01
65,2.741465e-17,1.513736e-05,1.879780e-04,5.046507e-04,1.023723e+00,5.534149e-01,2.224148e+00
66,2.655850e-17,1.801938e-06,1.852489e-04,4.901081e-04,2.274543e+00,-9.659130e-01,7.635187e+00
67,3.502437e-18,1.557621e-06,1.773432e-04,5.016429e-04,-4.581401e-01,1.520807e+00,9.079025e+00
68,1.357462e-17,1.372997e-05,1.953373e-04,4.926250e-04,-8.151941e-02,-9.907730e-01,4.209500e+00
69,1.299236e-18,1.017046e-05,1.999885e-04,4.794709e-04,8.770765e-01,-1.446763e-01,4.002931e+00
70,5.608288e-19,4.297926e-06,1.961012e-04,5.012666e-04,1.853328e-01,-2.203047e+00,1.354871e+01
71,5.336605e-19,3.907309e-07,1.964844e-04,4.766840e-04,3.246753e-01,-1.463489e+00,4.656777e+00
72,1.843560e-18,2.461048e-05,1.851516e-04,4.907773e-04,3.346982e-02,2.136185e-01,1.742672e+00
73,2.493409e-19,-1.992387e-05,1.847706e-04,4.833937e-04,3.698545e-01,-3.015432e-01,-3.252405e+00
74,3.017483e-18,-1.326914e-05,1.757033e-04,4.985876e-04,-1.010292e+00,-9.181149e-02,2.265994e+01
75,2.170003e-17,-7.698917e-06,1.828268e-04,4.912308e-04,7.232004e-01,6.205366e-01,1.552012e+01
76,1.986468e-17,-6.924999e-06,1.766829e-04,5.037957e-04,4.562840e+00,3.725061e+00,1.691897e+01
77,3.255814e-19,-5.077691e-06,1.746095e-04,5.012658e-04,-1.064832e+00,9.155875e-01,7.845545e+00
78,2.048245e-17,-1.403225e-05,1.792470e-04,5.046177e-04,-4.545998e-01,3.166687e+00,2.575788e+01
79,1.589880e-18,-1.009016e-05,1.843104e-04,4.980522e-04,-2.690062e-01,-3.680372e-02,6.092457e+00
80,4.792447e-18,-5.460898e-06,1.941769e-04,4.938316e-04,3.358538e-02,1.516778e+00,5.816096e+00
81,1.323530e-18,-8.602189e-06,1.953131e-04,5.012904e-04,4.279001e-01,2.587406e-02,2.246133e+00
82,2.776840e-18,-6.248449e-06,1.929794e-04,4.828913e-04,-2.970366e-02,-9.273823e-01,3.612734e+00
83,2.579242e-18,-7.783348e-06,1.824220e-04,4.855389e-04,-1.208087e+00,-1.276242e+00,1.240427e+01
84,2.526791e-19,-2.070172e-05,1.839877e-04,4.841687e-04,4.660394e-01,-1.857528e-01,-3.419800e+00
85,3.388383e-19,-8.984136e-06,1.839832e-04,4.833633e-04,1.197021e+00,-8.043638e-01,3.184030e+00
86,5.094734e-19,-1.171798e-06,1.863280e-04,4.845110e-04,4.840072e-01,6.981874e-02,3.899336e+00
87,4.568844e-18,-9.378584e-06,1.687480e-04,5.004676e-04,-6.109927e-01,-3.642857e-02,1.095602e+01
88,4.222490e-18,-1.096910e-05,1.719425e-04,4.912046e-04,-2.007510e+00,6.861914e-01,8.438478e+00
89,2.569410e-19,-9.771566e-06,1.730450e-04,4.958441e-04,-1.691784e+00,-1.182262e+00,1.023063e+01
90,2.607931e-19,-1.054639e-05,1.738278e-04,4.958445e-04,-1.414762e+00,-1.219390e+00,9.927219e+00
91,6.615573e-17,-1.431702e-05,1.480062e-04,4.894140e-04,7.702797e-01,-3.533280e-01,8.909383e+00
92,4.273848e-17,-1.794027e-05,1.513855e-04,4.790090e-04,5.430819e-02,-6.948834e-01,4.772717e+00
93,5.753150e-18,-4.103465e-06,1.663810e-04,4.834611e-04,2.645752e+00,-7.415109e-01,4.127676e+00
94,3.409845e-18,-7.818140e-06,1.492252e-04,4.969985e-04,-6.185365e-03,-7.629228e-02,3.831544e+00
95,1.536062e-18,-2.347809e-06,1.640608e-04,4.895720e-04,-6.007226e-01,-7.206776e-02,4.008757e+00
96,3.972352e-18,-8.610126e-06,1.648253e-04,5.036105e-04,2.270192e-01,1.902169e-01,9.884887e+00
97,4.638411e-18,-1.248319e-05,1.695782e-04,4.756045e-04,-5.971783e-01,-2.549791e-01,4.970040e-01
98,8.428571e-18,-2.433191e-05,1.726688e-04,4.903329e-04,-2.617266e-02,-5.463372e-04,1.358765e+00
99,4.005491e-18,2.460915e-05,1.586026e-04,4.831537e-04,-1.479891e-02,-7.715756e-03,1.816654e+00
100,5.405624e-17,-3.552369e-05,3.618071e-06,5.003526e-04,-7.868636e-01,-6.374496e-01,6.837620e+00
101,2.071966e-18,-3.767269e-05,-1.403519e-06,5.023988e-04,-7.640746e-02,5.113304e-01,1.746869e+01
102,9.991909e-19,-3.984711e-05,-1.638792e-05,5.028782e-04,-7.290011e-02,2.236102e-01,-4.918006e-01
103,2.058074e-18,-4.127400e-05,-1.187269e-05,5.016470e-04,4.395051e-01,-1.057983e-01,5.920554e+00
104,7.159810e-18,-3.203518e-05,-3.477090e-06,5.036326e-04,1.556724e-01,-2.482509e-01,6.050709e+00
105,1.043354e-18,-4.240555e-05,-8.673809e-07,5.104304e-04,-2.300617e+00,-2.036058e+00,1.565871e+01
106,1.411947e-18,-4.929152e-05,-1.301190e-06,5.162063e-04,6.737193e-01,2.587885e-01,1.008759e+01
107,6.153354e-18,-4.660012e-05,-8.571017e-06,5.042144e-04,-4.477486e-01,1.020511e+00,1.299313e+01
108,1.010872e-17,-3.438095e-05,-1.288032e-05,5.078645e-04,-3.155445e-02,4.469504e-01,1.072960e+01
109,6.735901e-17,-2.692298e-05,1.360516e-06,5.140279e-04,1.198043e-01,3.086642e-02,9.077413e+00
110,2.283450e-17,-4.613107e-05,-1.833525e-05,5.200358e-04,2.321664e+00,5.485515e-01,5.343215e+00
111,3.110307e-18,-4.921615e-05,-1.546611e-06,5.100714e-04,-8.418833e-01,5.829781e-02,1.026134e+01
112,4.574805e-18,-3.437639e-05,-2.186896e-05,5.273384e-04,1.234331e-01,3.508008e-02,1.739682e+01
113,2.915698e-18,-3.439614e-05,-1.797142e-05,5.079371e-04,-1.993312e-01,5.235837e-01,1.202904e+01
114,2.944488e-19,-4.101501e-05,-8.202628e-06,5.127999e-04,-1.068087e-01,-2.402245e+00,8.095868e+00
115,1.625203e-17,-2.508485e-05,-7.433161e-06,5.209618e-04,-1.379555e-01,-3.015633e-01,8.818862e+00
116,2.884602e-18,-4.844553e-05,-1.170446e-05,5.123567e-04,5.247367e-01,7.401740e-01,1.923457e+00
117,1.154955e-18,-4.133488e-05,1.649094e-05,5.356015e-04,8.034173e-02,-2.748945e-01,3.206951e+00
118,1.430976e-18,-3.593825e-05,4.692492e-06,5.374135e-04,8.061101e-02,6.870692e-02,1.971909e+00
119,3.084140e-17,-4.452413e-05,1.071807e-05,5.114064e-04,8.639256e-01,-2.374825e-01,1.152186e+01
120,2.621456e-18,-3.828447e-05,1.877687e-05,5.253898e-04,-2.336160e-01,6.916776e-01,7.489326e+00
121,3.896322e-17,-3.545556e-05,3.694974e-06,5.159896e-04,-4.498369e-02,-1.546991e-01,2.478264e+00
122,3.594063e-17,-3.442073e-05,1.500934e-05,5.063170e-04,3.374710e-01,1.102113e-01,6.315971e+00
123,6.870033e-18,-3.272644e-05,1.328154e-05,5.112026e-04,-3.952282e-01,-1.265645e-01,4.186404e+00
124,6.919950e-18,-2.487332e-05,1.642667e-05,5.150885e-04,-2.087127e+00,-6.549411e-01,9.827393e-01
125,1.340267e-17,-2.410327e-05,-5.933849e-06,5.451139e-04,-2.400708e-01,1.777305e-01,1.260709e+01
126,4.412396e-17,-3.508889e-05,-1.064795e-05,5.460169e-04,4.693795e+00,-3.029818e+00,1.846206e+01
127,6.034480e-18,-3.515233e-05,-1.640628e-05,5.425786e-04,1.165370e+00,3.708957e-01,1.826832e+01
128,1.087123e-18,-4.293034e-05,-5.432827e-06,5.366876e-04,-1.773573e-01,-4.584057e-02,1.325613e+01
129,2.683391e-18,-2.578049e-05,-6.255275e-06,5.341341e-04,-2.119119e-01,-2.575526e-01,7.861705e+00
130,3.566191e-18,-4.450186e-05,-6.261149e-06,5.482267e-04,-2.855676e-01,2.621831e-02,1.015415e+00
131,7.487494e-18,-3.625436e-05,-1.243518e-05,5.495053e-04,-3.729123e-01,1.100296e-01,1.204375e+01
132,4.953317e-18,-7.499908e-05,-1.407073e-05,5.013022e-04,-1.779342e-01,-3.841159e-02,6.879383e+00
133,4.894807e-18,-7.500045e-05,-1.765098e-05,5.032454e-04,7.203127e-02,-8.944740e-01,2.225960e+00
134,1.794978e-18,-5.240621e-05,-1.177551e-05,5.037273e-04,7.764534e-01,2.355097e-01,5.314859e-01
135,9.171364e-18,-7.045208e-05,-1.754629e-05,5.449070e-04,6.712367e-01,-5.487624e+00,2.234815e+01
136,2.481383e-18,-7.110087e-05,-1.562270e-06,5.384554e-04,8.976101e-02,2.978613e-03,2.486775e+00
137,3.128967e-18,-5.468769e-05,-2.032865e-05,5.451283e-04,-1.660553e-02,-6.218283e-03,6.336396e+00
138,4.175759e-18,-7.109290e-05,-1.564570e-06,5.330214e-04,-4.920558e-02,1.351553e-02,3.855806e+00
139,2.790833e-18,-5.313415e-05,-9.384503e-06,5.464678e-04,8.500637e-01,-4.651247e-01,5.052668e-01
140,3.142289e-18,1.976597e-04,1.561423e-05,4.783535e-04,-1.515962e-01,3.614883e-01,2.762445e-01
141,1.837370e-17,1.732856e-04,1.433169e-05,4.774581e-04,6.792327e-01,3.709859e+00,-1.494531e+00
142,4.958941e-19,1.621094e-04,3.908490e-07,4.751394e-04,-6.967799e-01,5.897943e-01,-2.549637e+00
143,1.285760e-18,1.625065e-04,1.175084e-05,4.724369e-04,-1.166760e-01,-5.436376e-01,-3.499297e+00
144,1.459123e-18,1.656222e-04,1.210902e-05,4.751408e-04,1.945032e-01,-2.258624e+00,-1.460634e+00
145,2.662296e-17,1.504386e-04,6.002582e-06,4.765628e-04,6.574868e-01,-9.236822e-01,-3.125904e-01
146,1.790963e-17,1.689266e-04,2.014754e-05,4.787398e-04,-1.013604e+00,-4.334877e-02,1.647243e+00
147,3.941383e-17,1.607341e-04,1.974108e-05,4.819227e-04,-9.587364e-05,9.474882e-01,6.175964e+00
148,4.148462e-18,1.618218e-04,6.462533e-07,4.805985e-04,1.229579e+00,-4.749901e-01,5.643091e+00
149,2.967114e-18,1.531359e-04,3.881900e-06,4.759317e-04,3.362311e-01,1.961677e-02,6.542719e-01
150,3.945837e-17,3.979122e-06,-2.270002e-04,4.868915e-04,1.931414e+00,-9.952761e-01,3.742539e+00
151,5.618431e-18,2.438030e-05,-2.242753e-04,4.831699e-04,3.455223e-02,1.317888e-01,1.344179e+00
152,5.031044e-19,-1.171420e-05,-2.496101e-04,4.919530e-04,-1.329238e-02,6.104960e-02,-3.659189e+00
153,4.420338e-18,-3.079951e-06,-2.359077e-04,5.011105e-04,-5.632503e-01,-6.694804e-01,1.688501e+01
154,1.045730e-17,-8.628280e-06,-2.288699e-04,5.020708e-04,-4.941032e-01,2.909645e-01,1.024001e+01
155,2.149048e-17,-6.075503e-06,-2.319810e-04,4.882024e-04,-7.015652e-01,3.771486e-01,5.873963e+00
156,1.435793e-18,-3.120984e-06,-2.359426e-04,4.973682e-04,2.938551e-02,-3.716135e-01,1.455778e+01
157,1.631902e-18,-2.368658e-06,-2.496097e-04,4.876351e-04,4.067615e-02,-1.318390e-02,3.947053e+00
158,2.754110e-18,-1.171325e-05,-2.444872e-04,5.016667e-04,3.303047e-01,7.686208e-02,2.935543e+00
159,2.102936e-18,-1.514432e-05,-2.401233e-04,4.789545e-04,1.541396e-01,4.231115e-01,7.333570e+00
160,3.256486e-19,-1.445434e-05,-2.394538e-04,4.802548e-04,-5.415958e-01,2.451602e-01,9.493166e+00
161,7.870885e-18,-2.432677e-05,-2.304583e-04,4.896250e-04,-4.843305e-02,2.956430e-03,1.332228e+00
162,2.302618e-18,2.343818e-06,-2.496095e-04,4.957549e-04,-2.148891e-01,-1.918523e-02,9.063890e+00
163,3.344450e-18,2.104175e-05,-2.313131e-04,4.828359e-04,-3.177242e-01,-9.972689e-01,6.535928e+00
164,6.074217e-19,1.579977e-06,-2.496095e-04,4.887994e-04,-1.502466e-01,-3.307506e-01,4.589266e+00
165,1.944782e-17,7.739499e-06,-2.397038e-04,4.921001e-04,1.863316e+00,-9.842953e-01,4.069022e+00
166,4.346541e-18,8.306040e-06,-2.273430e-04,4.907397e-04,1.141702e+00,4.949809e-03,6.922257e+00
167,1.988467e-18,7.918009e-06,-2.304581e-04,4.847272e-04,8.139954e-01,2.909317e-01,4.522481e+00
168,1.107856e-17,2.179779e-05,-2.492926e-04,4.828305e-04,1.173034e-01,2.912245e-02,2.256800e+00
169,9.243019e-19,1.474370e-05,-2.306388e-04,4.942953e-04,-4.062669e-01,-3.933124e-01,1.583101e+01
170,3.549526e-19,1.913448e-05,-2.324250e-04,4.779200e-04,-4.421238e-01,3.349442e-01,6.797451e+00
171,1.974570e-17,1.643257e-05,-2.321218e-04,4.781797e-04,6.530201e-01,6.061632e-01,-2.179084e-01
172,2.159876e-18,1.157440e-05,-2.496105e-04,4.907313e-04,8.237168e-01,-1.126391e-01,1.359381e+00
173,8.037674e-18,1.486683e-05,-2.304857e-04,4.874396e-04,4.630339e-01,-3.306099e-01,8.682107e+00
174,2.881399e-18,1.640427e-05,-2.468716e-04,4.860207e-04,2.880182e-01,4.373326e-01,5.970337e-01
175,4.914555e-19,1.367167e-05,-2.351662e-04,4.864897e-04,-6.739131e-01,8.649838e-02,6.631183e+00
176,2.189210e-18,1.312329e-05,-2.353449e-04,4.769345e-04,2.768366e-01,-1.509386e-01,-1.255609e-01
177,3.418270e-17,2.399316e-05,-2.421856e-04,4.822944e-04,-2.721879e-02,-2.570828e-02,6.961405e-01
178,5.279855e-18,1.801132e-05,-2.425608e-04,4.782306e-04,7.678619e-01,-3.789794e-01,7.447938e-01
179,2.444745e-19,1.757513e-05,-2.332010e-04,4.763518e-04,-1.859359e+00,-2.089320e+00,1.404115e+00
180,6.777720e-19,-3.121503e-06,-2.285157e-04,4.732037e-04,-6.396628e-01,3.773401e+00,-1.416500e+00
181,2.000922e-17,1.251456e-04,-7.664427e-06,4.910420e-04,-1.795420e+00,4.263498e+00,1.457316e+01
182,2.095894e-17,1.511142e-04,-2.302455e-06,4.983782e-04,-1.613225e-01,1.057085e+00,7.308504e+00
183,2.743636e-18,1.491550e-04,-4.752343e-06,4.961289e-04,-5.486547e-01,2.318355e-01,8.636533e+00
184,3.181027e-17,1.404946e-04,-1.504448e-05,4.901280e-04,9.673152e-01,1.043783e+00,4.737057e+00
185,3.112534e-18,1.414527e-04,-1.010629e-05,5.015588e-04,-5.405912e-01,-4.648291e-01,7.164510e+00
186,1.112773e-18,1.445414e-04,-2.327004e-06,4.996979e-04,2.414996e-01,3.340903e-03,4.897903e+00
187,1.393931e-18,1.429666e-04,-1.014544e-05,4.872638e-04,3.662382e-01,-3.322946e-01,4.716104e+00
188,1.258656e-18,1.343605e-04,-8.162853e-07,4.996888e-04,-2.377955e-01,3.016061e-01,2.896680e+00
189,4.084436e-18,1.414097e-04,-4.363516e-06,4.884433e-04,2.639411e-02,1.155256e+00,4.281421e+00
190,1.396576e-18,1.460944e-04,-7.815385e-06,4.825745e-04,-3.034376e-01,9.820530e-02,2.790894e+00
191,4.648211e-18,1.272274e-04,-9.069003e-06,4.856425e-04,1.436935e+00,2.351776e+00,1.175989e+01
192,1.300734e-18,1.351436e-04,-7.037789e-06,4.810186e-04,1.082094e-01,5.412928e-01,1.961022e-01
193,1.131198e-18,1.319376e-04,-2.460924e-05,4.890183e-04,-1.050885e-01,-6.993601e-02,1.963198e+00
194,1.188891e-17,1.359346e-04,-2.427943e-05,4.808580e-04,9.145647e-03,-4.831669e-03,1.060639e+00
195,2.367929e-18,1.320357e-04,-2.441390e-05,4.963579e-04,6.862997e-02,-1.284710e-01,1.462180e+00
196,2.581544e-17,1.335717e-04,1.197810e-05,5.008920e-04,8.937136e-03,-2.991656e-01,8.211187e+00
197,1.904319e-17,1.287862e-04,6.930632e-06,4.943441e-04,-2.704821e-01,2.042063e-01,7.483644e+00
198,2.450383e-17,1.273023e-04,9.304338e-06,4.984327e-04,-1.638509e-01,-4.881142e-01,6.092416e+00
199,2.805937e-18,1.335428e-04,1.250103e-05,4.938770e-04,4.139182e-01,-3.070715e-02,7.389727e+00
200,1.421172e-17,1.398553e-04,2.003262e-05,4.956004e-04,9.015674e-02,6.564714e-02,5.699288e+00
201,3.421804e-18,1.390746e-04,7.812395e-06,4.962189e-04,5.675705e-01,1.659295e-01,3.417342e+00
202,1.803634e-17,1.440268e-04,1.269551e-05,4.954559e-04,6.527771e-01,-1.154929e-01,2.042318e+00
203,4.873623e-19,1.289037e-04,1.367555e-05,4.997567e-04,5.785142e-01,2.151615e-01,2.288672e+00
204,2.091837e-18,1.265006e-04,9.429835e-06,5.015750e-04,1.245718e-01,-1.258537e-03,9.585250e-01
205,1.352665e-18,1.492101e-04,1.639924e-05,5.005547e-04,2.268625e-01,3.544513e-01,2.303940e+00
206,4.098831e-18,1.297106e-04,5.437369e-06,4.801257e-04,-1.588839e-01,3.175579e-01,6.688819e-01
207,6.005822e-18,1.421873e-04,2.437048e-05,4.925427e-04,2.705506e-02,1.107114e-01,1.222923e+00
208,3.006600e-18,1.273456e-04,2.461054e-05,4.912863e-04,-6.521699e-02,2.822632e-02,2.925867e+00
209,8.348902e-18,1.137144e-04,-6.193001e-06,4.873343e-04,-1.447940e-01,-5.328119e-01,1.001672e+01
210,4.284133e-16,1.192505e-04,3.595813e-07,5.083739e-04,4.218206e-01,-1.404221e-01,9.408556e+00
211,8.215506e-19,1.045539e-04,-7.180299e-06,4.895924e-04,-1.382796e-01,4.044068e-01,2.158810e+00
212,1.583521e-18,1.031218e-04,-5.477219e-06,4.833540e-04,-1.544933e-01,-2.850975e-01,-1.220386e-01
213,2.294309e-18,1.219247e-04,-2.034816e-05,4.984816e-04,-2.063112e-01,-2.519614e-01,-6.832156e-01
214,7.726707e-17,1.200501e-04,1.007006e-05,4.898225e-04,-4.079912e-01,-4.265655e-01,6.813969e+00
215,6.752628e-19,1.203326e-04,1.524096e-05,4.997570e-04,-6.649263e-01,-4.063643e-01,8.920513e+00
216,1.088623e-18,1.180034e-04,7.758949e-07,4.926814e-04,-7.701700e-01,-2.999234e-01,9.187908e+00
217,4.823920e-18,1.205480e-04,1.536548e-06,4.849537e-04,-1.710304e-01,8.715017e-01,3.263202e+00
218,1.105975e-17,1.230530e-04,2.044285e-05,5.007718e-04,-6.821854e-01,1.604920e+00,4.306145e+00
219,2.890377e-18,1.203140e-04,1.489093e-05,4.923800e-04,-1.427557e-01,-4.273494e-01,6.238050e+00
220,2.494117e-18,1.148435e-04,8.595204e-06,4.984875e-04,-7.643504e-02,-2.521403e-01,5.083649e+00
221,3.952259e-18,1.047099e-04,1.486092e-05,4.953964e-04,2.132831e-01,-1.210767e-02,4.359420e+00
222,1.565544e-18,-1.250194e-05,-4.842580e-05,4.779058e-04,2.409807e-01,-4.871018e-01,7.137506e-02
223,1.060530e-18,-1.250805e-05,-4.140351e-05,4.755806e-04,-8.246163e-02,2.951340e-02,-1.630473e+00
224,1.048603e-18,-3.906595e-07,-2.851568e-05,4.777560e-04,2.123480e-01,-1.530966e+00,6.978421e+00
225,5.682997e-19,-1.172390e-06,-2.851557e-05,4.759376e-04,2.880082e-02,-1.266794e+00,4.661194e+00
226,2.533661e-19,-1.953276e-06,-2.773414e-05,4.739775e-04,-3.476281e+00,1.320750e+00,1.447875e+00
227,1.168316e-17,1.168656e-06,-3.905415e-05,4.690921e-04,-3.064185e+00,-4.038255e-02,-5.693783e+00
228,2.662272e-19,8.982691e-06,-5.038874e-05,4.732210e-04,9.683226e-01,-1.765106e+00,8.574669e-01
229,1.062558e-18,9.517826e-06,-4.960947e-05,4.689772e-04,2.518088e+00,-1.324798e+00,-6.459042e+00
230,2.948199e-19,8.984612e-06,-5.038969e-05,4.701018e-04,1.097138e-01,1.733600e-01,-4.286103e+00
231,2.339893e-17,-1.300190e-05,-3.217823e-05,5.029358e-04,2.035200e+00,-6.290010e+00,2.691297e+01
232,4.947138e-18,-5.471876e-06,-3.626343e-05,5.001040e-04,-5.602581e-02,-3.412164e-01,-2.239361e+00
233,1.405753e-18,-1.490394e-05,-2.773403e-05,4.848999e-04,-1.090390e+00,-1.715785e+00,1.465583e+01
234,2.287771e-18,-2.460906e-05,-4.453258e-05,4.974489e-04,-3.813807e-02,-1.664862e-02,2.559205e+00
235,3.193582e-18,4.673960e-06,-3.903287e-05,4.899619e-04,1.819031e-02,-7.920491e-01,1.073758e+01
236,8.072383e-18,6.659152e-06,-2.500115e-05,5.004674e-04,-2.710528e-01,1.090673e-01,8.089978e+00
237,1.268554e-18,5.861411e-06,-5.017515e-05,4.955800e-04,-2.290275e+00,-1.940726e+00,1.056149e+01
238,4.333931e-18,8.485674e-06,-5.077535e-05,4.848158e-04,2.689790e-01,-1.964501e+00,1.253916e+01
239,7.022536e-19,6.641719e-06,-3.987055e-05,4.895806e-04,6.798634e-02,5.094314e-01,7.251689e+00
240,2.806787e-18,1.172104e-05,-2.891522e-05,5.001048e-04,-3.931387e-01,-1.126340e+00,2.979528e+00
241,6.074645e-19,1.171931e-06,-2.773459e-05,4.806659e-04,1.311113e+00,1.275922e+00,1.271144e+01
242,2.752382e-19,3.906331e-07,-2.851596e-05,4.794361e-04,1.881126e-01,-1.236252e+00,9.449633e+00
243,3.962323e-18,9.376688e-06,7.108878e-05,5.462033e-04,1.692306e-02,-1.425282e-01,1.634452e+00
244,6.550940e-17,-1.157526e-05,4.737869e-05,5.273403e-04,-2.576366e+00,-6.625415e-01,1.641757e+01
245,2.917539e-17,-6.447540e-06,6.324466e-05,5.452088e-04,9.511487e-01,6.783646e-01,1.311893e+01
246,2.718580e-17,-1.027659e-05,7.616909e-05,5.393448e-04,6.341345e-01,5.145435e-01,6.412392e+00
247,1.065218e-18,-3.905903e-06,5.391061e-05,5.294098e-04,9.533121e-02,-1.279701e-02,1.057255e+00
248,2.179488e-18,-1.093329e-05,5.858747e-05,5.457816e-04,2.200775e-02,3.945015e-02,2.276453e+00
249,9.584221e-19,-1.562672e-05,5.233190e-05,5.446852e-04,5.923614e-02,-1.705459e-01,3.150508e+00
250,4.123755e-16,-6.144454e-06,4.098940e-05,5.403136e-04,-3.864178e-02,-4.452254e-01,8.691186e+00
251,1.318846e-17,-1.708524e-05,3.899448e-05,5.313447e-04,4.079103e-01,-6.006175e+00,2.987425e+01
252,3.271721e-18,-3.122467e-06,4.607030e-05,5.283152e-04,-4.467030e-01,2.114801e-02,2.336210e+01
253,3.565673e-17,-2.276175e-05,2.579309e-05,5.441758e-04,1.347677e+00,2.651291e+00,8.088994e+00
254,3.703648e-18,-3.901178e-06,3.906098e-05,5.489466e-04,2.397173e-03,5.218325e-02,5.280652e+00
255,5.680588e-18,-9.448476e-06,3.368565e-05,5.397421e-04,6.702993e-01,-1.154513e+00,3.734257e+00
256,9.950828e-18,2.178870e-05,2.422684e-05,5.292961e-04,-2.065372e-01,3.981778e-02,8.228698e+00
257,2.407391e-18,1.641841e-05,2.499772e-05,5.348261e-04,-8.912663e-02,1.728193e-01,1.757475e+00
258,5.011731e-17,1.506685e-05,2.840922e-05,5.284200e-04,-2.934874e-01,8.136534e-01,7.450805e+00
259,5.132011e-17,2.161204e-05,2.804650e-05,5.405640e-04,2.485419e+00,-2.921275e-01,6.177612e+00
260,1.187978e-18,4.697242e-06,3.515478e-05,5.496912e-04,4.854526e-02,-4.833343e-02,1.477815e+01
261,4.277510e-18,4.694434e-06,4.689359e-05,5.315989e-04,-3.384873e-02,2.778845e-01,5.750880e+00
262,3.004841e-18,5.516214e-06,4.769737e-05,5.352958e-04,1.494707e-01,8.336616e-02,-9.154466e-01
263,2.957410e-17,-1.621534e-05,5.823214e-05,5.064284e-04,9.657789e-01,-6.331479e-01,1.355773e+00
264,2.771328e-18,-6.254755e-06,5.076752e-05,5.108537e-04,3.142346e-01,-2.873354e-01,7.705651e+00
265,2.043968e-17,-1.714143e-05,6.507676e-05,5.037823e-04,1.259101e-01,1.686162e+00,7.312908e+00
266,2.834696e-17,-8.786201e-06,6.335027e-05,5.107757e-04,5.544499e-02,-1.593973e+00,4.239007e+00
267,1.666187e-17,-1.469853e-05,7.188937e-05,5.061267e-04,2.436416e-02,2.578473e+00,4.774571e+00
268,1.265424e-17,4.046632e-07,6.978652e-05,5.196064e-04,-2.701725e-01,9.978924e-01,4.748132e+00
269,9.250480e-17,-1.583071e-05,4.797378e-05,5.210948e-04,8.524312e-01,-6.293910e-01,6.488539e+00
270,7.460242e-18,-3.901433e-06,5.329635e-05,5.020657e-04,2.234389e-01,-3.457746e-02,1.707658e+00
271,1.238796e-18,-2.367473e-06,6.481309e-05,5.180854e-04,5.823012e-01,6.329608e-01,1.363263e+00
272,8.995280e-19,-7.170391e-06,5.403325e-05,5.120152e-04,-1.436629e-01,5.374463e-01,2.091744e+00
273,4.470779e-18,-2.366568e-06,7.267611e-05,5.026975e-04,-8.810568e-02,4.407241e-02,1.425470e-01
274,1.863018e-16,-1.019819e-05,3.156774e-05,5.178185e-04,-2.868986e-01,7.978636e-01,6.976048e+00
275,1.497455e-18,-1.566226e-05,4.136791e-05,5.196705e-04,-9.782666e-01,-3.833883e+00,2.238604e+01
276,9.702248e-19,-1.154657e-05,4.433447e-05,5.120441e-04,-8.981335e-01,-9.503486e-01,1.774485e+01
277,2.718078e-17,-4.671693e-06,4.634905e-05,5.150322e-04,-5.065856e-01,-1.199199e-01,1.920921e+01
278,4.905677e-18,-1.129441e-05,4.748698e-05,5.035310e-04,1.268316e+00,6.902337e-01,1.380972e+01
279,3.188607e-18,-1.103793e-05,4.935551e-05,5.010108e-04,4.197852e-01,5.252776e-01,1.174011e+01
280,2.977786e-18,-3.308042e-09,3.516083e-05,5.123157e-04,-1.896242e-01,1.969718e-02,1.069730e+01
281,2.526520e-18,-1.012648e-05,4.923156e-05,5.062880e-04,5.961670e-01,5.451315e-01,9.787982e+00
282,4.403143e-18,-1.382261e-05,3.984568e-05,5.140995e-04,1.157083e+00,1.145270e+00,5.511004e+00
283,7.373017e-18,-1.325031e-05,3.560277e-05,5.087559e-04,9.496481e-01,-2.575866e+00,3.351283e+00
284,1.552362e-18,-7.031047e-06,4.062859e-05,5.196352e-04,-8.496246e-02,7.436938e-02,5.240676e+00
285,1.354996e-18,-4.702368e-06,4.608438e-05,5.081753e-04,1.308009e-01,-2.785862e-01,1.638836e+01
286,5.057392e-19,-2.304739e-05,4.452791e-05,5.028902e-04,1.779864e-01,8.884371e-03,2.653175e+00
287,5.936467e-17,5.629003e-06,3.576684e-05,5.096135e-04,-1.307896e+00,-6.444566e-01,5.900074e+00
288,1.448263e-16,7.384149e-06,4.872984e-05,5.004436e-04,-5.820068e-01,-5.989249e-01,4.890568e+00
289,4.418680e-18,4.686429e-06,3.515395e-05,5.250385e-04,-1.928313e-02,-2.783540e-02,6.912234e+00
290,2.158700e-17,4.617520e-06,4.789067e-05,5.169271e-04,-1.803019e-01,-7.818768e-01,4.765714e+00
291,2.030831e-17,7.597804e-06,2.948066e-05,5.138424e-04,-7.061765e-01,-1.311036e-01,3.975649e+00
292,4.736308e-18,2.188131e-05,3.749281e-05,5.028384e-04,3.216013e-01,1.913120e-01,6.060945e+00
293,2.274560e-17,6.500396e-06,3.890720e-05,5.193354e-04,5.094904e-01,-4.455185e-01,2.499169e+00
294,8.809642e-18,5.454841e-06,2.482390e-05,5.072180e-04,-3.580475e-01,3.406428e-01,3.587167e+00
295,4.835426e-18,1.107485e-05,4.062182e-05,5.075039e-04,-1.399557e+00,5.920045e-03,1.534332e+00
296,4.047950e-17,2.115708e-04,-7.214130e-06,4.779901e-04,3.067780e-01,2.106614e+00,1.855232e+00
297,2.454139e-19,2.214843e-04,1.171821e-06,4.739823e-04,-4.218842e-01,-1.610486e-02,-2.765734e+00
298,2.511202e-17,2.210222e-04,1.043446e-05,4.757431e-04,1.007899e+00,1.779187e+00,1.164988e+00
299,4.526379e-18,2.258082e-04,1.558280e-05,4.742107e-04,-2.966419e-01,3.751450e-01,1.403056e+00
300,1.101261e-17,2.236854e-04,1.878110e-05,4.686160e-04,-5.042832e-01,5.154974e-01,-5.796441e+00
301,3.103369e-19,2.214853e-04,8.986515e-06,4.716605e-04,-1.342862e+00,3.041706e+00,-1.287247e+00
302,9.176157e-19,2.123114e-04,1.025499e-05,4.747914e-04,-3.565670e-01,-3.530754e-01,-7.753188e-01
303,1.282312e-18,2.085991e-04,2.105200e-05,4.747861e-04,1.320629e+00,-5.676503e-01,2.794968e+00
304,3.147403e-18,2.054873e-04,1.717585e-05,4.751751e-04,-9.072453e-01,-8.158817e-01,1.934965e+00
305,2.501509e-19,2.128906e-04,-8.204433e-06,4.732195e-04,-1.493120e+00,1.001143e+00,-1.408032e+00
306,6.236146e-19,2.031041e-04,-3.906890e-07,4.747623e-04,-1.289480e+00,-9.027093e-02,7.353717e-02
307,2.150984e-17,2.054863e-04,-1.643652e-05,4.827348e-04,-1.337234e+00,-1.577508e-01,2.491351e+00
308,1.105049e-16,2.105726e-04,-2.353783e-05,4.961179e-04,-1.521426e-02,6.382673e-02,3.586326e-01
309,3.012530e-18,2.195297e-04,-3.124259e-06,5.032430e-04,-3.930203e-02,1.697718e-01,3.599244e+00
310,1.626079e-18,2.068989e-04,-1.015301e-05,4.851624e-04,3.340706e-01,1.514621e-01,1.784516e-01
311,2.608375e-18,2.156705e-04,-1.645483e-05,4.823422e-04,9.929151e-02,1.452450e-01,-1.899699e+00
312,5.121139e-17,2.021786e-04,5.835987e-07,4.997950e-04,6.401352e-01,-5.397729e-01,5.626873e+00
313,1.816073e-17,2.195221e-04,-1.465445e-05,4.866645e-04,1.995268e-01,-4.055001e-01,4.198041e+00
314,5.246981e-17,2.184675e-04,7.982661e-07,4.856304e-04,-1.488090e+00,8.518419e-01,1.125338e+00
315,1.715365e-17,2.014192e-04,-2.247116e-06,4.814337e-04,3.598448e-01,-1.068210e+00,2.804883e+00
316,2.411108e-17,2.250294e-04,-1.170689e-05,4.986334e-04,-8.220181e-01,4.854206e-01,1.884396e+00
317,7.521493e-18,2.117179e-04,-3.130239e-06,5.010767e-04,-3.909160e-02,-4.858014e-02,3.027252e+00
318,2.627947e-18,2.147941e-04,-1.475264e-05,4.797728e-04,-4.469524e-01,1.037875e+00,-7.321797e-01
319,4.818637e-19,2.140665e-04,-6.641328e-06,4.911433e-04,-8.826494e-02,-5.509669e-01,3.319868e-01
320,6.792405e-17,2.038072e-04,1.515944e-05,4.868223e-04,-3.058423e-01,-6.684971e-01,5.113748e+00
321,1.901628e-17,2.060953e-04,7.657351e-06,5.013671e-04,-1.892509e+00,7.650231e-01,9.128422e+00
322,1.243057e-16,2.056369e-04,7.675001e-06,5.011815e-04,-1.811578e+00,6.111791e-01,8.761906e+00
323,7.948151e-17,2.194308e-04,9.198351e-06,4.862784e-04,-6.959627e-01,-6.375257e-01,4.866232e+00
324,5.228259e-17,2.134494e-04,1.200310e-05,4.910713e-04,6.245594e-01,4.981407e-01,9.896606e+00
325,2.321564e-18,2.140939e-04,1.567912e-05,4.969250e-04,-2.178375e-01,-4.883806e-01,1.061848e+01
326,3.082749e-18,2.128881e-04,1.019488e-05,4.845256e-04,3.669741e-02,4.968635e-01,7.764517e+00
327,1.171065e-18,2.140627e-04,1.564340e-05,5.021106e-04,2.704487e-01,-6.357516e-01,9.102049e+00
328,1.158643e-18,1.992290e-04,1.641228e-05,4.997712e-04,-5.200591e-02,-2.793912e-01,4.317169e+00
329,5.071605e-17,2.028806e-04,5.747533e-06,4.838408e-04,-1.302070e-01,-7.631395e-01,2.110892e+00
330,4.967932e-17,2.221731e-04,1.443473e-05,4.981670e-04,-4.733323e-01,1.057791e+00,2.680638e+00
331,3.107371e-18,2.000297e-04,2.322393e-06,4.923048e-04,3.838125e-01,-2.021238e-01,6.850826e+00
332,1.211464e-17,2.088560e-04,2.090431e-05,4.808793e-04,-2.810056e-01,5.602773e-01,4.517777e+00
333,3.122907e-18,2.257840e-04,7.823818e-06,4.844772e-04,8.346316e-01,9.143389e-01,3.270653e+00
334,7.342160e-18,2.249967e-04,2.348279e-06,4.851003e-04,-1.699160e+00,-5.078510e-03,1.599361e+00
335,1.439568e-17,2.228943e-04,2.344545e-05,5.024843e-04,-1.125239e+00,1.945830e+00,2.090630e+00
336,5.518129e-19,2.242373e-04,6.642656e-06,4.841435e-04,1.612081e+00,1.506416e+00,1.786220e-01
337,2.556208e-19,2.121075e-04,1.054550e-05,4.802607e-04,1.060942e-02,8.112513e-02,4.241928e+00
338,2.390644e-19,2.191419e-04,1.211183e-05,4.826004e-04,-2.112092e-01,-6.583893e-01,5.869973e+00
339,1.553180e-17,2.009507e-04,2.423566e-05,4.883896e-04,-4.303414e-02,-2.688330e-02,8.920318e-01
340,7.349128e-19,2.209586e-04,8.465042e-06,5.012823e-04,2.513643e-01,7.359186e-02,-2.913541e-01
341,2.471738e-18,2.062516e-04,2.461002e-05,4.832593e-04,1.499189e-01,-2.941568e-02,1.930682e+00
342,1.484364e-16,1.428867e-05,9.752821e-05,5.159023e-04,1.571035e+00,-4.790817e-01,1.762011e+01
343,6.122079e-17,-6.131906e-07,1.134073e-04,5.328219e-04,-5.282767e-01,5.999578e-01,6.951618e+00
344,5.311469e-17,-2.174241e-05,1.042932e-04,5.291638e-04,-9.040839e-01,-8.004361e-01,6.751019e+00
345,2.285198e-18,-7.828834e-07,1.195272e-04,5.340940e-04,6.625569e-02,5.123390e-02,5.401784e+00
346,5.110066e-18,-9.380265e-06,1.171933e-04,5.432601e-04,7.371400e-02,5.401841e-01,6.479422e+00
347,2.193902e-18,-1.171747e-05,1.242191e-04,5.261441e-04,-1.865410e-01,8.247733e-02,2.774577e+00
348,2.364850e-18,-1.406179e-05,1.031180e-04,5.450191e-04,-2.377347e-02,-1.843462e-02,3.569248e+00
349,2.674407e-18,-2.109131e-05,1.031245e-04,5.472584e-04,-6.298103e-02,3.527418e-02,-9.181331e-01
350,4.145761e-18,1.408454e-05,1.179792e-04,5.309374e-04,1.733709e-01,9.582839e-02,8.929875e+00
351,2.163971e-17,1.247051e-05,1.226302e-04,5.489846e-04,-1.912414e-01,-4.457590e-01,1.478246e+01
352,6.588551e-18,9.508732e-06,1.068462e-04,5.257510e-04,7.304402e-01,-4.879863e-01,3.482656e+00
353,5.016394e-18,1.249924e-05,1.242139e-04,5.256472e-04,-4.093373e-02,-9.962256e-02,8.615154e+00
354,7.619538e-18,1.778110e-05,1.239611e-04,5.432526e-04,1.181476e-01,-1.156016e+00,5.525210e+00
355,6.984078e-19,8.469091e-06,1.225232e-04,5.286598e-04,-7.612768e-02,-6.475606e-02,6.979898e+00
356,2.065364e-18,3.132823e-06,1.234327e-04,5.362960e-04,3.709198e-02,-1.233212e-02,4.316385e+00
357,2.418029e-18,1.718351e-05,1.101557e-04,5.349197e-04,5.494341e-02,-3.479858e-01,3.331854e+00
358,7.278472e-18,6.196033e-06,1.264738e-04,5.496119e-04,-1.076868e+00,1.865441e+00,1.643982e+01
359,2.247360e-19,1.759124e-05,1.035136e-04,5.374855e-04,-3.898455e-01,3.187608e-01,7.383997e-01
360,9.955712e-16,-1.996319e-06,1.260005e-04,5.198604e-04,6.366127e-01,-4.886179e-01,8.149446e+00
361,1.327558e-16,5.192220e-08,1.090230e-04,5.133345e-04,7.424551e-01,-3.746669e-01,1.513164e+01
362,4.024656e-17,-1.683075e-05,1.192536e-04,5.133719e-04,-8.599412e-01,-3.973109e-01,8.182236e+00
363,2.163555e-16,-1.305626e-05,1.093553e-04,5.162107e-04,-2.148919e-01,-2.397899e-01,6.152975e+00
364,2.781043e-16,-2.814525e-06,9.720093e-05,5.170404e-04,1.690157e+00,7.933015e-01,7.827710e+00
365,9.207566e-18,-2.117644e-05,1.261624e-04,5.157226e-04,-8.135928e-01,-1.052634e+00,4.185980e+00
366,1.431524e-17,-1.015800e-05,8.750008e-05,5.283224e-04,-5.657804e-01,-4.819827e-02,7.919410e+00
367,4.198693e-17,-9.325294e-06,9.642807e-05,5.320782e-04,1.229895e+00,-6.156962e-01,9.505329e+00
368,6.093405e-17,-4.430492e-06,8.081312e-05,5.246381e-04,6.549812e-01,3.493511e-01,6.571980e+00
369,8.603634e-17,-1.034414e-05,8.745555e-05,5.280618e-04,-3.800656e-01,8.512036e-02,7.524359e+00
370,1.350240e-17,-2.254912e-05,8.628870e-05,5.318660e-04,-1.266496e+00,1.481497e+00,6.876417e+00
371,1.402552e-17,-1.386153e-05,7.974177e-05,5.412963e-04,-8.453476e-02,-1.215419e-01,6.586491e+00
372,5.875932e-18,-1.016183e-05,8.476563e-05,5.366959e-04,2.116877e-02,1.220462e+00,2.589771e+00
373,5.867594e-17,3.425540e-06,8.456845e-05,5.461404e-04,-4.959102e-01,6.637262e-01,8.504599e+00
374,2.793914e-17,1.577894e-06,8.269267e-05,5.264097e-04,-3.311014e-01,4.757880e-01,1.417005e+01
375,5.136313e-17,3.577565e-06,8.519561e-05,5.405325e-04,-5.700483e-01,-1.479705e+00,1.167774e+01
376,5.169831e-17,1.804423e-05,7.895090e-05,5.294680e-04,1.945908e-01,7.890159e-01,6.622119e+00
377,8.522830e-18,7.040577e-06,9.487270e-05,5.386726e-04,1.082067e-01,1.454239e-01,6.392079e+00
378,1.833792e-18,7.842837e-07,9.765658e-05,5.362631e-04,5.510090e-02,1.182243e-02,1.724426e+00
379,9.903936e-19,1.014083e-05,8.438737e-05,5.468824e-04,6.966000e-01,-3.904610e-01,3.889428e-02
380,3.270271e-17,1.778226e-05,9.159068e-05,5.160625e-04,-6.429251e-01,1.047123e-01,1.120758e+01
381,3.752005e-18,9.334068e-06,1.000364e-04,5.061977e-04,5.649449e-01,-7.695656e-01,2.025941e+01
382,1.881026e-17,5.411584e-06,7.798611e-05,5.111186e-04,1.088320e-01,-2.167932e-01,1.324094e+01
383,7.452313e-18,2.131066e-06,8.670022e-05,5.213733e-04,-1.199194e-01,1.085256e-01,1.055845e+01
384,2.350540e-18,5.459800e-06,7.735688e-05,5.184277e-04,-3.144840e-01,1.522153e-01,1.305251e+01
385,2.734676e-18,2.328609e-06,8.280997e-05,5.185575e-04,-1.282317e-01,-1.560843e-01,1.023898e+01
386,8.884282e-18,1.018026e-05,9.415471e-05,5.209387e-04,-8.923537e-01,-1.227853e+00,7.972110e+00
387,3.470269e-18,2.345267e-06,8.281209e-05,5.062330e-04,-1.217899e-01,-2.433554e-01,6.058953e+00
388,2.340414e-18,1.016668e-05,9.844043e-05,5.215326e-04,-5.571106e-01,-3.870050e-02,4.287767e+00
389,1.383876e-17,6.022053e-06,1.013223e-04,5.104192e-04,1.296905e+00,3.185015e+00,3.165923e+00
390,2.983514e-18,7.786818e-07,9.222222e-05,5.047065e-04,2.116965e-01,5.388646e-01,1.152435e+00
391,2.945099e-17,-1.485159e-05,7.976597e-05,5.235782e-04,-1.848084e+00,-3.640108e+00,2.726668e+01
392,4.620989e-18,-1.170703e-05,8.145704e-05,5.164431e-04,1.971569e-01,-2.084308e+00,2.465795e+01
393,5.796447e-18,-1.178269e-05,8.467667e-05,5.101194e-04,-1.093745e+00,3.124713e-01,2.242710e+01
394,4.928951e-19,-1.133256e-05,8.516085e-05,5.036247e-04,4.548235e-02,-2.288659e-01,1.633168e+01
395,3.206615e-17,-8.192436e-06,7.931900e-05,5.059332e-04,8.533897e-01,4.132906e-01,8.146297e+00
396,3.142412e-17,-1.075767e-05,7.752243e-05,5.016107e-04,6.170956e-01,-5.601689e-01,9.132730e+00
397,4.931352e-18,-2.295515e-06,7.968819e-05,5.029791e-04,1.324188e+00,-3.459648e-02,3.646248e+00
398,2.195081e-18,-1.567500e-06,8.816500e-05,5.094831e-04,2.092412e-02,-1.019484e+00,5.351599e+00
399,5.663854e-18,-7.030598e-06,8.672182e-05,5.039832e-04,-3.894876e-02,-3.009710e-02,4.017938e+00
400,3.134861e-18,9.374895e-05,7.841138e-07,4.767030e-04,-8.067121e-01,-1.939158e-01,-6.096893e-01
401,1.067469e-18,7.947493e-05,-1.102771e-05,4.724394e-04,1.158806e+00,1.763230e-01,-3.195798e+00
402,1.480444e-18,8.745469e-05,-8.984334e-06,4.767192e-04,-9.227083e-01,1.130651e+00,-2.284501e-01
403,1.385418e-17,9.488662e-05,-1.250829e-05,4.800638e-04,-3.315025e+00,-1.621917e-01,3.262538e+00
404,4.446021e-18,7.734416e-05,-1.093597e-05,4.779178e-04,1.326034e-02,-2.809534e-01,2.127450e+00
405,1.521481e-16,8.733732e-05,-7.582498e-06,4.892315e-04,-1.478843e+00,1.733853e+00,7.353024e+00
406,4.540679e-17,7.379946e-05,-2.388601e-05,4.952625e-04,7.608917e-03,-4.083607e-02,8.700545e-01
407,5.062210e-19,8.045387e-05,-1.601148e-05,4.810402e-04,-4.760970e-01,4.147320e-01,-2.597095e+00
408,2.071871e-18,9.080575e-05,-1.409882e-05,4.883355e-04,-3.965666e-01,-2.558130e-01,1.351460e+01
409,8.340138e-18,9.061748e-05,-1.563021e-05,4.935493e-04,7.175257e-01,-1.808553e-01,1.713467e+01
410,4.515034e-18,9.455225e-05,-1.565932e-06,5.004119e-04,-8.998709e-01,-2.160977e+00,1.097561e+01
411,1.303501e-18,8.710919e-05,-1.090324e-05,4.837007e-04,-3.144743e+00,2.772947e-01,7.428841e+00
412,3.633404e-17,7.545656e-05,-1.133312e-05,4.943407e-04,7.338287e-01,1.369923e-01,9.672066e+00
413,1.533356e-17,9.134963e-05,-1.651842e-05,5.040694e-04,4.043632e-01,-1.194816e+00,2.487696e+01
414,3.355218e-18,7.968352e-05,-1.034338e-05,4.937673e-04,5.394231e-02,3.750044e-01,7.606120e+00
415,3.093246e-18,8.982815e-05,-7.705197e-07,4.961437e-04,1.049147e-01,-1.209122e+00,6.972171e+00
416,3.162441e-18,8.764739e-05,-6.460628e-06,4.829047e-04,-5.964518e-02,1.913637e+00,6.285742e+00
417,1.544509e-18,9.057781e-05,-1.289176e-05,4.846682e-04,-1.621913e+00,1.870604e+00,9.429902e+00
418,4.161363e-18,8.515612e-05,-3.126085e-06,4.942312e-04,-1.463488e-02,6.995766e-03,6.365177e+00
419,2.549115e-18,8.984496e-05,-7.807202e-07,4.884091e-04,-2.303227e-02,-7.108202e-02,4.533899e+00
420,3.766198e-18,7.968424e-05,-8.534106e-06,4.870475e-04,-1.979618e-01,7.944039e-01,3.547350e+00
421,5.242128e-18,8.515425e-05,-3.125355e-06,5.020660e-04,-2.948197e-01,3.631105e-02,6.972124e+00
422,3.168310e-18,9.442769e-05,6.892909e-07,4.887578e-04,-2.586488e-02,-1.635926e-01,5.564581e+00
423,4.308149e-18,7.576606e-05,-1.096953e-05,4.888386e-04,4.841540e-01,4.090839e-01,1.075912e+01
424,1.432884e-17,9.626713e-05,-1.280539e-05,5.028294e-04,1.059596e+00,7.573238e-01,1.733069e+00
425,7.675353e-18,9.561515e-05,-3.137279e-06,4.802749e-04,1.582449e-01,1.297280e-01,1.071262e+00
426,4.337587e-18,7.656696e-05,-1.094998e-05,4.841709e-04,-3.884856e-01,2.900949e-01,6.742367e+00
427,1.435654e-18,9.051620e-05,-1.211059e-05,4.806496e-04,1.514855e+00,2.636603e+00,5.672203e+00
428,1.956658e-18,8.508791e-05,-3.420354e-06,4.876937e-04,6.650988e-01,-1.816271e+00,3.455521e+00
429,6.456704e-18,8.515506e-05,-3.125948e-06,4.805255e-04,-6.467828e-02,9.800745e-02,1.079757e+00
430,6.450637e-17,9.322845e-05,2.397914e-05,4.832410e-04,-1.396235e-01,-1.560489e-01,8.084513e-01
431,3.803741e-18,9.296803e-05,1.328453e-05,4.892086e-04,5.031653e-01,9.118435e-01,3.728878e+00
432,8.484684e-17,9.238039e-05,1.311588e-05,4.884777e-04,-1.933405e-01,-8.563985e-02,4.806844e+00
433,1.934614e-17,7.296179e-05,2.048721e-05,4.839821e-04,5.262212e-01,4.528886e-01,5.145190e+00
434,1.616524e-17,7.884656e-05,2.010127e-05,4.891006e-04,-1.019032e+00,6.819234e-01,2.912268e+00
435,1.854644e-17,8.625882e-05,5.153266e-06,4.970059e-04,-1.426188e-01,-5.816149e-01,7.015342e+00
436,1.617324e-17,8.759547e-05,1.870466e-05,4.850554e-04,2.166361e-01,1.307582e-01,2.993670e+00
437,2.681016e-18,9.382147e-05,1.243921e-05,4.844757e-04,5.853606e-01,-3.740248e+00,9.482855e+00
438,1.587189e-18,9.687910e-05,3.128800e-06,4.888008e-04,2.637546e-01,1.731167e-01,3.088497e+00
439,4.594488e-18,8.984127e-05,1.328353e-05,4.982036e-04,-1.551326e-02,5.184198e-02,2.059425e+00
440,3.663865e-17,7.272159e-05,2.399653e-05,4.908553e-04,-4.534476e-02,2.433442e-02,6.502896e-01
441,2.671257e-18,7.667065e-05,2.460956e-05,4.803179e-04,-1.387713e-01,3.821853e-02,3.009591e+00
442,2.015902e-17,-1.756007e-04,8.908665e-07,5.005065e-04,1.127579e+00,6.054405e-01,1.532457e+01
443,7.985609e-17,-1.784578e-04,1.065969e-05,4.950981e-04,1.072561e+00,1.177707e+00,6.082919e+00
444,1.773650e-17,-1.737855e-04,6.906415e-06,4.845435e-04,-6.380630e-01,-1.211779e+00,1.033808e+00
445,1.433241e-17,-1.771926e-04,2.425730e-05,4.780642e-04,-3.869342e-02,5.254645e-02,1.034118e+00
446,4.498367e-17,-1.858069e-04,-3.944306e-07,5.043070e-04,1.412724e+00,8.440455e-01,7.062524e+00
447,1.984017e-16,-1.857219e-04,-7.965771e-07,5.039959e-04,1.229038e+00,7.327695e-01,6.899517e+00
448,6.345804e-18,-1.773411e-04,-2.951585e-07,4.876201e-04,-1.183087e-01,-8.620157e-01,9.004825e+00
449,9.763695e-19,-1.775121e-04,9.055657e-07,4.981320e-04,1.315987e+00,4.515972e-01,1.856106e+01
450,1.493741e-17,-1.865317e-04,1.305425e-05,4.868834e-04,2.721856e+00,-2.252916e+00,1.153354e+01
451,2.797028e-17,-1.851340e-04,1.076556e-05,4.992155e-04,-1.164868e+00,-2.496776e-01,1.909978e+01
452,2.500880e-16,-1.999761e-04,7.106459e-06,5.006645e-04,1.247434e+00,1.103016e+00,1.406110e+01
453,5.516002e-18,-1.835861e-04,6.250771e-06,4.947310e-04,-6.150598e-01,-5.507272e-01,1.395741e+01
454,5.342528e-17,-1.820633e-04,9.288335e-06,4.858384e-04,-1.362799e+00,2.391428e-01,7.886629e+00
455,2.336495e-18,-1.968090e-04,1.318270e-05,4.891857e-04,-6.835417e-01,4.430527e-01,7.388825e+00
456,7.932757e-18,-1.989759e-04,9.346889e-06,4.861026e-04,-1.785796e-01,-1.977692e-01,6.297387e+00
457,2.496252e-18,-1.969111e-04,1.334996e-05,4.820793e-04,-6.347255e-01,4.205750e-01,3.807377e+00
458,2.903209e-18,-1.891764e-04,1.562119e-05,4.795808e-04,4.585111e-01,4.375653e-01,8.331316e+00
459,5.410405e-18,-1.980940e-04,7.752949e-06,4.792498e-04,1.919411e-01,-5.054064e-01,1.763782e+00
460,1.128745e-17,-1.945068e-04,7.863781e-06,4.950532e-04,1.627680e-01,2.424840e-01,7.013291e+00
461,4.259565e-18,-1.937460e-04,1.563433e-05,5.005243e-04,4.753837e-02,8.002566e-02,2.804111e+00
462,2.076533e-18,-1.870139e-04,1.563189e-05,4.828651e-04,9.661051e-01,7.532168e-01,9.769424e+00
463,4.387339e-18,-1.890546e-04,1.718626e-05,4.911121e-04,6.849671e-01,6.215391e-02,1.029877e+00
464,2.756247e-18,-1.836695e-04,6.226607e-06,4.875359e-04,4.842472e-01,9.699642e-02,8.369418e+00
465,8.030971e-19,-1.996099e-04,1.031823e-05,4.947962e-04,9.490993e-01,-1.449438e+00,1.547422e+01
466,8.813565e-19,-1.931378e-04,6.122715e-06,4.786784e-04,2.867230e-01,-2.530771e-01,4.466256e-01
467,3.837673e-18,-1.836092e-04,6.180351e-06,4.817375e-04,-1.179152e-01,5.096623e-02,5.420826e+00
468,5.664793e-18,-1.937501e-04,7.814774e-06,4.895950e-04,-1.517528e-02,2.486258e-02,7.218952e+00
469,2.411666e-18,-2.008315e-04,6.186703e-06,4.791438e-04,-3.811152e-01,-3.114267e-02,1.197634e+00
470,6.267472e-19,-1.788266e-04,8.204443e-06,4.919285e-04,-1.600975e+00,-1.546163e+00,9.904587e+00
471,1.600139e-17,-1.943883e-04,2.425146e-05,4.876319e-04,-7.352635e-02,-1.156718e-02,1.023727e+00
472,1.050161e-16,-1.715566e-04,-2.897375e-06,4.858572e-04,-1.049542e+00,-8.297524e-01,5.600477e+00
473,3.614661e-17,-1.836146e-04,-1.279012e-05,4.960391e-04,-2.584622e+00,1.225875e+00,7.539612e+00
474,1.347833e-17,-1.835245e-04,-1.395122e-05,5.040269e-04,-4.302936e-01,-2.955012e+00,1.292273e+01
475,3.708821e-18,-1.749060e-04,-2.410032e-06,4.820276e-04,-2.660727e+00,5.784832e-01,7.547012e+00
476,1.134462e-17,-1.956906e-04,-2.181580e-05,4.928580e-04,1.129786e+00,-1.232498e+00,2.869645e+00
477,3.508108e-17,-2.012019e-04,-1.224747e-05,5.015249e-04,-1.724643e+00,-3.066711e-01,4.829669e+00
478,2.847624e-17,-1.810117e-04,-3.153607e-06,4.815385e-04,1.096043e+00,2.021942e+00,7.837895e-01
479,2.632642e-18,-1.882888e-04,-2.445326e-05,4.958865e-04,1.564936e-01,-7.938084e-02,1.777019e+00
480,2.444497e-18,-2.109353e-04,-7.033948e-06,4.798920e-04,-1.454622e-01,6.763384e-02,-3.879703e+00
481,3.240226e-17,-2.243417e-04,-1.198582e-05,5.008712e-04,5.651657e-01,4.487059e-02,9.225706e+00
482,2.737188e-17,-2.052091e-04,-8.942412e-06,4.975077e-04,-3.486070e-01,6.004537e-01,5.620877e+00
483,9.062675e-18,-2.259443e-04,-8.590774e-06,4.997918e-04,-6.390702e-01,-5.869522e-02,8.290161e+00
484,2.651983e-17,-2.151485e-04,-1.561710e-06,4.993713e-04,1.188372e-01,7.356763e-01,6.289758e+00
485,2.990268e-17,-2.265126e-04,-7.694148e-06,4.820076e-04,-5.570627e-01,-1.327234e+00,5.279674e+00
486,4.823572e-18,-2.172526e-04,-1.018377e-05,4.910805e-04,-1.305076e-01,-5.182454e-02,3.552664e+00
487,2.477341e-18,-2.195615e-04,-8.525615e-06,4.883168e-04,6.457500e-01,-8.312278e-01,4.210372e+00
488,5.277862e-18,-2.195340e-04,1.276938e-09,4.895374e-04,1.879676e-01,1.982836e-02,2.087571e+00
489,7.393193e-18,-2.242162e-04,-1.274637e-05,4.808166e-04,-1.662393e-01,-1.431663e+00,2.224736e+00
490,1.321236e-18,-2.117182e-04,-5.467211e-06,4.926995e-04,1.189021e-02,-2.918116e-01,1.762593e+00
491,4.666347e-18,-2.031238e-04,-4.688566e-06,4.896052e-04,-2.523465e-02,8.525949e-02,-1.817773e-01
492,1.459213e-18,-2.148296e-04,-1.328864e-05,4.927294e-04,5.980492e-01,-3.106822e-01,4.683342e-01
493,2.826696e-17,-2.103136e-04,-5.172361e-07,4.764657e-04,-8.265835e-02,-2.789997e-01,-7.683136e-01
494,3.784512e-17,-2.159254e-04,1.352437e-05,4.848096e-04,-1.793956e+00,-1.577373e+00,2.541266e+00
495,1.403562e-17,-2.262715e-04,1.233830e-05,5.004814e-04,-4.384016e-02,-2.012421e-01,8.877092e+00
496,7.597876e-18,-2.171868e-04,3.905998e-06,5.000967e-04,-6.235287e-01,1.233367e-01,5.445870e+00
497,5.682767e-17,-2.171703e-04,3.728841e-06,4.993800e-04,-4.742475e-01,1.338666e-01,5.238912e+00
498,3.849759e-18,-2.257943e-04,2.334577e-06,4.864818e-04,1.123966e-01,1.639432e-01,6.552681e+00
499,4.530485e-17,-2.232067e-04,7.645109e-06,4.906406e-04,6.872890e-01,-1.053061e+00,7.520909e+00
500,1.456882e-18,-2.210941e-04,9.376775e-06,4.997284e-04,-5.689874e-01,-1.313717e-01,8.337377e+00
501,5.208514e-18,-2.187587e-04,9.373503e-06,4.911545e-04,-5.419562e-01,1.189777e-01,5.447939e+00
502,2.596101e-17,-2.077691e-04,1.161414e-05,5.001141e-04,-7.123096e-01,8.573508e-03,4.027017e+00
503,1.087200e-17,-2.221650e-04,2.333529e-06,4.949178e-04,1.493936e+00,5.975442e-01,9.944222e+00
504,8.279362e-19,-2.228068e-04,2.185696e-06,5.004772e-04,5.144987e-01,-6.398371e-01,1.046685e+01
505,9.376003e-18,-2.242273e-04,2.339008e-06,5.050099e-04,-2.240261e-01,4.512446e-02,1.096250e+01
506,4.454659e-18,-2.226927e-04,9.379873e-06,4.786821e-04,5.821576e-01,-1.588015e-01,3.884901e+00
507,2.417284e-18,-2.117137e-04,1.093857e-05,4.954097e-04,4.022762e-01,1.259900e-01,1.037915e+00
508,5.463548e-17,-7.975120e-06,-1.716126e-04,4.550625e-04,-2.814235e-01,-5.417461e-01,1.050414e+01
509,1.258444e-15,5.781757e-05,1.354680e-05,4.410541e-04,-9.709785e-02,-2.942583e-02,9.714632e+00
510,2.916803e-18,1.330567e-05,-1.327253e-05,4.783545e-04,9.188618e-01,5.111095e-01,-1.021940e+00
511,4.446307e-18,1.524460e-06,-1.409532e-05,4.707215e-04,-4.783271e-01,3.549075e+00,-6.695858e+00
512,1.603830e-18,3.931176e-06,-7.708225e-07,4.700633e-04,8.812572e-01,1.642756e-03,-3.527901e+00
513,3.497649e-18,2.413021e-05,-1.577304e-05,4.737621e-04,9.865572e-01,5.617292e-01,3.163655e+00
514,5.236743e-18,1.557569e-06,-1.680242e-05,4.768473e-04,-1.594564e-01,2.714418e-01,-1.306624e+00
515,5.979048e-19,2.425242e-05,-1.445006e-05,4.763394e-04,-2.918666e-01,-8.264543e-01,5.507350e+00
516,8.113938e-19,2.437157e-05,-1.523515e-05,4.781474e-04,-1.477406e+00,5.467787e-01,7.379083e+00
517,4.208381e-19,2.305082e-05,-1.601537e-05,4.716591e-04,-1.033616e+00,3.313620e-02,4.773797e-01
518,2.381635e-19,2.226708e-05,-1.601882e-05,4.708757e-04,-8.785578e-01,-2.271288e-01,-2.322439e+00
519,2.879263e-19,3.515939e-06,-1.445323e-05,4.692891e-04,1.896545e-01,9.984310e-01,-4.586909e+00
520,5.833805e-19,1.523326e-05,-1.461158e-04,4.732205e-04,1.516561e+00,1.645279e+00,-1.915349e+00
521,7.658098e-17,-7.638519e-05,2.500133e-06,4.796690e-04,-8.253803e-01,2.375409e+00,-1.141075e-02
522,2.907408e-18,-6.328284e-05,-1.719609e-05,4.743165e-04,-5.871633e-01,-2.978062e+00,1.335493e+00
523,5.379621e-19,-6.094729e-05,-1.288669e-05,4.778998e-04,1.085739e+00,1.148378e+00,4.178637e+00
524,3.641671e-19,-5.976345e-05,-5.076317e-06,4.778951e-04,-9.200438e-01,-1.303790e+00,5.153578e+00
525,1.097270e-18,-5.377475e-05,-6.869184e-06,4.739940e-04,-1.881334e-01,1.455754e+00,-3.997871e-01
526,7.330627e-19,-5.585891e-05,1.054763e-05,4.766252e-04,-2.313370e-02,6.854551e-01,3.427565e+00
527,8.248884e-19,-5.793553e-05,5.859614e-06,4.758045e-04,-1.105409e+00,-4.179629e-01,-2.996618e-01
528,2.391443e-17,-4.893073e-05,3.856833e-06,4.782004e-04,2.740986e+00,-2.554996e+00,1.712102e+00
529,2.608621e-19,-5.742099e-05,6.643751e-06,4.771261e-04,-1.130149e+00,-1.617435e+00,1.053786e+00
530,2.336597e-16,-5.972758e-05,-1.273630e-05,4.942853e-04,2.267097e-01,-4.064463e-01,1.602940e+00
531,1.309304e-18,-5.703126e-05,1.796866e-05,4.958590e-04,1.066416e-01,1.155158e-01,-1.118674e+00
532,2.397287e-17,-5.735628e-05,8.820775e-06,4.912404e-04,1.904880e+00,3.391548e-01,1.108384e+01
533,1.037522e-16,-5.786050e-05,6.054563e-06,5.044850e-04,4.967861e-01,-5.191195e-02,1.080992e+01
534,5.668395e-18,-5.369388e-05,1.738780e-05,4.915558e-04,-1.952629e+00,5.416333e-01,5.874664e+00
535,2.371679e-17,-5.779080e-05,1.233963e-05,4.817369e-04,-2.604562e+00,4.973248e-01,7.856315e+00
536,6.864333e-18,-7.502942e-05,1.419747e-05,4.961331e-04,2.204906e+00,-6.168316e-01,3.140381e+00
537,3.785631e-19,-5.664117e-05,1.133201e-05,4.786922e-04,-2.766652e+00,3.385199e+00,9.737410e+00
538,2.255870e-18,-5.937665e-05,3.912885e-06,4.962436e-04,-5.411403e-02,3.583917e-02,7.724629e+00
539,3.893373e-18,-5.880941e-05,7.899738e-06,4.807918e-04,-7.985362e-01,8.176138e-01,6.758760e+00
540,2.379068e-17,-5.937532e-05,3.856255e-06,4.880608e-04,-2.069253e-02,2.710815e-01,7.452374e+00
541,1.337936e-18,-7.187168e-05,1.718824e-05,5.013441e-04,-5.121101e-02,-2.751962e-02,-6.681720e-01
542,2.278525e-17,-6.914446e-05,2.413725e-05,4.972077e-04,6.599141e-03,3.237163e-02,1.058333e+00
543,3.384501e-17,-6.967463e-05,-7.126054e-06,4.860556e-04,-4.335130e-02,5.658265e-01,3.798335e+00
544,2.925568e-17,-5.196671e-05,-3.338115e-06,4.836312e-04,9.204628e-01,3.769771e+00,4.411701e+00
545,5.940702e-19,-6.445231e-05,-1.679747e-05,4.806356e-04,-5.075812e-01,1.199078e+00,4.959897e+00
546,1.629490e-18,-6.170746e-05,-9.101082e-07,4.983652e-04,-3.817460e-01,5.400548e-01,5.668969e+00
547,1.405823e-18,-5.074459e-05,-1.557645e-06,4.903488e-04,-1.762614e-01,8.977203e-02,3.670667e+00
548,3.551050e-18,-6.171649e-05,-7.821005e-07,4.918859e-04,1.044408e-01,-1.325269e-01,6.623841e+00
549,1.311837e-18,-7.500668e-05,-1.406396e-05,4.841550e-04,-1.546275e-02,-7.831254e-02,3.616475e-01
550,1.830553e-18,-6.015675e-05,-2.461045e-05,4.845511e-04,-1.695740e-01,-6.098429e-02,1.814495e+00
551,2.162925e-17,2.470150e-04,2.109877e-05,4.795235e-04,2.130536e+00,1.614371e+00,2.160663e+00
552,1.934530e-18,2.496113e-04,1.718775e-05,4.787021e-04,6.319495e-02,1.427489e-01,2.917964e+00
553,8.034753e-18,2.289734e-04,-1.953247e-05,4.805510e-04,2.814241e+00,7.010052e-01,5.996126e+00
554,1.392210e-17,2.425969e-04,-1.711085e-05,4.763676e-04,-1.577850e+00,-8.792017e-01,5.457907e-01
555,1.299739e-18,2.388250e-04,-8.694229e-06,4.752585e-04,-8.273682e-01,-2.390562e-01,2.133020e+00
556,4.183931e-17,2.446187e-04,3.326058e-06,4.782047e-04,1.326808e+00,1.455824e+00,5.091774e-02
557,3.126155e-19,2.457028e-04,1.914151e-05,4.755934e-04,1.578543e+00,2.827819e+00,1.661130e+00
558,9.924677e-19,2.271747e-04,2.150689e-06,4.677360e-04,2.676709e-01,-5.349445e+00,-3.062869e+00
559,4.611478e-19,2.269543e-04,5.078848e-06,4.739917e-04,6.807581e-01,2.209670e+00,8.438915e-01
560,4.989434e-18,2.281260e-04,7.821564e-06,4.786713e-04,4.550595e-01,-7.870662e-01,4.356357e+00
561,2.893912e-18,2.266275e-04,1.553849e-05,4.784189e-04,1.780024e-01,-1.542523e-01,2.745501e+00
562,1.646584e-17,2.309548e-04,-2.428053e-05,4.945396e-04,3.843693e+00,-9.651550e-01,1.425170e+01
563,2.389143e-18,2.496079e-04,-2.187676e-05,4.936059e-04,4.278681e-02,4.234525e-02,-1.873846e+00
564,2.837726e-18,2.468801e-04,-1.142005e-05,4.824620e-04,5.654270e-01,2.838522e-02,6.219095e-01
565,2.238328e-18,2.496094e-04,7.975478e-07,5.005381e-04,4.186811e-02,1.909858e-01,1.114117e+01
566,3.245726e-17,2.319307e-04,-6.363081e-06,5.007586e-04,6.807878e-01,-2.699800e-01,9.213234e+00
567,1.419293e-17,2.295413e-04,-1.322845e-05,5.016017e-04,-1.622925e-01,1.201227e-01,9.942945e+00
568,1.382693e-18,2.496092e-04,7.808382e-07,4.923203e-04,9.409814e-02,-1.833644e-02,6.310971e+00
569,2.643713e-18,2.296981e-04,-1.249780e-05,4.884578e-04,-2.644706e-01,-2.330373e-01,4.563706e+00
570,4.147797e-19,2.300818e-04,-2.147988e-05,4.865034e-04,4.238747e+00,5.986823e-01,1.206806e+01
571,1.335446e-18,2.496099e-04,-8.564330e-06,4.885127e-04,1.287287e-01,4.390437e-02,5.257092e+00
572,4.672820e-18,2.453127e-04,-2.344817e-06,4.927434e-04,2.002466e-02,3.745730e-02,4.313211e+00
573,1.019530e-17,2.492877e-04,-6.688192e-06,5.022798e-04,-3.548655e-02,4.639475e-01,6.713308e+00
574,2.132102e-18,2.305544e-04,-2.295074e-05,4.894586e-04,4.765667e+00,-1.248769e+00,1.304383e+01
575,1.142810e-18,2.320161e-04,-3.089946e-06,4.856835e-04,-1.171161e-01,-2.357831e-01,2.470110e+00
576,2.797859e-19,2.300827e-04,-2.070517e-05,4.849403e-04,3.445334e+00,-1.526684e+00,9.144095e+00
577,3.243606e-19,2.300794e-04,-2.226677e-05,4.880804e-04,5.636851e+00,-4.242456e+00,1.429302e+01
578,2.666789e-18,2.414086e-04,-8.618069e-06,5.032595e-04,5.839199e-02,6.045821e-01,1.825493e+01
579,1.962648e-17,2.414386e-04,-8.579796e-06,4.904420e-04,2.464372e-01,2.052266e-01,9.908651e+00
580,1.306530e-17,2.491327e-04,-2.405361e-05,4.881252e-04,-4.418500e-03,-7.879857e-02,2.161198e+00
581,7.999680e-18,2.296721e-04,-1.326996e-05,4.967596e-04,4.037194e-01,-1.495629e-01,1.144114e+01
582,2.042762e-18,2.430985e-04,-5.445066e-06,4.851098e-04,5.428511e-01,3.152211e-01,8.146671e-01
583,2.738782e-18,2.496095e-04,7.774579e-07,4.886498e-04,3.979169e-02,1.782412e-02,5.915187e+00
584,5.350489e-18,2.406211e-04,-8.590826e-06,4.798019e-04,-1.589491e-01,2.522013e-01,4.890877e+00
585,5.342419e-18,2.296895e-04,-1.211998e-05,4.841390e-04,-1.810810e-01,-4.087273e-01,3.149853e+00
586,3.278198e-18,2.496094e-04,7.806372e-07,4.829349e-04,-6.170903e-02,-3.119428e-02,4.594190e+00
587,2.785035e-18,2.343743e-04,9.376888e-06,5.032808e-04,-1.909595e-02,-1.452335e-03,3.607925e+00
588,2.747155e-17,2.490704e-04,1.993356e-05,4.993479e-04,8.154419e-02,1.201659e+00,1.102588e+01
589,1.369192e-18,2.460843e-04,8.203895e-06,4.969455e-04,5.266667e+00,-2.817671e+00,1.359565e+01
590,1.308897e-18,2.496087e-04,1.251571e-05,4.977272e-04,1.387086e-01,-2.825187e-01,9.495092e+00
591,1.487005e-18,2.281190e-04,9.339221e-06,4.872563e-04,7.211481e-01,-7.280897e-01,1.020546e+01
592,1.083569e-16,2.441188e-04,6.326345e-06,5.044383e-04,1.113737e+00,-1.928294e+00,1.047484e+01
593,3.622434e-18,2.496100e-04,1.719095e-05,4.915639e-04,-2.802921e-02,2.089796e-01,9.781532e+00
594,2.180405e-18,2.265635e-04,1.573312e-05,4.843467e-04,1.060078e-01,1.021047e+00,8.107060e+00
595,3.935572e-18,2.446131e-04,9.630240e-06,4.931060e-04,2.736371e+00,-3.141012e+00,1.243729e+01
596,2.855381e-18,2.452948e-04,1.328982e-05,4.884519e-04,5.573311e-01,-4.713381e-04,3.635382e+00
597,2.725958e-17,2.343744e-04,2.559396e-06,4.932004e-04,-4.473746e-01,1.175748e-01,2.050136e+00
598,5.052571e-18,2.421835e-04,8.586343e-06,4.872119e-04,-3.780625e-01,-2.721057e-01,4.124518e+00
599,2.667764e-18,2.280425e-04,1.168742e-05,4.900682e-04,1.353101e+00,2.112263e+00,1.051868e+01
600,1.490279e-18,2.281532e-04,8.618861e-06,4.825841e-04,-3.766277e-01,1.509872e-01,5.942655e+00
601,1.704549e-18,2.496105e-04,1.016192e-05,4.845498e-04,7.542326e-02,4.220159e-02,2.737619e+00
602,6.907733e-18,2.457581e-04,1.329167e-05,4.848797e-04,2.839318e+00,-4.583299e-01,6.253225e+00
603,6.501685e-19,2.496093e-04,7.029054e-06,4.786768e-04,4.063620e-01,-2.952936e-02,1.335736e+00
604,7.207986e-18,2.414182e-04,2.434829e-05,4.982662e-04,9.679122e-02,2.628490e-02,1.495669e+00
605,4.860724e-17,4.945566e-05,8.949405e-06,5.441312e-04,-1.832903e+00,3.176979e+00,1.405200e+01
606,2.425578e-18,4.999977e-05,1.797227e-05,5.384640e-04,3.293783e-02,-6.459609e-02,1.794307e+00
607,9.427263e-19,4.999788e-05,1.797501e-05,5.338139e-04,1.190321e-02,-7.387893e-02,2.664886e+00
608,2.036058e-17,6.259707e-05,1.263726e-05,5.254518e-04,2.572443e+00,8.698101e-01,1.063618e+01
609,7.609854e-17,5.561579e-05,1.759038e-05,5.261296e-04,-2.697442e-01,-1.686144e-01,5.638234e+00
610,7.165927e-18,6.622391e-05,8.727089e-06,5.439824e-04,3.245848e+00,4.155290e-01,1.390521e+01
611,6.296200e-17,6.475508e-05,2.469036e-06,5.364506e-04,2.770669e+00,1.295289e-01,1.439816e+01
612,2.577113e-17,7.388409e-05,1.662590e-05,5.476545e-04,-6.880060e-01,2.182511e-01,3.277856e+00
613,4.738111e-18,7.187337e-05,1.485796e-05,5.440066e-04,-1.712057e-02,2.766034e-01,5.328914e+00
614,2.212699e-17,7.232066e-05,8.623497e-06,5.472035e-04,2.815947e-01,-4.937784e-01,4.658406e+00
615,2.876336e-18,6.875262e-05,1.718999e-05,5.363891e-04,-5.205423e-02,7.963627e-03,2.338210e+00
616,4.579220e-17,7.188930e-05,-2.139872e-06,5.047332e-04,-1.440509e-01,1.635629e+00,1.286183e+01
617,1.463346e-17,5.626519e-05,-2.019248e-06,5.098478e-04,-3.553406e-02,-3.752756e-01,1.071463e+01
618,1.825462e-17,4.173983e-05,7.081042e-07,5.109406e-04,-2.688676e-01,1.188659e+00,2.707304e+00
619,9.169485e-17,3.448810e-05,-3.007275e-06,5.060114e-04,-6.619345e-01,4.331439e-01,5.491218e+00
620,3.017072e-17,6.806063e-05,1.779615e-05,5.031489e-04,-1.376133e-01,-8.993453e-02,1.221495e+01
621,5.681703e-17,5.471158e-05,3.228514e-06,5.103284e-04,1.513226e+00,1.443877e-01,9.361092e+00
622,3.159326e-17,7.521234e-05,6.254343e-06,5.217315e-04,-2.195459e+00,-5.818398e-01,1.067202e+01
623,7.466422e-18,7.187384e-05,6.698186e-06,5.150771e-04,-2.746083e-02,-6.234810e-01,7.794545e+00
624,3.043622e-18,4.999997e-05,1.718422e-05,5.169971e-04,-2.889368e-02,-1.933208e-01,3.311074e+00
625,2.526252e-19,5.507926e-05,1.054874e-05,5.043713e-04,3.232956e-01,9.828399e-03,4.651061e-01
626,1.450662e-18,7.187026e-05,1.491858e-05,5.074542e-04,-1.712868e-02,1.050553e+00,2.432871e+00
627,5.673220e-18,7.187540e-05,1.290180e-05,5.034242e-04,3.194972e-01,-8.410460e-01,7.467721e-01
628,2.293712e-18,6.796661e-05,8.599613e-06,5.031753e-04,-1.945664e-01,-1.282206e-01,3.157656e-01
629,1.424905e-17,3.945571e-05,9.022167e-06,5.048264e-04,-4.111577e+00,-2.721262e-01,1.684486e+01
630,3.427043e-17,4.230446e-05,1.596638e-05,5.187661e-04,7.446901e-01,1.269472e+00,1.753854e+01
631,7.459378e-18,3.046981e-05,1.327658e-05,5.131800e-04,-1.185042e+00,-5.926607e-01,5.314523e+00
632,5.211875e-18,4.062837e-05,1.326963e-05,5.097545e-04,4.222835e-01,-2.635977e-01,1.554737e+01
633,6.535074e-17,3.521322e-05,1.177182e-05,5.275590e-04,-4.837213e-01,1.603210e-01,7.217514e+00
634,6.887580e-17,3.036550e-05,1.278599e-05,5.130398e-04,-1.168199e+00,-6.015747e-01,5.351245e+00
635,9.325817e-18,4.379069e-05,8.590727e-06,5.173764e-04,5.571903e-01,-5.062292e-01,6.729681e+00
636,4.247075e-18,3.592308e-05,9.372531e-06,5.096685e-04,-4.430826e-02,1.380112e-02,5.247862e+00
637,1.657638e-18,3.197643e-05,9.093645e-06,5.117109e-04,1.512265e-02,1.821495e+00,6.132892e+00
638,4.499103e-18,2.532392e-05,8.573713e-06,5.063608e-04,-1.246232e+00,-2.061376e-01,2.781012e+00
639,1.176295e-18,3.203496e-05,8.594744e-06,5.211332e-04,-6.654588e-02,-2.207034e-01,2.503546e+00
640,3.048656e-18,2.578730e-05,1.954659e-05,5.169389e-04,-2.624868e-01,1.770452e+00,2.301851e+00
641,2.617797e-18,3.828195e-05,3.907873e-06,5.252851e-04,-1.062560e-01,-7.499858e-02,9.410881e-01
642,7.236231e-17,3.930461e-05,-1.494233e-05,5.265998e-04,-4.421369e-01,-4.633079e-01,1.734715e+01
643,4.661265e-17,2.700141e-05,-4.630017e-06,5.257822e-04,-9.194990e-02,-7.972561e-01,4.692524e+00
644,7.098853e-18,4.218932e-05,2.265794e-05,5.422282e-04,-1.859824e-01,2.552451e+00,1.080536e+01
645,6.109757e-17,4.228804e-05,2.256173e-05,5.426794e-04,-2.952394e-01,2.340518e+00,1.054029e+01
646,1.446274e-17,3.946316e-05,1.519476e-05,5.450487e-04,9.339347e-01,6.469026e-01,8.559603e+00
647,1.797667e-17,4.114174e-05,8.693401e-06,5.394292e-04,6.029199e-01,-9.440030e-01,4.714423e+00
648,2.447292e-17,2.285755e-05,1.658721e-05,5.347701e-04,6.852567e-02,-4.256198e-01,8.015707e+00
649,1.927831e-17,3.025645e-05,1.520911e-05,5.370822e-04,-4.038136e-01,6.735360e-01,7.966252e+00
650,4.683681e-18,2.890888e-05,1.875221e-05,5.432294e-04,3.526124e-01,2.071230e-02,5.258468e+00
651,3.051453e-18,4.062422e-05,1.641435e-05,5.494405e-04,-1.143732e-01,6.639075e-02,1.039007e+01
652,7.631500e-18,2.654799e-05,-1.084669e-05,5.024614e-04,-4.297903e-01,3.814772e+00,2.743831e+01
653,2.050759e-17,2.979280e-05,-1.134162e-05,5.078261e-04,3.962957e+00,4.151673e+00,2.823558e+01
654,2.661070e-17,2.416626e-05,-1.763614e-05,5.008567e-04,9.240890e-01,-1.609659e+00,1.435222e+01
655,7.456327e-18,4.607526e-05,-1.240943e-05,5.078801e-04,-1.322151e-01,-5.223434e-01,2.008878e+01
656,2.009560e-18,4.607931e-05,-1.338706e-05,5.137576e-04,-1.952613e-01,-5.522732e-02,2.093821e+01
657,4.569806e-18,3.906382e-05,-1.092975e-05,5.218338e-04,5.389493e-01,-2.769011e-01,9.043424e+00
658,1.129433e-18,2.733697e-05,-1.327105e-05,5.127700e-04,-3.153897e-02,-1.345836e-01,3.698996e+00
659,2.751210e-18,2.813373e-05,-1.329308e-05,5.185640e-04,-1.181683e-01,8.203632e-01,3.744146e+00
660,1.417068e-18,3.281508e-05,-6.248509e-06,5.112173e-04,-1.422196e-01,-1.605407e-02,1.138226e+00
661,4.148287e-18,3.669630e-05,-7.841562e-06,5.118561e-04,-1.040791e-01,3.742216e-01,6.026996e-01
662,1.192358e-18,3.671817e-05,-2.342821e-06,5.173018e-04,-2.217691e-01,1.862691e-01,6.162498e-01
663,3.855373e-18,3.984766e-05,-1.953254e-05,5.181375e-04,-7.617265e-02,4.738554e-02,2.140231e-01
664,8.379356e-17,7.006257e-05,-9.395418e-06,5.050706e-04,1.310382e+00,3.476444e-01,6.579527e+00
665,2.515978e-16,5.523185e-05,-7.104655e-06,5.301051e-04,3.042382e-01,-1.592973e+00,1.823333e+01
666,4.169112e-17,5.457984e-05,-5.776541e-06,5.131785e-04,-1.011367e-01,-1.378787e-01,1.386727e+01
667,4.028305e-18,5.299701e-05,-7.351478e-06,5.204582e-04,5.964618e-01,-4.499741e-01,1.710806e+01
668,2.690615e-18,5.244804e-05,-2.107870e-06,5.038400e-04,-3.413307e-01,1.203671e-01,1.164449e+01
669,3.920405e-17,6.973704e-05,-6.412059e-06,5.150307e-04,3.745204e-01,1.091748e-01,7.184262e+00
670,6.066963e-18,7.501406e-05,-8.372509e-06,5.145347e-04,-5.499715e-01,-4.019424e-01,5.090852e+00
671,3.743323e-18,6.484003e-05,-1.171594e-05,5.078384e-04,1.384287e-01,-2.383567e-01,3.136648e+00
672,3.226852e-17,6.459366e-05,-1.150069e-05,5.080890e-04,-9.639851e-03,-1.010790e-01,3.259513e+00
673,7.101470e-19,6.158758e-05,-6.900781e-06,5.127823e-04,1.354293e-02,2.377265e-01,2.682555e+00
674,6.995957e-18,5.945672e-05,-1.716916e-05,5.042469e-04,-2.142816e-01,-4.907960e-01,-4.704080e-01
675,1.759176e-17,-1.803118e-05,-8.662409e-05,4.749857e-04,1.752988e-01,1.159137e+00,-2.419137e+00
676,3.362494e-18,-6.182871e-06,-1.000137e-04,4.769411e-04,-7.080085e-01,2.144305e-01,5.125839e-01
677,2.566085e-19,-1.171682e-06,-7.851562e-05,4.732007e-04,-3.432861e-01,-1.590670e+00,-6.334058e+00
678,1.242582e-17,-1.567816e-05,-1.159547e-04,4.797730e-04,-1.120769e+00,1.660080e+00,2.956603e+00
679,1.158594e-18,-1.467833e-05,-1.173236e-04,4.740092e-04,-2.492162e-01,1.346300e+00,-2.772879e+00
680,3.081226e-18,1.171955e-05,-1.078007e-04,4.767322e-04,-9.077989e-01,-1.366759e-01,1.308386e+00
681,7.239374e-17,1.641669e-04,-1.311590e-05,5.168331e-04,5.117441e+00,5.031048e-01,2.175488e+01
682,3.144847e-17,1.493191e-04,-2.449770e-06,5.139776e-04,1.812464e+00,3.120905e+00,9.917393e+00
683,1.782658e-17,1.514627e-04,-4.108852e-06,5.052880e-04,3.505778e-01,-2.042301e+00,9.056648e+00
684,2.977305e-18,1.640728e-04,-1.563063e-05,5.261662e-04,-4.541603e-01,-2.136525e-01,1.112571e+01
685,4.532179e-17,1.657476e-04,2.301007e-06,5.217873e-04,-1.285644e+00,-4.816299e-01,4.833379e+00
686,1.344109e-17,1.488383e-04,-1.559221e-05,5.245668e-04,-2.427365e-01,4.183444e-01,4.529011e+00
687,5.703051e-17,1.743231e-04,-1.214728e-05,5.076959e-04,1.877239e+00,-7.032839e-02,4.218847e+00
688,3.942417e-18,1.679702e-04,-5.029800e-06,5.184356e-04,1.065514e-01,-2.421443e-01,6.919376e+00
689,1.797496e-17,1.555553e-04,-4.198557e-06,5.139914e-04,-9.501439e-01,-1.065318e+00,3.045080e+00
690,3.810988e-18,1.710983e-04,-1.411505e-05,5.163911e-04,-1.089938e-01,-5.044701e-01,3.587170e+00
691,1.641035e-16,1.631844e-04,-1.577650e-05,5.483492e-04,-3.363537e-01,-1.248135e+00,9.810200e+00
692,4.482051e-17,1.676179e-04,-1.021496e-05,5.315652e-04,-2.513249e-01,-2.415177e+00,1.118030e+01
693,6.387318e-17,1.513879e-04,-1.024769e-05,5.339054e-04,-2.908568e-01,-2.531974e-01,6.213762e+00
694,1.970892e-16,1.516340e-04,-1.081674e-05,5.340912e-04,-2.751000e-01,-2.839912e-01,6.190195e+00
695,2.846890e-18,1.632675e-04,-1.563700e-05,5.415521e-04,4.832161e-02,2.796453e-01,1.532300e+01
696,8.197128e-18,1.765144e-04,-1.467363e-05,5.295375e-04,-2.353607e+00,-4.737066e-01,8.334495e+00
697,5.925945e-17,1.473888e-04,-2.696332e-06,5.323992e-04,6.629196e-01,7.832592e-01,1.117467e+01
698,3.202470e-17,1.657152e-04,-1.477748e-06,5.401370e-04,-4.679076e-01,1.235667e-01,7.407536e+00
699,1.165755e-16,1.658434e-04,-1.204965e-06,5.403283e-04,-4.668784e-01,-1.905569e-02,7.558312e+00
700,2.198350e-18,1.663956e-04,-7.020463e-06,5.457342e-04,-2.225888e-01,2.470269e-01,6.699007e+00
701,1.121189e-17,1.565416e-04,-7.727621e-06,5.483036e-04,-2.901235e+00,-1.061347e+00,5.238310e+00
702,2.125848e-18,1.710908e-04,-1.407111e-05,5.385464e-04,7.958362e-02,-1.188388e-02,4.091723e+00
703,1.255265e-18,1.609357e-04,-4.683559e-06,5.439299e-04,-1.057994e-01,6.573148e-02,6.167159e+00
704,2.581696e-18,1.609353e-04,-4.690037e-06,5.290326e-04,-6.898436e-03,-6.286635e-02,4.965530e+00
705,2.983522e-18,1.664310e-04,-7.028871e-06,5.407337e-04,-8.999753e-01,4.695293e-01,7.319329e+00
706,2.860098e-18,1.711103e-04,-1.407038e-05,5.334210e-04,2.790962e-01,3.639092e-01,4.624482e+00
707,1.806795e-18,1.540409e-04,-9.355103e-06,5.390491e-04,-3.555402e-01,2.079392e-01,-3.137621e-01
708,4.998930e-18,1.679973e-04,-2.383369e-06,5.347593e-04,2.319276e-01,6.867725e-02,1.010357e+01
709,7.422587e-18,1.687463e-04,7.030140e-06,5.139275e-04,-2.086540e+00,2.448939e-01,1.139846e+01
710,7.803732e-17,1.687190e-04,7.419073e-06,5.143183e-04,-1.379314e+00,1.989119e-02,1.137987e+01
711,2.959330e-17,1.647227e-04,1.027467e-05,5.428697e-04,-1.518599e+00,-6.417488e-01,6.712398e+00
712,2.889358e-17,1.592135e-04,1.005425e-05,5.287170e-04,5.634807e-01,1.171691e-01,1.753354e+01
713,2.450229e-17,1.529957e-04,1.928318e-05,5.433719e-04,4.323031e-01,2.377179e-02,6.984748e+00
714,1.820017e-17,1.587878e-04,7.580254e-06,5.395582e-04,6.570721e-02,-6.454517e-01,8.148891e+00
715,1.516514e-17,1.553669e-04,1.153008e-05,5.376367e-04,4.144016e-01,-3.206843e-01,7.878592e+00
716,8.730356e-17,1.670408e-04,1.873125e-05,5.371592e-04,-7.156337e-01,-2.449675e-01,5.498982e+00
717,2.505030e-17,1.609181e-04,6.524916e-06,5.325695e-04,-2.470275e+00,-1.025843e+00,6.888516e+00
718,9.191075e-18,1.643607e-04,4.750137e-06,5.384050e-04,7.028618e-01,-1.494187e-01,6.758585e+00
719,2.604010e-17,1.717650e-04,9.262787e-06,5.213223e-04,-1.055103e-01,-3.821325e-01,1.036715e+01
720,1.224840e-16,1.715520e-04,9.163325e-06,5.213688e-04,-2.314404e-01,-5.883704e-01,1.012892e+01
721,2.017098e-17,1.658361e-04,2.381950e-05,5.044781e-04,7.458255e-01,6.571872e+00,1.524804e+01
722,1.987553e-17,1.513753e-04,2.774305e-06,5.070404e-04,2.621774e-01,-4.565802e-01,1.512323e+01
723,8.464977e-18,1.580609e-04,1.015811e-05,5.134608e-04,1.849560e-01,-2.860792e-01,1.383290e+01
724,3.147664e-18,1.743251e-04,1.252944e-05,5.171920e-04,-2.451681e+00,1.550984e+00,6.574746e+00
725,2.741963e-17,1.484584e-04,7.127237e-06,5.129826e-04,7.148215e-02,-1.328606e+00,7.873590e+00
726,1.990931e-18,1.703148e-04,1.730081e-05,5.145512e-04,-1.327146e-01,-5.874912e-01,5.036044e+00
727,1.718237e-18,1.718089e-04,1.414249e-05,5.060437e-04,-5.646626e-01,-2.078262e-01,7.102788e+00
728,5.236005e-18,1.671902e-04,2.344435e-06,5.035895e-04,2.312400e-01,-1.439025e-01,5.818594e+00
729,4.497839e-18,1.546800e-04,1.487236e-05,5.120149e-04,-3.218422e-02,8.146200e-01,5.815929e+00
730,4.330623e-18,1.546867e-04,1.249055e-05,5.166423e-04,2.777393e-01,-7.721548e-01,5.333433e+00
731,7.992354e-18,1.609795e-04,1.646628e-05,5.226647e-04,6.750131e-02,4.605228e-01,4.504122e+00
732,1.173466e-17,1.683525e-04,1.760258e-05,5.197307e-04,-7.258143e-01,-1.863482e-01,4.375221e+00
733,2.469979e-17,1.536367e-04,4.784301e-06,5.149913e-04,1.749315e+00,1.271507e+00,2.302875e+00
734,1.153992e-17,1.733308e-04,1.600472e-05,5.089107e-04,-1.174660e-01,-2.582708e-01,2.885938e+00
735,3.415274e-18,1.578125e-04,4.688041e-06,5.085622e-04,-5.918695e-03,5.510983e-02,2.566383e+00
736,8.478352e-17,1.274681e-04,9.315460e-06,5.473453e-04,-5.426911e-01,-4.199243e-01,8.348023e+00
737,1.792119e-16,1.274972e-04,9.431499e-06,5.469972e-04,-4.604120e-01,-3.949904e-01,7.865578e+00
738,5.590887e-17,1.306990e-04,1.634978e-05,5.425799e-04,-9.189406e-01,1.864280e+00,1.104523e+01
739,8.977849e-17,1.460423e-04,4.525845e-06,5.448136e-04,1.052900e+00,-1.595539e+00,8.609355e+00
740,1.107172e-17,1.380749e-04,8.598669e-06,5.407686e-04,4.300700e-01,3.961641e-02,1.270797e+01
741,6.385839e-18,1.406824e-04,5.479444e-06,5.395550e-04,-4.190287e-01,-1.094575e-01,1.077091e+01
742,2.803833e-18,1.249931e-04,9.384151e-06,5.370626e-04,-1.416812e-01,-2.330283e-01,4.353190e+00
743,2.884523e-18,1.335915e-04,6.238983e-06,5.276070e-04,2.966724e-02,-7.639811e-01,7.415235e+00
744,9.730263e-19,1.445247e-04,1.486135e-05,5.418332e-04,8.212115e-02,-2.673915e-02,2.013608e+00
745,1.257868e-18,1.343729e-04,-7.822921e-07,5.066179e-04,-3.822991e-02,3.981125e-02,1.587971e+00
746,6.706232e-17,1.355029e-04,-1.213784e-06,5.204930e-04,8.361696e-01,-6.105643e-01,7.607682e+00
747,5.174566e-18,1.413948e-04,-7.647520e-07,5.233403e-04,-2.812155e-01,-3.138492e-01,1.052696e+01
748,5.087600e-17,1.372500e-04,7.151602e-06,5.183190e-04,-1.497587e+00,-1.795309e-01,7.969947e+00
749,5.273178e-18,1.413709e-04,-7.813409e-07,5.114197e-04,4.397163e-01,7.390550e-02,9.286810e+00
750,2.084902e-16,1.354515e-04,-1.705742e-06,5.206532e-04,7.035204e-01,-6.274452e-01,7.743340e+00
751,5.490761e-18,1.343597e-04,1.244587e-05,5.112908e-04,-4.020325e-01,6.487726e-01,4.354281e+00
752,2.806103e-18,1.468765e-04,1.403395e-05,5.223732e-04,1.934691e-03,-4.434923e-01,3.812210e+00
753,2.773433e-18,1.398433e-04,1.172196e-05,5.085951e-04,-2.561948e-01,-4.436810e-01,3.661629e+00
754,2.419387e-18,1.437489e-04,3.129021e-06,5.061822e-04,3.511360e-02,-3.686292e-02,1.159207e+00
755,1.656301e-18,1.289101e-04,1.562629e-05,5.105321e-04,1.606798e-01,-1.940680e-01,-3.403890e-02
756,1.759592e-17,1.423418e-04,-6.087553e-06,5.383770e-04,4.323437e-01,1.611734e-01,1.082170e+01
757,1.246534e-16,1.423217e-04,-6.581668e-06,5.380801e-04,6.137085e-01,5.598498e-01,9.301746e+00
758,6.919205e-18,1.402011e-04,-4.218386e-06,5.277312e-04,-5.879208e-01,1.655277e-01,1.371588e+01
759,1.147075e-18,1.382829e-04,-1.250391e-05,5.360638e-04,-1.814280e-01,2.980232e-01,2.030438e+00
760,2.167593e-18,1.421832e-04,-8.594462e-06,5.465113e-04,3.907081e-02,-8.745519e-02,7.594520e-01
761,9.054159e-19,1.281217e-04,-1.483962e-05,5.461619e-04,-9.987557e-02,-1.603228e-02,3.214061e+00
762,7.084538e-18,1.347907e-04,-9.095154e-06,5.244151e-04,1.129039e-01,-4.082533e-01,1.002967e+01
763,4.571484e-18,1.453118e-04,-4.385160e-06,5.261060e-04,2.288651e-02,-2.405477e-01,9.454701e+00
764,4.649325e-18,1.429868e-04,-1.017625e-05,5.075027e-04,2.920363e-01,1.276583e+00,8.409589e+00
765,1.342327e-17,1.297724e-04,-8.935970e-06,5.089861e-04,-5.288824e-01,7.679312e-02,5.881489e+00
766,4.960792e-17,1.098716e-04,-1.229240e-05,5.192139e-04,-7.968782e-01,-2.945483e-01,4.685800e+00
767,1.227725e-16,1.071733e-04,-2.619410e-07,5.194268e-04,1.199918e+00,-1.429133e-01,6.536047e+00
768,3.199046e-16,1.073225e-04,-8.778875e-07,5.203011e-04,3.608281e-01,4.945977e-01,7.700430e+00
769,2.329897e-18,1.149046e-04,-1.033231e-05,5.250831e-04,1.198862e+00,-2.675278e+00,1.962406e+01
770,5.658131e-18,1.148687e-04,-5.322085e-06,5.142567e-04,5.127249e-01,-1.006663e+00,1.639687e+01
771,2.615844e-18,1.148467e-04,-6.487691e-06,5.217905e-04,2.709057e-01,8.494238e-01,1.988367e+01
772,9.385248e-19,1.141902e-04,-5.862261e-06,5.079700e-04,9.590431e-01,1.476184e+00,9.380531e+00
773,2.133574e-17,1.150529e-04,-2.818532e-06,5.273125e-04,-1.649545e-01,-2.986743e+00,1.392939e+01
774,3.411525e-18,1.031242e-04,-5.476938e-06,5.054852e-04,1.949171e-02,3.860284e-01,7.793999e+00
775,8.418548e-18,1.031259e-04,-1.576874e-06,5.070163e-04,-2.491729e-02,1.907215e+00,6.744071e+00
776,3.714544e-18,1.148421e-04,-1.796786e-05,5.219486e-04,-2.341830e-03,3.015969e-01,4.776942e+00
777,2.503448e-18,1.054704e-04,-7.034950e-06,5.101118e-04,-8.931709e-03,3.396304e-01,4.460939e+00
778,1.685395e-17,9.813533e-05,-1.778659e-05,5.268788e-04,-2.604486e-02,1.271011e-01,3.060334e+00
779,3.001050e-17,1.192145e-04,1.545260e-05,5.118647e-04,-5.975526e-01,1.360161e-01,1.575809e+01
780,4.305364e-18,1.202903e-04,1.871804e-05,5.273650e-04,4.228781e-01,5.251851e-01,2.885787e+01
781,5.017338e-17,1.124688e-04,6.608370e-06,5.186693e-04,-7.364895e-01,-4.693419e-01,4.277534e+00
782,5.096851e-18,1.195119e-04,1.874968e-05,5.059594e-04,2.446469e-02,-6.582966e-02,1.834182e+01
783,1.932448e-18,1.195806e-04,1.880385e-05,5.227880e-04,8.123850e-01,-4.018587e-01,2.615294e+01
784,6.852938e-18,1.148007e-04,7.703647e-06,5.097384e-04,4.489340e-02,1.776531e-01,9.049567e+00
785,1.688259e-17,1.043270e-04,1.101598e-05,5.163848e-04,-3.835896e-01,-1.630064e+00,9.626927e+00
786,2.321987e-18,1.070376e-04,8.591275e-06,5.222781e-04,5.926733e-02,-5.900771e-02,6.299461e+00
787,4.996974e-19,1.047147e-04,1.601323e-05,5.074803e-04,-3.246600e-01,-1.757172e-01,5.304788e+00
788,4.754903e-17,1.079100e-04,1.900241e-05,5.225153e-04,2.310852e-01,1.196250e-01,4.462891e+00
789,8.917761e-18,1.156288e-04,1.716331e-05,5.142386e-04,3.559183e-02,-1.466010e+00,3.176784e+00
790,3.125191e-18,1.195633e-04,1.875082e-05,5.177820e-04,-7.372918e-01,1.480976e+00,2.421392e+01
791,3.781359e-18,1.007796e-04,8.596443e-06,5.271141e-04,7.062595e-01,1.199723e-01,6.342290e+00
792,1.028569e-18,1.196567e-04,1.835712e-05,5.118709e-04,-3.720069e-01,-2.285612e+00,2.007661e+01
793,3.245109e-17,-2.165138e-04,-6.860579e-07,5.323251e-04,4.283230e+00,-2.925768e+00,1.572002e+01
794,7.212966e-17,-2.005500e-04,-2.705402e-06,5.484413e-04,2.921091e+00,-6.469224e-01,9.188021e+00
795,4.651259e-19,-2.207023e-04,-7.780549e-07,5.218658e-04,-8.043381e-02,3.018032e-01,7.134103e+00
796,1.755185e-16,-1.975433e-04,1.706535e-06,5.205921e-04,2.048317e-01,4.491208e-01,6.034460e+00
797,3.130893e-18,-1.992005e-04,-5.474636e-06,5.363140e-04,1.145743e+00,-3.084435e-01,7.286040e+00
798,3.682629e-17,-2.224873e-04,-3.460116e-06,5.176750e-04,1.075956e+00,9.105113e-01,3.383106e+00
799,2.400770e-16,-2.171964e-04,-8.343413e-06,5.358497e-04,3.856380e-01,-6.852984e-02,1.090576e+01
800,6.301869e-17,-2.045423e-04,-1.064944e-05,5.481277e-04,-4.969716e-01,9.881438e-01,1.005453e+01
801,6.849245e-18,-2.257815e-04,-1.797297e-05,5.312347e-04,4.538706e-03,2.707869e-02,3.572416e+00
802,7.798840e-18,-2.085932e-04,-9.275449e-06,5.287526e-04,-9.633747e-03,-4.334516e-01,7.273278e+00
803,3.345666e-18,-2.187520e-04,-1.015566e-05,5.238176e-04,1.105809e-01,3.870113e-02,1.080118e+01
804,9.374667e-18,-2.183362e-04,-1.015450e-05,5.086006e-04,3.851682e-01,4.214257e-01,7.782607e+00
805,2.273648e-17,-2.029819e-04,-1.795256e-05,5.156167e-04,-1.281533e-01,4.699022e-01,5.209184e+00
806,1.043819e-17,-2.054392e-04,-1.396139e-05,5.091962e-04,-4.220535e-01,-4.641991e-01,3.741131e+00
807,1.204330e-18,-2.039125e-04,-2.338619e-06,5.142523e-04,3.168078e-02,3.970333e-02,5.718088e+00
808,1.411433e-18,-2.109432e-04,-8.586699e-06,5.188959e-04,1.269859e-02,-1.066227e-01,4.635503e+00
809,4.940507e-18,-2.187503e-04,-1.018549e-05,5.193988e-04,2.532244e-01,5.367338e-01,1.010302e+01
810,1.144260e-18,-2.054941e-04,-1.329857e-05,5.043928e-04,-5.650861e-01,5.057800e-01,2.735623e+00
811,3.523790e-17,-2.283843e-04,-8.706871e-06,5.258636e-04,-6.771982e-01,1.893788e-01,1.440067e+01
812,3.604216e-17,-2.288954e-04,-3.741214e-06,5.298285e-04,2.268512e+00,-1.195064e-01,1.608909e+01
813,1.002969e-16,-2.485842e-04,-1.574976e-05,5.413725e-04,-7.330661e-03,-1.574923e+00,1.112474e+01
814,1.513605e-17,-2.334743e-04,7.491862e-07,5.492743e-04,7.001046e-01,-8.975889e-02,1.743671e+01
815,9.394511e-19,-2.343859e-04,-3.128479e-06,5.338048e-04,-1.996158e-01,4.530176e-02,1.158997e+01
816,1.891853e-18,-2.496079e-04,-7.816902e-06,5.389206e-04,-1.132885e-01,-5.033585e-02,1.044572e+01
817,4.809487e-17,-2.371194e-04,-5.987835e-06,5.249910e-04,5.418056e-01,4.431796e-01,5.460868e+00
818,7.590735e-18,-2.371488e-04,-3.905527e-06,5.418972e-04,-2.578503e+00,2.568047e-02,5.548367e+00
819,5.055417e-18,-2.493175e-04,-7.805646e-07,5.451814e-04,-6.735573e-02,-4.646879e-02,5.084330e+00
820,3.584825e-18,-2.390652e-04,-1.328113e-05,5.455534e-04,-2.871908e-03,-4.621687e-03,4.123134e-01
821,3.183083e-16,-2.149487e-04,9.045656e-06,5.224778e-04,8.970179e-01,1.309351e-01,4.671112e+00
822,1.710106e-17,-2.346193e-04,1.480514e-05,5.475369e-04,-4.269568e+00,-6.646321e-01,8.797718e+00
823,2.135802e-17,-2.492169e-04,6.247062e-06,5.319611e-04,2.488981e-02,6.267262e-01,8.732817e+00
824,6.913543e-17,-2.485226e-04,6.774655e-06,5.323080e-04,2.761497e-02,5.795425e-01,8.701308e+00
825,1.085873e-17,-2.492907e-04,1.482345e-05,5.323587e-04,-9.607962e-02,5.464304e-01,8.682283e+00
826,2.244350e-18,-2.496065e-04,2.342270e-05,5.403532e-04,-1.046733e-01,4.815784e-01,8.720548e+00
827,3.887257e-18,-2.476334e-04,1.465131e-05,5.494931e-04,8.279750e-01,3.355700e-01,1.412284e+01
828,4.194984e-18,-2.314923e-04,2.345897e-06,5.355996e-04,1.250938e+00,7.823868e-02,6.133148e+00
829,2.008784e-17,-2.376439e-04,1.850601e-05,5.283354e-04,-1.649918e-01,1.385688e+00,5.465802e+00
830,4.639486e-19,-2.496077e-04,4.692812e-06,5.381293e-04,-2.820848e-01,-7.974124e-02,3.461976e+00
831,1.282263e-18,-2.281150e-04,1.486099e-05,5.426114e-04,-4.037000e-01,-1.051073e-01,9.472236e-01
832,1.080127e-16,-1.960706e-04,1.254401e-05,5.431643e-04,-1.406198e+00,2.197999e+00,1.552322e+01
833,4.466034e-17,-2.037810e-04,5.647628e-06,5.104889e-04,-1.716529e+00,-8.146076e-01,1.423325e+01
834,1.058263e-16,-2.092682e-04,6.990324e-06,5.350236e-04,-9.688957e-01,-1.233500e+00,8.398369e+00
835,1.132749e-16,-2.226221e-04,5.024525e-06,5.161285e-04,1.810030e+00,-2.065410e-01,1.691727e+01
836,4.106094e-17,-2.109586e-04,2.676422e-06,5.134512e-04,2.836519e+00,6.823509e-01,7.837792e+00
837,5.089639e-17,-2.200238e-04,1.497966e-05,5.118522e-04,1.026234e+00,1.275940e+00,8.511482e+00
838,3.727739e-18,-2.070340e-04,1.171324e-05,5.139596e-04,-1.644755e-01,-1.480540e+00,6.699400e+00
839,4.021206e-17,-2.073104e-04,1.206690e-05,5.137885e-04,-4.407636e-01,-1.159376e+00,6.533445e+00
840,4.310840e-18,-2.253042e-04,8.594183e-06,5.177190e-04,1.142604e+00,-2.802132e-01,9.333299e+00
841,1.782025e-17,-2.246809e-04,2.342949e-05,5.209831e-04,3.071410e-01,3.022462e+00,6.369179e+00
842,2.942731e-17,-2.032355e-04,1.198125e-05,5.281055e-04,7.561934e-01,6.658735e-01,9.107424e+00
843,1.274688e-18,-2.226454e-04,9.384891e-06,5.447157e-04,2.359924e-01,1.859298e-02,1.896357e+00
844,4.332922e-17,-1.832193e-04,-2.083693e-05,5.208906e-04,-2.574676e-01,-1.124549e+00,1.589388e+00
845,3.955034e-18,-1.765348e-04,-7.251636e-06,5.254195e-04,-3.970217e+00,5.992869e-01,2.410099e+01
846,2.559395e-18,-1.744696e-04,-6.300536e-06,5.155762e-04,-2.655529e+00,2.735935e-01,2.072608e+01
847,6.323992e-18,-1.832166e-04,-3.904045e-06,5.252903e-04,2.932752e+00,8.489246e-01,6.709245e+00
848,2.721422e-17,-1.800709e-04,-7.276826e-07,5.251834e-04,2.433398e-01,-1.742400e+00,8.250269e+00
849,9.304928e-18,-1.802260e-04,2.042297e-09,5.180471e-04,3.295417e-02,-6.317616e-02,6.802802e+00
850,3.761486e-18,-1.794889e-04,-1.249855e-05,5.041288e-04,-7.299181e-01,2.705587e-01,2.493855e+00
851,2.518636e-18,1.280145e-04,-1.243830e-05,4.747251e-04,1.142628e+00,3.388303e-01,1.758543e+00
852,1.380137e-18,1.343758e-04,-7.858224e-07,4.732001e-04,-5.864666e-01,2.588141e-01,-2.462906e+00
853,5.051387e-19,1.292989e-04,-1.248010e-05,4.724595e-04,1.366448e+00,-8.474504e-01,-3.213489e+00
854,1.166731e-18,1.212916e-04,6.812231e-06,4.759150e-04,-2.420122e+00,-3.995856e+00,-3.568338e+00
855,1.619076e-18,1.193973e-04,1.868575e-05,4.749237e-04,6.160708e-01,-7.461435e-02,-1.002947e+00
856,1.097988e-16,-9.214456e-05,-3.962068e-06,5.260171e-04,-2.097080e-01,-5.631224e-01,9.070307e+00
857,3.929516e-17,-9.049575e-05,-2.262839e-05,5.414343e-04,4.774676e-02,-4.093493e+00,1.071031e+01
858,2.669728e-16,-9.206558e-05,-4.407724e-06,5.261868e-04,2.069583e-01,-5.501200e-01,8.776776e+00
859,1.419354e-17,-8.203268e-05,-9.382612e-06,5.370842e-04,-4.255785e-01,4.467281e-01,7.963845e+00
860,1.575289e-17,-8.213434e-05,-1.237912e-06,5.443937e-04,-6.699757e-01,-1.680701e-01,1.243739e+01
861,7.262539e-17,-8.202889e-05,-9.523885e-06,5.368332e-04,-3.702017e-01,4.848277e-01,7.793424e+00
862,2.944580e-18,-8.750063e-05,-1.172851e-05,5.436972e-04,1.664452e-03,-1.374337e-02,1.398319e+01
863,2.916333e-18,-7.811918e-05,8.563431e-10,5.355506e-04,4.563474e-02,-1.354024e-01,9.924804e+00
864,3.326935e-18,-8.750254e-05,-1.172238e-05,5.364206e-04,-1.951548e-01,1.996615e-01,1.324498e+01
865,1.364491e-18,-8.984659e-05,-1.484694e-05,5.397029e-04,4.824885e-02,-3.076242e-02,1.131503e+01
866,1.098791e-18,-9.296057e-05,-7.947849e-07,5.496514e-04,1.062872e-01,-1.244177e-01,1.176528e+01
867,4.374512e-17,-9.096022e-05,-4.387478e-06,5.427772e-04,1.804734e-01,1.079050e+00,4.178379e+00
868,1.317346e-18,-9.157812e-05,-8.335881e-06,5.438236e-04,1.443249e-01,6.719864e+00,4.151289e+00
869,3.235010e-18,-8.359344e-05,-4.685179e-06,5.268161e-04,8.939530e-02,4.088787e-01,4.660798e+00
870,1.109664e-18,-9.687722e-05,-9.387587e-06,5.396234e-04,5.206352e-03,-2.080309e-02,3.715871e+00
871,1.504480e-18,-7.969085e-05,-1.796920e-05,5.294515e-04,-5.099617e-03,3.244315e-01,2.435425e+00
872,5.277266e-17,-8.452873e-05,6.612190e-06,5.421459e-04,3.645349e-01,-1.822797e-01,1.147025e+01
873,1.678721e-16,-8.446956e-05,6.501603e-06,5.420424e-04,3.606172e-01,-8.864463e-02,1.130070e+01
874,2.067680e-17,-8.743213e-05,1.156747e-05,5.073499e-04,-4.704716e-01,-4.691419e-01,1.852824e+01
875,3.747445e-18,-8.671754e-05,3.908449e-06,5.093244e-04,6.266915e-01,-8.123007e-01,6.481696e+00
876,5.373312e-17,-8.707099e-05,3.763629e-06,5.085596e-04,2.865230e-01,-8.318729e-01,6.055831e+00
877,2.124373e-18,-8.671995e-05,5.460537e-06,5.223035e-04,-1.185008e-01,-5.324536e-02,6.139144e+00
878,1.309194e-17,-9.143751e-05,1.642877e-05,5.040674e-04,-1.077935e+00,-4.855882e-01,3.231022e+00
879,2.395455e-17,-7.613923e-05,1.295805e-05,5.257532e-04,2.955860e-01,1.630586e+00,3.816726e+00
880,3.088526e-17,-9.454936e-05,2.417321e-05,5.016927e-04,1.292830e-01,1.362128e+00,5.699140e+00
881,1.921436e-17,-8.422481e-05,1.556840e-05,5.190632e-04,-3.052912e-01,-6.305513e-01,2.983535e+00
882,3.774773e-17,-9.033490e-05,3.083114e-06,5.322513e-04,1.951432e+00,-2.037078e-01,1.352973e+01
883,1.098971e-17,-7.651978e-05,1.801327e-05,5.451096e-04,2.613789e+00,5.591472e-01,9.968957e+00
884,5.207392e-17,-8.735038e-05,-1.197283e-05,5.122398e-04,8.597596e-02,5.355482e-01,9.961998e+00
885,3.955149e-18,-9.689395e-05,-2.290202e-05,5.049081e-04,-3.094144e-01,-4.045713e+00,1.833083e+01
886,3.470492e-17,-7.846225e-05,-1.263990e-05,5.201278e-04,9.091926e-02,4.900860e-01,6.205905e+00
887,4.843530e-18,-7.820131e-05,-1.171569e-05,5.035949e-04,-1.877795e-01,4.632807e-01,6.074854e+00
888,2.689482e-18,-9.217974e-05,-1.484921e-05,5.185962e-04,-1.299278e-01,6.037639e-01,7.492848e+00
889,1.021874e-18,-8.672147e-05,-4.689506e-06,5.143014e-04,1.344224e-01,2.408230e-01,7.905398e+00
890,8.531532e-18,-9.178140e-05,-1.395647e-05,5.037395e-04,2.852156e-01,-7.056005e-01,5.987537e+00
891,1.521836e-17,-8.141201e-05,-1.660489e-05,5.028892e-04,-1.233108e+00,-7.893558e-01,5.837381e+00
892,1.375122e-18,-9.140098e-05,-1.798458e-05,5.021141e-04,4.510879e-01,7.067888e-01,1.413416e+00
893,1.168310e-18,-9.843829e-05,-1.250238e-05,5.020851e-04,-5.656676e-02,1.469215e-01,-2.714979e+00
894,4.334443e-17,-5.721281e-05,1.043515e-05,5.228065e-04,1.247053e+00,-4.610059e-02,2.585288e+01
895,6.083956e-17,-6.716050e-05,6.259017e-06,5.484147e-04,-8.144741e-01,-9.020000e-01,9.042602e+00
896,3.010017e-18,-6.347996e-05,1.259440e-05,5.201506e-04,-3.786177e+00,-1.747722e-01,1.377486e+01
897,5.141001e-18,-5.861383e-05,9.350539e-06,5.188787e-04,5.378394e-01,-8.142738e-01,3.045049e+01
898,1.682956e-18,-6.085507e-05,8.454852e-06,5.217747e-04,4.571469e-01,3.332311e-01,7.496325e+00
899,1.316567e-18,-6.874703e-05,1.718833e-05,5.105514e-04,-4.431315e-02,-1.805819e-01,4.025449e+00
900,6.119764e-18,-6.874442e-05,1.011554e-05,5.059547e-04,-6.716824e-02,-1.205339e+00,3.313141e+00
901,1.769730e-17,-6.418485e-05,4.670483e-06,5.157832e-04,3.377839e-01,-4.217282e-01,3.812519e+00
902,3.706130e-18,-5.859070e-05,9.466807e-06,5.128009e-04,2.457616e-01,9.167698e-01,2.209162e+01
903,3.125973e-18,-5.856629e-05,9.229140e-06,5.098012e-04,-1.540872e+00,-1.781376e-02,2.193806e+01
904,7.064745e-18,-5.855433e-05,9.344413e-06,5.052290e-04,4.493960e-01,-1.711850e+00,2.059196e+01
905,3.545095e-17,-6.734033e-05,7.819599e-06,5.337531e-04,-4.319819e-01,8.151356e-01,6.139148e+00
906,1.502415e-16,-6.742613e-05,7.698899e-06,5.332275e-04,-8.634462e-01,6.632581e-01,6.525681e+00
907,8.291846e-18,-6.015132e-05,1.139626e-05,5.451897e-04,-7.461152e-03,-7.620707e-01,7.976085e+00
908,2.536494e-18,-6.874901e-05,1.718608e-05,5.458291e-04,-1.299539e-02,5.043864e-03,7.725385e+00
909,5.536591e-18,-5.367266e-05,4.692280e-06,5.490566e-04,-7.394751e-01,1.234830e-01,6.661858e+00
910,4.324064e-18,-6.874540e-05,1.719047e-05,5.419332e-04,3.358372e-02,-2.175740e-02,7.826953e+00
911,3.046531e-18,-7.274755e-05,1.182337e-05,5.330340e-04,1.824777e-01,-9.817798e-02,3.523095e+00
912,4.840122e-19,-6.171946e-05,2.148986e-05,5.426036e-04,1.671741e-01,4.548464e-02,-2.000225e+00
913,6.000729e-17,-1.336475e-06,-1.041847e-04,5.445312e-04,1.705609e-02,-2.747221e-01,7.390030e+00
914,1.724950e-16,-1.290704e-06,-1.043336e-04,5.444296e-04,-5.138095e-02,-3.053368e-01,7.409625e+00
915,5.215530e-18,-8.451998e-06,-1.220430e-04,5.387919e-04,-5.308716e-01,3.461490e-01,1.750717e+01
916,2.402455e-17,-3.057704e-06,-1.045222e-04,5.255025e-04,-4.832777e-02,-2.891097e+00,2.044414e+01
917,2.804156e-18,-7.753909e-07,-1.124983e-04,5.398501e-04,-4.365145e-02,2.469784e-02,6.743169e+00
918,2.518952e-17,-6.145952e-06,-1.125737e-04,5.442981e-04,8.295615e-01,-1.053919e+00,5.494538e+00
919,1.382323e-18,-1.719264e-05,-1.179697e-04,5.294415e-04,-5.571379e-02,1.380980e-02,1.758841e+00
920,2.114107e-18,-1.249974e-05,-1.070283e-04,5.479597e-04,-1.250069e-02,7.602443e-02,-6.248143e-01
921,3.979414e-17,3.529252e-06,-9.809836e-05,5.222835e-04,-5.744811e-01,-1.450404e+00,6.702933e+00
922,3.372749e-18,-2.493914e-08,-1.117054e-04,5.054745e-04,-3.288581e+00,3.622829e-01,1.215636e+01
923,1.177674e-16,1.058255e-05,-1.056742e-04,5.047587e-04,-1.990951e-01,-7.263086e-01,2.065767e+00
924,5.219114e-18,1.094004e-05,-1.179567e-04,5.059426e-04,8.203849e-02,2.228373e-01,7.684907e+00
925,6.215452e-17,-4.080138e-06,-1.070931e-04,5.145243e-04,-2.536165e+00,3.186930e-01,9.061704e+00
926,5.734912e-18,-6.288662e-06,-1.234043e-04,5.248891e-04,2.750819e-01,-2.994687e-01,1.610893e+01
927,2.840267e-16,-1.209040e-05,-1.146645e-04,5.037601e-04,-4.686882e-01,7.693741e-01,5.843675e+00
928,2.051013e-17,8.462280e-06,-1.133747e-04,5.303382e-04,-1.158641e+00,1.074167e+00,1.398533e+01
929,5.346619e-18,-2.359600e-06,-1.000509e-04,5.179315e-04,-7.369852e-01,-1.214261e+00,1.802151e+01
930,5.950373e-17,-6.944457e-06,-1.188737e-04,5.023367e-04,3.395443e+00,6.407641e-01,1.551051e+01
931,1.586591e-16,7.370956e-06,-1.179447e-04,5.340360e-04,-2.162906e-01,-1.382535e-01,5.432584e+00
932,9.449894e-17,-1.486655e-05,-1.035656e-04,5.177758e-04,-2.167840e-02,-4.180380e-01,4.650203e+00
933,1.543686e-17,-7.734211e-06,-1.158707e-04,5.173139e-04,1.275078e+00,4.718208e-01,3.231732e+00
934,7.122863e-19,-6.895217e-06,-1.181021e-04,5.120159e-04,-1.058942e-01,1.236437e-02,3.152462e+00
935,2.037565e-18,7.031590e-06,-1.195293e-04,5.486172e-04,3.238485e-02,-5.517206e-02,6.352408e+00
936,3.493314e-18,-1.560277e-06,-1.171889e-04,5.176774e-04,3.345476e-02,1.600957e-01,9.798308e-01
937,1.236388e-16,-5.166704e-06,-7.998995e-05,5.298285e-04,-9.661371e-01,-6.072709e-01,1.369768e+01
938,1.004438e-16,8.791704e-06,-8.049475e-05,5.258764e-04,-7.642713e-01,-4.244765e-01,1.287852e+01
939,4.465062e-17,5.182605e-06,-9.127277e-05,5.470989e-04,-1.314975e+00,-8.633901e-01,1.051030e+01
940,7.851282e-18,1.094454e-05,-9.099453e-05,5.376085e-04,3.802494e-02,-8.630438e-01,9.987532e+00
941,2.714343e-18,1.171814e-05,-8.749756e-05,5.326995e-04,6.761574e-04,4.715642e-02,9.075273e+00
942,1.396010e-17,1.268516e-05,-8.060275e-05,5.364409e-04,-6.445964e-01,4.231480e-01,5.247116e+00
943,6.969096e-19,5.609676e-06,-9.753071e-05,5.439122e-04,-1.961050e-01,-8.293481e-02,3.114188e+00
944,2.712762e-18,2.031332e-05,-7.968692e-05,5.458469e-04,-3.628111e-02,3.133931e-02,2.547863e-01
945,9.971867e-17,-1.558705e-05,-9.465576e-05,5.456015e-04,1.332062e-01,-1.399851e-01,9.039872e+00
946,2.488379e-17,-9.495145e-06,-8.605301e-05,5.357629e-04,-1.204440e+00,1.124650e+00,9.099720e+00
947,8.731031e-17,-9.726679e-06,-8.614241e-05,5.359223e-04,-1.204486e+00,9.546881e-01,8.973710e+00
948,6.153364e-18,-9.449139e-06,-8.984857e-05,5.402865e-04,8.208083e-01,1.596241e-01,6.005940e+00
949,2.842655e-18,-1.484574e-05,-9.218227e-05,5.320334e-04,-3.499831e-01,-6.118676e-02,6.914981e+00
950,1.942383e-18,-9.375343e-06,-8.983826e-05,5.443613e-04,-1.220123e-02,-7.584061e-02,7.509724e-01
951,5.636824e-17,-1.302723e-05,-8.020197e-05,5.063116e-04,-3.814904e-01,1.386168e-02,2.530163e+00
952,3.424745e-17,-1.875870e-05,-7.501496e-05,5.231733e-04,-1.927234e+00,-2.399461e+00,1.608293e+01
953,5.541736e-18,-2.348200e-06,-9.687256e-05,5.012409e-04,-2.319735e-01,8.520350e-02,1.107545e+01
954,1.097217e-17,-2.671811e-06,-8.310419e-05,5.227021e-04,-1.552764e-01,-2.001044e+00,1.275397e+01
955,1.108972e-16,-1.266420e-05,-8.920091e-05,5.008646e-04,3.500248e-01,9.125189e-01,4.653289e+00
956,2.985589e-17,-1.191474e-05,-9.456507e-05,5.148877e-04,-1.935276e-01,1.393030e+00,5.617176e+00
957,1.391554e-17,-4.613963e-06,-9.663650e-05,5.245048e-04,3.771107e-01,6.062880e-02,6.900900e+00
958,5.361813e-18,-3.124451e-06,-7.812605e-05,5.119618e-04,5.378054e-01,9.029443e-02,9.567842e+00
959,7.121750e-17,2.932379e-06,-8.905840e-05,5.148099e-04,7.971990e-01,6.285990e-01,6.623702e+00
960,2.413447e-18,-4.693967e-06,-9.062282e-05,5.139065e-04,3.261068e-01,2.543573e-02,5.817069e+00
961,4.064312e-18,-9.400311e-06,-8.981688e-05,5.057486e-04,3.319222e-03,-1.362066e-01,1.463251e+00
962,1.823503e-17,9.145581e-05,1.042281e-06,5.231635e-04,-2.957533e+00,3.486128e+00,1.357056e+01
963,1.251082e-16,9.230826e-05,1.528716e-06,5.100374e-04,-6.292178e-01,5.905428e-01,1.047691e+01
964,6.306767e-17,8.083562e-05,-1.236795e-06,5.223080e-04,1.238012e+00,-1.157687e+00,9.470787e+00
965,2.133961e-16,8.089570e-05,-1.492092e-06,5.222954e-04,5.814824e-01,-9.297055e-01,9.812873e+00
966,1.904468e-18,7.891466e-05,-1.887260e-05,5.296378e-04,-4.607485e-03,-1.917601e+00,1.676119e+01
967,3.518500e-17,7.639370e-05,-2.245673e-05,5.369078e-04,-6.319818e-01,-5.035408e+00,2.041838e+01
968,9.920180e-18,8.414050e-05,-5.467955e-06,5.485547e-04,-1.520360e-01,-2.430199e-02,1.845261e+01
969,1.537768e-17,8.667079e-05,-2.143614e-05,5.409658e-04,-3.754263e+00,-1.986315e-01,1.023393e+01
970,7.403811e-17,1.024849e-04,-1.228363e-05,5.465766e-04,-4.036745e-01,-3.420487e-01,9.393249e+00
971,5.098185e-17,8.568185e-05,-7.104488e-06,5.287546e-04,7.516887e-01,-8.796180e-01,1.287326e+01
972,2.824571e-17,9.492301e-05,-5.274903e-06,5.359558e-04,4.027636e-01,-3.646766e-01,3.968048e+00
973,1.144527e-16,9.480140e-05,-5.476749e-06,5.362252e-04,4.295435e-01,-4.091570e-01,4.077021e+00
974,4.345772e-18,8.358924e-05,-1.875112e-05,5.382492e-04,8.441774e-02,-2.277896e-02,5.200223e+00
975,1.727824e-18,9.600308e-05,-1.453771e-06,5.189501e-04,9.240542e-01,5.672718e-01,1.256302e+01
976,1.206425e-17,7.966046e-05,-1.667876e-05,5.134243e-04,1.200770e-01,-2.649114e+00,1.361704e+01
977,1.381868e-18,8.515850e-05,-3.117231e-06,5.158150e-04,2.819027e-03,1.274035e-01,9.806317e+00
978,2.640121e-18,7.970114e-05,-1.331010e-05,5.048123e-04,-1.242980e-02,3.562354e-01,9.899701e+00
979,5.035562e-19,9.685306e-05,-7.420357e-06,5.112466e-04,-8.074821e-02,3.482678e-01,6.493217e+00
980,2.671851e-17,1.214092e-04,-8.655938e-06,5.342382e-04,-5.587900e+00,-3.694059e-01,1.311553e+01
981,4.354384e-18,1.124993e-04,9.299648e-10,5.366179e-04,-6.427336e-03,-2.290692e-03,5.545262e+00
982,2.016019e-17,1.111360e-04,-1.945657e-05,5.445303e-04,-1.133426e+00,5.602751e-01,7.842011e+00
983,2.390910e-18,1.124974e-04,3.653005e-09,5.334200e-04,-1.144738e-02,2.766791e-02,6.098701e+00
984,1.585018e-17,1.216705e-04,1.971572e-05,5.352623e-04,6.064996e-01,-8.041550e-02,3.187667e+01
985,3.086472e-17,9.714253e-05,3.007621e-06,5.484059e-04,1.672856e+00,-1.240563e+00,1.075839e+01
986,2.829869e-17,9.565680e-05,5.478470e-06,5.327495e-04,-7.622535e-02,3.607560e-01,9.200322e+00
987,5.085253e-18,8.593693e-05,7.045684e-06,5.366821e-04,-3.327950e-01,2.843740e-01,9.024341e+00
988,2.144851e-18,9.296522e-05,1.250364e-05,5.458057e-04,2.320112e-01,-4.761828e-02,5.039216e+00
989,3.045180e-18,9.296763e-05,1.248413e-05,5.282784e-04,1.368411e-02,-2.078935e-01,5.067045e+00
990,2.655414e-18,8.359188e-05,1.565095e-06,5.311404e-04,-7.011415e-02,-1.965278e-02,4.272475e+00
991,2.235250e-18,8.983879e-05,9.379527e-06,5.443405e-04,-2.180703e-02,-5.545700e-02,4.175582e+00
992,4.354847e-18,8.593472e-05,1.484603e-05,5.331520e-04,-2.371246e-01,-2.425674e-02,6.018790e+00
993,4.494880e-18,8.593960e-05,1.484467e-05,5.490218e-04,5.285431e-02,1.881123e-02,4.984649e+00
994,1.051336e-18,9.766419e-05,1.094751e-05,5.337788e-04,-2.805006e-01,-5.716188e-02,1.550559e+00
995,2.667370e-17,1.070628e-04,7.271232e-06,5.368212e-04,1.401573e+00,-4.800228e-01,8.747537e+00
996,3.158405e-17,1.119983e-04,1.076196e-05,5.328975e-04,4.363312e-01,-5.108305e-01,6.739722e+00
997,2.258810e-17,1.016433e-04,1.328401e-05,5.458494e-04,-5.668067e-01,-6.323126e-01,4.571669e+00
998,1.992690e-18,1.186963e-04,2.192364e-05,5.458195e-04,-3.936779e-01,6.489628e-02,1.139228e-01
999,2.301626e-18,1.195424e-04,1.568151e-06,5.449050e-04,1.511230e-01,1.021755e-01,9.967032e-01
1000,2.326667e-18,8.183597e-05,4.765381e-06,5.128464e-04,-1.805238e+00,-2.092164e-01,1.045065e+01
1001,1.540042e-17,9.289939e-05,1.171506e-05,5.225500e-04,5.700680e-02,-4.987282e-01,6.576870e+00
1002,1.804816e-18,8.900198e-05,1.322058e-05,5.134898e-04,-1.260171e-01,-7.907705e-02,5.958212e+00
1003,1.573132e-18,8.437186e-05,9.373164e-06,5.203987e-04,7.561213e-02,-7.789062e-02,1.588382e+00
1004,1.055140e-16,5.501953e-05,-5.192062e-06,5.481914e-04,-1.555002e+00,1.731489e+00,1.667265e+01
1005,1.289758e-18,7.187343e-05,-1.251084e-05,5.367210e-04,1.086159e-01,1.057974e-01,6.979073e+00
1006,3.100560e-18,5.937369e-05,-1.719406e-05,5.312689e-04,-4.162423e-02,-1.598986e-01,4.462177e+00
1007,5.381574e-18,5.937354e-05,-1.719301e-05,5.371253e-04,-8.578387e-03,4.272828e-01,4.024912e+00
1008,2.853198e-18,6.249728e-05,-1.406382e-05,5.400370e-04,-1.310126e-01,2.440848e-01,1.846988e+00
1009,1.296915e-16,-5.729926e-07,-5.517354e-06,5.361934e-04,-8.171198e-01,2.308647e+00,1.350853e+01
1010,1.845991e-17,1.689638e-06,-1.916885e-05,5.287434e-04,-4.030627e-01,1.867382e-01,1.928892e+01
1011,5.006805e-17,-2.455798e-06,-2.074496e-06,5.487727e-04,6.785242e-02,5.999169e-01,1.085982e+01
1012,7.777166e-18,1.174918e-06,-1.769586e-05,5.324300e-04,-8.670230e-01,-2.901176e-01,2.893797e+00
1013,2.510865e-17,2.191332e-06,-1.377258e-05,5.439332e-04,1.345759e+00,-1.234134e+00,4.014035e+00
1014,1.379354e-18,7.782245e-07,-9.372336e-06,5.474638e-04,2.511185e-02,-2.466607e-02,-6.186185e-01
1015,2.175586e-17,2.607806e-06,-1.139742e-05,5.138242e-04,-6.411896e-01,-4.504320e-02,8.370438e+00
1016,4.498422e-17,-1.058879e-06,-2.623795e-05,5.149467e-04,-1.079349e+00,8.637372e-01,4.469710e+00
1017,3.575557e-18,-2.265603e-05,-2.421623e-05,5.334104e-04,-5.759251e+00,-2.557363e+00,1.524970e+01
1018,3.396269e-17,-2.243065e-05,-2.399397e-05,5.335603e-04,-5.476764e+00,-2.505304e+00,1.490046e+01
1019,1.209532e-17,-1.253928e-07,-2.646100e-05,5.439232e-04,7.572133e-01,-6.529828e-02,7.295686e+00
1020,1.253762e-16,-1.002063e-05,-2.206573e-06,5.311799e-04,-2.059591e-01,4.551248e-01,6.375515e+00
1021,2.272374e-18,-9.268253e-06,-1.712204e-05,5.319970e-04,1.353629e-01,5.616609e-01,1.265491e+01
1022,8.623235e-17,-1.652516e-05,-6.131607e-06,5.365130e-04,-1.730017e-01,-5.841886e-02,4.280550e+00
1023,2.279728e-18,-1.396940e-05,-1.020892e-05,5.311069e-04,7.359971e-01,1.772679e-01,7.967476e+00
1024,2.147125e-18,-1.874811e-05,-1.874897e-05,5.370654e-04,2.420716e-02,1.978166e-02,3.922539e+00
1025,6.547528e-18,-1.136092e-05,-1.953878e-05,5.301017e-04,1.781748e+00,1.362097e-02,4.505228e+00
1026,4.198161e-18,-1.559891e-06,-1.562357e-05,5.488639e-04,8.679566e-02,-1.278759e-01,5.638076e+00
1027,3.051562e-18,-1.016033e-05,-1.796928e-05,5.489612e-04,-2.755473e-02,2.182932e-01,4.406423e+00
1028,5.592947e-18,-1.564007e-05,9.354677e-06,5.451348e-04,2.623363e-01,8.671548e-01,3.124698e+01
1029,6.805048e-18,-1.562775e-05,9.280539e-06,5.357075e-04,-2.703025e-01,6.678730e-01,2.759840e+01
1030,1.095836e-17,-1.797485e-05,4.396855e-06,5.459300e-04,6.861514e-03,2.141103e-02,1.074155e+01
1031,8.757873e-17,-1.034346e-05,1.392507e-05,5.404319e-04,1.789080e+00,1.026642e+00,7.721227e+00
1032,4.029207e-17,-3.023648e-06,1.681289e-05,5.455826e-04,-4.140457e-01,1.134855e+00,6.499350e+00
1033,3.889688e-18,-1.171950e-05,7.816326e-06,5.255349e-04,-4.203832e-02,-4.507497e-02,4.933256e+00
1034,1.086861e-18,-2.343182e-05,9.382152e-06,5.410251e-04,-1.683264e-02,4.560884e-03,7.755028e+00
1035,3.649217e-18,-7.813506e-06,1.942539e-05,5.255145e-04,1.183740e-01,-1.148483e+00,7.932027e+00
1036,1.643394e-18,-7.809049e-06,2.047055e-05,5.273920e-04,-4.668999e-02,-9.487035e-01,5.245822e+00
1037,2.520433e-18,-1.170781e-05,7.819618e-06,5.319215e-04,3.681228e-01,1.017339e-01,5.427392e+00
1038,1.392311e-18,-1.875109e-05,1.563259e-05,5.417864e-04,2.449978e-02,-6.218730e-02,-1.489918e-01
1039,4.123024e-17,-1.217647e-05,-9.788236e-06,5.085136e-04,-4.612491e-01,1.085858e-01,3.890994e+00
1040,1.132341e-16,-1.433586e-05,-1.273672e-05,5.024101e-04,-3.609548e-01,2.095385e+00,5.041174e+00
1041,2.902893e-17,-1.241395e-05,-3.931426e-06,5.095313e-04,2.522419e-02,2.796842e-01,1.402295e+01
1042,2.160957e-17,-5.443260e-06,-1.655627e-05,5.107222e-04,4.392153e-01,-3.422429e-01,9.356932e+00
1043,3.549351e-17,-1.735756e-05,1.799983e-06,5.240843e-04,2.500890e-01,2.642475e-01,4.879956e+00
1044,2.503646e-17,-8.592320e-06,-1.094547e-05,5.206140e-04,6.765526e-01,9.879464e-01,5.540774e+00
1045,1.948816e-17,-1.506795e-05,-1.499804e-05,5.239433e-04,9.876025e-01,-4.969601e-01,3.245760e+00
1046,1.078259e-17,-6.244323e-06,-1.966651e-05,5.235271e-04,1.452976e-01,-2.009738e+00,1.467151e+00
1047,1.037895e-18,-1.797331e-05,-3.909277e-06,5.043052e-04,2.513502e-01,9.365044e-02,1.175857e+00
1048,1.647409e-16,-1.566050e-05,6.155209e-06,5.112586e-04,2.414175e+00,-1.022959e+00,1.213605e+01
1049,4.298332e-17,-7.457598e-06,1.290220e-05,5.093764e-04,2.640825e+00,5.972882e+00,2.082291e+01
1050,4.899724e-18,-1.560259e-05,9.045094e-06,5.230917e-04,2.239978e-01,3.909317e-01,1.711257e+01
1051,2.003082e-18,-1.573531e-05,1.093619e-05,5.022205e-04,9.750857e-01,-5.189961e-01,1.675346e+01
1052,9.473444e-18,-1.092719e-05,9.016621e-06,5.030398e-04,7.266924e-01,1.251890e+00,1.161552e+01
1053,7.128037e-18,-2.188439e-05,1.053300e-05,5.058158e-04,-3.408825e-02,-1.188902e+00,1.309985e+01
1054,2.900951e-17,-1.250640e-05,1.563459e-05,5.162870e-04,1.969748e-01,-3.024225e-01,6.033402e+00
1055,4.604698e-17,-5.929658e-06,2.080823e-06,5.009352e-04,1.305892e+00,7.666698e-01,2.804670e+00
1056,1.130398e-17,-1.617349e-05,1.681818e-05,5.123481e-04,-5.750889e-02,-2.871795e+00,-3.512344e-01
1057,1.858547e-17,-6.717177e-06,-4.078083e-05,5.148309e-04,-4.012507e-01,7.188599e-01,4.328064e+00
1058,8.888825e-17,-6.487482e-06,-4.091255e-05,5.148634e-04,-4.952915e-01,5.459729e-01,4.207657e+00
1059,5.223088e-18,-1.250042e-05,-4.309039e-05,5.256629e-04,1.813785e-01,-1.951647e-02,5.760499e+00
1060,3.975081e-17,-1.503803e-05,-2.856584e-05,5.144895e-04,6.150644e-01,-6.854618e-01,4.825194e+00
1061,7.082585e-18,-1.947035e-05,-4.256389e-05,5.052283e-04,5.921848e-02,-1.772994e+00,4.220539e+00
1062,3.005185e-17,-1.719156e-05,-4.874188e-05,5.055214e-04,-2.266567e-01,1.661003e+00,6.597689e+00
1063,4.149033e-18,-1.255408e-05,-4.217329e-05,5.087643e-04,6.155021e-02,6.533396e-01,4.234850e+00
1064,1.431796e-18,-1.562361e-05,-2.968520e-05,5.219162e-04,-4.759553e-02,-2.024081e-01,5.155208e+00
1065,2.333553e-16,5.614175e-05,-5.507048e-06,4.913693e-04,1.521013e+00,-1.723593e+00,3.948010e+00
1066,3.040187e-17,6.849414e-05,-9.659259e-06,4.943999e-04,-1.124525e+00,6.308401e-01,1.842313e+01
1067,4.056771e-17,7.215355e-05,-1.664025e-06,4.919431e-04,-2.073068e-01,-1.601369e-01,1.006416e+01
1068,7.454413e-17,6.797845e-05,-4.412007e-06,4.877989e-04,9.452374e-01,6.983158e-01,7.169679e+00
1069,3.149513e-18,7.344871e-05,-3.891905e-06,4.985758e-04,-5.803250e-01,-8.840802e-01,1.137263e+01
1070,6.009903e-18,5.469078e-05,-9.374957e-06,4.970508e-04,-8.826027e-02,-1.574658e-02,7.449978e+00
1071,1.521347e-17,6.272824e-05,-6.579114e-06,4.777040e-04,-5.184650e-01,4.315753e+00,1.110813e+00
1072,3.375963e-17,5.610284e-05,-2.400445e-05,4.990588e-04,-4.559850e-02,2.602374e-03,7.011043e-01
1073,8.563205e-18,6.303298e-05,-8.596279e-06,4.895848e-04,1.356813e+00,7.788919e-01,3.828665e+00
1074,2.605093e-19,6.210939e-05,-1.952759e-06,4.825611e-04,-9.407990e-01,8.660910e-01,1.778241e+00
1075,2.807424e-18,7.254630e-05,-6.615601e-07,4.856141e-04,-1.093649e+00,2.857973e+00,1.027720e+01
1076,1.393699e-18,6.640764e-05,-5.078160e-06,4.817899e-04,-3.437943e-01,-8.196836e-01,6.205771e+00
1077,9.162093e-19,7.356311e-05,-4.814899e-06,4.903658e-04,-5.436839e-02,-4.518877e-01,8.395576e+00
1078,1.149572e-17,7.270080e-05,-3.101849e-06,4.770135e-04,6.531627e-01,-7.741878e-01,2.426247e-01
1079,3.592732e-19,7.304686e-05,-1.954481e-06,4.880118e-04,-1.138913e+00,-1.189700e+00,1.056835e+01
1080,3.048356e-19,7.226529e-05,-1.953402e-06,4.872371e-04,2.723394e-01,7.454991e-01,1.062704e+01
1081,4.476216e-18,7.344063e-05,-4.710705e-06,4.872203e-04,-4.664289e-02,7.232812e-02,7.550073e+00
1082,3.166795e-17,6.059408e-05,-2.401994e-05,4.853810e-04,-9.807744e-03,-3.442486e-03,5.222108e-01
1083,4.979305e-17,5.287070e-05,1.447287e-05,4.923980e-04,1.303008e+00,-6.054153e-01,1.077405e+01
1084,4.778587e-18,6.013552e-05,4.565916e-06,4.894122e-04,-3.255773e-02,-4.875443e-01,3.928423e+00
1085,3.420961e-18,6.799382e-05,1.799259e-05,4.887765e-04,-4.815345e-01,-7.386431e-01,5.930798e+00
1086,2.269504e-18,6.172413e-05,1.828006e-06,4.981344e-04,1.182996e-02,-1.401321e+00,5.004322e+00
1087,4.484434e-18,6.328210e-05,1.562880e-06,4.856420e-04,2.921813e-01,1.784263e-02,2.909566e+00
1088,2.048536e-17,5.101786e-05,1.369087e-05,4.809438e-04,1.663847e-01,-3.294331e-01,7.673087e+00
1089,3.700348e-18,6.640866e-05,3.126370e-06,4.985279e-04,2.788498e-01,1.239849e-01,1.925443e+00
1090,1.646580e-18,6.797558e-05,1.718203e-05,4.787047e-04,1.024165e-01,4.176118e-01,5.687678e-02
1091,6.826708e-19,7.304690e-05,-1.953050e-06,4.736834e-04,1.379785e+00,8.072879e-02,2.424816e-01
1092,2.658538e-19,1.523625e-05,1.910142e-04,4.747823e-04,5.365612e-02,-9.972690e-01,-2.046335e+00
1093,2.438486e-19,1.289039e-05,1.949171e-04,4.724559e-04,-6.735609e-01,-5.643663e-01,-4.397137e-01
1094,2.632030e-19,1.289561e-05,1.957043e-04,4.708905e-04,-1.399939e+00,-1.980558e+00,1.501207e+00
1095,4.054995e-19,-1.953954e-06,1.636718e-04,4.747658e-04,2.487253e+00,-1.474219e+00,-3.977570e+00
1096,5.037901e-19,5.078161e-06,1.703156e-04,4.732071e-04,7.776237e-01,1.381093e+00,-5.469866e-01
1097,1.449878e-18,5.494300e-06,1.710787e-04,4.763374e-04,1.685385e+00,4.821261e-01,1.381411e+00
1098,9.204496e-17,-1.749406e-05,2.164714e-04,5.021054e-04,1.604985e-02,8.920366e-01,9.573484e+00
1099,1.400435e-17,-2.020289e-05,2.252356e-04,5.035162e-04,-1.319074e+00,4.876218e-01,3.967114e+00
1100,6.580748e-17,7.357288e-06,2.122674e-04,4.852179e-04,4.125501e-01,2.571708e+00,2.970314e+00
1101,9.117924e-17,-1.028999e-05,2.248436e-04,4.782689e-04,-1.270416e+00,1.448646e-01,1.054155e+00
1102,7.220697e-17,8.993841e-06,2.229291e-04,4.992684e-04,-3.481718e-02,-4.749780e-01,8.842470e+00
1103,2.518113e-17,1.006058e-05,2.039773e-04,4.910222e-04,8.615418e-01,5.069661e-02,9.372182e+00
1104,4.405494e-18,4.689552e-06,2.210819e-04,4.880384e-04,-3.487376e+00,-1.391736e+00,4.390173e+00
1105,6.048729e-18,1.170439e-05,2.164183e-04,4.963411e-04,2.309230e-02,-8.942549e-02,6.512769e+00
1106,2.924587e-18,7.818918e-06,2.039041e-04,4.861111e-04,1.778238e-01,2.254808e-01,7.903712e+00
1107,3.183522e-18,5.528274e-06,2.021988e-04,4.817019e-04,5.808834e-01,-1.280908e+00,3.590502e+00
1108,3.133701e-18,5.392292e-06,2.132833e-04,4.928546e-04,6.122525e-01,2.956069e-01,4.265787e+00
1109,1.283352e-16,3.607298e-06,2.059991e-04,5.044494e-04,-4.762256e-01,6.475848e-01,3.971126e+00
1110,2.401063e-17,1.164301e-05,2.042907e-04,4.805782e-04,-7.775659e-01,-1.125463e+00,2.614284e+00
1111,4.578862e-18,9.376803e-06,2.234393e-04,4.873639e-04,1.135391e-01,-4.122321e-01,4.785381e+00
1112,4.751141e-18,4.799556e-06,2.195431e-04,4.961788e-04,1.339305e+00,-2.602015e-01,3.422059e+00
1113,1.857854e-17,1.928072e-05,2.224806e-04,4.779194e-04,1.911021e+00,2.536634e-01,1.971800e+00
1114,1.378813e-18,9.359274e-06,2.211612e-04,4.810177e-04,-1.488650e-01,-8.807441e-03,3.172116e+00
1115,3.499669e-17,2.151870e-05,2.153459e-04,4.833452e-04,8.465956e-01,-5.398760e-01,-1.754359e-01
1116,1.487447e-18,6.245971e-06,2.070441e-04,4.927031e-04,5.870929e-02,-2.328319e-01,1.557887e+00
1117,4.757312e-18,1.058744e-05,2.164301e-04,4.813870e-04,5.616432e-01,-7.907879e-02,9.869747e-01
1118,1.147694e-18,7.967816e-06,2.040002e-04,4.817914e-04,4.925696e-01,-7.279948e-01,5.695911e+00
1119,3.866702e-17,-1.650041e-05,2.172790e-04,4.821970e-04,6.270615e-02,-1.277163e+00,3.745754e+00
1120,6.201506e-17,-4.346300e-06,2.220471e-04,4.894405e-04,-2.306666e+00,2.904676e-02,3.575436e+00
1121,3.792796e-17,-3.993083e-06,2.039553e-04,4.994459e-04,-2.452505e-01,-1.220074e+00,1.444399e+01
1122,1.354697e-17,-4.246367e-06,2.022284e-04,4.949595e-04,-5.125558e-01,-3.384063e+00,1.444244e+01
1123,2.151125e-17,-7.810027e-06,2.120293e-04,4.924548e-04,2.416053e+00,2.717384e+00,4.111926e+00
1124,2.722307e-19,-1.757829e-05,2.136722e-04,4.903991e-04,-3.652200e-02,-8.451852e-01,6.608015e+00
1125,3.076220e-18,-9.380596e-06,2.046882e-04,4.947024e-04,3.447901e-01,8.700017e-01,5.732347e+00
1126,2.481964e-18,-1.873074e-05,2.163771e-04,4.939357e-04,-1.197386e-01,-2.567546e-01,9.714445e+00
1127,1.283972e-17,-1.329222e-05,2.137842e-04,4.887937e-04,2.001937e-01,-2.038539e+00,4.540867e+00
1128,8.365066e-19,-7.176223e-06,2.087212e-04,4.997197e-04,-2.145167e-01,6.155072e-01,2.744688e+00
1129,2.086185e-17,-9.450793e-06,2.166139e-04,4.814914e-04,-1.244698e+00,1.326108e-01,1.250883e+00
1130,4.186459e-18,-2.342378e-06,2.148458e-04,4.981252e-04,-1.984548e-02,5.760491e-04,3.112688e+00
1131,1.582637e-17,-1.619152e-05,2.029744e-04,4.776354e-04,4.279906e-01,-1.428429e+00,2.255605e-01
1132,1.357922e-18,-1.874586e-05,2.164201e-04,4.904136e-04,-1.852903e-01,-1.129469e-01,8.721199e+00
1133,3.922828e-18,-7.026065e-06,2.085913e-04,4.848848e-04,1.388824e-02,1.241476e-01,1.012393e+00
1134,5.500187e-19,-3.904723e-07,2.218295e-04,4.872302e-04,-1.314431e+00,-2.845925e-01,5.481374e+00
1135,3.665699e-18,-1.799706e-05,2.132300e-04,4.807492e-04,3.397366e-01,-8.099173e-01,2.801707e+00
1136,1.908629e-17,2.421823e-05,2.317181e-04,4.979719e-04,-3.829305e-03,4.260845e-01,1.634561e+00
1137,6.884380e-17,2.366482e-05,2.320029e-04,4.978810e-04,3.027063e-01,3.587591e-01,1.388859e+00
1138,1.034892e-16,-1.373023e-05,2.424659e-04,4.936020e-04,-6.853333e-02,3.644766e-01,6.633068e+00
1139,4.545730e-17,-2.391341e-05,2.422706e-04,4.955840e-04,-8.748161e-03,-8.280832e-02,5.774444e-01
1140,1.579185e-18,-8.441835e-06,2.289106e-04,4.851920e-04,2.528154e-02,-5.121304e-01,-4.582646e-01
1141,3.432786e-17,-1.117095e-05,2.373030e-04,4.894929e-04,-1.957300e+00,-9.551980e-02,8.058588e+00
1142,3.862978e-17,-6.263663e-07,2.291618e-04,4.886879e-04,-2.863334e+00,-1.295719e+00,5.098410e+00
1143,1.500921e-17,-1.250934e-05,2.428708e-04,4.842146e-04,-2.617268e-01,-7.035816e-01,7.075091e+00
1144,2.102823e-18,-1.867102e-05,2.496101e-04,5.038285e-04,3.920980e-01,2.746310e-01,1.871042e+01
1145,9.144352e-18,-7.829540e-07,2.265628e-04,4.981802e-04,-4.691444e-02,-7.797098e-02,8.094518e+00
1146,1.188627e-18,-1.349355e-05,2.334041e-04,4.917742e-04,-2.466732e-01,-9.142478e-02,3.338776e+00
1147,2.642579e-18,-1.806925e-05,2.496098e-04,4.991494e-04,8.782379e-01,2.065678e-01,1.646455e+01
1148,8.608390e-18,-1.645587e-05,2.496091e-04,4.863795e-04,-6.794820e-01,2.368362e-01,8.579240e+00
1149,2.680908e-18,-7.281247e-07,2.327828e-04,4.829609e-04,-2.471147e+00,-6.081834e-02,4.016983e+00
1150,9.478642e-19,-2.484257e-06,2.365651e-04,4.771121e-04,-1.385873e-01,1.032359e-01,8.967619e-01
1151,2.802840e-18,-1.575856e-06,2.265611e-04,4.829319e-04,1.576651e-01,-3.320094e-02,3.342613e+00
1152,1.282600e-17,-7.533702e-06,2.277288e-04,5.035987e-04,6.629761e-01,-6.805386e-01,5.949426e+00
1153,1.219558e-17,-5.510397e-06,2.468321e-04,4.948816e-04,-1.048422e-01,6.926265e-02,2.033103e+00
1154,6.015141e-18,-9.032368e-06,2.374449e-04,4.848914e-04,-7.820980e-01,1.179937e-01,9.110684e+00
1155,1.039674e-17,-1.658727e-05,2.356675e-04,4.879879e-04,3.346955e-01,8.619527e-02,1.493409e+00
1156,2.555014e-18,-1.799807e-05,2.496093e-04,4.935392e-04,-1.264475e+00,1.694633e-01,1.096589e+01
1157,5.767857e-19,-4.652570e-06,2.496080e-04,4.927088e-04,1.220459e-01,4.752066e-01,2.448899e+00
1158,1.081250e-18,-1.640801e-05,2.496110e-04,4.782924e-04,-1.153268e-01,1.484823e-01,5.167564e+00
1159,9.568999e-18,-2.419034e-05,2.491949e-04,4.911520e-04,-2.709204e-02,-3.736067e-02,1.441148e+00
1160,6.445773e-17,6.188582e-06,2.299040e-04,4.850333e-04,-1.829703e+00,-4.483856e-01,5.696905e+00
1161,6.640554e-19,7.782394e-07,2.496095e-04,4.786659e-04,-7.886664e-02,2.903577e-01,-3.146295e+00
1162,5.553122e-18,8.485945e-07,2.293586e-04,4.979037e-04,-2.946892e-01,-9.027509e-01,8.317817e+00
1163,2.017835e-17,1.644338e-05,2.457717e-04,4.920898e-04,-4.627934e-01,-4.750854e-01,6.593468e+00
1164,2.889136e-17,5.181332e-06,2.370250e-04,4.859313e-04,-2.605439e-01,-7.231944e-01,6.523144e+00
1165,7.211578e-19,1.562367e-05,2.496038e-04,4.958647e-04,5.635653e-02,2.492436e-01,8.159371e+00
1166,2.631539e-18,1.641808e-05,2.496093e-04,5.028236e-04,-4.757512e-01,-4.009711e-02,7.895429e+00
1167,3.811424e-18,1.247108e-05,2.265884e-04,4.976958e-04,-8.977476e-01,-9.493374e-01,1.410102e+00
1168,1.470722e-17,1.610783e-05,2.407449e-04,4.787901e-04,-3.458990e-01,2.307675e-01,1.294116e+00
1169,5.695109e-18,8.592940e-06,2.296832e-04,4.958233e-04,1.140003e-03,-1.184638e-01,1.864329e+00
1170,1.850884e-17,1.177252e-06,2.397605e-04,4.768691e-04,6.457112e-01,2.632172e-01,7.893966e-01
1171,1.334507e-17,8.193357e-06,2.367295e-04,4.910682e-04,-1.096300e+00,-1.829526e-01,-8.106218e-01
1172,1.274698e-18,5.478380e-06,2.277343e-04,4.782649e-04,-2.335060e+00,-9.221008e-01,2.195070e+00
1173,3.428964e-19,5.078423e-06,2.269538e-04,4.771133e-04,1.849489e+00,-1.741733e+00,1.608100e+00
1174,2.862814e-18,1.595777e-06,2.327974e-04,4.806517e-04,2.315270e-01,-6.929257e-01,4.132660e+00
1175,5.508977e-19,5.454879e-06,2.386714e-04,4.802392e-04,-8.446808e-01,-4.845364e-01,4.073990e+00
1176,1.376860e-18,5.400017e-06,2.378902e-04,4.784896e-04,-8.075008e-02,-7.515275e-01,2.710972e+00
1177,3.963004e-18,4.692915e-05,-5.458196e-06,4.776544e-04,-1.040679e-01,4.553891e+00,1.551812e+00
1178,7.668350e-18,4.767127e-05,-1.728497e-05,4.738601e-04,-1.816825e-01,7.466043e-01,1.322225e+00
1179,3.108337e-19,4.882349e-05,-1.679998e-05,4.701097e-04,2.044116e+00,1.551601e+00,-1.770232e+00
1180,1.206989e-17,3.526060e-05,1.484435e-05,4.735335e-04,3.438476e+00,1.038504e-01,-2.340594e+00
1181,5.959452e-18,2.732062e-05,4.458103e-06,4.767489e-04,-9.084167e-01,-2.424666e+00,5.838573e+00
1182,5.922516e-19,2.695334e-05,5.077784e-06,4.736086e-04,2.790546e-01,-1.223153e+00,5.382703e+00
1183,3.327042e-19,2.695409e-05,5.857808e-06,4.724267e-04,-6.851678e-01,-1.478709e+00,2.374305e+00
1184,6.530239e-19,4.882744e-05,1.289089e-05,4.728799e-04,-2.259587e+00,3.216321e-01,-2.441155e+00
1185,1.513634e-18,4.685728e-05,9.424236e-06,4.755620e-04,-3.060867e-01,2.272853e-02,2.334836e+00
1186,1.102478e-18,3.359716e-05,2.341928e-06,4.771077e-04,-1.622010e-01,3.838462e-01,7.782862e-01
1187,5.309173e-17,4.380948e-05,-2.385714e-05,4.910872e-04,-9.839073e-02,-3.348201e-03,4.760905e-01
1188,1.106200e-16,2.570707e-05,-1.574127e-05,4.891834e-04,2.350965e+00,-1.910947e-01,1.014464e+01
1189,1.563661e-17,4.704879e-05,-1.998822e-05,4.936301e-04,7.360244e-01,-1.392236e+00,1.856351e+01
1190,3.080200e-18,4.686963e-05,-7.910351e-06,4.839299e-04,-4.542296e-03,1.499625e+00,8.324857e+00
1191,7.547444e-17,3.671816e-05,-2.301460e-06,4.967233e-04,-7.910141e-01,1.407341e+00,5.240795e+00
1192,2.590562e-17,3.347478e-05,1.918218e-08,5.000382e-04,3.590219e-01,-2.325127e+00,5.307800e+00
1193,2.838469e-17,3.763317e-05,-9.127600e-06,4.914934e-04,2.877958e-01,1.839684e+00,3.802368e+00
1194,1.323674e-18,2.881259e-05,-1.414401e-05,4.811762e-04,-1.553907e-01,1.481220e-01,4.944785e+00
1195,6.491109e-18,4.771142e-05,-1.791437e-05,4.879826e-04,-8.407557e-01,2.477742e+00,1.617505e+01
1196,4.612932e-17,4.592805e-05,-2.392801e-05,4.809835e-04,-5.440369e-02,-5.333337e-03,7.479165e-01
1197,1.193058e-17,3.397531e-05,-1.970425e-05,4.803804e-04,-1.102905e+00,1.562140e-01,1.472855e+00
1198,1.027507e-17,4.688548e-05,-1.167051e-05,4.896564e-04,-3.788803e-01,-7.602435e-01,9.584221e+00
1199,1.173990e-17,4.661677e-05,-1.250658e-05,4.982350e-04,4.025807e-01,-1.510965e-02,1.388454e+01
1200,2.543037e-19,2.460706e-05,-1.680408e-05,4.942995e-04,-1.020605e+00,-2.351820e+00,8.617329e+00
1201,5.545003e-19,2.460899e-05,-1.523608e-05,4.829703e-04,-9.014407e-02,9.325266e-01,1.453749e+01
1202,1.368135e-18,4.296650e-05,-3.908499e-06,4.989188e-04,-3.272322e-02,-1.926026e-01,2.175409e+00
1203,2.111019e-18,2.428692e-05,-1.445478e-05,4.804880e-04,5.744102e-03,1.739897e-01,1.103629e+01
1204,3.615244e-18,2.419445e-05,-1.367375e-05,4.849465e-04,6.843271e-01,1.550439e+00,1.579425e+01
1205,5.634980e-18,2.656174e-05,1.345717e-07,4.981697e-04,1.738054e-01,4.198056e-02,8.044797e-01
1206,2.027363e-18,4.218414e-05,3.127810e-06,4.977460e-04,1.146340e-01,-2.679299e-02,-5.397012e-01
1207,1.814059e-18,4.204649e-05,9.460385e-06,5.003681e-04,-1.847981e+00,1.057676e+00,1.517223e+01
1208,3.552388e-18,2.470368e-05,4.633046e-06,4.870482e-04,-2.575379e+00,3.306185e-01,1.369084e+01
1209,1.292702e-18,4.431663e-05,9.571228e-06,4.948540e-04,5.553886e-01,-5.087227e-01,9.300386e+00
1210,1.736239e-17,4.688927e-05,9.369446e-06,4.853837e-04,1.288066e-01,1.900925e-01,7.739161e+00
1211,6.964743e-18,3.901274e-05,1.329488e-05,4.896408e-04,1.861182e-01,1.905675e-01,6.482649e+00
1212,8.620173e-18,4.542082e-05,1.643045e-06,4.878597e-04,2.072631e-01,-3.142004e-02,2.820670e+00
1213,1.432160e-18,3.359217e-05,3.911242e-06,4.934659e-04,1.736787e-01,-8.146118e-02,4.243150e+00
1214,4.422006e-18,3.906856e-05,1.328556e-05,4.801622e-04,4.462724e-01,-2.256610e-01,2.709842e+00
1215,2.114612e-17,3.157224e-05,5.342032e-06,4.828602e-04,5.178282e-01,-1.424305e+00,7.961457e-01
1216,9.790580e-18,3.442427e-05,9.941600e-06,4.911911e-04,-3.342771e-01,-5.514630e-01,1.375256e+00
1217,2.496658e-17,4.119619e-05,2.408707e-05,4.859177e-04,-5.299470e-02,-3.829709e-03,8.754379e-01
1218,2.083914e-18,2.539144e-05,5.482429e-06,4.825994e-04,-6.741301e-01,-1.221463e+00,1.011166e+01
1219,2.374814e-19,4.492221e-05,1.171922e-06,4.817781e-04,-4.659822e-01,1.344721e-01,2.624700e+00
1220,1.300624e-17,2.913262e-05,2.426578e-05,4.993567e-04,2.453348e-03,1.973899e-02,9.770479e-01
1221,3.417621e-17,2.903833e-06,-2.194576e-04,5.235506e-04,2.726377e+00,-1.297754e+00,9.185708e+00
1222,3.727997e-17,1.531848e-05,-2.128603e-04,5.038411e-04,1.658429e+00,-6.871079e-02,4.353719e+00
1223,2.079908e-16,3.739286e-06,-1.980623e-04,5.055254e-04,9.150650e-01,4.283394e-01,1.065164e+01
1224,5.145416e-17,1.753026e-05,-1.982176e-04,5.031388e-04,-5.729234e-01,5.357986e-01,1.388287e+01
1225,3.254823e-17,7.705591e-06,-2.180330e-04,5.202592e-04,-2.576514e-01,-2.087323e+00,7.767744e+00
1226,1.176345e-16,8.098166e-06,-2.263716e-04,5.102880e-04,-3.540387e-02,-5.543568e-01,8.941367e+00
1227,4.966444e-18,3.890740e-06,-2.117063e-04,5.188203e-04,-8.821532e-01,-4.651300e-02,7.972118e+00
1228,4.662270e-17,4.005085e-06,-2.175764e-04,5.000578e-04,6.149372e-01,-1.978583e-01,4.761713e+00
1229,2.383458e-18,3.895917e-06,-2.117146e-04,5.108303e-04,-1.770014e-02,-2.512739e-01,7.803749e+00
1230,4.520719e-18,5.466714e-06,-2.062539e-04,5.182363e-04,-1.641993e-01,-1.339121e-01,9.034887e+00
1231,1.667710e-18,7.805437e-06,-2.140612e-04,5.104966e-04,3.262821e-01,-2.658635e-02,4.947525e+00
1232,3.334215e-17,2.199604e-05,-2.149945e-04,5.229059e-04,9.737639e-01,4.743844e-01,3.468944e+00
1233,1.199933e-18,1.406588e-05,-2.156255e-04,5.249674e-04,-8.113621e-02,-5.452421e-02,4.282443e+00
1234,2.584522e-17,1.305708e-05,-2.371642e-04,5.200660e-04,1.022459e+00,-6.309970e-01,1.318366e+01
1235,2.654007e-18,1.013986e-05,-2.312510e-04,5.253196e-04,-2.556273e-01,-2.736116e-02,1.817886e+01
1236,1.666419e-16,1.318736e-05,-2.373622e-04,5.198386e-04,1.102514e+00,-4.122956e-01,1.359413e+01
1237,2.603529e-17,2.037255e-05,-2.293189e-04,5.112553e-04,2.720343e+00,-1.968308e-01,2.112810e+01
1238,4.034668e-17,5.075164e-07,-2.277834e-04,5.188945e-04,-2.206357e-01,-1.609543e-01,1.264994e+01
1239,2.548518e-18,1.639359e-05,-2.297004e-04,5.040784e-04,-2.173105e-02,-7.091456e-01,1.606057e+01
1240,3.913178e-17,-2.136965e-06,-2.420004e-04,5.253952e-04,7.753941e-01,-2.231827e+00,2.068583e+01
1241,1.489765e-17,1.561910e-06,-2.492188e-04,5.070108e-04,3.421351e-01,2.010045e-01,8.352809e+00
1242,7.010992e-17,1.821150e-06,-2.486012e-04,5.066550e-04,3.019018e-01,2.493890e-01,8.193604e+00
1243,1.388474e-17,1.101074e-05,-2.313080e-04,5.077162e-04,8.948304e-01,2.094435e-02,1.345966e+01
1244,1.707230e-17,2.318171e-06,-2.342410e-04,5.202355e-04,3.030222e-02,-5.557499e-01,1.065753e+01
1245,3.201067e-18,1.559937e-06,-2.273424e-04,5.085371e-04,1.617745e-01,-6.907580e-01,9.219267e+00
1246,5.184961e-18,2.854197e-06,-2.374998e-04,5.147851e-04,2.435362e-01,9.900764e-02,8.935735e+00
1247,7.750218e-19,7.157157e-06,-2.412700e-04,5.150893e-04,4.731258e-01,3.979370e-01,8.242614e+00
1248,3.024927e-18,1.015283e-05,-2.496095e-04,5.215938e-04,-1.962868e-01,-1.578352e-02,5.380027e+00
1249,9.805645e-19,7.029492e-06,-2.414132e-04,5.219252e-04,3.158258e-02,2.883324e-02,6.572388e+00
1250,5.305300e-18,7.034049e-06,-2.414054e-04,5.055385e-04,-1.107975e-01,8.695621e-02,7.114615e+00
1251,3.300757e-18,1.100081e-05,-2.445366e-04,5.152552e-04,-2.778972e-02,-1.442495e-02,6.483955e+00
1252,3.443771e-18,1.014716e-05,-2.312467e-04,5.200329e-04,-1.793766e-01,-7.471825e-02,1.693310e+01
1253,6.408671e-18,1.094139e-05,-2.468322e-04,5.071547e-04,-2.479606e-01,6.214982e-01,5.015068e+00
1254,3.727485e-18,1.759992e-05,-2.496089e-04,5.165890e-04,4.109326e-01,-4.840333e-02,5.814424e+00
1255,6.127029e-19,7.834337e-06,-2.496086e-04,5.097116e-04,-3.123283e-01,-3.895496e-01,5.812598e+00
1256,7.370021e-18,1.704444e-05,-2.493427e-04,5.072550e-04,-4.540783e-02,-1.478782e-01,4.789804e+00
1257,5.914838e-19,1.211207e-05,-2.366587e-04,5.044113e-04,-9.190588e-01,3.656843e+00,6.188972e+00
1258,2.060198e-17,1.290887e-05,-2.445320e-04,5.284926e-04,1.645784e+00,-2.244110e+00,1.016285e+01
1259,4.801884e-18,-9.414468e-06,-2.210885e-04,5.284509e-04,6.061268e-02,-1.483035e-01,2.834737e+00
1260,7.144624e-17,-6.870256e-06,-2.263082e-04,5.243346e-04,3.392124e-01,1.251005e+00,1.156030e+01
1261,3.716245e-18,-7.030488e-06,-2.039044e-04,5.230526e-04,-8.926853e-01,6.329603e-01,5.294759e+00
1262,5.924049e-17,-6.871729e-06,-2.045545e-04,5.223262e-04,-7.941644e-01,2.668716e-01,4.992521e+00
1263,3.664399e-18,-1.483795e-05,-2.195303e-04,5.127739e-04,7.132320e-02,-2.020926e-01,3.867804e+00
1264,1.332785e-17,-5.865533e-06,-2.195288e-04,5.026390e-04,-6.953488e-02,2.210098e+00,2.375135e+00
1265,4.138227e-18,-7.812375e-06,-2.156278e-04,5.074335e-04,1.035351e-01,2.639027e-01,4.133052e+00
1266,3.884139e-18,-3.903451e-06,-2.039063e-04,5.051179e-04,1.797761e-01,-1.536316e-02,3.025289e+00
1267,2.982638e-17,-3.904925e-06,-2.492186e-04,5.161918e-04,-5.226278e-01,5.802270e-02,6.497488e+00
1268,6.547665e-18,-3.095656e-06,-2.363712e-04,5.078351e-04,1.419384e+00,-3.178903e-01,1.506853e+01
1269,8.229020e-17,-3.859009e-06,-2.484725e-04,5.157841e-04,-2.881544e-02,3.987277e-03,6.442432e+00
1270,1.182640e-18,-2.736516e-06,-2.380895e-04,5.142878e-04,2.298736e-01,-7.985262e-01,2.108653e+01
1271,8.979004e-18,-7.845071e-06,-2.290105e-04,5.089661e-04,-3.875601e-01,2.289960e-02,1.013847e+01
1272,2.436781e-18,-9.370819e-06,-2.421878e-04,5.246092e-04,1.251035e-02,1.011277e-02,6.437673e+00
1273,1.595179e-17,-1.618401e-05,-2.463934e-04,5.242445e-04,3.960117e-01,-8.121411e-01,4.215236e+00
1274,3.166759e-18,-9.374308e-06,-2.421865e-04,5.047393e-04,1.337375e-01,-3.239001e-02,2.569998e+00
1275,1.405457e-18,-2.344369e-05,-2.496078e-04,5.169517e-04,-4.484209e-02,-1.039502e-01,2.229362e+00
1276,6.772136e-19,-1.562490e-05,-2.496118e-04,5.211973e-04,1.751560e-01,-3.497802e-01,1.356316e+00
1277,2.306469e-17,4.572010e-09,-1.896081e-04,5.144988e-04,4.578483e+00,3.159071e-01,2.206891e+01
1278,9.077547e-17,5.002352e-06,-1.758606e-04,5.032856e-04,-7.303896e-01,-1.031122e-01,8.989032e+00
1279,4.734265e-18,1.406944e-05,-1.945317e-04,5.135444e-04,5.862676e-01,-1.706923e-01,-8.484885e-01
1280,1.323557e-16,4.368174e-06,-1.953686e-04,5.254447e-04,2.028622e+00,2.439133e-01,1.583122e+01
1281,9.583160e-17,-2.056267e-06,-1.908204e-04,5.210394e-04,-7.000174e-01,-1.459700e+00,9.899279e+00
1282,2.701398e-17,2.074332e-05,-1.862880e-04,5.188267e-04,-3.647672e-01,1.153160e+00,4.130760e+00
1283,3.824547e-17,5.259560e-06,-1.887660e-04,5.142409e-04,-1.340028e+00,-5.154857e-01,7.579871e+00
1284,1.227544e-16,1.287304e-05,-1.732089e-04,5.251416e-04,3.656440e-01,-1.878833e-01,6.205044e+00
1285,3.266114e-18,1.177762e-05,-1.875000e-04,5.202840e-04,-9.855738e-03,-6.494196e-03,1.923523e+00
1286,4.196414e-17,1.009991e-05,1.156912e-04,5.026323e-04,4.238670e+00,-1.351800e-02,2.463394e+01
1287,7.975932e-18,7.521700e-07,1.222788e-04,5.013334e-04,1.251970e+00,2.449114e-01,3.231832e+00
1288,3.150813e-18,8.631036e-06,1.039918e-04,5.079307e-04,-6.039731e-01,3.916818e-01,3.304982e+00
1289,7.435188e-18,1.371352e-05,1.179773e-04,5.196939e-04,1.413149e-01,3.462726e-01,7.703749e+00
1290,4.395420e-18,1.655004e-05,1.101317e-04,5.144432e-04,-6.920661e-01,7.580245e-03,3.967636e+00
1291,4.406466e-18,7.811214e-06,1.124999e-04,5.128929e-04,-4.250602e-02,-1.361253e-02,4.082604e+00
1292,2.876115e-18,4.680405e-06,1.093988e-04,5.055104e-04,-1.516655e-01,-1.065618e-01,4.060742e+00
1293,1.827261e-18,1.413009e-05,1.172447e-04,5.032185e-04,-1.627792e-01,3.634016e-01,4.880568e+00
1294,8.487073e-18,8.592076e-06,1.218923e-04,5.070922e-04,1.503420e-01,2.953734e-01,4.352775e+00
1295,2.404839e-18,1.723181e-05,1.101100e-04,5.034273e-04,4.333895e-01,1.449984e-01,6.173340e-01
1296,6.329550e-18,1.893420e-05,1.077971e-04,5.197758e-04,-4.761549e-01,3.690332e-01,1.300094e+00
1297,3.307042e-18,1.562162e-05,8.284641e-05,4.837496e-04,-9.536882e-02,-2.453797e-01,-4.180803e+00
1298,2.954771e-17,5.730246e-08,7.286330e-05,4.969791e-04,-9.046887e-02,6.122242e-01,1.307245e+01
1299,7.648473e-18,6.893283e-06,1.011142e-04,4.824451e-04,-6.659467e+00,2.268572e+00,8.412023e+00
1300,1.143094e-17,1.068201e-05,7.734541e-05,4.964948e-04,-7.586388e-01,-3.789885e-01,7.221108e+00
1301,5.568128e-19,1.211632e-05,9.685607e-05,4.841632e-04,-2.922449e-01,7.349742e-01,-1.027754e-01
1302,1.984905e-17,7.740507e-06,1.000010e-04,4.967748e-04,-2.151545e-01,2.316212e-01,1.216855e+01
1303,3.137233e-17,3.088388e-07,9.831819e-05,4.915954e-04,-1.631214e+00,1.229077e+00,2.705732e+00
1304,2.807041e-17,1.635606e-05,7.869913e-05,4.899628e-04,-7.253663e-03,-1.455907e+00,9.092988e+00
1305,6.628540e-17,1.470194e-05,9.143737e-05,4.963930e-04,-4.390068e-01,-4.495025e-01,4.471261e+00
1306,1.065579e-16,1.021234e-05,7.689482e-05,4.961634e-04,-3.273468e-01,-7.617606e-01,9.241434e+00
1307,4.706710e-18,2.206363e-05,8.511053e-05,4.952658e-04,-1.133240e+00,-9.410739e-01,8.292837e+00
1308,2.838617e-17,2.327027e-06,8.852281e-05,4.982370e-04,-3.803273e-01,4.716377e-01,4.961747e+00
1309,1.159241e-18,-1.674020e-08,7.695318e-05,4.837255e-04,-2.459136e-01,2.522105e-01,8.014350e+00
1310,8.704283e-18,8.492429e-06,7.898944e-05,4.801173e-04,3.980020e-01,1.004968e+00,1.664689e+00
1311,2.424664e-18,2.176997e-08,7.500865e-05,4.876342e-04,-5.378720e-01,1.016913e+00,1.072819e+01
1312,5.672366e-18,4.688694e-06,7.812534e-05,4.981511e-04,-7.115914e-02,5.157922e-02,9.350512e+00
1313,6.035109e-19,5.863067e-06,9.998214e-05,4.919289e-04,-1.351516e+00,5.000969e-01,1.064624e+01
1314,2.880145e-18,-9.830709e-09,7.894375e-05,4.798206e-04,2.949151e-01,3.132559e+00,4.165751e+00
1315,3.207538e-17,1.239521e-05,8.713300e-05,4.783741e-04,-1.390690e+00,9.009149e-02,4.814660e+00
1316,2.448189e-18,1.875114e-05,9.061817e-05,4.821605e-04,4.183099e-02,-1.561019e-01,2.632096e+00
1317,6.046543e-19,7.424540e-06,9.914169e-05,4.794614e-04,-4.319053e+00,-1.439103e+00,8.687056e+00
1318,2.460078e-18,1.717416e-05,9.684698e-05,4.767431e-04,1.158906e-01,-1.564939e-01,6.061594e-01
1319,4.930772e-18,2.343819e-06,9.250192e-05,4.860678e-04,-7.460522e-03,2.547313e+00,2.039490e+00
1320,3.385880e-19,1.524267e-05,8.086030e-05,4.872838e-04,-3.932183e-01,-2.310552e+00,1.196941e+01
1321,7.602468e-19,1.601538e-05,8.032126e-05,4.823371e-04,-8.486812e-01,-1.674344e+00,4.978833e+00
1322,2.801407e-18,1.483578e-05,8.032250e-05,4.792704e-04,6.649921e-01,1.027933e+00,5.168076e+00
1323,1.464584e-18,8.542461e-06,7.805730e-05,4.847943e-04,6.315592e-02,4.939155e-01,3.771336e+00
1324,2.406864e-18,2.460843e-05,7.812441e-05,4.887244e-04,3.593870e-02,6.407861e-03,1.795478e+00
1325,3.821074e-17,2.418465e-05,1.020754e-04,4.922294e-04,-1.070602e-02,-1.330284e-04,1.338895e+00
1326,2.927749e-18,2.460892e-05,9.218732e-05,4.895319e-04,3.328930e-02,-1.943063e-02,2.085053e+00
1327,1.067508e-18,-1.718898e-05,1.007765e-04,4.849514e-04,4.031643e-02,1.779624e-01,-3.762594e+00
1328,1.353090e-18,-7.811802e-06,9.922001e-05,4.849230e-04,-8.976745e-02,-2.274046e-01,-1.527792e+00
1329,3.044439e-17,-9.631290e-06,8.275519e-05,4.949290e-04,3.308357e-01,1.547752e+00,1.861914e+01
1330,3.266897e-18,-1.170264e-05,8.595201e-05,4.978175e-04,1.848131e-01,-7.295741e-01,1.285311e+01
1331,3.788970e-17,-1.417212e-05,9.185189e-05,4.817430e-04,-9.524600e-01,-7.899696e-01,6.471297e+00
1332,1.799429e-18,-1.184781e-05,7.976048e-05,4.920750e-04,1.519850e-01,4.461481e-01,9.297872e+00
1333,1.797205e-17,-1.174814e-05,8.593731e-05,4.898703e-04,-4.570085e-01,2.704414e-01,9.687068e+00
1334,2.932271e-18,-8.596682e-06,8.905925e-05,4.954260e-04,2.450485e-02,-9.505592e-02,2.956141e+00
1335,2.463274e-18,-1.405974e-05,9.374716e-05,4.969951e-04,-1.717190e-01,-4.391684e-01,1.995444e+00
1336,5.197755e-19,-1.093431e-05,8.632774e-05,4.841441e-04,-2.686138e-01,-2.868024e-01,9.743016e+00
1337,2.355738e-17,-2.411427e-05,9.731725e-05,4.944368e-04,2.182046e-02,1.723345e-01,1.508305e+00
1338,1.841627e-18,-2.461071e-05,9.687424e-05,4.853201e-04,-3.688642e-02,-3.981299e-02,1.886231e+00
1339,4.029027e-18,-1.091421e-05,8.677144e-05,4.801171e-04,-2.064182e-01,6.888660e-02,6.384971e+00
1340,2.116025e-17,-2.411419e-05,8.481290e-05,4.885895e-04,3.551471e-03,7.868895e-02,7.697218e-01
1341,1.199408e-17,-2.426250e-05,8.966537e-05,4.981805e-04,-1.907032e-02,-4.797207e-03,1.002202e+00
1342,1.803925e-17,-2.420318e-05,1.021012e-04,4.988618e-04,1.350594e-02,1.585818e-02,1.028505e+00
1343,9.462456e-18,2.427511e-05,1.268518e-04,4.966155e-04,-2.027309e-02,1.318692e-01,1.159382e+00
1344,3.771642e-18,7.817098e-06,1.211408e-04,4.843359e-04,-4.269655e-02,2.915880e-01,1.681508e+00
1345,6.686158e-17,4.355852e-06,1.086373e-04,4.964548e-04,-3.941602e-01,6.500336e-01,1.024632e+01
1346,4.171870e-17,1.393847e-05,1.030402e-04,4.869811e-04,1.198508e+00,1.067206e+00,1.367202e+01
1347,3.253428e-18,4.732710e-06,1.109647e-04,4.846325e-04,-8.105980e-02,-1.909725e-01,7.256345e+00
1348,1.909198e-17,1.017198e-05,1.135934e-04,4.835497e-04,-3.365079e+00,-1.439595e+00,8.181349e+00
1349,2.537551e-19,9.767859e-06,1.035169e-04,4.864780e-04,-2.255456e+00,4.946310e+00,1.131996e+01
1350,3.682106e-19,8.205106e-06,1.027340e-04,4.849155e-04,-5.711751e+00,1.832680e+00,7.454719e+00
1351,9.001074e-19,4.844384e-06,1.095208e-04,4.880225e-04,1.263955e-01,-6.466133e-01,8.630844e+00
1352,5.024570e-17,-2.094467e-06,1.077118e-04,4.901002e-04,1.243259e-02,-4.402917e-01,6.547066e+00
1353,3.037949e-17,1.024834e-05,1.080332e-04,4.789223e-04,3.842750e-01,-2.473737e-01,1.681167e+00
1354,1.653769e-17,1.104302e-05,1.212335e-04,4.755965e-04,1.150892e-01,-2.404838e+00,8.341611e-01
1355,5.127306e-17,1.455487e-05,1.274590e-04,4.870451e-04,-1.303310e+00,-5.406484e-01,8.044289e+00
1356,4.527323e-19,2.735600e-06,1.144525e-04,4.778940e-04,-3.300859e+00,1.934082e+00,5.023664e+00
1357,2.596246e-18,7.818247e-07,1.195236e-04,4.837397e-04,1.875326e-01,5.482550e-02,-1.473074e-01
1358,1.212562e-18,1.132916e-05,1.148567e-04,4.806248e-04,-3.547171e+00,-1.475578e+00,1.029584e+01
1359,6.448803e-19,1.211256e-05,1.148009e-04,4.794805e-04,-2.300329e+00,1.124983e+00,8.826816e+00
1360,5.899613e-19,1.367318e-05,1.019510e-04,4.798961e-04,-2.327312e+00,-2.497100e+00,1.095653e+01
1361,8.115692e-19,1.288905e-05,1.027340e-04,4.786614e-04,1.082244e+00,-2.727361e-01,7.995507e+00
1362,2.877367e-18,1.250742e-05,1.242390e-04,4.922859e-04,-1.251563e-01,-3.040792e-01,2.621023e+00
1363,1.050512e-18,1.326671e-05,1.019527e-04,4.767442e-04,-9.647752e-01,3.394035e-01,3.925001e+00
1364,2.509677e-18,1.333140e-05,1.151606e-04,4.765372e-04,-9.415865e-01,-5.177764e-01,3.364983e+00
1365,1.631405e-17,1.754699e-05,1.046463e-04,4.958397e-04,-2.114489e-01,1.531576e+00,2.980562e-01
1366,8.368195e-19,6.641468e-06,1.078044e-04,4.786815e-04,2.606163e+00,1.885653e-02,3.618379e+00
1367,9.167421e-18,1.205932e-05,-5.985554e-05,5.026891e-04,2.117193e-01,-2.372927e-02,7.325225e+00
1368,3.102181e-17,3.120935e-06,-7.420724e-05,5.002445e-04,-3.780981e-01,-1.960225e-01,1.217988e+01
1369,3.158744e-18,1.409950e-05,-7.091169e-05,5.026800e-04,7.630122e-01,-9.958572e-01,8.495962e-02
1370,5.961031e-17,-7.172083e-06,-6.582357e-05,5.022374e-04,-1.604114e+00,-8.636399e-01,1.604898e+01
1371,1.099353e-18,-7.028915e-06,-7.265578e-05,4.927138e-04,-2.209855e-01,-6.720138e-02,9.480370e-02
1372,3.229773e-17,-1.238695e-05,-6.149687e-05,4.968722e-04,2.206737e+00,-2.032582e+00,5.863025e+00
1373,4.136121e-18,-1.304670e-05,-6.642054e-05,4.979983e-04,-1.988891e+00,-1.149698e+00,5.657767e+00
1374,5.511191e-17,-2.010162e-06,-5.322777e-05,4.952257e-04,-1.550601e+00,-4.148028e-01,5.236623e+00
1375,2.985884e-18,-1.172322e-05,-7.259292e-05,4.928722e-04,6.382018e-02,3.344693e-01,5.124993e+00
1376,4.914856e-17,-1.424531e-05,-6.935175e-05,4.800135e-04,-4.386010e-01,1.381829e+00,4.815544e+00
1377,1.270680e-17,-1.680214e-05,-5.437311e-05,4.833427e-04,-2.496648e+00,8.207596e-01,1.717474e+00
1378,2.971627e-18,-1.574647e-05,-6.556814e-05,4.988848e-04,-3.641071e-01,4.261296e-01,2.463210e+00
1379,1.338646e-17,-2.427195e-05,-6.731454e-05,4.838739e-04,3.482040e-02,2.084979e-02,1.153177e+00
1380,1.258611e-16,3.615240e-06,-6.690975e-05,4.967246e-04,8.600179e-01,-9.388458e-01,9.003697e+00
1381,3.620423e-18,7.877096e-06,-5.170889e-05,4.949137e-04,1.861225e+00,-5.908504e-01,2.064569e+01
1382,1.632725e-17,1.725715e-05,-7.026399e-05,4.977992e-04,5.541433e-01,4.410919e-01,2.176976e+01
1383,3.538645e-18,7.679289e-07,-6.405657e-05,4.915108e-04,7.342815e-01,-4.846778e-01,1.059913e+01
1384,1.019249e-18,2.183995e-06,-6.393725e-05,4.856769e-04,-7.617756e-01,6.425881e-01,9.989541e+00
1385,5.337801e-18,1.715861e-05,-7.031460e-05,4.927841e-04,2.700582e-01,6.574689e-02,2.155324e+01
1386,1.945198e-17,1.801555e-05,-5.398765e-05,4.896104e-04,-7.662860e-02,1.298413e-02,2.701154e+00
1387,2.011804e-18,6.937689e-06,-6.399656e-05,4.780257e-04,3.002622e+00,-1.691564e-01,1.674031e+00
1388,2.793386e-18,1.093901e-05,-5.937947e-05,4.930382e-04,-1.091058e-01,9.620365e-02,1.882476e+00
1389,5.790640e-19,2.351559e-06,-7.382874e-05,4.849019e-04,-1.695661e+00,1.560302e-01,5.400039e+00
1390,2.748004e-17,2.359835e-05,-7.291061e-05,4.850300e-04,2.377304e+00,6.067580e-01,1.253583e+00
1391,6.816951e-18,1.632144e-05,-7.025212e-05,4.791242e-04,3.376077e-01,-1.562632e+00,7.931959e+00
1392,3.129031e-17,1.250832e-05,-6.879083e-05,4.899222e-04,-4.087075e-01,-7.190849e-02,2.235039e+00
1393,1.260700e-17,2.427406e-05,-5.695013e-05,4.963318e-04,-6.431171e-03,6.224882e-03,1.159383e+00
1394,2.754541e-18,-1.326580e-05,-7.148102e-05,4.726181e-04,1.831301e-01,-4.600857e-01,-1.669897e+00
1395,2.825492e-19,-1.367375e-05,-7.070064e-05,4.747957e-04,-9.903709e-01,-1.105187e+00,2.664879e+00
1396,2.716989e-19,1.445318e-05,-7.070071e-05,4.747853e-04,-2.866269e+00,-3.951863e+00,3.878558e+00
1397,2.400616e-19,8.984136e-06,-5.117474e-05,4.763402e-04,-2.409073e-01,1.069631e+00,5.800709e+00
1398,2.412085e-19,8.984036e-06,-5.117310e-05,4.747805e-04,-9.438613e-01,-2.905848e-01,3.204136e+00
1399,1.168701e-18,8.623559e-06,-5.117207e-05,4.712507e-04,3.948080e-02,5.961961e-01,-1.833192e+00
1400,5.028934e-17,1.559636e-05,4.801269e-05,4.790726e-04,2.830364e+00,2.972176e+00,8.173761e-01
1401,2.158971e-18,-6.751249e-06,4.570381e-05,4.796844e-04,2.778807e+00,4.920312e+00,7.880171e+00
1402,2.906953e-17,-1.071202e-07,2.857945e-05,4.777452e-04,4.806389e-01,2.762298e+00,-3.801811e-02
1403,2.711400e-17,-1.073059e-05,2.814552e-05,4.775987e-04,5.919107e-02,-1.962437e+00,-2.646040e-02
1404,6.697643e-18,-1.487978e-05,4.526677e-05,4.805306e-04,9.282478e-01,6.550268e-01,8.349502e+00
1405,8.078659e-19,-1.469024e-05,4.726548e-05,4.734803e-04,-1.114700e-02,1.524578e+00,-3.955032e+00
1406,7.025107e-19,-1.445578e-05,4.648473e-05,4.751721e-04,1.411006e+00,1.716441e+00,1.033568e-01
1407,2.454916e-17,2.409648e-05,2.926616e-05,4.792915e-04,2.523071e-02,-3.466561e-02,7.302271e-01
1408,1.271998e-18,-1.742564e-05,6.855589e-05,4.761799e-04,-2.552547e-01,1.975748e-01,-3.430280e-01
1409,2.750103e-17,1.633723e-05,4.588890e-05,4.971903e-04,4.385677e-01,-1.313546e+00,8.840589e+00
1410,2.901594e-17,1.313951e-07,2.889663e-05,4.924230e-04,-2.261670e+00,1.165513e-01,7.792760e+00
1411,9.923430e-17,7.553886e-06,2.283206e-05,4.884271e-04,7.331248e-01,1.694626e+00,5.456102e+00
1412,2.733614e-18,3.146875e-06,2.795401e-05,4.879940e-04,1.329508e+00,-5.864208e-01,8.360082e+00
1413,3.796200e-18,7.810514e-07,4.921914e-05,4.876157e-04,5.885908e-01,-6.046190e-01,4.757062e+00
1414,4.543485e-17,8.676501e-07,4.873118e-05,4.877513e-04,-2.406452e-02,-3.980983e-01,3.614745e+00
1415,5.886030e-19,1.680211e-05,4.920393e-05,4.857184e-04,-8.363659e-01,1.220604e+00,4.952188e+00
1416,2.321180e-18,1.326039e-05,2.421330e-05,4.907869e-04,1.888226e-02,-4.028621e-01,3.152883e+00
1417,4.048924e-19,6.643404e-06,4.648441e-05,4.817949e-04,-9.434108e-01,-1.309316e+00,1.935526e+01
1418,2.411319e-18,2.195171e-05,4.839752e-05,4.901313e-04,2.167507e-01,4.407326e-01,2.348317e+00
1419,2.149747e-17,2.124195e-07,2.355952e-05,4.945306e-04,2.315398e-01,5.251810e-01,1.838006e+00
1420,1.464407e-18,4.688205e-06,3.515651e-05,4.934663e-04,-7.429527e-02,-1.317043e-01,3.631042e+00
1421,2.833906e-18,3.909944e-06,4.141197e-05,4.852500e-04,2.290369e-01,3.831769e-01,-2.312476e-01
1422,2.596768e-19,8.985009e-06,4.882831e-05,4.833641e-04,-1.105238e-02,-2.573953e+00,6.054743e+00
1423,2.859994e-19,8.206909e-06,4.960551e-05,4.833614e-04,-1.231423e+00,-6.227234e-01,4.950697e+00
1424,2.935768e-18,1.016083e-05,2.890660e-05,4.977819e-04,9.681295e-02,3.447352e-01,8.886675e-01
1425,5.165503e-18,1.406381e-05,2.565954e-05,4.795127e-04,3.411039e-01,7.172934e-01,1.927298e+00
1426,2.595527e-18,1.478898e-05,4.689483e-05,4.892182e-04,2.247547e+00,8.333329e-01,-8.358613e-01
1427,3.634079e-18,2.460962e-05,3.827833e-05,4.925080e-04,1.015345e-02,2.370018e-02,1.949555e+00
1428,1.322187e-16,1.035324e-05,-2.382536e-04,5.438452e-04,-1.028903e+00,-1.516819e+00,2.068197e+01
1429,2.802421e-17,2.331868e-05,-2.490125e-04,5.349466e-04,8.569989e+00,-6.504963e-01,1.056059e+01
1430,8.341648e-18,1.252684e-05,-2.383906e-04,5.319660e-04,-1.025729e+00,-3.543891e+00,1.819816e+01
1431,3.978145e-18,1.174863e-05,-2.312292e-04,5.383817e-04,-5.421941e-01,-2.475049e-02,2.263613e+01
1432,9.698821e-17,-7.187942e-06,-2.442039e-04,5.381540e-04,6.933787e-01,1.578427e-01,1.045375e+01
1433,1.036529e-18,7.077607e-06,-2.328061e-04,5.497978e-04,1.066848e+00,-4.781041e-01,1.966225e+01
1434,2.225366e-17,-1.722460e-05,-2.425802e-04,5.415727e-04,-4.591181e-01,-2.021209e+00,7.116079e+00
1435,7.120922e-18,-1.561596e-06,-2.492200e-04,5.319783e-04,1.551214e-01,6.339022e-02,5.264914e+00
1436,3.261542e-17,-1.506431e-06,-2.489423e-04,5.323903e-04,2.002927e-01,-5.258334e-02,5.253443e+00
1437,2.841916e-17,-3.954986e-07,-2.253091e-04,5.360674e-04,2.544562e-01,4.046191e-01,5.690404e+00
1438,6.728975e-17,-4.268506e-07,-2.247665e-04,5.484485e-04,1.978203e-01,-7.647781e-01,8.528411e+00
1439,2.785921e-18,-7.057295e-06,-2.469397e-04,5.417581e-04,2.622687e-01,-6.092108e-01,1.924642e+00
1440,1.053867e-17,-1.797895e-05,-2.255855e-04,5.368754e-04,5.767989e-01,1.154494e+00,2.193998e+00
1441,8.173396e-18,1.224165e-05,-2.312544e-04,5.309127e-04,8.773722e-01,-2.550372e-01,2.125839e+01
1442,3.893049e-17,3.219713e-06,-2.490030e-04,5.439752e-04,-2.710302e-01,-2.219669e-02,5.788539e+00
1443,2.037912e-18,1.655032e-05,-2.399921e-04,5.444827e-04,4.977432e-01,-6.709743e-01,6.892426e+00
1444,2.486292e-18,1.094446e-05,-2.445436e-04,5.342634e-04,1.625615e-02,-1.881891e-01,5.549859e+00
1445,7.674221e-18,4.277623e-06,-2.359409e-04,5.301369e-04,9.394095e-01,1.312019e-02,6.410162e+00
1446,3.333555e-18,1.718560e-05,-2.460964e-04,5.342973e-04,3.086253e-02,1.575456e-01,7.224228e+00
1447,1.561710e-18,1.484707e-05,-2.496092e-04,5.364445e-04,-5.246470e-02,-1.459792e-01,6.683676e+00
1448,1.301568e-16,3.357359e-06,-2.214828e-04,5.318407e-04,-1.344781e+00,3.302746e-01,5.695065e+00
1449,4.715578e-18,1.016422e-05,-2.249957e-04,5.315513e-04,1.892322e-02,2.065217e-01,2.176466e+00
1450,9.332346e-17,4.525600e-06,-2.001058e-04,5.473974e-04,1.264037e+00,1.453293e+00,1.160126e+01
1451,1.778193e-16,-4.427242e-06,-2.128995e-04,5.383276e-04,1.087736e+00,4.689235e-01,7.557522e+00
1452,3.462039e-17,-1.509376e-05,-2.197076e-04,5.308398e-04,4.037378e-01,1.280349e-01,1.053652e+01
1453,5.143626e-18,-5.583366e-06,-2.078079e-04,5.425614e-04,6.754730e-01,-1.083607e-02,7.032707e+00
1454,1.645744e-16,-4.615804e-06,-1.977282e-04,5.474070e-04,-1.585551e+00,-8.008245e-01,2.414267e+01
1455,1.178181e-18,-1.954002e-05,-2.148515e-04,5.404431e-04,5.688341e-02,-4.398470e-02,1.575318e+00
1456,9.670472e-19,-1.953761e-05,-2.148508e-04,5.440629e-04,2.647670e-02,-4.690258e-02,-1.152894e-01
1457,8.311572e-17,2.188323e-05,-2.104747e-04,5.378724e-04,7.495541e-01,2.009285e-03,6.027277e+00
1458,2.344653e-17,1.442704e-05,-2.161728e-04,5.395523e-04,2.962818e-01,2.334509e-01,1.086661e+01
1459,9.071797e-17,6.771289e-06,-2.135348e-04,5.461531e-04,9.594833e-02,-1.560370e+00,6.304831e+00
1460,1.580838e-17,5.502167e-06,-2.049824e-04,5.314037e-04,-9.855710e-02,7.776702e-02,1.125032e+01
1461,3.093934e-18,1.639685e-05,-2.093798e-04,5.305291e-04,4.166658e-01,2.104622e-01,4.387333e+00
1462,9.225495e-17,2.467439e-06,-1.758416e-04,5.322580e-04,-3.853587e-02,1.004698e+00,7.458355e+00
1463,1.989408e-17,-1.097501e-05,-1.920783e-04,5.494146e-04,3.678198e-01,1.379011e-01,1.343757e+01
1464,2.142999e-16,2.410851e-06,-1.759304e-04,5.324060e-04,3.560343e-01,8.012589e-01,7.439515e+00
1465,2.851596e-17,-6.448283e-06,-1.748078e-04,5.409974e-04,-6.137001e-01,8.811154e-01,5.186461e+00
1466,6.036429e-19,-3.519641e-06,-1.988320e-04,5.362836e-04,-1.845737e+00,-5.842974e+00,1.209148e+01
1467,1.342253e-16,-6.675995e-06,-1.743368e-04,5.410103e-04,-4.708382e-01,5.875289e-01,5.473855e+00
1468,5.124013e-18,-1.486181e-05,-1.735614e-04,5.490879e-04,-1.240428e-01,2.683113e-01,6.931397e+00
1469,3.877050e-18,-1.167974e-05,-1.742059e-04,5.390819e-04,3.204929e-01,-5.017407e-01,7.127770e+00
1470,8.503944e-18,-1.250170e-05,-1.821566e-04,5.265559e-04,2.539649e-01,5.692734e-01,4.463605e+00
1471,5.662185e-18,-1.015748e-05,-1.822596e-04,5.446078e-04,5.172919e-02,4.118325e-01,4.561500e+00
1472,4.404291e-18,-1.797236e-05,-1.874969e-04,5.483033e-04,4.165248e-03,6.829926e-02,2.283403e+00
1473,4.820652e-18,-2.187772e-05,-1.921816e-04,5.346428e-04,-3.980055e-01,2.592630e-01,2.546560e+00
1474,3.140084e-17,1.967707e-05,-1.877040e-04,5.384341e-04,1.743579e+00,-1.424834e+00,9.330480e+00
1475,5.808828e-18,1.507047e-05,-1.921898e-04,5.461208e-04,2.168747e+00,-2.130031e-02,5.729943e+00
1476,5.866690e-18,7.028721e-06,-1.835944e-04,5.465313e-04,3.266474e-01,-1.257949e-01,6.269916e+00
1477,1.211032e-17,5.028442e-06,-1.840733e-04,5.303770e-04,2.474885e-01,-3.963290e-01,7.449535e+00
1478,3.166767e-17,-1.537722e-04,7.584184e-07,5.291539e-04,-3.527088e-01,1.388715e+00,3.423418e+00
1479,4.486069e-18,-1.570275e-04,1.718719e-05,5.258199e-04,-9.655256e-02,-7.164997e-02,5.852140e+00
1480,3.150689e-17,-1.671531e-04,1.330209e-05,5.285643e-04,-8.436218e-01,1.571413e+00,3.287743e+00
1481,9.797506e-17,-1.720717e-04,-1.147376e-05,5.279403e-04,-4.868209e-01,-2.129819e-01,5.312808e+00
1482,1.330731e-16,-1.619626e-04,-1.224969e-05,5.079997e-04,-9.027792e-01,-3.228827e+00,7.705781e+00
1483,9.387889e-19,-1.738282e-04,-6.425305e-06,5.018319e-04,-1.881379e+00,1.029990e+00,1.258750e+01
1484,3.600248e-18,-1.718750e-04,-1.777465e-05,5.177084e-04,7.194001e-02,-3.075304e+00,1.345362e+01
1485,6.642019e-18,-1.718782e-04,-1.523941e-05,5.120541e-04,1.457567e-01,-2.858201e+00,1.282275e+01
1486,8.453927e-19,-1.718925e-04,-2.070254e-05,5.227021e-04,-5.759529e-01,-3.670449e+00,1.231666e+01
1487,1.122534e-18,-1.709392e-04,-6.882489e-06,5.082038e-04,3.961153e-01,1.262869e-02,1.655639e+01
1488,1.375902e-17,-1.717027e-04,-1.695531e-05,5.232362e-04,3.035923e+00,-1.871515e+00,4.739883e+00
1489,1.170862e-18,-1.601477e-04,-5.469782e-06,5.188757e-04,1.126282e-01,-4.552791e-02,3.389214e+00
1490,1.504636e-18,-1.578052e-04,-1.484279e-05,5.219318e-04,-2.393521e-02,1.582319e-02,2.932250e+00
1491,3.682096e-18,-1.695358e-04,-7.809188e-07,5.089435e-04,4.148247e-02,4.616753e-02,2.522303e+00
1492,1.306991e-18,-1.679673e-04,-7.825904e-07,5.027950e-04,1.925494e-01,5.752969e-02,2.872983e-01
1493,4.317384e-18,-1.578020e-04,-1.487846e-05,5.104920e-04,9.230083e-02,-7.450077e-02,2.271146e-01
1494,1.616167e-16,-1.779323e-04,5.103586e-06,5.092131e-04,3.065820e-02,2.820401e+00,1.602552e+01
1495,1.206109e-16,-1.645040e-04,1.447712e-05,5.148946e-04,2.497704e-01,-3.635820e-02,3.166276e+00
1496,3.260889e-17,-1.567639e-04,1.067634e-05,5.173430e-04,1.047060e+00,6.965178e-01,6.944646e+00
1497,2.358455e-17,-1.522997e-04,1.747473e-05,5.211100e-04,-4.651261e-01,1.091126e+00,5.457778e+00
1498,8.139941e-18,-1.711534e-04,1.297474e-05,5.218562e-04,8.332844e-01,1.885246e-01,1.026274e+00
1499,4.765433e-18,-1.695316e-04,2.339840e-06,5.237716e-04,-1.218315e-02,-1.824836e-02,2.347175e+00
1500,3.728180e-18,-1.960920e-04,7.027053e-06,5.184896e-04,-2.603851e-01,-9.199573e-01,1.507565e+01
1501,4.294941e-17,-1.963829e-04,7.258146e-06,5.182966e-04,-3.203155e-01,-6.235037e-01,1.472799e+01
1502,4.487461e-18,-1.945267e-04,7.806981e-06,5.072949e-04,-2.140677e-01,-3.542172e-02,9.731942e+00
1503,5.408045e-18,-1.805558e-04,9.106056e-06,5.088546e-04,-2.733875e-01,-2.633769e+00,6.203330e+00
1504,3.534435e-18,-1.859302e-04,1.710133e-05,5.153048e-04,1.266789e-01,-1.306420e-01,3.540831e+00
1505,1.673420e-17,-1.793991e-04,1.791468e-05,5.279216e-04,-1.987676e+00,-8.321592e-02,6.807920e+00
1506,5.194036e-18,-1.828136e-04,1.562003e-05,5.257140e-04,-1.075431e-01,-4.173779e-01,2.108818e+00
1507,3.519266e-18,-1.859447e-04,1.718775e-05,5.109211e-04,6.718822e-01,-5.510637e-01,1.757212e+00
1508,4.524700e-17,-1.574443e-04,8.093606e-06,4.849582e-04,-1.219132e+00,-2.811529e-01,1.510356e+00
1509,2.297761e-17,-1.562516e-04,1.210149e-05,4.949644e-04,2.052640e+00,-6.170146e-01,1.089776e+01
1510,1.648823e-17,-1.509611e-04,1.583207e-05,4.862831e-04,-1.354768e-01,-2.380420e-02,5.519758e+00
1511,4.896286e-18,-1.484951e-04,3.925669e-06,5.004322e-04,7.421582e-02,1.270964e-02,4.246037e+00
1512,1.361061e-18,-1.694822e-04,-7.618448e-07,4.887887e-04,3.400626e-01,2.982298e-01,-2.749848e-01
1513,1.224931e-18,-1.588079e-04,1.192261e-05,4.894186e-04,1.022704e+00,-1.369428e+00,7.282295e+00
1514,4.754610e-18,-1.703123e-04,2.340266e-06,4.943423e-04,-6.022004e-02,2.013405e-01,2.115618e+00
1515,2.245936e-18,-1.586177e-04,1.132916e-05,4.849208e-04,1.644175e+00,-1.490141e+00,7.395748e+00
1516,1.520765e-18,-1.585597e-04,1.247545e-05,4.802638e-04,-2.587483e-01,9.818639e-01,4.831942e+00
1517,1.453883e-18,-1.500249e-04,1.563238e-05,4.794827e-04,1.424841e+00,-1.285292e+00,3.612095e+00
1518,1.303501e-17,-1.578356e-04,2.426025e-05,4.916836e-04,-2.743875e-03,-2.202029e-02,9.650370e-01
1519,8.485966e-18,-1.492433e-04,2.429115e-05,4.851871e-04,-1.151264e-02,1.413200e-02,1.108809e+00
1520,3.819251e-18,-1.507803e-04,-2.421852e-05,4.907838e-04,3.910077e-02,6.752101e-02,8.259926e-01
1521,2.944169e-17,-1.512087e-04,-2.400063e-05,4.908487e-04,-1.029689e-02,-3.223756e-02,8.424000e-01
1522,1.521291e-17,-1.617191e-04,-9.375359e-06,4.860873e-04,-7.211527e-01,-1.409565e-01,3.150949e+00
1523,6.243002e-17,-1.554750e-04,-5.267471e-06,4.829826e-04,2.262985e+00,-3.704205e+00,9.844314e-02
1524,5.246020e-18,-1.533771e-04,-8.473693e-06,4.946042e-04,2.381748e+00,-2.272330e+00,5.697650e+00
1525,4.570378e-17,-1.708977e-04,-1.213588e-05,4.924419e-04,2.404205e+00,-2.255364e+00,6.641007e+00
1526,1.061132e-17,-1.629546e-04,-1.888080e-05,4.969489e-04,-3.483738e+00,-3.510188e-01,1.227962e+01
1527,1.596052e-16,-1.617816e-04,-9.720320e-06,4.865008e-04,-6.590319e-01,-2.759126e-02,3.075814e+00
1528,5.504647e-19,-1.726181e-04,-3.515406e-06,4.997014e-04,-8.115254e-01,-8.266423e-01,8.267969e+00
1529,4.883333e-18,-1.586083e-04,-3.497919e-06,4.938637e-04,-1.349604e+00,5.658642e-01,2.542592e+00
1530,5.263974e-18,-1.570320e-04,-1.874799e-05,4.841550e-04,-3.996834e-02,-2.667941e-01,4.122052e+00
1531,1.366261e-18,-1.570447e-04,-1.875145e-05,4.779165e-04,-2.951293e-01,-1.974200e-01,5.158023e-01
1532,3.327479e-18,-1.609246e-04,-1.015278e-05,4.798316e-04,4.407338e-01,-2.313938e-01,3.534302e+00
1533,2.519968e-18,-1.578187e-04,-1.539141e-06,4.790407e-04,6.917961e-02,-1.533399e-01,1.158315e+00
1534,6.264946e-18,5.588166e-07,2.195237e-04,5.388777e-04,4.819342e-01,5.082819e-02,1.260173e+01
1535,6.812579e-18,-7.806428e-07,2.031369e-04,5.280787e-04,1.073990e-02,-1.408788e+00,7.391702e+00
1536,1.527354e-17,2.142077e-06,2.265970e-04,5.462586e-04,3.249195e-02,-3.150043e-02,2.071688e+01
1537,1.249416e-16,2.076484e-06,2.283871e-04,5.287703e-04,2.419991e-01,-1.444846e+00,1.305076e+01
1538,1.520964e-16,1.311933e-05,2.152830e-04,5.456793e-04,1.107960e+00,-1.570214e-01,6.107953e+00
1539,2.134361e-17,2.109584e-05,2.013025e-04,5.441573e-04,3.381048e-01,-5.409586e-01,4.115813e+00
1540,1.269535e-16,2.109444e-05,2.012777e-04,5.442260e-04,3.250046e-01,-5.843290e-01,4.010132e+00
1541,4.875491e-18,1.053320e-05,2.203167e-04,5.486906e-04,-4.033000e-01,1.559061e-01,1.124089e+01
1542,4.922392e-18,1.571666e-06,2.195273e-04,5.308101e-04,3.984000e-01,-3.588563e-01,1.189202e+01
1543,4.185522e-18,5.893054e-06,2.203105e-04,5.355899e-04,-2.188415e+00,4.004440e-02,1.076936e+01
1544,2.055589e-18,7.927676e-06,2.171867e-04,5.321558e-04,1.733142e-02,1.059908e-01,1.263103e+01
1545,1.750404e-17,1.192957e-05,2.245098e-04,5.384894e-04,1.741575e+00,-4.426964e-02,9.114590e+00
1546,2.511758e-17,1.563045e-05,2.096200e-04,5.399796e-04,2.207091e-01,4.935478e-01,7.842257e+00
1547,1.790647e-16,1.650295e-05,1.964251e-04,5.289983e-04,3.607341e-01,4.785004e-01,6.087454e+00
1548,1.534586e-17,9.768874e-06,2.107231e-04,5.398737e-04,1.009860e-01,-8.007546e-01,5.670610e+00
1549,4.645896e-19,2.148722e-05,2.210939e-04,5.419099e-04,-6.550425e-01,1.434090e-04,2.229880e+00
1550,1.907127e-18,1.636713e-05,2.227158e-04,5.415559e-04,-1.703451e-01,2.662093e-01,4.092283e+00
1551,4.256812e-18,2.031014e-05,2.211002e-04,5.396399e-04,-2.735686e-01,-7.652561e-02,4.781170e+00
1552,3.907767e-17,4.723895e-07,2.417241e-04,5.432100e-04,-3.684524e-01,1.622787e+00,9.343397e+00
1553,6.694752e-17,8.507338e-10,2.488720e-04,5.235264e-04,-4.469914e-01,1.378451e-02,7.955924e+00
1554,1.384529e-16,-1.572455e-07,2.481894e-04,5.234432e-04,-3.959228e-01,1.122400e-01,7.883320e+00
1555,2.847423e-17,1.940537e-05,2.490705e-04,5.175499e-04,1.443838e+00,7.077785e-02,1.224848e+01
1556,6.476955e-18,7.915687e-07,2.289093e-04,5.101355e-04,-5.540094e-01,-7.124664e-01,1.352629e+01
1557,5.002760e-18,7.469603e-06,2.390511e-04,5.177419e-04,7.673542e-01,6.461969e-01,8.430631e+00
1558,1.047809e-18,-7.843667e-07,2.390632e-04,5.142484e-04,5.064851e-02,-3.497472e-02,5.076716e+00
1559,8.754191e-19,6.721373e-07,2.496090e-04,5.121711e-04,2.504757e-02,-3.122878e-01,8.511684e+00
1560,1.104793e-18,1.247993e-05,2.281276e-04,5.264609e-04,2.789349e-01,-1.451206e-01,4.666874e+00
1561,3.613711e-18,1.408410e-05,2.453393e-04,5.050938e-04,-2.436610e-01,1.732926e-01,2.436562e+00
1562,4.026377e-18,2.231211e-05,2.495641e-04,5.258070e-04,4.010614e-01,1.940190e-02,4.289862e+00
1563,1.192168e-18,1.250882e-05,2.281331e-04,5.120276e-04,-5.005162e-01,1.310828e-01,1.602938e+00
1564,1.179908e-17,1.989336e-06,2.257479e-04,5.205134e-04,5.762683e-01,-9.448877e-01,1.466633e+01
1565,4.125779e-18,5.963169e-07,2.289558e-04,5.214769e-04,6.844099e-01,5.188314e-01,1.944896e+01
1566,9.400481e-18,5.377895e-06,2.299326e-04,5.474561e-04,3.388189e+00,8.182202e-01,1.039973e+01
1567,3.600338e-18,4.291384e-06,2.425497e-04,5.499007e-04,-4.070773e-01,-2.633980e-02,1.527860e+01
1568,1.434247e-17,1.054767e-05,2.492192e-04,5.422851e-04,-2.291191e-01,1.705783e-01,6.376775e+00
1569,5.444999e-17,1.040148e-05,2.486084e-04,5.423950e-04,-3.700589e-01,2.813654e-01,6.415958e+00
1570,1.419848e-17,9.374083e-06,2.355481e-04,5.411671e-04,7.627256e-01,3.655120e-01,6.125227e+00
1571,8.363938e-17,9.195426e-06,2.357027e-04,5.416122e-04,9.217640e-01,5.441545e-01,6.291167e+00
1572,3.971684e-18,1.340423e-05,2.496095e-04,5.484891e-04,2.079526e+00,1.079728e-01,3.121422e+00
1573,4.976705e-18,2.952941e-06,2.445601e-04,5.396509e-04,-6.127491e-01,-9.326913e-02,3.068854e+00
1574,2.033521e-18,1.409534e-05,2.375697e-04,5.423498e-04,-4.551738e-01,-2.466584e-02,4.104372e+00
1575,2.945378e-17,4.058843e-06,1.963942e-04,5.062601e-04,-1.173833e-01,4.373661e-01,1.642999e+01
1576,6.926420e-17,-7.371013e-08,1.739044e-04,5.124250e-04,5.088073e-01,-5.170503e-01,1.261326e+01
1577,4.888968e-18,3.123115e-06,1.851597e-04,5.188924e-04,-1.453863e-01,7.390616e-02,1.091059e+01
1578,4.594363e-18,3.128664e-06,1.851578e-04,5.050990e-04,-5.063376e-02,-6.929578e-02,6.982726e+00
1579,1.217826e-17,1.218176e-05,1.812569e-04,5.063547e-04,1.007261e+00,-1.577434e-01,7.282686e+00
1580,3.519914e-17,1.512080e-05,2.010572e-04,5.205971e-04,1.249298e+00,-2.020499e-01,5.413246e+00
1581,2.310381e-18,1.328015e-05,1.836516e-04,5.101569e-04,3.237383e-01,-7.072838e-01,3.714275e+00
1582,4.958219e-18,1.875569e-05,1.749993e-04,5.196448e-04,3.511762e-01,3.337164e-02,5.280146e+00
1583,5.244272e-18,1.344033e-05,1.944797e-04,5.100576e-04,-1.812114e+00,8.931525e-01,3.679000e+00
1584,2.445767e-18,3.183631e-06,1.914446e-04,5.094578e-04,7.918750e-01,1.770150e-01,4.375843e+00
1585,2.747883e-17,4.330334e-06,2.130093e-04,5.139464e-04,-3.717268e+00,-1.153209e+00,1.222779e+01
1586,3.320317e-17,2.430041e-06,2.214863e-04,5.099800e-04,-7.355196e-01,2.662775e+00,9.321542e+00
1587,1.236869e-17,9.998691e-07,2.207543e-04,5.189155e-04,-9.618765e-01,1.617366e+00,1.012263e+01
1588,2.075089e-17,1.478304e-05,2.105055e-04,5.141433e-04,8.085523e-02,5.373771e-01,6.788811e+00
1589,3.838427e-18,-8.018220e-07,2.078390e-04,5.197396e-04,1.216527e-02,8.188172e-02,7.693479e+00
1590,1.177260e-18,1.171518e-05,2.164058e-04,5.036198e-04,5.217518e-01,1.582341e-01,9.513516e+00
1591,6.495610e-18,1.874604e-05,2.213291e-04,5.112430e-04,8.829794e-01,-5.369168e-01,2.884670e+00
1592,1.061201e-17,-7.793936e-07,1.919268e-04,5.473577e-04,-1.050088e+00,1.505779e+00,7.297726e+00
1593,9.316713e-17,-4.999762e-07,1.916709e-04,5.469619e-04,-9.408202e-01,1.690615e+00,7.277803e+00
1594,7.081486e-17,4.665395e-06,1.833366e-04,5.349265e-04,-6.157779e-01,-1.802079e-02,1.443948e+01
1595,3.545924e-18,1.640613e-05,1.757807e-04,5.464791e-04,-5.028375e-01,-6.821299e-01,4.587012e+00
1596,3.794937e-17,1.659509e-05,1.761966e-04,5.466128e-04,-3.371882e-01,-4.374958e-01,4.413259e+00
1597,1.321479e-18,3.130490e-06,1.851577e-04,5.286741e-04,-1.268558e-01,-1.521546e-02,1.134063e+01
1598,1.419904e-16,7.442517e-06,1.719496e-04,5.307303e-04,9.305679e-01,-1.918392e-01,5.184784e+00
1599,3.586799e-18,9.377748e-06,1.906286e-04,5.447461e-04,1.767307e-01,1.273587e-02,2.055371e+00
1600,4.645842e-16,1.024932e-05,1.608428e-05,5.069272e-04,-3.824352e-01,-8.926934e-01,1.290279e+01
1601,2.949769e-18,2.064346e-05,1.502878e-05,5.024257e-04,8.252510e-01,7.948953e-01,1.575724e+01
1602,6.192226e-18,2.265725e-05,1.015533e-05,5.245196e-04,2.032039e-01,-2.407844e-01,5.173696e+00
1603,2.733435e-17,6.197716e-06,2.000463e-05,5.180004e-04,2.039771e+00,-1.312204e+00,3.454442e+00
1604,6.644560e-18,2.109115e-05,1.797049e-05,5.119469e-04,-8.482506e-02,-7.937007e-02,4.231362e+00
1605,3.022193e-18,1.093246e-05,8.563762e-06,5.084863e-04,-7.632373e-02,-2.197905e-01,1.375881e+00
1606,3.056899e-17,4.364529e-06,1.688938e-06,5.152529e-04,-6.479026e-01,-6.066087e-01,2.113481e+00
1607,4.984434e-18,1.093511e-05,7.340646e-10,5.255571e-04,-2.820939e-01,4.878779e-02,5.657347e-01
1608,3.614014e-18,5.466478e-06,8.591893e-06,5.225793e-04,3.099974e-03,2.555237e-03,1.345439e+00
1609,1.521784e-17,1.757900e-05,6.641297e-06,4.852829e-04,-1.852256e+00,9.939684e-01,3.973460e+00
1610,8.463690e-17,1.758386e-05,6.705242e-06,4.848002e-04,-1.977481e+00,1.391805e+00,4.216494e+00
1611,1.504960e-17,2.277971e-05,4.025365e-06,4.944601e-04,-4.583132e+00,-3.217996e-01,1.917168e+01
1612,2.277010e-17,9.897089e-06,2.605807e-07,4.974329e-04,-1.656625e+00,-2.224599e-01,7.271006e+00
1613,1.268383e-16,9.706679e-06,7.290627e-07,4.973296e-04,-1.598467e+00,-2.698505e-01,7.160749e+00
1614,2.170053e-17,1.736878e-05,2.576323e-06,4.930032e-04,-2.562398e+00,7.297456e-01,1.577515e+00
1615,3.842545e-18,1.249502e-05,1.648858e-05,4.819816e-04,-1.776006e-01,1.840310e+00,7.954090e+00
1616,2.715014e-17,7.887052e-06,3.574485e-06,4.858848e-04,-9.938155e-01,-1.969074e+00,4.000084e+00
1617,2.798818e-18,2.113228e-05,1.012746e-05,4.940316e-04,-7.898058e-01,4.513705e-01,2.175402e+00
1618,6.187516e-18,3.223950e-06,1.687183e-06,4.836193e-04,-2.738361e-01,1.717540e-01,-1.705303e+00
1619,1.589348e-18,2.112181e-05,2.343138e-05,4.935334e-04,-3.065396e-01,-1.871091e-01,7.395884e-01
1620,3.130553e-18,1.030383e-09,8.592795e-06,4.767551e-04,2.085866e-01,5.683994e-01,-1.037318e+00
1621,5.310059e-19,1.957175e-05,5.859866e-06,4.763300e-04,-3.619558e-01,-1.285050e+00,2.776635e+00
1622,1.205644e-18,1.932330e-05,5.261814e-06,4.749580e-04,6.158310e-02,-4.767685e-01,2.529444e+00
1623,1.479878e-18,5.480945e-06,2.265079e-05,4.755473e-04,-3.402605e-01,3.802783e-01,8.256596e-01
1624,2.585585e-18,-1.718986e-05,1.257748e-04,4.924462e-04,1.092229e-01,1.705053e-01,5.779095e-01
1625,5.534758e-18,-9.378120e-06,1.179374e-04,4.859493e-04,2.829143e-01,-3.969052e-01,-3.465904e-01
1626,2.163155e-18,-2.339771e-06,1.117145e-04,4.993088e-04,-2.345106e-01,2.564952e-01,8.496188e+00
1627,2.423822e-19,-2.734480e-06,1.074217e-04,4.965835e-04,2.504060e+00,4.931516e-01,7.460155e+00
1628,5.214751e-17,-4.097093e-06,1.221242e-04,4.837210e-04,-6.863248e-02,-1.083587e+00,7.025616e+00
1629,1.304020e-18,-1.406304e-05,1.211027e-04,4.981940e-04,3.095299e-02,-5.450745e-01,4.337332e+00
1630,2.782354e-18,-2.315054e-06,1.218773e-04,4.961521e-04,-1.433680e-02,7.648212e-02,1.673090e+00
1631,9.788190e-18,-6.288568e-06,1.242188e-04,4.997123e-04,-1.241533e-01,-1.826871e-01,4.398280e+00
1632,2.786029e-19,-1.952995e-06,1.097655e-04,4.810048e-04,-1.609690e+00,1.664220e+00,2.246995e+00
1633,4.783194e-18,-2.329044e-06,1.117316e-04,4.950205e-04,6.390302e-02,4.443299e-01,8.864168e+00
1634,1.700962e-18,-6.249915e-06,1.156268e-04,4.981584e-04,-1.468598e-02,1.871896e-01,4.430280e-01
1635,3.674933e-18,-2.352712e-06,1.164931e-04,4.889404e-04,5.445612e-02,1.327069e+00,1.399802e+00
1636,3.575813e-18,-1.405295e-05,1.226453e-04,4.783054e-04,2.644116e-01,-8.824151e-01,-7.935553e-01
1637,2.998520e-17,5.559850e-07,1.456483e-04,4.844810e-04,7.046979e-01,9.993150e-01,1.902578e+00
1638,1.107278e-16,-9.164689e-06,1.418566e-04,5.015574e-04,2.081687e+00,5.278419e-01,1.261085e+01
1639,2.417347e-19,-1.445229e-05,1.316387e-04,4.935195e-04,-3.039595e-01,1.000189e+00,-8.716973e-01
1640,2.673007e-18,-1.483176e-05,1.281270e-04,4.908292e-04,4.901391e-01,2.963796e-03,-2.546580e+00
1641,8.189310e-19,-1.079858e-05,1.399830e-04,4.919357e-04,2.800613e-02,5.084554e-02,9.639678e+00
1642,1.849255e-17,-2.029817e-05,1.397630e-04,4.900102e-04,3.690710e-01,1.250995e+00,9.277814e+00
1643,2.269129e-17,-1.928197e-05,1.462183e-04,4.799011e-04,7.564536e-02,1.554026e+00,6.595563e+00
1644,9.945411e-18,-7.811215e-06,1.322927e-04,4.934856e-04,-1.212753e+00,-6.305235e-01,5.850518e+00
1645,3.108758e-18,-1.947204e-05,1.374315e-04,4.870760e-04,-3.738726e-01,-2.706103e-01,1.112297e+01
1646,9.137617e-19,-1.914379e-05,1.464812e-04,4.763924e-04,1.004840e-02,3.133143e+00,8.259511e+00
1647,3.041922e-18,-2.341113e-06,1.296862e-04,4.984708e-04,1.160291e-02,-1.001428e-02,3.317902e+00
1648,6.247882e-19,-6.966595e-06,1.308606e-04,4.903652e-04,-6.043491e-01,-1.095130e+00,7.930572e+00
1649,4.864205e-18,-1.796325e-05,1.292668e-04,5.024923e-04,-1.346332e+00,7.960893e-01,9.730211e-01
1650,7.150471e-18,-7.029739e-06,1.304035e-04,4.850855e-04,-2.919897e-01,-1.024443e+00,3.850386e+00
1651,1.131411e-18,-1.092823e-05,1.398537e-04,4.880391e-04,-9.702660e-01,-2.597712e-01,9.145421e+00
1652,1.559648e-18,-1.211304e-05,1.484208e-04,4.853538e-04,-4.834969e+00,7.398380e-01,4.033061e+00
1653,3.336739e-17,-2.414261e-05,1.388746e-04,4.986670e-04,9.480946e-02,7.988073e-02,8.092031e-01
1654,1.334769e-18,-1.949167e-05,1.374996e-04,4.802892e-04,-9.781154e-01,-4.136399e-01,4.671788e+00
1655,1.568890e-18,-6.971832e-06,1.307376e-04,4.766172e-04,-8.242026e-01,-7.541750e-02,-1.440480e+00
1656,5.976975e-19,-1.054716e-05,1.398301e-04,4.833636e-04,-3.569108e-01,4.726519e-02,2.474637e+00
1657,1.045602e-18,-1.132852e-05,1.396518e-04,4.802469e-04,1.972751e-01,6.494135e-01,1.492407e+00
1658,2.126335e-18,-1.103606e-05,1.398471e-04,4.765553e-04,-5.382573e-02,-1.764714e-01,-6.615720e-02
1659,2.754672e-17,8.662979e-07,1.520275e-04,5.059819e-04,-9.370586e-01,-3.484331e+00,8.428467e+00
1660,1.041542e-18,2.344189e-06,1.359378e-04,5.271862e-04,9.557324e-02,-5.743551e-02,2.914702e+00
1661,1.131363e-17,1.119941e-05,1.388009e-04,5.047823e-04,-1.137698e+00,-1.414343e-01,9.161155e+00
1662,8.192517e-17,1.139222e-05,1.389638e-04,5.048745e-04,-8.322545e-01,-4.409143e-01,9.198687e+00
1663,8.410497e-17,1.926034e-06,1.422783e-04,5.224780e-04,-8.487551e-02,4.004987e-01,5.641058e+00
1664,7.972255e-17,6.775629e-06,1.484373e-04,5.083865e-04,-8.523756e-02,-1.194361e+00,5.812912e+00
1665,1.688270e-18,6.148548e-06,1.265726e-04,5.220932e-04,-1.209607e-01,1.814137e-01,7.205037e+00
1666,2.477273e-18,1.093861e-05,1.507907e-04,5.268721e-04,-5.030381e-01,2.360246e-01,6.189462e+00
1667,4.394456e-18,1.021638e-05,1.507039e-04,5.113382e-04,-9.563956e-01,-1.421872e+00,3.366622e+00
1668,2.078153e-18,3.900767e-06,1.336042e-04,5.207614e-04,-5.331223e-01,7.484490e-02,4.164794e+00
1669,1.930681e-18,1.015940e-05,1.320341e-04,5.275928e-04,3.902030e-02,2.656206e-02,7.512246e+00
1670,3.091155e-18,6.246299e-06,1.265648e-04,5.123916e-04,-3.828195e-01,5.090599e-02,2.786769e+00
1671,1.224522e-16,-8.769625e-06,1.316811e-04,5.094340e-04,-6.619222e-01,-1.114603e+00,1.280992e+01
1672,2.833683e-16,-1.296522e-05,1.403964e-04,5.195257e-04,-1.163434e+00,1.989531e-01,4.412669e+00
1673,5.183942e-17,-3.389356e-06,1.482264e-04,5.176657e-04,1.416818e+00,-3.309088e-01,7.123269e+00
1674,6.663334e-17,2.354516e-05,1.365886e-04,4.847212e-04,2.044017e+00,-8.144288e-01,2.990232e+00
1675,1.156797e-18,1.563635e-05,1.406192e-04,4.981931e-04,-3.431358e-01,-2.033362e-02,5.609865e+00
1676,2.246190e-18,1.315596e-05,1.267539e-04,4.764552e-04,-6.426122e-01,4.921040e+00,5.136381e+00
1677,2.171470e-17,1.263437e-05,1.336077e-04,4.817123e-04,1.257125e-01,1.088324e+00,5.651081e+00
1678,3.416372e-18,1.093567e-05,1.421880e-04,4.946549e-04,2.365730e-01,-6.503445e-03,5.761553e+00
1679,3.119332e-18,1.563878e-05,1.406211e-04,4.884753e-04,2.961317e-01,-2.405120e-01,3.826662e+00
1680,3.020306e-18,1.323878e-05,1.398839e-04,4.903085e-04,4.449335e-01,-1.081368e+00,4.381993e+00
1681,1.691519e-17,1.807011e-05,1.328075e-04,4.833336e-04,2.187406e-01,-1.089680e+00,2.409733e+00
1682,5.646459e-18,6.367434e-06,1.265623e-04,4.927333e-04,-2.600914e-01,-3.864211e-01,2.635049e+00
1683,6.212266e-18,2.765099e-06,1.411899e-04,4.961080e-04,-2.883149e-01,2.540743e-01,-7.740677e-03
1684,1.529239e-17,1.733034e-05,1.454261e-04,4.794083e-04,4.690116e-01,-1.906298e+00,9.043423e-01
1685,1.363839e-18,1.014542e-05,1.421789e-04,4.825766e-04,-2.004039e-01,5.371278e-01,1.245160e+00
1686,1.214169e-17,9.750353e-06,1.285312e-04,4.794861e-04,-1.364700e-01,3.234999e-01,2.441661e+00
1687,2.523861e-19,1.211423e-05,1.332001e-04,4.779079e-04,-1.129767e-01,1.005204e+00,5.157434e+00
1688,1.050278e-17,2.427705e-05,1.369237e-04,4.997568e-04,-1.754184e-03,-3.433228e-02,1.214713e+00
1689,5.986989e-19,2.461015e-05,1.328176e-04,4.997679e-04,1.371050e-01,-1.024418e-01,2.653760e+00
1690,3.960568e-18,2.451329e-05,1.437516e-04,4.894545e-04,9.979572e-02,-3.062893e-02,1.872034e+00
1691,6.377080e-17,1.248867e-05,-1.376938e-05,4.990339e-04,4.987819e-01,9.630545e-01,4.518950e+00
1692,4.576260e-17,3.844300e-06,-2.023476e-05,4.958517e-04,2.201500e+00,8.140211e-01,7.925387e+00
1693,8.854346e-18,2.323714e-06,-1.246396e-05,4.949475e-04,6.702101e-02,4.690497e-01,4.751882e+00
1694,7.732085e-18,1.947161e-05,-6.253280e-06,4.847342e-04,-2.532298e+00,-8.839539e-02,8.444290e-01
1695,3.217256e-18,2.128401e-05,-1.548087e-05,4.808809e-04,1.550511e+00,-1.575068e+00,6.509557e+00
1696,4.866488e-18,1.952270e-05,-1.719689e-05,4.888888e-04,3.479377e-01,1.431641e-01,3.314804e+00
1697,3.488146e-18,1.955485e-05,-1.716440e-05,4.968745e-04,5.052809e-03,-4.111471e-02,2.053686e+00
1698,2.942988e-18,1.329464e-05,-1.014761e-05,4.876071e-04,3.082641e-01,4.378025e-01,1.036975e+00
1699,4.733153e-18,1.561404e-06,-1.875145e-05,4.802938e-04,-2.999871e-01,-4.005355e-01,-2.075633e+00
1700,1.708673e-16,1.192637e-05,8.941056e-06,5.327650e-04,-1.473012e+00,7.367325e-02,6.692643e+00
1701,8.495934e-18,1.629764e-05,-1.086591e-06,5.365573e-04,8.502722e-01,3.971518e-01,6.416225e+00
1702,1.316080e-17,3.058528e-06,1.667150e-05,5.408863e-04,-2.290292e+00,-1.896816e+00,8.560637e+00
1703,2.507847e-18,1.953184e-05,-7.960772e-10,5.326046e-04,2.283583e-01,2.046002e-01,5.626270e+00
1704,2.987835e-18,2.186990e-05,2.351584e-06,5.398764e-04,3.792071e-01,-6.742389e-01,2.069309e+00
1705,3.084951e-18,3.122288e-06,1.564428e-06,5.289005e-04,1.908917e-01,-9.098049e-02,-4.390989e-01
1706,5.751110e-17,4.953916e-06,-2.660125e-05,5.201846e-04,-1.589005e+00,3.898282e-02,1.258413e+01
1707,2.460899e-18,2.296397e-06,-2.026650e-05,5.170468e-04,-4.060286e-01,4.519300e-01,1.688491e+01
1708,5.242441e-17,1.000975e-05,-1.767358e-05,5.238126e-04,1.437571e-01,4.337121e-01,4.121304e+00
1709,1.855017e-17,8.282931e-06,-3.906581e-06,5.129067e-04,-7.976376e-01,4.539202e-01,5.548573e+00
1710,8.454251e-17,8.501982e-06,-3.936759e-06,5.127999e-04,-6.285914e-01,2.512450e-01,5.459379e+00
1711,6.225243e-18,7.809407e-06,-1.406362e-05,5.160706e-04,-5.298836e-02,5.864416e-03,8.393158e+00
1712,1.253185e-17,1.780539e-05,-2.316223e-05,5.089706e-04,-5.557241e-01,9.733916e-01,9.110462e+00
1713,4.829298e-18,7.035019e-06,-2.500063e-05,5.089810e-04,-3.599808e-01,8.956224e-02,1.044299e+01
1714,1.136372e-17,1.236296e-05,-1.979047e-05,5.111559e-04,6.668280e-02,3.722769e+00,5.723695e+00
1715,3.343685e-17,2.106325e-05,-1.341335e-05,5.285907e-04,2.465177e-01,8.825027e-01,7.203059e+00
1716,3.252617e-18,1.957319e-05,-1.723607e-05,5.211777e-04,-1.840067e-01,6.767261e-02,7.332494e+00
1717,4.843777e-17,1.362539e-05,-1.535196e-05,5.090027e-04,8.928902e-01,9.961437e-01,2.709895e+00
1718,2.040214e-18,1.943195e-05,-1.718631e-05,5.072520e-04,-9.699414e-03,2.429796e-02,6.441155e+00
1719,1.301672e-18,2.349022e-06,-2.031946e-05,5.035298e-04,-8.099445e-02,3.240675e-01,6.359669e+00
1720,3.979016e-18,2.106378e-05,-1.254268e-05,5.157302e-04,1.216387e+00,8.764292e-01,3.020407e+00
1721,5.686578e-17,4.506457e-05,-9.590507e-06,5.484654e-04,-1.460761e+00,-3.101595e+00,2.021753e+01
1722,9.740541e-17,2.849818e-05,-1.116443e-05,5.474618e-04,-4.536978e-01,4.223534e-01,4.519846e+00
1723,4.293256e-18,4.062968e-05,-1.094737e-05,5.366675e-04,2.459643e-02,-1.214215e-01,1.258443e+01
1724,5.416300e-18,3.992777e-05,-9.779102e-06,5.479084e-04,-8.361243e-02,-1.662586e+00,8.183390e+00
1725,5.667505e-17,2.467116e-05,-3.563859e-06,5.431947e-04,4.415818e-01,-1.802681e-01,7.351366e+00
1726,3.895927e-18,2.420389e-05,-9.356602e-06,5.489770e-04,-9.915435e-03,-2.390716e-01,4.228361e+00
1727,9.461140e-19,3.358936e-05,-1.796953e-05,5.484010e-04,-3.614553e-02,-3.890422e-02,2.694355e+00
1728,1.750039e-17,1.025097e-05,-2.393342e-05,5.389781e-04,1.120501e+00,1.008244e+00,1.691647e+01
1729,5.187857e-17,1.346409e-05,-8.760380e-06,5.402983e-04,-5.345163e-01,1.019384e+00,3.922190e+00
1730,1.666825e-18,8.450719e-06,-9.371770e-06,5.422691e-04,5.388982e-01,-3.646312e-02,2.249006e+00
1731,1.315551e-18,9.358621e-06,-5.444164e-06,5.402702e-04,-2.585405e-01,7.766726e-01,-1.432981e+00
1732,4.374611e-18,1.718323e-05,-2.343678e-05,5.403403e-04,-7.621455e-01,-1.029154e-02,2.269098e+00
1733,2.383319e-18,1.570489e-06,-2.421527e-05,5.332419e-04,-6.992850e-02,-2.584582e-01,9.355556e-01
1734,4.685206e-18,-2.382782e-04,-1.562821e-06,5.021456e-04,-3.091294e-03,1.196096e-02,9.979188e+00
1735,1.519436e-17,-2.296889e-04,9.768943e-06,4.903812e-04,1.363462e+00,-1.634885e+00,7.528587e+00
1736,1.051895e-16,-2.292513e-04,9.585052e-06,4.906235e-04,5.329520e-01,-1.193248e+00,8.445709e+00
1737,6.505264e-17,-2.489406e-04,7.213723e-06,4.863487e-04,4.337013e-01,-7.472032e-01,1.733129e+00
1738,2.989945e-18,-2.492667e-04,2.460903e-05,4.801018e-04,-5.215938e-02,-2.395631e-02,1.903453e+00
1739,3.147722e-18,-2.265458e-04,7.815749e-06,4.791122e-04,3.264643e+00,2.754272e-02,5.148461e+00
1740,2.396265e-18,-2.265223e-04,9.891697e-06,4.828079e-04,-4.045106e-01,-3.267716e-02,5.948290e+00
1741,1.426737e-17,-2.286804e-04,1.354012e-05,4.771982e-04,9.621331e-01,-2.510884e+00,2.728382e+00
1742,9.329232e-19,-2.274888e-04,7.668983e-06,4.849177e-04,2.507796e+00,8.466413e-01,9.703871e+00
1743,2.785655e-17,-2.487559e-04,2.401370e-05,4.897026e-04,-2.716485e-02,9.898881e-02,1.900716e+00
1744,1.433003e-18,-2.343856e-04,1.013363e-05,4.779138e-04,-2.414041e-02,-4.616419e-01,6.220592e-01
1745,2.896898e-18,-2.437490e-04,1.559268e-06,4.914387e-04,-8.317739e-03,-1.181145e-01,2.473800e-01
1746,1.149839e-17,-2.450624e-04,1.463669e-05,4.848971e-04,1.065041e-01,1.753331e-01,-2.891556e-01
1747,1.394441e-18,-2.496065e-04,1.406425e-05,4.830759e-04,-2.392220e-01,-1.397859e-01,3.315291e-01
1748,1.722645e-18,-2.496099e-04,5.467108e-06,4.782892e-04,-3.370134e-02,2.347844e-01,3.775329e+00
1749,1.188523e-17,-2.405037e-04,2.424776e-05,4.907164e-04,4.974343e-02,1.310927e-03,1.080728e+00
1750,3.507787e-18,-2.305509e-04,2.342632e-06,4.964207e-04,7.689674e-01,-2.619276e-01,1.328995e+00
1751,1.460125e-18,-2.476361e-04,2.460844e-05,4.829942e-04,-2.660402e-01,1.646668e-01,1.602492e+00
1752,2.755771e-18,-2.429813e-04,-1.642767e-05,4.854169e-04,-5.026397e-01,-1.670107e-01,-3.271975e+00
1753,3.762757e-17,-2.327089e-04,-1.325201e-05,4.833533e-04,-2.880365e+00,1.862050e+00,6.089305e+00
1754,3.336427e-18,-2.328239e-04,-1.488280e-05,4.931360e-04,-3.547371e-01,-1.052741e+00,1.444936e+01
1755,1.702419e-17,-2.347559e-04,-1.556622e-05,4.993874e-04,1.279401e-01,9.171756e-01,1.734851e+01
1756,1.694191e-17,-2.310393e-04,-1.645025e-05,4.756599e-04,3.046637e+00,1.132333e+00,3.372024e+00
1757,1.979884e-17,-2.295862e-04,-1.182067e-05,4.927749e-04,4.476960e-01,-8.817460e-01,9.820745e+00
1758,5.397392e-18,-2.375019e-04,-1.973664e-06,4.954142e-04,2.667146e-02,3.384296e-01,6.955569e+00
1759,1.586628e-17,-2.492669e-04,-9.021964e-06,4.947038e-04,-3.153959e-02,-1.486535e-01,3.152997e+00
1760,2.531500e-17,-2.322126e-04,-5.111033e-06,4.774722e-04,6.164578e-01,-2.144304e+00,2.804870e+00
1761,3.265277e-18,-2.460767e-04,-1.406003e-05,4.868456e-04,1.004173e+00,3.019469e-01,4.401005e+00
1762,2.885243e-18,-2.304675e-04,-4.684598e-06,5.009089e-04,6.330751e-02,1.595097e-01,1.215740e+01
1763,3.344371e-18,-2.437527e-04,-7.814874e-06,4.931061e-04,1.680397e-01,-2.211409e-01,1.719613e+00
1764,1.012071e-18,-2.496093e-04,-6.765638e-07,4.890001e-04,1.045894e-01,-7.043189e-01,-8.260292e-01
1765,6.176243e-18,-2.312730e-04,-1.173857e-05,5.003180e-04,-3.226826e-01,-4.615544e-02,1.244513e+01
1766,1.251317e-18,-2.296858e-04,-1.093477e-05,4.888180e-04,-1.167367e-01,1.771093e-01,1.190839e+01
1767,4.397188e-18,-2.304692e-04,-4.687105e-06,4.966008e-04,2.495300e-03,-3.366593e-02,9.800265e+00
1768,3.868461e-18,-2.297420e-04,-1.097018e-05,4.835667e-04,-5.906473e-01,-2.228300e-01,6.347263e+00
1769,4.899110e-18,-2.304698e-04,-4.688598e-06,4.912024e-04,-6.317160e-02,-4.407982e-02,8.868887e+00
1770,2.241534e-18,-2.461021e-04,-1.339064e-05,4.827905e-04,-5.095281e-01,-8.705617e-01,2.838742e+00
1771,1.546977e-18,-2.453201e-04,-2.030183e-05,4.896533e-04,-8.492651e-02,1.974673e-02,6.868472e-01
1772,4.170988e-18,-2.304693e-04,-4.689702e-06,4.849178e-04,-2.595288e-01,-1.645647e-01,4.918330e+00
1773,6.209015e-18,-2.296826e-04,-2.435123e-05,4.863397e-04,-1.068293e-01,5.211451e-03,1.490323e+00
1774,4.189034e-17,-2.347690e-04,9.747539e-06,5.105686e-04,-3.216948e+00,-1.032729e+00,1.122317e+01
1775,5.777792e-18,-2.301731e-04,6.885597e-06,5.048592e-04,-1.696689e+00,-3.123037e-01,1.210702e+01
1776,1.148033e-17,-2.457521e-04,2.190208e-05,5.143005e-04,-1.565779e+00,3.817668e-01,2.760503e+00
1777,3.161002e-18,-2.437481e-04,1.951719e-05,5.048236e-04,1.517982e-03,3.486750e-01,4.405701e+00
1778,3.398241e-18,-2.281231e-04,1.493063e-05,5.174928e-04,-1.126704e-01,7.263668e-01,1.692939e+00
1779,9.236225e-18,-2.434918e-04,-3.871982e-07,5.143817e-04,5.963033e-01,4.223003e-01,9.687677e-01
1780,2.182326e-17,-2.440203e-04,-1.926828e-05,5.240392e-04,-6.924224e+00,-8.762146e-01,2.830888e+01
1781,4.292943e-18,-2.400410e-04,-1.719683e-05,5.142069e-04,-4.388948e+00,1.167859e-01,2.294134e+01
1782,2.220979e-16,-2.382526e-04,-1.242532e-05,5.188227e-04,-2.005940e+00,-1.549351e-01,1.096371e+01
1783,5.145466e-17,-2.489348e-04,-2.234023e-05,5.075441e-04,-3.944292e-01,-3.032774e+00,7.193518e+00
1784,5.734435e-17,-2.304845e-04,-5.424011e-06,5.144226e-04,9.770967e-02,1.639855e-01,1.465943e+01
1785,3.648985e-18,-2.312201e-04,-1.174452e-05,5.048597e-04,8.303088e-02,2.213482e-02,1.419705e+01
1786,4.940133e-18,-2.373987e-04,-1.636496e-05,5.092606e-04,-3.030873e+00,-1.388362e-01,2.145089e+01
1787,1.237887e-17,-2.336395e-04,-1.173442e-05,5.118448e-04,-2.393674e+00,7.113966e-01,1.677197e+01
1788,1.844081e-17,-2.491812e-04,-7.690640e-06,5.208387e-04,1.447368e-02,1.095159e-01,1.053878e+01
1789,1.449438e-17,-2.472304e-04,-9.163035e-06,5.075603e-04,-8.801016e-01,1.414830e+00,9.431191e+00
1790,4.194592e-18,-2.364136e-04,-2.346341e-06,5.100859e-04,-2.586971e-01,3.904936e-02,7.643249e+00
1791,4.610322e-18,-2.304697e-04,-4.689625e-06,5.044802e-04,-1.121063e-01,-1.631471e-01,1.306411e+01
1792,7.551762e-18,-2.387005e-04,-8.194836e-06,5.078374e-04,-7.032881e-01,-4.354209e-01,8.339434e+00
1793,2.328881e-19,-2.410146e-04,-6.638638e-06,5.257135e-04,8.105914e-01,-3.030082e-01,7.630753e-01
1794,2.053393e-16,-7.743772e-06,-5.355972e-05,5.339150e-04,-3.343644e-01,1.367942e-01,1.021270e+01
1795,7.443319e-17,-1.577714e-05,-4.372834e-05,5.485832e-04,-1.852273e+00,-7.744780e-01,1.415680e+01
1796,8.885375e-17,1.197310e-05,-3.123548e-05,5.474529e-04,-1.458721e+00,-3.192405e-01,1.191136e+01
1797,1.964140e-16,-7.797305e-06,-3.782437e-05,5.352334e-04,-2.080539e-01,-1.237442e-01,4.166471e+00
1798,1.416645e-17,-3.889889e-06,-3.381556e-05,5.493941e-04,-1.149201e+00,-5.605960e-02,1.299465e+01
1799,2.148060e-18,1.328879e-05,-3.906371e-05,5.312364e-04,-1.463981e-01,1.715048e-01,4.792928e+00
1800,2.758471e-18,1.172296e-05,-4.218204e-05,5.297341e-04,-5.847355e-01,-2.399921e-01,3.713177e+00
1801,4.197433e-18,7.812414e-06,-3.827892e-05,5.418905e-04,1.210374e-01,2.565657e-03,6.100992e+00
1802,5.370095e-19,2.070138e-05,-3.984646e-05,5.498550e-04,3.404604e-01,1.709888e-02,1.221117e+01
1803,1.383557e-18,-6.243224e-06,-2.656236e-05,5.496839e-04,7.436724e-02,-6.957257e-02,1.075509e+01
1804,4.619006e-17,-1.093905e-05,-5.673633e-05,5.412323e-04,-6.539848e-01,1.957704e+00,1.363052e+01
1805,8.575480e-17,-5.341660e-06,-6.612068e-05,5.367077e-04,1.915342e-01,-7.936055e-01,1.016223e+01
1806,4.226307e-18,-1.171729e-05,-6.562571e-05,5.410272e-04,-3.312111e-01,-1.398900e-01,8.480448e+00
1807,1.198989e-17,-1.564778e-05,-6.157651e-05,5.488204e-04,9.876635e-04,-7.742255e-01,6.388510e+00
1808,4.532476e-18,-2.265634e-05,-5.313149e-05,5.381383e-04,-1.313188e+00,-2.129886e-01,5.988408e+00
1809,4.550262e-18,-2.345043e-06,-6.016440e-05,5.334040e-04,-1.678355e-01,-1.488096e-02,5.148207e+00
1810,9.452531e-19,-7.038866e-06,-7.264798e-05,5.446581e-04,2.565791e-03,5.035736e-02,-3.166843e-01
1811,1.949840e-16,6.854528e-06,-7.050231e-05,5.455564e-04,-1.182134e-01,1.013439e+00,6.898906e+00
1812,3.103288e-16,1.194235e-05,-6.590153e-05,5.396278e-04,-3.595843e-01,-1.347891e-01,8.238615e+00
1813,4.095094e-17,1.553558e-05,-6.977966e-05,5.329746e-04,9.829397e-01,-1.246861e+00,1.312909e+01
1814,3.479337e-17,1.146182e-05,-5.365573e-05,5.290852e-04,-8.640143e-02,1.050052e+00,8.122662e+00
1815,2.035594e-17,2.540975e-06,-5.253926e-05,5.260964e-04,-8.454237e-01,-8.564237e-01,4.786796e+00
1816,4.080597e-18,9.389157e-06,-5.703063e-05,5.360771e-04,5.404426e-02,5.214285e-02,6.681781e+00
1817,7.155296e-19,1.419263e-05,-7.279547e-05,5.432964e-04,1.699053e-01,-6.477956e-02,9.891481e-01
1818,2.282842e-18,3.069579e-06,-7.575583e-05,5.129993e-04,1.078008e+00,-1.118477e+00,1.581078e+01
1819,4.363000e-18,-2.187064e-05,-5.312447e-05,5.106165e-04,-8.505896e-01,-1.808217e-02,9.986934e-01
1820,5.181068e-17,-5.595855e-06,-5.304703e-05,5.146442e-04,7.134335e-01,1.296618e+00,7.984755e+00
1821,1.027858e-17,-1.132373e-05,-7.248411e-05,5.085843e-04,3.080667e-01,-1.374745e+00,1.077670e+01
1822,2.454487e-18,-7.749601e-07,-5.312836e-05,5.206668e-04,-7.834487e-02,-6.819997e-03,8.875010e+00
1823,2.367108e-18,-1.172057e-05,-6.954072e-05,5.154852e-04,3.437539e-01,2.547542e-01,9.667051e+00
1824,1.115535e-18,-1.329270e-05,-6.951788e-05,5.036336e-04,-1.593580e-01,-1.105840e-01,8.640044e+00
1825,5.286755e-18,-1.327986e-05,-6.125749e-05,5.163983e-04,-1.093190e+00,2.875038e+00,3.586041e+00
1826,4.295721e-18,-3.138187e-06,-6.328321e-05,5.112664e-04,-6.803584e-01,-3.467894e-02,4.780048e+00
1827,3.454052e-18,-1.091064e-05,-5.466054e-05,5.040899e-04,-5.367313e-02,-5.595715e-02,6.153913e+00
1828,1.127391e-18,-1.093248e-05,-5.469443e-05,5.112621e-04,3.537756e-01,-7.022536e-02,5.756030e+00
1829,4.605429e-18,-7.856607e-07,-5.312665e-05,5.149230e-04,-4.776003e-02,2.949928e-02,6.064077e+00
1830,2.433600e-18,1.103593e-05,-6.102689e-05,5.148141e-04,-2.369850e-01,-2.863900e-01,8.561494e+00
1831,6.891246e-18,1.228406e-05,-6.016662e-05,5.222416e-04,1.825577e-02,5.293318e-01,9.854031e+00
1832,8.446692e-18,1.710431e-05,-4.991635e-05,5.096013e-04,1.308095e-01,3.310332e+00,6.116228e+00
1833,2.921756e-17,9.260107e-06,-6.410587e-05,5.132911e-04,2.416808e-01,1.641863e-01,4.867911e+00
1834,1.222901e-17,1.771317e-05,-6.875054e-05,5.143958e-04,1.501761e-01,-1.427508e-01,4.828001e+00
1835,2.615353e-18,6.249094e-06,-5.703731e-05,5.229858e-04,-1.988303e-02,1.923097e-01,4.328646e+00
1836,3.400090e-18,7.026830e-06,-4.452968e-05,5.249050e-04,-2.571688e-02,1.162860e-02,4.128694e+00
1837,3.158620e-18,7.819377e-06,-3.828915e-05,5.039667e-04,2.766333e-01,4.660467e-01,1.866862e+00
1838,1.030974e-17,3.789177e-06,-3.070122e-05,5.050378e-04,2.404053e-01,1.966237e+00,2.119306e+00
1839,5.015836e-17,-1.036282e-05,-1.870933e-06,4.929688e-04,2.554252e+00,1.145384e+00,8.292313e+00
1840,1.258984e-17,-1.538074e-05,7.100540e-06,4.771681e-04,-1.555964e+00,-4.617832e+00,4.749953e+00
1841,2.432529e-18,-1.404866e-05,2.193514e-05,4.683101e-04,5.007455e-02,-4.534363e-01,-1.256866e+00
1842,1.366640e-17,-1.377454e-05,2.073195e-05,4.743546e-04,3.554557e-01,-5.417473e-01,1.729661e+00
1843,4.202054e-18,-1.330140e-05,3.140075e-06,4.770089e-04,3.605910e-01,9.012222e-01,3.473494e+00
1844,3.445746e-19,-1.836067e-05,1.132750e-05,4.747837e-04,2.696364e-01,1.262324e+00,2.439555e+00
1845,7.618920e-18,-7.033525e-06,2.421851e-05,4.961930e-04,-1.112331e-01,-5.807733e-01,4.322994e+00
1846,8.444410e-17,-6.908803e-06,2.414111e-05,4.965086e-04,-1.523003e-01,-3.504038e-01,4.200641e+00
1847,1.529533e-18,-6.249600e-06,2.579078e-05,4.833474e-04,-7.923169e-01,-6.003585e-02,-5.843723e-02
1848,8.927177e-17,-1.721394e-05,8.319156e-06,4.894239e-04,1.768771e-01,-1.514261e+00,1.136571e+01
1849,2.308437e-17,-3.483626e-06,1.112010e-05,4.875542e-04,2.604378e-01,5.479102e-01,3.202662e-01
1850,1.080740e-17,-1.250668e-05,8.081858e-06,4.965441e-04,1.387386e-01,2.678309e+00,1.533565e+01
1851,2.531923e-17,-1.318973e-05,3.987932e-06,4.869552e-04,-1.670820e-01,-2.843419e-01,1.177053e+01
1852,6.155424e-18,-6.799182e-06,9.384671e-06,4.974543e-04,-2.449598e-01,-1.095187e+00,7.429882e+00
1853,7.989974e-18,-1.799678e-05,1.047742e-05,4.802026e-04,2.622501e+00,-1.919632e-01,8.249823e+00
1854,4.834258e-19,-1.523546e-05,1.093570e-05,4.981306e-04,-3.158986e-02,9.172201e-01,1.327404e+01
1855,1.183900e-17,-6.014862e-06,1.616838e-05,4.833998e-04,2.169339e-01,-5.137811e-01,1.430089e+00
1856,1.996802e-17,-1.160379e-05,2.558979e-05,4.869328e-04,1.182038e+00,1.951434e+00,2.495501e+00
1857,9.905279e-19,-5.320013e-06,1.940909e-05,4.988990e-04,-3.453870e-01,-8.042582e-02,-8.659339e-01
1858,5.193529e-18,-2.518043e-05,1.408323e-05,4.827464e-04,5.540330e-01,-5.020179e-02,2.850744e+00
1859,3.265626e-18,-7.819897e-06,1.874800e-05,4.953949e-04,-5.811909e-02,-1.234187e-01,8.125580e-01
1860,2.638243e-18,-1.334715e-05,5.469078e-06,4.922869e-04,1.614513e-01,2.785258e+00,2.986675e+00
1861,1.583370e-18,-2.265941e-05,1.718971e-05,4.872828e-04,1.004943e+00,-1.595203e-01,-3.210475e-01
1862,6.619366e-19,-1.332900e-05,3.516432e-06,4.802121e-04,-2.090977e+00,5.390587e-01,5.778116e+00
1863,9.904449e-18,-2.766017e-05,1.153396e-05,4.755841e-04,-2.137440e+00,-1.937156e+00,8.040577e-01
1864,7.621410e-18,-4.296680e-05,1.250281e-05,4.892212e-04,-9.635487e-01,-5.420572e-02,4.268976e+00
1865,1.523650e-17,-4.257713e-05,5.078829e-06,4.989253e-04,1.420096e+00,7.645823e-02,7.384210e+00
1866,8.680694e-17,-4.255576e-05,5.216787e-06,4.988333e-04,1.160902e+00,2.821501e-01,7.205923e+00
1867,6.083582e-17,-4.310363e-05,1.270636e-05,4.892329e-04,-9.697779e-01,-3.318696e-02,3.810682e+00
1868,4.174814e-18,-3.437712e-05,7.029595e-06,4.927207e-04,-1.291349e-01,4.945625e-02,6.574470e+00
1869,4.039992e-18,-4.483073e-05,8.540864e-06,4.883134e-04,2.362243e+00,5.456294e-01,4.904435e+00
1870,1.460458e-18,-3.832453e-05,1.875005e-05,5.013470e-04,7.298265e-01,-5.617374e-03,3.968810e+00
1871,2.894752e-18,-3.355545e-05,1.564510e-06,4.891881e-04,3.436577e-01,2.287057e-02,2.094911e+00
1872,3.110066e-18,-3.047224e-05,8.593490e-06,4.868670e-04,8.800298e-02,-1.954809e-01,-1.150848e+00
1873,1.031198e-18,-3.515138e-05,1.485543e-05,4.818088e-04,-4.070014e-02,-9.317267e-02,2.435200e+00
1874,1.085479e-18,-3.514378e-05,1.485055e-05,4.880458e-04,-3.408893e-02,-8.727904e-02,1.801362e+00
1875,1.562751e-18,-4.531542e-05,8.587487e-06,4.841414e-04,-5.421455e-01,-1.253444e+00,3.221668e+00
1876,5.097308e-18,-4.220514e-05,1.173225e-05,4.808474e-04,4.976666e-01,8.349475e-01,1.975659e+00
1877,2.686150e-17,-3.460078e-05,2.405432e-05,4.829082e-04,1.548253e-02,1.596339e-02,8.188714e-01
1878,2.205958e-16,-9.914390e-06,1.849210e-04,5.117757e-04,2.119925e-01,8.459389e-01,3.563404e+00
1879,3.696655e-18,-8.593506e-06,1.929695e-04,5.230732e-04,-1.377872e+00,1.069137e+00,5.346827e+00
1880,4.953335e-17,-8.478979e-06,1.922402e-04,5.227623e-04,-1.231180e+00,1.032411e+00,5.223035e+00
1881,4.151140e-17,-6.826843e-06,1.740713e-04,5.146183e-04,-1.269166e+00,-2.782913e+00,1.746591e+01
1882,1.730511e-16,-1.367817e-05,2.014065e-04,5.180675e-04,-2.443717e-01,-8.062217e-01,9.457613e+00
1883,2.461611e-18,-3.967841e-06,1.789623e-04,5.079029e-04,1.604806e-01,-1.105627e+00,1.511092e+01
1884,7.093190e-17,-1.535445e-05,1.764745e-04,5.282546e-04,8.246744e-01,-1.023951e+00,5.723336e+00
1885,7.451581e-18,-1.915314e-05,1.823745e-04,5.086032e-04,2.401907e-01,-1.624094e-01,3.214151e+00
1886,1.128662e-17,-2.068629e-05,1.933146e-04,5.131800e-04,3.978612e-01,-3.857043e-02,3.751049e+00
1887,4.969822e-19,-1.679248e-05,1.820267e-04,5.066901e-04,-7.063261e-01,-6.952103e-02,5.132421e+00
1888,2.683801e-17,-7.055708e-06,1.945649e-04,5.275226e-04,-1.366435e+00,-2.235715e+00,5.126611e+00
1889,2.488277e-18,-8.597373e-06,1.953078e-04,5.063498e-04,3.016825e-01,8.002041e-02,1.537391e+00
1890,3.866195e-18,-3.905781e-06,1.929710e-04,5.051679e-04,9.156282e-02,-3.201682e-03,1.450552e+00
1891,9.685445e-17,-7.908968e-06,2.283604e-04,5.225580e-04,2.958209e-01,-3.960131e-01,7.483892e+00
1892,4.925056e-17,-1.534664e-05,2.215176e-04,5.149271e-04,-1.841333e-01,6.007517e-01,5.136167e+00
1893,1.471366e-17,-2.381479e-06,2.052624e-04,5.082572e-04,1.769294e-01,1.833431e+00,3.277498e+00
1894,2.856903e-17,-1.281543e-05,2.062294e-04,5.277621e-04,-8.590069e-01,-4.782393e-01,1.018474e+01
1895,1.430022e-18,-7.031567e-06,2.084679e-04,5.084598e-04,2.386722e-01,5.029652e-02,2.019664e+00
1896,3.805570e-18,-2.345086e-06,2.148451e-04,5.089410e-04,1.160105e-01,3.085334e-02,4.684761e+00
1897,2.892772e-18,-1.718858e-05,2.070342e-04,5.260741e-04,1.509138e-01,-2.067985e-02,3.140980e+00
1898,1.130435e-18,-2.340754e-06,2.148435e-04,5.142620e-04,-1.501510e-01,4.266532e-02,2.918356e+00
1899,3.071676e-18,-6.249099e-06,2.218787e-04,5.230161e-04,1.701407e-01,-5.835320e-02,2.885710e+00
1900,3.102963e-18,-1.412374e-05,2.179662e-04,5.256090e-04,2.867945e-01,-8.954630e-02,1.933170e+00
1901,2.173240e-17,-1.914554e-05,2.188274e-04,5.216531e-04,3.624515e-01,3.249749e-01,6.402171e-01
1902,2.050249e-17,-1.396134e-05,2.226884e-04,5.479139e-04,5.886843e-01,-1.879054e+00,1.019622e+01
1903,5.439148e-17,-8.375323e-06,2.164980e-04,5.340919e-04,-1.182511e+00,5.782997e-01,9.680366e+00
1904,1.190020e-17,-1.017301e-05,2.021753e-04,5.438929e-04,7.349405e-01,-3.378101e-01,7.428064e+00
1905,2.297532e-18,-6.254525e-06,1.992249e-04,5.450464e-04,-1.958766e-01,1.150378e-01,2.731445e+00
1906,9.961902e-19,-1.798504e-05,2.070271e-04,5.403957e-04,1.355551e-01,1.136400e-01,2.196398e+00
1907,1.778201e-17,-1.077340e-05,2.492212e-04,5.454831e-04,-1.436351e+00,8.686110e-02,6.754779e+00
1908,7.359831e-19,-2.304368e-05,2.496114e-04,5.154258e-04,-1.396587e+00,4.980611e-01,2.330613e+01
1909,1.395746e-18,-2.186849e-05,2.496098e-04,5.108780e-04,-2.175004e+00,1.987524e-01,2.034653e+01
1910,2.252806e-17,-8.863618e-06,2.330437e-04,5.048129e-04,1.202112e+00,1.293156e-01,7.650691e+00
1911,1.794105e-18,-2.053797e-05,2.496070e-04,5.079149e-04,9.411049e-02,3.184214e-01,1.948448e+01
1912,3.661906e-18,-2.444126e-06,2.265232e-04,5.062130e-04,-4.782968e-01,7.258793e-01,8.789963e+00
1913,2.247867e-18,-8.595157e-06,2.289097e-04,5.161821e-04,2.276101e-01,-3.647243e-02,8.902868e+00
1914,6.842304e-18,-1.116214e-05,2.359228e-04,5.073507e-04,-3.351296e-01,1.479177e-01,2.913045e+00
1915,1.133634e-18,-1.639883e-05,2.382741e-04,5.181705e-04,3.891940e-01,-1.633263e-01,3.757866e-01
1916,6.511543e-17,-1.073884e-05,2.485680e-04,5.451610e-04,-1.195711e+00,1.424610e-01,6.785415e+00
1917,4.291070e-17,-1.556199e-05,2.489493e-04,5.323595e-04,-3.207353e-01,3.675949e-02,7.130747e+00
1918,4.646413e-18,-1.406119e-05,2.343744e-04,5.301095e-04,1.712894e-02,-4.504388e-01,6.062184e+00
1919,4.687469e-18,-9.370785e-06,2.328056e-04,5.418353e-04,2.146207e-02,-1.973438e-01,4.575067e+00
1920,2.408643e-18,-3.906210e-06,2.398455e-04,5.275327e-04,-1.857186e-02,-3.853792e-02,2.809222e+00
1921,3.713319e-18,-3.903599e-06,2.336540e-04,5.349271e-04,2.346988e-02,1.363569e-02,6.856430e-02
1922,8.241937e-17,-6.697283e-06,1.930168e-04,5.414173e-04,-1.003679e+00,4.906839e-01,7.311019e+00
1923,3.300985e-18,-1.093630e-05,1.799911e-04,5.475635e-04,-9.363288e-02,3.389806e+00,2.716911e+01
1924,2.810611e-17,-1.492727e-05,1.976210e-04,5.302359e-04,4.552345e-01,3.256806e-01,6.277032e+00
1925,1.153080e-16,-2.353643e-05,6.158222e-05,4.859581e-04,4.228142e-02,-1.738113e-01,5.175392e-01
1926,2.607780e-19,-1.055211e-05,4.960517e-05,4.864896e-04,2.061952e+00,-2.206361e+00,2.125559e+00
1927,2.503199e-18,-4.649610e-06,5.542880e-05,4.901307e-04,3.374714e-02,-1.382315e-01,4.995618e-02
1928,2.396165e-18,-2.343865e-06,6.484364e-05,4.915999e-04,-5.555958e-03,-4.732880e-02,-1.095202e+00
1929,2.365536e-18,-2.335792e-06,6.015444e-05,4.868325e-04,-5.507178e-01,7.152076e-02,-4.332324e-01
1930,8.599265e-19,-1.055059e-05,4.909747e-05,4.956101e-04,1.720304e+00,-1.477499e-01,7.047755e+00
1931,2.670664e-17,-1.038116e-05,6.238893e-05,4.938887e-04,2.786356e-01,-6.373193e-01,3.411256e+00
1932,1.116330e-16,-1.032176e-05,6.235969e-05,4.939435e-04,2.364464e-01,-4.850500e-01,3.064990e+00
1933,1.819890e-18,-9.441008e-06,4.914703e-05,4.910516e-04,2.204554e+00,-9.350422e-02,4.905021e+00
1934,2.709000e-18,-1.718105e-05,6.873912e-05,4.853447e-04,-1.670492e-01,1.267459e-01,6.314797e+00
1935,2.252598e-17,-1.842493e-05,7.072880e-05,4.892928e-04,-1.962543e-01,6.377163e-01,6.045405e+00
1936,3.214505e-18,-6.289682e-06,5.386515e-05,4.994994e-04,-2.724173e-01,-1.023557e+00,5.293209e+00
1937,1.353348e-17,-1.810317e-05,5.202968e-05,4.993491e-04,-2.217165e-01,1.468586e-01,3.179513e+00
1938,1.401407e-17,-2.005632e-05,6.344355e-05,4.806694e-04,-7.073394e-01,1.067816e-02,2.993590e+00
1939,1.646679e-17,-1.667590e-05,5.474389e-05,4.803128e-04,9.285616e-01,-4.198955e-01,8.901992e-01
1940,6.096278e-17,-1.338572e-05,4.882175e-05,4.812719e-04,-2.874808e-01,-1.041295e+00,2.275029e+00
1941,6.167607e-18,-2.473882e-09,7.347040e-05,4.925767e-04,-1.154132e-01,-7.729055e-02,1.551800e+01
1942,1.683946e-18,-1.641174e-05,6.093407e-05,4.872771e-04,4.867548e-01,-4.168063e-01,1.234779e+00
1943,3.880908e-18,-6.227000e-06,5.549456e-05,4.838139e-04,-1.936453e-01,6.352046e-02,1.356796e+00
1944,9.122105e-18,-2.431653e-05,7.109403e-05,4.894381e-04,-2.757706e-02,-1.422591e-02,1.160381e+00
1945,5.104372e-18,-2.242596e-07,5.937499e-05,4.908642e-04,7.658310e-01,8.377276e-03,-3.168534e-01
1946,2.280228e-18,-2.461018e-05,5.390325e-05,4.973151e-04,-5.586113e-02,-1.157359e-01,2.051987e+00
1947,7.548427e-18,7.031415e-06,5.859372e-05,5.024301e-04,-8.119681e-01,-6.150661e-01,4.492933e+00
1948,7.649010e-17,6.846274e-06,5.898378e-05,5.023508e-04,-4.343724e-01,-3.254511e-01,4.285240e+00
1949,7.373381e-18,1.719561e-05,5.375896e-05,4.934508e-04,1.978294e-02,9.871237e-01,8.471417e+00
1950,3.222021e-17,9.009752e-06,6.066737e-05,4.876396e-04,-6.155389e-01,-6.311706e-01,8.815802e+00
1951,1.846407e-17,1.703365e-05,5.341318e-05,4.759476e-04,1.351070e+00,-1.356724e+00,2.356660e-01
1952,1.379908e-17,1.722808e-05,5.579706e-05,4.982455e-04,-7.441259e-01,-2.070287e+00,4.907509e+00
1953,2.685112e-18,1.641407e-05,6.483865e-05,4.797754e-04,-6.116208e-02,-1.937778e-02,-2.096029e+00
1954,3.848445e-19,8.987029e-06,5.586034e-05,5.012928e-04,-3.127340e+00,1.749294e+00,-3.290004e-01
1955,2.611776e-18,1.018493e-05,6.015903e-05,4.798185e-04,-7.208807e-01,2.617933e-01,5.588462e+00
1956,1.264383e-17,2.427638e-05,6.175517e-05,4.978734e-04,1.263912e-02,-3.007968e-02,1.178280e+00
1957,3.460231e-17,-2.394598e-05,3.598496e-05,4.804015e-04,6.832791e-02,8.370577e-03,3.545334e-01
1958,1.639342e-16,-6.374861e-06,4.410606e-05,4.866308e-04,1.446201e+00,2.281249e+00,7.978407e+00
1959,1.655738e-17,-1.344196e-05,4.294807e-05,4.871163e-04,1.412560e+00,-1.270020e+00,1.153305e+01
1960,2.246745e-17,-2.300937e-05,3.825630e-05,4.924419e-04,-1.428234e+00,-1.225792e+00,1.939825e+00
1961,1.385910e-17,-4.568971e-06,4.609717e-05,4.996833e-04,7.659595e-01,1.274370e-01,1.224095e+01
1962,2.392127e-17,-2.410081e-05,3.471534e-05,4.979795e-04,-2.278150e-02,2.334437e-02,1.256859e+00
1963,9.044183e-19,-5.532392e-06,4.414113e-05,4.800303e-04,4.621293e-02,2.584834e+00,7.120795e+00
1964,3.821238e-18,-2.421748e-05,3.593981e-05,4.825847e-04,-4.474616e-01,1.321433e-02,6.786162e-01
1965,5.913883e-17,1.739503e-05,6.978702e-05,5.115030e-04,-1.445432e-01,1.791479e+00,6.998595e+00
1966,2.025925e-17,1.649343e-05,5.439278e-05,5.053412e-04,-1.501877e+00,1.454518e+00,1.096446e+01
1967,3.111877e-18,1.329366e-05,6.094509e-05,5.185345e-04,-3.941664e-01,8.420535e-02,6.084392e+00
1968,4.934871e-18,7.494356e-06,5.859277e-05,5.186439e-04,-1.632193e+00,7.030081e-02,2.316536e+00
1969,3.816573e-18,1.568733e-05,7.187901e-05,5.198992e-04,2.623081e-01,-1.186666e-01,5.405103e+00
1970,1.175608e-18,3.903051e-06,5.859382e-05,5.249551e-04,4.825019e-02,5.391043e-02,4.237197e+00
1971,1.241007e-18,-1.578053e-04,-1.784701e-06,4.741418e-04,6.191059e-02,-8.416079e-01,-4.494158e+00
1972,1.856558e-17,-1.764364e-04,1.390295e-05,4.752285e-04,3.874724e-01,-4.676366e-01,-1.263169e+00
1973,1.387580e-18,-1.856232e-04,2.735306e-06,4.721282e-04,-9.919761e-01,3.731594e-02,-2.615886e+00
1974,2.632402e-18,-1.892644e-04,1.656069e-05,4.752645e-04,1.374487e+00,-6.372388e-01,3.313816e+00
1975,2.722661e-19,-1.886719e-04,1.601499e-05,4.732356e-04,4.593745e-02,1.116728e+00,3.937682e+00
1976,2.662782e-18,-1.968711e-04,1.329399e-05,4.737022e-04,6.654277e-01,-1.143792e-02,2.178178e-01
1977,3.705688e-17,-4.684394e-06,-1.589049e-04,5.239483e-04,6.801086e-01,-1.047587e+00,1.154267e+01
1978,1.612609e-16,-4.669836e-06,-1.589012e-04,5.237796e-04,7.310102e-01,-1.084470e+00,1.139074e+01
1979,1.796207e-16,-1.023548e-05,-1.548170e-04,5.045108e-04,-8.241066e-01,-1.973635e-01,9.771228e+00
1980,2.458718e-17,-1.342185e-05,-1.605462e-04,5.190161e-04,-4.473903e-01,3.225288e+00,1.727727e+01
1981,3.921298e-17,-1.111497e-05,-1.678250e-04,4.995907e-04,-8.681533e-01,-3.249612e+00,1.542447e+01
1982,3.073292e-18,-1.329612e-05,-1.609461e-04,5.275451e-04,-6.103959e-01,-3.567892e+00,1.716073e+01
1983,2.361936e-19,-1.288561e-05,-1.535200e-04,5.105196e-04,3.450381e-01,5.412257e-03,9.071194e+00
1984,1.481329e-18,-1.250003e-05,-1.664151e-04,5.097735e-04,-4.248559e-01,-1.344691e-01,1.127706e+01
1985,7.816610e-18,-3.389525e-06,-1.710937e-04,5.146449e-04,1.621467e+00,8.969551e-02,5.674855e+00
1986,7.144162e-16,-2.241293e-06,-1.635490e-04,5.318625e-04,2.084323e-01,-3.555059e-01,7.444184e+00
1987,5.014516e-18,-1.562879e-06,-1.718749e-04,5.043118e-04,1.078039e-01,-2.336451e-01,2.435695e+00
1988,9.438045e-18,3.121882e-06,-1.654267e-04,5.201390e-04,-9.165639e-02,-1.975957e-01,2.037552e+01
1989,3.030853e-17,9.344597e-06,-1.730366e-04,5.008713e-04,-3.636099e-02,-5.064227e+00,1.258152e+01
1990,1.856137e-17,1.471449e-05,-1.669011e-04,5.082113e-04,-6.216505e-01,-1.778369e+00,9.353763e+00
1991,2.448486e-17,7.168089e-06,-1.552421e-04,5.067839e-04,-6.547267e-01,-2.287269e+00,2.147948e+00
1992,3.139451e-18,3.906999e-06,-1.656259e-04,5.154657e-04,2.397463e-01,1.050134e-01,1.893559e+01
1993,1.000466e-16,5.145963e-06,-1.600964e-04,5.016048e-04,4.074598e-01,6.522884e-02,2.621907e+00
1994,3.962901e-18,1.321010e-05,-1.593897e-04,5.080260e-04,6.846386e-02,6.489401e-01,1.368392e+00
1995,2.517073e-18,3.908408e-06,-1.656275e-04,5.108752e-04,5.352491e-02,3.227664e-02,1.622361e+01
1996,4.507908e-18,1.015549e-05,-1.640617e-04,5.112629e-04,-3.612924e-01,-7.897254e-02,-1.251540e+00
1997,1.227449e-18,8.590060e-06,-1.664106e-04,5.181460e-04,-1.142159e-02,-5.712160e-02,7.902309e-01
1998,2.273444e-18,3.869361e-06,-1.656664e-04,5.067221e-04,1.896680e-01,3.079631e-02,1.417418e+01
1999,6.170963e-18,3.904399e-06,-1.656244e-04,5.008299e-04,1.713652e-01,-2.333068e-02,1.282328e+01
2000,1.953413e-16,-4.886545e-06,-1.805051e-04,5.192294e-04,6.920113e-01,5.212210e-01,6.893728e+00
2001,7.470764e-18,-3.453760e-06,-1.906212e-04,5.020248e-04,2.112213e+00,9.639798e-03,1.516830e+01
2002,5.352028e-17,-2.232497e-05,-1.831916e-04,5.130109e-04,-6.298674e-01,9.428788e-02,3.275955e+00
2003,3.737057e-17,-1.074363e-05,-1.885308e-04,5.139092e-04,-2.778378e-01,5.109706e-01,4.738816e+00
2004,1.194337e-17,-2.023434e-05,-1.900143e-04,5.218249e-04,8.279626e-02,-2.455722e-01,3.587389e+00
2005,3.299304e-18,-3.128708e-06,-1.843898e-04,5.077878e-04,1.177087e-01,-1.950438e-01,6.526098e+00
2006,4.261871e-18,-1.094066e-05,-1.913992e-04,5.074498e-04,2.030691e-01,6.462071e-02,4.805909e+00
2007,3.159488e-18,-9.378140e-06,-1.812537e-04,5.047757e-04,1.322115e-01,9.609775e-02,5.242861e+00
2008,7.330626e-18,-1.212124e-05,-1.781232e-04,5.128796e-04,4.290429e-01,-2.281050e-01,1.120191e+00
2009,3.395426e-18,-9.373284e-06,-1.953119e-04,5.093553e-04,3.515238e-01,2.242823e-01,1.267499e+00
2010,2.043719e-17,-1.643597e-05,-1.583480e-04,5.396884e-04,4.406405e-01,-4.677167e+00,2.628012e+01
2011,4.531111e-17,-1.684124e-05,-1.645892e-04,5.343200e-04,-1.134334e+00,-5.025504e+00,1.907252e+01
2012,9.391664e-17,-1.909053e-05,-1.703606e-04,5.374196e-04,-1.414475e+00,4.286638e-02,1.000885e+01
2013,3.020318e-18,3.139250e-06,-1.656118e-04,5.297248e-04,1.652280e-02,4.793155e-01,2.399233e+01
2014,2.070738e-17,-9.025816e-06,-1.534881e-04,5.415137e-04,1.973735e+00,3.693758e-01,1.764358e+01
2015,1.618246e-18,-1.719466e-05,-1.562533e-04,5.338629e-04,1.185032e-01,-3.706114e+00,2.358963e+01
2016,3.818061e-18,-1.484685e-05,-1.710918e-04,5.295018e-04,-6.096276e-03,1.707459e-03,9.979469e+00
2017,1.780427e-18,-1.523970e-05,-1.719726e-04,5.379898e-04,-2.103993e+00,4.910282e-01,2.592837e+00
2018,1.060232e-18,-1.172812e-05,-1.710870e-04,5.345226e-04,3.715954e-01,-7.069494e-01,3.459394e+00
2019,2.353957e-18,-1.048131e-05,-1.648819e-04,5.496834e-04,-2.611312e-01,9.233546e-02,1.247924e+01
2020,1.068909e-16,6.996949e-06,-1.584740e-04,5.335496e-04,-3.377392e-01,-6.043008e-01,9.168649e+00
2021,4.484896e-19,9.766027e-06,-1.531250e-04,5.279537e-04,-1.123323e-01,7.222995e-02,8.005378e+00
2022,1.025652e-18,3.686835e-06,-1.677807e-04,5.372319e-04,-2.079404e+00,1.111100e+00,5.057692e+00
2023,1.835063e-17,1.422277e-05,-1.659335e-04,5.355396e-04,1.545026e+00,-7.265792e-01,5.871668e+00
2024,1.176913e-18,1.563523e-05,-1.718764e-04,5.396395e-04,-3.869485e-02,1.625032e-02,4.738075e+00
2025,3.937146e-18,1.014107e-05,-1.562498e-04,5.418602e-04,-6.699454e-02,-3.348832e-03,4.282122e+00
2026,9.009562e-19,1.327667e-05,-1.554626e-04,5.461538e-04,-3.727714e-02,-1.653542e-02,3.090564e+00
2027,2.194049e-18,3.902943e-06,-1.523376e-04,5.282658e-04,7.563861e-02,-1.549638e-01,9.889166e-01
2028,4.431583e-19,7.730049e-07,-1.644524e-04,5.416850e-04,3.036263e-01,9.357936e-02,1.199139e+00
2029,6.746361e-19,1.341288e-05,-1.553344e-04,5.447112e-04,4.125645e-02,-9.362005e-03,1.832981e+00
2030,1.336316e-18,7.851449e-07,-1.734318e-04,5.395171e-04,-4.334148e-01,5.979322e-02,1.014237e+00
2031,4.410356e-16,-1.364942e-04,-1.525539e-05,5.406170e-04,-7.131982e-01,-8.617555e-01,6.272017e+00
2032,2.195678e-17,-1.486970e-04,6.968411e-07,5.446809e-04,4.361783e-01,-1.677226e+00,7.525841e+00
2033,7.137700e-18,-1.430131e-04,-1.051193e-05,5.453413e-04,9.996504e-01,3.541903e-01,8.648964e+00
2034,3.655580e-18,-1.476508e-04,-1.328435e-05,5.381941e-04,1.335444e-02,-1.700937e-02,7.788119e+00
2035,4.022723e-18,-1.437494e-04,-2.326778e-06,5.446978e-04,-3.635652e-03,-4.512221e-01,7.362347e+00
2036,1.863797e-17,-1.313007e-04,-4.456265e-06,5.338811e-04,-7.973641e-01,-9.029194e-01,7.007591e+00
2037,1.940368e-18,-1.266761e-04,-1.796248e-05,5.325640e-04,-6.263896e-01,2.374946e-01,3.642672e+00
2038,9.781978e-19,-1.476475e-04,-1.327823e-05,5.308782e-04,-3.916162e-03,1.499469e-01,5.366104e+00
2039,6.575364e-17,-1.455374e-04,4.802717e-06,5.366254e-04,8.687863e-01,-1.731986e-02,1.028094e+01
2040,2.119356e-18,-1.484426e-04,3.909992e-06,5.297129e-04,-2.307869e-02,8.430389e-02,9.807525e+00
2041,2.792178e-18,-1.343778e-04,1.562447e-05,5.348974e-04,5.551539e-02,4.928266e-02,1.193696e+01
2042,4.733142e-18,-1.335626e-04,1.495174e-06,5.366411e-04,-1.777016e-01,-1.082095e+00,9.033862e+00
2043,1.317546e-18,-1.399031e-04,4.764498e-06,5.358643e-04,2.624921e-02,9.603229e-02,5.499212e+00
2044,4.677680e-18,-1.267055e-04,2.347500e-06,5.286176e-04,-2.929566e-02,-3.134403e-02,6.309640e+00
2045,5.772477e-18,-1.273425e-04,4.373483e-06,5.367128e-04,-3.937961e-02,-1.364994e-01,4.543832e+00
2046,4.760977e-17,-1.359117e-04,1.738848e-05,5.478771e-04,1.970131e-01,1.976305e+00,1.487855e+01
2047,1.041377e-18,-1.398459e-04,4.689710e-06,5.279285e-04,1.825064e-02,-4.747126e-02,5.952322e+00
2048,4.683840e-18,-1.452919e-04,2.382298e-06,5.448540e-04,-4.901457e-02,1.128133e-01,1.744220e+00
2049,3.798198e-18,-1.453136e-04,2.282072e-06,5.412018e-04,1.015624e-02,-5.099041e-01,6.623569e+00
2050,3.175941e-17,-1.735506e-04,-2.248227e-05,5.397863e-04,-1.241342e+00,-4.906192e+00,2.010809e+01
2051,1.948906e-17,-1.924612e-04,1.673859e-06,5.486220e-04,-1.771945e+00,2.767281e-01,1.272857e+01
2052,6.893063e-17,-1.729196e-04,-3.619893e-08,5.466352e-04,9.421679e-01,1.211629e+00,6.668461e+00
2053,1.816879e-17,-1.907573e-04,-1.141531e-05,5.327948e-04,3.307373e-01,-9.531109e-02,5.259323e+00
2054,5.907803e-18,-1.945340e-04,-9.471664e-06,5.473028e-04,-2.104887e-02,2.265336e-01,5.330540e+00
2055,2.569674e-18,-1.851671e-04,-3.359303e-09,5.377440e-04,2.431400e-03,-3.140936e-02,5.245030e+00
2056,5.216154e-18,-1.968691e-04,-4.693982e-06,5.417660e-04,2.836845e-03,-3.287075e-02,5.630469e+00
2057,1.491035e-18,-1.804728e-04,-3.788630e-06,5.412388e-04,-6.657628e-03,7.778107e-02,2.207787e+00
2058,2.677577e-18,-1.906293e-04,-1.250114e-05,5.407204e-04,-6.870482e-02,1.234929e-01,1.376210e+00
2059,2.580977e-17,-1.969137e-04,2.212330e-05,5.426046e-04,7.661160e-01,1.569299e+00,7.160031e+00
2060,3.415472e-17,-1.794934e-04,1.237139e-05,5.292904e-04,-4.838672e-01,3.712847e-01,3.719408e+00
2061,9.487415e-19,-1.929637e-04,2.266401e-05,5.374691e-04,-1.032918e-01,-3.627151e-02,2.700112e+00
2062,2.150153e-18,-1.929620e-04,2.265858e-05,5.349038e-04,4.085348e-02,4.279712e-02,1.256777e+00
2063,2.822538e-18,-1.874984e-04,1.329137e-05,5.458039e-04,1.286016e-02,6.670222e-01,1.710290e-01
2064,5.679124e-17,-1.663652e-04,3.093535e-06,5.484100e-04,1.086897e-01,7.389117e-01,9.450468e+00
2065,1.118632e-17,-1.677072e-04,-2.262613e-05,5.405506e-04,1.906458e-01,-5.429000e-01,6.999864e+00
2066,1.954052e-17,-1.691654e-04,1.656409e-05,5.363845e-04,-1.148027e-01,-7.419198e-01,3.360735e+00
2067,1.953891e-18,-1.571479e-04,1.406514e-05,5.452511e-04,-4.885443e-01,1.504680e-01,3.292852e+00
2068,1.310782e-18,-1.523358e-04,1.563273e-05,5.374493e-04,2.917337e-01,-1.075011e-01,8.626289e-01
2069,5.628555e-18,-1.625008e-04,-7.824599e-06,5.349539e-04,1.937156e-02,5.260829e-03,5.154484e+00
2070,5.578808e-19,-1.558569e-04,-2.186479e-05,5.497785e-04,4.550563e-01,4.615986e-01,1.491224e+01
2071,1.059051e-18,-1.734395e-04,-1.485235e-05,5.403472e-04,-6.443515e-02,-1.684512e-02,-6.462096e-01
2072,9.704454e-19,-1.734396e-04,-1.484917e-05,5.425025e-04,-2.317618e-02,-1.071877e-01,-1.337753e+00
2073,9.183730e-16,2.211618e-04,-1.636156e-06,5.450785e-04,-1.952407e-01,4.750506e-01,7.946031e+00
2074,1.428756e-16,2.183664e-04,-4.634391e-06,5.263344e-04,1.324434e-01,-1.200243e+00,8.712854e+00
2075,2.190035e-16,2.028148e-04,2.339494e-06,5.400795e-04,5.551789e-02,3.485500e-01,8.660888e+00
2076,7.639134e-18,2.117174e-04,-3.127043e-06,5.275231e-04,7.296176e-03,-1.283742e-02,1.193060e+01
2077,3.597734e-17,2.149578e-04,9.088441e-06,5.310823e-04,5.226278e-01,-4.697384e-01,5.111045e+00
2078,1.385648e-16,1.969263e-04,1.526622e-05,5.409334e-04,-1.873380e+00,1.466611e-01,5.422182e+00
2079,3.406079e-18,2.218720e-04,1.251698e-05,5.374204e-04,-1.037382e-02,3.610949e-02,4.416595e+00
2080,2.344216e-16,2.019787e-04,-1.267206e-05,5.401482e-04,1.398855e-01,-2.586373e-01,8.255171e+00
2081,5.425607e-17,2.012770e-04,-9.713380e-06,5.304934e-04,-4.767170e-01,4.785259e-02,1.244134e+01
2082,1.394212e-17,2.141894e-04,-6.982699e-06,5.413373e-04,2.244936e-01,4.230514e-01,1.419971e+01
2083,7.694083e-18,2.062502e-04,-2.732726e-06,5.310129e-04,-3.575939e-01,7.675834e-01,1.157857e+01
2084,1.009419e-18,2.117145e-04,-3.134104e-06,5.308275e-04,-6.410665e-02,1.937312e-02,6.191346e+00
2085,2.414717e-18,2.125009e-04,-1.171074e-05,5.393305e-04,5.977949e-03,-1.232448e-01,2.534292e+00
2086,3.621980e-18,2.164002e-04,-1.875272e-05,5.411724e-04,-3.906778e-02,3.710990e-03,2.260922e+00
2087,4.602766e-19,2.249938e-04,-1.291116e-05,5.447780e-04,-8.977462e-03,-4.575955e-01,-3.468632e-01
2088,4.022686e-17,2.353789e-04,-2.069274e-05,5.389288e-04,2.655617e+00,-2.602980e+00,2.649168e+01
2089,7.471975e-18,2.309539e-04,-1.561614e-05,5.279194e-04,4.529215e-01,-2.904748e-01,2.292824e+01
2090,9.595782e-18,2.328275e-04,-1.172971e-05,5.415261e-04,-9.865266e-02,-3.104968e-01,2.314109e+01
2091,3.589455e-17,2.489839e-04,-5.530640e-06,5.371083e-04,-6.686238e-01,-7.785713e-01,1.456459e+01
2092,2.805927e-17,2.489857e-04,1.949908e-05,5.486750e-04,3.978829e-01,4.829510e+00,1.326764e+01
2093,5.113387e-18,2.328197e-04,-1.016020e-05,5.323832e-04,6.038671e-02,-8.151420e-03,1.946495e+01
2094,2.977604e-18,2.429832e-04,-3.117574e-06,5.444122e-04,1.210177e-01,1.534683e-01,1.284278e+01
2095,7.538300e-18,2.429709e-04,-5.015335e-07,5.487887e-04,3.736605e-02,6.586388e-01,1.392732e+01
2096,1.378683e-16,2.295591e-04,1.021295e-05,5.404787e-04,-4.625326e-01,3.524524e-01,8.191893e+00
2097,2.272535e-16,2.319179e-04,5.960548e-07,5.272876e-04,6.704367e-01,3.188111e-01,7.688317e+00
2098,8.790006e-18,2.388807e-04,-1.834526e-05,5.347480e-04,5.757297e-02,6.348066e-01,7.750962e+00
2099,1.304315e-18,2.453183e-04,4.678641e-06,5.411837e-04,-2.395632e-02,-2.670391e-01,9.629674e+00
2100,1.346426e-17,2.492802e-04,1.145735e-05,5.479254e-04,-1.826620e-02,-1.963317e-01,4.484315e+00
2101,2.538168e-18,2.453175e-04,1.565879e-06,5.320411e-04,-1.225975e-01,2.487091e-01,7.906418e+00
2102,5.484224e-19,2.496087e-04,-1.054749e-05,5.275487e-04,4.133776e-02,-5.769537e-02,8.840582e+00
2103,1.459015e-18,2.496085e-04,1.558196e-06,5.334646e-04,9.362841e-02,6.170855e-02,7.846537e+00
2104,1.473670e-17,2.425842e-04,1.601386e-05,5.365457e-04,3.624175e-01,-8.042660e-01,3.732429e+00
2105,1.070047e-17,2.343883e-04,3.903940e-06,5.445383e-04,6.858738e-02,4.753643e-03,6.631350e+00
2106,2.170157e-18,2.367197e-04,1.328677e-05,5.371439e-04,2.170837e-02,1.366441e-02,-8.613139e-01
2107,9.510070e-19,2.304566e-04,1.093042e-05,5.462029e-04,1.157113e-01,4.358719e-03,-7.202757e-01
2108,8.154043e-18,2.493132e-04,-6.419182e-06,5.257058e-04,1.127065e-01,-1.777176e-01,8.686070e+00
2109,1.355592e-16,1.896002e-04,-2.061615e-06,5.293065e-04,-3.509442e-01,6.697727e-01,8.891412e+00
2110,2.976634e-16,1.897787e-04,-2.243216e-06,5.291858e-04,-2.039435e-01,5.074711e-01,9.276965e+00
2111,5.051928e-17,1.818216e-04,1.046027e-05,5.442719e-04,-1.229527e+00,-3.577673e-01,8.129297e+00
2112,6.746610e-18,1.816033e-04,2.339849e-06,5.488827e-04,3.311892e-01,3.799036e-02,8.571148e+00
2113,1.216347e-18,1.864727e-04,3.046966e-06,5.347891e-04,8.197960e-01,1.008890e-01,8.019215e+00
2114,3.361780e-18,1.960759e-04,8.585503e-06,5.301396e-04,-1.069824e-01,-5.271852e-02,7.072268e+00
2115,4.046295e-18,1.921817e-04,1.172231e-05,5.338925e-04,-1.430799e-02,-2.241948e-01,2.835628e+00
2116,3.299427e-18,1.789036e-04,1.562402e-05,5.447032e-04,-6.272885e-03,2.048453e-02,1.844040e+00
2117,1.005686e-18,1.953133e-04,1.015624e-05,5.454165e-04,-2.571646e-02,-4.100339e-02,1.874277e+00
2118,5.523627e-18,1.932081e-04,-1.171975e-05,5.255172e-04,1.957231e-02,4.858875e-02,5.159961e+00
2119,1.185410e-16,1.821210e-04,-7.295422e-06,5.319945e-04,-2.452165e-01,-6.429013e-01,7.501852e+00
2120,1.102007e-18,1.937514e-04,-1.796974e-05,5.367972e-04,-2.276962e-03,-4.244830e-02,4.659442e+00
2121,2.246420e-18,1.765531e-04,-1.018025e-05,5.378061e-04,-5.746127e-02,1.673919e-01,4.421997e+00
2122,2.184276e-18,1.984310e-04,-1.016904e-05,5.458322e-04,-1.610200e-01,1.123854e-01,1.913320e+00
2123,2.063896e-18,-2.258313e-04,-5.543864e-06,4.736836e-04,-7.584503e-01,-8.459420e-01,9.415154e-01
2124,2.864817e-17,-2.229985e-04,5.341024e-06,4.739055e-04,1.918059e+00,1.879837e+00,-3.793599e+00
2125,2.896425e-18,-2.018484e-04,-3.875621e-06,4.742451e-04,1.067907e-01,-5.409004e-01,3.149337e-01
2126,2.846901e-18,-2.164085e-04,-8.555043e-06,4.751473e-04,1.118580e+00,2.413193e-01,5.272355e-01
2127,1.311956e-18,-2.140988e-04,1.352395e-05,4.679860e-04,1.401449e+00,-2.363938e-01,1.625961e+00
2128,1.624610e-18,-2.173299e-04,1.523202e-05,4.684428e-04,-2.758989e+00,2.479159e+00,2.143209e-01
2129,2.174180e-18,-2.463854e-04,-2.734392e-06,4.686282e-04,7.302957e-01,-1.691992e-01,4.088235e+00
2130,2.474280e-19,-2.464845e-04,-1.952851e-06,4.716422e-04,3.494187e+00,1.222087e+00,7.693054e+00
2131,2.373403e-19,-2.378900e-04,-8.986002e-06,4.763483e-04,4.086404e-01,4.365049e+00,2.938887e+00
2132,2.373726e-16,-9.963559e-05,-7.190283e-06,4.956941e-04,1.324985e-01,1.478829e+00,7.677494e+00
2133,8.859731e-18,-9.287467e-05,1.389608e-05,4.881741e-04,-6.802633e-01,9.452413e-01,-3.069442e+00
2134,1.209890e-18,-7.658719e-05,1.251127e-05,4.802663e-04,6.864319e-01,-2.218698e-01,-1.584048e+00
2135,1.765111e-17,-9.742286e-05,-2.044546e-05,4.995123e-04,-1.707573e-01,-7.418210e-01,2.070006e+01
2136,1.617959e-17,-8.201130e-05,8.540383e-06,4.941873e-04,-6.778646e-01,-3.115559e+00,1.671718e+01
2137,1.099598e-18,-8.674359e-05,1.170997e-05,4.974073e-04,-1.219620e-03,-1.350061e-01,1.261953e+01
2138,5.174034e-17,-9.548350e-05,2.037309e-05,4.910376e-04,1.983951e+00,2.553920e-01,5.153363e+00
2139,4.538927e-18,-8.829986e-05,8.128591e-06,4.955464e-04,1.105532e-01,-2.075334e-01,5.318528e+00
2140,1.117163e-17,-8.276416e-05,1.195382e-05,4.820877e-04,-1.068550e-02,1.419412e-01,8.394875e+00
2141,6.398017e-19,-8.206230e-05,9.766115e-06,4.903803e-04,9.535826e-01,-1.975181e+00,1.676227e+01
2142,1.235513e-17,-8.056783e-05,1.442722e-05,4.889401e-04,3.798728e-01,-2.061840e-01,3.583395e+00
2143,2.850434e-17,-9.321587e-05,2.414770e-05,4.846818e-04,-7.179892e-01,-3.693866e-01,2.161759e+00
2144,3.136233e-18,-9.218736e-05,2.342403e-06,4.970047e-04,-5.969996e-02,9.431483e-01,2.438184e+00
2145,2.820197e-19,-8.242128e-05,1.054865e-05,4.896033e-04,7.854199e-01,-3.435728e+00,1.587466e+01
2146,2.838223e-19,-8.242050e-05,1.133053e-05,4.880418e-04,-1.259016e+00,-1.456510e-01,1.237713e+01
2147,3.384736e-18,-9.765558e-05,4.688798e-06,4.954136e-04,-5.009023e-02,-2.572867e-02,3.443136e+00
2148,1.027921e-18,-8.673280e-05,1.170756e-05,4.864860e-04,-3.968423e-01,-2.225322e-01,6.434247e+00
2149,6.170617e-18,-8.667480e-05,1.196215e-05,4.795091e-04,-8.799122e-01,-6.991449e-01,1.917531e+00
2150,2.191234e-17,-8.596315e-05,2.414351e-05,4.975207e-04,1.646967e-02,-1.098664e-02,1.005076e+00
2151,1.608213e-17,-9.839753e-05,-1.301845e-05,4.844682e-04,3.490901e+00,-2.897019e+00,6.467972e+00
2152,1.812142e-17,-8.597715e-05,-2.388431e-05,4.927782e-04,-2.278205e+00,-2.148665e+00,6.059718e+00
2153,1.564409e-18,-8.055829e-05,-1.946447e-05,4.840287e-04,-3.129952e-01,7.867257e-01,5.972141e+00
2154,1.012515e-18,-8.750424e-05,-1.171374e-05,4.950660e-04,2.593217e-02,5.396834e-01,4.286543e+00
2155,8.700614e-18,-9.684540e-05,-2.001177e-05,4.939614e-04,-1.932934e-01,-9.290310e-01,1.846612e+01
2156,1.881014e-18,-8.755584e-05,-3.064593e-06,4.811097e-04,1.058706e-01,2.421210e+00,1.056258e+00
2157,5.463844e-18,-9.687988e-05,-1.643009e-05,4.886518e-04,3.076117e-01,2.162594e-01,8.224394e+00
2158,5.731734e-18,-9.681444e-05,-1.565182e-05,4.844824e-04,6.341351e-01,2.768321e-01,7.762724e+00
2159,3.115531e-18,-8.750536e-05,-5.449016e-06,4.922918e-04,-1.045774e-01,-1.959833e-01,2.633461e+00
2160,1.961508e-17,-8.461202e-05,-1.036481e-06,4.760384e-04,-2.428142e-01,7.501849e-01,5.094713e-01
2161,1.274822e-17,-9.613194e-05,-1.951954e-05,4.849559e-04,-9.680355e-01,-1.298800e+00,1.172843e+01
2162,8.355009e-19,-9.570450e-05,-1.914067e-05,4.802730e-04,6.006052e-01,-1.487987e+00,9.547271e+00
2163,8.246015e-19,-1.003911e-04,-5.613738e-06,4.799622e-04,-1.012577e+00,-1.472191e+00,2.123442e+00
2164,1.340944e-18,-1.007290e-04,-4.438272e-06,4.752039e-04,-1.212125e+00,-1.498824e-01,-2.902287e+00
2165,1.398176e-18,-1.008507e-04,5.488962e-06,4.755528e-04,2.556786e+00,6.545138e-03,-1.732105e-01
2166,3.682082e-17,-9.952918e-05,7.816551e-06,4.578186e-04,2.645817e-02,-3.591125e-01,9.674374e+00
2167,1.759308e-18,-9.698275e-05,-1.164544e-05,4.762307e-04,1.440280e+00,3.855095e+00,-1.202114e+00
2168,5.907247e-19,-9.648198e-05,-1.991875e-05,4.728526e-04,2.808985e-02,7.256468e-01,-1.760379e+00
2169,2.405839e-19,-8.242480e-05,1.210961e-05,4.732343e-04,2.341918e-01,-6.569928e-01,-5.935151e-02
2170,2.814877e-19,-8.320579e-05,1.211016e-05,4.724499e-04,1.086359e+00,5.540200e-01,6.064407e-01
2171,2.624098e-17,-1.253660e-05,-1.742397e-04,4.789659e-04,1.004011e+00,-2.256258e-01,1.490126e+00
2172,7.789640e-18,-5.599691e-06,-1.927210e-04,4.937938e-04,-1.154209e+00,1.607832e+00,1.036647e+01
2173,1.058690e-18,-1.573898e-06,-1.960850e-04,4.965791e-04,1.201195e-02,-6.988435e-02,6.347049e+00
2174,4.716194e-17,-2.384684e-05,-1.809220e-04,4.933413e-04,-1.620489e+00,1.876527e-01,3.824347e+00
2175,1.299050e-18,-7.030370e-06,-1.976019e-04,4.856942e-04,-2.318187e-01,-3.471120e+00,5.989467e+00
2176,1.329331e-18,-4.297755e-06,-1.944053e-04,4.921707e-04,1.241018e+00,2.728786e+00,1.544899e+01
2177,1.082114e-18,-7.191258e-06,-1.954153e-04,4.950413e-04,-5.195982e-03,4.700726e-01,5.583214e+00
2178,2.596710e-18,-1.567912e-06,-1.961020e-04,4.908118e-04,8.580520e-02,-7.536448e-02,6.256966e+00
2179,1.569651e-17,-7.970729e-06,-1.875983e-04,4.794131e-04,1.592201e+00,-7.390366e-01,7.128752e-01
2180,2.867937e-17,-2.277459e-05,-1.904150e-04,4.826325e-04,-1.430009e+00,-4.521267e-01,6.680021e-01
2181,4.050547e-18,-9.332162e-06,-1.812992e-04,4.856868e-04,2.849834e-01,-4.657655e-01,6.911284e-01
2182,4.232896e-18,-3.878314e-06,-1.887859e-04,4.774378e-04,9.354197e-02,6.677776e-02,-2.339956e-01
2183,2.194204e-17,-2.413110e-05,-1.953818e-04,4.974887e-04,-7.188660e-03,2.287129e-02,9.450605e-01
2184,1.269673e-18,-1.876254e-05,-1.828270e-04,4.747931e-04,3.424992e-01,1.684699e-01,-1.498927e+00
2185,7.239790e-17,1.264452e-05,-1.888205e-04,4.832196e-04,-2.844382e-01,-5.064603e-01,3.044494e+00
2186,4.140226e-18,6.251301e-06,-1.960996e-04,4.795194e-04,9.661959e-02,-4.121815e-01,4.816494e-01
2187,2.868543e-17,1.780189e-05,-1.809582e-04,4.842135e-04,-2.879482e-01,1.187524e+00,-5.184519e-01
2188,6.425608e-17,4.748267e-06,-1.925358e-04,4.965189e-04,5.829644e-01,1.203133e+00,7.276188e+00
2189,2.306692e-18,2.031909e-05,-1.984429e-04,4.939050e-04,3.730990e-01,6.417351e-01,1.149708e+01
2190,2.374350e-17,3.833355e-06,-1.805351e-04,4.979349e-04,-8.159353e-01,9.276630e-01,8.793003e+00
2191,6.524740e-19,1.651228e-06,-1.925783e-04,4.942436e-04,1.932511e+00,2.255516e+00,8.578085e+00
2192,4.896138e-18,5.468956e-06,-1.812530e-04,4.918444e-04,-1.480549e-01,-8.947189e-02,8.347033e+00
2193,3.825308e-17,1.304258e-05,-1.737030e-04,4.919415e-04,-3.685022e-01,-4.440623e-01,3.175154e+00
2194,6.267231e-18,1.562469e-05,-2.000005e-04,4.845238e-04,1.855504e-01,-1.625275e-01,4.123029e+00
2195,2.549683e-18,7.024757e-06,-1.992174e-04,4.884793e-04,-4.021685e-01,-1.344337e-01,3.533511e+00
2196,4.218303e-18,2.030348e-05,-1.984652e-04,4.896489e-04,-2.212136e-01,-6.231781e-01,9.109891e+00
2197,1.915941e-17,8.706504e-06,-2.009971e-04,4.823102e-04,-9.654747e-01,-1.827196e+00,2.224780e+00
2198,1.463091e-18,5.563824e-06,-1.961980e-04,4.936178e-04,-6.946164e-02,2.063478e-01,1.109854e+01
2199,4.559482e-18,1.093554e-05,-1.843741e-04,4.950574e-04,-6.166749e-02,5.459419e-02,2.264088e+00
2200,4.031748e-18,7.034406e-06,-1.914061e-04,4.856304e-04,-1.937324e-01,-3.031703e-01,1.913558e+00
2201,1.548622e-18,3.983946e-06,-1.756912e-04,4.795730e-04,-8.614970e-01,-4.885468e-01,1.593673e+00
2202,1.246746e-18,7.062420e-06,-1.757898e-04,4.794563e-04,4.052977e-01,2.331845e-01,1.335965e+00
2203,2.640594e-18,2.024763e-05,-1.976062e-04,4.864141e-04,5.285307e-02,7.876727e-02,8.544315e+00
2204,3.854323e-18,2.031224e-05,-1.976620e-04,4.771804e-04,1.526201e-01,4.486902e-01,3.098534e+00
2205,2.354432e-17,2.409336e-05,-1.807872e-04,4.974721e-04,1.917363e-02,-3.669685e-03,9.471167e-01
2206,1.064242e-17,2.428325e-05,-1.867194e-04,4.836659e-04,-2.335890e-02,-1.503198e-02,1.051484e+00
2207,6.362700e-19,1.992401e-05,-2.003904e-04,4.728450e-04,2.019636e+00,3.202852e+00,-6.701988e-01
2208,8.132642e-18,5.448994e-06,-1.871223e-04,4.737124e-04,-5.882621e-02,2.665289e+00,-6.283712e+00
2209,1.372621e-18,1.327180e-05,-1.867377e-04,4.755786e-04,-1.319702e+00,5.682505e-03,4.580841e-01
2210,7.442485e-18,2.432299e-05,-2.211332e-04,4.786475e-04,1.398198e-02,-1.515955e-02,1.389715e+00
2211,3.613738e-17,1.359987e-05,-2.091442e-04,4.736619e-04,-6.595855e-01,-1.033876e+00,-2.160469e+00
2212,3.005433e-17,2.540300e-06,-2.041053e-04,4.616823e-04,1.044364e+00,-4.557904e-01,9.664250e+00
2213,3.955611e-19,4.297987e-06,-2.144527e-04,4.700799e-04,4.141170e+00,-5.045538e-01,-3.296058e+00
2214,2.153191e-18,2.070316e-05,-2.013682e-04,4.763224e-04,1.852735e-01,-2.137939e+00,3.793944e+00
2215,1.309353e-17,1.021467e-05,-2.040490e-04,4.786079e-04,-2.594908e-02,9.604884e-03,6.737658e+00
2216,2.567669e-19,9.766394e-06,-2.042976e-04,4.700935e-04,-2.882530e-02,-1.399632e+00,-2.231772e+00
2217,2.813333e-19,1.054681e-05,-2.042971e-04,4.685315e-04,2.555905e+00,-2.662819e+00,-2.814209e+00
2218,2.448584e-18,3.436157e-06,-2.139526e-04,4.750699e-04,2.650778e-01,-1.656819e+00,7.397675e-02
2219,3.110099e-19,2.735333e-06,-2.144529e-04,4.724232e-04,5.691373e-01,-8.358970e-01,-1.325382e+00
2220,3.803981e-19,-1.054745e-05,-2.042995e-04,4.708831e-04,-9.797155e-01,1.765309e+00,2.454787e+00
2221,2.622130e-19,-9.767683e-06,-2.058602e-04,4.693083e-04,-3.168420e+00,-1.299443e+00,7.142223e+00
2222,4.503624e-17,2.392464e-05,-2.159245e-04,4.954143e-04,-3.779159e-02,2.757627e-03,7.913223e-01
2223,5.932873e-17,1.812578e-06,-2.132045e-04,4.892125e-04,1.819705e+00,1.296306e+00,5.819647e+00
2224,1.633792e-18,2.038944e-05,-2.062975e-04,4.897589e-04,-9.198929e-01,-4.636115e-01,-1.849158e+00
2225,1.259673e-17,8.874702e-06,-2.039268e-04,4.965131e-04,-1.862553e+00,8.735041e-01,1.710213e+01
2226,1.432709e-17,2.132487e-05,-2.035992e-04,4.856011e-04,1.484709e+00,-1.198577e+00,1.145846e+01
2227,3.940315e-17,9.607917e-06,-2.062654e-04,4.894199e-04,3.759464e-01,1.227320e+00,7.875674e+00
2228,1.404396e-17,9.681867e-06,-2.218331e-04,4.973164e-04,7.211102e-01,8.733400e-02,5.854238e+00
2229,4.509017e-17,3.061712e-06,-2.123121e-04,4.820959e-04,1.095262e+00,1.634098e+00,4.992176e+00
2230,2.955537e-18,7.774818e-06,-2.211377e-04,4.790428e-04,1.417521e-01,3.331508e-01,2.167324e+00
2231,1.330351e-18,1.033847e-05,-2.070705e-04,4.980337e-04,1.037998e+00,-4.048715e-01,2.223221e+00
2232,1.461234e-18,1.021968e-05,-2.036704e-04,4.861912e-04,-9.762670e-02,9.441326e-01,1.409175e+01
2233,1.359354e-18,2.070363e-05,-2.023871e-04,4.802369e-04,4.018157e-01,1.649296e-01,9.008400e+00
2234,2.616203e-19,2.070630e-05,-2.019546e-04,4.786851e-04,-3.669695e-02,7.052368e-01,7.551357e+00
2235,1.329048e-18,7.812109e-06,-2.211026e-04,4.849130e-04,-2.278595e-01,8.801622e-02,1.011620e+00
2236,2.832106e-18,9.382470e-06,-2.085662e-04,4.830522e-04,-2.124323e-02,4.370040e-01,6.346247e+00
2237,1.180623e-18,1.640932e-05,-2.093769e-04,4.935144e-04,-2.782090e-01,-3.868578e-02,3.868628e-01
2238,1.762510e-18,2.460891e-05,-2.164002e-04,4.829573e-04,-5.975123e-02,-1.490535e-01,1.869794e+00
2239,3.284474e-17,-1.305558e-05,-2.182969e-04,4.944109e-04,5.562759e-01,2.443520e-01,3.802628e+00
2240,4.008131e-17,-4.491555e-06,-2.189785e-04,4.979914e-04,1.031895e+00,-2.692622e+00,1.377720e+01
2241,6.606370e-18,-2.080077e-06,-2.188849e-04,4.851748e-04,2.833160e+00,-5.570284e-01,7.055143e+00
2242,6.803542e-18,-1.004786e-05,-2.039991e-04,4.992688e-04,-1.030223e+00,2.148715e+00,3.791288e+00
2243,4.345085e-19,-5.860634e-06,-2.082022e-04,4.888057e-04,2.891792e+00,-8.379845e-01,1.011246e+01
2244,1.521621e-17,-2.422001e-05,-2.046885e-04,4.915676e-04,-3.507259e-02,1.728517e-02,6.683443e-01
2245,3.623469e-18,-1.328921e-05,-2.028980e-04,4.940386e-04,-2.658592e-01,-8.563102e-01,-1.473227e+00
2246,5.389408e-18,-8.520144e-06,-2.203290e-04,4.950998e-04,1.464929e-01,6.388660e-02,9.226155e-01
2247,5.848012e-17,-2.359198e-05,-2.044848e-04,4.910273e-04,1.269492e-02,4.421225e-02,3.601610e-01
2248,2.931155e-18,-4.660910e-06,-2.125045e-04,4.954644e-04,-5.498422e-01,-1.140378e-01,6.676651e-01
2249,1.268804e-17,-2.427164e-05,-2.195387e-04,4.964948e-04,-3.559734e-02,-1.327065e-02,1.098891e+00
2250,1.420723e-18,-7.126751e-06,1.307075e-04,4.711417e-04,-4.491741e-01,8.354143e-01,-4.784493e+00
2251,1.484803e-18,-1.954335e-05,1.375394e-04,4.740423e-04,4.676660e-01,-5.792853e-01,-3.678212e-01
2252,7.068503e-19,-7.811970e-06,1.269523e-04,4.763407e-04,2.422970e-01,9.425454e-01,-6.909031e-01
2253,4.387416e-19,-1.836627e-05,1.456987e-04,4.748033e-04,-1.517404e+00,4.378728e+00,6.390477e+00
2254,1.356790e-18,-3.366965e-06,1.199219e-04,4.749395e-04,-5.499031e-02,-2.979417e+00,-9.671184e-01
2255,1.300420e-18,2.029623e-05,1.101408e-04,4.740207e-04,8.268537e-01,-1.023763e+00,-4.295061e-01
2256,1.124660e-18,1.102540e-05,1.228761e-04,4.693132e-04,1.677773e-01,-2.808590e-02,-2.533480e+00
2257,6.693189e-19,1.132905e-05,1.222631e-04,4.720359e-04,-1.040163e-01,-1.113364e+00,6.070696e-01
2258,1.398042e-18,-1.093867e-04,4.592391e-06,4.997096e-04,3.978774e+00,-1.112259e+00,2.206608e+01
2259,3.815543e-17,-1.140656e-04,1.364312e-05,4.991368e-04,1.703040e+00,2.726935e-01,9.814019e+00
2260,4.378642e-17,-1.068004e-04,8.540509e-06,4.960157e-04,3.455025e-01,1.215964e+00,9.157697e+00
2261,1.068184e-18,-1.072464e-04,1.658128e-05,4.944673e-04,8.541105e-01,-5.174708e-01,7.986527e+00
2262,3.759385e-18,-1.070454e-04,5.483509e-06,4.848699e-04,1.569130e-01,-3.548460e-01,6.925740e+00
2263,8.049874e-18,-1.203236e-04,4.393327e-10,4.959408e-04,2.303770e-01,-2.995918e-01,6.578458e+00
2264,5.599159e-18,-1.046868e-04,1.406319e-05,4.981979e-04,-3.064813e-01,4.695671e-02,8.395599e+00
2265,2.895369e-18,-1.046913e-04,1.406902e-05,4.891989e-04,8.284431e-02,5.855667e-03,5.935407e+00
2266,2.738590e-17,-1.053168e-04,2.286978e-05,4.794677e-04,-1.323092e+00,1.072133e+00,9.233531e-01
2267,3.948416e-18,-1.093431e-04,1.409772e-05,4.891409e-04,2.496886e-01,-3.418271e-01,4.882045e+00
2268,5.132266e-18,-1.164366e-04,1.330944e-05,4.959519e-04,1.646709e-01,1.214329e+00,1.437644e+01
2269,4.245522e-18,-1.179788e-04,1.329210e-05,4.911678e-04,2.980747e-01,-1.601202e-01,1.094466e+01
2270,8.834533e-18,-1.118473e-04,7.400072e-06,4.923447e-04,9.149162e-01,-1.227526e+00,1.282910e+01
2271,1.969965e-18,-1.125224e-04,6.873775e-06,4.976244e-04,5.772048e-01,1.802732e+00,1.581378e+01
2272,2.735911e-19,-1.121100e-04,6.643957e-06,4.950445e-04,-9.533432e-01,-1.015546e-01,1.251503e+01
2273,1.758288e-18,-1.132293e-04,1.801804e-05,4.811657e-04,1.141563e-01,-1.067794e-01,1.868766e+00
2274,3.342137e-18,-1.226491e-04,1.406592e-05,4.970482e-04,1.478748e-01,7.074459e-02,9.014385e-01
2275,5.020419e-18,-1.046855e-04,1.406291e-05,4.842010e-04,-1.074618e-01,4.074582e-02,4.690044e+00
2276,4.969561e-17,-1.173533e-04,-1.181519e-05,4.976699e-04,1.875436e+00,-2.835732e-01,5.846016e+00
2277,4.169566e-18,-1.233300e-04,-2.264316e-05,4.993499e-04,1.582489e+00,-4.868949e+00,1.270624e+01
2278,3.935396e-18,-1.226470e-04,-1.153990e-05,4.922706e-04,-4.232071e-02,1.716747e+00,6.660073e+00
2279,2.864299e-19,-1.238232e-04,-1.680531e-05,4.888531e-04,5.586119e-01,9.036102e-01,5.838150e+00
2280,1.150814e-18,-1.101941e-04,-1.329681e-05,5.013135e-04,1.224199e-01,-2.321089e-01,7.917488e+00
2281,2.929969e-17,-1.110975e-04,-1.491710e-05,4.813229e-04,-2.639751e-01,1.734714e+00,4.493154e+00
2282,3.303600e-17,-1.054950e-04,-8.433462e-06,4.878037e-04,1.349534e-02,2.844694e+00,6.307633e+00
2283,7.017898e-18,-1.107773e-04,-5.485748e-06,4.990462e-04,1.455441e+00,-2.880874e-01,4.611007e+00
2284,1.388633e-17,-1.236673e-04,-7.061606e-06,4.950480e-04,1.049107e+00,-1.128756e+00,2.665574e+00
2285,2.194965e-17,-1.178218e-04,-3.846397e-06,4.897972e-04,2.116819e-01,7.436750e-02,2.348457e+00
2286,3.339058e-18,-1.195057e-04,-1.094410e-05,4.853063e-04,7.833521e-01,-1.075302e-01,2.572796e+00
2287,1.619518e-18,-1.117259e-04,-1.564650e-05,4.872770e-04,-1.034498e+00,1.780826e-01,-2.234776e+00
2288,6.142072e-18,-1.023435e-04,-5.539652e-06,4.842884e-04,4.686580e-01,5.627199e-01,2.755488e+00
2289,5.890600e-19,-1.069891e-04,-1.054595e-05,4.849212e-04,-1.929016e+00,2.367146e+00,8.140892e+00
2290,5.132280e-18,-1.234369e-04,-1.559032e-06,4.918675e-04,1.602616e-01,-1.436496e-01,2.191235e+00
2291,3.885071e-18,-1.062778e-04,-7.848239e-06,4.930015e-04,-8.261916e-01,-3.571628e-01,9.453371e+00
2292,1.305641e-18,-1.025703e-04,-6.498936e-06,4.915187e-04,8.208300e-01,1.252239e+00,1.140594e+01
2293,1.435875e-18,-1.101444e-04,-1.325995e-05,4.864873e-04,9.060989e-01,1.485799e+00,1.900679e+00
2294,6.862829e-18,-1.210976e-04,-1.562532e-05,4.789954e-04,8.978684e-02,1.472983e-03,1.662923e+00
2295,2.457984e-16,-1.347623e-04,-6.732992e-06,4.950492e-04,1.074416e+00,-3.005222e-01,3.264468e+00
2296,2.455488e-18,-1.445459e-04,-3.121281e-06,4.931214e-04,-3.690075e-01,-1.509187e-01,-7.629776e-01
2297,1.307201e-18,-1.476414e-04,-1.328248e-05,4.974174e-04,-3.042440e-01,-2.884877e-01,-1.341684e+00
2298,3.402472e-18,-1.335882e-04,-1.483631e-05,5.009561e-04,-1.179046e-02,3.687130e-01,1.840219e-01
2299,1.700117e-18,-1.366642e-04,-2.460943e-05,4.967758e-04,-5.342871e-02,-6.255013e-02,2.281250e+00
2300,4.578991e-18,-1.265537e-04,-1.530887e-05,4.979351e-04,2.265829e+00,-9.387600e-01,1.089612e+01
2301,1.862681e-17,-1.405230e-04,-1.574301e-05,4.928410e-04,-1.568776e+00,-2.634977e+00,4.725281e+00
2302,1.513965e-18,-1.328151e-04,-1.483201e-05,4.825875e-04,-1.256114e-01,9.628940e-01,3.731828e+00
2303,9.015340e-19,-1.405282e-04,-8.771896e-06,4.841405e-04,-7.155106e-01,8.283529e-01,1.919115e+00
2304,5.895651e-18,-1.273291e-04,-1.337990e-05,4.888269e-04,5.964790e-01,1.904348e-01,6.576274e+00
2305,9.307307e-19,-1.283096e-04,-1.367484e-05,4.766928e-04,-1.249766e+00,-3.852538e-01,-3.700956e+00
2306,2.832400e-18,-1.273778e-04,-1.332822e-05,4.822109e-04,1.781120e+00,-6.818602e-02,3.101690e+00
2307,4.690083e-18,-1.328109e-04,-1.016185e-05,4.803009e-04,-3.702710e-02,-3.269754e-02,5.694473e-01
2308,2.250685e-18,-1.476596e-04,-2.441407e-05,4.955996e-04,2.974232e-01,-1.559568e-01,1.784796e+00
2309,4.640219e-17,-1.421201e-04,2.388998e-05,4.877326e-04,1.228722e-02,1.247628e-02,5.372367e-01
2310,2.187890e-17,-1.452088e-04,1.821945e-05,4.978242e-04,6.167201e-01,3.141017e-01,8.955145e+00
2311,4.018696e-18,-1.460464e-04,1.719051e-05,4.886352e-04,1.891531e-02,-2.812205e-01,5.710660e+00
2312,1.014422e-17,-1.337639e-04,1.562296e-05,4.906961e-04,-6.500854e-01,2.501734e-01,3.380686e+00
2313,2.765211e-18,-1.398429e-04,4.689923e-06,4.993954e-04,-1.261946e-01,2.820318e-02,2.690238e+00
2314,1.874198e-17,-1.428494e-04,2.302401e-05,4.822367e-04,-1.183612e-01,1.342548e+00,2.097643e+00
2315,2.891684e-18,-1.335564e-04,1.561174e-05,4.985605e-04,1.513720e-01,-1.459246e-01,3.569255e+00
2316,2.039042e-17,-1.346850e-04,2.414892e-05,4.914979e-04,9.675029e-03,6.754455e-03,8.956185e-01
2317,1.535467e-18,1.718638e-04,1.420309e-05,4.870233e-04,-3.113623e-03,2.780447e-01,4.344709e-01
2318,3.796491e-18,1.601562e-04,2.343689e-06,4.876289e-04,1.772458e+00,-3.498004e-01,6.969754e+00
2319,9.988023e-17,1.604796e-04,3.228883e-06,4.888341e-04,-3.652724e-01,6.441037e-01,5.683952e+00
2320,3.888810e-18,1.515794e-04,3.935641e-06,4.978373e-04,-1.241818e+00,-9.275256e-01,1.246713e+01
2321,2.658524e-17,1.542035e-04,3.577388e-06,4.883587e-04,1.923181e-01,-1.439742e+00,6.211203e+00
2322,1.213872e-18,1.570296e-04,1.014968e-05,5.012961e-04,-1.151794e-01,-3.223401e-01,7.601270e+00
2323,1.916142e-17,1.662863e-04,1.607761e-05,4.859748e-04,-7.170177e-01,-2.306644e-01,5.819614e+00
2324,4.370070e-17,1.628146e-04,8.257460e-06,4.863749e-04,2.132498e-01,-2.311538e+00,3.444679e+00
2325,7.513578e-18,1.570047e-04,1.015680e-05,4.940324e-04,-3.399014e-02,-9.605154e-02,5.876431e+00
2326,4.057023e-18,1.656233e-04,2.248249e-05,5.001138e-04,-1.959890e-01,3.443089e+00,1.687672e+01
2327,1.189657e-18,1.570320e-04,1.015836e-05,4.849195e-04,-2.659060e-01,-1.756706e-01,3.575259e+00
2328,1.148519e-18,1.656357e-04,1.487231e-05,4.794771e-04,-3.630699e-02,7.092599e-01,3.236961e+00
2329,2.797929e-18,1.554961e-04,7.016353e-06,4.892561e-04,-2.382183e-01,2.245349e-01,8.476352e-01
2330,2.611387e-18,1.531315e-04,3.871873e-06,4.797788e-04,4.248875e-02,-1.989627e-01,2.714620e+00
2331,1.239243e-18,1.617900e-04,3.906369e-07,4.842174e-04,-4.440876e-01,4.412093e-01,9.964245e+00
2332,3.166852e-18,1.624878e-04,1.171370e-05,4.798517e-04,-5.757828e-01,2.492815e-01,2.376242e+00
2333,1.073597e-17,1.541011e-04,2.427259e-05,4.838288e-04,-5.521966e-02,-1.674039e-03,1.074094e+00
2334,6.021825e-19,1.585868e-04,2.461018e-05,4.911754e-04,1.501017e-01,2.643262e-01,3.855287e+00
2335,2.152982e-17,1.836274e-04,-6.941462e-06,5.043637e-04,6.746713e-01,-1.576138e+00,4.338461e+00
2336,8.805452e-18,1.812908e-04,1.171588e-05,4.809129e-04,-4.473225e-01,-1.382411e+00,-7.691180e-02
2337,1.379276e-18,1.859353e-04,8.044313e-10,4.817790e-04,-1.658288e-01,3.450484e-01,-1.546391e+00
2338,2.297142e-17,1.783352e-04,1.713621e-05,4.890489e-04,2.128139e-01,7.954311e-01,2.917268e+00
2339,4.772175e-17,1.910920e-04,-3.787993e-06,4.889213e-04,3.642999e+00,1.143075e-01,8.192588e+00
2340,3.989810e-18,1.789696e-04,7.804691e-06,4.823752e-04,8.062628e-01,-1.276841e+00,-1.890303e+00
2341,5.437171e-17,1.766107e-04,-4.311336e-06,4.974787e-04,7.093525e-01,8.317663e-01,5.679514e+00
2342,1.112555e-17,1.947639e-04,-6.163152e-06,4.948765e-04,-9.755806e-01,-2.454725e-01,6.380875e+00
2343,1.274244e-17,1.899365e-04,-1.428512e-05,4.857540e-04,3.185106e-02,-3.416242e-01,5.535073e+00
2344,1.200457e-18,1.894532e-04,-3.918864e-06,4.837065e-04,6.230307e-01,-7.674676e-01,6.018832e+00
2345,1.314895e-18,1.984228e-04,-6.252570e-06,4.849144e-04,4.396177e-01,-4.887060e-02,2.649319e+00
2346,1.823683e-18,1.920337e-04,-6.304669e-07,5.031607e-04,1.102567e+00,-1.378988e+00,1.317631e+01
2347,7.106141e-18,1.792887e-04,-6.215750e-06,5.005668e-04,8.628994e-01,1.747756e-01,3.487009e-01
2348,4.180880e-18,1.914065e-04,-1.171445e-05,5.028251e-04,1.112628e-01,-5.345055e-02,3.557437e+00
2349,3.338003e-18,1.768310e-04,-1.018740e-05,4.929279e-04,3.470657e-01,-1.434098e-01,2.314982e+00
2350,2.918662e-18,1.883366e-04,-3.968849e-06,4.815188e-04,1.419039e+00,5.492011e-01,6.834480e+00
2351,1.247232e-17,1.977671e-04,-2.425039e-05,4.821745e-04,-2.380696e-01,-3.981324e-02,1.093189e+00
2352,5.349082e-18,1.960945e-04,-2.433274e-05,4.991093e-04,4.591833e-03,-1.312217e-01,1.640143e+00
2353,2.558669e-17,1.975491e-04,3.499090e-06,5.028091e-04,1.016188e+00,8.884288e-01,2.435404e+01
2354,6.194831e-18,1.828100e-04,5.472349e-06,5.008745e-04,1.219043e-01,-4.664272e-01,8.983698e+00
2355,2.799013e-19,1.917970e-04,3.906561e-07,5.012441e-04,2.048601e+00,-2.483373e-01,1.162769e+01
2356,1.311534e-18,1.812478e-04,5.456132e-06,4.903608e-04,-1.976571e-01,2.484338e-01,4.283524e+00
2357,5.846666e-17,1.937603e-04,7.815689e-06,4.938235e-04,-1.198856e+00,-9.743206e-01,3.660395e+00
2358,2.241330e-18,1.766671e-04,1.094215e-05,5.014776e-04,-2.376441e-01,-2.425180e-01,5.253009e+00
2359,3.315099e-19,1.917966e-04,1.171718e-06,5.004684e-04,2.664400e-01,1.390669e+00,1.024479e+01
2360,6.437576e-18,1.929686e-04,1.640629e-05,4.802804e-04,-2.290497e-01,-4.924721e-01,5.808383e+00
2361,2.219154e-17,1.906415e-04,1.422812e-05,5.016691e-04,-1.985828e+00,-5.814287e-01,4.421754e+00
2362,2.600639e-19,1.769499e-04,1.445357e-05,4.857072e-04,5.054158e-02,-7.093216e-01,4.894594e+00
2363,8.627954e-18,1.820337e-04,2.429346e-05,4.853825e-04,-6.333838e-03,4.351370e-02,1.017025e+00
2364,2.061258e-18,1.634315e-04,-1.406140e-05,4.937509e-04,6.262332e-01,6.404391e-01,1.263457e+01
2365,2.441676e-18,1.702604e-04,-1.870159e-05,4.984658e-04,1.972443e-01,-2.749248e-01,8.341425e+00
2366,1.545018e-17,1.687487e-04,-2.427900e-05,4.983716e-04,-2.079665e-01,-5.829740e-01,5.443998e+00
2367,2.935388e-18,1.632918e-04,-1.405433e-05,4.900097e-04,5.114327e-01,4.219186e-01,9.212114e+00
2368,2.895426e-18,1.609364e-04,-4.693388e-06,5.009125e-04,-9.010067e-02,-9.242027e-02,3.494083e+00
2369,1.338621e-18,1.609335e-04,-4.672554e-06,4.989326e-04,-2.657067e-02,4.796282e-02,4.048017e+00
2370,3.440448e-18,1.632822e-04,-1.563979e-06,4.992852e-04,-2.845303e-02,-1.960324e-01,8.470726e-01
2371,3.306479e-18,1.547000e-04,-2.339915e-06,4.922919e-04,2.840345e-01,-5.911153e-01,-1.916213e+00
2372,7.809943e-18,1.632917e-04,-1.406033e-05,4.831627e-04,-8.144945e-01,3.061571e-02,4.947119e+00
2373,3.141199e-18,1.710936e-04,-1.406738e-05,4.907769e-04,2.303339e-01,3.822622e-01,-1.083682e+00
2374,4.103326e-17,-3.085552e-05,-4.756744e-06,4.938925e-04,-1.803241e+00,1.669077e+00,5.011900e+00
2375,3.218892e-17,-4.190417e-05,-9.320857e-06,4.984701e-04,-4.534031e-01,-1.293714e-01,1.411881e+01
2376,4.153325e-18,-3.611518e-05,-1.619574e-06,4.948727e-04,-1.114122e+00,3.822093e-01,1.379086e+01
2377,2.784889e-17,-3.624480e-05,-6.343578e-06,4.877965e-04,7.595000e-01,2.031247e-01,1.203700e+01
2378,1.430743e-18,-3.438411e-05,-1.170517e-05,4.997414e-04,-4.260439e-02,4.434733e-01,8.870136e+00
2379,4.849016e-18,-4.686601e-05,-4.691098e-06,4.896662e-04,5.122632e-02,1.212707e-01,7.395725e+00
2380,2.188066e-18,-4.609286e-05,-8.601103e-06,4.899823e-04,-1.603380e-01,1.850446e-01,6.919589e+00
2381,5.352484e-18,-3.437834e-05,-1.797933e-05,4.981907e-04,-3.823735e-01,2.543844e-01,9.248683e+00
2382,3.416953e-17,-4.333745e-05,-1.229222e-05,4.769517e-04,-1.435118e+00,9.472151e-01,1.966361e+00
2383,1.343960e-18,-3.436435e-05,-1.560879e-05,4.872642e-04,7.392269e-02,2.469933e-01,5.702504e+00
2384,2.648902e-17,-2.474087e-05,-1.475831e-05,4.761033e-04,-1.050031e+00,7.111233e-01,1.862104e+00
2385,2.175426e-18,-3.590164e-05,-1.613133e-06,4.921751e-04,1.259386e-01,-7.060242e-01,1.401713e+01
2386,1.104345e-17,-4.237894e-05,-1.797243e-05,4.796233e-04,3.071058e-01,1.438683e+00,4.345583e+00
2387,3.543116e-18,-4.136402e-05,-1.535918e-06,4.765957e-04,-1.160321e-01,1.683090e-01,7.255745e-01
2388,2.740210e-18,-3.436706e-05,-9.351831e-06,4.907955e-04,2.015635e-01,1.618207e-01,4.166339e+00
2389,2.467595e-18,-4.611962e-05,-8.480707e-06,4.995243e-04,8.982238e-02,4.084714e-01,1.181768e+01
2390,1.335825e-18,-2.891090e-05,-7.030378e-06,4.864642e-04,-5.784873e-01,2.666221e-01,4.263848e+00
2391,1.011323e-18,-3.448193e-05,-1.231324e-05,4.818200e-04,4.420589e-01,-5.362979e-01,1.817114e+00
2392,4.104559e-18,-2.578182e-05,-5.468636e-06,4.981457e-04,1.617545e-01,2.031594e-02,3.984168e+00
2393,3.329856e-18,-3.596139e-05,-1.461203e-06,4.878356e-04,-4.682371e-01,5.495740e-01,9.700848e+00
2394,2.685871e-18,-4.218221e-05,-8.592727e-06,4.915720e-04,2.838934e-01,-1.677878e-01,1.278509e+01
2395,3.666439e-18,-4.610037e-05,-4.096416e-06,4.774422e-04,5.428330e-03,2.230907e+00,6.519866e-01
2396,2.807118e-18,-4.140806e-05,-1.584298e-06,4.899945e-04,-5.074739e-01,5.391891e-01,1.330181e+01
2397,1.262040e-18,-4.218864e-05,-8.603205e-06,4.872497e-04,-4.267944e-01,3.285648e-01,9.007369e+00
2398,2.195911e-18,-4.209541e-05,-8.522736e-06,4.813323e-04,-1.952423e-01,-9.273601e-01,5.206538e+00
2399,2.977709e-18,-3.595010e-05,-1.555225e-06,4.821678e-04,3.076201e-01,-4.444558e-03,6.117932e+00
2400,1.645735e-17,-4.288871e-05,-2.421733e-05,4.973491e-04,2.177724e-02,-3.781147e-03,1.091381e+00
2401,4.811830e-18,-3.828607e-05,-2.460940e-05,4.896569e-04,-6.153967e-03,1.228921e-03,2.049494e+00
2402,1.229977e-18,-2.539164e-05,-1.507055e-05,4.708520e-04,8.427418e-02,5.699843e-01,-3.333034e+00
2403,1.563003e-18,-4.208839e-05,-8.699434e-06,4.749201e-04,-4.916432e-01,9.509836e-01,1.026118e+00
2404,2.972651e-18,-3.514399e-05,-1.554391e-06,4.720100e-04,5.726298e-01,6.327951e-02,-3.085408e+00
2405,1.826121e-18,-1.779559e-05,-1.159328e-05,4.743981e-04,-1.003811e+00,3.989063e-01,-8.386171e-01
2406,4.328019e-18,-2.368921e-06,-3.725397e-06,4.776199e-04,-4.836299e-02,-8.767592e-02,-2.597039e+00
2407,2.466164e-17,-8.613011e-06,-6.262838e-06,4.728118e-04,-1.536051e+00,-2.312140e+00,-7.306552e-01
2408,2.798213e-19,-1.913846e-05,-8.984777e-06,4.716472e-04,-1.774668e+00,-1.277772e+00,-2.870580e+00
2409,1.064837e-18,-1.250560e-05,-1.719417e-05,4.732177e-04,1.937748e-01,1.196524e-02,-1.700121e+00
2410,5.337859e-18,-3.900819e-06,-1.484280e-05,4.771102e-04,4.623617e-01,1.824136e-01,-2.116896e-02
2411,4.175101e-17,-1.910939e-05,-8.057005e-06,4.824663e-04,-2.389977e+00,1.533774e+00,2.366101e+00
2412,3.872700e-18,-7.783865e-06,-2.102121e-05,4.865462e-04,-9.651687e-01,-2.866030e-01,8.810314e+00
2413,5.470261e-18,-1.449526e-05,-4.690686e-06,4.851192e-04,2.738695e-01,8.344526e-02,6.109736e+00
2414,1.436556e-17,-4.793232e-06,-1.562825e-05,5.004691e-04,-1.823522e-01,2.359147e-01,8.527072e+00
2415,2.359195e-18,-3.909880e-06,-1.485069e-05,4.884399e-04,-3.736419e-03,2.346535e-02,5.282322e+00
2416,3.217651e-18,-1.559695e-05,-2.343835e-05,4.845139e-04,1.093222e-01,-1.657858e-01,3.640670e+00
2417,4.910732e-19,-2.266667e-05,-1.523914e-05,4.919457e-04,1.678710e-01,6.918827e-01,1.736441e+00
2418,1.873390e-18,-1.562204e-05,-2.358101e-05,4.953247e-04,5.454135e-02,7.028191e-01,6.985497e-01
2419,5.014296e-18,-1.187414e-04,1.327779e-05,4.732072e-04,-7.527976e-01,4.059002e-01,-4.145170e+00
2420,1.390235e-17,-1.137626e-04,-2.241457e-05,4.751224e-04,-5.493142e-01,-1.094152e+00,-6.415483e-01
2421,1.738452e-18,-1.107972e-04,-1.795132e-05,4.711361e-04,6.528098e-01,2.131936e-01,-1.310458e+00
2422,9.645791e-19,-1.459023e-04,1.727083e-05,4.763558e-04,9.469269e-02,-1.184933e+00,-4.109415e-01
2423,6.624186e-17,-2.378987e-05,-1.196881e-04,4.930684e-04,1.602108e-02,-1.156544e-02,4.406778e-01
2424,2.720688e-17,2.406227e-05,-1.213988e-04,4.991059e-04,5.220954e-03,-3.590662e-02,7.173156e-01
2425,1.811746e-17,-9.253337e-06,-1.011410e-04,4.976351e-04,-1.963456e+00,2.331227e-01,1.266629e+01
2426,4.189883e-17,1.865252e-06,-1.023480e-04,4.950584e-04,-1.434190e+00,-8.405143e-01,1.155103e+01
2427,1.840316e-18,-9.432233e-06,-1.219229e-04,4.957393e-04,-1.596179e+00,5.226759e-01,1.205093e+01
2428,1.642754e-17,1.602768e-07,-1.013599e-04,4.826818e-04,-1.207301e-02,-7.869307e-01,6.542418e+00
2429,1.335657e-18,-7.784513e-07,-1.148479e-04,4.981317e-04,2.677318e-01,-2.445070e-01,5.840710e+00
2430,2.663132e-18,-7.736017e-07,-1.148450e-04,4.899496e-04,-6.029161e-02,-1.839340e-03,4.803516e+00
2431,6.467139e-19,-7.423105e-06,-1.179670e-04,4.856873e-04,1.621229e+00,-7.183765e-01,2.262994e+00
2432,5.372010e-18,-6.067527e-06,-9.998977e-05,4.857266e-04,1.025334e-01,-1.371272e-01,6.028700e+00
2433,1.487189e-18,-6.261795e-06,-9.999755e-05,4.825769e-04,-3.134073e-01,-8.264049e-01,6.057022e+00
2434,2.768147e-17,9.221720e-06,-1.047266e-04,4.957663e-04,-2.178976e+00,1.499822e+00,1.160533e+01
2435,2.580372e-17,7.016184e-06,-1.072905e-04,4.813606e-04,2.026004e-01,-5.132204e-01,2.489753e+00
2436,2.596726e-17,3.699734e-06,-1.203639e-04,4.993388e-04,1.672682e+00,-1.631235e+00,6.447258e+00
2437,1.000432e-17,1.172218e-05,-1.078071e-04,4.854881e-04,2.825676e-01,-3.138435e-01,7.682321e+00
2438,1.080143e-18,3.702116e-06,-1.118201e-04,4.919133e-04,-1.276624e+00,-5.487914e-01,5.360656e+00
2439,4.262369e-18,6.415358e-06,-1.116953e-04,4.846473e-04,8.821303e-01,-2.610106e-02,2.520675e+00
2440,9.336521e-17,1.215514e-05,-9.898952e-05,4.950091e-04,-8.017534e-01,-1.506678e-01,3.358048e+00
2441,9.889785e-19,2.231300e-06,-1.011718e-04,4.913296e-04,1.350016e+00,1.187278e+00,1.325322e+01
2442,3.279681e-18,1.093299e-05,-1.210980e-04,4.845176e-04,-2.107822e-01,1.113079e+00,1.202950e+00
2443,3.110858e-18,7.751347e-07,-1.234466e-04,4.977726e-04,-9.739666e-02,-7.469095e-02,1.816154e-01
2444,3.298123e-18,1.796106e-05,-1.116965e-04,4.970831e-04,1.587854e+00,-1.396604e+00,-1.310728e+00
2445,3.836231e-18,2.460940e-05,-1.117139e-04,4.894343e-04,2.497167e-03,-2.680970e-03,2.242876e+00
2446,3.886002e-17,2.562461e-06,-8.047714e-05,5.235643e-04,-3.133494e-01,-3.746857e+00,2.073772e+01
2447,1.903442e-18,4.147071e-06,-7.850539e-05,5.181163e-04,6.570624e-01,-1.896494e+00,1.918623e+01
2448,2.226008e-18,1.189229e-05,-8.040971e-05,5.126828e-04,-4.188986e-01,3.912889e-01,9.937004e+00
2449,2.718819e-18,1.171252e-05,-8.750121e-05,5.215345e-04,-9.979532e-02,-2.431971e-02,4.219123e+00
2450,1.167887e-18,1.173136e-05,-8.048312e-05,5.051627e-04,-5.873491e-01,4.430751e-01,6.392805e+00
2451,5.341526e-18,1.020215e-05,-8.986180e-05,5.037433e-04,3.840928e-01,1.363874e-01,4.081704e+00
2452,4.205294e-18,6.245467e-06,-9.062543e-05,5.204767e-04,-5.972111e-02,-6.103407e-02,2.898548e+00
2453,2.395445e-18,5.471755e-06,-9.764794e-05,5.124193e-04,-9.518958e-02,2.055364e-01,4.007576e+00
2454,2.619813e-18,1.015726e-05,-9.765394e-05,5.085314e-04,-2.938430e-01,-2.318159e-01,7.622449e-01
2455,2.852019e-18,2.109230e-05,-8.046224e-05,5.147295e-04,4.806550e-02,-5.217855e-01,-1.246340e-01
2456,1.227736e-16,-1.096400e-05,-7.872032e-05,4.983632e-04,-1.212236e+00,2.488170e-01,5.413466e+00
2457,3.837411e-18,-1.797290e-05,-7.890617e-05,4.845445e-04,7.973730e-01,7.896650e-01,4.104118e+00
2458,3.858964e-17,-1.833849e-05,-7.857896e-05,4.850395e-04,1.425733e-01,9.295940e-01,4.837321e+00
2459,4.663593e-17,-2.744344e-06,-8.282959e-05,4.927278e-04,-2.902626e+00,-9.357202e-01,4.161523e+00
2460,1.121356e-17,-1.595580e-05,-8.355477e-05,4.926373e-04,1.475673e+00,4.016293e-01,5.267204e+00
2461,3.417719e-18,-2.346183e-06,-9.687487e-05,4.938392e-04,-3.123530e-01,4.186155e-01,7.878674e+00
2462,3.428311e-18,-2.341730e-06,-9.687087e-05,4.852765e-04,-2.531040e-01,6.942476e-02,4.763598e+00
2463,2.691855e-18,-9.371247e-06,-8.125122e-05,4.868171e-04,-1.363487e-03,3.608342e-01,2.690550e+00
2464,2.446993e-17,-4.755888e-06,-8.741295e-05,4.829311e-04,2.850936e+00,1.305128e-01,1.195522e+00
2465,5.882233e-18,-1.094035e-05,-9.528675e-05,4.912279e-04,-4.081616e-02,4.357881e-01,3.098934e+00
2466,6.785611e-19,-1.836101e-05,-7.891250e-05,4.794812e-04,-1.535997e+00,-5.390178e-01,3.598015e+00
2467,1.136451e-17,-2.428269e-05,-8.518378e-05,4.965149e-04,-1.309539e-03,-1.611634e-02,1.139884e+00
2468,2.885015e-17,1.565045e-05,-9.271576e-05,4.829865e-04,1.229402e+00,-1.633127e-01,4.162382e-01
2469,6.396015e-17,1.227103e-05,-8.131952e-05,4.943158e-04,1.191622e+00,-9.845492e-01,5.951543e+00
2470,2.039585e-17,1.641185e-05,-7.988409e-05,4.852924e-04,-3.563798e-01,1.893169e+00,4.401892e+00
2471,9.764589e-19,1.159214e-05,-9.832094e-05,4.880508e-04,-2.323275e-01,6.337189e-01,5.408347e+00
2472,1.255812e-18,1.017215e-05,-8.206775e-05,4.864823e-04,6.510589e-01,6.986090e-01,5.748811e+00
2473,3.093008e-18,1.172658e-05,-8.750123e-05,4.977362e-04,-3.084060e-01,-1.706143e-01,2.469726e+00
2474,2.622319e-18,5.470994e-06,-9.765764e-05,5.008381e-04,-1.011161e-01,2.031667e-01,3.276949e+00
2475,2.917971e-18,5.469547e-06,-9.496380e-05,4.834837e-04,-1.041648e-03,9.624747e-01,1.677319e+00
2476,2.596689e-17,2.413649e-05,-8.755866e-05,4.937155e-04,1.147639e+00,2.309731e-02,3.146520e+00
2477,8.943630e-19,5.609186e-06,-9.751877e-05,4.927044e-04,-4.902549e-01,-5.415744e-01,2.419971e+00
2478,8.352535e-19,8.741126e-06,-8.189156e-05,4.818016e-04,-3.432594e-01,9.869811e-02,3.952473e+00
2479,2.542884e-18,1.491530e-05,-7.809023e-05,4.953358e-04,-1.106741e-01,-4.342554e-01,5.261685e-01
2480,9.424998e-19,1.159409e-05,-8.031478e-05,4.974092e-04,4.122517e-01,-2.004839e-01,-9.074557e-01
2481,1.783880e-18,2.460952e-05,-8.985059e-05,4.860873e-04,-8.736455e-02,-1.410228e-01,1.891332e+00
2482,3.217167e-19,4.299934e-06,2.378904e-04,4.732116e-04,-5.684020e-01,-1.105299e+00,-5.435284e-01
2483,1.490042e-17,-7.852274e-06,2.433148e-04,4.725878e-04,4.172202e-02,-2.149165e+00,-8.682507e-01
2484,6.350085e-19,1.914045e-05,2.222654e-04,4.713141e-04,3.025631e+00,-2.414156e-01,-4.206688e+00
2485,1.349054e-18,7.813241e-06,2.042964e-04,4.752438e-04,8.349800e-02,9.632558e-01,1.067409e-01
2486,2.006867e-18,-1.256127e-05,2.046035e-04,4.710216e-04,-2.350262e-01,2.902329e-03,-7.158157e+00
2487,2.470377e-18,-1.099569e-05,8.657195e-05,4.733121e-04,-6.819030e-01,2.820392e-01,-1.511402e+00
2488,1.345103e-18,6.434319e-06,7.967221e-05,4.757376e-04,-6.765060e-01,-1.817469e+00,5.043388e-01
2489,6.564851e-19,1.132819e-05,9.413900e-05,4.735427e-04,-2.538095e+00,-5.160454e-01,5.515257e+00
2490,6.013156e-19,2.460968e-05,8.514835e-05,4.732060e-04,2.680830e-01,-5.164087e-01,2.608865e+00
2491,6.176710e-19,1.021930e-05,5.664226e-05,4.693157e-04,2.184564e-01,-2.198535e+00,-3.850282e+00
2492,1.144462e-17,1.015825e-05,-1.679687e-04,4.876541e-04,-5.589681e-01,-5.938911e-01,7.356555e+00
2493,9.219656e-17,1.008430e-05,-1.678636e-04,4.876814e-04,-6.774471e-01,-6.361054e-01,7.845858e+00
2494,3.723494e-18,2.300637e-06,-1.625510e-04,4.981097e-04,-1.265676e+00,-1.215881e-01,8.161730e+00
2495,5.448811e-17,1.359595e-05,-1.569359e-04,4.977513e-04,6.805269e-01,-1.492768e+00,2.283123e+00
2496,2.067416e-17,-8.289565e-07,-1.638352e-04,4.897760e-04,-1.337443e+00,-1.473794e+00,5.177709e+00
2497,8.786293e-18,1.564187e-05,-1.601444e-04,4.944972e-04,-3.745261e-03,-2.777354e-03,5.684184e+00
2498,3.494156e-17,2.400364e-05,-1.686785e-04,4.991934e-04,-9.051886e-03,9.726386e-03,6.794402e-01
2499,3.131488e-18,7.828820e-07,-1.593597e-04,4.806328e-04,4.879299e-01,8.797605e-02,4.187705e+00
2500,1.365655e-18,1.177256e-05,-1.660169e-04,4.830162e-04,1.270723e+00,7.453140e-01,1.178525e+01
2501,8.076554e-18,3.908403e-06,-1.656262e-04,4.926098e-04,1.372105e-01,-1.408968e-02,8.724225e+00
2502,4.040393e-19,-1.289280e-05,-1.691388e-04,4.724592e-04,3.434115e+00,1.283590e+00,-2.924602e-01
2503,5.764810e-19,-8.984738e-06,-1.667959e-04,4.760211e-04,1.829603e-01,1.172340e+00,3.503949e+00
2504,1.140351e-17,-1.040459e-05,-1.620100e-04,4.810749e-04,-8.239649e-01,-5.412704e-01,7.609755e+00
2505,2.482012e-19,-1.054816e-05,-1.613280e-04,4.740081e-04,-1.227765e-03,7.542069e-01,2.023407e+00
2506,1.287299e-18,-1.402651e-05,-1.570590e-04,4.732262e-04,-2.186831e-01,-5.497259e-01,-1.088681e+00
2507,3.063192e-17,-2.401497e-05,-1.574966e-04,4.818657e-04,-1.773351e-02,3.097292e-02,8.748149e-01
2508,3.968182e-17,-1.218646e-05,-1.616589e-04,4.978888e-04,7.910830e-01,-6.930756e-01,5.212947e+00
2509,4.974450e-19,-1.719129e-05,-1.605469e-04,4.872836e-04,-2.250405e-01,9.269489e-01,3.162897e+00
2510,3.630425e-17,-1.428023e-05,-1.591436e-04,4.800684e-04,4.426543e-01,-7.549201e-01,2.420202e+00
2511,2.054441e-17,-3.596453e-06,-1.640026e-04,4.804684e-04,1.611791e-01,-4.467621e-01,2.216632e+00
2512,3.726969e-18,-1.494806e-05,-1.711840e-04,5.005686e-04,1.236888e-01,7.787642e-02,2.335103e+00
2513,1.933616e-18,-1.054789e-05,-1.647050e-04,4.911449e-04,-1.237592e+00,-2.823664e+00,1.818715e+01
2514,6.536302e-19,-1.054634e-05,-1.628911e-04,4.868823e-04,2.446534e-01,8.965607e-01,1.188484e+01
2515,3.137523e-19,-1.054667e-05,-1.636717e-04,4.880372e-04,2.326799e+00,7.203095e-01,1.295003e+01
2516,6.744695e-19,-1.170163e-05,-1.707010e-04,4.794751e-04,-1.391109e+00,-1.355927e+00,7.970884e+00
2517,2.268264e-18,-1.478805e-05,-1.697499e-04,4.795213e-04,-5.407738e-02,2.048381e-01,7.785482e+00
2518,1.289802e-18,-5.474779e-06,-1.695236e-04,4.911437e-04,-7.665027e-02,5.982481e-03,7.960157e-01
2519,2.855390e-18,-3.871805e-06,-1.695463e-04,4.821566e-04,6.699414e-01,2.300085e-01,1.776564e-01
2520,1.137665e-17,-2.430052e-05,-1.694945e-04,4.901909e-04,1.220795e-02,4.642231e-02,1.189744e+00
2521,7.261388e-17,2.453903e-04,8.789892e-07,5.224419e-04,-9.820905e-02,-1.048664e+00,1.058826e+01
2522,1.511041e-18,2.496093e-04,7.676133e-07,5.108698e-04,2.661767e-02,3.528935e-01,1.500533e+01
2523,5.896932e-17,2.379536e-04,-2.175115e-06,5.124523e-04,6.392035e-01,1.440356e+00,7.644739e+00
2524,3.580345e-17,2.309202e-04,-2.607821e-07,5.067485e-04,1.682922e-01,9.830829e-01,7.101992e+00
2525,1.259021e-18,2.496092e-04,7.872767e-07,5.061984e-04,1.576094e-01,1.006872e-01,1.255472e+01
2526,1.443229e-16,2.487271e-04,2.009444e-05,5.161142e-04,-3.076586e-01,1.503763e+00,1.076455e+01
2527,1.038119e-16,2.488218e-04,9.560342e-06,5.200042e-04,-3.918268e-02,7.331380e-01,5.620642e+00
2528,5.979045e-19,2.496085e-04,1.407891e-05,5.074496e-04,2.492415e-01,3.049938e-03,1.071998e+01
2529,4.825470e-18,2.445300e-04,4.689907e-06,5.128298e-04,-2.512685e-02,5.109043e-02,9.797154e+00
2530,4.625785e-18,2.453196e-04,1.407570e-05,5.043755e-04,-3.919187e-02,-2.531775e-01,1.022920e+01
2531,1.580348e-17,2.391272e-04,1.453224e-05,5.249518e-04,-3.245808e-01,5.221590e-01,7.947940e+00
2532,5.401322e-18,2.456739e-04,1.484002e-05,5.123828e-04,1.068283e+00,-6.408495e-01,8.717133e+00
2533,2.247338e-18,2.273428e-04,5.467143e-06,5.100896e-04,2.429857e-01,6.154610e-02,5.298290e+00
2534,2.653955e-17,2.333977e-04,7.893939e-06,5.143969e-04,-1.267721e-01,-3.306106e-01,5.434163e+00
2535,6.940970e-18,2.317322e-04,9.395929e-06,5.087773e-04,3.571665e-01,-1.808080e-01,4.589862e+00
2536,9.762451e-18,2.492440e-04,1.252067e-05,5.135437e-04,2.998319e-02,3.192975e-01,4.728910e+00
2537,1.282258e-18,2.398457e-04,8.591235e-06,5.211699e-04,-7.060874e-02,7.188801e-03,2.687924e+00
2538,1.762485e-17,2.099581e-04,6.288676e-06,5.186190e-04,-4.491996e-01,-2.009808e+00,1.628974e+01
2539,3.312604e-17,2.128229e-04,1.374768e-05,5.087507e-04,-4.418928e-01,-7.980166e-01,1.119375e+01
2540,2.719436e-17,2.061976e-04,1.382654e-05,5.168562e-04,-4.705106e-01,1.774757e+00,9.500705e+00
2541,1.877678e-18,2.070059e-04,8.746107e-06,5.140853e-04,5.621496e-01,-5.181947e-01,1.181058e+01
2542,1.230886e-18,2.226558e-04,1.172529e-05,5.226683e-04,2.901910e-01,-9.272311e-01,3.666990e+00
2543,3.281187e-18,2.023378e-04,4.691689e-06,5.153892e-04,-2.635455e-01,-6.434057e-01,3.103597e+00
2544,2.722421e-17,1.836218e-04,3.733270e-06,5.077605e-04,-4.733588e-01,-1.717271e-01,9.516528e+00
2545,3.560443e-17,1.779536e-04,7.620424e-06,5.152433e-04,-1.379734e+00,-7.235645e-01,1.041614e+01
2546,1.247634e-17,1.803207e-04,1.178731e-05,5.068030e-04,-7.062669e-01,-8.131342e-01,9.075457e+00
2547,7.750063e-18,1.850751e-04,6.509289e-06,5.217451e-04,8.689896e-01,-1.446079e+00,5.544521e+00
2548,4.264470e-18,1.812490e-04,2.346485e-06,5.134631e-04,-5.959459e-02,-7.681470e-03,3.683555e+00
2549,7.461682e-18,1.914065e-04,-1.405766e-05,5.139782e-04,9.885021e-01,5.242113e-01,8.104027e+00
2550,2.401047e-17,1.933458e-04,-3.229796e-06,5.080101e-04,2.948663e-01,-4.256501e+00,1.648116e+01
2551,5.303458e-18,1.945328e-04,-6.248224e-06,5.219202e-04,-2.520606e-01,5.655758e-02,1.594138e+01
2552,5.889551e-17,1.913104e-04,-1.405310e-05,5.146040e-04,9.809749e-01,8.169756e-01,8.169908e+00
2553,1.164691e-17,1.945644e-04,-6.254411e-06,5.053042e-04,-1.729683e-03,-1.306714e-01,9.569903e+00
2554,1.156441e-17,1.982099e-04,-5.762939e-06,5.102832e-04,7.560380e-01,3.087961e+00,1.014661e+01
2555,3.015455e-17,1.785126e-04,-1.577805e-05,5.075932e-04,8.184648e-02,1.507172e-01,7.178716e+00
2556,1.067195e-18,1.938614e-04,-1.815654e-05,5.151031e-04,-3.759486e-01,2.005183e-01,6.868524e+00
2557,1.427417e-17,1.839601e-04,-9.270010e-06,5.231620e-04,-5.356770e-01,1.179455e+00,4.191345e+00
2558,2.493548e-18,1.976555e-04,-1.484147e-05,5.169542e-04,4.095119e-02,3.776334e-01,4.940307e+00
2559,2.800789e-17,2.418270e-04,-6.065593e-06,5.104324e-04,3.856685e-01,1.871582e+00,2.050807e+01
2560,3.937573e-17,2.479490e-04,-1.162855e-05,5.066306e-04,2.123978e+00,1.187659e+00,4.854988e+00
2561,1.241440e-17,2.327840e-04,-1.015832e-05,5.245666e-04,-2.069413e-01,6.354197e-02,1.737535e+01
2562,9.196544e-18,2.304655e-04,-1.410992e-05,5.130940e-04,9.995384e-02,1.111682e-01,1.700398e+01
2563,1.237157e-17,2.320180e-04,-9.369915e-06,5.079779e-04,-2.127911e-01,7.432614e-02,1.204825e+01
2564,6.690975e-18,2.427655e-04,-3.911490e-06,5.220038e-04,6.707841e-01,1.553135e-01,9.207374e+00
2565,2.174667e-18,2.320260e-04,-5.470790e-06,5.138934e-04,5.698850e-02,2.111381e-01,9.497435e+00
2566,5.526454e-18,2.429885e-04,-3.921888e-06,5.146730e-04,-1.689469e-01,3.253838e-01,7.732847e+00
2567,1.289939e-18,2.453215e-04,-2.317295e-06,5.074114e-04,1.328141e-01,-1.011157e-01,4.909699e+00
2568,1.152347e-18,2.413927e-04,-8.629695e-06,5.066853e-04,1.506357e-01,4.803793e-01,2.034000e+01
2569,4.389708e-18,2.320261e-04,-1.015305e-05,5.189246e-04,1.906346e-02,1.630234e-01,1.606322e+01
2570,1.061698e-17,2.492713e-04,-1.658340e-05,5.201888e-04,2.331838e-02,-5.894589e-01,1.977972e+00
2571,1.003601e-18,2.273471e-04,-2.349829e-06,5.157787e-04,2.192284e-01,-7.520305e-02,3.120044e+00
2572,4.052118e-18,2.054976e-04,-1.010944e-05,5.066787e-04,-7.592738e-01,-8.820472e-02,1.043107e+01
2573,7.177056e-18,2.019034e-04,-1.013113e-05,5.065617e-04,-1.829215e+00,9.903876e-01,7.366676e+00
2574,3.595192e-18,2.070304e-04,-1.328063e-05,5.248907e-04,1.252858e-02,-1.405489e-02,6.490556e+00
2575,1.149649e-17,2.080421e-04,-5.470279e-06,5.093032e-04,3.650413e-01,1.868838e-01,7.100260e+00
2576,1.442811e-17,2.124999e-04,-1.010821e-05,5.211645e-04,-1.662792e-01,8.842519e-01,6.637857e+00
2577,5.491412e-18,2.195338e-04,-3.123911e-06,5.150184e-04,-1.504907e-01,2.918265e-02,7.525929e+00
2578,2.737557e-18,2.195291e-04,-3.131836e-06,5.076977e-04,1.466423e-01,1.051787e-01,4.424082e+00
2579,3.616338e-18,2.140967e-04,-6.984462e-06,5.103884e-04,3.189219e-01,2.843622e-01,5.359832e+00
2580,3.191999e-17,-1.193663e-05,1.631114e-04,5.289396e-04,-9.440869e-01,-1.318968e+00,1.859952e+01
2581,3.138829e-16,6.853805e-06,1.466181e-04,5.456628e-04,-7.760273e-01,-1.139534e+00,9.518102e+00
2582,8.539023e-17,1.316005e-05,1.309265e-04,5.375827e-04,6.985931e-01,1.162072e-02,8.689255e+00
2583,2.864823e-16,1.338925e-05,1.311381e-04,5.371620e-04,3.997521e-01,-3.395530e-01,8.387832e+00
2584,3.156815e-18,4.721911e-06,1.469059e-04,5.294953e-04,-1.048894e-02,8.161759e-03,5.663524e+00
2585,3.181504e-17,-9.201476e-06,1.300096e-04,5.484166e-04,-1.158140e+00,3.933079e+00,1.058393e+01
2586,3.851952e-17,-1.782707e-05,1.356887e-04,5.451379e-04,-3.205740e+00,4.901542e-02,7.167405e+00
2587,6.552820e-18,-2.007589e-05,1.365899e-04,5.397528e-04,-4.601728e-02,-7.872906e-01,5.707361e+00
2588,5.496832e-18,-1.250563e-05,1.308122e-04,5.473357e-04,5.529629e-01,-7.689962e-01,5.937135e+00
2589,5.101598e-18,-1.565477e-06,1.484384e-04,5.352156e-04,1.266962e-02,3.762763e-02,5.361030e+00
2590,1.167001e-18,-5.461525e-06,1.406239e-04,5.453909e-04,-5.372442e-02,4.411805e-02,1.663347e+00
2591,2.442703e-18,-5.470106e-06,1.406262e-04,5.420879e-04,8.761637e-02,2.841111e-03,9.550492e-01
2592,1.786189e-17,-4.849470e-06,1.642202e-04,5.328256e-04,3.783432e-01,-3.885817e-02,1.515821e+01
2593,1.211297e-16,-5.147652e-06,1.645193e-04,5.322677e-04,4.712288e-01,2.065271e-01,1.534396e+01
2594,9.789683e-18,-1.104246e-05,1.730177e-04,5.351776e-04,4.957098e-01,8.544496e-01,2.516749e+01
2595,4.633894e-18,-1.250071e-05,1.640736e-04,5.397555e-04,-7.201652e-02,4.814846e-01,2.049348e+01
2596,4.074395e-17,1.263676e-05,1.713243e-04,5.454401e-04,-8.574971e-01,6.504391e-01,9.264469e+00
2597,7.266185e-17,8.450624e-06,1.635515e-04,5.418752e-04,3.055480e+00,1.741648e+00,1.328829e+01
2598,1.416372e-17,9.376069e-06,1.570234e-04,5.429049e-04,1.306274e+00,-1.533710e-01,5.711099e+00
2599,9.655468e-17,9.450989e-06,1.572861e-04,5.431587e-04,1.118614e+00,-1.183077e-01,5.692606e+00
2600,6.855064e-18,1.735185e-05,1.687278e-04,5.452609e-04,-8.083629e-01,1.201859e-02,4.925081e+00
2601,4.996342e-18,1.328712e-05,1.559107e-04,5.485950e-04,1.912348e-01,1.048134e+00,4.473509e+00
2602,2.087388e-17,-8.319652e-06,1.703046e-04,5.448564e-04,-7.001520e-01,1.051034e+00,1.355925e+01
2603,2.568695e-17,-1.693282e-05,1.669859e-04,5.424919e-04,-1.542824e+00,-2.078593e+00,1.546927e+01
2604,4.173761e-17,-3.771668e-06,1.601307e-04,5.371789e-04,7.077919e-01,1.604899e+00,9.500480e+00
2605,1.121729e-17,-1.699557e-05,1.703911e-04,5.494956e-04,-5.750973e-02,3.601193e+00,2.174664e+01
2606,3.549680e-18,-1.328781e-05,1.609383e-04,5.330890e-04,1.914561e-01,-3.703430e-02,8.676991e+00
2607,1.122959e-18,-1.329858e-05,1.687733e-04,5.432711e-04,-1.013670e+00,-7.406248e-02,5.774593e+00
2608,4.814849e-18,-1.328321e-05,1.609347e-04,5.418389e-04,-6.058086e-02,9.242406e-02,6.918608e+00
2609,2.049856e-18,-2.108973e-05,1.734387e-04,5.443575e-04,-1.997845e-01,-2.011328e-01,-5.414153e-01
2610,1.355296e-17,1.297821e-07,1.531348e-04,5.199879e-04,3.471392e-01,-6.280770e-02,7.818326e+00
2611,2.270924e-17,1.166861e-05,1.563240e-04,5.193299e-04,-1.417615e-01,-2.299699e-01,5.645709e+00
2612,2.249294e-18,3.901414e-06,1.617202e-04,5.162275e-04,-1.170224e-01,4.805617e-02,2.534620e+00
2613,8.399602e-18,1.250402e-05,1.585843e-04,5.056057e-04,3.160934e-01,9.187295e-03,3.697519e+00
2614,3.505553e-18,1.485219e-05,1.718807e-04,5.147210e-04,-1.253049e+00,-3.519400e-01,1.177181e+00
2615,8.952264e-18,-1.132595e-05,1.696100e-04,5.146571e-04,-1.753087e+00,6.674122e-01,9.909278e+00
2616,1.786946e-18,-1.100159e-05,1.640012e-04,5.180633e-04,-1.630367e-01,-3.440763e-01,1.347418e+01
2617,3.106158e-18,-1.019200e-05,1.687520e-04,5.070629e-04,-3.667661e-01,-8.242638e-02,1.391382e+01
2618,3.499949e-18,-1.102563e-05,1.640767e-04,5.099007e-04,-1.505792e-01,3.072809e-02,1.103181e+01
2619,2.651704e-18,-8.588843e-06,1.656454e-04,5.070726e-04,7.512925e-01,4.722092e-02,7.881756e+00
2620,1.083095e-17,-4.689592e-06,1.656616e-04,5.129276e-04,-1.211595e-02,3.277411e-01,9.750441e+00
2621,5.101980e-18,-1.875634e-05,1.624992e-04,5.220134e-04,-8.753223e-01,5.662566e-02,8.194427e+00
2622,8.427199e-18,-8.598697e-06,1.577977e-04,5.119538e-04,-1.639587e-02,-2.419013e-01,9.084171e+00
2623,7.710952e-18,-2.119754e-05,1.666666e-04,5.233835e-04,5.649095e-01,-3.214660e-01,4.591349e+00
2624,9.602362e-19,-3.906972e-06,1.585889e-04,5.234248e-04,1.395887e-01,1.758138e-01,7.039864e+00
2625,1.516162e-18,-2.388886e-06,1.531188e-04,5.104685e-04,2.720780e-01,-4.430549e-02,6.340870e+00
