droplet_id,volume,ux,uy,uz,vx,vy,vz
1,7.973594e-12,7.525410e-08,3.965422e-08,3.871535e-04,-2.133692e-03,-1.937811e-03,2.458088e-01
2,3.850800e-17,-4.554092e-05,1.303175e-05,5.389257e-04,-3.453891e-01,2.544233e-01,6.648220e+00
3,5.964424e-17,-3.142881e-05,5.117949e-06,5.373458e-04,1.181025e-01,1.227888e-01,5.209094e+00
4,2.711367e-18,-3.827905e-05,1.875356e-05,5.315869e-04,5.183229e-02,2.336734e-01,8.052528e+00
5,4.502377e-18,-3.281712e-05,1.328289e-05,5.326656e-04,4.237980e-01,1.145029e-01,7.280673e+00
6,1.242121e-18,-3.835346e-05,1.883156e-05,5.433252e-04,-2.826122e-02,-2.005789e-02,1.082159e+00
7,1.736236e-18,-4.134169e-05,1.647049e-05,5.381750e-04,4.150214e-02,1.249861e-01,3.869714e+00
8,2.153866e-18,-3.827977e-05,1.872086e-05,5.352392e-04,-4.462417e-02,-2.921411e-01,3.110895e-01
9,2.298282e-18,-3.594347e-05,4.682205e-06,5.387307e-04,6.935258e-02,-1.369351e-01,2.810888e+00
10,1.197442e-18,-4.414027e-05,-7.737560e-07,5.227604e-04,-1.143274e+00,1.677928e+00,1.530601e+01
11,1.393461e-18,-4.143933e-05,-8.226297e-07,5.117590e-04,-2.065392e-01,-1.778401e-01,8.229842e+00
12,6.864389e-18,-2.611461e-05,1.637942e-05,5.155391e-04,-1.133364e+00,5.912031e-02,7.421665e-01
13,3.263642e-17,-4.388297e-05,1.047552e-05,5.195845e-04,8.642406e-01,-3.593778e-01,1.124160e+01
14,5.484887e-18,-1.562433e-05,9.635393e-06,5.356877e-04,-3.627275e-02,-4.372136e-01,1.644883e+01
15,4.938637e-18,-7.808865e-06,1.953087e-05,5.312348e-04,-2.357835e-02,2.183727e-01,6.201076e+00
16,3.270039e-18,-3.509558e-06,1.763900e-05,5.496611e-04,1.202437e-01,9.823834e-01,1.536653e+01
17,2.347983e-18,-1.875445e-05,1.563852e-05,5.408438e-04,8.770224e-02,-8.980820e-02,-3.828886e-01
18,2.063086e-16,-7.992591e-06,-5.341098e-05,5.413049e-04,-3.837432e-01,7.073146e-02,1.013317e+01
19,4.452512e-18,-1.249754e-05,-4.297106e-05,5.297577e-04,-1.204682e-01,-6.082247e-01,5.957575e+00
20,2.933949e-17,8.933340e-07,-1.868581e-05,5.404256e-04,-5.300250e-01,4.712271e-02,1.414678e+01
21,2.582231e-18,-9.370591e-06,-1.719919e-05,5.415623e-04,-8.793371e-01,-3.413720e-01,1.149554e+01
22,2.622078e-18,-2.577554e-05,-6.253353e-06,5.401656e-04,-9.557852e-02,1.382929e-01,7.082707e+00
23,2.558056e-18,-1.410196e-05,-1.019354e-05,5.366386e-04,-4.866326e-01,-4.942795e-01,6.256660e+00
24,5.226352e-18,-1.003570e-05,-1.952508e-05,5.333733e-04,1.460657e+00,2.960099e-02,4.029156e+00
25,1.956768e-17,-1.430667e-05,-1.544055e-05,5.264276e-04,9.530813e-01,-3.315798e-01,3.187734e+00
26,1.107804e-18,-1.874165e-05,-1.874375e-05,5.383901e-04,1.686149e-02,3.073989e-02,2.394426e+00
27,2.207609e-18,7.864998e-07,-9.374251e-06,5.479183e-04,1.627060e-01,-1.048123e-02,6.936710e-01
28,2.956103e-18,-1.096036e-05,1.095687e-05,5.183033e-04,5.684671e-01,1.314760e+00,1.730143e+01
29,1.629783e-18,-1.562677e-05,1.093649e-05,5.148437e-04,9.457165e-01,-4.717547e-03,1.542102e+01
30,5.118152e-19,-1.564037e-05,1.132733e-05,5.102789e-04,-1.053063e-01,-3.301252e-01,1.271269e+01
31,2.360144e-19,-3.515666e-06,7.422312e-06,5.033478e-04,-2.843125e-01,-4.625164e-01,2.998493e+01
32,3.062734e-18,1.173134e-05,-1.078207e-04,4.765887e-04,2.827789e-03,-3.967962e-02,-5.896845e-01
33,3.161303e-18,-6.285255e-06,-1.000314e-04,4.772038e-04,4.286139e-01,-4.096091e-01,5.973254e-01
34,1.347991e-17,-4.416129e-06,-1.181001e-04,4.742191e-04,2.458891e+00,-2.776773e-01,-6.988868e+00
35,1.542094e-17,-1.882601e-05,-1.208668e-04,4.798566e-04,-7.855253e-01,-1.286940e-01,4.005988e+00
36,6.469429e-17,9.313200e-05,2.375690e-05,4.834762e-04,-6.182921e-02,-1.335690e-01,9.953009e-01
37,5.592822e-18,8.984547e-05,1.328385e-05,4.991720e-04,-2.473955e-01,-3.426283e-01,1.479732e+00
38,2.024168e-17,7.333538e-05,2.099367e-05,4.874584e-04,3.437087e-01,7.961926e-01,5.057706e+00
39,7.955428e-19,7.773483e-05,9.302068e-06,5.019067e-04,4.411056e+00,2.692632e+00,1.527425e+01
40,2.427650e-17,7.580133e-05,3.437758e-06,4.843869e-04,-3.405167e-01,1.228447e-01,4.613922e+00
41,3.069577e-18,9.444677e-05,9.128211e-07,4.930890e-04,-5.530468e-01,1.110440e-01,5.513996e+00
42,2.077305e-17,8.607252e-05,4.735758e-06,5.020298e-04,-9.721320e-02,-4.361452e-01,6.812884e+00
43,1.350425e-17,7.811144e-05,2.061765e-05,4.906291e-04,-1.010242e+00,5.702433e-01,2.451348e+00
44,2.488318e-18,9.687024e-05,3.114117e-06,4.898809e-04,1.180763e-01,-2.995098e-02,1.161796e+00
45,5.466273e-19,9.376132e-05,1.523482e-05,4.777595e-04,1.809516e-01,-9.419148e-02,-5.748809e-02
46,1.891950e-18,7.656275e-05,2.460949e-05,4.804981e-04,-1.441802e-01,2.606655e-02,1.119462e+00
47,2.532449e-18,8.986620e-05,-7.565816e-07,4.921593e-04,5.667135e-01,6.513912e-01,5.240938e+00
48,3.078445e-18,8.984066e-05,-7.454392e-07,5.007102e-04,-1.017824e-01,1.056325e+00,6.281082e+00
49,5.007027e-18,7.189967e-05,1.214865e-05,5.045130e-04,3.423168e-01,-8.569399e-02,2.909012e+00
50,5.134375e-17,5.397770e-05,1.204825e-05,4.874448e-04,1.022942e+00,-2.897116e-01,1.122468e+01
51,1.228124e-18,6.797062e-05,1.721958e-05,4.793217e-04,-5.540022e-01,-6.863695e-03,9.000968e-01
52,4.400104e-17,7.209717e-05,-1.873431e-06,4.988631e-04,-2.193190e-01,3.851933e-02,9.724428e+00
53,5.167609e-17,5.367284e-05,1.378377e-05,4.994857e-04,9.689858e-01,-1.161623e+00,1.072390e+01
54,2.523163e-18,7.271277e-05,4.665597e-07,4.932395e-04,1.658203e-01,2.044794e+00,8.012992e+00
55,3.183412e-18,6.797871e-05,1.805698e-05,4.923955e-04,-1.730683e-01,4.955666e-02,4.431801e+00
56,4.994542e-18,6.015572e-05,4.830548e-06,4.918743e-04,-9.386393e-02,7.630895e-02,3.416464e+00
57,3.291126e-18,5.395722e-05,8.546281e-06,4.837454e-04,5.286212e-01,-9.080647e-01,1.053371e+01
58,5.768945e-19,5.240644e-05,1.445664e-05,4.964759e-04,4.332217e+00,-1.967233e-01,1.485210e+01
59,3.597930e-18,6.171629e-05,9.756439e-07,5.006097e-04,-5.323106e-02,-1.036676e+00,3.841888e+00
60,2.643235e-18,5.454054e-05,1.367179e-05,4.763547e-04,3.270810e+00,1.849663e+00,3.531132e+00
61,3.442008e-18,6.327771e-05,1.563477e-06,4.874771e-04,6.912892e-01,9.323726e-02,2.251422e+00
62,4.765775e-18,6.640126e-05,3.125458e-06,4.996441e-04,9.842273e-02,2.562228e-02,2.495535e+00
63,3.696794e-18,5.075504e-05,1.398027e-05,4.826092e-04,5.239300e-01,-6.219831e-01,6.765990e+00
64,7.849615e-18,1.223506e-04,2.149380e-05,5.037192e-04,-8.101034e-01,1.374616e+00,4.689507e+00
65,8.699713e-19,1.181080e-04,9.127299e-07,5.003180e-04,1.383816e-01,6.479855e-02,8.942770e+00
66,3.636659e-18,1.195414e-04,1.875309e-05,4.956852e-04,-1.951906e-02,-2.301766e-01,7.037088e+00
67,3.352355e-18,1.203051e-04,1.492227e-05,4.974012e-04,-9.867976e-02,-3.213563e-01,7.227351e+00
68,4.510091e-17,1.277310e-04,8.105153e-06,5.012560e-04,-1.359253e-01,-2.882033e-02,6.337263e+00
69,4.218746e-18,1.203809e-04,1.164244e-05,4.993385e-04,-2.538872e-01,-1.013403e-01,3.544539e+00
70,2.470818e-18,1.148415e-04,8.583656e-06,5.014844e-04,-1.056584e-01,-1.393229e-01,4.339750e+00
71,5.163684e-18,1.200670e-04,1.521234e-06,4.869773e-04,-5.492497e-02,7.471658e-01,3.059002e+00
72,4.789329e-18,1.046918e-04,1.484593e-05,4.980209e-04,3.541650e-01,-9.151911e-02,3.414024e+00
73,3.739806e-18,1.234565e-04,1.022937e-05,4.861202e-04,8.973779e-01,2.656816e-02,3.572561e+00
74,1.570829e-18,1.015698e-05,-2.312532e-04,5.391922e-04,-1.645186e-01,-5.858747e-02,1.725267e+01
75,2.117621e-17,-1.768710e-05,-2.440267e-04,5.468264e-04,-5.328811e-01,-1.980347e+00,7.035884e+00
76,8.436989e-18,1.257823e-05,-2.409798e-04,5.455911e-04,-5.278743e-01,-3.136927e+00,1.843968e+01
77,4.164938e-17,3.769621e-07,-2.278177e-04,5.280482e-04,-1.376140e-01,-5.048154e-02,1.245061e+01
78,1.650976e-17,2.377218e-06,-2.346582e-04,5.280476e-04,4.955745e-02,-5.889419e-01,1.056186e+01
79,2.107289e-17,1.410732e-05,-2.461928e-04,5.360416e-04,1.512452e+00,-2.244114e+00,1.008355e+01
80,2.761350e-17,-9.796037e-08,-2.249891e-04,5.402561e-04,3.553216e-01,6.129922e-01,5.293393e+00
81,2.409054e-18,-9.367452e-06,-2.421824e-04,5.288317e-04,-8.059086e-02,-7.396644e-02,5.407058e+00
82,1.940192e-17,-1.587478e-05,-2.469331e-04,5.272836e-04,3.574990e-01,-6.377265e-01,4.136509e+00
83,1.012946e-17,-1.814732e-05,-2.247521e-04,5.382817e-04,-3.779830e-01,1.010830e+00,2.039843e+00
84,9.735757e-19,1.249417e-05,-2.386739e-04,5.367964e-04,-1.389052e+00,-1.385866e+00,1.070637e+01
85,1.549485e-18,1.485548e-05,-2.496086e-04,5.417653e-04,-2.523179e-02,-1.948103e-01,7.062293e+00
86,1.229578e-18,7.028212e-06,-2.414052e-04,5.269520e-04,-6.666773e-02,7.485969e-02,6.907874e+00
87,2.541651e-16,-7.915306e-07,-2.336935e-04,5.284202e-04,-7.150902e-01,1.456877e-01,6.172733e+00
88,1.222605e-18,1.638017e-05,-2.398117e-04,5.499630e-04,-6.860141e-01,7.878657e-01,1.041324e+01
89,3.477818e-18,1.716794e-05,-2.461193e-04,5.390125e-04,-6.405052e-02,-8.434632e-02,6.486928e+00
90,7.921316e-18,5.046382e-06,-2.359806e-04,5.348993e-04,9.308467e-01,3.862296e-02,6.963856e+00
91,2.225300e-18,1.089618e-05,-2.444799e-04,5.375361e-04,7.764632e-02,-6.376655e-02,3.664109e+00
92,4.398520e-18,1.017254e-05,-2.249982e-04,5.327547e-04,1.739672e-03,-9.492332e-02,2.650012e+00
93,1.581939e-17,1.186673e-05,-2.312877e-04,5.173766e-04,1.322494e+00,-1.118241e-01,1.305189e+01
94,1.103684e-17,1.495033e-05,-2.295624e-04,5.083028e-04,-1.519616e-01,1.856840e-01,1.490480e+01
95,1.408244e-18,1.642310e-05,-2.296909e-04,5.156703e-04,-7.961531e-02,4.474567e-01,1.429752e+01
96,1.758086e-17,1.318983e-05,-2.341157e-04,5.145726e-04,2.652757e-01,1.086869e+00,1.165426e+01
97,6.373759e-18,9.374493e-06,-2.312576e-04,5.069223e-04,-1.449425e-01,3.587403e-01,1.093698e+01
98,2.258852e-18,2.347216e-06,-2.496095e-04,5.018988e-04,1.048118e-01,-1.179728e-02,7.208776e+00
99,1.850486e-17,1.715428e-06,-2.492188e-04,5.126173e-04,3.074193e-01,-1.129684e-01,8.137706e+00
100,6.562825e-17,2.101667e-06,-2.485438e-04,5.125441e-04,4.363652e-01,-1.148175e-01,8.167080e+00
101,3.809234e-18,1.563098e-06,-2.273522e-04,5.148402e-04,4.813956e-02,-1.247113e-01,8.247885e+00
102,7.915849e-17,1.247036e-05,-2.351577e-04,5.040552e-04,1.112613e-01,2.039425e+00,7.466956e+00
103,5.565127e-18,2.993898e-06,-2.375008e-04,5.209006e-04,-5.806461e-01,3.636054e-02,7.572966e+00
104,1.156932e-18,7.033137e-06,-2.414005e-04,5.224495e-04,2.881987e-01,3.404647e-01,8.554983e+00
105,3.086737e-18,1.093580e-05,-2.445330e-04,5.198251e-04,-6.853835e-01,-1.030175e-01,7.250670e+00
106,5.302083e-18,7.034494e-06,-2.414051e-04,5.107063e-04,-1.064646e-01,1.107315e-01,6.541209e+00
107,2.572570e-18,1.015225e-05,-2.496101e-04,5.254652e-04,-9.089284e-02,-2.587589e-02,5.893714e+00
108,3.467613e-18,1.827598e-05,-2.496107e-04,5.202122e-04,3.510492e-01,-4.654346e-02,5.085731e+00
109,5.399948e-18,1.091355e-05,-2.470106e-04,5.109048e-04,-3.851616e-01,-5.612042e-01,4.103926e+00
110,7.635971e-18,1.703472e-05,-2.493409e-04,5.104594e-04,6.271752e-02,-1.392984e-01,4.626315e+00
111,5.123234e-19,7.419545e-06,-2.496096e-04,5.129562e-04,3.565550e-01,-1.698560e-01,5.174507e+00
112,4.743066e-18,-3.115264e-06,-2.359511e-04,5.132954e-04,-5.108701e-01,1.723962e-01,1.620464e+01
113,6.386942e-18,-3.066289e-06,-2.370631e-04,5.191560e-04,-1.198222e+00,-2.587841e-01,1.484736e+01
114,1.065157e-17,-8.510159e-06,-2.288415e-04,5.094192e-04,2.060688e-01,-3.653630e-01,1.000387e+01
115,1.455690e-18,-3.125773e-06,-2.359352e-04,5.087639e-04,8.841056e-02,-1.118665e-01,1.382737e+01
116,2.051065e-18,-1.178815e-05,-2.446122e-04,5.031693e-04,-8.111938e-02,2.349298e-01,1.807372e+00
117,3.110323e-18,-9.366036e-06,-2.421830e-04,5.053516e-04,-7.796752e-02,-7.812890e-02,1.497395e+00
118,1.502207e-18,-2.343665e-05,-2.496090e-04,5.175578e-04,3.792506e-03,-1.414470e-01,3.299076e-01
119,1.039916e-18,-1.562106e-05,-2.496088e-04,5.221221e-04,-3.226278e-02,-7.929010e-02,8.344024e-01
120,4.417107e-18,-1.641261e-05,-2.432045e-04,5.002737e-04,-2.729937e-02,-1.073583e+00,-1.245250e+00
121,2.944290e-19,-1.211430e-05,-2.496085e-04,4.878977e-04,9.463902e-02,-2.883917e-01,-4.092636e+00
122,7.149294e-18,-2.434083e-05,-2.304480e-04,4.897829e-04,-1.092191e-01,-5.776716e-02,1.967731e+00
123,2.568802e-19,-6.641436e-06,-2.285163e-04,4.808755e-04,1.505293e+00,8.551326e-02,3.558195e+00
124,7.016604e-19,-1.171837e-06,-2.397546e-04,5.003269e-04,2.223586e-01,-8.806165e-01,1.898897e+01
125,1.204952e-18,-1.583126e-06,-2.371094e-04,4.796547e-04,3.185979e-02,9.657733e-01,4.064620e-01
126,2.646826e-19,7.421899e-06,-1.660160e-04,4.730719e-04,-2.808607e+00,3.108907e-01,-3.697369e+00
127,3.374965e-18,-6.640724e-06,-1.677104e-04,4.777882e-04,-7.240938e-01,-2.225290e-01,5.528589e+00
128,1.084240e-18,1.324076e-05,-1.863279e-04,4.750264e-04,1.075949e+00,-1.039838e+00,-9.830994e-01
129,1.620391e-17,1.097992e-05,-1.909548e-04,4.769761e-04,-5.181112e-03,5.130132e-02,2.086637e+00
130,2.996085e-18,2.031485e-05,-1.976479e-04,4.789701e-04,8.071128e-02,-4.688170e-02,3.497879e+00
131,1.273855e-18,-6.207191e-06,-1.858909e-04,4.738509e-04,7.029477e-01,-2.362331e+00,-2.287894e+00
132,3.851411e-18,-3.848187e-06,-1.891477e-04,4.771822e-04,4.766307e-01,-4.940481e-01,1.804228e-01
133,1.957211e-17,-6.216057e-06,-1.835994e-04,4.837531e-04,-5.703231e-02,3.655367e-01,7.351084e+00
134,9.220282e-18,3.796138e-05,1.481932e-05,4.713988e-04,3.669307e+00,-3.843191e-01,-2.855181e+00
135,9.144546e-19,4.909825e-05,1.346572e-05,4.730716e-04,-1.480557e+00,8.261069e-02,1.893786e+00
136,8.626291e-19,3.348036e-05,2.171197e-06,4.785284e-04,8.329885e-04,-7.767666e-02,2.001266e+00
137,2.936082e-19,2.617191e-05,8.203292e-06,4.754072e-04,-2.816996e+00,9.192405e-01,4.569868e+00
138,2.624799e-19,2.773402e-05,8.984125e-06,4.785327e-04,1.163033e+00,1.464216e+00,6.690445e+00
139,5.878456e-19,2.695297e-05,8.984437e-06,4.773251e-04,3.397488e-01,1.285027e+00,5.899423e+00
140,1.307756e-18,2.851578e-05,8.395057e-06,4.792423e-04,7.036163e-01,1.105338e+00,6.841612e+00
141,4.361875e-17,4.587901e-05,-2.395449e-05,4.812250e-04,-4.087833e-02,1.530050e-02,1.179062e+00
142,6.831238e-17,4.242548e-05,-1.529716e-05,4.799456e-04,-4.885841e-01,-3.691513e-01,6.600999e+00
143,3.822118e-18,2.426035e-05,-1.566518e-05,4.758829e-04,-7.501340e-01,1.048644e+00,3.060563e+00
144,2.485586e-19,4.570383e-05,-1.445376e-05,4.730699e-04,-6.284212e-01,-6.297454e-01,3.489439e+00
145,3.020863e-19,4.648353e-05,-1.445432e-05,4.715061e-04,1.601298e+00,-3.341443e-01,1.295398e+00
146,7.110835e-19,2.929736e-05,-1.679755e-05,4.686801e-04,-5.889688e-01,7.233842e-01,-3.289275e+00
147,7.779932e-19,3.007801e-05,-1.601604e-05,4.695598e-04,-1.332639e+00,6.146950e-01,1.825916e-01
148,8.674691e-18,4.764242e-05,-1.717890e-05,4.752245e-04,-1.950169e-01,-4.439697e-01,1.847370e+00
149,2.547705e-19,4.492256e-05,-1.445259e-05,4.738512e-04,-3.077319e+00,-6.351504e-01,6.653002e+00
150,1.125770e-18,7.033921e-05,-1.020459e-05,4.738511e-04,-4.364447e-01,5.523257e+00,-4.559020e-01
151,4.718485e-17,6.388583e-05,-1.297674e-05,4.853678e-04,2.025313e-01,1.009554e+00,1.020513e+01
152,5.503175e-19,7.070303e-05,-1.210952e-05,4.781509e-04,5.560713e-01,9.542804e-01,7.844892e+00
153,2.513643e-19,7.070357e-05,-1.132887e-05,4.761922e-04,-6.689628e-01,2.644095e+00,4.181108e+00
154,9.682603e-19,5.507827e-05,1.289088e-05,4.729794e-04,-9.922771e-02,-6.655533e-01,1.627139e+00
155,2.576912e-19,6.679697e-05,9.764906e-06,4.715103e-04,8.255117e-01,-1.018371e+00,7.174317e+00
156,3.503453e-18,9.375217e-06,9.999666e-05,5.204991e-04,7.142708e-01,-6.438411e-01,1.879894e+01
157,3.043871e-18,2.334462e-06,8.281316e-05,5.265599e-04,-1.528062e-01,7.248783e-02,1.048849e+01
158,1.426456e-18,1.016193e-05,9.846660e-05,5.269438e-04,-1.508835e-01,1.742274e-01,8.472251e+00
159,2.780303e-17,1.955998e-06,8.891255e-05,5.016253e-04,-5.423644e-01,3.193371e-01,4.739642e+00
160,3.926281e-17,1.999799e-05,9.849823e-05,5.439230e-04,3.819624e+00,-4.965287e-01,2.460295e+01
161,3.847742e-18,1.666933e-05,9.699793e-05,5.351076e-04,6.777178e-01,-1.297325e+00,1.931250e+01
162,3.080720e-17,3.428657e-06,8.405295e-05,5.489228e-04,-1.329081e+00,-8.057180e-01,1.505627e+01
163,2.262581e-17,8.352263e-06,7.574778e-05,5.451944e-04,2.722761e-01,-9.664047e-01,8.432163e+00
164,2.845521e-17,1.393633e-06,8.289049e-05,5.367060e-04,-3.766703e-01,4.795103e-01,1.393578e+01
165,2.528507e-18,5.470243e-06,7.734782e-05,5.280666e-04,5.261150e-02,6.542920e-02,1.205137e+01
166,5.238236e-17,1.817573e-05,7.945328e-05,5.342401e-04,1.575844e-01,7.246912e-01,6.577517e+00
167,7.364211e-18,2.555950e-06,8.672042e-05,5.291046e-04,-2.391522e-01,3.412627e-01,1.057377e+01
168,8.724935e-18,7.037648e-06,9.521978e-05,5.434152e-04,6.467312e-02,6.414594e-01,6.439943e+00
169,1.636639e-18,8.465351e-07,9.771473e-05,5.372133e-04,2.913579e-01,-5.268602e-02,6.038418e-01
170,9.974680e-19,1.014788e-05,8.438216e-05,5.469700e-04,-1.940076e-01,8.219495e-02,8.635758e-01
171,3.179176e-17,-1.614550e-05,7.704381e-05,5.433461e-04,-1.786111e+00,-3.547760e+00,2.634708e+01
172,5.933477e-18,-1.173493e-05,8.412877e-05,5.262994e-04,-1.194097e+00,-7.326599e-01,2.141362e+01
173,5.170375e-18,-1.169677e-05,7.999888e-05,5.343016e-04,4.657010e-02,-1.868435e+00,2.298557e+01
174,3.999352e-17,-8.397361e-06,9.591218e-05,5.389880e-04,1.206287e+00,-6.009367e-01,9.433931e+00
175,2.237344e-19,-5.859440e-06,7.539146e-05,5.461634e-04,-2.720050e-01,-3.492020e-01,5.937545e+00
176,2.234242e-19,-6.645073e-06,7.460859e-05,5.461686e-04,2.779160e-01,2.149878e-01,5.775934e+00
177,6.216559e-17,-3.927977e-06,8.110168e-05,5.293980e-04,6.447560e-01,3.638837e-01,6.552733e+00
178,1.358435e-17,-2.348223e-05,8.740298e-05,5.368198e-04,-2.218690e+00,1.647210e+00,6.608076e+00
179,2.869726e-17,-9.869339e-06,7.651073e-05,5.440135e-04,6.760445e-01,4.141454e-01,6.375914e+00
180,1.373439e-17,-1.402619e-05,7.964482e-05,5.462627e-04,-3.028220e-01,4.854000e-02,6.803989e+00
181,2.829319e-17,-8.647967e-06,6.227740e-05,5.136909e-04,2.160009e-01,-1.538055e+00,4.139941e+00
182,3.550501e-18,-6.222924e-06,5.388300e-05,5.025786e-04,9.069235e-01,-1.202911e-01,4.254295e+00
183,1.589491e-17,-1.469154e-05,7.381321e-05,5.092935e-04,9.182654e-02,2.481556e+00,4.515508e+00
184,1.324898e-17,3.536371e-07,7.050929e-05,5.230455e-04,-1.951042e-01,1.012877e+00,4.714074e+00
185,6.371197e-18,-3.902957e-06,5.307740e-05,5.030726e-04,6.082511e-01,1.550590e-01,1.354254e+00
186,1.170285e-18,-2.347716e-06,6.484849e-05,5.186297e-04,1.613409e-01,2.229335e-01,1.377225e+00
187,1.860022e-17,5.992941e-06,7.245108e-05,5.430652e-04,5.416377e-01,-8.116301e-01,1.693166e+01
188,8.467635e-17,6.845973e-06,5.737626e-05,5.464454e-04,4.232532e-01,8.596930e-01,7.800040e+00
189,2.099316e-18,3.914774e-06,5.859324e-05,5.272956e-04,2.925055e-01,1.613260e-01,2.710152e+00
190,4.283826e-18,9.377865e-06,7.109350e-05,5.476859e-04,-3.762653e-03,1.107804e-01,2.181294e+00
191,8.943178e-19,-3.911249e-06,5.390861e-05,5.312738e-04,1.304270e-03,3.332955e-02,2.975345e+00
192,1.157241e-18,-1.094087e-05,5.858411e-05,5.455308e-04,6.818672e-02,1.706929e-02,2.863293e-01
193,4.368356e-19,-1.562658e-05,5.195032e-05,5.469460e-04,1.086488e-01,4.015736e-01,7.412933e-01
194,3.651785e-17,5.883799e-06,7.047433e-05,5.117613e-04,-2.184222e+00,1.255796e+00,1.952900e+01
195,1.880692e-17,1.678989e-05,5.427721e-05,5.007396e-04,-4.813352e-01,-1.024595e+00,6.419647e+00
196,2.973617e-18,1.328058e-05,6.092893e-05,5.236409e-04,9.513547e-02,-4.929390e-01,7.857153e+00
197,4.723161e-17,1.914153e-05,-1.410300e-04,5.160428e-04,9.814358e-01,5.213521e-01,1.704132e+00
198,4.232125e-18,8.610001e-06,-1.390602e-04,5.094733e-04,8.660273e-01,3.560693e-02,1.017246e+00
199,1.735601e-18,7.804964e-06,-1.256422e-04,5.047422e-04,2.815145e-01,-1.155750e-01,3.102614e+00
200,9.674200e-18,7.768599e-06,-1.257810e-04,5.140735e-04,3.977485e-01,-3.974653e-02,5.605473e+00
201,4.529842e-18,-7.843329e-06,-1.250111e-04,5.383396e-04,1.976196e-01,8.545309e-02,7.028118e+00
202,5.722392e-18,-1.641559e-05,-1.421900e-04,5.312950e-04,4.732451e-02,1.784022e-02,5.105045e+00
203,2.712164e-18,-7.822743e-06,-1.304630e-04,5.402556e-04,-1.220291e-01,2.042518e-01,5.796130e+00
204,5.563131e-18,-1.542433e-05,-1.335961e-04,5.407692e-04,3.803319e-01,1.478037e-02,5.713058e+00
205,6.276615e-18,2.342345e-06,-1.333584e-04,5.378157e-04,6.666754e-02,1.693327e-01,4.046169e+00
206,1.853221e-16,-1.089308e-05,-1.549908e-04,5.113736e-04,-9.275603e-01,-2.393169e-01,9.723721e+00
207,4.291370e-17,-1.164969e-05,-1.700752e-04,5.104972e-04,-4.132001e-01,-3.114285e+00,1.505249e+01
208,1.366578e-17,-1.204963e-05,-1.708914e-04,5.024329e-04,-4.594317e-01,-6.206788e+00,1.193459e+01
209,2.724255e-18,-1.250261e-05,-1.664151e-04,5.183314e-04,8.064007e-01,-1.060737e-01,1.142298e+01
210,4.294054e-17,-1.158171e-05,-1.620735e-04,5.013891e-04,7.974226e-01,-4.474535e-01,5.311011e+00
211,7.793591e-18,-1.985153e-06,-1.710943e-04,5.187724e-04,1.514603e+00,-3.331739e-02,5.892394e+00
212,3.355317e-18,-1.496413e-05,-1.712032e-04,5.019823e-04,-2.653461e-01,2.205144e-02,3.234782e+00
213,4.833261e-18,-1.565549e-06,-1.718755e-04,5.057900e-04,-6.538557e-02,-6.909673e-02,2.842438e+00
214,8.096045e-19,2.487640e-06,-1.272163e-04,4.800922e-04,2.949098e-01,1.722375e-01,1.473282e+00
215,1.069538e-17,2.427332e-05,-1.398613e-04,4.985761e-04,3.113120e-02,2.839613e-02,1.564236e+00
216,3.199728e-18,-1.332342e-05,-1.281685e-04,4.977962e-04,3.547817e-01,-8.062637e-01,4.962720e-01
217,7.594044e-18,-1.008236e-05,-1.259860e-04,4.945874e-04,-7.249064e-01,-1.626940e+00,9.360669e+00
218,6.512208e-18,-1.250504e-05,-1.499987e-04,4.967607e-04,1.478017e-02,-1.843295e-02,7.174584e+00
219,5.242764e-18,-1.485333e-05,-1.464494e-04,5.007852e-04,-6.899560e-01,5.237384e-01,8.115750e+00
220,2.833222e-18,-9.381945e-06,-1.499934e-04,4.906188e-04,4.620716e-02,1.039396e+00,2.648999e+00
221,1.479854e-16,9.846665e-06,-1.057340e-04,5.056371e-04,-6.294627e-01,-3.025340e-01,3.885525e+00
222,2.779840e-17,2.405639e-05,-1.214187e-04,4.992451e-04,2.910728e-02,-2.988294e-02,1.212891e+00
223,8.206069e-18,1.005952e-06,-1.015683e-04,4.886674e-04,-4.598462e-01,1.228890e-01,4.906496e+00
224,2.487783e-17,7.046113e-06,-1.076790e-04,4.829415e-04,-1.280896e-01,-2.460496e-01,2.577267e+00
225,6.772393e-19,2.734545e-06,-1.117141e-04,4.948816e-04,-4.953189e-01,-3.914122e-01,4.390997e+00
226,3.773739e-18,2.460944e-05,-1.117180e-04,4.900493e-04,-5.122260e-03,6.007257e-03,2.438660e+00
227,5.953707e-19,-1.523533e-05,-1.046574e-04,4.824433e-04,-1.584522e+00,1.515096e+00,-3.893846e-01
228,1.267918e-17,-1.618387e-05,-1.146149e-04,4.816122e-04,-7.890640e-01,1.650217e+00,2.782497e+00
229,6.549771e-17,-2.376598e-05,-1.196616e-04,4.931394e-04,-4.771485e-02,9.548808e-03,7.887442e-01
230,1.859291e-16,-1.399902e-05,-1.149733e-04,5.081081e-04,3.105270e-01,1.662451e+00,6.996591e+00
231,5.557714e-18,-9.286490e-06,-1.062452e-04,4.879939e-04,2.113184e+00,2.908955e+00,1.092233e+01
232,3.217329e-17,-8.172826e-06,-1.095552e-04,4.986216e-04,2.196427e+00,-1.132934e+00,1.941882e+01
233,9.399879e-18,-1.815882e-06,-1.019751e-04,4.856597e-04,-1.383892e+00,-6.121782e-01,7.620925e+00
234,6.528971e-18,-6.363960e-06,-1.000021e-04,4.899343e-04,-1.776699e-01,-1.530592e-02,8.300820e+00
235,2.019694e-18,-6.252369e-06,-1.093860e-04,4.841306e-04,8.722368e-01,2.312591e-01,7.777518e+00
236,2.574776e-18,-7.865687e-07,-1.148450e-04,4.936995e-04,-1.075423e-01,3.662575e-02,4.869387e+00
237,1.085452e-18,-7.808213e-07,-1.148478e-04,5.026497e-04,1.943433e-01,-1.057846e-01,5.670567e+00
238,2.756150e-18,-7.844326e-06,-1.093675e-04,4.929311e-04,3.589448e-01,8.541616e-02,1.771211e+01
239,1.044804e-18,-5.079024e-06,-1.087194e-04,4.819310e-04,2.605688e+00,-1.056322e+00,4.877481e+00
240,5.079717e-19,-7.422986e-06,-1.089843e-04,4.890770e-04,-1.078907e+00,-1.042962e+00,1.297433e+01
241,2.870918e-18,-1.174629e-05,-1.074223e-04,4.823330e-04,2.391608e-01,-2.663078e+00,7.545512e+00
242,1.077250e-18,-8.204403e-06,-1.093894e-04,4.867123e-04,2.278881e-01,-1.188651e-01,9.684957e+00
243,5.189408e-19,-7.423622e-06,-1.093919e-04,4.855525e-04,6.380047e-01,5.727596e-01,8.130775e+00
244,9.654121e-17,-1.257567e-06,-1.047124e-04,5.485470e-04,-1.067516e-01,-1.020224e+00,1.037851e+01
245,1.141019e-16,-9.623139e-06,-1.117207e-04,5.090903e-04,-2.185866e+00,-9.041740e-01,9.210188e+00
246,2.416236e-17,-3.059357e-06,-1.066511e-04,5.402825e-04,-2.334260e-03,-2.867808e+00,1.990022e+01
247,5.601657e-18,-6.365298e-06,-1.234014e-04,5.364329e-04,-1.497837e-01,-1.355685e-01,1.578978e+01
248,4.718913e-18,-2.315858e-06,-1.007077e-04,5.309155e-04,6.069927e-02,-1.460605e+00,1.667720e+01
249,2.650523e-17,-5.444976e-06,-1.134057e-04,5.483788e-04,8.479247e-01,-1.014178e+00,5.933146e+00
250,3.713313e-18,-7.793558e-07,-1.124995e-04,5.447555e-04,1.240158e-01,1.149823e-01,6.505184e+00
251,2.223988e-18,-1.719600e-05,-1.179628e-04,5.310004e-04,3.226571e-02,-5.841555e-02,9.329436e-01
252,2.142327e-18,-1.249874e-05,-1.070225e-04,5.480755e-04,8.458247e-02,-1.038429e-01,1.228415e-02
253,5.735627e-17,-4.412710e-06,-1.184056e-04,5.133986e-04,3.313061e+00,5.841483e-01,1.502815e+01
254,3.867306e-18,-2.618944e-06,-1.117851e-04,5.137329e-04,-2.614592e+00,2.010892e-01,9.779030e+00
255,1.739943e-17,-1.064336e-05,-1.007937e-04,5.064480e-04,-1.839906e+00,5.212872e-01,1.198619e+01
256,6.293000e-17,-5.893409e-06,-1.068944e-04,5.210924e-04,-2.375728e+00,3.150265e-01,8.993381e+00
257,9.450260e-17,-1.489042e-05,-1.038327e-04,5.209908e-04,1.458091e-02,-3.328743e-01,4.584963e+00
258,1.427975e-18,-9.412281e-06,-1.218747e-04,5.042238e-04,-5.623288e-01,-1.092882e-01,9.159846e+00
259,1.654788e-17,-6.698435e-06,-1.155126e-04,5.196498e-04,1.258140e+00,4.201732e-01,3.408511e+00
260,3.339483e-19,-1.210910e-05,-1.128906e-04,5.111418e-04,7.013284e-01,3.189366e-01,5.289445e+00
261,4.645258e-18,-1.559852e-06,-1.171912e-04,5.185264e-04,8.916084e-03,-1.202428e-02,1.002826e+00
262,3.812297e-17,7.320544e-06,-1.175403e-04,5.379243e-04,-2.051102e-01,6.470221e-01,5.905528e+00
263,1.466370e-16,7.185560e-06,-1.174238e-04,5.384395e-04,-4.492872e-01,-3.518493e-01,6.683918e+00
264,3.670190e-17,3.089309e-06,-9.917065e-05,5.270773e-04,-5.945838e-01,-1.451036e+00,6.658793e+00
265,4.709000e-18,1.093813e-05,-1.179607e-04,5.110029e-04,-7.053208e-03,1.830674e-01,6.468164e+00
266,2.490872e-18,1.339829e-05,-1.324216e-05,4.770458e-04,5.583374e-01,-1.044464e-02,-1.405147e+00
267,4.926391e-18,1.563227e-06,-1.655861e-05,4.754183e-04,8.976994e-02,1.058467e+00,-1.537604e+00
268,4.962173e-18,1.563706e-06,-1.875210e-05,4.785729e-04,6.950613e-02,2.640781e-01,-2.082106e+00
269,1.341750e-17,7.966293e-06,-6.872112e-06,4.725475e-04,5.687317e-01,1.336248e-01,9.078687e-01
270,1.495488e-17,2.190572e-05,-1.278863e-05,4.754742e-04,1.272165e+00,1.211703e+00,1.426759e+00
271,2.682771e-19,7.421786e-06,-8.203245e-06,4.691538e-04,6.334846e-01,-7.835450e-01,1.016411e+00
272,2.933828e-18,2.196808e-05,-1.009986e-05,4.791955e-04,6.802710e-01,1.802483e+00,6.704269e+00
273,1.240609e-18,2.165126e-05,-1.115156e-05,4.728985e-04,3.706909e-02,-8.285115e-01,3.403734e+00
274,1.418645e-18,-1.252676e-05,-4.841066e-05,4.785358e-04,1.413161e-01,1.409264e-01,2.345260e+00
275,1.517699e-17,-1.738529e-05,-2.862888e-05,4.793579e-04,6.849154e-02,-5.872048e-01,9.287833e+00
276,3.304439e-19,-1.523478e-05,-2.773456e-05,4.738508e-04,1.049636e+00,-7.373013e-01,3.814747e+00
277,2.005552e-18,-7.243716e-06,-4.739180e-05,4.667714e-04,-5.938393e-01,1.491736e+00,1.198923e+00
278,9.632078e-19,-1.445329e-05,-2.773454e-05,4.722291e-04,4.344263e+00,-1.772038e+00,-3.660058e-01
279,6.243264e-19,-3.838661e-06,-2.695316e-05,4.761845e-04,-3.584276e+00,1.469279e+00,2.130198e+00
280,5.312160e-18,7.036960e-06,-4.140353e-05,4.797553e-04,1.087750e-01,-1.554006e-01,1.348238e+00
281,2.452012e-17,5.963001e-06,-5.075162e-05,4.715900e-04,-1.251335e+00,-1.999908e+00,8.429563e-01
282,5.202442e-19,5.859706e-06,-4.530843e-05,4.699448e-04,-3.871490e-01,2.069602e+00,8.155745e-01
283,1.325359e-18,8.639856e-06,-5.078186e-05,4.754124e-04,3.029443e-01,2.824428e-01,1.526340e+00
284,1.109243e-17,-1.980943e-04,-6.359578e-06,4.801385e-04,-6.428789e-02,6.351329e-01,4.800809e+00
285,4.018189e-18,-1.985301e-04,7.829174e-06,4.789731e-04,3.885584e-01,-1.087982e-01,-1.044031e+00
286,7.042013e-18,-1.994971e-04,9.378675e-06,4.905445e-04,-2.345143e-01,2.981000e-02,6.658567e+00
287,1.377519e-17,-2.012263e-04,1.697468e-05,4.771628e-04,6.081138e-01,-1.023736e+00,3.810066e+00
288,1.249409e-17,-2.018079e-04,2.793576e-06,4.903909e-04,1.282949e-01,1.522873e-02,6.552700e+00
289,1.713277e-18,-2.007533e-04,6.161451e-06,4.778687e-04,-5.821295e-01,3.702245e-01,-1.827929e+00
290,3.879213e-18,-1.745541e-04,1.131813e-05,4.900287e-04,3.076514e-01,3.779385e-01,1.290456e+01
291,5.964745e-17,-1.808658e-04,-1.427941e-05,4.889541e-04,-1.950267e-02,-1.191506e+00,7.507961e+00
292,1.118500e-16,-1.723651e-04,-3.413589e-06,4.896923e-04,-9.401858e-01,-7.539345e-01,5.551523e+00
293,2.899464e-17,-1.801387e-04,-1.640114e-06,4.819828e-04,1.081665e+00,1.961878e+00,7.307410e-01
294,2.672517e-18,-1.882834e-04,-2.444293e-05,4.957615e-04,-3.384136e-02,-1.630042e-01,2.179372e+00
295,3.851847e-17,-1.855895e-04,-1.187591e-05,5.014477e-04,-2.544595e+00,1.252652e+00,7.500654e+00
296,7.067848e-18,-1.773450e-04,-4.106539e-07,4.940126e-04,-2.700663e-02,-3.743798e-01,8.231797e+00
297,1.131813e-17,-1.947582e-04,-2.279832e-05,4.949415e-04,1.245726e+00,-1.177477e+00,2.326760e+00
298,3.621826e-18,-1.807487e-04,-1.320035e-05,4.819446e-04,6.014533e-02,-1.833752e+00,7.023955e+00
299,1.696722e-17,-1.742904e-04,5.992205e-06,4.851597e-04,-6.680822e-01,-1.134995e+00,1.003018e+00
300,2.625816e-18,-1.968790e-04,1.322694e-05,4.828581e-04,-9.801695e-02,-8.843879e-01,3.757121e-01
301,2.619966e-17,-1.906707e-04,1.316928e-05,4.913149e-04,-1.654869e+00,9.993578e-01,1.450313e+01
302,5.319968e-19,-1.839842e-04,1.015022e-05,5.019140e-04,2.381525e-01,1.084682e+00,1.313080e+01
303,3.173642e-18,-1.890578e-04,1.718927e-05,4.914554e-04,-1.460116e-02,-3.249979e-03,5.517562e-01
304,1.481031e-17,-1.844265e-04,1.135631e-05,4.950467e-04,2.616506e+00,-2.089689e+00,1.116450e+01
305,2.859352e-18,-1.859403e-04,1.561767e-05,4.891406e-04,1.752421e+00,-3.462062e-01,7.400234e+00
306,3.621218e-18,-1.890702e-04,1.565770e-05,4.852682e-04,1.446494e+00,6.979298e-01,7.808168e+00
307,7.956049e-17,-1.776859e-04,1.142623e-05,4.991705e-04,1.058672e+00,1.040494e+00,5.840498e+00
308,1.837701e-18,-1.968868e-04,1.342409e-05,4.951341e-04,2.911891e-01,1.074193e+00,7.831613e+00
309,1.200306e-17,-1.944926e-04,7.801266e-06,4.999947e-04,-1.638628e-01,-3.173351e-02,7.008518e+00
310,5.616622e-18,-1.757754e-04,8.289476e-06,4.824245e-04,-1.069232e+00,7.239367e-01,7.330279e+00
311,4.853454e-17,-1.829743e-04,9.296416e-06,4.889561e-04,-1.487888e+00,1.504203e-01,5.884598e+00
312,5.123617e-18,-1.835640e-04,6.273195e-06,5.048139e-04,1.837875e-01,1.559899e-01,1.378967e+01
313,3.493131e-18,-1.836791e-04,6.246547e-06,4.924840e-04,-1.317330e-01,-2.590074e-01,4.737410e+00
314,2.080274e-17,-1.862851e-04,1.247770e-05,4.811438e-04,-7.980462e-01,-2.434314e+00,7.100105e+00
315,3.294397e-18,-1.890572e-04,1.639836e-05,4.773468e-04,-2.918115e-01,3.926311e-01,4.080570e+00
316,9.944363e-18,-1.836477e-04,7.626751e-06,4.841220e-04,-1.497227e-01,-3.973828e-01,5.856336e+00
317,1.166439e-17,-1.898458e-04,1.153868e-05,4.829715e-04,3.196220e-01,5.365218e-01,1.052854e+01
318,9.845043e-19,-1.753907e-04,6.641092e-06,4.786290e-04,-1.793452e+00,-4.753631e-02,3.734160e+00
319,6.318042e-18,-1.937506e-04,7.814333e-06,4.945865e-04,1.859119e-02,-1.060295e-01,7.055976e+00
320,2.934940e-18,-1.937459e-04,1.562149e-05,5.023402e-04,2.915932e-02,-6.883299e-02,2.589984e+00
321,3.736099e-19,-1.753907e-04,8.988896e-06,4.847701e-04,-2.099863e+00,-1.991224e+00,7.410427e+00
322,1.409559e-17,-1.771814e-04,2.426804e-05,4.781548e-04,-2.984966e-02,9.551283e-02,1.465319e+00
323,1.517810e-17,-1.944313e-04,2.426081e-05,4.877776e-04,-3.378572e-02,-2.045265e-02,1.529495e+00
324,2.274718e-16,-1.972798e-04,3.032195e-06,5.258520e-04,3.680388e-02,2.263126e-01,7.907777e+00
325,2.426767e-16,-1.989680e-04,8.263542e-06,5.113192e-04,1.189430e+00,8.793570e-01,1.367668e+01
326,3.104978e-17,-1.859173e-04,1.057782e-05,5.129628e-04,-9.494849e-01,-2.345420e-01,1.856156e+01
327,1.728303e-16,-1.780410e-04,7.107245e-06,5.205304e-04,-1.802910e-02,2.417740e+00,1.555418e+01
328,3.612810e-18,-1.859035e-04,1.714372e-05,5.114295e-04,-2.111945e-01,-1.240462e-01,9.189615e-01
329,5.575158e-17,-1.846339e-04,-2.657687e-07,5.088680e-04,1.341399e+00,8.471739e-01,6.902642e+00
330,1.905938e-16,-1.848576e-04,-1.569173e-07,5.090126e-04,1.219853e+00,7.849307e-01,6.860837e+00
331,2.240807e-17,-1.990912e-04,5.120176e-06,5.060134e-04,1.660838e+00,2.228478e+00,1.775993e+01
332,2.270766e-17,-1.748804e-04,1.372350e-06,5.116710e-04,1.126243e+00,4.686720e-01,1.539639e+01
333,5.389295e-18,-1.834253e-04,1.018219e-05,5.103048e-04,-3.748126e-01,3.479095e-01,2.469601e+01
334,1.110807e-17,-1.803824e-04,4.846284e-08,5.230358e-04,-4.052819e-01,1.025147e-01,6.540037e+00
335,4.093538e-18,-1.859367e-04,1.717316e-05,5.172620e-04,1.487822e-01,4.028575e-01,3.109070e+00
336,5.512075e-18,-1.828124e-04,1.559517e-05,5.270986e-04,-5.548716e-02,2.658830e-01,2.399025e+00
337,3.458056e-18,-1.796812e-04,-1.249326e-05,5.061371e-04,1.143535e+00,-5.522317e-02,3.182651e+00
338,1.308693e-17,-1.838500e-04,-1.606479e-05,5.132066e-04,-2.862192e-01,-2.671361e+00,1.207562e+01
339,9.044208e-19,-1.753896e-04,-6.417125e-06,5.115268e-04,-6.985558e-01,9.040143e-01,1.173740e+01
340,4.139915e-17,-1.834473e-04,-2.167622e-05,5.217959e-04,-4.538863e-01,-1.125321e+00,1.518150e+00
341,9.344672e-16,-2.515633e-06,-1.628998e-04,5.361340e-04,2.488008e-01,-3.607778e-01,8.604557e+00
342,1.049824e-16,5.334899e-06,-1.601213e-04,5.034192e-04,3.986085e-01,9.413313e-02,2.894009e+00
343,4.824473e-18,1.015789e-05,-1.640607e-04,5.096478e-04,-2.519918e-01,-7.176233e-02,-1.282707e+00
344,2.947101e-18,3.906738e-06,-1.656271e-04,5.295259e-04,1.374500e-01,-9.348593e-02,1.795911e+01
345,1.095468e-16,6.727669e-06,-1.589237e-04,5.402023e-04,-3.493590e-01,-5.905959e-01,9.116867e+00
346,3.092816e-16,2.608912e-06,-1.752783e-04,5.377321e-04,2.089035e-01,8.485363e-01,7.395999e+00
347,1.232494e-16,1.313075e-05,-1.733430e-04,5.295684e-04,3.090873e-01,-1.618191e-01,6.148378e+00
348,1.983591e-17,1.540899e-05,-1.664433e-04,5.396846e-04,1.453704e+00,-6.380012e-01,5.813409e+00
349,3.807640e-18,1.015421e-05,-1.562448e-04,5.454613e-04,-2.583338e-01,-1.777387e-01,4.236933e+00
350,1.062846e-18,9.382410e-06,-1.531251e-04,5.334359e-04,4.488014e-03,8.732905e-04,6.425778e+00
351,2.173744e-18,1.563369e-05,-1.718776e-04,5.437831e-04,-5.925161e-03,-2.988289e-02,4.085135e+00
352,1.040376e-18,1.329067e-05,-1.554581e-04,5.483706e-04,1.810845e-01,1.473084e-01,2.854176e+00
353,4.577029e-19,1.367131e-05,-1.550723e-04,5.466246e-04,1.284692e-01,1.504118e-01,1.638377e+00
354,1.996730e-18,3.904507e-06,-1.523430e-04,5.287613e-04,-4.036426e-02,-2.362698e-02,1.043803e+00
355,1.540949e-18,3.898204e-06,-1.656267e-04,5.231778e-04,-4.376074e-02,-3.844363e-02,1.494137e+01
356,2.077113e-18,8.590675e-06,-1.664063e-04,5.183340e-04,7.889011e-02,-1.353730e-01,9.697856e-02
357,3.133683e-18,3.896152e-06,-1.656264e-04,5.168045e-04,7.958416e-03,-5.882396e-03,1.309876e+01
358,1.239851e-16,5.678787e-06,-1.762010e-04,5.097759e-04,-6.832529e-01,-1.458758e+00,9.983730e+00
359,7.312238e-18,3.931188e-06,-1.656230e-04,5.104805e-04,3.525999e-02,1.000322e-01,1.217435e+01
360,2.012591e-17,1.416431e-05,-1.681413e-04,5.147368e-04,-5.295556e-01,-1.685554e+00,8.960418e+00
361,2.490387e-17,6.651508e-06,-1.569464e-04,5.081131e-04,-8.181956e-01,-2.255006e+00,1.873814e+00
362,4.875269e-18,1.324189e-05,-1.595275e-04,5.089778e-04,-5.636681e-01,-2.805668e-02,2.224225e+00
363,1.412988e-16,5.973895e-06,-1.953264e-04,5.369817e-04,2.217252e+00,-5.660590e-02,1.588035e+01
364,1.207706e-16,-1.445566e-06,-1.913865e-04,5.286838e-04,1.975556e-01,-1.066891e+00,1.210538e+01
365,3.169498e-17,2.096826e-05,-1.888287e-04,5.452470e-04,1.677235e+00,-1.391071e+00,9.182500e+00
366,1.602632e-17,5.279819e-06,-1.845693e-04,5.356253e-04,5.601905e-01,-7.032710e-01,7.182547e+00
367,5.390011e-17,1.699153e-05,-1.978381e-04,5.129620e-04,-5.332836e-01,5.533779e-01,1.349983e+01
368,2.097999e-16,4.414774e-06,-1.977834e-04,5.131351e-04,9.708057e-01,3.795287e-01,1.050502e+01
369,4.570775e-18,1.404219e-05,-1.944933e-04,5.126718e-04,4.851596e-01,6.997760e-01,-1.388263e-01
370,3.695739e-18,1.171696e-05,-1.874989e-04,5.217478e-04,-5.552350e-02,-4.202346e-03,1.954486e+00
371,2.553301e-18,2.031165e-05,-1.984394e-04,5.023587e-04,-4.710693e-01,-2.855867e-02,9.881536e+00
372,3.816279e-17,4.329643e-06,-1.891671e-04,5.197390e-04,-1.339071e+00,-4.926849e-01,7.661089e+00
373,6.852836e-17,5.140169e-06,-1.917529e-04,5.016981e-04,5.147405e-01,1.090119e+00,7.326128e+00
374,2.493505e-17,3.248567e-06,-1.797855e-04,5.042299e-04,-7.202314e-01,9.046247e-01,8.610730e+00
375,2.569863e-17,2.044258e-05,-1.854520e-04,5.216832e-04,-3.181708e-01,1.135266e+00,3.965311e+00
376,2.412626e-17,-1.908741e-05,-1.699767e-04,5.456641e-04,-1.197385e+00,-8.843750e-01,1.256022e+01
377,1.232119e-16,-1.945388e-05,-1.697070e-04,5.458274e-04,-1.490005e+00,-1.642130e+00,1.274653e+01
378,3.938291e-18,-1.327506e-05,-1.635144e-04,5.400462e-04,4.014982e-01,-2.981371e+00,1.627204e+01
379,1.679986e-16,-7.091356e-06,-1.739942e-04,5.449734e-04,-3.539900e-01,5.812383e-01,5.521177e+00
380,2.296358e-17,-1.387258e-05,-1.581882e-04,5.316632e-04,-4.336825e-01,3.124235e+00,1.711396e+01
381,4.652871e-18,-1.484554e-05,-1.710910e-04,5.374039e-04,1.026476e-01,-2.669033e-02,1.002110e+01
382,9.705095e-19,-1.172995e-05,-1.710821e-04,5.384299e-04,3.585590e-01,3.211628e-02,5.411015e+00
383,1.181587e-17,2.551953e-06,2.254028e-04,5.312940e-04,5.015367e-01,-3.014160e-01,1.447326e+01
384,1.326114e-16,2.142806e-06,2.273729e-04,5.382664e-04,2.202634e-01,-1.489765e+00,1.343292e+01
385,9.790190e-17,9.887356e-06,2.360646e-04,5.460798e-04,8.212320e-01,4.670768e-01,6.162543e+00
386,7.005998e-17,1.017986e-05,2.488050e-04,5.470323e-04,-3.462246e-01,-3.263360e-02,6.383256e+00
387,3.289499e-17,2.067293e-05,2.491207e-04,5.267258e-04,1.221231e+00,-1.841689e-01,1.101549e+01
388,2.069259e-16,-4.048282e-07,2.483996e-04,5.291469e-04,-4.660445e-01,-8.203912e-02,7.857980e+00
389,1.702431e-17,1.690727e-07,2.429366e-04,5.493805e-04,-2.554597e-01,1.397789e+00,1.292663e+01
390,1.734709e-17,1.313800e-05,2.244761e-04,5.451960e-04,1.562701e+00,-4.521617e-02,9.047898e+00
391,1.008962e-18,1.248862e-05,2.281413e-04,5.312781e-04,1.037843e-01,-2.888146e-02,5.188288e+00
392,1.470584e-18,1.367600e-05,2.375093e-04,5.446536e-04,-1.813057e+00,-1.019723e+00,3.659652e+00
393,4.755742e-18,3.263157e-06,2.445386e-04,5.420093e-04,9.151484e-01,-2.391583e-02,3.237263e+00
394,9.823289e-17,-7.684125e-06,2.280425e-04,5.279303e-04,3.143658e-01,-4.720654e-01,7.468076e+00
395,4.419910e-17,-1.575551e-05,2.489809e-04,5.373907e-04,-2.232808e-01,2.114287e-02,7.033648e+00
396,3.173629e-17,-1.184543e-05,2.488719e-04,5.491367e-04,-4.740855e-01,7.055108e-01,1.015137e+01
397,5.346088e-18,-9.370701e-06,2.328150e-04,5.452808e-04,-8.722639e-02,9.401046e-02,4.626475e+00
398,4.893201e-18,-1.406428e-05,2.343871e-04,5.342162e-04,-6.769052e-02,3.165935e-01,5.872683e+00
399,3.243273e-18,-3.907532e-06,2.398486e-04,5.298065e-04,-2.913805e-02,-2.190772e-02,3.466210e+00
400,4.493856e-18,-3.905800e-06,2.336084e-04,5.345081e-04,-4.890559e-02,-6.226187e-02,1.678981e-02
401,3.323027e-19,-2.460902e-05,2.496106e-04,5.327726e-04,-8.514193e+00,4.948627e-01,2.101639e+01
402,1.217733e-17,-2.092266e-05,2.256450e-04,5.058427e-04,-1.276499e+00,5.034474e-01,3.851288e+00
403,1.793648e-17,-2.159516e-07,2.267040e-04,5.041476e-04,-5.556849e-01,-1.926529e+00,8.075820e+00
404,2.729485e-17,1.561660e-06,2.122712e-04,5.228046e-04,-3.623962e+00,-1.078725e+00,1.201939e+01
405,3.208762e-17,1.663253e-06,2.005073e-04,5.090922e-04,1.964927e+00,3.406499e+00,8.994045e+00
406,1.283740e-17,2.978176e-07,2.221076e-04,5.263699e-04,-7.815451e-01,1.569296e+00,1.007165e+01
407,3.239272e-17,1.950632e-06,2.234004e-04,5.166982e-04,-5.848751e-01,2.553600e+00,9.145368e+00
408,4.203492e-18,-7.793605e-07,2.078143e-04,5.251332e-04,-6.529498e-02,-8.245563e-02,5.726541e+00
409,1.311402e-16,3.245288e-06,2.064571e-04,5.071683e-04,-5.197231e-01,6.784170e-01,3.934011e+00
410,1.487329e-18,-2.269691e-05,2.496105e-04,5.259064e-04,-1.591768e+00,1.052283e-01,1.910925e+01
411,2.635289e-18,-1.811118e-05,2.496096e-04,5.109952e-04,-4.250141e-01,9.053758e-02,1.535849e+01
412,2.117497e-18,-1.999720e-05,2.496093e-04,5.220837e-04,-1.162686e-01,8.368353e-02,1.799441e+01
413,2.529601e-18,-1.874864e-05,2.496091e-04,5.171471e-04,4.777351e-01,8.464347e-02,1.770811e+01
414,1.125530e-18,-1.640411e-05,2.382751e-04,5.172250e-04,2.333734e-02,1.109168e-01,5.629420e-01
415,3.279584e-17,-8.560101e-06,2.340415e-04,5.100970e-04,1.496183e+00,5.323368e-01,6.601752e+00
416,1.359870e-17,-7.019325e-06,2.271708e-04,5.076003e-04,9.340142e-01,-5.613885e-01,5.720398e+00
417,3.966017e-18,-2.357452e-06,2.265967e-04,5.124301e-04,-1.081861e+00,5.002703e-01,6.763209e+00
418,2.099854e-18,-8.649099e-06,2.289511e-04,5.227506e-04,-7.236243e-02,-1.748381e-01,8.574616e+00
419,6.244568e-18,7.860823e-07,2.288429e-04,5.199144e-04,1.808377e-01,-5.692181e-01,1.321046e+01
420,7.448954e-17,9.008630e-06,2.225490e-04,5.054949e-04,1.280347e-01,-5.477436e-01,8.675255e+00
421,6.689903e-19,7.801864e-07,2.496068e-04,5.185922e-04,1.537657e-01,2.844399e-01,5.445796e+00
422,5.478621e-18,8.071959e-06,2.390709e-04,5.230131e-04,-3.106073e-01,5.356796e-01,5.342767e+00
423,2.609747e-18,1.639857e-05,2.496094e-04,5.080432e-04,-9.299427e-02,-5.211078e-02,6.926978e+00
424,1.112550e-18,1.248874e-05,2.281263e-04,5.141100e-04,3.244747e-01,2.475137e-01,2.469453e+00
425,3.016837e-18,1.406086e-05,2.453091e-04,5.069080e-04,-3.840110e-02,-3.001342e-02,2.092138e+00
426,6.732003e-18,1.171821e-05,2.164028e-04,5.010499e-04,-1.465283e-01,-8.843547e-02,6.026824e+00
427,5.194524e-19,1.132799e-05,2.164025e-04,5.111130e-04,8.053035e-02,1.251224e-01,8.215360e+00
428,2.204667e-17,1.476550e-05,2.108755e-04,5.190418e-04,-9.921272e-02,3.838972e-01,6.531978e+00
429,3.367275e-17,1.602447e-05,2.008489e-04,5.245131e-04,1.196570e+00,-2.312050e-01,5.360834e+00
430,6.438707e-18,1.875348e-05,2.208430e-04,5.132879e-04,6.224033e-01,4.936806e-01,2.571060e+00
431,1.502182e-16,2.136769e-05,2.008175e-04,5.471035e-04,3.790093e-01,-6.002044e-01,4.159622e+00
432,4.574786e-17,1.394292e-05,2.151161e-04,5.490859e-04,8.920982e-01,2.917788e-01,1.060244e+01
433,7.019099e-18,6.698990e-07,2.195343e-04,5.484020e-04,-4.548691e-01,-1.646883e-02,1.268359e+01
434,5.488345e-17,-9.299392e-06,2.169484e-04,5.410338e-04,-1.193974e+00,6.121281e-01,9.588349e+00
435,4.672867e-18,1.571294e-06,2.195361e-04,5.396836e-04,5.505262e-01,9.380825e-03,1.171164e+01
436,2.535378e-18,7.810070e-06,2.171906e-04,5.417414e-04,2.083346e-01,1.059963e-01,1.167384e+01
437,2.863429e-17,-1.341813e-05,2.058542e-04,5.350916e-04,-7.974104e-01,-4.904136e-01,1.001905e+01
438,4.607643e-18,4.247287e-06,2.203086e-04,5.436020e-04,-1.740121e+00,-6.799807e-02,1.060795e+01
439,2.564109e-17,1.572273e-05,2.100471e-04,5.456765e-04,2.863172e-01,4.524719e-01,7.787726e+00
440,1.815818e-16,1.675915e-05,1.967556e-04,5.333705e-04,3.048486e-01,4.423808e-01,6.051699e+00
441,1.703051e-17,9.812655e-06,2.101204e-04,5.438934e-04,1.364397e-01,-6.508769e-01,5.682057e+00
442,2.000533e-18,1.648243e-05,2.224815e-04,5.446848e-04,1.337248e-01,9.228542e-04,4.168422e+00
443,4.698736e-18,2.031664e-05,2.210941e-04,5.428039e-04,3.141751e-01,3.531476e-02,3.271795e+00
444,1.748811e-16,-1.386652e-05,2.008275e-04,5.247922e-04,-1.015528e-01,-8.076721e-01,9.376545e+00
445,6.827086e-18,-9.848821e-06,2.024696e-04,5.492274e-04,3.216477e-01,4.358595e-01,1.080802e+01
446,2.928643e-17,-1.464506e-05,1.977323e-04,5.347440e-04,4.928873e-01,3.005888e-01,6.215093e+00
447,6.240796e-18,-7.858718e-07,2.026183e-04,5.334591e-04,-2.689629e-02,-9.406745e-01,6.997836e+00
448,2.281684e-18,-6.239125e-06,1.992236e-04,5.465336e-04,-1.351763e-02,1.697216e-01,1.859881e+00
449,2.884464e-18,-1.718799e-05,2.070320e-04,5.280662e-04,6.574476e-05,-1.162860e-01,1.463832e+00
450,2.947357e-18,-1.405529e-05,2.179620e-04,5.273263e-04,4.337625e-01,-2.483671e-01,3.613724e+00
451,1.005172e-18,-1.797261e-05,2.070250e-04,5.427753e-04,-3.564579e-02,9.378115e-03,2.091877e+00
452,1.117696e-15,5.758052e-05,1.370790e-05,4.410542e-04,1.565953e-01,3.076114e-03,2.224241e-01
453,1.399950e-16,5.764376e-05,1.359978e-05,4.408562e-04,1.541109e-01,1.064429e-01,-1.625340e-01
454,2.402337e-18,1.634753e-05,6.491392e-05,4.767048e-04,-6.590853e-02,5.613335e-01,-3.344915e+00
455,7.107164e-17,1.784279e-05,5.080552e-05,4.782241e-04,2.518799e+00,1.445614e+00,6.232802e-01
456,2.178013e-18,8.519874e-06,7.070314e-05,4.782656e-04,2.885057e+00,2.247311e+00,2.374555e+00
457,5.156368e-18,3.094717e-06,7.339077e-05,4.796954e-04,4.926235e-01,2.266391e+00,5.118314e+00
458,2.417501e-18,3.225199e-06,7.450395e-05,4.746676e-04,8.853709e-01,1.294649e+00,3.627975e+00
459,2.810391e-19,8.203772e-06,6.992134e-05,4.761924e-04,5.607570e-02,2.324335e+00,-7.365768e-01
460,5.868016e-19,-1.757828e-05,6.873480e-05,4.722921e-04,-8.390121e-01,7.131932e-01,-5.319893e+00
461,1.893380e-18,-2.269114e-06,4.872239e-05,4.735161e-04,3.973134e+00,2.905137e+00,-3.435556e+00
462,2.553628e-17,-1.062815e-05,2.663621e-05,4.773323e-04,1.473763e-01,-1.915323e+00,-1.345298e-01
463,2.961555e-17,4.041200e-07,3.101361e-05,4.780135e-04,8.089769e-01,3.341020e+00,7.991297e-01
464,2.735104e-19,-1.445272e-05,4.492234e-05,4.769742e-04,-4.114296e-01,2.334312e+00,3.288370e-01
465,3.530030e-19,-1.523543e-05,4.413979e-05,4.785358e-04,-1.001967e+00,-5.324179e-01,5.360964e+00
466,6.028332e-18,-6.990341e-07,3.368719e-05,4.791802e-04,-2.611109e-01,-5.057702e-01,6.067768e+00
467,2.674824e-18,-1.578137e-04,-1.560237e-06,4.789872e-04,1.901191e-02,1.971422e-02,2.258950e-01
468,1.053825e-18,-1.618608e-04,-2.178530e-05,4.785406e-04,-5.640937e-01,5.684787e-01,3.429664e+00
469,1.763559e-17,-1.648445e-04,-1.488159e-05,4.830733e-04,5.485277e-01,-1.577055e-01,8.784854e+00
470,7.580990e-19,-1.670497e-04,-8.203663e-06,4.780009e-04,1.886732e-02,-6.496881e-01,3.186770e+00
471,8.599051e-17,-1.678107e-04,-1.411824e-05,4.958223e-04,1.273980e+00,-7.208224e-01,1.111230e+01
472,6.276544e-17,-1.538511e-04,-7.927385e-06,4.827825e-04,2.217200e+00,-3.542471e+00,5.495951e-02
473,1.881231e-18,-1.679178e-04,-7.273835e-07,5.015712e-04,3.306379e-02,-3.287986e-02,-1.144151e+00
474,3.812447e-18,-1.507813e-04,-2.421925e-05,4.914309e-04,2.284801e-02,1.168121e-01,1.386176e+00
475,2.852584e-17,-1.512006e-04,-2.399712e-05,4.910294e-04,-2.543462e-02,-5.074896e-02,1.196182e+00
476,3.806200e-17,-1.625002e-04,-9.532626e-06,4.885955e-04,-6.735959e-01,5.022098e-02,3.085837e+00
477,1.386700e-16,-1.622162e-04,-9.798068e-06,4.885152e-04,-6.411374e-01,-1.242894e-01,3.034295e+00
478,2.814042e-19,-1.628898e-04,-1.757865e-05,4.933738e-04,6.127525e-01,2.873163e-01,2.099590e+00
479,8.414468e-18,-1.633057e-04,-1.995246e-05,4.816902e-04,-3.931041e-02,1.547472e-01,4.119794e+00
480,5.264139e-18,-1.586364e-04,-2.871830e-06,4.956126e-04,-9.096380e-01,1.728718e-01,2.210274e+00
481,3.342282e-18,-1.609395e-04,-1.015281e-05,4.812612e-04,-9.443929e-01,1.363989e-01,1.738145e+00
482,4.771234e-18,-1.515654e-04,-9.863640e-06,4.984091e-04,2.382086e+00,-2.002343e+00,4.659452e+00
483,6.182954e-18,-1.671651e-04,-1.173632e-05,5.030094e-04,3.428527e-01,-7.784748e-01,1.444700e+01
484,1.384286e-18,-1.670062e-04,-1.089632e-05,4.950501e-04,2.413654e-02,-8.105429e-01,1.195688e+01
485,5.053170e-18,-1.570250e-04,-1.874809e-05,4.863110e-04,9.578187e-02,3.704181e-02,2.713819e+00
486,1.788917e-18,-1.673605e-04,-9.434419e-06,4.811003e-04,6.312288e-01,9.954993e-02,5.377480e+00
487,1.628288e-18,-1.674531e-04,-1.081403e-05,4.909971e-04,4.050645e-02,5.786667e-02,7.919152e+00
488,9.376915e-18,-1.671572e-04,-1.095380e-05,4.855083e-04,-4.643114e-02,-1.178099e-01,6.520507e+00
489,4.146429e-18,-1.485149e-04,3.929015e-06,5.029662e-04,-1.546156e-02,1.978231e-02,3.656962e+00
490,1.513782e-17,-1.510174e-04,1.575099e-05,4.897218e-04,-1.916203e-01,-2.297134e-01,5.242847e+00
491,7.132533e-18,-1.491612e-04,2.430410e-05,4.853634e-04,-8.531541e-03,1.513299e-01,1.608842e+00
492,2.460070e-16,-1.339541e-04,-6.926441e-06,4.972337e-04,9.861616e-01,-2.246943e-01,3.290973e+00
493,7.733263e-19,-1.475268e-04,-1.314078e-05,4.949157e-04,-4.798873e-01,-8.728193e-01,-2.387190e+00
494,4.593006e-17,-1.472919e-04,-6.942126e-07,4.815247e-04,9.701829e-01,1.477221e+00,-4.109602e-01
495,1.605606e-17,-1.350252e-04,1.198108e-05,4.819927e-04,9.163979e-01,7.541994e-01,5.470146e+00
496,1.038617e-18,-1.406420e-04,-8.609186e-06,4.839969e-04,3.906581e-01,-5.203880e-01,1.018757e+00
497,1.784835e-17,-1.290079e-04,5.080225e-06,4.883422e-04,-5.599863e-01,-4.516926e+00,1.126727e+01
498,1.807898e-17,-1.416019e-04,-1.770818e-05,4.958743e-04,-1.608636e+00,-2.398705e+00,4.299584e+00
499,3.195658e-18,-1.335754e-04,-1.486102e-05,5.000127e-04,-2.549011e-03,-1.179352e+00,-8.964083e-01
500,1.660003e-18,-1.445859e-04,-3.062593e-06,4.916553e-04,-5.360635e-01,9.414908e-02,-2.157998e+00
501,1.008483e-17,-1.333170e-04,1.573532e-05,4.926570e-04,4.878127e-01,-2.392278e-01,3.016316e+00
502,2.372545e-17,-1.424637e-04,-4.035065e-06,4.854823e-04,-1.813171e-01,-2.214365e-01,8.648195e+00
503,3.455333e-18,-1.273427e-04,-1.329117e-05,4.948889e-04,1.396962e-01,3.112224e-01,6.507358e+00
504,1.997528e-18,-1.327553e-04,-1.491483e-05,4.858457e-04,1.991385e-01,-5.634050e-01,6.130289e+00
505,2.145226e-18,-1.367229e-04,-2.460955e-05,4.965018e-04,-4.695557e-02,3.283302e-02,3.112472e+00
506,2.445012e-19,-1.488281e-04,-1.171872e-06,4.777535e-04,8.368380e-01,-9.509269e-01,2.832056e+00
507,4.710520e-18,-1.273460e-04,-1.328286e-05,4.905706e-04,1.313169e-01,-1.985404e-01,5.571334e+00
508,2.917401e-18,-1.273396e-04,-1.328241e-05,4.843840e-04,-1.828585e+00,-8.560207e-01,3.015301e+00
509,4.712340e-18,-1.328142e-04,-1.014749e-05,4.809072e-04,-1.271379e-02,6.478451e-02,1.870821e+00
510,2.334628e-18,-1.476464e-04,-2.441568e-05,4.960212e-04,-5.103504e-01,-1.136690e-01,2.677036e+00
511,6.827935e-17,-1.424021e-04,2.389629e-05,4.868154e-04,-1.928383e-01,-4.867791e-02,1.315648e+00
512,3.281831e-18,-1.460916e-04,1.719067e-05,4.929866e-04,3.474920e-01,2.340608e-02,5.833687e+00
513,1.542957e-17,-1.446515e-04,1.817898e-05,5.040053e-04,5.501204e-01,-5.859453e-02,8.477884e+00
514,2.029378e-18,-1.397326e-04,4.685042e-06,5.020798e-04,1.546594e-01,-6.233434e-02,4.518313e+00
515,1.501938e-17,-1.461550e-04,1.378665e-05,4.789450e-04,5.595027e-01,8.072529e-01,2.664492e+00
516,1.824243e-18,-1.288781e-04,6.642117e-06,4.835580e-04,1.557469e+00,-1.661267e+00,8.395692e+00
517,2.044055e-18,-1.287989e-04,7.422229e-06,4.803685e-04,-1.352855e+00,-1.303631e+00,6.718293e+00
518,2.878806e-18,-1.336191e-04,1.563108e-05,5.007817e-04,-5.179501e-01,2.982031e-03,2.724341e+00
519,1.086396e-18,-1.289036e-04,8.203095e-06,4.781359e-04,7.437066e-02,-5.431551e-01,5.677347e+00
520,2.077716e-17,-1.346369e-04,2.416748e-05,4.917455e-04,-7.551946e-03,1.133014e-02,1.368089e+00
521,2.327904e-17,-1.716728e-04,1.455386e-05,4.966443e-04,3.585886e+00,3.362997e+00,1.738828e+01
522,4.967403e-17,-1.582434e-04,7.928703e-06,4.860853e-04,-9.396108e-01,-4.947669e-01,1.713824e+00
523,2.453992e-17,-1.694224e-04,1.204481e-05,5.032947e-04,-3.381741e+00,2.271882e+00,2.181429e+01
524,2.725855e-18,-1.696016e-04,1.028588e-05,4.999965e-04,-3.562012e+00,1.156765e+00,2.497415e+01
525,6.610819e-18,-1.687027e-04,8.591848e-06,4.917713e-04,-1.743724e+00,1.195387e+00,1.375373e+01
526,2.436154e-17,-1.547032e-04,1.172024e-05,5.026624e-04,1.943036e+00,-5.755436e-01,1.033522e+01
527,2.429280e-18,-1.586386e-04,1.173219e-05,4.945209e-04,7.115370e-02,4.847630e-01,7.236462e+00
528,1.498198e-18,-1.585711e-04,1.247846e-05,4.832176e-04,7.164637e-01,-1.178913e+00,4.748310e+00
529,3.460592e-18,-1.699216e-04,8.523581e-06,4.846326e-04,-2.268035e+00,-9.165000e-02,7.121454e+00
530,4.572785e-18,-1.703116e-04,2.342219e-06,4.950158e-04,-3.991607e-02,2.713005e-01,9.940751e-01
531,1.178643e-17,-1.578578e-04,2.426716e-05,4.919743e-04,1.014345e-02,4.396616e-02,1.553581e+00
532,7.732189e-19,-1.292964e-04,9.254962e-06,4.720429e-04,-2.000293e-01,6.253531e-02,-2.830891e+00
533,1.552568e-18,-1.288105e-04,9.765648e-06,4.739734e-04,-1.511809e+00,-3.235073e-01,-1.881315e+00
534,3.214974e-19,-1.449220e-04,-3.515606e-06,4.730692e-04,-3.353863e+00,-2.858016e-01,-5.206545e+00
535,6.522303e-18,-1.210902e-04,-1.562622e-05,4.797667e-04,-3.496625e-01,5.770522e-02,1.161266e+00
536,1.530904e-18,-1.006921e-04,-4.605299e-06,4.716392e-04,2.852185e-01,3.591480e-01,-2.502032e+00
537,1.230348e-17,-1.144645e-04,-2.308713e-05,4.742260e-04,-7.221065e-01,-1.137426e+00,-6.764341e-01
538,2.862839e-17,-1.065233e-04,2.395965e-05,4.800443e-04,-1.431925e+00,1.352910e+00,1.547983e+00
539,3.690037e-17,-9.984605e-05,7.498654e-06,4.584660e-04,-2.897858e-01,4.011189e-02,1.597846e-01
540,1.399002e-18,-9.922396e-05,5.437963e-06,4.746320e-04,2.663575e+00,-1.318104e+00,-5.341829e-01
541,7.217605e-18,-1.028215e-04,6.987743e-06,4.795214e-04,4.641643e-01,-1.386333e+00,7.721757e+00
542,2.974818e-19,-1.042973e-04,6.640286e-06,4.761952e-04,9.839554e-01,6.490476e-01,4.658558e+00
543,2.808399e-19,-1.050781e-04,7.422053e-06,4.746348e-04,-3.082798e+00,-1.201450e-01,1.139691e-01
544,1.562681e-18,-1.089846e-04,7.911457e-06,4.771258e-04,2.147659e+00,-1.097953e+00,-2.118778e+00
545,3.621185e-17,-1.110842e-04,6.589172e-06,4.828967e-04,5.848753e-01,-8.477137e-01,2.546320e+00
546,2.439053e-19,-1.066403e-04,1.757772e-05,4.769774e-04,-1.035653e+00,8.127866e-01,-1.507766e+00
547,3.666523e-17,2.346309e-05,2.783306e-05,5.449802e-04,6.225891e+00,-1.677170e-01,6.254807e+00
548,1.114911e-16,-2.754418e-06,3.063774e-05,5.461207e-04,-3.673611e-01,-6.282105e-01,8.095895e+00
549,1.073364e-17,2.194815e-05,2.422394e-05,5.353434e-04,4.985654e-01,1.847199e-02,8.163281e+00
550,3.592497e-18,1.484911e-05,2.890828e-05,5.337852e-04,-3.567652e-01,7.680906e-01,7.546099e+00
551,4.928619e-17,1.482137e-05,2.898347e-05,5.337889e-04,-2.903081e-01,7.855168e-01,7.338687e+00
552,4.396195e-18,4.692610e-06,3.514759e-05,5.304979e-04,-2.986810e-02,-3.558488e-01,7.436816e+00
553,2.437520e-18,1.642431e-05,2.498492e-05,5.373386e-04,-3.046710e-01,2.523273e-01,4.261279e+00
554,5.278545e-18,4.597800e-06,4.679172e-05,5.347909e-04,-4.352747e-01,-4.434933e-01,2.123091e+00
555,2.583236e-18,5.318507e-09,3.515934e-05,5.196201e-04,-8.494895e-03,7.004265e-02,7.155903e+00
556,3.156977e-18,-3.101160e-06,4.611595e-05,5.450674e-04,8.257631e-02,2.341668e-02,2.179632e+01
557,1.300567e-18,-1.563754e-05,3.866703e-05,5.366240e-04,8.211014e-01,-2.404458e+00,2.052658e+01
558,2.817522e-17,-4.969842e-06,4.612817e-05,5.291894e-04,-4.957158e-01,-3.231228e-01,1.912746e+01
559,3.877101e-16,-5.879929e-06,4.063546e-05,5.467240e-04,5.777932e-01,-4.624423e-01,9.841450e+00
560,1.878920e-18,-4.614752e-06,4.604649e-05,5.212095e-04,1.246910e-01,-3.831150e-01,1.541216e+01
561,6.767337e-17,-1.342937e-05,4.685961e-05,5.392546e-04,-2.558049e+00,-7.246681e-01,1.615188e+01
562,1.060446e-17,-2.183848e-05,2.773746e-05,5.494717e-04,1.308071e+00,2.538899e+00,1.325526e+01
563,6.559819e-18,-9.372419e-06,3.310339e-05,5.426874e-04,-9.994718e-01,-1.053507e+00,3.367348e+00
564,1.080091e-18,-1.186240e-05,4.414412e-05,5.252311e-04,-1.939451e-01,-6.322951e-01,1.574580e+01
565,5.615537e-18,-1.009828e-05,4.757166e-05,5.129793e-04,1.396228e+00,-1.663011e+00,1.061289e+01
566,1.279164e-17,-3.948941e-06,4.611870e-05,5.085278e-04,7.917136e-01,-1.600011e-01,1.229916e+01
567,1.891300e-16,-1.041205e-05,3.205711e-05,5.227891e-04,-2.907697e-01,6.296638e-01,6.928541e+00
568,7.620562e-18,-1.348597e-05,3.370039e-05,5.112023e-04,-6.774232e-01,-2.819304e+00,3.808898e+00
569,4.424146e-18,-1.325605e-05,3.983774e-05,5.179450e-04,1.317392e+00,5.329485e-02,4.916446e+00
570,2.492882e-18,-7.005815e-06,4.061606e-05,5.235281e-04,1.978445e-02,-1.147370e-01,5.681730e+00
571,6.091233e-17,4.629861e-06,3.527304e-05,5.137486e-04,-1.331733e+00,-6.087435e-01,5.793452e+00
572,4.033717e-18,1.000358e-05,4.062314e-05,5.083678e-04,-1.089694e+00,7.574412e-02,1.385189e+00
573,2.601221e-17,1.673385e-05,4.495425e-05,5.030757e-04,6.964002e-01,-1.099716e+00,8.295892e+00
574,1.963055e-17,4.521973e-06,4.737726e-05,5.203742e-04,-4.128644e-01,-8.636343e-01,4.599245e+00
575,1.947272e-17,7.017349e-06,2.931420e-05,5.165351e-04,-7.091349e-01,-2.874496e-01,3.841854e+00
576,3.736447e-18,2.185893e-05,3.753077e-05,5.059072e-04,1.784096e+00,1.189993e-01,4.607269e+00
577,2.345918e-17,6.924376e-06,3.840252e-05,5.210535e-04,3.962483e-01,-4.374880e-01,2.400687e+00
578,9.162384e-18,5.462200e-06,2.506868e-05,5.094929e-04,-9.915491e-02,3.320508e-01,3.803683e+00
579,3.937637e-17,1.677192e-05,1.631352e-05,5.076407e-04,1.209598e+00,1.495576e+00,1.917510e+01
580,1.107835e-16,9.739313e-06,1.702998e-05,5.150008e-04,6.194394e-01,-2.093928e+00,1.109668e+01
581,4.353666e-16,1.022817e-05,1.568629e-05,5.166094e-04,-6.773349e-01,-4.058270e-01,1.324507e+01
582,1.484511e-16,8.583899e-06,4.322494e-07,5.023686e-04,-1.443984e+00,-2.846548e-01,6.982430e+00
583,1.256474e-17,1.563196e-05,1.697500e-05,5.391137e-04,-3.762976e-01,7.690197e-01,3.131760e+01
584,8.029583e-18,1.641131e-05,1.624479e-05,5.264985e-04,-8.488695e-01,6.286157e-01,2.474644e+01
585,1.450406e-17,1.924176e-05,3.821049e-06,5.080406e-04,-4.586638e+00,-1.597528e-01,1.787250e+01
586,2.691279e-18,2.577060e-05,1.957605e-05,5.182972e-04,1.674183e-01,7.858732e-01,1.861439e+00
587,1.702073e-16,1.088782e-05,8.999263e-06,5.375883e-04,-1.468821e+00,1.310185e-02,6.642072e+00
588,9.017655e-18,1.631053e-05,-5.048557e-07,5.412918e-04,-6.255401e-01,-7.408807e-02,6.558477e+00
589,2.593564e-17,2.288619e-05,1.634952e-05,5.405475e-04,4.548782e-02,-4.252227e-01,7.805973e+00
590,4.439707e-18,1.641695e-05,1.640337e-05,5.348964e-04,5.754584e-01,1.833311e-01,3.111553e+01
591,2.077711e-18,1.952614e-05,-2.164159e-09,5.357577e-04,-2.080234e-02,-1.921600e-02,3.824602e+00
592,6.284311e-18,2.265414e-05,1.015474e-05,5.283452e-04,4.726535e-03,-1.707409e-03,4.968282e+00
593,3.830060e-18,3.127058e-06,1.565369e-06,5.274965e-04,7.179275e-02,5.819702e-02,-1.360263e+00
594,2.866571e-18,2.186041e-05,2.353397e-06,5.415584e-04,1.505616e-01,-2.352870e-01,2.280494e+00
595,3.095216e-18,2.104123e-05,1.503762e-05,5.135599e-04,-2.145461e+00,-1.042422e+00,1.353902e+01
596,3.236426e-18,2.419954e-05,8.584344e-06,5.091135e-04,-1.623102e+00,4.348443e-01,5.555114e+00
597,6.525844e-18,2.105461e-05,1.807912e-05,5.146965e-04,-4.066453e-02,1.004445e+00,3.809169e+00
598,2.956978e-17,3.870892e-06,1.279614e-06,5.166615e-04,-6.323655e-01,-7.024043e-01,2.023018e+00
599,3.871882e-18,5.467958e-06,8.598167e-06,5.237942e-04,-6.024147e-02,-1.795288e-02,1.645797e+00
600,5.031607e-18,1.093567e-05,1.038016e-09,5.260839e-04,-8.421210e-02,1.643357e-02,1.895665e+00
601,7.346166e-17,-2.373861e-05,-2.045243e-04,4.912570e-04,-2.896319e-02,7.653054e-02,7.723258e-01
602,3.505495e-18,-1.328218e-05,-2.036537e-04,4.923407e-04,-2.425211e-01,-9.260470e-01,-1.751879e+00
603,4.983015e-18,-8.571405e-06,-2.203786e-04,4.957520e-04,9.844754e-01,1.016015e+00,1.841923e+00
604,4.205474e-17,-6.712365e-06,-2.174487e-04,5.003249e-04,1.287610e+00,-2.700884e+00,1.416903e+01
605,3.909531e-17,-6.902018e-06,-2.104591e-04,4.876282e-04,3.454274e+00,-4.964079e-01,1.161196e+01
606,1.186799e-18,-7.043938e-06,-1.992472e-04,4.894400e-04,-3.317635e-02,-2.206556e+00,4.823499e+00
607,9.335048e-17,-3.671807e-06,-2.100497e-04,4.979076e-04,-9.386428e-01,-1.156716e+00,1.080209e+01
608,1.203647e-17,-7.094751e-06,-2.181820e-04,4.913775e-04,6.154858e-01,-2.947399e+00,1.211335e+01
609,3.090645e-17,-1.275653e-05,-2.180791e-04,4.968221e-04,3.537085e-01,3.319670e-01,3.506655e+00
610,1.342183e-17,-3.161114e-06,-2.078457e-04,4.897506e-04,1.913988e-01,9.558410e-02,1.099950e+01
611,9.063211e-18,2.934118e-07,-2.196549e-04,4.902517e-04,2.259003e+00,-1.188789e+00,6.624134e+00
612,7.235993e-19,-3.516050e-06,-2.155422e-04,4.816536e-04,1.059474e+00,4.651520e-01,6.021926e+00
613,7.182012e-18,-1.005849e-05,-2.024827e-04,5.019173e-04,-5.412453e-02,2.132675e+00,3.549207e+00
614,1.298690e-17,-3.798132e-06,-2.121350e-04,4.797217e-04,-7.531923e-01,-3.431791e-01,2.800520e+00
615,2.593648e-18,-2.569820e-06,-2.071344e-04,4.816948e-04,-2.647310e-01,8.635108e-01,5.735195e+00
616,1.297270e-17,-2.426376e-05,-2.195511e-04,4.967964e-04,1.746012e-02,-3.025404e-02,1.593474e+00
617,7.428411e-19,1.654419e-05,-2.095040e-04,4.925907e-04,1.379743e-01,-3.631056e-02,-1.518022e+00
618,4.708540e-17,3.817559e-06,-2.111202e-04,4.856110e-04,9.420700e-01,1.533167e+00,5.021543e+00
619,4.424378e-17,2.395566e-05,-2.158960e-04,4.956512e-04,2.975000e-02,2.894765e-02,1.126795e+00
620,2.086465e-17,8.237147e-06,-2.024608e-04,4.837626e-04,-7.873168e-01,-1.698665e+00,2.685272e+00
621,5.670062e-17,3.083759e-06,-2.122361e-04,4.932919e-04,1.695355e+00,1.319943e+00,5.723560e+00
622,1.957305e-18,2.460944e-05,-2.163584e-04,4.829897e-04,5.404701e-02,4.566201e-02,1.913967e+00
623,1.745409e-17,2.225048e-05,-2.046646e-04,4.934486e-04,1.359127e+00,-1.208278e+00,1.036616e+01
624,3.247489e-17,1.349838e-05,-2.186269e-04,4.851122e-04,-6.354731e-01,-1.144698e+00,1.189821e+01
625,4.363107e-17,9.943222e-06,-2.053913e-04,4.948804e-04,6.290307e-01,9.144281e-01,7.605508e+00
626,4.587163e-17,4.432783e-06,-2.177139e-04,5.033163e-04,5.542612e-01,-2.865643e-01,4.662862e+00
627,1.893401e-17,9.888872e-06,-2.201655e-04,4.813957e-04,1.716508e+00,1.127806e-01,6.642027e+00
628,2.557028e-18,2.030241e-05,-2.023551e-04,4.868201e-04,-1.127284e+00,2.757932e-01,7.612753e+00
629,1.627109e-17,1.024286e-05,-2.218693e-04,5.012820e-04,8.251767e-01,-1.251228e-01,5.384393e+00
630,2.473033e-18,7.019839e-06,-1.992208e-04,4.913641e-04,-4.197007e-02,1.149196e-01,4.364383e+00
631,5.348370e-18,1.563231e-05,-1.999946e-04,4.871274e-04,2.559222e-01,6.547719e-02,3.951958e+00
632,1.701512e-18,1.012849e-05,-2.071479e-04,4.998050e-04,-7.456689e-01,7.845794e-02,3.761104e+00
633,3.017798e-18,9.372852e-06,-2.086103e-04,4.867352e-04,1.050788e-03,-2.736746e-01,3.290269e+00
634,6.202806e-19,2.148558e-05,-2.050785e-04,4.898889e-04,2.849551e+00,3.182304e+00,7.029007e+00
635,2.842576e-19,1.289096e-05,-2.183591e-04,4.777568e-04,1.940979e-01,9.096044e-02,7.059862e+00
636,3.020854e-18,2.031510e-05,-2.015641e-04,4.789457e-04,-6.825768e-01,5.060847e-01,3.406689e+00
637,1.212065e-18,7.820491e-06,-2.210902e-04,4.871111e-04,9.119765e-02,6.216590e-03,5.071107e+00
638,3.546900e-18,1.006577e-05,-2.038511e-04,4.879548e-04,1.274473e-01,-1.046633e-01,6.244425e+00
639,5.237728e-18,2.440229e-05,-2.242207e-04,4.837578e-04,1.072312e-01,1.919565e-02,1.837826e+00
640,7.809161e-18,2.431032e-05,-2.210980e-04,4.787623e-04,2.872610e-02,1.727313e-02,2.045271e+00
641,1.298516e-16,1.014107e-05,-2.404034e-04,4.819284e-04,-2.446444e-01,1.181998e+00,3.468622e+00
642,2.624098e-18,1.158913e-05,-2.496094e-04,4.911007e-04,-1.224520e-01,3.797813e-03,7.042754e-01
643,3.114573e-18,1.640257e-05,-2.468740e-04,4.859413e-04,-3.496660e-02,-2.315809e-01,8.231748e-01
644,4.319654e-17,1.037190e-05,-2.416386e-04,4.949401e-04,4.960384e-01,-8.032202e-01,5.460840e+00
645,3.508890e-17,2.400596e-05,-2.422084e-04,4.824229e-04,6.475426e-04,-8.081725e-03,1.306895e+00
646,1.035900e-17,2.435349e-05,-2.288970e-04,4.929212e-04,-6.347302e-02,2.302516e-01,5.797297e+00
647,4.618917e-18,2.109264e-05,-2.312814e-04,4.870810e-04,9.201553e-01,-5.920600e-02,6.087152e+00
648,2.875148e-18,9.387026e-06,-2.273396e-04,4.960242e-04,1.143691e+00,-6.016397e-02,6.843887e+00
649,1.424606e-18,7.991875e-06,-2.306659e-04,4.880251e-04,-2.299974e-01,4.790629e-01,5.452189e+00
650,2.467195e-17,1.602227e-05,-2.438424e-04,4.788051e-04,-5.036739e-01,-8.790227e-01,4.428057e+00
651,5.823153e-19,1.570060e-06,-2.496093e-04,4.917686e-04,1.458812e-01,-2.790246e-01,4.257625e+00
652,1.600179e-17,2.425625e-05,-2.313059e-04,4.777985e-04,-2.101262e-01,-4.859110e-01,2.584975e+00
653,4.106452e-18,1.955688e-05,-2.312962e-04,4.833191e-04,-2.059079e+00,3.466120e-01,4.683175e+00
654,3.803058e-17,3.548633e-06,-2.395881e-04,4.760731e-04,-8.617110e-01,-1.508568e+00,9.001071e-02
655,1.008088e-17,2.191072e-05,-2.492873e-04,4.843792e-04,1.460301e-01,1.133573e-02,2.075744e+00
656,1.010379e-18,1.485019e-05,-2.304665e-04,4.964824e-04,-1.295565e-01,6.139829e-03,8.919517e+00
657,2.036102e-17,1.668681e-05,-2.319244e-04,4.778042e-04,2.453309e-01,5.024933e-01,2.025536e-01
658,6.573758e-18,1.481857e-05,-2.304711e-04,4.926978e-04,-1.047643e-01,3.096616e-02,8.229957e+00
659,2.942886e-18,1.324766e-05,-2.351929e-04,4.971642e-04,4.677017e-02,-2.955922e-02,8.851095e+00
660,3.862335e-18,1.327967e-05,-2.351596e-04,4.917912e-04,-5.740619e-02,-9.559602e-03,6.993257e+00
661,2.293399e-18,1.328924e-05,-2.351396e-04,4.844210e-04,8.221867e-02,3.099429e-01,3.665925e+00
662,2.829057e-18,2.030254e-05,-4.999742e-05,4.796528e-04,4.713822e-01,2.169476e-02,-9.086119e-01
663,3.362360e-18,8.600930e-06,-5.074241e-05,4.937330e-04,5.834596e-01,1.153613e+00,1.160505e+01
664,1.804031e-18,8.851830e-06,-5.076722e-05,4.897775e-04,-1.267604e-01,-1.022104e+00,1.105154e+01
665,1.347539e-18,8.673125e-06,-5.053737e-05,4.874006e-04,-2.712109e-01,6.232660e-02,1.003267e+01
666,1.471894e-18,8.666485e-06,-5.052120e-05,4.827474e-04,1.611610e+00,3.597684e-01,7.531444e+00
667,2.358366e-17,2.275758e-05,-6.723305e-05,5.007443e-04,4.695433e+00,3.754247e+00,1.968162e+01
668,7.608047e-18,-5.469731e-06,-6.718778e-05,4.882751e-04,9.188593e-01,-2.027285e-01,1.299427e+00
669,1.356305e-16,-4.035501e-06,-6.710657e-05,4.862677e-04,1.199402e+00,-8.486613e-01,3.860402e+00
670,2.980205e-17,8.927054e-06,-5.508381e-05,4.954356e-04,4.552777e-01,3.216733e+00,1.777071e+01
671,2.257773e-17,4.427251e-06,-6.744735e-05,5.030402e-04,1.152962e+00,-9.491985e-01,8.992669e+00
672,1.911274e-17,1.794602e-05,-5.398756e-05,4.910410e-04,-6.327512e-02,3.639646e-02,2.385727e+00
673,3.279283e-17,1.225535e-05,-6.884516e-05,4.913474e-04,-3.795380e-01,-1.369888e-01,2.163679e+00
674,2.395058e-18,1.098439e-05,-5.941401e-05,4.936113e-04,-4.038686e-01,3.548313e-01,1.520596e+00
675,2.619396e-18,1.411893e-05,-7.192972e-05,5.021843e-04,-7.929213e-01,-1.859220e+00,-1.812846e-02
676,1.044182e-16,4.163580e-06,-6.759745e-05,5.031557e-04,7.346225e-01,-9.106316e-01,8.898513e+00
677,1.955583e-17,1.658218e-05,-7.341674e-05,4.842679e-04,3.550963e-01,-1.831985e+00,8.588407e+00
678,4.324088e-18,8.093709e-07,-6.409292e-05,4.988720e-04,-2.766171e-01,-7.880072e-01,1.040310e+01
679,1.313443e-18,2.384595e-06,-6.407419e-05,4.933248e-04,-8.679889e-01,-2.990331e-01,7.379955e+00
680,6.919949e-18,7.388900e-06,-5.075102e-05,5.041260e-04,1.640345e+00,-4.148552e-01,1.620706e+01
681,2.646903e-17,2.414152e-05,-7.252920e-05,4.855222e-04,-3.556530e-01,2.977492e-01,1.804083e+00
682,5.302696e-18,2.101678e-05,-7.112318e-05,4.918398e-04,4.854251e+00,-1.893407e+00,1.391540e+01
683,7.956969e-19,2.497336e-06,-7.409046e-05,4.886552e-04,-2.647665e-01,3.530683e-01,3.817391e+00
684,4.620644e-19,2.148510e-05,-6.992158e-05,4.933799e-04,1.013857e-01,-1.558791e+00,1.118354e+01
685,2.231373e-18,8.081297e-06,-6.402966e-05,4.791250e-04,1.775090e-01,-3.827747e-01,2.187054e+00
686,2.505557e-19,1.445319e-05,-7.382772e-05,4.785355e-04,-6.027125e-02,1.404342e-01,3.953283e+00
687,2.952302e-19,1.445342e-05,-7.460916e-05,4.777569e-04,-7.037376e-01,2.966114e+00,1.296355e+00
688,1.211230e-17,2.426426e-05,-5.693975e-05,4.967034e-04,-1.172942e-02,1.272595e-02,1.618735e+00
689,4.666947e-17,-1.345382e-05,-5.960372e-05,4.916447e-04,-5.299725e-01,1.635348e+00,9.541610e+00
690,5.810133e-17,-1.922251e-05,-7.675848e-05,4.888970e-04,-1.181966e-01,2.661870e+00,7.330682e+00
691,6.880621e-18,-1.511945e-05,-6.659934e-05,5.009296e-04,-7.874470e-01,-1.204308e+00,2.643014e+00
692,1.370298e-17,-1.867008e-05,-5.372261e-05,4.840660e-04,-2.453591e+00,8.524177e-01,1.500563e+00
693,4.930190e-17,-1.453575e-05,-6.835618e-05,4.831150e-04,-3.946092e-01,1.384891e+00,4.700171e+00
694,3.664241e-17,-1.067130e-05,-6.293944e-05,5.010240e-04,2.283544e+00,-1.907187e+00,5.693508e+00
695,1.927139e-17,-6.181566e-06,-7.409503e-05,4.870432e-04,-2.374681e-01,-6.013118e-02,1.028503e+01
696,5.338755e-17,-3.151696e-06,-5.351881e-05,4.988648e-04,-1.488606e+00,-3.601742e-01,5.163016e+00
697,2.392003e-19,-2.734279e-06,-7.382823e-05,4.777534e-04,2.351277e+00,-1.903999e-01,1.165980e+00
698,5.319916e-19,-4.297983e-06,-7.382800e-05,4.812240e-04,1.340379e+00,1.152634e-01,5.471709e+00
699,5.906123e-19,-3.516108e-06,-7.382776e-05,4.797067e-04,1.600113e+00,7.749030e-01,3.640894e+00
700,2.589891e-18,-1.171560e-05,-7.266174e-05,4.952946e-04,7.024068e-02,-1.544144e-03,2.713811e+00
701,2.797450e-19,-5.079364e-06,-7.382769e-05,4.824291e-04,8.760553e-01,7.144326e-01,7.247641e+00
702,5.660869e-19,-1.254245e-05,-6.132869e-05,4.832205e-04,-3.252151e-01,-3.137206e-02,7.606271e+00
703,3.958037e-18,-1.250494e-05,-6.254837e-05,4.808127e-04,-2.980210e-01,3.279695e-01,7.046397e+00
704,1.127924e-18,-7.035380e-06,-7.265391e-05,4.941178e-04,3.884000e-02,-5.313694e-02,2.746802e+00
705,1.191874e-17,-2.427117e-05,-6.725907e-05,4.841913e-04,-4.429612e-02,1.168100e-02,1.658297e+00
706,1.656508e-18,3.129647e-06,-7.576984e-05,5.246631e-04,6.485173e-01,5.239725e-01,1.450999e+01
707,2.182557e-17,3.080439e-06,-5.065011e-05,5.164062e-04,-2.426339e+00,7.853445e-01,2.045763e+01
708,1.453701e-17,1.748742e-05,-7.013526e-05,5.134505e-04,2.545831e-01,2.754146e-01,2.070683e+01
709,3.336150e-18,8.513661e-06,-5.160659e-05,5.098206e-04,1.514863e+00,-1.065453e+00,1.930077e+01
710,3.277756e-17,2.931379e-06,-7.438474e-05,5.087485e-04,-1.474550e-01,-1.064810e-01,1.128321e+01
711,6.406675e-18,1.718650e-05,-7.031425e-05,5.085350e-04,-3.266531e-01,-2.117943e-01,2.107932e+01
712,2.642121e-18,1.092653e-05,-6.092154e-05,5.206793e-04,1.266283e-01,-5.626186e-01,8.496849e+00
713,8.769693e-18,1.207415e-05,-6.041768e-05,5.071062e-04,-8.199623e-03,-1.456195e-01,5.429047e+00
714,4.467779e-18,-7.925051e-07,-5.313181e-05,5.186873e-04,-1.455649e-01,-3.292591e-01,6.564333e+00
715,1.317137e-17,1.781853e-05,-6.874936e-05,5.177135e-04,4.132123e-01,1.548301e-01,4.365370e+00
716,2.508918e-18,6.249898e-06,-5.703477e-05,5.265615e-04,-4.465410e-02,-6.564684e-02,3.293418e+00
717,2.835274e-17,9.370835e-06,-6.405173e-05,5.167991e-04,2.214005e-01,2.655044e-01,4.858122e+00
718,2.459045e-18,-8.115648e-07,-5.312747e-05,5.272095e-04,6.365338e-01,-2.503665e-02,7.503867e+00
719,2.242427e-17,-3.383251e-06,-5.156596e-05,5.093855e-04,6.988184e-01,-7.651121e-01,6.346589e+00
720,1.324304e-16,-3.831887e-06,-5.174424e-05,5.091033e-04,2.872736e-01,-7.328865e-01,6.687939e+00
721,6.076430e-17,-8.393635e-06,-6.646286e-05,5.137581e-04,-1.570368e+00,-8.062461e-01,1.571690e+01
722,4.619145e-18,-2.189609e-05,-5.312208e-05,5.111666e-04,-7.497392e-01,5.267399e-02,1.037036e+00
723,3.688332e-18,-5.469555e-06,-5.234387e-05,5.205132e-04,4.739749e-01,1.266842e+00,8.157077e+00
724,4.592840e-17,-5.007768e-06,-5.205376e-05,5.203941e-04,7.197598e-01,1.274698e+00,7.914524e+00
725,9.336319e-18,-1.075908e-05,-7.337287e-05,5.163330e-04,5.034732e-01,-1.321189e+00,1.044025e+01
726,2.466998e-18,-1.171999e-05,-6.953797e-05,5.228022e-04,-1.149460e-01,1.023217e-01,9.320655e+00
727,5.172422e-18,-1.331939e-05,-5.898728e-05,5.191511e-04,7.034830e-01,2.536749e+00,3.865766e+00
728,5.009064e-19,-1.367106e-05,-6.952153e-05,5.088233e-04,-1.303761e-01,1.074444e-01,4.493104e+00
729,3.225324e-18,-1.092247e-05,-5.468786e-05,5.084268e-04,2.839694e-01,-5.546273e-02,6.750923e+00
730,4.248673e-18,-3.123322e-06,-6.327893e-05,5.141845e-04,-5.376579e-02,1.606713e-02,4.680830e+00
731,1.039813e-16,7.912900e-06,1.141214e-04,4.930457e-04,3.537777e-01,-1.672562e+00,1.566038e+01
732,1.271852e-18,-7.813888e-06,9.921735e-05,4.824333e-04,2.522364e-02,-2.035540e-01,-1.394400e+00
733,2.516969e-18,1.719206e-05,1.101680e-04,5.038585e-04,-8.807544e-01,-4.247744e-01,1.406007e+00
734,9.776687e-19,-1.719045e-05,1.007786e-04,4.808838e-04,-8.169640e-02,9.783338e-02,-4.876630e+00
735,3.957870e-17,-3.055206e-07,9.958051e-05,4.930365e-04,-1.909995e+00,1.034375e+00,2.902817e+00
736,1.996666e-18,-1.724096e-05,1.257326e-04,4.928889e-04,1.317576e-01,3.363776e-01,9.261830e-01
737,1.272518e-18,-1.406967e-05,1.211052e-04,4.995968e-04,-1.039785e-01,1.701454e-01,2.456159e+00
738,7.168442e-18,6.064529e-07,1.227928e-04,5.033556e-04,-1.505062e-01,9.530530e-01,2.992242e+00
739,1.623848e-18,-6.251647e-06,1.156268e-04,4.980098e-04,3.244115e-02,-2.353121e-03,6.081713e-01
740,1.691841e-17,-2.419761e-05,1.021287e-04,4.990757e-04,-8.185172e-02,1.156203e-02,1.456489e+00
741,9.098471e-19,-1.107186e-07,1.027342e-04,4.891405e-04,-4.053687e+00,-2.584422e-01,5.101659e+00
742,5.254366e-17,-4.111232e-06,1.213162e-04,4.887615e-04,6.546372e-02,-1.152437e+00,6.940252e+00
743,3.010997e-17,-1.078560e-05,1.232377e-04,4.857556e-04,-1.011180e+00,-1.019588e-01,9.926832e+00
744,4.969140e-17,-2.105437e-06,1.073030e-04,4.948192e-04,-5.138905e-02,-6.490794e-01,6.542354e+00
745,1.475664e-18,6.819757e-09,1.148397e-04,4.793118e-04,-1.795684e+00,-7.284098e-01,2.915929e+00
746,4.550635e-18,-2.338779e-06,1.117291e-04,5.010001e-04,1.330202e-01,2.615914e-01,7.253384e+00
747,5.318445e-18,-9.374133e-06,1.179752e-04,4.855586e-04,3.715998e-02,7.292297e-02,-2.272789e-01
748,8.988792e-18,-6.319551e-06,1.242200e-04,5.025836e-04,2.008131e-01,1.477476e-01,3.800665e+00
749,5.692081e-19,-8.204112e-06,1.226286e-04,4.793146e-04,-1.279255e-01,8.085250e-01,6.923651e+00
750,9.015415e-19,-8.984743e-06,1.227682e-04,4.772087e-04,9.772073e-01,1.076141e-01,2.622708e+00
751,1.407408e-18,-3.163864e-06,1.195830e-04,4.793141e-04,8.001088e-01,1.155576e+00,2.900681e+00
752,2.354457e-17,-2.411265e-05,9.739311e-05,4.949963e-04,-1.474108e-02,1.083252e-01,1.594645e+00
753,1.520220e-18,-2.376537e-06,1.218735e-04,4.964351e-04,-4.016190e-01,-4.123554e-03,1.631329e+00
754,3.183829e-18,-2.335986e-06,1.164137e-04,4.897996e-04,5.828197e-01,-8.531364e-01,1.920184e+00
755,6.079070e-17,1.542696e-05,1.044019e-04,4.966004e-04,4.977281e-01,9.858657e-01,9.783362e+00
756,6.920280e-17,4.065996e-06,1.092121e-04,5.037261e-04,-2.218810e-01,6.833193e-01,1.002950e+01
757,4.799179e-17,1.342058e-05,1.265679e-04,4.926578e-04,-1.381546e+00,-4.773313e-01,7.217980e+00
758,3.172001e-17,1.047831e-05,1.080372e-04,4.798765e-04,4.721409e-01,1.750948e-01,1.827632e+00
759,9.502842e-18,2.430235e-05,1.269887e-04,4.970016e-04,3.676150e-03,1.349733e-01,1.849919e+00
760,2.134253e-18,8.479771e-07,1.194607e-04,4.821352e-04,7.286503e-01,-7.610002e-01,-1.995820e+00
761,1.508190e-18,5.380680e-06,1.155044e-04,5.014414e-04,-3.504440e-02,4.893660e-01,1.374868e+01
762,3.814959e-18,2.421891e-05,1.023438e-04,4.929938e-04,-3.962877e-01,-2.639398e-01,1.316327e+00
763,3.555849e-17,2.395589e-05,1.020676e-04,4.925477e-04,-2.464092e-01,1.320775e-02,1.138739e+00
764,2.693420e-18,1.327463e-05,1.148518e-04,4.797010e-04,8.181680e-01,5.882930e-01,2.533047e+00
765,1.193221e-18,4.663074e-06,1.093685e-04,4.948922e-04,-3.020126e-01,3.304720e-01,7.129759e+00
766,3.974690e-18,3.835188e-06,1.156242e-04,4.881217e-04,2.043151e-01,-9.788149e-01,1.061715e+01
767,3.229479e-18,4.655601e-06,1.109385e-04,4.898350e-04,-2.217688e-01,6.785977e-01,7.817488e+00
768,8.769589e-18,6.993980e-06,1.165323e-04,4.817783e-04,-1.382515e-01,-9.243516e-01,8.135322e+00
769,8.734588e-19,1.342980e-05,1.024899e-04,4.886769e-04,-2.940301e-02,-4.990945e-01,9.533675e+00
770,2.199239e-18,1.319659e-05,1.022899e-04,4.813344e-04,-2.620336e-01,1.583837e-01,4.736985e+00
771,3.488808e-18,7.812113e-06,1.210913e-04,4.851566e-04,-6.138410e-01,6.632548e-01,7.741671e-01
772,1.171935e-16,-8.064182e-06,8.132832e-05,4.831455e-04,-8.329347e-01,2.083487e+00,2.053658e+00
773,4.114594e-18,1.559236e-05,8.278897e-05,4.794624e-04,-4.819275e-01,-9.411289e-01,-5.103001e+00
774,3.811655e-18,1.484401e-05,9.140703e-05,4.992087e-04,-9.890428e-01,-1.054499e+00,4.224911e+00
775,6.034290e-17,1.433870e-05,9.110695e-05,4.992614e-04,-2.542619e-01,-3.964492e-01,4.239595e+00
776,2.196830e-18,1.875588e-05,9.063179e-05,4.828238e-04,-2.116680e-01,-2.602222e-01,1.988735e+00
777,9.493358e-18,8.649115e-06,7.870211e-05,4.812791e-04,-7.948074e-01,-3.336351e-02,1.979830e+00
778,3.683538e-18,3.123265e-09,7.499882e-05,4.948883e-04,3.573405e-01,-8.041517e-03,7.633699e+00
779,2.760837e-17,1.635310e-05,7.759125e-05,4.961569e-04,-4.461249e-02,-1.371081e+00,8.800138e+00
780,5.897988e-18,2.201315e-05,8.536204e-05,5.009433e-04,-1.784376e-02,-4.639900e-01,7.360488e+00
781,2.742920e-18,6.736766e-09,7.659631e-05,4.898096e-04,-2.092351e-02,9.107185e-01,7.772309e+00
782,2.948535e-18,-1.912796e-09,8.052252e-05,4.827839e-04,-3.829005e-01,1.051147e+00,3.972076e+00
783,2.318014e-18,8.599578e-06,7.811564e-05,4.883310e-04,5.982216e-02,-5.623204e-01,5.815988e+00
784,3.464106e-18,1.404145e-05,8.046347e-05,4.820389e-04,-2.594466e+00,3.434931e-01,1.561212e+00
785,5.113885e-18,2.346464e-06,9.413873e-05,4.874878e-04,-5.948705e-02,2.224529e+00,2.140183e+00
786,3.435902e-17,2.198861e-06,8.919530e-05,4.777804e-04,-1.218339e+00,-9.637886e-01,9.057469e-01
787,4.967807e-19,1.523585e-05,8.086005e-05,4.836187e-04,-1.864415e+00,-1.012598e+00,-1.386223e-01
788,2.386677e-18,2.460953e-05,7.812501e-05,4.888111e-04,6.623219e-02,5.859164e-03,3.450523e+00
789,2.881387e-18,2.460945e-05,9.218409e-05,4.901598e-04,-2.287091e-04,-1.953349e-02,2.628645e+00
790,1.383659e-17,-1.156355e-05,9.657806e-05,4.917714e-04,2.938261e-01,-9.486865e-01,1.434255e+01
791,2.375247e-18,-1.406681e-05,9.375029e-05,4.976360e-04,-2.653293e-02,-2.765174e-01,1.673433e+00
792,2.111578e-17,-2.413746e-05,8.484074e-05,4.887094e-04,-3.848113e-02,2.075632e-02,1.277669e+00
793,9.525336e-19,-9.996751e-06,8.216927e-05,5.003567e-04,-1.478241e+00,4.135913e-01,1.256240e+01
794,1.760813e-18,-1.162986e-05,7.951321e-05,4.995807e-04,3.966603e-01,6.519404e-01,1.123738e+01
795,2.881889e-17,-1.549255e-05,9.139212e-05,4.891267e-04,-1.343836e+00,-7.488571e-01,8.187653e+00
796,4.585083e-18,-1.093923e-05,8.672021e-05,4.846691e-04,-1.781831e-01,1.856462e-01,6.321957e+00
797,1.443355e-18,-1.180463e-05,9.835912e-05,4.794690e-04,-1.223080e-01,1.201677e+00,5.526760e+00
798,2.645200e-18,-1.170865e-05,8.595717e-05,5.030767e-04,6.111733e-01,1.769943e-01,1.096049e+01
799,7.676014e-18,-1.171348e-05,9.688863e-05,4.851562e-04,4.672029e-01,-8.614028e-02,1.065275e+01
800,1.810874e-17,-1.178741e-05,8.593216e-05,4.952626e-04,1.031941e-01,-1.071656e-01,8.987375e+00
801,1.714689e-17,-1.719604e-05,8.273833e-05,4.753968e-04,4.220507e-01,1.892367e-01,-1.364613e+00
802,2.908972e-18,-8.604521e-06,8.906092e-05,4.976051e-04,-2.732610e-01,-2.169940e-01,4.362239e+00
803,8.774963e-19,-1.000199e-05,8.189868e-05,4.933475e-04,-5.126774e-01,-3.537456e-02,9.246286e+00
804,5.024323e-19,-1.015163e-05,9.257869e-05,4.972427e-04,-2.013014e-01,6.873740e-01,2.521748e+00
805,7.712012e-19,-1.314355e-05,9.154370e-05,4.832193e-04,-3.891207e-01,2.461522e-01,7.496241e+00
806,2.685479e-19,-1.289159e-05,9.101604e-05,4.793169e-04,2.604470e+00,1.176859e+00,3.683016e+00
807,5.529730e-18,-1.010482e-05,8.273989e-05,4.764978e-04,-1.669475e-01,-5.489071e-03,5.544630e-01
808,1.863130e-18,-2.460949e-05,9.687415e-05,4.859637e-04,-4.567389e-02,-2.534714e-02,3.437111e+00
809,1.257028e-17,-2.424872e-05,8.968589e-05,4.984829e-04,-5.136268e-02,-9.274338e-03,1.512251e+00
810,1.993974e-16,-4.343596e-06,-1.801322e-04,5.241701e-04,7.265558e-01,5.150660e-01,6.894796e+00
811,7.481830e-18,-1.819238e-06,-1.906240e-04,5.129517e-04,2.081743e+00,4.437328e-02,1.466322e+01
812,3.968589e-17,-2.319745e-05,-1.831501e-04,5.151002e-04,-5.432973e+00,2.353113e-01,3.469970e+00
813,4.529437e-18,-9.371380e-06,-1.953121e-04,5.096031e-04,2.654491e-01,1.461967e-01,1.718432e+00
814,7.003353e-18,-1.183031e-05,-1.781256e-04,5.134630e-04,1.169877e+00,-6.727820e-01,1.344765e+00
815,1.000129e-17,-5.567826e-06,-1.913421e-04,5.017505e-04,6.438663e-01,2.406003e+00,1.092261e+01
816,4.461588e-18,-1.092632e-05,-1.913940e-04,5.096073e-04,2.839851e-01,1.447538e-01,2.719670e+00
817,3.172151e-18,-9.363525e-06,-1.812573e-04,5.092049e-04,1.207037e-01,4.726622e-02,6.470364e+00
818,3.222428e-18,-3.126317e-06,-1.843663e-04,5.130071e-04,-5.777750e-02,7.264636e-01,8.573020e+00
819,3.658157e-17,-1.092658e-05,-1.880893e-04,5.172495e-04,-2.407719e-01,4.843374e-01,4.706602e+00
820,1.156178e-17,-2.045312e-05,-1.900883e-04,5.242754e-04,-1.343994e-01,9.474931e-02,3.633535e+00
821,5.601996e-17,-4.279178e-06,-2.201018e-04,5.067832e-04,1.110034e+00,-1.397790e+00,1.040364e+01
822,6.044102e-17,-7.428425e-06,-2.042612e-04,5.259639e-04,-7.571541e-01,2.662669e-01,4.954444e+00
823,3.625214e-18,-1.483169e-05,-2.195269e-04,5.149648e-04,-5.462661e-02,-4.980051e-02,2.868108e+00
824,3.844165e-18,-3.909820e-06,-2.039097e-04,5.071962e-04,1.022950e-01,5.253026e-02,2.812369e+00
825,4.191932e-18,-7.810750e-06,-2.156303e-04,5.095731e-04,2.512264e-01,2.997002e-03,3.636227e+00
826,3.444716e-17,-3.279679e-06,-2.124980e-04,5.439748e-04,1.190047e+00,4.714161e-01,7.607135e+00
827,1.422532e-16,-3.686399e-06,-2.125526e-04,5.437672e-04,1.079011e+00,4.384280e-01,7.554381e+00
828,4.302387e-19,-5.076071e-06,-2.035123e-04,5.454972e-04,-8.313153e-01,-5.495640e+00,9.804995e+00
829,5.563925e-18,-5.587277e-06,-2.077990e-04,5.480453e-04,2.360285e-02,4.228220e-03,7.158057e+00
830,3.243862e-17,-1.472347e-05,-2.195190e-04,5.384250e-04,4.690785e-01,2.207502e-01,1.027053e+01
831,4.615629e-18,-9.378143e-06,-2.210818e-04,5.306029e-04,3.677547e-02,-1.213851e-01,3.210524e+00
832,1.146215e-18,-1.954002e-05,-2.148552e-04,5.406814e-04,-1.058335e-01,3.805051e-02,-4.258015e-02
833,8.492039e-19,-1.953381e-05,-2.148522e-04,5.442219e-04,-3.265358e-02,4.433220e-02,1.829053e-01
834,5.656771e-18,-1.016208e-05,-1.820316e-04,5.479793e-04,1.656804e-04,-4.366819e-01,4.777082e+00
835,7.559017e-18,-1.250017e-05,-1.816812e-04,5.298650e-04,3.229143e-01,3.666086e-02,4.536673e+00
836,5.681535e-18,-2.187643e-05,-1.921947e-04,5.366429e-04,1.570356e-01,-1.702385e-02,2.532092e+00
837,1.328669e-17,7.485028e-06,-2.041181e-04,5.088652e-04,-2.019111e+00,-5.396010e-02,1.658833e+01
838,3.739385e-17,1.652256e-05,-2.129410e-04,5.065570e-04,1.533180e+00,-1.725793e-01,4.187382e+00
839,3.424255e-17,7.422097e-06,-2.195497e-04,5.260216e-04,-5.325713e-01,-2.092053e+00,8.114945e+00
840,4.817926e-18,5.465467e-06,-2.062511e-04,5.247280e-04,1.474781e-01,-1.984296e-02,7.889894e+00
841,4.938532e-18,3.892699e-06,-2.117185e-04,5.246573e-04,-7.873554e-01,1.122995e-01,8.201510e+00
842,1.940420e-18,3.917628e-06,-2.118412e-04,5.161534e-04,1.550119e-01,-6.540772e-01,7.898400e+00
843,3.338285e-17,2.270588e-05,-2.146670e-04,5.253581e-04,1.073321e+00,4.208358e-01,3.374965e+00
844,3.177549e-18,7.819999e-06,-2.140605e-04,5.129934e-04,7.599639e-01,1.708856e-01,3.457410e+00
845,4.805858e-18,6.891817e-06,-2.147223e-04,5.497434e-04,-1.912925e-01,-1.293895e+00,1.522677e+01
846,2.309311e-17,1.474925e-05,-2.159457e-04,5.475871e-04,2.433868e-01,1.153574e-01,1.074972e+01
847,1.610573e-17,5.448452e-06,-2.049061e-04,5.395816e-04,-4.605181e-02,1.613324e-01,1.111424e+01
848,3.483754e-17,4.960601e-06,-2.204056e-04,5.301568e-04,2.834926e+00,-1.091143e+00,8.737219e+00
849,7.266919e-17,2.262244e-05,-2.104969e-04,5.422135e-04,3.257662e+00,-1.399744e-03,6.013952e+00
850,3.950401e-18,1.639711e-05,-2.093800e-04,5.341841e-04,-2.427881e-01,-1.351357e-01,3.904641e+00
851,1.053113e-18,1.405856e-05,-2.156240e-04,5.284376e-04,-4.594582e-02,4.321436e-03,3.964085e+00
852,1.913474e-18,1.491439e-04,-4.584403e-06,5.033105e-04,-2.954769e-01,1.252426e+00,1.040796e+01
853,2.153353e-17,1.508933e-04,-1.581303e-06,5.036017e-04,-2.431704e-01,7.467030e-01,7.197665e+00
854,1.035386e-18,1.445295e-04,-2.342031e-06,5.026585e-04,1.730730e-02,-1.930584e-01,3.218365e+00
855,4.965450e-18,1.453141e-04,-7.808139e-06,5.042776e-04,1.892594e-01,1.354101e-01,6.192838e+00
856,2.529240e-17,1.510209e-04,1.767885e-05,5.022916e-04,2.360903e+00,2.595687e+00,1.305907e+01
857,1.820443e-17,1.478826e-04,9.705521e-06,4.960774e-04,2.900404e-01,-2.846793e-01,1.742163e+01
858,3.761521e-17,1.438554e-04,1.347701e-05,4.963148e-04,7.888692e-02,1.128847e-01,9.959003e+00
859,2.626286e-18,1.298448e-04,5.381725e-06,4.801630e-04,-9.120091e-02,-2.742506e+00,3.204201e-02
860,3.902204e-17,1.327774e-04,3.234115e-07,4.840264e-04,-1.536965e+00,1.336564e+00,8.416734e-01
861,3.995476e-18,1.390813e-04,7.815370e-06,4.988171e-04,1.890067e-01,-1.307526e-01,3.465687e+00
862,7.854020e-18,1.367020e-04,2.966765e-06,4.856582e-04,-1.219613e+00,-1.090350e+00,1.875806e+00
863,5.747878e-18,1.421832e-04,2.435803e-05,4.928362e-04,4.985003e-02,1.209735e-01,2.434433e+00
864,1.197611e-17,1.278638e-04,1.435765e-05,4.767391e-04,-1.718386e+00,-1.915513e+00,-1.936441e+00
865,2.119501e-18,1.337409e-04,1.249987e-05,4.998153e-04,4.971836e-01,-1.076852e-01,7.723875e+00
866,9.317376e-18,1.508167e-04,1.339766e-05,4.940049e-04,3.220184e+00,3.145704e-01,1.142740e+01
867,1.851132e-18,1.429084e-04,1.433962e-05,4.922559e-04,2.342291e+00,-3.209405e-01,1.789900e+01
868,1.429214e-17,1.398652e-04,2.011111e-05,4.992825e-04,-1.396393e-01,2.048257e-01,5.198808e+00
869,1.121980e-18,1.476528e-04,1.015582e-05,4.902286e-04,1.859012e-01,4.673507e-01,1.441566e+01
870,6.791837e-19,1.425777e-04,1.445532e-05,4.884095e-04,9.484660e-01,-1.254037e+00,9.975238e+00
871,8.057032e-19,1.425772e-04,1.367324e-05,4.855945e-04,2.317643e+00,-1.239886e-01,9.101624e+00
872,1.647049e-18,1.431878e-04,1.420604e-05,4.823869e-04,1.217647e+00,-1.859427e-01,6.490140e+00
873,2.079556e-17,1.366360e-04,-1.249807e-06,4.980681e-04,6.094556e-01,-1.443933e+00,3.005569e+00
874,2.770766e-19,1.433592e-04,1.210922e-05,4.777567e-04,1.421666e-01,2.696331e+00,2.548789e+00
875,2.467780e-19,1.425786e-04,1.367179e-05,4.808786e-04,1.848662e+00,1.053156e+00,5.151038e+00
876,1.632825e-18,1.476509e-04,1.486067e-05,4.902390e-04,1.779798e+00,1.912409e+00,9.308391e+00
877,3.195994e-19,1.425783e-04,1.367179e-05,4.793208e-04,5.830956e-01,-5.635760e-01,3.987445e+00
878,3.918157e-19,1.425777e-04,1.289055e-05,4.785378e-04,2.271620e+00,6.447144e-01,3.483871e+00
879,5.915061e-19,1.480464e-04,1.289447e-05,4.852076e-04,-1.730687e+00,-3.899652e-01,7.417249e+00
880,5.103109e-19,1.476392e-04,1.289100e-05,4.816542e-04,-3.888724e-01,3.851698e-01,4.818688e+00
881,1.441222e-18,1.475429e-04,1.336359e-05,4.802446e-04,4.575685e-01,4.478977e-01,3.753416e+00
882,2.357227e-18,1.273462e-04,2.460950e-05,4.916975e-04,2.224441e-02,1.355280e-02,1.539127e+00
883,5.146137e-17,1.316550e-04,-4.543046e-06,4.888288e-04,7.695250e-01,2.401997e-01,1.701716e+00
884,1.227815e-18,1.460965e-04,-7.808589e-06,4.839942e-04,-3.142100e-02,-1.776724e-02,1.213980e+00
885,3.366819e-17,1.411730e-04,-1.433334e-05,4.932714e-04,9.450146e-01,1.011146e+00,4.391995e+00
886,2.130470e-17,1.238503e-04,-4.392818e-06,5.014708e-04,-1.811521e+00,4.282721e+00,1.375046e+01
887,4.434710e-18,1.273479e-04,-7.414355e-06,4.952657e-04,-3.703222e-01,1.510506e+00,1.237240e+01
888,2.571593e-17,1.382562e-04,-6.290829e-06,4.999331e-04,-1.431123e+00,2.390357e+00,6.530599e+00
889,8.382340e-18,1.271157e-04,-1.191701e-05,4.825116e-04,4.538862e-02,8.333370e-02,4.931819e+00
890,3.442912e-18,1.414021e-04,-3.665668e-06,4.920575e-04,3.448654e-02,3.633028e-01,5.067176e+00
891,1.131784e-18,1.343539e-04,-7.957621e-07,5.018727e-04,1.113993e-01,7.887683e-02,1.725771e+00
892,5.426050e-19,1.277345e-04,-1.020807e-05,4.894516e-04,-4.154166e-01,-1.076417e+00,7.419904e+00
893,2.518842e-17,1.272596e-04,-4.057369e-06,4.760112e-04,-2.827850e-01,6.448397e-02,3.502588e-01
894,1.392052e-18,1.320329e-04,-2.460951e-05,4.891274e-04,-1.041464e-01,-1.339667e-01,2.632986e+00
895,1.183770e-18,1.429759e-04,-1.014497e-05,4.902313e-04,9.237851e-02,-6.228316e-02,3.987603e+00
896,1.248525e-18,1.351285e-04,-7.000047e-06,4.816555e-04,-3.846375e-01,2.379222e-01,2.473246e+00
897,1.136216e-17,1.359056e-04,-2.427249e-05,4.810354e-04,3.472409e-02,-4.660242e-02,1.619251e+00
898,2.320675e-18,1.320309e-04,-2.443144e-05,4.968123e-04,-7.855756e-02,-1.195675e-01,3.011303e+00
899,6.510778e-17,1.359381e-04,-2.342319e-06,5.265281e-04,5.925304e-01,-4.375800e-01,8.084827e+00
900,1.467184e-16,1.427373e-04,-6.260842e-06,5.450096e-04,5.596006e-01,5.137076e-01,9.212176e+00
901,1.394973e-17,1.299850e-04,1.776563e-05,5.496112e-04,-5.389302e-01,1.494096e+00,1.538501e+01
902,4.780759e-18,1.468883e-04,3.522170e-06,5.496806e-04,-3.057490e-01,-2.558905e+00,1.581020e+01
903,6.460377e-18,1.407124e-04,5.469289e-06,5.476631e-04,4.199488e-01,8.314612e-02,1.085805e+01
904,4.143049e-18,1.383632e-04,8.602709e-06,5.495270e-04,5.812251e-01,3.355534e-02,1.657975e+01
905,2.131775e-16,1.360127e-04,-1.976002e-06,5.260542e-04,7.401776e-01,-7.590233e-01,7.552987e+00
906,2.980334e-18,1.335605e-04,6.296554e-06,5.323112e-04,-1.520383e-03,2.362596e-01,5.939682e+00
907,2.578286e-18,1.249975e-04,9.398153e-06,5.394282e-04,-6.842014e-02,3.311970e-02,1.088004e+00
908,6.634359e-19,1.443983e-04,1.471802e-05,5.441612e-04,-5.992057e-02,3.256557e-01,3.764947e+00
909,7.157311e-18,1.394970e-04,-3.593761e-06,5.379007e-04,-3.568935e-01,6.311055e-01,1.322561e+01
910,5.985129e-17,1.478712e-04,-2.111506e-06,5.405087e-04,6.153016e-01,6.799077e-01,1.106159e+01
911,2.676716e-16,1.513908e-04,-1.084550e-05,5.384837e-04,-2.775178e-01,-2.559637e-01,6.096303e+00
912,6.562339e-18,1.354430e-04,-9.648910e-06,5.317868e-04,3.934118e-01,3.294285e-01,9.644635e+00
913,6.035752e-18,1.414070e-04,-7.539181e-07,5.310723e-04,2.807844e-01,2.535736e-01,9.971611e+00
914,4.964669e-18,1.453105e-04,-4.823379e-06,5.328035e-04,8.900120e-03,5.390997e-01,9.127741e+00
915,1.180030e-17,1.488077e-04,-1.524952e-05,5.277517e-04,-2.921765e-01,2.462569e-01,4.601165e+00
916,1.798145e-18,1.382818e-04,-1.250408e-05,5.389170e-04,-2.320112e-02,-1.450653e-01,1.350945e+00
917,2.693946e-17,1.335619e-04,1.172573e-05,5.066061e-04,4.299691e-02,-4.326627e-01,8.005165e+00
918,1.550309e-18,1.289094e-04,1.561122e-05,5.103601e-04,5.539520e-02,-6.789775e-03,2.999895e-01
919,2.043589e-17,1.517148e-04,2.492993e-06,5.179944e-04,1.159634e+00,2.931017e-01,1.476110e+01
920,4.969366e-17,1.362113e-04,7.003231e-06,5.240198e-04,-1.497603e+00,-2.193814e-01,7.885978e+00
921,3.254117e-17,1.505890e-04,-1.613280e-07,5.211025e-04,1.717884e+00,3.008552e+00,9.697413e+00
922,2.770319e-17,1.484741e-04,6.259712e-06,5.184789e-04,1.107989e-01,-1.224182e+00,7.758799e+00
923,3.582395e-18,1.468774e-04,1.408883e-05,5.254768e-04,-4.279038e-02,9.536299e-02,4.640459e+00
924,5.336416e-18,1.343776e-04,1.249820e-05,5.141822e-04,-1.285024e-01,3.345042e-01,3.909105e+00
925,3.680278e-18,1.398465e-04,1.171353e-05,5.111758e-04,-3.836546e-02,-3.482118e-02,4.259766e+00
926,1.436576e-18,1.437495e-04,3.128877e-06,5.064869e-04,6.948933e-04,1.627743e-02,1.306429e+00
927,1.228533e-18,1.343761e-04,-7.816792e-07,5.072211e-04,8.870828e-03,-3.310365e-02,1.536178e-01
928,1.830522e-17,1.517165e-04,-5.552662e-06,5.116625e-04,3.702840e-01,-1.839013e+00,8.829855e+00
929,3.837582e-18,1.429965e-04,-1.012512e-05,5.130943e-04,-6.152263e-01,1.344019e+00,7.763688e+00
930,5.098617e-18,1.413887e-04,-7.655179e-07,5.179263e-04,9.430510e-03,-8.460334e-03,7.861500e+00
931,1.331033e-17,1.293050e-04,-8.682617e-06,5.131042e-04,-2.789035e-01,4.302297e-01,5.511368e+00
932,3.844941e-18,1.414081e-04,-1.014813e-05,5.065095e-04,7.751937e-02,2.515163e-01,6.372273e+00
933,1.055815e-18,1.414015e-04,-7.851623e-07,5.049394e-04,-3.513687e-02,1.275109e-01,3.664371e+00
934,2.607382e-19,-1.753905e-04,5.859539e-06,4.769740e-04,-8.417496e-01,-2.043545e+00,-2.876353e-01
935,2.484920e-19,-1.871091e-04,1.523409e-05,4.722922e-04,-1.280820e+00,-1.649284e+00,-1.093316e+00
936,7.526706e-19,-1.899662e-04,1.157838e-05,4.730735e-04,6.052758e-01,-5.255201e-01,-3.898319e+00
937,3.528557e-17,-1.948818e-04,-1.302435e-05,4.753310e-04,1.017832e+00,-2.570661e-02,-4.842664e-01
938,1.212363e-18,-1.570233e-04,-1.874935e-05,4.769798e-04,-1.843341e-01,1.006326e-01,-1.649513e-01
939,5.980901e-19,-1.613279e-04,-2.416413e-05,4.754168e-04,6.539956e-02,-1.489506e+00,5.009745e-03
940,5.259382e-19,-1.672011e-04,-6.640209e-06,4.754119e-04,1.220026e-01,1.231417e-01,1.936308e+00
941,2.656322e-19,-1.675781e-04,-5.078095e-06,4.730700e-04,4.365121e-01,4.169197e+00,-3.199464e+00
942,1.007813e-18,-2.349003e-06,2.148520e-04,4.785347e-04,-1.753683e-01,9.693438e-02,1.376405e+00
943,1.218695e-17,-1.571150e-05,2.018525e-04,4.773429e-04,6.399873e-01,-1.476730e+00,-1.919466e-02
944,2.012747e-18,-1.276780e-05,2.058594e-04,4.719060e-04,-9.163836e-02,-2.231931e+00,-4.819150e+00
945,3.666586e-19,-1.210934e-05,2.074219e-04,4.769770e-04,1.873020e-01,-8.496623e-01,5.220694e+00
946,3.259924e-18,-1.252849e-05,2.082035e-04,4.806573e-04,-1.512226e+00,-2.850121e-01,8.776056e+00
947,2.411679e-19,-1.211022e-05,2.066400e-04,4.746362e-04,-2.765210e+00,-2.502613e+00,-9.899396e-01
948,2.425757e-19,-1.171887e-06,2.074219e-04,4.754112e-04,6.755065e-01,6.989587e-01,1.364606e-02
949,2.320865e-17,1.026189e-05,2.058436e-04,4.761755e-04,1.702206e+00,-3.597389e-01,-4.787805e-01
950,1.435759e-17,2.063726e-05,2.229884e-04,4.793871e-04,1.761364e+00,7.975607e-01,2.200250e+00
951,2.795631e-17,1.552226e-05,2.158812e-04,4.782520e-04,-3.236899e-01,-7.796429e-03,3.430849e+00
952,1.833627e-17,6.754691e-06,2.109077e-04,4.784109e-04,5.772758e-01,2.131045e-01,2.993517e+00
953,6.783012e-19,8.984650e-06,2.136718e-04,4.781465e-04,-2.756686e+00,-3.031582e-01,5.787927e+00
954,8.805855e-19,8.984594e-06,2.136719e-04,4.730817e-04,1.755402e+00,-5.707705e-01,-3.917082e-01
955,2.791414e-19,1.679733e-05,2.160152e-04,4.730742e-04,-4.640266e-01,1.933447e+00,-2.010411e-01
956,2.757066e-19,1.757866e-05,2.152339e-04,4.722936e-04,1.255584e+00,1.222349e+00,-1.515422e+00
957,2.644824e-19,1.914073e-05,2.230467e-04,4.777594e-04,3.558368e-01,-2.147044e-01,6.557760e+00
958,1.168717e-17,1.289685e-05,1.949024e-04,4.792605e-04,3.281715e-02,-7.906052e-01,2.293514e+00
959,6.138327e-18,5.452434e-06,1.891121e-04,4.816155e-04,-2.940386e+00,8.237171e-01,9.738885e+00
960,9.124350e-19,-8.984469e-06,1.819002e-04,4.759273e-04,2.652497e+00,1.001438e+00,2.135364e+00
961,1.124662e-18,-1.523417e-05,1.757484e-04,4.765855e-04,6.191371e-01,-3.151748e+00,6.159351e+00
962,2.505500e-19,-1.601589e-05,1.753909e-04,4.777576e-04,-1.374170e+00,-2.178079e+00,6.407031e+00
963,1.444144e-17,-1.673666e-05,1.765027e-04,4.812217e-04,4.020165e-01,6.688083e-02,6.131627e+00
964,2.784758e-19,-9.765162e-06,1.824222e-04,4.769753e-04,2.803416e+00,-1.622480e+00,2.995205e+00
965,1.126585e-16,-1.452025e-05,-1.125009e-05,5.059143e-04,-2.679521e-01,2.016596e+00,5.106399e+00
966,7.025151e-17,-8.997217e-06,-2.248869e-05,4.936586e-04,8.397555e-01,4.544988e+00,1.155927e+01
967,4.214071e-17,-2.083206e-05,-6.895375e-06,4.839127e-04,-2.352936e+00,1.466415e+00,2.172409e+00
968,2.738304e-18,-1.572952e-05,-2.337300e-05,4.859281e-04,-8.823678e-01,-2.321482e-01,2.189504e+00
969,2.427226e-16,-5.845619e-06,-2.607456e-05,5.001174e-04,5.827337e-01,4.097888e-01,8.991882e+00
970,3.786020e-18,-8.595045e-06,-7.809659e-07,4.990823e-04,2.697535e+00,1.334495e+00,8.351683e+00
971,4.812960e-17,-8.381929e-06,-9.647359e-07,4.988580e-04,2.636764e+00,1.196903e+00,8.141807e+00
972,1.331787e-18,-1.562822e-05,-2.342076e-05,4.956859e-04,1.254259e-01,2.729013e-01,2.157588e+00
973,2.513221e-18,-9.168093e-06,-2.094444e-05,4.862188e-04,4.456929e-01,6.291765e+00,1.052402e+01
974,1.017169e-18,-9.770351e-06,-2.148487e-05,4.894297e-04,1.723579e+00,6.457471e+00,1.438604e+01
975,8.667992e-18,-1.390413e-05,-2.570844e-05,4.860032e-04,1.327794e+00,4.441855e-01,1.016506e+01
976,1.838142e-17,-1.886653e-05,-2.235116e-05,4.831205e-04,3.935458e-01,-1.841606e+00,9.497069e+00
977,2.520045e-18,-1.495535e-05,-2.625463e-05,4.896765e-04,5.033160e-01,2.993977e-01,9.525258e+00
978,4.083966e-18,-2.577483e-05,-5.474262e-06,5.010577e-04,-6.568830e-02,1.169595e-02,3.601129e+00
979,5.682781e-18,-1.432895e-05,-4.689214e-06,4.893203e-04,5.932586e-01,1.832692e-02,5.884164e+00
980,2.445093e-18,-3.914653e-06,-1.483966e-05,4.921383e-04,1.398436e-01,-9.197357e-02,5.364216e+00
981,1.522363e-18,-2.039844e-05,-2.161732e-05,4.800500e-04,5.415715e-01,-1.928193e+00,1.105835e+01
982,1.459760e-18,-2.005096e-05,-2.040178e-05,4.770229e-04,-2.211535e-01,1.375272e-01,7.076153e+00
983,2.610345e-17,-2.535735e-05,-1.418014e-05,4.772470e-04,-8.955250e-01,5.420822e-01,1.765370e+00
984,5.120200e-18,-3.906216e-06,-1.483834e-05,4.769316e-04,-2.957454e-02,1.133900e-01,-3.127701e-01
985,1.081086e-18,-1.250741e-05,-1.716223e-05,4.715046e-04,-1.709565e-02,2.299086e-01,-7.120904e-01
986,2.415819e-17,-9.750950e-06,-7.929148e-06,4.719482e-04,-1.466464e+00,-2.165310e+00,-8.370395e-01
987,4.007856e-18,-2.341667e-06,-4.053191e-06,4.757300e-04,9.893201e-02,9.513725e-01,-2.276724e+00
988,1.294362e-18,-1.794722e-05,-1.171181e-05,4.738468e-04,4.601427e-01,2.854796e-01,1.638874e+00
989,2.386763e-19,-2.070282e-05,-1.992203e-05,4.730729e-04,1.698083e-01,8.999826e-01,1.780650e+00
990,2.670222e-19,-1.992211e-05,-1.914056e-05,4.715083e-04,1.378354e-01,-1.697544e-01,-4.390761e-01
991,7.589545e-18,-7.810970e-07,-4.375037e-05,5.022493e-04,-2.093940e-01,-2.992823e-02,2.523028e+00
992,7.932137e-17,-5.260954e-07,-4.359381e-05,5.018935e-04,-3.042779e-01,2.829719e-02,2.478130e+00
993,5.444507e-18,-5.471411e-06,-3.589055e-05,4.987530e-04,-2.676918e-02,5.315276e-01,-1.059372e+00
994,4.733669e-17,-3.057375e-06,-2.812955e-05,4.830130e-04,-1.591548e-01,-1.053178e+00,4.466026e+00
995,6.035826e-19,-1.483844e-05,-2.851575e-05,4.956926e-04,-9.458483e-01,-1.084558e-01,1.149454e+01
996,6.665436e-18,-1.405856e-05,-3.104749e-05,5.019888e-04,9.049574e-01,-2.587634e+00,1.790850e+01
997,1.358963e-17,-1.865826e-05,-3.124480e-05,4.892834e-04,2.792300e-01,-2.481020e+00,1.649767e+01
998,1.587361e-18,-2.052668e-05,-3.164055e-05,4.970739e-04,1.089270e+00,-2.373191e+00,2.226944e+01
999,8.837970e-18,-2.279344e-05,-3.265466e-05,5.036743e-04,-1.921843e+00,-2.199138e+00,2.665626e+01
1000,7.658562e-18,-1.334874e-05,-4.481592e-05,4.971679e-04,-9.890391e-01,9.514403e-01,4.550482e+00
1001,1.216559e-18,-4.669022e-06,-2.972283e-05,4.956485e-04,-5.244929e-03,-1.539550e-01,1.271307e+01
1002,4.910125e-18,-1.249932e-05,-4.218586e-05,5.034490e-04,1.394321e-01,7.377838e-01,3.043117e+00
1003,2.027191e-18,-4.686440e-06,-2.969487e-05,4.890232e-04,6.392591e-02,1.942332e-02,7.116297e+00
1004,6.251712e-19,-1.367345e-05,-2.617194e-05,4.804018e-04,1.726711e+00,-8.226653e-01,8.143826e+00
1005,1.714407e-18,-2.460948e-05,-4.452811e-05,4.977123e-04,-1.048196e-01,2.434271e-01,2.318258e+00
1006,1.903226e-17,9.220409e-06,-3.546895e-05,4.867203e-04,-1.411131e+00,7.192985e-01,6.684365e+00
1007,4.614003e-17,1.186885e-05,-4.399687e-05,5.045795e-04,-4.032673e-01,-1.940363e+00,4.504699e+00
1008,2.524807e-18,1.174399e-05,-2.892856e-05,5.015312e-04,-1.751780e-01,3.906464e-01,1.429996e+00
1009,2.437434e-18,1.880804e-05,-2.809262e-05,4.858204e-04,1.302818e-03,3.215540e-01,2.358567e+00
1010,7.508055e-17,4.852409e-06,-2.406699e-05,4.925764e-04,-1.062146e+00,8.866788e-01,7.134056e+00
1011,1.170870e-16,9.467131e-06,-3.511420e-05,4.866306e-04,-1.457397e+00,7.635345e-01,6.529509e+00
1012,5.929367e-18,9.509227e-06,-3.594325e-05,5.003468e-04,-6.933201e-01,7.870072e-02,1.246996e+01
1013,4.055716e-18,4.814718e-06,-3.908456e-05,4.973262e-04,-5.780852e-01,9.910190e-01,1.086288e+01
1014,1.250004e-16,5.910698e-06,-3.120730e-05,5.074029e-04,-8.148391e-01,1.778838e+00,1.133385e+01
1015,2.642475e-17,1.480228e-06,-3.738058e-05,4.804276e-04,-2.638089e-01,5.415409e-01,1.765676e+00
1016,1.163484e-17,2.426942e-05,-2.879056e-05,4.983957e-04,1.435453e-02,-1.470758e-02,1.566617e+00
1017,5.602369e-16,1.878942e-04,-3.098240e-06,5.361751e-04,-2.295368e-01,2.854717e-01,8.805622e+00
1018,2.246475e-16,2.028590e-04,2.606092e-06,5.463636e-04,3.743349e-03,3.612753e-01,8.712293e+00
1019,2.750558e-17,1.953183e-04,1.563037e-05,5.445351e-04,-1.943619e+00,2.165708e-01,5.436768e+00
1020,1.486359e-16,1.714137e-04,8.776613e-06,5.286970e-04,-1.949792e-01,-5.415053e-01,1.000825e+01
1021,1.118275e-16,1.955690e-04,1.531242e-05,5.449718e-04,-1.826310e+00,7.539820e-02,5.361752e+00
1022,1.282334e-18,1.866304e-04,3.208423e-06,5.403927e-04,2.028201e-01,-2.508220e-01,5.808966e+00
1023,3.200879e-18,1.960899e-04,8.599382e-06,5.355996e-04,-1.151247e-01,-3.151300e-03,6.940887e+00
1024,7.600369e-18,1.850706e-04,5.165549e-06,5.257022e-04,-5.491206e-01,-1.623485e+00,6.109159e+00
1025,1.377275e-17,1.810393e-04,1.009581e-05,5.493955e-04,-5.468194e-01,-9.467686e-01,1.328767e+01
1026,1.098153e-18,1.953269e-04,1.021788e-05,5.476533e-04,-5.270980e-02,2.181876e-01,1.556787e+00
1027,3.952186e-18,1.921826e-04,1.174402e-05,5.363671e-04,1.870558e-03,-5.295448e-01,3.754598e+00
1028,2.669374e-18,1.788998e-04,1.562644e-05,5.459367e-04,-1.860806e-01,3.016551e-01,1.774026e+00
1029,2.405011e-16,2.020426e-04,-1.282566e-05,5.461462e-04,9.736889e-02,-2.817306e-01,8.153114e+00
1030,5.537944e-17,2.009309e-04,-9.692726e-06,5.395148e-04,-4.107024e-01,5.348103e-02,1.231758e+01
1031,5.013455e-18,1.945330e-04,-6.259670e-06,5.334686e-04,-6.298464e-02,6.165355e-02,1.621210e+01
1032,1.309033e-17,1.834607e-04,-8.237698e-06,5.261978e-04,-6.672821e-01,1.230784e+00,4.240877e+00
1033,7.581418e-18,1.748932e-04,-1.481960e-05,5.356145e-04,-2.187285e+00,9.582310e-01,8.120351e+00
1034,5.159994e-18,1.928558e-04,-1.172431e-05,5.291195e-04,2.321010e-01,3.524578e-01,4.982655e+00
1035,1.887906e-18,1.937562e-04,-1.797199e-05,5.389020e-04,-2.521684e-02,-8.224279e-02,3.119911e+00
1036,2.283635e-18,1.765596e-04,-1.017202e-05,5.387378e-04,-3.178199e-01,7.017529e-02,1.344551e+00
1037,9.233474e-19,2.007881e-04,-6.250755e-06,5.469440e-04,-1.797727e-01,-4.888460e-01,-3.093861e-02
1038,3.536283e-16,2.222494e-04,-7.740221e-07,5.473927e-04,-3.066470e+00,-6.087746e-01,7.631086e+00
1039,1.707518e-17,2.096503e-04,4.725234e-06,5.303507e-04,-3.628261e-01,-2.047722e+00,1.574274e+01
1040,9.061961e-19,2.125001e-04,4.681102e-06,5.461792e-04,8.124358e-02,-5.121507e-02,4.779020e+00
1041,3.743712e-17,2.152863e-04,8.762218e-06,5.348084e-04,4.441259e-01,-5.534122e-01,5.005621e+00
1042,1.007655e-18,2.211069e-04,4.683781e-06,5.412555e-04,-1.090374e-01,-5.022944e-02,3.637688e+00
1043,2.745906e-18,2.218794e-04,1.251754e-05,5.401937e-04,-1.088831e-02,7.398995e-03,9.334743e-01
1044,1.456846e-16,2.184747e-04,-5.523740e-06,5.326307e-04,1.262372e-01,-1.234773e+00,8.670611e+00
1045,8.279731e-18,2.062279e-04,-1.984460e-06,5.395600e-04,-1.893371e-01,7.550713e-01,1.135547e+01
1046,1.046374e-17,2.117196e-04,-3.134339e-06,5.357353e-04,-1.168902e-01,-7.373404e-04,1.098399e+01
1047,4.128781e-18,2.070333e-04,-1.328489e-05,5.295029e-04,1.702647e-02,-5.711631e-02,6.498106e+00
1048,2.431968e-18,2.125005e-04,-1.171970e-05,5.410786e-04,6.279793e-03,-8.988799e-02,3.807334e+00
1049,2.639625e-18,2.164027e-04,-1.876022e-05,5.424709e-04,1.043777e-02,-6.320753e-02,7.948007e-01
1050,1.155025e-17,1.988532e-04,-3.473224e-06,5.176529e-04,7.866167e-01,2.802833e+00,9.945558e+00
1051,6.310485e-18,2.195310e-04,-3.127087e-06,5.204342e-04,1.169468e-01,-1.201851e-02,7.643651e+00
1052,4.039992e-18,2.054749e-04,-1.015360e-05,5.141029e-04,-1.053763e+00,2.072730e-01,9.611780e+00
1053,1.093255e-17,2.084186e-04,-5.461982e-06,5.143630e-04,2.932609e-01,6.726320e-02,6.957480e+00
1054,7.737218e-18,2.004741e-04,-1.030527e-05,5.112617e-04,-1.595197e+00,-7.356286e-01,6.614159e+00
1055,1.457628e-17,2.123442e-04,-9.558497e-06,5.259739e-04,-8.397580e-02,8.070541e-01,6.535242e+00
1056,5.095460e-17,2.026547e-04,2.025865e-07,5.038177e-04,6.090283e-01,-5.188417e-01,5.592540e+00
1057,3.218605e-18,2.140207e-04,-7.072672e-06,5.130842e-04,-2.547785e-01,8.924290e-02,2.925668e+00
1058,2.878757e-18,2.195241e-04,-3.119807e-06,5.098716e-04,-5.204046e-02,-3.051713e-03,3.481719e+00
1059,7.062374e-18,2.117205e-04,-3.115805e-06,5.032346e-04,-2.838052e-02,-6.627162e-02,2.659097e+00
1060,3.068648e-18,2.195354e-04,-3.123028e-06,5.060869e-04,6.162655e-02,1.283237e-01,3.663466e+00
1061,2.742143e-17,1.981940e-04,4.182860e-06,5.203272e-04,8.510696e-01,8.512140e-01,2.347692e+01
1062,1.438655e-16,2.044113e-04,8.161057e-06,5.074423e-04,-1.779434e+00,6.702886e-01,8.716271e+00
1063,3.099777e-17,2.125125e-04,1.316700e-05,5.167809e-04,-4.042800e-01,-8.485564e-01,1.095603e+01
1064,2.405862e-18,2.070243e-04,8.584698e-06,5.227853e-04,-1.317297e-01,6.347337e-01,1.106922e+01
1065,2.843088e-17,2.057372e-04,1.497374e-05,5.235790e-04,-5.382699e-01,1.481590e+00,9.185578e+00
1066,1.423410e-18,2.140653e-04,1.560438e-05,5.096182e-04,2.871666e-01,-1.837756e-01,7.958345e+00
1067,1.372396e-18,2.140606e-04,1.563436e-05,5.042584e-04,-3.849326e-01,1.331489e-01,7.142373e+00
1068,7.056914e-19,2.225373e-04,1.210986e-05,5.259466e-04,1.948086e-01,-3.680167e-01,3.333565e+00
1069,3.236151e-18,2.023560e-04,4.683458e-06,5.174783e-04,4.400381e-01,1.475972e-01,3.995000e+00
1070,2.633906e-18,2.148012e-04,-1.483837e-05,4.789757e-04,-4.855932e-02,7.627249e-01,-2.269930e-01
1071,3.921498e-17,2.119110e-04,-5.644008e-06,4.791058e-04,4.343472e-01,2.189676e+00,1.692420e+00
1072,2.629162e-17,2.217699e-04,1.173265e-05,4.763544e-04,9.193684e-01,1.776387e+00,1.168478e+00
1073,1.450596e-17,2.126144e-04,1.671652e-05,4.812773e-04,1.512184e-01,4.610029e-03,6.293104e+00
1074,2.810607e-18,2.054657e-04,1.717674e-05,4.749768e-04,2.698704e-02,3.006264e-01,4.115925e-01
1075,1.310743e-18,2.124337e-04,-7.720461e-06,4.729255e-04,-6.394946e-01,-1.053529e+00,-9.423197e-01
1076,3.979966e-19,2.105474e-04,1.679731e-05,4.715119e-04,-1.272479e+00,-1.956650e-01,-5.834409e+00
1077,3.444483e-18,2.125055e-04,1.015167e-05,4.742546e-04,4.852784e-01,-1.213472e-01,-1.639599e+00
1078,4.508715e-18,2.257876e-04,1.559725e-05,4.750383e-04,4.095148e-01,2.186172e-01,1.482562e+00
1079,2.752555e-19,2.027344e-04,-3.905718e-07,4.715056e-04,-1.369883e+00,1.344096e+00,-3.625252e+00
1080,4.792021e-19,2.144531e-04,-7.029614e-06,4.902262e-04,6.960028e-02,4.560908e-02,1.099624e+00
1081,1.091145e-16,2.105441e-04,-2.354072e-05,4.962313e-04,-2.317001e-02,-2.490891e-02,6.565235e-01
1082,2.495599e-18,2.156957e-04,-1.650393e-05,4.805836e-04,2.544398e-01,-5.589692e-01,-2.386654e+00
1083,1.253792e-18,2.070390e-04,-1.015732e-05,4.847781e-04,9.720306e-02,3.044945e-02,3.610149e-01
1084,2.178763e-17,2.243551e-04,-1.134962e-05,4.998543e-04,-8.089249e-01,6.123786e-01,1.582447e+00
1085,1.774836e-17,2.196403e-04,-1.494792e-05,4.892748e-04,2.256151e-01,-4.593681e-01,3.717938e+00
1086,2.114208e-17,2.045618e-04,-1.651662e-05,4.842060e-04,-1.246512e+00,-1.261475e-01,2.171969e+00
1087,1.598888e-17,2.016926e-04,-2.922466e-06,4.831704e-04,3.499118e-01,-7.861589e-01,2.550460e+00
1088,4.940565e-17,2.027918e-04,5.157165e-06,4.851437e-04,-1.334694e-01,-7.255272e-01,2.003133e+00
1089,3.444724e-18,2.257497e-04,7.801683e-06,4.859356e-04,-2.171496e-01,8.521288e-01,2.979488e+00
1090,8.220282e-17,2.189334e-04,8.780361e-06,4.895931e-04,-6.784499e-01,-5.277375e-01,4.778356e+00
1091,4.921998e-17,2.218100e-04,1.521281e-05,4.998335e-04,-4.033621e-01,1.001823e+00,2.570309e+00
1092,1.472657e-18,2.125832e-04,1.007738e-05,4.830892e-04,-4.211359e-01,-6.821039e-01,3.166609e+00
1093,7.227176e-18,2.238282e-04,2.340422e-06,4.855462e-04,-1.468721e+00,-1.725731e-01,7.809201e-01
1094,2.681809e-18,2.062150e-04,2.453608e-05,4.833545e-04,-9.791280e-02,1.095478e-01,3.185649e+00
1095,5.212989e-17,2.139454e-04,1.239296e-05,4.979563e-04,5.249030e-01,3.783004e-01,9.639382e+00
1096,3.658223e-18,2.128269e-04,1.018669e-05,4.907127e-04,-5.201174e-01,8.359971e-02,8.838776e+00
1097,4.003066e-17,2.139399e-04,1.764536e-05,4.908485e-04,-9.232687e-02,1.213972e-01,8.695552e+00
1098,3.113827e-18,2.000071e-04,2.348947e-06,4.976537e-04,1.024742e-02,-2.541697e-01,9.275668e+00
1099,1.098329e-17,2.086010e-04,2.128845e-05,4.838146e-04,-5.707633e-01,-1.246895e-01,3.723081e+00
1100,1.277580e-18,2.128905e-04,1.717908e-05,4.875298e-04,5.592507e-01,-6.386564e-01,1.141675e+01
1101,1.510111e-17,2.009173e-04,2.426969e-05,4.883824e-04,-3.369815e-02,2.809345e-02,1.518274e+00
1102,4.565181e-17,2.324147e-04,9.070275e-07,5.327596e-04,7.622505e-01,5.151960e-01,7.579428e+00
1103,1.813448e-16,2.324593e-04,8.332930e-07,5.328436e-04,7.161386e-01,3.773100e-01,7.690245e+00
1104,2.157297e-18,2.496091e-04,7.702722e-07,5.086558e-04,5.569158e-02,6.775896e-01,1.017014e+01
1105,3.197360e-17,2.421708e-04,-4.292215e-06,5.242573e-04,-2.345710e-02,1.708968e+00,1.767598e+01
1106,1.326498e-18,2.496085e-04,8.060485e-07,5.152363e-04,1.663089e-01,-6.073550e-02,1.133643e+01
1107,1.082925e-18,2.412157e-04,-8.790576e-06,5.218548e-04,4.132519e-02,-1.745644e-01,1.761688e+01
1108,2.955076e-18,2.414085e-04,-8.593530e-06,5.168224e-04,-4.714391e-02,8.290552e-02,1.681169e+01
1109,1.586852e-18,2.496086e-04,7.781359e-07,5.220325e-04,4.938264e-02,-2.267615e-01,1.427854e+01
1110,1.042807e-17,2.304660e-04,-1.408224e-05,5.256263e-04,3.644753e-02,-1.793712e-01,1.677848e+01
1111,3.683648e-18,2.382816e-04,-7.796747e-07,5.174513e-04,6.937764e-01,1.888355e+00,7.980174e+00
1112,5.331993e-17,2.384481e-04,-1.203550e-06,5.180762e-04,6.853608e-01,1.282706e+00,7.735071e+00
1113,1.218499e-17,2.320317e-04,-9.270787e-06,5.167054e-04,7.484669e-01,8.255410e-02,1.187900e+01
1114,1.336129e-17,2.294297e-04,-1.309974e-05,5.087421e-04,-3.126850e-01,1.042798e-01,1.019134e+01
1115,2.302543e-18,2.414080e-04,-8.589964e-06,5.046669e-04,6.306459e-03,2.579720e-01,1.152278e+01
1116,3.609199e-17,2.324164e-04,-6.551761e-06,5.073384e-04,6.903929e-01,-2.709568e-01,9.047921e+00
1117,2.380437e-18,2.320284e-04,-5.465808e-06,5.205671e-04,-7.458404e-02,3.654164e-02,8.447671e+00
1118,3.716210e-17,2.310531e-04,3.734951e-07,5.118326e-04,4.187756e-02,8.114334e-01,7.096103e+00
1119,6.743703e-18,2.413938e-04,-8.608182e-06,5.001300e-04,-1.318974e-02,-3.537691e-03,1.009284e+01
1120,1.067808e-17,2.492478e-04,-6.409435e-06,5.069313e-04,-1.084213e-01,-1.250331e-01,6.901442e+00
1121,4.217321e-17,2.491502e-04,-1.061340e-05,5.102090e-04,-4.813626e-01,1.594174e+00,5.134656e+00
1122,1.172277e-18,2.453095e-04,-2.329036e-06,5.102865e-04,2.838032e-02,1.202313e-01,4.298149e+00
1123,5.409392e-18,2.296951e-04,-1.328368e-05,5.049996e-04,-2.285244e-01,8.484255e-01,1.204967e+01
1124,1.049494e-17,2.492511e-04,-1.693679e-05,5.214063e-04,6.044687e-02,-3.101029e-01,1.908411e+00
1125,5.918862e-18,2.328117e-04,-1.016535e-05,5.466616e-04,-8.869345e-02,1.074756e-01,1.906526e+01
1126,3.664601e-17,2.490049e-04,-6.190048e-06,5.477221e-04,2.927826e-01,-8.108428e-01,1.447733e+01
1127,6.948509e-18,2.315667e-04,-1.563565e-05,5.444960e-04,3.665847e-01,2.015254e-01,2.232207e+01
1128,1.728998e-17,2.292150e-04,1.109863e-05,5.466399e-04,-7.753981e-01,4.777549e-01,8.099560e+00
1129,1.215590e-16,2.291924e-04,1.035214e-05,5.463936e-04,-4.163713e-01,3.057130e-01,7.972767e+00
1130,1.387135e-18,2.453164e-04,4.680559e-06,5.492453e-04,1.785505e-02,-9.293242e-02,8.901858e+00
1131,1.054308e-16,2.488241e-04,1.009208e-05,5.241254e-04,4.180253e-01,6.493969e-01,5.754303e+00
1132,7.082090e-17,2.453159e-04,8.917467e-08,5.301208e-04,-1.680473e-01,-1.055968e+00,1.051589e+01
1133,1.358039e-16,2.485141e-04,2.117019e-05,5.236846e-04,-2.701628e-01,3.030581e+00,1.116397e+01
1134,1.762262e-17,2.388895e-04,1.492025e-05,5.306645e-04,-3.626366e-01,4.350487e-01,7.728601e+00
1135,1.843093e-18,2.496101e-04,1.557898e-06,5.391852e-04,9.391130e-02,1.052892e-01,7.514205e+00
1136,1.927603e-18,2.454156e-04,1.557647e-06,5.383051e-04,-2.057267e-01,2.666992e-01,7.151446e+00
1137,1.950676e-17,2.428803e-04,1.547894e-05,5.394082e-04,3.255938e-01,-6.037223e-01,3.711513e+00
1138,7.042695e-18,2.343723e-04,3.905852e-06,5.492457e-04,-1.794198e-01,1.483901e-02,9.709264e+00
1139,2.185611e-18,2.367195e-04,1.328283e-05,5.352925e-04,-1.933458e-02,-1.350895e-02,-2.316146e+00
1140,2.214541e-18,2.414137e-04,1.406171e-05,5.488870e-04,-8.007551e-02,-5.967564e-02,1.359165e+00
1141,4.325571e-18,2.320376e-04,-1.016234e-05,5.313026e-04,4.700767e-02,1.752835e-03,1.606913e+01
1142,1.201921e-17,2.327992e-04,-1.017139e-05,5.373911e-04,2.533076e-01,-1.482563e-02,1.723639e+01
1143,5.296441e-19,2.496058e-04,-1.016192e-05,5.349261e-04,1.928311e-01,1.457950e+00,8.567502e+00
1144,8.529560e-18,2.493208e-04,-6.522665e-06,5.322137e-04,1.203453e-01,-2.081940e-01,8.732359e+00
1145,8.925854e-18,2.393095e-04,-1.768140e-05,5.406825e-04,-3.910956e-01,8.897210e-01,7.891037e+00
1146,6.984702e-18,2.434405e-04,-3.906049e-06,5.290759e-04,1.579389e+00,-2.951360e-01,9.453653e+00
1147,2.214138e-17,2.330068e-04,1.006103e-05,5.014776e-04,-1.822745e+00,-1.761800e+00,2.322390e+01
1148,9.687107e-17,2.301195e-04,1.805990e-05,5.079892e-04,8.548992e-01,2.935999e+00,1.707932e+01
1149,1.846988e-17,2.448461e-04,4.842735e-06,5.120535e-04,1.167916e+00,-1.903864e+00,1.056574e+01
1150,9.197381e-17,2.449891e-04,4.994823e-06,5.120178e-04,1.168354e+00,-1.879553e+00,1.046121e+01
1151,2.062707e-18,2.304485e-04,1.733080e-05,5.029249e-04,-1.762819e-01,3.025896e+00,1.821995e+01
1152,1.282612e-18,2.491582e-04,5.858910e-06,5.068120e-04,1.966447e+00,-2.023049e+00,1.254532e+01
1153,2.560970e-17,2.490742e-04,2.073473e-05,5.070442e-04,5.218357e-02,1.129462e+00,1.073896e+01
1154,1.379877e-18,2.496087e-04,1.248788e-05,5.053184e-04,2.102689e-01,-2.865727e-01,1.045776e+01
1155,4.879033e-18,2.445312e-04,4.688349e-06,5.201743e-04,5.730522e-02,-1.605978e-01,1.005496e+01
1156,3.936904e-18,2.453091e-04,1.412145e-05,5.113197e-04,-3.393732e-02,-4.767150e-01,9.123346e+00
1157,6.454552e-18,2.469916e-04,1.485471e-05,5.186608e-04,2.636764e+00,-6.921721e-01,7.936997e+00
1158,8.191363e-18,2.323408e-04,9.492999e-06,5.119060e-04,7.872956e-02,4.551447e-01,4.475181e+00
1159,2.514609e-17,2.332657e-04,7.719223e-06,5.182573e-04,-7.897206e-02,-4.639510e-01,5.316611e+00
1160,1.153673e-18,2.273407e-04,5.456329e-06,5.140694e-04,-3.033511e-02,2.854144e-02,4.785403e+00
1161,2.417970e-18,2.343700e-04,9.364402e-06,5.062105e-04,1.836549e-02,-1.632997e-01,3.626154e+00
1162,9.912299e-18,2.493016e-04,1.282494e-05,5.169457e-04,-2.984649e-02,1.338343e-01,5.639570e+00
1163,1.079908e-18,2.398451e-04,8.587322e-06,5.224534e-04,3.135546e-02,-1.051812e-01,1.635981e+00
1164,3.352379e-18,1.281222e-04,-1.249581e-05,4.765773e-04,-8.159257e-02,2.086265e-01,3.782936e+00
1165,3.109140e-17,1.226641e-04,-1.245892e-05,4.860644e-04,-1.288904e-01,-1.903937e-01,1.152919e+01
1166,1.342060e-18,1.227036e-04,-1.240598e-05,4.733797e-04,-1.645540e+00,8.722014e-01,-3.002764e+00
1167,1.563319e-16,8.624852e-05,-6.315828e-06,4.943611e-04,-1.402027e+00,1.478863e+00,7.187712e+00
1168,3.047115e-17,1.000001e-04,-1.406817e-05,4.875062e-04,1.748873e+00,-3.811569e-01,1.768566e+00
1169,1.382080e-16,1.000978e-04,-1.375290e-05,4.877463e-04,1.582624e+00,-2.838695e-01,1.812969e+00
1170,4.437997e-17,7.382331e-05,-2.390678e-05,4.953767e-04,2.145249e-02,6.347066e-03,1.250063e+00
1171,1.642392e-17,9.232023e-05,-1.241022e-05,4.823048e-04,-3.302464e+00,-2.387937e-02,3.517473e+00
1172,1.500088e-17,9.700029e-05,-1.223807e-05,5.037485e-04,1.051165e+00,7.313253e-01,1.684033e+00
1173,4.355004e-18,7.968935e-05,-8.590259e-06,4.895147e-04,3.985203e-02,-3.689324e-01,3.675461e+00
1174,2.342750e-18,9.066220e-05,-9.193657e-06,4.854508e-04,-6.009121e-01,3.283642e+00,6.164818e+00
1175,2.766877e-18,9.062743e-05,-1.404736e-05,4.976382e-04,-8.825552e-01,-1.378076e-01,1.078146e+01
1176,3.886214e-17,7.599595e-05,-1.123439e-05,5.012611e-04,7.405585e-01,1.344504e-01,9.495959e+00
1177,3.336750e-18,8.745535e-05,-5.138201e-06,4.884238e-04,-6.841969e-02,1.072565e+00,7.495574e+00
1178,2.004639e-18,9.064007e-05,-1.263930e-05,4.908039e-04,5.214598e-01,3.466487e-01,6.563119e+00
1179,1.240606e-18,8.476539e-05,-1.092745e-05,4.898269e-04,-1.480922e+00,5.523972e-01,8.044531e+00
1180,4.774270e-18,7.576519e-05,-1.092883e-05,4.972208e-04,-3.013260e-01,-6.497650e-01,1.319952e+01
1181,2.408783e-18,7.976251e-05,-1.020337e-05,4.985302e-04,6.869170e-01,-6.267145e-01,4.996840e+00
1182,1.508864e-17,9.421938e-05,-1.576479e-05,4.792140e-04,-3.411618e-01,2.211601e+00,2.493055e+00
1183,3.465417e-18,7.656963e-05,-1.094678e-05,4.882867e-04,2.414990e-01,-5.617391e-02,5.965699e+00
1184,3.770629e-18,8.514559e-05,-3.043156e-06,4.974328e-04,1.967436e-02,-1.825826e-01,1.138314e+00
1185,6.702637e-18,9.530665e-05,-3.124618e-06,4.809057e-04,-7.538809e-01,6.162228e-02,1.426181e+00
1186,3.450326e-18,7.733863e-05,-1.094188e-05,4.796930e-04,7.148265e-02,-2.816047e-01,3.590524e+00
1187,6.443710e-18,8.514859e-05,-3.118391e-06,4.809039e-04,-3.210619e-01,3.260737e-03,1.306263e+00
1188,1.856306e-18,1.218675e-04,-2.019955e-05,4.970755e-04,1.755330e-01,9.760355e-02,-1.492676e+00
1189,3.428246e-17,1.141155e-04,-4.184492e-06,4.806382e-04,-2.959724e+00,1.614489e+00,1.733171e-01
1190,4.094368e-17,1.128862e-04,-9.789133e-06,4.821102e-04,-3.667778e+00,1.789693e+00,2.724719e+00
1191,1.529999e-18,1.099580e-04,-1.830787e-06,4.892086e-04,-9.508013e-01,1.773233e+00,1.113499e+01
1192,1.015185e-18,1.046783e-04,-7.021597e-06,4.910017e-04,-9.577090e-02,3.977176e-01,2.846380e+00
1193,2.794606e-17,1.082283e-04,-2.947125e-06,4.917540e-04,1.040299e-02,3.512695e+00,8.234969e+00
1194,3.651524e-18,1.143589e-04,-6.464377e-06,4.968901e-04,3.066241e-01,4.184746e-02,1.004571e+01
1195,8.255312e-18,1.220119e-04,-1.322341e-05,5.009143e-04,-1.442482e+00,3.610562e-01,2.394188e+01
1196,4.960147e-18,1.140644e-04,-6.252060e-06,4.917695e-04,-8.186034e-01,-8.820407e-02,8.217520e+00
1197,1.945202e-17,9.748608e-07,1.298300e-05,4.706745e-04,-1.797126e-02,1.351874e+00,-5.723914e-01
1198,2.931169e-18,-1.002688e-08,8.605893e-06,4.757158e-04,-1.978613e-01,4.876173e-01,-7.380133e-01
1199,1.777681e-18,5.586832e-06,2.266303e-05,4.759682e-04,1.428473e-02,1.430775e-01,7.651347e-01
1200,5.966603e-18,1.720315e-05,2.200541e-05,4.774677e-04,5.414085e-02,1.333001e+00,7.432421e+00
1201,4.803577e-17,7.630544e-06,1.750693e-05,4.798575e-04,1.108232e-01,1.622926e+00,2.216866e-01
1202,1.916872e-18,8.648034e-06,1.694488e-05,4.694434e-04,7.709150e-01,-1.267719e-01,-6.626043e+00
1203,4.108620e-19,2.734426e-06,1.445372e-05,4.675926e-04,1.288592e+00,4.617936e-01,-1.742836e+00
1204,2.821242e-18,1.953194e-05,5.459513e-06,4.773321e-04,6.414097e-02,1.364118e-01,2.820957e+00
1205,1.944427e-17,5.038576e-07,2.402639e-05,4.957211e-04,3.013805e-01,4.683856e-01,1.742878e+00
1206,9.825457e-17,8.052081e-06,2.403481e-05,4.922227e-04,8.051016e-01,1.731676e+00,5.286773e+00
1207,1.139079e-17,1.640685e-05,7.554225e-06,4.872131e-04,-2.542556e+00,1.883781e+00,4.579511e+00
1208,8.736813e-17,1.609870e-05,7.704198e-06,4.879167e-04,-1.876000e+00,1.308549e+00,4.236101e+00
1209,4.187937e-18,2.227651e-05,4.688955e-06,4.968274e-04,-3.009753e+00,-3.722707e-01,1.244957e+01
1210,6.358000e-18,3.152464e-06,1.367944e-06,4.826939e-04,-1.857383e-01,1.357409e-01,-8.598664e-01
1211,1.429567e-18,2.109235e-05,2.343657e-05,4.925885e-04,4.051563e-01,9.467118e-02,5.147041e-01
1212,2.644415e-17,7.097991e-06,2.200673e-06,4.885760e-04,-9.592713e-01,-1.886202e+00,3.841689e+00
1213,2.200784e-17,1.551454e-05,1.738700e-05,4.975077e-04,-1.031897e+00,2.521481e+00,1.401042e+01
1214,2.008230e-17,2.043456e-05,2.155686e-05,4.827587e-04,2.981856e+00,-1.206580e+00,9.568175e+00
1215,3.032410e-18,2.581780e-05,5.448824e-06,4.898519e-04,1.197837e+00,9.640612e-01,9.680234e+00
1216,9.665043e-19,1.965478e-05,1.934825e-05,4.800927e-04,3.419381e+00,8.731658e-01,9.114531e+00
1217,1.884751e-18,1.322844e-05,2.428141e-05,4.936718e-04,-1.212514e+00,9.016161e-02,4.026166e+00
1218,2.121106e-17,1.546121e-05,3.116571e-06,4.939775e-04,-2.646057e+00,6.447623e-01,1.589816e+00
1219,2.751267e-18,2.109134e-05,1.016199e-05,4.960187e-04,2.109298e-01,-4.432881e-02,2.656470e+00
1220,2.502797e-17,2.409816e-05,2.925634e-05,4.793266e-04,-4.219607e-03,-1.442933e-02,1.165518e+00
1221,7.421643e-19,7.421921e-06,3.789066e-05,4.766160e-04,-3.494848e+00,-2.644561e-01,6.093818e+00
1222,3.012843e-19,7.421927e-06,3.867185e-05,4.754100e-04,-3.891156e+00,-6.790716e-01,4.138098e+00
1223,7.093222e-19,1.601575e-05,2.851561e-05,4.694934e-04,1.767404e+00,3.461035e+00,5.141163e+00
1224,2.676973e-19,1.679672e-05,2.773386e-05,4.707287e-04,-1.518112e+00,6.581769e-01,5.291561e+00
1225,4.980677e-17,1.069176e-05,3.815177e-05,4.880886e-04,-1.981870e+00,2.968105e-01,8.397822e+00
1226,5.289680e-16,-3.555414e-05,-7.757489e-06,5.384664e-04,-2.843989e-01,1.997018e-01,1.225768e+01
1227,6.876735e-17,-4.971966e-05,-3.357292e-06,5.120733e-04,-5.353557e-01,1.317181e+00,8.640174e+00
1228,5.014231e-18,-3.436976e-05,-2.187478e-05,5.398815e-04,-3.015647e-02,-4.646978e-01,1.667624e+01
1229,4.079550e-18,-3.437259e-05,-1.896097e-05,5.329129e-04,4.282708e-03,-2.016016e-01,1.535728e+01
1230,1.030457e-18,-4.294908e-05,-5.450961e-06,5.475999e-04,1.539305e-01,3.016593e-01,1.141807e+01
1231,1.317907e-17,-3.519591e-05,-1.398074e-05,5.297833e-04,-4.239225e-02,-8.648606e-02,1.300573e+01
1232,9.289654e-18,-3.434539e-05,-1.831768e-05,5.270284e-04,1.121248e-01,6.494912e-01,1.561235e+01
1233,5.027811e-18,-4.530827e-05,-9.377449e-06,5.306148e-04,3.415426e-01,7.363737e-01,1.842055e+01
1234,2.453396e-18,-3.743458e-05,-1.468602e-06,5.152519e-04,-9.962187e-01,-1.399748e-01,1.593027e+01
1235,1.224448e-18,-4.219835e-05,-1.795567e-05,5.088721e-04,3.575310e-02,-2.175455e-01,-4.848706e-01
1236,5.888017e-18,-4.721237e-05,-8.568037e-06,5.135830e-04,-9.069682e-02,2.169358e-01,1.258804e+01
1237,1.614740e-16,-2.507059e-05,-9.634718e-06,5.175028e-04,-2.077341e-01,6.626108e-01,7.199212e+00
1238,3.423564e-17,-4.219848e-05,-9.376560e-06,5.082846e-04,-4.352022e-01,5.779030e-01,1.301331e+01
1239,3.579323e-18,-3.440111e-05,-1.792201e-05,5.167335e-04,3.913034e-01,-1.434599e-01,1.055352e+01
1240,2.460355e-17,-4.448910e-05,-1.789210e-05,5.237099e-04,2.329634e+00,6.450588e-01,5.127927e+00
1241,3.430177e-18,-4.930013e-05,-1.544723e-06,5.164987e-04,1.448571e-02,2.441759e-01,6.178671e+00
1242,9.915749e-18,-3.440412e-05,-1.248377e-05,5.156877e-04,1.442628e-01,6.584914e-01,1.067408e+01
1243,2.098674e-18,-3.432911e-05,-1.181622e-05,5.062014e-04,2.928347e-01,-1.146065e-01,8.326971e+00
1244,1.005372e-18,-4.140853e-05,-8.573463e-06,5.186862e-04,1.693923e-01,8.345551e-01,7.117859e+00
1245,3.297801e-18,-3.438108e-05,-1.795626e-05,5.039152e-04,5.241026e-01,7.197564e-01,6.094398e+00
1246,7.494284e-18,-3.203350e-05,-3.085273e-06,5.081328e-04,3.886537e-02,8.639275e-01,6.217843e+00
1247,2.151399e-18,-4.610520e-05,-8.444304e-06,5.085556e-04,-3.320323e-02,7.258634e-02,1.110300e+01
1248,2.667202e-18,-4.843447e-05,-1.172478e-05,5.128834e-04,9.144329e-02,2.018128e-01,1.767712e+00
1249,4.124953e-17,-6.783467e-05,8.078436e-06,5.379615e-04,-7.370647e-01,7.843885e-01,6.450873e+00
1250,1.151326e-16,-5.748516e-05,5.982724e-06,5.126592e-04,4.565697e-01,-4.255315e-01,1.117681e+01
1251,4.705669e-18,-5.858601e-05,9.385280e-06,5.262311e-04,1.200317e+00,3.632510e-02,2.134371e+01
1252,1.107709e-18,-6.171015e-05,-7.862477e-07,5.034179e-04,-2.382803e-01,2.910172e-01,5.316696e+00
1253,1.392656e-17,-6.329738e-05,7.722446e-07,5.147884e-04,-3.263560e+00,-7.626497e-02,2.547630e+00
1254,9.318161e-18,-5.862205e-05,9.456123e-06,5.032482e-04,3.289921e-01,4.231461e-01,8.060633e+00
1255,1.258093e-18,-6.874970e-05,1.716720e-05,5.134082e-04,2.468635e-03,-1.593779e-01,4.221397e+00
1256,1.690661e-17,-6.388801e-05,4.383881e-06,5.183534e-04,4.358331e-01,-3.927633e-01,3.825833e+00
1257,5.995543e-18,-6.874843e-05,9.115222e-06,5.078811e-04,-7.979980e-03,-1.178627e+00,2.273025e+00
1258,2.409876e-17,-7.590771e-05,1.407328e-05,5.285034e-04,2.429726e-01,1.460467e+00,3.810467e+00
1259,5.230899e-17,-5.652036e-05,1.035597e-05,5.416725e-04,1.135151e+00,4.552782e-02,2.613127e+01
1260,1.475397e-16,-6.802022e-05,8.228199e-06,5.380459e-04,-8.618104e-01,6.196914e-01,6.467512e+00
1261,4.892205e-18,-7.109476e-05,-1.575975e-05,5.384071e-04,5.278857e-02,-3.138569e+00,1.439545e+01
1262,6.802293e-18,-7.115960e-05,-1.432406e-05,5.284661e-04,-8.608414e-01,-3.526697e+00,1.368860e+01
1263,4.055447e-18,-7.109478e-05,-1.564174e-06,5.319723e-04,3.041890e-02,-2.868274e-02,5.346230e+00
1264,1.883652e-18,-5.469082e-05,-2.040946e-05,5.496364e-04,-3.124656e-02,4.610525e-01,1.038240e+01
1265,3.670346e-18,-7.111721e-05,-1.537241e-06,5.361258e-04,-1.247732e-01,-1.203871e-01,5.426435e+00
1266,2.243348e-18,-7.108912e-05,-1.565034e-06,5.400997e-04,-2.478646e-04,3.422012e-02,2.377315e+00
1267,2.803110e-18,-5.314024e-05,-9.353771e-06,5.472768e-04,2.835823e-01,5.536207e-01,1.031142e+00
1268,3.964727e-18,-5.883792e-05,9.235372e-06,5.290685e-04,1.884183e+00,1.828468e+00,1.700321e+01
1269,2.853985e-18,-6.651630e-05,1.258710e-05,5.300294e-04,-3.606191e+00,-6.737469e-01,1.228481e+01
1270,2.758356e-18,-7.267082e-05,1.181233e-05,5.359598e-04,-1.583078e-01,1.713673e-01,3.840932e+00
1271,4.443918e-18,-6.874938e-05,1.718407e-05,5.477192e-04,2.516068e-02,-1.458640e-03,7.188887e+00
1272,4.882557e-19,-7.499654e-05,-1.132764e-05,5.042268e-04,-3.958697e-01,-1.404238e+00,1.008386e+00
1273,1.118069e-18,-5.234012e-05,-1.171128e-05,5.194236e-04,1.655098e-01,3.543299e-01,-7.852824e-01
1274,4.058283e-17,-5.917048e-05,-4.709082e-06,5.164892e-04,2.616509e-01,-1.039827e+00,1.127041e+01
1275,2.251152e-18,-5.236890e-05,-1.171699e-05,5.038912e-04,-2.473280e-01,-3.006197e-02,4.496369e-01
1276,4.595827e-18,-7.499520e-05,-1.405902e-05,5.056302e-04,1.402218e-01,9.084900e-01,5.996731e+00
1277,4.461339e-18,-7.499829e-05,-1.796656e-05,5.042603e-04,-6.691154e-02,9.012872e-01,1.601717e+00
1278,5.135861e-18,-9.921350e-05,-1.614620e-09,5.178507e-04,5.026278e-01,-3.654054e-01,1.056706e+01
1279,4.623476e-17,-1.006308e-04,2.007665e-05,5.186326e-04,1.095418e+00,8.494257e-01,1.156255e+01
1280,1.459861e-17,-9.939725e-05,4.294337e-06,5.026414e-04,-3.463376e-01,-1.609702e+00,1.509886e+00
1281,5.282037e-16,-1.025304e-04,-6.476847e-06,5.050561e-04,9.652534e-01,4.693093e-01,7.480826e+00
1282,6.353099e-17,-9.847462e-05,4.083037e-06,5.302653e-04,3.695378e-01,1.037329e+00,1.285361e+01
1283,2.556357e-17,-8.983282e-05,3.924090e-06,5.030787e-04,-1.552920e+00,2.508568e-01,2.251615e+01
1284,1.860752e-17,-9.756989e-05,-2.095328e-05,5.143568e-04,-1.141564e-01,-7.903786e-01,1.979280e+01
1285,1.955146e-17,-8.228586e-05,6.186960e-06,5.060949e-04,-2.782857e-01,-3.319813e+00,1.645182e+01
1286,1.050589e-17,-9.687561e-05,-2.025696e-05,5.070091e-04,-2.404459e-01,6.329172e-02,1.730255e+01
1287,5.292773e-17,-8.733328e-05,-1.152932e-05,5.194326e-04,-7.076784e-02,4.610365e-01,9.862988e+00
1288,3.597318e-17,-7.838761e-05,-1.223363e-05,5.246034e-04,8.490738e-02,5.555186e-01,6.168577e+00
1289,3.755531e-16,-9.203308e-05,-4.671395e-06,5.325406e-04,1.423880e-01,-5.069793e-01,8.814398e+00
1290,1.585882e-17,-8.234171e-05,-1.706418e-05,5.066928e-04,-1.173511e+00,-6.285852e-01,5.337395e+00
1291,6.997554e-19,-8.684968e-05,-4.812336e-06,5.209148e-04,1.725846e-01,1.401681e-01,6.621219e+00
1292,6.558632e-18,-9.145724e-05,-1.406314e-05,5.078544e-04,1.113181e+00,-4.851447e-01,4.328880e+00
1293,2.930630e-18,-9.219217e-05,-1.484788e-05,5.236321e-04,-1.020674e-01,-1.070015e-01,6.057852e+00
1294,4.253464e-18,-7.804981e-05,-1.170073e-05,5.065509e-04,4.925315e-01,2.172356e-02,4.597749e+00
1295,1.305568e-18,-9.133638e-05,-1.804804e-05,5.025873e-04,8.333096e-02,7.195103e-01,2.417969e-01
1296,1.333757e-17,-9.219156e-05,1.614451e-05,5.062579e-04,-1.141765e+00,2.609550e-02,3.079938e+00
1297,1.991525e-17,-8.772026e-05,1.112784e-05,5.205947e-04,-5.907070e-01,-4.348899e-01,1.774555e+01
1298,5.939167e-17,-8.685630e-05,3.134892e-06,5.129317e-04,2.535560e-01,-8.276195e-01,6.031227e+00
1299,1.186939e-18,-8.672178e-05,5.474630e-06,5.276868e-04,6.828614e-03,1.613071e-02,7.211906e+00
1300,1.968544e-17,-8.437789e-05,1.500090e-05,5.211216e-04,-1.547618e-01,-7.782455e-01,2.903194e+00
1301,8.381018e-17,-8.419203e-05,6.666487e-06,5.487770e-04,3.396169e-01,-5.105690e-01,1.351501e+01
1302,3.843807e-17,-8.885838e-05,2.922323e-06,5.420143e-04,1.946316e+00,-2.139406e-01,1.341676e+01
1303,2.920345e-18,-7.812578e-05,2.120263e-09,5.422452e-04,-3.161327e-03,-2.909344e-01,8.188369e+00
1304,8.996709e-17,-8.230125e-05,-9.140663e-06,5.425915e-04,-3.631376e-01,4.472718e-01,7.798322e+00
1305,4.422323e-18,-8.750335e-05,-1.172017e-05,5.462537e-04,-5.092489e-02,-2.665688e-02,1.241175e+01
1306,1.382249e-18,-8.985743e-05,-1.485717e-05,5.484501e-04,-4.719396e-02,-1.228664e-01,1.057180e+01
1307,4.725800e-17,-9.089250e-05,-3.488023e-06,5.458778e-04,1.792911e-01,1.430670e+00,4.113063e+00
1308,4.133051e-18,-8.359312e-05,-4.694055e-06,5.304972e-04,2.881722e-03,-1.465532e-01,3.856490e+00
1309,2.061178e-18,-9.687707e-05,-9.386973e-06,5.423842e-04,-4.921977e-03,4.379654e-02,1.086130e+00
1310,1.406653e-18,-7.969311e-05,-1.797161e-05,5.298997e-04,-1.577666e-02,-3.808653e-02,7.380438e-01
1311,1.059118e-16,-1.101597e-04,1.061972e-05,5.191065e-04,-1.346865e-01,-1.175932e+00,1.004813e+01
1312,4.058020e-17,-1.132092e-04,1.368358e-05,5.062087e-04,1.621458e+00,-3.318614e-02,1.042276e+01
1313,2.911318e-17,-1.121998e-04,4.653286e-06,5.233178e-04,2.605602e-01,-1.524653e+00,2.288636e+01
1314,1.075524e-17,-1.117262e-04,6.879588e-06,5.016129e-04,3.665218e-01,-3.218813e-01,1.257918e+01
1315,1.827814e-18,-1.070016e-04,4.836990e-06,5.161342e-04,2.549770e+00,-8.010558e-01,1.940926e+01
1316,2.725221e-18,-1.124760e-04,7.045605e-06,5.091987e-04,-3.803195e-01,1.241618e+00,1.431469e+01
1317,7.047964e-17,-1.135970e-04,-2.902351e-06,5.243529e-04,-5.942966e-01,1.544909e+00,9.552919e+00
1318,1.025288e-16,-1.093757e-04,1.146479e-06,5.278147e-04,6.894007e-01,-5.840326e-01,7.594433e+00
1319,4.186672e-17,-1.088244e-04,2.223093e-05,5.073108e-04,1.302347e+00,2.014396e+00,9.041623e+00
1320,4.958094e-17,-1.064159e-04,9.441802e-06,5.025445e-04,1.307836e-01,9.862193e-01,8.474248e+00
1321,4.558178e-18,-1.070192e-04,1.639165e-05,5.103059e-04,-5.048063e-02,2.501139e-01,1.120500e+01
1322,5.670200e-18,-1.046887e-04,1.405894e-05,5.038830e-04,1.061830e-01,3.329882e-03,8.446435e+00
1323,3.364408e-17,-1.258795e-04,1.661024e-06,5.144126e-04,9.917974e-01,-9.307542e-01,6.093544e+00
1324,2.351135e-18,-1.054566e-04,2.322260e-06,5.174617e-04,3.481770e-01,-6.473230e-01,2.559457e+00
1325,6.460678e-18,-1.242582e-04,2.190897e-05,5.224954e-04,1.051105e+00,1.004872e+00,4.927001e-01
1326,2.250749e-17,-1.080078e-04,9.569694e-07,5.490798e-04,1.333219e+00,-1.001748e+00,1.155250e+01
1327,3.418535e-17,-1.199884e-04,-1.940555e-06,5.474841e-04,-2.713126e+00,-4.147482e+00,2.651938e+01
1328,4.737131e-17,-1.225047e-04,1.003985e-05,5.415894e-04,-3.459948e-01,-2.971469e-01,8.680777e+00
1329,1.645493e-17,-1.078835e-04,1.452645e-05,5.386692e-04,2.118302e+00,2.224137e+00,9.061044e+00
1330,4.774524e-18,-1.264237e-04,2.357123e-06,5.333646e-04,-4.904086e-02,-8.945563e-03,6.834840e+00
1331,2.132378e-19,-1.246130e-04,3.876953e-07,5.326284e-04,-3.743872e-01,1.726903e-02,6.618635e+00
1332,8.387781e-17,-1.262151e-04,1.434235e-05,5.485719e-04,8.737971e-01,-1.032208e-01,9.736417e+00
1333,6.145184e-18,-1.039114e-04,7.419240e-06,5.334453e-04,-1.582182e-02,3.204940e-01,5.733140e+00
1334,9.337038e-19,-1.078093e-04,1.797143e-05,5.420765e-04,-1.237544e-02,-7.272023e-04,2.235310e+00
1335,3.950901e-18,-2.328179e-04,-1.465106e-05,5.031771e-04,1.609983e-02,6.292752e-01,1.271708e+01
1336,4.458983e-18,-2.304690e-04,-4.685582e-06,5.033646e-04,1.561484e-02,6.461024e-02,7.345803e+00
1337,1.521844e-17,-2.382813e-04,-6.251730e-06,4.859402e-04,5.606622e-01,1.845385e+00,5.537163e+00
1338,2.747119e-18,-2.428779e-04,-1.650920e-05,4.830641e-04,-5.598990e-01,1.316432e-01,-2.280714e+00
1339,2.498765e-18,-2.460877e-04,-1.327693e-05,4.843179e-04,-6.336961e-01,1.449959e+00,2.451401e+00
1340,1.520761e-17,-2.492556e-04,-9.192536e-06,4.967663e-04,-1.693031e-02,-1.082932e-01,3.008534e+00
1341,3.410688e-17,-2.287762e-04,-1.571852e-05,4.913936e-04,-3.544523e+00,2.270401e-01,1.527223e+01
1342,3.224385e-18,-2.460733e-04,-1.406683e-05,4.890678e-04,-5.547863e-01,-4.643089e-01,2.596838e+00
1343,1.256461e-18,-2.452970e-04,-2.032893e-05,4.894733e-04,2.037073e-01,-1.104382e-01,1.878402e+00
1344,7.844609e-19,-2.496089e-04,-7.753622e-07,4.878757e-04,-4.032409e-01,-8.625302e-02,-8.370318e-01
1345,5.787036e-17,-2.391511e-04,2.369044e-06,4.989631e-04,-4.527035e-01,-1.671920e-01,1.438165e+01
1346,2.120104e-17,-2.291958e-04,-1.235028e-05,4.997502e-04,4.740421e-01,-5.996056e-01,1.004927e+01
1347,8.673882e-17,-2.379137e-04,-5.939569e-06,4.859115e-04,6.166690e-01,1.733791e+00,5.707714e+00
1348,5.087662e-18,-2.304685e-04,-4.687440e-06,4.979981e-04,1.821237e-02,-1.539218e-01,9.613353e+00
1349,3.735093e-17,-2.348599e-04,-1.184330e-05,4.877883e-04,-2.884009e+00,1.941190e+00,6.253459e+00
1350,3.344785e-17,-2.432480e-04,-1.108892e-06,4.787649e-04,1.367625e+00,7.686126e-01,6.051728e+00
1351,1.960856e-17,-2.374462e-04,-1.818658e-05,4.795026e-04,1.538116e+00,-7.716445e-01,6.396541e+00
1352,4.387497e-17,-2.355068e-04,-2.400901e-05,4.882541e-04,-1.525473e+00,3.840158e-01,5.716151e+00
1353,3.267544e-17,-2.268970e-04,-8.759302e-06,4.853873e-04,-6.037813e-01,-1.416532e+00,5.109520e+00
1354,5.226192e-18,-2.374999e-04,-1.963676e-06,5.007135e-04,2.634295e-01,5.268903e-02,7.962062e+00
1355,2.446455e-17,-2.319515e-04,-6.625817e-06,4.794151e-04,4.586980e-01,-2.166755e+00,2.833139e+00
1356,4.737774e-18,-2.297101e-04,-1.095140e-05,4.878536e-04,6.403702e-02,5.273606e-01,4.622462e+00
1357,1.581890e-17,-2.288285e-04,-1.570121e-05,4.778441e-04,2.839406e+00,9.155579e-01,3.520711e+00
1358,3.257895e-18,-2.304646e-04,-4.689914e-06,4.874986e-04,1.261002e-01,1.829100e-01,2.830128e+00
1359,2.608051e-17,-2.252479e-04,-1.558868e-05,4.811542e-04,6.524056e-01,-2.213793e+00,6.858075e+00
1360,3.271344e-18,-2.437532e-04,-7.810588e-06,4.945077e-04,-1.365400e-01,3.410181e-01,1.865201e+00
1361,2.726965e-18,-2.329349e-04,-2.272435e-05,4.834318e-04,-2.089704e+00,3.726379e-01,8.607281e+00
1362,4.996878e-18,-2.302314e-04,-2.427545e-05,4.866828e-04,-1.302873e+00,-3.007606e-01,2.058455e+00
1363,1.314741e-18,-2.496096e-04,1.406268e-05,4.829125e-04,-1.561742e-01,-4.127407e-02,-3.000745e-01
1364,6.502980e-17,-2.486563e-04,6.598368e-06,4.874244e-04,-1.690154e-01,-1.044028e+00,1.843248e+00
1365,1.091468e-17,-2.451039e-04,1.501479e-05,4.840779e-04,-3.571279e-01,8.681337e-02,-5.001998e-01
1366,7.623094e-18,-2.257813e-04,2.421926e-05,4.968994e-04,-3.862835e-01,-4.224546e-01,4.471731e+00
1367,4.818918e-17,-2.260809e-04,2.386865e-05,4.970422e-04,-3.384402e-01,-1.081439e-01,5.070551e+00
1368,3.411952e-18,-2.492497e-04,2.460945e-05,4.805213e-04,2.320021e-02,-3.249225e-02,2.839520e+00
1369,1.679811e-16,-2.272122e-04,8.329377e-06,4.964083e-04,5.310114e-01,-8.989026e-01,8.417185e+00
1370,3.640027e-17,-2.333047e-04,1.273129e-05,4.821982e-04,1.372446e+00,-1.939510e+00,8.410187e+00
1371,2.104919e-18,-2.265668e-04,1.034683e-05,4.881856e-04,-1.721288e-01,3.271819e-01,8.703492e+00
1372,7.624825e-18,-2.492187e-04,2.421923e-05,4.906498e-04,-8.281256e-03,-1.642727e-01,1.866412e+00
1373,3.027023e-18,-2.249443e-04,7.820090e-06,4.828250e-04,1.105022e+00,1.974728e-01,5.150847e+00
1374,1.471059e-18,-2.374548e-04,2.356763e-06,4.956607e-04,1.453628e-01,6.169336e-02,1.794625e+01
1375,3.761422e-18,-2.257728e-04,2.346084e-06,4.910388e-04,8.093662e-03,1.512949e-02,5.828990e+00
1376,1.738824e-18,-2.496092e-04,5.478883e-06,4.812608e-04,-1.930624e-02,-7.532442e-01,4.284631e+00
1377,1.500380e-17,-2.279791e-04,1.165761e-05,4.789602e-04,9.719813e-01,-2.565909e+00,2.442494e+00
1378,9.398921e-18,-2.288938e-04,2.456267e-05,4.908890e-04,1.476331e-02,7.384405e-02,5.490892e+00
1379,1.672304e-17,-2.374824e-04,2.297150e-06,4.869998e-04,-2.348560e-01,3.480580e-01,9.805790e+00
1380,2.034487e-17,-2.487334e-04,2.373799e-05,4.905057e-04,-1.031042e-01,-1.380607e-01,1.532877e+00
1381,1.581263e-18,-2.250385e-04,2.460964e-05,4.885127e-04,-6.177205e-01,3.841890e-01,3.284565e+00
1382,5.231659e-19,-2.371093e-04,1.953820e-06,4.796691e-04,1.996910e-01,-1.547161e-01,5.121479e+00
1383,2.491193e-19,-2.363278e-04,1.953058e-06,4.785341e-04,-1.723944e+00,1.532697e+00,3.500630e+00
1384,9.636536e-19,-2.365962e-04,2.734402e-06,4.772421e-04,2.011717e+00,1.402893e+00,2.285189e+00
1385,2.997811e-18,-2.437490e-04,1.564887e-06,4.913244e-04,-6.280238e-02,-4.190420e-02,7.309031e-01
1386,3.061120e-18,-2.304501e-04,2.345991e-06,4.975892e-04,-6.268678e-01,4.332032e-02,2.133689e+00
1387,1.115202e-17,-2.404783e-04,2.427003e-05,4.908473e-04,1.063534e-01,1.882621e-02,1.703918e+00
1388,1.349669e-18,-2.476476e-04,2.460952e-05,4.829092e-04,-4.176169e-02,1.857814e-01,1.594537e+00
1389,7.533224e-18,-2.179684e-04,3.907129e-06,5.030419e-04,-9.890711e-01,-6.498309e-01,4.893009e+00
1390,2.529518e-17,-2.082530e-04,1.159127e-05,5.026496e-04,-7.089742e-01,-9.811443e-02,3.835263e+00
1391,1.202504e-18,-2.015501e-04,3.191139e-06,4.979929e-04,5.764113e-01,3.222892e-01,1.105946e+01
1392,9.368035e-17,-2.172118e-04,2.237200e-06,5.032296e-04,2.413229e-01,1.214943e-01,6.173198e+00
1393,5.633793e-18,-2.175772e-04,1.492384e-05,4.775628e-04,2.100523e+00,-3.664550e-01,7.330906e+00
1394,4.217015e-18,-2.187964e-04,9.376485e-06,4.943782e-04,1.281807e-01,-2.883849e-01,5.257196e+00
1395,5.986147e-18,-2.195325e-04,-3.190142e-09,4.909394e-04,7.731825e-02,-6.282048e-02,1.786653e+00
1396,6.117800e-19,-2.015838e-04,1.953776e-06,4.870999e-04,-1.733114e-01,8.790600e-01,7.123542e+00
1397,2.040081e-18,-2.015058e-04,2.411515e-06,4.829152e-04,1.137092e-01,8.531162e-02,3.122121e+00
1398,3.298298e-18,-2.226415e-04,9.385210e-06,4.804879e-04,-8.112166e-01,-4.615933e-02,2.573663e+00
1399,3.199959e-17,-2.024953e-04,-1.239595e-05,5.047289e-04,-1.653925e+00,-2.216612e-01,4.562792e+00
1400,3.492888e-18,-2.031245e-04,-4.691114e-06,4.890445e-04,6.285786e-02,1.301011e-01,-5.862178e-01
1401,1.229872e-18,-2.117176e-04,-5.471824e-06,4.933356e-04,-1.354109e-02,-8.404458e-02,1.435680e+00
1402,2.637169e-17,-2.054608e-04,-8.567781e-06,5.013817e-04,-3.477733e-01,6.230861e-01,5.337981e+00
1403,5.076224e-18,-2.173136e-04,-1.016226e-05,4.933750e-04,-3.790143e-01,-1.606074e-01,3.207203e+00
1404,2.932079e-18,-2.196010e-04,-8.512735e-06,4.899828e-04,2.988319e-01,-7.064714e-02,2.140863e+00
1405,1.629409e-18,-2.108470e-04,-6.907165e-06,4.771124e-04,3.024967e-01,1.200579e+00,-2.006834e+00
1406,2.132754e-18,-2.147903e-04,-1.333476e-05,4.928960e-04,-4.027914e-02,2.989943e-02,6.726198e-01
1407,3.013641e-18,9.374018e-05,7.815051e-07,4.758401e-04,-4.571421e-02,-3.358148e-02,-1.076648e+00
1408,6.341927e-19,9.335905e-05,-1.445344e-05,4.766487e-04,-1.246050e+00,2.965914e-01,4.532306e+00
1409,3.446794e-19,9.257705e-05,-1.367294e-05,4.746366e-04,-2.013822e+00,2.964288e+00,-1.202402e+00
1410,1.866420e-18,1.170566e-04,1.299006e-05,4.747716e-04,1.027940e+00,8.536980e-01,-4.535410e+00
1411,2.822541e-17,1.509674e-04,5.268179e-06,4.761583e-04,7.075960e-02,-6.515650e-01,-4.647471e-01
1412,1.450616e-18,1.444545e-04,1.196496e-05,4.750948e-04,2.235406e+00,-3.302711e+00,-1.822480e+00
1413,1.483912e-17,-1.358244e-05,2.041091e-05,4.751635e-04,5.295107e-01,-6.005981e-01,1.485319e+00
1414,1.735631e-18,-1.865250e-05,1.225428e-05,4.741376e-04,-1.549719e+00,6.161706e-02,6.761607e-01
1415,1.755339e-17,-1.442139e-05,1.312556e-05,4.740481e-04,-1.522886e+00,-3.154393e+00,1.976726e+00
1416,2.998331e-19,-1.757926e-05,1.289139e-05,4.691623e-04,-3.937298e+00,-3.020674e+00,-1.795091e+00
1417,9.898543e-19,-1.857821e-05,1.392304e-05,4.777493e-04,-1.854687e-01,5.660085e-01,3.935052e+00
1418,2.860566e-17,-5.129025e-05,-5.152786e-07,4.866357e-04,9.268443e-01,3.755687e+00,4.268012e+00
1419,7.143218e-17,-4.369634e-05,1.243270e-05,4.917150e-04,-5.654275e-01,1.481046e-01,3.849282e+00
1420,2.366633e-17,-4.691111e-05,1.876840e-06,4.791989e-04,2.514166e+00,-2.547155e+00,1.663104e+00
1421,5.033788e-18,-4.217837e-05,1.172674e-05,4.817273e-04,-1.659305e-01,-1.037360e+00,2.110336e+00
1422,2.209927e-18,-4.526337e-05,8.657367e-06,4.860563e-04,4.072777e-01,4.084094e-01,2.007919e+00
1423,9.766644e-19,-3.515968e-05,1.484027e-05,4.886844e-04,-1.246834e-02,9.673574e-02,1.908201e-01
1424,2.887323e-18,-3.359103e-05,1.564612e-06,4.906284e-04,-4.622501e-01,-1.404013e-01,1.380025e+00
1425,4.134115e-18,-3.047074e-05,8.596537e-06,4.856222e-04,-1.835671e-01,1.015444e-02,-1.506863e+00
1426,4.242745e-18,-3.437496e-05,7.032554e-06,4.973250e-04,9.996648e-03,-5.836387e-02,7.130693e+00
1427,5.230960e-18,-2.504535e-05,1.406893e-05,4.841869e-04,-7.442064e-01,7.481835e-02,2.829585e+00
1428,2.589928e-17,-3.456459e-05,2.405668e-05,4.830971e-04,2.374918e-02,8.363832e-02,1.220756e+00
1429,2.949750e-18,-4.609900e-05,-3.117366e-06,4.766452e-04,-2.866542e-02,1.221718e+00,-8.523788e-01
1430,3.107572e-17,-4.435336e-05,-1.148120e-05,4.780371e-04,-1.304891e+00,9.672037e-01,1.821739e+00
1431,7.819917e-19,-4.211393e-05,-8.984426e-06,4.761932e-04,-7.957014e-01,-5.144639e-01,2.146384e+00
1432,8.108118e-19,-5.039057e-05,-1.757866e-05,4.711515e-04,1.868151e+00,5.109727e-02,-4.017972e+00
1433,3.264869e-18,-4.139652e-05,-1.562660e-06,4.773295e-04,8.341482e-01,2.102525e-02,2.508117e+00
1434,1.142145e-16,-2.212733e-04,4.872868e-06,5.283832e-04,1.839852e+00,-2.061280e-01,1.677430e+01
1435,9.840020e-17,-2.142084e-04,9.110857e-06,5.257166e-04,8.770507e-01,1.859879e-01,4.685468e+00
1436,2.213040e-16,-2.142941e-04,9.183962e-06,5.258334e-04,8.701102e-01,1.411895e-01,4.700970e+00
1437,4.148662e-17,-2.134785e-04,1.169897e-05,5.089884e-04,1.699577e-01,4.047970e+00,2.868349e+01
1438,9.138468e-17,-2.486227e-04,7.087720e-06,5.384855e-04,4.375111e-02,6.374805e-01,8.576211e+00
1439,8.509332e-17,-2.068085e-04,4.154624e-06,5.199876e-04,4.969941e-01,-1.433725e-01,1.111363e+01
1440,4.351663e-17,-2.075095e-04,1.117893e-05,5.185071e-04,-3.989720e-01,-1.102457e+00,6.482770e+00
1441,5.224223e-17,-2.193132e-04,1.588368e-05,5.178725e-04,7.609854e-01,1.066142e+00,8.341274e+00
1442,9.814049e-18,-2.242196e-04,2.457491e-06,5.126460e-04,1.243047e-01,4.152308e-03,1.061214e+01
1443,4.191552e-18,-2.230400e-04,8.523876e-06,5.246712e-04,3.469065e+00,4.276068e-01,9.940113e+00
1444,2.317932e-18,-2.210714e-04,9.374832e-06,5.061576e-04,-2.713269e-01,-6.232497e-02,8.050141e+00
1445,1.132311e-18,-2.225960e-04,2.345975e-06,5.087492e-04,-6.778880e-01,-3.891300e-01,7.765199e+00
1446,1.309893e-17,-2.263594e-04,1.212353e-05,5.065049e-04,8.025584e-02,-2.865030e-01,8.453485e+00
1447,2.166525e-18,-2.496074e-04,2.344713e-05,5.468929e-04,-9.652893e-02,2.736706e-02,8.320953e+00
1448,9.867402e-18,-2.492723e-04,1.512971e-05,5.387225e-04,-2.734600e-02,4.786758e-01,8.543986e+00
1449,4.116139e-18,-2.492729e-04,-7.775354e-07,5.490310e-04,-5.988676e-01,4.015545e-02,7.267160e+00
1450,5.340319e-18,-2.309940e-04,2.350232e-06,5.399528e-04,-7.037949e-01,1.623317e-02,5.598744e+00
1451,1.929316e-17,-2.377593e-04,1.946843e-05,5.322913e-04,-3.266571e-01,1.255789e+00,5.405271e+00
1452,1.772109e-18,-2.282249e-04,1.485582e-05,5.422773e-04,2.496924e-01,1.140679e-01,5.596363e-01
1453,4.764940e-19,-2.132784e-04,-1.757233e-05,5.134238e-04,-7.012393e-02,3.237804e-01,1.618126e+00
1454,5.438162e-19,-2.050816e-04,-1.325187e-05,5.057655e-04,1.037768e+00,6.902242e-01,1.465208e+00
1455,4.289003e-17,-2.242456e-04,-1.089168e-05,5.069342e-04,8.917353e-01,5.611132e-01,8.866719e+00
1456,9.548065e-19,-2.242256e-04,-8.595017e-06,5.224097e-04,1.191159e-01,-3.176714e-02,6.508028e+00
1457,1.070451e-17,-2.179563e-04,-1.015594e-05,5.139390e-04,6.486330e-01,2.374968e-02,7.058277e+00
1458,1.994603e-18,-2.039067e-04,-2.341561e-06,5.182427e-04,3.505939e-02,1.080316e-02,4.395173e+00
1459,2.269471e-17,-2.030689e-04,-1.757850e-05,5.191205e-04,-5.647052e-02,5.635936e-01,4.999519e+00
1460,6.888276e-19,-2.201849e-04,-9.162437e-07,5.276518e-04,1.063418e-01,-4.784163e-02,4.998307e+00
1461,3.821660e-17,-2.216975e-04,-2.785626e-06,5.200795e-04,1.059170e+00,9.086020e-01,3.471840e+00
1462,1.089354e-17,-2.053728e-04,-1.414107e-05,5.114630e-04,2.210217e-01,2.037548e-01,3.216045e+00
1463,4.860219e-18,-2.187558e-04,-1.016036e-05,5.262398e-04,-2.398721e-01,-3.301020e-02,9.579643e+00
1464,1.235906e-18,-2.109329e-04,-8.570022e-06,5.209389e-04,-1.546255e-02,5.510739e-02,3.006732e+00
1465,5.831725e-17,-2.304214e-04,-5.292658e-06,5.250555e-04,1.054832e-01,1.780940e-01,1.454136e+01
1466,4.284227e-17,-2.371447e-04,8.942191e-06,5.186188e-04,-3.162172e+00,-1.105299e+00,1.092032e+01
1467,1.229098e-17,-2.469895e-04,2.185795e-05,5.161748e-04,-1.606818e+00,-6.527455e-02,2.579666e+00
1468,2.973784e-18,-2.281261e-04,1.488104e-05,5.183022e-04,5.789193e-02,-1.534271e-01,1.051584e+00
1469,6.440596e-18,-2.315044e-04,7.206619e-06,5.133824e-04,-1.324483e+00,-7.817000e-01,1.117416e+01
1470,1.457146e-18,-2.437506e-04,1.950471e-05,5.081407e-04,-6.969097e-02,-7.628879e-01,4.581943e+00
1471,9.211340e-18,-2.433196e-04,2.433150e-07,5.146941e-04,5.894607e-01,5.117823e-01,3.410352e-01
1472,6.025556e-17,-2.486476e-04,-1.682958e-05,5.484955e-04,-2.559228e-01,-9.601311e-01,1.289118e+01
1473,2.389749e-17,-2.489437e-04,-1.991677e-05,5.446305e-04,-3.699259e+00,-9.927797e-01,2.725841e+01
1474,3.760612e-17,-2.272205e-04,-3.843787e-06,5.415379e-04,2.225181e+00,-1.274196e-01,1.591163e+01
1475,3.422699e-17,-2.288738e-04,-8.505631e-06,5.363472e-04,-7.467074e-01,2.139706e-01,1.425961e+01
1476,2.484595e-16,-2.396226e-04,-1.262723e-05,5.265676e-04,-2.137512e+00,7.938196e-02,1.162242e+01
1477,9.028444e-19,-2.343712e-04,-3.123118e-06,5.434110e-04,2.426857e-02,4.031970e-02,1.091655e+01
1478,1.484146e-18,-2.496077e-04,-7.814827e-06,5.465799e-04,-1.847296e-01,-8.240808e-04,9.481660e+00
1479,1.985917e-17,-2.491776e-04,-7.560035e-06,5.283824e-04,-4.221020e-02,2.006723e-01,1.033307e+01
1480,5.109690e-17,-2.367536e-04,-5.698445e-06,5.289048e-04,5.250244e-01,5.136709e-01,5.505704e+00
1481,7.378962e-18,-2.393974e-04,-3.897506e-06,5.461445e-04,-2.434053e+00,-5.117096e-02,5.674050e+00
1482,7.480280e-18,-2.257557e-04,-1.799632e-05,5.337416e-04,1.082593e-02,2.156289e-02,3.183044e+00
1483,3.543940e-18,-2.390645e-04,-1.328253e-05,5.464126e-04,-6.004961e-02,2.428299e-01,2.367851e+00
1484,1.828706e-17,-2.346879e-04,-1.495095e-05,5.121612e-04,-1.814226e-01,8.470696e-01,1.675885e+01
1485,3.410674e-18,-2.312466e-04,-1.170155e-05,5.152951e-04,2.215628e-02,7.012833e-01,1.384319e+01
1486,1.402223e-17,-2.478758e-04,-8.055379e-06,5.142179e-04,-7.039194e-01,1.329233e+00,8.943482e+00
1487,4.819259e-18,-2.304686e-04,-4.684646e-06,5.140520e-04,-8.139048e-02,2.293769e-01,1.257588e+01
1488,8.596176e-18,-2.394357e-04,-8.822412e-06,5.134237e-04,-4.014098e-01,-6.193833e-01,7.030925e+00
1489,9.569683e-18,-2.492823e-04,-2.395839e-05,5.123545e-04,-7.811706e-01,-1.078818e+01,7.532392e+00
1490,4.756725e-18,-2.382824e-04,-1.560744e-06,5.094620e-04,-5.904510e-02,3.786245e-01,9.679208e+00
1491,3.524169e-18,-2.368758e-04,-2.324013e-06,5.152977e-04,9.741298e-01,4.353451e-01,5.919612e+00
1492,2.818599e-18,-2.304678e-04,-4.689616e-06,5.092067e-04,4.006646e-02,8.158444e-02,9.589182e+00
1493,8.727462e-18,-2.312431e-04,-1.171194e-05,5.092326e-04,-3.286931e-01,1.055092e-01,1.227855e+01
1494,3.468303e-17,2.401628e-05,2.018619e-04,4.882132e-04,3.231858e-02,-8.582174e-03,1.122807e+00
1495,8.802227e-17,1.060264e-05,1.857476e-04,5.034590e-04,2.500426e+00,2.567868e+00,1.684719e+01
1496,5.644006e-19,9.767169e-06,2.003905e-04,4.805346e-04,-7.825871e-02,8.706164e-01,3.542156e-01
1497,6.716016e-17,6.589132e-06,1.891166e-04,4.889048e-04,-1.359663e+00,3.663690e-01,9.177811e+00
1498,1.173991e-17,1.364672e-05,1.946553e-04,4.952633e-04,-1.865930e-01,-9.884716e-01,3.955175e+00
1499,1.204258e-16,1.767162e-06,1.944499e-04,5.025730e-04,-9.187477e-01,-1.887950e+00,1.189929e+01
1500,2.282060e-18,7.816190e-06,1.773348e-04,4.898433e-04,2.552667e-02,1.149978e-01,3.047649e-01
1501,2.714174e-17,3.154593e-06,1.845339e-04,4.954852e-04,1.556080e+00,-1.015057e+00,7.199229e+00
1502,4.168779e-17,1.250120e-06,1.988724e-04,4.928852e-04,-1.766445e+00,1.856366e+00,9.576526e+00
1503,2.115984e-17,-1.138265e-07,1.829826e-04,4.927279e-04,3.551680e+00,-7.615842e-01,3.842220e+00
1504,3.442310e-18,1.558210e-06,1.789111e-04,4.976234e-04,-2.018793e-01,4.934815e-01,8.731885e+00
1505,3.487562e-18,3.907474e-06,1.968628e-04,4.796931e-04,-6.033317e-01,4.282851e-01,4.100624e+00
1506,2.072527e-18,2.460947e-05,1.851124e-04,4.907871e-04,4.647038e-02,4.015111e-02,1.881026e+00
1507,3.744755e-18,8.759809e-10,2.002611e-04,4.862404e-04,-2.864676e+00,1.709956e+00,7.903962e+00
1508,2.865310e-19,3.909015e-07,1.957033e-04,4.816463e-04,-1.470347e-01,1.389235e+00,6.049705e+00
1509,7.825730e-18,-8.268959e-07,1.961002e-04,4.867135e-04,4.328945e-01,-5.457838e-01,7.656379e+00
1510,1.064022e-18,-7.753238e-07,1.867098e-04,4.870935e-04,-1.748327e-01,-3.345818e-01,2.777784e+00
1511,2.917432e-17,6.900264e-06,1.507310e-04,4.804787e-04,-1.202029e+00,4.710525e-01,4.781734e+00
1512,2.300372e-17,1.152887e-05,1.639794e-04,4.861345e-04,-6.364483e-01,1.379624e+00,8.183069e-01
1513,1.082655e-18,3.901456e-06,1.617195e-04,4.832080e-04,4.372562e-02,-2.941739e-02,-3.633899e-01
1514,3.968632e-18,2.460943e-05,1.585866e-04,4.834123e-04,2.040505e-02,-1.232728e-02,3.177293e+00
1515,2.409730e-17,2.465608e-06,1.507910e-04,4.843677e-04,1.022492e+00,-1.153885e-01,7.486837e+00
1516,1.916805e-16,-3.181798e-06,1.743330e-04,4.917052e-04,-2.670533e-01,3.025590e-01,6.184820e+00
1517,2.538677e-18,1.477996e-05,1.671485e-04,4.889423e-04,-3.890095e-02,7.450233e-01,2.879871e+00
1518,1.987035e-18,5.529692e-06,1.663332e-04,4.774342e-04,2.551545e-01,-1.400613e-01,-1.611040e+00
1519,2.784587e-18,2.446826e-05,1.695366e-04,4.871610e-04,1.607291e-01,-4.699239e-03,2.153243e+00
1520,2.615406e-19,1.172171e-06,1.496092e-04,4.800900e-04,-1.886444e+00,-1.230062e-01,6.614333e+00
1521,2.600074e-19,1.172009e-06,1.503906e-04,4.785332e-04,5.129693e-01,-6.733349e-01,3.775381e+00
1522,2.492566e-19,3.907545e-07,1.496094e-04,4.793108e-04,5.269935e-02,8.725102e-01,5.036571e+00
1523,4.819667e-18,-2.660667e-09,1.710766e-04,4.831571e-04,5.251149e-01,-1.488107e+00,4.812296e+00
1524,3.665363e-18,1.563039e-05,1.687466e-04,4.976549e-04,6.029578e-01,-1.390013e+00,1.268780e+00
1525,1.118551e-17,1.067913e-05,1.388011e-04,5.115117e-04,-6.663454e-01,-3.607983e-01,9.094968e+00
1526,8.438639e-17,1.066401e-05,1.386538e-04,5.113249e-04,-8.472140e-01,-4.249087e-01,8.961564e+00
1527,8.473682e-17,1.799125e-06,1.425760e-04,5.265434e-04,-1.512528e-01,2.945223e-01,5.612274e+00
1528,5.269262e-17,-2.334170e-06,1.480185e-04,5.227718e-04,1.384597e+00,-3.353331e-01,7.037968e+00
1529,4.264056e-16,-1.431747e-06,1.254005e-04,5.254562e-04,5.477563e-01,-8.086343e-02,7.897359e+00
1530,5.753808e-16,-1.628382e-06,1.258145e-04,5.259104e-04,5.945424e-01,-8.090825e-01,8.245608e+00
1531,7.377526e-18,7.031103e-06,1.476582e-04,5.121931e-04,-1.251482e-01,-1.151132e+00,5.650501e+00
1532,2.723256e-17,1.830473e-07,1.494338e-04,5.119975e-04,-8.196962e-01,-3.392052e+00,8.155472e+00
1533,7.636794e-17,6.901928e-06,1.476617e-04,5.125274e-04,-1.676083e-01,-1.330522e+00,5.441951e+00
1534,2.055516e-18,3.899715e-06,1.335966e-04,5.243171e-04,1.101864e-02,-6.628827e-02,4.486175e+00
1535,3.032037e-18,6.252152e-06,1.265603e-04,5.151991e-04,6.720083e-01,-1.295859e-01,3.708827e+00
1536,3.133145e-17,1.038489e-06,1.463919e-04,4.856625e-04,6.062068e-01,9.662360e-01,1.787969e+00
1537,2.265793e-18,1.015364e-05,1.421951e-04,4.828774e-04,-7.703906e-02,-5.265856e-02,-3.664092e-01
1538,1.340824e-17,1.767218e-05,1.439131e-04,4.795712e-04,5.357463e-01,-2.010025e+00,7.280829e-01
1539,1.540809e-17,1.823375e-05,1.319931e-04,4.847538e-04,2.381105e-01,-1.092112e+00,2.323629e+00
1540,7.245738e-19,2.460968e-05,1.329395e-04,5.001583e-04,-9.800436e-03,-1.432207e-01,3.393006e+00
1541,1.144269e-17,2.421883e-05,1.361979e-04,4.862240e-04,-4.859318e-01,-5.554212e-01,2.801916e+00
1542,5.660064e-17,2.389337e-05,1.360369e-04,4.863535e-04,-4.326660e-01,-5.047218e-01,2.509041e+00
1543,9.813979e-19,1.562326e-05,1.406220e-04,5.019396e-04,-5.037290e-02,-7.503289e-02,3.871827e+00
1544,2.158099e-17,1.267615e-05,1.343227e-04,4.853632e-04,-5.332147e-03,8.344719e-01,5.353376e+00
1545,3.429859e-18,1.321883e-05,1.398280e-04,4.933831e-04,-2.713371e-01,4.497252e-01,4.265334e+00
1546,4.083983e-18,1.093005e-05,1.421818e-04,4.987951e-04,-2.946316e-01,-6.343074e-03,5.350150e+00
1547,2.380046e-18,1.555839e-05,1.287368e-04,4.911128e-04,-1.930627e+00,-2.603989e+00,1.316539e+01
1548,3.997603e-18,6.278344e-06,1.265855e-04,4.945741e-04,-3.754011e-01,5.144165e-01,2.259520e+00
1549,2.779788e-18,1.561606e-05,1.406303e-04,4.913374e-04,-5.251042e-01,-1.829226e-01,3.432775e+00
1550,1.975190e-17,8.136994e-06,1.433136e-04,4.756100e-04,-3.210270e+00,-8.027070e-01,-8.821516e-01
1551,2.885532e-19,1.171853e-06,1.496094e-04,4.777537e-04,-1.587554e+00,-8.616132e-01,2.159707e+00
1552,5.439910e-18,2.721822e-06,1.414089e-04,4.960551e-04,-2.569459e-01,-1.225671e+00,8.144901e-02
1553,1.141317e-17,2.426141e-05,1.368600e-04,5.001374e-04,-1.250447e-02,-1.433660e-02,1.720187e+00
1554,2.870351e-18,2.460955e-05,1.437489e-04,4.898711e-04,-1.906930e-02,-2.312995e-02,2.188827e+00
1555,7.166027e-17,2.405640e-07,1.735190e-04,5.215278e-04,4.951790e-01,-4.811026e-01,1.245168e+01
1556,3.070693e-17,3.956676e-06,1.967453e-04,5.180103e-04,-2.327438e-01,3.350432e-01,1.596930e+01
1557,2.471526e-17,1.578554e-05,1.883823e-04,5.060390e-04,9.811002e-01,6.278992e-01,2.141586e+00
1558,4.743864e-18,3.125684e-06,1.851592e-04,5.268703e-04,1.003451e-01,2.657716e-01,1.014351e+01
1559,4.310737e-18,1.563467e-06,1.773575e-04,5.079189e-04,1.096470e-01,5.057735e-01,9.288450e+00
1560,1.524564e-17,1.287603e-05,1.814098e-04,5.115178e-04,7.679513e-01,-6.733243e-01,6.094402e+00
1561,2.238355e-17,1.238987e-05,1.786045e-04,5.091641e-04,-7.225531e-01,3.716111e+00,8.447492e+00
1562,4.432422e-18,3.130980e-06,1.851565e-04,5.096583e-04,-3.932966e-02,-3.160784e-02,6.728972e+00
1563,4.563582e-18,1.876235e-05,1.750014e-04,5.225750e-04,6.308748e-01,-2.254843e-02,4.794505e+00
1564,2.953722e-18,3.129830e-06,1.914029e-04,5.122241e-04,-7.893716e-01,5.691263e-02,4.578893e+00
1565,6.269192e-18,1.226887e-05,1.945228e-04,5.126984e-04,-1.311267e+00,1.169030e+00,3.907966e+00
1566,3.143308e-19,4.296329e-06,1.957030e-04,5.118048e-04,-2.773431e+00,-8.452312e-01,1.307353e+01
1567,3.638174e-18,1.491312e-05,1.718641e-04,5.154951e-04,-1.112217e+00,-3.493119e-01,8.716162e-01
1568,2.964340e-17,-1.387816e-07,1.640579e-04,5.107437e-04,7.311613e-01,8.951087e-03,9.469125e+00
1569,1.282443e-17,3.843100e-07,1.531402e-04,5.255759e-04,3.111559e-01,2.961757e-02,7.431882e+00
1570,2.171440e-17,1.156291e-05,1.561577e-04,5.233352e-04,-1.876528e-01,-3.368068e-01,5.485869e+00
1571,2.176048e-18,3.898790e-06,1.617194e-04,5.189944e-04,8.861356e-02,-1.666892e-01,3.276044e+00
1572,8.346290e-18,1.245192e-05,1.585862e-04,5.080084e-04,-2.213708e-01,-1.149750e-01,3.103735e+00
1573,4.474120e-18,-1.791834e-04,-6.967462e-06,5.425685e-04,-3.015955e+00,-1.413170e+00,2.133147e+01
1574,3.062508e-18,-1.765910e-04,-6.249880e-06,5.308785e-04,-2.483483e+00,-5.106269e-01,1.914912e+01
1575,3.665375e-17,-1.799276e-04,-2.582045e-06,5.310972e-04,1.158379e+00,-1.484999e+00,8.111055e+00
1576,9.940713e-17,-1.723654e-04,-1.168795e-05,5.317443e-04,-3.610120e-01,-1.777251e-01,5.210902e+00
1577,3.844446e-18,-1.992372e-04,-5.449557e-06,5.413780e-04,8.820936e-01,5.180089e-02,6.396710e+00
1578,1.859955e-17,-1.905537e-04,-1.146591e-05,5.366720e-04,2.849017e-01,-1.085794e-01,5.163646e+00
1579,5.317271e-18,-1.968624e-04,-4.705792e-06,5.461356e-04,-1.053202e-01,-1.191136e-02,6.069519e+00
1580,2.608153e-18,-1.851533e-04,9.356546e-09,5.421952e-04,-3.228758e-03,-6.038058e-02,4.926820e+00
1581,1.507179e-18,-1.806140e-04,-3.776095e-06,5.429840e-04,-8.498251e-01,7.554579e-01,1.159679e+00
1582,2.713409e-18,-1.906329e-04,-1.250480e-05,5.424324e-04,2.042240e-01,-3.543000e-01,3.114790e+00
1583,2.327068e-17,-1.962736e-04,2.340567e-05,5.478458e-04,7.313062e-01,3.991563e+00,7.185054e+00
1584,1.625140e-17,-1.808844e-04,1.789976e-05,5.328602e-04,-1.892201e+00,1.712526e-02,6.609606e+00
1585,3.334428e-17,-1.797958e-04,1.254983e-05,5.319166e-04,-4.560747e-01,2.867147e-01,3.678633e+00
1586,1.066475e-18,-1.929578e-04,2.265708e-05,5.356318e-04,4.642779e-02,-4.785182e-02,2.222163e-01
1587,2.774668e-18,-1.874959e-04,1.327808e-05,5.466431e-04,1.173224e-02,-4.898685e-02,7.596981e-01
1588,2.310983e-17,-1.524595e-04,1.825011e-05,5.250060e-04,-3.334304e-01,9.679366e-01,5.317982e+00
1589,3.255395e-17,-1.539958e-04,1.712678e-06,5.315685e-04,-3.537813e-01,1.288414e+00,3.424317e+00
1590,3.253268e-17,-1.677511e-04,1.444068e-05,5.308143e-04,-8.402773e-01,1.499232e+00,3.272666e+00
1591,4.603562e-18,-1.570314e-04,1.719126e-05,5.305650e-04,1.389321e-01,-7.794616e-02,6.208554e+00
1592,1.897017e-17,-1.693123e-04,1.613605e-05,5.388112e-04,-1.181212e-01,-7.446625e-01,3.242594e+00
1593,2.311295e-18,-1.570174e-04,1.405986e-05,5.480320e-04,6.517940e-02,-8.690416e-02,2.814549e+00
1594,1.179543e-18,-1.523494e-04,1.564032e-05,5.370610e-04,4.131994e-01,-1.337354e-01,6.684632e-01
1595,1.215526e-16,-1.643434e-04,1.448189e-05,5.170034e-04,2.552006e-01,-2.811557e-02,3.122420e+00
1596,2.674202e-18,-1.695250e-04,-7.781651e-07,5.106262e-04,2.295770e-01,2.707847e-02,2.595133e+00
1597,3.339655e-17,-1.560770e-04,1.119813e-05,5.222573e-04,8.748936e-01,7.953969e-01,6.789163e+00
1598,7.660222e-18,-1.507852e-04,9.064175e-06,5.137855e-04,7.886105e-01,-1.347062e+00,4.000602e+00
1599,5.517926e-18,-1.695145e-04,2.324197e-06,5.252588e-04,4.305776e-02,-3.741748e-02,2.013613e+00
1600,8.132457e-18,-1.712363e-04,1.357877e-05,5.224117e-04,-3.331900e-01,3.166795e-01,9.691802e-01
1601,3.620093e-17,-1.666946e-04,-1.126266e-05,5.110176e-04,4.448158e-01,1.582857e-01,1.912825e+01
1602,1.346806e-16,-1.625619e-04,-1.461385e-05,5.134197e-04,-9.287057e-01,-3.131826e+00,7.383660e+00
1603,4.798282e-18,-1.718744e-04,-1.750954e-05,5.213558e-04,-6.832470e-02,-2.647031e+00,1.212993e+01
1604,1.383022e-18,-1.711199e-04,-7.014917e-06,5.209025e-04,5.222091e-01,7.501574e-01,1.449685e+01
1605,1.670212e-17,-1.699763e-04,-1.861553e-05,5.269707e-04,2.391434e+00,-1.608965e+00,6.783909e+00
1606,7.187290e-18,-1.655237e-04,-1.919623e-05,5.050677e-04,-3.547423e+00,-5.528708e-01,9.268119e+00
1607,2.520991e-18,-1.578044e-04,-1.483470e-05,5.251231e-04,-1.029810e-01,-2.990611e-01,7.008646e+00
1608,2.094088e-18,-1.601557e-04,-5.460691e-06,5.212964e-04,-1.827466e-01,1.448926e-01,3.202116e+00
1609,2.342769e-18,-1.718531e-04,-2.338944e-05,5.323691e-04,1.190582e-01,-2.653147e+00,1.179034e+01
1610,1.055606e-17,-1.676574e-04,-2.247416e-05,5.458015e-04,5.582312e-02,1.202365e-01,7.130568e+00
1611,4.812439e-18,-1.625033e-04,-7.811308e-06,5.384336e-04,-3.335249e-02,-7.269512e-04,3.828950e+00
1612,2.749306e-16,-2.164719e-04,-7.686371e-06,5.438115e-04,8.091806e-01,-4.321317e-01,1.144887e+01
1613,1.074446e-16,-2.099437e-04,6.048624e-06,5.411248e-04,-9.372534e-01,-1.236880e+00,8.378047e+00
1614,4.401824e-18,-2.187439e-04,-1.015911e-05,5.312649e-04,5.652952e-02,1.221021e-01,9.588014e+00
1615,7.177995e-18,-2.085994e-04,-9.372684e-06,5.343112e-04,-1.316018e-02,4.535467e-01,7.498112e+00
1616,3.197325e-17,-2.026874e-04,1.245379e-05,5.347376e-04,8.115466e-01,5.025599e-01,8.998997e+00
1617,1.836179e-18,-2.225818e-04,9.437701e-06,5.465613e-04,-1.538191e-01,7.475185e-02,1.577092e+00
1618,1.717880e-17,2.491939e-04,-1.079292e-05,4.766215e-04,1.120452e-01,1.949902e-01,2.110789e+00
1619,1.166140e-17,2.413879e-04,-1.760505e-05,4.766613e-04,-1.544179e+00,-4.869330e-01,8.361885e-01
1620,4.275265e-17,2.456021e-04,4.328840e-06,4.779985e-04,1.297044e+00,1.428848e+00,-6.843541e-04
1621,2.460053e-18,2.370152e-04,7.872050e-06,4.767433e-04,1.137551e+00,5.099800e-01,6.470400e+00
1622,3.120352e-17,2.363967e-04,9.666249e-06,4.819716e-04,2.330259e-01,2.995277e+00,8.184259e+00
1623,2.390670e-19,2.300771e-04,1.445228e-05,4.785368e-04,7.661933e-02,6.659341e-01,9.986653e+00
1624,1.253874e-17,2.341838e-04,1.257105e-05,4.831733e-04,5.653970e-01,-1.579998e-01,1.090974e+01
1625,6.677921e-17,2.285168e-04,1.239038e-05,4.876104e-04,-8.106845e-01,3.714258e-02,9.840430e+00
1626,9.078542e-19,2.295679e-04,1.210929e-05,4.720854e-04,5.778584e-01,-3.400130e+00,-1.183990e+00
1627,5.214958e-19,2.277339e-04,5.487532e-06,4.761936e-04,1.200963e+00,-1.124724e+00,3.463751e+00
1628,2.384545e-19,2.300780e-04,1.367210e-05,4.769771e-04,-1.869153e-01,-3.335526e-01,7.177067e+00
1629,3.075955e-19,2.269533e-04,1.210942e-05,4.730705e-04,1.938268e+00,-1.132084e+00,2.289628e+00
1630,2.434127e-18,2.496091e-04,-2.186546e-05,4.918766e-04,1.037258e-01,1.389528e-01,-2.640301e+00
1631,1.186909e-18,2.320243e-04,-3.158726e-06,4.871055e-04,-2.231966e-01,1.389622e-01,6.728103e-01
1632,7.278219e-19,2.332031e-04,-2.109318e-05,4.941617e-04,2.451562e+00,-5.631398e-01,1.089103e+01
1633,1.937389e-17,2.327559e-04,-2.423847e-05,5.002210e-04,1.467338e+00,1.545125e-01,6.634582e+00
1634,1.402957e-18,2.496093e-04,-8.652843e-06,4.921949e-04,1.575468e-01,8.875989e-01,5.387055e+00
1635,8.702476e-18,2.307921e-04,-1.953166e-05,4.851008e-04,1.845302e+00,-3.816214e-01,6.371073e+00
1636,1.475514e-18,2.296947e-04,-1.249636e-05,4.917971e-04,3.556133e-03,2.357149e-01,5.238382e+00
1637,4.938253e-18,2.406231e-04,-8.595578e-06,4.831447e-04,-7.225306e-02,3.848583e-02,3.889748e+00
1638,3.485868e-18,2.453130e-04,-2.342934e-06,4.952688e-04,6.983711e-02,6.044707e-01,2.567728e+00
1639,1.243839e-17,2.490697e-04,-2.410152e-05,4.888115e-04,-9.750007e-03,-7.710464e-04,1.965511e+00
1640,1.112364e-17,2.412686e-04,-8.605460e-06,4.925090e-04,4.236640e-01,3.570930e-01,7.406162e+00
1641,2.490318e-18,2.429795e-04,-5.468827e-06,4.859030e-04,2.422916e-01,5.479009e-02,2.539107e+00
1642,5.163377e-18,2.296863e-04,-1.284959e-05,4.859422e-04,-4.434935e-02,-4.923233e-02,2.602031e+00
1643,1.968197e-18,2.496094e-04,7.793067e-07,4.964074e-04,9.167384e-02,1.525540e-02,5.210131e+00
1644,2.609556e-18,2.496095e-04,7.825580e-07,4.925359e-04,4.251463e-02,-1.105646e-01,5.526825e+00
1645,3.322231e-18,2.496094e-04,7.820306e-07,4.859717e-04,-2.098270e-01,-4.655227e-02,3.971998e+00
1646,2.148551e-17,2.487032e-04,2.224227e-05,4.808536e-04,2.666578e+00,1.599906e+00,1.930131e+00
1647,1.879969e-18,2.496094e-04,1.719014e-05,4.801157e-04,1.533587e-01,4.304829e-02,2.182378e+00
1648,2.815750e-17,2.341236e-04,2.595909e-06,4.945016e-04,-4.463021e-01,4.251881e-02,1.895630e+00
1649,3.464325e-18,2.466588e-04,7.235113e-06,5.016514e-04,2.384214e+00,-2.765468e+00,1.133421e+01
1650,5.240664e-18,2.351782e-04,1.249192e-05,4.926167e-04,1.171493e+00,-1.061267e+00,1.772355e+01
1651,2.982878e-17,2.296901e-04,1.623335e-05,4.846814e-04,6.246495e-01,4.669487e-01,1.092249e+01
1652,2.013264e-18,2.279840e-04,1.308794e-05,4.968611e-04,1.467127e+00,1.703875e+00,7.865588e+00
1653,3.980550e-18,2.496095e-04,1.711156e-05,4.984771e-04,2.329873e-02,1.548285e-01,9.562364e+00
1654,6.187650e-18,2.479094e-04,1.327597e-05,4.888109e-04,2.399063e+00,-3.665656e-01,6.065204e+00
1655,1.521284e-18,2.281020e-04,9.371262e-06,4.949063e-04,-4.985214e-01,7.748246e-01,8.334074e+00
1656,2.557072e-18,2.265861e-04,1.564509e-05,4.897964e-04,3.876312e-01,1.489808e-01,7.648083e+00
1657,2.313833e-18,2.280145e-04,8.555047e-06,4.859874e-04,-8.349487e-01,5.164878e-01,4.422043e+00
1658,2.815119e-18,2.453089e-04,1.326196e-05,4.906679e-04,-3.917779e-01,2.397329e-01,2.220275e+00
1659,4.642229e-18,2.421940e-04,8.591564e-06,4.895827e-04,3.972841e-01,-1.537460e-01,3.956831e+00
1660,1.607546e-18,2.496091e-04,1.016426e-05,4.867186e-04,6.788926e-02,2.002976e-03,3.368798e+00
1661,5.652488e-19,2.496094e-04,7.059972e-06,4.800948e-04,7.236504e-02,4.928380e-01,4.571952e+00
1662,5.297530e-18,2.281372e-04,7.901321e-06,4.809269e-04,-2.591196e-01,7.512627e-01,3.457305e+00
1663,6.221442e-18,2.414591e-04,2.436970e-05,4.986285e-04,-4.672683e-02,1.911719e-01,1.903753e+00
1664,2.782486e-19,8.203399e-06,-6.289062e-05,4.746315e-04,-1.709246e+00,-8.028525e-01,5.747761e+00
1665,2.893048e-18,7.012352e-06,-6.318862e-05,4.722658e-04,-3.074393e+00,-2.026838e+00,2.316799e-01
1666,1.254526e-18,1.013152e-05,-5.585965e-05,4.708289e-04,1.182637e+00,-1.375429e+00,1.689849e+00
1667,3.556915e-19,1.054667e-05,-5.507880e-05,4.691669e-04,1.164036e+00,-9.214000e-01,2.144799e+00
1668,2.422454e-19,-1.132757e-05,-6.601518e-05,4.722879e-04,-4.016746e-01,-8.348903e-01,1.800758e+00
1669,2.119438e-18,-1.187952e-05,-6.514350e-05,4.736962e-04,8.527289e-01,-6.100332e-01,-5.329865e-01
1670,1.383769e-18,-1.042971e-04,2.390820e-09,4.951786e-04,3.305939e+00,-6.872625e-02,1.064860e+01
1671,1.949622e-18,-1.006630e-04,-5.590378e-06,4.800932e-04,2.356195e-01,-3.676637e-01,1.313606e+00
1672,7.814529e-17,-1.169663e-04,-1.152347e-05,5.010732e-04,1.524142e+00,-2.427935e+00,1.125111e+01
1673,6.368948e-18,-1.023423e-04,-5.692276e-06,4.862190e-04,-1.529056e-01,2.921746e-01,2.899487e+00
1674,5.253037e-17,-1.059879e-04,-7.701178e-06,4.936835e-04,7.241551e-01,1.136155e+00,8.958051e+00
1675,1.285781e-17,-1.071801e-04,-9.621180e-06,5.026027e-04,-5.822893e-01,2.624659e-01,1.429330e+01
1676,5.382260e-19,-1.042961e-04,2.152885e-08,4.925395e-04,3.630201e+00,6.881844e-01,9.744690e+00
1677,1.700411e-17,-1.064461e-04,-2.029724e-05,4.870839e-04,-3.375573e+00,-1.527570e-01,1.178876e+01
1678,7.854214e-18,-1.202751e-04,1.429956e-09,5.005077e-04,-1.350518e-01,-6.379891e-02,6.486976e+00
1679,3.426736e-18,-1.194766e-04,-1.089775e-05,4.868587e-04,1.881597e-01,7.883301e-01,2.922733e+00
1680,5.142699e-19,-1.058592e-04,2.580075e-09,4.878692e-04,2.539870e+00,7.091745e-02,6.283429e+00
1681,2.805949e-19,-1.050783e-04,3.904538e-07,4.894269e-04,2.906351e+00,-1.343639e+00,7.206870e+00
1682,2.329188e-18,-1.045816e-04,-2.038542e-05,4.824044e-04,-3.290797e+00,3.104206e-01,1.216954e+01
1683,5.165036e-18,-1.234348e-04,-1.559731e-06,4.933003e-04,2.764619e-01,2.040882e-02,1.915773e+00
1684,2.264818e-18,-1.101501e-04,-1.328428e-05,4.883032e-04,7.742527e-01,7.558099e-02,2.738887e+00
1685,1.390312e-18,-1.086700e-04,7.186010e-08,4.815084e-04,1.442107e+00,1.702874e-01,-6.843605e-01
1686,8.884322e-19,-1.035157e-04,-3.389149e-09,5.003159e-04,4.214029e+00,2.810861e-02,1.746925e+01
1687,3.039529e-18,-1.226696e-04,1.407164e-05,4.967999e-04,-9.611386e-03,-1.462146e-01,-5.299342e-01
1688,9.138453e-18,-1.117360e-04,2.942615e-06,4.900801e-04,2.199999e-03,-3.142968e+00,3.957637e+00
1689,1.160175e-18,-1.133036e-04,1.796506e-05,4.824456e-04,6.205649e-02,-1.728673e-01,3.280068e+00
1690,2.952399e-17,-1.090637e-04,1.780105e-05,4.953343e-04,-1.821717e+00,5.871551e-01,1.446852e+01
1691,4.742233e-18,-1.090659e-04,1.559365e-06,4.991533e-04,1.306986e+00,-3.475242e+00,1.035107e+01
1692,4.252688e-18,-1.179782e-04,1.327348e-05,4.988313e-04,-1.400583e-01,-2.260661e-01,1.072821e+01
1693,4.465636e-18,-1.093553e-04,1.408116e-05,4.931760e-04,-1.337013e+00,-2.964575e-01,5.892362e+00
1694,1.188650e-18,-1.070073e-04,1.636717e-05,5.011624e-04,5.141250e-01,-5.311216e-01,8.389737e+00
1695,2.604729e-18,-1.046897e-04,1.405930e-05,4.944763e-04,2.541210e-01,6.766237e-02,7.441950e+00
1696,3.746855e-18,-1.070495e-04,5.474235e-06,4.894752e-04,1.299109e-01,-5.338698e-02,5.857920e+00
1697,5.039190e-18,-1.046876e-04,1.406624e-05,4.871817e-04,-8.907049e-03,6.808646e-02,4.542590e+00
1698,4.064146e-18,-1.067484e-04,1.790235e-05,4.860227e-04,1.666974e+00,-3.308609e-01,1.177193e+01
1699,7.540392e-17,-7.699440e-05,4.401391e-06,4.793557e-04,-7.766922e-01,2.681185e+00,-2.630449e-01
1700,1.145398e-18,-9.843175e-05,-1.249229e-05,4.995897e-04,-4.250177e-01,-2.667927e-01,-1.020415e+00
1701,5.005390e-19,-8.750376e-05,-1.132782e-05,4.980306e-04,-8.358315e-02,1.724313e-01,5.000502e+00
1702,2.991538e-18,-8.749778e-05,-5.479313e-06,4.936834e-04,1.832307e-01,4.996425e-01,2.052028e+00
1703,1.193824e-18,-7.500359e-05,-1.407177e-05,4.832185e-04,3.218931e-03,1.038716e-01,-4.603927e-02
1704,2.672814e-17,-8.769297e-05,-8.412642e-06,4.877645e-04,-4.611308e+00,-1.312290e-01,1.110615e+01
1705,1.081142e-17,-9.607816e-05,-1.956165e-05,4.938851e-04,-5.030195e-02,-1.100118e+00,1.080413e+01
1706,2.292631e-17,-9.603910e-05,-1.503108e-05,4.891117e-04,2.540903e+00,-1.378493e+00,6.383927e+00
1707,5.537885e-18,-9.692635e-05,-1.680932e-05,4.943477e-04,-2.237990e-01,-2.124230e+00,7.887670e+00
1708,1.778795e-17,-8.710377e-05,-2.426396e-05,4.955143e-04,-8.459369e-01,2.884392e-01,3.553147e+00
1709,4.070065e-18,-8.535690e-05,-7.625033e-06,4.819043e-04,-2.659014e+00,1.864760e-01,8.920197e+00
1710,2.191166e-18,-8.048164e-05,-1.952184e-05,4.867407e-04,-1.906802e-01,1.750605e-01,1.990005e+00
1711,2.917971e-19,-8.320243e-05,-7.422575e-06,4.785343e-04,1.854885e+00,5.321552e-01,5.544146e+00
1712,3.103350e-19,-8.398361e-05,-7.421497e-06,4.793142e-04,-8.160684e-01,-7.826237e-01,5.702598e+00
1713,6.609043e-18,-8.288239e-05,-5.946788e-06,4.754595e-04,-2.617932e-02,1.160492e+00,2.349232e+00
1714,1.407522e-18,-8.749419e-05,-2.286976e-06,4.816477e-04,-4.123625e-01,2.589578e-01,7.828407e-01
1715,2.060276e-17,-8.482365e-05,-5.936484e-07,4.764861e-04,-3.304690e-01,6.753999e-01,5.651264e-01
1716,1.339973e-18,-9.601936e-05,-1.945369e-05,4.783986e-04,-5.366929e-01,-3.816476e-01,3.084179e+00
1717,7.545835e-19,-9.595554e-05,-1.967475e-05,4.879120e-04,2.553940e-01,-1.939726e-01,9.068288e+00
1718,1.748618e-18,-9.620377e-05,-1.954190e-05,4.857995e-04,-8.151514e-02,2.941496e-01,7.811729e+00
1719,9.844184e-18,-9.311355e-05,1.454723e-05,4.855190e-04,5.917444e-01,1.068318e+00,-2.988967e+00
1720,1.293924e-17,-8.027824e-05,1.416708e-05,4.910070e-04,-2.355578e-01,-5.744072e-01,3.141975e+00
1721,2.037587e-17,-8.592802e-05,2.413680e-05,4.978063e-04,-9.381950e-03,1.317297e-02,1.439977e+00
1722,4.884388e-19,-7.617196e-05,1.289085e-05,4.781515e-04,2.584569e-01,-7.095762e-01,-2.112038e+00
1723,4.784902e-18,-8.288496e-05,1.170415e-05,4.917496e-04,4.834144e-02,-8.710228e-02,8.399132e+00
1724,8.132435e-19,-8.682265e-05,1.156444e-05,4.988036e-04,-1.000982e-01,-1.451119e-02,6.518278e+00
1725,5.340539e-17,-9.403486e-05,2.058150e-05,4.946743e-04,1.926521e+00,3.128144e-01,5.056702e+00
1726,2.591232e-17,-8.348800e-05,7.470541e-06,4.807034e-04,2.176135e-01,4.382518e-01,6.157081e+00
1727,3.815814e-18,-8.671753e-05,1.171889e-05,4.917793e-04,-1.403722e-01,3.829766e-02,6.294232e+00
1728,2.719272e-18,-9.217619e-05,2.179378e-06,4.995583e-04,-2.479895e-01,1.155948e+00,4.623225e+00
1729,6.357920e-18,-8.670550e-05,1.124257e-05,4.807078e-04,-2.841835e-01,-1.005788e+00,1.864580e+00
1730,4.571106e-18,-8.826708e-05,7.381268e-06,4.991655e-04,-1.280399e+00,-2.047269e+00,5.392868e+00
1731,7.423465e-18,-8.279664e-05,1.225091e-05,4.862480e-04,1.383972e-01,2.636276e-02,8.897141e+00
1732,3.282099e-18,-9.765683e-05,4.686276e-06,4.975934e-04,-3.745609e-02,-1.216011e-02,3.371569e+00
1733,7.085202e-18,-7.352820e-05,1.396460e-05,4.975774e-04,2.496886e+00,8.025894e-01,1.975883e+00
1734,2.755311e-17,-9.360974e-05,2.405893e-05,4.855719e-04,-3.210344e-01,8.848204e-02,1.877012e+00
1735,1.268160e-17,1.590635e-05,2.409179e-04,4.793684e-04,-4.258724e-01,2.675558e-01,1.204993e+00
1736,2.410388e-19,1.679766e-05,2.292975e-04,4.785365e-04,-3.882207e-01,-6.270402e-01,8.579448e+00
1737,1.604169e-18,1.615236e-05,2.291641e-04,4.765946e-04,-6.419876e-01,-1.376355e+00,3.456141e+00
1738,1.943318e-17,1.742636e-06,2.400053e-04,4.773355e-04,6.704943e-01,2.752029e-01,8.651737e-01
1739,2.287824e-17,2.421899e-05,2.320314e-04,4.984621e-04,-1.785431e-01,6.421677e-02,1.729822e+00
1740,6.061670e-17,2.351763e-05,2.321236e-04,4.985269e-04,-2.679416e-01,1.806288e-01,1.276697e+00
1741,6.485432e-17,4.850297e-06,2.296196e-04,4.889864e-04,-1.727228e+00,-4.620026e-01,5.593647e+00
1742,4.549976e-17,6.092754e-06,2.363310e-04,4.905779e-04,-4.345473e-01,-8.174761e-01,4.371590e+00
1743,4.669388e-18,1.250586e-05,2.265496e-04,4.979709e-04,6.259132e-01,3.973226e-01,5.739529e-01
1744,1.298458e-16,1.080108e-05,2.317282e-04,4.962044e-04,-8.707502e-01,-1.474298e+00,1.200943e+01
1745,6.409116e-19,1.562808e-05,2.496099e-04,5.019406e-04,-2.072488e-01,3.443645e-01,7.558850e+00
1746,2.007416e-17,1.623943e-05,2.454605e-04,4.964206e-04,-5.223655e-01,-2.240088e-01,6.130386e+00
1747,2.838006e-17,1.776484e-05,2.295070e-04,4.816654e-04,-4.649164e-02,2.350784e-01,5.597058e+00
1748,6.076541e-19,8.985092e-06,2.316409e-04,4.828042e-04,-9.738079e-01,6.207441e-02,4.738111e+00
1749,4.563388e-18,1.016783e-05,2.359414e-04,4.879027e-04,7.366462e-02,5.288220e-01,9.792113e+00
1750,2.693149e-18,1.555676e-06,2.328368e-04,4.836687e-04,-7.898585e-01,3.616694e-01,3.793134e+00
1751,2.464832e-19,8.984530e-06,2.316409e-04,4.800985e-04,1.715275e-02,1.448858e+00,2.386272e+00
1752,2.169614e-18,1.100053e-05,2.320904e-04,4.868457e-04,-1.254378e+00,-5.222788e-02,8.680790e+00
1753,1.584423e-18,1.132919e-05,2.332034e-04,4.843941e-04,-6.924317e-01,1.258327e+00,4.712795e+00
1754,2.757982e-18,5.488330e-06,2.273352e-04,4.797066e-04,-9.375657e-01,-2.229133e+00,2.341052e+00
1755,2.566922e-19,9.766788e-06,2.316410e-04,4.847767e-04,-1.859592e-01,2.120673e-01,6.884948e+00
1756,2.517411e-18,5.474598e-06,2.382868e-04,4.812205e-04,3.508483e-01,7.032772e-01,2.868699e+00
1757,1.043044e-16,-1.376447e-05,2.428277e-04,4.980638e-04,-9.264959e-02,5.126908e-01,6.482816e+00
1758,3.954965e-17,-2.785130e-06,2.282271e-04,4.921688e-04,-2.873676e+00,-1.299004e+00,4.969400e+00
1759,1.123466e-17,-5.461422e-06,2.468882e-04,4.961772e-04,7.065050e-03,-3.465464e-02,1.398770e+00
1760,4.530865e-17,-2.393347e-05,2.422237e-04,4.957589e-04,-2.184741e-02,-5.406314e-02,9.982476e-01
1761,8.196167e-18,-1.646005e-05,2.360691e-04,4.887981e-04,-6.882012e-01,5.184794e-01,1.648108e+00
1762,2.858881e-18,-1.783800e-05,2.496094e-04,5.011558e-04,2.289653e-01,1.240926e-01,1.041339e+01
1763,4.152171e-17,-1.209142e-05,2.286249e-04,4.964038e-04,1.248985e+00,1.695491e-01,1.171862e+01
1764,3.368913e-17,-1.266309e-05,2.372532e-04,4.950023e-04,-1.967408e+00,3.745241e-02,7.753541e+00
1765,2.242096e-17,-6.372211e-06,2.300678e-04,4.842826e-04,2.058359e-01,4.894774e-01,8.332982e+00
1766,5.446307e-18,-9.909511e-06,2.375065e-04,4.916541e-04,-1.628140e+00,2.576180e-01,9.910610e+00
1767,5.217858e-18,-1.657349e-05,2.496094e-04,4.943557e-04,2.043977e-01,-8.155587e-02,8.025562e+00
1768,1.554281e-17,-1.253468e-05,2.423280e-04,4.892951e-04,-7.247946e-02,-3.679168e-01,7.369393e+00
1769,2.560497e-18,-1.567191e-06,2.265687e-04,4.858792e-04,-8.775196e-02,2.158611e-02,5.501689e+00
1770,1.886820e-18,-2.100394e-06,2.329275e-04,4.869913e-04,-1.009645e+00,-2.716513e-01,5.342245e+00
1771,7.907054e-19,-1.335217e-05,2.339842e-04,4.941396e-04,9.306077e-01,1.462889e+00,3.139213e+00
1772,1.376419e-18,-1.412652e-05,2.280957e-04,4.933587e-04,-1.748546e-01,1.337476e-01,1.499842e+01
1773,2.383371e-19,-1.367788e-05,2.277350e-04,4.910161e-04,-1.086315e+00,6.180030e-01,1.184889e+01
1774,1.694470e-17,-1.411148e-05,2.281250e-04,4.836263e-04,3.039567e-01,7.020074e-02,6.354985e+00
1775,3.217686e-18,-1.640456e-05,2.496096e-04,4.898080e-04,-1.594900e-01,2.549379e-02,9.555518e+00
1776,5.103710e-19,-4.670693e-06,2.496095e-04,4.941095e-04,9.113946e-02,1.238785e-01,2.418059e+00
1777,6.635719e-19,-1.643020e-05,2.496092e-04,4.824409e-04,1.302306e+00,4.726733e-02,3.858092e+00
1778,9.106156e-18,-2.422496e-05,2.491587e-04,4.916244e-04,4.731713e-02,3.056015e-02,1.744311e+00
1779,1.409671e-17,-1.176780e-05,2.451636e-04,4.764378e-04,-9.245229e-01,-9.919683e-01,2.627556e+00
1780,1.272470e-17,-1.506341e-05,2.332455e-04,4.756630e-04,-6.718445e-01,-1.642220e+00,9.621874e-01
1781,1.155843e-17,-1.361989e-05,2.493258e-04,4.748902e-04,-2.084256e+00,-5.249330e-01,-1.789966e-01
1782,9.742188e-19,-2.486447e-06,2.365903e-04,4.769740e-04,-1.710483e-01,-3.373939e-01,2.071906e+00
1783,2.962090e-19,1.523543e-05,2.292974e-04,4.746371e-04,-2.911009e+00,-3.860732e-02,-1.617039e+00
1784,3.133644e-16,1.930678e-04,5.925667e-06,4.957456e-04,2.795924e-01,-5.242629e-01,8.842185e+00
1785,8.505157e-18,1.813563e-04,1.064067e-05,4.802514e-04,5.540438e-01,-1.075385e+00,-4.120932e-01
1786,2.106888e-17,1.891542e-04,1.383742e-05,5.045099e-04,-1.986449e+00,-7.516306e-01,4.037160e+00
1787,1.343347e-18,1.859357e-04,-3.858369e-09,4.808675e-04,6.964700e-03,3.286545e-02,-5.636728e-01
1788,4.139546e-18,1.789582e-04,7.850405e-06,4.808159e-04,-8.026605e-03,-5.452510e-01,-1.351692e+00
1789,7.750778e-19,1.772218e-04,1.394320e-05,4.894534e-04,3.031978e-01,3.762084e-01,4.025563e+00
1790,3.907333e-18,1.890366e-04,8.781514e-06,4.858292e-04,-1.460662e+00,-6.947805e-01,8.830754e+00
1791,5.842306e-18,1.929750e-04,1.641724e-05,4.843906e-04,1.925587e-02,-8.389447e-02,5.349432e+00
1792,2.071176e-18,1.812529e-04,5.467349e-06,4.929517e-04,1.231226e-01,3.429587e-01,1.227245e+00
1793,2.512100e-18,1.898057e-04,8.411038e-06,4.908903e-04,-1.093820e+00,-5.534187e-01,1.185937e+01
1794,2.191167e-17,1.782597e-04,1.792150e-05,4.907248e-04,-8.142950e-02,1.199118e+00,2.668979e+00
1795,1.440631e-18,1.898070e-04,5.079456e-06,4.890717e-04,-2.763289e-01,-5.569566e-01,1.013817e+01
1796,1.961764e-18,1.897541e-04,5.975051e-06,4.830815e-04,6.925512e-01,8.631766e-01,5.214059e+00
1797,3.321609e-18,1.954272e-04,2.272091e-06,4.895023e-04,2.770204e-01,2.927715e-01,1.391783e+01
1798,1.735400e-18,1.898309e-04,9.983043e-06,4.773360e-04,-7.507061e-01,-1.236794e+00,1.093666e+00
1799,4.577487e-18,1.953083e-04,2.341407e-06,4.808452e-04,-6.566396e-03,-3.849641e-02,4.364559e+00
1800,2.045546e-18,1.897867e-04,5.655299e-06,4.770733e-04,-1.256779e-01,-1.003977e+00,-2.285123e+00
1801,1.625211e-18,1.976798e-04,1.563132e-05,4.785382e-04,1.079046e+00,3.915904e-01,1.661788e+00
1802,7.887087e-18,1.820747e-04,2.431975e-05,4.855197e-04,-9.442835e-04,1.551666e-01,1.639265e+00
1803,3.989533e-17,1.888478e-04,7.320898e-06,4.650154e-04,1.448623e-01,5.006456e-01,5.753572e-02
1804,1.833326e-17,1.737134e-04,1.711487e-05,4.761167e-04,7.348803e-01,3.554446e+00,-1.562205e+00
1805,4.628177e-19,1.800780e-04,6.640530e-06,4.730706e-04,-1.831526e+00,-2.116793e+00,1.850233e+00
1806,3.018814e-17,1.883299e-04,-1.024492e-05,4.760755e-04,3.441971e+00,5.699381e-01,-2.901814e+00
1807,2.400177e-19,1.777348e-04,-6.640523e-06,4.785349e-04,-2.050349e+00,9.007478e-03,4.898806e+00
1808,5.128300e-19,1.769531e-04,-6.640720e-06,4.757963e-04,2.882091e-01,4.543706e-01,4.728125e-01
1809,5.147332e-19,1.777343e-04,-5.859450e-06,4.757816e-04,9.306217e-01,-1.511615e+00,6.131238e-01
1810,1.407909e-18,1.773590e-04,-6.027002e-06,4.729101e-04,-2.437235e-01,4.879107e-01,-2.493286e+00
1811,7.596807e-18,1.773435e-04,-3.906722e-06,5.014994e-04,7.580026e-01,4.814625e-01,5.330202e+00
1812,5.705102e-17,1.772870e-04,-4.154420e-06,5.013531e-04,2.187565e-01,5.072233e-01,4.909486e+00
1813,5.005130e-18,1.914025e-04,-1.172312e-05,5.046520e-04,-1.442220e-03,1.353189e-01,2.639890e+00
1814,9.002149e-18,1.907769e-04,-1.517606e-06,4.920480e-04,-1.012045e+00,9.914605e-02,1.360408e+01
1815,4.689233e-17,1.936649e-04,-3.619153e-06,4.948122e-04,3.300000e+00,2.079986e-01,7.996847e+00
1816,2.432134e-17,1.775356e-04,-6.384441e-06,4.866823e-04,-8.906636e-02,1.556540e-01,1.101935e+01
1817,1.112123e-17,1.941000e-04,-6.316211e-06,4.993954e-04,-9.425726e-01,1.662202e-01,6.138510e+00
1818,4.504300e-18,1.887078e-04,-3.902667e-06,4.867309e-04,-2.279204e-01,-5.409755e-03,6.201643e+00
1819,1.257854e-17,1.897842e-04,-1.446328e-05,4.893562e-04,-1.010820e-01,-3.120249e-01,4.703166e+00
1820,2.100378e-18,1.931331e-04,-1.541858e-06,4.884302e-04,5.257154e-01,-2.119888e-01,1.107586e+01
1821,1.296318e-18,1.984317e-04,-6.253333e-06,4.863240e-04,-3.134000e-01,-6.552801e-02,1.651364e+00
1822,3.540036e-18,1.766331e-04,-1.018199e-05,4.944799e-04,-5.970351e-01,2.299879e-01,3.611521e+00
1823,1.153890e-17,1.976472e-04,-2.425450e-05,4.825684e-04,-1.142265e-01,-5.494044e-02,1.592693e+00
1824,5.366062e-18,1.960952e-04,-2.439951e-05,4.993913e-04,3.240609e-03,-1.280833e-01,1.554470e+00
1825,2.339675e-16,5.727287e-05,-6.730821e-06,4.941422e-04,1.567680e+00,-1.662219e+00,3.981123e+00
1826,3.209379e-17,6.058530e-05,-2.402289e-05,4.853711e-04,-3.050335e-02,-3.725187e-02,1.057279e+00
1827,3.336373e-17,5.609785e-05,-2.402531e-05,4.992359e-04,-1.368926e-02,-7.120006e-02,1.154134e+00
1828,5.326187e-18,5.923768e-05,-1.718984e-05,5.030693e-04,5.240300e-01,7.225157e-02,-1.173197e+00
1829,1.142233e-18,6.953697e-05,-1.015149e-05,5.011338e-04,3.373343e-01,5.647664e-01,1.349536e+01
1830,7.607549e-18,6.874998e-05,-3.907266e-06,4.929390e-04,1.077499e+00,5.077484e-01,6.556455e+00
1831,3.517873e-18,7.044761e-05,-4.502649e-06,4.863612e-04,6.836649e-02,1.660355e+00,1.273739e+01
1832,8.241919e-17,6.881697e-05,-4.230547e-06,4.923825e-04,7.689913e-01,1.097156e+00,7.718669e+00
1833,2.652464e-17,6.838066e-05,-1.341423e-05,4.823839e-04,-1.311942e+00,1.607434e+00,7.232245e+00
1834,5.278797e-18,5.468839e-05,-9.375713e-06,5.019591e-04,-2.163377e-01,-2.994995e-02,7.105019e+00
1835,8.086471e-18,6.440974e-05,-8.593668e-06,4.919552e-04,1.139935e+00,8.259752e-01,3.508225e+00
1836,1.817405e-18,6.640782e-05,-5.599433e-06,4.860741e-04,4.107733e-01,7.140117e-01,5.865968e+00
1837,2.662475e-18,6.957717e-05,-1.017195e-05,4.968209e-04,-1.949432e-01,6.598648e-01,1.205669e+01
1838,6.645902e-19,7.035966e-05,-1.289122e-05,4.793167e-04,3.635570e-01,-2.646949e-01,9.114944e+00
1839,8.120450e-19,6.156040e-05,-1.433785e-06,4.832032e-04,5.479168e-01,3.979660e-01,2.338991e+00
1840,4.830347e-18,7.342697e-05,-4.692281e-06,4.926365e-04,2.881789e-02,6.516041e-02,7.732862e+00
1841,1.203499e-16,2.724272e-05,-1.575975e-05,4.963898e-04,2.252710e+00,-2.219349e-02,1.015603e+01
1842,3.791759e-18,3.515648e-05,-2.343612e-06,5.022481e-04,1.223861e+00,-1.101360e+00,3.868514e+00
1843,1.009884e-16,3.545920e-05,-1.394914e-06,5.011631e-04,-6.231143e-01,3.891485e-01,5.138232e+00
1844,7.629369e-18,4.374992e-05,-2.421890e-05,4.914314e-04,-4.025282e-03,8.447180e-02,1.170015e+00
1845,4.578620e-17,4.371946e-05,-2.379372e-05,4.910390e-04,-3.087294e-02,-6.702105e-02,8.882409e-01
1846,5.758348e-18,2.654935e-05,-6.531606e-08,4.988004e-04,1.672995e-01,7.132871e-01,1.597255e+00
1847,1.082998e-17,3.298057e-05,-1.948504e-05,4.810906e-04,-1.455842e+00,2.261696e-01,1.228295e+00
1848,5.046465e-18,4.765335e-05,-1.831809e-05,4.992355e-04,2.838432e-01,-6.787738e-04,1.545596e+01
1849,1.673928e-18,2.407903e-05,-1.656562e-05,5.015219e-04,6.310598e-01,8.132503e-03,7.398980e+00
1850,1.129864e-18,2.421913e-05,-1.487304e-05,4.933444e-04,1.166628e+00,1.898749e-01,1.486768e+01
1851,1.146100e-18,2.892959e-05,-1.407107e-05,4.863326e-04,-1.231918e-01,8.935617e-02,6.570060e+00
1852,8.885078e-18,4.687421e-05,-1.222250e-05,4.956738e-04,-1.189493e-01,-5.565729e-01,8.554110e+00
1853,3.247308e-18,4.687606e-05,-7.809677e-06,4.898513e-04,-1.165436e-01,5.738402e-01,9.423166e+00
1854,1.988129e-18,2.422034e-05,-1.472023e-05,4.884313e-04,-7.743579e-01,3.259542e-01,1.074973e+01
1855,2.814290e-17,3.788367e-05,-7.753872e-06,4.940244e-04,3.047964e-01,1.807935e+00,3.603634e+00
1856,1.314528e-18,4.297758e-05,-3.899158e-06,5.003224e-04,-2.368504e-02,-1.460923e-01,2.563212e+00
1857,1.297261e-18,4.763125e-05,-1.797446e-05,4.886848e-04,-8.191029e-01,5.565367e-01,8.835086e+00
1858,2.380289e-18,2.422362e-05,-1.487024e-05,4.820521e-04,3.144877e-01,-8.923652e-03,6.310204e+00
1859,2.537699e-17,2.823245e-05,1.802052e-06,4.927598e-04,-1.224314e+00,7.285940e-01,1.809506e+01
1860,1.925890e-17,3.194694e-05,4.213259e-06,4.833627e-04,2.032420e-01,-1.292914e+00,9.613623e-01
1861,1.202026e-17,2.903264e-05,2.427690e-05,4.995235e-04,8.700906e-03,7.333628e-02,1.623950e+00
1862,1.141988e-18,4.218890e-05,3.124834e-06,4.972089e-04,-2.381395e-03,-1.624230e-01,1.121140e+00
1863,4.817794e-19,4.414139e-05,1.563286e-06,4.832012e-04,7.732773e-01,-3.509517e-02,2.399492e+00
1864,2.083792e-17,2.981545e-05,8.467224e-06,4.843297e-04,8.376753e-01,1.636851e-01,9.801743e+00
1865,1.219206e-18,4.452340e-05,9.363211e-06,5.011250e-04,-6.909615e-01,-9.656071e-02,5.825720e+00
1866,1.775745e-17,4.688218e-05,9.379437e-06,4.915593e-04,-1.252524e-01,-6.854195e-02,9.163247e+00
1867,7.936550e-18,3.907386e-05,1.328186e-05,4.939885e-04,-1.030621e-01,-2.219626e-02,5.627702e+00
1868,7.440514e-18,4.528103e-05,1.565854e-06,4.902578e-04,-3.717573e-02,1.789700e-01,4.083264e+00
1869,2.495724e-18,3.358755e-05,3.900650e-06,4.960134e-04,-2.127193e-01,-5.076315e-01,3.786416e+00
1870,3.332804e-18,3.906186e-05,1.328403e-05,4.820318e-04,-2.938906e-01,-3.738383e-01,2.776920e+00
1871,9.251967e-18,3.436847e-05,9.742705e-06,4.918698e-04,3.674273e-01,-6.525552e-01,1.353264e+00
1872,2.453777e-17,4.111749e-05,2.407380e-05,4.861692e-04,-4.118071e-02,1.026142e-01,1.195906e+00
1873,4.592163e-17,5.524307e-06,-1.965567e-05,5.015544e-04,2.181817e+00,8.771388e-01,7.726957e+00
1874,7.387811e-18,1.757382e-05,-6.250169e-06,4.848376e-04,-2.337453e+00,2.697568e-01,7.087607e-01
1875,3.699701e-18,1.327746e-05,-1.014911e-05,4.878219e-04,-2.517320e-02,2.701059e-01,5.717915e-02
1876,3.795174e-18,1.328153e-05,-1.328151e-05,5.022504e-04,3.926667e-01,1.022040e+00,4.354726e+00
1877,5.845524e-17,1.286359e-05,-1.299979e-05,5.020256e-04,4.471606e-01,1.039398e+00,4.369290e+00
1878,5.015795e-18,2.111351e-05,-1.561652e-05,4.862599e-04,-1.004114e+00,-8.795283e-01,6.776560e+00
1879,7.407932e-18,2.324676e-06,-1.241632e-05,4.977621e-04,9.633805e-01,-5.097789e-01,3.243842e+00
1880,9.597046e-18,2.252489e-05,-1.149708e-05,5.007409e-04,1.624913e+00,1.218152e+00,1.574622e+01
1881,5.253695e-19,2.304738e-05,-1.055034e-05,4.952691e-04,-1.794036e+00,1.782290e+00,1.342995e+01
1882,1.142379e-18,2.245020e-05,-1.133248e-05,4.947016e-04,-8.898983e-01,1.274919e+00,1.279076e+01
1883,4.129279e-18,1.947477e-05,-1.718539e-05,4.904615e-04,-4.916878e-01,6.821778e-01,3.045670e+00
1884,6.604048e-18,2.271087e-05,-1.010254e-05,4.910631e-04,-5.677713e-02,1.149031e+00,1.183534e+01
1885,9.256339e-18,2.186983e-05,-1.013964e-05,4.851755e-04,5.362802e-01,6.583024e-01,1.009855e+01
1886,3.247682e-18,1.953310e-05,-1.718870e-05,4.976339e-04,-1.999018e-02,5.167536e-02,1.294962e+00
1887,3.045848e-18,5.000057e-05,1.718473e-05,5.198035e-04,-5.385040e-02,2.156806e-01,3.998642e+00
1888,2.369784e-18,4.999973e-05,1.797603e-05,5.388548e-04,-2.248465e-03,4.425580e-02,1.846199e-01
1889,2.065086e-17,3.280746e-05,-8.223033e-06,5.280807e-04,3.848923e+00,4.084287e+00,2.701515e+01
1890,2.597362e-17,3.783519e-05,-1.503116e-05,5.454048e-04,-5.039459e+00,-8.880218e-01,2.383818e+01
1891,7.136810e-18,4.610333e-05,-1.241565e-05,5.224673e-04,4.341690e-03,2.655828e-01,1.953178e+01
1892,2.506670e-18,4.609123e-05,-1.327577e-05,5.288443e-04,-9.790760e-02,-4.096889e-01,1.852839e+01
1893,7.162040e-18,2.658966e-05,-7.792929e-06,5.222982e-04,2.474922e-01,3.921955e+00,2.611829e+01
1894,3.229325e-18,4.063024e-05,-1.094240e-05,5.459291e-04,-1.384704e-01,-1.292717e-01,1.240941e+01
1895,3.076599e-17,2.471702e-05,-1.875622e-05,5.108817e-04,7.627712e-01,-1.435879e+00,1.379141e+01
1896,1.522576e-17,4.752251e-05,-2.099852e-05,5.066347e-04,7.947490e-01,-1.487513e+00,1.738967e+01
1897,1.939128e-17,4.153739e-05,1.534103e-06,5.127813e-04,-2.598430e-01,1.116754e+00,2.686605e+00
1898,1.311437e-18,3.280445e-05,-6.217198e-06,5.117995e-04,4.199384e-01,1.356286e+00,3.658533e-01
1899,3.408299e-18,3.671941e-05,-7.813881e-06,5.122155e-04,7.017488e-02,-5.371089e-01,7.042042e-01
1900,9.860772e-18,4.703378e-05,-1.249954e-05,5.079134e-04,6.906542e-01,2.252491e-01,1.390618e+01
1901,1.127983e-17,3.412011e-05,-2.865531e-06,5.098742e-04,-5.350408e-01,1.576595e-01,5.398885e+00
1902,8.330635e-17,3.398333e-05,-2.721258e-06,5.099129e-04,-6.505195e-01,3.650694e-01,5.410606e+00
1903,2.396590e-19,2.695085e-05,-1.288657e-05,5.163448e-04,9.505102e-01,-8.749334e-02,5.844342e+00
1904,2.933597e-18,2.811872e-05,-1.329108e-05,5.212637e-04,-3.183657e-01,1.886808e+00,3.515948e+00
1905,1.091253e-18,3.672340e-05,-2.341328e-06,5.185967e-04,-1.483816e-01,1.286129e-01,2.085037e+00
1906,3.936334e-18,3.985122e-05,-1.953609e-05,5.179307e-04,-7.713087e-02,1.031219e-01,-1.993573e-01
1907,5.028886e-17,2.499128e-05,-3.650649e-06,5.483530e-04,3.789938e-01,-1.199858e-01,8.496317e+00
1908,4.583789e-18,3.906274e-05,-1.093730e-05,5.283958e-04,-7.069148e-01,5.270482e-01,8.970918e+00
1909,4.295435e-17,3.958788e-05,-1.540010e-05,5.351957e-04,2.475013e+00,4.274450e-02,1.265306e+01
1910,4.749397e-17,2.694459e-05,-5.188722e-06,5.291650e-04,-1.057240e-01,-7.667625e-01,4.646692e+00
1911,9.150861e-19,3.358727e-05,-1.797012e-05,5.498776e-04,3.973907e-02,-7.517851e-02,6.248075e+00
1912,7.804487e-17,2.955738e-05,1.236592e-05,5.167953e-04,-1.177251e+00,-5.040196e-01,5.315737e+00
1913,1.739433e-17,3.640058e-05,8.949804e-06,5.160639e-04,-2.439578e+00,-1.360938e-01,1.395171e+01
1914,3.451709e-17,4.287142e-05,1.684769e-05,5.313787e-04,9.336197e-01,1.054960e+00,1.711337e+01
1915,6.423880e-17,3.487115e-05,1.189943e-05,5.327685e-04,-5.139577e-01,1.540246e-01,7.156469e+00
1916,1.933932e-17,2.995338e-05,1.561295e-05,5.429644e-04,-2.746944e-01,4.387069e-01,7.899288e+00
1917,4.793976e-18,2.890016e-05,1.875280e-05,5.470062e-04,1.675244e-01,8.404095e-02,5.502422e+00
1918,1.881737e-17,4.166647e-05,8.054787e-06,5.426265e-04,9.223299e-01,-8.281948e-01,4.364652e+00
1919,2.294586e-18,4.197551e-05,2.444379e-05,5.497112e-04,-2.273754e-01,1.175578e+01,1.391259e+01
1920,5.552958e-18,4.073184e-05,1.328705e-05,5.209369e-04,-3.273112e-02,-2.873407e-01,1.503088e+01
1921,2.116214e-18,4.023751e-05,9.514908e-06,5.116168e-04,-1.433781e+00,-4.366925e-01,1.409783e+01
1922,8.644284e-18,4.391121e-05,8.594293e-06,5.224018e-04,-4.699363e-01,-1.152925e-01,6.483935e+00
1923,1.977764e-18,3.202556e-05,8.586190e-06,5.227796e-04,-1.513726e-01,-1.083615e-01,2.428264e+00
1924,2.376013e-18,3.827825e-05,3.905217e-06,5.257998e-04,-2.117001e-02,-2.981735e-02,9.668575e-01
1925,3.852759e-17,2.107808e-05,-1.196044e-05,5.158796e-04,-7.019897e-01,-1.038871e+00,2.113602e+01
1926,4.967321e-17,1.423853e-05,-1.465991e-05,5.108942e-04,6.874494e-01,8.603156e-01,2.925675e+00
1927,2.306670e-17,2.095887e-06,-1.143880e-05,5.197408e-04,-6.603778e-01,-9.355958e-02,8.069264e+00
1928,2.478163e-18,2.275641e-05,-1.258489e-05,5.121156e-04,2.454243e-01,-2.066791e+00,2.438872e+01
1929,4.711282e-18,7.027272e-06,-2.499351e-05,5.163836e-04,-3.355880e-02,6.461209e-02,9.513242e+00
1930,6.140635e-18,7.807958e-06,-1.406218e-05,5.220652e-04,-2.443258e-01,-1.223328e-03,8.430728e+00
1931,1.206323e-17,1.745592e-05,-2.236819e-05,5.151345e-04,-7.177282e-01,7.971747e-01,8.446264e+00
1932,1.486157e-17,7.813679e-06,-3.905908e-06,5.166286e-04,-6.746835e-01,3.393161e-01,5.316247e+00
1933,9.031631e-17,7.991961e-06,-3.670375e-06,5.166503e-04,-4.879346e-01,3.012190e-01,5.324891e+00
1934,1.122344e-17,1.271232e-05,-1.664165e-05,5.146783e-04,7.649936e-01,4.732062e+00,3.445514e+00
1935,1.423199e-18,2.277541e-06,-2.038806e-05,5.088152e-04,-7.258754e-02,2.607463e-03,6.394039e+00
1936,8.936274e-18,6.637226e-06,-2.499804e-05,5.060408e-04,-5.401911e-02,-9.075977e-02,7.794419e+00
1937,2.819835e-18,1.952811e-05,-1.718753e-05,5.265603e-04,8.794326e-02,3.116785e-01,7.344629e+00
1938,5.118828e-17,1.011891e-05,-1.737041e-05,5.267252e-04,1.068604e-01,3.678608e-01,4.149362e+00
1939,2.737288e-18,1.951294e-05,-1.717930e-05,5.107009e-04,1.931885e-02,2.890115e-01,2.773887e+00
1940,4.512529e-17,-1.866123e-06,-2.548841e-05,5.181504e-04,-9.688331e-01,9.224651e-01,4.515293e+00
1941,1.698344e-18,2.250755e-05,-1.184813e-05,5.061379e-04,1.584319e+00,1.020725e+00,1.646093e+01
1942,2.886317e-18,2.354568e-06,-2.031276e-05,5.300596e-04,-5.975468e-02,-2.105242e-01,1.633380e+01
1943,5.953862e-17,3.799506e-06,-2.654896e-05,5.293458e-04,-1.585406e+00,6.664933e-02,1.241460e+01
1944,1.155459e-18,9.371601e-06,-5.472120e-06,5.383307e-04,2.046833e-03,-4.566027e-01,-1.577250e+00
1945,3.497597e-17,2.123495e-05,-1.278317e-05,5.337720e-04,1.548568e-01,7.472598e-01,7.083861e+00
1946,2.586612e-17,3.128183e-06,-1.474189e-05,5.468969e-04,1.237255e+00,-1.201727e+00,4.052722e+00
1947,5.128901e-17,1.306174e-05,-8.013585e-06,5.430662e-04,-5.051438e-01,9.846917e-01,3.847520e+00
1948,4.208763e-18,1.718975e-05,-2.343729e-05,5.419014e-04,-1.279541e-01,2.775376e-02,8.028746e-01
1949,1.879709e-18,8.499125e-06,-9.421534e-06,5.422285e-04,-9.715910e-01,1.736071e-02,-1.209040e+00
1950,1.425365e-18,1.563651e-06,-2.420111e-05,5.333015e-04,-2.008568e-02,4.429100e-01,1.020083e+00
1951,4.565932e-19,9.381357e-06,-5.073722e-06,5.468602e-04,-8.242465e-02,-2.826485e-01,-2.334408e-01
1952,3.222017e-18,2.109988e-05,-8.053767e-05,5.143358e-04,-2.482869e-01,1.668849e-01,-2.060118e-01
1953,7.123959e-17,3.447006e-06,-8.861552e-05,5.196233e-04,7.280556e-01,5.774034e-01,6.629733e+00
1954,2.310820e-18,1.015763e-05,-9.765670e-05,5.084415e-04,-8.362187e-02,-1.120602e-01,6.298602e-02
1955,5.677250e-18,9.929705e-06,-8.984478e-05,5.063942e-04,2.908616e-01,-1.114819e-01,3.259840e+00
1956,3.156804e-18,1.167654e-05,-8.050288e-05,5.201082e-04,2.842315e-01,2.728734e-01,9.375308e+00
1957,1.589688e-18,1.171991e-05,-8.750047e-05,5.262061e-04,2.094397e-01,-3.081430e-02,7.641143e+00
1958,7.621863e-19,1.185749e-05,-8.060810e-05,5.103357e-04,3.888547e-01,3.060243e-02,3.871930e+00
1959,2.247298e-18,5.456567e-06,-9.765464e-05,5.159225e-04,7.725931e-02,3.549326e-02,4.651480e+00
1960,3.976947e-18,6.280037e-06,-9.066286e-05,5.225242e-04,-2.134314e-01,4.981606e-02,2.284809e+00
1961,2.613783e-18,5.472584e-06,-9.765963e-05,5.022562e-04,-1.522490e-01,6.428546e-02,1.687882e+00
1962,1.110112e-16,-1.222995e-05,-8.865701e-05,5.041816e-04,2.768821e-01,8.565166e-01,4.313856e+00
1963,1.178494e-16,-1.185647e-05,-7.857435e-05,5.019597e-04,-1.302812e+00,2.105716e-01,5.319263e+00
1964,5.606127e-17,-1.326420e-05,-8.015182e-05,5.078448e-04,-2.874984e-01,9.030078e-02,2.427576e+00
1965,7.408013e-18,-2.310001e-06,-9.687900e-05,5.090455e-04,-1.732248e-01,2.245343e-02,1.045292e+01
1966,2.999513e-17,-1.198928e-05,-9.356723e-05,5.188812e-04,-1.382245e-02,1.355180e+00,5.618907e+00
1967,5.376666e-18,-3.125695e-06,-7.812518e-05,5.186563e-04,6.537524e-01,7.185641e-03,9.375485e+00
1968,2.408089e-18,-4.683086e-06,-9.062857e-05,5.191042e-04,6.103912e-02,4.146384e-02,7.387987e+00
1969,4.044584e-17,2.254107e-06,-8.325062e-05,5.386952e-04,-3.205334e-01,-3.665742e+00,2.042824e+01
1970,1.251002e-16,-5.872306e-06,-8.042625e-05,5.397946e-04,-9.795579e-01,-6.285596e-01,1.359994e+01
1971,1.144668e-16,-1.054200e-05,-8.542294e-05,5.424316e-04,-1.138480e+00,9.590660e-01,8.942969e+00
1972,1.024838e-16,8.206893e-06,-8.079237e-05,5.352408e-04,-7.510010e-01,-4.307449e-01,1.274082e+01
1973,3.536896e-17,-2.016771e-05,-7.679911e-05,5.348312e-04,-1.881557e+00,-2.282519e+00,1.563860e+01
1974,7.727363e-18,1.094046e-05,-9.177989e-05,5.449487e-04,-6.878107e-03,-8.715098e-01,9.697801e+00
1975,1.009713e-17,-2.705158e-06,-8.466709e-05,5.319976e-04,1.052633e-01,-1.768356e+00,1.245775e+01
1976,3.213466e-18,-1.480483e-05,-9.215743e-05,5.371382e-04,6.854162e-01,1.149739e-01,6.477853e+00
1977,1.368400e-17,-4.303294e-06,-9.650379e-05,5.294779e-04,2.464045e-01,4.622674e-02,6.853808e+00
1978,7.232689e-18,-9.264961e-06,-8.982478e-05,5.439321e-04,-1.017232e+00,3.247825e-01,1.788110e+00
1979,2.421897e-18,3.995745e-06,-7.977469e-05,5.323928e-04,-6.964517e-01,-1.138081e+00,1.776207e+01
1980,2.991217e-18,1.177320e-05,-8.749861e-05,5.393608e-04,-3.109818e-01,6.974176e-02,8.345297e+00
1981,1.324726e-17,1.212457e-05,-8.016375e-05,5.403424e-04,-4.857233e-01,1.704856e-01,5.367892e+00
1982,9.178778e-19,5.467294e-06,-9.765777e-05,5.468911e-04,-2.226710e-01,-2.213348e-01,1.164599e+00
1983,2.648870e-18,2.032164e-05,-7.968541e-05,5.467265e-04,1.678325e-01,1.158878e-02,1.309305e+00
1984,4.625902e-17,-4.951600e-06,-8.353684e-05,4.956080e-04,-2.842710e+00,-9.119993e-01,4.015400e+00
1985,1.571504e-18,-9.376509e-06,-8.124794e-05,4.871154e-04,-1.391522e-02,1.149715e-01,1.195482e+00
1986,2.397239e-17,-2.658211e-06,-8.726018e-05,4.835545e-04,2.866371e+00,2.661267e-01,1.064876e+00
1987,4.200757e-18,-2.343037e-06,-9.687261e-05,4.995552e-04,-2.811223e-03,-1.124230e-01,7.144181e+00
1988,1.068807e-17,-1.462052e-05,-8.354960e-05,4.959570e-04,1.624196e+00,-4.393059e-01,5.040431e+00
1989,4.140560e-18,-2.310588e-06,-9.690356e-05,4.888329e-04,9.056723e-02,-1.760539e-01,5.697239e+00
1990,3.283813e-18,-2.148556e-05,-7.707877e-05,4.834256e-04,3.354351e-01,2.815200e+00,8.428062e+00
1991,2.579404e-19,-2.070259e-05,-7.929774e-05,4.801015e-04,-6.096390e-01,9.580760e-01,6.520807e+00
1992,4.235259e-18,-1.094210e-05,-9.546367e-05,4.929067e-04,1.108690e-01,9.250472e-01,2.878850e+00
1993,1.166903e-17,-2.429238e-05,-8.518381e-05,4.967878e-04,1.216603e-02,-3.244111e-02,1.732843e+00
1994,2.835584e-17,1.657537e-05,-9.290929e-05,4.828751e-04,1.274521e+00,-3.587172e-01,2.788932e-01
1995,7.151512e-17,1.315941e-05,-8.196304e-05,4.981153e-04,9.699910e-01,-1.113182e+00,5.364573e+00
1996,4.128403e-18,5.468724e-06,-9.420624e-05,4.843910e-04,7.374454e-03,4.714374e-01,9.051584e-01
1997,1.705516e-17,1.618404e-05,-7.843499e-05,4.879671e-04,-4.979055e-01,1.902667e+00,4.270275e+00
1998,5.012567e-19,8.597250e-06,-8.164082e-05,4.839977e-04,-1.327801e-01,-2.285228e-01,3.771146e+00
1999,2.237930e-18,2.460932e-05,-8.984546e-05,4.862753e-04,-2.286397e-02,-2.540183e-02,2.116223e+00
2000,1.679393e-18,1.015922e-05,-8.217919e-05,4.907539e-04,3.949854e-01,-4.208624e-01,6.653875e+00
2001,2.553934e-17,2.407249e-05,-8.750247e-05,4.949156e-04,-1.787964e-01,2.046601e-02,2.050900e+00
2002,1.108515e-18,5.478150e-06,-9.763448e-05,4.941105e-04,-3.999208e-02,1.117962e-01,1.887192e+00
2003,2.987819e-18,1.170798e-05,-8.749512e-05,4.991503e-04,-4.762186e-01,6.677538e-02,3.353967e+00
2004,2.525504e-19,1.679755e-05,1.082025e-04,4.730762e-04,-9.083903e-01,-2.852918e-01,2.488639e+00
2005,4.181414e-19,1.601636e-05,1.082036e-04,4.722931e-04,6.220751e-01,1.581768e+00,1.780556e+00
2006,2.325520e-18,-6.978349e-06,1.224417e-04,4.736484e-04,3.251981e+00,3.687968e-01,-3.873014e+00
2007,6.680155e-19,-1.445355e-05,1.003909e-04,4.733692e-04,-2.418964e+00,4.536148e+00,-5.520537e+00
2008,8.680366e-19,-2.965301e-06,1.167968e-04,4.725426e-04,4.234303e-01,-2.735970e+00,-2.542386e+00
2009,1.244576e-18,-1.331603e-05,9.139680e-05,4.722933e-04,-1.559105e-01,7.875660e-01,-2.799773e+00
2010,1.899440e-18,6.235968e-06,7.953798e-05,4.756643e-04,-8.808537e-01,5.084434e-01,2.060376e-01
2011,2.611624e-19,8.984738e-06,8.945265e-05,4.769746e-04,-6.315702e-01,4.105206e-01,5.171450e+00
2012,8.349527e-19,8.984637e-06,8.891018e-05,4.751461e-04,7.705054e-01,-1.471516e+00,3.262910e+00
2013,1.362561e-18,1.717744e-05,9.690131e-05,4.769778e-04,1.572705e-01,-1.374017e-01,1.065936e+00
2014,1.416497e-17,9.300862e-05,1.134610e-05,5.272676e-04,6.882851e-02,-2.886174e-01,6.440370e+00
2015,2.767510e-16,8.140246e-05,-2.120276e-06,5.293479e-04,7.465945e-01,-9.466542e-01,9.720792e+00
2016,2.970407e-17,9.563315e-05,5.704141e-06,5.394105e-04,-5.978782e-03,3.363381e-01,9.151280e+00
2017,1.772905e-17,8.929240e-05,3.726336e-06,5.330831e-04,-2.753806e+00,3.422901e+00,1.337120e+01
2018,3.211632e-17,7.355762e-05,5.758428e-06,5.294709e-04,-2.121211e+00,-6.547756e-01,1.050976e+01
2019,4.975701e-18,8.593512e-05,7.031545e-06,5.433826e-04,2.579600e-01,6.046615e-01,8.998290e+00
2020,3.425289e-18,1.007775e-04,8.601553e-06,5.312544e-04,-1.736879e-02,4.871155e-02,5.372891e+00
2021,1.204058e-17,1.012029e-04,1.286233e-05,5.491062e-04,-7.105374e-01,-7.423920e-01,8.491693e+00
2022,2.114165e-18,9.297055e-05,1.250076e-05,5.487802e-04,-1.050365e-01,-2.082619e-01,2.869385e+00
2023,4.529877e-18,8.593880e-05,1.484174e-05,5.378082e-04,-1.256873e-01,2.895706e-03,6.116490e+00
2024,2.475094e-18,8.364661e-05,1.622065e-06,5.345003e-04,8.148443e-02,2.364829e-01,3.439896e+00
2025,2.931662e-18,9.296119e-05,1.251522e-05,5.316294e-04,-2.919319e-03,4.057433e-01,3.029138e+00
2026,2.340137e-18,8.982204e-05,9.381045e-06,5.458602e-04,-1.700360e-01,-1.985934e-01,9.715387e-01
2027,9.176178e-19,9.765878e-05,1.094974e-05,5.348581e-04,3.500716e-02,-1.473466e-02,3.434640e+00
2028,1.251939e-16,9.191298e-05,1.976336e-06,5.175501e-04,-5.053815e-01,5.361814e-01,1.044263e+01
2029,7.880995e-19,9.464887e-05,9.445768e-07,5.057002e-04,-1.323731e-01,-1.133833e-01,7.114038e+00
2030,2.537158e-18,8.437413e-05,9.374646e-06,5.213466e-04,3.798247e-02,-9.759963e-02,1.185206e+00
2031,2.743156e-18,8.039076e-05,4.663020e-06,5.205180e-04,-1.194289e+00,-1.696005e-01,8.897665e+00
2032,2.962424e-18,8.912706e-05,1.327249e-05,5.170790e-04,3.978405e-02,-3.012689e-01,5.037327e+00
2033,5.734024e-18,1.148720e-04,-5.538612e-06,5.261590e-04,-5.760866e-01,1.116975e+00,1.569535e+01
2034,2.993414e-18,1.195256e-04,1.875083e-05,5.424364e-04,-3.655925e-01,2.146718e-01,2.510509e+01
2035,4.553170e-18,1.203172e-04,1.875318e-05,5.478534e-04,-7.725808e-02,5.921370e-01,2.729705e+01
2036,3.099535e-18,1.195152e-04,1.875041e-05,5.352866e-04,3.140968e-01,8.733076e-01,2.231714e+01
2037,2.720472e-17,1.080031e-04,6.984776e-06,5.432048e-04,1.306259e+00,-5.257882e-01,8.607317e+00
2038,4.413469e-16,1.077239e-04,-4.778385e-07,5.253391e-04,6.231859e-01,2.637340e-01,7.275369e+00
2039,3.259980e-17,1.123688e-04,1.033697e-05,5.377691e-04,4.038124e-01,-5.261482e-01,6.701865e+00
2040,7.870646e-18,1.124987e-04,-6.672184e-11,5.397316e-04,8.606919e-03,1.542217e-02,5.640422e+00
2041,2.461518e-18,1.070301e-04,8.590451e-06,5.266015e-04,4.159932e-01,-2.739947e-01,6.109772e+00
2042,4.805849e-17,1.080789e-04,1.902138e-05,5.256046e-04,1.690765e-01,4.885585e-02,4.401085e+00
2043,2.253302e-18,1.187633e-04,2.188260e-05,5.467603e-04,-5.166211e-01,6.629331e-01,1.719702e+00
2044,2.481714e-18,1.195156e-04,1.548809e-06,5.457790e-04,8.016612e-02,-2.984684e-03,1.445290e+00
2045,2.895600e-17,1.173259e-04,-8.865835e-06,5.438321e-04,-5.357707e+00,-2.185010e-01,1.289520e+01
2046,2.501889e-17,1.149158e-04,-5.079845e-06,5.374350e-04,-1.863797e-01,-2.235062e+00,1.450677e+01
2047,1.856421e-18,1.149063e-04,-1.244240e-05,5.391500e-04,-8.917611e-01,-2.527678e+00,1.764426e+01
2048,4.075105e-18,1.104321e-04,-1.913252e-05,5.497659e-04,-1.435999e+00,9.240991e-01,1.451617e+01
2049,4.350461e-16,1.195680e-04,2.645495e-07,5.151793e-04,4.075836e-01,-1.006815e-01,9.437477e+00
2050,2.353441e-17,1.201721e-04,-1.664692e-05,5.164355e-04,-2.206990e+00,-2.705453e+00,3.242423e+01
2051,5.030683e-17,1.119163e-04,6.210618e-06,5.216897e-04,-8.627760e-01,-5.345642e-01,4.288488e+00
2052,3.999491e-17,1.181145e-04,1.560384e-05,5.220614e-04,-5.322116e-01,-3.701673e-01,1.328579e+01
2053,5.063630e-18,1.195396e-04,1.875178e-05,5.187516e-04,9.776167e-02,-7.155206e-01,1.740766e+01
2054,1.667582e-17,1.039790e-04,9.866456e-06,5.232742e-04,-4.148183e-01,-1.607409e+00,9.339087e+00
2055,6.899684e-18,1.148422e-04,7.918827e-06,5.163463e-04,-1.332293e-02,-2.715705e-01,9.142631e+00
2056,2.476692e-19,1.191401e-04,1.913974e-05,5.088915e-04,7.578397e-01,1.593617e-01,7.037660e+00
2057,7.897548e-18,1.031257e-04,-3.714881e-07,5.119352e-04,-1.984794e-03,1.599920e+00,7.174106e+00
2058,1.014724e-18,1.203054e-04,1.482212e-05,5.073054e-04,2.430895e-01,7.071798e-01,7.955809e+00
2059,4.839245e-19,1.042974e-04,1.562502e-05,5.111207e-04,5.738514e-01,-7.045010e-01,2.814062e+00
2060,1.400252e-18,1.218877e-04,-1.488784e-05,5.103732e-04,-7.313173e-01,-8.737440e-01,2.746825e+01
2061,5.328482e-18,1.219708e-04,-1.322996e-05,5.071957e-04,-1.139035e+00,1.478288e+00,2.664776e+01
2062,1.204703e-18,1.140646e-04,-5.451012e-06,5.148745e-04,7.202079e-01,-7.515233e-01,8.387932e+00
2063,4.819838e-17,1.092509e-04,-1.250039e-05,5.225147e-04,-8.111910e-01,-2.440249e-01,4.663809e+00
2064,3.814157e-18,1.031311e-04,-5.417719e-06,5.108238e-04,2.357862e-01,-4.897085e-02,5.833519e+00
2065,3.011740e-18,1.055090e-04,-7.069984e-06,5.141961e-04,-5.834333e-02,1.650803e-01,5.883764e+00
2066,3.464460e-18,1.148389e-04,-1.796252e-05,5.248081e-04,1.485196e-03,-1.197811e-02,3.978331e+00
2067,7.587928e-18,-2.344495e-06,3.359450e-05,4.905871e-04,-8.797418e-01,-2.430199e+00,6.879627e+00
2068,4.912132e-17,6.628655e-07,4.852676e-05,4.900742e-04,-2.915150e-01,-3.869377e-02,3.371938e+00
2069,2.464843e-16,-9.442438e-07,3.487112e-05,4.897789e-04,-2.597494e-01,-1.356800e+00,8.167176e+00
2070,7.145583e-17,-1.371549e-05,4.778212e-05,4.830780e-04,-2.301831e-01,-9.419326e-01,2.991546e+00
2071,1.457678e-16,-5.770710e-06,4.586743e-05,4.907281e-04,8.846489e-01,2.560651e+00,7.706160e+00
2072,2.372113e-17,-2.244255e-06,4.585382e-05,4.999698e-04,4.731103e+00,7.569591e-01,9.043649e+00
2073,1.906020e-17,-1.074310e-05,2.702746e-05,4.882605e-04,1.306253e+00,1.841914e+00,2.074358e+00
2074,2.030639e-17,-1.650041e-05,4.195221e-05,4.927406e-04,-2.506207e-01,5.797058e-01,1.452936e+01
2075,2.858684e-17,-1.537193e-06,2.894347e-05,4.978763e-04,-2.257509e+00,4.199993e-02,7.482800e+00
2076,2.409672e-18,-6.270220e-06,2.577768e-05,4.836200e-04,1.135800e-01,2.452341e-01,-8.039585e-02
2077,1.736639e-17,-1.228709e-05,4.210672e-05,4.952234e-04,1.510198e+00,-1.193956e+00,1.096098e+01
2078,5.827957e-19,-9.767190e-06,4.921532e-05,5.011267e-04,9.555310e-02,4.695653e-03,7.840919e+00
2079,9.251234e-17,-7.017096e-06,2.382049e-05,4.992818e-04,-1.353863e-01,-4.144191e-01,4.026996e+00
2080,3.943983e-18,-1.555692e-05,4.139464e-05,4.892400e-04,-7.079982e-01,-7.446990e-02,1.701269e+01
2081,1.405469e-18,-9.166096e-06,4.930700e-05,4.941163e-04,-1.057119e-01,-5.267902e-01,5.358657e+00
2082,2.298552e-17,-2.425340e-05,3.739085e-05,4.939813e-04,-2.263485e-01,-8.817946e-01,2.874387e+00
2083,2.108851e-18,-1.575520e-05,4.271957e-05,4.801222e-04,4.018063e-02,-1.686417e+00,5.090102e+00
2084,1.355969e-18,-1.539468e-05,4.335909e-05,4.823012e-04,-3.055381e+00,-5.180168e-01,5.295829e+00
2085,3.254600e-19,-1.523574e-05,4.257737e-05,4.840023e-04,-4.162496e-01,4.557343e+00,6.638374e+00
2086,2.396686e-19,-2.734636e-06,3.945365e-05,4.793083e-04,1.494436e+00,-1.892793e+00,6.975316e+00
2087,2.350734e-17,-2.409883e-05,3.472579e-05,4.983248e-04,-8.055901e-02,8.255014e-02,1.277882e+00
2088,2.434677e-18,1.567107e-05,4.682991e-05,4.890787e-04,-1.111867e+00,-6.625601e-01,1.464479e+00
2089,3.248489e-18,7.803892e-06,4.845359e-05,4.922004e-04,2.373076e-01,6.749641e-01,1.571822e+01
2090,6.552564e-18,7.747546e-06,4.656216e-05,4.974510e-04,-1.295889e-01,-1.341988e+00,1.979338e+01
2091,4.036279e-18,1.016058e-05,2.890796e-05,4.979880e-04,5.457302e-02,-3.233831e-02,2.453878e-01
2092,3.687533e-18,2.460955e-05,3.828346e-05,4.928242e-04,5.070174e-02,-1.042530e-02,3.622464e+00
2093,2.999708e-18,3.177621e-06,2.813962e-05,4.937118e-04,3.197497e-01,2.893719e-01,8.074105e+00
2094,3.019716e-19,5.861099e-06,4.570408e-05,4.871023e-04,1.759140e+00,-5.371665e-01,9.407749e+00
2095,2.595607e-18,3.846184e-06,4.148418e-05,4.844584e-04,4.103748e-01,2.568037e-01,-2.031979e+00
2096,1.838201e-18,7.699122e-06,4.761678e-05,4.876706e-04,-1.268284e-01,7.047273e-01,1.062395e+01
2097,2.740656e-19,7.423993e-06,4.804640e-05,4.855432e-04,6.705287e-01,-2.057584e+00,8.651664e+00
2098,2.584457e-19,8.206215e-06,4.804689e-05,4.847674e-04,-3.823566e-01,-8.826169e-01,8.166500e+00
2099,2.004846e-18,2.175126e-05,4.843392e-05,4.916102e-04,-2.065534e-01,-7.050474e-02,1.601640e+00
2100,1.425252e-18,4.703789e-06,3.515969e-05,4.941010e-04,8.268228e-02,3.735301e-01,7.377373e-01
2101,2.280459e-17,-1.015705e-05,6.171827e-05,4.958152e-04,3.553595e-01,-7.734993e-01,3.267569e+00
2102,1.139013e-16,-1.010407e-05,6.194796e-05,4.959549e-04,2.442778e-01,-6.580926e-01,3.036206e+00
2103,1.282559e-16,-2.328101e-05,6.163376e-05,4.857349e-04,-3.889993e-01,-2.688155e-01,1.063190e+00
2104,5.762973e-18,1.923863e-07,5.938511e-05,4.900543e-04,-9.779121e-01,-5.140904e-01,-8.402168e-01
2105,3.155052e-17,8.556275e-06,6.008206e-05,4.938203e-04,-5.200054e-01,-7.918168e-01,8.496686e+00
2106,5.360922e-17,9.097470e-06,6.742344e-05,4.844630e-04,6.482323e-01,-4.131575e-02,9.012771e+00
2107,8.217360e-18,4.914429e-06,7.035415e-05,4.854784e-04,8.100062e-01,-3.230920e-01,6.514037e+00
2108,2.579561e-18,1.016184e-05,6.014161e-05,4.835967e-04,-1.298944e-01,-1.015384e-01,5.733128e+00
2109,2.953882e-19,7.424185e-06,6.914095e-05,4.925586e-04,1.934571e+00,-9.432616e-01,1.380980e+01
2110,1.254774e-17,2.426498e-05,6.171974e-05,4.983258e-04,-1.789662e-02,-4.988639e-02,1.684130e+00
2111,1.517795e-17,-1.592373e-05,5.442674e-05,4.806489e-04,8.997930e-01,-5.443149e-01,7.234388e-01
2112,2.734113e-18,-1.640424e-05,6.093130e-05,4.875181e-04,-1.978362e-01,2.018910e-01,-3.314474e-01
2113,2.215010e-17,-1.860916e-05,7.113144e-05,4.932138e-04,3.279865e-03,5.008333e-01,5.687336e+00
2114,4.758596e-18,-6.256733e-06,5.546719e-05,4.847113e-04,-1.401808e-01,6.698018e-02,1.087695e+00
2115,3.095751e-18,-4.687643e-06,5.546834e-05,4.897983e-04,3.615102e-03,-1.518925e-02,-7.288422e-01
2116,8.019499e-18,-2.432793e-05,7.108025e-05,4.895012e-04,-1.787247e-01,-3.603647e-02,1.863533e+00
2117,1.873722e-18,-1.729060e-05,6.874149e-05,4.900429e-04,3.866408e-01,-8.140988e-02,5.843450e+00
2118,1.303226e-17,-1.830169e-05,5.210610e-05,5.011366e-04,9.409209e-02,1.738433e-01,2.323778e+00
2119,1.853318e-18,-2.460952e-05,5.390796e-05,4.976869e-04,-4.737134e-02,5.881023e-01,1.975635e+00
2120,8.894843e-17,-5.615027e-05,-7.820546e-06,4.882506e-04,2.854772e+00,7.183386e-01,7.204543e+00
2121,4.565008e-17,-5.937445e-05,-1.328255e-05,4.953075e-04,4.332384e-01,-3.605956e-01,1.639656e+00
2122,1.866127e-16,-5.956385e-05,-1.295538e-05,4.950784e-04,2.174981e-01,-3.725529e-01,1.498609e+00
2123,3.510571e-17,-6.967485e-05,-6.798700e-06,4.884659e-04,1.190775e-01,4.372707e-01,3.431900e+00
2124,2.495852e-17,-5.124740e-05,-2.270935e-05,4.894922e-04,5.746531e-01,-4.664175e+00,1.367927e+01
2125,1.754278e-17,-6.716071e-05,-1.779517e-05,4.818036e-04,1.358373e+00,-5.382753e-01,7.696651e+00
2126,2.535656e-18,-6.171829e-05,-7.827229e-07,4.968168e-04,-5.819610e-03,-3.902882e-02,7.251648e+00
2127,2.359565e-18,-5.076997e-05,-1.564001e-06,4.936904e-04,7.050692e-01,1.965856e-02,6.415128e+00
2128,8.681476e-19,-6.500278e-05,-1.601629e-05,4.834985e-04,-1.725994e-01,-4.245182e-01,2.462750e+00
2129,1.218008e-18,-5.156754e-05,-2.148616e-05,4.851604e-04,3.558940e-01,-3.997356e+00,1.321188e+01
2130,4.422024e-18,-5.148454e-05,-2.020289e-05,4.815811e-04,-5.405736e-01,-2.301657e+00,8.833313e+00
2131,2.297254e-18,-6.015640e-05,-2.460945e-05,4.854863e-04,-1.274746e-01,-7.351195e-03,2.587910e+00
2132,1.765320e-17,-6.236257e-05,1.744799e-05,4.945026e-04,-3.485571e+00,1.842194e-01,1.654897e+01
2133,1.105388e-18,-7.183116e-05,1.716706e-05,4.988294e-04,4.516430e-01,1.345696e-01,-2.253576e+00
2134,5.339797e-19,-5.624362e-05,1.132818e-05,4.793172e-04,1.563921e+00,-1.058226e+00,2.938992e+00
2135,7.826180e-19,-5.664159e-05,1.794243e-05,4.941542e-04,2.079528e+00,-1.413039e+00,3.880576e-01
2136,1.098726e-16,-5.808695e-05,1.157780e-05,4.955264e-04,7.627230e-01,8.854378e-02,1.174191e+01
2137,2.866160e-17,-6.049533e-05,1.651427e-05,4.850592e-04,5.315953e-01,2.843916e-01,1.192638e+01
2138,9.273395e-18,-5.259094e-05,8.537608e-06,4.946772e-04,5.045618e+00,8.355116e-01,1.095337e+01
2139,3.361521e-18,-6.241949e-05,9.985552e-06,4.865163e-04,-2.451125e+00,3.852646e-01,1.059152e+01
2140,4.648068e-18,-5.482147e-05,1.710186e-05,4.960072e-04,-8.737407e-01,4.271436e-01,6.481881e+00
2141,2.794888e-18,-5.937340e-05,3.910763e-06,5.007423e-04,-8.116983e-03,-1.143159e-02,6.522836e+00
2142,8.286921e-19,-5.921518e-05,1.289047e-05,4.790220e-04,-1.613505e+00,-1.602999e+00,7.384777e+00
2143,6.879396e-19,-5.976611e-05,1.367203e-05,4.804494e-04,-1.608984e-01,1.316705e-01,7.852079e+00
2144,8.773571e-19,-5.925397e-05,1.445368e-05,4.827046e-04,-1.357697e+00,-7.120976e-01,1.049651e+01
2145,2.390028e-19,-5.898442e-05,1.523473e-05,4.840021e-04,-1.259490e+00,-3.554472e-01,1.187779e+01
2146,3.732603e-18,-6.017969e-05,9.322412e-06,4.813407e-04,3.584952e-01,4.250161e-01,5.242837e+00
2147,1.420385e-18,-6.100925e-05,1.039435e-05,4.836666e-04,3.368081e-01,-1.371249e+00,6.913447e+00
2148,4.487056e-18,-5.937484e-05,3.910031e-06,4.972169e-04,-5.503488e-03,-3.391099e-02,6.944014e+00
2149,1.598833e-17,-5.937497e-05,4.041481e-06,4.921542e-04,-2.672481e-04,2.214081e-01,7.745005e+00
2150,4.083439e-18,-5.854464e-05,8.647993e-06,4.861888e-04,3.175398e-01,8.130372e-01,6.808794e+00
2151,2.113490e-17,-6.916849e-05,2.415834e-05,4.974342e-04,-2.135778e-02,-4.616435e-02,1.543731e+00
2152,2.440998e-19,-5.898407e-05,1.210909e-05,4.777562e-04,5.936250e-01,-1.674408e+00,5.114417e+00
2153,2.477631e-19,-5.820316e-05,8.203197e-06,4.777553e-04,1.527230e+00,-1.225067e+00,-2.084361e+00
2154,1.009254e-18,-3.985189e-05,-1.639663e-05,5.011640e-04,-4.028439e-03,-1.462474e-02,-1.491774e-01
2155,1.192595e-18,-3.435830e-05,-1.254262e-05,4.824384e-04,2.002927e-01,-5.320385e-01,2.218343e+00
2156,9.649340e-18,-4.185912e-05,-1.686384e-05,4.820565e-04,2.724899e-01,1.186805e+00,3.653139e+00
2157,2.805609e-17,-3.566822e-05,-6.262449e-06,4.966888e-04,1.286549e+00,3.207697e-01,1.211413e+01
2158,2.617727e-18,-4.219154e-05,-8.591285e-06,5.006813e-04,1.252326e-01,-4.180187e-02,1.037069e+01
2159,1.397901e-18,-3.746985e-05,-6.282412e-06,4.894372e-04,6.488651e-01,3.511176e-02,8.685632e+00
2160,1.453622e-18,-4.218775e-05,-8.592528e-06,4.941202e-04,-1.115684e-01,3.576317e-01,1.002503e+01
2161,4.127632e-17,-3.225103e-05,-3.523796e-06,4.973392e-04,-2.160850e+00,1.384106e+00,4.861112e+00
2162,2.886856e-18,-3.594132e-05,-1.562821e-06,4.874606e-04,-6.958050e-02,1.274578e-01,7.821884e+00
2163,2.992386e-18,-3.592977e-05,-1.564167e-06,4.945413e-04,8.200619e-02,-1.092853e+00,7.494808e+00
2164,2.235797e-18,-4.609557e-05,-8.605317e-06,4.952858e-04,-7.944040e-02,2.933013e-02,7.047192e+00
2165,3.608872e-18,-4.687638e-05,-4.688730e-06,4.952891e-04,2.716224e-01,6.739101e-02,8.803784e+00
2166,2.544722e-18,-4.220713e-05,-8.586429e-06,4.859687e-04,-2.055899e-01,8.279253e-01,6.868781e+00
2167,1.234880e-18,-3.445418e-05,-1.586522e-05,4.913308e-04,6.537144e-02,2.947114e-01,6.922911e+00
2168,1.750571e-18,-3.447976e-05,-8.707437e-06,4.947672e-04,-1.277901e+00,3.612098e+00,7.052229e+00
2169,2.348782e-18,-2.890452e-05,-7.028923e-06,4.890433e-04,-2.008336e-01,4.263202e-01,3.416413e+00
2170,2.407341e-18,-3.748500e-05,-6.200670e-06,4.851694e-04,6.960570e-01,-9.605192e-01,5.760722e+00
2171,1.532402e-17,-4.287781e-05,-2.425362e-05,4.976465e-04,3.604290e-02,5.452628e-02,1.672646e+00
2172,4.194198e-18,-3.827587e-05,-2.460940e-05,4.900695e-04,-1.652993e-02,-2.834976e-03,2.370464e+00
2173,1.245130e-16,-1.609412e-05,6.309951e-06,4.972980e-04,3.875452e-02,-1.529201e+00,1.157482e+01
2174,2.329646e-18,-2.264067e-05,1.719835e-05,4.843856e-04,-2.846506e-02,8.189953e-02,-4.009112e+00
2175,2.259019e-17,-3.199412e-06,1.147324e-05,4.877251e-04,2.742352e-01,4.063145e-01,6.593780e-01
2176,1.474057e-17,-1.659142e-05,3.775610e-06,4.805744e-04,-1.506787e+00,-4.177054e+00,4.700648e+00
2177,5.744761e-19,-5.860623e-06,2.028020e-05,4.971913e-04,-1.230695e+00,3.509341e+00,4.527163e-01
2178,3.202514e-18,-7.821469e-06,1.875082e-05,4.944476e-04,-5.110569e-01,7.901938e-02,-1.424899e+00
2179,2.712491e-17,-1.494278e-05,1.489050e-05,4.912533e-04,2.463078e+00,-1.251350e+00,9.577780e+00
2180,8.194069e-18,-1.607730e-05,9.815120e-06,4.860074e-04,1.731901e+00,-4.040448e-01,7.734289e+00
2181,9.848646e-19,-1.339925e-05,4.056716e-06,4.847382e-04,1.372241e-01,1.905262e+00,4.975313e+00
2182,4.157346e-18,-1.870228e-05,1.483180e-05,4.817793e-04,5.592657e-01,-1.377204e+00,5.678400e+00
2183,5.753390e-19,-6.641193e-06,5.078276e-06,4.866607e-04,-3.192447e-01,1.207914e+00,1.688081e+01
2184,2.090671e-18,-2.257181e-04,-5.410864e-06,4.733858e-04,2.692562e-01,6.616504e-02,-1.930379e-01
2185,6.656524e-18,-2.350311e-04,-8.475752e-06,4.746720e-04,9.698359e-01,2.392460e+00,-2.791520e-01
2186,1.878834e-18,-2.296302e-04,-1.087883e-05,4.755177e-04,-3.215646e-01,-1.232224e-02,-1.009396e+00
2187,1.726103e-18,-2.410156e-04,1.581664e-07,4.744394e-04,1.313527e+00,-2.605195e+00,5.408846e+00
2188,7.337152e-19,-2.355470e-04,-1.553404e-05,4.707286e-04,1.371930e+00,3.822961e+00,-2.979247e+00
2189,5.816638e-19,-2.363279e-04,-1.601573e-05,4.718388e-04,1.886378e+00,9.802602e-01,-3.729763e+00
2190,2.966343e-19,-2.394532e-04,-1.171838e-06,4.715063e-04,3.091376e+00,-1.221373e+00,2.797188e+00
2191,2.426237e-18,-2.312018e-04,-2.193208e-05,4.756892e-04,-6.488290e-01,2.905111e-01,1.440892e+00
2192,1.369000e-18,-2.343239e-04,1.021411e-05,4.769776e-04,1.102265e-01,1.712181e-01,1.796424e-01
2193,1.666441e-18,-2.324218e-04,1.210957e-05,4.734571e-04,2.568650e+00,-2.139190e+00,5.811311e-02
2194,2.482200e-19,-2.402344e-04,3.906546e-07,4.730683e-04,1.091890e+00,5.064155e-01,6.056830e+00
2195,5.621581e-19,-2.339850e-04,1.250415e-05,4.769755e-04,-6.699048e-01,-1.677729e+00,7.771085e+00
2196,1.143393e-18,-2.332029e-04,1.248805e-05,4.758030e-04,2.149495e+00,-2.551223e+00,5.160883e+00
2197,1.218311e-17,-2.463459e-04,1.629786e-05,4.733388e-04,3.147492e-02,-1.497595e+00,9.549663e-01
2198,2.733957e-18,-2.164165e-04,-8.583804e-06,4.750184e-04,8.194836e-01,1.971263e-01,2.320779e-01
2199,2.568455e-18,-2.015236e-04,-3.888938e-06,4.742498e-04,4.768425e-01,3.546198e-01,8.680650e-02
2200,2.874881e-17,-2.172699e-04,-3.128655e-06,4.754497e-04,-8.421313e-01,-4.940304e-01,1.999069e+00
2201,6.374915e-19,-2.191406e-04,-4.296921e-06,4.711388e-04,-8.935297e-01,-1.806255e+00,-1.524961e+00
2202,2.826521e-19,-2.011718e-04,1.914089e-05,4.746354e-04,-7.194113e-01,5.592209e-01,4.440053e+00
2203,7.837670e-19,-2.019532e-04,1.914087e-05,4.731089e-04,-3.450159e-01,-9.438336e-01,2.935353e+00
2204,2.459614e-19,-2.011715e-04,1.835921e-05,4.722935e-04,-7.936320e-01,8.266655e-01,2.416071e+00
2205,3.230625e-18,-2.015650e-04,2.309346e-06,4.757965e-04,-3.816752e-01,-4.403903e-01,-3.688084e+00
2206,4.621612e-17,1.647667e-04,1.946672e-06,5.252326e-04,-1.252380e+00,-4.566063e-01,4.844848e+00
2207,8.783003e-17,1.677000e-04,7.490296e-06,5.225312e-04,-1.323912e+00,1.896330e-01,1.140138e+01
2208,3.771119e-18,1.546306e-04,1.498451e-05,5.153606e-04,2.512253e-01,7.961923e-02,4.527461e+00
2209,8.652916e-18,1.576843e-04,1.014840e-05,5.232971e-04,-5.775009e-01,-9.098365e-02,1.317220e+01
2210,5.434454e-18,1.517668e-04,3.879866e-06,5.064161e-04,3.265467e-01,3.896265e-01,1.115988e+01
2211,1.145715e-18,1.570330e-04,1.013931e-05,5.080569e-04,-1.198985e-01,9.785679e-02,7.514520e+00
2212,1.272965e-18,1.703113e-04,1.716227e-05,5.187306e-04,-3.338382e-02,2.844292e-02,5.815360e+00
2213,3.122332e-18,1.726514e-04,1.252617e-05,5.213307e-04,-2.837279e+00,1.622686e-01,4.997144e+00
2214,8.932160e-18,1.609447e-04,1.634592e-05,5.258777e-04,1.488096e-01,4.719471e-01,4.488331e+00
2215,1.139124e-17,1.676208e-04,1.756021e-05,5.225385e-04,-5.340487e-01,-4.108654e-01,3.900490e+00
2216,4.879323e-18,1.671915e-04,2.345538e-06,5.073020e-04,2.181316e-01,-1.387857e-02,5.268937e+00
2217,1.370842e-17,1.733099e-04,1.555484e-05,5.110987e-04,3.805474e-01,-1.088243e-01,3.994404e+00
2218,4.049389e-18,1.546786e-04,1.246747e-05,5.201493e-04,-1.693521e-02,3.083575e-02,4.530098e+00
2219,2.456845e-17,1.547608e-04,5.659285e-06,5.167096e-04,1.276105e+00,6.983623e-01,2.680603e+00
2220,4.595346e-18,1.578146e-04,4.686379e-06,5.103195e-04,1.515584e-02,2.401780e-02,2.642091e+00
2221,3.790031e-17,1.769671e-04,7.122185e-06,5.227740e-04,-1.359442e+00,-8.639197e-01,1.023681e+01
2222,7.669274e-18,1.960628e-04,1.272619e-06,5.131609e-04,3.896983e-01,6.065343e-01,2.186222e+01
2223,3.171522e-17,1.829957e-04,3.547197e-06,5.145290e-04,-4.923797e-01,4.317146e-02,8.365991e+00
2224,2.422390e-18,1.922038e-04,7.569576e-07,5.076489e-04,8.637878e-01,6.013266e-01,9.158407e+00
2225,1.279286e-17,1.797078e-04,1.134544e-05,5.131129e-04,-9.859110e-01,-6.039578e-01,8.700331e+00
2226,5.178519e-18,1.828128e-04,5.460624e-06,5.072218e-04,1.526616e-02,-6.363534e-02,7.552149e+00
2227,5.048224e-19,1.964858e-04,1.540599e-06,5.087412e-04,5.445726e-01,1.412645e+00,1.737153e+01
2228,2.771029e-18,1.765464e-04,1.093527e-05,5.045468e-04,-6.274117e-01,9.794801e-02,4.478811e+00
2229,1.064488e-16,1.588342e-04,-1.555100e-05,5.135786e-04,-4.606541e-01,-5.533668e-01,1.814464e+01
2230,4.463706e-17,1.667412e-04,-1.324015e-05,5.290993e-04,4.465092e+00,-8.001994e-02,2.178137e+01
2231,6.928999e-18,1.573774e-04,-1.756011e-05,5.054729e-04,-1.111799e+00,-3.336197e-01,1.818355e+01
2232,3.162228e-18,1.632993e-04,-1.406676e-05,5.030727e-04,1.311649e+00,-6.233767e-02,1.123460e+01
2233,8.597675e-17,1.766153e-04,-1.328402e-05,5.111484e-04,1.205695e+00,4.009202e-02,5.152388e+00
2234,1.726239e-17,1.570906e-04,-1.176450e-05,5.062405e-04,7.124178e-01,-9.063125e-02,1.623290e+01
2235,2.806217e-18,1.679659e-04,-4.672733e-06,5.235502e-04,4.880416e-02,5.769992e-01,3.515950e+00
2236,1.245851e-18,1.703111e-04,-1.876125e-05,5.042750e-04,3.938680e-02,3.708721e-01,8.162895e+00
2237,1.795213e-17,1.548852e-04,-4.976989e-06,5.160426e-04,-7.290755e-01,-9.778702e-01,3.119231e+00
2238,5.051181e-18,1.609371e-04,-4.688531e-06,5.027279e-04,-8.614299e-02,5.850656e-03,4.216528e+00
2239,3.402910e-18,1.710964e-04,-1.405961e-05,5.190661e-04,7.145026e-02,1.491160e-01,3.699629e+00
2240,2.285494e-17,1.936044e-04,-6.443166e-06,5.198640e-04,1.482706e-01,-4.185140e+00,1.599196e+01
2241,3.658173e-18,1.914127e-04,-1.328012e-05,5.205734e-04,9.821852e-01,1.010525e+00,8.304227e+00
2242,6.281405e-17,1.920959e-04,-1.349261e-05,5.203428e-04,9.763164e-01,7.931727e-01,7.991436e+00
2243,2.576203e-18,1.922228e-04,-1.578518e-06,5.128987e-04,-3.234969e-02,-1.799050e+00,1.255182e+01
2244,1.172583e-17,1.945490e-04,-6.250972e-06,5.123730e-04,-1.111108e-01,1.146006e-01,1.005422e+01
2245,1.872076e-17,1.842322e-04,-7.989537e-06,5.073552e-04,5.543045e-01,-1.521671e+00,4.119885e+00
2246,2.413533e-18,1.976543e-04,-1.483344e-05,5.205256e-04,-1.948988e-02,1.518552e-01,3.765610e+00
2247,7.930707e-17,1.684436e-04,-1.204357e-05,5.388697e-04,2.097495e+00,-7.467511e-01,1.495596e+01
2248,1.557531e-16,1.655859e-04,-1.271857e-06,5.457631e-04,-4.458059e-01,8.326459e-02,7.764260e+00
2249,3.863255e-18,1.640618e-04,-1.561802e-05,5.349732e-04,1.490493e-01,-3.536480e-02,1.131153e+01
2250,2.005524e-18,1.609397e-04,-4.689774e-06,5.493555e-04,-6.408343e-02,-4.900371e-02,7.313330e+00
2251,3.062744e-18,1.664600e-04,-6.997074e-06,5.459794e-04,-5.455098e-01,-7.805918e-01,6.331647e+00
2252,2.451981e-18,1.609386e-04,-4.700833e-06,5.331096e-04,-4.949665e-03,-7.418690e-03,6.176985e+00
2253,1.314300e-18,1.711159e-04,-1.409167e-05,5.413082e-04,6.701463e-02,-4.050077e-01,4.767358e+00
2254,5.690747e-17,1.593774e-04,8.122624e-06,5.397039e-04,-7.693854e-01,-4.891185e-01,1.253423e+01
2255,3.196335e-17,1.636084e-04,9.847241e-06,5.477893e-04,-1.406191e+00,-6.379006e-01,6.765328e+00
2256,1.499064e-17,1.555999e-04,1.139327e-05,5.434430e-04,1.634796e-01,-9.265201e-02,7.880969e+00
2257,1.893557e-17,1.588398e-04,7.041651e-06,5.455906e-04,8.855423e-02,-6.227750e-01,8.130152e+00
2258,8.718144e-17,1.665482e-04,1.848662e-05,5.411608e-04,-6.648312e-01,-2.897927e-01,5.492268e+00
2259,2.406467e-17,1.532330e-04,1.935640e-05,5.484845e-04,4.887968e-01,-2.721202e-02,7.280795e+00
2260,1.016833e-17,1.648660e-04,4.736726e-06,5.432576e-04,9.617347e-01,-1.207417e-01,6.728334e+00
2261,2.217399e-18,5.389074e-06,1.709888e-04,4.766567e-04,-9.131062e-01,-4.623101e-02,-3.235661e-01
2262,2.762118e-17,-5.762804e-06,1.527461e-04,4.769290e-04,1.400356e+00,1.925700e+00,-3.432513e-01
2263,2.403484e-17,1.657726e-05,1.516192e-04,4.755966e-04,9.145490e-01,-1.493472e+00,-1.164412e+00
2264,1.208966e-18,6.640626e-06,1.507699e-04,4.749871e-04,-7.525841e-01,2.603685e+00,1.664788e+00
2265,1.905544e-18,5.092451e-07,1.500800e-04,4.752616e-04,-1.701664e+00,9.699767e-01,-1.388998e+00
2266,2.139972e-17,-8.638761e-06,1.679935e-04,4.790309e-04,1.913108e+00,2.295071e+00,2.636031e+00
2267,7.787039e-18,-4.479502e-06,1.710902e-04,4.765704e-04,-4.824660e+00,-3.633430e-01,-8.954555e-02
2268,4.798637e-18,-1.019176e-05,1.561462e-04,4.772577e-04,-3.319355e-01,-7.291484e-01,5.438309e-01
2269,1.140674e-17,-8.764465e-06,1.454955e-04,4.776092e-04,5.597314e-01,-3.071777e+00,-4.008051e+00
2270,2.881852e-18,-1.094222e-05,1.398359e-04,4.773215e-04,-2.969619e-01,-1.173326e-01,3.220239e+00
2271,4.567242e-17,-1.823126e-05,1.509231e-04,4.823548e-04,-4.064727e-01,-2.926186e-01,5.392546e+00
2272,3.382051e-18,-7.813673e-06,1.492217e-04,4.999496e-04,-1.095425e-01,3.937356e-02,4.253458e+00
2273,6.549240e-17,-1.377745e-05,1.478408e-04,4.955911e-04,7.824895e-01,-1.281061e-01,8.722122e+00
2274,3.611327e-17,-9.410613e-06,1.480876e-04,4.891926e-04,-2.256147e+00,1.376561e+00,6.874151e+00
2275,1.409271e-18,-1.486857e-05,1.281136e-04,4.886868e-04,4.112674e-01,1.607103e-01,-1.832779e+00
2276,3.342325e-17,-2.395843e-05,1.388198e-04,4.986276e-04,7.858486e-02,-3.825938e-03,9.234823e-01
2277,8.147632e-19,-1.601987e-05,1.484752e-04,4.918041e-04,-3.706812e+00,2.305482e-01,1.219578e+01
2278,2.139500e-17,-1.994697e-05,1.400299e-04,4.963713e-04,2.772935e-01,1.368744e+00,9.769893e+00
2279,1.111571e-18,-1.093789e-05,1.398207e-04,4.988032e-04,4.423685e-02,2.921474e-02,7.003367e+00
2280,2.059566e-17,-1.912303e-05,1.475835e-04,4.843669e-04,3.440686e-01,2.683478e+00,6.038529e+00
2281,1.154229e-17,-8.042298e-06,1.316902e-04,4.973606e-04,3.965074e-01,-2.421940e-01,5.878816e+00
2282,1.994494e-18,-6.092912e-06,1.461297e-04,4.837399e-04,7.211627e-02,9.655387e-01,4.541137e+00
2283,1.111889e-18,-1.093914e-05,1.398409e-04,4.956880e-04,2.974835e-01,-5.169566e-02,8.520832e+00
2284,5.809016e-18,-7.025153e-06,1.303597e-04,4.878758e-04,2.365311e-02,6.341611e-01,3.822636e+00
2285,3.128098e-18,-2.343966e-06,1.296878e-04,4.999293e-04,3.947869e-01,-6.958791e-02,1.799190e+00
2286,4.559850e-18,-1.798970e-05,1.300560e-04,5.023741e-04,1.153767e+00,9.525579e-01,2.369911e-01
2287,1.403748e-18,-1.094064e-05,1.398497e-04,4.839975e-04,5.960390e-02,-1.536405e-01,2.449779e+00
2288,2.857533e-18,-1.094171e-05,1.398529e-04,4.812104e-04,-7.962815e-01,5.652359e-02,3.048327e+00
2289,1.280429e-16,-9.216596e-06,1.307614e-04,5.185885e-04,-5.541212e-01,-1.227074e+00,1.250051e+01
2290,8.442199e-17,-1.362043e-05,1.402553e-04,5.226139e-04,-1.228235e+00,2.146352e-01,4.365381e+00
2291,1.995237e-16,-1.387881e-05,1.406798e-04,5.226092e-04,-1.084247e+00,2.729215e-01,4.407320e+00
2292,1.120026e-16,-7.666401e-06,1.422514e-04,5.107130e-04,2.049160e+00,5.634855e-01,1.257865e+01
2293,8.545682e-18,-2.096895e-05,1.253605e-04,5.186145e-04,3.887692e-01,-9.973725e-01,3.715450e+00
2294,4.516927e-17,-1.852607e-05,1.627930e-04,5.015759e-04,-3.642141e-01,-1.518043e+00,3.783873e+00
2295,3.132921e-17,-4.280883e-06,1.697343e-04,4.949184e-04,-2.386581e+00,5.512713e-01,3.379490e+00
2296,3.505636e-17,-8.737481e-06,1.641780e-04,4.856229e-04,1.026058e+00,2.919969e-01,2.560586e+00
2297,2.305106e-18,-1.718248e-05,1.617157e-04,4.866820e-04,-1.441140e-01,7.414521e-01,6.789996e-01
2298,7.627873e-19,-1.626666e-05,1.680973e-04,4.863459e-04,-3.401222e-01,-1.658464e-01,1.589055e+00
2299,1.271383e-17,-1.065259e-05,1.707673e-04,4.952876e-04,5.870100e-01,-7.517193e-01,8.903435e+00
2300,1.493136e-18,-1.015896e-05,1.734330e-04,5.030793e-04,7.911097e-01,-5.211887e-01,8.894162e+00
2301,1.491230e-17,-1.253946e-05,1.757768e-04,4.958084e-04,-1.057172e+00,7.124616e-01,1.123980e+01
2302,1.302894e-17,-5.914673e-06,1.542204e-04,4.933598e-04,-3.929953e-01,5.361992e-01,2.690786e+00
2303,5.323372e-18,-2.754039e-06,1.664271e-04,4.861256e-04,7.014096e-01,-7.368533e-01,3.509623e+00
2304,1.701315e-17,-2.421399e-05,1.676993e-04,4.999961e-04,-1.721571e-01,-3.734142e-02,7.073456e-01
2305,2.010501e-17,-1.030600e-05,1.633858e-04,5.047803e-04,1.496908e+00,4.731717e-01,7.300056e+00
2306,1.394525e-18,-2.339840e-06,1.640638e-04,4.917679e-04,-4.873347e-01,-5.997485e-02,4.776365e+00
2307,4.650806e-18,-9.376891e-06,1.578161e-04,4.877608e-04,8.244996e-02,1.215167e-02,1.922762e+00
2308,3.272418e-18,-2.313751e-06,1.640513e-04,4.859195e-04,1.266034e-01,-2.511840e-01,2.515382e+00
2309,7.832964e-18,-2.433414e-05,1.726599e-04,4.905492e-04,-6.069720e-03,-1.380894e-02,2.059831e+00
2310,3.218027e-18,-1.327114e-05,1.757487e-04,5.144664e-04,8.777841e-01,-5.474765e-01,2.050852e+01
2311,4.099314e-17,-7.735530e-06,1.720857e-04,5.274516e-04,-1.139994e+00,-2.744203e+00,1.727740e+01
2312,3.157813e-18,-1.018193e-05,1.687479e-04,5.168233e-04,3.649662e-01,3.509399e-02,1.297679e+01
2313,4.037463e-18,-1.093390e-05,1.640610e-04,5.179448e-04,8.968041e-01,3.940734e-02,1.046774e+01
2314,7.997440e-18,-8.634627e-06,1.578295e-04,5.185711e-04,7.142089e-01,2.178302e-01,9.085056e+00
2315,1.853238e-18,-8.601975e-06,1.658118e-04,5.138787e-04,2.059716e-01,5.314574e-01,8.277278e+00
2316,4.719684e-18,-9.378876e-06,1.687447e-04,5.080328e-04,-7.867111e-02,-2.139539e-02,9.279596e+00
2317,9.626966e-18,-4.705363e-06,1.658604e-04,5.200320e-04,1.813650e-01,2.290015e-01,9.938464e+00
2318,2.625874e-18,-2.310291e-06,1.531351e-04,5.151919e-04,-4.812129e-01,-2.127808e-02,7.104161e+00
2319,9.245519e-18,-1.169097e-05,1.695430e-04,5.214844e-04,1.313969e+00,-1.245754e-01,8.981343e+00
2320,4.539389e-18,-8.597511e-06,1.647631e-04,5.113277e-04,2.937498e-02,-6.334233e-01,1.068514e+01
2321,1.007932e-18,-7.031317e-06,1.586026e-04,5.239543e-04,9.028629e-02,-2.141095e-01,6.992506e+00
2322,7.310907e-18,-2.119353e-05,1.661378e-04,5.264718e-04,-1.280296e+00,2.838973e-01,4.389843e+00
2323,5.259825e-18,-1.874892e-05,1.624991e-04,5.276993e-04,-4.748764e-01,1.367245e-01,6.911309e+00
2324,3.254314e-18,7.026246e-06,-4.452967e-05,5.276046e-04,1.309696e-01,-4.898455e-02,2.956914e+00
2325,4.988771e-18,7.807418e-06,-3.827787e-05,5.465742e-04,5.171127e-02,-8.344661e-03,5.924821e+00
2326,2.764507e-18,1.172916e-05,-4.217321e-05,5.331142e-04,-4.019248e-01,-1.443526e-01,5.324039e+00
2327,1.982392e-18,1.328373e-05,-3.905954e-05,5.352749e-04,-5.678664e-03,5.538969e-03,5.569150e+00
2328,7.556966e-18,1.715225e-05,-4.729668e-05,5.134374e-04,-5.079829e-01,3.390031e+00,5.653331e+00
2329,2.953417e-18,7.815212e-06,-3.825988e-05,5.053656e-04,-2.564555e-01,6.454995e-01,2.524608e+00
2330,2.287873e-17,-1.150576e-05,-3.674548e-05,5.223886e-04,2.074383e+00,-5.998525e+00,2.577330e+01
2331,1.067763e-16,-6.814690e-06,-4.043607e-05,5.178145e-04,-4.297971e-01,5.737066e-01,4.196345e+00
2332,3.303720e-18,-1.406147e-05,-3.439074e-05,5.152933e-04,-8.679617e-01,-4.513751e+00,2.207425e+01
2333,5.545892e-18,-1.402538e-05,-3.276502e-05,5.118821e-04,9.872146e-02,-3.568406e+00,2.365548e+01
2334,2.901241e-17,-1.719476e-05,-4.754500e-05,5.100833e-04,-1.299416e-01,1.610921e+00,6.368237e+00
2335,3.701475e-18,-1.484540e-05,-2.890252e-05,5.175209e-04,3.253206e-01,-3.604835e-01,4.506590e+00
2336,3.576725e-17,-1.451417e-05,-2.910275e-05,5.179184e-04,6.104460e-01,-6.267008e-01,4.720388e+00
2337,4.800301e-18,-1.251438e-05,-4.218238e-05,5.119663e-04,7.549674e-02,6.770089e-01,5.208784e+00
2338,5.607502e-18,-1.953780e-05,-4.387976e-05,5.073783e-04,-1.007816e+00,-1.685655e+00,2.958418e+00
2339,4.723850e-19,-1.757811e-05,-3.905524e-06,5.041445e-04,-2.815387e-01,-1.701284e-01,-3.902967e-01
2340,1.082972e-17,-6.261966e-06,-2.104342e-05,5.244871e-04,-9.860110e-02,-1.979829e+00,1.528752e+00
2341,2.939485e-17,-1.240682e-05,-3.826737e-06,5.195684e-04,3.598859e-02,2.643934e-01,1.351347e+01
2342,2.083295e-17,-5.121100e-06,-1.667388e-05,5.174230e-04,5.793256e-01,-1.452367e-01,9.132253e+00
2343,1.399890e-17,-4.988246e-06,-1.545590e-05,5.065462e-04,-1.742047e-01,-1.167553e-02,8.101210e+00
2344,2.379112e-17,-8.046934e-06,-1.019224e-05,5.245711e-04,6.475976e-01,9.606533e-01,5.583746e+00
2345,3.982296e-17,-1.252265e-05,-9.729755e-06,5.111321e-04,-4.562463e-01,1.043870e-01,3.632317e+00
2346,4.029523e-16,1.162691e-05,-6.694401e-05,5.456785e-04,-4.017480e-01,-2.832984e-02,9.368079e+00
2347,6.848087e-18,-5.470179e-06,-6.640625e-05,5.444551e-04,1.909216e-01,-8.133209e-01,1.027376e+01
2348,8.015454e-17,-5.191595e-06,-6.665778e-05,5.440827e-04,2.180867e-01,-7.255691e-01,1.007953e+01
2349,2.197670e-18,-1.106303e-05,-5.501857e-05,5.497668e-04,-1.596330e+00,1.316855e+00,1.900511e+01
2350,4.311933e-18,-1.171911e-05,-6.562886e-05,5.470475e-04,-7.968799e-02,4.473251e-02,8.239915e+00
2351,4.544591e-18,-2.264910e-05,-5.312542e-05,5.421492e-04,-7.918126e-01,1.185420e-01,5.818970e+00
2352,4.294804e-18,-2.345762e-06,-6.015526e-05,5.373275e-04,-1.364069e-02,-1.723915e-02,5.223077e+00
2353,8.860981e-19,-7.231694e-06,-7.285557e-05,5.460450e-04,-8.993924e-02,-6.448136e-02,1.418098e+00
2354,3.520116e-17,1.141864e-05,-5.291757e-05,5.348919e-04,-4.196801e-02,9.671566e-01,7.976314e+00
2355,4.084156e-18,9.376389e-06,-5.702579e-05,5.412586e-04,2.414637e-01,-2.918145e-02,6.211649e+00
2356,7.232318e-18,1.268760e-05,-6.015911e-05,5.291655e-04,-2.935459e-01,-3.981346e-01,9.453552e+00
2357,2.108983e-17,1.949705e-06,-5.313123e-05,5.294792e-04,-7.662827e-01,-6.887738e-01,4.800342e+00
2358,2.573397e-19,1.446063e-05,-7.304883e-05,5.448424e-04,2.245906e-02,2.361339e-01,1.202903e+00
2359,2.519595e-16,5.542620e-05,-8.250093e-06,5.433298e-04,3.149076e-01,-1.634124e+00,1.822368e+01
2360,5.589636e-17,5.580718e-05,3.319801e-06,5.170138e-04,1.376692e+00,1.577321e-01,9.233250e+00
2361,2.553419e-17,6.201493e-05,1.185423e-05,5.275045e-04,-9.857496e+00,2.351316e+00,3.944171e+01
2362,6.168491e-17,6.676657e-05,2.565345e-06,5.470193e-04,2.713798e+00,1.807417e-01,1.429964e+01
2363,4.536485e-18,5.307665e-05,-8.064020e-06,5.334506e-04,-2.547840e-01,-2.044719e-01,1.724619e+01
2364,2.033322e-17,6.446774e-05,1.328802e-05,5.331636e-04,2.438099e+00,8.370544e-01,1.044279e+01
2365,7.053568e-18,5.547213e-05,1.797063e-05,5.302671e-04,-2.063190e-01,-7.530827e-02,5.855329e+00
2366,6.960710e-17,5.540040e-05,1.737761e-05,5.301429e-04,-2.989812e-01,-2.466572e-01,5.608352e+00
2367,2.796009e-18,6.875150e-05,1.719033e-05,5.388800e-04,-8.010056e-02,1.000920e-01,4.758998e+00
2368,4.599417e-18,7.188078e-05,1.483138e-05,5.491040e-04,9.204112e-01,6.459929e-01,1.020857e+01
2369,1.675016e-18,7.197770e-05,-1.251313e-05,5.421896e-04,1.028078e-01,2.661028e-02,6.622347e+00
2370,1.046163e-18,7.421517e-05,-8.593772e-06,5.305564e-04,4.465489e-03,-1.995389e-01,6.777107e+00
2371,3.055100e-18,5.937442e-05,-1.718798e-05,5.346091e-04,1.388390e-01,2.019044e-01,4.775181e+00
2372,4.814906e-18,5.936993e-05,-1.719121e-05,5.399767e-04,-5.553178e-02,-1.911753e-01,3.787021e+00
2373,2.693806e-18,6.249495e-05,-1.406613e-05,5.417239e-04,4.735654e-02,1.092517e-01,1.551639e+00
2374,1.414697e-17,6.546301e-05,1.091764e-05,5.198192e-04,-7.774493e+00,1.783195e-01,3.852698e+01
2375,1.475635e-18,6.712169e-05,1.012125e-05,5.118758e-04,-6.453412e+00,1.095774e+00,3.189350e+01
2376,4.615426e-17,7.179215e-05,-1.031038e-06,5.140082e-04,-7.045678e-02,1.616503e+00,1.261792e+01
2377,2.493449e-18,7.187031e-05,1.487343e-05,5.091677e-04,-8.564234e-02,7.456744e-01,2.564773e+00
2378,2.811324e-17,6.791874e-05,1.779820e-05,5.116004e-04,-2.525768e-01,1.163409e-01,1.161320e+01
2379,7.394487e-18,7.188628e-05,6.323297e-06,5.207981e-04,-8.359155e-02,-1.253186e+00,7.926330e+00
2380,1.544496e-16,6.875063e-05,-9.745335e-06,5.094098e-04,4.374308e-01,3.415066e-01,8.344421e+00
2381,4.293676e-17,5.443002e-05,-5.889026e-06,5.233471e-04,-1.090744e-01,-2.238728e-01,1.393949e+01
2382,1.500289e-17,5.626805e-05,-2.182184e-06,5.177851e-04,-2.839094e-03,7.339164e-02,1.109651e+01
2383,2.997396e-18,5.231981e-05,-1.545217e-06,5.122017e-04,5.571792e-01,1.007911e+00,9.837479e+00
2384,3.955654e-17,6.993872e-05,-6.311862e-06,5.201864e-04,3.515384e-01,1.313666e-01,7.149705e+00
2385,3.156462e-18,7.343223e-05,-3.897175e-06,5.068588e-04,2.504189e-01,3.868642e-01,9.904029e+00
2386,5.813065e-18,7.509376e-05,-8.602569e-06,5.187132e-04,6.609787e-02,1.060294e+00,6.231140e+00
2387,1.671156e-17,9.138111e-05,-1.736740e-05,5.221011e-04,-3.353989e-01,-9.144272e-01,2.403946e+01
2388,6.804587e-18,9.062476e-05,-1.562763e-05,5.055130e-04,-4.654549e-02,7.707951e-03,1.686757e+01
2389,1.146195e-17,7.968318e-05,-1.858970e-05,5.232743e-04,-1.174132e-01,-2.546411e+00,1.296685e+01
2390,2.154528e-18,8.519238e-05,-3.171772e-06,5.234586e-04,1.308915e-01,8.891768e-02,1.002067e+01
2391,4.560933e-18,9.447012e-05,-2.878681e-06,5.083474e-04,3.345774e-01,-1.907910e+00,1.030909e+01
2392,2.098491e-18,7.968386e-05,-1.340615e-05,5.116734e-04,-3.601896e-02,-5.818601e-01,8.462572e+00
2393,5.209463e-18,8.516085e-05,-3.126499e-06,5.072204e-04,-1.652557e-02,1.296650e-01,6.583518e+00
2394,4.669819e-19,9.687862e-05,-6.640276e-06,5.148404e-04,1.883895e-01,1.775096e-01,3.536349e+00
2395,5.281653e-17,8.624468e-05,-7.739452e-06,5.381323e-04,7.089788e-01,-8.419360e-01,1.278834e+01
2396,1.466246e-18,7.890390e-05,-1.955124e-05,5.427974e-04,-6.605399e-02,1.514447e+00,1.570236e+01
2397,1.325998e-17,8.396684e-05,-2.152919e-05,5.485560e-04,-3.558574e+00,-9.262041e-02,1.013547e+01
2398,2.313930e-18,9.606067e-05,-1.631749e-06,5.288428e-04,-3.030116e-01,-1.252058e+00,1.189693e+01
2399,1.454518e-16,9.514292e-05,-5.682827e-06,5.390743e-04,3.391716e-01,-3.919634e-01,4.064144e+00
2400,4.319348e-18,8.358490e-05,-1.875704e-05,5.421576e-04,3.187371e-02,-6.503418e-02,5.038035e+00
2401,1.424699e-17,9.805883e-05,-1.760842e-05,5.289210e-04,-1.004486e-01,1.873256e-01,3.022709e+00
2402,1.465607e-16,-1.259782e-04,-1.205110e-05,5.479667e-04,-1.134148e+00,-1.392998e+00,1.313311e+01
2403,1.446881e-16,-1.223308e-04,-1.738408e-05,5.208791e-04,2.460093e+00,-2.062444e+00,1.576324e+01
2404,1.953572e-17,-1.244699e-04,-2.066701e-05,5.120786e-04,-1.363016e+00,-1.338526e+00,1.158214e+01
2405,5.564132e-18,-1.253115e-04,-1.615036e-05,5.061368e-04,9.718876e-01,-1.204861e+00,1.193849e+01
2406,2.969969e-17,-1.241095e-04,-8.796602e-06,5.150643e-04,5.209740e-01,-9.788580e-01,5.581820e+00
2407,2.832300e-18,-1.149036e-04,-1.969471e-06,5.439489e-04,1.926651e-01,-3.844106e+00,2.660579e+01
2408,8.322169e-18,-1.218308e-04,-5.472856e-06,5.401097e-04,3.646857e-01,-2.384060e-02,7.354462e+00
2409,1.269998e-16,-1.346521e-04,-1.881200e-05,5.221363e-04,2.717803e-01,-2.561294e-01,4.824715e+00
2410,2.559131e-18,-1.453128e-04,-3.126491e-06,5.090668e-04,-1.015501e-02,-8.022484e-02,1.313035e+00
2411,2.381895e-18,-1.289092e-04,-7.759001e-07,5.076048e-04,5.899161e-02,-8.479913e-03,5.706465e+00
2412,6.786578e-18,-1.273491e-04,-9.686615e-06,5.209183e-04,6.520162e-01,1.007437e+00,3.717564e+00
2413,4.767332e-18,-1.367165e-04,-8.969663e-07,5.049245e-04,1.527868e-02,6.455390e-01,3.584441e+00
2414,2.066434e-18,-1.476557e-04,-1.327533e-05,5.205766e-04,-3.382508e-01,5.712187e-02,4.618798e+00
2415,4.816097e-18,-1.374460e-04,-1.174611e-05,5.127342e-04,-1.039813e-01,-3.024311e-02,4.037509e+00
2416,2.599379e-18,-1.406268e-04,-9.370234e-06,5.198313e-04,-8.750860e-02,-2.598627e-02,2.062525e+00
2417,4.430874e-16,-1.370205e-04,-1.589137e-05,5.451808e-04,-7.049703e-01,-8.544638e-01,6.275131e+00
2418,1.731005e-17,-1.320131e-04,-5.093345e-06,5.389619e-04,-8.708611e-01,-9.540419e-01,6.999842e+00
2419,3.598838e-18,-1.476591e-04,-1.328000e-05,5.441576e-04,-5.315191e-02,8.682093e-03,7.536724e+00
2420,1.088287e-18,-1.476464e-04,-1.327648e-05,5.355669e-04,-7.727421e-02,-1.003092e-01,4.930842e+00
2421,2.619189e-18,-1.483349e-04,-5.091866e-07,5.496526e-04,3.047502e-01,-1.578041e+00,1.537987e+01
2422,2.489473e-18,-1.265605e-04,-1.801121e-05,5.352824e-04,4.778302e-01,6.997050e-02,4.729615e+00
2423,7.675460e-17,-1.449590e-04,4.499705e-06,5.440968e-04,8.092658e-01,4.483398e-02,8.940632e+00
2424,2.668191e-18,-1.343702e-04,1.563415e-05,5.431827e-04,2.407793e-02,-5.831978e-03,1.036754e+01
2425,1.696044e-18,-1.484372e-04,4.022799e-06,5.271125e-04,5.510389e-02,-3.394481e-03,8.447570e+00
2426,4.952070e-18,-1.335965e-04,1.689581e-06,5.433350e-04,6.007973e-02,7.732279e-01,8.655189e+00
2427,9.266502e-19,-1.375004e-04,9.379420e-06,5.305625e-04,5.810060e-03,-5.977908e-02,7.728378e+00
2428,1.345163e-18,-1.484454e-04,3.912583e-06,5.369770e-04,-3.591956e-02,1.987644e-01,7.766720e+00
2429,1.043983e-18,-1.398318e-04,4.687983e-06,5.334253e-04,7.430580e-02,-1.809606e-02,3.967674e+00
2430,4.814295e-18,-1.406258e-04,2.031693e-05,5.334274e-04,-1.327256e+00,9.128165e-01,7.463428e+00
2431,1.606864e-18,-1.397190e-04,4.690357e-06,5.388926e-04,-6.497125e-03,-3.651944e-02,3.581257e+00
2432,4.910431e-18,-1.273473e-04,4.830960e-06,5.404781e-04,5.764430e-02,1.854557e-01,5.085599e+00
2433,2.389199e-18,-1.484337e-04,3.898929e-06,5.220603e-04,-2.742847e-02,-3.053877e-01,8.047804e+00
2434,6.980765e-18,-1.343520e-04,1.562150e-05,5.132667e-04,4.394637e-01,-2.330190e-01,5.108896e+00
2435,2.406375e-18,-1.445346e-04,8.590271e-06,5.243259e-04,7.674437e-02,4.112086e-02,5.987090e+00
2436,1.274505e-18,-1.398408e-04,4.686040e-06,5.186502e-04,-6.951343e-02,-4.115177e-02,3.790130e+00
2437,3.986750e-18,-1.445395e-04,3.489645e-06,5.060575e-04,-1.361616e-02,2.139653e-01,3.814598e+00
2438,3.052399e-18,-1.421897e-04,7.813338e-06,5.182972e-04,-3.529276e-03,7.232885e-02,4.701446e+00
2439,4.515394e-18,-1.434950e-04,7.811017e-06,5.069005e-04,-1.720644e-01,1.394559e-01,5.089820e+00
2440,4.678165e-18,-1.398407e-04,4.690926e-06,5.126051e-04,-1.256412e-02,-4.290586e-02,4.302200e+00
2441,8.061305e-18,-1.203132e-04,-1.743127e-05,5.126120e-04,-6.670368e-02,-3.439192e-01,1.412769e+01
2442,2.106811e-18,-1.101541e-04,-1.326758e-05,5.069221e-04,8.546251e-02,-2.808974e-01,8.539758e+00
2443,4.518438e-18,-1.101588e-04,-1.216496e-05,5.130844e-04,2.733055e-02,-4.808526e-01,8.802497e+00
2444,5.229024e-18,-1.187564e-04,-6.240713e-06,5.179133e-04,-2.443601e-01,1.256892e-01,4.848752e+00
2445,3.744087e-18,-1.054680e-04,-3.902487e-06,5.223967e-04,-2.988710e-02,-5.984976e-02,5.230358e+00
2446,2.901221e-19,-1.035170e-04,-7.422052e-06,5.042166e-04,1.184916e+00,-4.442904e-01,8.485702e+00
2447,1.399145e-18,-1.078081e-04,-1.797234e-05,5.172124e-04,-1.047670e-01,-7.101347e-02,1.086133e+00
2448,1.298278e-18,-6.327298e-05,-1.955189e-05,4.746377e-04,1.283276e+00,-2.734961e+00,1.067424e+00
2449,6.241483e-19,-6.992183e-05,-1.757809e-05,4.704005e-04,5.394979e-02,-3.866794e-01,-2.328326e+00
2450,2.184379e-18,-5.239210e-05,-1.723779e-05,4.739855e-04,-1.077615e+00,-1.174530e+00,2.911216e+00
2451,2.131660e-18,-6.953265e-05,-1.795895e-05,4.742442e-04,-4.837131e-01,6.377288e-03,1.104190e+00
2452,2.495508e-19,-5.117167e-05,-1.679692e-05,4.722917e-04,1.180818e+00,-6.921291e-01,-4.621501e-01
2453,1.129071e-18,-9.675287e-05,-8.984818e-06,4.732872e-04,-3.143097e-01,1.823333e+00,-3.272995e+00
2454,2.435633e-19,-8.398444e-05,-3.905698e-07,4.715055e-04,-7.707091e-01,2.139737e-01,2.416573e+00
2455,1.203388e-18,-8.358242e-05,7.868159e-06,4.722904e-04,1.596393e-02,-6.350192e-01,-1.237041e+00
2456,2.213149e-17,-7.018336e-06,1.833443e-04,5.022376e-04,8.797623e-01,6.614395e-01,1.489585e+01
2457,2.042279e-17,-1.411834e-05,1.818156e-04,5.229092e-04,1.810526e-01,3.535108e+00,2.440238e+01
2458,2.170226e-16,-9.755033e-06,1.855261e-04,5.142450e-04,1.814846e-01,8.128321e-01,3.593621e+00
2459,2.010885e-17,-3.663255e-06,1.795174e-04,5.161394e-04,4.059432e+00,3.467011e+00,1.631590e+01
2460,1.337811e-17,-4.967067e-06,1.998338e-04,5.052052e-04,-9.882098e-01,-2.772234e+00,1.396089e+01
2461,2.592560e-18,-8.584310e-06,1.953143e-04,5.076653e-04,-1.142157e-01,-3.721549e-01,8.094943e-01
2462,8.005671e-18,-1.902292e-05,1.818116e-04,5.109498e-04,2.606228e-01,1.014335e-01,3.175349e+00
2463,1.770395e-18,-3.906224e-06,1.787621e-04,5.192092e-04,-3.871030e-01,6.834078e-01,1.199718e+01
2464,9.026449e-18,-3.905474e-06,1.796779e-04,5.076168e-04,-8.825255e-02,-6.883298e-02,1.182043e+01
2465,3.654096e-18,-8.593604e-06,1.929697e-04,5.265802e-04,-7.885162e-01,1.096478e+00,5.855805e+00
2466,7.913219e-17,-8.959951e-06,1.930253e-04,5.280666e-04,-1.267603e+00,-1.201160e-01,4.941171e+00
2467,1.639572e-18,-1.001154e-05,1.844830e-04,5.025388e-04,1.646230e+00,-2.708741e-01,6.326801e+00
2468,1.120265e-17,-2.006670e-05,1.932569e-04,5.156449e-04,6.611987e-01,-2.911064e-01,3.650139e+00
2469,1.036207e-18,-8.597702e-06,1.953092e-04,5.026872e-04,3.128277e-01,-5.617116e-02,7.877018e-01
2470,2.861502e-18,-3.916252e-06,1.929591e-04,5.060970e-04,-5.020027e-01,5.724456e-02,1.064583e+00
2471,6.994078e-17,4.163580e-06,1.833144e-04,5.454316e-04,-6.272199e-01,-3.773989e-02,1.429893e+01
2472,8.271329e-17,-7.416704e-06,1.934081e-04,5.467599e-04,-9.574066e-01,5.106765e-01,7.274548e+00
2473,8.788274e-18,1.621164e-05,1.757824e-04,5.495046e-04,-4.409593e-01,-7.656906e-01,1.268450e+01
2474,1.349822e-18,3.130206e-06,1.851631e-04,5.376906e-04,3.666744e-04,-7.187686e-02,1.069926e+01
2475,1.416244e-16,8.114242e-06,1.718326e-04,5.344515e-04,9.103689e-01,-1.790357e-01,5.163715e+00
2476,4.300183e-19,1.289091e-05,1.906295e-04,5.490618e-04,-4.039467e-01,-9.474399e-03,2.863646e+00
2477,2.701149e-18,9.377096e-06,1.906280e-04,5.466213e-04,2.102526e-01,-1.059969e-02,2.670007e+00
2478,2.919540e-19,1.914042e-05,1.964923e-04,5.484297e-04,1.084419e+00,3.840428e-01,1.303289e+00
2479,7.109242e-17,-1.469807e-05,1.757241e-04,5.323638e-04,1.018704e+00,-9.963323e-01,5.721804e+00
2480,2.191981e-17,-1.473804e-05,2.051795e-04,5.209115e-04,-1.819573e+00,-2.967456e+00,3.594252e+01
2481,3.801093e-18,-1.247627e-05,2.064407e-04,5.123084e-04,2.811229e-02,-1.496633e+00,3.077314e+01
2482,5.564942e-18,-1.259476e-05,2.078419e-04,5.058007e-04,1.730083e+00,-1.983200e+00,2.688566e+01
2483,5.209156e-17,-3.611117e-06,2.040593e-04,5.100418e-04,-2.566866e-02,-3.275743e-01,1.113305e+01
2484,4.974101e-17,-1.539887e-05,2.219105e-04,5.185449e-04,-7.317440e-02,4.598407e-01,5.081406e+00
2485,9.897995e-17,-1.760245e-05,2.169804e-04,5.087690e-04,-1.027161e-01,6.157697e-01,9.545045e+00
2486,1.065115e-18,-2.323969e-06,2.148328e-04,5.178709e-04,-3.163599e-01,2.438253e-01,6.102283e+00
2487,3.794344e-18,-2.347883e-06,2.148400e-04,5.125313e-04,-3.527226e-02,-2.988260e-02,4.079450e+00
2488,3.073644e-18,-6.250202e-06,2.218829e-04,5.250523e-04,-1.653612e-02,-1.575880e-02,3.328951e+00
2489,4.980498e-19,-7.426382e-06,2.086004e-04,5.103367e-04,-2.463204e-01,-2.918363e-01,2.562759e+00
2490,2.136938e-17,-1.885413e-05,2.191689e-04,5.220539e-04,2.151392e-01,4.540573e-01,6.246828e-01
2491,4.480878e-17,-4.626124e-06,1.637651e-04,5.434901e-04,5.128367e-01,5.269452e-01,1.433539e+01
2492,1.442165e-16,-4.389619e-06,1.639242e-04,5.437129e-04,4.979174e-01,6.176489e-01,1.379095e+01
2493,3.656999e-17,-1.268209e-05,1.620485e-04,5.422543e-04,-7.756777e-01,-9.518902e-01,1.733032e+01
2494,5.600262e-18,9.918425e-06,1.648795e-04,5.496780e-04,5.448353e+00,6.532995e-01,1.725636e+01
2495,1.123597e-16,1.026634e-05,1.571816e-04,5.472981e-04,1.065027e+00,-5.439865e-02,5.807640e+00
2496,2.715506e-18,-1.092166e-05,1.640732e-04,5.287698e-04,-1.066928e-01,-2.021038e-01,1.346527e+01
2497,1.180048e-18,-1.319993e-05,1.689954e-04,5.487979e-04,1.089833e+00,-2.203493e-02,6.374287e+00
2498,5.209212e-18,1.729961e-05,1.687491e-04,5.490764e-04,4.588194e-01,-5.615980e-02,6.803191e+00
2499,1.886417e-18,1.094362e-05,1.508767e-04,5.311051e-04,-8.412357e-03,1.621262e-01,4.099775e+00
2500,5.293039e-18,-1.328462e-05,1.609328e-04,5.473306e-04,3.057154e-01,1.198214e-01,7.647266e+00
2501,9.921678e-19,-3.907190e-06,1.585907e-04,5.298439e-04,6.542966e-02,-2.774744e-02,7.289881e+00
2502,2.126833e-18,-2.106727e-05,1.734459e-04,5.452395e-04,-2.340839e-01,7.776021e-02,3.186100e+00
2503,5.112087e-19,-2.032712e-05,1.847652e-04,4.793252e-04,1.693489e-01,3.445734e-01,-4.154741e+00
2504,6.572061e-18,-8.603110e-06,1.914181e-04,4.910444e-04,-3.200733e-01,1.655783e-01,1.300329e+00
2505,2.758694e-19,-8.985797e-06,1.839847e-04,4.855572e-04,8.116036e-01,7.926686e-01,3.785119e+00
2506,2.918184e-18,-6.246591e-06,1.929685e-04,4.843906e-04,-2.067542e-01,7.208237e-01,1.172813e+00
2507,2.474845e-17,-1.177043e-05,1.808900e-04,4.853931e-04,-7.184829e-01,3.400923e+00,9.304256e+00
2508,2.971152e-19,-9.766144e-06,1.847651e-04,4.855587e-04,1.017098e+00,6.718049e-01,3.767833e+00
2509,2.491716e-17,-1.277437e-05,1.819760e-04,4.919180e-04,1.962861e-01,-3.783914e-01,1.438993e+01
2510,3.295978e-18,-7.805420e-06,1.812378e-04,4.945442e-04,3.579786e-02,-1.623402e+00,1.127677e+01
2511,2.386988e-17,-1.090315e-05,1.780110e-04,4.997611e-04,-1.126975e+00,-1.468184e-01,7.478396e+00
2512,5.284768e-18,-5.501002e-06,1.950715e-04,4.978881e-04,-6.814031e-01,1.204652e+00,5.326081e+00
2513,6.502693e-18,-4.406447e-06,1.828774e-04,4.853126e-04,-1.003725e+00,1.106138e+00,5.546098e+00
2514,4.083117e-18,-2.826411e-06,1.960762e-04,4.968638e-04,-6.873973e-01,-2.350621e-02,1.345244e+01
2515,5.493741e-18,-1.718704e-05,1.832289e-04,4.992163e-04,1.025041e-01,-4.521554e-01,2.498521e+00
2516,5.962666e-18,-6.250917e-06,1.994505e-04,4.950368e-04,4.036224e-01,-1.023603e-01,1.654321e+00
2517,1.828912e-18,-2.460952e-05,1.859375e-04,4.961230e-04,-1.282345e-01,-1.650203e-02,3.922357e+00
2518,4.521671e-18,1.131760e-05,2.164740e-04,4.813924e-04,5.243178e-01,-2.294232e-01,5.249197e-01
2519,2.474322e-17,1.089584e-05,2.035976e-04,4.820738e-04,-7.157979e-01,-9.096692e-01,2.203782e+00
2520,1.486200e-18,9.454993e-06,2.209885e-04,4.823091e-04,-5.923921e-02,2.251930e-01,6.932045e-01
2521,3.163406e-17,2.205300e-05,2.149553e-04,4.829750e-04,6.997022e-01,-6.282799e-01,-2.744941e-01
2522,2.657745e-17,1.059914e-05,2.039973e-04,4.975154e-04,7.551960e-01,-3.842156e-02,8.786332e+00
2523,3.974150e-18,7.816135e-06,2.039076e-04,4.918264e-04,-1.109265e-01,-9.358333e-02,7.598101e+00
2524,4.861422e-17,-1.077834e-06,2.072073e-04,4.878892e-04,6.004148e-01,-7.137815e-01,6.649246e+00
2525,4.159437e-18,2.303515e-06,2.210431e-04,4.900828e-04,-3.185403e+00,7.575749e-01,1.846030e+00
2526,4.770117e-18,5.823767e-06,2.195590e-04,4.990768e-04,1.250342e+00,-6.907179e-02,4.613874e+00
2527,4.610312e-18,9.377736e-06,2.234413e-04,4.902646e-04,-5.992884e-03,4.296643e-01,3.920755e+00
2528,3.620086e-18,5.466282e-06,2.132898e-04,4.949107e-04,5.270185e-02,4.536692e-02,2.731736e+00
2529,2.592561e-19,8.204644e-06,2.136718e-04,4.808727e-04,7.055472e-01,1.394345e+00,7.907019e+00
2530,3.076647e-18,5.502222e-06,2.023130e-04,4.836286e-04,-1.313648e+00,1.320681e+00,1.634756e+00
2531,2.339874e-18,6.247555e-06,2.070455e-04,4.944942e-04,-4.129766e-02,6.121725e-01,2.951680e+00
2532,6.349318e-17,-6.003346e-06,2.220613e-04,4.918596e-04,-2.275584e+00,2.196677e-02,3.504410e+00
2533,5.195231e-18,-1.255997e-05,2.062987e-04,4.988762e-04,8.051651e-01,-2.349570e+00,2.284647e+01
2534,2.104534e-17,-1.033181e-05,2.167079e-04,4.821000e-04,-1.212779e+00,4.599996e-02,1.173496e+00
2535,5.265813e-19,-7.011510e-06,2.082032e-04,5.011225e-04,-9.545674e-02,9.936008e-02,2.094526e+00
2536,1.518100e-18,-1.874508e-05,2.163754e-04,5.011713e-04,2.348780e-01,-7.480604e-01,1.116133e+01
2537,4.016836e-17,-1.640212e-05,2.162751e-04,4.846206e-04,1.490138e-01,-1.331355e+00,3.664283e+00
2538,1.268749e-17,-1.316919e-05,2.120916e-04,4.918589e-04,-8.962171e-02,-2.213652e+00,4.670337e+00
2539,2.118277e-17,-6.026251e-06,2.139718e-04,4.952503e-04,2.360554e+00,2.512175e+00,3.928814e+00
2540,3.138285e-18,-9.378841e-06,2.046900e-04,4.991960e-04,8.980646e-02,-2.914454e-01,7.182679e+00
2541,4.053955e-18,-1.547264e-06,2.031789e-04,4.815886e-04,-1.136609e+00,1.400126e-01,7.952399e+00
2542,5.447217e-19,-1.875429e-05,2.160159e-04,4.980540e-04,1.168471e-02,3.295293e-01,8.990541e+00
2543,3.477032e-18,-1.795452e-05,2.131739e-04,4.824596e-04,-3.798994e-01,3.515538e-01,3.929700e+00
2544,1.965636e-18,-1.133035e-05,2.079640e-04,4.910216e-04,3.034543e-01,-1.227311e+00,1.270837e+01
2545,6.480653e-18,-1.182208e-05,2.076388e-04,4.863405e-04,1.485139e+00,-9.763240e-01,1.140710e+01
2546,5.288517e-18,-2.341747e-06,2.148421e-04,4.999785e-04,-3.505628e-02,2.095414e-02,2.704814e+00
2547,2.884361e-18,-7.048569e-06,2.086224e-04,4.859365e-04,2.407328e-01,2.342455e-01,2.687499e+00
2548,1.087701e-18,1.617211e-04,7.836909e-07,4.808676e-04,1.095135e-01,-1.137927e-01,3.668705e+00
2549,1.826147e-17,1.609114e-04,-8.744430e-06,4.978863e-04,-2.950631e+00,-5.472045e-02,1.941699e+01
2550,2.648000e-17,1.537235e-04,-7.525374e-06,4.821561e-04,-1.593505e-02,1.195283e+00,5.132825e-01
2551,2.802220e-18,1.711074e-04,-1.405096e-05,4.898317e-04,-4.050305e-01,-1.769161e-01,-8.977093e-01
2552,1.575116e-17,1.578125e-04,-1.489116e-05,4.944422e-04,1.379807e-02,-5.017022e-01,1.025083e+01
2553,4.853105e-19,1.558576e-04,-1.093919e-05,4.980243e-04,-9.208238e-01,-2.142641e-01,1.004083e+01
2554,2.782727e-18,1.632500e-04,-1.406254e-05,4.960620e-04,3.815222e-01,2.031852e-02,8.566207e+00
2555,2.596456e-19,1.738280e-04,-6.644189e-06,4.956704e-04,-9.611753e-02,-2.747835e-01,5.815052e+00
2556,2.032446e-18,1.616886e-04,-8.672792e-06,4.928703e-04,2.562959e+00,1.944720e+00,1.696379e+01
2557,7.969537e-18,1.632844e-04,-1.406199e-05,4.860903e-04,-2.493579e-01,2.218742e-01,4.324033e+00
2558,1.798409e-18,1.613282e-04,-8.452920e-06,4.885175e-04,2.952416e-01,8.864419e-02,1.291703e+01
2559,6.305583e-18,1.578181e-04,-1.321363e-05,4.899538e-04,-2.055990e-02,-3.737728e-02,1.362556e+01
2560,1.322198e-17,1.686915e-04,-2.426999e-05,5.005185e-04,-7.801957e-02,1.553633e-01,3.139810e+00
2561,3.245861e-18,1.546980e-04,-2.333169e-06,4.913711e-04,-2.455881e-01,1.401508e-01,-1.094618e+00
2562,2.169500e-18,1.613281e-04,-8.760258e-06,4.844683e-04,7.206683e-01,-1.490520e-01,1.166703e+01
2563,4.576217e-18,1.578178e-04,-1.327575e-05,4.832069e-04,-1.873445e-01,-2.438960e-01,6.903595e+00
2564,4.355336e-18,1.632808e-04,-1.563442e-06,4.995831e-04,1.349988e-02,-1.524467e-01,1.824707e+00
2565,6.104589e-18,1.531136e-04,-6.381232e-06,4.767564e-04,-2.475206e-01,5.902429e-01,2.512277e+00
2566,2.809332e-18,1.640528e-04,-1.405533e-05,4.774342e-04,-4.128486e-01,8.479781e-02,4.746506e-01
2567,3.421099e-18,1.609319e-04,1.794538e-05,4.750196e-04,-6.649661e-01,-5.625378e-01,-3.894671e-01
2568,1.459744e-18,1.656332e-04,1.013744e-05,4.738533e-04,2.545935e-01,-2.332207e+00,2.854297e-01
2569,1.150202e-18,1.617379e-04,8.002761e-07,4.722867e-04,2.987622e-01,-5.762562e-02,-1.391805e+00
2570,1.486203e-16,1.610950e-04,4.424105e-06,4.916151e-04,-1.071393e-01,-3.785726e-01,5.105485e+00
2571,2.117582e-18,1.554495e-04,6.912973e-06,4.892446e-04,3.058593e-01,-9.841833e-01,3.314479e-01
2572,1.657405e-17,1.681071e-04,2.013865e-05,4.800388e-04,-1.083300e+00,-8.047584e-02,2.190161e+00
2573,1.317047e-18,1.718690e-04,1.406806e-05,4.863419e-04,-1.366745e-02,1.508140e-01,-2.847917e-01
2574,7.766430e-19,1.584777e-04,2.460948e-05,4.923606e-04,-1.574636e-01,5.934995e-02,3.402167e+00
2575,2.602666e-17,1.541717e-04,2.360554e-06,4.926409e-04,-2.178266e-02,-1.498209e+00,5.993522e+00
2576,3.131754e-17,1.608027e-04,2.090233e-05,4.876015e-04,2.661494e-01,1.229272e+00,6.742461e+00
2577,2.033622e-17,1.655316e-04,1.569280e-05,4.900881e-04,-1.190671e+00,-2.902378e-01,5.750462e+00
2578,7.851568e-18,1.570434e-04,1.014408e-05,4.975185e-04,7.521905e-02,-1.961339e-02,4.928644e+00
2579,1.173128e-18,1.570350e-04,1.018930e-05,4.878947e-04,-2.646340e-02,-2.510818e-01,3.636414e+00
2580,3.119947e-19,1.511720e-04,1.523818e-05,4.972584e-04,1.861641e+00,1.154781e+00,1.096725e+01
2581,3.235202e-19,1.613276e-04,1.172556e-06,4.902078e-04,-4.482711e-01,1.118740e+00,1.069775e+01
2582,1.836075e-18,1.609408e-04,1.814385e-05,4.806062e-04,6.742945e-02,-5.852336e-03,3.767383e+00
2583,5.063181e-19,1.613282e-04,1.172612e-06,4.859083e-04,-3.021367e-02,-6.424252e-01,6.570529e+00
2584,2.649063e-18,1.531327e-04,3.920508e-06,4.804179e-04,1.688563e-01,-4.573157e-01,1.934855e+00
2585,4.110790e-18,1.624919e-04,1.173124e-05,4.808765e-04,1.534925e-01,2.973980e-01,2.248687e+00
2586,1.000419e-17,1.540548e-04,2.428198e-05,4.840867e-04,-5.674262e-02,7.535126e-02,1.657842e+00
2587,9.912896e-19,-1.477110e-05,-2.372986e-04,4.707313e-04,1.873079e+00,1.100406e+00,-2.617657e+00
2588,3.128041e-19,-3.906094e-07,-2.347656e-04,4.730682e-04,1.053197e+00,4.242374e+00,-3.715732e-01
2589,1.800794e-18,-1.489946e-05,-2.391205e-04,4.763077e-04,-1.032430e-01,-4.849382e-01,2.902570e+00
2590,1.215781e-18,-1.563564e-05,-2.336075e-04,4.738548e-04,1.712780e-01,-2.510212e-01,1.041719e+00
2591,2.333671e-18,1.320457e-05,-2.352168e-04,4.764972e-04,9.925590e-02,-3.932772e-01,-1.529243e-01
2592,9.829472e-18,8.529342e-06,-2.494254e-04,4.740360e-04,8.586281e-01,3.377646e-01,1.137480e+00
2593,3.190743e-19,1.054788e-05,-2.496095e-04,4.699493e-04,2.278672e+00,-8.265889e-01,-1.667887e+00
2594,2.623343e-17,3.014038e-06,-2.043555e-04,4.630857e-04,6.245661e-01,-3.793171e-01,5.080048e-01
2595,1.055230e-18,1.054736e-05,-2.197272e-04,4.701830e-04,-4.113277e+00,-2.912042e+00,-3.241075e+00
2596,3.571075e-18,7.733598e-06,-2.203179e-04,4.758876e-04,1.247348e+00,-1.758825e+00,3.697215e+00
2597,2.833980e-19,1.210844e-05,-2.175794e-04,4.746306e-04,-2.858647e+00,-4.429241e-01,4.668268e+00
2598,3.816978e-19,1.132737e-05,-2.175769e-04,4.738507e-04,-1.469911e+00,-5.727115e-01,4.016046e+00
2599,6.210105e-19,1.367184e-05,-2.183593e-04,4.766662e-04,1.396761e+00,5.281801e-02,6.072664e+00
2600,3.264135e-19,1.132863e-05,-2.183588e-04,4.730705e-04,-6.928258e-01,2.522472e+00,2.502283e+00
2601,2.498381e-19,1.288977e-05,-2.183603e-04,4.754127e-04,-1.302668e+00,3.945756e-01,4.747936e+00
2602,1.933187e-18,1.021665e-05,-2.039608e-04,4.765236e-04,2.301175e-01,-3.973613e-01,2.602834e+00
2603,1.431681e-18,-1.953018e-06,-2.164386e-04,4.765208e-04,3.989457e+00,5.253520e-01,1.839298e+00
2604,2.703307e-19,-1.132828e-05,-2.042972e-04,4.722927e-04,4.651360e-02,-9.726893e-01,2.801430e+00
2605,8.991574e-19,-2.440292e-06,-2.053073e-04,4.746306e-04,2.619092e+00,-1.286287e+00,-2.979437e+00
2606,3.557971e-17,1.283714e-05,-1.740625e-04,4.940561e-04,-2.592165e-01,-5.545668e-01,3.006131e+00
2607,8.312760e-19,6.867444e-06,-1.758911e-04,4.793149e-04,7.010046e-01,5.121606e-01,-1.654984e-01
2608,1.846721e-17,-1.747323e-05,-1.662079e-04,4.856090e-04,5.282192e-01,-2.135967e+00,1.818897e+01
2609,3.471308e-17,2.401418e-05,-1.686931e-04,4.993002e-04,4.797503e-02,1.752362e-02,1.097430e+00
2610,6.328765e-17,1.424442e-05,-1.584298e-04,4.990034e-04,4.065681e-01,-1.244013e+00,2.760286e+00
2611,3.814273e-18,-2.421878e-05,-1.570312e-04,4.820575e-04,1.275463e-01,1.208854e-01,1.366146e+00
2612,2.889887e-17,-2.398842e-05,-1.574754e-04,4.821926e-04,-8.113568e-02,1.416663e-02,1.233010e+00
2613,1.757630e-16,-1.121303e-05,-1.695275e-04,4.875558e-04,-6.471097e-01,-4.428689e-01,6.456738e+00
2614,3.625280e-17,-1.386056e-05,-1.597229e-04,4.814411e-04,6.502305e-01,-8.431108e-01,2.356730e+00
2615,1.149075e-18,-5.465285e-06,-1.695498e-04,4.917790e-04,2.579953e-02,-1.128199e-01,1.514078e+00
2616,9.449519e-18,1.298672e-05,-1.564961e-04,4.941101e-04,4.354930e-01,-3.144357e+00,1.356265e+01
2617,1.093863e-16,9.632033e-06,-1.683023e-04,4.931544e-04,-7.021544e-01,-4.319581e-01,7.805272e+00
2618,1.247701e-18,1.249737e-05,-1.544597e-04,4.876935e-04,-3.319402e+00,1.498898e+00,5.413812e+00
2619,6.242098e-18,3.890846e-06,-1.656100e-04,4.985809e-04,-3.996602e-01,9.623092e-03,8.503937e+00
2620,7.771421e-18,-1.219704e-05,-1.673886e-04,4.968136e-04,-3.443944e-01,9.834940e-01,9.470015e+00
2621,5.445270e-18,-1.014105e-05,-1.630241e-04,4.909809e-04,4.112009e-01,-1.242343e+00,8.311069e+00
2622,2.099348e-17,-1.886024e-06,-1.648482e-04,4.934811e-04,-1.443430e+00,-1.463683e+00,5.096234e+00
2623,3.396720e-19,-1.054685e-05,-1.652345e-04,5.011383e-04,-2.027752e-01,-4.206572e-01,1.348059e+01
2624,8.150432e-18,-1.065163e-05,-1.617231e-04,4.840439e-04,-7.944687e-01,-1.499839e-02,4.736580e+00
2625,1.924653e-17,-3.503617e-06,-1.643578e-04,4.818938e-04,4.343704e-03,-6.850909e-01,2.028773e+00
2626,2.771554e-18,-3.867224e-06,-1.695182e-04,4.820269e-04,4.564018e-01,-3.821010e-01,1.796824e-01
2627,1.113551e-17,-2.428598e-05,-1.694983e-04,4.904213e-04,-3.807312e-02,-2.114635e-02,1.735208e+00
2628,3.012827e-17,-2.409463e-05,-1.906885e-04,4.832066e-04,-7.274369e-01,-2.022914e-01,1.635787e+00
2629,6.464575e-17,-4.133422e-06,-1.813238e-04,4.978571e-04,9.762098e-01,6.760176e-01,1.343023e+01
2630,7.380738e-17,1.246612e-05,-1.890653e-04,4.850771e-04,-3.047028e-01,-4.218107e-01,2.971937e+00
2631,2.923100e-17,1.754504e-05,-1.800513e-04,4.834628e-04,-1.943655e-01,1.173099e+00,-7.079655e-01
2632,3.691713e-18,7.004287e-06,-1.914351e-04,4.864691e-04,4.361925e-01,5.085750e-01,1.653521e+00
2633,4.086065e-18,6.246130e-06,-1.960953e-04,4.800513e-04,-9.429759e-02,-1.814271e-01,1.680512e+00
2634,2.144591e-17,-2.413911e-05,-1.953568e-04,4.976922e-04,4.704329e-03,7.618849e-03,1.429999e+00
2635,9.866120e-18,2.428098e-05,-1.867020e-04,4.838525e-04,9.675068e-02,2.152354e-02,1.597641e+00
2636,7.627305e-18,-2.421888e-05,-1.804688e-04,4.953377e-04,3.673153e-01,-4.885493e-02,2.717054e+00
2637,1.070350e-18,-1.563387e-06,-1.961007e-04,5.010997e-04,-3.353750e-02,1.785044e-01,3.258743e+00
2638,2.903714e-18,-1.565335e-06,-1.960953e-04,4.944942e-04,1.824395e-01,-3.762734e-01,4.145486e+00
2639,1.918498e-18,-6.360369e-06,-1.836171e-04,4.931126e-04,1.855994e-02,2.877157e-01,1.375791e+01
2640,3.886693e-17,-2.396305e-05,-1.809647e-04,4.950320e-04,4.142619e-01,1.586226e-01,2.607051e+00
2641,1.242571e-18,-6.988639e-06,-1.953009e-04,4.980119e-04,5.072302e-01,-1.063603e+00,3.110071e+00
2642,4.447022e-18,2.032038e-05,-1.984531e-04,4.956753e-04,1.565211e-01,1.053572e+00,7.618799e+00
2643,4.563299e-18,5.465338e-06,-1.812428e-04,4.971006e-04,-8.237097e-02,3.403157e-01,5.794874e+00
2644,2.858241e-18,2.031080e-05,-1.976753e-04,4.921703e-04,-3.067245e-01,-3.089519e-01,7.882329e+00
2645,4.415511e-18,1.094224e-05,-1.843768e-04,4.963503e-04,-6.016144e-02,4.151276e-02,1.325175e+00
2646,3.258586e-18,2.031478e-05,-1.976608e-04,4.851699e-04,3.531994e-01,-7.017451e-01,3.533149e+00
2647,2.379134e-17,2.412312e-05,-1.808174e-04,4.977647e-04,-6.394803e-02,5.451721e-03,1.435156e+00
2648,1.246217e-16,1.363715e-05,1.308949e-04,5.432451e-04,3.129990e-01,-4.167529e-01,8.595868e+00
2649,2.556711e-16,1.370196e-05,1.309285e-04,5.434528e-04,4.996275e-01,-2.008151e-01,8.317528e+00
2650,4.459732e-18,5.512395e-06,1.459954e-04,5.497210e-04,-3.404461e+00,-8.686854e-01,1.666372e+01
2651,5.427192e-18,1.252745e-05,1.242365e-04,5.317416e-04,-4.018432e-02,-2.749115e-01,8.239823e+00
2652,2.570702e-18,4.685617e-06,1.468782e-04,5.344311e-04,7.828935e-03,2.195948e-02,6.484172e+00
2653,1.076376e-18,1.016052e-05,1.320371e-04,5.334502e-04,5.900333e-02,2.601066e-02,7.050454e+00
2654,1.244523e-18,6.243190e-06,1.265713e-04,5.283752e-04,2.673771e-01,-8.199952e-02,7.444121e+00
2655,1.110773e-18,2.347725e-06,1.359389e-04,5.319444e-04,-7.509602e-02,-3.555880e-02,5.806230e+00
2656,2.225745e-19,1.836116e-05,1.300742e-04,5.484654e-04,-1.388589e+00,8.474398e-01,1.130740e+00
2657,6.042303e-18,-2.049487e-05,1.368089e-04,5.441842e-04,2.931367e-01,-6.643226e-01,5.709528e+00
2658,6.233938e-18,-1.549594e-06,1.483903e-04,5.393550e-04,4.742596e-03,-3.278546e-01,5.415788e+00
2659,8.706738e-18,-2.023697e-05,1.357540e-04,5.497265e-04,-2.912946e+00,6.264702e-04,1.365901e+01
2660,2.169519e-18,-5.459359e-06,1.406131e-04,5.465793e-04,-2.391939e-01,-6.754232e-02,1.226146e+00
2661,2.330680e-18,-5.474996e-06,1.406281e-04,5.437934e-04,2.361775e-02,-1.992585e-02,4.101621e+00
2662,1.351528e-16,5.943778e-07,1.087441e-04,5.242591e-04,7.231486e-01,-3.175010e-01,1.494284e+01
2663,3.453881e-18,-7.793323e-07,1.132808e-04,5.379528e-04,-6.139900e-01,3.335042e-01,6.940523e+00
2664,5.710695e-17,-9.777279e-07,1.139231e-04,5.378362e-04,-5.032786e-01,6.291319e-01,6.899661e+00
2665,5.976776e-18,-9.380925e-06,1.171953e-04,5.480744e-04,4.385869e-01,-3.263238e-01,6.650507e+00
2666,5.519546e-17,-2.243425e-05,1.036708e-04,5.339995e-04,-1.040541e+00,-8.572525e-01,6.658622e+00
2667,2.440467e-18,-1.406186e-05,1.031173e-04,5.479735e-04,-5.473261e-02,-1.786988e-02,3.540521e+00
2668,1.153506e-18,-7.752329e-07,1.195365e-04,5.383075e-04,-3.808381e-02,4.352982e-02,5.141628e+00
2669,2.059902e-18,-1.171980e-05,1.242095e-04,5.287688e-04,-6.179218e-02,1.342931e-01,3.978951e+00
2670,4.342994e-19,7.783619e-07,1.230512e-04,5.454130e-04,-7.007432e-02,-2.725503e-01,3.356205e+00
2671,3.716169e-18,-2.109306e-05,1.031249e-04,5.470327e-04,3.247648e-03,2.248344e-02,-9.577416e-02
2672,3.751509e-17,-9.686284e-06,8.399100e-05,5.082304e-04,3.249092e-01,1.249083e+00,1.776081e+01
2673,7.547951e-19,-1.156692e-05,8.527570e-05,5.172238e-04,2.033893e-01,-1.856857e-01,1.442141e+01
2674,5.211512e-18,-1.942457e-06,7.968590e-05,5.051802e-04,3.141066e-01,3.156002e-02,3.107935e+00
2675,3.064938e-17,-7.617128e-06,7.964725e-05,5.116462e-04,7.752860e-01,2.383403e-01,7.755991e+00
2676,4.745509e-18,-7.034101e-06,8.671248e-05,5.065030e-04,-5.063851e-01,-5.144699e-01,3.958173e+00
2677,2.688426e-18,-1.568267e-06,8.826432e-05,5.122155e-04,6.432977e-02,3.496178e-01,3.142590e+00
2678,4.256592e-17,1.336756e-05,1.157905e-04,5.207179e-04,4.448582e+00,7.365643e-02,2.462448e+01
2679,4.455119e-18,7.607579e-06,1.156657e-04,5.093013e-04,8.765649e-01,-1.769019e-01,2.003051e+01
2680,1.700379e-17,7.191660e-06,1.037147e-04,5.125998e-04,7.416437e-01,2.427166e+00,4.094154e+00
2681,6.112588e-18,1.873327e-05,1.078123e-04,5.202451e-04,8.027631e-01,-7.813576e-03,1.235806e+00
2682,8.015003e-18,1.426820e-05,1.179724e-04,5.254260e-04,5.778227e-02,-4.521530e-01,7.303395e+00
2683,2.865010e-19,1.367143e-05,1.175711e-04,5.080655e-04,-1.013311e+00,1.782731e-01,7.718577e+00
2684,2.801716e-18,4.689258e-06,1.093557e-04,5.099146e-04,-6.888604e-02,4.737861e-01,7.382623e+00
2685,7.897861e-18,8.594324e-06,1.218335e-04,5.101831e-04,-1.109009e-01,-2.269675e-01,4.014333e+00
2686,3.887124e-18,1.639749e-05,1.101775e-04,5.166520e-04,1.098737e+00,-5.377584e-01,4.018168e+00
2687,4.587517e-18,7.813143e-06,1.125020e-04,5.157128e-04,-2.588439e-02,5.839332e-02,4.328141e+00
2688,8.226462e-18,1.818526e-05,1.231087e-04,5.475960e-04,-4.211561e-01,-9.746321e-01,5.800966e+00
2689,4.163713e-18,1.406321e-05,1.179608e-04,5.376930e-04,-5.539237e-01,2.296438e-01,8.523413e+00
2690,1.022265e-18,8.611128e-06,1.226594e-04,5.341469e-04,-1.661008e-01,-1.638208e-01,3.520330e+00
2691,1.307542e-18,3.129184e-06,1.234334e-04,5.390437e-04,-1.561621e-01,1.682051e-01,3.825817e+00
2692,7.042496e-18,9.182456e-06,1.072125e-04,5.282640e-04,-4.258409e-01,6.901162e-01,3.374859e+00
2693,1.351868e-18,1.719036e-05,1.101540e-04,5.385044e-04,-8.963496e-03,6.058393e-01,3.359774e+00
2694,1.137288e-18,1.719599e-05,1.039053e-04,5.399219e-04,6.126448e-02,3.902943e-02,4.371810e+00
2695,5.132132e-17,-1.328045e-05,1.093701e-04,5.206023e-04,-2.570431e-01,-1.770976e-01,6.237909e+00
2696,1.683604e-16,-1.322954e-05,1.091050e-04,5.205838e-04,-2.176899e-01,-2.568169e-01,6.057268e+00
2697,3.913436e-17,-1.747579e-05,1.189619e-04,5.191412e-04,-8.634957e-01,-4.910035e-01,7.989838e+00
2698,1.768012e-18,-2.215062e-06,1.117236e-04,5.054853e-04,-2.653351e-01,3.225709e-02,8.078364e+00
