droplet_id,volume,ux,uy,uz,vx,vy,vz
1,6.972241e-16,-5.493720e-05,4.153218e-06,5.328395e-04,-1.208840e-01,1.539380e-01,1.002635e+01
2,3.800194e-17,-4.549264e-05,1.301940e-05,5.384685e-04,-3.472472e-01,2.560640e-01,6.660553e+00
3,6.021308e-17,-3.141835e-05,5.084027e-06,5.369875e-04,1.173983e-01,1.412221e-01,5.227167e+00
4,2.894828e-18,-3.828301e-05,1.875851e-05,5.308259e-04,1.247187e-01,3.391533e-01,8.354770e+00
5,1.905289e-18,-3.828594e-05,1.876329e-05,5.430707e-04,-2.682237e-02,5.758359e-02,1.977208e+00
6,4.475518e-18,-3.282341e-05,1.328063e-05,5.319216e-04,1.302445e-01,5.232611e-02,7.342612e+00
7,1.140799e-18,-4.136957e-05,1.644182e-05,5.376973e-04,4.001821e-02,1.631691e-04,2.892601e+00
8,1.682854e-18,-3.827891e-05,1.863093e-05,5.353081e-04,9.132979e-03,-5.644145e-01,1.448530e+00
9,2.350859e-18,-3.594080e-05,4.687017e-06,5.386140e-04,-1.487908e-01,-7.488536e-02,2.008720e+00
10,6.666069e-17,-4.967464e-05,-3.410952e-06,5.115850e-04,-6.413162e-01,1.333176e+00,8.686290e+00
11,1.214006e-18,-4.414212e-05,-8.304189e-07,5.217716e-04,-1.074202e+00,1.396533e+00,1.568004e+01
12,2.646786e-18,-3.744933e-05,-1.526025e-06,5.142382e-04,-5.399967e-01,7.440052e-01,1.616954e+01
13,5.349133e-18,-4.722639e-05,-8.568809e-06,5.128771e-04,-1.717937e-01,5.334668e-01,1.265049e+01
14,1.623622e-16,-2.505322e-05,-9.705698e-06,5.170854e-04,-1.834164e-01,6.739363e-01,7.186752e+00
15,6.017879e-16,-2.219015e-05,-1.304546e-05,5.212814e-04,-2.820336e-01,-5.782870e-01,9.788884e+00
16,3.359267e-17,-4.216162e-05,-9.375706e-06,5.075299e-04,-4.065244e-01,4.136976e-01,1.304864e+01
17,8.406366e-18,-3.440745e-05,-1.833675e-05,5.260581e-04,1.691579e-01,6.319751e-01,1.566168e+01
18,3.703105e-18,-3.438453e-05,-1.789963e-05,5.160765e-04,2.997100e-01,4.541888e-01,1.023911e+01
19,6.684712e-17,-2.678611e-05,1.362328e-06,5.200386e-04,1.696116e-01,-9.058937e-03,8.949606e+00
20,3.721274e-18,-4.927517e-05,-1.524404e-06,5.161628e-04,-5.270092e-02,2.656885e-01,6.869554e+00
21,1.006497e-17,-3.440418e-05,-1.250847e-05,5.150845e-04,-9.833152e-02,6.349952e-01,1.077812e+01
22,2.408572e-17,-4.458655e-05,-1.791882e-05,5.234758e-04,2.309812e+00,6.318051e-01,5.178160e+00
23,2.088372e-18,-4.147874e-05,-8.478770e-07,5.112494e-04,-1.405831e+00,-1.293686e+00,9.504752e+00
24,1.370664e-18,-3.438268e-05,-1.173888e-05,5.055851e-04,4.145826e-01,-9.008176e-01,7.830445e+00
25,5.088623e-19,-4.140680e-05,-8.981727e-06,5.177685e-04,1.724523e-01,1.736555e+00,6.845655e+00
26,3.577620e-18,-3.438104e-05,-1.796874e-05,5.037128e-04,9.965255e-02,1.092462e+00,6.923735e+00
27,1.587039e-17,-2.520920e-05,-7.617550e-06,5.268232e-04,-3.187469e-01,-1.139658e-01,8.603757e+00
28,7.798773e-18,-3.204669e-05,-3.231371e-06,5.078437e-04,-1.278454e-02,9.020913e-01,6.122381e+00
29,1.913039e-18,-4.611532e-05,-8.448039e-06,5.077452e-04,-1.398508e-01,5.445967e-01,1.096766e+01
30,2.930507e-18,-4.844083e-05,-1.173581e-05,5.127820e-04,2.711309e-01,1.741884e-01,7.290360e-01
31,1.205026e-18,-4.219484e-05,-1.794197e-05,5.094542e-04,-2.517436e-01,7.833828e-02,-8.436448e-01
32,5.278216e-16,-3.553139e-05,-7.765704e-06,5.376705e-04,-2.872239e-01,2.138324e-01,1.223940e+01
33,4.019845e-17,-3.541914e-05,3.577131e-06,5.176059e-04,5.980439e-02,-1.149125e-01,2.516567e+00
34,6.839653e-18,-2.612399e-05,1.639385e-05,5.154831e-04,-1.174614e+00,-5.250351e-01,7.454876e-01
35,3.130230e-17,-4.392294e-05,1.050294e-05,5.189546e-04,8.478948e-01,-3.502916e-01,1.126384e+01
36,3.922002e-17,-3.413709e-05,1.501366e-05,5.102930e-04,3.840794e-01,-1.393863e-02,6.179241e+00
37,6.609558e-18,-3.285763e-05,1.325178e-05,5.133061e-04,-6.221011e-01,-5.975399e-01,1.451844e+00
38,1.315777e-18,-3.827696e-05,1.875758e-05,5.025522e-04,-2.605996e-01,2.099142e-01,1.170402e+00
39,5.124032e-18,-4.531123e-05,-9.376027e-06,5.297073e-04,2.548220e-01,7.057858e-01,1.833834e+01
40,4.622388e-18,-3.436921e-05,-2.186988e-05,5.390206e-04,-4.698208e-02,-4.679754e-01,1.669913e+01
41,1.066057e-18,-4.296293e-05,-5.469372e-06,5.468800e-04,4.884701e-01,4.098817e-01,1.146734e+01
42,4.510090e-18,-3.437171e-05,-1.890855e-05,5.319015e-04,-6.038985e-03,-5.558165e-01,1.529350e+01
43,2.450446e-18,-2.577276e-05,-6.253643e-06,5.399793e-04,1.103959e-01,1.006428e-01,7.460902e+00
44,1.278765e-17,-3.518037e-05,-1.397892e-05,5.289765e-04,-7.583308e-02,-4.475034e-02,1.298933e+01
45,3.182268e-18,-6.637199e-05,1.255494e-05,5.292576e-04,-4.099861e+00,-1.297418e-01,1.255281e+01
46,2.387731e-17,-7.592032e-05,1.396581e-05,5.282838e-04,2.430525e-01,1.461278e+00,3.823774e+00
47,4.179710e-18,-6.874938e-05,1.718645e-05,5.470825e-04,3.591860e-02,-1.336261e-01,7.464201e+00
48,4.332969e-18,-7.109436e-05,-1.535771e-05,5.373465e-04,4.723850e-02,-3.384432e+00,1.458490e+01
49,5.914943e-18,-7.109399e-05,-1.392746e-05,5.275602e-04,-1.335034e+00,-3.833893e+00,1.376640e+01
50,4.038446e-18,-7.109503e-05,-1.561952e-06,5.317538e-04,1.874263e-02,-2.553593e-02,5.626464e+00
51,2.916921e-18,-5.468761e-05,-2.031198e-05,5.494302e-04,-1.752609e-02,3.241472e-01,7.841411e+00
52,3.982542e-18,-7.109259e-05,-1.562253e-06,5.355619e-04,4.897227e-02,-4.986748e-04,5.553605e+00
53,1.855629e-18,-7.108943e-05,-1.472414e-06,5.398872e-04,1.259613e-01,9.828478e-03,1.810012e+00
54,2.834631e-18,-5.313246e-05,-9.380347e-06,5.472446e-04,-8.869614e-01,1.276145e+00,5.709817e-01
55,1.117415e-17,-1.641833e-05,-1.491842e-04,5.328301e-04,5.238949e-02,9.097127e-01,1.920443e+01
56,8.604229e-17,3.027936e-05,-1.089432e-04,5.190671e-04,-2.278393e-01,1.227168e+00,7.418909e+00
57,1.565721e-18,7.747242e-06,-1.256906e-04,5.046632e-04,4.511741e-02,4.054993e-01,3.982527e+00
58,9.672870e-18,7.746494e-06,-1.257811e-04,5.138859e-04,3.579204e-01,-7.618577e-02,5.643392e+00
59,1.194367e-16,-1.683005e-05,-1.252982e-04,5.445709e-04,-1.376259e+00,5.328867e-01,1.120332e+01
60,3.580697e-16,2.020969e-06,-1.194123e-04,4.978789e-04,3.423857e-02,3.413379e-01,6.212792e+00
61,2.404226e-18,-1.645136e-05,-1.500456e-04,5.258252e-04,6.013699e-01,1.666731e-02,1.617475e+01
62,1.032916e-18,-1.639237e-05,-1.492265e-04,5.139630e-04,2.595808e-01,6.088030e-01,9.756944e+00
63,5.142466e-18,-1.250550e-05,-1.507766e-04,5.047887e-04,2.830591e-01,-2.684963e-01,9.222504e+00
64,4.536685e-18,-3.123632e-06,-1.265617e-04,5.230539e-04,4.444003e-02,-2.475727e-02,1.020392e+01
65,4.417831e-18,-1.326029e-05,-1.281096e-04,5.192822e-04,4.816355e-01,2.034493e-01,5.487049e+00
66,2.143637e-18,-2.338812e-06,-1.335946e-04,5.263799e-04,-2.736518e-02,-4.675383e-03,3.341610e+00
67,2.721551e-18,-3.904477e-06,-1.351558e-04,5.203349e-04,1.683958e-03,-1.187280e-02,2.526097e+00
68,7.161277e-17,-5.552212e-06,-1.447832e-04,5.345933e-04,1.558601e+00,-1.058615e+00,1.089391e+01
69,1.076348e-17,-3.938782e-06,-1.256797e-04,5.329737e-04,-3.010331e-01,1.129761e+00,1.351617e+01
70,7.169883e-18,-1.642679e-05,-1.422261e-04,5.308674e-04,-8.875554e-02,-1.357916e-03,5.399608e+00
71,2.805347e-18,-7.817207e-06,-1.304701e-04,5.401399e-04,-1.149198e-01,-7.714384e-02,6.549043e+00
72,4.188977e-18,-7.867026e-06,-1.250337e-04,5.376977e-04,-8.412303e-02,2.904087e-01,7.196127e+00
73,5.267919e-18,-1.551720e-05,-1.335948e-04,5.405558e-04,5.117709e-01,-1.854667e-02,5.573470e+00
74,4.322370e-18,7.034748e-06,-1.257777e-04,5.475873e-04,1.681177e-02,-1.550429e-02,1.236451e+01
75,6.432357e-18,2.356671e-06,-1.333122e-04,5.375062e-04,2.244958e-03,2.906092e-01,4.102711e+00
76,1.277041e-16,1.256463e-05,-9.912260e-05,4.983226e-04,-1.415417e-01,-5.351759e-02,7.846343e+00
77,4.163523e-17,8.804762e-07,-1.027247e-04,5.026387e-04,-1.440720e+00,-6.317454e-01,1.135870e+01
78,2.426874e-17,4.713420e-06,-1.215377e-04,5.035860e-04,1.564756e+00,-1.594092e+00,6.238248e+00
79,3.721878e-17,3.136237e-06,-9.903464e-05,5.267230e-04,-5.879800e-01,-1.456275e+00,6.657201e+00
80,4.593466e-18,1.094320e-05,-1.179682e-04,5.102895e-04,1.294639e-01,5.121946e-01,6.505486e+00
81,1.130975e-16,-1.226021e-05,-8.870063e-05,5.040259e-04,2.882126e-01,8.092502e-01,4.280202e+00
82,1.172565e-16,-1.175858e-05,-7.858203e-05,5.017509e-04,-1.246712e+00,2.240873e-01,5.293112e+00
83,5.586419e-17,-1.324422e-05,-8.015733e-05,5.078291e-04,-2.943583e-01,8.309525e-02,2.472895e+00
84,1.706351e-17,-1.046843e-05,-1.008403e-04,5.057373e-04,-1.883240e+00,4.912709e-01,1.202100e+01
85,6.292030e-18,-2.336027e-06,-9.687844e-05,5.085540e-04,2.673135e-01,-3.625266e-02,1.035111e+01
86,3.053389e-17,-1.192141e-05,-9.370151e-05,5.185827e-04,-3.761060e-02,1.335275e+00,5.624223e+00
87,5.765958e-18,-3.160023e-06,-7.812529e-05,5.183089e-04,7.680474e-01,4.044569e-02,9.315180e+00
88,2.312781e-18,-4.686517e-06,-9.062841e-05,5.188090e-04,8.901378e-02,-3.419464e-02,7.444213e+00
89,3.021991e-16,-1.229041e-05,-1.137989e-04,5.080571e-04,-6.387206e-01,6.850185e-01,7.797451e+00
90,5.738707e-17,-4.634447e-06,-1.184766e-04,5.124770e-04,3.387426e+00,5.716466e-01,1.510750e+01
91,3.798560e-18,-2.404158e-06,-1.117813e-04,5.130795e-04,-3.000893e+00,-5.361006e-01,9.546930e+00
92,6.140780e-17,-5.734455e-06,-1.069149e-04,5.205609e-04,-2.433371e+00,2.630305e-01,8.987749e+00
93,9.460989e-17,-1.488274e-05,-1.038199e-04,5.207982e-04,-1.154805e-02,-3.615470e-01,4.587763e+00
94,2.457811e-18,-9.397821e-06,-1.218691e-04,5.037211e-04,-1.067606e+00,-1.026507e-01,9.438405e+00
95,1.099074e-18,-7.905635e-07,-1.148385e-04,5.024616e-04,1.589511e-01,-1.190525e-01,6.165494e+00
96,1.642324e-17,-6.810155e-06,-1.155473e-04,5.194925e-04,1.280320e+00,4.140345e-01,3.431252e+00
97,4.848139e-18,-1.560757e-06,-1.171894e-04,5.184282e-04,3.311262e-03,-7.307937e-02,1.256507e+00
98,2.463965e-17,-3.044060e-06,-1.063805e-04,5.390172e-04,5.619804e-03,-2.879873e+00,1.993568e+01
99,5.910361e-18,-6.350182e-06,-1.233429e-04,5.354449e-04,-4.275364e-01,-9.890826e-02,1.571908e+01
100,5.524721e-18,-2.338713e-06,-1.006416e-04,5.297481e-04,2.495368e-01,-1.259032e+00,1.681302e+01
101,2.442980e-17,7.703414e-06,-1.173001e-04,5.377724e-04,-1.889016e-01,6.466187e-01,5.711690e+00
102,1.281232e-18,-8.543526e-06,-1.218550e-04,5.497485e-04,1.175054e+00,2.217792e-02,2.016749e+01
103,2.607543e-17,-5.476004e-06,-1.133236e-04,5.480525e-04,8.487154e-01,-1.048779e+00,5.619007e+00
104,2.961629e-18,-7.820430e-07,-1.125012e-04,5.443310e-04,1.367388e-01,1.931934e-01,6.806330e+00
105,1.309403e-18,-1.719334e-05,-1.179633e-04,5.312276e-04,-2.914556e-02,6.944207e-02,2.016546e+00
106,2.219596e-18,-1.250117e-05,-1.070211e-04,5.480492e-04,1.863378e-01,5.353352e-02,1.955395e+00
107,1.602322e-16,7.173421e-06,-1.174310e-04,5.379445e-04,-4.296886e-01,-2.909360e-01,6.668623e+00
108,2.580526e-19,9.023499e-05,-8.985270e-06,4.783479e-04,-1.683192e+00,3.281033e+00,1.455179e+00
109,1.630002e-17,9.414375e-05,-1.580931e-05,4.789370e-04,-4.249143e-01,2.110691e+00,2.531438e+00
110,1.686999e-16,9.996317e-05,-1.380624e-05,4.877094e-04,1.607642e+00,-3.148160e-01,1.804513e+00
111,1.561404e-16,8.632867e-05,-6.415988e-06,4.939727e-04,-1.416923e+00,1.565322e+00,7.183355e+00
112,1.064551e-16,9.967863e-05,-2.457354e-06,4.942283e-04,-6.500077e-01,-1.314886e-01,3.875188e+00
113,1.536953e-17,9.692951e-05,-1.229018e-05,5.037934e-04,1.059460e+00,7.331171e-01,1.586062e+00
114,1.572670e-17,9.252559e-05,-1.239220e-05,4.822661e-04,-3.323011e+00,2.809718e-02,3.505560e+00
115,3.662732e-18,7.966212e-05,-8.555250e-06,4.895441e-04,5.359550e-02,-2.703542e-01,3.560261e+00
116,4.468197e-17,7.383023e-05,-2.389562e-05,4.953319e-04,1.059587e-02,8.386371e-03,1.333860e+00
117,2.044063e-18,9.074565e-05,-1.404429e-05,4.968513e-04,-6.648072e-01,1.773585e-01,1.043413e+01
118,3.825290e-17,7.598005e-05,-1.123483e-05,5.007864e-04,6.160958e-01,7.616061e-03,9.468997e+00
119,2.687075e-18,9.063527e-05,-9.403793e-06,4.850261e-04,-5.827786e-01,3.773646e+00,6.650170e+00
120,4.151614e-18,8.749470e-05,-5.143688e-06,4.880707e-04,-4.259540e-01,1.212266e+00,7.642829e+00
121,2.295330e-18,9.057551e-05,-1.262090e-05,4.905045e-04,6.946994e-01,-4.684899e-01,7.148484e+00
122,7.975757e-12,8.358216e-08,7.948955e-08,3.869850e-04,-6.291161e-03,-8.543466e-03,6.582270e+00
123,8.122200e-19,8.476499e-05,-1.094254e-05,4.892683e-04,-1.351892e+00,1.125723e+00,7.607838e+00
124,4.696518e-18,7.578151e-05,-1.092972e-05,4.963351e-04,-4.277421e-01,-2.512272e-01,1.255570e+01
125,2.784248e-18,7.969322e-05,-1.016300e-05,4.982934e-04,9.880648e-01,-7.344354e-01,5.658858e+00
126,6.947208e-18,9.062629e-05,-1.563234e-05,5.045316e-04,-1.526028e-01,7.091960e-02,1.688909e+01
127,2.613020e-18,8.984975e-05,-7.773664e-07,4.919377e-04,1.983354e-02,1.343550e-01,5.353750e+00
128,3.119195e-18,8.984558e-05,-7.774562e-07,5.004873e-04,-1.162045e-01,1.740403e+00,6.147668e+00
129,3.465548e-18,7.656077e-05,-1.094123e-05,4.880947e-04,7.077635e-01,-3.102840e-01,5.521526e+00
130,3.284246e-18,8.514544e-05,-3.083159e-06,4.974246e-04,-5.028481e-02,4.229385e-02,1.985663e+00
131,6.913314e-18,9.542567e-05,-3.125615e-06,4.808319e-04,-7.840659e-01,9.076165e-02,1.314455e+00
132,3.556426e-18,7.733876e-05,-1.093891e-05,4.795073e-04,-1.009721e-01,-4.077170e-01,2.859832e+00
133,7.124603e-18,8.515524e-05,-3.008994e-06,4.809188e-04,-4.699028e-01,4.036873e-02,1.092994e+00
134,1.914450e-18,1.217678e-04,-2.030538e-05,4.973074e-04,-5.812684e-03,3.399401e-01,-1.143535e+00
135,7.648883e-19,1.045603e-04,-7.170906e-06,4.908162e-04,-1.564011e-01,6.412316e-01,1.643914e+00
136,3.564566e-18,1.142374e-04,-6.406150e-06,4.961654e-04,3.797852e-01,-3.048391e-01,9.644897e+00
137,8.255236e-18,1.220489e-04,-1.331000e-05,4.994365e-04,-4.762968e-01,1.558384e+00,2.398526e+01
138,2.624144e-17,1.082454e-04,-3.122702e-06,4.913096e-04,-7.048925e-02,3.483113e+00,8.220607e+00
139,7.644635e-19,1.136718e-04,3.907542e-07,4.825914e-04,2.482409e+00,3.732028e+00,3.736520e+00
140,2.187189e-18,1.100700e-04,-2.143589e-06,4.885809e-04,-8.226784e-01,2.212211e+00,1.052187e+01
141,7.809687e-18,1.224419e-04,2.144165e-05,5.035089e-04,-8.951409e-01,1.326050e+00,4.289430e+00
142,4.506780e-17,1.277470e-04,8.119506e-06,5.009873e-04,-1.049433e-01,-7.565717e-02,6.293808e+00
143,4.760432e-18,1.204967e-04,1.169849e-05,4.992151e-04,-2.184941e-01,-6.097987e-01,4.381678e+00
144,4.929981e-18,1.201049e-04,1.530320e-06,4.868565e-04,-2.426904e-01,3.434306e-01,3.492427e+00
145,4.753783e-18,1.046904e-04,1.485049e-05,4.978886e-04,4.417732e-01,-7.819072e-02,3.511999e+00
146,7.876177e-18,1.203332e-04,1.400084e-05,4.929759e-04,-4.620804e-02,-7.487143e-02,1.162008e+01
147,2.438231e-19,1.175790e-04,1.367106e-05,4.775710e-04,-6.964901e-02,-1.390535e+00,2.544882e+00
148,2.585827e-19,1.175780e-04,3.515515e-06,4.830157e-04,6.860399e-02,5.443676e-02,2.956941e+00
149,3.446941e-18,1.195427e-04,1.875201e-05,4.912575e-04,-6.084621e-02,4.663791e-04,6.542037e+00
150,3.327495e-18,1.195355e-04,1.874721e-05,4.849791e-04,1.276470e-01,2.269103e-01,4.274752e+00
151,3.688307e-18,1.132783e-04,2.460956e-05,4.812544e-04,2.207487e-02,2.316920e-02,3.012728e+00
152,3.135174e-16,3.397679e-05,9.928499e-05,5.324429e-04,1.235255e-01,6.038532e-01,1.251843e+01
153,6.394731e-17,8.150914e-05,-1.915524e-06,5.284999e-04,1.227299e+00,-1.163114e+00,1.006480e+01
154,2.147480e-16,8.131724e-05,-2.090254e-06,5.288433e-04,5.400212e-01,-8.711065e-01,9.614716e+00
155,1.730115e-17,9.141266e-05,-1.725599e-05,5.205118e-04,-3.715071e-01,-9.196291e-01,2.412855e+01
156,1.448592e-17,9.808430e-05,-1.760767e-05,5.287912e-04,-9.423056e-02,1.649601e-01,3.035418e+00
157,1.104495e-17,7.971434e-05,-1.840020e-05,5.224016e-04,-1.108801e-01,-2.472902e+00,1.304013e+01
158,2.150737e-18,8.511261e-05,-3.093724e-06,5.227385e-04,-3.839059e-01,2.673960e-01,9.574146e+00
159,4.873764e-18,9.449222e-05,-2.826816e-06,5.076297e-04,-4.200369e-01,-1.659357e+00,9.998259e+00
160,2.227692e-18,9.614290e-05,-1.614294e-06,5.280078e-04,-1.463018e-01,-1.190086e+00,1.205385e+01
161,2.619277e-18,7.968159e-05,-1.329589e-05,5.112695e-04,-2.877096e-01,-1.680342e+00,8.466075e+00
162,5.080218e-18,8.515800e-05,-3.126725e-06,5.070063e-04,1.336792e-01,9.962408e-02,6.731093e+00
163,6.010503e-18,7.509397e-05,-8.642445e-06,5.184775e-04,1.674891e-01,9.144471e-01,6.268382e+00
164,5.728244e-17,-4.284219e-06,-2.200482e-04,5.062312e-04,8.956476e-01,-1.350699e+00,1.051002e+01
165,6.159901e-17,-7.336974e-06,-2.042995e-04,5.256761e-04,-7.658278e-01,2.649010e-01,4.972694e+00
166,7.596108e-18,-1.004115e-05,-2.026252e-04,5.017941e-04,2.388396e-01,1.952365e+00,3.623519e+00
167,2.803943e-18,-1.482916e-05,-2.195279e-04,5.151028e-04,7.459276e-02,2.514593e-02,3.066381e+00
168,4.021584e-18,-3.910319e-06,-2.039101e-04,5.070343e-04,-6.284571e-03,-1.991610e-02,2.989258e+00
169,4.178388e-18,-7.817740e-06,-2.156282e-04,5.094109e-04,2.914489e-01,-1.187866e-01,3.808430e+00
170,1.894079e-17,-1.687988e-06,-2.443134e-04,5.453190e-04,-9.969551e-01,-2.001080e+00,2.611869e+01
171,9.047400e-18,1.293462e-05,-2.311498e-04,5.453583e-04,6.812078e-01,-2.395526e-02,2.121716e+01
172,1.198154e-18,-1.955839e-06,-2.382600e-04,5.300469e-04,-4.596578e-01,1.458840e-01,1.879177e+01
173,2.493516e-17,2.226860e-05,-2.294430e-04,5.252727e-04,2.612686e+00,-1.707306e-01,2.065029e+01
174,2.649748e-18,1.016593e-05,-2.312547e-04,5.380404e-04,-3.228897e-01,-5.091434e-02,1.740072e+01
175,2.336341e-18,-9.368939e-06,-2.421833e-04,5.286161e-04,1.099630e-01,1.167231e-01,4.922532e+00
176,2.228096e-18,1.088842e-05,-2.444748e-04,5.374011e-04,-1.900068e-01,2.191419e-01,4.109952e+00
177,4.427227e-18,1.016901e-05,-2.249969e-04,5.326446e-04,1.674234e-01,-5.014094e-02,2.316906e+00
178,9.909901e-18,1.493435e-05,-2.295643e-04,5.074496e-04,-6.794514e-02,3.386621e-01,1.482035e+01
179,1.573813e-17,1.180388e-05,-2.312679e-04,5.165140e-04,1.341621e+00,-1.802835e-01,1.318662e+01
180,1.726300e-17,1.318839e-05,-2.341722e-04,5.138811e-04,2.515146e-01,9.948216e-01,1.162334e+01
181,2.201430e-18,2.343039e-06,-2.496092e-04,5.015963e-04,1.096837e-01,-5.627559e-02,7.495457e+00
182,1.340068e-18,1.641585e-05,-2.297018e-04,5.147515e-04,1.197289e-01,2.262666e-01,1.410716e+01
183,5.213032e-18,2.997790e-06,-2.375015e-04,5.206470e-04,-7.222778e-01,2.883357e-02,7.710474e+00
184,7.266712e-19,6.893829e-06,-2.415467e-04,5.222910e-04,9.517759e-02,1.046936e-01,9.647734e+00
185,5.398101e-18,9.372756e-06,-2.312559e-04,5.063409e-04,-2.763180e-01,2.923584e-01,1.091803e+01
186,3.178531e-18,1.561608e-06,-2.273481e-04,5.142770e-04,4.609466e-02,-2.069116e-01,8.785421e+00
187,2.609136e-18,1.015402e-05,-2.496100e-04,5.253009e-04,-1.362769e-01,-2.924058e-02,5.847127e+00
188,5.941156e-18,1.095208e-05,-2.467749e-04,5.106782e-04,-7.747925e-01,-7.915826e-01,4.701361e+00
189,7.638017e-19,7.664469e-06,-2.496102e-04,5.126278e-04,-5.543276e-02,-1.093207e-01,4.211677e+00
190,1.657155e-17,1.017280e-05,-2.218672e-04,5.010328e-04,8.559017e-01,-1.152937e-01,5.430624e+00
191,3.161129e-18,7.806377e-06,-2.140642e-04,5.128251e-04,3.507281e-01,5.532653e-02,2.448949e+00
192,2.396567e-18,-9.374732e-06,-1.341977e-04,4.755019e-04,-2.262742e+00,-2.277724e+00,7.788311e-01
193,7.703111e-19,-1.136021e-07,-1.329495e-04,4.806721e-04,-9.839394e-03,4.115369e-01,6.904688e-01
194,2.762917e-18,7.811885e-06,-1.304636e-04,4.904633e-04,-8.854310e-02,6.123429e-01,-1.040958e-01
195,1.929739e-17,-1.982910e-05,-1.453277e-04,4.816600e-04,1.206765e+00,4.681847e-01,2.339593e+00
196,1.372803e-18,2.353653e-06,-1.414016e-04,5.001355e-04,1.383006e-01,5.476540e-02,4.055643e+00
197,2.852756e-17,4.734253e-06,-1.421563e-04,4.872398e-04,-2.076316e-01,7.582062e-01,3.657537e+00
198,3.170086e-18,-1.329763e-05,-1.281216e-04,4.982048e-04,-2.575254e-01,-9.059656e-01,6.322383e-01
199,5.516232e-18,-1.250463e-05,-1.500001e-04,4.963018e-04,-1.022521e-02,1.398478e-01,7.090846e+00
200,3.899962e-17,-1.139979e-05,-1.324447e-04,4.830726e-04,-1.823572e+00,-1.169225e+00,4.238642e+00
201,5.300789e-18,-1.485032e-05,-1.464535e-04,5.005716e-04,-9.871910e-01,5.900757e-01,7.904992e+00
202,2.303898e-18,-9.417403e-06,-1.352247e-04,4.871847e-04,1.714534e-02,5.382538e-01,4.516601e+00
203,2.771857e-18,-9.379059e-06,-1.500161e-04,4.904709e-04,-4.472786e-02,3.039329e-01,3.004316e+00
204,1.134192e-17,-9.350426e-06,-1.396139e-04,4.948166e-04,3.951395e-02,-4.763455e-01,2.427455e+00
205,4.268315e-18,-1.330044e-05,-1.414219e-04,4.963106e-04,-4.167752e-02,-1.055441e-01,2.438820e+00
206,2.086229e-17,-4.824247e-06,-1.492210e-04,4.932563e-04,-5.320953e-01,-6.446715e-01,1.755723e+00
207,5.346236e-18,-2.438219e-05,-1.429174e-04,4.866372e-04,-4.855515e-02,-3.627511e-03,1.963872e+00
208,1.898230e-18,5.429687e-05,1.367240e-05,4.761184e-04,1.482859e+00,2.876942e+00,3.606853e+00
209,2.394143e-18,4.993962e-05,1.320198e-05,4.778273e-04,4.100609e-01,-6.736457e-01,4.771672e+00
210,1.569360e-17,6.239147e-05,-3.775152e-06,4.784107e-04,-5.156054e-01,3.992323e+00,1.299907e+00
211,5.947105e-19,6.992175e-05,-1.210853e-05,4.771844e-04,2.233678e+00,2.090779e+00,6.908414e+00
212,2.729878e-17,6.860479e-05,-1.349618e-05,4.818200e-04,-1.205408e+00,1.544572e+00,7.323471e+00
213,9.511407e-19,7.070290e-05,-3.515378e-06,4.779525e-04,1.765162e+00,3.660228e+00,7.790715e-01
214,1.124678e-17,7.266168e-05,-3.073007e-06,4.761023e-04,4.630270e-01,5.909829e-01,-2.402303e+00
215,3.702211e-17,7.268474e-05,2.402449e-05,4.910245e-04,-6.505549e-02,1.054374e-02,1.110585e+00
216,1.452666e-18,6.796574e-05,1.720400e-05,4.791388e-04,2.173154e-01,4.675439e-01,2.129309e+00
217,1.013531e-18,5.218304e-05,1.424782e-05,4.955140e-04,3.821438e+00,-1.591170e-02,1.457164e+01
218,3.449391e-18,6.327216e-05,1.562547e-06,4.873045e-04,-2.131843e-01,-9.087056e-02,2.790007e+00
219,3.650546e-18,6.639970e-05,3.124903e-06,4.997415e-04,1.075643e-02,3.357284e-02,2.011050e+00
220,3.795804e-18,5.070049e-05,1.404270e-05,4.821409e-04,-4.001817e-02,-1.035547e+00,6.624718e+00
221,3.143921e-17,6.062268e-05,-2.401337e-05,4.852662e-04,-3.235148e-02,-1.331704e-02,1.017857e+00
222,3.386163e-17,5.607402e-05,-2.400792e-05,4.991416e-04,-1.104621e-02,-4.264638e-02,1.132681e+00
223,6.354616e-18,5.933980e-05,-1.719117e-05,5.033487e-04,2.785387e-01,-6.238056e-01,-9.755656e-01
224,7.402613e-19,6.940173e-05,-1.029207e-05,5.001796e-04,3.664025e-01,4.767880e-01,1.406992e+01
225,3.845718e-18,7.036572e-05,-4.624014e-06,4.854526e-04,2.476170e-01,2.690093e+00,1.212886e+01
226,5.419232e-18,5.468866e-05,-9.376399e-06,5.017449e-04,-1.870685e-01,6.129963e-02,6.993438e+00
227,8.012840e-18,6.426487e-05,-8.600665e-06,4.918866e-04,1.476358e+00,6.936766e-01,3.347505e+00
228,2.403174e-18,6.638498e-05,-5.508710e-06,4.857534e-04,3.638661e-01,-1.026618e-01,6.167588e+00
229,2.432319e-18,6.960776e-05,-1.022715e-05,4.959928e-04,7.842842e-01,-5.275351e-02,1.230041e+01
230,8.611443e-19,6.155510e-05,-1.683109e-06,4.830098e-04,1.011223e-02,6.116601e-01,2.420691e+00
231,5.151951e-18,7.343379e-05,-4.691394e-06,4.923833e-04,-2.852091e-01,2.262296e-02,7.624872e+00
232,5.130034e-18,8.988577e-05,1.329053e-05,4.992284e-04,8.575003e-03,1.826683e-01,1.571392e+00
233,9.117267e-19,7.733580e-05,8.984768e-06,5.009449e-04,4.302097e+00,2.067090e+00,1.545000e+01
234,4.931699e-19,9.375358e-05,1.523378e-05,4.775753e-04,1.844905e-01,-6.863571e-01,1.679490e-01
235,2.114610e-18,7.660738e-05,2.460932e-05,4.804425e-04,-6.385778e-02,5.427733e-02,2.233020e+00
236,4.675648e-18,1.875697e-05,1.750006e-04,5.224009e-04,9.610888e-01,-8.169928e-03,4.483669e+00
237,2.953907e-18,-1.336587e-05,1.756948e-04,5.131463e-04,7.138442e-01,-1.519320e+00,2.025457e+01
238,3.686305e-18,1.493587e-05,1.718784e-04,5.156660e-04,-6.593464e-01,-4.896327e-01,1.250797e+00
239,8.355089e-17,6.889282e-06,1.477519e-04,5.122339e-04,-1.221856e-01,-1.268480e+00,5.518031e+00
240,2.139914e-17,1.156629e-05,1.562216e-04,5.230058e-04,-1.899867e-01,-3.057829e-01,5.495570e+00
241,2.201522e-18,3.894260e-06,1.617271e-04,5.188356e-04,2.754571e-03,-5.501540e-02,3.819899e+00
242,8.866326e-18,1.249529e-05,1.585994e-04,5.078944e-04,-1.919003e-01,-1.667179e-01,3.329731e+00
243,1.112956e-18,-1.018003e-05,1.734440e-04,5.025068e-04,9.117222e-01,-8.423622e-01,8.771346e+00
244,2.006732e-18,-2.219193e-06,1.531315e-04,5.148498e-04,1.108933e-01,1.573782e-01,6.725151e+00
245,1.103504e-18,-7.030356e-06,1.585995e-04,5.230490e-04,-3.101488e-02,-8.159017e-03,6.198776e+00
246,4.441552e-17,-1.850494e-05,1.628398e-04,5.014703e-04,-3.740317e-01,-1.510582e+00,3.783519e+00
247,6.921700e-18,-2.110206e-05,1.661810e-04,5.261845e-04,-1.300678e+00,7.626201e-02,4.326961e+00
248,3.729749e-18,-8.567765e-06,1.647899e-04,5.108366e-04,2.452860e-03,-5.484329e-01,1.062199e+01
249,5.040911e-18,-1.874812e-05,1.625000e-04,5.275057e-04,-6.228611e-01,4.985851e-02,6.897825e+00
250,1.609811e-17,1.632836e-05,1.757961e-04,5.491941e-04,-5.254586e-01,-6.803922e-01,1.059625e+01
251,1.429620e-16,8.012573e-06,1.718454e-04,5.341572e-04,8.983437e-01,-1.894608e-01,5.163212e+00
252,3.473745e-17,-1.260074e-05,1.621506e-04,5.411253e-04,-8.017923e-01,-1.020841e+00,1.744011e+01
253,1.912510e-17,9.866701e-06,1.648015e-04,5.492993e-04,4.738734e+00,8.900267e-01,1.534935e+01
254,1.114827e-16,1.017898e-05,1.571943e-04,5.469329e-04,1.074044e+00,-4.781273e-02,5.682613e+00
255,7.277212e-18,1.711284e-05,1.687493e-04,5.487331e-04,7.580036e-01,3.296824e-03,5.445287e+00
256,2.501134e-18,1.094418e-05,1.507882e-04,5.308244e-04,-7.110400e-02,-1.633473e-01,5.676090e+00
257,2.142026e-19,-8.995819e-06,1.496115e-04,5.325657e-04,4.375504e-01,1.299182e-01,-1.809455e+00
258,4.667934e-18,-1.328373e-05,1.609341e-04,5.469207e-04,1.241259e-01,6.114402e-02,7.402680e+00
259,1.181059e-18,-1.332222e-05,1.687624e-04,5.483678e-04,1.091679e+00,3.524011e-01,5.590347e+00
260,1.230713e-18,-2.107131e-05,1.734424e-04,5.448502e-04,9.374295e-02,1.560167e-01,2.171605e+00
261,2.155490e-18,-1.171983e-05,1.242120e-04,5.285965e-04,4.754993e-03,-1.795959e-01,3.590775e+00
262,4.991182e-18,1.251104e-05,1.242239e-04,5.311420e-04,2.570331e-01,-1.164627e-01,8.184959e+00
263,1.121990e-18,1.015958e-05,1.320351e-04,5.333379e-04,5.374432e-04,-9.243847e-03,7.392824e+00
264,1.051136e-18,6.240502e-06,1.265774e-04,5.275165e-04,-6.547622e-02,1.484483e-01,7.520410e+00
265,2.855741e-18,4.685904e-06,1.468758e-04,5.336879e-04,-2.153028e-02,7.633835e-02,6.623829e+00
266,9.711266e-19,2.356169e-06,1.359389e-04,5.311073e-04,4.174373e-02,2.250361e-03,6.022330e+00
267,2.297966e-18,-6.242577e-06,1.992143e-04,5.464506e-04,4.672187e-01,8.914759e-02,1.587427e+00
268,6.060975e-19,-1.869529e-05,-1.214845e-04,4.721057e-04,3.417732e-01,8.248445e-01,-4.038079e+00
269,1.697675e-17,-1.875388e-05,-1.208725e-04,4.796781e-04,-8.347583e-01,1.034561e-02,3.887565e+00
270,2.726502e-19,-1.210887e-05,-1.074233e-04,4.744619e-04,4.320776e+00,-6.327909e-01,2.278136e+00
271,3.239925e-18,-6.264110e-06,-9.999012e-05,4.771591e-04,2.480012e-01,-3.528330e-01,2.797863e-02
272,6.623071e-17,-2.376487e-05,-1.196897e-04,4.931082e-04,-1.318982e-02,6.758249e-03,7.706791e-01
273,1.246618e-17,-1.614756e-05,-1.148020e-04,4.815110e-04,-7.910188e-01,1.777322e+00,2.833512e+00
274,7.747361e-19,-1.471921e-05,-1.048120e-04,4.830384e-04,-5.116708e-01,2.312039e-01,-1.760082e+00
275,1.040590e-18,-7.043110e-06,-1.179532e-04,4.869180e-04,1.861290e+00,1.536653e-01,2.135784e+00
276,3.252656e-17,-8.339621e-06,-1.094972e-04,4.973497e-04,2.207940e+00,-1.160870e+00,1.960385e+01
277,5.692630e-18,-9.612255e-06,-1.064671e-04,4.871163e-04,2.122190e+00,2.764522e+00,1.098155e+01
278,9.208630e-18,-1.747650e-06,-1.019629e-04,4.853286e-04,-1.504321e+00,-5.488628e-01,7.558371e+00
279,7.449239e-18,-6.354239e-06,-1.000023e-04,4.893995e-04,-3.572682e-01,-6.386862e-02,8.163928e+00
280,6.703812e-19,-5.859636e-06,-1.089843e-04,4.826685e-04,1.064228e+00,-8.193056e-02,6.824618e+00
281,2.214909e-18,-6.802983e-06,-1.095598e-04,4.844016e-04,9.837702e-01,4.637170e-01,8.333795e+00
282,2.727500e-18,-7.805354e-07,-1.148464e-04,4.935079e-04,-1.476316e-01,-1.562014e-02,5.309185e+00
283,7.965354e-18,1.063254e-06,-1.015547e-04,4.884711e-04,-4.105180e-01,-2.339998e-01,4.939388e+00
284,2.760666e-18,-7.862041e-06,-1.093464e-04,4.916665e-04,-6.549296e-01,4.593527e-02,1.765980e+01
285,2.424973e-19,-8.204283e-06,-1.097655e-04,4.892571e-04,1.013298e+00,6.663402e-01,1.450827e+01
286,2.145562e-18,-1.166678e-05,-1.070572e-04,4.822509e-04,-1.693275e-01,-2.518021e+00,7.830455e+00
287,6.199099e-19,-1.133045e-05,-1.070477e-04,4.838182e-04,-8.572064e-01,-3.525619e+00,9.170173e+00
288,8.154555e-19,-7.422896e-06,-1.089842e-04,4.877070e-04,2.425524e-02,-3.510927e-01,1.225474e+01
289,8.702888e-19,-8.204160e-06,-1.092611e-04,4.859043e-04,3.173903e-01,-3.839397e-01,9.666247e+00
290,4.602925e-17,-4.722495e-06,-8.343200e-05,4.954243e-04,-2.846236e+00,-9.257873e-01,4.009461e+00
291,2.822012e-18,-9.373206e-06,-8.125276e-05,4.872937e-04,2.517333e-02,1.118914e-01,6.977877e-01
292,2.385085e-17,-2.865362e-06,-8.727257e-05,4.835338e-04,2.874277e+00,2.686275e-01,1.074300e+00
293,5.920300e-17,-1.920371e-05,-7.691982e-05,4.886085e-04,-4.821613e-02,2.533756e+00,7.356000e+00
294,3.450402e-18,-2.316419e-06,-9.684615e-05,4.990537e-04,2.864515e-02,-1.112410e-01,7.231834e+00
295,1.906573e-17,-6.134510e-06,-7.408993e-05,4.864589e-04,-2.197198e-01,3.123915e-02,1.018347e+01
296,1.118780e-17,-1.474908e-05,-8.351546e-05,4.957932e-04,1.694074e+00,-3.957523e-01,4.819077e+00
297,4.504372e-18,-2.341226e-06,-9.687829e-05,4.885465e-04,3.374561e-01,-2.680680e-01,5.337771e+00
298,5.299393e-18,-1.094009e-05,-9.544569e-05,4.929733e-04,-8.773531e-02,2.498266e-01,2.682080e+00
299,3.394373e-18,-2.142692e-05,-7.701695e-05,4.832504e-04,-7.881224e-01,2.690248e+00,8.945174e+00
300,5.612357e-19,-2.070285e-05,-7.929780e-05,4.795722e-04,-2.593082e-01,1.113609e+00,6.504430e+00
301,1.176663e-17,-2.429088e-05,-8.516301e-05,4.966855e-04,3.544275e-02,-2.800962e-02,1.752282e+00
302,9.047863e-18,-6.327909e-06,1.242200e-04,5.023986e-04,1.950013e-01,1.536020e-01,3.903383e+00
303,9.481587e-18,-2.104656e-05,1.254136e-04,5.184361e-04,5.913719e-01,-9.610029e-01,3.916323e+00
304,3.636788e-18,-1.803912e-05,1.300472e-04,5.027902e-04,1.771230e-02,8.763020e-01,8.588369e-01
305,1.268769e-18,-2.327393e-06,1.117209e-04,5.047701e-04,3.996896e-01,1.376278e-02,7.705577e+00
306,1.513480e-18,1.721174e-05,1.101618e-04,5.040960e-04,-1.509375e-01,3.443311e-01,1.537797e+00
307,9.563222e-17,1.070559e-05,1.386910e-04,5.108761e-04,-8.786086e-01,-4.246206e-01,8.985440e+00
308,2.108132e-18,3.905249e-06,1.335950e-04,5.241201e-04,-1.791008e-01,1.154875e-01,4.484680e+00
309,3.042152e-18,6.232949e-06,1.265666e-04,5.150378e-04,1.234835e-01,-1.612386e-01,4.390834e+00
310,3.762177e-17,1.978753e-05,9.851935e-05,5.422796e-04,3.819327e+00,-5.161644e-01,2.471378e+01
311,7.678182e-18,1.816893e-05,1.231888e-04,5.471001e-04,-1.843407e-01,-1.068509e+00,5.804046e+00
312,4.200770e-18,1.407535e-05,1.179565e-04,5.370129e-04,-2.779057e-01,-8.812878e-02,8.613361e+00
313,6.034556e-17,-9.603134e-07,1.138385e-04,5.374262e-04,-5.110201e-01,6.145850e-01,6.911031e+00
314,2.240395e-19,8.215424e-06,1.230455e-04,5.340270e-04,4.067163e-01,4.583109e-01,4.550802e+00
315,2.102087e-18,3.135608e-06,1.234283e-04,5.386301e-04,-3.794398e-02,5.773165e-02,4.830116e+00
316,2.290094e-18,1.718842e-05,1.101384e-04,5.380550e-04,-9.269000e-02,-2.064964e-01,5.377790e+00
317,1.014177e-18,7.849961e-07,1.226687e-04,5.446672e-04,-9.372773e-02,3.655258e-02,2.000219e+00
318,5.390224e-17,-2.236053e-05,1.037215e-04,5.336387e-04,-9.586940e-01,-8.114211e-01,6.662035e+00
319,5.088738e-18,-9.379919e-06,1.171922e-04,5.476456e-04,6.291778e-01,-7.860206e-03,6.621984e+00
320,2.526149e-18,-1.406312e-05,1.031199e-04,5.473461e-04,-3.312624e-02,-9.330572e-02,3.228291e+00
321,2.159059e-18,-7.779107e-07,1.195323e-04,5.379251e-04,5.983938e-02,1.367399e-01,5.403050e+00
322,3.688325e-18,-2.109306e-05,1.031244e-04,5.470355e-04,-1.077211e-03,1.779719e-04,-2.742843e-01
323,6.923244e-17,1.768339e-05,5.067210e-05,4.783242e-04,2.470599e+00,1.476094e+00,5.616234e-01
324,1.730015e-16,6.614074e-06,4.802722e-05,5.038016e-04,-9.830892e-01,-7.006468e-01,7.918808e+00
325,4.978475e-17,6.772918e-07,4.859430e-05,4.899688e-04,-2.800945e-01,-2.085934e-01,3.389817e+00
326,1.102864e-18,-1.013486e-05,4.921938e-05,5.001648e-04,1.742622e+00,-2.266601e-02,7.215966e+00
327,1.836318e-18,-9.033069e-06,4.924620e-05,4.939311e-04,-1.022595e-01,4.216811e-01,4.825335e+00
328,7.095944e-17,-1.370365e-05,4.784669e-05,4.829995e-04,-1.613111e-01,-8.188452e-01,2.988877e+00
329,2.562611e-16,-9.637553e-07,3.490344e-05,4.893309e-04,-2.712855e-01,-1.375751e+00,8.108327e+00
330,1.668760e-18,1.344731e-05,2.422260e-05,4.935655e-04,-8.483272e-01,3.202836e-01,3.887104e+00
331,9.867264e-17,8.008739e-06,2.393510e-05,4.919890e-04,7.518782e-01,1.674681e+00,5.307031e+00
332,1.463690e-16,-5.847044e-06,4.567553e-05,4.902889e-04,8.813250e-01,2.543325e+00,7.676101e+00
333,2.078164e-17,4.538621e-07,2.393146e-05,4.957003e-04,3.092272e-01,4.654945e-01,1.782389e+00
334,1.914073e-17,-1.085163e-05,2.681438e-05,4.882372e-04,1.275262e+00,1.897936e+00,2.100344e+00
335,2.872190e-17,-1.395178e-06,2.893009e-05,4.974494e-04,-2.276277e+00,4.138229e-02,7.504851e+00
336,1.534288e-18,-6.267262e-06,2.577589e-05,4.837917e-04,-2.788877e-01,-4.006077e-02,1.057576e+00
337,2.232187e-17,-2.566805e-06,4.578025e-05,4.994972e-04,4.774879e+00,7.486988e-01,8.917185e+00
338,2.058486e-17,-1.652412e-05,4.189476e-05,4.919055e-04,-2.070565e-01,5.510316e-01,1.453056e+01
339,1.780007e-17,-1.243648e-05,4.215731e-05,4.946250e-04,1.559603e+00,-1.238086e+00,1.098068e+01
340,9.465198e-17,-7.019833e-06,2.381445e-05,4.991054e-04,-1.512970e-01,-3.761979e-01,3.995163e+00
341,4.224081e-18,-1.555328e-05,4.139971e-05,4.879649e-04,-3.304337e-01,-2.621240e-01,1.629945e+01
342,2.392916e-17,-2.418876e-05,3.743730e-05,4.937393e-04,-5.234605e-01,-8.968719e-01,2.900213e+00
343,3.232405e-19,-3.515984e-06,4.492240e-05,4.962427e-04,3.450505e+00,1.577731e+00,8.305064e+00
344,2.669535e-17,-1.065228e-05,2.681499e-05,4.774310e-04,1.239756e-01,-1.947588e+00,-1.232625e-01
345,2.367820e-18,-1.569520e-05,4.301877e-05,4.799129e-04,-9.650995e-01,-1.966046e+00,5.133801e+00
346,2.488136e-19,-3.515879e-06,3.945396e-05,4.791180e-04,3.258944e+00,1.543743e-02,7.122790e+00
347,3.002876e-17,3.388894e-07,3.074039e-05,4.780829e-04,7.330223e-01,3.259157e+00,7.636944e-01
348,6.331219e-18,-6.295995e-07,3.371621e-05,4.787374e-04,1.330398e-01,-3.879699e-01,6.411714e+00
349,1.765036e-18,-1.523442e-05,4.308064e-05,4.826165e-04,-9.271078e-01,2.084392e+00,6.306212e+00
350,3.842623e-19,-1.523689e-05,4.413702e-05,4.783550e-04,-8.027878e-01,-3.478837e-03,4.448211e+00
351,2.353775e-17,-2.408934e-05,3.471974e-05,4.982400e-04,-7.041202e-02,3.337872e-02,1.378869e+00
352,1.669232e-18,1.575023e-05,4.680552e-05,4.891565e-04,-2.665642e-01,-1.059459e+00,1.687339e+00
353,6.708722e-18,7.809904e-06,4.684301e-05,4.962706e-04,-4.932559e-01,-1.669976e+00,1.983402e+01
354,3.086952e-18,1.015792e-05,2.890881e-05,4.981919e-04,1.220035e-01,-1.977995e-02,2.542848e-01
355,3.696533e-18,2.460958e-05,3.828510e-05,4.926221e-04,3.958416e-02,-1.642203e-02,3.430591e+00
356,4.633042e-17,1.110043e-05,3.819963e-05,4.883245e-04,-2.137299e+00,9.943258e-02,8.335302e+00
357,2.654790e-18,3.205223e-06,2.816137e-05,4.934014e-04,1.139236e+00,5.568249e-01,7.830307e+00
358,3.247337e-18,7.803136e-06,4.843317e-05,4.912290e-04,-7.976921e-02,1.246745e+00,1.580003e+01
359,2.686907e-17,1.664749e-05,4.503659e-05,5.027519e-04,5.438024e-01,-1.171722e+00,8.292754e+00
360,2.112024e-18,7.872984e-06,4.745661e-05,4.870668e-04,-9.247019e-01,1.404508e-01,1.058555e+01
361,1.112167e-18,7.811445e-06,4.804668e-05,4.849453e-04,-3.492451e-01,-6.889798e-01,8.836421e+00
362,3.932052e-18,9.137543e-06,3.776662e-05,4.812470e-04,-2.708802e+00,-5.137936e-01,9.252630e+00
363,1.659269e-18,2.186129e-05,4.843761e-05,4.916332e-04,-7.546943e-01,-1.029164e-01,2.143069e+00
364,1.395245e-18,4.698078e-06,3.514645e-05,4.939095e-04,2.361496e-01,1.821331e-01,3.988646e-01
365,2.853666e-18,3.876805e-06,4.143222e-05,4.849177e-04,9.820445e-03,2.375194e-01,-1.375609e+00
366,1.550632e-18,8.203206e-06,3.789066e-05,4.778466e-04,-3.499864e+00,4.219426e-01,6.478088e+00
367,2.470091e-17,2.409943e-05,2.928000e-05,4.792107e-04,-8.904009e-03,-8.647593e-03,1.191568e+00
368,1.385169e-16,-1.013252e-05,6.196248e-05,4.958494e-04,2.528989e-01,-6.357001e-01,3.074581e+00
369,8.543431e-17,6.562298e-06,5.872622e-05,5.050631e-04,-5.185899e-01,-2.882385e-01,4.162510e+00
370,1.130535e-16,1.004783e-05,7.652871e-05,5.020974e-04,-3.727799e-01,-7.533207e-01,8.944666e+00
371,4.306484e-18,2.063284e-07,5.937579e-05,4.903147e-04,-4.936888e-01,-1.425767e-01,-8.815133e-01
372,8.134734e-17,8.482365e-06,6.906336e-05,4.986626e-04,1.409880e+00,6.347030e-01,1.392425e+01
373,3.031976e-17,8.567738e-06,6.013119e-05,4.934096e-04,-5.884276e-01,-8.124390e-01,8.508730e+00
374,5.362083e-17,9.021766e-06,6.740270e-05,4.839613e-04,6.330046e-01,-3.094610e-02,8.944214e+00
375,5.467341e-18,3.063443e-06,7.328053e-05,4.795266e-04,-2.303800e-01,2.087884e+00,4.840848e+00
376,2.983946e-18,-8.633325e-09,7.499658e-05,4.942959e-04,3.802894e-01,-6.763316e-02,7.930545e+00
377,1.924075e-17,1.679530e-05,5.433628e-05,5.005006e-04,-5.546627e-01,-1.112179e+00,5.988251e+00
378,8.702003e-18,4.848826e-06,7.034930e-05,4.850993e-04,1.104119e+00,-1.614314e-01,6.609750e+00
379,2.480550e-18,8.203607e-06,7.031497e-05,4.776667e-04,1.216466e+00,3.567339e+00,2.059531e+00
380,2.678301e-18,1.016453e-05,6.014971e-05,4.833696e-04,2.666069e-01,-1.504782e-01,5.660984e+00
381,2.524381e-18,1.633563e-05,6.490968e-05,4.772603e-04,4.800775e-02,-2.620203e-02,-3.367524e+00
382,2.880633e-19,7.423485e-06,6.992149e-05,4.915884e-04,2.431727e+00,-1.990209e+00,1.240597e+01
383,1.262111e-17,2.426099e-05,6.171914e-05,4.981659e-04,-8.753940e-03,-4.789089e-02,1.687902e+00
384,1.283010e-16,-2.325061e-05,6.163356e-05,4.856983e-04,-3.210518e-01,-2.364274e-01,9.975323e-01
385,2.183803e-17,-1.861974e-05,7.112253e-05,4.930164e-04,-2.351267e-02,5.559528e-01,5.705314e+00
386,4.877457e-18,-6.256854e-06,5.546643e-05,4.846263e-04,-2.565998e-01,2.926545e-02,1.386539e+00
387,2.859367e-18,-4.690534e-06,5.547187e-05,4.897184e-04,1.558507e-01,4.021924e-02,-7.330947e-01
388,7.767885e-18,-2.434026e-05,7.106855e-05,4.893682e-04,-1.051760e-01,-4.494754e-02,1.946035e+00
389,2.163721e-18,-1.724457e-05,6.878775e-05,4.897984e-04,-8.779127e-02,3.876285e-02,6.313229e+00
390,1.311533e-17,-1.829866e-05,5.208628e-05,5.010067e-04,7.950001e-02,1.576023e-01,2.353702e+00
391,4.150789e-17,-2.252845e-07,7.313498e-05,5.051172e-04,1.060428e-01,3.949610e-01,1.218995e+01
392,3.118509e-18,-6.297133e-06,5.388609e-05,5.022666e-04,3.473743e-01,-2.625670e-01,4.389084e+00
393,1.401709e-17,-1.598173e-05,5.443984e-05,4.806859e-04,8.956022e-01,-5.354171e-01,7.472572e-01
394,1.638121e-18,-1.639850e-05,6.093600e-05,4.877230e-04,1.482571e-02,-2.156030e-01,5.512133e-01
395,7.493437e-18,-3.895081e-06,5.309370e-05,5.030696e-04,2.603880e-01,5.046088e-02,1.448597e+00
396,1.841611e-18,-2.460990e-05,5.390575e-05,4.974972e-04,-1.222008e-01,8.728481e-02,2.347569e+00
397,1.730008e-16,-1.780497e-04,6.947062e-06,5.195610e-04,-5.570909e-02,2.461360e+00,1.556586e+01
398,2.338072e-17,-1.749470e-04,1.328462e-06,5.107363e-04,1.166928e+00,4.839674e-01,1.542004e+01
399,1.213177e-16,-1.643496e-04,1.447719e-05,5.168713e-04,2.527051e-01,-2.623164e-02,3.124359e+00
400,2.381897e-17,-1.691074e-04,1.186888e-05,5.019700e-04,-3.323727e+00,2.340539e+00,2.177488e+01
401,2.880642e-18,-1.695366e-04,-7.800406e-07,5.104487e-04,4.948627e-02,2.458718e-02,1.881519e+00
402,2.475375e-17,-1.547916e-04,1.173921e-05,5.020913e-04,1.945900e+00,-5.893384e-01,1.037283e+01
403,3.076145e-17,-1.561299e-04,1.111043e-05,5.218921e-04,9.222437e-01,7.525869e-01,6.800247e+00
404,2.354345e-17,-1.524954e-04,1.814620e-05,5.247240e-04,-3.216476e-01,9.790083e-01,5.330443e+00
405,7.808854e-18,-1.508256e-04,9.198994e-06,5.135935e-04,2.279848e-01,-1.547682e+00,3.929478e+00
406,5.897137e-18,-1.695306e-04,2.340785e-06,5.251879e-04,-2.479676e-02,3.335895e-02,2.024114e+00
407,7.672699e-18,-1.712547e-04,1.352744e-05,5.224484e-04,-6.411839e-01,4.413416e-01,9.530897e-01
408,3.236559e-17,-1.539990e-04,1.653383e-06,5.313944e-04,-3.590419e-01,1.276882e+00,3.440996e+00
409,8.815787e-18,-1.484813e-04,-4.214607e-07,5.493281e-04,4.678164e-01,-1.569386e+00,1.239924e+01
410,4.265822e-18,-1.570335e-04,1.719285e-05,5.298855e-04,3.318921e-02,-5.792421e-02,6.737309e+00
411,3.319044e-17,-1.676944e-04,1.432564e-05,5.306330e-04,-8.381537e-01,1.509456e+00,3.267659e+00
412,1.982886e-17,-1.693271e-04,1.621596e-05,5.386614e-04,-1.256652e-01,-7.416109e-01,3.255393e+00
413,2.174095e-18,-1.570233e-04,1.406486e-05,5.479490e-04,1.625844e-01,-3.787137e-02,2.546474e+00
414,1.649115e-18,-1.524682e-04,1.564038e-05,5.371657e-04,2.233635e-02,6.711304e-02,-1.934384e-01
415,2.362582e-17,-1.963592e-04,2.332662e-05,5.474180e-04,8.122232e-01,3.025562e+00,7.147794e+00
416,2.263518e-16,-1.972784e-04,2.999049e-06,5.254005e-04,-8.908192e-03,1.953977e-01,7.930641e+00
417,1.728993e-17,-1.807523e-04,1.786461e-05,5.324112e-04,-1.921202e+00,1.651326e-02,6.633204e+00
418,2.526879e-18,-1.851516e-04,1.202930e-08,5.415129e-04,1.239804e-02,1.166556e-01,4.386823e+00
419,3.621026e-17,-1.800247e-04,-2.449268e-06,5.305665e-04,1.118126e+00,-1.526708e+00,8.119045e+00
420,3.232543e-17,-1.797719e-04,1.251788e-05,5.317472e-04,-4.506849e-01,2.904134e-01,3.684493e+00
421,6.933415e-19,-1.928329e-04,2.278673e-05,5.391116e-04,-8.494950e-02,-9.469630e-02,2.149850e+00
422,6.001004e-18,-1.828118e-04,1.562345e-05,5.270894e-04,-9.087357e-02,1.830567e-01,2.245745e+00
423,2.120032e-18,-1.929657e-04,2.266261e-05,5.358573e-04,5.749989e-02,-5.439193e-02,3.100701e-01
424,2.793750e-18,-1.874964e-04,1.328789e-05,5.466197e-04,7.651685e-02,-3.697339e-01,1.481337e+00
425,1.075744e-16,-2.098996e-04,6.149886e-06,5.406489e-04,-9.323738e-01,-1.223767e+00,8.375727e+00
426,1.135796e-16,-2.213979e-04,4.892174e-06,5.273143e-04,1.830083e+00,-1.948324e-01,1.677969e+01
427,3.116861e-17,-2.027308e-04,1.243887e-05,5.341861e-04,7.645837e-01,5.147802e-01,9.020766e+00
428,8.399800e-17,-2.144390e-04,8.928499e-06,5.256167e-04,8.517529e-01,1.063573e-01,4.743158e+00
429,2.351705e-16,-2.142985e-04,9.227254e-06,5.255057e-04,8.814494e-01,1.658338e-01,4.670272e+00
430,2.080453e-18,-2.226533e-04,9.388112e-06,5.465600e-04,8.024804e-01,3.331863e-01,3.753990e-02
431,6.247213e-17,-2.168483e-04,-8.503277e-06,5.433439e-04,5.510772e-01,-1.817235e-01,1.085287e+01
432,4.707213e-18,-1.789292e-04,-6.890600e-06,5.411554e-04,-3.536740e+00,-1.026156e+00,2.170352e+01
433,2.699721e-18,-1.765525e-04,-6.236371e-06,5.294047e-04,-2.714111e+00,8.381219e-02,1.913476e+01
434,9.999136e-17,-1.723512e-04,-1.168224e-05,5.314123e-04,-3.698647e-01,-1.811923e-01,5.217774e+00
435,4.197108e-18,-1.992278e-04,-5.476693e-06,5.411149e-04,5.015157e-01,1.351957e-01,6.247166e+00
436,1.858523e-17,-1.905816e-04,-1.147436e-05,5.363278e-04,2.757623e-01,-1.040270e-01,5.176044e+00
437,6.338771e-18,-1.968766e-04,-4.689935e-06,5.457683e-04,-2.406626e-02,-1.824589e-02,6.160740e+00
438,1.688020e-18,-1.805309e-04,-3.854656e-06,5.428855e-04,-4.035341e-01,3.433339e-01,1.167749e+00
439,2.712157e-18,-1.906365e-04,-1.249762e-05,5.423345e-04,-6.005915e-02,7.831712e-02,3.190378e+00
440,1.781065e-16,-2.169568e-04,-8.298062e-06,5.430235e-04,3.382396e-01,3.225043e-02,1.086415e+01
441,3.562960e-17,-2.136491e-04,-2.694348e-06,5.428209e-04,3.927415e+00,-3.370746e+00,1.562225e+01
442,3.742649e-17,-2.274058e-04,-3.860047e-06,5.405228e-04,2.235259e+00,-1.194839e-01,1.594183e+01
443,8.186871e-18,-2.085971e-04,-9.396414e-06,5.337633e-04,-2.942294e-02,4.491430e-01,7.471335e+00
444,4.379765e-18,-2.187451e-04,-1.015736e-05,5.305123e-04,-7.283508e-02,-1.058203e-01,9.638530e+00
445,6.783393e-18,-2.258059e-04,-1.797117e-05,5.335056e-04,-9.595230e-02,2.248256e-02,3.286436e+00
446,4.576660e-18,-2.187524e-04,-1.015605e-05,5.259622e-04,-3.824197e-01,-2.489367e-01,9.675619e+00
447,1.348348e-16,-1.624905e-04,-1.444346e-05,5.130286e-04,-9.188434e-01,-3.102389e+00,7.418392e+00
448,3.530652e-17,-1.667087e-04,-1.123279e-05,5.098423e-04,3.905544e-01,2.673337e-01,1.911675e+01
449,5.567172e-18,-1.718708e-04,-1.719800e-05,5.207360e-04,-4.012709e-02,-2.941492e+00,1.211852e+01
450,1.302083e-18,-1.711272e-04,-7.039649e-06,5.199905e-04,-1.422427e-01,7.385625e-01,1.483861e+01
451,6.096208e-18,-1.671684e-04,-1.171143e-05,5.021373e-04,7.731714e-01,-1.134403e+00,1.444499e+01
452,6.765115e-19,-1.753921e-04,-6.342827e-06,5.108601e-04,-6.209819e-01,9.771114e-02,1.109052e+01
453,7.847160e-18,-1.652738e-04,-1.917617e-05,5.045412e-04,-3.293700e+00,-4.001892e-01,9.704752e+00
454,1.773506e-17,-1.701971e-04,-1.851654e-05,5.265747e-04,2.382533e+00,-1.559164e+00,6.935540e+00
455,2.363014e-19,-1.722651e-04,-3.515691e-06,5.055349e-04,-9.510318e-02,-3.314219e-01,6.960047e+00
456,1.838206e-18,-1.578062e-04,-1.473660e-05,5.247575e-04,3.518327e-02,-8.864161e-02,6.984031e+00
457,2.155097e-18,-1.601478e-04,-5.468762e-06,5.211432e-04,-2.736434e-02,6.980954e-02,2.431843e+00
458,1.446381e-18,-1.718635e-04,-2.304684e-05,5.315522e-04,5.660859e-01,-2.110951e+00,1.202331e+01
459,1.153085e-17,-1.676969e-04,-2.254522e-05,5.452640e-04,8.770731e-02,3.683633e-01,7.101320e+00
460,5.676910e-18,-1.625009e-04,-7.813194e-06,5.380873e-04,-4.198055e-02,-1.358306e-02,4.055654e+00
461,9.160136e-19,-1.734438e-04,-1.484860e-05,5.426369e-04,-6.316699e-03,-7.914451e-03,1.212664e+00
462,1.035719e-18,-1.734361e-04,-1.483777e-05,5.397950e-04,5.280050e-03,-4.941533e-02,-2.527937e-01
463,4.183769e-17,-1.163065e-05,-1.699223e-04,5.096007e-04,-5.626929e-01,-3.047604e+00,1.508423e+01
464,1.286359e-17,-1.187592e-05,-1.704947e-04,5.017067e-04,-9.244140e-01,-6.106952e+00,1.183968e+01
465,3.357338e-17,-1.084802e-05,-1.547773e-04,5.107941e-04,-8.185548e-01,-1.020319e-01,9.952313e+00
466,1.491849e-16,-1.083708e-05,-1.549978e-04,5.108978e-04,-8.321414e-01,-2.590361e-01,9.656251e+00
467,2.574366e-18,-1.251443e-05,-1.664048e-04,5.174905e-04,4.877784e-01,-1.923401e-01,1.123571e+01
468,4.238484e-17,-1.164868e-05,-1.620519e-04,5.011574e-04,8.144145e-01,-4.537821e-01,5.317088e+00
469,4.748415e-19,-1.326683e-05,-1.527339e-04,5.162306e-04,2.879943e-01,-1.346725e-01,7.393788e+00
470,7.779298e-18,-2.131148e-06,-1.710923e-04,5.184791e-04,1.609698e+00,-4.593148e-02,5.924137e+00
471,2.990233e-18,-1.496234e-05,-1.712723e-04,5.019354e-04,-7.970380e-01,-7.636638e-01,2.864976e+00
472,4.644238e-18,-1.563219e-06,-1.718742e-04,5.056462e-04,-9.946947e-02,-8.486619e-02,2.475832e+00
473,9.374832e-16,-2.526631e-06,-1.628964e-04,5.356511e-04,2.188574e-01,-3.759186e-01,8.587725e+00
474,1.664529e-16,-7.066949e-06,-1.740426e-04,5.446179e-04,-3.760590e-01,5.849853e-01,5.508911e+00
475,1.390081e-17,-1.914201e-05,-1.699191e-04,5.445182e-04,-5.823637e-01,7.433822e-02,1.177966e+01
476,1.334236e-16,-1.926592e-05,-1.695759e-04,5.450521e-04,-1.553967e+00,-1.786067e+00,1.289223e+01
477,1.050477e-16,5.305703e-06,-1.601201e-04,5.033110e-04,4.089711e-01,1.005152e-01,2.876915e+00
478,2.412307e-17,-1.383242e-05,-1.584628e-04,5.305351e-04,-4.539240e-01,3.147789e+00,1.713566e+01
479,1.237908e-18,-1.718176e-05,-1.586368e-04,5.498703e-04,2.595812e-02,-3.410343e+00,2.437000e+01
480,3.224483e-18,-1.328680e-05,-1.632860e-04,5.388200e-04,6.172708e-01,-3.521468e+00,1.639674e+01
481,4.740394e-18,-1.485194e-05,-1.710893e-04,5.366742e-04,1.094360e-01,-3.620463e-02,9.912138e+00
482,3.054184e-16,2.606437e-06,-1.753273e-04,5.373018e-04,2.406804e-01,8.470731e-01,7.381122e+00
483,3.049189e-18,3.905871e-06,-1.656249e-04,5.285906e-04,-1.071146e-01,-6.879944e-02,1.874639e+01
484,1.080826e-16,6.751430e-06,-1.589106e-04,5.396370e-04,-3.351722e-01,-6.001961e-01,9.121697e+00
485,1.227910e-16,1.309989e-05,-1.733234e-04,5.292351e-04,3.267908e-01,-1.644908e-01,6.157843e+00
486,1.909749e-17,1.533641e-05,-1.664123e-04,5.393919e-04,1.469309e+00,-6.425933e-01,5.787114e+00
487,1.280122e-18,1.563389e-05,-1.718756e-04,5.434060e-04,1.229461e-02,-9.378956e-03,3.714393e+00
488,9.142458e-19,9.379474e-06,-1.531297e-04,5.325955e-04,-9.533729e-03,-1.571470e-02,6.371594e+00
489,3.160519e-18,1.018697e-05,-1.562150e-04,5.450849e-04,-1.558568e-01,-7.091792e-02,4.659816e+00
490,1.018054e-18,1.327467e-05,-1.554685e-04,5.483544e-04,6.849217e-02,4.965935e-02,2.625260e+00
491,6.652748e-19,1.341069e-05,-1.553330e-04,5.462282e-04,1.866423e-01,1.314386e-01,1.595290e+00
492,1.238609e-18,3.906826e-06,-1.523455e-04,5.289700e-04,-5.781236e-02,1.054344e-01,1.904013e+00
493,1.538978e-18,3.900840e-06,-1.656256e-04,5.222666e-04,-1.213878e-01,-8.050845e-02,1.500996e+01
494,1.243493e-16,5.757281e-06,-1.761141e-04,5.092587e-04,-7.541991e-01,-1.516317e+00,1.007243e+01
495,7.168482e-18,3.906242e-06,-1.656240e-04,5.097194e-04,-3.837869e-02,5.135664e-03,1.218604e+01
496,2.061538e-17,1.421428e-05,-1.680785e-04,5.143082e-04,-5.261809e-01,-1.718428e+00,8.974427e+00
497,3.004039e-18,3.901052e-06,-1.656250e-04,5.158819e-04,-2.236654e-01,-4.296872e-02,1.323014e+01
498,2.461853e-17,6.735027e-06,-1.567613e-04,5.081172e-04,-7.990612e-01,-2.231541e+00,1.956129e+00
499,4.516657e-18,1.016055e-05,-1.640619e-04,5.100539e-04,-8.121573e-02,5.532497e-02,-1.743799e+00
500,3.877405e-18,1.325057e-05,-1.594576e-04,5.090240e-04,-1.074578e+00,-4.136667e-01,1.730859e+00
501,1.315225e-18,8.584917e-06,-1.664020e-04,5.185350e-04,9.269372e-03,-3.626451e-02,9.404511e-01
502,4.786127e-17,1.909471e-05,-1.410504e-04,5.159959e-04,9.893152e-01,5.198578e-01,1.709261e+00
503,4.266195e-18,8.597695e-06,-1.390619e-04,5.094321e-04,9.268768e-01,8.652827e-02,1.528349e+00
504,1.179394e-17,2.508178e-06,2.253928e-04,5.303619e-04,6.458400e-01,-2.972571e-01,1.448912e+01
505,1.304491e-16,2.138444e-06,2.274558e-04,5.373964e-04,2.321111e-01,-1.499756e+00,1.339508e+01
506,9.719074e-17,9.823883e-06,2.360073e-04,5.456822e-04,8.261826e-01,4.813744e-01,6.181333e+00
507,6.935690e-17,1.021268e-05,2.487978e-04,5.465574e-04,-3.607690e-01,-2.315981e-02,6.360285e+00
508,2.898390e-17,2.032249e-05,2.490774e-04,5.256120e-04,1.415933e+00,-5.389147e-02,1.198476e+01
509,6.783104e-17,-1.258981e-07,2.488922e-04,5.287048e-04,-3.879052e-01,-1.041702e-01,7.751493e+00
510,1.368434e-16,-4.824606e-07,2.481543e-04,5.287029e-04,-4.479196e-01,-5.345862e-02,7.899887e+00
511,2.779375e-17,2.582137e-07,2.427625e-04,5.490399e-04,-3.724504e-01,1.540227e+00,1.137637e+01
512,1.707620e-17,1.306160e-05,2.244499e-04,5.444942e-04,1.548739e+00,-5.699868e-02,9.043322e+00
513,1.063765e-18,1.250239e-05,2.281358e-04,5.304350e-04,-5.086893e-01,2.349567e-01,4.809610e+00
514,4.185512e-18,2.265358e-05,2.495202e-04,5.288706e-04,2.228507e-01,-6.665085e-02,4.328076e+00
515,1.432993e-18,1.367560e-05,2.375480e-04,5.445738e-04,-1.241723e+00,-8.308833e-01,3.652746e+00
516,3.233034e-18,3.154134e-06,2.445440e-04,5.416753e-04,1.306111e+00,-9.043742e-02,3.763330e+00
517,2.276866e-19,1.836532e-05,2.308616e-04,5.442336e-04,-5.147030e-02,-1.093787e-01,9.910904e-01
518,1.833286e-17,-3.177080e-07,2.267591e-04,5.037013e-04,-4.563422e-01,-1.526207e+00,8.130058e+00
519,3.472117e-17,1.972042e-06,2.231754e-04,5.161640e-04,-5.791285e-01,2.560544e+00,9.154910e+00
520,7.533461e-17,8.990396e-06,2.226061e-04,5.050731e-04,-8.742569e-03,-5.107476e-01,8.618580e+00
521,9.800590e-17,-7.668243e-06,2.280675e-04,5.274909e-04,3.023171e-01,-4.302797e-01,7.481188e+00
522,4.266338e-17,-1.169925e-05,2.488123e-04,5.488722e-04,-7.444081e-01,6.157091e-01,9.445308e+00
523,4.294681e-17,-1.574810e-05,2.489792e-04,5.369867e-04,-2.465118e-01,2.373581e-02,7.041598e+00
524,5.455534e-18,-1.406212e-05,2.343838e-04,5.338069e-04,-1.043348e-01,3.536933e-01,6.133834e+00
525,3.354008e-18,-3.905784e-06,2.398499e-04,5.296546e-04,-2.351022e-02,-3.133812e-02,3.691711e+00
526,4.656511e-18,-9.369603e-06,2.328128e-04,5.448649e-04,3.886691e-03,1.537787e-01,4.573338e+00
527,4.422563e-18,-3.903198e-06,2.336113e-04,5.344685e-04,-1.896101e-02,-1.835402e-02,-1.062434e-01
528,8.875183e-19,-2.434244e-05,2.496094e-04,5.314219e-04,-5.620636e+00,3.854454e-01,2.135806e+01
529,1.678920e-18,-1.996783e-05,2.496101e-04,5.208366e-04,1.460387e-01,2.089075e-01,1.813629e+01
530,2.457644e-18,-1.875060e-05,2.496088e-04,5.161543e-04,5.638990e-01,8.229039e-02,1.769898e+01
531,1.094602e-18,-2.274283e-05,2.496093e-04,5.247629e-04,-1.772717e+00,2.676531e-01,1.935116e+01
532,9.501778e-19,-1.640415e-05,2.382800e-04,5.178113e-04,-6.290863e-03,-1.109282e-01,-8.388957e-01
533,2.381520e-18,-1.814107e-05,2.496095e-04,5.099702e-04,-6.956474e-01,1.311853e-01,1.546411e+01
534,3.128971e-17,-8.639337e-06,2.339441e-04,5.097016e-04,1.405007e+00,4.896464e-01,6.673894e+00
535,3.396274e-18,-2.325892e-06,2.265615e-04,5.120057e-04,-7.050236e-01,8.060914e-01,7.165700e+00
536,1.397547e-17,-7.098700e-06,2.271824e-04,5.073354e-04,9.194826e-01,-6.351714e-01,5.630752e+00
537,1.264651e-17,-2.089137e-05,2.256217e-04,5.057174e-04,-1.206448e+00,5.171009e-01,3.740409e+00
538,2.442233e-18,-8.587865e-06,2.289154e-04,5.219055e-04,1.856947e-01,-2.482110e-01,7.907247e+00
539,5.299690e-18,7.830603e-07,2.289025e-04,5.191916e-04,3.265399e-01,-8.996938e-01,1.321317e+01
540,1.132504e-18,7.779266e-07,2.496088e-04,5.180386e-04,-1.975828e-01,4.922700e-02,6.068410e+00
541,4.864589e-18,8.133575e-06,2.390544e-04,5.226735e-04,-1.779023e-01,1.856118e-01,5.769568e+00
542,2.569766e-18,1.639847e-05,2.496085e-04,5.078268e-04,-2.216914e-01,-7.266037e-02,7.056340e+00
543,1.218502e-18,1.247760e-05,2.281168e-04,5.139408e-04,1.052052e-01,1.710609e-01,2.994561e+00
544,2.909500e-18,1.405976e-05,2.453085e-04,5.067813e-04,-3.892518e-02,1.790722e-01,2.885207e+00
545,6.353695e-17,1.384606e-05,2.151698e-04,5.488517e-04,9.341834e-01,1.466884e-01,9.717822e+00
546,5.434427e-17,-9.176245e-06,2.169042e-04,5.404723e-04,-1.186167e+00,6.199100e-01,9.587492e+00
547,2.795790e-17,2.129248e-05,2.007825e-04,5.468214e-04,3.584970e-01,-5.830625e-01,4.034812e+00
548,1.213943e-16,2.133161e-05,2.008603e-04,5.469078e-04,3.864165e-01,-6.120657e-01,4.027277e+00
549,6.121516e-18,7.880511e-07,2.195326e-04,5.475318e-04,-6.103812e-01,7.808549e-02,1.257089e+01
550,4.640823e-18,4.316131e-06,2.203103e-04,5.428624e-04,-1.644967e+00,-2.098131e-02,1.062766e+01
551,2.413029e-17,1.567456e-05,2.100390e-04,5.451880e-04,2.869462e-01,4.568191e-01,7.794590e+00
552,1.293396e-17,3.644680e-07,2.219407e-04,5.258093e-04,-8.143432e-01,1.679620e+00,1.002744e+01
553,4.820987e-18,1.513402e-06,2.195148e-04,5.389314e-04,5.504215e-01,2.033749e-01,1.184232e+01
554,2.591709e-18,7.806772e-06,2.171870e-04,5.409405e-04,-4.633120e-03,2.956725e-02,1.158027e+01
555,1.703321e-17,9.831721e-06,2.101606e-04,5.435605e-04,1.117782e-01,-6.763700e-01,5.649294e+00
556,2.122725e-18,1.647178e-05,2.225722e-04,5.445378e-04,7.802372e-02,-1.763025e-01,4.437531e+00
557,4.707135e-18,2.031508e-05,2.210916e-04,5.427326e-04,4.649350e-01,8.939922e-02,3.311723e+00
558,2.753749e-17,-1.335732e-05,2.058934e-04,5.345433e-04,-8.120717e-01,-4.973402e-01,1.003344e+01
559,9.692872e-18,-9.776537e-06,2.023880e-04,5.490034e-04,2.537381e-01,5.799509e-01,8.691986e+00
560,6.879721e-18,-7.810139e-07,2.026923e-04,5.332127e-04,5.335963e-03,-8.831888e-01,6.983749e+00
561,2.921098e-18,-1.718689e-05,2.070336e-04,5.279479e-04,3.675259e-04,6.515500e-03,2.277404e+00
562,2.970763e-18,-1.406808e-05,2.179731e-04,5.271694e-04,4.186069e-01,-3.528745e-01,2.663854e+00
563,6.678612e-19,-1.810507e-05,2.068953e-04,5.427171e-04,4.014830e-02,7.409545e-02,3.719426e+00
564,6.902409e-18,3.906357e-06,1.835916e-04,5.443856e-04,-6.319883e-01,2.434377e-01,1.469749e+01
565,6.280603e-17,4.242884e-06,1.832960e-04,5.445289e-04,-6.180759e-01,-7.639466e-02,1.426977e+01
566,1.810049e-16,1.674153e-05,1.967291e-04,5.330206e-04,3.097744e-01,4.437793e-01,6.057364e+00
567,4.904574e-18,3.124712e-06,1.851550e-04,5.260543e-04,3.568954e-03,1.192553e-02,1.014216e+01
568,1.359049e-18,3.128754e-06,1.851677e-04,5.369160e-04,6.028533e-02,-3.248266e-02,1.053354e+01
569,9.286516e-19,1.251002e-05,1.906292e-04,5.490495e-04,5.644094e-02,2.592027e-03,2.488209e+00
570,2.713671e-18,9.371632e-06,1.906280e-04,5.465845e-04,-5.358427e-02,-8.552257e-03,3.250414e+00
571,2.291100e-19,1.914051e-05,1.964915e-04,5.484151e-04,8.604718e-01,5.233947e-01,1.486630e+00
572,1.083443e-15,5.765302e-05,1.361673e-05,4.409792e-04,-4.216026e-02,-2.904593e-02,6.552849e+00
573,1.426460e-16,5.771597e-05,1.355355e-05,4.408222e-04,-3.329523e-02,1.648598e-02,6.540429e+00
574,4.789680e-18,1.561772e-06,-1.875461e-05,4.790094e-04,3.917407e-02,1.466733e-01,-2.309859e+00
575,1.394933e-17,7.946953e-06,-6.833384e-06,4.724911e-04,7.709930e-01,2.043105e-01,9.673461e-01
576,1.486074e-17,2.179238e-05,-1.281448e-05,4.754673e-04,1.209889e+00,1.180515e+00,1.498621e+00
577,3.131605e-18,1.328408e-05,-1.328108e-05,4.771810e-04,5.410492e-01,1.104940e-02,-2.615521e+00
578,4.856305e-18,1.561323e-06,-1.671853e-05,4.755940e-04,6.407176e-02,8.492120e-01,-1.884151e+00
579,2.570894e-18,2.180973e-05,-1.034877e-05,4.786924e-04,1.413503e+00,1.032948e+00,6.892519e+00
580,1.069359e-18,2.169764e-05,-1.109434e-05,4.728847e-04,-3.554424e-01,-4.931524e-01,2.840790e+00
581,4.200086e-18,2.430403e-05,-1.565371e-05,4.758228e-04,-4.589189e-01,3.567594e-01,3.004517e+00
582,1.063767e-18,-1.249945e-05,-1.718570e-05,4.713213e-04,-1.174580e-01,7.032491e-01,-4.906192e-01
583,5.147499e-18,-3.906412e-06,-1.484107e-05,4.768077e-04,-1.649148e-01,2.384272e-02,-2.592766e-01
584,5.084810e-18,-2.344832e-06,-4.050956e-06,4.760539e-04,1.164948e-01,7.388519e-01,-1.588920e+00
585,5.588156e-19,-1.950882e-05,-8.985570e-06,4.689715e-04,4.395714e-01,1.189578e+00,-1.353455e+00
586,2.313374e-17,-9.593395e-06,-7.815948e-06,4.722055e-04,-1.464317e+00,-2.149707e+00,-9.493290e-01
587,2.160712e-18,-1.797201e-05,-1.172231e-05,4.740653e-04,8.000227e-01,3.036870e-01,6.800963e-01
588,7.919717e-19,-4.297043e-06,-2.460928e-05,4.778918e-04,-2.104232e+00,5.016788e+00,1.295264e+00
589,1.713822e-18,-2.029833e-05,-2.034179e-05,4.766831e-04,1.643437e+00,-2.588167e-02,7.258132e+00
590,1.717434e-18,-2.044024e-05,-2.148556e-05,4.790579e-04,1.174966e+00,-1.356434e+00,1.067285e+01
591,2.614075e-19,-9.767417e-06,-2.539297e-05,4.744482e-04,5.661689e+00,7.508397e-02,1.058537e+00
592,1.756304e-18,-2.025222e-05,-1.959017e-05,4.736613e-04,-4.047326e-01,1.591681e-01,3.075277e+00
593,2.686197e-17,-2.528437e-05,-1.424204e-05,4.771659e-04,-8.832311e-01,5.731666e-01,1.787167e+00
594,3.576593e-19,-1.496094e-04,-3.904862e-07,4.767761e-04,1.459450e+00,-2.096415e+00,1.055984e+00
595,1.521513e-17,-1.461782e-04,1.374621e-05,4.789412e-04,5.886041e-01,5.569415e-01,2.497334e+00
596,3.818333e-18,-1.288021e-04,7.787287e-06,4.799012e-04,1.100295e+00,-1.688187e+00,6.594085e+00
597,3.410829e-19,-1.472639e-04,1.367580e-05,4.767996e-04,4.870563e-01,2.822283e+00,5.832416e+00
598,2.775264e-19,-1.355460e-04,1.210818e-05,4.760223e-04,-8.151394e-01,-1.129635e+00,3.756035e+00
599,3.122240e-19,-1.292985e-04,8.984504e-06,4.721081e-04,-4.308066e-01,-4.368756e-02,-2.538246e+00
600,1.323299e-18,-1.288238e-04,9.766070e-06,4.740723e-04,-6.721708e-01,5.210006e-02,-1.334597e+00
601,2.595158e-17,-1.424221e-04,-3.979690e-06,4.848600e-04,-1.105968e-01,-4.348660e-01,8.376146e+00
602,8.693625e-19,-1.444284e-04,-3.742423e-06,4.736567e-04,-3.546263e+00,1.639428e-01,-4.429772e+00
603,2.392533e-19,-1.566369e-04,-1.913969e-05,4.768060e-04,-2.868775e-01,4.889993e-02,-1.193288e+00
604,6.404807e-19,-1.613284e-04,-2.382834e-05,4.756233e-04,6.165013e-01,-2.046971e+00,-2.423017e-01
605,1.347232e-18,-1.616987e-04,-2.188601e-05,4.783621e-04,-1.761325e+00,3.528307e-01,3.744193e+00
606,1.079682e-18,-1.671826e-04,-8.203374e-06,4.779633e-04,2.525727e-01,-4.548024e-01,3.106514e+00
607,1.025306e-18,-1.673493e-04,-5.562101e-06,4.728765e-04,-2.480520e-02,4.129761e+00,-2.453881e+00
608,1.211962e-17,-1.143918e-04,-2.312330e-05,4.743113e-04,-7.765678e-01,-8.989309e-01,-8.605997e-01
609,1.467400e-18,-1.007728e-04,-4.685205e-06,4.721015e-04,7.642265e-01,9.245870e-01,-2.357831e+00
610,1.684021e-17,-1.742690e-04,6.065011e-06,4.851844e-04,-6.400739e-01,-1.181548e+00,1.043092e+00
611,4.126087e-18,-1.746046e-04,1.127830e-05,4.890781e-04,5.428296e-02,4.644215e-01,1.306668e+01
612,7.996209e-17,-1.777643e-04,1.133828e-05,4.989057e-04,1.027327e+00,1.070466e+00,5.825197e+00
613,7.318779e-18,-1.756259e-04,8.096600e-06,4.817199e-04,-2.332652e-01,-3.619813e-01,6.455120e+00
614,1.434524e-17,-1.771998e-04,2.426067e-05,4.780196e-04,-3.042225e-02,8.293398e-02,1.511211e+00
615,4.552675e-18,-1.484428e-04,3.905895e-06,5.027549e-04,-1.014026e-01,3.492056e-02,3.087693e+00
616,2.360991e-17,-1.718745e-04,1.423199e-05,4.955117e-04,3.632341e+00,3.408879e+00,1.757453e+01
617,9.818767e-18,-1.689308e-04,8.549157e-06,4.890002e-04,-1.947102e+00,5.731524e-01,1.223293e+01
618,3.041625e-18,-1.694034e-04,1.027674e-05,4.983944e-04,-3.587665e+00,1.516470e+00,2.456616e+01
619,1.695267e-18,-1.586879e-04,1.164822e-05,4.940750e-04,-7.350451e-01,6.113558e-01,6.575699e+00
620,1.483772e-17,-1.510111e-04,1.575776e-05,4.894934e-04,-2.044459e-01,-1.751672e-01,5.176669e+00
621,1.557801e-18,-1.586002e-04,1.249366e-05,4.830420e-04,9.752407e-01,-1.367367e+00,4.610036e+00
622,4.812064e-17,-1.581859e-04,7.937919e-06,4.860763e-04,-9.183312e-01,-5.424836e-01,1.710720e+00
623,4.113532e-18,-1.703122e-04,2.292602e-06,4.952278e-04,4.609420e-03,-1.147532e-01,4.991139e-01
624,1.235745e-17,-1.578558e-04,2.424764e-05,4.918732e-04,2.517051e-02,4.607915e-03,1.468824e+00
625,7.911041e-18,-1.492142e-04,2.426612e-05,4.852492e-04,6.359930e-03,1.127161e-01,1.678664e+00
626,1.118792e-16,-1.723309e-04,-3.383063e-06,4.894107e-04,-8.942840e-01,-7.164385e-01,5.584634e+00
627,1.389693e-18,-1.679678e-04,-7.792943e-07,5.016819e-04,9.087925e-02,9.087291e-02,-6.597159e-01
628,4.631156e-17,-1.691676e-04,-1.347538e-05,4.968352e-04,2.526215e+00,-1.987147e+00,7.037499e+00
629,3.813902e-18,-1.507804e-04,-2.421899e-05,4.912365e-04,4.900878e-02,7.779692e-02,1.309832e+00
630,2.908785e-17,-1.511957e-04,-2.398958e-05,4.910159e-04,-2.832737e-02,-4.202377e-02,1.200246e+00
631,3.821077e-18,-1.539069e-04,-7.034096e-06,4.834161e-04,2.721048e+00,-3.791042e+00,3.854784e-01
632,5.656949e-17,-1.539755e-04,-7.726449e-06,4.828702e-04,2.203388e+00,-3.572579e+00,1.362527e-02
633,3.042283e-17,-1.625001e-04,-9.375293e-06,4.888716e-04,-6.210222e-01,1.081688e-01,3.104649e+00
634,1.460215e-16,-1.621716e-04,-9.804225e-06,4.883275e-04,-6.515846e-01,-1.124048e-01,3.050516e+00
635,5.481019e-19,-1.632906e-04,-1.757863e-05,4.932028e-04,9.713421e-01,6.538764e-01,3.030396e+00
636,8.904922e-18,-1.633144e-04,-1.999469e-05,4.816064e-04,-4.327373e-01,2.615301e-01,4.212327e+00
637,4.404474e-18,-1.586161e-04,-2.873150e-06,4.956793e-04,-1.325471e+00,2.968947e-01,2.255621e+00
638,3.235340e-18,-1.609319e-04,-1.016262e-05,4.811182e-04,-1.660657e-01,4.044455e-01,1.719864e+00
639,2.694307e-18,-1.578150e-04,-1.561467e-06,4.794149e-04,8.748260e-03,4.186544e-02,7.433977e-01
640,5.278787e-18,-1.517271e-04,-9.788231e-06,4.982276e-04,2.148611e+00,-1.600002e+00,4.485987e+00
641,4.687868e-17,-1.473280e-04,-8.239063e-07,4.816647e-04,9.681863e-01,1.477165e+00,-4.473381e-01
642,5.194079e-18,-1.570302e-04,-1.874934e-05,4.861888e-04,2.462103e-01,1.173153e-01,3.000701e+00
643,1.792243e-18,-1.670527e-04,-1.079990e-05,4.943090e-04,1.489463e-01,-1.428275e-01,1.204410e+01
644,1.893789e-18,-1.673631e-04,-1.088578e-05,4.904934e-04,-2.061055e-01,2.224855e-01,8.168576e+00
645,1.880289e-18,-1.672614e-04,-9.431017e-06,4.808032e-04,-5.958462e-01,-4.474208e-02,5.045798e+00
646,9.220103e-18,-1.671712e-04,-1.096741e-05,4.852095e-04,8.425693e-02,-6.637839e-02,6.388711e+00
647,2.460352e-16,-1.340319e-04,-6.897983e-06,4.971307e-04,1.023715e+00,-2.211815e-01,3.304115e+00
648,1.943350e-18,-1.444128e-04,-3.120682e-06,4.918001e-04,-2.557672e-01,1.337458e-01,-1.962836e+00
649,1.623573e-17,-1.350725e-04,1.193297e-05,4.817944e-04,9.545920e-01,8.173000e-01,5.349121e+00
650,1.238897e-18,-1.476361e-04,-1.324646e-05,4.955197e-04,1.317918e-02,1.451803e-01,-2.086036e+00
651,1.883086e-17,-1.414949e-04,-1.749547e-05,4.957361e-04,-1.595444e+00,-2.437785e+00,4.346374e+00
652,3.021208e-18,-1.273540e-04,-1.335901e-05,4.945482e-04,6.834644e-02,-7.648343e-02,6.636217e+00
653,1.401363e-18,-1.328085e-04,-1.484714e-05,4.853718e-04,3.095226e-01,-8.202198e-01,5.710910e+00
654,3.191650e-18,-1.335971e-04,-1.483901e-05,5.005363e-04,7.072055e-01,-1.049743e+00,-4.450457e-01
655,2.145888e-18,-1.367225e-04,-2.460939e-05,4.963039e-04,-1.240373e-01,-1.829616e-02,3.263876e+00
656,8.190045e-19,-1.407589e-04,-8.429822e-06,4.845865e-04,-1.269704e-01,-6.544052e-01,5.418940e-01
657,4.091969e-18,-1.273243e-04,-1.330891e-05,4.901602e-04,1.777934e-02,1.703391e-01,5.378665e+00
658,2.883737e-18,-1.273017e-04,-1.325777e-05,4.842421e-04,-4.296185e-01,-5.894557e-01,2.775316e+00
659,4.244140e-18,-1.327902e-04,-1.013037e-05,4.808629e-04,-4.501340e-02,2.115098e-01,1.696043e+00
660,2.544383e-18,-1.476121e-04,-2.436621e-05,4.958754e-04,3.736963e-01,-1.008500e-01,1.712636e+00
661,6.701346e-17,-1.424204e-04,2.390260e-05,4.867060e-04,-2.227732e-01,7.061858e-03,1.327481e+00
662,1.075849e-17,-1.334552e-04,1.567259e-05,4.926892e-04,6.530727e-01,-1.540497e-01,2.871188e+00
663,1.761818e-17,-1.289790e-04,5.359602e-06,4.876929e-04,-5.780891e-01,-4.509572e+00,1.122328e+01
664,3.331137e-18,-1.460985e-04,1.718919e-05,4.928011e-04,2.633885e-01,2.009701e-02,6.507773e+00
665,1.537953e-17,-1.447485e-04,1.822111e-05,5.034600e-04,5.610747e-01,-6.816367e-02,8.509879e+00
666,1.670709e-18,-1.398357e-04,4.686985e-06,5.017029e-04,4.444788e-01,-9.747732e-02,4.526087e+00
667,7.594178e-19,-1.292971e-04,6.642324e-06,4.834448e-04,2.314587e+00,-1.631872e+00,9.129157e+00
668,2.896214e-18,-1.335994e-04,1.562765e-05,5.006488e-04,-6.321661e-01,2.444442e-01,3.902730e+00
669,2.119129e-17,-1.346889e-04,2.414161e-05,4.916415e-04,1.087026e-03,2.164305e-02,1.377925e+00
670,4.862944e-18,-1.367183e-04,-9.264750e-07,5.047552e-04,5.857505e-02,3.930417e-01,3.746488e+00
671,6.865161e-18,-1.243947e-04,2.189185e-05,5.225900e-04,8.763428e-01,9.916606e-01,2.140560e-01
672,1.317583e-18,-1.484386e-04,3.916211e-06,5.267772e-04,3.537888e-02,3.216243e-01,8.315760e+00
673,1.277336e-18,-1.484351e-04,3.910656e-06,5.214788e-04,1.413138e-02,-4.772228e-01,7.985438e+00
674,2.452983e-18,-1.289091e-04,-7.785597e-07,5.073831e-04,-6.303122e-02,7.529176e-02,5.485526e+00
675,6.927701e-18,-1.343794e-04,1.562679e-05,5.130527e-04,6.456290e-01,-3.462448e-01,5.550367e+00
676,2.450724e-18,-1.445360e-04,8.590901e-06,5.241323e-04,3.094473e-02,-6.860379e-02,5.902192e+00
677,3.554647e-17,-1.259843e-04,1.757983e-06,5.140424e-04,9.763038e-01,-9.262994e-01,6.085774e+00
678,1.310967e-18,-1.398377e-04,4.687216e-06,5.184850e-04,-4.085824e-03,3.320939e-02,4.664115e+00
679,4.111456e-18,-1.445297e-04,3.479295e-06,5.058770e-04,-3.027753e-01,3.148914e-01,3.274856e+00
680,3.056693e-18,-1.421892e-04,7.806230e-06,5.181056e-04,-1.865746e-02,2.782300e-01,4.142530e+00
681,4.055441e-18,-1.435892e-04,7.808318e-06,5.066695e-04,3.047796e-01,2.511982e-02,4.974878e+00
682,4.719358e-18,-1.398405e-04,4.690629e-06,5.124204e-04,-9.674213e-03,-4.915707e-03,4.475573e+00
683,4.265351e-17,2.328300e-05,2.781944e-05,5.446693e-04,5.348224e+00,-1.870670e-01,6.191164e+00
684,1.112167e-16,-2.716725e-06,3.069605e-05,5.456085e-04,-3.726760e-01,-6.402457e-01,8.102086e+00
685,1.657461e-18,1.302040e-06,4.186843e-05,5.495586e-04,-5.405903e+00,-2.967404e+00,2.590300e+01
686,4.124757e-16,-5.862842e-06,4.066456e-05,5.463129e-04,6.257398e-01,-4.643738e-01,9.717305e+00
687,1.041604e-17,2.190418e-05,2.421686e-05,5.349266e-04,5.660058e-01,2.001703e-03,8.108764e+00
688,3.603461e-18,1.484943e-05,2.890759e-05,5.336778e-04,-3.291568e-01,8.064092e-01,7.685447e+00
689,4.653786e-17,1.484415e-05,2.892415e-05,5.333415e-04,-2.897069e-01,7.856869e-01,7.357733e+00
690,4.325856e-18,4.693869e-06,3.515921e-05,5.297570e-04,-5.761524e-02,-2.368794e-01,7.485649e+00
691,2.364397e-18,1.642613e-05,2.498545e-05,5.371868e-04,1.500849e-01,-2.255316e-01,3.829622e+00
692,4.916909e-18,4.631499e-06,4.678685e-05,5.346958e-04,-9.086566e-01,-7.426973e-01,2.213141e+00
693,6.107404e-17,4.710438e-06,3.530090e-05,5.134674e-04,-1.325935e+00,-6.012792e-01,5.807370e+00
694,2.916617e-18,6.795110e-10,3.515455e-05,5.188139e-04,1.899239e-02,8.174277e-02,7.312105e+00
695,1.937057e-17,4.548827e-06,4.746330e-05,5.200759e-04,-3.781574e-01,-8.626423e-01,4.613795e+00
696,9.477693e-18,5.476961e-06,2.505925e-05,5.093631e-04,-2.402094e-01,4.020506e-01,3.782408e+00
697,1.998138e-17,7.048693e-06,2.934045e-05,5.163978e-04,-6.919399e-01,-2.928089e-01,3.866622e+00
698,3.609810e-18,2.181831e-05,3.750356e-05,5.058127e-04,1.779165e+00,2.640220e-01,4.405719e+00
699,2.249340e-17,6.902804e-06,3.847703e-05,5.210182e-04,4.280496e-01,-4.419030e-01,2.403669e+00
700,3.974324e-18,1.010098e-05,4.062242e-05,5.084031e-04,-1.607073e+00,3.559084e-02,8.576479e-01
701,2.164767e-18,3.892424e-06,5.858803e-05,5.271668e-04,1.169070e-01,-7.121307e-02,1.959609e+00
702,3.443917e-17,6.030423e-06,7.038242e-05,5.105323e-04,-2.254836e+00,1.261692e+00,1.958251e+01
703,2.044977e-17,1.552395e-05,5.542306e-05,5.124274e-04,-1.464632e+00,1.490823e+00,1.071589e+01
704,6.149456e-17,1.729604e-05,7.097112e-05,5.160243e-04,-1.027138e-01,1.711299e+00,6.914222e+00
705,4.320702e-18,1.563205e-05,7.187564e-05,5.238480e-04,9.677526e-01,-2.550097e-02,6.554237e+00
706,2.874000e-18,1.327935e-05,6.094332e-05,5.234331e-04,7.587203e-02,-2.380558e-01,8.101321e+00
707,1.417941e-17,3.802362e-07,7.037221e-05,5.227065e-04,-1.921157e-01,1.044842e+00,4.721122e+00
708,3.915851e-18,6.382920e-06,5.859015e-05,5.203612e-04,-2.191804e+00,-4.292653e-02,2.093431e+00
709,6.849671e-17,-1.331569e-05,4.688493e-05,5.381894e-04,-2.556459e+00,-6.989178e-01,1.618770e+01
710,3.319759e-18,-3.081977e-06,4.613533e-05,5.435600e-04,1.740757e-02,6.862233e-01,2.187286e+01
711,2.671771e-17,-4.921238e-06,4.612739e-05,5.279348e-04,-4.686042e-01,-2.998672e-01,1.919132e+01
712,1.905776e-18,-1.575367e-05,3.887602e-05,5.351499e-04,-2.049388e-01,-2.707823e+00,2.050477e+01
713,4.738506e-19,-1.643986e-05,3.476431e-05,5.497384e-04,6.265133e-02,-5.595402e+00,3.150853e+01
714,1.954116e-17,-2.187151e-05,2.752798e-05,5.491271e-04,1.227915e+00,2.635654e+00,1.136129e+01
715,9.156149e-17,-1.526901e-05,4.753581e-05,5.254164e-04,8.034605e-01,-6.374747e-01,6.475786e+00
716,6.467700e-18,-9.310295e-06,3.308657e-05,5.425392e-04,-8.451540e-01,-8.927073e-01,3.509699e+00
717,2.955941e-17,-1.557058e-05,5.782342e-05,5.072024e-04,9.906028e-01,-5.609506e-01,1.221390e+00
718,3.067457e-17,-1.022316e-05,7.712806e-05,5.075719e-04,8.989888e-01,-4.724917e-01,9.212382e+00
719,1.787243e-17,-1.692908e-05,6.632683e-05,5.085567e-04,4.901926e-01,1.643975e+00,6.854343e+00
720,1.628547e-18,-6.303119e-06,5.084857e-05,5.155310e-04,3.041172e-01,-5.851209e-02,7.761652e+00
721,2.852404e-17,-8.654476e-06,6.235061e-05,5.135023e-04,2.234945e-01,-1.534858e+00,4.163616e+00
722,1.596641e-17,-1.466614e-05,7.360633e-05,5.091508e-04,6.537727e-02,2.497575e+00,4.536571e+00
723,7.935596e-19,-7.133201e-06,5.406901e-05,5.139298e-04,5.631458e-01,-2.561751e-01,2.664177e+00
724,1.082206e-18,-2.353813e-06,6.483595e-05,5.184652e-04,1.630652e-02,1.068072e-01,2.962066e-01
725,1.294776e-18,-1.177126e-05,4.414445e-05,5.241911e-04,-4.709549e-01,-1.319320e+00,1.573938e+01
726,1.302688e-18,-4.678272e-06,4.611027e-05,5.199989e-04,5.327440e-01,-2.144977e-01,1.531969e+01
727,1.290412e-17,-3.934909e-06,4.613944e-05,5.079390e-04,7.753500e-01,1.698467e-02,1.226467e+01
728,4.044947e-17,-1.057988e-05,3.174334e-05,5.225643e-04,-4.720397e-02,1.068448e+00,7.413862e+00
729,6.347779e-18,-1.017195e-05,4.774667e-05,5.123295e-04,1.444523e+00,-1.807281e+00,1.025033e+01
730,1.469264e-16,-1.033517e-05,3.212982e-05,5.223356e-04,-3.253740e-01,5.645731e-01,6.778454e+00
731,4.371871e-18,-1.325925e-05,3.983814e-05,5.177266e-04,1.296150e+00,-1.708370e-01,5.314511e+00
732,8.345291e-18,-1.331758e-05,3.388101e-05,5.110240e-04,-1.031747e+00,-2.661001e+00,3.775983e+00
733,1.508733e-18,-7.012403e-06,4.062084e-05,5.230302e-04,2.911738e-01,-2.086934e-01,4.966156e+00
734,3.337119e-18,-1.094813e-05,4.920304e-05,5.090147e-04,-1.348879e+00,-1.124890e+00,1.147429e+01
735,7.373687e-17,-2.373337e-05,-2.045276e-04,4.911844e-04,-3.782495e-03,6.559817e-02,7.407057e-01
736,6.351309e-18,-1.406270e-05,-2.245018e-04,5.006114e-04,1.606378e-01,1.148581e+00,5.306302e-02
737,4.347515e-18,-1.327721e-05,-2.035406e-04,4.927843e-04,1.970676e-01,-6.841421e-01,-1.875187e+00
738,1.217209e-18,-7.043661e-06,-1.991625e-04,4.892533e-04,4.406566e-02,-1.982752e+00,4.556082e+00
739,9.338410e-17,-3.631624e-06,-2.099696e-04,4.972980e-04,-8.759153e-01,-1.089989e+00,1.086291e+01
740,4.183300e-17,-6.779002e-06,-2.172669e-04,4.994509e-04,1.278820e+00,-2.669032e+00,1.422562e+01
741,3.722919e-17,-7.156447e-06,-2.104085e-04,4.870822e-04,3.377343e+00,-5.571928e-01,1.162963e+01
742,3.171363e-17,-1.279814e-05,-2.181015e-04,4.966860e-04,3.455362e-01,3.372366e-01,3.530689e+00
743,1.264568e-17,-3.154116e-06,-2.078095e-04,4.889571e-04,2.499931e-01,-3.823260e-01,1.113839e+01
744,1.225711e-17,-7.107585e-06,-2.179094e-04,4.907056e-04,-3.503784e-01,-2.517309e+00,1.211624e+01
745,7.449910e-18,6.102774e-08,-2.195540e-04,4.899139e-04,2.816378e+00,-1.344173e+00,6.502010e+00
746,1.034935e-18,-3.515690e-06,-2.154934e-04,4.812523e-04,1.390344e+00,9.032873e-01,6.481127e+00
747,1.250175e-17,-3.734518e-06,-2.120985e-04,4.796875e-04,-7.589197e-01,-3.105606e-01,2.789376e+00
748,4.396065e-18,-8.539200e-06,-2.204791e-04,4.959462e-04,1.223521e+00,5.761874e-01,1.290162e+00
749,2.534986e-18,-2.381640e-06,-2.070683e-04,4.812547e-04,-1.861869e+00,-2.606992e-01,5.302225e+00
750,1.280146e-17,-2.427137e-05,-2.195736e-04,4.966626e-04,9.765460e-03,-3.097477e-02,1.643952e+00
751,1.246814e-18,1.640249e-05,-2.093773e-04,4.931856e-04,-3.128347e-02,-8.917204e-02,-9.078040e-01
752,4.683239e-17,3.741529e-06,-2.112381e-04,4.854118e-04,1.021744e+00,1.624917e+00,5.081856e+00
753,4.396694e-17,2.394965e-05,-2.159024e-04,4.955725e-04,6.342598e-03,2.754468e-02,1.140278e+00
754,2.160679e-17,8.282949e-06,-2.024111e-04,4.837560e-04,-8.046768e-01,-1.657696e+00,2.690083e+00
755,5.746773e-17,2.986665e-06,-2.123032e-04,4.930256e-04,1.723212e+00,1.298729e+00,5.736318e+00
756,2.207552e-18,2.460910e-05,-2.164043e-04,4.829329e-04,-2.064987e-02,4.468627e-02,2.668212e+00
757,1.675857e-17,2.219814e-05,-2.046100e-04,4.928609e-04,1.293950e+00,-1.249569e+00,1.033473e+01
758,3.317391e-17,1.358350e-05,-2.185833e-04,4.843834e-04,-7.673325e-01,-1.327049e+00,1.181051e+01
759,4.143329e-17,9.906142e-06,-2.054794e-04,4.945108e-04,6.004054e-01,8.960324e-01,7.535188e+00
760,2.750597e-18,2.033405e-05,-2.023499e-04,4.865247e-04,-8.913611e-01,-5.155246e-01,8.175799e+00
761,1.815946e-17,9.683723e-06,-2.201464e-04,4.810712e-04,1.658640e+00,3.520644e-02,6.596475e+00
762,2.609662e-18,7.028609e-06,-1.992236e-04,4.911485e-04,-2.958290e-01,5.727282e-02,3.600647e+00
763,5.333730e-18,1.563038e-05,-1.999980e-04,4.869724e-04,2.532720e-01,1.827446e-01,3.991713e+00
764,2.057688e-18,1.022330e-05,-2.070888e-04,4.997004e-04,-9.400844e-01,-2.602959e-02,3.297408e+00
765,3.056666e-18,9.374290e-06,-2.085968e-04,4.865627e-04,-9.869855e-02,-4.884528e-01,4.068271e+00
766,1.667564e-18,1.328472e-05,-2.183594e-04,4.767905e-04,4.642935e-01,-1.074083e+00,6.909735e+00
767,3.117889e-18,2.032769e-05,-2.015747e-04,4.787846e-04,-2.592341e-01,3.172270e-01,4.189075e+00
768,1.313238e-18,7.811907e-06,-2.210908e-04,4.869216e-04,1.878950e-01,7.197282e-02,5.083291e+00
769,3.198283e-18,1.013996e-05,-2.039080e-04,4.876887e-04,-1.469267e+00,5.507057e-01,6.814274e+00
770,5.374344e-18,2.440236e-05,-2.242203e-04,4.835836e-04,1.060887e-01,6.370493e-03,2.317442e+00
771,7.701430e-18,2.432115e-05,-2.211183e-04,4.786610e-04,-4.680769e-02,2.518794e-02,2.006721e+00
772,1.271995e-16,1.015172e-05,-2.404878e-04,4.818257e-04,-2.041525e-01,1.162687e+00,3.448691e+00
773,1.313345e-17,-8.375046e-06,-2.451176e-04,4.969979e-04,1.358303e+00,-1.969230e+00,2.529231e+00
774,4.578980e-18,-1.640942e-05,-2.429606e-04,5.005066e-04,-2.159324e-01,-1.180768e+00,-1.373535e+00
775,7.238914e-18,-2.434089e-05,-2.304910e-04,4.896671e-04,-7.688338e-02,-4.026052e-02,1.732560e+00
776,2.471533e-17,-1.058612e-05,-2.400113e-04,4.932210e-04,2.362673e+00,3.662583e-01,1.054325e+01
777,7.709465e-19,-1.428910e-06,-2.386720e-04,4.967737e-04,8.030135e-01,-6.599993e-01,1.659564e+01
778,4.972426e-18,-3.127811e-06,-2.359428e-04,5.001008e-04,-5.686906e-02,-4.500253e-02,1.114845e+01
779,1.818036e-17,-1.077492e-05,-2.338827e-04,4.896621e-04,3.240143e+00,7.847781e-01,7.473905e+00
780,2.308724e-17,-7.947722e-06,-2.273847e-04,4.898047e-04,9.122128e-01,-6.696173e-02,4.950027e+00
781,2.279497e-17,-6.341589e-06,-2.316468e-04,4.919285e-04,-5.582745e-01,5.766277e-01,5.699192e+00
782,2.456930e-19,-6.640899e-06,-2.285138e-04,4.814663e-04,4.058635e-01,-1.796839e-01,3.597215e+00
783,3.325834e-18,-3.122384e-06,-2.343878e-04,4.880782e-04,-2.565577e-01,-2.991239e-01,5.660074e+00
784,1.596671e-18,-2.334547e-06,-2.496095e-04,4.904396e-04,1.687030e-01,-6.125847e-02,3.662418e+00
785,2.922179e-18,-1.247524e-05,-2.406436e-04,4.903805e-04,2.217103e+00,-3.184604e-01,1.393059e+01
786,1.118268e-18,-1.172078e-06,-2.396806e-04,4.991211e-04,3.398358e-01,-6.126077e-01,1.870379e+01
787,2.352391e-18,-1.482982e-05,-2.398520e-04,4.842152e-04,-1.918416e-01,-9.957050e-01,6.272090e+00
788,2.261896e-17,-2.415397e-05,-2.372905e-04,4.869297e-04,2.994582e-01,-5.125461e-01,2.289736e+00
789,2.764221e-19,-1.953232e-06,-2.394532e-04,4.962502e-04,9.980283e-02,3.570451e-01,1.606883e+01
790,1.019158e-17,-1.459263e-06,-2.390542e-04,4.865123e-04,3.119198e-02,1.066146e-03,7.754214e+00
791,3.227311e-18,-1.488449e-05,-2.390142e-04,4.788822e-04,4.194311e-01,1.264859e-01,2.851433e+00
792,1.598848e-18,-1.474806e-05,-2.336912e-04,4.836862e-04,6.730344e-01,-3.328412e-01,5.341573e+00
793,1.523199e-18,-1.501689e-06,-2.372399e-04,4.795547e-04,-4.468369e-01,8.263780e-01,7.948738e-01
794,3.675910e-18,-3.696469e-06,-2.399265e-04,4.841721e-04,3.108085e+00,-2.938078e-01,2.726702e+00
795,5.955722e-18,-1.562968e-06,-2.359009e-04,4.759609e-04,-3.848917e-02,2.241151e+00,-6.128422e-02
796,3.892240e-18,-1.562909e-05,-2.335351e-04,4.770201e-04,1.722060e-02,-4.144161e-01,1.686212e-01
797,7.646669e-18,-2.429033e-05,-2.455939e-04,4.987115e-04,-9.529489e-02,-1.694832e-02,1.718348e+00
798,2.855659e-18,1.641387e-05,-2.468694e-04,4.858585e-04,-4.283485e-01,9.749901e-02,5.025017e-01
799,4.450214e-17,1.030071e-05,-2.415563e-04,4.946858e-04,5.820385e-01,-8.044859e-01,5.582151e+00
800,3.555928e-17,2.400334e-05,-2.422092e-04,4.823972e-04,-2.148317e-02,2.859562e-03,1.260913e+00
801,9.892066e-18,2.436672e-05,-2.289363e-04,4.923654e-04,-4.077229e-02,2.871238e-01,6.363975e+00
802,4.244718e-18,2.110441e-05,-2.312985e-04,4.868015e-04,2.577431e-01,-6.154085e-01,6.311936e+00
803,2.560653e-18,9.065822e-06,-2.273048e-04,4.954256e-04,1.206769e+00,1.631158e-02,6.494595e+00
804,3.701919e-17,3.587662e-06,-2.394936e-04,4.760927e-04,-8.916180e-01,-1.501987e+00,1.278358e-01
805,1.207490e-18,7.941405e-06,-2.306251e-04,4.877007e-04,3.111042e-02,-6.399213e-03,4.851870e+00
806,2.455376e-17,1.603980e-05,-2.437889e-04,4.786413e-04,-5.366511e-01,-8.894561e-01,4.352370e+00
807,6.259833e-19,1.562378e-06,-2.496093e-04,4.915790e-04,1.662292e-01,-2.727164e-01,4.100090e+00
808,1.618437e-17,2.425269e-05,-2.312722e-04,4.776303e-04,-2.001122e-01,-5.033256e-01,2.713915e+00
809,3.669744e-18,1.961875e-05,-2.313246e-04,4.830675e-04,-1.510004e+00,-8.788562e-02,4.642573e+00
810,1.030844e-17,2.192450e-05,-2.492863e-04,4.844399e-04,1.545012e-01,3.137162e-02,2.137222e+00
811,1.496299e-18,1.497763e-05,-2.304676e-04,4.959045e-04,5.930289e-02,-1.712254e-02,9.076751e+00
812,2.086772e-17,1.664642e-05,-2.319002e-04,4.779197e-04,2.187836e-01,5.048097e-01,2.554510e-01
813,6.195534e-18,1.484426e-05,-2.304735e-04,4.922865e-04,2.338495e-02,-2.893036e-01,8.341116e+00
814,2.128243e-18,1.158313e-05,-2.496101e-04,4.911779e-04,-5.401988e-01,-2.892772e-02,2.035341e-01
815,2.196341e-18,1.327681e-05,-2.351618e-04,4.966543e-04,8.937509e-03,-1.208547e-01,8.886880e+00
816,3.911907e-18,1.328202e-05,-2.351574e-04,4.915661e-04,-1.099826e-01,-9.869027e-02,7.263039e+00
817,1.897719e-18,1.338646e-05,-2.351507e-04,4.843953e-04,-5.479217e-02,2.169745e-01,4.398734e+00
818,1.541750e-16,-3.780680e-06,-5.164812e-05,5.087827e-04,4.100297e-01,-7.160896e-01,6.626012e+00
819,4.908694e-17,-5.072952e-06,-5.219615e-05,5.199447e-04,7.053638e-01,1.280147e+00,7.932766e+00
820,2.050778e-16,-7.974293e-06,-5.342742e-05,5.406743e-04,-3.592212e-01,1.157980e-01,1.013595e+01
821,2.299463e-17,-1.166534e-05,-3.642734e-05,5.206891e-04,2.071626e+00,-6.024904e+00,2.590518e+01
822,8.654249e-17,-5.149225e-07,-4.359748e-05,5.018469e-04,-2.948476e-01,4.203586e-02,2.492613e+00
823,2.708266e-18,-1.400731e-05,-3.426908e-05,5.137043e-04,-5.344172e-01,-4.226948e+00,2.186884e+01
824,1.072115e-16,-6.786909e-06,-4.048435e-05,5.176076e-04,-4.207842e-01,5.572677e-01,4.194388e+00
825,6.424270e-18,-1.397869e-05,-3.261057e-05,5.104316e-04,9.154898e-01,-3.207903e+00,2.335217e+01
826,2.425352e-16,-5.864493e-06,-2.612104e-05,4.996261e-04,5.427951e-01,4.279151e-01,9.016756e+00
827,4.504832e-17,-1.789497e-06,-2.553568e-05,5.179040e-04,-9.743855e-01,9.121770e-01,4.519088e+00
828,8.219872e-19,-2.460934e-05,-3.398818e-05,5.097508e-04,-9.220205e+00,-4.843743e+00,3.534155e+01
829,2.801215e-17,-1.719148e-05,-4.764294e-05,5.098003e-04,-1.321627e-01,1.613380e+00,6.373332e+00
830,1.257487e-18,-1.562167e-05,-2.968225e-05,5.260389e-04,3.158702e-01,2.427781e-01,6.410593e+00
831,3.698626e-18,-1.484204e-05,-2.890387e-05,5.173585e-04,4.216654e-01,-4.885622e-01,4.624358e+00
832,3.534626e-17,-1.453877e-05,-2.907394e-05,5.177355e-04,5.975433e-01,-6.347421e-01,4.722396e+00
833,5.316008e-18,-1.251168e-05,-4.229195e-05,5.117744e-04,-4.863893e-01,5.236423e-01,4.938766e+00
834,7.447491e-18,-2.296479e-05,-3.265787e-05,5.030838e-04,-2.466850e+00,-1.921847e+00,2.751745e+01
835,5.019745e-18,-1.950985e-05,-4.369594e-05,5.072720e-04,-8.922210e-01,-1.999266e+00,2.703412e+00
836,4.943789e-18,-1.250222e-05,-4.219239e-05,5.033337e-04,1.486337e-01,5.991219e-01,3.128651e+00
837,4.553645e-17,-7.874058e-06,-3.767371e-05,5.379877e-04,-2.339844e-01,-1.767845e-01,4.087385e+00
838,1.545102e-16,-7.979294e-06,-3.795508e-05,5.379623e-04,-2.132904e-01,-1.353640e-01,4.178732e+00
839,1.159038e-17,3.943860e-07,-2.668343e-05,5.489205e-04,6.733718e-01,3.466331e-02,8.424322e+00
840,4.482655e-18,-1.249782e-05,-4.296931e-05,5.290884e-04,1.005039e-01,-1.101622e+00,6.010602e+00
841,6.069023e-17,3.913039e-06,-2.654653e-05,5.285467e-04,-1.573293e+00,5.555191e-02,1.242435e+01
842,7.314512e-18,1.107674e-05,-2.323576e-05,5.495094e-04,1.163142e+00,6.774916e-01,1.948261e+01
843,4.583281e-18,7.808671e-06,-3.827743e-05,5.461795e-04,-8.713745e-02,-1.699625e-02,5.804184e+00
844,2.716206e-18,1.173510e-05,-4.217379e-05,5.329422e-04,1.700295e-01,1.080350e-01,5.392586e+00
845,1.063104e-18,1.328591e-05,-3.906093e-05,5.347948e-04,-3.503401e-02,-2.773316e-04,5.110524e+00
846,2.916522e-18,6.962950e-06,-4.452771e-05,5.273301e-04,1.093003e-02,-2.461121e-02,3.076285e+00
847,2.188741e-18,1.523661e-06,-2.426407e-05,5.334334e-04,2.006585e-02,4.623299e-01,3.993494e-01
848,1.129077e-16,-1.449686e-05,-1.139748e-05,5.056795e-04,-2.277547e-01,1.976840e+00,5.120593e+00
849,4.324082e-17,-2.070460e-05,-6.999932e-06,4.838189e-04,-2.330658e+00,1.491429e+00,2.206309e+00
850,2.875452e-18,-1.566156e-05,-2.335333e-05,4.859695e-04,-1.373337e+00,-8.284988e-02,2.581796e+00
851,6.722834e-17,-9.072401e-06,-2.273305e-05,4.930040e-04,8.685452e-01,4.556154e+00,1.160704e+01
852,3.788097e-18,-8.594898e-06,-7.810167e-07,4.988964e-04,2.649928e+00,1.172395e+00,8.726648e+00
853,4.723975e-17,-8.525460e-06,-1.046434e-06,4.983994e-04,2.609841e+00,1.144812e+00,8.140117e+00
854,2.244584e-18,-1.563031e-05,-2.342642e-05,4.959115e-04,6.001768e-02,6.165606e-01,1.411281e+00
855,4.114739e-18,-9.470313e-06,-2.148467e-05,4.862623e-04,8.036953e-01,5.701333e+00,1.114438e+01
856,8.331568e-18,-1.407922e-05,-2.576526e-05,4.854239e-04,1.320730e+00,1.043698e+00,1.002044e+01
857,7.105191e-19,-1.367369e-05,-2.576952e-05,4.799094e-04,-3.195028e-01,-3.190672e+00,7.028624e+00
858,1.896655e-17,-1.890346e-05,-2.219455e-05,4.826391e-04,4.347869e-01,-1.850244e+00,9.367349e+00
859,4.299085e-18,-2.577454e-05,-5.472446e-06,5.008775e-04,1.122644e-01,-1.038300e-01,3.704531e+00
860,5.377262e-18,-1.442472e-05,-4.688550e-06,4.889788e-04,5.292686e-01,-3.265287e-02,6.205994e+00
861,2.523448e-18,-3.907892e-06,-1.484440e-05,4.919075e-04,-2.421645e-01,1.880165e-01,5.230550e+00
862,7.658407e-18,3.141731e-06,1.446195e-06,4.829229e-04,-3.128187e-02,-2.239288e-01,-5.059544e-01
863,7.414278e-17,4.986915e-06,-2.406521e-05,4.922119e-04,-1.094755e+00,8.405901e-01,7.087867e+00
864,6.889225e-18,1.765811e-05,-6.265072e-06,4.851122e-04,-2.341577e+00,2.768974e-01,4.412607e-01
865,2.646382e-17,9.041936e-06,3.335879e-07,5.015494e-04,-7.655423e-01,-2.608166e-02,7.614869e+00
866,1.232745e-16,8.604528e-06,4.853728e-07,5.020728e-04,-1.686131e+00,-3.767739e-01,6.841855e+00
867,1.199294e-16,2.710551e-05,-1.575613e-05,4.958501e-04,2.257683e+00,-6.550054e-02,1.019263e+01
868,3.785414e-18,1.328237e-05,-1.328228e-05,5.020668e-04,4.275231e-01,9.532497e-01,4.358557e+00
869,5.876079e-17,1.279672e-05,-1.307599e-05,5.018443e-04,4.501990e-01,1.007205e+00,4.383670e+00
870,4.731270e-17,5.319639e-06,-1.970746e-05,5.010545e-04,2.191855e+00,8.599346e-01,7.761535e+00
871,5.354754e-18,2.115730e-05,-1.557677e-05,4.857617e-04,9.979418e-02,-4.350734e-01,6.915951e+00
872,1.192287e-18,2.416179e-05,-1.643930e-05,5.009742e-04,3.408686e-01,-5.986664e-01,7.331939e+00
873,7.851990e-18,2.281857e-06,-1.241743e-05,4.976181e-04,4.515136e-01,-3.114986e-01,3.573283e+00
874,1.073455e-17,2.244280e-05,-1.161571e-05,5.007117e-04,-1.519991e-01,1.055250e-01,1.598617e+01
875,3.670088e-18,1.953188e-05,-1.719091e-05,4.904365e-04,-8.270568e-01,4.975884e-01,2.252284e+00
876,4.081866e-18,1.953144e-05,-1.718765e-05,4.977816e-04,1.780038e-02,1.562992e-02,1.992346e+00
877,1.798491e-18,2.269590e-05,-1.133308e-05,4.939261e-04,-7.049675e-01,8.402827e-01,1.302592e+01
878,7.377616e-18,2.268356e-05,-1.016781e-05,4.906018e-04,-1.429548e-01,2.014620e+00,1.179534e+01
879,9.099082e-18,2.180430e-05,-1.016035e-05,4.846198e-04,1.433030e+00,-4.260061e-02,1.011108e+01
880,8.220006e-19,2.405719e-05,-1.500241e-05,4.923929e-04,7.465923e-01,1.252387e-01,1.482399e+01
881,2.958199e-18,1.328000e-05,-1.016025e-05,4.880220e-04,-9.748254e-02,3.734962e-01,2.338889e-01
882,2.246762e-18,2.442707e-05,-1.485254e-05,4.877383e-04,-8.699843e-01,9.181682e-01,1.056242e+01
883,2.506630e-18,2.421704e-05,-1.486501e-05,4.818446e-04,4.263061e-02,-5.362472e-01,6.824463e+00
884,2.841141e-17,-1.238003e-05,-3.837268e-06,5.187524e-04,1.930173e-02,2.636485e-01,1.355591e+01
885,2.077556e-17,-5.226154e-06,-1.667488e-05,5.168699e-04,5.760004e-01,-1.670674e-01,9.125768e+00
886,2.282909e-17,2.178748e-06,-1.145645e-05,5.193093e-04,-6.155711e-01,7.113598e-02,8.070524e+00
887,2.356675e-17,-8.118271e-06,-1.022995e-05,5.242047e-04,6.813181e-01,9.664709e-01,5.586890e+00
888,1.369871e-17,-4.935962e-06,-1.546060e-05,5.061686e-04,-2.218937e-01,6.317356e-03,8.093897e+00
889,4.046874e-17,-1.247777e-05,-9.720956e-06,5.109776e-04,-4.267228e-01,1.307653e-01,3.710564e+00
890,1.059930e-17,-6.259000e-06,-2.090998e-05,5.244000e-04,-1.207796e-01,-1.964170e+00,1.654433e+00
891,2.000490e-17,-1.447144e-05,-1.542077e-05,5.262884e-04,1.004328e+00,-3.861348e-01,3.194812e+00
892,3.425284e-17,-1.717588e-05,1.982565e-06,5.273775e-04,1.998202e-01,2.536391e-01,4.995832e+00
893,1.061399e-18,-1.796214e-05,-3.903849e-06,5.047276e-04,1.819134e-01,2.377175e-02,-2.686976e-01
894,2.959264e-18,3.182934e-06,7.435687e-05,4.745542e-04,1.925397e+00,2.324876e+00,3.401253e+00
895,3.027273e-19,-1.757864e-05,6.835912e-05,4.728844e-04,-1.483194e+00,5.955117e-01,-5.459029e+00
896,2.815951e-19,7.422556e-06,3.867199e-05,4.752232e-04,-4.188991e+00,-4.940432e-01,3.262958e+00
897,7.288343e-19,1.601472e-05,2.851483e-05,4.692882e-04,1.188439e+00,2.956089e+00,5.592370e+00
898,5.903340e-19,1.679571e-05,2.773343e-05,4.709216e-04,-1.742142e+00,4.482277e-01,6.509647e+00
899,2.157539e-18,-2.500102e-06,4.843443e-05,4.738834e-04,3.792935e+00,3.962402e+00,-3.276264e+00
900,5.718170e-19,-3.161093e-06,4.023476e-05,4.767784e-04,1.784212e+00,1.739159e+00,9.214960e-01
901,1.768472e-16,-3.684457e-06,-2.125738e-04,5.433845e-04,1.089699e+00,4.493797e-01,7.557598e+00
902,2.333200e-17,1.473478e-05,-2.159657e-04,5.468567e-04,2.486854e-01,1.269766e-01,1.075580e+01
903,1.527238e-17,6.825510e-06,-2.145824e-04,5.494669e-04,-1.051819e-01,-1.417223e+00,1.301694e+01
904,6.999901e-18,2.265772e-05,-2.101552e-04,5.417017e-04,3.510472e+00,-1.843226e-01,6.237214e+00
905,6.980111e-17,2.250575e-05,-2.105200e-04,5.418724e-04,2.673171e+00,1.194786e-02,5.993054e+00
906,1.641581e-17,5.437486e-06,-2.048855e-04,5.388696e-04,-6.727700e-02,1.335848e-01,1.112089e+01
907,3.280930e-17,4.786868e-06,-2.202792e-04,5.296313e-04,2.841188e+00,-1.131250e+00,8.795502e+00
908,3.871250e-18,1.641082e-05,-2.093749e-04,5.340210e-04,-3.860109e-01,-1.215259e-01,4.182335e+00
909,1.161520e-18,1.406309e-05,-2.156243e-04,5.282968e-04,-1.337971e-01,9.820353e-03,3.978820e+00
910,1.208387e-16,-1.478178e-06,-1.913194e-04,5.279170e-04,1.868549e-01,-1.078821e+00,1.209421e+01
911,1.400234e-16,5.823998e-06,-1.953237e-04,5.359949e-04,2.227353e+00,-1.986585e-02,1.583555e+01
912,3.259060e-17,2.083123e-05,-1.886986e-04,5.447336e-04,1.685782e+00,-1.395261e+00,9.168643e+00
913,1.453670e-17,5.217566e-06,-1.845568e-04,5.351912e-04,5.850962e-01,-7.328496e-01,7.195870e+00
914,1.464300e-18,1.641768e-05,-1.921904e-04,5.498601e-04,1.419391e+00,-4.857731e-03,1.331132e+01
915,1.955944e-16,-4.400651e-06,-1.801554e-04,5.237842e-04,7.008877e-01,4.906919e-01,6.881258e+00
916,8.263182e-18,-1.251337e-05,-1.817250e-04,5.296422e-04,3.024714e-01,9.482189e-02,4.623202e+00
917,5.673867e-18,-2.187752e-05,-1.921910e-04,5.365358e-04,1.685194e-01,-2.161710e-01,2.402665e+00
918,4.814828e-18,-1.016184e-05,-1.820325e-04,5.476323e-04,-2.825098e-02,-4.285878e-01,4.555719e+00
919,4.387521e-17,-2.305218e-05,-1.831554e-04,5.150426e-04,-4.642598e+00,1.997244e-01,3.359768e+00
920,3.644314e-18,-9.401117e-06,-1.953421e-04,5.096929e-04,2.115574e-01,5.922834e-02,1.629057e+00
921,6.485865e-18,-1.191094e-05,-1.781088e-04,5.135046e-04,1.124872e+00,-4.030376e-01,9.865621e-01
922,4.423446e-18,-1.093173e-05,-1.914020e-04,5.094766e-04,3.992477e-01,2.493081e-01,2.841742e+00
923,7.136926e-18,-1.896699e-06,-1.906247e-04,5.120994e-04,1.988361e+00,2.644094e-02,1.475616e+01
924,4.097901e-18,-9.372033e-06,-1.812550e-04,5.087327e-04,4.134415e-01,-4.067689e-02,5.990215e+00
925,3.209076e-18,-3.122765e-06,-1.843802e-04,5.127901e-04,-5.486732e-03,5.621022e-01,8.835263e+00
926,3.639893e-17,-1.092856e-05,-1.881099e-04,5.170513e-04,-2.585126e-01,4.808373e-01,4.701809e+00
927,1.191692e-17,-2.042057e-05,-1.900710e-04,5.241188e-04,-2.701058e-01,4.352163e-02,3.611182e+00
928,6.231658e-19,-5.080611e-06,-2.031451e-04,5.447462e-04,-3.566341e-01,-4.995822e+00,1.078901e+01
929,3.215594e-17,-1.475794e-05,-2.195479e-04,5.377328e-04,4.934444e-01,2.181760e-01,1.029922e+01
930,5.181867e-18,-5.573605e-06,-2.078146e-04,5.475818e-04,-2.621301e-01,1.017606e-02,7.048875e+00
931,4.685232e-18,-9.378422e-06,-2.210827e-04,5.304721e-04,7.109860e-02,1.310777e-01,3.205588e+00
932,1.885641e-18,-1.953093e-05,-2.148581e-04,5.409617e-04,-5.614914e-02,1.929382e-02,-8.293102e-01
933,9.722725e-19,-1.953383e-05,-2.148531e-04,5.441746e-04,4.067149e-02,-1.393896e-02,1.355614e-01
934,6.905115e-17,5.103248e-06,-1.918496e-04,5.012755e-04,5.257532e-01,1.171544e+00,7.375523e+00
935,2.373728e-17,3.265328e-06,-1.798927e-04,5.037038e-04,-7.004164e-01,9.149772e-01,8.629906e+00
936,3.789795e-17,4.391578e-06,-1.891025e-04,5.192430e-04,-1.334561e+00,-4.876856e-01,7.668757e+00
937,2.599428e-17,2.043251e-05,-1.855601e-04,5.215125e-04,-3.093839e-01,1.142047e+00,4.004720e+00
938,3.476227e-18,1.404598e-05,-1.945104e-04,5.128412e-04,3.111645e-01,7.605412e-01,-5.852269e-01
939,2.957378e-18,1.171727e-05,-1.874987e-04,5.218843e-04,4.746871e-03,7.684938e-03,1.929851e+00
940,1.471150e-16,1.426932e-04,-6.305656e-06,5.444186e-04,5.614148e-01,4.871756e-01,9.192500e+00
941,6.106673e-17,1.478223e-04,-2.177188e-06,5.398081e-04,6.223478e-01,7.212494e-01,1.107899e+01
942,6.450472e-18,1.395459e-04,-3.704169e-06,5.370713e-04,-4.292167e-01,7.753941e-01,1.327360e+01
943,6.564070e-17,1.359383e-04,-2.173712e-06,5.258859e-04,6.585695e-01,-5.460049e-01,7.981944e+00
944,2.111939e-16,1.359494e-04,-1.972668e-06,5.256493e-04,7.087994e-01,-6.823898e-01,7.591677e+00
945,2.664263e-16,1.514065e-04,-1.083189e-05,5.381567e-04,-2.771775e-01,-2.572193e-01,6.093646e+00
946,6.508520e-18,1.414105e-04,-7.775283e-07,5.303716e-04,1.620461e-01,1.698716e-01,1.000194e+01
947,4.505202e-18,1.453304e-04,-4.968123e-06,5.323398e-04,5.030146e-02,3.681387e-01,9.140114e+00
948,6.529485e-18,1.353382e-04,-9.603047e-06,5.311415e-04,6.811718e-01,2.018716e-01,9.627173e+00
949,1.388443e-18,1.382830e-04,-1.237411e-05,5.389572e-04,1.978516e-02,-1.525041e-01,2.112547e+00
950,1.159926e-17,1.488102e-04,-1.525163e-05,5.275718e-04,-2.883790e-01,1.790511e-01,4.646118e+00
951,9.251386e-19,1.281206e-04,-1.484700e-05,5.469466e-04,-1.175593e-01,-1.611908e-01,9.109384e-01
952,1.330955e-18,1.343753e-04,-7.828944e-07,5.070393e-04,1.664557e-02,-2.838121e-02,5.884337e-01
953,2.819519e-18,1.492004e-04,-4.654083e-06,5.028464e-04,-3.495849e-01,1.027980e+00,1.062300e+01
954,2.121843e-17,1.509127e-04,-1.600085e-06,5.031439e-04,-2.353486e-01,7.709644e-01,7.226937e+00
955,4.858521e-18,1.414054e-04,-7.802476e-07,5.176575e-04,-4.549604e-03,4.646229e-03,8.095211e+00
956,3.418845e-17,1.504597e-04,-3.763241e-07,5.205853e-04,1.730054e+00,2.974392e+00,9.739106e+00
957,1.803209e-17,1.517544e-04,-5.453002e-06,5.111420e-04,3.848145e-01,-1.884327e+00,8.843997e+00
958,1.345793e-17,1.294108e-04,-8.675006e-06,5.127879e-04,-3.131691e-01,3.989113e-01,5.533466e+00
959,5.078794e-18,1.453121e-04,-7.811238e-06,5.040647e-04,2.756429e-01,2.650486e-01,6.028358e+00
960,3.800058e-18,1.414034e-04,-1.016492e-05,5.062695e-04,1.060844e-01,3.794367e-01,6.748819e+00
961,4.407374e-18,1.430023e-04,-1.018410e-05,5.126100e-04,2.735001e-01,1.732468e+00,7.619187e+00
962,1.155147e-18,1.445352e-04,-2.337484e-06,5.024721e-04,-2.195922e-01,1.166702e-01,3.378077e+00
963,1.173592e-18,1.413961e-04,-7.830613e-07,5.047535e-04,-5.713544e-02,-5.943356e-02,3.439833e+00
964,2.551816e-17,1.508178e-04,1.745510e-05,5.014679e-04,2.376530e+00,2.615939e+00,1.305972e+01
965,1.768746e-17,1.467913e-04,3.528663e-06,5.493865e-04,8.465218e-02,-2.286531e+00,1.382155e+01
966,2.764158e-17,1.335858e-04,1.175791e-05,5.061311e-04,5.435790e-02,-4.181009e-01,8.024966e+00
967,2.805857e-18,1.289091e-04,1.561297e-05,5.105247e-04,8.415802e-02,-2.376815e-01,1.452918e-01
968,2.037148e-17,1.516785e-04,2.480529e-06,5.170919e-04,1.000718e+00,2.022155e-01,1.475772e+01
969,4.992774e-17,1.362986e-04,7.019548e-06,5.235767e-04,-1.492669e+00,-2.045445e-01,7.900210e+00
970,2.698143e-17,1.484471e-04,6.297735e-06,5.181033e-04,7.558555e-02,-1.203087e+00,7.746687e+00
971,5.284635e-18,1.343780e-04,1.249527e-05,5.140182e-04,-1.308213e-01,3.211104e-01,4.156415e+00
972,2.726745e-18,1.468785e-04,1.408410e-05,5.249982e-04,-4.039090e-02,4.312559e-01,4.761005e+00
973,3.760671e-18,1.398443e-04,1.171473e-05,5.110029e-04,1.091412e-01,-1.151348e-01,4.282930e+00
974,2.528895e-18,1.437497e-04,3.122771e-06,5.066838e-04,-1.585742e-02,-3.731313e-02,5.365039e-01
975,2.817486e-17,1.300952e-04,1.762317e-05,5.491981e-04,-7.302654e-01,1.649792e+00,1.365127e+01
976,1.259631e-18,1.273492e-04,9.373517e-06,5.497668e-04,4.549614e-01,-9.953197e-01,1.628248e+01
977,6.098725e-18,1.406214e-04,5.464052e-06,5.468836e-04,4.840457e-01,2.378683e-01,1.079022e+01
978,8.704737e-18,1.383900e-04,8.595190e-06,5.491018e-04,5.859891e-01,7.360589e-02,1.429863e+01
979,3.643745e-18,1.335901e-04,6.272195e-06,5.318878e-04,-5.631817e-02,4.334372e-01,5.638381e+00
980,2.648350e-18,1.249997e-04,9.395266e-06,5.393711e-04,-3.302703e-02,1.411764e-01,1.717390e+00
981,1.033837e-18,1.445218e-04,1.485264e-05,5.434113e-04,-1.989352e-02,-8.633798e-02,2.296619e+00
982,3.685329e-17,1.329224e-04,2.353756e-07,4.840796e-04,-1.551097e+00,1.330592e+00,8.344462e-01
983,7.669926e-18,1.368200e-04,3.049603e-06,4.857572e-04,-1.156057e+00,-1.263661e+00,1.504809e+00
984,6.268002e-18,1.421812e-04,2.437468e-05,4.927536e-04,4.396449e-02,5.914601e-02,2.048282e+00
985,3.760600e-17,1.438572e-04,1.342554e-05,4.958655e-04,5.986932e-02,4.087091e-02,9.509518e+00
986,1.843951e-17,1.478718e-04,9.758643e-06,4.950303e-04,3.352700e-01,-3.266457e-01,1.743443e+01
987,1.096148e-17,1.279541e-04,1.447086e-05,4.769940e-04,-2.169729e+00,-1.998944e+00,-2.231709e+00
988,9.157005e-18,1.504412e-04,1.334216e-05,4.933584e-04,3.167376e+00,6.719246e-01,1.143917e+01
989,1.416870e-17,1.399055e-04,2.012251e-05,4.990523e-04,-1.118849e-01,1.462799e-01,5.150066e+00
990,2.216985e-18,1.337154e-04,1.250361e-05,4.991986e-04,1.206466e+00,-1.239023e-01,7.826891e+00
991,2.275084e-18,1.427800e-04,1.428940e-05,4.910673e-04,1.435215e+00,3.239549e-01,1.795952e+01
992,5.616364e-19,1.503866e-04,1.479674e-05,4.970824e-04,2.670353e+00,2.356681e+00,1.100508e+01
993,3.113459e-18,1.390847e-04,7.818305e-06,4.989273e-04,3.814851e-01,-8.101516e-02,3.570482e+00
994,7.624384e-19,1.475302e-04,9.770178e-06,4.895280e-04,-2.510260e-01,5.894733e-01,1.509994e+01
995,6.177970e-18,1.426139e-04,1.399141e-05,4.830737e-04,2.700126e-01,-4.423571e-01,7.431728e+00
996,2.072569e-17,1.366105e-04,-1.111234e-06,4.979600e-04,7.399771e-01,-1.455592e+00,2.995721e+00
997,6.456900e-19,1.433586e-04,1.210892e-05,4.772447e-04,1.243706e+00,1.269040e+00,2.191026e+00
998,2.559044e-18,1.475215e-04,1.467806e-05,4.896676e-04,9.585651e-01,1.665434e+00,1.034489e+01
999,8.399952e-19,1.480460e-04,1.342313e-05,4.851370e-04,-1.021563e-01,-2.601078e+00,7.587549e+00
1000,2.769927e-17,1.509366e-04,5.361312e-06,4.763016e-04,1.657070e-01,-6.792641e-01,-4.936105e-01
1001,2.265716e-18,1.475483e-04,1.318280e-05,4.804546e-04,-6.087925e-01,3.117144e-02,4.222071e+00
1002,3.304327e-18,1.297344e-04,5.473666e-06,4.802759e-04,5.403423e-02,-1.877537e+00,-2.943856e-01
1003,2.873443e-18,1.273498e-04,2.461025e-05,4.915559e-04,3.376156e-02,1.186910e-02,2.631530e+00
1004,5.149483e-17,1.316346e-04,-4.592390e-06,4.888095e-04,7.680453e-01,2.042840e-01,1.730545e+00
1005,1.335075e-18,1.461003e-04,-7.812354e-06,4.838079e-04,-2.286006e-02,5.015722e-02,1.613040e+00
1006,3.844729e-18,1.273579e-04,-7.587470e-06,4.944105e-04,-1.870446e-01,1.439096e+00,1.263613e+01
1007,2.574108e-17,1.383055e-04,-6.479530e-06,4.996866e-04,-1.426465e+00,2.388396e+00,6.519502e+00
1008,3.376989e-17,1.410970e-04,-1.438885e-05,4.931308e-04,9.519095e-01,1.004670e+00,4.446831e+00
1009,8.528787e-18,1.271408e-04,-1.191541e-05,4.823729e-04,-2.537426e-01,-3.515326e-01,4.782029e+00
1010,3.492675e-18,1.414044e-04,-3.611643e-06,4.917337e-04,-1.236502e-01,5.590935e-01,5.032235e+00
1011,1.305246e-18,1.343550e-04,-7.884510e-07,5.016838e-04,-2.428044e-01,-2.609355e-01,2.731902e+00
1012,5.701560e-19,1.277349e-04,-1.012403e-05,4.892700e-04,8.874935e-01,-1.437154e+00,7.368005e+00
1013,1.402004e-18,1.320388e-04,-2.460954e-05,4.889470e-04,-6.694084e-02,-1.900849e-01,3.575852e+00
1014,1.334826e-18,1.429715e-04,-1.014586e-05,4.900469e-04,6.950499e-02,1.469878e-01,4.424680e+00
1015,1.367560e-18,1.351472e-04,-7.014922e-06,4.814658e-04,-5.488536e-01,5.512105e-01,2.291714e+00
1016,1.131308e-17,1.359048e-04,-2.429481e-05,4.809184e-04,1.856448e-02,-1.709833e-03,1.730853e+00
1017,2.591043e-18,1.319929e-04,-2.437351e-05,4.966613e-04,-8.120296e-02,-7.425490e-02,2.310383e+00
1018,5.173929e-18,-2.178374e-04,1.490733e-05,4.770253e-04,1.660075e+00,2.560404e-01,6.938951e+00
1019,1.348227e-17,-2.012800e-04,1.705568e-05,4.770630e-04,6.420636e-01,-1.051247e+00,3.722518e+00
1020,1.946083e-18,-2.008096e-04,6.100212e-06,4.781389e-04,-4.002779e-01,-1.792332e-01,-2.080970e+00
1021,2.860049e-17,-2.216782e-04,6.516640e-06,4.712017e-04,2.026214e+00,1.640072e+00,-3.720336e+00
1022,2.863814e-17,-2.105298e-04,-6.589994e-07,4.759568e-04,-1.034722e+00,-3.951507e-03,4.952838e-01
1023,1.861117e-18,-2.013870e-04,1.891927e-05,4.732531e-04,-6.698420e-01,5.226658e-01,3.140718e+00
1024,3.131729e-18,-2.015494e-04,2.338370e-06,4.763377e-04,-2.726606e-02,-8.414527e-01,-3.165240e+00
1025,1.494242e-17,-2.279771e-04,1.179716e-05,4.789526e-04,1.030734e+00,-2.579743e+00,2.503427e+00
1026,9.912340e-19,-2.494043e-04,5.078107e-06,4.671586e-04,-3.868181e-01,9.243688e+00,2.445211e+01
1027,2.724779e-19,-2.496087e-04,5.859475e-06,4.681935e-04,-1.354577e-02,9.414655e+00,3.797389e+01
1028,1.772352e-18,-2.342177e-04,1.032678e-05,4.771989e-04,4.375077e-01,2.484615e-01,-5.024706e-01
1029,1.526591e-18,-2.410156e-04,3.906356e-07,4.740188e-04,1.315308e+00,-1.017635e+00,5.528240e+00
1030,3.350849e-17,-2.433712e-04,-1.183913e-06,4.784477e-04,1.404667e+00,7.106110e-01,5.974340e+00
1031,2.665989e-19,-2.402344e-04,-3.906321e-07,4.720907e-04,2.893471e+00,-8.280632e-01,4.449514e+00
1032,1.176053e-17,-2.463040e-04,1.641181e-05,4.735062e-04,-2.299302e-02,-1.621762e+00,8.838281e-01
1033,3.829565e-19,-2.371097e-04,2.735292e-06,4.767835e-04,2.103007e+00,1.203958e+00,2.960853e+00
1034,1.936180e-17,-2.373925e-04,2.305243e-06,4.859854e-04,-1.897685e-01,-2.222453e-01,9.594400e+00
1035,2.491887e-17,-2.319857e-04,-6.410092e-06,4.793673e-04,4.420856e-01,-2.205717e+00,2.887432e+00
1036,8.247320e-18,-2.350860e-04,-8.766131e-06,4.746963e-04,1.505715e+00,2.200375e+00,-1.727438e-01
1037,2.777532e-18,-2.296694e-04,-1.092860e-05,4.756608e-04,1.366143e-01,2.867243e-01,-1.673259e+00
1038,1.964866e-17,-2.375282e-04,-1.817218e-05,4.792235e-04,1.564969e+00,-7.116629e-01,6.371009e+00
1039,1.576250e-17,-2.290472e-04,-1.576048e-05,4.777901e-04,2.826550e+00,8.780423e-01,3.487475e+00
1040,1.615031e-18,-2.358802e-04,-1.574609e-05,4.713678e-04,1.986122e+00,1.971288e+00,-2.999469e+00
1041,2.935429e-18,-2.312294e-04,-2.189197e-05,4.755995e-04,-3.228957e-01,-2.270304e-03,9.211848e-01
1042,1.435996e-18,-2.257682e-04,-5.455439e-06,4.736626e-04,1.788478e-01,1.650116e-01,-1.396785e-02
1043,2.133034e-18,-2.165146e-04,-8.601785e-06,4.750271e-04,-1.510150e-01,5.221250e-01,6.592773e-01
1044,1.378911e-18,-2.109056e-04,-6.996134e-06,4.775724e-04,5.104179e-01,1.351277e+00,-2.420256e+00
1045,1.876994e-18,-2.013860e-04,-3.957103e-06,4.744401e-04,7.485958e-01,3.403286e-01,8.046363e-01
1046,1.269000e-17,1.590015e-05,2.408353e-04,4.795212e-04,-4.572086e-01,2.780879e-01,1.096640e+00
1047,1.958414e-17,1.661028e-06,2.399072e-04,4.773649e-04,7.369075e-01,1.944515e-01,8.936821e-01
1048,3.167028e-17,1.762558e-05,2.294634e-04,4.810179e-04,-1.386991e-01,2.747059e-01,5.334534e+00
1049,1.328693e-17,-1.497466e-05,2.332845e-04,4.758114e-04,-1.212043e+00,-1.698423e+00,7.061503e-01
1050,1.267492e-17,-1.168596e-05,2.452263e-04,4.763313e-04,-7.059394e-01,-1.066899e+00,2.589843e+00
1051,2.156480e-17,-6.267802e-06,2.300989e-04,4.838851e-04,-1.658995e-01,5.370737e-01,8.709832e+00
1052,1.451953e-18,-6.007392e-06,2.292970e-04,4.745870e-04,6.584326e-01,1.025127e+00,1.697529e+00
1053,2.865524e-19,-1.445284e-05,2.324237e-04,4.713295e-04,4.098910e-01,-1.545483e-01,-4.566376e+00
1054,1.222779e-17,-1.346375e-05,2.493377e-04,4.749969e-04,-2.096989e+00,-4.803453e-01,-1.989458e-01
1055,1.994265e-17,-1.411403e-05,2.281277e-04,4.846631e-04,4.525322e-02,-8.748909e-01,7.659324e+00
1056,1.356370e-18,-2.574154e-06,2.366380e-04,4.772840e-04,-2.005293e-01,1.400840e-01,6.705048e-01
1057,1.250423e-17,-1.580486e-05,2.019268e-04,4.775195e-04,6.046188e-01,-1.398021e+00,-2.788736e-02
1058,3.854557e-19,-1.210992e-05,2.074249e-04,4.768003e-04,1.629858e-02,-1.179979e+00,4.424564e+00
1059,7.096764e-19,-1.210957e-05,2.066421e-04,4.748651e-04,-1.625093e+00,-1.347157e+00,-3.749492e-01
1060,3.341981e-18,-1.236877e-05,2.082027e-04,4.803511e-04,-1.544923e+00,3.009989e-02,8.565479e+00
1061,2.487309e-19,-1.171888e-06,2.082032e-04,4.775600e-04,-1.968985e+00,8.089411e-01,1.978849e+00
1062,1.720372e-18,-1.250499e-05,2.058614e-04,4.720357e-04,-2.438869e+00,-2.348879e+00,-5.239560e+00
1063,1.598750e-17,2.050468e-05,2.229533e-04,4.794342e-04,1.733472e+00,7.485007e-01,2.090117e+00
1064,2.250762e-17,1.016897e-05,2.059338e-04,4.763212e-04,1.726909e+00,-3.110370e-01,-4.578076e-01
1065,2.933137e-17,1.557490e-05,2.158691e-04,4.781062e-04,-1.938634e-01,1.234864e-01,3.337348e+00
1066,1.060760e-18,8.984756e-06,2.136727e-04,4.775802e-04,-1.189178e+00,6.428085e-01,5.570590e+00
1067,8.168887e-19,8.985027e-06,2.136713e-04,4.736275e-04,1.630904e+00,-1.024522e+00,-1.495419e-01
1068,4.026272e-19,1.679699e-05,2.152350e-04,4.728942e-04,8.722697e-01,2.436900e+00,8.721802e-01
1069,2.770668e-19,1.914420e-05,2.230443e-04,4.775783e-04,6.201237e-01,-1.536779e-01,5.154525e+00
1070,6.701628e-19,1.445371e-05,-7.460939e-05,4.778687e-04,-2.206837e-01,1.887739e+00,1.432209e+00
1071,2.482084e-19,-9.766385e-06,-4.961108e-05,4.674235e-04,-2.112727e+00,-1.321532e+00,2.625993e+00
1072,5.144181e-19,-3.515643e-06,-7.382817e-05,4.787406e-04,2.276574e+00,-3.594385e-01,2.402384e+00
1073,1.890281e-18,-1.184553e-05,-6.523288e-05,4.735761e-04,-5.971651e-01,-5.289487e-01,-1.118826e-01
1074,2.453249e-17,5.993751e-06,-5.066436e-05,4.716553e-04,-1.033480e+00,-2.040191e+00,6.784214e-01
1075,3.341107e-18,7.156462e-06,-6.315769e-05,4.718870e-04,-2.874539e+00,-2.252075e+00,7.589799e-01
1076,1.150885e-18,1.010176e-05,-5.586094e-05,4.713353e-04,-1.202325e-01,-1.309879e+00,2.167169e+00
1077,5.304473e-19,1.054701e-05,-5.507900e-05,4.693499e-04,1.488334e+00,-1.192825e+00,1.102534e+00
1078,2.193135e-18,8.666970e-06,-5.083380e-05,4.755235e-04,5.949874e-01,3.524327e-02,1.326030e+00
1079,3.054932e-19,5.859985e-06,-4.570293e-05,4.697524e-04,-3.250753e-01,1.824261e+00,1.184664e+00
1080,1.485114e-18,-1.252232e-05,-4.842019e-05,4.783467e-04,-1.283967e-01,3.055213e-01,2.293605e+00
1081,3.537060e-17,-1.842250e-05,-3.010633e-05,4.852928e-04,7.816350e-02,-1.772314e+00,1.428750e+01
1082,9.213939e-19,-1.523422e-05,-2.794928e-05,4.733857e-04,2.491279e+00,5.238569e-01,2.819804e+00
1083,3.300432e-19,-8.984649e-06,-4.804535e-05,4.697600e-04,1.472860e+00,3.508412e+00,5.337738e+00
1084,2.841910e-18,-7.185237e-06,-4.744481e-05,4.669910e-04,-2.706736e-01,1.849947e+00,2.393632e+00
1085,2.752866e-19,-8.202640e-06,-4.804767e-05,4.674130e-04,-7.325245e-01,1.528682e+00,2.660689e+00
1086,8.088789e-19,-1.445309e-05,-2.773538e-05,4.717156e-04,4.460027e+00,-1.888653e-01,-1.710091e+00
1087,3.405270e-19,-3.515847e-06,-2.695422e-05,4.759935e-04,-2.704913e+00,1.700816e+00,2.264716e+00
1088,4.542357e-18,4.687479e-05,-2.856397e-06,4.785067e-04,-1.199493e-01,3.196015e+00,1.823953e+00
1089,6.727630e-17,4.242683e-05,-1.528463e-05,4.796760e-04,-3.719015e-01,-2.842268e-01,6.514781e+00
1090,4.501915e-17,4.585673e-05,-2.394621e-05,4.811672e-04,-4.278989e-02,1.267599e-02,1.136802e+00
1091,3.419482e-17,3.016679e-05,-1.477055e-05,4.744643e-04,-1.794727e-01,1.682471e+00,2.707517e+00
1092,2.622950e-19,4.570424e-05,-1.445470e-05,4.728828e-04,-5.870131e-02,9.489569e-01,3.699822e+00
1093,2.510524e-19,4.648203e-05,-1.445511e-05,4.713330e-04,2.810860e+00,7.516071e-01,7.861315e-02
1094,8.127553e-18,4.766843e-05,-1.717864e-05,4.752411e-04,-4.040456e-01,2.888083e-02,1.668533e+00
1095,5.886763e-19,4.492218e-05,-1.478005e-05,4.736657e-04,-1.911753e+00,7.527747e-01,6.749833e+00
1096,8.604771e-19,4.934829e-05,1.367152e-05,4.731397e-04,-1.342183e+00,3.451443e-01,7.401293e-01
1097,1.057878e-17,3.761592e-05,1.484712e-05,4.716328e-04,3.542746e+00,-8.758744e-01,-2.467672e+00
1098,2.408124e-19,2.617256e-05,8.202686e-06,4.752236e-04,-3.244519e+00,-3.547878e-02,3.797994e+00
1099,3.490699e-19,2.617091e-05,8.983015e-06,4.744457e-04,-3.504071e+00,-1.272974e+00,1.210014e+00
1100,1.346189e-18,2.815899e-05,8.203170e-06,4.783871e-04,9.212246e-01,5.479142e-01,6.982394e+00
1101,9.106823e-19,2.695323e-05,8.426751e-06,4.764893e-04,-1.033998e+00,2.289427e+00,5.288935e+00
1102,2.235170e-17,2.769103e-05,1.748568e-06,4.806566e-04,-6.600254e-01,-2.067633e+00,7.650043e+00
1103,4.889648e-18,2.804970e-05,3.427871e-06,4.739652e-04,-3.898015e-01,-7.826521e-01,3.511648e+00
1104,6.228144e-19,2.739703e-05,5.078267e-06,4.713142e-04,3.366462e+00,4.298116e+00,6.622251e-01
1105,1.713883e-18,2.727304e-05,5.859578e-06,4.698775e-04,1.824260e+00,5.515152e+00,-2.373054e+00
1106,2.295843e-18,4.689075e-05,9.375185e-06,4.772141e-04,-2.166577e-01,-7.565871e-01,2.273458e+00
1107,1.193859e-18,3.358931e-05,2.307033e-06,4.783360e-04,-8.501258e-02,-4.656780e-01,2.064553e+00
1108,7.592846e-18,3.593796e-05,-7.813711e-07,5.004972e-04,-1.758674e+00,1.742952e+00,5.968035e+00
1109,9.845742e-17,3.544829e-05,-1.517444e-06,5.010007e-04,-4.074903e-01,1.901261e-01,4.995699e+00
1110,7.620878e-18,4.374961e-05,-2.421936e-05,4.912373e-04,-1.705242e-02,3.604854e-02,1.171751e+00
1111,4.586253e-17,4.372547e-05,-2.380009e-05,4.909740e-04,-3.714080e-02,-2.543639e-02,8.409786e-01
1112,2.497549e-17,2.832257e-05,1.767364e-06,4.916779e-04,-1.205164e+00,7.343618e-01,1.797785e+01
1113,1.110666e-17,3.312853e-05,-1.950475e-05,4.812536e-04,-1.308635e+00,3.296725e-01,9.968530e-01
1114,5.201259e-18,4.762328e-05,-1.830116e-05,4.983477e-04,1.629898e-01,-7.343836e-02,1.552709e+01
1115,1.361990e-18,2.897044e-05,-1.413087e-05,4.855087e-04,3.755351e-01,-6.676488e-02,6.272096e+00
1116,1.033788e-17,4.686488e-05,-1.215519e-05,4.951981e-04,-1.686202e-01,-5.652713e-01,8.510732e+00
1117,3.019123e-18,4.687544e-05,-7.824428e-06,4.895894e-04,-1.291761e-02,4.280808e-01,9.320353e+00
1118,2.784241e-17,3.784845e-05,-7.817648e-06,4.938657e-04,3.060349e-01,1.789751e+00,3.607238e+00
1119,7.638157e-18,4.528228e-05,1.561281e-06,4.900714e-04,-9.776301e-02,1.737850e-01,4.128114e+00
1120,2.428819e-19,4.726995e-05,-1.758242e-05,4.931968e-04,1.024482e+00,3.206250e-01,1.044916e+01
1121,1.474718e-18,4.297350e-05,-3.899669e-06,5.001355e-04,1.865704e-01,5.255036e-02,2.360792e+00
1122,1.640987e-18,4.765670e-05,-1.810467e-05,4.879873e-04,-1.065433e+00,-4.004084e-01,9.581336e+00
1123,2.422565e-19,4.804514e-05,-1.758190e-05,4.822592e-04,-8.296182e-01,-2.809248e-01,4.693633e+00
1124,4.413178e-18,2.656277e-05,-1.709736e-07,4.988722e-04,2.599032e-01,7.393300e-01,1.201333e+00
1125,2.044903e-17,3.190495e-05,4.353638e-06,4.833518e-04,2.528947e-01,-1.354311e+00,9.761163e-01
1126,1.250098e-17,2.902748e-05,2.427544e-05,4.994495e-04,-1.411116e-03,4.202613e-02,1.657170e+00
1127,1.232645e-18,4.218589e-05,3.129312e-06,4.977962e-04,-1.117412e-02,1.048728e-01,7.614585e-01
1128,2.064649e-17,2.972844e-05,8.475107e-06,4.837357e-04,8.249656e-01,2.242669e-01,9.895728e+00
1129,3.245835e-18,2.579608e-05,5.375361e-06,4.893782e-04,1.915277e+00,-6.225447e-02,9.920502e+00
1130,1.585251e-18,4.468287e-05,9.373837e-06,5.005503e-04,-9.784101e-02,-5.470378e-01,6.597140e+00
1131,1.584951e-17,4.684584e-05,9.359588e-06,4.911158e-04,-3.376994e-02,-7.099745e-02,8.936878e+00
1132,7.974168e-18,3.907581e-05,1.328307e-05,4.937811e-04,-5.927789e-02,-9.211294e-02,5.998574e+00
1133,5.451538e-19,2.773433e-05,8.547745e-06,4.799000e-04,8.739116e-01,2.686862e-01,8.430520e+00
1134,2.575223e-18,3.358960e-05,3.918501e-06,4.958232e-04,1.817127e-03,-4.152235e-02,2.891368e+00
1135,3.420936e-18,3.906514e-05,1.328595e-05,4.818646e-04,-4.455070e-02,8.355953e-02,1.811037e+00
1136,9.678815e-18,3.430083e-05,9.674403e-06,4.920945e-04,3.202622e-01,-4.886797e-01,1.170873e+00
1137,2.442969e-17,4.113396e-05,2.407690e-05,4.860653e-04,-4.058433e-02,4.573069e-02,1.245917e+00
1138,4.794598e-18,2.257723e-04,1.560830e-05,4.751662e-04,4.688108e-01,-7.362509e-01,1.577877e+00
1139,4.081409e-17,2.118624e-04,-5.785331e-06,4.790805e-04,4.019401e-01,2.165830e+00,1.710552e+00
1140,2.702255e-18,2.054699e-04,1.717818e-05,4.749348e-04,-7.523812e-02,-2.655488e-01,-9.505089e-02
1141,1.308924e-18,2.125185e-04,-7.771009e-06,4.728845e-04,-4.561282e-01,-6.124027e-01,-2.857886e-01
1142,2.715085e-19,2.035157e-04,-3.906489e-07,4.720904e-04,-1.140033e+00,1.534696e+00,-3.594879e+00
1143,3.685529e-18,2.124732e-04,1.018315e-05,4.747424e-04,5.003481e-01,-1.600835e-01,-1.263859e+00
1144,2.606874e-17,2.217015e-04,1.163425e-05,4.763140e-04,9.271504e-01,1.754481e+00,1.200185e+00
1145,2.389174e-19,2.207032e-04,3.906075e-07,4.720907e-04,1.147005e+00,3.599657e-01,-3.493562e-01
1146,2.763158e-19,2.082025e-04,2.148424e-05,4.768050e-04,-2.999095e-03,-7.540022e-01,3.147887e+00
1147,5.901854e-17,2.136138e-04,1.739644e-05,4.879418e-04,-1.077575e-01,1.422757e-01,8.170441e+00
1148,5.556214e-19,2.108871e-04,1.679657e-05,4.721153e-04,-1.849872e+00,1.709491e-01,-5.136059e+00
1149,1.087335e-16,2.105566e-04,-2.354157e-05,4.961963e-04,-2.169364e-02,-1.776811e-02,6.332686e-01
1150,2.901851e-18,2.156542e-04,-1.645371e-05,4.810597e-04,1.874192e-01,-3.076173e-01,-1.737323e+00
1151,1.246748e-18,2.070232e-04,-1.015568e-05,4.853685e-04,1.419727e-01,1.281564e-02,2.196955e-02
1152,2.230213e-17,2.244508e-04,-1.137577e-05,4.997737e-04,-8.138507e-01,6.028898e-01,1.645124e+00
1153,2.249254e-18,2.147035e-04,-1.485842e-05,4.793683e-04,4.064757e-01,2.533631e-01,-5.796685e-02
1154,1.855913e-17,2.196016e-04,-1.490050e-05,4.891973e-04,2.196320e-01,-4.632416e-01,3.804384e+00
1155,1.559579e-17,2.016709e-04,-2.844376e-06,4.830524e-04,3.440337e-01,-8.141348e-01,2.549533e+00
1156,2.189391e-17,2.046239e-04,-1.651623e-05,4.841388e-04,-1.250431e+00,-1.331381e-01,2.218319e+00
1157,5.043663e-17,2.026207e-04,2.460100e-07,5.035237e-04,6.098969e-01,-5.411778e-01,5.597695e+00
1158,7.425387e-18,2.117181e-04,-3.115110e-06,5.030857e-04,1.189924e-01,-2.089906e-02,3.084265e+00
1159,1.184150e-18,2.140582e-04,-7.029560e-06,4.908122e-04,1.495999e-01,7.569960e-02,1.134549e+00
1160,4.968802e-17,2.028057e-04,5.229570e-06,4.851062e-04,-1.553674e-01,-7.259169e-01,2.005348e+00
1161,3.423431e-18,2.257554e-04,7.801009e-06,4.857678e-04,-4.984659e-01,-1.517153e-01,2.906403e+00
1162,8.459846e-17,2.189636e-04,8.825142e-06,4.893596e-04,-7.002901e-01,-5.225619e-01,4.788558e+00
1163,4.860406e-19,1.992261e-04,1.679619e-05,5.025416e-04,-1.019879e-01,-2.079757e-01,5.039811e+00
1164,5.005223e-17,2.218276e-04,1.518784e-05,4.998611e-04,-4.461828e-01,1.004110e+00,2.566804e+00
1165,6.464869e-18,2.239631e-04,2.345589e-06,4.855942e-04,-1.470971e+00,-1.803685e-01,7.175740e-01
1166,2.678172e-18,2.062155e-04,2.453769e-05,4.831571e-04,-8.072821e-02,5.438746e-02,2.891074e+00
1167,5.284048e-17,2.138776e-04,1.236255e-05,4.974124e-04,5.458670e-01,3.546969e-01,9.663751e+00
1168,3.048499e-18,2.127968e-04,1.018489e-05,4.902726e-04,-3.587501e-01,1.129714e-01,9.159523e+00
1169,3.130632e-18,2.000074e-04,2.352025e-06,4.973882e-04,4.049963e-01,-9.882828e-02,9.562515e+00
1170,1.066014e-17,2.086254e-04,2.128154e-05,4.836877e-04,-6.127293e-01,-4.901718e-02,3.931391e+00
1171,2.456017e-18,2.140733e-04,1.562055e-05,5.037077e-04,-1.054303e-01,2.895338e-01,7.966803e+00
1172,1.348633e-18,2.125304e-04,1.017705e-05,4.830289e-04,1.694450e-01,-9.224663e-01,4.171659e+00
1173,1.531970e-17,2.008999e-04,2.427699e-05,4.883645e-04,-3.942371e-02,-5.117380e-03,1.592591e+00
1174,3.988260e-16,2.223234e-04,-7.616445e-07,5.472239e-04,-2.858080e+00,-5.514099e-01,7.510059e+00
1175,7.240696e-17,2.453342e-04,1.798024e-07,5.294334e-04,-1.627102e-01,-1.065279e+00,1.050829e+01
1176,2.284390e-16,2.323716e-04,8.368097e-07,5.323858e-04,7.194313e-01,4.021151e-01,7.680905e+00
1177,1.568264e-18,2.496087e-04,7.843351e-07,5.211229e-04,1.375989e-01,-2.430209e-01,1.432352e+01
1178,7.676905e-19,2.496124e-04,7.916579e-07,5.146386e-04,3.444846e-01,6.266483e-01,1.112802e+01
1179,2.198078e-18,2.496095e-04,7.586880e-07,5.078559e-04,5.275388e-02,-1.699505e-02,1.019587e+01
1180,1.059441e-16,2.487989e-04,1.007712e-05,5.237784e-04,3.778794e-01,6.795300e-01,5.745131e+00
1181,5.733686e-17,2.384154e-04,-1.266395e-06,5.175570e-04,6.946143e-01,1.317297e+00,7.723511e+00
1182,3.719392e-17,2.310217e-04,3.372401e-07,5.115016e-04,1.433322e-01,9.218656e-01,7.082722e+00
1183,1.382466e-16,2.485414e-04,2.108179e-05,5.230845e-04,-2.618782e-01,2.828775e+00,1.098302e+01
1184,5.828610e-18,2.328133e-04,-1.016797e-05,5.453494e-04,-1.411601e-01,5.769764e-02,1.903396e+01
1185,3.148200e-17,2.422167e-04,-4.477271e-06,5.230606e-04,-8.067570e-02,1.726859e+00,1.768711e+01
1186,1.277810e-18,2.413896e-04,-8.615476e-06,5.207796e-04,2.421318e-02,-2.972141e-01,1.749809e+01
1187,1.038231e-17,2.304666e-04,-1.407267e-05,5.244033e-04,-5.052164e-02,-1.983228e-01,1.686860e+01
1188,1.215255e-17,2.320235e-04,-9.273902e-06,5.159639e-04,7.245670e-01,8.607278e-02,1.189585e+01
1189,8.874147e-18,2.414059e-04,-8.617009e-06,5.011257e-04,3.239970e-02,1.327515e-01,1.067324e+01
1190,1.377929e-17,2.294333e-04,-1.312083e-05,5.081519e-04,-3.084411e-01,1.243370e-01,1.027911e+01
1191,3.625450e-17,2.324162e-04,-6.501791e-06,5.069098e-04,6.330019e-01,-2.276103e-01,9.042454e+00
1192,2.436430e-18,2.320717e-04,-5.430835e-06,5.197474e-04,-1.235168e-01,-2.570925e-02,7.925132e+00
1193,1.082909e-17,2.492552e-04,-6.359454e-06,5.065730e-04,-9.481159e-02,9.142013e-02,6.673042e+00
1194,2.898748e-18,2.414085e-04,-8.593127e-06,5.158722e-04,7.440716e-02,-3.656439e-02,1.748926e+01
1195,9.786872e-19,2.273373e-04,-2.341924e-06,5.184748e-04,1.747109e-02,-1.497756e-03,3.622768e+00
1196,4.206420e-17,2.491712e-04,-1.071939e-05,5.099003e-04,-1.521635e-01,1.514488e+00,5.176069e+00
1197,9.934906e-18,2.492831e-04,-1.696970e-05,5.215059e-04,4.060117e-02,-3.969624e-01,1.870966e+00
1198,1.226652e-18,2.453083e-04,-2.338924e-06,5.101078e-04,-7.774622e-02,3.602906e-01,3.585663e+00
1199,6.063151e-18,2.297106e-04,-1.330615e-05,5.043283e-04,2.879587e-02,6.643487e-01,1.208017e+01
1200,6.923311e-18,2.315646e-04,-1.563756e-05,5.430176e-04,4.032095e-01,9.833085e-02,2.241143e+01
1201,3.590256e-17,2.489903e-04,-6.143565e-06,5.467681e-04,3.209359e-01,-8.183125e-01,1.446813e+01
1202,1.105822e-17,2.328018e-04,-1.016957e-05,5.361077e-04,2.130758e-01,-2.066200e-02,1.726413e+01
1203,8.706271e-18,2.393041e-04,-1.784728e-05,5.401151e-04,-2.178050e-01,1.175011e+00,7.905712e+00
1204,6.920521e-18,2.433768e-04,-3.913619e-06,5.282937e-04,1.284200e+00,-1.115951e-01,9.314916e+00
1205,5.867093e-19,2.496119e-04,-1.023520e-05,5.340967e-04,3.826648e-01,1.176525e+00,8.168191e+00
1206,8.537638e-18,2.493301e-04,-6.514835e-06,5.316720e-04,9.184400e-02,-1.999386e-01,8.792529e+00
1207,5.278556e-18,2.320358e-04,-1.016156e-05,5.301446e-04,-1.374147e-02,-3.068845e-02,1.594335e+01
1208,9.619946e-17,2.300539e-04,1.783218e-05,5.070143e-04,8.155986e-01,2.878659e+00,1.700929e+01
1209,7.423352e-18,2.445324e-04,4.682993e-06,5.112758e-04,1.148281e+00,-1.851831e+00,1.043629e+01
1210,1.024566e-16,2.449236e-04,5.101975e-06,5.113741e-04,1.181941e+00,-1.886379e+00,1.050824e+01
1211,1.166599e-18,2.490186e-04,5.858299e-06,5.060243e-04,1.984095e+00,-1.780871e+00,1.267657e+01
1212,2.515640e-17,2.490574e-04,2.066712e-05,5.063874e-04,2.261333e-02,1.125438e+00,1.076755e+01
1213,1.429635e-18,2.496091e-04,1.248885e-05,5.044687e-04,6.184216e-02,-5.224292e-01,1.055395e+01
1214,4.028487e-18,2.445305e-04,4.737508e-06,5.194840e-04,5.654496e-02,1.092615e-01,1.038604e+01
1215,4.550291e-18,2.453091e-04,1.408586e-05,5.108887e-04,-4.046388e-02,-4.962746e-02,9.009547e+00
1216,5.931760e-18,2.467360e-04,1.491788e-05,5.180926e-04,2.621618e+00,-1.072195e+00,8.366658e+00
1217,7.935840e-18,2.323323e-04,9.457682e-06,5.117006e-04,1.766569e-01,8.459176e-01,4.481170e+00
1218,2.553374e-17,2.332767e-04,7.717266e-06,5.180251e-04,-8.151893e-02,-4.270174e-01,5.336532e+00
1219,1.323386e-18,2.273432e-04,5.456664e-06,5.139017e-04,-6.145609e-02,-2.659131e-01,4.861357e+00
1220,1.506960e-18,2.343731e-04,9.368307e-06,5.063443e-04,-1.553728e-01,-2.242396e-01,4.298901e+00
1221,1.079108e-17,2.492887e-04,1.282915e-05,5.166067e-04,-1.026139e-01,1.312489e-01,5.586272e+00
1222,1.164498e-18,2.398438e-04,8.593349e-06,5.222954e-04,1.464341e-02,-1.135690e-01,1.470341e+00
1223,1.371324e-16,2.292447e-04,1.044781e-05,5.458863e-04,-4.655924e-01,3.327249e-01,7.997487e+00
1224,1.383207e-18,2.453158e-04,4.686017e-06,5.485160e-04,4.384783e-02,-1.850461e-01,8.975157e+00
1225,1.441474e-18,2.496097e-04,1.555747e-06,5.387742e-04,1.476682e-01,-1.787843e-02,7.828874e+00
1226,2.533274e-18,2.453312e-04,1.549611e-06,5.380080e-04,4.103606e-03,-4.475294e-02,7.928640e+00
1227,1.779056e-17,2.388466e-04,1.490946e-05,5.301721e-04,-3.601769e-01,4.503723e-01,7.777718e+00
1228,9.851323e-18,2.343775e-04,3.904632e-06,5.489200e-04,-1.483396e-01,3.279132e-02,8.123772e+00
1229,1.884869e-17,2.428361e-04,1.557763e-05,5.391894e-04,3.326824e-01,-5.642022e-01,3.695951e+00
1230,1.262021e-18,2.367203e-04,1.328224e-05,5.355864e-04,-3.832452e-02,1.989459e-02,-1.576944e+00
1231,2.221334e-18,2.414158e-04,1.406369e-05,5.488404e-04,7.620369e-03,-1.410663e-02,5.704807e-01
1232,2.523670e-19,1.253922e-04,1.210900e-05,4.760033e-04,-2.128444e+00,-1.896843e+00,1.028331e+00
1233,3.370824e-18,1.281289e-04,-1.250484e-05,4.764105e-04,-1.352388e-02,1.824673e-01,2.864537e+00
1234,1.389189e-18,1.442948e-04,1.210851e-05,4.751600e-04,1.409438e+00,-2.017786e+00,-1.805937e+00
1235,1.442299e-18,1.169592e-04,1.289043e-05,4.751824e-04,8.119479e-01,3.532583e-01,-3.803044e+00
1236,2.113973e-17,1.009367e-06,1.279323e-05,4.707766e-04,-2.860809e-02,1.290883e+00,-6.959764e-01
1237,3.180269e-18,-2.984481e-10,8.605581e-06,4.756144e-04,-3.405077e-01,-5.383665e-02,-1.913009e+00
1238,1.397472e-18,-1.855209e-05,1.229759e-05,4.743131e-04,-8.079100e-01,-1.997044e-01,5.968093e-01
1239,1.783314e-17,-1.432333e-05,1.335185e-05,4.740493e-04,-1.596872e+00,-3.200213e+00,1.929041e+00
1240,5.367170e-19,-1.722021e-05,1.289000e-05,4.697565e-04,-4.528247e+00,-2.812199e+00,-6.126654e-01
1241,1.036717e-18,-1.858815e-05,1.392446e-05,4.775651e-04,7.405304e-01,-2.977384e-01,4.071664e+00
1242,1.403026e-17,-1.365916e-05,2.046451e-05,4.751653e-04,4.799156e-01,-5.554610e-01,1.476955e+00
1243,2.450759e-19,-1.601655e-05,1.289227e-05,4.713175e-04,-2.272396e+00,-9.633120e-01,4.332281e+00
1244,1.436458e-18,5.474027e-06,2.265637e-05,4.759962e-04,3.543246e-01,8.951647e-02,9.886150e-01
1245,5.177924e-18,1.719437e-05,2.186095e-05,4.769494e-04,9.333267e-01,2.007165e+00,7.317799e+00
1246,4.661102e-17,7.608065e-06,1.736710e-05,4.800289e-04,1.125950e-01,1.659634e+00,1.021963e-01
1247,1.810594e-18,8.633756e-06,1.695357e-05,4.700058e-04,3.297907e-01,-4.675989e-01,-5.950641e+00
1248,4.555924e-19,2.734400e-06,1.445364e-05,4.673966e-04,1.353625e+00,6.544093e-01,-1.983733e+00
1249,2.685169e-19,8.202569e-06,1.757751e-05,4.720876e-04,2.822551e-01,1.188422e+00,-3.088959e+00
1250,2.936633e-18,1.952914e-05,5.466997e-06,4.771594e-04,-4.665801e-02,-2.814200e-01,2.696722e+00
1251,2.268705e-17,-3.210562e-06,1.150963e-05,4.878590e-04,2.491023e-01,4.632887e-01,5.961483e-01
1252,1.858502e-18,-2.264975e-05,1.719280e-05,4.848022e-04,2.076807e-01,2.550494e-01,-3.685442e+00
1253,1.247676e-16,-1.609385e-05,6.372278e-06,4.965922e-04,3.997486e-02,-1.491368e+00,1.162214e+01
1254,3.004858e-18,-7.817553e-06,1.875280e-05,4.943572e-04,-1.028600e-01,-2.400828e-02,-1.478148e+00
1255,1.334874e-17,-1.650012e-05,4.097332e-06,4.803071e-04,-1.625264e+00,-4.206005e+00,4.724817e+00
1256,2.817923e-17,-1.515391e-05,1.501344e-05,4.906348e-04,2.473620e+00,-1.220329e+00,9.609933e+00
1257,8.677163e-18,-1.625357e-05,9.821743e-06,4.855342e-04,1.961767e+00,-4.399495e-01,7.660417e+00
1258,1.151728e-18,-1.330617e-05,3.917683e-06,4.845460e-04,-1.522772e-01,1.482885e+00,5.496181e+00
1259,4.614874e-18,-1.876988e-05,1.503637e-05,4.814608e-04,1.185697e+00,-1.006369e+00,5.478881e+00
1260,4.796673e-18,-2.498438e-05,1.406816e-05,4.841123e-04,-7.526184e-01,1.066138e-01,2.217950e+00
1261,7.594803e-18,1.640753e-05,7.032433e-06,4.872805e-04,-2.003763e+00,1.469485e+00,4.115116e+00
1262,9.282884e-17,1.624251e-05,7.648875e-06,4.876835e-04,-1.853578e+00,1.275641e+00,4.267600e+00
1263,1.805783e-18,2.096269e-05,2.343822e-05,4.929687e-04,-2.830549e-02,5.202373e-03,-9.766157e-01
1264,2.683609e-17,7.205320e-06,2.297230e-06,4.883698e-04,-9.954307e-01,-1.908194e+00,3.840952e+00
1265,2.249334e-17,1.556202e-05,1.724572e-05,4.966892e-04,-1.029729e+00,2.536776e+00,1.399167e+01
1266,1.917716e-17,2.031690e-05,2.168609e-05,4.821890e-04,2.975118e+00,-1.185316e+00,9.653066e+00
1267,3.153947e-18,2.262675e-05,4.697316e-06,4.958990e-04,-3.278487e+00,-4.461692e-01,1.237353e+01
1268,7.009692e-19,1.914039e-05,1.914039e-05,4.795373e-04,3.269977e+00,4.476614e-01,9.133268e+00
1269,2.150073e-17,1.558018e-05,3.077100e-06,4.939826e-04,-2.611154e+00,6.354969e-01,1.549002e+00
1270,2.830216e-18,2.109131e-05,1.015962e-05,4.958771e-04,-3.420336e-01,1.503424e-01,3.130183e+00
1271,1.212322e-18,-7.654858e-05,1.252154e-05,4.783481e-04,9.806461e-01,-2.648044e-01,-1.607695e+00
1272,7.612748e-17,-7.692194e-05,4.217383e-06,4.794912e-04,-6.266404e-01,2.707229e+00,-3.691056e-01
1273,2.606285e-17,-8.348139e-05,7.432201e-06,4.804126e-04,2.632004e-01,4.316660e-01,6.040594e+00
1274,2.013108e-17,-8.477737e-05,-6.422420e-07,4.764654e-04,-3.360913e-01,6.573729e-01,5.971485e-01
1275,3.689051e-17,-9.984596e-05,7.498495e-06,4.582768e-04,-5.109780e-02,-2.564886e-01,6.532886e+00
1276,1.312767e-18,-9.943086e-05,5.493712e-06,4.750792e-04,1.825230e+00,-1.810775e+00,-1.289725e+00
1277,6.728700e-19,-8.350988e-05,8.203491e-06,4.721012e-04,-1.143652e-01,-6.464233e-01,-1.548662e+00
1278,2.837416e-19,-8.398441e-05,7.421844e-06,4.728805e-04,-4.653495e-01,3.459132e-02,-1.634049e-01
1279,6.361319e-19,-8.398447e-05,-7.918513e-07,4.713096e-04,-1.276883e+00,3.189452e-01,2.112779e-01
1280,1.141702e-18,-9.675677e-05,-9.190869e-06,4.736638e-04,4.421086e-01,2.367728e+00,-3.242570e+00
1281,3.769708e-17,-8.629756e-05,-7.876517e-06,4.841863e-04,-3.503956e+00,4.802497e-01,9.030087e+00
1282,1.207597e-18,-9.607110e-05,-1.950768e-05,4.783636e-04,-7.248038e-02,1.121606e-01,3.908024e+00
1283,2.920338e-17,-1.063993e-04,2.384720e-05,4.799422e-04,-1.530844e+00,1.495320e+00,1.570520e+00
1284,2.646720e-19,-1.042965e-04,7.421665e-06,4.775718e-04,2.291471e-01,-7.365292e-01,7.233749e+00
1285,2.380114e-19,-1.066409e-04,1.757582e-05,4.768037e-04,3.555415e-01,1.998492e-01,-2.060334e+00
1286,3.314408e-18,-1.226579e-04,1.406977e-05,4.967143e-04,-3.185187e-01,1.404190e-01,-1.405810e+00
1287,8.994620e-18,-1.117184e-04,3.372222e-06,4.899020e-04,1.768871e-01,-3.029385e+00,4.067599e+00
1288,1.447725e-18,-1.132263e-04,1.804068e-05,4.824088e-04,-4.379878e-01,-1.463650e-01,2.893717e+00
1289,5.046128e-17,-1.064357e-04,9.338497e-06,5.020306e-04,2.199388e-01,1.025993e+00,8.574484e+00
1290,5.118126e-18,-1.092680e-04,1.773636e-06,4.984621e-04,1.726462e+00,-3.254309e+00,9.997369e+00
1291,1.894438e-18,-1.045572e-04,6.638319e-09,4.944348e-04,4.042363e+00,-1.598507e-01,1.089814e+01
1292,1.048634e-17,-1.117350e-04,6.883876e-06,5.008037e-04,4.459154e-02,-3.944093e-01,1.254272e+01
1293,2.854727e-16,-1.050528e-04,-6.744560e-06,5.078266e-04,1.896606e+00,-4.073369e-01,7.110094e+00
1294,3.347001e-17,-1.086395e-04,1.786885e-05,4.930682e-04,-1.271177e+00,-6.345089e-01,1.396370e+01
1295,5.208389e-18,-1.179633e-04,1.328711e-05,4.982105e-04,-1.159258e-01,-2.018983e-01,1.077710e+01
1296,4.206796e-18,-1.093257e-04,1.410968e-05,4.927841e-04,-7.882692e-01,-8.381726e-01,5.811918e+00
1297,8.174626e-19,-1.068862e-04,1.627049e-05,5.002068e-04,5.476734e-01,-6.822829e-01,8.240849e+00
1298,2.611161e-18,-1.046952e-04,1.405769e-05,4.936261e-04,1.234170e-01,-5.937113e-02,7.278288e+00
1299,3.819636e-18,-1.070483e-04,5.475540e-06,4.892285e-04,-3.137079e-01,1.491656e-02,6.061269e+00
1300,1.410817e-18,-1.039300e-04,-8.297373e-09,4.993476e-04,4.989849e+00,-2.758293e-01,1.683496e+01
1301,8.087241e-18,-1.202015e-04,2.548977e-08,5.002184e-04,-1.263853e-01,-1.991612e-01,6.249757e+00
1302,5.010166e-18,-1.046883e-04,1.406578e-05,4.870036e-04,2.190090e-03,1.066023e-01,4.356935e+00
1303,5.065462e-18,-1.046887e-04,1.406062e-05,5.033568e-04,-1.668801e-01,-3.818652e-01,8.321010e+00
1304,1.034131e-18,-1.058593e-04,2.752576e-09,4.880642e-04,2.816932e+00,6.971851e-01,6.589022e+00
1305,2.434712e-19,-1.050782e-04,3.905000e-07,4.900106e-04,3.330203e+00,-1.290544e+00,8.109847e+00
1306,2.699856e-19,-1.050782e-04,-3.912798e-07,4.907895e-04,3.531266e+00,1.514455e-01,8.623895e+00
1307,2.389482e-19,-1.074215e-04,3.910289e-07,4.845641e-04,1.015914e+00,-8.450087e-01,3.770815e+00
1308,2.423533e-19,-1.066409e-04,-3.909347e-07,4.861206e-04,1.776589e+00,4.520430e-01,5.279736e+00
1309,1.591627e-17,-9.940893e-05,4.368234e-06,5.026367e-04,-3.317230e-01,-1.611003e+00,1.522007e+00
1310,7.455534e-19,-1.089842e-04,-1.906363e-09,4.814508e-04,1.448672e+00,5.448607e-01,-5.018155e-01
1311,3.670695e-18,-1.007788e-04,1.952557e-05,5.173847e-04,1.048730e+00,2.106678e-01,1.291352e+01
1312,4.366765e-17,-1.007137e-04,2.006153e-05,5.180465e-04,1.151173e+00,1.026547e+00,1.143239e+01
1313,4.729039e-18,-9.922288e-05,2.684046e-09,5.170187e-04,4.479190e-01,-2.348928e-01,1.082784e+01
1314,2.414795e-16,-9.969210e-05,-6.186960e-06,5.008633e-04,-1.482346e-01,1.490997e+00,7.917077e+00
1315,6.396627e-17,-9.849556e-05,4.043020e-06,5.294600e-04,3.662058e-01,1.034734e+00,1.286603e+01
1316,2.528154e-17,-8.977867e-05,3.920399e-06,5.017312e-04,-1.570294e+00,3.072271e-01,2.260074e+01
1317,1.921507e-17,-9.760227e-05,-2.094252e-05,5.131320e-04,-1.366988e-01,-7.604293e-01,1.989116e+01
1318,2.462584e-19,-7.460898e-05,-1.132767e-05,5.040474e-04,-5.849073e-01,-8.829580e-01,1.163426e+00
1319,5.416464e-17,-8.737652e-05,-1.155513e-05,5.188987e-04,4.089869e-03,5.480549e-01,9.875876e+00
1320,1.009790e-17,-9.686480e-05,-2.033837e-05,5.059643e-04,-2.534797e-01,1.385079e-01,1.737554e+01
1321,3.491420e-17,-7.840979e-05,-1.224964e-05,5.242663e-04,7.659935e-02,5.308101e-01,6.173742e+00
1322,3.761060e-16,-9.203630e-05,-4.637018e-06,5.319831e-04,1.231751e-01,-5.264204e-01,8.819105e+00
1323,1.013181e-18,-8.672275e-05,-4.681956e-06,5.200004e-04,-5.255204e-03,-1.334236e-01,6.345191e+00
1324,1.552688e-17,-8.228145e-05,-1.699036e-05,5.064709e-04,-1.205045e+00,-6.093328e-01,5.345291e+00
1325,6.636142e-18,-9.150762e-05,-1.406069e-05,5.076691e-04,9.486914e-01,-4.019449e-01,5.005231e+00
1326,2.889495e-18,-9.218967e-05,-1.483558e-05,5.234178e-04,-9.823187e-02,-3.812059e-01,5.454866e+00
1327,3.851882e-18,-7.502592e-05,-1.408729e-05,5.051241e-04,2.608884e-01,7.028627e-01,6.017251e+00
1328,3.777796e-18,-7.802838e-05,-1.169096e-05,5.064938e-04,4.733924e-01,-2.156943e-01,4.733308e+00
1329,4.180885e-18,-7.502017e-05,-1.799707e-05,5.042767e-04,-5.959997e-02,9.561901e-01,1.643183e+00
1330,1.258627e-18,-9.141100e-05,-1.798303e-05,5.025556e-04,2.859047e-02,7.909728e-02,9.010755e-01
1331,1.897863e-17,-8.230045e-05,6.354514e-06,5.050991e-04,-3.139254e-01,-3.254635e+00,1.649510e+01
1332,1.263305e-17,-9.210308e-05,1.613311e-05,5.062397e-04,-1.133047e+00,-2.652422e-02,3.149892e+00
1333,1.910747e-17,-8.768388e-05,1.111676e-05,5.195561e-04,-5.897069e-01,-4.415879e-01,1.782728e+01
1334,5.867737e-17,-8.685854e-05,3.170488e-06,5.126316e-04,2.592285e-01,-8.500911e-01,6.029734e+00
1335,2.256790e-18,-8.672197e-05,5.472648e-06,5.271922e-04,-8.274476e-02,1.180786e-01,7.423080e+00
1336,1.997553e-17,-8.436985e-05,1.503488e-05,5.209952e-04,-1.627563e-01,-7.695432e-01,2.914337e+00
1337,1.191534e-16,-8.421500e-05,6.615365e-06,5.484153e-04,3.265612e-01,-3.561077e-01,1.289178e+01
1338,3.776806e-17,-8.901398e-05,2.927964e-06,5.411809e-04,1.956782e+00,-2.048418e-01,1.342823e+01
1339,3.624449e-18,-7.812566e-05,8.328266e-09,5.417817e-04,-1.058654e-04,-5.915020e-02,8.493109e+00
1340,1.110594e-17,-5.807426e-05,6.512578e-06,5.128016e-04,1.853700e+00,1.413412e+00,1.047131e+01
1341,1.048692e-16,-5.745913e-05,5.963254e-06,5.119256e-04,3.757998e-01,-6.141799e-01,1.123702e+01
1342,3.999519e-18,-5.864295e-05,9.377736e-06,5.247907e-04,7.033740e-01,7.914149e-03,2.160768e+01
1343,1.210261e-18,-6.170265e-05,-7.994265e-07,5.032302e-04,3.082774e-03,6.092654e-02,5.705103e+00
1344,1.413097e-17,-6.308616e-05,7.576466e-07,5.147032e-04,-3.283396e+00,-7.120991e-02,2.566677e+00
1345,9.171499e-18,-5.863582e-05,9.425791e-06,5.028583e-04,3.122795e-01,2.990862e-01,8.542137e+00
1346,1.383932e-18,-6.874972e-05,1.717717e-05,5.132402e-04,-7.659224e-03,-3.482578e-01,4.361201e+00
1347,1.765346e-17,-6.390204e-05,4.435616e-06,5.181888e-04,4.073371e-01,-4.047899e-01,3.828268e+00
1348,6.181789e-18,-6.874660e-05,9.346068e-06,5.078351e-04,-1.117135e-01,-1.381389e+00,2.672113e+00
1349,8.940551e-17,-8.226949e-05,-9.162781e-06,5.420967e-04,-3.679931e-01,4.491567e-01,7.806279e+00
1350,4.289677e-18,-8.750041e-05,-1.171825e-05,5.454599e-04,-9.330313e-02,-1.067063e-01,1.246451e+01
1351,1.340814e-18,-8.985473e-05,-1.485267e-05,5.477193e-04,-1.266907e-01,-2.084454e-01,1.072736e+01
1352,4.602446e-17,-9.090067e-05,-3.587256e-06,5.456332e-04,1.874925e-01,1.450501e+00,4.132519e+00
1353,4.044321e-18,-8.359327e-05,-4.689016e-06,5.303324e-04,-8.495186e-03,-1.937697e-01,4.244694e+00
1354,2.094178e-18,-9.687635e-05,-9.389354e-06,5.423307e-04,-1.064824e-02,1.379535e-02,1.838791e+00
1355,2.578858e-18,-7.969102e-05,-1.796944e-05,5.300665e-04,-3.008921e-02,-6.578940e-02,6.026581e-01
1356,1.451573e-18,-5.234801e-05,-1.171558e-05,5.040537e-04,-5.648995e-01,-5.454644e-02,1.074330e+00
1357,3.974759e-17,-5.919765e-05,-4.609561e-06,5.159340e-04,2.888345e-01,-1.094309e+00,1.128498e+01
1358,1.198248e-18,-5.234288e-05,-1.172529e-05,5.200229e-04,-9.106436e-02,1.757005e-01,-7.196512e-01
1359,2.895959e-17,-1.122082e-04,4.698966e-06,5.219665e-04,2.803532e-01,-1.301283e+00,2.294494e+01
1360,1.103468e-18,-1.071850e-04,4.845708e-06,5.146850e-04,2.684453e+00,-2.770972e-01,1.967200e+01
1361,1.039189e-16,-1.094423e-04,1.166930e-06,5.273495e-04,7.470265e-01,-5.957769e-01,7.646245e+00
1362,1.475996e-17,-1.101548e-04,1.093527e-05,5.181694e-04,1.362098e-01,-1.015937e+00,1.008873e+01
1363,9.011542e-17,-1.101786e-04,1.064441e-05,5.185794e-04,-2.096096e-01,-1.192529e+00,1.005670e+01
1364,2.585121e-18,-1.124705e-04,7.002552e-06,5.082638e-04,9.404824e-03,1.133886e+00,1.463705e+01
1365,5.566219e-18,-1.070320e-04,1.639555e-05,5.097621e-04,-3.491802e-02,1.028425e-01,1.132095e+01
1366,4.079625e-17,-1.133364e-04,1.369215e-05,5.055944e-04,1.707656e+00,-1.607214e-02,1.046337e+01
1367,4.043200e-17,-1.089185e-04,2.215485e-05,5.068702e-04,1.267872e+00,1.941140e+00,9.065646e+00
1368,2.386969e-18,-1.054623e-04,2.339983e-06,5.173300e-04,4.026108e-02,-2.304886e-01,3.019444e+00
1369,4.724617e-18,-2.493417e-04,-8.016865e-07,5.486239e-04,-1.542657e-01,1.513782e-01,5.885606e+00
1370,9.161352e-17,-2.486489e-04,7.036060e-06,5.379590e-04,5.590563e-02,6.299027e-01,8.577992e+00
1371,1.024092e-17,-2.492639e-04,1.513702e-05,5.380241e-04,-4.156969e-02,4.511169e-01,8.561875e+00
1372,2.275340e-18,-2.496073e-04,2.344397e-05,5.462142e-04,-8.890944e-02,5.741503e-01,8.324990e+00
1373,5.543568e-18,-2.309942e-04,2.348504e-06,5.396238e-04,-5.459799e-01,-3.554754e-03,5.422595e+00
1374,1.998016e-17,-2.377440e-04,1.946340e-05,5.319362e-04,-3.260598e-01,1.284174e+00,5.407736e+00
1375,2.312980e-18,-2.281445e-04,1.485064e-05,5.423469e-04,9.143855e-02,1.102826e-01,-9.182674e-01
1376,2.372549e-16,-1.991248e-04,8.197769e-06,5.104569e-04,1.214248e+00,9.229834e-01,1.383593e+01
1377,2.415653e-17,-1.991429e-04,4.978151e-06,5.049447e-04,1.651939e+00,2.060370e+00,1.741254e+01
1378,4.225602e-17,-2.134892e-04,1.145742e-05,5.072219e-04,1.374619e-01,4.093938e+00,2.857605e+01
1379,4.519180e-17,-2.074845e-04,1.125306e-05,5.181422e-04,-3.979778e-01,-1.097571e+00,6.491291e+00
1380,5.213627e-17,-2.193730e-04,1.578856e-05,5.174256e-04,8.563499e-01,1.106617e+00,8.357372e+00
1381,8.509767e-17,-2.068692e-04,4.128068e-06,5.192910e-04,4.844835e-01,-1.277699e-01,1.107433e+01
1382,7.570393e-17,-2.179587e-04,3.445175e-06,5.026850e-04,3.093474e-01,-4.913129e-01,6.063343e+00
1383,3.483912e-18,-2.233217e-04,8.557778e-06,5.241659e-04,3.556997e+00,-1.699150e-01,1.008092e+01
1384,8.834034e-18,-2.242006e-04,2.441845e-06,5.119720e-04,3.183766e-01,1.561916e-01,1.064717e+01
1385,2.642104e-17,-2.152083e-04,-7.545832e-07,5.035580e-04,-5.071951e-01,1.742388e+00,6.105036e+00
1386,1.362348e-18,-2.210745e-04,9.376646e-06,5.055792e-04,1.336885e-01,-4.522858e-02,7.666301e+00
1387,2.493134e-17,-2.081850e-04,1.163128e-05,5.025383e-04,-7.096742e-01,-5.640222e-02,3.832019e+00
1388,8.302105e-19,-2.222647e-04,2.475666e-06,5.083445e-04,1.310211e-01,-1.600077e-01,8.755994e+00
1389,3.348004e-18,-2.281263e-04,1.493158e-05,5.183443e-04,-2.845500e-02,6.013720e-01,1.375210e+00
1390,4.211852e-17,-2.369479e-04,8.996248e-06,5.179701e-04,-3.132804e+00,-1.118377e+00,1.096374e+01
1391,5.785665e-18,-2.315185e-04,7.191793e-06,5.126967e-04,-1.518796e+00,-4.830084e-01,1.142640e+01
1392,1.461989e-17,-2.263601e-04,1.215508e-05,5.060745e-04,-1.110916e-02,-2.841639e-01,8.485579e+00
1393,1.132784e-17,-2.469339e-04,2.185957e-05,5.161400e-04,-1.692097e+00,-1.471492e-01,2.760191e+00
1394,1.569210e-18,-2.437491e-04,1.953738e-05,5.079608e-04,-6.259033e-02,-9.992838e-01,4.371497e+00
1395,8.687288e-18,-2.433128e-04,1.100779e-07,5.146886e-04,5.319288e-01,7.815458e-01,5.434661e-01
1396,7.592774e-17,-2.485966e-04,-1.675337e-05,5.481130e-04,-3.267383e-01,-1.226198e+00,1.211806e+01
1397,2.511001e-17,-2.485956e-04,-1.987827e-05,5.428116e-04,-5.176923e+00,-9.268241e-01,2.757836e+01
1398,7.075476e-18,-2.398405e-04,-1.171882e-05,5.301039e-04,-6.324547e+00,-9.905148e-01,1.022724e+01
1399,2.366183e-16,-2.394882e-04,-1.267090e-05,5.257404e-04,-2.014772e+00,7.964659e-02,1.163001e+01
1400,3.519999e-17,-2.287968e-04,-8.541072e-06,5.354619e-04,-7.608131e-01,2.161029e-01,1.427034e+01
1401,1.515275e-18,-2.496078e-04,-7.815633e-06,5.458607e-04,-1.682411e-01,-3.597490e-02,9.747663e+00
1402,7.070601e-18,-2.367173e-04,-5.472388e-06,5.286207e-04,5.859502e-01,6.469001e-01,5.702776e+00
1403,1.017410e-18,-2.343722e-04,-3.121408e-06,5.426786e-04,8.201035e-02,1.505780e-03,1.081125e+01
1404,1.989803e-17,-2.491905e-04,-7.530055e-06,5.277280e-04,-6.284201e-02,1.837922e-01,1.037224e+01
1405,8.468214e-18,-2.390503e-04,-3.896239e-06,5.458022e-04,-2.667735e+00,-3.450870e-02,5.730061e+00
1406,4.448885e-17,-2.367817e-04,-5.774962e-06,5.285978e-04,5.010158e-01,4.918934e-01,5.479242e+00
1407,3.700526e-18,-2.390628e-04,-1.328947e-05,5.463462e-04,-2.354686e-02,3.483831e-02,2.000211e+00
1408,4.154785e-17,-2.242599e-04,-1.096256e-05,5.064284e-04,8.379817e-01,6.364365e-01,8.823103e+00
1409,2.672840e-17,-2.054525e-04,-8.581381e-06,5.011444e-04,-3.454485e-01,6.295430e-01,5.355573e+00
1410,9.833899e-18,-2.179796e-04,-1.015458e-05,5.135835e-04,6.716615e-01,4.480335e-01,7.162666e+00
1411,2.057717e-18,-2.039086e-04,-2.342606e-06,5.180546e-04,-2.690813e-02,4.862545e-02,4.963559e+00
1412,2.294626e-17,-2.030655e-04,-1.762402e-05,5.189356e-04,-6.882333e-02,5.500525e-01,5.007057e+00
1413,3.224840e-17,-2.024071e-04,-1.241367e-05,5.045438e-04,-1.667188e+00,-2.503831e-01,4.582533e+00
1414,3.713683e-17,-2.217538e-04,-2.829409e-06,5.199233e-04,1.065596e+00,9.057376e-01,3.464744e+00
1415,1.109977e-17,-2.054298e-04,-1.411019e-05,5.113442e-04,3.471018e-01,2.669717e-02,3.156125e+00
1416,3.020562e-19,-2.050822e-04,-1.367136e-05,5.063577e-04,8.201389e-01,4.404424e-01,1.944138e+00
1417,5.329071e-19,-2.132876e-04,-1.757675e-05,5.140173e-04,-1.085404e-01,-4.598812e-01,1.326288e+00
1418,1.381657e-18,-2.109339e-04,-8.579149e-06,5.207782e-04,5.103848e-02,2.911532e-01,3.409815e+00
1419,5.817077e-17,-2.304214e-04,-5.301512e-06,5.241420e-04,1.023961e-01,1.764545e-01,1.456357e+01
1420,1.789076e-17,-2.346674e-04,-1.498308e-05,5.110786e-04,-1.629671e-01,8.509756e-01,1.682950e+01
1421,4.317167e-18,-2.328187e-04,-1.481415e-05,5.025237e-04,-1.377269e-01,1.030231e+00,1.269566e+01
1422,4.973290e-18,-2.304669e-04,-4.686487e-06,5.131665e-04,3.002097e-03,2.508907e-01,1.250763e+01
1423,3.386267e-18,-2.312454e-04,-1.171635e-05,5.143778e-04,3.035082e-01,1.039474e+00,1.378478e+01
1424,1.291113e-17,-2.492310e-04,-2.376874e-05,5.121403e-04,-5.993412e-01,-9.823438e+00,7.155473e+00
1425,4.783379e-18,-2.382789e-04,-1.567423e-06,5.086384e-04,-9.178684e-02,5.125772e-02,9.803936e+00
1426,8.100499e-18,-2.394235e-04,-8.819716e-06,5.130854e-04,-4.631161e-01,-8.499838e-01,7.109513e+00
1427,1.366275e-17,-2.478168e-04,-8.151634e-06,5.138155e-04,-6.924895e-01,1.359613e+00,8.990145e+00
1428,3.359166e-18,-2.304687e-04,-4.686450e-06,5.028501e-04,1.664236e-02,1.222212e-01,7.727560e+00
1429,3.323227e-18,-2.368050e-04,-2.362977e-06,5.150172e-04,5.536406e-01,3.632165e-01,6.189692e+00
1430,7.556783e-18,-2.310906e-04,-1.171026e-05,5.086415e-04,-2.364532e-01,4.207339e-01,1.215545e+01
1431,2.200390e-18,-2.305130e-04,-4.734368e-06,5.083657e-04,5.434196e-02,-8.090379e-02,9.305394e+00
1432,2.952350e-18,9.373883e-05,7.821507e-07,4.763130e-04,-2.719138e-01,2.791522e-02,-4.440675e-01
1433,3.001218e-19,9.257615e-05,-1.445287e-05,4.752345e-04,-9.394857e-01,4.074446e+00,-1.238124e+00
1434,7.590100e-19,7.031321e-05,-1.054827e-05,4.736622e-04,7.874577e-01,5.132366e+00,-2.228292e-01
1435,1.493432e-18,5.494941e-05,1.289011e-05,4.729762e-04,1.234602e+00,-3.773745e-01,1.786451e+00
1436,2.552846e-19,5.429749e-05,8.202601e-06,4.744423e-04,-9.965090e-02,3.690145e-01,1.170098e+00
1437,5.311773e-19,6.679567e-05,1.013316e-05,4.713258e-04,7.588672e-01,-2.720007e-01,4.495244e+00
1438,2.567724e-19,6.601501e-05,1.054684e-05,4.705435e-04,-4.648911e-01,1.814302e+00,6.256066e+00
1439,2.994673e-17,-2.404786e-05,-1.906618e-04,4.830900e-04,-9.874443e-01,-2.242953e-01,1.658960e+00
1440,6.447407e-17,-4.222961e-06,-1.813749e-04,4.970387e-04,9.855722e-01,7.296849e-01,1.346860e+01
1441,7.364718e-17,1.245942e-05,-1.890507e-04,4.850024e-04,-2.793747e-01,-4.272524e-01,2.972838e+00
1442,2.862918e-17,1.758132e-05,-1.801527e-04,4.835896e-04,-1.957495e-01,1.184043e+00,-6.903373e-01
1443,1.526709e-17,-6.885679e-06,-1.881096e-04,4.797617e-04,1.532356e+00,-7.760408e-01,6.380510e-01
1444,2.646463e-17,-1.191780e-05,-1.742491e-04,4.797971e-04,9.820288e-01,-4.625918e-02,1.483709e+00
1445,2.241254e-17,-2.412625e-05,-1.953910e-04,4.976391e-04,1.789106e-02,8.431102e-03,1.401649e+00
1446,9.377202e-18,-5.629135e-06,-1.916092e-04,5.009234e-04,7.898976e-01,2.392997e+00,1.098938e+01
1447,7.619700e-18,-2.421944e-05,-1.804685e-04,4.951426e-04,3.843702e-01,-7.236273e-02,2.593322e+00
1448,1.124015e-18,-1.560747e-06,-1.961015e-04,5.009100e-04,-2.774437e-02,-2.936783e-01,4.528440e+00
1449,2.943851e-18,-1.564545e-06,-1.960847e-04,4.943028e-04,-1.260170e-01,8.241258e-02,3.488323e+00
1450,2.106959e-17,-6.270202e-06,-1.835792e-04,4.844012e-04,1.248316e-01,-5.592792e-01,8.206105e+00
1451,3.969759e-17,-2.397935e-05,-1.809526e-04,4.948267e-04,4.253510e-01,1.490261e-01,2.719400e+00
1452,1.267728e-18,-7.026838e-06,-1.952735e-04,4.978236e-04,9.620522e-01,-7.428916e-01,3.183750e+00
1453,3.550312e-18,-3.886955e-06,-1.892512e-04,4.772724e-04,3.376080e-01,-5.260955e-01,-2.169139e-01
1454,1.383153e-18,2.031822e-05,-1.984411e-04,5.017767e-04,-3.418654e-01,-9.550842e-04,9.945513e+00
1455,3.559508e-18,2.034398e-05,-1.984856e-04,4.952312e-04,3.218081e-01,8.256406e-01,7.874037e+00
1456,3.530734e-18,5.469043e-06,-1.812464e-04,4.966333e-04,-1.991792e-01,4.801698e-01,6.224288e+00
1457,3.607566e-17,1.286403e-05,-1.740082e-04,4.939879e-04,-2.315011e-01,-5.702415e-01,3.035836e+00
1458,2.776793e-18,2.031800e-05,-1.976659e-04,4.914923e-04,-3.160965e-01,-8.431801e-01,7.539924e+00
1459,1.768154e-17,1.094563e-05,-1.909458e-04,4.768807e-04,3.026658e-01,3.987019e-02,1.937970e+00
1460,4.667832e-18,1.094244e-05,-1.843771e-04,4.962702e-04,9.691125e-02,-4.197812e-02,1.760360e+00
1461,3.352927e-18,6.984351e-06,-1.914563e-04,4.866064e-04,9.100404e-02,6.893470e-02,1.344521e+00
1462,1.193120e-18,6.975075e-06,-1.758024e-04,4.799059e-04,-6.234762e-01,1.803136e-01,-1.494850e-01
1463,3.357416e-18,2.030557e-05,-1.976488e-04,4.849979e-04,-1.860248e-01,-1.509054e-03,4.176882e+00
1464,3.064845e-18,2.030893e-05,-1.976522e-04,4.788152e-04,9.153405e-02,7.554649e-02,4.076444e+00
1465,3.213305e-18,6.248161e-06,-1.960902e-04,4.802483e-04,-1.307503e-01,-1.976885e-01,1.906637e+00
1466,2.372352e-17,2.413112e-05,-1.808151e-04,4.976518e-04,-2.102466e-02,1.649506e-03,1.492837e+00
1467,9.730130e-18,2.426951e-05,-1.867438e-04,4.837857e-04,3.133952e-02,2.881616e-02,1.599143e+00
1468,3.438059e-17,2.400224e-05,-1.686839e-04,4.992269e-04,2.313930e-02,1.408157e-02,1.086458e+00
1469,6.404438e-17,1.420920e-05,-1.583373e-04,4.989497e-04,4.160464e-01,-1.258013e+00,2.782978e+00
1470,3.804566e-18,-2.422019e-05,-1.570311e-04,4.818644e-04,8.285008e-02,5.341931e-02,1.366555e+00
1471,2.825120e-17,-2.399119e-05,-1.574864e-04,4.820869e-04,-4.608770e-02,2.860270e-02,1.244147e+00
1472,3.613176e-17,-1.386740e-05,-1.596769e-04,4.813997e-04,6.137342e-01,-7.983568e-01,2.360285e+00
1473,1.269318e-18,-5.465541e-06,-1.695387e-04,4.915900e-04,6.006825e-02,-2.587452e-01,1.477128e+00
1474,7.442140e-19,-1.731549e-05,-1.600184e-04,4.877313e-04,2.297219e-01,-6.795894e-01,1.662916e+00
1475,9.628192e-18,1.296470e-05,-1.560920e-04,4.932019e-04,4.522164e-01,-3.292868e+00,1.357366e+01
1476,2.283742e-17,-1.146096e-05,-1.690110e-04,4.878482e-04,5.778971e-01,-2.117523e-01,5.020728e+00
1477,1.578422e-16,-1.101193e-05,-1.695376e-04,4.869203e-04,-7.115510e-01,-4.587578e-01,6.608426e+00
1478,1.112884e-16,9.670356e-06,-1.682807e-04,4.927718e-04,-6.724816e-01,-5.791596e-01,7.789849e+00
1479,1.373161e-18,1.275374e-05,-1.545043e-04,4.873721e-04,-3.619895e+00,1.296166e+00,6.068320e+00
1480,6.813283e-18,3.907219e-06,-1.656258e-04,4.981566e-04,9.501914e-02,-1.998521e-02,8.520236e+00
1481,7.742013e-18,-1.225681e-05,-1.674342e-04,4.961558e-04,4.747576e-01,8.211812e-01,9.254546e+00
1482,2.385225e-19,-1.054864e-05,-1.636730e-04,4.954984e-04,-8.823263e-02,1.063498e+00,9.063764e+00
1483,2.116894e-17,-1.802272e-06,-1.647996e-04,4.932519e-04,-1.355767e+00,-1.481632e+00,5.113491e+00
1484,3.117715e-19,-1.054698e-05,-1.652359e-04,5.001787e-04,-3.396209e-01,-6.241362e-01,1.397155e+01
1485,4.735315e-18,-1.015960e-05,-1.631495e-04,4.907109e-04,1.633597e-01,-8.493175e-01,8.031905e+00
1486,8.013460e-18,-1.066210e-05,-1.617290e-04,4.838721e-04,-5.651096e-01,-2.248241e-01,5.254039e+00
1487,2.106802e-17,-3.506029e-06,-1.642949e-04,4.818205e-04,2.415626e-02,-6.759681e-01,2.084481e+00
1488,2.604698e-18,-3.811343e-06,-1.694445e-04,4.820698e-04,1.618623e-01,-9.357864e-02,7.485253e-01
1489,1.119474e-17,-2.428547e-05,-1.695108e-04,4.903152e-04,5.882556e-03,-2.631974e-02,1.752214e+00
1490,2.781355e-18,-2.460766e-04,-1.332298e-05,4.841881e-04,-3.453123e-01,1.155653e+00,1.901074e+00
1491,3.179772e-18,-2.460781e-04,-1.405967e-05,4.889243e-04,6.324160e-01,-3.571690e-01,2.855107e+00
1492,1.354349e-18,-2.452445e-04,-2.038515e-05,4.894372e-04,3.952684e-01,-3.122227e-01,1.407202e+00
1493,1.301726e-18,-2.496095e-04,-7.726781e-07,4.881029e-04,6.533297e-02,1.321389e-01,-1.863119e+00
1494,3.021069e-18,-2.429364e-04,-1.643165e-05,4.834277e-04,1.207724e-01,-6.181766e-01,-2.456848e+00
1495,1.902300e-17,-2.379688e-04,-6.406678e-06,4.859046e-04,3.570525e-01,1.755222e+00,5.905607e+00
1496,8.385913e-17,-2.380217e-04,-6.034316e-06,4.855414e-04,6.197837e-01,1.745616e+00,5.657446e+00
1497,4.920373e-18,-2.304505e-04,-4.667258e-06,4.972276e-04,-5.376305e-03,-5.855514e-02,9.899773e+00
1498,2.183656e-17,-2.292948e-04,-1.228933e-05,4.991214e-04,4.868016e-01,-6.290904e-01,1.008138e+01
1499,3.813437e-17,-2.346462e-04,-1.197419e-05,4.874591e-04,-2.799339e+00,1.863399e+00,6.254000e+00
1500,4.392782e-17,-2.353646e-04,-2.401203e-05,4.878651e-04,-1.596864e+00,3.650075e-01,6.006816e+00
1501,3.163832e-17,-2.268558e-04,-8.655388e-06,4.851937e-04,-5.786832e-01,-1.393598e+00,5.113740e+00
1502,6.804545e-18,-2.374973e-04,-1.969401e-06,5.001572e-04,-5.199316e-02,-4.603379e-02,7.733509e+00
1503,4.768861e-18,-2.297048e-04,-1.095955e-05,4.876537e-04,-4.269848e-01,2.589473e-01,5.063094e+00
1504,3.267822e-18,-2.304708e-04,-4.692478e-06,4.873302e-04,2.757818e-01,-7.691111e-02,3.549690e+00
1505,7.095003e-18,-2.241581e-04,-1.449808e-05,4.826270e-04,9.825395e-01,-3.876955e+00,3.668174e+00
1506,1.506815e-17,-2.492489e-04,-9.185934e-06,4.966345e-04,-1.623683e-02,-1.270733e-01,3.016323e+00
1507,3.222949e-18,-2.437481e-04,-7.818584e-06,4.943544e-04,-1.584887e-01,1.472382e-01,2.663820e+00
1508,3.035215e-18,-2.328507e-04,-2.267787e-05,4.827505e-04,-2.847984e+00,-4.111933e-01,8.826720e+00
1509,5.378464e-18,-2.301026e-04,-2.427887e-05,4.865967e-04,-1.100964e+00,-2.546551e-01,1.639964e+00
1510,5.723383e-17,-2.391180e-04,2.359705e-06,4.981321e-04,-4.605804e-01,-1.677448e-01,1.439353e+01
1511,4.556290e-18,-2.031250e-04,-4.689535e-06,4.892198e-04,5.804866e-03,-5.270712e-02,-5.765992e-01
1512,2.287648e-18,-2.117172e-04,-5.466686e-06,4.935417e-04,3.565405e-02,-1.050340e-01,1.105411e+00
1513,1.079881e-17,-1.981000e-04,-6.393427e-06,4.799513e-04,-1.100085e-01,4.595365e-01,4.713198e+00
1514,5.608063e-18,-2.171912e-04,-1.015821e-05,4.932308e-04,-4.923619e-01,-9.271877e-02,3.316117e+00
1515,3.241999e-18,-2.196238e-04,-8.501817e-06,4.900647e-04,-3.567280e-01,7.534838e-01,2.629587e+00
1516,6.244298e-18,-2.195340e-04,-1.401290e-09,4.908042e-04,2.980983e-02,-7.386522e-02,2.049088e+00
1517,1.377530e-18,-2.148133e-04,-1.331045e-05,4.931752e-04,-4.242388e-01,4.541703e-01,1.030287e+00
1518,5.083840e-18,-1.985104e-04,7.850299e-06,4.791619e-04,-1.999432e-01,2.664242e-01,-6.981941e-01
1519,1.682431e-16,-2.272703e-04,8.374196e-06,4.959605e-04,5.333503e-01,-9.195723e-01,8.351981e+00
1520,1.059543e-18,-2.017610e-04,3.335583e-06,4.974115e-04,6.492143e-01,8.789326e-01,1.158124e+01
1521,7.176771e-18,-1.994789e-04,9.377580e-06,4.902850e-04,-5.187790e-01,-1.016776e-01,6.520561e+00
1522,3.200476e-18,-2.249666e-04,7.809297e-06,4.826376e-04,1.748616e+00,4.145724e-01,4.854992e+00
1523,5.651878e-17,-2.260063e-04,2.392900e-05,4.966439e-04,-3.337818e-01,-8.627661e-02,5.230419e+00
1524,3.798143e-18,-2.225790e-04,9.382521e-06,4.805027e-04,1.278439e-01,2.572856e-02,3.026289e+00
1525,4.220279e-18,-2.187983e-04,9.378621e-06,4.941900e-04,-3.455327e-01,-7.868469e-02,4.719326e+00
1526,1.171859e-17,-2.017707e-04,2.848937e-06,4.900241e-04,7.738043e-02,2.721308e-02,6.372771e+00
1527,1.599526e-18,-2.250282e-04,2.461014e-05,4.883204e-04,-5.038779e-01,4.127798e-01,3.383420e+00
1528,6.081398e-19,-2.015846e-04,1.954153e-06,4.861284e-04,-6.082630e-01,7.980904e-01,7.280091e+00
1529,1.399672e-18,-2.015631e-04,2.350801e-06,4.830122e-04,2.584642e-01,4.743897e-01,4.134591e+00
1530,1.150153e-17,-2.451750e-04,1.496989e-05,4.843486e-04,-2.979477e-01,2.044972e-01,-7.034602e-01
1531,6.567915e-17,-2.486345e-04,6.634315e-06,4.873549e-04,-2.281546e-02,-1.054013e+00,1.755576e+00
1532,3.417069e-18,-2.492505e-04,2.460922e-05,4.803529e-04,2.161865e-02,-1.277951e-02,2.921807e+00
1533,2.542805e-18,-2.265560e-04,1.035891e-05,4.877133e-04,-2.693029e-01,6.861483e-01,8.678095e+00
1534,7.625247e-18,-2.492187e-04,2.421919e-05,4.904551e-04,-5.562613e-02,-1.977891e-01,1.838022e+00
1535,3.944324e-18,-2.257762e-04,2.344694e-06,4.908171e-04,1.840143e-01,6.909874e-03,5.919099e+00
1536,1.735991e-18,-2.496093e-04,5.485864e-06,4.810727e-04,-3.440799e-02,5.050695e-02,3.467996e+00
1537,2.167682e-18,-2.375146e-04,2.316725e-06,4.944093e-04,1.618508e-01,-1.590995e-01,1.810754e+01
1538,9.035622e-18,-2.288954e-04,2.456182e-05,4.904521e-04,-2.060826e-01,9.502753e-02,5.880338e+00
1539,2.029609e-17,-2.487453e-04,2.376112e-05,4.904407e-04,-1.230875e-01,-1.564431e-01,1.550280e+00
1540,1.428824e-18,-2.496083e-04,1.405972e-05,4.833655e-04,-1.581257e-01,-4.093075e-02,1.757367e-02
1541,3.200298e-18,-2.437496e-04,1.565412e-06,4.911920e-04,-2.127522e-02,5.190870e-02,-1.518929e-01
1542,3.094607e-18,-2.304396e-04,2.344371e-06,4.974266e-04,6.310494e-01,8.702900e-02,1.860491e+00
1543,1.102344e-17,-2.404970e-04,2.428150e-05,4.906928e-04,8.415337e-02,-3.616246e-03,1.806599e+00
1544,1.077826e-18,-2.477351e-04,2.460919e-05,4.828560e-04,-2.717545e-01,3.324295e-01,2.215167e+00
1545,2.898182e-18,7.793867e-07,9.217407e-05,5.051607e-04,-1.163821e-01,-1.005989e+00,-2.291516e-01
1546,4.445580e-18,-1.169045e-05,8.415312e-05,5.249680e-04,-1.513358e+00,-9.265552e-01,2.164011e+01
1547,3.719277e-17,-9.744775e-06,8.394176e-05,5.071156e-04,3.421823e-01,1.176865e+00,1.779978e+01
1548,9.508231e-19,-1.171961e-05,8.516158e-05,5.162969e-04,6.303230e-01,-1.699067e-03,1.468862e+01
1549,2.843004e-17,-7.650352e-06,7.963201e-05,5.112504e-04,8.162761e-01,3.016955e-01,7.803039e+00
1550,6.163225e-17,-3.980581e-06,8.105584e-05,5.289931e-04,6.324347e-01,3.635273e-01,6.551385e+00
1551,1.731526e-18,-1.179312e-05,8.599579e-05,5.024074e-04,8.356274e-01,5.637351e-01,1.075334e+01
1552,5.027446e-18,-6.956754e-06,8.674921e-05,5.064796e-04,-5.405942e-01,-6.129920e-01,3.503323e+00
1553,2.703363e-18,-1.569177e-06,8.825763e-05,5.120719e-04,1.894617e-02,8.993652e-04,3.601511e+00
1554,4.933174e-18,-1.947963e-06,7.968604e-05,5.051108e-04,2.839085e-01,-5.125565e-02,2.787624e+00
1555,3.102594e-17,-1.605433e-05,7.731088e-05,5.415246e-04,-1.768873e+00,-3.564523e+00,2.646378e+01
1556,5.065193e-18,-1.171855e-05,8.007654e-05,5.328037e-04,2.755884e-01,-1.690801e+00,2.319456e+01
1557,1.906078e-18,7.707152e-07,9.766116e-05,5.372133e-04,4.073531e-01,7.876007e-02,1.086367e+00
1558,3.953513e-17,-8.519120e-06,9.597552e-05,5.383849e-04,1.242924e+00,-6.075359e-01,9.451773e+00
1559,2.714967e-17,1.430775e-06,8.285263e-05,5.357975e-04,-3.687778e-01,4.776917e-01,1.395032e+01
1560,3.470085e-18,-7.788388e-07,7.577991e-05,5.407377e-04,4.889123e-01,5.241025e-01,4.761334e+00
1561,4.473507e-17,-1.103531e-06,7.531088e-05,5.406081e-04,2.888618e-01,2.480844e-01,4.696606e+00
1562,1.412034e-17,-1.016167e-05,8.750257e-05,5.329919e-04,-3.496698e-01,2.819063e-01,7.757949e+00
1563,1.309619e-17,-2.331677e-05,8.721929e-05,5.364330e-04,-1.599804e+00,1.501562e+00,6.683423e+00
1564,8.658040e-17,-1.060498e-05,8.753297e-05,5.331423e-04,-3.843586e-01,7.853442e-02,7.508559e+00
1565,2.759324e-17,-9.946982e-06,7.654040e-05,5.435386e-04,6.795248e-01,4.152258e-01,6.379077e+00
1566,1.408140e-17,-1.394750e-05,7.964845e-05,5.458035e-04,-2.446451e-01,4.862753e-02,6.838334e+00
1567,5.867223e-18,-1.015530e-05,8.550488e-05,5.383786e-04,4.196933e-01,2.116731e-01,2.753429e+00
1568,9.666642e-19,-3.908708e-06,5.390680e-05,5.311515e-04,-4.689690e-02,5.834740e-02,3.467029e+00
1569,1.272730e-18,-1.094040e-05,5.858517e-05,5.454945e-04,-5.203406e-02,-3.609737e-02,-8.470590e-02
1570,2.283425e-19,-1.601397e-05,5.273066e-05,5.462193e-04,-2.812927e-01,-6.297084e-01,1.155703e-01
1571,4.642925e-17,3.441494e-06,8.420224e-05,5.485511e-04,-9.439677e-01,-9.510496e-01,1.397051e+01
1572,2.013544e-17,5.985560e-06,7.250601e-05,5.419783e-04,4.746836e-01,-8.759429e-01,1.693854e+01
1573,6.906517e-18,7.036363e-06,5.703006e-05,5.458723e-04,3.462675e-01,6.717261e-01,8.059263e+00
1574,7.733790e-17,6.804097e-06,5.733644e-05,5.459584e-04,4.345924e-01,8.776964e-01,7.780977e+00
1575,5.276598e-17,1.335244e-05,6.683857e-05,5.381683e-04,-3.599436e-02,1.033484e+00,9.515098e+00
1576,2.315028e-17,8.359824e-06,7.579974e-05,5.446395e-04,2.733424e-01,-9.465105e-01,8.437383e+00
1577,4.415687e-18,9.376133e-06,7.109002e-05,5.476342e-04,-7.552678e-03,7.706307e-02,1.878005e+00
1578,3.220789e-18,1.662034e-05,9.707798e-05,5.338209e-04,9.144496e-01,-9.032440e-01,1.934621e+01
1579,2.511142e-18,5.467374e-06,7.734337e-05,5.271886e-04,4.935612e-02,1.009991e-01,1.216605e+01
1580,2.106574e-18,1.012880e-05,9.851186e-05,5.264724e-04,2.507430e-01,3.543029e-01,8.874834e+00
1581,7.785333e-18,2.515199e-06,8.670354e-05,5.285218e-04,-1.147030e-01,4.769221e-01,1.067220e+01
1582,5.223443e-17,1.813457e-05,7.942886e-05,5.338098e-04,1.627247e-01,7.380350e-01,6.585863e+00
1583,8.680368e-18,1.013849e-05,9.331959e-05,5.262036e-04,-1.084657e+00,-1.309019e+00,8.043170e+00
1584,1.096724e-16,1.378603e-05,9.664294e-05,5.222178e-04,9.603321e-01,-6.086713e-01,1.475868e+01
1585,9.916737e-18,7.036824e-06,9.511479e-05,5.430080e-04,5.422345e-02,5.349709e-01,6.462401e+00
1586,1.027012e-18,1.016518e-05,8.437069e-05,5.469434e-04,-4.006799e-01,2.601131e-01,-2.012885e-01
1587,3.279637e-17,1.735628e-05,9.160573e-05,5.234029e-04,-5.681112e-01,-2.906744e-03,1.100051e+01
1588,1.889057e-17,5.456008e-06,7.788101e-05,5.198490e-04,5.883033e-02,-2.237899e-01,1.297295e+01
1589,2.882082e-18,2.342677e-06,8.281251e-05,5.257152e-04,-2.873695e-01,1.023335e-01,9.942335e+00
1590,6.302087e-18,4.690393e-06,7.812834e-05,5.043816e-04,-1.239764e-01,4.714408e-02,9.831559e+00
1591,2.796387e-17,1.991292e-06,8.885080e-05,5.013945e-04,-5.060611e-01,3.470609e-01,4.761537e+00
1592,3.834948e-18,2.345319e-06,8.286186e-05,5.106270e-04,5.166266e-02,-1.489775e-01,5.996608e+00
1593,5.578529e-17,-1.848426e-04,-3.662079e-07,5.084813e-04,1.325544e+00,8.239610e-01,6.963827e+00
1594,1.919753e-16,-1.848867e-04,-1.522803e-07,5.086125e-04,1.248672e+00,7.491860e-01,6.850082e+00
1595,3.408761e-18,-1.796870e-04,-1.249591e-05,5.059872e-04,1.272066e+00,3.669660e-01,2.291790e+00
1596,3.715069e-17,-1.854018e-04,-1.195198e-05,5.010255e-04,-2.575917e+00,1.129720e+00,7.477911e+00
1597,1.279240e-17,-1.838612e-04,-1.593992e-05,5.124602e-04,-2.914971e-01,-2.671653e+00,1.210032e+01
1598,4.162212e-17,-1.834148e-04,-2.158935e-05,5.217904e-04,-4.200448e-01,-1.111260e+00,1.500494e+00
1599,1.206698e-17,-1.803725e-04,2.670086e-08,5.226590e-04,-3.440146e-01,1.166839e-01,6.637863e+00
1600,2.982228e-17,-1.802303e-04,-1.796832e-06,4.819757e-04,1.086359e+00,1.970492e+00,7.337180e-01
1601,1.085868e-18,-1.929598e-04,6.229318e-06,4.791299e-04,-3.029681e-01,2.638403e-01,2.243170e+00
1602,3.347978e-18,-1.890289e-04,1.721349e-05,4.918719e-04,2.586927e-01,-2.813795e-02,1.155900e+00
1603,2.517910e-17,-1.905974e-04,1.308824e-05,4.905326e-04,-1.691032e+00,9.620224e-01,1.437825e+01
1604,1.469418e-17,-1.846012e-04,1.150075e-05,4.944702e-04,2.611485e+00,-2.112001e+00,1.123475e+01
1605,2.910710e-18,-1.859759e-04,1.562426e-05,4.888743e-04,1.509427e+00,-3.359694e-01,7.800927e+00
1606,5.407084e-18,-1.773441e-04,-3.978369e-07,4.935086e-04,-1.020356e-01,-3.816611e-01,8.464569e+00
1607,8.426426e-18,-1.857798e-04,5.409889e-06,4.785879e-04,-4.147692e+00,-2.097547e+00,3.211160e+00
1608,1.287616e-17,-1.944070e-04,7.780240e-06,4.996483e-04,-6.746383e-02,-1.117933e-01,6.932794e+00
1609,5.080759e-18,-1.835897e-04,6.251584e-06,5.039854e-04,5.616678e-01,3.715316e-01,1.370736e+01
1610,3.335646e-18,-1.890700e-04,1.561914e-05,4.849853e-04,1.545069e+00,4.560936e-01,8.125136e+00
1611,4.975143e-17,-1.828811e-04,9.297939e-06,4.886327e-04,-1.415913e+00,1.650174e-01,5.911701e+00
1612,1.481759e-18,-1.968904e-04,1.327291e-05,4.947388e-04,1.537132e-01,1.527817e+00,7.625150e+00
1613,3.274040e-18,-1.835969e-04,6.271095e-06,4.920952e-04,-4.085746e-01,5.869811e-03,5.261713e+00
1614,2.034231e-17,-1.862499e-04,1.265711e-05,4.808957e-04,-8.047650e-01,-2.373004e+00,6.844922e+00
1615,3.333186e-18,-1.890544e-04,1.639543e-05,4.771740e-04,-1.375398e-01,1.560127e-01,3.404806e+00
1616,1.049243e-17,-1.835931e-04,7.646081e-06,4.837262e-04,-1.547750e-01,-7.975132e-02,5.591495e+00
1617,1.321121e-17,-1.899012e-04,1.154187e-05,4.818973e-04,3.959425e-01,-4.634856e-01,1.004196e+01
1618,5.550119e-19,-1.836400e-04,9.766012e-06,5.009523e-04,-1.241470e+00,8.995858e-01,1.289887e+01
1619,1.659784e-18,-1.968760e-04,1.327919e-05,4.830421e-04,-2.027095e-01,-1.679030e+00,1.240633e+00
1620,6.427956e-18,-1.937500e-04,7.813082e-06,4.942537e-04,-1.362421e-01,2.397010e-01,6.995391e+00
1621,2.790066e-18,-1.937489e-04,1.562344e-05,5.022213e-04,1.533050e-01,-1.092926e-01,3.205971e+00
1622,1.551243e-17,-1.944412e-04,2.425428e-05,4.877053e-04,-5.371843e-02,-2.844591e-02,1.569418e+00
1623,3.143380e-17,-1.858793e-04,1.057556e-05,5.118341e-04,-1.042000e+00,-2.469504e-01,1.855971e+01
1624,4.273508e-18,-1.945656e-04,7.836016e-06,5.130497e-04,-7.869075e-01,-3.826358e-01,7.122907e+00
1625,5.717857e-18,-1.834839e-04,1.019183e-05,5.087963e-04,2.996855e-01,1.120114e+00,2.416992e+01
1626,3.396859e-18,-1.859663e-04,1.713643e-05,5.172961e-04,1.119208e-01,1.620689e-01,3.026645e+00
1627,3.674584e-18,-1.859082e-04,1.720266e-05,5.114272e-04,5.433817e-01,-7.747192e-01,3.699663e-01
1628,6.111635e-17,-1.808592e-04,-1.419001e-05,4.885916e-04,-5.575077e-02,-1.172496e+00,7.532289e+00
1629,2.471774e-18,-1.883190e-04,-2.440873e-05,4.956649e-04,-1.541852e-01,-6.768496e-02,2.339772e+00
1630,1.242698e-17,-1.948679e-04,-2.263535e-05,4.948085e-04,1.180991e+00,-1.347220e+00,2.364709e+00
1631,3.199091e-17,-1.949507e-04,-1.301608e-05,4.755516e-04,1.060552e+00,-1.084431e-01,-5.146608e-01
1632,3.759991e-18,-1.806773e-04,-1.319189e-05,4.819362e-04,-1.418469e+00,-6.389390e-01,6.983263e+00
1633,2.310133e-18,2.496098e-04,-2.187261e-05,4.922907e-04,1.220870e-01,2.722049e-01,-2.616415e+00
1634,1.295180e-18,2.320327e-04,-3.167124e-06,4.869122e-04,-2.241022e-01,-9.744505e-02,1.562003e+00
1635,8.124753e-19,2.332041e-04,-2.095949e-05,4.934303e-04,2.592730e+00,-5.359619e-01,1.115986e+01
1636,1.897561e-17,2.326635e-04,-2.424507e-05,4.997666e-04,1.555011e+00,1.391346e-01,6.948254e+00
1637,1.390511e-18,2.496095e-04,-8.674075e-06,4.919877e-04,1.906233e-01,-1.531592e-01,5.164249e+00
1638,8.426951e-18,2.307188e-04,-1.951733e-05,4.848914e-04,1.982193e+00,-5.583100e-01,6.228634e+00
1639,1.836031e-18,2.296399e-04,-1.255543e-05,4.915127e-04,1.527731e-01,2.731937e-01,5.525707e+00
1640,5.041911e-18,2.406240e-04,-8.594252e-06,4.829668e-04,-1.328647e-01,-4.658290e-02,4.328154e+00
1641,3.517042e-18,2.453126e-04,-2.349697e-06,4.950926e-04,-1.029216e-02,-9.223865e-02,3.113596e+00
1642,1.814438e-17,2.491556e-04,-1.079238e-05,4.765166e-04,5.514928e-02,1.984742e-01,2.146967e+00
1643,1.198249e-17,2.415170e-04,-1.755972e-05,4.767061e-04,-1.518531e+00,-4.265398e-01,8.742428e-01
1644,1.226786e-17,2.490837e-04,-2.408952e-05,4.886439e-04,-2.496760e-02,-4.002856e-03,1.973528e+00
1645,9.616239e-18,2.411748e-04,-8.605228e-06,4.920697e-04,2.867779e-01,2.868555e-01,7.436205e+00
1646,2.753582e-18,2.429677e-04,-5.467463e-06,4.857206e-04,3.397116e-01,-2.940926e-02,2.028302e+00
1647,5.723482e-18,2.296873e-04,-1.284394e-05,4.859040e-04,-8.732403e-02,-2.749805e-01,2.489082e+00
1648,2.201877e-17,2.331887e-04,1.016409e-05,5.000449e-04,-1.843407e+00,-1.800521e+00,2.333410e+01
1649,5.424170e-18,2.351408e-04,1.253026e-05,4.916847e-04,1.757600e+00,-8.586156e-01,1.759137e+01
1650,6.656215e-17,2.285585e-04,1.238888e-05,4.870623e-04,-6.754681e-01,5.817746e-02,9.789185e+00
1651,3.342452e-18,2.463961e-04,7.508355e-06,5.010966e-04,2.115785e+00,-2.432716e+00,1.112129e+01
1652,1.561400e-18,2.304476e-04,1.716309e-05,5.017739e-04,-7.884754e-01,3.698218e+00,1.813635e+01
1653,3.006823e-17,2.297017e-04,1.623471e-05,4.841185e-04,5.166620e-01,4.810038e-01,1.090458e+01
1654,3.344471e-18,2.496103e-04,1.718380e-05,4.978689e-04,8.149827e-02,5.249865e-02,9.539149e+00
1655,1.729094e-18,2.279003e-04,1.285867e-05,4.964343e-04,9.846942e-01,1.863023e+00,8.022275e+00
1656,1.299398e-17,2.341968e-04,1.258673e-05,4.824537e-04,-1.034273e+00,-2.033207e-02,1.099697e+01
1657,2.282131e-18,2.280559e-04,9.307968e-06,4.942737e-04,-1.532129e-01,7.201794e-01,8.810683e+00
1658,4.202827e-17,2.455524e-04,4.260384e-06,4.781565e-04,1.302037e+00,1.436415e+00,-2.256329e-02
1659,1.563780e-18,2.265708e-04,1.563526e-05,4.892828e-04,8.717402e-01,3.152662e-01,7.472192e+00
1660,6.015468e-18,2.475812e-04,1.329757e-05,4.885416e-04,2.737103e+00,-6.842853e-01,5.983191e+00
1661,2.051173e-17,2.485318e-04,2.215826e-05,4.808624e-04,2.612504e+00,1.561795e+00,1.950813e+00
1662,2.622872e-18,2.280784e-04,8.583980e-06,4.857628e-04,-8.344809e-01,5.480914e-02,4.244149e+00
1663,1.916049e-18,2.453640e-04,1.321834e-05,4.907399e-04,5.248569e-02,-4.443855e-01,2.995318e+00
1664,1.516256e-18,2.496094e-04,7.805286e-07,4.958982e-04,2.058549e-01,-3.258169e-02,5.456643e+00
1665,5.499195e-19,2.296743e-04,1.445493e-05,4.775746e-04,1.243445e+00,-4.083668e-01,9.000646e+00
1666,4.180404e-18,2.421911e-04,8.640014e-06,4.895089e-04,4.069121e-01,-2.430086e-01,3.462647e+00
1667,1.608157e-18,2.496085e-04,1.016269e-05,4.865554e-04,8.651703e-02,7.698426e-02,3.034928e+00
1668,2.864960e-17,2.341388e-04,2.597752e-06,4.944393e-04,-4.327820e-01,5.217974e-02,1.900924e+00
1669,1.542765e-18,2.496088e-04,1.719093e-05,4.802568e-04,1.548689e-01,3.857573e-02,2.307459e+00
1670,2.595013e-18,2.496094e-04,7.844642e-07,4.923340e-04,4.524367e-02,-2.179506e-02,5.637930e+00
1671,6.141305e-19,2.496103e-04,7.031106e-06,4.799057e-04,-6.767241e-02,7.345715e-01,3.201449e+00
1672,5.158071e-18,2.281417e-04,7.886776e-06,4.807763e-04,-5.999008e-01,1.005069e+00,3.275400e+00
1673,3.378929e-18,2.496094e-04,7.803623e-07,4.857837e-04,-1.446530e-01,4.023641e-02,4.104014e+00
1674,7.053974e-18,2.414089e-04,2.431055e-05,4.985558e-04,-1.846752e-03,1.083217e-01,1.936809e+00
1675,2.512457e-19,2.347665e-04,1.210866e-05,4.744504e-04,-1.922036e+00,6.437409e-01,4.811875e+00
1676,8.291296e-19,2.271971e-04,5.609612e-06,4.760068e-04,1.409413e+00,-8.471813e-01,4.101624e+00
1677,5.238086e-19,2.292964e-04,1.367248e-05,4.763820e-04,1.032168e+00,-7.148197e-02,6.206211e+00
1678,3.377442e-19,2.269552e-04,1.210968e-05,4.728945e-04,9.810205e-01,1.813132e-01,2.719165e+00
1679,5.246837e-19,2.296994e-04,1.289177e-05,4.729027e-04,-2.746080e-01,-4.287063e+00,2.990907e-02
1680,2.866955e-19,2.293006e-04,1.211170e-05,4.721196e-04,1.438106e-01,-4.173843e+00,-1.609050e+00
1681,2.524575e-18,-1.968602e-04,1.324824e-05,4.725494e-04,1.041643e+00,1.036798e-01,-3.668664e-01
1682,1.051860e-18,-1.900365e-04,1.173352e-05,4.738724e-04,-3.768848e-01,-2.276117e-01,-2.191116e+00
1683,3.686493e-19,-1.871100e-04,1.523339e-05,4.729030e-04,-1.547167e+00,-1.686311e+00,-4.001990e-01
1684,6.469998e-18,-1.023427e-04,-5.684142e-06,4.860652e-04,-6.481003e-02,-1.524839e-01,3.028388e+00
1685,1.263266e-17,-1.070912e-04,-9.628993e-06,5.018516e-04,-8.669068e-01,8.397475e-02,1.405631e+01
1686,1.691146e-17,-1.062363e-04,-2.031757e-05,4.864784e-04,-3.378209e+00,-7.284725e-02,1.162265e+01
1687,5.285700e-17,-1.060378e-04,-7.823658e-06,4.931830e-04,8.222863e-01,1.214747e+00,9.070335e+00
1688,3.868346e-18,-1.194877e-04,-1.097058e-05,4.868634e-04,9.158935e-01,9.463068e-01,3.339768e+00
1689,5.322149e-19,-1.050765e-04,-2.028264e-05,4.830407e-04,-2.803290e+00,-1.454473e+00,1.321835e+01
1690,2.095018e-18,-1.041889e-04,-2.039528e-05,4.814172e-04,-3.234388e+00,-1.914484e-01,1.178262e+01
1691,5.189614e-18,-1.234371e-04,-1.561658e-06,4.931623e-04,3.303726e-01,8.557286e-02,2.090523e+00
1692,1.573517e-18,-1.102330e-04,-1.321633e-05,4.883661e-04,-7.853264e-02,-5.269776e-01,3.618894e+00
1693,2.734768e-18,-1.007789e-04,-5.470391e-06,4.802367e-04,5.988845e-01,-7.075336e-01,1.265398e+00
1694,5.628564e-18,-1.210931e-04,-1.562472e-05,4.799078e-04,-3.795249e-02,-1.783792e-02,1.355409e+00
1695,7.292366e-19,-8.737147e-05,-1.185399e-05,4.978558e-04,-1.220494e-01,5.185233e-01,4.294516e+00
1696,1.092939e-18,-9.840502e-05,-1.247384e-05,5.001990e-04,-1.114554e-01,-6.466357e-02,-1.415949e+00
1697,3.099286e-18,-8.750152e-05,-5.491946e-06,4.935400e-04,1.746083e-01,1.424658e-02,1.067269e+00
1698,1.037428e-18,-7.500110e-05,-1.407847e-05,4.830363e-04,-2.619974e-02,3.870158e-02,-2.570470e-01
1699,2.260403e-17,-9.614066e-05,-1.490255e-05,4.888351e-04,2.510525e+00,-1.402304e+00,6.397636e+00
1700,5.389325e-18,-9.694568e-05,-1.662018e-05,4.939354e-04,1.476872e-03,-1.391003e+00,8.046298e+00
1701,9.875325e-18,-9.609247e-05,-1.948916e-05,4.931121e-04,-1.408893e-01,-1.083043e+00,1.102618e+01
1702,1.776108e-17,-8.706761e-05,-2.426214e-05,4.951928e-04,-9.279371e-01,2.763207e-01,3.760291e+00
1703,1.318345e-18,-8.046186e-05,-1.953752e-05,4.869519e-04,-4.401323e-01,2.800485e-01,3.109128e+00
1704,2.084030e-18,-8.748896e-05,-2.189586e-06,4.816763e-04,5.907606e-02,5.914160e-01,6.638976e-01
1705,2.224285e-18,-9.599426e-05,-1.971490e-05,4.861561e-04,7.771735e-02,-3.442131e-02,8.499306e+00
1706,9.287505e-18,-9.321325e-05,1.452498e-05,4.859416e-04,4.492010e-01,9.517430e-01,-3.143153e+00
1707,1.302791e-17,-8.029037e-05,1.418741e-05,4.909424e-04,-1.494966e-01,-5.311488e-01,3.182710e+00
1708,2.123993e-17,-8.591493e-05,2.416081e-05,4.976937e-04,-1.394604e-03,-2.256337e-02,1.498794e+00
1709,5.158159e-18,-8.283367e-05,1.166220e-05,4.910883e-04,-6.220517e-01,3.887737e-01,8.411551e+00
1710,1.023186e-18,-8.669983e-05,1.171154e-05,4.986264e-04,-1.925874e-01,-7.250204e-01,7.176477e+00
1711,5.288241e-17,-9.413532e-05,2.054477e-05,4.944488e-04,1.941997e+00,3.060804e-01,5.037550e+00
1712,3.853758e-18,-8.671372e-05,1.171734e-05,4.915280e-04,-5.832034e-02,4.092802e-02,6.594562e+00
1713,2.550943e-18,-9.213837e-05,2.184819e-06,4.992727e-04,1.173266e-01,7.338623e-01,4.572603e+00
1714,7.088990e-18,-8.670762e-05,1.131228e-05,4.806548e-04,1.351593e-01,-8.697607e-01,2.093782e+00
1715,4.391545e-18,-8.822006e-05,7.479420e-06,4.989594e-04,-4.945380e-01,-1.804753e+00,4.396771e+00
1716,5.870609e-18,-8.281066e-05,1.252280e-05,4.850120e-04,8.668207e-02,-1.084467e-01,9.259124e+00
1717,1.296673e-18,-8.284378e-05,1.133002e-05,4.873368e-04,2.082003e-01,-6.846092e-02,7.282289e+00
1718,2.462969e-19,-8.320354e-05,1.211108e-05,4.884954e-04,5.844790e-01,4.190499e-01,8.116755e+00
1719,3.385464e-18,-9.765398e-05,4.687494e-06,4.974088e-04,-4.882312e-02,-3.967066e-02,2.765753e+00
1720,7.967469e-18,-7.366642e-05,1.394648e-05,4.976495e-04,2.138369e+00,5.580541e-01,1.967008e+00
1721,2.825204e-17,-9.358853e-05,2.403231e-05,4.854240e-04,-3.476669e-01,1.017199e-01,1.935900e+00
1722,4.773377e-18,-1.272127e-05,2.079852e-04,5.042351e-04,1.043804e+00,-1.753362e+00,2.690577e+01
1723,1.381842e-17,-4.834845e-06,2.000550e-04,5.043504e-04,-9.258335e-01,-3.011818e+00,1.397756e+01
1724,4.036615e-17,1.361668e-06,1.988319e-04,4.923778e-04,-1.724381e+00,1.784549e+00,9.608095e+00
1725,2.073135e-17,-1.024683e-05,2.167012e-04,4.821848e-04,-1.209864e+00,4.763523e-02,1.158063e+00
1726,5.171557e-18,-6.272638e-06,1.995122e-04,4.951463e-04,3.909888e-01,2.740738e-02,1.144446e+00
1727,7.655216e-19,-6.896000e-06,2.084653e-04,5.009390e-04,1.921700e-01,-7.220101e-01,2.070402e+00
1728,4.910883e-18,-1.265497e-05,2.065103e-04,4.973289e-04,5.842468e-02,-1.930810e+00,2.277961e+01
1729,4.130545e-18,1.548852e-07,2.002001e-04,4.857539e-04,-2.327211e+00,2.228084e+00,7.994895e+00
1730,6.360379e-17,-5.817760e-06,2.220390e-04,4.917326e-04,-2.292852e+00,2.537402e-03,3.509198e+00
1731,2.508426e-18,-1.874912e-05,2.164021e-04,5.005946e-04,2.203871e-01,-6.116273e-01,1.134528e+01
1732,4.498132e-17,-1.077423e-06,2.072093e-04,4.877179e-04,6.245775e-01,-8.024786e-01,6.400820e+00
1733,4.054535e-17,-1.643270e-05,2.164121e-04,4.845008e-04,1.673950e-01,-1.337139e+00,3.646408e+00
1734,1.330442e-17,-1.317746e-05,2.122171e-04,4.916586e-04,-3.088676e-02,-2.200703e+00,4.636710e+00
1735,2.137994e-17,-6.195639e-06,2.137622e-04,4.950616e-04,2.342310e+00,2.571532e+00,3.939639e+00
1736,3.064325e-18,-9.376546e-06,2.046906e-04,4.989642e-04,-1.798736e-01,8.958406e-02,6.638838e+00
1737,3.779203e-18,-1.557370e-06,2.031996e-04,4.812517e-04,-5.413644e-01,1.921046e-01,7.495062e+00
1738,1.041442e-18,-1.874968e-05,2.163899e-04,4.978750e-04,7.552096e-02,-5.825731e-01,9.168545e+00
1739,3.090182e-18,-1.796369e-05,2.131584e-04,4.824630e-04,2.565474e-01,-1.798563e-01,3.585809e+00
1740,8.405839e-18,-1.180915e-05,2.078726e-04,4.866079e-04,6.789922e-01,-1.887358e+00,1.173366e+01
1741,2.506307e-19,-1.211168e-05,2.074209e-04,4.916116e-04,3.791090e+00,1.731726e+00,1.319073e+01
1742,4.413120e-18,-2.339447e-06,2.148418e-04,5.001178e-04,-2.873784e-03,-4.428512e-02,2.919895e+00
1743,2.009038e-18,-1.711688e-06,2.078114e-04,4.843501e-04,-3.820073e-01,5.579740e-01,1.066503e+01
1744,3.036122e-18,-7.060123e-06,2.086165e-04,4.857498e-04,2.292975e-01,1.332197e-01,1.958799e+00
1745,3.813918e-18,2.421875e-05,2.023444e-04,4.881120e-04,-9.011077e-02,8.624114e-02,1.238372e+00
1746,3.048897e-17,2.400203e-05,2.018204e-04,4.881019e-04,2.931467e-02,-1.613268e-02,1.142350e+00
1747,2.450434e-17,1.096820e-05,2.036703e-04,4.819723e-04,-8.213083e-01,-9.293499e-01,2.296382e+00
1748,1.420854e-18,9.384097e-06,2.210715e-04,4.822505e-04,1.960468e-01,-8.004812e-01,1.554252e+00
1749,1.214745e-18,1.014771e-05,2.000103e-04,4.806972e-04,-3.997215e-01,5.926512e-01,9.423307e-01
1750,3.178703e-17,2.200854e-05,2.149809e-04,4.830514e-04,6.910948e-01,-6.286296e-01,-2.824735e-01
1751,2.610852e-17,1.050926e-05,2.040123e-04,4.969612e-04,7.783058e-01,-3.076030e-02,8.864504e+00
1752,6.808349e-19,9.316232e-06,2.042972e-04,4.845905e-04,3.674430e+00,-8.959233e-01,1.607238e+00
1753,2.985116e-18,7.818199e-06,2.039073e-04,4.912244e-04,-9.958521e-02,-2.605014e-02,7.608567e+00
1754,5.933023e-18,1.171824e-05,2.164053e-04,5.005754e-04,7.573828e-02,-3.408233e-02,5.956166e+00
1755,4.576300e-18,2.438320e-06,2.210301e-04,4.900317e-04,-3.135033e+00,-3.280069e-01,2.472355e+00
1756,4.122727e-18,5.697600e-06,2.195336e-04,4.988865e-04,1.223076e+00,3.139076e-01,4.089195e+00
1757,4.567672e-18,9.377316e-06,2.234287e-04,4.901223e-04,5.283186e-03,4.126190e-01,3.891633e+00
1758,2.908941e-18,5.581351e-06,2.022347e-04,4.836384e-04,-1.471133e-01,1.407450e-01,2.413804e+00
1759,2.806704e-18,5.464237e-06,2.132855e-04,4.950538e-04,2.102390e-02,1.742436e-01,3.058168e+00
1760,2.589085e-19,8.202374e-06,2.136740e-04,4.799000e-04,-5.770510e-01,-9.072033e-01,8.331900e+00
1761,1.365583e-18,6.246976e-06,2.070323e-04,4.947045e-04,-4.281943e-02,-7.236728e-02,2.129910e+00
1762,4.140460e-18,1.114624e-05,2.165273e-04,4.817325e-04,5.856180e-01,2.464824e-01,6.743291e-01
1763,2.198904e-17,-1.456590e-05,2.054036e-04,5.185950e-04,-1.826018e+00,-3.034438e+00,3.608862e+01
1764,4.020769e-18,-1.245153e-05,2.065652e-04,5.102539e-04,6.902782e-01,-1.081067e+00,3.107285e+01
1765,3.797313e-17,-4.076294e-06,2.031470e-04,5.090168e-04,2.397064e-03,-8.029685e-01,1.408369e+01
1766,5.132697e-17,-1.537428e-05,2.218742e-04,5.182830e-04,-7.746431e-02,5.082788e-01,5.100918e+00
1767,9.796810e-17,-1.758330e-05,2.169437e-04,5.082838e-04,-6.004841e-03,7.248151e-01,9.535557e+00
1768,3.343321e-17,1.500637e-06,2.002500e-04,5.085758e-04,1.968445e+00,3.395987e+00,9.019824e+00
1769,3.396940e-18,-7.793316e-07,2.078135e-04,5.248734e-04,7.574053e-02,-1.154526e-01,6.407569e+00
1770,1.158348e-18,-2.338494e-06,2.148429e-04,5.169440e-04,1.795136e-01,-9.196275e-02,5.228130e+00
1771,1.376248e-17,-2.313759e-06,2.065792e-04,5.103975e-04,-2.503764e-01,9.917110e-01,3.101517e+00
1772,3.951966e-18,-2.345571e-06,2.148422e-04,5.123402e-04,3.657333e-03,2.222880e-02,4.278325e+00
1773,3.103109e-18,-6.247444e-06,2.218788e-04,5.249009e-04,6.257194e-03,6.793941e-02,3.337253e+00
1774,1.068712e-18,-7.034320e-06,2.086006e-04,5.101532e-04,-1.269440e-01,1.886058e-01,3.189758e+00
1775,2.133888e-17,-1.887981e-05,2.191280e-04,5.220154e-04,2.232871e-01,4.556821e-01,6.575250e-01
1776,1.310475e-16,3.286588e-06,2.064183e-04,5.070008e-04,-4.894519e-01,6.570761e-01,3.933650e+00
1777,2.868880e-17,1.791224e-06,2.122878e-04,5.220796e-04,-3.635992e+00,-1.075883e+00,1.203471e+01
1778,7.291022e-19,1.158055e-05,2.165294e-04,5.109369e-04,-2.834398e-01,-4.464385e-02,8.432024e+00
1779,2.142664e-17,1.475491e-05,2.108582e-04,5.186502e-04,-8.916886e-02,3.846138e-01,6.551611e+00
1780,3.361830e-17,1.592753e-05,2.009098e-04,5.242320e-04,1.182452e+00,-2.297156e-01,5.365462e+00
1781,6.491711e-18,1.874679e-05,2.208419e-04,5.131750e-04,6.443372e-01,3.780022e-01,2.856986e+00
1782,3.147430e-19,-1.211143e-05,9.882741e-05,4.783467e-04,1.673015e+00,-5.404227e-01,5.829789e+00
1783,7.502042e-19,-1.445354e-05,9.999267e-05,4.736810e-04,-2.538650e+00,4.690431e+00,-4.570573e+00
1784,1.120578e-18,-1.346415e-05,9.118862e-05,4.727287e-04,-5.283480e-01,5.703450e-01,-2.703234e+00
1785,5.371898e-19,-1.367108e-05,9.101493e-05,4.787934e-04,2.237544e+00,-9.782719e-03,3.781152e+00
1786,6.076577e-18,-1.008755e-05,8.282337e-05,4.766049e-04,9.119858e-01,-1.124038e+00,4.147211e-01
1787,1.005015e-17,1.928114e-05,7.700406e-05,4.717170e-04,5.472608e-01,1.244054e+00,-2.000710e+00
1788,3.319304e-17,2.303866e-06,8.923151e-05,4.778443e-04,-1.226031e+00,-9.766395e-01,8.904492e-01
1789,1.460535e-18,6.272598e-06,7.964096e-05,4.760089e-04,-9.026647e-01,-3.663441e-01,3.576098e-01
1790,6.630675e-19,2.734794e-06,8.507667e-05,4.689678e-04,-9.126683e-01,-3.721560e+00,-5.893716e+00
1791,2.845351e-19,8.985577e-06,8.945256e-05,4.767938e-04,1.329159e-01,-8.067270e-02,5.251802e+00
1792,3.262958e-19,8.200866e-06,9.023708e-05,4.783519e-04,1.858175e-01,2.974702e+00,1.080800e+01
1793,8.646093e-19,8.985853e-06,8.922087e-05,4.749834e-04,6.485086e-01,-1.640885e+00,3.669516e+00
1794,6.152565e-18,1.081589e-05,9.688930e-05,4.751857e-04,-2.598727e-01,-1.009162e+00,2.970225e+00
1795,2.465823e-19,3.516570e-06,8.632810e-05,4.720945e-04,-1.350416e+00,-1.867369e+00,-1.498896e+00
1796,1.395442e-18,1.716947e-05,9.689195e-05,4.768060e-04,5.069897e-02,2.460555e-01,1.185367e+00
1797,1.164520e-16,-8.004321e-06,8.116735e-05,4.831532e-04,-8.158254e-01,2.053410e+00,2.046620e+00
1798,4.135459e-18,1.565639e-05,8.284689e-05,4.799092e-04,-8.502516e-01,-5.950967e-01,-5.380669e+00
1799,3.821223e-18,1.484265e-05,9.140862e-05,4.990272e-04,-1.202323e+00,-1.323819e+00,4.453904e+00
1800,6.108840e-17,1.442148e-05,9.112598e-05,4.991558e-04,-2.933621e-01,-4.473436e-01,4.303093e+00
1801,8.819392e-18,8.688295e-06,7.869011e-05,4.813119e-04,-8.022302e-01,-2.536286e-01,1.978616e+00
1802,2.795453e-17,1.633709e-05,7.776066e-05,4.958145e-04,-2.227644e-02,-1.455787e+00,8.846598e+00
1803,8.431615e-17,9.805760e-06,8.999122e-05,4.814469e-04,-2.342785e+00,7.033451e-01,6.790094e+00
1804,5.841710e-18,2.195885e-05,8.530762e-05,5.004274e-04,2.854965e-01,-3.405523e-02,7.360131e+00
1805,1.598083e-18,2.660292e-09,7.656230e-05,4.892321e-04,9.469678e-02,1.610719e+00,7.205273e+00
1806,4.070985e-17,2.397314e-05,1.020818e-04,4.925496e-04,-3.652199e-01,-5.260547e-02,1.136204e+00
1807,3.106527e-18,1.013544e-08,8.049791e-05,4.826022e-04,-3.426973e-01,1.821685e+00,3.197437e+00
1808,2.388476e-18,8.593210e-06,7.813934e-05,4.880697e-04,1.884419e-01,-5.270504e-01,5.587461e+00
1809,3.425328e-18,1.406536e-05,8.046203e-05,4.818931e-04,-2.864147e+00,-7.349153e-02,2.394982e+00
1810,3.995249e-17,-1.053131e-07,9.961583e-05,4.928163e-04,-2.041403e+00,1.012942e+00,2.957557e+00
1811,5.568803e-18,2.346197e-06,9.410808e-05,4.874457e-04,8.359754e-03,2.293749e+00,2.173943e+00
1812,1.368863e-18,1.875463e-05,9.062622e-05,4.830496e-04,2.219359e-01,1.644512e-01,2.234751e+00
1813,5.809625e-19,1.557663e-05,8.085699e-05,4.838205e-04,-1.328224e+00,-6.972195e-01,5.536320e-01
1814,2.432086e-18,2.460883e-05,7.812512e-05,4.886045e-04,7.520333e-02,1.377044e-02,3.230131e+00
1815,2.902221e-18,2.460909e-05,9.218515e-05,4.899721e-04,4.151425e-02,-3.906399e-02,3.311265e+00
1816,1.080945e-18,-1.718668e-05,1.007689e-04,4.814937e-04,2.254301e-03,1.480060e-01,-4.612690e+00
1817,1.441998e-18,-1.405680e-05,9.375459e-05,4.978584e-04,-1.511030e-01,-1.036106e-01,1.966204e+00
1818,1.125566e-18,-7.813796e-06,9.923156e-05,4.830280e-04,2.022753e-02,-9.114015e-02,-1.862037e+00
1819,1.370377e-17,-1.163505e-05,9.670982e-05,4.910299e-04,3.992634e-01,-9.195784e-01,1.428091e+01
1820,7.278344e-19,-9.767745e-06,8.207721e-05,4.993943e-04,-9.078027e-01,1.910779e-01,1.227806e+01
1821,2.282727e-18,-1.166714e-05,7.968639e-05,4.990847e-04,1.296244e+00,7.736575e-01,1.211027e+01
1822,2.899001e-17,-1.541327e-05,9.143319e-05,4.887855e-04,-1.429347e+00,-7.416052e-01,8.145149e+00
1823,3.747693e-18,-1.096189e-05,8.674244e-05,4.841134e-04,-3.352796e-02,-5.735459e-02,6.320221e+00
1824,9.272790e-19,-1.159385e-05,9.825891e-05,4.791305e-04,-1.492495e+00,1.172012e+00,5.490111e+00
1825,6.635626e-18,-1.175400e-05,9.683298e-05,4.844227e-04,2.302550e-01,4.864762e-01,1.082758e+01
1826,1.785756e-17,-1.177917e-05,8.593913e-05,4.947367e-04,3.637457e-02,-1.706372e-01,9.069055e+00
1827,2.956442e-18,-8.604309e-06,8.906224e-05,4.974300e-04,-1.799711e-01,-9.733653e-02,2.983707e+00
1828,8.458734e-19,-9.767823e-06,8.187977e-05,4.926534e-04,-2.072643e-01,6.084242e-01,9.453829e+00
1829,1.026854e-18,-1.014297e-05,9.294193e-05,4.970626e-04,1.767961e-01,-1.431438e-01,2.669778e+00
1830,2.476039e-19,-1.289284e-05,9.101665e-05,4.822565e-04,7.847734e-01,9.535773e-01,6.754498e+00
1831,1.725650e-17,-2.421323e-05,1.021291e-04,4.989566e-04,-3.955073e-02,2.161218e-02,1.532796e+00
1832,2.377212e-17,-2.409183e-05,9.740979e-05,4.948596e-04,-2.291417e-03,1.109843e-01,1.640398e+00
1833,1.858890e-18,-2.461031e-05,9.687451e-05,4.857643e-04,-3.414750e-02,-7.728809e-02,3.060527e+00
1834,2.041472e-17,-2.414521e-05,8.483621e-05,4.886082e-04,-2.437885e-02,2.286206e-02,1.332402e+00
1835,1.304165e-17,-2.426244e-05,8.961725e-05,4.983241e-04,-2.895643e-02,1.134352e-03,1.599252e+00
1836,3.489497e-17,2.111981e-05,-1.174477e-05,5.142903e-04,-7.672129e-01,-1.256192e+00,2.270024e+01
1837,1.302018e-16,-1.112762e-06,-3.982912e-06,5.451724e-04,-7.816712e-01,2.301779e+00,1.339951e+01
1838,4.979510e-17,1.416531e-05,-1.470298e-05,5.107905e-04,7.052047e-01,8.660611e-01,2.890997e+00
1839,3.093177e-17,2.468464e-05,-1.867825e-05,5.100316e-04,7.485148e-01,-1.450467e+00,1.384853e+01
1840,4.893020e-18,7.024373e-06,-2.499577e-05,5.160688e-04,1.559160e-02,-2.921540e-03,9.348780e+00
1841,1.160734e-17,1.748667e-05,-2.240308e-05,5.146675e-04,-7.076871e-01,9.249942e-01,8.491522e+00
1842,2.684099e-18,2.270798e-05,-1.248647e-05,5.104991e-04,6.398942e-01,-2.448507e+00,2.406912e+01
1843,1.057624e-16,8.035655e-06,-3.742578e-06,5.163906e-04,-6.341701e-01,2.706551e-01,5.344787e+00
1844,1.115534e-17,1.269000e-05,-1.682338e-05,5.145360e-04,7.650426e-01,4.507186e+00,3.887967e+00
1845,7.958111e-18,6.639204e-06,-2.499903e-05,5.055297e-04,-7.608015e-02,-2.431841e-02,7.801029e+00
1846,3.044214e-18,1.952654e-05,-1.725739e-05,5.261792e-04,8.083388e-03,1.302245e-01,7.282107e+00
1847,5.273414e-18,7.809028e-06,-1.406243e-05,5.214601e-04,-1.082175e-01,-3.195546e-03,8.433206e+00
1848,5.138856e-17,1.010885e-05,-1.741643e-05,5.265441e-04,1.107014e-01,3.793794e-01,4.138748e+00
1849,3.078527e-17,3.876096e-06,1.313290e-06,5.165918e-04,-6.425794e-01,-6.807762e-01,2.022698e+00
1850,1.332503e-18,2.343622e-06,-2.031943e-05,5.085130e-04,-8.151207e-02,-1.704458e-01,6.129618e+00
1851,2.719993e-18,1.952084e-05,-1.718789e-05,5.105511e-04,-5.574048e-01,2.411373e-01,3.653018e+00
1852,3.216997e-18,2.111786e-05,-1.252362e-05,5.180781e-04,2.304682e-01,1.678224e-01,4.965707e+00
1853,4.967564e-18,1.093752e-05,6.550763e-10,5.259673e-04,-1.356043e-01,4.299259e-02,1.772099e+00
1854,3.482182e-18,2.421922e-05,-3.910573e-06,5.478991e-04,4.050587e-01,-1.235684e-01,7.829528e+00
1855,5.316536e-17,2.502110e-05,-3.653567e-06,5.479864e-04,3.999310e-01,-1.470410e-01,7.719176e+00
1856,2.898443e-17,9.710238e-07,-1.870050e-05,5.394611e-04,-5.610839e-01,3.480041e-02,1.419528e+01
1857,2.140671e-18,2.442414e-06,-2.030612e-05,5.287262e-04,1.539040e-01,-2.547930e-01,1.591329e+01
1858,3.469134e-17,2.122088e-05,-1.281514e-05,5.333398e-04,1.670460e-01,7.577258e-01,7.083831e+00
1859,2.545614e-17,3.070866e-06,-1.461024e-05,5.466456e-04,1.235256e+00,-1.236798e+00,4.041402e+00
1860,9.392055e-18,1.636390e-05,-5.270508e-07,5.408694e-04,-7.692444e-01,5.742714e-02,6.541698e+00
1861,4.689287e-17,2.693073e-05,-5.141485e-06,5.288921e-04,-9.516697e-02,-7.616280e-01,4.644116e+00
1862,5.121555e-17,1.311048e-05,-8.080206e-06,5.428887e-04,-5.064358e-01,1.001120e+00,3.858593e+00
1863,1.836661e-18,1.957407e-05,4.725509e-08,5.350761e-04,-7.883952e-02,-2.567635e-02,3.434999e+00
1864,1.260109e-18,9.371722e-06,-5.450144e-06,5.389732e-04,-1.287102e-01,-1.301543e-01,-1.945775e+00
1865,4.279648e-18,1.719257e-05,-2.343803e-05,5.418416e-04,-3.469238e-01,4.848696e-02,1.173224e+00
1866,1.571719e-18,8.467064e-06,-9.389184e-06,5.423953e-04,-8.376531e-01,-2.268433e-02,-6.459396e-01
1867,2.261512e-18,7.808591e-07,-9.373437e-06,5.479101e-04,1.965906e-02,-1.448504e-02,1.331735e+00
1868,2.216558e-19,9.766325e-06,-5.073918e-06,5.468363e-04,1.283293e-01,-2.305293e-01,1.806940e+00
1869,2.028478e-17,3.251838e-05,-8.553704e-06,5.263489e-04,3.869822e+00,4.101043e+00,2.709549e+01
1870,7.184709e-17,3.898538e-05,-1.523665e-05,5.379488e-04,-4.207244e-01,-2.711920e-01,1.687773e+01
1871,7.383720e-18,2.656242e-05,-8.100741e-06,5.204998e-04,2.970698e-01,3.922513e+00,2.629668e+01
1872,1.926050e-17,4.157264e-05,1.481573e-06,5.126924e-04,-2.639717e-01,1.112799e+00,2.680935e+00
1873,1.503479e-17,4.753726e-05,-2.093339e-05,5.056420e-04,7.648437e-01,-1.490008e+00,1.749759e+01
1874,2.224439e-18,3.278737e-05,-6.241533e-06,5.120190e-04,1.524130e-01,6.287631e-01,4.773463e-01
1875,8.511679e-18,4.609868e-05,-1.249848e-05,5.211366e-04,2.409242e-01,2.879404e-01,1.954927e+01
1876,4.426000e-18,3.671654e-05,-7.806621e-06,5.123288e-04,-1.923338e-02,5.163664e-01,6.057039e-01
1877,9.910805e-18,4.705923e-05,-1.249918e-05,5.071752e-04,5.726271e-01,5.486050e-02,1.387707e+01
1878,1.127417e-17,3.411958e-05,-2.864988e-06,5.096982e-04,-5.595711e-01,1.867895e-01,5.428431e+00
1879,8.297112e-17,3.405156e-05,-2.744948e-06,5.095984e-04,-6.522525e-01,3.663496e-01,5.417075e+00
1880,4.049077e-18,3.910189e-05,-1.097092e-05,5.276702e-04,-4.492783e-01,3.477309e-01,9.198363e+00
1881,1.045179e-18,2.732255e-05,-1.329175e-05,5.154294e-04,-5.500700e-02,1.051586e+00,4.439572e+00
1882,2.849623e-18,2.812864e-05,-1.332651e-05,5.211197e-04,-2.124634e-01,9.991901e-01,2.805079e+00
1883,1.245366e-18,3.672751e-05,-2.347142e-06,5.184369e-04,-4.501947e-02,2.498552e-02,2.136274e+00
1884,2.931031e-18,3.985084e-05,-1.953490e-05,5.181444e-04,-5.171606e-02,1.389167e-02,-1.841435e-01
1885,2.637510e-18,4.609339e-05,-1.326587e-05,5.278820e-04,-6.152156e-02,-6.824182e-02,1.950784e+01
1886,4.894219e-18,2.802914e-05,-1.082515e-05,5.497588e-04,-2.807645e-01,6.949153e-01,1.484572e+01
1887,3.447232e-18,4.065296e-05,-1.096647e-05,5.451100e-04,1.090598e-01,6.026900e-02,1.239920e+01
1888,9.405144e-19,3.358564e-05,-1.796620e-05,5.491537e-04,1.568563e-02,-5.035259e-02,3.817619e+00
1889,1.265031e-16,5.980100e-06,-3.133892e-05,5.067257e-04,-9.174909e-01,1.859526e+00,1.136974e+01
1890,4.699241e-17,1.192424e-05,-4.388106e-05,5.043958e-04,-3.950420e-01,-1.943266e+00,4.523918e+00
1891,2.258247e-17,3.219131e-06,-5.069136e-05,5.150252e-04,-2.435833e+00,7.842723e-01,2.062974e+01
1892,5.196554e-18,7.833951e-06,-5.078058e-05,5.032340e-04,8.170593e-01,-2.456904e-01,1.800239e+01
1893,1.702245e-18,5.603056e-06,-5.053323e-05,5.029626e-04,2.897502e+00,5.742771e-01,1.063490e+01
1894,7.574665e-18,1.718883e-05,-4.753476e-05,5.132805e-04,-5.719708e-01,3.532994e+00,5.595015e+00
1895,2.914034e-18,7.821530e-06,-3.827538e-05,5.052317e-04,-2.709013e-01,9.053503e-01,3.400824e+00
1896,1.244535e-16,-1.011708e-05,-1.913373e-06,5.354041e-04,-1.536666e-01,4.356467e-01,6.341152e+00
1897,2.539619e-18,-9.345627e-06,-1.718300e-05,5.407774e-04,-5.169396e-01,-4.667704e-01,1.161568e+01
1898,8.910015e-17,-1.665195e-05,-6.172282e-06,5.393273e-04,-1.947205e-01,-7.112228e-02,4.273688e+00
1899,2.397138e-18,-1.423187e-05,-1.017333e-05,5.361838e-04,-9.555621e-01,-4.007936e-01,5.957439e+00
1900,4.956555e-18,-1.019640e-05,-1.954567e-05,5.332500e-04,1.693100e+00,6.842383e-02,4.169453e+00
1901,1.243366e-18,-1.874593e-05,-1.874784e-05,5.383132e-04,1.493255e-01,1.381579e-01,1.784010e+00
1902,1.359323e-17,6.606785e-05,1.091425e-05,5.173203e-04,-7.679705e+00,2.193162e-01,3.852789e+01
1903,2.744189e-17,6.271317e-05,1.168968e-05,5.248712e-04,-9.852537e+00,2.342685e+00,3.946360e+01
1904,2.507334e-18,7.187537e-05,1.483751e-05,5.090800e-04,3.784374e-02,1.443422e+00,1.906267e+00
1905,4.554863e-17,7.179797e-05,-1.128341e-06,5.131638e-04,-6.450317e-02,1.616138e+00,1.264942e+01
1906,2.834627e-17,6.791552e-05,1.777364e-05,5.109548e-04,-2.374180e-01,9.640999e-02,1.165746e+01
1907,5.750311e-17,5.570465e-05,3.297358e-06,5.164959e-04,1.412043e+00,1.806683e-01,9.255511e+00
1908,7.081097e-18,7.187425e-05,6.413474e-06,5.201289e-04,-1.228437e-01,-1.155955e+00,8.112858e+00
1909,7.703346e-17,5.543341e-05,1.743022e-05,5.298072e-04,-2.885257e-01,-2.252670e-01,5.632497e+00
1910,3.072496e-18,5.000218e-05,1.718000e-05,5.196447e-04,1.253090e-03,-7.804865e-02,2.982046e+00
1911,3.280004e-17,7.375970e-05,5.836330e-06,5.288757e-04,-2.147610e+00,-6.281629e-01,1.050600e+01
1912,1.482037e-18,6.757240e-05,1.008333e-05,5.097929e-04,-6.331398e+00,3.226652e-01,3.245749e+01
1913,4.936565e-18,7.187126e-05,1.216168e-05,5.044164e-04,6.388700e-01,-1.828339e-01,2.389566e+00
1914,2.557446e-16,5.540274e-05,-8.144063e-06,5.421858e-04,2.993841e-01,-1.609711e+00,1.815047e+01
1915,6.163718e-17,6.660883e-05,2.584286e-06,5.460788e-04,2.719746e+00,1.796496e-01,1.430611e+01
1916,1.988123e-17,6.426352e-05,1.324058e-05,5.324992e-04,2.469299e+00,8.633306e-01,1.046925e+01
1917,3.780861e-18,6.875146e-05,1.718928e-05,5.384924e-04,2.699365e-02,-8.063132e-02,4.183762e+00
1918,5.479085e-18,7.184942e-05,1.481184e-05,5.486187e-04,5.433720e-01,-1.748419e-01,9.049426e+00
1919,7.658318e-19,7.359455e-05,1.647880e-05,5.498383e-04,-1.206403e+00,5.215098e-02,1.523304e+01
1920,1.529883e-18,4.999929e-05,1.797255e-05,5.390868e-04,6.410012e-03,7.898916e-02,6.533532e-01
1921,9.520238e-19,5.000447e-05,1.797222e-05,5.340599e-04,2.633469e-03,-3.114884e-02,7.115873e-01
1922,1.713358e-18,7.187493e-05,-1.261263e-05,5.417706e-04,1.003081e-01,-3.130481e-02,6.625094e+00
1923,4.083428e-18,5.309151e-05,-8.090118e-06,5.322707e-04,-8.993159e-01,-3.401935e-01,1.724514e+01
1924,2.240238e-19,7.460578e-05,-8.209979e-06,5.304191e-04,-1.902113e-01,-1.951732e-01,7.750035e+00
1925,3.077406e-18,5.937336e-05,-1.719032e-05,5.344728e-04,-5.600119e-02,-1.726556e-01,4.850369e+00
1926,4.875999e-18,5.937222e-05,-1.718780e-05,5.398828e-04,-7.695728e-02,-2.232418e-01,3.815657e+00
1927,2.740282e-18,6.249852e-05,-1.406970e-05,5.416440e-04,8.391837e-04,-1.408194e-01,9.531431e-01
1928,3.743639e-17,6.471606e-05,-1.157150e-05,5.100744e-04,2.173376e-01,-1.240601e-01,3.274671e+00
1929,1.149380e-16,7.005543e-05,-9.196429e-06,5.087041e-04,5.672053e-01,4.591051e-01,9.656181e+00
1930,4.343516e-17,5.448017e-05,-5.870489e-06,5.225556e-04,-9.661245e-02,-2.223443e-01,1.393202e+01
1931,1.564795e-17,5.625186e-05,-2.160574e-06,5.172155e-04,4.478211e-02,4.795345e-02,1.104444e+01
1932,4.041716e-18,7.342489e-05,-3.919564e-06,5.062369e-04,-3.517712e-02,4.020646e-01,9.621915e+00
1933,1.851902e-18,5.227034e-05,-1.606775e-06,5.115220e-04,-3.787373e-02,1.051653e+00,9.401384e+00
1934,3.980396e-17,6.993971e-05,-6.330588e-06,5.198543e-04,3.498931e-01,1.291145e-01,7.133987e+00
1935,1.012582e-18,6.172327e-05,-7.034871e-06,5.154753e-04,3.425104e-02,-7.398162e-02,3.707703e+00
1936,3.397104e-17,4.280404e-05,1.678080e-05,5.303499e-04,9.137397e-01,1.093483e+00,1.714312e+01
1937,2.576384e-17,2.287115e-05,1.639167e-05,5.400544e-04,3.775548e-02,-4.170869e-01,7.817138e+00
1938,6.535869e-17,3.493187e-05,1.187948e-05,5.323283e-04,-5.117993e-01,1.559928e-01,7.160782e+00
1939,1.952342e-17,2.997167e-05,1.557909e-05,5.423620e-04,-2.835542e-01,4.338951e-01,7.934345e+00
1940,4.623488e-18,2.889514e-05,1.875021e-05,5.469093e-04,2.243756e-01,9.012415e-02,5.443109e+00
1941,1.860847e-17,4.159669e-05,8.102638e-06,5.423511e-04,9.255375e-01,-8.347169e-01,4.344291e+00
1942,9.499728e-18,4.209828e-05,2.411522e-05,5.493054e-04,-4.245307e-01,1.063460e+01,1.268964e+01
1943,7.646364e-17,2.963387e-05,1.239180e-05,5.165102e-04,-1.178498e+00,-4.883196e-01,5.322664e+00
1944,1.874753e-17,3.667736e-05,8.916495e-06,5.152065e-04,-2.686160e+00,-1.539800e-01,1.394690e+01
1945,2.704157e-18,2.577653e-05,1.968531e-05,5.184601e-04,-2.518364e-01,1.772078e+00,2.289848e+00
1946,1.884242e-18,4.036282e-05,9.484227e-06,5.106489e-04,-1.554024e+00,3.560174e-01,1.411469e+01
1947,5.069485e-18,4.063482e-05,1.329016e-05,5.200159e-04,2.557323e-01,5.115563e-02,1.507703e+01
1948,1.017038e-17,4.394592e-05,8.595146e-06,5.219653e-04,-3.743375e-01,-9.361229e-02,6.561928e+00
1949,3.788427e-18,2.439795e-05,8.574745e-06,5.088602e-04,-1.546941e+00,7.838192e-02,4.761656e+00
1950,1.328846e-18,3.210390e-05,8.667152e-06,5.228748e-04,1.290065e-02,-7.595783e-02,2.494859e+00
1951,2.604003e-18,3.838409e-05,3.939734e-06,5.259489e-04,-2.196966e-02,2.430952e-02,1.457432e+00
1952,2.678777e-18,8.029589e-05,4.679374e-06,5.199474e-04,-1.879370e+00,-6.161461e-01,8.608771e+00
1953,5.000114e-19,9.452989e-05,1.172480e-06,5.047580e-04,1.434752e-01,-4.382629e-01,7.892220e+00
1954,2.673007e-18,8.906460e-05,1.328394e-05,5.167159e-04,1.005083e-01,-4.140136e-01,5.574802e+00
1955,1.436178e-17,9.300862e-05,1.138152e-05,5.269190e-04,1.010346e-01,-2.759227e-01,6.451614e+00
1956,1.561505e-18,8.437293e-05,9.373043e-06,5.215237e-04,6.275622e-02,1.935113e-02,1.955430e+00
1957,3.944959e-18,1.089870e-05,-1.210395e-04,4.846895e-04,-3.302722e-02,3.157498e-01,2.725424e-01
1958,2.831035e-17,2.404717e-05,-1.214189e-04,4.991308e-04,7.395140e-03,-3.807745e-02,1.182853e+00
1959,3.031747e-18,1.799261e-05,-1.116982e-04,4.958913e-04,7.360339e-01,-1.677870e+00,-2.093808e+00
1960,9.818955e-18,1.171293e-05,-1.076575e-04,4.910564e-04,7.087987e-02,-1.573526e-01,8.599849e+00
1961,2.476784e-17,7.020878e-06,-1.076909e-04,4.828961e-04,-1.024478e-01,-2.980770e-01,2.548775e+00
1962,9.933101e-19,2.926182e-06,-1.116168e-04,4.946921e-04,-4.312218e-01,8.736659e-02,4.145071e+00
1963,3.830835e-18,2.460940e-05,-1.117169e-04,4.898644e-04,2.128653e-02,1.785398e-02,3.183435e+00
1964,7.058250e-17,3.390682e-06,-8.865759e-05,5.192213e-04,7.420709e-01,5.775937e-01,6.624170e+00
1965,2.430210e-18,1.015328e-05,-9.765273e-05,5.089251e-04,1.370716e-02,-1.399076e-01,9.048239e-01
1966,5.539852e-18,9.961086e-06,-8.982358e-05,5.062738e-04,1.163178e-01,-2.145010e-01,3.637217e+00
1967,3.366185e-17,2.958318e-06,-7.435957e-05,5.080336e-04,-1.362139e-01,-1.365579e-01,1.133632e+01
1968,1.635630e-18,3.119607e-06,-7.578654e-05,5.237594e-04,6.055070e-01,7.405690e-01,1.445439e+01
1969,2.484250e-18,1.169362e-05,-8.048352e-05,5.196593e-04,-1.827805e-01,-2.036259e-01,9.809981e+00
1970,2.721828e-18,1.171266e-05,-8.749926e-05,5.256830e-04,1.159429e-02,4.592914e-03,8.332473e+00
1971,1.014991e-18,1.171586e-05,-8.048102e-05,5.101670e-04,3.122704e-01,-2.328423e-01,5.039420e+00
1972,1.415000e-18,5.455831e-06,-9.765532e-05,5.154145e-04,-9.832952e-02,2.121136e-02,4.238406e+00
1973,3.982916e-18,6.281054e-06,-9.066327e-05,5.223931e-04,-7.774017e-02,1.062238e-01,2.794463e+00
1974,2.598824e-18,5.469977e-06,-9.766118e-05,5.021314e-04,1.242015e-01,-1.079642e-01,2.028824e+00
1975,2.974320e-18,2.110009e-05,-8.047860e-05,5.143812e-04,1.014424e-01,-3.917456e-01,-7.339708e-01
1976,1.758260e-18,1.171700e-05,-1.078145e-04,4.767956e-04,4.631932e-01,-4.474319e-01,2.794561e-01
1977,1.107930e-18,2.371262e-06,-7.423009e-05,4.884632e-04,4.187813e-01,4.995618e-01,3.682158e+00
1978,2.740442e-17,2.414840e-05,-7.257333e-05,4.853239e-04,-3.216597e-01,3.365739e-01,1.872287e+00
1979,2.841548e-17,1.647588e-05,-9.288377e-05,4.830596e-04,1.279215e+00,-3.097825e-01,2.494159e-01
1980,1.921741e-17,1.622031e-05,-7.863877e-05,4.879165e-04,-4.503408e-01,1.914564e+00,4.264749e+00
1981,3.424685e-18,5.468791e-06,-9.430583e-05,4.843344e-04,-2.855663e-02,5.911333e-01,1.157064e+00
1982,7.474000e-19,8.731395e-06,-8.190074e-05,4.838110e-04,-1.234355e-01,2.299565e-01,3.236516e+00
1983,2.236565e-18,2.460968e-05,-8.984467e-05,4.861077e-04,-8.071002e-02,-7.101259e-02,2.826237e+00
1984,1.904263e-17,1.655125e-05,-7.331990e-05,4.837108e-04,6.824771e-01,-1.951658e+00,8.452957e+00
1985,7.035475e-17,1.309685e-05,-8.191672e-05,4.978772e-04,1.022523e+00,-1.047935e+00,5.381698e+00
1986,1.457253e-18,1.007949e-05,-8.194919e-05,4.901861e-04,3.604045e-01,-1.272028e+00,6.250511e+00
1987,2.592284e-17,2.407265e-05,-8.750171e-05,4.947640e-04,-2.641741e-01,2.295983e-02,2.109142e+00
1988,1.165692e-18,5.478781e-06,-9.764920e-05,4.939246e-04,7.890295e-02,3.920256e-01,1.827148e+00
1989,3.173985e-18,1.172438e-05,-8.749802e-05,4.989830e-04,-5.296784e-01,1.167134e-01,2.890200e+00
1990,3.271674e-17,1.045582e-05,1.080444e-04,4.798340e-04,5.191810e-01,1.383016e-01,1.812402e+00
1991,9.567574e-19,1.622154e-05,1.082028e-04,4.725313e-04,1.968680e-01,3.209720e-01,2.177690e+00
1992,1.372997e-18,1.407536e-05,1.148778e-04,4.736695e-04,-1.908764e-01,2.511614e-01,-5.145663e-01
1993,1.209144e-18,-8.984041e-06,1.226217e-04,4.771695e-04,-5.438949e-01,3.581906e-01,3.057475e+00
1994,8.821401e-19,-8.203680e-06,1.225094e-04,4.788710e-04,1.027214e+00,1.910223e-01,6.476814e+00
1995,7.613112e-19,-3.085328e-06,1.167970e-04,4.728736e-04,5.239381e-01,-3.371176e+00,-2.075759e+00
1996,2.439279e-17,1.652852e-05,1.517091e-04,4.757606e-04,9.072120e-01,-1.496258e+00,-1.220727e+00
1997,2.214845e-17,-9.382920e-06,1.518184e-04,4.657124e-04,8.488193e-02,3.241999e+00,5.019849e+00
1998,2.001570e-17,8.286167e-06,1.433534e-04,4.758312e-04,-3.281926e+00,-5.824204e-01,-6.862162e-01
1999,3.260745e-17,6.949871e-06,1.506996e-04,4.800069e-04,-1.210469e+00,4.380424e-01,4.575690e+00
2000,1.834123e-18,8.414628e-07,1.500465e-04,4.783385e-04,1.053927e+00,-3.025259e-01,3.924661e+00
2001,2.178718e-18,7.602784e-07,1.500212e-04,4.755052e-04,-2.361633e+00,3.945913e-01,-3.882878e-02
2002,1.119386e-17,-8.832294e-06,1.456146e-04,4.780729e-04,7.170438e-01,-2.833755e+00,-4.071156e+00
2003,3.010738e-18,-1.093304e-05,1.398405e-04,4.771726e-04,-2.125299e-01,-2.010049e-01,2.146804e+00
2004,1.757548e-17,8.953239e-05,3.440386e-06,5.322555e-04,-2.804961e+00,3.471313e+00,1.340784e+01
2005,2.965197e-17,9.563526e-05,5.732958e-06,5.389176e-04,-1.362881e-02,3.355191e-01,9.134715e+00
2006,5.084010e-18,8.593217e-05,7.032681e-06,5.426466e-04,5.892200e-02,1.024621e+00,9.026569e+00
2007,3.591255e-18,1.007797e-04,8.599367e-06,5.311186e-04,-1.228985e-01,3.316557e-02,5.581800e+00
2008,1.705108e-17,1.013235e-04,1.282814e-05,5.487967e-04,-7.657967e-01,-6.430457e-01,6.789448e+00
2009,4.190990e-18,8.593884e-05,1.484160e-05,5.375990e-04,-1.339500e-01,-4.273071e-02,6.426280e+00
2010,2.727477e-18,8.360736e-05,1.579095e-06,5.343344e-04,1.326602e-01,1.822843e-01,3.812923e+00
2011,2.984252e-18,9.296182e-05,1.250221e-05,5.315075e-04,8.981449e-03,5.700660e-01,3.602400e+00
2012,2.387506e-18,8.984023e-05,9.390020e-06,5.458171e-04,-6.472162e-01,-3.604722e-01,5.527559e-02
2013,1.134981e-18,9.297747e-05,1.250565e-05,5.483772e-04,-2.089423e-01,-1.082233e-02,2.702441e+00
2014,9.553781e-19,9.765471e-05,1.095100e-05,5.347539e-04,1.400117e-01,8.394248e-03,3.742689e+00
2015,4.334447e-16,1.195495e-04,2.581312e-07,5.145877e-04,4.302107e-01,-1.149471e-01,9.428355e+00
2016,1.396523e-16,1.077708e-04,-3.622958e-07,5.245511e-04,1.155892e+00,-2.405885e-01,7.450972e+00
2017,2.979298e-16,1.076146e-04,-5.543893e-07,5.250923e-04,3.971300e-01,5.225879e-01,7.205567e+00
2018,7.678359e-18,1.031254e-04,-4.023347e-07,5.116012e-04,3.524052e-02,1.606121e+00,7.148461e+00
2019,2.622005e-18,1.124994e-04,6.699772e-12,5.407731e-04,5.780164e-03,-8.086326e-03,5.652692e+00
2020,3.827145e-18,1.124984e-04,-7.432973e-11,5.381755e-04,-1.407325e-02,-1.362067e-02,5.466596e+00
2021,2.316328e-17,1.202968e-04,-1.643472e-05,5.143856e-04,-2.211450e+00,-2.743620e+00,3.257107e+01
2022,2.914551e-17,1.177395e-04,-8.877101e-06,5.429589e-04,-5.381494e+00,-2.197038e-01,1.288643e+01
2023,2.418453e-18,1.149252e-04,-1.239650e-05,5.381153e-04,-3.585980e-01,-2.169125e+00,1.798296e+01
2024,2.437761e-17,1.148981e-04,-4.858980e-06,5.365209e-04,-1.820842e-01,-2.289190e+00,1.446937e+01
2025,9.503898e-18,1.104117e-04,-1.913963e-05,5.493721e-04,-1.262536e+00,7.649057e-01,1.190703e+01
2026,1.349448e-18,1.219074e-04,-1.486879e-05,5.086598e-04,2.905647e-02,-6.515369e-01,2.749678e+01
2027,5.558364e-18,1.148780e-04,-5.661500e-06,5.251886e-04,3.027790e-02,1.032123e+00,1.576468e+01
2028,4.848328e-18,1.220367e-04,-1.326789e-05,5.054617e-04,-7.332023e-01,2.075703e+00,2.674562e+01
2029,8.058970e-19,1.139201e-04,-5.307330e-06,5.147022e-04,8.306099e-01,-7.360604e-01,9.451621e+00
2030,3.343167e-18,1.031244e-04,-5.462118e-06,5.104882e-04,4.930285e-01,2.228583e-01,6.210780e+00
2031,4.800364e-17,1.093515e-04,-1.249342e-05,5.222960e-04,-8.204343e-01,-2.515495e-01,4.660239e+00
2032,2.618288e-18,1.055142e-04,-7.080923e-06,5.136867e-04,-5.609419e-02,2.053619e-01,5.800146e+00
2033,3.643101e-18,1.148404e-04,-1.796449e-05,5.246488e-04,-3.266300e-02,2.170735e-01,4.036953e+00
2034,5.291054e-17,8.619994e-05,-7.684812e-06,5.373208e-04,7.117435e-01,-8.497084e-01,1.279251e+01
2035,2.269157e-18,7.890447e-05,-1.960238e-05,5.416589e-04,-2.307405e-02,8.518847e-01,1.591155e+01
2036,1.412494e-17,8.414856e-05,-2.150082e-05,5.479045e-04,-3.559672e+00,-9.660456e-02,1.007140e+01
2037,1.452640e-16,9.510293e-05,-5.662990e-06,5.388384e-04,3.522347e-01,-3.869973e-01,4.067026e+00
2038,4.530765e-18,8.358599e-05,-1.875479e-05,5.420042e-04,6.983106e-03,-7.904424e-02,4.923943e+00
2039,4.943183e-17,1.119875e-04,6.261290e-06,5.214934e-04,-8.315084e-01,-5.028787e-01,4.277909e+00
2040,4.521677e-18,1.203183e-04,1.874909e-05,5.462544e-04,-1.089126e-01,5.182337e-01,2.732682e+01
2041,2.725192e-18,1.195312e-04,1.874864e-05,5.408668e-04,-3.812299e-01,-1.556168e-01,2.543801e+01
2042,3.090980e-18,1.195181e-04,1.873549e-05,5.337640e-04,-3.130086e-01,5.034115e-01,2.233300e+01
2043,2.720777e-17,1.079066e-04,6.990695e-06,5.426057e-04,1.308823e+00,-5.184487e-01,8.636366e+00
2044,3.129627e-17,1.123300e-04,1.036223e-05,5.373867e-04,3.989492e-01,-5.326891e-01,6.711590e+00
2045,4.698876e-17,1.080673e-04,1.901582e-05,5.253667e-04,1.756883e-01,5.855648e-02,4.403124e+00
2046,2.234442e-18,1.187675e-04,2.186265e-05,5.466875e-04,4.050160e-01,1.663844e-01,1.482585e+00
2047,2.519958e-18,1.195210e-04,1.554105e-06,5.457301e-04,-3.383379e-01,-2.568068e-01,4.028701e-01
2048,3.871171e-17,1.181906e-04,1.563155e-05,5.212873e-04,-5.231844e-01,-3.610329e-01,1.334726e+01
2049,5.176322e-18,1.195366e-04,1.875652e-05,5.177917e-04,5.198307e-01,-6.985177e-01,1.745365e+01
2050,1.798272e-17,1.040615e-04,9.916013e-06,5.226820e-04,-4.166287e-01,-1.623945e+00,9.368665e+00
2051,7.827816e-19,1.201868e-04,1.468816e-05,5.063659e-04,1.164902e-01,4.777320e-01,7.932523e+00
2052,6.626556e-18,1.148160e-04,7.941735e-06,5.156388e-04,-6.472708e-02,-1.567767e-01,9.344263e+00
2053,2.512246e-18,1.070242e-04,8.597043e-06,5.264064e-04,-2.067846e-01,6.546485e-02,6.399807e+00
2054,7.769388e-19,1.045541e-04,1.577694e-05,5.109438e-04,1.362475e-01,-4.635718e-01,3.299984e+00
2055,1.752888e-17,1.736760e-04,1.687096e-05,4.763731e-04,7.448112e-01,3.543887e+00,-1.615147e+00
2056,4.173141e-18,1.609702e-04,1.799142e-05,4.751402e-04,-5.557329e-01,-1.578055e+00,-9.374109e-02
2057,1.281902e-18,1.656403e-04,1.020218e-05,4.744455e-04,8.302892e-02,-2.009383e+00,-1.076614e+00
2058,1.232843e-18,1.616941e-04,7.661756e-07,4.728722e-04,2.376141e-01,6.299019e-02,-2.654788e+00
2059,5.110848e-18,1.889964e-04,1.171743e-05,4.736920e-04,9.963153e-01,-1.326450e+00,-2.108984e+00
2060,3.997128e-17,1.888488e-04,7.320887e-06,4.648187e-04,-8.858868e-02,9.603143e-01,6.077498e+00
2061,2.247856e-18,1.975562e-04,1.562429e-05,4.785515e-04,1.310235e+00,4.348102e-01,1.492431e+00
2062,1.461145e-18,1.899251e-04,1.024343e-05,4.774007e-04,-6.392344e-01,-1.658001e+00,1.401248e+00
2063,1.326472e-18,1.897984e-04,5.858946e-06,4.771793e-04,-2.751580e-01,-3.582105e-01,-2.033634e+00
2064,3.064825e-16,1.929995e-04,5.909436e-06,4.952961e-04,2.556507e-01,-4.686340e-01,8.702516e+00
2065,1.483501e-16,1.610841e-04,4.420226e-06,4.913724e-04,-1.220893e-01,-3.066385e-01,5.106691e+00
2066,1.636822e-17,1.681628e-04,2.012018e-05,4.799879e-04,-1.078727e+00,-1.032733e-01,2.213767e+00
2067,2.072785e-18,1.718718e-04,1.405914e-05,4.865495e-04,-9.417989e-02,1.221574e-01,-6.433627e-01
2068,1.012609e-18,1.585966e-04,2.461001e-05,4.920253e-04,1.122020e-01,3.380968e-02,3.157675e+00
2069,2.623102e-17,1.541776e-04,2.455302e-06,4.923267e-04,-3.778669e-03,-1.499653e+00,6.026746e+00
2070,3.180566e-17,1.607578e-04,2.081590e-05,4.873118e-04,2.653952e-01,1.205517e+00,6.822106e+00
2071,2.034351e-17,1.655983e-04,1.574059e-05,4.898479e-04,-1.171762e+00,-3.601784e-01,5.839116e+00
2072,7.243241e-18,1.570293e-04,1.015828e-05,4.971268e-04,1.365654e-01,2.621404e-02,4.914440e+00
2073,1.311401e-18,1.570411e-04,1.019015e-05,4.877085e-04,-3.655063e-01,6.711919e-02,4.083130e+00
2074,3.432615e-19,1.613276e-04,1.172535e-06,4.900146e-04,-6.345892e-01,1.439276e+00,1.064722e+01
2075,2.824148e-18,1.554384e-04,7.022401e-06,4.895867e-04,1.775661e-01,-1.689741e+00,1.840425e-01
2076,1.993713e-18,1.609419e-04,1.808543e-05,4.805059e-04,2.419773e-01,1.676560e+00,4.313787e+00
2077,1.010661e-18,1.619240e-04,9.583854e-07,4.857397e-04,-9.108584e-01,2.743395e-01,6.496763e+00
2078,2.744737e-18,1.531315e-04,3.928056e-06,4.803163e-04,1.178561e-01,1.701506e-01,5.644839e-01
2079,3.297019e-18,1.624908e-04,1.172745e-05,4.810482e-04,-3.411857e-03,3.077531e-02,2.208227e+00
2080,1.204235e-18,1.617137e-04,7.880631e-07,4.806730e-04,8.106811e-02,-1.379149e-02,3.573392e+00
2081,1.002691e-17,1.540569e-04,2.428202e-05,4.839124e-04,-7.828249e-02,3.653427e-02,1.697780e+00
2082,2.132612e-17,1.892765e-04,1.387773e-05,5.044046e-04,-1.978701e+00,-7.604571e-01,4.081044e+00
2083,1.404985e-18,1.859354e-04,-2.929865e-09,4.806721e-04,-4.814763e-02,-2.313930e-02,-3.861837e-01
2084,3.613136e-18,1.789164e-04,7.823773e-06,4.810777e-04,5.085555e-01,-3.942016e-01,-1.578875e+00
2085,8.610961e-19,1.771897e-04,1.394660e-05,4.892747e-04,7.259113e-01,-2.545465e-01,4.789580e+00
2086,3.832761e-18,1.890860e-04,8.801808e-06,4.855176e-04,-2.412957e+00,2.751984e-01,8.797051e+00
2087,5.972033e-18,1.929700e-04,1.641404e-05,4.841747e-04,2.028973e-01,3.026638e-01,5.477260e+00
2088,2.104059e-17,1.782184e-04,1.791992e-05,4.907285e-04,8.394108e-03,1.149667e+00,2.787318e+00
2089,3.672892e-18,1.967217e-04,7.699497e-06,4.933576e-04,1.380315e+00,-4.342192e-01,1.723817e+01
2090,1.356950e-18,1.812523e-04,5.453813e-06,4.931458e-04,-2.126451e-01,7.691512e-02,2.487131e+00
2091,3.417144e-18,1.899185e-04,8.434658e-06,4.898412e-04,4.329454e-01,-1.437770e+00,1.157520e+01
2092,8.538386e-18,1.813462e-04,1.067512e-05,4.805052e-04,6.695318e-01,-1.160384e+00,-7.065900e-01
2093,1.537569e-18,1.898819e-04,5.078978e-06,4.883202e-04,1.083953e-01,-5.843634e-01,1.019056e+01
2094,1.844620e-18,1.897891e-04,5.966124e-06,4.825762e-04,-2.438883e-01,6.458657e-01,5.252859e+00
2095,3.400711e-18,1.953978e-04,2.296730e-06,4.885253e-04,1.004643e+00,1.700317e-01,1.343671e+01
2096,4.550288e-18,1.953099e-04,2.342247e-06,4.806439e-04,-1.154226e-01,-1.155013e-01,4.535770e+00
2097,7.915649e-18,1.820382e-04,2.432312e-05,4.853855e-04,-7.382960e-03,9.775152e-02,1.775351e+00
2098,9.246840e-17,-5.634582e-05,-7.859539e-06,4.878916e-04,2.875595e+00,6.986156e-01,7.183212e+00
2099,3.814783e-17,-5.953190e-05,-1.297049e-05,4.951283e-04,2.258057e-01,-3.420100e-01,1.580676e+00
2100,1.957645e-16,-5.956240e-05,-1.298871e-05,4.951577e-04,2.382634e-01,-3.669274e-01,1.504234e+00
2101,3.639632e-17,-6.967813e-05,-6.821767e-06,4.883245e-04,7.702027e-02,4.045485e-01,3.470718e+00
2102,2.342559e-17,-5.133842e-05,-2.243653e-05,4.885680e-04,5.514467e-01,-4.782439e+00,1.371576e+01
2103,1.847500e-17,-6.719997e-05,-1.776511e-05,4.813616e-04,1.379567e+00,-4.255589e-01,7.823788e+00
2104,3.623110e-18,-6.172006e-05,-7.808682e-07,4.962159e-04,4.345569e-02,-5.059134e-02,6.914859e+00
2105,2.816380e-17,-5.139053e-05,-7.685043e-07,4.864752e-04,9.482285e-01,3.728898e+00,4.267530e+00
2106,6.604996e-19,-6.489305e-05,-1.601872e-05,4.838281e-04,-1.729371e-01,1.826273e-01,2.683551e+00
2107,2.807224e-19,-5.195129e-05,-2.149081e-05,4.846184e-04,4.404832e-01,-4.101177e+00,1.422292e+01
2108,1.406034e-18,-5.080248e-05,-1.565554e-06,4.931262e-04,8.985443e-01,8.482903e-05,5.656253e+00
2109,2.278644e-18,-6.015489e-05,-2.461002e-05,4.852849e-04,-1.833398e-01,-1.808160e-02,3.345750e+00
2110,1.337048e-18,-6.331844e-05,-1.946621e-05,4.744665e-04,1.445694e+00,-2.489422e+00,1.613224e+00
2111,2.186328e-18,-6.950721e-05,-1.796667e-05,4.742580e-04,5.909054e-02,4.126470e-02,9.136651e-01
2112,3.951388e-19,-6.992227e-05,-1.757716e-05,4.705439e-04,-2.205704e-01,-1.863584e-01,-2.114656e+00
2113,2.656813e-19,-7.148270e-05,1.679939e-05,4.994283e-04,2.712556e-01,-1.666233e-01,-2.375961e+00
2114,6.166215e-19,-5.632259e-05,1.133046e-05,4.791438e-04,1.146197e+00,-3.148323e-01,3.923964e+00
2115,7.335938e-19,-5.664170e-05,1.797483e-05,4.947506e-04,1.425913e+00,-1.042251e+00,-5.700834e-01
2116,1.680908e-17,-6.215752e-05,1.738310e-05,4.935274e-04,-3.511497e+00,2.358765e-01,1.669427e+01
2117,1.129810e-16,-5.821752e-05,1.153521e-05,4.945950e-04,7.468753e-01,1.292667e-01,1.171541e+01
2118,9.832158e-18,-5.284699e-05,8.524971e-06,4.941124e-04,4.853058e+00,6.799557e-02,1.092176e+01
2119,2.842552e-17,-6.048798e-05,1.653018e-05,4.843846e-04,5.593982e-01,-5.071830e-03,1.180934e+01
2120,8.980961e-19,-5.925182e-05,1.367048e-05,4.796335e-04,-3.553756e+00,-6.237963e-01,7.685479e+00
2121,5.217916e-18,-5.477421e-05,1.709609e-05,4.956193e-04,-1.171441e+00,2.459189e-01,6.031298e+00
2122,2.776595e-18,-5.937321e-05,3.909169e-06,5.005036e-04,2.911071e-02,1.204238e-01,6.616131e+00
2123,3.831891e-19,-5.898749e-05,1.288699e-05,4.783640e-04,-3.751104e-01,-9.234895e-01,6.573422e+00
2124,8.799266e-19,-5.922531e-05,1.445458e-05,4.818049e-04,-2.351893e+00,-1.067900e+00,1.039328e+01
2125,6.044975e-19,-5.898461e-05,1.523547e-05,4.833709e-04,-8.956758e-01,-7.022363e-02,1.204472e+01
2126,3.739807e-18,-6.008346e-05,9.326951e-06,4.809784e-04,-3.856312e-01,-4.598993e-01,4.982896e+00
2127,1.109805e-18,-6.107075e-05,1.054778e-05,4.832885e-04,1.316265e-01,-9.225839e-01,6.986614e+00
2128,4.475809e-18,-5.937443e-05,3.911715e-06,4.969860e-04,-2.172453e-02,5.366809e-02,6.885156e+00
2129,1.709365e-17,-5.937454e-05,3.996900e-06,4.916813e-04,-1.861201e-02,2.842216e-01,7.714190e+00
2130,3.369856e-18,-5.857782e-05,8.611100e-06,4.857365e-04,6.195024e-01,1.508712e+00,6.845634e+00
2131,2.094520e-17,-6.913639e-05,2.418156e-05,4.973537e-04,-1.745362e-02,-3.738504e-02,1.614661e+00
2132,2.831670e-19,-5.820410e-05,8.204184e-06,4.775768e-04,1.997689e+00,-1.554934e+00,-1.467217e+00
2133,1.527124e-17,2.421833e-05,2.320305e-04,4.986574e-04,-1.805970e-01,9.400860e-02,1.646002e+00
2134,6.853172e-17,2.361332e-05,2.320663e-04,4.984161e-04,-2.646778e-01,1.903782e-01,1.331098e+00
2135,6.532242e-17,4.969769e-06,2.296708e-04,4.887085e-04,-1.718817e+00,-4.612378e-01,5.619118e+00
2136,4.586015e-18,1.249733e-05,2.265517e-04,4.979411e-04,5.598971e-01,2.083679e-01,6.555013e-01
2137,1.027484e-16,1.045599e-05,2.319739e-04,4.965209e-04,-7.480534e-01,-1.227788e+00,1.142933e+01
2138,2.811973e-17,1.269446e-05,2.312454e-04,4.915313e-04,-1.162233e+00,-2.543442e+00,1.458713e+01
2139,6.484473e-19,1.563459e-05,2.496104e-04,5.017600e-04,-1.520831e-01,2.835590e-01,7.713528e+00
2140,2.058062e-17,1.625039e-05,2.454633e-04,4.960632e-04,-5.256262e-01,-2.523147e-01,6.170392e+00
2141,4.381192e-17,5.959055e-06,2.364280e-04,4.903352e-04,-2.839467e-01,-8.942369e-01,4.170470e+00
2142,5.331175e-19,8.984966e-06,2.316405e-04,4.826033e-04,-1.151271e+00,5.126512e-01,4.781433e+00
2143,3.656805e-18,1.021650e-05,2.359267e-04,4.874847e-04,-2.647483e-02,9.689442e-01,9.776947e+00
2144,2.488883e-18,1.617977e-06,2.327777e-04,4.835395e-04,-7.678270e-01,7.227337e-01,4.342857e+00
2145,5.445266e-19,8.639591e-06,2.316400e-04,4.799163e-04,-2.095809e-01,1.571312e+00,2.315085e+00
2146,3.637706e-19,1.055008e-05,2.316391e-04,4.861525e-04,1.265435e+00,1.495134e+00,8.599810e+00
2147,2.693003e-18,5.501176e-06,2.273851e-04,4.795536e-04,7.503747e-02,-1.203179e+00,2.550016e+00
2148,2.485314e-19,9.765567e-06,2.316384e-04,4.845931e-04,1.068519e-01,1.635704e-01,7.056774e+00
2149,1.498469e-18,9.952314e-06,2.354846e-04,4.916019e-04,-3.593634e+00,6.399187e-01,1.110707e+01
2150,2.733646e-18,5.472556e-06,2.382692e-04,4.810472e-04,-1.505758e-01,1.983953e-01,2.393998e+00
2151,1.054480e-16,-1.375999e-05,2.427948e-04,4.977907e-04,-1.114862e-01,4.884495e-01,6.493923e+00
2152,3.903446e-17,-2.594789e-06,2.283387e-04,4.918905e-04,-2.856734e+00,-1.289653e+00,4.977914e+00
2153,4.506245e-17,-2.393281e-05,2.422139e-04,4.956650e-04,-8.094618e-03,-5.496609e-02,9.741724e-01
2154,8.319432e-18,-1.638277e-05,2.359870e-04,4.888092e-04,-7.659603e-01,5.620907e-01,1.283743e+00
2155,4.201783e-17,-1.216454e-05,2.285795e-04,4.957091e-04,1.276099e+00,1.771917e-01,1.176984e+01
2156,2.727972e-18,-1.785311e-05,2.496088e-04,5.002721e-04,5.880635e-01,9.835054e-02,1.050480e+01
2157,3.301141e-17,-1.248462e-05,2.372901e-04,4.945927e-04,-1.965454e+00,-1.173806e-03,7.786642e+00
2158,5.423518e-18,-9.800431e-06,2.375000e-04,4.910931e-04,-1.191309e+00,4.363237e-01,9.928057e+00
2159,5.262095e-18,-1.670022e-05,2.496094e-04,4.936480e-04,6.859668e-02,-4.404609e-02,8.165318e+00
2160,1.579780e-17,-1.251348e-05,2.424135e-04,4.889332e-04,-9.743740e-02,-4.195588e-01,7.356286e+00
2161,1.657252e-18,-1.837573e-06,2.328892e-04,4.866119e-04,-8.041944e-01,-6.701538e-03,5.746094e+00
2162,1.011151e-18,-1.342929e-05,2.338005e-04,4.939546e-04,6.245809e-01,1.071617e+00,3.118914e+00
2163,9.640956e-19,-8.428209e-06,2.287784e-04,4.853670e-04,1.204713e+00,1.266902e+00,-1.785427e-01
2164,1.583703e-18,-1.564768e-06,2.265658e-04,4.853473e-04,-1.409073e-01,1.704056e-01,5.011059e+00
2165,1.218313e-17,-5.436149e-06,2.469050e-04,4.960943e-04,7.109417e-02,-2.128080e-03,1.708685e+00
2166,2.820431e-18,-1.637714e-05,2.496085e-04,4.894041e-04,-8.874971e-02,4.543195e-02,9.585890e+00
2167,9.215079e-19,-1.654982e-05,2.496091e-04,4.820404e-04,-8.564997e-02,2.495945e-01,4.584415e+00
2168,9.371144e-18,-2.419381e-05,2.491707e-04,4.914705e-04,4.610628e-02,9.036899e-03,1.756256e+00
2169,4.549050e-17,-1.817711e-05,1.509436e-04,4.821421e-04,-3.178847e-01,-3.555748e-01,5.261103e+00
2170,1.896927e-16,-3.170781e-06,1.743243e-04,4.914144e-04,-2.621541e-01,2.446487e-01,6.207189e+00
2171,3.043162e-17,-4.148278e-06,1.696479e-04,4.947665e-04,-2.418387e+00,3.538177e-01,3.406155e+00
2172,3.409171e-18,-7.812588e-06,1.492180e-04,4.997629e-04,2.136188e-05,1.565709e-01,3.373992e+00
2173,2.318024e-17,1.157972e-05,1.639295e-04,4.862772e-04,-6.122455e-01,1.369240e+00,7.837154e-01
2174,3.474409e-17,-8.804633e-06,1.641774e-04,4.855451e-04,9.894940e-01,2.693019e-01,2.574398e+00
2175,1.498773e-18,-1.718604e-05,1.616916e-04,4.869512e-04,1.094511e-01,6.864604e-02,5.389520e-01
2176,3.973801e-18,2.460910e-05,1.585887e-04,4.832196e-04,-1.214007e-02,4.801783e-03,3.156229e+00
2177,1.686729e-18,-1.270356e-05,1.760576e-04,5.002165e-04,1.547380e+00,2.029187e+00,9.651028e+00
2178,1.443542e-17,-1.675196e-05,1.765182e-04,4.809693e-04,3.450651e-01,-5.176389e-02,5.976961e+00
2179,6.738888e-17,-1.385765e-05,1.478600e-04,4.951337e-04,7.744136e-01,-2.285725e-01,8.744196e+00
2180,1.206799e-17,-1.067084e-05,1.708111e-04,4.947982e-04,6.043392e-01,-6.847478e-01,8.847136e+00
2181,3.538517e-17,-9.244187e-06,1.480310e-04,4.888298e-04,-2.289811e+00,1.359430e+00,6.916652e+00
2182,2.782787e-17,-5.814437e-06,1.526323e-04,4.770677e-04,1.398941e+00,1.964341e+00,-3.576312e-01
2183,1.474880e-17,-1.248460e-05,1.757618e-04,4.950835e-04,-1.127450e+00,6.100755e-01,1.116249e+01
2184,7.361471e-18,-4.198482e-06,1.710943e-04,4.765846e-04,-4.647626e+00,-5.844487e-01,-9.728280e-02
2185,5.535969e-18,-2.839396e-06,1.665331e-04,4.860305e-04,6.933513e-01,-5.120769e-01,3.992809e+00
2186,1.376749e-17,-5.895410e-06,1.541777e-04,4.932912e-04,-3.929669e-01,5.459775e-01,2.625544e+00
2187,1.720817e-17,-2.417438e-05,1.677025e-04,4.998933e-04,-1.720646e-01,-5.051919e-02,6.337805e-01
2188,1.509197e-18,-2.324876e-06,1.640650e-04,4.915747e-04,-2.911406e-01,-5.188883e-02,4.659849e+00
2189,4.914769e-18,-9.376917e-06,1.578142e-04,4.876296e-04,-1.000259e-02,1.561715e-01,2.450430e+00
2190,4.740751e-18,-1.427517e-08,1.710925e-04,4.829384e-04,8.203971e-02,-1.556139e+00,5.217349e+00
2191,3.295265e-18,-2.316418e-06,1.640583e-04,4.857418e-04,2.090398e-01,7.354410e-02,2.448451e+00
2192,4.624251e-18,-1.022963e-05,1.561680e-04,4.772361e-04,-6.828037e-02,-7.255858e-01,-3.269110e-01
2193,7.922874e-18,-2.433759e-05,1.726549e-04,4.904664e-04,2.994217e-03,-1.967286e-02,1.996400e+00
2194,2.420603e-17,2.445116e-06,1.508014e-04,4.840034e-04,1.016275e+00,-1.227557e-01,7.345728e+00
2195,4.348175e-18,1.559827e-05,1.687822e-04,4.977225e-04,7.233751e-01,-8.144196e-01,1.852429e+00
2196,3.088232e-18,1.483733e-05,1.671715e-04,4.888389e-04,-4.648365e-01,4.783864e-01,2.591941e+00
2197,1.350867e-18,5.468762e-06,1.663988e-04,4.775672e-04,3.496282e-01,-5.213114e-01,-1.199690e+00
2198,2.861289e-18,2.445530e-05,1.695342e-04,4.869823e-04,1.107153e-01,7.704629e-02,2.275780e+00
2199,2.731167e-19,1.172561e-06,1.496093e-04,4.798956e-04,-1.148683e+00,-2.264143e+00,7.182435e+00
2200,1.871719e-17,1.021112e-05,1.493691e-04,4.858272e-04,3.562040e-01,-4.598415e-01,1.518718e+00
2201,8.445926e-18,1.751794e-04,-1.493764e-05,5.351416e-04,-2.262144e+00,8.277374e-01,8.205966e+00
2202,1.356274e-17,1.835555e-04,-8.385425e-06,5.259860e-04,-7.461127e-01,1.270398e+00,4.277842e+00
2203,1.145439e-17,1.988235e-04,-3.548572e-06,5.169450e-04,7.382170e-01,2.786002e+00,9.894468e+00
2204,7.827092e-18,2.004952e-04,-1.026767e-05,5.109596e-04,-1.668323e+00,-1.106382e+00,6.420930e+00
2205,1.052695e-16,1.588795e-04,-1.554131e-05,5.124801e-04,-5.237646e-01,-4.084073e-01,1.816684e+01
2206,3.467200e-17,1.656257e-04,-1.405097e-06,5.453278e-04,-4.708040e-01,-6.013239e-02,7.487326e+00
2207,1.193738e-16,1.656333e-04,-1.235390e-06,5.452509e-04,-4.461772e-01,1.064766e-01,7.859536e+00
2208,4.543092e-17,1.664246e-04,-1.329023e-05,5.277132e-04,4.475376e+00,-3.102480e-02,2.185525e+01
2209,8.812671e-17,1.765531e-04,-1.332635e-05,5.109715e-04,1.149363e+00,9.196461e-02,5.193020e+00
2210,6.774781e-18,1.960882e-04,1.321957e-06,5.116928e-04,-7.075098e-02,4.422167e-01,2.198203e+01
2211,4.583963e-17,1.648498e-04,1.969074e-06,5.249717e-04,-1.258885e+00,-4.611983e-01,4.838815e+00
2212,6.952905e-18,1.574196e-04,-1.751577e-05,5.043327e-04,-9.964426e-01,-3.965210e-01,1.845421e+01
2213,2.960166e-18,1.632725e-04,-1.406098e-05,5.021916e-04,1.487313e+00,-1.499009e-01,1.082608e+01
2214,1.774674e-17,1.570839e-04,-1.174390e-05,5.052909e-04,7.254377e-01,-1.848405e-01,1.627780e+01
2215,2.897391e-18,1.679666e-04,-4.667976e-06,5.233770e-04,-9.599223e-02,8.051667e-01,4.319535e+00
2216,1.337449e-18,1.703086e-04,-1.877416e-05,5.041108e-04,9.420812e-02,2.477253e-01,8.436530e+00
2217,1.762206e-17,1.549531e-04,-4.872171e-06,5.159136e-04,-7.390318e-01,-9.742426e-01,3.128150e+00
2218,5.016626e-18,1.609385e-04,-4.688476e-06,5.025508e-04,-7.663493e-02,1.482586e-03,3.974118e+00
2219,3.428034e-18,1.710951e-04,-1.406306e-05,5.189014e-04,3.718957e-02,-3.429383e-01,2.946211e+00
2220,2.476336e-17,1.935868e-04,-6.207539e-06,5.188942e-04,1.556426e-01,-4.163742e+00,1.599887e+01
2221,3.667553e-18,1.914120e-04,-1.328052e-05,5.204114e-04,1.059769e+00,1.023927e+00,8.419648e+00
2222,6.137717e-17,1.920219e-04,-1.352859e-05,5.198223e-04,9.883339e-01,7.562295e-01,8.033876e+00
2223,2.463900e-18,1.922172e-04,-1.533801e-06,5.120233e-04,5.643513e-01,-1.703449e+00,1.265689e+01
2224,1.169864e-17,1.945529e-04,-6.248949e-06,5.118533e-04,-7.580666e-02,1.616948e-01,1.000702e+01
2225,6.441751e-17,1.772911e-04,-4.189471e-06,5.010986e-04,3.078297e-01,5.275960e-01,4.971470e+00
2226,5.838038e-19,1.933618e-04,-1.679807e-05,5.196256e-04,-1.077692e+00,3.956719e+00,5.624197e+00
2227,1.956489e-17,1.841534e-04,-7.899945e-06,5.071878e-04,5.833964e-01,-1.502507e+00,4.143291e+00
2228,2.559243e-18,1.976548e-04,-1.483577e-05,5.203820e-04,-5.856719e-02,2.495676e-01,4.072022e+00
2229,1.313001e-18,1.921847e-04,7.451150e-07,5.070352e-04,1.063286e+00,3.020819e-01,8.956952e+00
2230,4.356973e-18,1.914023e-04,-1.172351e-05,5.047812e-04,7.261146e-02,-2.443147e-01,3.096003e+00
2231,7.751779e-17,1.682333e-04,-1.191867e-05,5.378946e-04,2.199434e+00,-8.377508e-01,1.523000e+01
2232,2.959290e-18,1.640613e-04,-1.562006e-05,5.344377e-04,-2.100131e-01,1.623842e-01,1.144753e+01
2233,1.323394e-18,1.609427e-04,-4.686109e-06,5.489843e-04,-9.683069e-03,6.368901e-03,6.134216e+00
2234,3.577424e-18,1.664787e-04,-6.990329e-06,5.455564e-04,1.819308e-01,4.180897e-01,6.345660e+00
2235,2.476335e-18,1.711232e-04,-1.410699e-05,5.374118e-04,-5.432628e-01,8.235078e-01,7.322677e+00
2236,2.244321e-18,1.609392e-04,-4.695181e-06,5.329248e-04,1.850781e-02,-1.047947e-01,6.018972e+00
2237,1.884106e-18,1.711446e-04,-1.412999e-05,5.409505e-04,2.178402e-01,-3.669769e-01,5.506828e+00
2238,1.773249e-17,1.717166e-04,9.218432e-06,5.282105e-04,-1.314848e-01,-3.576208e-01,1.047879e+01
2239,1.320071e-16,1.713847e-04,8.766845e-06,5.280770e-04,-2.444823e-01,-5.783917e-01,9.953973e+00
2240,5.407930e-17,1.594534e-04,8.168445e-06,5.389352e-04,-7.616748e-01,-5.173496e-01,1.263773e+01
2241,1.845665e-17,1.588541e-04,7.104313e-06,5.450716e-04,1.138097e-01,-6.010738e-01,8.103407e+00
2242,3.166356e-17,1.637138e-04,9.871825e-06,5.474684e-04,-1.419367e+00,-6.306593e-01,6.731130e+00
2243,2.334016e-17,1.531819e-04,1.934279e-05,5.480683e-04,4.732361e-01,-5.993236e-03,6.924860e+00
2244,8.681715e-17,1.666275e-04,1.848365e-05,5.408244e-04,-6.721359e-01,-2.499504e-01,5.564104e+00
2245,1.566905e-17,1.556167e-04,1.141339e-05,5.429751e-04,2.060558e-01,-1.468904e-01,7.871914e+00
2246,9.963858e-18,1.648225e-04,4.770832e-06,5.429569e-04,9.187164e-01,2.045697e-02,6.779780e+00
2247,8.631576e-17,1.677967e-04,7.472223e-06,5.218656e-04,-1.337227e+00,1.271540e-01,1.138830e+01
2248,8.347946e-18,1.577479e-04,1.014233e-05,5.224319e-04,-6.541085e-01,-4.291815e-01,1.324514e+01
2249,4.799143e-18,1.517353e-04,3.866929e-06,5.056662e-04,6.083955e-01,1.587341e-01,1.135280e+01
2250,1.571852e-18,1.571497e-04,1.014823e-05,5.073440e-04,-9.677447e-02,-6.481061e-01,7.427962e+00
2251,1.283921e-18,1.703143e-04,1.716823e-05,5.185657e-04,-3.705250e-02,-3.640371e-01,6.171686e+00
2252,3.012704e-18,1.727043e-04,1.250840e-05,5.211455e-04,-2.380259e+00,1.032786e+00,5.341625e+00
2253,1.149294e-17,1.676653e-04,1.756401e-05,5.223749e-04,-6.246375e-01,-3.582600e-01,3.934708e+00
2254,5.490017e-18,1.670856e-04,2.345202e-06,5.070853e-04,2.482576e-01,-5.501233e-02,5.123970e+00
2255,1.426446e-17,1.732737e-04,1.554219e-05,5.109653e-04,5.516769e-01,1.474592e-02,4.011514e+00
2256,3.585686e-18,1.546547e-04,1.490295e-05,5.152164e-04,-5.216320e-02,6.461108e-01,4.565433e+00
2257,3.627329e-18,1.546821e-04,1.241957e-05,5.198493e-04,-1.753895e-02,-4.840331e-01,4.833509e+00
2258,9.111868e-18,1.609204e-04,1.633307e-05,5.256602e-04,2.984463e-02,1.654255e-01,4.346537e+00
2259,2.527976e-17,1.547206e-04,5.573278e-06,5.165762e-04,1.382451e+00,8.451721e-01,2.600832e+00
2260,4.580466e-18,1.578138e-04,4.685812e-06,5.101850e-04,7.973159e-03,7.696784e-03,2.651634e+00
2261,2.602073e-17,1.981547e-04,4.058204e-06,5.188384e-04,8.483588e-01,8.852925e-01,2.355041e+01
2262,2.961069e-17,1.832682e-04,3.651205e-06,5.139004e-04,-6.373624e-01,-2.989684e-02,9.213762e+00
2263,3.794270e-17,1.770323e-04,7.198992e-06,5.221765e-04,-1.362992e+00,-8.553929e-01,1.027401e+01
2264,1.323000e-17,1.798133e-04,1.130275e-05,5.126513e-04,-9.667729e-01,-5.973886e-01,8.753355e+00
2265,5.952924e-18,1.828127e-04,5.471417e-06,5.067115e-04,-2.054433e-02,-4.891850e-01,7.839716e+00
2266,7.261388e-18,1.850571e-04,5.224300e-06,5.253364e-04,-7.531443e-01,-1.772504e+00,6.091347e+00
2267,8.457461e-19,1.959737e-04,1.398513e-06,5.070452e-04,1.177715e+00,9.810114e-01,1.733011e+01
2268,2.872863e-18,1.765610e-04,1.093490e-05,5.043523e-04,-7.618822e-01,6.370432e-02,4.195509e+00
2269,3.340411e-18,1.811921e-04,2.219852e-06,5.152793e-04,5.454073e-01,4.741870e-01,1.583634e+00
2270,1.238294e-17,1.286222e-05,1.949158e-04,4.791365e-04,6.249054e-02,-7.649235e-01,2.408922e+00
2271,7.373387e-17,6.631957e-06,1.890830e-04,4.877532e-04,-1.620389e+00,3.472400e-01,9.244247e+00
2272,3.543701e-19,5.858402e-06,1.894538e-04,4.775677e-04,-4.252737e+00,2.545097e-01,5.249195e+00
2273,6.481503e-19,-8.984326e-06,1.816413e-04,4.756578e-04,2.801266e+00,3.979258e-01,5.570749e-01
2274,1.582800e-18,-1.552639e-05,1.760541e-04,4.766207e-04,-1.492102e-02,-2.072059e+00,5.688592e+00
2275,2.485497e-19,-1.445500e-05,1.761701e-04,4.744634e-04,5.147355e-01,-2.154377e+00,2.644084e+00
2276,3.881889e-19,-9.764969e-06,1.824245e-04,4.767941e-04,2.340943e+00,-1.028326e+00,3.043361e+00
2277,3.461605e-17,-1.252044e-05,1.820170e-04,4.886559e-04,-1.761751e-01,3.886826e-01,1.320053e+01
2278,1.537525e-18,5.456556e-06,1.710576e-04,4.767864e-04,-1.465397e+00,-1.041274e+00,2.817904e-01
2279,2.941288e-17,9.429069e-07,1.462667e-04,4.856830e-04,6.275977e-01,9.645806e-01,1.804574e+00
2280,1.538290e-17,1.822850e-05,1.320743e-04,4.846583e-04,2.477228e-01,-1.087604e+00,2.364687e+00
2281,1.489930e-18,-1.719395e-05,1.257747e-04,4.932019e-04,-1.509090e-01,1.180668e-01,9.963751e-01
2282,3.279886e-17,-2.396586e-05,1.388007e-04,4.985936e-04,2.123029e-01,3.841329e-03,9.419238e-01
2283,1.459901e-18,-1.488787e-05,1.281130e-04,4.892910e-04,-2.556896e-01,-2.340567e-01,-2.193948e+00
2284,1.507939e-18,-1.568562e-05,1.484971e-04,4.909694e-04,-4.160792e+00,5.638290e-01,1.187511e+01
2285,2.115845e-17,-2.000559e-05,1.400233e-04,4.958972e-04,3.813184e-01,1.265578e+00,9.681809e+00
2286,3.150618e-17,-1.062831e-05,1.232062e-04,4.849955e-04,-9.625180e-01,-2.511674e-01,9.929929e+00
2287,2.050444e-17,-1.916527e-05,1.474372e-04,4.841020e-04,3.574534e-01,2.373613e+00,6.263152e+00
2288,2.432039e-19,-1.133022e-05,1.402341e-04,4.978465e-04,2.020489e-01,-5.363734e-01,7.512554e+00
2289,2.064424e-18,-6.061116e-06,1.459915e-04,4.834376e-04,1.687088e-01,1.660099e+00,5.346926e+00
2290,1.154916e-17,-8.023209e-06,1.316964e-04,4.970677e-04,2.371371e-01,-2.563057e-01,5.859839e+00
2291,1.171196e-18,-1.095130e-05,1.398536e-04,4.947235e-04,2.585994e-01,-9.884885e-03,8.513265e+00
2292,5.951864e-18,-7.029181e-06,1.303499e-04,4.876896e-04,3.542718e-01,2.563749e-01,3.816771e+00
2293,3.092634e-18,-2.349859e-06,1.296887e-04,4.997796e-04,-7.829079e-02,3.923809e-02,2.625706e+00
2294,2.386091e-18,-1.093841e-05,1.398509e-04,4.841437e-04,6.305827e-03,9.061389e-02,2.130969e+00
2295,3.061081e-18,-1.092268e-05,1.398452e-04,4.810625e-04,-6.787473e-01,2.533822e-01,2.361899e+00
2296,1.217047e-17,1.761671e-05,1.441246e-04,4.798796e-04,5.438406e-01,-1.995670e+00,5.564807e-01
2297,5.025292e-19,2.460892e-05,1.328227e-04,4.994397e-04,1.326123e-01,-9.621093e-02,3.149837e+00
2298,1.143348e-17,2.421941e-05,1.361978e-04,4.860290e-04,-4.345434e-01,-5.703890e-01,2.817869e+00
2299,5.716149e-17,2.394047e-05,1.360758e-04,4.861987e-04,-3.532523e-01,-5.185324e-01,2.554243e+00
2300,5.031581e-17,1.352749e-05,1.266074e-04,4.923699e-04,-1.257240e+00,-7.748137e-01,7.136659e+00
2301,1.174779e-18,1.562654e-05,1.406317e-04,5.017730e-04,3.852122e-02,-8.403168e-02,4.253123e+00
2302,2.121994e-17,1.269056e-05,1.342841e-04,4.851582e-04,6.914932e-02,8.477829e-01,5.347776e+00
2303,3.477092e-18,1.322607e-05,1.397983e-04,4.932043e-04,-2.254771e-01,1.013775e+00,4.614832e+00
2304,3.885653e-18,1.091440e-05,1.421605e-04,4.985221e-04,-3.452519e-01,-1.222957e-01,5.663356e+00
2305,3.102485e-18,1.561246e-05,1.288799e-04,4.904431e-04,-1.007645e+00,-1.899191e+00,1.303827e+01
2306,4.895981e-18,6.256459e-06,1.265593e-04,4.946197e-04,1.971532e-01,2.307125e-01,2.945814e+00
2307,3.013152e-18,1.563541e-05,1.406383e-04,4.911689e-04,-7.947200e-01,-2.353828e-01,3.169316e+00
2308,7.052682e-18,2.690408e-06,1.415189e-04,4.961888e-04,-1.939159e-01,-9.268727e-01,4.638725e-01
2309,1.501412e-18,1.015858e-05,1.421927e-04,4.830247e-04,-1.145592e-01,9.851861e-02,5.236378e-01
2310,1.018884e-17,2.431567e-05,1.269630e-04,4.968910e-04,-9.846437e-04,1.195108e-01,1.983101e+00
2311,1.076303e-17,2.427535e-05,1.369006e-04,5.000201e-04,7.231464e-03,-1.156442e-03,1.801793e+00
2312,3.397783e-18,2.460938e-05,1.437502e-04,4.898525e-04,1.795895e-02,-2.269505e-02,3.107183e+00
2313,2.137830e-18,-1.406596e-05,1.210861e-04,4.997922e-04,-2.015135e-01,2.350687e-01,1.769486e+00
2314,2.994651e-18,-6.253191e-06,1.156246e-04,4.981785e-04,-4.732855e-02,3.126610e-02,3.174443e-01
2315,5.237978e-17,-4.128737e-06,1.214127e-04,4.883595e-04,5.562860e-02,-1.118992e+00,6.907233e+00
2316,5.159041e-17,-2.136951e-06,1.073477e-04,4.944370e-04,-2.254345e-02,-6.430229e-01,6.566734e+00
2317,1.483988e-18,5.402238e-08,1.148699e-04,4.791160e-04,-1.557725e+00,-7.388405e-01,3.260563e+00
2318,5.171197e-18,-9.356657e-06,1.179602e-04,4.855469e-04,1.080358e-01,3.970086e-01,-3.816603e-01
2319,3.520597e-18,-2.348333e-06,1.117318e-04,5.005143e-04,3.912901e-01,9.445695e-01,7.605149e+00
2320,2.622032e-18,-2.359363e-06,1.218741e-04,4.965450e-04,-9.546397e-01,-4.284295e-02,1.685991e+00
2321,1.501614e-18,-3.181736e-06,1.195287e-04,4.791223e-04,1.471343e-01,1.840697e+00,3.055742e+00
2322,3.278932e-18,-2.342414e-06,1.164248e-04,4.896271e-04,-1.963370e-02,2.816335e-02,1.291409e+00
2323,6.124287e-17,1.538579e-05,1.043666e-04,4.960494e-04,5.436807e-01,1.073726e+00,9.756968e+00
2324,2.522110e-18,7.654268e-07,1.195431e-04,4.825823e-04,8.493038e-01,-9.239412e-01,-1.551994e+00
2325,2.722467e-18,1.326024e-05,1.148307e-04,4.795706e-04,-2.738085e-01,3.593471e-01,2.956340e+00
2326,1.508239e-18,5.513272e-06,1.153577e-04,5.005162e-04,-1.865194e-01,2.847782e-01,1.438490e+01
2327,1.021651e-18,4.696598e-06,1.093587e-04,4.939221e-04,-1.071399e+00,9.268595e-04,7.467604e+00
2328,4.400352e-18,3.857519e-06,1.156585e-04,4.875565e-04,-6.217349e-01,-9.520686e-01,1.041303e+01
2329,3.347346e-18,4.639829e-06,1.109780e-04,4.894994e-04,-5.849952e-01,9.515532e-01,7.439560e+00
2330,8.290253e-19,1.340859e-05,1.024980e-04,4.884993e-04,9.192072e-01,8.348310e-02,1.038046e+01
2331,3.886676e-18,7.817888e-06,1.210399e-04,4.851663e-04,-1.986415e-01,-2.177723e-01,1.366522e+00
2332,2.578995e-18,1.326934e-05,1.023307e-04,4.811324e-04,-1.036955e+00,-2.050424e-01,5.152942e+00
2333,2.257267e-17,4.426974e-06,-6.744732e-05,5.028539e-04,1.031102e+00,-9.125825e-01,9.051534e+00
2334,2.461819e-17,2.242472e-05,-6.747464e-05,4.995060e-04,4.702686e+00,3.711377e+00,1.963766e+01
2335,2.819963e-18,2.029735e-05,-5.000402e-05,4.796146e-04,-1.525696e-01,1.331042e-01,-1.393858e+00
2336,1.958487e-17,1.797132e-05,-5.397368e-05,4.910553e-04,-7.281529e-02,5.480232e-02,2.379362e+00
2337,2.863962e-18,1.096654e-05,-5.939594e-05,4.935370e-04,-1.335925e-01,1.840746e-01,7.904165e-01
2338,2.820009e-17,8.879432e-06,-5.527416e-05,4.943736e-04,4.780188e-01,3.323850e+00,1.774569e+01
2339,2.945944e-18,1.409926e-05,-7.187158e-05,5.021752e-04,-3.488556e-01,-1.703751e+00,-9.224483e-01
2340,1.043844e-16,4.102978e-06,-6.753271e-05,5.025924e-04,7.499883e-01,-9.196694e-01,8.889492e+00
2341,4.678288e-18,8.512581e-06,-5.076214e-05,4.930947e-04,-1.165798e-02,1.607676e+00,1.136137e+01
2342,3.532755e-18,7.944663e-07,-6.407001e-05,4.981936e-04,7.019284e-02,-1.172917e+00,1.069771e+01
2343,1.686374e-18,2.482487e-06,-6.406263e-05,4.925817e-04,6.750600e-01,-5.785755e-01,8.081366e+00
2344,2.637074e-18,8.159457e-06,-6.406324e-05,4.793002e-04,3.428401e-01,3.292752e-01,2.405879e+00
2345,3.301484e-17,1.229327e-05,-6.883876e-05,4.912340e-04,-3.723377e-01,-1.256191e-01,2.177205e+00
2346,3.363706e-18,8.807394e-06,-5.057618e-05,4.881327e-04,3.007207e-01,-3.365401e-01,1.056659e+01
2347,6.186183e-19,2.148630e-05,-6.992141e-05,4.927744e-04,7.061862e-01,-7.005500e-01,1.246622e+01
2348,5.440676e-18,2.062821e-05,-7.107881e-05,4.909923e-04,4.463539e+00,-1.594181e+00,1.402125e+01
2349,1.124110e-18,8.396921e-06,-5.055920e-05,4.824301e-04,9.075698e-01,1.612196e+00,7.681491e+00
2350,1.264335e-17,2.424648e-05,-5.693266e-05,4.965947e-04,-2.466197e-02,5.143378e-03,1.572065e+00
2351,4.785791e-17,-1.340937e-05,-5.973402e-05,4.910121e-04,-6.101903e-01,1.466645e+00,9.417444e+00
2352,1.341094e-17,-1.850476e-05,-5.378033e-05,4.841317e-04,-2.424083e+00,9.096542e-01,1.407145e+00
2353,4.840918e-17,-1.455236e-05,-6.841161e-05,4.829849e-04,-4.376676e-01,1.366933e+00,4.625373e+00
2354,3.490616e-17,-1.084038e-05,-6.279055e-05,5.007789e-04,2.274186e+00,-1.905582e+00,5.697819e+00
2355,2.515098e-17,-6.250336e-06,-5.363951e-05,4.814216e-04,3.320279e+00,9.920009e-01,7.755828e+00
2356,5.379226e-17,-3.041071e-06,-5.349431e-05,4.986083e-04,-1.513669e+00,-3.763923e-01,5.150734e+00
2357,7.230064e-18,-1.499009e-05,-6.645225e-05,5.008833e-04,-1.091330e+00,-1.414955e+00,3.175546e+00
2358,5.142574e-19,-4.298045e-06,-7.382801e-05,4.802987e-04,2.170052e+00,-1.365641e+00,5.069530e+00
2359,2.662571e-18,-1.171965e-05,-7.265514e-05,4.951613e-04,2.366577e-01,-1.895484e-01,3.240149e+00
2360,3.056156e-19,-5.080099e-06,-7.382862e-05,4.822393e-04,1.263281e-01,-1.350283e-01,7.969641e+00
2361,4.388209e-18,-1.250254e-05,-6.254609e-05,4.805724e-04,-7.051690e-01,-2.113993e-01,6.963621e+00
2362,1.286451e-18,-7.034932e-06,-7.265293e-05,4.939298e-04,-2.943441e-02,-1.988931e-02,2.858875e+00
2363,1.271602e-17,-2.424442e-05,-6.728179e-05,4.841172e-04,9.991308e-03,2.234913e-02,1.573640e+00
2364,1.359376e-16,9.516442e-06,-3.520091e-05,4.863151e-04,-1.488810e+00,7.990955e-01,6.544482e+00
2365,1.746002e-18,1.178047e-05,-2.898090e-05,5.016180e-04,4.773669e-01,-4.062813e-01,2.081191e+00
2366,2.987964e-18,1.877109e-05,-2.813240e-05,4.857674e-04,-3.610288e-02,-1.860246e-01,1.612936e+00
2367,6.142435e-18,9.606470e-06,-3.594379e-05,4.995188e-04,-4.884352e-01,-1.106671e-01,1.260943e+01
2368,3.391724e-18,4.682867e-06,-3.905379e-05,4.966493e-04,6.199122e-02,8.234632e-01,1.163619e+01
2369,2.853390e-19,5.861546e-06,-3.945372e-05,4.954731e-04,-3.467537e+00,1.142682e+00,1.040678e+01
2370,2.611924e-17,1.492322e-06,-3.741145e-05,4.803413e-04,-2.623284e-01,5.363860e-01,1.790685e+00
2371,4.571022e-18,7.028219e-06,-4.139867e-05,4.798869e-04,2.500299e-01,-4.875358e-02,1.578327e+00
2372,1.171409e-17,2.426884e-05,-2.879892e-05,4.982843e-04,1.378668e-02,-1.090349e-02,1.605999e+00
2373,4.670999e-17,-3.086094e-06,-2.806555e-05,4.828051e-04,-1.030438e-01,-1.049231e+00,4.437881e+00
2374,6.822339e-18,-1.408632e-05,-3.095868e-05,5.010004e-04,1.352244e+00,-2.267283e+00,1.774245e+01
2375,9.168298e-19,-1.471037e-05,-2.829797e-05,4.947294e-04,-4.463694e-01,-2.602579e-01,1.131168e+01
2376,1.439856e-18,-1.505347e-05,-2.631095e-05,4.889073e-04,2.502675e-01,1.426433e-01,9.473972e+00
2377,8.005173e-18,-1.318509e-05,-4.490483e-05,4.969526e-04,-1.109295e+00,8.062685e-01,4.925285e+00
2378,4.784260e-18,-5.470585e-06,-3.592483e-05,4.988711e-04,-3.449697e-02,5.714521e-01,-1.317893e+00
2379,8.025672e-19,-4.558417e-06,-2.981687e-05,4.946800e-04,-2.844244e-01,4.002811e-02,1.265996e+01
2380,1.765690e-18,-4.631850e-06,-2.963479e-05,4.888880e-04,-3.679568e-02,-9.601450e-02,7.221909e+00
2381,1.729862e-18,-2.460914e-05,-4.453178e-05,4.975210e-04,-1.227496e-01,2.978224e-01,3.122713e+00
2382,5.451223e-16,1.016861e-05,1.602156e-05,5.155146e-04,-4.479652e-01,-7.092311e-01,1.282178e+01
2383,3.951119e-17,1.671512e-05,1.623110e-05,5.064487e-04,1.207650e+00,1.509273e+00,1.911945e+01
2384,1.259138e-17,1.568530e-05,1.692788e-05,5.370242e-04,-3.738657e-01,7.434373e-01,3.144265e+01
2385,1.699325e-16,1.096537e-05,8.970968e-06,5.371757e-04,-1.459922e+00,1.818100e-02,6.650493e+00
2386,1.340138e-17,1.518844e-06,1.537333e-05,5.466654e-04,-2.187427e+00,-1.812382e+00,8.524366e+00
2387,4.559549e-18,1.638321e-05,1.637554e-05,5.330027e-04,7.534311e-01,1.419883e-01,3.137239e+01
2388,6.335352e-18,2.265296e-05,1.015588e-05,5.281704e-04,2.698019e-02,-1.088029e-02,5.067762e+00
2389,3.093578e-18,3.124083e-06,1.563615e-06,5.277415e-04,1.086388e-01,8.535076e-02,-1.650322e+00
2390,2.931547e-18,2.186146e-05,2.355478e-06,5.414775e-04,-2.666339e-01,1.495012e-01,1.621625e+00
2391,1.500895e-17,1.955626e-05,3.819779e-06,5.069898e-04,-4.591498e+00,-2.118334e-01,1.791062e+01
2392,7.778160e-18,1.643125e-05,1.627217e-05,5.248531e-04,-4.916441e-01,2.973232e-01,2.479929e+01
2393,3.094861e-18,2.113853e-05,1.499571e-05,5.127209e-04,-1.898874e+00,-8.720648e-01,1.399583e+01
2394,7.132996e-18,2.109096e-05,1.801588e-05,5.144707e-04,-2.869326e-01,5.958905e-01,3.869985e+00
2395,4.012830e-18,5.468226e-06,8.595837e-06,5.236695e-04,1.064736e-02,9.614625e-02,1.692742e+00
2396,1.659258e-16,-1.403751e-05,5.412269e-06,5.192274e-04,2.431195e+00,-1.006875e+00,1.193267e+01
2397,4.114412e-17,-5.767299e-06,1.688134e-05,5.230786e-04,2.539010e+00,5.905067e+00,2.028795e+01
2398,3.937620e-18,-1.171716e-05,7.818851e-06,5.282428e-04,-6.096242e-02,1.332978e-01,4.047734e+00
2399,1.191128e-17,-1.643000e-05,1.481582e-05,5.119800e-04,-5.046885e-01,-2.901377e+00,-5.346813e-01
2400,2.082456e-18,-1.573280e-05,1.093267e-05,5.137289e-04,4.830128e-01,-5.832002e-02,1.547031e+01
2401,4.895724e-19,-1.561772e-05,1.132796e-05,5.093443e-04,-6.206213e-01,2.853382e-01,1.291029e+01
2402,3.250447e-18,-1.096306e-05,1.094280e-05,5.173233e-04,-5.071514e-02,1.636752e+00,1.773065e+01
2403,5.683173e-18,-2.193224e-05,9.579365e-06,5.144104e-04,-8.577255e-02,-2.047107e+00,1.258298e+01
2404,1.613996e-17,-1.185820e-05,9.657646e-06,5.067709e-04,-1.076791e+00,1.514170e+00,1.328705e+01
2405,2.836744e-17,-1.247563e-05,1.553918e-05,5.202814e-04,1.192959e-01,-3.294345e-01,5.883476e+00
2406,2.954264e-19,-1.601500e-05,1.170656e-06,5.244319e-04,-7.179488e-01,-4.593111e+00,7.969770e+00
2407,1.389771e-17,-9.370728e-06,1.484506e-05,5.457924e-04,2.007438e+00,1.136705e+00,7.729159e+00
2408,7.638139e-17,-9.112163e-06,1.457571e-05,5.455748e-04,1.754042e+00,9.189301e-01,7.693137e+00
2409,5.061595e-18,-1.562247e-05,9.555543e-06,5.346714e-04,-6.387373e-02,-2.373734e-01,1.650398e+01
2410,1.999883e-18,-2.344079e-05,9.378504e-06,5.472443e-04,-6.186543e-02,1.658719e-02,7.650751e+00
2411,4.695529e-18,-7.809332e-06,1.953249e-05,5.310578e-04,3.273946e-02,6.582346e-01,6.256713e+00
2412,2.491558e-18,-1.171619e-05,7.822923e-06,5.343043e-04,5.814873e-01,6.846609e-02,2.976708e+00
2413,1.012617e-17,-3.310272e-06,1.754056e-05,5.493949e-04,-3.457717e-01,1.092931e+00,1.286256e+01
2414,2.391844e-18,-1.875783e-05,1.564198e-05,5.408414e-04,-8.635605e-04,2.197542e-02,-1.571433e+00
2415,3.471144e-18,-1.257775e-04,-1.016352e-05,5.465865e-04,-2.389641e+00,-3.991685e+00,7.768555e+00
2416,1.597505e-16,-1.260629e-04,-1.197690e-05,5.474493e-04,-9.217455e-01,-1.104353e+00,1.286590e+01
2417,1.446281e-16,-1.224854e-04,-1.724055e-05,5.198892e-04,2.493694e+00,-2.046795e+00,1.576729e+01
2418,2.002673e-17,-1.244045e-04,-2.055682e-05,5.113115e-04,-1.377139e+00,-1.285429e+00,1.159390e+01
2419,5.097688e-18,-1.254150e-04,-1.612255e-05,5.053302e-04,8.252188e-01,-9.308783e-01,1.203746e+01
2420,2.988356e-17,-1.241673e-04,-8.738614e-06,5.147682e-04,4.776689e-01,-1.011797e+00,5.595429e+00
2421,3.428691e-17,-1.198622e-04,-1.699647e-06,5.456399e-04,-2.718400e+00,-4.136450e+00,2.660395e+01
2422,2.983426e-18,-1.148654e-04,-1.595483e-06,5.422118e-04,-3.185500e-01,-3.965203e+00,2.672104e+01
2423,7.795660e-18,-1.217722e-04,-5.473784e-06,5.396805e-04,4.094537e-01,8.276545e-02,7.182221e+00
2424,3.406086e-17,-1.081123e-04,1.028234e-06,5.487813e-04,1.344492e+00,-9.781789e-01,1.017960e+01
2425,1.262773e-16,-1.346880e-04,-1.878512e-05,5.218973e-04,1.960690e-01,-2.080557e-01,4.805602e+00
2426,2.898518e-18,-1.453127e-04,-3.123440e-06,5.089448e-04,-4.097190e-03,-1.305704e-01,5.983834e-01
2427,6.931726e-18,-1.273589e-04,-9.709846e-06,5.207636e-04,6.598447e-02,9.049730e-01,3.792709e+00
2428,2.085387e-18,-1.476469e-04,-1.327618e-05,5.203702e-04,1.126471e-01,7.698990e-02,4.301362e+00
2429,5.609770e-18,-1.374980e-04,-1.171912e-05,5.125637e-04,-6.924837e-02,-1.715815e-01,4.102146e+00
2430,2.540101e-18,-1.406263e-04,-9.372175e-06,5.197206e-04,5.886344e-02,1.119727e-01,1.702622e+00
2431,4.455596e-16,-1.369665e-04,-1.583496e-05,5.448000e-04,-6.987437e-01,-8.473239e-01,6.265300e+00
2432,3.274706e-18,-1.476831e-04,-1.325011e-05,5.439357e-04,-8.135182e-02,3.138465e-02,7.826695e+00
2433,1.783369e-17,-1.318919e-04,-4.995430e-06,5.386399e-04,-8.652478e-01,-9.968408e-01,6.978357e+00
2434,2.297824e-18,-1.437856e-04,-2.263779e-06,5.494118e-04,4.072104e-02,3.266461e-01,1.078520e+01
2435,1.054909e-18,-1.476414e-04,-1.328556e-05,5.347495e-04,-9.392456e-02,-9.206581e-03,4.818186e+00
2436,2.408829e-18,-1.265705e-04,-1.799299e-05,5.351150e-04,2.937167e-01,-6.284139e-01,3.756671e+00
2437,4.691399e-17,-1.224882e-04,1.006997e-05,5.410331e-04,-3.425765e-01,-3.055769e-01,8.671525e+00
2438,1.637812e-17,-1.080452e-04,1.436435e-05,5.380802e-04,2.095025e+00,2.245023e+00,9.123328e+00
2439,1.045760e-16,-1.262227e-04,1.428301e-05,5.483114e-04,7.340733e-01,1.325901e-01,9.138469e+00
2440,5.145688e-18,-1.039090e-04,7.357466e-06,5.330856e-04,-9.062096e-02,1.663806e-01,5.868552e+00
2441,9.545529e-19,-1.031236e-04,2.354035e-06,5.354718e-04,1.079431e-01,3.207141e-02,3.383825e+00
2442,9.924730e-19,-1.078095e-04,1.797433e-05,5.420158e-04,-7.394150e-03,-3.099309e-03,2.267816e+00
2443,7.649416e-17,-1.450235e-04,4.490183e-06,5.435211e-04,8.071026e-01,-1.749813e-04,8.952385e+00
2444,3.050452e-18,-1.343710e-04,1.557576e-05,5.425647e-04,3.596890e-02,1.758822e-02,1.069484e+01
2445,4.028161e-18,-1.336176e-04,1.596429e-06,5.427204e-04,-7.814064e-02,1.054710e+00,9.047618e+00
2446,9.746065e-19,-1.374986e-04,9.381112e-06,5.304351e-04,-2.349681e-02,-3.008064e-02,7.875574e+00
2447,1.229949e-18,-1.484483e-04,3.910963e-06,5.361778e-04,-9.322308e-02,-1.103576e-01,8.178025e+00
2448,4.576913e-18,-1.406156e-04,2.030643e-05,5.327455e-04,-1.074354e+00,1.210315e+00,7.759485e+00
2449,3.938477e-18,-1.263444e-04,2.383617e-06,5.329341e-04,4.977679e-02,-9.365949e-02,7.075064e+00
2450,1.546978e-18,-1.397235e-04,4.692858e-06,5.385191e-04,6.207107e-01,5.969911e-02,3.278220e+00
2451,4.198091e-18,-1.273464e-04,4.966898e-06,5.401031e-04,2.684767e-02,3.410415e-01,5.281765e+00
2452,7.237739e-17,-1.135197e-04,-2.990928e-06,5.237710e-04,-6.587401e-01,1.600603e+00,9.569515e+00
2453,8.049014e-18,-1.203109e-04,-1.741503e-05,5.116925e-04,-1.915141e-01,-3.606459e-01,1.413799e+01
2454,1.191591e-18,-1.101575e-04,-1.325106e-05,5.063661e-04,2.185564e-01,-6.397224e-02,8.362092e+00
2455,4.435760e-18,-1.101610e-04,-1.214781e-05,5.128448e-04,2.183334e-01,-3.980279e-01,9.040688e+00
2456,5.255406e-18,-1.187557e-04,-6.244094e-06,5.177390e-04,-4.436316e-01,3.708253e-01,4.849376e+00
2457,3.932665e-18,-1.054660e-04,-3.899995e-06,5.222463e-04,-2.803774e-02,1.196571e-02,5.415175e+00
2458,1.868285e-18,-1.078059e-04,-1.787125e-05,5.172389e-04,-3.169464e-02,-2.752250e-01,7.128683e-01
2459,3.090362e-17,-4.427788e-05,-1.156089e-05,4.779626e-04,-1.296331e+00,9.969598e-01,1.831394e+00
2460,3.581716e-18,-4.609378e-05,-3.330376e-06,4.770469e-04,-9.805921e-02,1.051767e+00,-4.078079e-01
2461,3.428734e-18,-4.141456e-05,-1.563352e-06,4.771536e-04,7.613283e-01,1.195447e-02,1.823682e+00
2462,2.385510e-17,-4.703289e-05,2.159879e-06,4.792296e-04,2.536214e+00,-2.564020e+00,1.658142e+00
2463,1.136099e-18,-3.436907e-05,-1.251386e-05,4.822591e-04,3.905985e-01,-9.622560e-01,1.828775e+00
2464,1.092397e-18,-3.984120e-05,-1.639648e-05,5.017690e-04,-1.970764e-01,2.185353e-01,-1.672095e-01
2465,3.051306e-17,-3.565727e-05,-6.394412e-06,4.958311e-04,9.067500e-01,3.343473e-01,1.180710e+01
2466,2.635120e-18,-4.219945e-05,-8.594788e-06,4.998215e-04,-1.543943e-03,5.558348e-02,1.028555e+01
2467,2.356922e-18,-4.218092e-05,-8.606179e-06,4.935536e-04,-1.072064e-01,2.463927e-01,1.067121e+01
2468,1.507020e-18,-3.756084e-05,-6.340516e-06,4.886039e-04,1.454281e+00,-7.740764e-01,8.961461e+00
2469,4.160003e-17,-3.213159e-05,-3.567883e-06,4.970978e-04,-2.079640e+00,1.495087e+00,4.879316e+00
2470,3.688771e-18,-3.593612e-05,-1.567959e-06,4.868582e-04,-9.809095e-02,7.289011e-02,7.599370e+00
2471,3.211470e-18,-3.593397e-05,-1.546593e-06,4.942801e-04,3.942897e-01,-8.912796e-01,8.252291e+00
2472,4.961857e-18,-4.687845e-05,-4.691593e-06,4.947617e-04,-3.389502e-01,6.091533e-02,8.658666e+00
2473,2.476846e-18,-4.218401e-05,-8.619178e-06,4.856943e-04,-7.276473e-01,6.892188e-01,6.517217e+00
2474,1.246253e-18,-3.437570e-05,-1.564065e-05,4.908366e-04,-9.947122e-02,1.751875e-02,6.263549e+00
2475,9.372648e-18,-4.186770e-05,-1.693097e-05,4.820239e-04,3.197816e-01,1.264412e+00,3.560204e+00
2476,1.308802e-18,-4.609401e-05,-8.603935e-06,4.947118e-04,-1.075135e-01,-1.741564e-01,6.523975e+00
2477,2.395768e-18,-2.890275e-05,-7.044833e-06,4.888859e-04,1.505561e-01,-1.047525e-01,3.348674e+00
2478,2.156027e-18,-3.765367e-05,-6.038861e-06,4.848227e-04,1.008904e+00,3.638284e-02,5.781098e+00
2479,1.539219e-17,-4.285501e-05,-2.424141e-05,4.974927e-04,3.870869e-02,4.411834e-02,1.686542e+00
2480,4.279853e-18,-3.827868e-05,-2.460944e-05,4.898901e-04,-2.157160e-02,-1.429397e-02,2.788895e+00
2481,6.991886e-17,-4.366396e-05,1.245490e-05,4.916355e-04,-5.747103e-01,1.738032e-01,3.848375e+00
2482,4.440656e-18,-4.216264e-05,1.179474e-05,4.817960e-04,2.118842e-01,-5.915935e-01,1.740629e+00
2483,1.101692e-18,-3.515068e-05,1.484542e-05,4.884962e-04,-9.513923e-02,-1.324719e-01,6.202581e-01
2484,1.979665e-18,-3.353929e-05,1.611837e-06,4.906857e-04,-2.076893e-01,-7.097162e-02,2.033273e+00
2485,4.206187e-18,-3.046517e-05,8.592988e-06,4.860660e-04,8.447544e-02,-1.166179e-01,-1.342656e+00
2486,4.301321e-18,-3.437460e-05,7.036467e-06,4.970117e-04,1.860789e-02,-2.077557e-02,7.180772e+00
2487,1.569784e-18,-4.531851e-05,8.588543e-06,4.861405e-04,4.474174e-01,6.202062e-01,2.835442e+00
2488,1.036007e-18,-3.514667e-05,1.485382e-05,4.830365e-04,-1.045706e-01,-2.396863e-02,1.117056e+00
2489,2.563483e-17,-3.454785e-05,2.407885e-05,4.830039e-04,2.113575e-02,3.887563e-02,1.288409e+00
2490,1.042217e-18,-4.204419e-05,-8.795410e-06,4.760057e-04,-2.654510e-01,-5.780357e-01,2.217644e+00
2491,1.004489e-16,8.276062e-06,-8.078006e-05,5.344136e-04,-7.431262e-01,-4.286173e-01,1.276928e+01
2492,1.235157e-16,-5.804070e-06,-8.037920e-05,5.389387e-04,-9.598352e-01,-6.089944e-01,1.360370e+01
2493,5.571489e-18,-1.553068e-05,-9.477589e-05,5.497691e-04,9.266110e-01,3.063679e+00,1.604448e+01
2494,3.567787e-17,-2.004322e-05,-7.663878e-05,5.337895e-04,-1.883718e+00,-2.288697e+00,1.567247e+01
2495,1.133265e-16,-1.046756e-05,-8.549342e-05,5.418550e-04,-1.154837e+00,9.570277e-01,8.949505e+00
2496,9.941415e-18,-2.685103e-06,-8.444589e-05,5.312026e-04,8.435129e-02,-2.014224e+00,1.251341e+01
2497,2.752354e-18,-1.485392e-05,-9.218633e-05,5.366501e-04,7.572157e-01,7.463330e-02,6.959372e+00
2498,1.154280e-17,-4.307404e-06,-9.649612e-05,5.289807e-04,2.832184e-01,7.672200e-02,6.845286e+00
2499,7.624881e-18,-9.299210e-06,-8.983701e-05,5.437456e-04,-6.910091e-01,2.479121e-01,2.197274e+00
2500,3.983051e-17,2.264556e-06,-8.301323e-05,5.374076e-04,-3.234416e-01,-3.653215e+00,2.046427e+01
2501,1.782792e-18,3.999072e-06,-7.975422e-05,5.312414e-04,2.715977e-01,-1.702523e+00,1.795131e+01
2502,7.670869e-18,1.094110e-05,-9.175978e-05,5.442419e-04,2.954412e-02,-9.091965e-01,9.714417e+00
2503,2.794413e-18,1.172756e-05,-8.750009e-05,5.387797e-04,-1.185676e-01,1.442837e-03,8.854444e+00
2504,1.349778e-17,1.213108e-05,-8.020001e-05,5.400611e-04,-4.800494e-01,1.951991e-01,5.380189e+00
2505,1.004081e-18,5.490310e-06,-9.764660e-05,5.468662e-04,-1.741815e-01,-1.458715e-01,1.748079e+00
2506,2.673032e-18,2.031186e-05,-7.968662e-05,5.466839e-04,1.376256e-01,3.828054e-02,2.060329e+00
2507,4.280063e-16,1.138164e-05,-6.709424e-05,5.453674e-04,-3.338506e-01,9.250677e-04,9.229706e+00
2508,1.485861e-17,-1.128055e-05,-5.531120e-05,5.494619e-04,-1.067666e+00,1.740316e+00,1.696170e+01
2509,8.668644e-17,-5.223256e-06,-6.660883e-05,5.434474e-04,2.135643e-01,-7.353467e-01,1.010080e+01
2510,3.677973e-18,-1.167156e-05,-6.562975e-05,5.467259e-04,-7.285970e-02,-2.033889e-02,8.263901e+00
2511,4.798223e-18,-2.264365e-05,-5.312796e-05,5.419972e-04,-5.281786e-01,1.588368e-01,5.674676e+00
2512,4.053348e-18,-2.323185e-06,-6.017725e-05,5.370982e-04,-3.371865e-02,8.466020e-02,5.339661e+00
2513,6.759351e-19,-6.906402e-06,-7.252047e-05,5.461812e-04,-1.146831e-01,-2.940430e-01,2.142025e+00
2514,3.708985e-18,-8.593927e-06,-6.640454e-05,5.128302e-04,-1.750033e+00,-7.256136e-01,1.612967e+01
2515,5.587267e-17,-8.267679e-06,-6.640001e-05,5.128171e-04,-1.563673e+00,-8.059607e-01,1.572857e+01
2516,8.628111e-18,-1.081871e-05,-7.323503e-05,5.156602e-04,6.409259e-01,-1.211137e+00,1.063589e+01
2517,2.462538e-18,-1.170485e-05,-6.953931e-05,5.219640e-04,-5.069778e-02,1.104516e-01,9.058392e+00
2518,2.610863e-18,-8.315747e-07,-5.312280e-05,5.264305e-04,9.274527e-02,-3.915480e-02,7.044431e+00
2519,4.969194e-18,-1.332200e-05,-5.906450e-05,5.189880e-04,4.565503e-02,2.640466e+00,3.805193e+00
2520,2.373323e-19,-1.288924e-05,-6.991253e-05,5.086477e-04,-9.634199e-01,-1.523992e-02,5.975136e+00
2521,3.232295e-18,-1.093353e-05,-5.469069e-05,5.082226e-04,7.558133e-01,1.721144e-01,6.123946e+00
2522,4.724053e-18,-7.828758e-07,-5.312407e-05,5.184637e-04,-2.690546e-01,-2.876997e-01,6.369159e+00
2523,4.653503e-19,-1.132714e-05,-5.469161e-05,5.139748e-04,1.003547e+00,-3.191227e-02,3.474643e+00
2524,4.335690e-18,-3.117290e-06,-6.327775e-05,5.139906e-04,5.857179e-02,-5.804747e-02,4.452628e+00
2525,3.472399e-18,-2.187822e-05,-5.312416e-05,5.113381e-04,-1.058104e+00,8.980275e-02,7.895060e-01
2526,3.574361e-17,1.139587e-05,-5.297348e-05,5.344204e-04,-3.696246e-02,9.696558e-01,7.980976e+00
2527,7.124115e-18,1.270243e-05,-6.015319e-05,5.286672e-04,-2.367369e-01,-3.240596e-01,9.645404e+00
2528,2.555278e-18,6.251692e-06,-5.703068e-05,5.264031e-04,-4.564945e-02,-9.451523e-02,4.012571e+00
2529,2.127459e-17,1.971501e-06,-5.310681e-05,5.293141e-04,-7.839606e-01,-6.922324e-01,4.788338e+00
2530,3.966246e-18,9.372368e-06,-5.702745e-05,5.406406e-04,4.903515e-02,-1.204316e-02,6.475796e+00
2531,4.825072e-19,1.408696e-05,-7.304908e-05,5.448001e-04,-8.166726e-02,7.844346e-02,5.322217e-01
2532,1.467601e-17,1.746957e-05,-7.017535e-05,5.122874e-04,2.731772e-01,2.954443e-01,2.080353e+01
2533,3.663779e-18,8.401384e-06,-5.156043e-05,5.083328e-04,1.104275e+00,-1.337121e+00,1.922281e+01
2534,5.840806e-18,1.715465e-05,-7.031052e-05,5.072754e-04,-4.113993e-01,-3.648916e-01,2.114768e+01
2535,2.830594e-18,1.092088e-05,-6.090537e-05,5.204137e-04,-9.343471e-02,-5.727958e-03,9.203579e+00
2536,8.416888e-18,1.205077e-05,-6.043141e-05,5.068208e-04,2.362847e-03,-3.099422e-01,5.624616e+00
2537,1.327332e-17,1.780526e-05,-6.875551e-05,5.175408e-04,3.663218e-01,1.190998e-01,4.440826e+00
2538,2.920807e-17,9.365813e-06,-6.405274e-05,5.165480e-04,2.097508e-01,2.480213e-01,4.866033e+00
2539,1.442466e-16,2.045406e-04,8.130023e-06,5.070019e-04,-1.781586e+00,6.267951e-01,8.718991e+00
2540,2.837801e-17,2.058361e-04,1.487753e-05,5.230285e-04,-5.375030e-01,1.531463e+00,9.220430e+00
2541,3.226223e-17,2.125468e-04,1.319889e-05,5.161273e-04,-4.084749e-01,-8.676824e-01,1.098786e+01
2542,2.356314e-18,2.140558e-04,1.561810e-05,5.090212e-04,2.769911e-01,-7.839168e-01,8.214476e+00
2543,2.122158e-18,2.070751e-04,8.513072e-06,5.220005e-04,-2.051898e-01,3.484042e-01,1.124090e+01
2544,1.639520e-18,2.225992e-04,1.177315e-05,5.256155e-04,-3.732615e-02,2.653428e-01,3.855244e+00
2545,3.287410e-18,2.023498e-04,4.679634e-06,5.173061e-04,-6.909305e-03,6.968057e-02,3.359128e+00
2546,2.770366e-17,1.953177e-04,1.563027e-05,5.444909e-04,-1.932196e+00,2.204566e-01,5.464012e+00
2547,1.471686e-16,1.894741e-04,-1.789555e-06,5.351127e-04,-5.071699e-01,3.247180e-01,9.120456e+00
2548,1.098959e-16,1.957582e-04,1.530218e-05,5.445498e-04,-1.836090e+00,7.410502e-02,5.351470e+00
2549,4.108241e-16,1.873693e-04,-3.590754e-06,5.358598e-04,-1.394780e-01,2.928795e-01,8.682200e+00
2550,2.242441e-16,2.028641e-04,2.576627e-06,5.458114e-04,1.362681e-02,3.515144e-01,8.641790e+00
2551,2.393863e-17,1.810371e-04,1.014651e-05,5.490864e-04,-6.630832e-01,-7.614716e-01,1.162834e+01
2552,1.089093e-18,1.866898e-04,3.145762e-06,5.397263e-04,-1.703307e-01,1.870373e-01,5.430947e+00
2553,2.409600e-18,1.960976e-04,8.600943e-06,5.351805e-04,-2.338611e-01,-1.645745e-01,7.237174e+00
2554,1.193643e-18,1.953252e-04,1.020719e-05,5.476326e-04,1.725898e-01,7.317247e-01,1.795829e+00
2555,4.004809e-18,1.921836e-04,1.175509e-05,5.362339e-04,1.748942e-03,-1.102382e-02,3.765698e+00
2556,2.686480e-18,1.789066e-04,1.562044e-05,5.458768e-04,-4.849427e-02,-7.728141e-03,1.745914e+00
2557,1.690283e-17,2.096422e-04,4.857222e-06,5.293701e-04,-3.519342e-01,-2.009500e+00,1.582432e+01
2558,3.692856e-17,2.152533e-04,8.785147e-06,5.344592e-04,4.427207e-01,-5.565984e-01,5.031337e+00
2559,9.232209e-19,2.210960e-04,4.688372e-06,5.411920e-04,1.576201e-01,-6.513711e-02,4.936382e+00
2560,2.785505e-18,2.218780e-04,1.251684e-05,5.401344e-04,4.366654e-02,2.382651e-02,1.670616e+00
2561,3.078557e-18,2.054868e-04,-1.015642e-05,5.135771e-04,-6.620386e-01,1.618258e-01,9.939544e+00
2562,9.876066e-18,2.084255e-04,-5.491079e-06,5.138666e-04,2.779964e-01,7.025146e-02,6.958387e+00
2563,1.489293e-17,2.123810e-04,-9.649998e-06,5.255007e-04,-1.134702e-01,7.849269e-01,6.517250e+00
2564,5.308203e-18,2.195279e-04,-3.125467e-06,5.199604e-04,1.876383e-01,-1.471950e-01,7.593287e+00
2565,3.492733e-18,2.140563e-04,-7.093195e-06,5.130005e-04,-4.039386e-01,-9.045366e-02,3.449125e+00
2566,3.015281e-18,2.195286e-04,-3.120673e-06,5.096920e-04,-1.851111e-01,4.552367e-02,2.725483e+00
2567,3.148994e-18,2.195312e-04,-3.127216e-06,5.059042e-04,1.542729e-01,2.342789e-01,2.838507e+00
2568,2.379677e-16,2.020489e-04,-1.282204e-05,5.456329e-04,9.699438e-02,-2.757440e-01,8.168073e+00
2569,3.173533e-17,2.184901e-04,-5.302840e-06,5.320575e-04,2.006391e-01,-1.190080e+00,8.656434e+00
2570,5.510283e-17,2.009500e-04,-9.692858e-06,5.387341e-04,-4.155649e-01,5.624628e-02,1.232873e+01
2571,1.006073e-17,2.117186e-04,-3.074164e-06,5.351027e-04,-8.766346e-02,1.691143e-02,1.106773e+01
2572,8.265229e-18,2.062526e-04,-1.974090e-06,5.388505e-04,-1.516873e-01,7.527341e-01,1.139943e+01
2573,1.131608e-16,2.184432e-04,-5.495765e-06,5.320893e-04,9.143735e-02,-1.232295e+00,8.686098e+00
2574,3.532612e-18,2.070320e-04,-1.328139e-05,5.290219e-04,1.540216e-02,-3.661033e-02,6.418055e+00
2575,2.483960e-18,2.125004e-04,-1.172258e-05,5.409338e-04,3.240245e-03,2.351926e-01,4.664296e+00
2576,2.715747e-18,2.164009e-04,-1.875775e-05,5.424232e-04,2.308193e-02,-1.979112e-02,1.216842e+00
2577,9.511212e-19,2.007854e-04,-6.262686e-06,5.469217e-04,1.126103e-01,-1.923232e-01,1.908533e+00
2578,5.020168e-18,1.945361e-04,-6.260658e-06,5.326106e-04,-1.547357e-01,4.205297e-02,1.615496e+01
2579,5.154204e-18,1.928430e-04,-1.173369e-05,5.289593e-04,1.525762e-01,2.102888e-01,5.137077e+00
2580,1.052001e-18,1.937542e-04,-1.798012e-05,5.384599e-04,5.172112e-02,2.684910e-01,2.243163e+00
2581,2.279369e-18,1.765686e-04,-1.016983e-05,5.387030e-04,5.347874e-02,-1.524138e-01,2.212700e-01
2582,2.993328e-17,1.881872e-04,-1.025132e-05,4.764012e-04,3.444863e+00,5.011049e-01,-2.921293e+00
2583,2.613276e-17,1.774964e-04,-6.388972e-06,4.858077e-04,-9.222045e-02,-5.813833e-02,1.082117e+01
2584,4.964558e-19,1.769534e-04,-5.859192e-06,4.771668e-04,2.117925e+00,-1.484374e+00,3.273452e+00
2585,8.870369e-18,1.909190e-04,-1.536728e-06,4.912173e-04,-1.402804e+00,2.504259e-01,1.333506e+01
2586,4.764980e-17,1.934250e-04,-3.617193e-06,4.943220e-04,3.354225e+00,1.934413e-01,8.039443e+00
2587,1.115509e-17,1.940781e-04,-6.348106e-06,4.990676e-04,-9.284053e-01,3.671978e-02,6.196730e+00
2588,4.499117e-18,1.886948e-04,-3.903732e-06,4.864990e-04,-9.976278e-02,2.405823e-02,6.077084e+00
2589,1.250301e-17,1.898177e-04,-1.445998e-05,4.891477e-04,-2.247399e-01,-2.949211e-01,4.826692e+00
2590,1.959476e-18,1.931191e-04,-1.541592e-06,4.878970e-04,1.334547e+00,1.544947e-03,1.134022e+01
2591,1.341130e-18,1.984452e-04,-6.251753e-06,4.861381e-04,-3.623315e-01,-8.364082e-02,1.763019e+00
2592,3.758194e-18,1.767093e-04,-1.015840e-05,4.942988e-04,-5.587260e-01,1.614162e-01,2.800485e+00
2593,1.188714e-17,1.976573e-04,-2.424177e-05,4.824365e-04,-1.207414e-01,-4.732749e-02,1.543453e+00
2594,5.469698e-18,1.960939e-04,-2.440227e-05,4.992237e-04,9.650607e-03,-1.392770e-01,1.999988e+00
2595,1.763189e-17,1.610758e-04,-8.732542e-06,4.967472e-04,-2.923887e+00,-1.034571e-04,1.949954e+01
2596,1.634451e-18,1.711006e-04,-1.406139e-05,4.900599e-04,2.740648e-01,3.353991e-01,-3.722352e-01
2597,8.132383e-19,1.524758e-04,-1.550887e-05,4.830451e-04,-8.410421e-01,-1.171159e+00,1.519231e+00
2598,2.262810e-17,1.578143e-04,-1.435090e-05,4.924946e-04,-1.425560e-03,-3.967334e-01,1.128518e+01
2599,1.890477e-18,1.632119e-04,-1.411474e-05,4.954164e-04,-1.305207e-01,3.099776e-02,8.183716e+00
2600,1.334019e-18,1.614930e-04,-8.816149e-06,4.917749e-04,2.330491e+00,9.897064e-01,1.678687e+01
2601,2.471299e-17,1.537383e-04,-7.624187e-06,4.822467e-04,-7.409716e-03,1.166409e+00,5.013838e-01
2602,7.712353e-18,1.633275e-04,-1.407524e-05,4.859095e-04,-1.587152e-01,3.730950e-01,4.333515e+00
2603,4.687626e-18,1.613279e-04,-8.613666e-06,4.855698e-04,-3.771717e-01,2.714163e-01,1.224240e+01
2604,1.338062e-17,1.687319e-04,-2.427398e-05,5.002403e-04,-7.826457e-02,1.695801e-01,3.328270e+00
2605,3.155594e-18,1.547349e-04,-2.380282e-06,4.913681e-04,1.411119e-01,5.845904e-01,-2.290634e-01
2606,4.488459e-18,1.578198e-04,-1.327768e-05,4.829794e-04,-3.828029e-02,-7.152486e-02,7.171418e+00
2607,3.421672e-18,1.632807e-04,-1.560640e-06,4.997231e-04,-1.009248e-02,-1.578916e-01,1.587992e+00
2608,6.321669e-18,1.531455e-04,-6.431091e-06,4.766890e-04,-3.208752e-01,7.745586e-01,2.463092e+00
2609,2.825848e-18,1.640595e-04,-1.405750e-05,4.778823e-04,-4.275343e-01,2.755197e-01,8.783642e-01
2610,4.875609e-19,1.769544e-04,-6.640036e-06,4.756219e-04,-1.726385e+00,1.163714e+00,4.736335e-01
2611,5.311616e-19,1.777356e-04,-5.858989e-06,4.756268e-04,-4.111233e-02,-3.006886e-01,5.497759e-01
2612,1.713929e-18,1.773181e-04,-6.009613e-06,4.733253e-04,-2.287618e-01,4.564869e-01,-1.787335e+00
2613,7.921854e-19,-3.254243e-06,-2.253907e-04,4.707850e-04,-6.437170e-02,3.398147e+00,1.647033e-01
2614,1.409446e-18,-1.509952e-05,-2.375569e-04,4.708659e-04,1.363155e+00,1.959524e+00,-1.943148e+00
2615,2.087764e-18,-1.483218e-05,-2.390545e-04,4.762230e-04,-1.154311e-01,-8.227586e-01,2.785603e+00
2616,6.188029e-19,-3.906255e-07,-2.347657e-04,4.732524e-04,7.121064e-01,3.479564e+00,-1.181264e+00
2617,5.001728e-19,-1.601626e-05,-2.336095e-04,4.744483e-04,1.634465e-01,-2.581630e-02,3.687203e-01
2618,2.629685e-18,1.325615e-05,-2.351678e-04,4.764620e-04,-4.417147e-01,-1.421720e-01,-6.760333e-01
2619,2.096070e-18,9.367486e-06,-2.376411e-04,4.731463e-04,2.046851e-01,3.578442e+00,-3.271336e+00
2620,1.014736e-17,8.460754e-06,-2.494406e-04,4.741818e-04,8.078844e-01,2.233751e-01,9.099789e-01
2621,2.997053e-19,1.445468e-05,-2.425786e-04,4.744534e-04,2.225205e+00,2.048007e+00,2.333484e+00
2622,2.894031e-19,1.054727e-05,-2.496092e-04,4.697705e-04,2.028681e+00,3.685476e-01,-1.481944e+00
2623,4.150048e-17,3.486319e-06,-2.049088e-04,4.629720e-04,1.137621e+00,-3.740265e-01,6.458779e+00
2624,1.140091e-18,1.073509e-05,-2.197463e-04,4.701471e-04,-4.480344e+00,-3.403873e+00,-2.780954e+00
2625,5.733438e-19,1.132853e-05,-2.191383e-04,4.717547e-04,-3.848690e+00,-1.529834e+00,-1.762959e+00
2626,3.490134e-18,7.755786e-06,-2.202075e-04,4.758844e-04,5.789951e-01,-1.475029e+00,3.871882e+00
2627,1.002852e-18,1.188102e-05,-2.175764e-04,4.739731e-04,-2.609717e+00,1.505519e-01,3.698642e+00
2628,3.200761e-19,1.132994e-05,-2.183569e-04,4.728919e-04,-1.767298e+00,7.744603e-01,1.907325e+00
2629,2.155090e-18,1.016106e-05,-2.039026e-04,4.764262e-04,1.732588e-02,-3.960631e-02,2.927754e+00
2630,2.350974e-18,-2.336403e-06,-2.164560e-04,4.764049e-04,5.002887e+00,-1.433770e-01,1.260626e+00
2631,6.443450e-18,-1.134661e-05,-1.986455e-04,4.713938e-04,4.380322e+00,7.262418e+00,-6.161060e+00
2632,8.860898e-19,-2.735176e-06,-2.052995e-04,4.749949e-04,1.876756e+00,-1.477654e+00,-2.325911e+00
2633,5.481575e-17,-8.374312e-06,-1.716203e-04,4.560357e-04,-5.359541e-01,-2.908446e-01,7.088336e+00
2634,5.353412e-19,-7.421908e-06,-1.667968e-04,4.748642e-04,1.048149e+00,2.206300e+00,2.406895e+00
2635,1.079381e-18,-1.875895e-05,-1.828070e-04,4.728916e-04,-3.652252e-01,1.467477e-01,4.734482e+00
2636,1.278679e-18,1.091262e-05,-1.906146e-04,4.713267e-04,1.562445e-01,4.497540e-01,-1.834718e+00
2637,1.281597e-18,1.323977e-05,-1.866708e-04,4.752400e-04,-2.484112e-01,-7.785901e-02,-3.373216e-01
2638,7.766588e-19,-6.260942e-06,-1.855466e-04,4.744443e-04,1.338178e+00,-1.480524e+00,-1.508985e+00
2639,3.781612e-18,1.015650e-05,1.851567e-04,5.021215e-04,2.230631e+00,2.673882e+00,1.650856e+01
2640,8.408138e-17,1.043443e-05,1.855903e-04,5.024812e-04,2.507183e+00,2.466597e+00,1.683953e+01
2641,1.180997e-17,1.367056e-05,1.946816e-04,4.951897e-04,-1.335041e-01,-9.451073e-01,3.737177e+00
2642,1.200907e-16,1.776902e-06,1.945810e-04,5.018356e-04,-8.888925e-01,-1.875323e+00,1.195143e+01
2643,1.477808e-18,7.814984e-06,1.773438e-04,4.900437e-04,2.310804e-02,-2.645423e-01,1.676460e+00
2644,2.726904e-17,3.131981e-06,1.845931e-04,4.950853e-04,1.557050e+00,-1.012334e+00,7.272118e+00
2645,2.216718e-17,-4.523303e-07,1.830132e-04,4.925720e-04,3.494967e+00,-8.219487e-01,3.795934e+00
2646,3.349625e-18,1.560929e-06,1.788997e-04,4.973853e-04,-4.055454e-01,2.368737e-01,8.778582e+00
2647,3.474145e-18,3.916136e-06,1.968643e-04,4.795031e-04,-5.235534e-01,-3.577932e-01,3.314718e+00
2648,2.097297e-18,2.460957e-05,1.851082e-04,4.906150e-04,1.305212e-01,1.143672e-01,2.507786e+00
2649,5.847296e-19,8.004778e-07,1.957033e-04,4.814520e-04,-1.130051e+00,6.028294e-01,6.093731e+00
2650,2.549562e-19,-2.069981e-05,1.839851e-04,4.799305e-04,-4.606177e-01,1.144464e+00,-4.171636e+00
2651,7.829566e-18,-8.580940e-06,1.914055e-04,4.911877e-04,-3.744826e-01,3.851787e-01,1.105088e+00
2652,1.148813e-18,-8.601798e-06,1.953135e-04,5.025085e-04,2.420797e-02,-8.644949e-02,1.764685e+00
2653,8.527616e-19,-9.527079e-06,1.842487e-04,4.853678e-04,3.620055e-01,4.021869e-01,3.602919e+00
2654,2.750666e-18,-6.245703e-06,1.929529e-04,4.842704e-04,8.931188e-02,2.970331e-01,2.079540e+00
2655,1.199947e-17,-1.166468e-05,1.795821e-04,4.862798e-04,-1.324027e+00,4.998241e+00,8.191379e+00
2656,2.183910e-17,-7.080543e-06,1.832632e-04,5.013118e-04,8.281101e-01,7.062039e-01,1.499850e+01
2657,3.642833e-18,-7.837012e-06,1.812823e-04,4.940016e-04,2.382446e-01,-1.329166e+00,1.129390e+01
2658,2.215815e-17,-1.063768e-05,1.781610e-04,4.992549e-04,-1.400701e+00,-3.316997e-01,7.403592e+00
2659,4.794861e-18,-5.467625e-06,1.949781e-04,4.975048e-04,-4.949677e-01,1.176599e+00,5.730077e+00
2660,6.298421e-18,-4.371324e-06,1.828165e-04,4.850231e-04,-7.604706e-01,9.327203e-01,5.867620e+00
2661,1.827106e-18,-1.010983e-05,1.845426e-04,5.022481e-04,1.132287e+00,1.103633e-01,6.395598e+00
2662,5.645042e-19,-1.133085e-05,1.816398e-04,4.880486e-04,8.044233e-01,9.672032e-01,1.470891e+01
2663,6.351201e-18,-1.720341e-05,1.832920e-04,4.991569e-04,2.106367e-01,-6.052615e-01,2.367004e+00
2664,3.660169e-18,-2.856039e-06,1.960946e-04,4.959524e-04,-5.884968e-01,-1.348397e-01,1.363378e+01
2665,3.132701e-19,-1.132971e-05,1.816385e-04,4.846024e-04,1.374170e+00,2.454374e+00,1.094896e+01
2666,6.187507e-19,-6.953105e-07,1.964843e-04,4.923476e-04,1.991754e+00,1.791310e+00,1.167934e+01
2667,8.026339e-18,-8.658188e-07,1.960853e-04,4.862511e-04,3.153788e-01,2.944491e-01,7.881498e+00
2668,1.190761e-18,-7.680042e-07,1.867304e-04,4.868997e-04,-9.314881e-03,-4.031711e-01,2.942336e+00
2669,1.838554e-18,-2.460895e-05,1.859368e-04,4.959206e-04,-1.172729e-01,-6.595437e-02,3.360570e+00
2670,2.180502e-16,-9.758472e-06,1.854715e-04,5.140885e-04,1.920283e-01,8.138053e-01,3.594760e+00
2671,2.039073e-17,-1.413059e-05,1.815349e-04,5.213383e-04,1.949782e-01,3.569243e+00,2.450268e+01
2672,1.957643e-17,-3.922563e-06,1.792401e-04,5.150861e-04,4.211308e+00,3.585815e+00,1.645279e+01
2673,2.998033e-17,3.974772e-06,1.967209e-04,5.170192e-04,-2.132777e-01,3.416091e-01,1.601107e+01
2674,2.613107e-17,1.574395e-05,1.883188e-04,5.059592e-04,9.530390e-01,6.105143e-01,2.151676e+00
2675,3.375587e-18,1.560644e-06,1.773475e-04,5.074236e-04,1.780501e-01,1.149424e+00,9.743999e+00
2676,1.328828e-17,1.278986e-05,1.812728e-04,5.110950e-04,9.289048e-01,-3.332631e-01,6.800188e+00
2677,2.292911e-17,1.241732e-05,1.782895e-04,5.087469e-04,-7.694199e-01,3.562338e+00,8.331494e+00
2678,4.693286e-18,3.129293e-06,1.851565e-04,5.094075e-04,3.884901e-02,-1.650238e-03,6.444259e+00
2679,2.930957e-18,3.142300e-06,1.914023e-04,5.120306e-04,3.321131e-02,-2.998630e-02,4.048211e+00
2680,5.673406e-18,1.236604e-05,1.945144e-04,5.124980e-04,-1.502573e+00,7.814993e-01,3.917190e+00
2681,1.399381e-18,1.329007e-05,1.835730e-04,5.124827e-04,-4.796756e-01,-2.064355e+00,2.120879e+00
2682,7.904716e-19,4.295843e-06,1.962352e-04,5.111136e-04,-1.022295e+00,-2.850141e+00,1.394409e+01
2683,8.387810e-18,-1.905621e-05,1.818000e-04,5.108332e-04,1.446673e-01,-1.739291e-01,3.554796e+00
2684,2.232621e-18,-3.845305e-06,1.788183e-04,5.182284e-04,-2.223950e-01,2.117251e-01,1.271697e+01
2685,7.699687e-18,-3.905010e-06,1.796839e-04,5.068260e-04,1.602911e-01,-1.203010e-01,1.188476e+01
2686,1.197599e-17,-2.025762e-05,1.932239e-04,5.154637e-04,8.874266e-01,-2.600830e-01,3.666987e+00
2687,1.544965e-18,-8.588568e-06,1.953167e-04,5.078659e-04,2.783808e-01,1.505811e-01,1.805202e+00
2688,3.706923e-18,-3.880238e-06,1.929399e-04,5.061789e-04,1.124371e-01,-1.027374e-01,1.438611e+00
