droplet_id,volume,ux,uy,uz,vx,vy,vz
1,6.795613e-17,-2.675445e-05,1.375835e-06,5.221853e-04,2.153005e-01,-4.770478e-02,8.870291e+00
2,6.818074e-18,-2.624405e-05,1.638978e-05,5.158068e-04,-1.332276e+00,5.532176e-01,5.426638e-01
3,5.387500e-16,-4.970196e-05,1.016510e-06,5.297262e-04,-2.480135e-02,1.262184e-01,9.442927e+00
4,3.928115e-17,-4.558726e-05,1.309119e-05,5.401293e-04,-3.331579e-01,2.554623e-01,6.621142e+00
5,6.198239e-17,-3.137449e-05,5.126668e-06,5.382760e-04,1.310982e-01,1.351999e-01,5.244109e+00
6,4.682734e-18,-3.281561e-05,1.327998e-05,5.340334e-04,-3.035124e-01,4.550541e-02,7.107417e+00
7,3.036122e-18,-3.828453e-05,1.873925e-05,5.329810e-04,-3.579019e-02,-3.726185e-01,6.946082e+00
8,1.126621e-18,-4.121259e-05,1.660159e-05,5.387879e-04,8.817557e-02,6.735576e-02,3.081243e+00
9,1.456812e-18,-3.828396e-05,1.863066e-05,5.433197e-04,6.411675e-02,-1.044449e-01,1.038225e+00
10,1.259123e-18,-3.828482e-05,1.873988e-05,5.356302e-04,1.770408e-02,3.475628e-01,1.783798e-01
11,1.515131e-18,-3.592653e-05,4.685599e-06,5.392968e-04,-1.652659e-01,-8.066079e-03,2.326740e+00
12,5.686478e-16,-3.732547e-05,-7.519016e-06,5.390820e-04,-2.577707e-01,6.865579e-02,1.218878e+01
13,2.315863e-17,-4.400584e-05,-1.775898e-05,5.247050e-04,2.269555e+00,6.620255e-01,5.080234e+00
14,1.177367e-17,-3.431722e-05,-1.809850e-05,5.299214e-04,-1.341588e-02,7.699430e-01,1.552145e+01
15,1.254438e-17,-3.516945e-05,-1.405147e-05,5.322538e-04,1.003718e-01,-1.417112e-01,1.319037e+01
16,5.288981e-18,-4.530764e-05,-9.371797e-06,5.341357e-04,-1.546803e-01,-1.185216e-01,1.818288e+01
17,3.656318e-18,-3.437617e-05,-1.891275e-05,5.359228e-04,-5.749174e-02,9.004328e-01,1.520843e+01
18,5.068280e-18,-3.436885e-05,-2.187813e-05,5.430376e-04,5.398660e-02,3.180653e-01,1.639327e+01
19,1.599744e-17,-2.532024e-05,-7.688180e-06,5.288641e-04,-3.277390e-01,-8.746078e-02,8.511472e+00
20,2.778828e-18,-2.578089e-05,-6.254071e-06,5.418314e-04,8.789160e-03,-1.411204e-01,7.141594e+00
21,1.335926e-18,-4.457236e-05,-7.565125e-07,5.258991e-04,-1.658940e+00,-1.312677e+00,1.445813e+01
22,2.823995e-16,-4.097388e-05,2.881591e-06,5.057222e-04,1.815942e-02,2.352859e-01,7.713111e+00
23,4.613486e-17,-3.392942e-05,1.471682e-05,5.120561e-04,2.139888e-01,-1.668410e-01,5.255309e+00
24,3.010175e-17,-4.370657e-05,1.040099e-05,5.216541e-04,8.646090e-01,-3.858595e-01,1.116370e+01
25,1.534201e-18,-4.138191e-05,-7.544079e-07,5.136007e-04,8.703421e-01,6.079292e-01,8.231730e+00
26,3.983340e-17,-3.539340e-05,3.538820e-06,5.181210e-04,1.170742e-01,-9.041033e-02,2.454527e+00
27,1.207766e-18,-3.824971e-05,1.874134e-05,5.021070e-04,-1.909295e-01,-5.217018e-01,-1.746593e+00
28,1.861069e-16,-6.814401e-05,8.309925e-06,5.392092e-04,-8.180787e-01,6.620516e-01,6.459123e+00
29,5.287158e-17,-5.622850e-05,1.034315e-05,5.465070e-04,1.109142e+00,3.774943e-02,2.598851e+01
30,7.059046e-18,-7.127878e-05,-1.492561e-05,5.310549e-04,2.775525e-01,-3.534755e+00,1.350049e+01
31,5.166605e-18,-7.108111e-05,-1.615154e-05,5.410418e-04,-1.212913e-01,-3.059981e+00,1.416594e+01
32,4.355885e-18,-7.109469e-05,-1.563020e-06,5.370726e-04,9.419285e-02,5.344098e-02,5.184075e+00
33,2.608512e-18,-7.109951e-05,-1.564195e-06,5.404335e-04,1.899753e-01,2.227924e-02,2.299975e+00
34,3.345729e-18,-7.109104e-05,-1.563763e-06,5.330045e-04,-1.420086e-02,-3.875472e-03,5.185808e+00
35,2.857013e-18,-5.310559e-05,-9.374501e-06,5.471316e-04,1.423117e-01,-5.120313e-01,-8.077135e-01
36,3.205414e-18,-6.720882e-05,1.247961e-05,5.322760e-04,-3.427839e+00,-4.608685e-01,1.193382e+01
37,7.916024e-18,-5.852966e-05,9.448895e-06,5.312163e-04,1.784443e-01,2.489280e-01,1.880176e+01
38,4.372740e-18,-6.874955e-05,1.718911e-05,5.490407e-04,6.602768e-02,-1.659131e-01,8.041610e+00
39,2.297096e-17,-7.586376e-05,1.428383e-05,5.291695e-04,2.497637e-01,1.461508e+00,3.771269e+00
40,3.206736e-18,-7.268634e-05,1.182294e-05,5.369179e-04,-5.483361e-01,5.665425e-01,4.179811e+00
41,4.749092e-18,-7.499847e-05,-1.405887e-05,5.065956e-04,-7.881821e-02,-3.880519e-01,5.579779e+00
42,1.362183e-18,-6.172915e-05,-7.737394e-07,5.043959e-04,-3.443385e-02,-6.688947e-02,4.381873e+00
43,2.701746e-19,-7.539108e-05,-1.210904e-05,5.044143e-04,1.411646e-01,-1.931597e+00,6.693863e-01
44,1.305509e-18,-5.234626e-05,-1.172294e-05,5.197926e-04,-2.188877e-01,-6.769856e-01,-6.673377e-01
45,1.745507e-18,-5.228979e-05,-1.166449e-05,5.042970e-04,-2.588463e-03,-2.188610e-01,-7.963982e-02
46,1.882628e-16,-5.701474e-05,7.961094e-06,5.099495e-04,1.145349e+00,-2.545630e-01,1.138794e+01
47,1.575064e-18,-5.937557e-05,3.905135e-06,5.020870e-04,2.262427e-02,-3.291318e-02,6.143191e+00
48,1.371478e-18,-6.874899e-05,1.717652e-05,5.144200e-04,-3.253091e-02,4.600548e-01,3.939872e+00
49,1.428069e-17,-6.383959e-05,4.306782e-06,5.190482e-04,5.143675e-01,-4.227520e-01,3.821781e+00
50,7.074397e-18,-6.874584e-05,8.984991e-06,5.082558e-04,1.240826e-01,-1.229119e+00,1.944997e+00
51,3.248315e-17,-7.770678e-06,-1.097771e-04,5.021096e-04,2.191342e+00,-1.088209e+00,1.917901e+01
52,7.977646e-12,1.312785e-07,1.230823e-07,3.858672e-04,5.847686e-03,6.954085e-03,-9.607545e+00
53,8.618754e-18,-2.061616e-06,-1.020872e-04,4.870945e-04,-1.447584e+00,-9.256802e-01,7.258908e+00
54,1.336320e-17,-1.635546e-05,-1.144069e-04,4.822004e-04,-7.581224e-01,1.589631e+00,2.522161e+00
55,6.475103e-17,-2.378983e-05,-1.197020e-04,4.926366e-04,-1.475721e-02,9.850638e-03,-7.443168e-01
56,5.456211e-18,-9.038655e-06,-1.058606e-04,4.900374e-04,1.085364e+00,1.705050e+00,1.061465e+01
57,7.022295e-18,-1.021390e-05,-1.261803e-04,4.962585e-04,-2.787792e-01,-1.463247e+00,8.950217e+00
58,1.662750e-17,-1.895914e-05,-1.209349e-04,4.805910e-04,-6.083976e-01,-2.123973e-01,4.056718e+00
59,8.673229e-18,7.880559e-07,-1.015611e-04,4.896612e-04,-8.478246e-01,3.806447e-01,4.582922e+00
60,1.007999e-18,-4.298576e-06,-1.084535e-04,4.824063e-04,2.851797e+00,4.145253e-01,2.778344e+00
61,3.159801e-18,-1.652376e-06,-1.069626e-04,4.807508e-04,-2.367614e+00,-9.387842e-02,2.544404e+00
62,2.206166e-18,-3.202560e-06,-1.062240e-04,4.771554e-04,-1.105522e-01,2.151381e+00,-2.777781e+00
63,1.675080e-18,-3.517030e-06,-1.079538e-04,4.804417e-04,2.723817e+00,-1.401365e+00,2.131343e+00
64,2.708742e-19,-1.523808e-05,-1.043011e-04,4.825887e-04,-2.086314e+00,2.867336e+00,-3.574417e-01
65,1.557819e-17,1.479779e-06,-1.070406e-04,4.859882e-04,-9.896373e-01,5.943025e-01,6.915810e+00
66,3.007113e-18,-7.783556e-06,-1.093764e-04,4.962237e-04,1.638855e-01,-2.115026e-02,1.697521e+01
67,1.288157e-18,-7.825136e-06,-1.093668e-04,4.927525e-04,-3.097874e-01,3.081157e-01,1.294254e+01
68,1.076976e-18,-7.028071e-06,-1.179834e-04,4.872888e-04,-1.547597e+00,-7.675435e-02,4.972844e-01
69,5.728154e-19,-1.914574e-05,-1.211019e-04,4.771226e-04,1.415134e+00,-4.240198e-01,4.808512e+00
70,2.999202e-18,-6.246709e-06,-9.999706e-05,4.768336e-04,-2.722235e-01,3.271613e-01,1.408532e-01
71,3.524686e-18,7.582617e-07,-1.234109e-04,4.982541e-04,1.504728e-01,-3.095465e-01,9.471180e-01
72,1.927354e-17,-6.213365e-06,-7.412687e-05,4.888863e-04,-1.987232e-01,-1.138512e-01,9.963682e+00
73,1.099075e-17,-1.438752e-05,-8.362841e-05,4.968909e-04,1.732080e+00,-2.809172e-01,4.755448e+00
74,2.785682e-18,-9.380800e-06,-8.125086e-05,4.876307e-04,-1.086416e-01,-1.663403e-01,1.015887e+00
75,3.510135e-18,-2.343652e-06,-9.687793e-05,5.009225e-04,1.272529e-02,1.721174e-01,6.973483e+00
76,3.560736e-18,-2.349587e-06,-9.687311e-05,4.899977e-04,-1.988433e-01,2.112722e-01,5.325352e+00
77,1.234794e-16,-3.192462e-06,-7.880322e-05,5.033940e-04,2.594239e-01,8.015339e-01,4.078132e+00
78,3.743873e-18,-2.096471e-05,-7.614368e-05,4.855598e-04,7.193712e-01,3.307977e+00,8.707139e+00
79,2.657359e-19,-2.148295e-05,-7.773383e-05,4.833799e-04,2.248163e+00,4.205688e+00,8.687017e+00
80,4.291481e-18,-7.795693e-05,-1.165160e-05,5.076155e-04,-1.457599e-01,8.353849e-02,4.519612e+00
81,1.263106e-17,-9.240012e-05,1.611957e-05,5.068198e-04,-9.937468e-01,-6.434305e-03,2.948770e+00
82,2.027556e-18,-9.140750e-05,-1.794380e-05,5.025057e-04,1.499286e-01,-4.410392e-01,-8.129540e-01
83,2.121533e-17,-8.438557e-05,1.484424e-05,5.216218e-04,-1.428104e-01,-8.712324e-01,2.872266e+00
84,3.805420e-16,-9.201002e-05,-4.773883e-06,5.341332e-04,1.519556e-01,-4.726687e-01,8.800205e+00
85,1.086341e-17,-8.202969e-05,-9.114674e-06,5.439311e-04,-3.803617e-01,4.302490e-01,7.908507e+00
86,7.836242e-17,-8.241610e-05,-9.045379e-06,5.440438e-04,-3.566528e-01,4.276416e-01,7.775288e+00
87,4.361573e-18,-8.750124e-05,-1.171716e-05,5.484111e-04,6.024185e-02,1.455123e-01,1.234180e+01
88,3.069045e-18,-7.812554e-05,2.680619e-09,5.440505e-04,-7.907699e-03,2.602600e-01,8.405763e+00
89,4.570622e-17,-9.088554e-05,-3.252762e-06,5.466420e-04,1.792027e-01,1.412125e+00,4.127160e+00
90,4.441228e-18,-8.359359e-05,-4.690189e-06,5.311409e-04,4.318291e-02,1.157437e-01,3.780936e+00
91,2.236693e-18,-9.687767e-05,-9.383656e-06,5.427157e-04,-5.732073e-03,6.180523e-02,1.001222e+00
92,2.724054e-18,-7.968928e-05,-1.796929e-05,5.301059e-04,-1.305438e-02,-1.745493e-01,6.382845e-01
93,6.370269e-17,-9.840490e-05,4.319340e-06,5.326343e-04,3.931951e-01,1.031549e+00,1.279418e+01
94,3.921949e-17,-8.854787e-05,2.879345e-06,5.445312e-04,1.973999e+00,-2.195333e-01,1.337584e+01
95,4.744372e-18,-8.395510e-05,6.829805e-06,5.496790e-04,2.385372e-01,-1.182957e+00,1.708150e+01
96,2.542873e-18,-8.671684e-05,5.471313e-06,5.292571e-04,-9.932017e-03,9.849007e-02,7.226917e+00
97,1.431067e-16,-1.218707e-04,-1.780646e-05,5.238161e-04,2.415465e+00,-2.060994e+00,1.574202e+01
98,2.414910e-18,-1.147943e-04,-2.860475e-06,5.491257e-04,1.549491e-01,-3.710174e+00,2.631575e+01
99,1.085470e-18,-1.078094e-04,1.836238e-05,5.427388e-04,-7.527161e-02,1.161327e-01,2.603636e+00
100,5.061981e-18,-1.088227e-04,9.534198e-07,5.010032e-04,1.767675e+00,-3.107739e+00,9.800099e+00
101,3.414138e-18,-1.179668e-04,1.328232e-05,5.009220e-04,-1.839442e-01,6.607657e-02,1.019907e+01
102,1.116877e-18,-1.068312e-04,4.596537e-06,5.197834e-04,1.419899e-01,-5.322122e-02,1.883001e+01
103,8.928042e-18,-1.202963e-04,1.519547e-09,5.017069e-04,-1.990143e-01,2.436756e-01,6.113584e+00
104,4.872285e-18,-1.046843e-04,1.406379e-05,5.052782e-04,5.701185e-02,3.413120e-01,8.179123e+00
105,1.009527e-18,-1.027345e-04,5.677299e-08,5.038099e-04,3.594066e+00,-1.056023e+00,1.760222e+01
106,1.488451e-18,-1.052840e-04,2.151470e-06,5.180842e-04,5.339632e-02,1.806491e-01,2.303627e+00
107,6.987293e-18,-1.241078e-04,2.209861e-05,5.227477e-04,3.118075e-01,1.643484e-01,5.001215e-01
108,4.878889e-18,1.140577e-04,-6.251171e-06,4.934147e-04,3.189618e-01,5.157903e-02,7.834641e+00
109,1.061843e-18,1.046929e-04,-7.033853e-06,4.919648e-04,1.834249e-01,-5.464448e-01,1.447474e+00
110,1.482874e-18,1.218768e-04,-2.032208e-05,4.966474e-04,1.099109e-01,-1.722135e-01,-2.968006e+00
111,4.063790e-18,1.012663e-04,-7.590535e-06,4.781383e-04,-6.619176e-02,7.236865e-01,3.121817e+00
112,1.388829e-18,1.229094e-04,-1.243221e-05,4.782147e-04,3.000606e-01,4.143449e-01,4.430308e+00
113,1.244029e-18,1.144531e-04,1.482192e-06,4.837452e-04,2.417217e+00,4.461676e+00,3.973096e+00
114,3.152421e-18,1.195276e-04,1.874681e-05,4.970558e-04,-1.401183e-01,1.305494e-01,6.479681e+00
115,2.517592e-18,1.203578e-04,1.490081e-05,4.987275e-04,2.964215e-01,-5.924136e-01,6.801447e+00
116,3.282554e-18,1.195315e-04,1.875235e-05,4.861109e-04,-3.835892e-01,-1.457171e-01,4.134049e+00
117,3.904893e-18,1.203157e-04,1.168924e-05,5.001862e-04,-2.181559e-01,5.950229e-01,3.600880e+00
118,3.645986e-18,1.046842e-04,1.484421e-05,4.986067e-04,-7.420132e-01,2.531415e-01,3.248669e+00
119,1.234432e-18,1.179898e-04,8.138247e-07,5.020870e-04,-3.502801e-01,1.187677e-01,8.367602e+00
120,4.030531e-18,1.235916e-04,1.015384e-05,4.869438e-04,-9.820302e-02,-2.730573e-01,3.358671e+00
121,3.739416e-19,1.097655e-04,8.985721e-06,4.888537e-04,-6.726013e-01,7.580467e-01,1.868308e+00
122,5.866396e-19,1.047036e-04,1.522982e-05,5.121048e-04,3.130933e-02,2.696993e-01,2.547200e+00
123,8.427401e-18,1.181805e-04,1.511201e-05,5.203749e-04,4.213821e+00,-2.116776e+00,1.076672e+01
124,8.032956e-19,1.142038e-04,-5.601139e-06,5.167269e-04,-2.796359e-01,6.730813e-01,8.363385e+00
125,3.979605e-18,1.148432e-04,-1.797045e-05,5.259612e-04,-4.258336e-02,3.499277e-02,4.120800e+00
126,4.977412e-17,-4.920717e-06,-5.187018e-05,5.218177e-04,7.031713e-01,1.285469e+00,7.863700e+00
127,2.269607e-17,-1.103136e-05,-3.792630e-05,5.270982e-04,2.060098e+00,-5.956034e+00,2.552784e+01
128,5.270996e-18,-1.248536e-05,-4.312729e-05,5.305728e-04,1.746453e-02,2.028473e-01,5.932471e+00
129,2.250072e-18,1.506747e-06,-2.413072e-05,5.337142e-04,1.650246e-02,-1.707490e-01,1.175747e+00
130,2.118900e-18,1.162727e-05,-4.218295e-05,5.343069e-04,2.027496e-01,9.099992e-03,4.909010e+00
131,4.508188e-18,7.813581e-06,-3.827952e-05,5.475668e-04,1.183474e-02,-3.428239e-02,5.872064e+00
132,1.417909e-18,1.328262e-05,-3.906070e-05,5.363864e-04,2.651128e-01,-1.085870e-01,3.958287e+00
133,3.510976e-18,7.028955e-06,-4.452644e-05,5.281687e-04,-1.133796e-01,8.976263e-02,2.785684e+00
134,1.540910e-16,-3.688926e-06,-5.185481e-05,5.102999e-04,2.824396e-01,-7.779874e-01,6.594465e+00
135,4.131600e-19,-2.460903e-05,-3.398688e-05,5.113198e-04,-3.085321e+00,-1.678837e+00,2.426514e+01
136,5.988627e-18,-2.344028e-05,-3.295537e-05,5.098105e-04,-2.127348e+00,-8.605932e-01,2.724635e+01
137,3.225384e-18,-1.406541e-05,-3.519094e-05,5.194103e-04,5.192444e-01,-4.430013e+00,2.181948e+01
138,1.499352e-17,-7.028825e-06,-4.062667e-05,5.186349e-04,-5.649945e-01,5.083958e-01,4.224386e+00
139,9.307280e-17,-6.894726e-06,-4.027184e-05,5.184973e-04,-4.089844e-01,6.229305e-01,4.161614e+00
140,6.941899e-18,-1.398162e-05,-3.163218e-05,5.052998e-04,-3.657187e-01,-2.127043e+00,1.751530e+01
141,5.054601e-18,-1.247775e-05,-4.216043e-05,5.042190e-04,-2.255778e-01,-7.601193e-02,2.910133e+00
142,3.038711e-17,-1.721324e-05,-4.715435e-05,5.113272e-04,3.918343e-03,1.611832e+00,6.213886e+00
143,3.992045e-17,-1.441798e-05,-2.918171e-05,5.187865e-04,5.783270e-01,-5.289354e-01,4.633530e+00
144,5.932255e-18,-1.956000e-05,-4.418010e-05,5.080528e-04,5.699586e-01,-1.385104e+00,2.753318e+00
145,5.927622e-18,-1.402589e-05,-3.331620e-05,5.161755e-04,-1.002535e+00,-3.147734e+00,2.316443e+01
146,5.167681e-18,-1.251068e-05,-4.211996e-05,5.129591e-04,1.065624e+00,3.165189e-01,5.009467e+00
147,1.933447e-18,-2.255975e-05,-3.242205e-05,5.053980e-04,-2.132563e+00,-9.521342e-01,2.524668e+01
148,2.702887e-18,3.130645e-06,-7.578942e-05,5.277002e-04,-4.349898e-01,-6.005915e-01,1.449560e+01
149,3.576981e-17,-2.056686e-05,-7.716688e-05,5.377154e-04,-1.833433e+00,-2.288005e+00,1.552944e+01
150,4.266268e-18,9.373807e-06,-5.702736e-05,5.423819e-04,-2.260349e-01,1.252787e-01,6.273852e+00
151,1.607812e-18,6.250538e-06,-5.702898e-05,5.274209e-04,1.914177e-02,1.395352e-01,2.846602e+00
152,7.239817e-18,-5.467059e-06,-6.640513e-05,5.456211e-04,2.786925e-01,-7.144446e-01,1.018204e+01
153,7.922744e-17,-5.180793e-06,-6.681415e-05,5.460160e-04,2.178093e-01,-7.251810e-01,1.005860e+01
154,4.358903e-18,-1.171910e-05,-6.562588e-05,5.488866e-04,9.092379e-02,1.088614e-02,8.180955e+00
155,3.812554e-18,-2.342749e-06,-6.015373e-05,5.385500e-04,4.276880e-02,1.326660e-02,5.454491e+00
156,4.648065e-18,-2.266542e-05,-5.312402e-05,5.432372e-04,-3.899944e-01,-5.079427e-02,5.870042e+00
157,2.837930e-18,-7.523158e-07,-5.312566e-05,5.285299e-04,1.090969e+00,3.937027e-02,8.142903e+00
158,2.275134e-19,-6.645645e-06,-7.226758e-05,5.459921e-04,-2.336085e-01,-4.146949e-01,1.174721e+00
159,2.870234e-18,9.375292e-05,7.834860e-07,4.758915e-04,4.213366e-01,-4.469665e-02,-1.995391e+00
160,5.446566e-18,7.647738e-05,6.359755e-06,4.988296e-04,-8.633406e-01,-6.884438e-01,1.188372e+01
161,2.828299e-18,8.985793e-05,-7.671693e-07,4.931727e-04,-2.866298e-01,-3.807649e-01,4.318437e+00
162,3.274530e-18,9.450793e-05,8.062652e-07,4.939200e-04,9.012750e-02,5.355668e-01,4.713830e+00
163,7.685857e-18,7.577495e-05,4.694041e-06,4.920170e-04,-2.580804e-01,5.913560e-02,7.886712e+00
164,3.693496e-18,8.984203e-05,-8.379109e-07,5.018836e-04,1.267021e-01,-1.443183e+00,5.465021e+00
165,2.251493e-17,8.606095e-05,4.676128e-06,5.032431e-04,-2.077668e-01,-4.159367e-01,6.602773e+00
166,1.613148e-18,9.687698e-05,3.129754e-06,4.904013e-04,-4.623924e-02,1.774198e-01,4.000333e-01
167,2.377266e-18,5.507799e-05,1.420623e-05,4.777384e-04,-1.215934e-01,2.740139e+00,3.120421e+00
168,3.345143e-18,5.079482e-05,1.404404e-05,4.837887e-04,3.223815e-01,4.916673e-01,6.222757e+00
169,4.784210e-18,6.015561e-05,4.719249e-06,4.924651e-04,-1.117825e-02,-3.476659e-01,2.981059e+00
170,2.815684e-18,6.796125e-05,1.795540e-05,4.932300e-04,1.537462e-01,-2.482163e-01,3.619103e+00
171,3.522273e-18,6.328701e-05,1.563071e-06,4.876900e-04,-4.131414e-01,3.785515e-02,1.499648e+00
172,2.948596e-18,6.171790e-05,8.859522e-07,5.011399e-04,2.464904e-02,-1.352346e+00,3.102436e+00
173,3.689796e-18,6.640853e-05,3.124494e-06,5.001464e-04,-4.762424e-02,-4.188052e-02,2.322935e+00
174,1.491348e-18,6.913927e-05,8.597499e-06,5.009821e-04,-3.037008e+00,-2.300339e+00,1.953690e+01
175,5.912949e-19,5.429643e-05,8.660060e-06,4.794856e-04,-1.598291e+00,-4.287869e-01,4.106242e+00
176,2.599134e-18,5.006472e-05,1.334120e-05,4.789687e-04,-1.555654e-01,1.040708e+00,4.623317e+00
177,1.466306e-18,6.796442e-05,1.718974e-05,4.794652e-04,6.853011e-02,-7.678577e-01,-4.921949e-01
178,2.866447e-18,7.968987e-05,-1.015164e-05,5.000516e-04,-3.905091e-01,2.142649e-01,5.235665e+00
179,4.037940e-18,7.968693e-05,-8.659637e-06,4.901869e-04,-3.380941e-02,-5.824772e-02,3.239749e+00
180,4.393790e-18,7.734555e-05,-1.093606e-05,4.802577e-04,1.862561e-01,2.340478e-01,2.803212e+00
181,1.639592e-17,9.407599e-05,-1.521900e-05,4.797332e-04,-2.734662e-01,1.983772e+00,2.735894e+00
182,7.369371e-18,9.514823e-05,-3.124848e-06,4.811437e-04,-5.139552e-01,-1.288141e-01,1.314336e+00
183,7.046210e-18,8.516041e-05,-3.038035e-06,4.811304e-04,4.695841e-01,-1.668507e-01,1.140765e+00
184,3.322785e-18,8.751058e-05,-4.682581e-06,4.899931e-04,1.010106e-01,1.762350e+00,7.622335e+00
185,3.425539e-17,6.420555e-05,-1.336667e-05,4.890721e-04,5.598440e-01,8.343169e-01,1.092239e+01
186,2.619324e-17,6.809322e-05,-1.318745e-05,4.837941e-04,-1.379551e+00,1.452143e+00,7.160097e+00
187,2.581834e-18,6.640177e-05,-5.461192e-06,4.875967e-04,-3.008748e-01,-1.679992e-01,5.548060e+00
188,2.777607e-18,6.951085e-05,-1.012237e-05,4.993251e-04,-3.891496e-01,-1.776755e-01,1.135372e+01
189,6.407482e-18,6.313494e-05,-9.924883e-06,4.787439e-04,8.579489e-01,1.764389e+00,5.042310e+00
190,8.435209e-18,6.448511e-05,-8.522214e-06,4.927107e-04,5.833942e-01,-3.508872e-01,3.320748e+00
191,2.459629e-19,6.210921e-05,-1.172388e-06,4.841657e-04,-4.106617e-01,-5.790600e-01,1.862592e+00
192,6.197521e-19,7.028754e-05,-1.133028e-05,4.786927e-04,-8.800674e-01,2.246764e+00,5.742243e+00
193,1.395197e-18,7.031948e-05,-1.253195e-05,4.810236e-04,-5.287375e-01,5.849647e-02,8.456261e+00
194,6.455221e-18,5.944523e-05,-1.719298e-05,5.029377e-04,4.164719e-01,6.036911e-01,-1.480428e+00
195,1.446222e-17,6.227857e-05,-2.773903e-06,4.786628e-04,-6.155684e-01,3.866991e+00,1.227809e+00
196,4.683529e-18,6.338227e-05,-1.244690e-05,4.844556e-04,5.165977e-01,-1.347811e-02,1.112219e+01
197,1.095135e-17,7.262672e-05,-2.956068e-06,4.752705e-04,-1.615342e-01,3.759148e-01,-2.495316e+00
198,4.431834e-17,-1.577717e-05,7.742347e-05,5.480135e-04,-1.356402e+00,-2.414379e+00,2.019913e+01
199,2.918189e-17,-9.711767e-06,7.657668e-05,5.451505e-04,6.616838e-01,4.201127e-01,6.386263e+00
200,1.336475e-18,-3.905767e-06,5.390665e-05,5.318817e-04,6.058322e-03,-7.348623e-03,2.547606e+00
201,1.555940e-18,-1.087865e-05,5.864423e-05,5.458977e-04,-1.649304e-02,1.534205e-02,2.242879e-01
202,6.794672e-17,-1.396475e-05,4.674946e-05,5.423054e-04,-2.531305e+00,-6.871331e-01,1.610996e+01
203,1.716117e-18,-1.554178e-05,3.801123e-05,5.405431e-04,2.830659e-01,-2.328557e+00,1.949856e+01
204,1.242522e-18,-1.193717e-05,4.433000e-05,5.283179e-04,-4.214614e-01,1.346647e+00,1.491433e+01
205,2.836317e-17,-5.088228e-06,4.608295e-05,5.327195e-04,-5.427322e-01,-3.544517e-01,1.902222e+01
206,3.487772e-18,-3.116520e-06,4.606053e-05,5.490674e-04,-1.309834e-01,-2.236525e+00,2.153358e+01
207,2.999661e-19,-1.952315e-06,4.804654e-05,5.326069e-04,-6.229484e-01,-1.809639e-01,5.133488e+00
208,3.506837e-18,1.562508e-05,7.187651e-05,5.255471e-04,-9.174517e-01,5.146783e-03,6.821407e+00
209,2.988337e-18,1.328220e-05,6.092808e-05,5.254795e-04,8.126935e-02,1.247375e-01,7.925245e+00
210,2.275795e-18,3.905429e-06,5.859631e-05,5.278186e-04,-1.669607e-01,-1.063863e-01,2.074102e+00
211,4.546736e-18,9.379268e-06,7.108497e-05,5.482580e-04,7.615919e-02,-3.577974e-01,2.133220e+00
212,2.444318e-17,6.963871e-06,3.835109e-05,5.214491e-04,3.626648e-01,-4.677852e-01,2.364437e+00
213,4.915338e-18,9.819983e-06,4.061962e-05,5.086521e-04,-6.322749e-01,3.951315e-02,1.111544e+00
214,4.147170e-17,-2.046826e-07,7.325270e-05,5.080472e-04,2.620840e-01,3.727611e-01,1.222947e+01
215,1.302518e-17,3.107969e-07,7.069753e-05,5.237152e-04,-1.547507e-01,9.736601e-01,4.723886e+00
216,5.260300e-17,1.475529e-05,2.916201e-05,5.351492e-04,-2.975957e-01,7.686571e-01,7.319584e+00
217,4.701453e-18,4.692220e-06,3.515279e-05,5.318261e-04,2.557070e-02,3.472056e-01,7.283806e+00
218,1.121158e-17,2.200616e-05,2.421502e-05,5.368623e-04,2.703637e-01,-4.108460e-02,8.116586e+00
219,2.604296e-18,1.641136e-05,2.499906e-05,5.381879e-04,2.852880e-01,-2.632663e-01,4.377320e+00
220,1.820313e-17,2.399221e-05,2.783134e-05,5.461835e-04,9.502645e+00,-1.861026e-01,6.259208e+00
221,6.660980e-18,4.442043e-06,4.663351e-05,5.353950e-04,3.902019e-01,4.890679e-01,2.439521e+00
222,2.353877e-19,-1.054613e-05,4.960736e-05,5.021013e-04,-4.835602e-01,-3.243217e-01,6.246031e+00
223,3.308451e-17,-9.929863e-06,7.699794e-05,5.098303e-04,1.128763e+00,-2.511493e-01,9.282364e+00
224,4.025886e-18,-1.116132e-05,4.924649e-05,5.118726e-04,5.412111e-03,1.016243e+00,1.070370e+01
225,1.607338e-18,-6.238325e-06,5.077098e-05,5.174632e-04,-2.222857e-01,1.663525e-01,7.486883e+00
226,2.503156e-18,-6.083091e-06,5.391292e-05,5.033579e-04,1.709394e+00,3.883020e-01,3.896465e+00
227,9.975248e-19,-7.027718e-06,5.390139e-05,5.143962e-04,-1.887949e-01,3.351072e-01,8.855292e-01
228,1.114883e-18,-2.339399e-06,6.484386e-05,5.190035e-04,-1.456397e-01,-2.960444e-01,1.117233e+00
229,8.397899e-18,-1.349652e-05,3.315181e-05,5.120077e-04,4.145072e-02,-2.635051e+00,3.701131e+00
230,2.619849e-18,-7.040229e-06,4.062613e-05,5.246894e-04,-2.789352e-01,2.091533e-01,5.598994e+00
231,4.881446e-18,-1.305832e-05,3.986937e-05,5.189267e-04,6.076389e-01,3.415852e-01,4.926731e+00
232,2.369055e-19,-2.226159e-05,4.492340e-05,5.036345e-04,8.632362e-01,-3.396224e-01,-1.011500e+00
233,1.576735e-18,2.496085e-04,1.565417e-06,5.405839e-04,1.211703e-01,-4.859482e-02,7.546386e+00
234,2.271459e-18,2.414006e-04,1.405997e-05,5.488400e-04,1.095819e-02,1.582810e-02,-3.376990e-01
235,3.060302e-17,2.056834e-04,1.525315e-05,5.251975e-04,-5.797299e-01,1.320378e+00,9.070095e+00
236,3.673225e-17,2.153625e-04,8.607678e-06,5.356536e-04,4.171914e-01,-5.688459e-01,5.006372e+00
237,1.487443e-17,2.095614e-04,4.364992e-06,5.333079e-04,-3.276194e-01,-2.071764e+00,1.568770e+01
238,6.833018e-19,2.126292e-04,4.556442e-06,5.474504e-04,-1.907144e-01,1.750778e-01,4.686969e+00
239,1.075911e-18,2.210824e-04,4.695845e-06,5.422777e-04,-2.855164e-02,9.876840e-02,3.495238e+00
240,1.217131e-18,2.226507e-04,1.171581e-05,5.266665e-04,-7.526697e-02,1.212319e-01,2.943742e+00
241,2.791909e-18,2.218767e-04,1.251242e-05,5.404527e-04,-9.799894e-03,-2.056380e-02,5.255985e-01
242,1.445912e-16,2.040461e-04,8.296594e-06,5.090684e-04,-1.766164e+00,6.756774e-01,8.666865e+00
243,2.581155e-17,1.983756e-04,4.348504e-06,5.246806e-04,8.458400e-01,7.868382e-01,2.332345e+01
244,5.374507e-17,2.140525e-04,1.246515e-05,4.998098e-04,5.092515e-01,3.245973e-01,9.490325e+00
245,4.962220e-17,2.217178e-04,1.537169e-05,5.004217e-04,-3.574067e-01,9.763502e-01,2.452741e+00
246,3.252820e-17,2.124243e-04,1.296517e-05,5.187710e-04,-4.160875e-01,-8.793616e-01,1.084877e+01
247,4.894511e-19,1.992262e-04,1.601481e-05,5.044112e-04,-1.987344e-01,2.654180e-01,3.993397e+00
248,2.515059e-18,2.070347e-04,8.602447e-06,5.248011e-04,1.037165e-01,-3.755972e-01,1.028513e+01
249,1.500887e-18,2.140584e-04,1.561108e-05,5.113795e-04,-2.507371e-01,7.935611e-01,7.412133e+00
250,3.752300e-18,2.023396e-04,4.737411e-06,5.180188e-04,-3.293138e-01,2.533207e-01,3.825742e+00
251,5.120807e-17,2.027301e-04,1.053612e-07,5.047633e-04,6.116921e-01,-4.664803e-01,5.518445e+00
252,1.455251e-18,2.140571e-04,1.560404e-05,5.059687e-04,2.914103e-01,-1.634064e-01,6.612660e+00
253,2.740604e-18,2.343731e-04,1.251306e-05,4.908859e-04,-8.054184e-01,9.043580e-02,1.287530e+01
254,1.744742e-18,2.345194e-04,1.252792e-05,4.885932e-04,-1.542367e+00,-9.660430e-02,1.211593e+01
255,2.869813e-18,2.452793e-04,1.329549e-05,4.915257e-04,-7.714388e-01,1.609287e-01,2.086449e+00
256,4.152375e-18,2.257381e-04,7.786121e-06,4.865214e-04,-3.476607e-01,-7.703779e-01,2.385350e+00
257,5.862432e-19,2.496100e-04,7.035814e-06,4.810424e-04,4.163562e-01,-4.305801e-01,3.003912e+00
258,8.564756e-18,2.301557e-04,1.558217e-05,4.825612e-04,2.262166e+00,1.600861e+00,9.046521e+00
259,1.616372e-18,2.496071e-04,1.718607e-05,4.806166e-04,1.640960e-01,-9.670144e-03,1.920269e+00
260,2.673483e-18,2.496096e-04,7.790806e-07,4.935035e-04,-5.292127e-02,4.594249e-02,5.139137e+00
261,2.628941e-19,2.363265e-04,8.987315e-06,4.794805e-04,1.506946e+00,8.284476e-01,7.448918e+00
262,3.824681e-19,2.347679e-04,1.211085e-05,4.841601e-04,3.929237e-01,5.349695e-01,9.462098e+00
263,2.345879e-18,2.343445e-04,1.248156e-05,4.759412e-04,8.773168e-01,-1.996474e-01,5.065429e+00
264,2.771529e-18,2.496093e-04,7.821073e-07,4.865171e-04,-1.080353e-01,1.092390e-01,3.637409e+00
265,6.871339e-18,2.414072e-04,2.431368e-05,4.983086e-04,-4.175950e-03,-2.080512e-02,-1.387423e+00
266,1.313331e-18,2.494132e-04,5.234169e-06,5.091624e-04,6.846987e-01,-1.479974e+00,1.164620e+01
267,1.627097e-18,2.496089e-04,7.786180e-07,5.247694e-04,7.097323e-02,2.639508e-01,1.380206e+01
268,8.013510e-19,2.496113e-04,7.636766e-07,5.174513e-04,3.453619e-01,-1.107506e-01,1.086298e+01
269,2.688399e-17,2.332619e-04,7.561340e-06,5.192291e-04,-6.014531e-02,-5.044132e-01,5.279289e+00
270,1.817644e-18,2.305461e-04,1.792660e-05,5.066618e-04,7.971043e-01,3.429455e+00,1.886827e+01
271,5.850487e-17,2.385985e-04,-9.170600e-07,5.193950e-04,6.590938e-01,1.328596e+00,7.712776e+00
272,1.488410e-18,2.496086e-04,1.250554e-05,5.071171e-04,9.812932e-02,4.611802e-01,9.514046e+00
273,4.902888e-18,2.445329e-04,4.677429e-06,5.220462e-04,-1.381094e-02,-6.444014e-01,9.897752e+00
274,4.574371e-18,2.453099e-04,1.404321e-05,5.129652e-04,7.575820e-02,-1.107974e+00,8.570263e+00
275,8.227994e-18,2.323667e-04,9.503151e-06,5.128467e-04,-1.942821e-01,-5.195095e-01,4.300742e+00
276,1.057331e-17,2.492973e-04,1.282493e-05,5.180214e-04,2.739577e-02,1.909534e-01,5.976268e+00
277,1.515652e-18,2.273397e-04,5.478512e-06,5.151592e-04,-1.477872e-01,6.603378e-01,4.256829e+00
278,4.984818e-19,1.523502e-05,1.406263e-04,5.028921e-04,1.433907e-01,4.079282e-02,2.829688e+00
279,2.919569e-18,6.247328e-06,1.265634e-04,5.162184e-04,-2.917726e-01,2.891139e-01,3.388851e+00
280,5.991066e-17,-1.066715e-06,1.139649e-04,5.391153e-04,-5.210229e-01,5.996528e-01,6.903256e+00
281,2.419203e-18,-7.820715e-07,1.195284e-04,5.395795e-04,-3.456008e-02,-3.882054e-03,5.492179e+00
282,5.383123e-17,-2.263395e-05,1.035107e-04,5.352205e-04,-1.899328e+00,-8.926913e-01,6.628105e+00
283,2.693536e-18,-1.405603e-05,1.031291e-04,5.486060e-04,4.246048e-02,5.309152e-02,3.651453e+00
284,4.735734e-18,-9.369005e-06,1.171849e-04,5.490798e-04,-4.927139e-01,-7.317831e-02,9.118920e+00
285,1.416019e-18,-1.172582e-05,1.242198e-04,5.296636e-04,2.877465e-02,-2.824793e-01,3.709838e+00
286,3.688504e-18,-7.813628e-06,1.492685e-04,5.007223e-04,1.779130e-02,2.971851e-02,3.536931e+00
287,7.525164e-18,5.480818e-07,1.229593e-04,5.038790e-04,6.643226e-01,4.830355e-01,3.119741e+00
288,1.167012e-16,7.890995e-06,1.140494e-04,4.947923e-04,3.175855e-01,-1.552836e+00,1.493704e+01
289,5.843955e-17,1.552071e-05,1.046041e-04,4.984630e-04,3.965389e-01,8.720592e-01,9.564824e+00
290,6.884859e-17,4.010746e-06,1.093328e-04,5.055559e-04,-2.050421e-01,6.757947e-01,9.947918e+00
291,5.259663e-17,1.415755e-05,1.161528e-04,5.254511e-04,3.690335e+00,1.021731e-01,2.145678e+01
292,5.043562e-18,7.888180e-06,1.156399e-04,5.129001e-04,7.474931e-01,-1.259543e+00,1.962747e+01
293,3.498838e-18,9.379451e-06,9.999891e-05,5.239706e-04,-4.621610e-01,7.388291e-01,1.840075e+01
294,6.478441e-18,7.813240e-06,9.999818e-05,5.108525e-04,-1.494483e-01,-2.090705e-02,1.075617e+01
295,1.522482e-18,5.449865e-06,1.156379e-04,5.044001e-04,2.737454e-01,1.189711e+00,1.333500e+01
296,4.951186e-19,1.367089e-05,1.171770e-04,5.098158e-04,2.704418e-01,-7.177733e-01,6.931893e+00
297,4.630642e-18,7.806713e-06,1.124976e-04,5.166551e-04,-4.591266e-02,-8.460157e-02,4.406385e+00
298,1.813493e-17,7.263250e-06,1.041289e-04,5.133401e-04,5.128695e-01,2.292101e+00,4.151413e+00
299,2.852955e-18,4.688293e-06,1.094005e-04,5.110237e-04,3.239108e-02,6.366504e-02,6.796064e+00
300,4.096221e-18,1.658847e-05,1.101820e-04,5.172667e-04,-6.980650e-02,2.470266e-01,3.496216e+00
301,8.855716e-18,8.588540e-06,1.218068e-04,5.109352e-04,-5.333441e-02,2.748169e-02,4.051666e+00
302,1.484617e-17,7.804580e-06,1.000013e-04,5.054102e-04,-3.845161e-01,2.454812e-02,1.110678e+01
303,5.998896e-18,1.887889e-05,1.078107e-04,5.205388e-04,2.857102e-01,-1.621779e-01,1.278091e+00
304,1.479722e-18,1.715537e-05,1.101379e-04,5.044168e-04,-1.574626e-01,3.544341e-01,-6.273036e-02
305,3.880383e-17,2.073032e-05,9.838524e-05,5.484479e-04,3.787396e+00,-4.857201e-01,2.463463e+01
306,4.362125e-18,1.406302e-05,1.179734e-04,5.392920e-04,2.448693e-01,-3.225645e-02,8.474714e+00
307,5.600710e-18,1.261860e-05,1.242169e-04,5.333327e-04,-5.952751e-01,7.347529e-02,8.114072e+00
308,6.956705e-18,9.158082e-06,1.072252e-04,5.289177e-04,2.213868e-01,-1.332677e-01,3.491939e+00
309,1.248763e-18,3.132820e-06,1.234301e-04,5.400246e-04,7.826467e-02,-3.655685e-01,3.754808e+00
310,7.241972e-18,1.809191e-05,1.229148e-04,5.485300e-04,-1.114208e+00,-1.125205e+00,5.859038e+00
311,1.207976e-18,8.582190e-06,1.226390e-04,5.348958e-04,-7.407914e-02,2.284502e-02,3.041564e+00
312,1.143986e-18,1.719594e-05,1.039089e-04,5.408983e-04,-8.905682e-02,-2.602257e-02,4.695130e+00
313,2.069623e-18,1.714567e-05,1.102096e-04,5.391379e-04,8.297710e-02,-5.352543e-01,3.493366e+00
314,7.170282e-19,7.024593e-05,-8.983360e-06,4.740151e-04,-4.127236e-02,5.025246e+00,-2.277805e+00
315,3.771365e-19,5.507471e-05,1.211109e-05,4.732107e-04,-2.025207e+00,-1.568457e+00,2.899654e-02
316,8.397761e-19,5.458334e-05,1.289091e-05,4.737681e-04,-2.454609e+00,-2.033449e+00,6.425490e-01
317,3.376581e-19,9.258154e-05,-1.366794e-05,4.755662e-04,-2.640184e+00,3.909820e+00,-5.253363e-01
318,2.461871e-17,-4.645856e-05,1.496373e-06,4.794328e-04,2.531895e+00,-2.530839e+00,1.523976e+00
319,3.058255e-17,-5.110301e-05,1.951300e-07,4.873391e-04,9.053702e-01,3.732518e+00,4.128039e+00
320,1.259267e-16,-1.610314e-05,6.003352e-06,4.993561e-04,-5.944695e-02,-1.604953e+00,1.138756e+01
321,2.734744e-17,-1.451867e-05,1.469142e-05,4.929780e-04,2.477436e+00,-1.268361e+00,9.331506e+00
322,2.623592e-17,-1.061488e-05,2.637353e-05,4.773676e-04,1.595866e-01,-1.861795e+00,-2.317600e-01
323,1.409248e-17,-1.353152e-05,2.029796e-05,4.755145e-04,5.647401e-01,-6.463952e-01,1.172426e+00
324,9.918892e-18,-1.591694e-05,9.759616e-06,4.873494e-04,1.857339e+00,-3.725475e-01,7.282928e+00
325,3.401049e-16,-3.758050e-06,6.452611e-06,5.146833e-04,9.911833e-01,9.173301e-01,2.504075e+01
326,3.606311e-18,-1.874519e-05,1.482933e-05,4.829700e-04,-8.406504e-01,-9.994584e-01,5.583634e+00
327,1.430193e-18,-1.875323e-05,1.409946e-05,4.786840e-04,-1.374385e+00,8.294423e-01,3.289367e+00
328,1.984583e-17,5.490450e-07,2.411412e-05,4.959462e-04,2.819610e-01,4.411992e-01,1.615883e+00
329,1.359555e-17,-1.685071e-05,3.017583e-06,4.813916e-04,-1.473457e+00,-4.121938e+00,4.524619e+00
330,1.459805e-18,-6.244457e-06,2.577849e-05,4.833739e-04,4.256667e-01,-7.158721e-02,-1.604326e+00
331,5.282490e-17,-7.885138e-06,-7.363276e-07,5.003369e-04,2.669270e+00,1.199973e+00,8.040028e+00
332,1.058500e-18,-1.341538e-05,4.094845e-06,4.857149e-04,-8.510572e-01,-4.155776e-01,3.807417e+00
333,1.348771e-18,-2.265351e-05,1.718698e-05,4.841520e-04,-4.033506e-02,9.583428e-02,-4.430553e+00
334,2.023620e-18,-7.906963e-06,5.673456e-06,4.876542e-04,-1.166667e+00,-1.038127e+00,1.433694e+01
335,1.873017e-18,-1.132903e-05,3.090398e-06,4.821716e-04,7.971732e-02,6.524074e-01,5.585757e+00
336,5.209634e-18,-2.517265e-05,1.408740e-05,4.847819e-04,2.971441e-03,-4.578715e-02,2.367964e+00
337,2.375108e-17,-3.154430e-06,1.160720e-05,4.877557e-04,2.615684e-01,3.623412e-01,4.967777e-01
338,9.459172e-18,-5.154258e-05,8.685359e-06,4.968466e-04,4.969170e+00,9.151092e-01,1.073098e+01
339,7.161015e-17,-4.378692e-05,1.248118e-05,4.924277e-04,-5.685967e-01,-1.830808e-03,3.715208e+00
340,3.931376e-18,-4.221570e-05,1.168286e-05,4.822909e-04,-5.551568e-01,2.593518e-01,1.933744e+00
341,3.505273e-18,-3.437457e-05,7.030190e-06,4.986000e-04,-3.634132e-02,-5.622811e-02,6.665843e+00
342,1.052475e-18,-3.514996e-05,1.484205e-05,4.833727e-04,4.051227e-02,1.497121e-01,-8.142172e-02
343,1.589157e-18,-4.530759e-05,8.589387e-06,4.865111e-04,-4.244971e-01,-3.973246e-01,1.179682e+00
344,2.910165e-18,-3.360209e-05,1.561218e-06,4.908632e-04,3.573503e-01,5.668813e-02,8.334562e-01
345,1.031665e-18,-3.515494e-05,1.483547e-05,4.888558e-04,-1.199499e-02,1.874254e-01,-1.137316e+00
346,4.087971e-18,-3.046779e-05,8.597630e-06,4.856732e-04,1.586778e-02,1.870351e-01,-1.569982e+00
347,2.515056e-17,-3.458779e-05,2.408001e-05,4.826505e-04,2.272506e-02,1.675853e-02,-1.016464e+00
348,1.664006e-17,-6.307851e-05,1.742377e-05,4.977049e-04,-3.450309e+00,1.038169e-03,1.612976e+01
349,4.577652e-17,-6.106013e-05,1.155495e-05,4.912325e-04,-2.547694e+00,1.406123e-01,1.022636e+01
350,3.123194e-17,-6.034453e-05,1.656235e-05,4.873146e-04,5.571390e-01,5.897876e-01,1.217932e+01
351,4.477263e-18,-5.853402e-05,8.853533e-06,4.875405e-04,-1.806930e-01,-4.642475e-01,6.818611e+00
352,2.561053e-19,-5.898628e-05,1.211036e-05,4.810238e-04,-9.613739e-01,3.729225e-01,7.265437e+00
353,9.116582e-19,-5.608340e-05,1.079151e-05,4.802479e-04,-2.539152e-01,-2.121752e-01,2.162446e+00
354,1.643370e-17,-5.937420e-05,4.037935e-06,4.934854e-04,9.818191e-03,1.744265e-01,7.763083e+00
355,7.998650e-18,-7.303548e-05,1.418848e-05,4.981080e-04,1.875491e+00,3.950831e-01,1.401430e+00
356,3.025839e-18,-6.171882e-05,-7.809033e-07,4.978462e-04,-1.993601e-02,2.034850e-02,6.314348e+00
357,5.201170e-18,-5.501791e-05,1.719103e-05,4.970482e-04,3.709986e-01,3.634771e-01,5.882831e+00
358,1.751036e-18,-5.729881e-05,1.085657e-05,4.971501e-04,2.822451e+00,3.653771e-01,1.245024e+01
359,2.488799e-18,-5.947097e-05,1.365475e-05,4.821367e-04,2.194392e+00,1.407713e-01,7.984528e+00
360,9.080466e-19,-7.169293e-05,1.727172e-05,4.982162e-04,6.113626e-02,-1.621772e-01,-3.759764e+00
361,7.913904e-17,-7.710181e-05,4.916408e-06,4.792595e-04,-8.035525e-01,2.645497e+00,-2.791353e-01
362,5.107454e-18,-5.937518e-05,3.906134e-06,4.989388e-04,2.619656e-02,6.380535e-02,6.701421e+00
363,2.864601e-19,-5.976626e-05,1.445499e-05,4.849521e-04,-5.331425e-01,1.247741e-02,9.799408e+00
364,5.426462e-19,-5.663888e-05,1.758059e-05,4.946791e-04,3.562062e+00,-1.026085e+00,1.529915e+00
365,5.715001e-19,-5.820125e-05,1.090747e-05,4.950838e-04,-5.655415e-02,1.201154e+00,8.794347e+00
366,5.331370e-19,-6.132902e-05,1.054760e-05,4.853567e-04,-2.354788e-01,3.371546e-02,5.870688e+00
367,4.917663e-18,-6.016109e-05,9.396551e-06,4.825426e-04,2.545111e-01,-7.400588e-01,4.878462e+00
368,2.189521e-17,-6.915009e-05,2.411431e-05,4.969800e-04,-2.844595e-02,-3.688721e-02,-8.990872e-01
369,5.585572e-18,-8.283585e-05,1.169103e-05,4.932011e-04,2.793127e-01,-1.277376e-01,8.157293e+00
370,3.885769e-18,-8.836183e-05,6.834342e-06,5.001515e-04,4.798991e-01,-1.956159e+00,4.620647e+00
371,2.623101e-17,-8.343366e-05,7.540984e-06,4.817458e-04,1.996583e-01,3.948312e-01,6.097881e+00
372,1.193830e-17,-8.039808e-05,1.391916e-05,4.918605e-04,-4.664948e-01,-6.501375e-01,2.963507e+00
373,5.062071e-17,-9.362056e-05,2.069077e-05,4.954718e-04,1.910081e+00,2.659442e-01,4.937980e+00
374,6.660160e-18,-8.673412e-05,1.104672e-05,4.811085e-04,-2.327134e-01,-1.450928e+00,1.443960e+00
375,2.004302e-17,-8.493617e-05,-4.066943e-07,4.765913e-04,-3.477334e-01,6.552957e-01,4.415546e-01
376,3.199167e-18,-8.671855e-05,1.171663e-05,4.931436e-04,8.610207e-02,9.424550e-03,6.075101e+00
377,9.415659e-18,-9.300104e-05,1.486767e-05,4.850713e-04,8.222863e-01,1.258147e+00,-3.102421e+00
378,1.173963e-18,-7.657498e-05,1.250427e-05,4.779054e-04,-7.095090e-01,3.836400e-01,-2.541902e+00
379,2.679802e-18,-8.830134e-05,3.066373e-06,5.001560e-04,1.103935e+00,-4.922103e-01,1.979839e+01
380,2.244626e-18,-8.832664e-05,2.839010e-06,4.973934e-04,1.465754e+00,2.625275e-01,1.825652e+01
381,2.808051e-19,-8.398516e-05,1.210834e-05,4.779012e-04,2.776328e-01,2.312080e-01,3.582573e-01
382,8.691681e-18,-8.281275e-05,1.229051e-05,4.880778e-04,-1.626282e-01,8.299626e-01,8.669867e+00
383,3.313889e-18,-9.765631e-05,4.686959e-06,4.978497e-04,1.858050e-02,-1.378281e-02,2.696980e+00
384,3.972409e-18,-8.844838e-05,3.120227e-06,4.923301e-04,4.530766e-02,8.718047e-01,1.392498e+01
385,2.976069e-17,-9.367570e-05,2.406727e-05,4.851826e-04,-2.520970e-01,4.327075e-02,-5.384413e-01
386,1.278226e-18,-8.363173e-05,7.844655e-06,4.779171e-04,-1.964742e-01,3.868199e-01,6.004596e+00
387,2.124913e-17,-8.594775e-05,2.415959e-05,4.973465e-04,-3.471817e-03,-2.938728e-02,-1.090717e+00
388,2.574763e-18,3.909909e-06,-1.656236e-04,5.262810e-04,-9.240497e-02,-6.048169e-02,1.467353e+01
389,7.474256e-17,1.418639e-05,-1.584212e-04,4.991671e-04,4.918560e-01,-1.653123e+00,4.296780e+00
390,3.414329e-17,2.402373e-05,-1.686996e-04,4.989274e-04,-2.082931e-02,2.113085e-02,-9.416340e-01
391,1.258359e-16,5.535441e-06,-1.764865e-04,5.116403e-04,-6.979497e-01,-1.475286e+00,9.952441e+00
392,1.049430e-16,5.393194e-06,-1.601010e-04,5.039033e-04,3.544484e-01,8.805815e-02,2.888058e+00
393,1.939314e-17,1.406800e-05,-1.684954e-04,5.164959e-04,-5.659787e-01,-1.610882e+00,8.857485e+00
394,2.458486e-17,6.417754e-06,-1.572570e-04,5.083907e-04,-9.167412e-01,-2.469925e+00,1.420687e+00
395,3.287106e-18,3.908982e-06,-1.656261e-04,5.194002e-04,3.140775e-02,1.789513e-02,1.296496e+01
396,7.106100e-18,3.906677e-06,-1.656248e-04,5.125116e-04,7.046882e-02,-2.732192e-02,1.209419e+01
397,7.032478e-18,3.876104e-06,-1.656245e-04,5.001544e-04,3.830809e-01,2.594503e-02,8.311079e+00
398,3.916740e-18,1.325074e-05,-1.594603e-04,5.094688e-04,1.225303e+00,8.637810e-01,2.256853e+00
399,3.557325e-18,1.016113e-05,-1.640617e-04,5.094522e-04,4.249227e-01,1.504641e-01,-1.087929e+00
400,1.303116e-18,8.586272e-06,-1.664085e-04,5.182738e-04,-2.015272e-01,1.195008e-01,-7.163896e-01
401,7.091474e-18,-1.256726e-06,-1.906243e-04,5.156572e-04,1.878942e+00,2.196088e-02,1.443627e+01
402,2.070891e-16,4.602073e-06,-1.977210e-04,5.150215e-04,1.014447e+00,3.396942e-01,1.046443e+01
403,6.816976e-17,5.229445e-06,-1.916002e-04,5.030605e-04,4.663263e-01,1.009224e+00,7.262668e+00
404,5.390127e-17,1.692443e-05,-1.977407e-04,5.154172e-04,-4.782075e-01,6.011150e-01,1.344914e+01
405,3.669636e-17,4.106781e-06,-1.892644e-04,5.211367e-04,-1.367832e+00,-4.893299e-01,7.640426e+00
406,2.544007e-17,3.131031e-06,-1.796802e-04,5.056749e-04,-7.005801e-01,9.550165e-01,8.502530e+00
407,2.541890e-17,2.034402e-05,-1.852194e-04,5.224486e-04,-3.516777e-01,1.105550e+00,3.902637e+00
408,1.628946e-18,2.029771e-05,-1.984379e-04,5.044004e-04,1.574685e-01,1.457760e-01,8.496038e+00
409,2.825993e-18,1.171575e-05,-1.875005e-04,5.224113e-04,1.457250e-01,-1.869252e-02,1.968614e+00
410,4.651960e-18,1.406872e-05,-1.945138e-04,5.128190e-04,1.565196e-01,-7.209763e-01,2.020546e-01
411,1.090602e-16,6.694894e-06,-1.590466e-04,5.418737e-04,-3.508681e-01,-5.734167e-01,9.086971e+00
412,1.455547e-17,1.328630e-05,-1.734359e-04,5.307863e-04,3.431599e-01,-1.887542e-01,6.180150e+00
413,3.121050e-16,2.636279e-06,-1.751097e-04,5.390996e-04,1.956347e-01,8.427864e-01,7.392028e+00
414,1.104390e-16,1.317942e-05,-1.733825e-04,5.306984e-04,2.938658e-01,-1.540575e-01,6.116909e+00
415,2.971406e-16,-2.577727e-06,-1.628388e-04,5.367945e-04,7.660196e-01,-6.729114e-01,7.926170e+00
416,6.244570e-16,-2.382918e-06,-1.629273e-04,5.377151e-04,1.714922e-01,-2.822753e-01,8.948333e+00
417,3.135005e-18,3.923115e-06,-1.656306e-04,5.330385e-04,2.224048e-01,-2.597228e-01,1.763307e+01
418,1.118217e-18,9.378265e-06,-1.531250e-04,5.349167e-04,1.443510e-01,9.993326e-02,6.005444e+00
419,2.052617e-17,1.564941e-05,-1.665648e-04,5.407667e-04,1.439760e+00,-6.264080e-01,5.776739e+00
420,1.485100e-18,1.562751e-05,-1.718798e-04,5.445856e-04,-2.774774e-02,5.952290e-02,3.690166e+00
421,3.140713e-18,1.015762e-05,-1.562485e-04,5.463742e-04,5.792895e-02,3.450994e-02,4.426513e+00
422,9.545501e-19,1.327433e-05,-1.554653e-04,5.489971e-04,-1.736571e-01,-9.221763e-02,2.944311e+00
423,2.252066e-18,3.907349e-06,-1.523472e-04,5.292537e-04,3.881434e-02,-1.856886e-02,1.391108e+00
424,7.692175e-19,1.342384e-05,-1.553278e-04,5.467761e-04,-1.843263e-01,-2.083376e-01,1.388066e+00
425,1.352085e-16,2.107556e-06,-2.212060e-04,5.370366e-04,-1.356458e+00,2.147895e-01,5.749279e+00
426,7.338153e-18,2.343835e-05,-2.101565e-04,5.435468e-04,6.872778e+00,-2.106992e-01,5.955625e+00
427,5.236930e-17,2.280214e-05,-2.105606e-04,5.433149e-04,4.607899e+00,1.910082e-02,6.014380e+00
428,2.912772e-17,6.256792e-06,-1.953145e-04,5.396878e-04,2.122979e+00,-2.447765e-01,1.589881e+01
429,1.169552e-16,-1.470416e-06,-1.915966e-04,5.308402e-04,1.973947e-01,-1.057942e+00,1.194511e+01
430,1.095885e-16,6.427127e-06,-1.952984e-04,5.400047e-04,2.197229e+00,1.532810e-03,1.588693e+01
431,3.102268e-17,2.124185e-05,-1.890599e-04,5.469829e-04,1.677068e+00,-1.364284e+00,9.172639e+00
432,1.583321e-17,5.411862e-06,-1.847007e-04,5.368738e-04,4.736323e-01,-7.457431e-01,7.089434e+00
433,3.587687e-17,7.332731e-06,-2.199692e-04,5.274681e-04,-7.246860e-01,-2.093154e+00,8.431759e+00
434,5.545741e-18,3.788927e-06,-2.117151e-04,5.259455e-04,-4.080475e-01,-9.500182e-02,8.168398e+00
435,1.562271e-17,5.415744e-06,-2.048667e-04,5.417805e-04,1.225577e-02,1.767816e-01,1.112485e+01
436,3.341294e-17,5.493953e-06,-2.205720e-04,5.317446e-04,2.872234e+00,-1.064003e+00,8.461804e+00
437,1.236925e-18,1.406756e-05,-2.156224e-04,5.296936e-04,4.221606e-02,2.913988e-02,3.948808e+00
438,3.594898e-18,5.468274e-06,-2.062490e-04,5.262945e-04,-5.212927e-02,-4.615482e-02,8.145159e+00
439,2.759046e-17,-3.751323e-08,-2.249531e-04,5.412136e-04,6.280241e-01,9.769157e-01,4.913799e+00
440,4.133670e-18,1.641003e-05,-2.093796e-04,5.349330e-04,2.611435e-01,6.864879e-02,3.780239e+00
441,1.772626e-16,-3.392843e-06,-2.124603e-04,5.452231e-04,1.088425e+00,4.477107e-01,7.550242e+00
442,1.559820e-17,1.476804e-05,-2.158889e-04,5.491587e-04,1.688725e-01,8.272178e-02,1.285608e+01
443,3.599846e-17,2.294092e-05,-2.145602e-04,5.258995e-04,1.547084e+00,3.489473e-01,3.341095e+00
444,4.849229e-18,1.016071e-05,-2.250001e-04,5.333899e-04,1.442309e-01,-1.131923e-01,2.573794e+00
445,1.167719e-16,7.992534e-06,-2.268704e-04,5.182541e-04,-2.552346e-02,-5.749882e-01,8.875093e+00
446,1.516694e-17,7.059583e-06,-2.041150e-04,5.119233e-04,-2.047103e+00,3.816624e-02,1.628235e+01
447,1.567184e-17,1.038833e-05,-2.218789e-04,5.023371e-04,6.569399e-01,-1.439778e-01,5.175395e+00
448,4.648841e-17,4.536394e-06,-2.177645e-04,5.041824e-04,5.225348e-01,-3.021829e-01,4.582150e+00
449,3.674373e-17,1.676379e-05,-2.129419e-04,5.074731e-04,1.382673e+00,-2.505729e-01,4.061259e+00
450,2.908362e-18,3.895687e-06,-2.117063e-04,5.178980e-04,-1.646322e-01,6.426427e-01,7.736069e+00
451,3.067930e-18,7.822464e-06,-2.140588e-04,5.133434e-04,-3.811075e-01,-9.266470e-02,2.827754e+00
452,1.329518e-16,2.195438e-06,2.271271e-04,5.407247e-04,1.982556e-01,-1.509904e+00,1.336804e+01
453,9.921081e-17,1.006285e-05,2.361568e-04,5.471896e-04,7.161640e-01,4.355686e-01,6.174538e+00
454,6.229896e-17,1.014875e-05,2.487786e-04,5.479497e-04,-4.357007e-01,2.445856e-01,7.190125e+00
455,5.747652e-18,3.392145e-06,2.445380e-04,5.425375e-04,4.439571e-01,-4.569488e-02,3.368447e+00
456,2.068111e-16,-4.708023e-07,2.483794e-04,5.305692e-04,-4.886612e-01,-8.879535e-02,7.824830e+00
457,3.384909e-17,2.100997e-05,2.490494e-04,5.287024e-04,1.177044e+00,-4.984676e-01,1.089539e+01
458,1.021696e-18,1.251238e-05,2.281241e-04,5.318993e-04,7.278255e-02,-8.200009e-02,4.823049e+00
459,1.762107e-17,1.343855e-05,2.243801e-04,5.468735e-04,1.525888e+00,-4.437044e-02,9.030986e+00
460,1.235840e-17,2.648438e-06,2.253647e-04,5.339562e-04,2.676633e-01,-3.324382e-01,1.443778e+01
461,2.319964e-19,1.758144e-05,2.300765e-04,5.453992e-04,4.156547e-01,3.292535e-01,1.991194e+00
462,3.521790e-17,1.839333e-06,2.239037e-04,5.183251e-04,-5.989362e-01,2.531023e+00,9.093660e+00
463,7.506210e-17,9.014864e-06,2.224991e-04,5.070706e-04,1.690926e-01,-5.885669e-01,8.533015e+00
464,1.912915e-17,-4.007780e-07,2.263958e-04,5.055736e-04,-4.818711e-01,-1.660649e+00,7.931092e+00
465,7.343728e-18,7.847088e-07,2.287350e-04,5.223748e-04,-1.735680e-01,3.520348e-01,1.296861e+01
466,1.188214e-18,-7.795474e-07,2.390617e-04,5.189921e-04,-1.658077e-01,7.310705e-02,3.063957e+00
467,7.392249e-19,7.828544e-07,2.496068e-04,5.197552e-04,-4.369327e-02,-8.968569e-02,4.848205e+00
468,8.601063e-17,2.366304e-05,2.321046e-04,4.982361e-04,-1.932524e-01,1.357743e-01,-2.719201e-02
469,4.911032e-18,8.109021e-06,2.390677e-04,5.240186e-04,-9.063354e-01,3.090901e-01,5.485033e+00
470,7.413510e-19,1.560929e-05,2.496075e-04,5.036535e-04,-1.158179e-02,3.736931e-01,6.617743e+00
471,2.447888e-18,1.640108e-05,2.496083e-04,5.091123e-04,1.807266e-01,-1.724938e-02,7.002029e+00
472,1.189031e-18,1.251430e-05,2.281292e-04,5.144128e-04,-3.171163e-01,-1.678741e-01,2.170499e+00
473,2.863912e-18,1.406089e-05,2.453077e-04,5.071841e-04,-3.228201e-02,-1.789144e-01,1.156941e+00
474,1.333807e-16,1.070481e-05,2.314380e-04,4.983841e-04,-8.872535e-01,-1.468251e+00,1.195358e+01
475,3.203416e-17,-8.185171e-06,2.340677e-04,5.113754e-04,1.579466e+00,6.672354e-01,6.674199e+00
476,1.339407e-17,-6.838048e-06,2.270566e-04,5.087262e-04,8.066261e-01,-5.328614e-01,5.548850e+00
477,1.040911e-16,-1.379519e-05,2.429081e-04,4.993561e-04,-7.335657e-02,5.278059e-01,6.351812e+00
478,2.704254e-18,-1.863723e-05,2.496087e-04,5.204839e-04,-2.339168e-01,7.772301e-02,1.728609e+01
479,1.007398e-16,-7.622243e-06,2.279637e-04,5.292710e-04,3.106547e-01,-4.952795e-01,7.435391e+00
480,2.103925e-18,-2.003255e-05,2.496097e-04,5.255501e-04,-7.412041e-01,6.904386e-02,1.773219e+01
481,2.909584e-18,-1.781676e-05,2.496080e-04,5.028743e-04,-2.704038e-01,9.223866e-02,9.996874e+00
482,3.884752e-18,-2.412029e-06,2.265652e-04,5.137982e-04,-6.826990e-01,-5.224179e-01,6.985216e+00
483,1.992441e-16,-1.398731e-05,2.011318e-04,5.266116e-04,-2.176358e-01,-1.075147e+00,1.237045e+01
484,2.829001e-17,8.611520e-07,2.120001e-04,5.250275e-04,-3.613395e+00,-1.048821e+00,1.193985e+01
485,4.184952e-18,-8.072265e-07,2.077497e-04,5.263478e-04,-1.436048e-01,2.850932e-02,5.779618e+00
486,3.216248e-18,-6.249343e-06,2.218756e-04,5.255665e-04,-1.820429e-02,-6.081336e-03,3.035469e+00
487,1.307920e-17,-2.133814e-05,2.256984e-04,5.065739e-04,-8.975214e-01,5.851220e-01,3.654472e+00
488,4.427638e-18,-1.232544e-05,2.493193e-04,5.497943e-04,9.326805e-01,6.758549e-01,1.381532e+01
489,2.739649e-18,-1.810672e-05,2.496100e-04,5.136353e-04,5.040309e-01,3.816821e-02,1.497526e+01
490,1.125776e-18,-2.279153e-05,2.496086e-04,5.294932e-04,1.476750e-02,2.755140e-01,1.889401e+01
491,4.409848e-17,-1.579238e-05,2.489731e-04,5.386967e-04,-1.933215e-01,-1.455000e-03,7.005933e+00
492,2.060453e-18,-8.705249e-06,2.289236e-04,5.245740e-04,-6.227129e-01,5.443834e-01,1.001341e+01
493,4.835600e-19,-1.601927e-05,2.382872e-04,5.175179e-04,-5.197691e-01,-1.717415e-01,1.202489e+00
494,4.706911e-18,-1.406190e-05,2.343830e-04,5.350442e-04,7.425261e-02,-3.478868e-01,5.950022e+00
495,3.082207e-18,-3.907832e-06,2.399075e-04,5.305876e-04,-2.001741e-02,-3.526428e-02,3.535057e+00
496,4.874481e-18,-9.371839e-06,2.328138e-04,5.460845e-04,7.309839e-02,-1.017139e-01,4.616172e+00
497,4.510114e-18,-3.905061e-06,2.336054e-04,5.344965e-04,3.150182e-02,3.008559e-02,-3.486813e-02
498,2.551215e-17,2.154055e-05,2.007809e-04,5.477628e-04,3.469596e-01,-5.753335e-01,5.526813e+00
499,1.096029e-16,2.141370e-05,2.006936e-04,5.476637e-04,2.990749e-01,-5.383347e-01,4.978963e+00
500,1.302091e-17,1.499564e-07,2.223159e-04,5.282588e-04,-8.486824e-01,1.611817e+00,9.992825e+00
501,1.809300e-16,1.681714e-05,1.968148e-04,5.344661e-04,2.801068e-01,4.381184e-01,6.048040e+00
502,2.816672e-18,7.818345e-06,2.171904e-04,5.442230e-04,-1.623641e-01,-1.472351e-01,1.202616e+01
503,3.189377e-17,1.629359e-05,2.008551e-04,5.254429e-04,1.212398e+00,-2.556888e-01,5.341940e+00
504,3.397426e-18,3.894866e-06,2.203132e-04,5.456054e-04,-1.936017e+00,1.103543e-01,1.071005e+01
505,2.483452e-18,1.420613e-05,2.151899e-04,5.497792e-04,6.898194e-01,6.922607e-01,1.576447e+01
506,4.780104e-18,1.704527e-06,2.195503e-04,5.417324e-04,-5.308026e-02,-8.619379e-02,1.187497e+01
507,1.797873e-17,9.885625e-06,2.100234e-04,5.449642e-04,1.467552e-01,-6.131150e-01,5.663572e+00
508,2.503235e-17,1.574442e-05,2.101315e-04,5.471562e-04,3.136885e-01,4.573256e-01,7.747478e+00
509,5.661543e-18,2.031753e-05,2.210912e-04,5.435012e-04,-2.109776e-01,-1.140229e-02,3.458505e+00
510,2.642252e-18,1.642130e-05,2.226224e-04,5.457052e-04,-1.698190e-02,-2.634544e-01,4.686787e+00
511,3.001260e-17,-1.360628e-05,2.057660e-04,5.370179e-04,-7.721385e-01,-4.963213e-01,9.979070e+00
512,7.459397e-18,-7.863244e-07,2.023196e-04,5.349228e-04,-7.633410e-02,-9.885886e-01,6.945841e+00
513,2.957977e-17,-1.458782e-05,1.978217e-04,5.358777e-04,4.472150e-01,2.446280e-01,6.177913e+00
514,5.493906e-17,-9.518494e-06,2.170456e-04,5.428517e-04,-1.164825e+00,6.074871e-01,9.562583e+00
515,3.075583e-18,-1.405673e-05,2.179685e-04,5.278325e-04,-2.639161e-01,4.132698e-02,3.291963e+00
516,1.019179e-18,-1.796840e-05,2.070303e-04,5.431060e-04,2.955123e-02,8.730629e-03,1.261002e+00
517,2.912751e-18,-1.719521e-05,2.070442e-04,5.285202e-04,-5.533600e-01,5.885729e-01,1.391448e+00
518,2.142702e-18,-6.252161e-06,1.992158e-04,5.463703e-04,-1.263393e-01,-9.731044e-02,-2.204975e+00
519,3.414361e-17,1.988707e-06,2.011248e-04,5.106460e-04,1.971681e+00,3.470086e+00,8.826934e+00
520,2.628331e-17,3.237297e-06,2.063622e-04,5.077488e-04,-6.242818e-01,6.398905e-01,3.946799e+00
521,1.065143e-16,3.130443e-06,2.066479e-04,5.078827e-04,-5.051032e-01,6.698682e-01,3.870223e+00
522,6.648040e-18,1.169992e-05,2.164211e-04,5.019747e-04,4.933125e-02,4.678378e-02,5.416162e+00
523,1.225472e-18,1.171977e-05,2.163990e-04,5.129081e-04,3.726979e-01,5.905802e-03,7.167416e+00
524,6.418667e-18,1.876745e-05,2.209163e-04,5.137586e-04,-2.882762e-01,8.915588e-01,2.674829e+00
525,2.238469e-17,1.476272e-05,2.109312e-04,5.201828e-04,-1.595015e-01,3.930737e-01,6.424062e+00
526,1.346471e-15,5.775715e-05,1.330376e-05,4.384085e-04,4.291297e-01,5.292890e-02,-9.642075e+00
527,1.567266e-16,5.770054e-05,1.339402e-05,4.382987e-04,4.804461e-01,-8.245660e-02,-1.077595e+01
528,2.525605e-17,-1.005966e-05,-8.407952e-06,4.717992e-04,-1.404943e+00,-2.131225e+00,-9.438131e-01
529,6.989006e-19,-1.953825e-05,-8.201967e-06,4.685516e-04,-1.972382e-01,2.713418e+00,-3.756277e+00
530,4.106207e-18,-2.342371e-06,-3.714568e-06,4.752697e-04,6.531735e-02,3.611047e-01,-3.230397e+00
531,1.006583e-18,-1.249785e-05,-1.719225e-05,4.716642e-04,2.378722e-01,-8.095351e-01,-2.138865e+00
532,7.614656e-19,-2.044147e-05,-1.940233e-05,4.755630e-04,5.884089e-02,2.509457e-01,2.226130e+00
533,2.390391e-18,-2.031141e-05,-1.952304e-05,4.728377e-04,-3.296437e-01,-5.523814e-02,8.265075e-01
534,2.629365e-17,-2.556552e-05,-1.408673e-05,4.775198e-04,-8.533598e-01,5.153118e-01,1.589495e+00
535,1.242577e-18,-1.798277e-05,-1.172617e-05,4.747937e-04,-1.267852e-01,-1.412134e-01,3.902433e-01
536,4.976952e-18,-3.904046e-06,-1.484332e-05,4.764319e-04,1.122903e-01,-2.095677e-01,-8.106014e-01
537,1.929821e-17,-1.476952e-05,1.254753e-05,4.744291e-04,-1.380270e+00,-2.984667e+00,1.925772e+00
538,1.646769e-18,-1.885309e-05,1.243181e-05,4.746473e-04,8.310643e-02,1.104781e+00,5.397071e-01
539,2.746951e-18,4.484538e-08,8.679647e-06,4.752774e-04,3.158679e-01,4.072373e-01,-4.747852e-01
540,4.027397e-19,-9.768234e-06,-4.960520e-05,4.677572e-04,1.388100e+00,-6.392605e-01,-3.693625e+00
541,3.045965e-18,-1.166153e-05,-6.561853e-05,4.736311e-04,1.888236e-01,-1.577765e+00,-3.250904e-01
542,1.821946e-18,-1.171466e-06,-6.939604e-05,4.755036e-04,2.646769e+00,-2.432267e+00,-1.581774e+00
543,1.118207e-17,-1.952619e-05,-7.322850e-05,4.786115e-04,-2.752336e-01,-3.140474e-01,2.774288e+00
544,2.844336e-18,-7.683971e-06,-5.715697e-05,4.763839e-04,-7.229930e-02,-7.884511e-01,3.671662e+00
545,9.097681e-19,-1.954174e-06,-6.835930e-05,4.779397e-04,-2.844365e-02,7.288810e-01,2.551436e+00
546,1.404226e-16,-3.935221e-06,-6.722613e-05,4.872612e-04,1.118526e+00,-7.411960e-01,3.836616e+00
547,3.364784e-17,-1.025698e-05,-6.329320e-05,5.020823e-04,2.349470e+00,-1.926442e+00,5.570927e+00
548,4.625657e-17,-1.352957e-05,-5.924988e-05,4.936086e-04,-4.507912e-01,1.889016e+00,9.465943e+00
549,4.973633e-17,-1.460552e-05,-6.809283e-05,4.840919e-04,-3.891404e-01,1.413573e+00,4.610248e+00
550,3.791870e-18,7.461673e-07,-6.409245e-05,5.008181e-04,-3.097542e-01,5.128538e-01,1.022097e+01
551,5.450882e-17,-3.416932e-06,-5.357832e-05,4.997518e-04,-1.470891e+00,-3.251751e-01,5.073063e+00
552,1.275685e-17,-1.913911e-05,-5.352080e-05,4.842932e-04,-2.357100e+00,7.856071e-01,1.367777e+00
553,1.473812e-18,-1.241768e-05,-6.146459e-05,4.868082e-04,-5.386647e-01,-7.937604e-02,9.370472e+00
554,6.978260e-19,-2.735010e-06,-7.341108e-05,4.794900e-04,1.411243e+00,1.186523e-01,3.341647e+00
555,7.797611e-18,-1.517353e-05,-6.678677e-05,5.016000e-04,-2.795232e-01,-7.632168e-01,2.509292e+00
556,5.293917e-18,-1.249358e-05,-6.248909e-05,4.825859e-04,-5.510270e-01,-3.921362e-01,6.925483e+00
557,3.591629e-19,-3.516448e-06,-7.304728e-05,4.810486e-04,1.607262e+00,8.445133e-01,3.330664e+00
558,2.850584e-18,-1.172380e-05,-7.265333e-05,4.962209e-04,-4.105756e-01,-2.031691e-01,2.520224e+00
559,1.095535e-18,-7.035857e-06,-7.265709e-05,4.950789e-04,5.310077e-02,7.739887e-02,2.041216e+00
560,1.602795e-18,-7.127382e-06,-5.573583e-05,4.802135e-04,2.121447e+00,8.894551e-01,9.178153e+00
561,2.990272e-19,-5.078884e-06,-7.304751e-05,4.841656e-04,3.091057e-01,-9.075114e-02,6.003227e+00
562,4.982648e-19,-2.735920e-06,-6.757799e-05,4.791102e-04,-1.415122e+00,4.819812e-01,4.865166e+00
563,1.294977e-17,-2.425627e-05,-6.723786e-05,4.837356e-04,2.708319e-02,4.172469e-02,-1.088066e+00
564,3.454382e-19,6.640813e-06,-6.289241e-05,4.724561e-04,-3.681798e+00,-1.273723e+00,-1.814358e+00
565,4.016350e-19,6.638586e-06,-6.367290e-05,4.716768e-04,-3.942472e+00,-2.040208e+00,-3.528970e+00
566,3.217905e-19,7.422194e-06,-6.210993e-05,4.747938e-04,-8.941476e-01,9.779401e-01,1.548052e+00
567,4.381114e-18,8.692573e-06,-6.168357e-05,4.780609e-04,9.590116e-01,1.653916e+00,8.007516e+00
568,1.765790e-18,1.018163e-05,-5.608782e-05,4.714227e-04,-1.340822e+00,-2.341856e+00,4.998256e-01
569,2.488498e-18,8.589317e-06,-5.078465e-05,4.759275e-04,-4.316050e-01,2.419131e-01,9.365248e-01
570,2.974671e-17,9.026455e-06,-5.446706e-05,4.987501e-04,4.756868e-01,3.111689e+00,1.753419e+01
571,7.621516e-18,9.379551e-06,-7.422099e-05,4.884495e-04,-9.233535e-01,-1.072103e+00,5.549543e+00
572,1.002125e-16,9.454385e-06,-7.438330e-05,4.886232e-04,-9.506656e-01,-1.161706e+00,4.890092e+00
573,5.203690e-18,2.184936e-05,-7.128662e-05,4.944040e-04,4.115461e+00,-7.085228e-01,1.337078e+01
574,1.959264e-17,1.797695e-05,-5.397114e-05,4.917175e-04,-6.456441e-02,4.222287e-02,2.043090e+00
575,5.710255e-18,1.725020e-05,-6.955553e-05,4.793548e-04,1.295846e+00,-1.598675e+00,5.102971e+00
576,3.019345e-18,8.035935e-06,-6.408459e-05,4.797792e-04,-2.355888e-01,-2.175278e-01,1.962542e+00
577,1.131992e-17,1.730956e-05,-7.348125e-05,4.876496e-04,1.344950e-01,-2.435360e+00,8.002480e+00
578,2.883928e-18,1.095185e-05,-5.938414e-05,4.939162e-04,6.157130e-01,-6.704774e-01,2.026097e+00
579,3.389693e-17,1.216671e-05,-6.886371e-05,4.917845e-04,-3.847454e-01,-1.378207e-01,2.030589e+00
580,1.285876e-18,2.311641e-06,-6.406405e-05,4.950789e-04,2.360145e-01,4.410294e-01,6.782176e+00
581,1.281322e-16,4.357822e-06,-6.776967e-05,5.047399e-04,7.743825e-01,-9.203106e-01,8.825612e+00
582,1.154178e-18,2.310399e-06,-7.422181e-05,4.896178e-04,-3.177935e-01,-3.643871e-01,2.819939e+00
583,8.084622e-18,1.562682e-05,-7.407405e-05,4.833861e-04,1.090150e-01,2.235289e-01,9.211777e+00
584,2.387478e-17,2.355411e-05,-6.658467e-05,5.040348e-04,5.448891e+00,3.556069e+00,1.881437e+01
585,2.454176e-18,1.399682e-05,-7.195639e-05,5.023692e-04,5.850597e-02,-1.586752e-01,2.406960e-01
586,1.173689e-18,8.810708e-06,-5.080908e-05,4.921518e-04,-1.388063e-01,-2.426682e-01,1.106124e+01
587,3.544642e-19,1.601634e-05,-7.070378e-05,4.778913e-04,-1.725775e+00,7.122940e-01,5.508822e+00
588,2.827208e-18,9.365538e-06,-7.502004e-05,4.837626e-04,-1.938570e+00,8.326468e-01,7.844724e+00
589,3.275278e-18,8.700735e-06,-5.068191e-05,4.896076e-04,7.538436e-01,1.910304e-01,9.921550e+00
590,2.764187e-17,2.407344e-05,-7.246063e-05,4.850915e-04,-2.583920e-01,2.527544e-01,-6.269510e-01
591,3.875813e-19,1.445672e-05,-7.382864e-05,4.786847e-04,-1.147416e+00,-2.458781e+00,3.015500e+00
592,1.281214e-18,8.609446e-06,-6.054769e-05,4.810731e-04,7.143749e-01,3.305588e+00,1.067037e+01
593,2.867059e-18,2.032851e-05,-4.999330e-05,4.791444e-04,-1.560913e-01,-1.645304e-01,-1.339999e+00
594,2.447206e-18,8.673022e-06,-5.073603e-05,4.846346e-04,-1.045140e+00,-5.560716e-01,7.148402e+00
595,1.254185e-17,2.427102e-05,-5.694327e-05,4.962215e-04,-6.630704e-02,-9.274954e-03,-1.226056e+00
596,1.685737e-16,-2.271373e-04,8.139038e-06,4.980097e-04,5.270671e-01,-9.403534e-01,8.544179e+00
597,7.622332e-18,-2.257814e-04,2.421927e-05,4.970780e-04,-2.970340e-01,-2.597679e-01,2.337540e+00
598,4.971102e-17,-2.261447e-04,2.385951e-05,4.973095e-04,-2.906480e-01,-1.538662e-01,2.669172e+00
599,3.252837e-18,-2.257830e-04,2.344112e-06,4.923543e-04,-6.156352e-03,-8.634933e-02,5.274535e+00
600,3.226812e-18,-2.244909e-04,7.763339e-06,4.839065e-04,1.122528e+00,-3.805777e-01,4.664803e+00
601,1.795308e-18,-2.252441e-04,2.460919e-05,4.885702e-04,-9.210255e-01,2.824879e-01,-1.853052e+00
602,1.643964e-17,-2.247331e-04,-1.616721e-05,4.847124e-04,5.984156e-01,-3.181126e+00,7.361011e+00
603,3.355806e-17,-2.270088e-04,-9.012002e-06,4.864330e-04,-6.687427e-01,-1.435632e+00,4.957037e+00
604,5.509563e-18,-2.256344e-04,-1.546198e-05,4.767837e-04,-7.886453e-01,-2.713554e-01,3.968355e+00
605,8.190021e-19,-2.326822e-04,1.211256e-05,4.761106e-04,2.333589e+00,-3.076703e+00,1.950640e+00
606,2.549745e-17,-2.318389e-04,-7.023094e-06,4.799185e-04,3.508501e-01,-2.104369e+00,2.702315e+00
607,3.377611e-17,-2.294475e-04,-1.568079e-05,4.943099e-04,-3.561801e+00,2.418043e-01,1.510470e+01
608,1.038651e-16,-2.378514e-04,-5.688669e-06,4.868885e-04,6.530718e-01,1.738266e+00,5.550342e+00
609,2.053466e-17,-2.371837e-04,-1.838983e-05,4.807912e-04,1.570180e+00,-7.745661e-01,6.248291e+00
610,3.850768e-17,-2.354301e-04,-1.143112e-05,4.889289e-04,-2.879924e+00,1.974056e+00,6.175603e+00
611,4.963196e-18,-2.297155e-04,-1.093299e-05,4.886733e-04,8.477149e-02,-5.892378e-01,3.756889e+00
612,4.402656e-17,-2.358065e-04,-2.400279e-05,4.886753e-04,-1.293093e+00,2.136437e-01,2.991769e+00
613,1.567792e-17,-2.492679e-04,-9.174947e-06,4.971847e-04,-1.208578e-02,-8.604166e-02,2.882102e+00
614,3.251838e-17,-2.430008e-04,-1.025357e-06,4.797884e-04,1.331901e+00,8.227833e-01,5.891434e+00
615,2.420668e-18,-2.461438e-04,-1.321756e-05,4.846591e-04,6.522496e-01,-1.044328e+00,1.515800e+00
616,2.123548e-17,-2.291019e-04,-1.240269e-05,5.016711e-04,4.115433e-01,-4.598949e-01,9.932184e+00
617,5.231303e-18,-2.304679e-04,-4.686740e-06,4.997391e-04,-3.536076e-02,1.581834e-01,9.235316e+00
618,1.274950e-18,-2.496094e-04,-7.967847e-07,4.877391e-04,-3.893797e-02,1.188484e-01,-1.568582e+00
619,2.896463e-18,-2.429811e-04,-1.638884e-05,4.829736e-04,2.015109e-01,1.635869e-01,-2.446128e+00
620,6.393688e-18,-2.374763e-04,-1.992610e-06,5.020558e-04,3.641326e-02,8.110077e-01,7.446908e+00
621,1.800421e-18,-2.273267e-04,-1.598975e-05,4.896237e-04,2.584797e-01,-1.814838e+00,1.270522e+01
622,4.188260e-18,-2.304696e-04,-4.684218e-06,4.880890e-04,-1.406332e-01,6.477363e-02,2.088172e+00
623,3.131357e-18,-2.461186e-04,-1.407026e-05,4.899254e-04,-5.521732e-01,3.777082e-01,1.681904e+00
624,1.619227e-17,-2.283376e-04,-1.557009e-05,4.785470e-04,2.819289e+00,8.842979e-01,3.445581e+00
625,3.056871e-18,-2.406003e-04,-1.170908e-07,4.753705e-04,2.016893e+00,-6.801032e-02,5.310471e+00
626,3.365715e-18,-2.437505e-04,-7.812550e-06,4.947230e-04,3.178252e-02,-9.403631e-02,1.195507e+00
627,1.312833e-18,-2.453178e-04,-2.031152e-05,4.904000e-04,-3.034843e-01,8.895275e-02,8.188249e-01
628,5.000464e-19,-2.261684e-04,-1.563564e-05,4.818191e-04,-6.251596e-01,-4.076332e-02,8.528768e+00
629,3.011724e-18,-2.333258e-04,-2.259249e-05,4.847275e-04,-2.290761e+00,9.736446e-01,7.938481e+00
630,6.480392e-18,-2.303845e-04,-2.432988e-05,4.863913e-04,-1.118975e+00,-2.084610e-02,-1.243520e+00
631,3.804683e-18,-2.398436e-04,2.344067e-06,5.009315e-04,-4.218667e-01,-3.280256e-01,1.393558e+01
632,5.658437e-17,-2.391286e-04,2.341987e-06,5.015837e-04,-4.312009e-01,-1.971796e-01,1.438370e+01
633,3.612877e-17,-2.331116e-04,1.243604e-05,4.835983e-04,1.276898e+00,-1.385255e+00,8.608160e+00
634,2.727583e-17,-2.488697e-04,2.383667e-05,4.903255e-04,5.001745e-03,-9.714976e-02,-9.852225e-02
635,6.572442e-17,-2.486681e-04,6.394058e-06,4.876942e-04,-3.984195e-01,-8.973466e-01,1.780496e+00
636,2.576404e-18,-2.265617e-04,1.020011e-05,4.899806e-04,2.914568e-01,-6.482788e-01,8.227258e+00
637,1.432477e-17,-2.277917e-04,1.118076e-05,4.793856e-04,1.026254e+00,-2.571616e+00,2.270257e+00
638,1.149397e-17,-2.451799e-04,1.505899e-05,4.841586e-04,-4.481208e-01,-7.870470e-02,-7.028140e-01
639,2.371373e-18,-2.374985e-04,2.355883e-06,4.954418e-04,1.509179e-01,-1.411121e-01,1.316235e+01
640,1.558005e-18,-2.496098e-04,5.451715e-06,4.821516e-04,-1.140921e-01,-1.695639e-01,3.346245e+00
641,9.897912e-18,-2.287906e-04,2.455625e-05,4.910030e-04,-9.624284e-02,9.548175e-02,3.215132e-01
642,3.159467e-18,-2.304998e-04,2.349555e-06,4.978571e-04,-5.484766e-01,-9.555589e-02,1.566969e+00
643,1.296792e-17,-2.375277e-04,2.337852e-06,4.873873e-04,-1.489367e-02,3.472318e-02,8.988386e+00
644,5.320840e-19,-2.367241e-04,1.172974e-06,4.818309e-04,2.531368e+00,-1.155311e-01,5.324536e+00
645,1.038578e-18,-2.365451e-04,2.735628e-06,4.783796e-04,1.561954e+00,2.720093e+00,1.742330e+00
646,1.516408e-18,-2.496090e-04,1.406788e-05,4.829964e-04,-3.312406e-02,4.980523e-02,-9.511741e-01
647,1.336183e-18,-2.343723e-04,1.019206e-05,4.771266e-04,-1.571585e+00,-1.370381e+00,4.838320e-01
648,2.883176e-18,-2.437511e-04,1.561464e-06,4.914923e-04,-5.878918e-02,1.090204e-02,3.970718e-01
649,1.126785e-17,-2.405213e-04,2.426753e-05,4.905516e-04,1.111169e-01,-5.471822e-02,-1.231277e+00
650,1.062157e-18,-2.475633e-04,2.461070e-05,4.824466e-04,-5.817710e-01,4.740589e-02,-4.336640e+00
651,3.116265e-18,-2.492695e-04,2.460929e-05,4.804378e-04,2.956277e-02,-1.477215e-02,-2.024643e+00
652,9.384461e-18,-2.348563e-04,-8.200592e-06,4.746669e-04,-1.097324e-01,1.950771e+00,-2.227892e-01
653,3.287223e-19,-2.394533e-04,-1.171715e-06,4.724689e-04,2.945789e+00,-1.741340e-01,1.833384e+00
654,1.150601e-18,-2.353586e-04,-1.523588e-05,4.703812e-04,2.108564e+00,1.645250e+00,-4.038732e+00
655,2.364553e-18,-2.313457e-04,-2.186416e-05,4.753783e-04,3.730744e-01,1.693197e-01,1.400781e+00
656,1.651074e-18,-2.296966e-04,-1.094646e-05,4.755786e-04,1.093459e-01,-1.703935e-01,-1.424961e+00
657,1.318319e-17,-2.462790e-04,1.611012e-05,4.735188e-04,-4.279742e-03,-9.889194e-01,8.697073e-01
658,1.465353e-18,-2.317702e-04,1.132764e-05,4.740724e-04,3.060593e+00,-2.918220e+00,1.089756e+00
659,2.527939e-17,2.218605e-04,1.204287e-05,4.764845e-04,1.001790e+00,1.803857e+00,9.637769e-01
660,4.699966e-18,2.125062e-04,1.639855e-05,4.782590e-04,-2.392345e-01,-2.100023e-01,4.411240e+00
661,3.632729e-18,2.257823e-04,1.562602e-05,4.751738e-04,-4.106726e-01,3.283191e-01,1.177538e+00
662,2.590541e-18,2.054614e-04,1.719370e-05,4.751383e-04,-8.064222e-02,1.751515e-01,2.204550e-01
663,4.275308e-18,2.125059e-04,1.017115e-05,4.740726e-04,-3.512195e-01,-4.466695e-02,-2.579091e+00
664,5.736498e-19,2.214845e-04,7.690587e-07,4.716869e-04,-3.566330e-01,-2.364365e-01,-1.363262e+00
665,4.027673e-17,2.120113e-04,-5.188528e-06,4.793828e-04,4.700100e-01,2.165708e+00,1.570786e+00
666,1.294076e-18,2.124645e-04,-7.830151e-06,4.724526e-04,3.504876e-01,5.407138e-01,-2.705120e+00
667,2.707593e-17,1.890294e-04,-1.013051e-05,4.754562e-04,3.400821e+00,5.822048e-01,-2.920946e+00
668,7.829221e-19,1.771961e-04,-6.116153e-06,4.771437e-04,-3.350090e-01,-8.818689e-02,1.840080e+00
669,1.462163e-18,1.774362e-04,-5.992047e-06,4.728735e-04,7.184758e-02,-8.608825e-01,-5.015269e+00
670,1.610542e-17,1.739041e-04,1.778568e-05,4.756926e-04,7.826873e-01,3.489526e+00,-1.714819e+00
671,3.658858e-17,1.890668e-04,7.354683e-06,4.636520e-04,4.686720e-01,-1.922810e-01,-9.026706e+00
672,1.062304e-18,1.805943e-04,6.640644e-06,4.721528e-04,-1.160285e+00,-1.279776e+00,-1.718711e+00
673,3.084974e-19,1.800772e-04,5.859317e-06,4.716825e-04,-2.972631e-01,-1.911528e+00,-1.916378e+00
674,2.522347e-18,1.898447e-04,1.017428e-05,4.780875e-04,5.545103e-01,1.191293e+00,1.019130e+00
675,1.915792e-18,1.899651e-04,5.307153e-06,4.767083e-04,2.816521e-01,-4.191329e-01,-3.536313e+00
676,1.217114e-18,-7.500510e-05,-1.405949e-05,4.833752e-04,1.008627e-01,-5.925842e-02,-1.187057e+00
677,9.063987e-17,-5.564131e-05,-7.662405e-06,4.895466e-04,2.820834e+00,7.358104e-01,7.160908e+00
678,2.352724e-16,-5.949961e-05,-1.307428e-05,4.954425e-04,2.584729e-01,-3.558288e-01,1.474790e+00
679,2.557391e-17,-5.114552e-05,-2.357193e-05,4.915068e-04,5.831781e-01,-3.609992e+00,1.225704e+01
680,1.849056e-17,-6.683591e-05,-1.783934e-05,4.832413e-04,1.299036e+00,-5.803285e-01,7.124618e+00
681,3.651903e-17,-6.963946e-05,-6.717861e-06,4.890643e-04,1.824865e-01,4.536277e-01,3.253625e+00
682,1.526183e-18,-5.078060e-05,-1.561648e-06,4.950750e-04,-8.937625e-01,-5.190241e-02,4.631646e+00
683,1.690123e-17,-5.153491e-05,-2.024732e-05,4.774083e-04,-1.931479e+00,-2.889495e+00,4.831444e+00
684,2.650190e-18,-5.156630e-05,-2.194727e-05,4.869025e-04,-1.274224e-01,-3.497153e+00,1.118100e+01
685,3.254856e-18,-5.157536e-05,-2.070387e-05,4.833446e-04,7.258490e-01,-1.769407e+00,8.593672e+00
686,1.795206e-18,-6.015522e-05,-2.460907e-05,4.853353e-04,2.307068e-01,-4.004967e-02,-1.865753e+00
687,6.802705e-17,-8.858803e-06,-2.159512e-05,4.958578e-04,7.926563e-01,4.520421e+00,1.154594e+01
688,6.617991e-19,-1.289267e-05,-2.575638e-05,4.818088e-04,-2.297547e-01,2.134471e+00,6.422624e+00
689,7.846184e-18,-1.368796e-05,-2.576170e-05,4.878571e-04,1.173066e+00,-1.056163e+00,9.877387e+00
690,3.126324e-18,-1.484491e-05,-2.601252e-05,4.916566e-04,1.619454e-01,8.449759e-01,8.831825e+00
691,2.100429e-17,-1.887857e-05,-2.265236e-05,4.848934e-04,4.566304e-01,-1.915472e+00,9.333406e+00
692,5.262453e-18,-1.421175e-05,-4.685170e-06,4.904045e-04,1.156219e+00,1.217109e-03,5.558882e+00
693,1.907160e-18,-2.038578e-05,-2.038128e-05,4.787901e-04,-6.695284e-01,1.147345e+00,6.724474e+00
694,4.111969e-17,-2.132502e-05,-6.627645e-06,4.842474e-04,-2.332650e+00,1.396992e+00,2.075295e+00
695,3.571165e-18,-9.383364e-06,-1.967814e-05,4.884344e-04,-1.326589e+00,5.654872e+00,1.060455e+01
696,8.607677e-19,-9.371264e-06,-1.992335e-05,4.919527e-04,-1.961324e-01,5.755644e+00,1.397828e+01
697,2.765109e-18,-3.898514e-06,-1.484804e-05,4.931442e-04,-1.772589e-02,4.615670e-02,4.269969e+00
698,2.966636e-18,-1.567934e-05,-2.344087e-05,4.868324e-04,8.333831e-02,-3.058264e-01,2.007044e+00
699,1.471641e-18,-1.562691e-05,-2.344586e-05,4.966235e-04,-8.440042e-02,-4.419315e-01,1.395876e+00
700,3.328709e-17,-4.461389e-05,-1.136331e-05,4.783469e-04,-1.281801e+00,8.540361e-01,1.726319e+00
701,7.562331e-17,-3.376961e-05,-4.570229e-06,4.984316e-04,-7.238605e-01,1.045575e+00,7.741004e+00
702,1.489104e-18,-3.748933e-05,-6.234531e-06,4.911859e-04,-9.160923e-01,5.279958e-01,8.179920e+00
703,1.271200e-18,-4.221586e-05,-8.984627e-06,4.767213e-04,-1.518216e+00,-1.627698e+00,2.561894e+00
704,4.785211e-18,-4.686376e-05,-4.685187e-06,4.967536e-04,3.454323e-01,-6.188230e-02,8.428842e+00
705,2.993515e-18,-3.749921e-05,-6.290823e-06,4.861408e-04,-5.599914e-01,-7.100685e-01,5.135972e+00
706,1.210009e-18,-3.436571e-05,-1.560127e-05,4.927592e-04,1.625706e-01,2.351020e-03,5.644627e+00
707,2.443494e-18,-4.218287e-05,-8.593074e-06,4.962890e-04,1.449849e-02,-1.588785e-01,8.814180e+00
708,1.271182e-18,-3.437399e-05,-1.249877e-05,4.833688e-04,-4.115248e-01,9.054378e-01,1.610918e+00
709,1.049783e-17,-4.180849e-05,-1.672923e-05,4.827080e-04,2.811943e-01,1.283713e+00,3.261047e+00
710,3.159724e-18,-3.596996e-05,-1.547057e-06,4.962219e-04,-7.477307e-01,7.692774e-01,7.260008e+00
711,1.612811e-18,-4.218178e-05,-8.587833e-06,4.872882e-04,3.726738e-01,-8.676163e-01,5.763368e+00
712,3.051664e-18,-3.593571e-05,-1.561929e-06,4.885101e-04,5.012805e-02,-8.214831e-02,6.391627e+00
713,1.521522e-18,-4.610551e-05,-8.592375e-06,4.966396e-04,-3.367066e-01,-8.548464e-02,5.634106e+00
714,2.142025e-18,-4.209184e-05,-8.593380e-06,5.026815e-04,-4.839677e-02,-7.747975e-02,9.821438e+00
715,2.186755e-18,-2.896578e-05,-7.087475e-06,4.898933e-04,-5.222950e-02,-3.559785e-01,2.617606e+00
716,3.619473e-18,-2.572945e-05,-5.468109e-06,5.016933e-04,-7.281178e-02,1.761377e-02,3.205460e+00
717,3.156292e-18,-4.608956e-05,-3.104662e-06,4.767180e-04,-1.279174e-01,8.658353e-01,-6.768367e-01
718,3.475730e-18,-4.140102e-05,-1.563035e-06,4.775435e-04,-7.779184e-01,7.095585e-02,1.967770e+00
719,1.666835e-18,-3.757251e-05,-6.172658e-06,4.824686e-04,8.253943e-01,1.051617e-01,3.264925e+00
720,2.089204e-18,-3.744603e-05,-6.189427e-06,4.783954e-04,1.477259e-01,3.002313e-01,1.172795e+00
721,1.629695e-17,-4.289006e-05,-2.421764e-05,4.971450e-04,3.645424e-02,4.807583e-02,-1.019552e+00
722,4.577959e-18,-3.820994e-05,-2.460924e-05,4.897111e-04,-3.226961e-02,-2.966150e-03,-2.484535e+00
723,5.591080e-19,-5.039727e-05,-1.720342e-05,4.708735e-04,2.255242e+00,4.710084e-01,-5.980080e+00
724,2.787190e-19,-4.961595e-05,-1.757773e-05,4.700917e-04,2.030264e+00,-8.287897e-01,-7.324042e+00
725,2.248759e-16,-3.409556e-06,1.737994e-04,4.931646e-04,-5.190111e-01,5.121347e-01,5.720185e+00
726,3.815162e-18,7.823400e-07,1.992189e-04,4.946897e-04,-2.081595e+00,2.034798e+00,9.803493e+00
727,3.780623e-17,9.047297e-07,1.992381e-04,4.946302e-04,-1.774825e+00,1.851892e+00,9.487337e+00
728,2.610220e-19,3.908348e-07,1.964847e-04,4.833889e-04,1.232150e+00,-1.025749e+00,5.507317e+00
729,1.209027e-16,1.576855e-06,1.940945e-04,5.046701e-04,-1.004499e+00,-1.940038e+00,1.184007e+01
730,4.498414e-18,-4.147485e-07,2.007919e-04,4.876921e-04,-2.520192e+00,2.253394e+00,7.216997e+00
731,2.664319e-17,3.559722e-06,1.843606e-04,4.967520e-04,1.665227e+00,-9.900234e-01,6.725973e+00
732,1.260342e-17,1.290497e-05,1.946706e-04,4.795711e-04,9.738131e-02,-1.007480e+00,2.195507e+00
733,3.367644e-17,2.401514e-05,2.018624e-04,4.877769e-04,-9.687720e-03,4.520148e-04,-9.128334e-01
734,2.188817e-17,5.237780e-07,1.828548e-04,4.933161e-04,3.687393e+00,-7.464693e-01,3.974263e+00
735,3.484597e-18,1.562459e-06,1.789075e-04,4.993528e-04,2.316334e-01,-3.395365e-01,8.494363e+00
736,1.271114e-17,1.366863e-05,1.945058e-04,4.960236e-04,-3.346658e-01,-9.341729e-01,3.662262e+00
737,3.987615e-18,4.451529e-06,1.890523e-04,4.813965e-04,-2.835568e+00,-1.239354e+00,8.021611e+00
738,4.592660e-18,3.901048e-06,1.968859e-04,4.802842e-04,4.421037e-01,4.462808e-01,3.306019e+00
739,9.002511e-19,1.000830e-05,2.003901e-04,4.807718e-04,7.175593e-01,1.347646e+00,-3.991387e-01
740,9.058714e-18,-7.665522e-07,1.960787e-04,4.881742e-04,1.283741e-01,2.006378e-01,7.015971e+00
741,1.622322e-18,5.232181e-06,1.891710e-04,4.854518e-04,-1.555465e+00,-1.476340e+00,1.087061e+01
742,1.356158e-18,7.818094e-06,1.773528e-04,4.896092e-04,-9.308921e-02,-6.109270e-02,-1.434703e+00
743,2.435584e-18,2.460842e-05,1.851591e-04,4.903508e-04,-9.404252e-03,-1.126033e-01,-3.017195e+00
744,2.459543e-17,-1.267683e-05,1.819936e-04,4.946004e-04,2.451951e-01,-2.879581e-01,1.420879e+01
745,3.957056e-18,-7.790414e-06,1.810598e-04,4.968739e-04,-9.255233e-02,-5.026887e-01,1.083122e+01
746,1.637431e-17,-1.647121e-05,1.827553e-04,4.818678e-04,1.277334e+00,1.284252e-01,9.837603e+00
747,2.527165e-17,-1.179211e-05,1.814599e-04,4.871259e-04,-2.679475e-01,2.028618e+00,9.515778e+00
748,7.278314e-18,-1.718596e-05,1.832147e-04,4.997559e-04,-4.091143e-01,-4.101868e-01,2.156959e+00
749,1.476452e-17,-1.666985e-05,1.765683e-04,4.823369e-04,3.767822e-01,4.019742e-01,6.178279e+00
750,3.850029e-18,-2.954863e-06,1.961204e-04,4.994145e-04,-1.367824e+00,2.371295e-01,1.291987e+01
751,1.755111e-18,-7.285362e-07,1.867823e-04,4.877355e-04,1.251432e-01,2.809032e-01,1.807384e+00
752,8.649204e-19,-9.217497e-06,1.845231e-04,4.865186e-04,9.754987e-02,1.208423e-01,3.370031e+00
753,1.469062e-17,-1.268954e-05,1.758989e-04,4.979054e-04,-7.521533e-01,1.759216e-02,1.141576e+01
754,5.853748e-18,-4.705829e-06,1.829975e-04,4.863865e-04,-1.510962e+00,3.173364e-01,5.487725e+00
755,1.246253e-18,-8.608126e-06,1.820482e-04,4.771387e-04,2.095275e+00,2.351987e-01,2.227669e+00
756,1.267173e-17,-1.554649e-05,2.015901e-04,4.773476e-04,6.284626e-01,-1.459706e+00,-1.971572e-01
757,4.956766e-18,-5.552380e-06,1.954254e-04,4.989817e-04,-4.000814e-01,9.021154e-01,5.453651e+00
758,5.924155e-19,-1.991721e-05,1.844028e-04,4.786863e-04,-2.156530e-01,-1.202105e+00,-5.045509e+00
759,2.352050e-17,-1.100615e-05,1.780358e-04,5.011108e-04,-1.040107e+00,-1.255084e-01,7.287473e+00
760,2.990083e-18,-6.254514e-06,1.929836e-04,4.845602e-04,1.023073e-01,-6.438171e-01,2.925278e-01
761,4.842901e-18,-6.254232e-06,1.994898e-04,4.954660e-04,-4.529271e-01,-7.716181e-01,1.807960e+00
762,7.709187e-18,-8.629658e-06,1.914026e-04,4.913518e-04,-1.671643e-01,-2.710856e-01,1.226689e+00
763,1.655462e-18,-1.556473e-05,1.755326e-04,4.779329e-04,-6.831877e-01,2.346733e+00,5.713634e+00
764,5.090912e-19,-9.764053e-06,1.820253e-04,4.779198e-04,2.182308e+00,3.224512e-01,1.435431e+00
765,2.386838e-18,-2.460928e-05,1.859378e-04,4.959091e-04,-5.578997e-02,-2.353798e-03,-2.046419e+00
766,5.245985e-17,-9.596399e-06,1.857150e-04,5.148265e-04,1.038667e-01,8.092643e-01,3.571686e+00
767,2.385754e-17,-7.136850e-06,1.835601e-04,5.048854e-04,1.196067e+00,5.306604e-01,1.384976e+01
768,1.669854e-16,-9.747702e-06,1.856646e-04,5.148662e-04,1.888955e-01,8.051198e-01,3.584478e+00
769,1.136538e-16,1.222905e-05,1.867489e-04,5.065568e-04,2.097398e+00,2.158323e+00,1.327868e+01
770,2.934434e-18,-1.319284e-05,1.758375e-04,5.182161e-04,-1.002444e+00,1.278557e+00,1.968278e+01
771,2.242899e-17,-3.049450e-06,1.800210e-04,5.193446e-04,3.589430e+00,3.146244e+00,1.557999e+01
772,6.987155e-17,3.410912e-07,1.734052e-04,5.238516e-04,4.763420e-01,-4.797640e-01,1.239214e+01
773,1.354868e-17,-5.112306e-06,1.992441e-04,5.077906e-04,-1.080908e+00,-2.730428e+00,1.366021e+01
774,2.900589e-17,3.900966e-06,1.967887e-04,5.208949e-04,-2.555819e-01,3.098576e-01,1.584964e+01
775,8.567752e-19,3.732946e-06,1.960018e-04,5.151651e-04,1.286629e+00,1.828110e+00,1.249030e+01
776,4.012961e-17,1.254776e-05,1.801099e-04,5.116296e-04,-1.389934e-01,1.784162e+00,7.415777e+00
777,6.073719e-18,1.204965e-05,1.945695e-04,5.134629e-04,-1.290767e+00,2.025015e-01,3.714889e+00
778,3.451912e-18,1.563738e-06,1.773423e-04,5.094149e-04,-2.210178e-02,-8.827611e-01,8.996205e+00
779,3.599974e-18,3.128016e-06,1.851563e-04,5.109374e-04,1.415192e-01,-6.952905e-02,6.262422e+00
780,2.906898e-18,3.108752e-06,1.914099e-04,5.131947e-04,-2.254199e-01,-1.110643e-02,4.230418e+00
781,5.042738e-18,1.875506e-05,1.749988e-04,5.236110e-04,-4.923487e-01,4.865962e-02,4.391847e+00
782,1.247612e-17,-1.997762e-05,1.930911e-04,5.164664e-04,5.608064e-01,-3.633079e-01,3.489942e+00
783,8.111172e-18,-3.906871e-06,1.796758e-04,5.098906e-04,-5.132882e-02,1.234623e-02,1.176506e+01
784,8.369919e-17,-9.159715e-06,1.929984e-04,5.289011e-04,-1.263407e+00,-1.034894e-01,4.934177e+00
785,1.913989e-17,-1.407754e-05,1.824692e-04,5.274039e-04,2.272274e-01,3.482237e+00,2.413466e+01
786,2.690290e-18,-8.598544e-06,1.952982e-04,5.078674e-04,3.762366e-02,1.847506e-01,1.568582e-01
787,8.363436e-18,-1.895620e-05,1.818055e-04,5.115719e-04,6.854957e-01,6.003237e-01,3.253853e+00
788,3.003771e-18,-3.944049e-06,1.929538e-04,5.063490e-04,-5.200293e-01,-5.857757e-01,9.862038e-01
789,1.256316e-18,-8.548024e-06,1.952961e-04,5.028635e-04,-8.793336e-02,-1.166984e-01,-2.341946e-01
790,9.026342e-19,-1.268050e-05,2.058560e-04,4.737742e-04,2.294016e+00,-1.578238e+00,-3.909354e+00
791,2.056727e-18,-1.608746e-06,2.078797e-04,4.760561e-04,9.862320e-02,-8.786548e-03,4.541872e-01
792,1.033513e-18,-1.210923e-05,2.050764e-04,4.700414e-04,7.600812e-01,-3.237454e+00,-8.159985e+00
793,1.738362e-17,6.898213e-06,2.109560e-04,4.791865e-04,8.287897e-01,-1.720840e-02,3.170690e+00
794,2.825346e-17,1.542959e-05,2.158611e-04,4.790778e-04,-5.844187e-01,-1.958293e-01,3.411012e+00
795,7.042287e-19,1.679766e-05,2.160140e-04,4.735808e-04,5.053922e-01,-1.607913e+00,5.605782e-01
796,3.398230e-19,1.601577e-05,2.160156e-04,4.747827e-04,2.962027e+00,-4.526349e-01,2.492159e+00
797,5.629020e-19,8.983385e-06,2.136718e-04,4.736304e-04,8.677358e-01,-1.997736e+00,-1.235601e+00
798,2.860592e-19,8.201755e-06,2.136723e-04,4.701181e-04,-2.142105e-01,2.705688e-01,-5.914737e+00
799,3.235200e-19,-3.513996e-06,1.863278e-04,4.732445e-04,4.311479e-01,-4.250225e+00,-4.717596e+00
800,2.705531e-18,-1.542791e-06,4.928571e-05,4.728625e-04,3.767182e+00,3.015594e+00,-3.130885e+00
801,2.519230e-19,-5.077651e-06,5.742178e-05,4.709053e-04,-9.418697e-03,-4.020785e-01,-2.307760e+00
802,2.207855e-17,-2.460779e-06,6.555386e-05,4.826649e-04,-6.480709e-01,-6.553403e-01,9.597112e+00
803,5.573605e-19,-1.757810e-05,6.877797e-05,4.708965e-04,1.192385e+00,-3.892794e-01,-7.526331e+00
804,1.381893e-16,-1.006230e-05,6.177801e-05,4.965228e-04,2.455077e-01,-7.224473e-01,2.993978e+00
805,3.304426e-17,8.455868e-06,5.998867e-05,4.953762e-04,-4.890440e-01,-7.539726e-01,8.317024e+00
806,5.092979e-17,9.227484e-06,6.743014e-05,4.861224e-04,5.812465e-01,-4.325915e-02,8.911624e+00
807,1.281602e-16,-2.336526e-05,6.157435e-05,4.854351e-04,-4.067452e-01,-2.712656e-01,5.094127e-02
808,3.720088e-17,-1.976750e-06,6.633019e-05,4.974565e-04,6.599316e-02,1.904598e+00,1.698229e+01
809,7.058290e-17,1.830013e-05,5.104559e-05,4.783180e-04,2.561536e+00,1.599683e+00,5.476227e-01
810,1.420274e-18,-9.156113e-06,4.931534e-05,4.958470e-04,-7.203650e-02,7.651719e-02,4.467441e+00
811,1.450458e-16,-5.620685e-06,4.633627e-05,4.921067e-04,8.697509e-01,2.582084e+00,7.665215e+00
812,1.359446e-17,1.311735e-05,5.235688e-05,4.875503e-04,1.449877e+00,-7.209346e-01,1.714111e+01
813,7.039910e-17,-1.374561e-05,4.762456e-05,4.837408e-04,-2.194226e-01,-9.617424e-01,2.865791e+00
814,2.052717e-17,-1.861481e-05,7.116085e-05,4.944313e-04,4.460206e-02,4.874480e-01,5.425085e+00
815,2.938918e-19,-9.769994e-06,4.961214e-05,4.888384e-04,2.043139e-01,-2.209040e-01,1.811004e+00
816,9.535173e-18,4.997406e-06,7.032004e-05,4.867796e-04,3.695054e-01,-4.605309e-03,6.123305e+00
817,8.261982e-17,8.806610e-06,6.924853e-05,5.019687e-04,1.245872e+00,8.240037e-01,1.406594e+01
818,3.093637e-18,1.015592e-05,6.015989e-05,4.845518e-04,1.858077e-01,-2.146022e-01,4.832466e+00
819,2.294288e-18,-1.711077e-05,6.868471e-05,4.916463e-04,4.372944e-01,-1.781862e-01,5.700865e+00
820,1.571743e-17,-1.573315e-05,5.421299e-05,4.808037e-04,8.855384e-01,-5.944566e-01,5.257447e-01
821,3.205519e-18,3.448828e-09,7.499971e-05,4.962728e-04,-2.287398e-01,-1.297113e-02,7.108593e+00
822,2.103277e-18,-2.524094e-06,6.548762e-05,4.931756e-04,-3.274624e-01,1.823540e+00,1.779844e+01
823,4.661014e-18,-3.264464e-07,5.929452e-05,4.899239e-04,-2.833938e+00,6.758608e-01,-7.468193e-01
824,5.132762e-17,6.006238e-07,4.849726e-05,4.906853e-04,-2.896512e-01,3.408980e-02,3.253628e+00
825,4.799763e-18,-6.248531e-06,5.546886e-05,4.848564e-04,4.609463e-01,6.627339e-03,7.163751e-01
826,1.616134e-18,-1.640278e-05,6.094423e-05,4.872904e-04,-4.242126e-02,-8.109173e-02,-1.790913e+00
827,2.760029e-18,-4.689466e-06,5.546402e-05,4.898987e-04,-6.935770e-02,1.244438e-01,-9.792720e-01
828,7.918994e-18,-2.433418e-05,7.106238e-05,4.892114e-04,8.107592e-02,1.890441e-02,-1.396477e+00
829,2.099475e-18,-2.460907e-05,5.405026e-05,4.971348e-04,-1.646165e-02,-2.170984e-01,-2.923907e+00
830,5.660389e-18,3.128421e-06,7.378673e-05,4.805394e-04,1.249207e+00,1.201748e+00,5.054723e+00
831,3.097509e-18,8.608165e-06,7.121681e-05,4.787003e-04,-1.641165e+00,3.329149e+00,1.226918e+00
832,2.072647e-17,1.673538e-05,5.400361e-05,5.020956e-04,-4.596379e-01,-9.885866e-01,6.473504e+00
833,1.162331e-16,9.933976e-06,7.632348e-05,5.042091e-04,-5.213037e-01,-8.583522e-01,8.842252e+00
834,1.780803e-18,1.645214e-05,6.494388e-05,4.762245e-04,2.903119e-01,1.152723e-01,-4.818311e+00
835,2.990851e-19,7.422477e-06,6.914068e-05,4.950863e-04,2.563803e+00,5.932507e-01,1.466633e+01
836,1.231681e-17,2.427745e-05,6.174400e-05,4.977951e-04,-4.708612e-02,-2.310245e-02,-1.237541e+00
837,2.517791e-18,3.221458e-06,7.471269e-05,4.753727e-04,-8.406663e-01,1.067636e+00,3.059349e+00
838,1.616510e-18,1.172808e-04,1.337147e-05,4.738885e-04,-3.910654e-01,8.703235e-01,-7.200589e+00
839,2.406182e-19,1.222707e-04,-1.289417e-05,4.739964e-04,2.777638e+00,4.897752e-01,-2.203208e+00
840,5.132554e-19,1.230507e-04,-1.248234e-05,4.732133e-04,1.275578e+00,-6.090217e-01,-4.332878e+00
841,2.972203e-19,1.222697e-04,-1.210751e-05,4.724308e-04,8.250195e-01,-7.292409e-01,-6.741124e+00
842,2.756174e-17,1.509667e-04,5.148469e-06,4.759813e-04,-6.266449e-02,-5.719935e-01,-5.808260e-01
843,1.090061e-17,1.275895e-04,1.389228e-05,4.764612e-04,-1.749415e+00,-1.898137e+00,-1.699373e+00
844,1.545123e-18,1.446234e-04,1.132832e-05,4.749196e-04,-6.347575e-01,-1.892188e-01,-2.093807e+00
845,1.974698e-17,1.358184e-04,-9.410941e-06,4.771601e-04,-7.730312e-01,-2.561797e-02,4.709087e+00
846,2.518855e-17,1.272203e-04,-4.044768e-06,4.761373e-04,-2.594904e-01,5.305999e-02,-4.724499e-02
847,3.094432e-18,1.281261e-04,-1.250243e-05,4.774593e-04,-7.418837e-02,-1.175027e-01,3.111747e+00
848,1.441940e-18,-1.171976e-06,-2.164187e-04,4.767752e-04,4.231304e+00,-1.460975e-01,1.479643e+00
849,5.788038e-19,-5.078245e-06,-2.136719e-04,4.767920e-04,3.167957e+00,-3.933636e+00,-3.034183e+00
850,7.464296e-19,-1.952130e-06,-2.055336e-04,4.740277e-04,1.762386e+00,-1.133041e+00,-4.633905e+00
851,1.245773e-18,-1.461117e-05,-2.373194e-04,4.699074e-04,-9.564024e-01,-1.248807e+00,-5.068919e+00
852,2.017796e-17,-5.172535e-06,-2.281611e-04,4.797562e-04,1.386256e+00,9.954525e-03,8.867639e+00
853,6.345994e-18,-1.570605e-06,-2.352964e-04,4.757935e-04,2.178945e-03,1.917748e+00,-1.494542e-01
854,2.827649e-18,-1.484397e-05,-2.390551e-04,4.774694e-04,-7.978271e-02,-2.118947e-01,2.529943e+00
855,4.484036e-18,-1.561483e-05,-2.335938e-04,4.771688e-04,1.158052e-01,5.060200e-01,2.688824e-01
856,1.190620e-18,-1.560838e-05,-2.336355e-04,4.747848e-04,1.819493e-01,1.116772e-01,9.099535e-01
857,3.640633e-17,3.403521e-06,-2.399230e-04,4.760051e-04,-8.264899e-01,-1.519962e+00,-7.519434e-02
858,2.091212e-17,1.664246e-05,-2.317849e-04,4.778817e-04,1.866769e-01,5.188221e-01,6.665487e-02
859,1.532698e-17,2.423766e-05,-2.312944e-04,4.775794e-04,-1.125999e-01,-3.441581e-01,-3.601999e-01
860,3.947838e-19,1.054901e-05,-2.496125e-04,4.701019e-04,1.304364e+00,-1.198376e+00,-4.365177e+00
861,1.573309e-18,1.327510e-05,-2.351655e-04,4.763493e-04,-4.149101e-01,-1.545108e-01,-1.095781e+00
862,2.909651e-17,-9.979765e-05,7.824751e-06,4.568273e-04,-7.204464e-01,5.330511e-01,-9.578537e+00
863,1.146072e-18,-9.902305e-05,5.382227e-06,4.748032e-04,3.641884e-01,1.564584e+00,-6.101375e-01
864,1.512314e-18,-8.351895e-05,7.748883e-06,4.723383e-04,1.715299e-01,-3.038408e-01,-2.719239e+00
865,1.332745e-18,-2.083810e-04,7.124101e-06,4.726463e-04,-1.190330e+00,-2.828600e+00,1.392724e+00
866,1.253104e-17,-2.011830e-04,1.682733e-05,4.779007e-04,4.962689e-01,-1.066871e+00,3.690102e+00
867,3.251710e-18,-2.016167e-04,1.872380e-05,4.742419e-04,7.136554e-01,-5.269938e-01,3.003753e+00
868,4.325575e-18,-2.132342e-04,7.642133e-06,4.730496e-04,-1.716192e-01,4.839229e-01,1.519634e+00
869,3.210968e-18,-2.015848e-04,2.354463e-06,4.751807e-04,1.564551e-01,9.203921e-01,-3.518060e+00
870,2.287483e-18,-2.008728e-04,6.204698e-06,4.775872e-04,2.794110e-01,2.162861e-01,-1.960480e+00
871,1.303006e-18,-2.107578e-04,-6.484860e-06,4.769577e-04,-3.234207e-01,2.206710e+00,-1.776349e+00
872,2.743217e-17,-2.173559e-04,-3.173261e-06,4.758659e-04,-8.301203e-01,-4.858959e-01,1.933549e+00
873,2.383606e-19,-2.183593e-04,-3.514551e-06,4.724657e-04,5.170147e-01,1.337545e+00,2.569505e+00
874,3.619266e-19,-2.191409e-04,-4.296381e-06,4.716858e-04,1.660116e+00,-1.501520e-02,-1.666085e-01
875,2.744438e-18,-2.012478e-04,-3.868338e-06,4.742485e-04,2.607160e-01,-3.630631e-01,-7.948115e-01
876,2.820715e-18,-2.163950e-04,-8.588893e-06,4.751697e-04,-8.626932e-01,5.325611e-01,-6.809618e-01
877,2.513046e-17,2.809768e-05,2.029971e-06,4.961255e-04,-1.153680e+00,7.155202e-01,1.768983e+01
878,2.033535e-17,2.995456e-05,8.524038e-06,4.860811e-04,8.412024e-01,1.143156e-01,9.475092e+00
879,1.807555e-17,4.687010e-05,9.375894e-06,4.933249e-04,-1.105184e-01,-5.558859e-02,9.103198e+00
880,8.366099e-18,3.902899e-05,1.327089e-05,4.951471e-04,-1.682470e-01,7.691646e-02,5.257574e+00
881,2.097688e-17,3.195314e-05,3.970424e-06,4.833952e-04,1.061551e-01,-1.163363e+00,8.629767e-01
882,1.410542e-18,2.814071e-05,1.619766e-06,4.872777e-04,5.460041e-01,-1.062500e+00,6.860604e+00
883,3.141552e-18,2.579822e-05,5.507756e-06,4.915973e-04,-1.318591e+00,-1.220091e-01,9.039456e+00
884,3.620698e-19,2.538859e-05,8.203317e-06,4.763614e-04,-1.437424e+00,-1.546155e-01,4.498373e+00
885,1.964228e-17,2.739148e-05,1.112822e-06,4.824714e-04,-1.189453e+00,-2.565691e+00,7.062628e+00
886,8.118337e-18,4.524802e-05,1.605766e-06,4.911358e-04,3.029077e-01,6.947735e-02,3.852517e+00
887,1.273719e-18,4.451783e-05,9.367710e-06,5.020905e-04,4.100252e-01,1.444529e-01,4.899189e+00
888,1.077222e-16,3.536886e-05,-1.375642e-06,5.020754e-04,-5.693466e-01,3.620204e-01,5.073693e+00
889,1.566390e-18,3.360062e-05,3.906524e-06,4.966332e-04,1.589244e-01,2.462569e-01,2.707795e+00
890,1.536273e-18,4.686894e-05,9.384205e-06,4.779150e-04,3.097275e-01,2.851030e-01,1.896366e+00
891,1.066514e-17,3.443215e-05,9.462706e-06,4.922036e-04,1.973147e-01,-6.739066e-01,1.309293e+00
892,3.042699e-18,3.905397e-05,1.326979e-05,4.822816e-04,-1.758245e-01,8.713603e-02,1.958923e+00
893,3.099183e-18,2.813749e-05,8.600299e-06,4.807044e-04,-3.616851e-01,-1.131064e+00,6.230720e+00
894,2.868331e-19,2.695231e-05,8.201471e-06,4.779225e-04,-6.354828e-04,-3.698650e-01,5.244972e+00
895,9.927133e-19,2.831361e-05,2.734884e-06,4.789711e-04,-2.077406e+00,-6.660316e-01,6.917646e+00
896,6.284107e-18,2.806425e-05,2.973057e-06,4.752064e-04,6.563061e-01,-1.164283e+00,3.619162e+00
897,5.449073e-18,2.655419e-05,1.224274e-07,4.990318e-04,-5.040819e-01,8.636785e-02,1.979586e+00
898,2.431070e-17,4.113369e-05,2.408323e-05,4.857195e-04,-3.845690e-02,1.942013e-02,-1.062785e+00
899,1.245436e-17,2.904063e-05,2.425680e-05,4.991695e-04,-1.394790e-02,-3.622020e-02,-1.183930e+00
900,1.348488e-18,4.211672e-05,3.051814e-06,4.980581e-04,1.677019e-03,6.884000e-02,5.118903e-01
901,1.141022e-17,8.077137e-06,2.421894e-05,4.936298e-04,5.868697e-01,1.702063e+00,5.457176e+00
902,8.698085e-17,8.259862e-06,2.435151e-05,4.931593e-04,8.800265e-01,1.740864e+00,5.220086e+00
903,1.494750e-16,8.298687e-06,3.603170e-07,5.035814e-04,-1.362911e+00,-2.694449e-01,6.896454e+00
904,1.000543e-16,1.574660e-05,7.980525e-06,4.885645e-04,-2.050045e+00,1.425208e+00,4.257861e+00
905,2.107274e-17,2.103775e-05,2.122915e-05,4.845482e-04,2.980428e+00,-1.129200e+00,9.376330e+00
906,2.180586e-17,1.528690e-05,1.789027e-05,5.001486e-04,-1.146421e+00,2.305592e+00,1.384287e+01
907,2.899631e-17,1.478351e-05,1.088157e-05,4.784948e-04,-8.770629e-02,3.434614e+00,3.406439e+00
908,3.708958e-18,2.167727e-05,4.684011e-06,4.992675e-04,-3.105303e+00,1.285554e-01,1.173589e+01
909,1.514991e-18,5.460848e-06,2.265957e-05,4.763598e-04,4.154656e-02,2.190078e-01,-3.630777e-01
910,2.729710e-18,2.110157e-05,1.016059e-05,4.969355e-04,2.479595e-01,2.078261e-01,2.159849e+00
911,3.874923e-18,1.953221e-05,5.470856e-06,4.778868e-04,-1.518500e-01,-1.050783e-01,1.758165e+00
912,6.741737e-18,1.718799e-05,2.217429e-05,4.788013e-04,-1.019145e+00,5.438034e-01,7.402643e+00
913,1.338105e-18,1.289300e-05,2.421698e-05,4.946414e-04,-2.137764e+00,-2.502437e-01,3.209584e+00
914,2.727465e-17,7.010442e-06,1.764235e-06,4.892088e-04,-1.011554e+00,-1.897816e+00,3.667442e+00
915,2.467443e-19,1.992225e-05,1.913854e-05,4.826095e-04,2.571833e+00,1.711455e+00,9.370401e+00
916,2.212140e-17,1.489520e-05,3.212424e-06,4.941296e-04,-2.624227e+00,6.435292e-01,1.469788e+00
917,7.242470e-18,3.112572e-06,1.555113e-06,4.825361e-04,-2.160386e-01,5.868132e-01,-1.168963e+00
918,1.205059e-18,2.111053e-05,2.343665e-05,4.927341e-04,-3.720209e-01,-3.902549e-02,5.929251e-02
919,2.966870e-19,2.695227e-05,6.639207e-06,4.701061e-04,-1.852891e+00,5.133791e+00,-3.146675e+00
920,8.834366e-19,2.719255e-05,7.420814e-06,4.691107e-04,-6.109092e-01,4.060229e+00,-4.249296e+00
921,2.773120e-19,2.695134e-05,5.860640e-06,4.716731e-04,-2.367508e-02,2.550476e+00,-6.598433e-01
922,1.693034e-18,8.984047e-06,1.705353e-05,4.679366e-04,2.580411e+00,-1.750237e-01,-8.700332e+00
923,4.557519e-19,2.734232e-06,1.445340e-05,4.669955e-04,-1.439310e+00,-8.656016e-02,-4.673305e+00
924,5.623304e-19,8.553626e-06,1.835994e-05,4.724524e-04,1.401119e-01,1.059750e+00,2.282445e-01
925,1.504606e-16,1.713592e-04,8.654596e-06,5.305112e-04,-1.908220e-01,-5.434323e-01,9.948569e+00
926,1.463144e-17,1.734343e-04,1.554968e-05,5.119378e-04,5.872965e-01,9.889681e-02,3.854910e+00
927,3.605171e-17,1.767545e-04,6.882995e-06,5.245946e-04,-1.381790e+00,-8.540811e-01,1.018480e+01
928,8.641878e-17,1.664191e-04,1.844344e-05,5.421728e-04,-6.609487e-01,-3.055113e-01,5.443092e+00
929,5.435999e-17,1.513376e-04,1.174231e-06,5.220983e-04,1.576487e+00,2.094097e+00,1.141986e+01
930,8.687393e-17,1.674521e-04,7.513046e-06,5.246031e-04,-1.311623e+00,2.135857e-01,1.139610e+01
931,2.549831e-17,1.506722e-04,-1.731298e-06,5.048887e-04,-2.636450e-01,9.876686e-01,7.361243e+00
932,8.408215e-18,1.575622e-04,1.017110e-05,5.258447e-04,-3.096097e-01,3.984478e-01,1.304364e+01
933,2.421586e-18,1.703145e-04,1.718954e-05,5.201701e-04,1.600430e-01,3.689708e-01,5.700922e+00
934,2.257396e-18,1.570371e-04,1.015926e-05,5.094555e-04,1.124273e-01,2.640355e-01,6.435125e+00
935,7.556051e-17,1.591292e-04,7.717689e-06,5.432545e-04,-5.482731e-01,-4.407138e-01,1.131250e+01
936,4.555666e-17,1.645175e-04,1.895766e-06,5.260596e-04,-1.217632e+00,-4.360843e-01,4.827163e+00
937,1.596210e-17,1.556483e-04,1.135674e-05,5.449167e-04,1.515941e-01,-8.087471e-02,7.889878e+00
938,9.496660e-18,1.650262e-04,4.672658e-06,5.446690e-04,7.657321e-01,-1.963993e-01,6.811477e+00
939,8.122073e-18,1.609486e-04,1.647999e-05,5.267429e-04,1.603153e-01,3.879164e-01,4.433004e+00
940,1.522698e-16,1.655118e-04,-1.244591e-06,5.471558e-04,-4.388849e-01,1.231897e-01,8.000137e+00
941,2.316281e-17,1.633243e-04,9.712628e-06,5.488283e-04,-1.387467e+00,-6.520872e-01,9.069783e+00
942,1.025527e-17,1.533694e-04,1.929464e-05,5.494041e-04,4.024036e-01,-4.494291e-02,1.166432e+01
943,2.852611e-17,1.484976e-04,6.062229e-06,5.199742e-04,2.025239e-01,-1.338576e+00,7.685794e+00
944,2.577009e-17,1.514715e-04,1.804282e-05,5.045975e-04,2.457463e+00,2.579148e+00,1.258977e+01
945,4.873052e-18,1.518979e-04,3.909531e-06,5.086153e-04,-1.169663e-01,5.522455e-02,1.095409e+01
946,3.124725e-18,1.720457e-04,1.246263e-05,5.225040e-04,-1.926396e+00,-3.766013e-01,5.007963e+00
947,2.520432e-17,1.550731e-04,5.796008e-06,5.171668e-04,1.131417e+00,5.208158e-01,2.812436e+00
948,4.473152e-18,1.578159e-04,4.686949e-06,5.106876e-04,-7.573721e-03,8.032671e-03,2.536563e+00
949,4.037216e-18,1.547382e-04,1.499910e-05,5.163622e-04,4.221772e-01,-1.011729e+00,4.574456e+00
950,1.239139e-17,1.676005e-04,1.742345e-05,5.232068e-04,-4.953741e-01,-5.421390e-01,3.883533e+00
951,6.076624e-18,1.671976e-04,2.343950e-06,5.082794e-04,2.711240e-01,1.911635e-02,5.016033e+00
952,3.408240e-18,1.546830e-04,1.250210e-05,5.209682e-04,-8.104983e-02,1.134473e+00,4.518956e+00
953,4.490752e-17,1.675941e-04,-1.323994e-05,5.330859e-04,4.440482e+00,-1.509487e-01,2.174263e+01
954,8.124397e-17,1.688334e-04,-1.223729e-05,5.416375e-04,2.080082e+00,-7.200660e-01,1.470972e+01
955,6.361996e-18,1.570789e-04,-1.760799e-05,5.088556e-04,-1.788131e+00,-8.909488e-02,1.779739e+01
956,5.814925e-17,1.479862e-04,-1.986106e-06,5.425790e-04,6.129123e-01,6.824988e-01,1.103698e+01
957,1.433493e-17,1.486568e-04,-1.521919e-05,5.285771e-04,-2.673599e-01,3.420521e-01,4.501424e+00
958,1.789920e-17,1.603060e-04,-8.734687e-06,5.015442e-04,-2.938850e+00,-4.226406e-02,1.905436e+01
959,1.063121e-16,1.587426e-04,-1.560763e-05,5.169304e-04,-4.294169e-01,-6.031695e-01,1.803229e+01
960,1.898734e-17,1.572564e-04,-1.171715e-05,5.093626e-04,7.810148e-01,-2.336696e-02,1.617782e+01
961,8.327589e-19,1.704260e-04,-1.836058e-05,5.065193e-04,-3.232854e-01,1.389477e-01,7.111406e+00
962,1.744639e-17,1.517782e-04,-5.905901e-06,5.132878e-04,4.273295e-01,-1.751202e+00,8.713918e+00
963,8.314049e-17,1.510495e-04,-1.070556e-05,5.395166e-04,-3.373171e-01,-2.284258e-01,6.163172e+00
964,1.837500e-16,1.515017e-04,-1.097080e-05,5.396724e-04,-2.525304e-01,-2.621631e-01,6.059161e+00
965,3.925568e-18,1.640665e-04,-1.562873e-05,5.371610e-04,-9.523589e-02,-3.531186e-02,1.138093e+01
966,8.763190e-18,1.745980e-04,-1.469477e-05,5.371339e-04,-1.726697e+00,3.789770e-01,8.051451e+00
967,2.612899e-18,1.609375e-04,-4.683410e-06,5.344557e-04,-1.000796e-02,2.196899e-01,5.922543e+00
968,2.992458e-18,1.664117e-04,-7.062928e-06,5.471309e-04,6.024314e-01,5.709578e-02,6.174795e+00
969,3.366068e-18,1.633485e-04,-1.405189e-05,5.052749e-04,-4.278580e-01,3.768477e-02,1.037563e+01
970,8.692001e-17,1.768455e-04,-1.329988e-05,5.121260e-04,1.251231e+00,-6.301115e-03,5.089740e+00
971,4.922069e-18,1.710976e-04,-1.394158e-05,5.197448e-04,-5.737408e-02,1.682550e-01,3.096876e+00
972,1.437914e-17,1.687022e-04,-2.425363e-05,5.003257e-04,-4.463020e-02,1.274477e-01,-1.382039e-01
973,5.398694e-19,1.585613e-04,-1.289190e-05,5.213423e-04,1.482480e-01,4.132728e-01,5.618566e+00
974,1.672004e-17,1.547514e-04,-5.159440e-06,5.166369e-04,-6.723729e-01,-9.106154e-01,3.088688e+00
975,2.380553e-18,1.679692e-04,-4.363741e-06,5.243817e-04,-1.834546e-02,2.898014e-01,3.435162e+00
976,5.291869e-18,1.609367e-04,-4.689044e-06,5.036223e-04,2.246834e-02,-2.919770e-02,3.858705e+00
977,6.444233e-17,1.773422e-04,-4.031056e-06,5.021760e-04,1.240906e-01,4.991329e-01,4.798729e+00
978,1.428373e-17,1.833754e-04,-8.105568e-06,5.269390e-04,-5.695108e-01,1.300159e+00,4.219323e+00
979,5.611640e-16,1.878541e-04,-3.041570e-06,5.378361e-04,-2.264710e-01,2.859112e-01,8.840501e+00
980,5.055512e-18,1.945340e-04,-6.264848e-06,5.363864e-04,8.650111e-02,-1.136735e-01,1.619881e+01
981,5.585460e-17,2.008428e-04,-9.670885e-06,5.418090e-04,-3.523956e-01,2.120479e-03,1.236014e+01
982,5.381218e-18,1.929038e-04,-1.170740e-05,5.303119e-04,8.447498e-01,-2.125269e-01,5.138415e+00
983,2.229733e-16,2.020627e-04,-1.284012e-05,5.474836e-04,8.626676e-02,-3.004631e-01,8.503368e+00
984,1.285657e-18,1.937529e-04,-1.797896e-05,5.394304e-04,3.862582e-04,1.708293e-01,2.011788e+00
985,2.320823e-18,1.765607e-04,-1.016159e-05,5.389764e-04,2.064113e-01,-2.264075e-01,1.043045e+00
986,2.670776e-19,2.003902e-04,-7.434489e-06,5.467989e-04,-9.584765e-01,-2.126829e+00,-6.786351e-01
987,2.903184e-17,1.953188e-04,1.562679e-05,5.456996e-04,-1.879115e+00,1.588905e-01,5.425874e+00
988,1.112661e-16,1.951970e-04,1.533784e-05,5.459175e-04,-1.842354e+00,6.134284e-02,5.342285e+00
989,8.265492e-18,1.849779e-04,4.953389e-06,5.267631e-04,2.859125e-01,-1.764030e+00,5.997394e+00
990,1.229660e-18,1.867068e-04,3.120010e-06,5.415165e-04,1.799045e-02,-3.007131e-02,5.602368e+00
991,2.690124e-18,1.960958e-04,8.602565e-06,5.367595e-04,7.822413e-02,2.353903e-02,6.525725e+00
992,4.202192e-18,1.921857e-04,1.170696e-05,5.371829e-04,6.778574e-03,1.021181e-01,3.740066e+00
993,1.370036e-18,1.953111e-04,1.019969e-05,5.482444e-04,1.793533e-02,-1.071167e+00,1.744190e+00
994,2.583579e-18,1.789005e-04,1.562643e-05,5.463785e-04,8.908595e-02,-3.996491e-02,1.017252e+00
995,4.720873e-18,1.564094e-06,-1.875900e-05,4.780407e-04,-8.912414e-02,-2.720332e-01,-1.977471e+00
996,3.176943e-18,1.328862e-05,-1.328217e-05,4.767364e-04,-5.048334e-01,-4.084464e-02,-1.588619e+00
997,1.583223e-17,2.205039e-05,-1.243210e-05,4.755871e-04,9.664944e-01,9.372002e-01,1.713614e+00
998,4.690621e-18,2.422780e-05,-1.552279e-05,4.762804e-04,7.634338e-01,8.635937e-01,2.451763e+00
999,1.202943e-16,2.760725e-05,-1.572867e-05,4.983338e-04,2.224156e+00,-7.789293e-03,1.007363e+01
1000,2.120407e-18,2.432778e-05,-1.484861e-05,4.905793e-04,5.401555e-01,-7.156507e-01,1.007007e+01
1001,6.301055e-17,1.296816e-05,-1.277315e-05,5.027987e-04,4.246602e-01,1.058883e+00,4.298569e+00
1002,7.512319e-17,4.678669e-06,-2.386090e-05,4.938342e-04,-1.149689e+00,8.800791e-01,7.001008e+00
1003,4.616383e-17,5.886437e-06,-1.944426e-05,5.028678e-04,2.154435e+00,8.652544e-01,7.613664e+00
1004,5.222589e-18,2.107297e-05,-1.563991e-05,4.873139e-04,-4.118922e-01,-3.098610e-01,6.731280e+00
1005,8.250317e-18,2.442650e-06,-1.255070e-05,4.982595e-04,4.690737e-01,-5.102204e-01,3.160104e+00
1006,2.849492e-18,2.421142e-05,-1.483452e-05,4.837512e-04,-2.413586e-01,2.340779e-01,6.154183e+00
1007,8.339312e-18,2.267031e-05,-1.005486e-05,4.935943e-04,-1.328164e-01,-7.247375e-01,1.164095e+01
1008,4.764420e-18,1.952477e-05,-1.718630e-05,4.911414e-04,6.640948e-01,-2.243453e-01,2.487522e+00
1009,7.402172e-18,1.705854e-05,-6.248048e-06,4.850072e-04,-2.513809e+00,-3.012327e-01,4.676781e-01
1010,5.416932e-18,2.267936e-05,-1.125760e-05,5.020403e-04,-6.755594e-01,6.835259e-01,1.508685e+01
1011,2.785946e-18,2.266206e-05,-1.093516e-05,4.984768e-04,4.183608e-01,-3.451507e-02,1.379372e+01
1012,3.279458e-18,1.952961e-05,-1.718459e-05,4.978454e-04,-3.802019e-03,8.342413e-05,6.497947e-01
1013,2.947847e-18,1.328151e-05,-1.016094e-05,4.876948e-04,-5.490055e-02,-7.546562e-02,-6.630794e-01
1014,1.047915e-17,2.185592e-05,-1.017163e-05,4.872502e-04,2.119147e-01,-2.755047e-02,9.683036e+00
1015,3.882869e-18,2.187426e-05,-1.006939e-05,4.808584e-04,-1.060465e+00,-8.397122e-01,6.347411e+00
1016,4.059030e-17,2.095212e-05,-1.213325e-05,5.197474e-04,-6.488133e-01,-9.862552e-01,2.075599e+01
1017,5.983322e-17,1.410305e-05,-1.469311e-05,5.120854e-04,7.301787e-01,1.512853e+00,2.889458e+00
1018,2.953431e-17,2.481307e-05,-1.900769e-05,5.134530e-04,7.214248e-01,-1.315126e+00,1.358573e+01
1019,2.484085e-17,1.951583e-06,-1.145332e-05,5.212401e-04,-6.539826e-01,-1.116969e-01,7.973763e+00
1020,1.056808e-16,7.866022e-06,-3.648081e-06,5.175928e-04,-4.733506e-01,3.226921e-01,5.257817e+00
1021,1.191012e-17,1.724643e-05,-2.228065e-05,5.167957e-04,-9.513603e-01,8.573000e-01,8.177172e+00
1022,5.215563e-17,1.013489e-05,-1.731574e-05,5.274767e-04,8.800296e-02,3.351322e-01,4.124451e+00
1023,9.239369e-19,2.281075e-05,-1.157644e-05,5.089827e-04,-5.161785e-01,-4.949637e-01,1.483238e+01
1024,1.398583e-18,2.344341e-06,-2.030422e-05,5.105211e-04,5.922872e-02,-3.719205e-02,5.689045e+00
1025,5.402160e-18,7.808041e-06,-1.406042e-05,5.235747e-04,2.164471e-01,4.799708e-03,8.298700e+00
1026,4.734700e-18,2.270977e-05,-1.159413e-05,5.063408e-04,-6.489425e-01,-4.918620e-01,1.513561e+01
1027,1.494222e-18,2.420538e-05,-1.640319e-05,5.028717e-04,-5.172311e-01,7.698199e-02,5.751583e+00
1028,1.696097e-18,1.953486e-05,-1.718040e-05,5.113159e-04,3.433017e-01,-2.429600e-01,2.193811e+00
1029,3.082744e-17,3.728066e-06,1.117446e-06,5.169837e-04,-5.561373e-01,-7.246737e-01,1.962458e+00
1030,1.072601e-18,2.284161e-05,-1.289224e-05,5.169170e-04,-8.810488e-01,-9.851243e-01,2.566035e+01
1031,5.037381e-18,1.093860e-05,-8.871492e-10,5.265689e-04,7.546896e-02,-1.698241e-02,1.842490e+00
1032,5.664918e-17,2.686994e-05,-5.551578e-06,5.295507e-04,-1.779088e-01,2.948058e-02,7.804191e+00
1033,3.453977e-17,2.124652e-05,-1.264426e-05,5.350458e-04,1.074628e-01,7.410650e-01,7.056061e+00
1034,2.965313e-17,8.306185e-07,-1.863944e-05,5.430220e-04,-5.582868e-01,-1.640641e-02,1.407909e+01
1035,3.082814e-18,2.338627e-06,-2.031187e-05,5.329706e-04,1.787071e-01,1.879699e-01,1.566481e+01
1036,2.994331e-18,1.953020e-05,-1.717549e-05,5.278126e-04,-3.476570e-02,-8.608841e-02,6.719385e+00
1037,9.704320e-18,1.620945e-05,-5.892400e-07,5.425707e-04,-2.732761e-03,-3.431067e-01,6.569077e+00
1038,1.048699e-16,-1.334950e-06,-3.384841e-06,5.480851e-04,-7.267936e-01,2.368833e+00,1.414124e+01
1039,2.180154e-17,2.505281e-05,-3.652448e-06,5.491198e-04,3.554306e-01,-5.909509e-02,1.158830e+01
1040,5.084178e-17,1.295626e-05,-7.826756e-06,5.437904e-04,-4.990258e-01,9.404781e-01,3.832725e+00
1041,2.611464e-17,3.291914e-06,-1.486295e-05,5.477145e-04,1.276875e+00,-1.211079e+00,4.044814e+00
1042,1.559797e-18,1.952772e-05,3.050855e-09,5.362705e-04,5.565462e-02,3.539156e-02,3.008413e+00
1043,1.296763e-18,9.374220e-06,-5.464439e-06,5.385330e-04,9.300052e-02,3.445807e-01,-1.111836e+00
1044,4.369791e-18,1.718912e-05,-2.343269e-05,5.416659e-04,7.904092e-02,-1.791429e-03,7.032730e-01
1045,1.598690e-18,8.429201e-06,-9.366549e-06,5.419064e-04,9.246873e-01,1.018444e-01,-3.254536e+00
1046,1.657875e-18,8.976750e-07,-9.373191e-06,5.483500e-04,-8.678327e-02,1.633750e-02,4.668172e-01
1047,2.342747e-19,1.054536e-05,-5.075329e-06,5.466926e-04,2.271366e-01,-2.986705e-01,-6.772006e-01
1048,1.361471e-17,1.557160e-05,1.717484e-05,5.449328e-04,-3.356726e-01,8.358902e-01,3.104268e+01
1049,5.492950e-16,1.003037e-05,1.584454e-05,5.186250e-04,-4.011705e-01,-8.209163e-01,1.273127e+01
1050,4.012777e-17,1.694412e-05,1.659105e-05,5.112099e-04,1.119391e+00,1.389169e+00,1.905375e+01
1051,7.768258e-18,1.639877e-05,1.642718e-05,5.308870e-04,6.303219e-02,7.474391e-01,2.466555e+01
1052,1.729932e-16,1.059590e-05,8.984600e-06,5.387733e-04,-1.478940e+00,-1.177699e-02,6.632439e+00
1053,2.516409e-17,2.290914e-05,1.631888e-05,5.419925e-04,5.314624e-02,-4.459270e-01,7.764841e+00
1054,4.617992e-18,1.640370e-05,1.640397e-05,5.408462e-04,-6.078678e-01,-4.156084e-02,3.106587e+01
1055,1.239945e-17,1.020920e-06,1.489708e-05,5.488945e-04,-2.196498e+00,-1.924920e+00,9.536540e+00
1056,6.337962e-18,2.265283e-05,1.015691e-05,5.289386e-04,-3.746368e-02,6.064763e-03,4.537181e+00
1057,2.903506e-18,3.123322e-06,1.560747e-06,5.270206e-04,-1.331811e-01,-1.379502e-01,-1.570705e+00
1058,3.050331e-18,2.188419e-05,2.331456e-06,5.418937e-04,-1.471296e-01,2.160835e-01,1.983499e+00
1059,1.432246e-17,1.840133e-05,3.770298e-06,5.113127e-04,-4.621955e+00,-1.475170e-01,1.750895e+01
1060,2.860637e-18,2.105580e-05,1.482390e-05,5.162816e-04,1.005385e+00,-1.821461e+00,1.329774e+01
1061,2.188406e-18,2.588221e-05,1.952904e-05,5.191654e-04,1.786130e-01,-1.893400e+00,1.971513e+00
1062,4.346293e-18,2.391268e-05,8.598807e-06,5.101253e-04,-7.965989e-01,1.004693e-01,4.885043e+00
1063,6.536043e-18,2.111048e-05,1.801028e-05,5.153466e-04,3.346598e-01,-1.003090e+00,3.331166e+00
1064,3.925053e-18,5.467214e-06,8.588387e-06,5.243234e-04,-1.043544e-01,-9.957938e-02,1.851821e+00
1065,1.619280e-18,1.656945e-04,1.006305e-05,4.741341e-04,-9.540720e-02,1.209586e+00,-5.849242e-02
1066,3.160137e-18,1.609355e-04,1.794811e-05,4.751160e-04,1.346851e+00,1.824182e+00,-1.653515e+00
1067,2.603097e-18,1.639934e-04,-1.399633e-05,4.776331e-04,-3.512164e-01,4.255816e-01,-6.794969e-02
1068,5.679246e-18,1.531228e-04,-6.300857e-06,4.773020e-04,4.776794e-02,4.196911e-01,2.428874e+00
1069,2.675263e-17,1.542158e-04,2.154645e-06,4.937153e-04,-5.430224e-03,-1.533058e+00,5.770546e+00
1070,1.579349e-17,1.578147e-04,-1.489705e-05,4.962439e-04,-7.765320e-02,-7.722901e-02,9.686140e+00
1071,3.241163e-17,1.552972e-04,-2.423043e-05,4.930760e-04,5.314067e-01,3.412236e-01,6.472796e+00
1072,3.629291e-18,1.578135e-04,-1.328338e-05,4.845605e-04,2.524067e-01,2.515706e-01,6.498454e+00
1073,8.502167e-18,1.632035e-04,-1.405681e-05,4.869526e-04,-1.028832e-01,-4.680084e-01,4.166399e+00
1074,2.999869e-18,1.633008e-04,-1.405876e-05,4.977958e-04,5.595312e-02,-6.209145e-02,7.911543e+00
1075,2.689563e-18,1.617265e-04,7.713967e-07,4.869398e-04,1.384616e-01,1.738254e-01,5.382209e+00
1076,2.589238e-17,1.536900e-04,-7.262162e-06,4.822501e-04,-4.373100e-03,1.231719e+00,4.284656e-01
1077,3.526259e-18,1.763627e-04,-1.015357e-05,4.953182e-04,-2.874794e-01,-4.196899e-01,3.137781e+00
1078,3.383632e-18,1.632784e-04,-1.561029e-06,5.001141e-04,-5.465828e-02,3.019971e-01,1.733462e+00
1079,1.869983e-18,1.618809e-04,-8.453364e-06,4.962089e-04,-1.228441e+00,-1.271300e+00,1.622530e+01
1080,6.794393e-18,1.578130e-04,-1.323529e-05,4.925630e-04,-3.105993e-01,-6.534118e-02,1.416449e+01
1081,2.301088e-18,1.616506e-04,-8.555608e-06,4.914537e-04,1.737532e+00,-3.527226e-01,1.259031e+01
1082,3.721112e-18,1.618471e-04,-8.585290e-06,4.871456e-04,2.808660e-01,2.820606e-01,1.129544e+01
1083,2.915443e-18,1.546745e-04,-2.345852e-06,4.908874e-04,-8.288362e-01,-1.950866e-01,-1.908977e+00
1084,2.620205e-18,1.617246e-04,7.829713e-07,4.821939e-04,1.373025e-01,9.634764e-02,3.611897e+00
1085,2.751512e-18,1.710742e-04,-1.408447e-05,4.899831e-04,5.019627e-01,4.695788e-02,-1.136122e+00
1086,1.674885e-16,-1.342420e-05,5.189676e-06,5.220968e-04,2.280106e+00,-9.280274e-01,1.182980e+01
1087,4.053023e-17,-5.087731e-06,1.838695e-05,5.281406e-04,2.496052e+00,5.855436e+00,2.007808e+01
1088,8.705867e-17,-8.701291e-06,1.486785e-05,5.475086e-04,1.762886e+00,9.337763e-01,7.905715e+00
1089,4.683387e-18,-1.560465e-05,9.481260e-06,5.387155e-04,3.824913e-02,-1.182192e+00,1.621884e+01
1090,3.438008e-17,-1.709228e-05,1.979184e-06,5.285166e-04,1.848192e-01,1.923391e-01,5.052443e+00
1091,5.309425e-18,-7.815596e-06,1.964175e-05,5.325585e-04,3.104825e-02,-6.814058e-01,6.239574e+00
1092,1.276455e-16,-1.015916e-05,-1.804995e-06,5.369419e-04,-1.121219e-01,3.980094e-01,6.312847e+00
1093,3.259737e-18,-1.171334e-05,7.816968e-06,5.292575e-04,-6.710114e-02,1.501445e-01,4.364689e+00
1094,2.677681e-18,-1.172986e-05,7.818379e-06,5.351875e-04,-3.071124e-02,-4.704133e-02,3.557637e+00
1095,1.037587e-18,-2.343401e-05,9.373865e-06,5.496637e-04,1.764361e-02,-2.991958e-02,8.587383e+00
1096,1.443362e-18,-1.875313e-05,1.563626e-05,5.408134e-04,-6.378617e-02,8.876494e-02,-5.101998e-01
1097,8.890512e-17,-1.670854e-05,-6.183386e-06,5.403508e-04,-2.043963e-01,-7.453652e-02,4.246914e+00
1098,1.535513e-16,-1.405040e-05,-1.056332e-05,5.081357e-04,-3.367263e-01,1.510005e+00,4.622509e+00
1099,2.479964e-17,-7.897654e-06,-1.008767e-05,5.255281e-04,6.318086e-01,9.596049e-01,5.499211e+00
1100,2.108836e-17,-1.418259e-05,-1.549742e-05,5.269082e-04,9.351621e-01,-2.627150e-01,3.144189e+00
1101,1.585205e-18,-9.386361e-06,-1.718990e-05,5.437575e-04,4.420661e-01,3.334085e-01,1.072660e+01
1102,2.054403e-18,-1.435194e-05,-1.017347e-05,5.378161e-04,4.623108e-02,-1.864501e-02,5.326920e+00
1103,6.854461e-18,-9.780839e-06,-1.953029e-05,5.341267e-04,1.106123e+00,-2.624338e-01,4.047652e+00
1104,1.384256e-18,-1.875324e-05,-1.875273e-05,5.393067e-04,-4.639575e-02,-1.962328e-02,2.402046e+00
1105,2.999820e-17,-2.499929e-05,-9.375572e-06,5.185971e-04,-1.258513e-01,4.726412e-01,7.399933e+00
1106,3.077805e-17,-1.236653e-05,-3.726628e-06,5.219926e-04,7.544909e-02,2.568367e-01,1.336224e+01
1107,2.113659e-17,-4.951388e-06,-1.674365e-05,5.191399e-04,5.229634e-01,-8.774477e-02,9.019015e+00
1108,1.325090e-16,-2.514730e-05,-9.542394e-06,5.188342e-04,-2.284488e-01,7.055679e-01,7.107713e+00
1109,1.478322e-17,-4.958445e-06,-1.542637e-05,5.080663e-04,-1.987702e-01,1.637016e-02,7.924621e+00
1110,1.115199e-17,-6.314982e-06,-2.148272e-05,5.248776e-04,3.866479e-02,-1.731342e+00,1.595735e+00
1111,1.076707e-18,-1.797551e-05,-3.903904e-06,5.043800e-04,-4.298874e-02,1.378918e-01,-9.610687e-01
1112,3.526771e-18,-1.088191e-05,1.105195e-05,5.217062e-04,5.991356e-01,-2.638256e-01,1.675053e+01
1113,1.691738e-17,-1.223997e-05,1.007232e-05,5.101201e-04,-1.461955e+00,1.551552e+00,1.320535e+01
1114,2.747657e-18,-1.558665e-05,1.092691e-05,5.178724e-04,-1.343345e-01,6.285442e-02,1.490251e+01
1115,6.888077e-18,-2.186612e-05,8.986240e-06,5.174721e-04,6.807853e-01,-1.611481e+00,1.223280e+01
1116,2.880747e-17,-1.243174e-05,1.545740e-05,5.216647e-04,1.724851e-01,-3.365670e-01,5.857859e+00
1117,1.198892e-17,-1.646602e-05,1.405650e-05,5.116840e-04,-1.280061e-01,-2.915664e+00,-4.714641e-01
1118,2.414636e-18,-3.756722e-05,-1.615790e-06,5.184540e-04,-7.905189e-01,-7.829069e-01,1.541789e+01
1119,1.102941e-17,-3.430701e-05,-1.236215e-05,5.176319e-04,3.506463e-01,6.349870e-01,1.066570e+01
1120,2.687345e-18,-4.610106e-05,-8.585562e-06,5.108827e-04,1.494799e-02,-8.266081e-01,1.059948e+01
1121,3.494216e-17,-4.222817e-05,-9.196291e-06,5.106821e-04,-4.355373e-01,7.170149e-01,1.298057e+01
1122,1.962831e-18,-3.437342e-05,-1.157885e-05,5.080454e-04,-3.461916e-01,4.602372e-01,7.381817e+00
1123,3.479648e-18,-3.436834e-05,-1.797645e-05,5.186439e-04,-4.708275e-02,-4.605587e-01,9.819097e+00
1124,6.813457e-18,-4.723444e-05,-8.592296e-06,5.159281e-04,1.385899e-01,-7.675509e-01,1.211858e+01
1125,6.628552e-18,-3.203142e-05,-2.832985e-06,5.091640e-04,-2.513789e-02,5.103300e-01,6.093596e+00
1126,3.195067e-18,-3.436637e-05,-1.795048e-05,5.055172e-04,4.048628e-01,-6.913588e-01,6.016158e+00
1127,1.069181e-18,-4.140522e-05,-8.583560e-06,5.198021e-04,-8.259162e-02,-8.348805e-01,6.387196e+00
1128,2.917479e-18,-4.843560e-05,-1.171313e-05,5.132157e-04,-1.640441e-01,-7.385734e-01,1.720697e+00
1129,1.277270e-18,-4.217935e-05,-1.796352e-05,5.090700e-04,1.849501e-01,-3.051779e-02,-5.522045e-01
1130,2.706085e-17,-2.054774e-04,-8.408086e-06,5.024215e-04,-3.398369e-01,5.915374e-01,5.214576e+00
1131,2.300470e-18,-2.117208e-04,-5.467284e-06,4.939334e-04,1.421933e-02,1.841439e-01,8.568825e-01
1132,1.188936e-17,-1.981130e-04,-6.232897e-06,4.810808e-04,1.935854e-03,6.438099e-01,4.553293e+00
1133,2.964008e-18,-2.195270e-04,-8.606544e-06,4.907699e-04,1.800873e-04,-2.631272e-01,2.083318e+00
1134,4.489353e-18,-2.174125e-04,-1.017960e-05,4.939514e-04,9.086620e-02,8.248755e-02,2.940353e+00
1135,6.202021e-18,-2.195306e-04,-1.425165e-09,4.911365e-04,5.106770e-02,8.754012e-02,1.386727e+00
1136,2.177889e-18,-2.147593e-04,-1.335996e-05,4.931782e-04,2.290183e-01,-4.934259e-01,-4.037181e-01
1137,4.593345e-18,-2.031249e-04,-4.686755e-06,4.888747e-04,-3.334679e-02,-6.172224e-02,-1.065964e+00
1138,8.764576e-18,-2.126735e-04,1.098847e-05,4.915571e-04,1.013544e-01,1.041921e+00,1.625847e+01
1139,1.314402e-17,-2.016961e-04,2.907861e-06,4.916093e-04,3.124385e-01,-3.706293e-02,6.548650e+00
1140,1.276442e-18,-2.015541e-04,3.108351e-06,5.005353e-04,-4.361388e-01,-8.501759e-01,1.034355e+01
1141,7.583500e-18,-1.995608e-04,9.379243e-06,4.919076e-04,-1.217048e-02,1.343638e-01,6.244253e+00
1142,4.108848e-18,-2.227002e-04,9.353848e-06,4.811365e-04,-3.511144e-01,-1.503167e-01,2.114783e+00
1143,4.263692e-18,-2.187541e-04,9.327484e-06,4.953299e-04,4.085065e-01,1.519484e-01,4.910028e+00
1144,7.174705e-18,-2.170719e-04,1.484236e-05,4.788184e-04,3.397553e+00,-4.192878e-01,7.277667e+00
1145,1.035788e-16,-2.172418e-04,2.372395e-06,5.043112e-04,2.207408e-01,2.662098e-02,6.037518e+00
1146,7.410623e-18,-2.133694e-04,1.196842e-05,4.980133e-04,5.965446e-02,2.314735e+00,1.886369e+01
1147,2.490701e-17,-2.084354e-04,1.156053e-05,5.033909e-04,-6.510847e-01,-1.855834e-01,3.770177e+00
1148,1.174704e-18,-2.015459e-04,2.375760e-06,4.888378e-04,3.713708e-01,5.179171e-01,7.664296e+00
1149,2.462887e-18,-2.015720e-04,2.333508e-06,4.837198e-04,-3.486087e-01,-2.866297e-01,2.462886e+00
1150,7.631441e-18,-1.773424e-04,1.172060e-05,5.001498e-04,1.119089e+00,9.657083e-01,6.060541e+00
1151,7.073487e-17,-1.775270e-04,1.162284e-05,5.002949e-04,1.091187e+00,9.677803e-01,5.750649e+00
1152,1.106718e-16,-1.725894e-04,-3.534132e-06,4.906696e-04,-9.726051e-01,-8.676323e-01,5.520723e+00
1153,3.146885e-17,-1.947094e-04,-1.305656e-05,4.752759e-04,1.021074e+00,5.531582e-02,-4.581003e-01
1154,2.711555e-17,-1.909531e-04,1.328216e-05,4.939913e-04,-1.672745e+00,9.497051e-01,1.427124e+01
1155,5.832033e-17,-1.808474e-04,-1.455752e-05,4.904245e-04,4.349863e-02,-1.192472e+00,7.352720e+00
1156,5.971014e-18,-1.773755e-04,-4.991156e-07,4.954326e-04,2.121133e-02,-3.607652e-01,7.968107e+00
1157,1.155605e-17,-1.945262e-04,-2.304176e-05,4.948821e-04,1.331035e+00,-9.669855e-01,2.063282e+00
1158,3.015427e-17,-1.799156e-04,-1.318160e-06,4.820623e-04,1.081952e+00,1.971537e+00,6.053222e-01
1159,3.671355e-17,-1.860827e-04,-1.163004e-05,5.028638e-04,-2.528828e+00,1.348159e+00,7.361252e+00
1160,5.157607e-18,-1.742656e-04,-1.510352e-05,4.771811e-04,-2.756235e+00,-3.009012e-01,3.852020e+00
1161,4.883035e-18,-1.804611e-04,-1.331201e-05,4.834438e-04,1.835083e+00,9.535090e-01,6.544843e+00
1162,2.276581e-18,-1.882797e-04,-2.441994e-05,4.954080e-04,6.145592e-03,-7.126771e-02,-1.692656e+00
1163,1.619645e-17,-1.839583e-04,1.095434e-05,4.971601e-04,2.521365e+00,-2.122805e+00,1.089504e+01
1164,5.585694e-18,-1.743856e-04,1.154583e-05,4.925130e-04,8.740480e-01,1.808047e+00,1.208866e+01
1165,2.045134e-17,-1.865515e-04,1.194266e-05,4.824673e-04,-7.934120e-01,-2.406993e+00,7.119009e+00
1166,2.415909e-18,-1.968633e-04,1.327847e-05,4.969795e-04,-3.138640e-01,-1.214211e+00,6.781163e+00
1167,2.518757e-17,-1.748643e-04,6.534843e-06,4.849615e-04,-6.224561e-01,-6.382569e-01,2.802268e+00
1168,4.864840e-17,-1.832604e-04,9.310346e-06,4.900069e-04,-1.517696e+00,1.059858e-01,5.772715e+00
1169,3.166687e-18,-1.858969e-04,1.561296e-05,4.907935e-04,8.891838e-01,3.022348e-01,7.008322e+00
1170,3.552703e-18,-1.890417e-04,1.643405e-05,4.781646e-04,1.270581e-01,-2.228487e-01,3.396858e+00
1171,4.021455e-18,-1.890444e-04,1.721674e-05,4.918473e-04,-6.521784e-01,1.610825e-01,8.342685e-02
1172,3.458300e-18,-1.890437e-04,1.563185e-05,4.868982e-04,-5.704144e-01,-3.738925e-01,7.454526e+00
1173,8.155751e-18,-1.899190e-04,1.131382e-05,4.846581e-04,3.670538e-01,-2.020334e+00,9.949468e+00
1174,1.313867e-17,-1.944587e-04,7.768435e-06,5.014031e-04,-2.261579e-01,4.483748e-03,6.822111e+00
1175,3.301563e-18,-1.836030e-04,6.228462e-06,4.931707e-04,4.901261e-01,-2.035070e-01,3.653825e+00
1176,2.721144e-19,-1.761722e-04,5.078082e-06,4.771473e-04,5.919492e-01,-2.280442e+00,1.037269e+00
1177,2.653646e-19,-1.761742e-04,5.859563e-06,4.779217e-04,2.256638e+00,-3.512583e+00,9.795644e-01
1178,1.356819e-18,-1.898328e-04,1.173737e-05,4.896359e-04,-3.639614e-01,-5.331266e-01,1.244835e+01
1179,2.663705e-19,-1.941409e-04,1.171974e-06,4.771509e-04,-5.919799e+00,-3.886709e-01,-3.213560e+00
1180,2.040362e-18,-1.968724e-04,1.318391e-05,4.831744e-04,2.200916e-01,1.039646e+00,-4.760073e-01
1181,1.044485e-18,-1.929642e-04,6.269606e-06,4.794832e-04,1.034937e-01,-1.081786e-01,-1.026881e+00
1182,5.109726e-19,-1.933595e-04,1.553444e-06,4.794907e-04,-1.723186e-02,1.580995e+00,3.494218e+00
1183,5.557142e-18,-1.937510e-04,7.812689e-06,4.958600e-04,6.821070e-02,6.363945e-02,6.957002e+00
1184,1.012271e-17,-1.835826e-04,7.529168e-06,4.852650e-04,-9.646232e-02,-4.813230e-01,6.720188e+00
1185,4.919797e-18,-1.984265e-04,7.816594e-06,4.787090e-04,1.021097e+00,-4.356957e-02,-1.474729e+00
1186,1.413113e-17,-1.771841e-04,2.426764e-05,4.777324e-04,-2.037040e-02,-3.439582e-02,-1.381049e+00
1187,1.457818e-17,-1.944926e-04,2.426299e-05,4.873819e-04,-4.115779e-02,-1.798552e-02,-1.244700e+00
1188,3.744928e-18,-8.592849e-06,-6.640775e-05,5.163595e-04,-1.737735e+00,-9.003796e-01,1.592046e+01
1189,5.454872e-17,-8.680452e-06,-6.657517e-05,5.166936e-04,-1.545010e+00,-7.999373e-01,1.558620e+01
1190,2.559781e-18,-1.172002e-05,-6.953360e-05,5.246856e-04,-4.071608e-02,-1.035601e-01,8.724376e+00
1191,3.354661e-18,8.617224e-06,-5.157880e-05,5.132401e-04,5.832359e-01,5.670473e-01,1.845679e+01
1192,3.259973e-17,2.923699e-06,-7.444687e-05,5.107762e-04,-1.504817e-01,2.615202e-02,1.114062e+01
1193,9.113805e-18,1.208022e-05,-6.031479e-05,5.081883e-04,-1.287349e-01,3.970181e-01,5.198504e+00
1194,2.801276e-17,1.772822e-05,-6.941253e-05,5.179510e-04,3.150652e-01,3.503055e-01,1.304137e+01
1195,3.067014e-17,9.382085e-06,-6.396992e-05,5.176023e-04,2.035993e-01,2.811919e-01,4.799484e+00
1196,3.067657e-18,1.094107e-05,-6.095787e-05,5.225126e-04,2.626073e-02,-3.093416e-01,8.417717e+00
1197,6.384406e-18,1.717969e-05,-7.031313e-05,5.124560e-04,5.005762e-01,2.540035e-01,2.066108e+01
1198,9.663945e-18,-1.067685e-05,-7.372422e-05,5.183045e-04,3.289362e-01,-9.909909e-01,1.039592e+01
1199,5.166109e-19,-1.054779e-05,-5.467941e-05,5.159519e-04,-7.392238e-01,-5.247305e-03,3.990103e+00
1200,4.352414e-18,-3.136997e-06,-6.328068e-05,5.151211e-04,-7.850023e-01,6.183755e-02,4.464305e+00
1201,1.153464e-18,-1.324751e-05,-6.951871e-05,5.097983e-04,-1.578178e-01,-4.370342e-02,4.023744e+00
1202,2.982185e-18,-1.092839e-05,-5.469324e-05,5.094760e-04,-5.051536e-01,-7.740104e-02,5.651160e+00
1203,5.457895e-18,-1.325516e-05,-5.841973e-05,5.198127e-04,3.657912e-01,2.517665e+00,3.628537e+00
1204,3.803637e-18,-8.019815e-07,-5.315828e-05,5.200635e-04,2.521798e-01,1.377000e-02,6.689825e+00
1205,4.413759e-18,-2.187644e-05,-5.312494e-05,5.114322e-04,1.000672e+00,-9.210495e-02,9.795832e-01
1206,1.016274e-16,8.050008e-06,-8.086345e-05,5.375750e-04,-7.684748e-01,-4.662635e-01,1.266997e+01
1207,7.166532e-17,1.332221e-05,-8.218593e-05,4.991785e-04,8.800347e-01,-1.205847e+00,5.262072e+00
1208,4.029647e-17,2.178183e-06,-8.395674e-05,5.424847e-04,-2.961448e-01,-3.644505e+00,2.035522e+01
1209,1.445735e-17,-1.093890e-05,-8.515350e-05,5.441897e-04,-1.135927e+00,9.840683e-01,9.041889e+00
1210,2.263031e-16,-8.119663e-06,-8.263010e-05,5.431118e-04,-1.039179e+00,5.627093e-02,1.148962e+01
1211,1.084152e-17,-2.692463e-06,-8.483411e-05,5.342554e-04,2.428125e-01,-1.708430e+00,1.242286e+01
1212,5.335389e-18,-2.345845e-06,-1.009806e-04,5.340094e-04,-1.038832e-01,-8.931494e-01,1.626913e+01
1213,1.949102e-17,1.548183e-05,-9.903149e-05,5.093827e-04,-1.696090e+00,1.012408e+00,2.072595e+01
1214,2.109058e-18,3.828810e-06,-7.969296e-05,5.358753e-04,-7.221782e-01,-7.140228e-02,1.723120e+01
1215,2.813531e-18,1.171593e-05,-8.749946e-05,5.277460e-04,-9.847472e-02,1.787755e-02,7.527680e+00
1216,1.549476e-18,1.158177e-05,-8.046790e-05,5.110969e-04,6.454792e-02,-7.154878e-03,3.009725e+00
1217,2.701203e-18,1.171814e-05,-8.750105e-05,5.411338e-04,2.057144e-01,-2.893155e-02,8.476810e+00
1218,7.139368e-17,3.597190e-06,-8.847841e-05,5.207958e-04,7.109051e-01,5.522856e-01,6.620336e+00
1219,2.797924e-18,1.172486e-05,-8.045433e-05,5.217639e-04,-9.018706e-02,-6.228380e-02,8.709164e+00
1220,2.992651e-18,-1.483971e-05,-9.218379e-05,5.382938e-04,-6.916832e-01,-9.533232e-02,6.323807e+00
1221,1.407163e-17,-4.280211e-06,-9.653985e-05,5.307116e-04,3.055879e-01,7.270086e-02,6.811395e+00
1222,7.715301e-18,-9.566899e-06,-8.971984e-05,5.443007e-04,-2.226151e+00,1.025704e+00,9.432831e-01
1223,3.860012e-17,2.956889e-06,-9.947713e-05,5.282373e-04,-6.042329e-01,-1.408640e+00,6.638875e+00
1224,7.692009e-18,1.093643e-05,-9.181416e-05,5.467585e-04,-3.859819e-02,-9.354318e-01,9.591212e+00
1225,4.029493e-18,6.260722e-06,-9.065324e-05,5.228727e-04,-3.947093e-01,1.750950e-01,7.090608e-01
1226,5.272560e-19,1.445523e-05,-9.919678e-05,5.051652e-04,2.282801e+00,-8.051125e-01,1.453976e+01
1227,1.084013e-16,1.196791e-05,-9.921291e-05,4.985008e-04,2.101116e-01,-2.564192e-01,5.571960e+00
1228,5.196507e-18,9.905893e-06,-8.987913e-05,5.070026e-04,7.129327e-01,1.509605e-01,2.935580e+00
1229,1.589722e-18,5.469623e-06,-9.765403e-05,5.166955e-04,2.527764e-01,9.988049e-03,4.082604e+00
1230,2.678015e-18,5.465494e-06,-9.765678e-05,5.025383e-04,1.838488e-01,-5.241013e-02,1.025253e+00
1231,1.790373e-18,1.009223e-05,-9.758892e-05,5.088999e-04,3.357037e-01,1.369464e-01,-1.842756e-01
1232,3.389059e-18,2.103286e-05,-8.046063e-05,5.145838e-04,2.261628e-01,-1.142093e-01,-1.053886e-01
1233,2.244326e-19,5.865557e-06,-9.726463e-05,5.326136e-04,-1.038311e-01,-6.336739e-02,2.106716e+00
1234,1.319817e-17,1.210741e-05,-8.012840e-05,5.413863e-04,-5.257991e-01,1.703538e-01,5.320730e+00
1235,2.303599e-19,5.077417e-06,-9.804768e-05,5.474488e-04,5.611376e-01,5.482481e-01,1.641917e+00
1236,2.945660e-18,2.037417e-05,-7.968713e-05,5.470081e-04,-1.132142e-01,-8.994204e-03,5.004149e-01
1237,1.904352e-17,-1.096757e-05,-1.007247e-04,5.086472e-04,-1.762965e+00,5.775799e-01,1.167462e+01
1238,3.247305e-17,-1.197847e-05,-9.327892e-05,5.198910e-04,5.451594e-02,1.353786e+00,5.527147e+00
1239,7.597498e-18,-2.373830e-06,-9.686901e-05,5.110441e-04,-1.194954e-01,6.799865e-02,1.005766e+01
1240,1.495960e-18,-4.683675e-06,-9.062251e-05,5.205538e-04,4.875706e-03,1.525302e-02,7.223930e+00
1241,6.017458e-18,-3.012482e-06,-7.812483e-05,5.205369e-04,-4.077630e-01,3.486078e-02,9.340209e+00
1242,1.764098e-18,-1.006582e-04,-4.697871e-06,4.714443e-04,-4.912581e-01,-8.228324e-01,-3.916464e+00
1243,1.258159e-17,-1.145500e-04,-2.342584e-05,4.738702e-04,-8.098473e-01,-1.510119e+00,-1.055684e+00
1244,3.004085e-18,-1.133935e-04,-1.295392e-05,4.784922e-04,3.618549e+00,3.257400e+00,7.620573e+00
1245,3.985936e-17,-1.101183e-04,-7.292092e-06,4.809722e-04,2.714195e-01,1.663704e+00,2.120166e+00
1246,1.046298e-18,-1.154262e-04,-1.366973e-05,4.742677e-04,-2.886602e-01,-7.292819e-02,-1.670447e+00
1247,4.957106e-19,-1.167974e-04,-1.445389e-05,4.697383e-04,1.230998e+00,8.296251e-01,-9.464173e+00
1248,2.385226e-19,-1.050767e-04,7.423383e-06,4.748037e-04,-9.863595e-01,-3.133649e-01,-9.158273e-01
1249,4.986357e-19,-1.070376e-04,1.757900e-05,4.771344e-04,1.053508e+00,5.298191e-01,-1.371838e+00
1250,2.293798e-17,-1.481017e-04,1.675489e-05,4.828228e-04,7.624264e-01,2.549784e-01,7.970058e+00
1251,1.058848e-18,-1.429565e-04,-3.904491e-06,4.771455e-04,-2.829359e-01,-3.188256e-01,1.643344e+00
1252,1.714199e-16,-1.780805e-04,7.551796e-06,5.233417e-04,5.391639e-02,2.310243e+00,1.551794e+01
1253,2.247849e-17,-1.746322e-04,1.481944e-06,5.145465e-04,1.143746e+00,4.036114e-01,1.521587e+01
1254,5.623992e-19,-1.753909e-04,-5.860006e-06,5.140386e-04,-1.814110e+00,4.641240e-01,1.093775e+01
1255,1.719125e-16,-1.635430e-04,-1.438676e-05,5.147342e-04,-6.363888e-01,-2.463842e+00,9.857165e+00
1256,2.546504e-17,-1.700367e-04,1.249074e-05,5.072232e-04,-3.398579e+00,2.120818e+00,2.171873e+01
1257,3.371424e-17,-1.558841e-04,1.135576e-05,5.235430e-04,8.533060e-01,7.956340e-01,6.735999e+00
1258,2.237789e-18,-1.710687e-04,-7.030619e-06,5.239596e-04,-3.553032e-01,-6.341203e-01,1.413847e+01
1259,5.324662e-18,-1.718788e-04,-1.785268e-05,5.236279e-04,-2.363321e-02,-2.817475e+00,1.186653e+01
1260,1.203900e-16,-1.642909e-04,1.446496e-05,5.175456e-04,2.607321e-01,-4.141747e-02,3.086894e+00
1261,2.455820e-17,-1.543951e-04,1.163272e-05,5.046461e-04,1.943234e+00,-6.380553e-01,1.009392e+01
1262,1.802111e-18,-1.702330e-04,1.044000e-05,5.048629e-04,-2.703433e+00,1.493950e+00,2.600579e+01
1263,4.547743e-18,-1.484387e-04,3.904835e-06,5.033635e-04,1.856858e-01,-1.224960e-02,2.995515e+00
1264,2.525508e-17,-1.525676e-04,1.847509e-05,5.259362e-04,-3.087079e-01,8.491571e-01,5.278211e+00
1265,7.731883e-18,-1.507700e-04,8.944702e-06,5.143893e-04,3.900250e-01,-1.557918e+00,3.835561e+00
1266,7.681938e-18,-1.712587e-04,1.357301e-05,5.227334e-04,4.683135e-01,-5.371388e-02,1.021356e+00
1267,5.057954e-18,-1.695312e-04,2.342697e-06,5.254689e-04,1.698696e-02,3.068981e-03,1.774715e+00
1268,7.342288e-18,-1.661144e-04,-1.920154e-05,5.070893e-04,-3.153383e+00,-5.306340e-01,9.348179e+00
1269,6.142030e-18,-1.671565e-04,-1.173963e-05,5.056910e-04,-4.730164e-01,8.207356e-01,1.440896e+01
1270,1.386171e-18,-1.679737e-04,-7.794435e-07,5.013124e-04,-1.194762e-01,1.988919e-01,-2.441105e+00
1271,1.291249e-18,-1.601544e-04,-5.465627e-06,5.220854e-04,8.067975e-02,-1.136528e-01,2.505280e+00
1272,1.786788e-17,-1.694584e-04,-1.890930e-05,5.281671e-04,2.462469e+00,-1.546079e+00,6.550674e+00
1273,2.555448e-18,-1.578169e-04,-1.484161e-05,5.263729e-04,3.200860e-03,1.619579e-01,6.126899e+00
1274,2.969828e-18,-1.695333e-04,-7.812259e-07,5.109359e-04,2.682321e-02,-1.460563e-02,2.122654e+00
1275,2.293367e-17,-1.709382e-04,1.516491e-05,4.999378e-04,3.651032e+00,3.301198e+00,1.712306e+01
1276,3.065620e-17,-1.239754e-04,-8.988932e-06,5.160937e-04,5.213898e-01,-9.056579e-01,5.548839e+00
1277,4.027203e-18,-1.250755e-04,-1.649545e-05,5.084161e-04,1.871903e+00,-1.732308e+00,1.187282e+01
1278,5.673084e-18,-1.374999e-04,-1.170860e-05,5.136126e-04,-2.076143e-02,-2.387581e-02,3.815749e+00
1279,1.998621e-17,-1.248480e-04,-2.095188e-05,5.142028e-04,-1.243012e+00,-1.190532e+00,1.151556e+01
1280,2.172257e-18,-1.476608e-04,-1.327213e-05,5.216930e-04,1.558786e-01,-4.232849e-01,4.100516e+00
1281,2.726232e-18,-1.453154e-04,-3.120901e-06,5.093277e-04,-7.692454e-02,-1.020624e-02,1.287169e+00
1282,1.274436e-16,-1.346087e-04,-1.884959e-05,5.229914e-04,3.408073e-01,-2.687508e-01,4.799359e+00
1283,2.500298e-16,-1.337889e-04,-6.963713e-06,4.978376e-04,9.495962e-01,-2.287061e-01,3.228518e+00
1284,2.688927e-18,-1.406282e-04,-9.371307e-06,5.201749e-04,3.239702e-02,-4.989913e-03,1.443203e+00
1285,6.115483e-18,-1.273220e-04,-9.269100e-06,5.216199e-04,-2.652272e-01,1.236386e+00,3.916836e+00
1286,2.840099e-18,-1.289048e-04,-7.806052e-07,5.086332e-04,-9.849052e-03,2.068679e-02,4.684829e+00
1287,3.513144e-18,-1.367210e-04,-7.715955e-07,5.055479e-04,6.789697e-03,6.664273e-01,3.237664e+00
1288,1.115240e-18,-1.374995e-04,9.381286e-06,5.326392e-04,-6.484070e-02,-1.077693e-01,7.493138e+00
1289,2.917617e-18,-1.343741e-04,1.562573e-05,5.456330e-04,-4.518004e-02,-4.995760e-02,1.070243e+01
1290,5.599231e-18,-1.407615e-04,2.037206e-05,5.348111e-04,-6.734912e-02,-4.389022e-01,7.303445e+00
1291,7.692304e-17,-1.447832e-04,4.496773e-06,5.457771e-04,7.916603e-01,6.147131e-02,8.877792e+00
1292,5.113818e-18,-1.335920e-04,1.723396e-06,5.451127e-04,7.002531e-03,7.656435e-02,8.543194e+00
1293,1.397893e-18,-1.484339e-04,3.908081e-06,5.385228e-04,1.477185e-01,-1.723415e-01,7.515414e+00
1294,1.483617e-18,-1.484359e-04,3.896970e-06,5.288867e-04,-1.373098e-02,1.006635e-01,7.697209e+00
1295,1.157852e-18,-1.398471e-04,4.684570e-06,5.341258e-04,-1.031800e-01,-4.578053e-02,3.791724e+00
1296,5.199553e-18,-1.273438e-04,4.846171e-06,5.414579e-04,-5.664004e-02,-3.862391e-01,5.047855e+00
1297,1.184241e-18,-1.398621e-04,4.685049e-06,5.393091e-04,-1.529966e-01,-6.555223e-02,3.107920e+00
1298,2.880494e-18,-1.445299e-04,8.594141e-06,5.255268e-04,5.187111e-02,1.771462e-01,5.837766e+00
1299,3.098253e-17,-1.679108e-04,1.475373e-05,5.314326e-04,-8.636558e-01,1.529786e+00,3.255911e+00
1300,4.008229e-18,-1.570319e-04,1.714565e-05,5.316923e-04,-1.126515e-01,4.633527e-02,6.115556e+00
1301,3.474388e-17,-1.540569e-04,1.990508e-06,5.321577e-04,-3.392982e-01,1.276055e+00,3.413211e+00
1302,2.491772e-18,-1.570355e-04,1.405407e-05,5.485950e-04,-1.764835e-01,2.147107e-02,2.881777e+00
1303,2.067984e-17,-1.693905e-04,1.586493e-05,5.393906e-04,-8.202037e-02,-6.470750e-01,3.253841e+00
1304,1.926082e-18,-1.522738e-04,1.557569e-05,5.375613e-04,-3.229632e-01,-5.834244e-03,1.384223e+00
1305,1.005412e-16,-1.724266e-04,-1.173507e-05,5.326368e-04,-3.391774e-01,-1.602065e-01,5.201077e+00
1306,1.862169e-18,-1.718861e-04,-2.362939e-05,5.346508e-04,-2.247775e-01,-1.553166e+00,1.132923e+01
1307,1.157545e-17,-1.676144e-04,-2.251751e-05,5.470985e-04,-1.813267e-03,-3.494590e-01,7.142776e+00
1308,5.824981e-18,-1.625006e-04,-7.809667e-06,5.390379e-04,-4.897853e-02,1.101860e-01,3.883320e+00
1309,9.976235e-19,-1.734335e-04,-1.484817e-05,5.430310e-04,4.695535e-03,9.756284e-02,1.286781e+00
1310,4.297798e-16,-1.371280e-04,-1.604138e-05,5.462316e-04,-7.231689e-01,-8.660595e-01,6.487946e+00
1311,1.882456e-17,-1.321696e-04,-5.283151e-06,5.403761e-04,-8.729036e-01,-9.545363e-01,6.956210e+00
1312,3.860613e-18,-1.476555e-04,-1.328106e-05,5.459459e-04,8.984662e-03,3.279966e-02,7.749496e+00
1313,1.244533e-18,-1.476529e-04,-1.328172e-05,5.363455e-04,7.700177e-03,1.006221e-01,4.021310e+00
1314,2.542234e-18,-1.265492e-04,-1.795650e-05,5.360945e-04,-2.467386e-01,-1.487861e-02,3.798446e+00
1315,1.402700e-17,-1.155050e-05,9.640338e-05,4.944427e-04,2.158811e-01,-9.752403e-01,1.395228e+01
1316,3.630970e-17,1.970276e-06,8.894319e-05,4.778563e-04,-1.135292e+00,-9.795232e-01,7.656954e-01
1317,2.179398e-18,-1.328176e-05,9.140297e-05,4.845674e-04,2.625146e-02,-3.709609e-01,6.173948e+00
1318,2.996453e-17,-1.575798e-05,9.122572e-05,4.907295e-04,-1.271906e+00,-7.832738e-01,7.959752e+00
1319,4.393767e-17,-6.394702e-07,9.978898e-05,4.934536e-04,-1.923762e+00,8.292640e-01,2.917484e+00
1320,1.761873e-18,-1.158797e-05,8.592650e-05,4.999907e-04,1.054955e-01,-1.720485e-01,4.337602e+00
1321,2.869919e-18,-8.575330e-06,8.906445e-05,4.985257e-04,5.201162e-01,2.878153e-01,3.751280e+00
1322,4.883649e-18,-1.093918e-05,8.672030e-05,4.856872e-04,8.527289e-02,-4.419962e-02,5.730830e+00
1323,6.846350e-18,-1.174099e-05,9.686145e-05,4.869844e-04,-2.080333e-02,-2.585484e-02,1.010115e+01
1324,1.672910e-18,-1.378047e-09,7.657232e-05,4.911812e-04,-6.262882e-02,-1.023103e+00,6.794237e+00
1325,1.163084e-16,-8.188902e-06,8.168879e-05,4.835126e-04,-8.225768e-01,2.078151e+00,1.972997e+00
1326,2.164997e-18,-5.267532e-09,8.076537e-05,4.833879e-04,2.718982e-01,-2.605381e-01,2.961116e+00
1327,2.274280e-18,-1.163714e-05,9.850877e-05,4.806812e-04,3.509720e-01,-5.074637e-02,5.160466e+00
1328,1.506115e-18,-1.173746e-05,7.969863e-05,5.020912e-04,-1.099337e+00,9.278597e-01,1.033425e+01
1329,4.738652e-19,-1.015724e-05,9.336197e-05,4.981956e-04,2.802568e-01,-4.319097e-01,1.267294e+00
1330,2.968853e-18,-1.013361e-05,8.200215e-05,4.954950e-04,8.290614e-01,-8.069410e-01,8.265409e+00
1331,8.016068e-19,-1.705957e-05,1.006282e-04,4.794759e-04,5.313401e-02,-9.039477e-03,-6.030928e+00
1332,1.176746e-18,-7.817007e-06,9.920870e-05,4.825983e-04,3.262211e-02,6.524591e-01,-2.130645e+00
1333,1.523863e-17,-1.173089e-05,8.593613e-05,4.964670e-04,1.369999e-01,3.163913e-02,9.125859e+00
1334,1.512280e-18,-1.406141e-05,9.375051e-05,4.981938e-04,-8.617693e-02,3.876273e-01,4.673503e-01
1335,1.514059e-17,-1.712459e-05,8.293312e-05,4.754462e-04,2.351940e-01,7.710308e-01,-1.329590e+00
1336,2.466557e-18,-2.460892e-05,9.687620e-05,4.856738e-04,2.498293e-02,-7.179943e-02,-2.222291e+00
1337,1.242937e-18,-1.323275e-05,9.144226e-05,4.802468e-04,-1.541035e+00,-1.401712e-01,3.221440e+00
1338,2.464213e-17,-2.412780e-05,9.742503e-05,4.945116e-04,1.002845e-02,9.900531e-02,-8.894127e-01
1339,6.568538e-18,-1.018277e-05,8.287063e-05,4.764689e-04,4.473066e-01,-5.111546e-01,4.996427e-01
1340,2.075152e-17,-2.414704e-05,8.481977e-05,4.881717e-04,1.663876e-02,2.163561e-02,-1.159322e+00
1341,1.261693e-17,-2.426077e-05,8.966715e-05,4.979683e-04,2.302815e-02,6.017888e-03,-1.231794e+00
1342,1.693191e-17,-2.421009e-05,1.021094e-04,4.986744e-04,5.183451e-02,2.106985e-02,-1.126699e+00
1343,2.388074e-18,6.237046e-06,7.973550e-05,4.759391e-04,6.708762e-01,3.183005e-01,-3.778360e-01
1344,2.717861e-17,1.632442e-05,7.737247e-05,4.978695e-04,-4.954930e-02,-1.373266e+00,8.586846e+00
1345,5.201552e-18,1.367492e-05,8.045863e-05,4.825851e-04,-2.314254e+00,1.463459e-01,6.795704e-01
1346,1.468218e-18,8.589434e-06,7.811648e-05,4.896257e-04,1.101213e-01,3.404963e-01,4.686798e+00
1347,7.030319e-19,8.988234e-06,8.900497e-05,4.763518e-04,7.020445e-01,-9.424968e-01,3.127559e+00
1348,8.949908e-18,8.403768e-06,7.869545e-05,4.816887e-04,-3.785365e-01,3.217648e-01,1.665040e+00
1349,1.326128e-18,1.874141e-05,9.060985e-05,4.833744e-04,1.307888e-01,1.887299e-01,7.862578e-01
1350,4.063961e-17,2.392915e-05,1.020892e-04,4.921103e-04,-5.809725e-02,-2.341669e-02,-7.205909e-01
1351,5.427400e-18,2.356584e-06,9.461740e-05,4.879084e-04,3.865224e-01,2.399192e+00,1.856652e+00
1352,6.451410e-17,1.437664e-05,9.101110e-05,5.001094e-04,-2.528898e-01,-4.062294e-01,4.127074e+00
1353,4.499003e-18,1.561316e-05,8.278357e-05,4.786264e-04,6.838768e-01,2.904120e-01,-5.386797e+00
1354,5.430433e-18,2.195086e-05,8.517835e-05,5.021233e-04,-6.379140e-01,-1.089156e+00,6.982888e+00
1355,2.762644e-17,1.844817e-06,8.897157e-05,5.024933e-04,-5.409041e-01,2.912415e-01,4.601199e+00
1356,1.273511e-18,1.718260e-05,9.687218e-05,4.771164e-04,-2.139846e-01,2.156529e-01,3.455557e-01
1357,3.003508e-18,2.460896e-05,9.218496e-05,4.897101e-04,3.514003e-02,6.150585e-02,-2.289852e+00
1358,2.455069e-18,2.460975e-05,7.812474e-05,4.887909e-04,2.204118e-02,-1.159559e-02,-2.268173e+00
1359,6.181337e-19,3.089618e-06,8.554649e-05,4.716850e-04,1.145897e+00,-2.799407e-01,-3.118882e+00
1360,8.800131e-18,2.410406e-04,-1.760756e-05,4.766646e-04,-1.241450e+00,-5.370350e-01,6.796470e-01
1361,1.588084e-17,2.298454e-04,-6.178318e-06,4.762698e-04,-2.758219e+00,7.903423e+00,-4.988757e+00
1362,1.749397e-17,2.491981e-04,-1.072395e-05,4.768502e-04,1.224424e-01,1.421900e-01,1.964255e+00
1363,1.038189e-17,2.413972e-04,-8.592102e-06,4.938878e-04,6.296929e-01,-8.835561e-02,7.262883e+00
1364,6.612383e-19,2.339856e-04,-2.108688e-05,4.966610e-04,1.374966e+00,4.320477e-01,8.869369e+00
1365,8.714846e-18,2.310750e-04,-1.955614e-05,4.864100e-04,2.033013e+00,4.652528e-01,6.152326e+00
1366,2.814574e-18,2.296855e-04,-1.250042e-05,4.930933e-04,-2.812623e-01,-2.278769e-01,4.743120e+00
1367,2.856142e-18,2.429829e-04,-5.448267e-06,4.861295e-04,3.425362e-02,1.752133e-01,1.488843e+00
1368,1.156155e-18,2.496097e-04,-8.453961e-06,4.932821e-04,7.238948e-02,7.539119e-01,4.752725e+00
1369,2.392680e-18,2.496086e-04,-2.185780e-05,4.911607e-04,-6.405593e-02,4.576773e-02,-4.255396e+00
1370,1.915913e-17,2.330391e-04,-2.419705e-05,5.007970e-04,1.124392e+00,-2.787158e-01,3.215255e+00
1371,4.932387e-18,2.406254e-04,-8.592013e-06,4.834898e-04,7.127063e-02,-1.345074e-01,3.440148e+00
1372,4.621432e-18,2.453133e-04,-2.337496e-06,4.957651e-04,-3.465120e-02,-3.711769e-01,1.898615e+00
1373,4.225666e-18,2.414062e-04,-8.594472e-06,5.012547e-04,-1.076238e-02,-8.504754e-02,9.634780e+00
1374,2.235233e-17,2.242813e-04,-1.118526e-05,5.000793e-04,-6.769475e-01,5.862595e-01,1.483779e+00
1375,1.329523e-18,2.320321e-04,-3.123468e-06,4.872906e-04,1.132231e-01,7.079851e-01,-7.363155e-01
1376,1.239627e-17,2.490728e-04,-2.409380e-05,4.886792e-04,-3.226249e-02,-1.047488e-02,-4.842282e-01
1377,6.852127e-18,2.296902e-04,-1.285655e-05,4.865146e-04,1.476247e-01,2.083540e-01,1.988553e+00
1378,5.315025e-17,2.490817e-04,-9.511776e-06,5.105023e-04,-6.048338e-01,1.266700e+00,5.568847e+00
1379,1.260057e-17,2.293861e-04,-1.309725e-05,5.106714e-04,-3.416998e-01,2.699002e-01,1.023728e+01
1380,3.127490e-18,2.414085e-04,-8.589863e-06,5.201584e-04,9.800488e-02,-1.294700e-01,1.660149e+01
1381,1.108500e-18,2.413928e-04,-8.606023e-06,5.259108e-04,-2.512774e-01,-7.454676e-02,1.645137e+01
1382,1.143827e-17,2.320760e-04,-9.314112e-06,5.188898e-04,-3.300334e-01,1.108935e-01,1.183460e+01
1383,3.693371e-17,2.325405e-04,-6.588000e-06,5.089907e-04,7.117521e-01,-2.463820e-01,8.916611e+00
1384,2.521496e-18,2.414043e-04,-8.594566e-06,5.070973e-04,2.369439e-02,1.950964e-02,1.117372e+01
1385,1.533162e-18,2.320293e-04,-5.460796e-06,5.220706e-04,2.089563e-02,-5.738174e-02,7.719799e+00
1386,1.227436e-18,2.453206e-04,-2.355002e-06,5.113262e-04,2.931409e-02,-8.868775e-02,4.230162e+00
1387,1.026364e-18,2.273381e-04,-2.340786e-06,5.189919e-04,-2.153189e-01,-7.431290e-02,2.132040e+00
1388,3.173268e-17,2.421742e-04,-3.990311e-06,5.274251e-04,-9.868668e-02,1.582850e+00,1.758175e+01
1389,9.757989e-19,2.414050e-04,-8.591726e-06,5.044248e-04,-4.009315e-02,-8.133268e-03,1.025996e+01
1390,5.868701e-18,2.296987e-04,-1.317912e-05,5.074654e-04,1.045464e-01,-2.828417e-01,1.235266e+01
1391,1.081307e-17,2.492737e-04,-1.703699e-05,5.218517e-04,2.436331e-02,-2.440786e-01,1.822667e+00
1392,1.140577e-17,1.989363e-04,-2.830526e-06,5.193941e-04,8.340667e-01,2.644376e+00,9.900237e+00
1393,7.687399e-18,2.001542e-04,-1.040619e-05,5.125709e-04,-1.955196e+00,1.572640e-01,6.353182e+00
1394,1.159855e-17,2.084360e-04,-5.466332e-06,5.155504e-04,3.382427e-01,-7.214464e-02,6.927179e+00
1395,3.816624e-18,2.054009e-04,-1.012113e-05,5.159857e-04,-8.280399e-01,-5.705461e-01,9.133714e+00
1396,3.146788e-18,2.140646e-04,-7.024706e-06,5.139858e-04,4.199781e-01,-4.869312e-02,2.913964e+00
1397,6.395895e-18,2.195462e-04,-3.195844e-06,5.218365e-04,-1.166479e-01,4.532420e-01,7.603609e+00
1398,1.557822e-17,2.123684e-04,-9.370420e-06,5.271316e-04,-6.190212e-02,8.702081e-01,6.474469e+00
1399,6.808967e-18,2.117316e-04,-3.084974e-06,5.036270e-04,2.469154e-02,-7.581943e-02,2.172600e+00
1400,2.882483e-18,2.195408e-04,-3.124836e-06,5.102535e-04,1.670159e-01,-4.897745e-02,3.234582e+00
1401,2.892363e-18,2.195334e-04,-3.128810e-06,5.064106e-04,-2.651742e-02,-1.312177e-01,2.876290e+00
1402,1.447361e-16,2.184932e-04,-5.742441e-06,5.341996e-04,1.422830e-01,-1.252524e+00,8.645389e+00
1403,1.005305e-17,2.117353e-04,-3.131264e-06,5.378689e-04,7.231076e-02,1.215454e-02,1.095193e+01
1404,7.753729e-18,2.062493e-04,-1.936139e-06,5.415183e-04,-4.882740e-02,8.417192e-01,1.133504e+01
1405,2.931115e-18,2.070294e-04,-1.328678e-05,5.307869e-04,-2.427961e-02,-1.229571e-02,6.462924e+00
1406,2.676730e-18,2.124967e-04,-1.172243e-05,5.419938e-04,-9.358945e-02,1.630045e-01,4.321581e+00
1407,2.873833e-18,2.163988e-04,-1.875730e-05,5.428306e-04,-4.167176e-02,3.380044e-02,9.361368e-01
1408,1.065178e-17,2.304799e-04,-1.411273e-05,5.286571e-04,1.233329e-01,5.153801e-02,1.676075e+01
1409,7.368989e-18,2.316334e-04,-1.562824e-05,5.485102e-04,3.550631e-01,2.051783e-02,2.203321e+01
1410,1.253425e-17,2.328398e-04,-1.016655e-05,5.405212e-04,2.449423e-01,1.715143e-01,1.717956e+01
1411,5.634913e-18,2.440047e-04,-3.938916e-06,5.308153e-04,2.597270e+00,-8.355675e-01,9.681727e+00
1412,1.627382e-17,2.490642e-04,-6.263594e-06,5.494057e-04,7.665377e-01,-7.616159e-01,1.657597e+01
1413,4.768805e-18,2.320403e-04,-1.016583e-05,5.341983e-04,-4.611916e-02,1.315104e-02,1.582277e+01
1414,9.688559e-18,2.391970e-04,-1.767319e-05,5.421531e-04,-6.692571e-01,6.702887e-01,7.971244e+00
1415,8.149103e-18,2.493744e-04,-6.519562e-06,5.338029e-04,1.165575e-01,-1.961170e-01,8.728727e+00
1416,2.990101e-18,2.328156e-04,-1.015956e-05,5.495689e-04,1.409260e-01,-1.386229e-02,2.106390e+01
1417,6.136563e-19,2.496073e-04,-1.011057e-05,5.364523e-04,3.514363e-01,-6.401659e-01,8.527868e+00
1418,1.085750e-16,2.105570e-04,-2.355224e-05,4.957710e-04,-2.156310e-02,-1.169983e-02,-5.687819e-01
1419,1.371546e-16,2.168789e-04,-6.120177e-07,4.900100e-04,-9.728092e-01,3.146081e-01,1.264454e+01
1420,1.911383e-17,2.197025e-04,-1.501980e-05,4.900409e-04,2.814550e-01,-4.731685e-01,3.511907e+00
1421,1.720730e-17,2.017343e-04,-3.021126e-06,4.835998e-04,3.364375e-01,-7.281714e-01,2.341436e+00
1422,1.020281e-18,2.140624e-04,-7.028057e-06,4.911954e-04,-8.458630e-02,-6.713947e-02,-6.355288e-02
1423,2.017624e-17,2.043700e-04,-1.653457e-05,4.846430e-04,-1.230171e+00,-1.161040e-01,1.981171e+00
1424,1.922207e-18,2.157019e-04,-1.651026e-05,4.801425e-04,4.045968e-01,-2.204020e-01,-3.721443e+00
1425,1.407365e-18,2.149126e-04,-5.287943e-07,4.821007e-04,2.810557e-01,-8.227058e-01,8.884544e+00
1426,2.203717e-18,2.148094e-04,-1.469897e-05,4.792440e-04,2.213546e-01,3.713306e-01,-8.075420e-02
1427,2.208089e-18,2.070282e-04,-1.015615e-05,4.853375e-04,6.260340e-02,-3.152577e-03,6.709859e-02
1428,2.469789e-16,-1.845571e-04,-1.838035e-09,5.101568e-04,1.226622e+00,8.463551e-01,6.863338e+00
1429,2.284691e-16,-1.972737e-04,3.035825e-06,5.272971e-04,1.652182e-02,2.573283e-01,7.862583e+00
1430,1.256733e-17,-1.804425e-04,2.988926e-08,5.243555e-04,-4.224191e-01,1.956305e-02,6.627609e+00
1431,2.587521e-18,-1.851552e-04,-2.482266e-09,5.432417e-04,1.025382e-01,-1.447881e-02,4.551398e+00
1432,4.119096e-18,-1.798276e-04,-7.186445e-06,5.465299e-04,-3.041651e+00,-7.034525e-01,2.094917e+01
1433,1.328215e-17,-1.838587e-04,-1.652268e-05,5.153684e-04,-3.078604e-01,-2.476304e+00,1.184237e+01
1434,3.684210e-17,-1.797297e-04,-2.825908e-06,5.325919e-04,1.174461e+00,-1.483086e+00,8.095633e+00
1435,4.181596e-17,-1.835439e-04,-2.194142e-05,5.221196e-04,-4.117790e-01,-1.112676e+00,1.515944e+00
1436,3.665192e-18,-1.795780e-04,-1.244633e-05,5.069337e-04,-2.481017e-01,-2.394781e-01,2.659818e+00
1437,2.623751e-18,-1.772638e-04,-6.338337e-06,5.345302e-04,-2.352720e+00,-1.327417e-01,1.890913e+01
1438,1.944430e-17,-1.904803e-04,-1.148481e-05,5.375533e-04,3.151439e-01,-7.956946e-02,5.130412e+00
1439,3.334762e-18,-1.992100e-04,-5.481816e-06,5.426371e-04,1.672073e-01,-2.236436e-01,6.102594e+00
1440,6.238709e-18,-1.968762e-04,-4.688600e-06,5.472157e-04,5.064033e-02,3.594810e-02,6.196848e+00
1441,2.060613e-18,-1.906264e-04,-1.259301e-05,5.429256e-04,-1.294327e-01,2.498516e-01,2.433223e+00
1442,1.441491e-18,-1.805597e-04,-3.809075e-06,5.436388e-04,1.383279e+00,-7.096609e-01,1.627808e+00
1443,4.565424e-17,-2.240436e-04,-1.074822e-05,5.085786e-04,1.031110e+00,4.972748e-01,8.827582e+00
1444,9.357522e-18,-2.178210e-04,-1.015148e-05,5.152503e-04,5.924931e-01,-3.623584e-01,6.915501e+00
1445,1.097424e-17,-2.053661e-04,-1.416474e-05,5.121762e-04,-1.008158e-01,4.050974e-01,3.053431e+00
1446,3.821602e-17,-2.215091e-04,-2.598825e-06,5.206493e-04,1.062171e+00,9.284813e-01,3.479233e+00
1447,2.404759e-18,-2.109388e-04,-8.593775e-06,5.216475e-04,-1.773289e-02,-3.184924e-01,2.870967e+00
1448,3.424348e-17,-2.028279e-04,-1.245095e-05,5.057511e-04,-1.505005e+00,-1.574620e-01,4.349055e+00
1449,6.108300e-19,-2.132852e-04,-1.679797e-05,5.144389e-04,3.047686e-01,5.059537e-01,8.987644e-01
1450,2.387452e-17,-2.030875e-04,-1.740836e-05,5.201640e-04,-5.300802e-02,5.476341e-01,4.913377e+00
1451,2.312760e-18,-2.039061e-04,-2.341061e-06,5.193853e-04,1.232254e-01,-1.312663e-01,4.146080e+00
1452,2.501587e-16,-2.400168e-04,-1.261072e-05,5.286741e-04,-2.119742e+00,1.293413e-01,1.162982e+01
1453,3.050285e-17,-2.489656e-04,-1.834349e-05,5.492818e-04,-2.602719e-01,-4.649974e-02,2.123022e+01
1454,3.870545e-17,-2.268482e-04,-3.861280e-06,5.445049e-04,2.195870e+00,-1.219498e-01,1.584173e+01
1455,2.762759e-16,-2.162874e-04,-7.754572e-06,5.459265e-04,7.909623e-01,-4.881380e-01,1.150151e+01
1456,3.383208e-17,-2.290133e-04,-8.493878e-06,5.389691e-04,-7.130113e-01,2.043676e-01,1.420672e+01
1457,5.216555e-17,-2.366349e-04,-5.577649e-06,5.298884e-04,5.338328e-01,5.117767e-01,5.495697e+00
1458,5.670375e-17,-2.304089e-04,-5.244063e-06,5.277169e-04,1.141017e-01,1.897649e-01,1.449974e+01
1459,1.815381e-17,-2.347558e-04,-1.480658e-05,5.151187e-04,-2.941382e-01,9.795881e-01,1.663491e+01
1460,2.050509e-17,-2.491723e-04,-7.491064e-06,5.303299e-04,2.530592e-02,2.327489e-01,1.025994e+01
1461,1.055199e-18,-2.343823e-04,-3.118803e-06,5.460096e-04,-3.408499e-02,4.896982e-02,1.066525e+01
1462,1.923722e-18,-2.496078e-04,-7.810041e-06,5.482305e-04,-9.611457e-02,2.561920e-02,8.868197e+00
1463,8.221941e-18,-2.395532e-04,-3.901612e-06,5.472500e-04,-2.388132e+00,5.806865e-03,5.766675e+00
1464,6.069991e-19,-2.496061e-04,-7.767424e-07,5.497371e-04,-7.694905e-01,-1.796244e-02,1.425637e+01
1465,6.295955e-18,-2.257668e-04,-1.795874e-05,5.341580e-04,7.920412e-04,4.016975e-03,3.100411e+00
1466,3.003431e-18,-2.390646e-04,-1.327476e-05,5.471891e-04,6.714448e-02,-1.090482e-01,2.548823e+00
1467,2.940028e-18,-2.304695e-04,-4.682646e-06,5.110072e-04,3.907778e-02,-2.938004e-02,9.493679e+00
1468,3.520846e-18,-2.304687e-04,-4.689509e-06,5.047923e-04,-8.334274e-02,-4.752319e-02,7.412011e+00
1469,1.451544e-17,-2.479877e-04,-7.846580e-06,5.159773e-04,-7.738201e-01,1.360173e+00,8.803549e+00
1470,3.478205e-18,-2.312447e-04,-1.170751e-05,5.178766e-04,-4.078615e-01,-9.839194e-01,1.361380e+01
1471,3.971229e-18,-2.328171e-04,-1.458686e-05,5.056910e-04,-4.805225e-02,3.429819e-01,1.222444e+01
1472,4.786991e-18,-2.382804e-04,-1.561210e-06,5.112174e-04,3.388596e-02,-8.176416e-02,9.390246e+00
1473,7.951868e-18,-2.312756e-04,-1.171339e-05,5.115203e-04,-3.828831e-01,-2.716297e-01,1.217226e+01
1474,4.188259e-18,-2.305119e-04,-4.687195e-06,5.161869e-04,1.111622e-01,-3.089093e-01,1.243481e+01
1475,8.437545e-18,-2.394936e-04,-8.944900e-06,5.147267e-04,-4.521825e-01,-2.437157e-01,7.075217e+00
1476,3.089269e-18,-2.366907e-04,-2.354790e-06,5.163897e-04,7.796283e-01,-5.897949e-01,5.688181e+00
1477,8.506401e-18,-2.432306e-04,3.270487e-07,5.146698e-04,8.552984e-01,5.675122e-03,3.951858e-01
1478,8.305186e-19,-2.201783e-04,-9.227382e-07,5.288827e-04,-3.132490e-01,7.370993e-02,4.634559e+00
1479,3.471883e-18,-2.187415e-04,-1.016006e-05,5.330324e-04,-2.102003e-01,-4.461858e-01,9.613136e+00
1480,7.636788e-18,-2.085934e-04,-9.189824e-06,5.356676e-04,3.879657e-02,2.243069e-01,7.440521e+00
1481,5.011003e-18,-2.187465e-04,-1.014850e-05,5.281413e-04,2.889079e-01,7.572985e-02,9.348544e+00
1482,1.459183e-17,-2.492143e-04,7.816722e-06,5.404602e-04,7.948381e-03,5.757267e-01,8.715070e+00
1483,7.771931e-17,-2.485158e-04,7.119701e-06,5.399668e-04,2.211695e-02,6.446268e-01,8.523286e+00
1484,1.006746e-17,-2.492822e-04,1.530902e-05,5.402862e-04,-4.436696e-02,3.854224e-01,8.454937e+00
1485,1.978663e-17,-2.378142e-04,1.966582e-05,5.331617e-04,-3.387428e-01,1.200576e+00,5.379758e+00
1486,2.328412e-18,-2.496068e-04,2.342615e-05,5.483112e-04,-9.226572e-02,-7.040078e-01,8.215012e+00
1487,4.389594e-18,-2.309954e-04,2.349963e-06,5.411626e-04,-1.162554e+00,2.362139e-02,5.809601e+00
1488,1.420030e-18,-2.281074e-04,1.485195e-05,5.423894e-04,1.859496e-01,-5.653728e-02,-1.940880e-01
1489,2.685101e-16,-1.987412e-04,8.154019e-06,5.134279e-04,1.245932e+00,1.059980e+00,1.401431e+01
1490,4.067887e-17,-2.134370e-04,1.247286e-05,5.143053e-04,1.812406e-01,3.933516e+00,2.868731e+01
1491,8.717080e-17,-2.067624e-04,4.123797e-06,5.219509e-04,6.003868e-01,-1.611929e-01,1.102408e+01
1492,9.369331e-18,-2.242174e-04,2.361310e-06,5.146649e-04,-2.951745e-01,-2.866203e-01,1.072320e+01
1493,9.194259e-17,-2.140299e-04,8.968842e-06,5.269056e-04,8.540051e-01,1.624581e-01,4.710004e+00
1494,4.235357e-17,-2.377442e-04,8.746849e-06,5.205937e-04,-3.133967e+00,-1.134215e+00,1.084142e+01
1495,2.266647e-16,-2.141438e-04,9.273711e-06,5.264815e-04,8.496869e-01,1.455443e-01,4.698791e+00
1496,2.471176e-18,-2.211022e-04,9.367365e-06,5.078744e-04,2.186117e-01,1.889355e-01,7.019758e+00
1497,5.301029e-18,-2.316982e-04,7.006950e-06,5.155024e-04,-1.671614e+00,-1.367439e+00,1.111428e+01
1498,2.527032e-18,-2.437514e-04,1.951999e-05,5.093955e-04,7.643510e-02,9.084587e-01,4.120056e+00
1499,4.418782e-17,-2.075742e-04,1.094379e-05,5.197022e-04,-3.893370e-01,-1.130719e+00,6.455382e+00
1500,5.118452e-17,-2.191692e-04,1.601940e-05,5.194113e-04,6.974372e-01,1.028480e+00,8.282811e+00
1501,8.095067e-18,-2.133528e-04,1.175155e-05,5.059635e-04,1.556927e+00,2.456689e+00,2.491566e+01
1502,3.437905e-18,-2.222643e-04,8.639968e-06,5.265419e-04,3.336748e+00,3.689641e-01,9.787736e+00
1503,1.240762e-18,-2.226711e-04,2.329775e-06,5.105494e-04,1.630871e-01,3.199663e-01,7.134043e+00
1504,1.272862e-17,-2.263242e-04,1.210762e-05,5.082154e-04,-3.186198e-02,-3.842511e-01,8.317486e+00
1505,1.100075e-17,-2.472801e-04,2.176113e-05,5.167879e-04,-1.597134e+00,1.035424e-01,2.516563e+00
1506,3.276555e-18,-2.281203e-04,1.483954e-05,5.186049e-04,8.171831e-02,-1.476012e+00,1.144089e+00
1507,1.137073e-16,-2.209497e-04,4.859977e-06,5.314381e-04,1.861221e+00,-2.042111e-01,1.669021e+01
1508,1.084076e-16,-2.101366e-04,5.868854e-06,5.427226e-04,-9.237162e-01,-1.229304e+00,8.355110e+00
1509,3.060084e-17,-2.025197e-04,1.252299e-05,5.364246e-04,8.703754e-01,5.220236e-01,8.991794e+00
1510,1.521094e-18,-2.227874e-04,9.375361e-06,5.465523e-04,4.980718e-01,-1.024052e-01,-2.989663e+00
1511,3.677396e-17,-1.857130e-04,1.043381e-05,5.162346e-04,-8.985694e-01,-3.512067e-01,1.954602e+01
1512,4.938869e-18,-1.835926e-04,6.250495e-06,5.074000e-04,-3.242787e-01,-2.375000e-01,1.365215e+01
1513,5.065951e-19,-1.832044e-04,1.015861e-05,5.051833e-04,5.682187e-02,-5.579222e-01,1.175850e+01
1514,3.123449e-18,-1.937490e-04,1.562152e-05,5.032204e-04,-1.284854e-01,1.803834e-01,2.149353e+00
1515,3.423149e-18,-1.859349e-04,1.720419e-05,5.178678e-04,-1.220427e-01,6.461747e-01,3.159590e+00
1516,3.933766e-18,-1.859510e-04,1.713838e-05,5.115744e-04,-2.946558e-01,5.825051e-01,9.840119e-01
1517,3.614823e-17,-1.799164e-04,1.262959e-05,5.325784e-04,-4.589407e-01,2.842856e-01,3.662262e+00
1518,1.807231e-17,-1.812531e-04,1.789798e-05,5.340231e-04,-1.887992e+00,-1.309301e-02,6.547310e+00
1519,1.327353e-17,-1.962202e-04,2.385729e-05,5.491167e-04,7.943032e-01,7.218013e+00,8.774189e+00
1520,5.290015e-18,-1.828127e-04,1.563011e-05,5.274381e-04,3.078534e-02,1.908561e-02,2.435381e+00
1521,1.079361e-18,-1.929649e-04,2.265275e-05,5.393834e-04,4.693703e-02,-2.186850e-02,1.741496e+00
1522,3.922726e-18,-1.874983e-04,1.328798e-05,5.467866e-04,-2.145086e-02,3.581073e-02,2.385188e-01
1523,2.134058e-18,-1.929686e-04,2.266016e-05,5.360262e-04,6.815940e-02,-6.768110e-02,3.368878e-01
1524,1.689040e-18,2.297842e-04,1.145152e-05,4.728773e-04,1.758457e-02,-3.055145e+00,-8.799198e-01
1525,9.344193e-19,2.285143e-04,-8.765285e-06,4.729069e-04,-1.339998e+00,9.853627e-01,-1.013546e+01
1526,1.556870e-16,1.610557e-04,4.328317e-06,4.924658e-04,-1.333012e-01,-4.890758e-01,4.993491e+00
1527,1.645840e-18,1.609349e-04,1.781821e-05,4.815623e-04,-2.110713e-01,-6.840663e-01,1.986219e+00
1528,9.978034e-19,1.656282e-04,1.483231e-05,4.833744e-04,-2.228744e-01,-5.335139e-01,2.106616e+00
1529,2.875135e-17,1.609136e-04,2.114888e-05,4.886731e-04,2.245063e-01,1.294801e+00,6.561855e+00
1530,8.826789e-19,1.509370e-04,1.499102e-05,4.997610e-04,-1.689379e+00,-1.072419e+00,9.801140e+00
1531,8.363904e-18,1.513061e-04,1.346256e-05,4.960807e-04,3.003527e+00,-6.051116e-01,1.122167e+01
1532,1.979653e-17,1.653325e-04,1.562288e-05,4.911742e-04,-1.200415e+00,-2.828065e-01,5.555620e+00
1533,3.428507e-18,1.625050e-04,1.172650e-05,4.814203e-04,-6.964840e-02,-5.736823e-01,2.228396e+00
1534,6.983630e-18,1.570471e-04,1.014313e-05,4.983568e-04,-8.081663e-02,4.117890e-02,4.421209e+00
1535,1.819176e-18,1.571577e-04,1.016101e-05,4.886190e-04,4.669284e-01,4.779313e-01,2.311795e+00
1536,1.600078e-17,1.679004e-04,2.010343e-05,4.803642e-04,-1.050028e+00,-9.897279e-02,2.022363e+00
1537,2.697676e-18,1.531299e-04,3.873057e-06,4.807162e-04,-2.982323e-01,6.013524e-02,1.671612e+00
1538,1.354936e-18,1.718766e-04,1.406256e-05,4.865058e-04,5.999312e-02,-1.422448e-01,-1.065786e+00
1539,1.904489e-18,1.554070e-04,6.968916e-06,4.895130e-04,-5.666306e-01,1.187482e+00,5.730773e-02
1540,6.553782e-19,1.585934e-04,2.460935e-05,4.919996e-04,3.677322e-02,3.397793e-01,-3.007819e+00
1541,1.053473e-17,1.540681e-04,2.427930e-05,4.836225e-04,-4.420495e-02,1.170417e-02,-1.204227e+00
1542,9.152372e-18,1.907125e-04,-1.514954e-06,4.945818e-04,6.449175e-01,1.301153e-01,1.431378e+01
1543,4.746735e-17,1.942271e-04,-3.547919e-06,4.961650e-04,3.070796e+00,3.581334e-01,7.898462e+00
1544,1.185390e-17,1.897486e-04,-1.450349e-05,4.903003e-04,1.316411e-01,-3.265412e-01,4.488505e+00
1545,2.233545e-17,1.775668e-04,-6.351874e-06,4.893168e-04,-4.161897e-02,2.616531e-02,1.102331e+01
1546,4.099200e-18,1.887477e-04,-3.879266e-06,4.877949e-04,1.792521e-01,-1.734141e-01,5.537787e+00
1547,1.149066e-17,1.939446e-04,-6.237744e-06,5.005651e-04,-9.271797e-01,2.919746e-01,6.019066e+00
1548,1.277124e-18,1.773380e-04,-6.217730e-06,4.849384e-04,7.297856e-02,-9.650755e-01,1.147936e+01
1549,2.135499e-18,1.984396e-04,-6.237859e-06,4.868611e-04,4.484512e-01,1.622815e-01,1.269470e+00
1550,2.748375e-18,1.929897e-04,-1.565419e-06,4.907409e-04,-1.450191e+00,-1.009820e-01,1.067467e+01
1551,2.047735e-18,1.859861e-04,4.862228e-08,4.805469e-04,6.176701e-02,8.207230e-02,-1.444061e+00
1552,8.046910e-19,1.777355e-04,-5.860830e-06,4.818652e-04,-7.022415e-02,-2.002456e+00,7.607963e+00
1553,1.194132e-17,1.976494e-04,-2.428468e-05,4.820367e-04,-8.310438e-02,4.474251e-02,-1.307532e+00
1554,5.103476e-18,1.961515e-04,-2.436640e-05,4.989241e-04,-4.186323e-02,-4.448110e-02,-1.969177e+00
1555,3.105294e-16,1.931009e-04,5.735885e-06,4.970082e-04,5.034762e-01,-5.987471e-01,8.474624e+00
1556,2.038000e-17,1.782009e-04,1.817088e-05,4.914786e-04,-2.379309e-01,1.288230e+00,2.470728e+00
1557,5.955095e-18,1.891099e-04,8.530944e-06,4.873700e-04,-5.546613e-01,-3.337417e-01,8.513804e+00
1558,6.172186e-18,1.929683e-04,1.641038e-05,4.853312e-04,-1.224169e-01,-2.038399e-01,4.805034e+00
1559,3.281332e-18,1.953160e-04,2.329856e-06,4.923314e-04,-7.450484e-01,3.024426e-01,1.493204e+01
1560,3.170321e-18,1.999947e-04,2.329450e-06,4.994199e-04,-3.836259e-01,2.839676e-01,8.909531e+00
1561,1.216678e-18,1.773314e-04,1.408548e-05,4.903962e-04,-7.404548e-02,9.468850e-02,2.214732e+00
1562,1.945524e-18,1.898092e-04,4.952917e-06,4.910537e-04,-3.385156e-01,-8.291569e-01,1.045057e+01
1563,4.890780e-17,2.027593e-04,5.079932e-06,4.854677e-04,-1.630523e-01,-7.255641e-01,1.906687e+00
1564,1.249123e-18,1.812591e-04,5.471065e-06,4.935294e-04,1.391283e-01,-7.901828e-02,1.793418e-01
1565,2.812815e-18,1.897350e-04,8.658429e-06,4.932017e-04,-2.941420e-01,1.729240e+00,1.268702e+01
1566,9.233800e-18,1.814643e-04,1.046712e-05,4.803600e-04,2.880831e-01,-1.211750e+00,-4.377660e-01
1567,4.390375e-18,1.898476e-04,6.256896e-06,4.844154e-04,-5.362844e-01,-3.003877e-01,5.513099e+00
1568,1.278005e-18,1.964846e-04,7.893806e-06,4.938853e-04,-1.770780e-01,-2.327586e-01,1.385079e+01
1569,4.676017e-18,1.953151e-04,2.344175e-06,4.817239e-04,4.549199e-02,3.922714e-02,3.914107e+00
1570,2.902241e-18,1.976749e-04,1.563100e-05,4.790285e-04,-1.028605e+00,-2.382628e-01,1.728118e+00
1571,1.271388e-18,1.961457e-04,7.807221e-06,4.911868e-04,-1.683144e+00,-8.723897e-02,1.070143e+01
1572,7.317264e-18,1.820326e-04,2.430064e-05,4.850408e-04,-4.451933e-02,4.311706e-02,-1.411519e+00
1573,1.516365e-17,2.008870e-04,2.426647e-05,4.879777e-04,-1.284804e-02,-2.787696e-02,-1.274822e+00
1574,1.284175e-17,1.941034e-04,7.795316e-06,5.058229e-04,-5.606716e+00,1.083821e+00,1.706830e+01
1575,3.294799e-17,1.829461e-04,3.519512e-06,5.160723e-04,-4.417093e-01,8.390129e-03,8.337065e+00
1576,7.658825e-18,1.961164e-04,1.465581e-06,5.171690e-04,2.436864e-01,1.013390e+00,2.157899e+01
1577,1.287767e-17,1.795455e-04,1.109464e-05,5.147856e-04,-9.141939e-01,-7.685065e-01,8.547399e+00
1578,1.990519e-18,1.922048e-04,8.933528e-07,5.095707e-04,-5.901137e-01,-1.967525e-01,8.604376e+00
1579,2.086862e-17,1.888219e-04,1.362719e-05,5.055049e-04,-2.081439e+00,-8.137706e-01,3.902017e+00
1580,2.851689e-18,1.765618e-04,1.093258e-05,5.054667e-04,8.241860e-01,1.306315e-01,3.955488e+00
1581,5.042411e-18,1.828133e-04,5.466101e-06,5.083320e-04,1.592638e-03,3.029908e-01,7.664766e+00
1582,5.356095e-19,1.960734e-04,1.952683e-06,5.120677e-04,-9.660905e-01,-3.954784e-01,1.633711e+01
1583,4.300669e-17,2.139262e-04,1.765178e-05,4.924478e-04,-1.502334e-01,6.229197e-02,8.511515e+00
1584,8.281359e-17,2.188112e-04,8.710349e-06,4.904185e-04,-6.637365e-01,-5.185422e-01,4.671870e+00
1585,3.537192e-18,2.126738e-04,1.016929e-05,4.924746e-04,-1.083708e+00,-1.816039e-01,8.075441e+00
1586,1.229366e-17,2.084994e-04,2.128855e-05,4.844059e-04,-3.202803e-01,-3.798350e-01,3.537471e+00
1587,2.090150e-18,2.124835e-04,1.015725e-05,4.837610e-04,-5.668843e-02,9.605693e-01,2.211033e+00
1588,3.245740e-19,2.128884e-04,1.679851e-05,4.888567e-04,7.404001e-01,4.747576e-01,9.482297e+00
1589,7.686952e-18,2.128761e-04,1.710414e-05,4.855061e-04,-5.380169e-01,7.274906e-01,7.019802e+00
1590,1.689290e-18,2.123768e-04,1.640183e-05,4.816852e-04,8.756591e-02,7.641673e-01,6.397147e+00
1591,2.617832e-18,2.062507e-04,2.460983e-05,4.833384e-04,-5.459360e-02,2.612072e-03,-2.170915e+00
1592,1.989246e-18,1.921734e-04,-1.723799e-06,5.153411e-04,-4.060690e-01,1.802564e-02,1.215429e+01
1593,2.409954e-17,1.936169e-04,-7.179699e-06,5.227433e-04,1.482247e-01,-4.099303e+00,1.585825e+01
1594,6.805640e-17,1.922244e-04,-1.333431e-05,5.217306e-04,9.330128e-01,8.402582e-01,7.914101e+00
1595,1.190743e-17,1.945409e-04,-6.246664e-06,5.142043e-04,-1.545478e-01,-1.515480e-01,1.000345e+01
1596,2.030639e-17,1.842652e-04,-8.391664e-06,5.080061e-04,5.362932e-01,-1.457871e+00,4.022845e+00
1597,2.853356e-18,1.976856e-04,-1.486503e-05,5.216823e-04,9.217808e-01,-1.122422e+00,3.825360e+00
1598,4.475878e-18,1.914016e-04,-1.171568e-05,5.052189e-04,-5.718238e-02,6.378486e-02,2.167855e+00
1599,1.971451e-16,-4.216574e-06,-1.800537e-04,5.253768e-04,7.555494e-01,5.256071e-01,6.881032e+00
1600,1.223964e-17,-2.042834e-05,-1.900800e-04,5.249567e-04,2.077049e-01,1.378729e-01,3.509603e+00
1601,7.278417e-17,-6.606322e-06,-2.251488e-04,5.347620e-04,4.171788e-01,1.314171e+00,1.121166e+01
1602,3.273757e-17,-1.466907e-05,-2.194419e-04,5.402744e-04,4.342564e-01,2.152732e-01,1.019609e+01
1603,6.148183e-17,-7.557685e-06,-2.042177e-04,5.268265e-04,-7.383319e-01,2.456432e-01,4.915205e+00
1604,2.973700e-19,-5.078612e-06,-2.042936e-04,5.474660e-04,-3.214762e+00,-4.436339e+00,1.039176e+01
1605,3.755346e-18,-5.510399e-06,-2.078101e-04,5.491684e-04,7.292945e-01,1.185391e-01,9.357431e+00
1606,1.080912e-17,-1.817171e-05,-2.246045e-04,5.387482e-04,1.346427e-01,1.015630e+00,1.953805e+00
1607,4.887161e-18,-9.376011e-06,-2.210976e-04,5.312040e-04,-5.651619e-02,1.572971e-01,3.289647e+00
1608,1.105865e-18,-1.953868e-05,-2.148530e-04,5.409054e-04,-3.238477e-02,8.393584e-02,-5.466482e-01
1609,1.013829e-18,-1.953605e-05,-2.148438e-04,5.446191e-04,1.337032e-01,1.372190e-02,6.301347e-01
1610,1.683362e-16,-7.143266e-06,-1.738916e-04,5.460083e-04,-3.520427e-01,5.581795e-01,5.523488e+00
1611,8.810104e-18,-1.249878e-05,-1.817234e-04,5.306537e-04,-1.222211e-01,-9.278754e-02,4.534992e+00
1612,4.791233e-18,-1.015621e-05,-1.820281e-04,5.489420e-04,4.881948e-02,1.584793e-01,5.904247e+00
1613,5.079654e-18,-2.187538e-05,-1.921851e-04,5.371383e-04,-9.605939e-02,-4.351976e-02,2.526707e+00
1614,1.127878e-16,-1.983755e-05,-1.700127e-04,5.473076e-04,-7.325646e-01,-1.342808e-01,1.294016e+01
1615,1.096588e-17,-1.641404e-05,-1.489616e-04,5.375438e-04,-7.543753e-02,9.303686e-01,1.911496e+01
1616,3.635433e-18,-1.641634e-05,-1.507796e-04,5.449960e-04,-4.695107e-01,-4.531207e-01,1.032638e+01
1617,8.247677e-17,-1.628142e-05,-1.506085e-04,5.458443e-04,-2.203834e+00,-1.875788e+00,1.060453e+01
1618,2.381386e-17,-1.397162e-05,-1.576431e-04,5.347802e-04,-4.179977e-01,3.090809e+00,1.704206e+01
1619,2.873485e-18,-1.641074e-05,-1.499923e-04,5.300965e-04,-3.610402e-01,1.070633e-02,1.575842e+01
1620,3.958029e-18,-1.328416e-05,-1.640746e-04,5.430804e-04,-3.842784e-01,-3.180048e+00,1.599015e+01
1621,4.289873e-18,-1.485493e-05,-1.710935e-04,5.393635e-04,3.443577e-02,-1.168527e-01,1.000399e+01
1622,8.617398e-19,-1.154269e-05,-1.712160e-04,5.393492e-04,2.895471e-01,9.893806e-02,4.853289e+00
1623,1.849539e-16,-1.106220e-05,-1.550476e-04,5.132207e-04,-9.620447e-01,-2.467157e-01,9.696065e+00
1624,6.709654e-17,-3.963192e-06,-1.812021e-04,5.002917e-04,9.380422e-01,5.772469e-01,1.330807e+01
1625,3.884193e-17,-8.601282e-06,-1.768226e-04,4.995863e-04,1.526033e+00,2.721115e+00,1.789294e+01
1626,1.019447e-17,-5.435073e-06,-1.909496e-04,5.037209e-04,7.080127e-01,2.032681e+00,1.062627e+01
1627,1.207411e-18,-1.558814e-06,-1.960809e-04,5.013135e-04,8.119707e-02,-3.509748e-02,2.190582e+00
1628,2.395731e-17,-2.363625e-05,-1.830480e-04,5.157806e-04,-7.892539e+00,1.867860e-01,3.575465e+00
1629,6.375570e-18,-1.139540e-05,-1.781486e-04,5.138266e-04,8.094537e-01,-2.303098e-01,1.612909e+00
1630,3.467942e-18,-3.125391e-06,-1.843707e-04,5.147814e-04,1.280420e-02,-5.974988e-01,8.521567e+00
1631,3.747690e-17,-1.100431e-05,-1.880044e-04,5.181469e-04,-2.176061e-01,4.672059e-01,4.650446e+00
1632,3.355025e-18,-9.383491e-06,-1.812517e-04,5.102220e-04,-3.478174e-01,5.031137e-02,6.063981e+00
1633,3.475621e-18,-1.093957e-05,-1.914032e-04,5.102140e-04,-6.896849e-01,-1.728220e-01,2.786789e+00
1634,3.872222e-18,-9.324152e-06,-1.953090e-04,5.100271e-04,-4.007995e-01,-1.881084e-01,1.692875e+00
1635,4.310212e-17,-1.144767e-05,-1.621275e-04,5.024458e-04,7.892499e-01,-4.315398e-01,5.230638e+00
1636,4.442821e-17,-1.174636e-05,-1.706657e-04,5.133716e-04,-3.657002e-01,-3.020284e+00,1.490671e+01
1637,1.314503e-18,-1.640474e-05,-1.492167e-04,5.166926e-04,-5.613507e-01,-1.636767e-01,8.827749e+00
1638,3.052922e-19,-1.054614e-05,-1.652342e-04,5.044154e-04,8.736996e-01,2.359027e-01,1.088746e+01
1639,1.633554e-18,-1.248466e-05,-1.664084e-04,5.205753e-04,-2.592968e-01,5.388909e-02,1.078585e+01
1640,3.446462e-18,-1.489420e-05,-1.710132e-04,5.028752e-04,3.338682e-01,2.333540e+00,3.484615e+00
1641,1.397809e-17,-1.207366e-05,-1.720999e-04,5.047976e-04,-3.996348e-02,-6.172255e+00,1.162967e+01
1642,7.647058e-18,-1.921646e-06,-1.710933e-04,5.197957e-04,1.653233e+00,-2.361975e-03,5.861524e+00
1643,4.623875e-18,-1.246826e-05,-1.507587e-04,5.068656e-04,-3.017602e-01,-6.341203e-03,9.212281e+00
1644,4.752905e-18,-1.560860e-06,-1.718751e-04,5.065911e-04,-1.360912e-02,-1.182844e-02,2.702882e+00
1645,6.891988e-18,-1.406170e-05,-2.240655e-04,5.005905e-04,-2.241349e-01,1.221765e+00,1.016603e-01
1646,9.354144e-17,-3.827540e-06,-2.102869e-04,4.998329e-04,-9.865104e-01,-1.190788e+00,1.063920e+01
1647,4.137570e-17,-6.506747e-06,-2.179623e-04,5.029484e-04,1.318070e+00,-2.748560e+00,1.393406e+01
1648,5.734930e-17,-4.015699e-06,-2.203920e-04,5.087061e-04,1.269118e+00,-1.486346e+00,1.039480e+01
1649,7.021148e-18,-1.014524e-05,-2.020268e-04,5.027131e-04,-8.145657e-01,1.737996e+00,3.455707e+00
1650,3.552294e-18,-3.851251e-06,-2.039039e-04,5.076816e-04,-2.144669e-01,-9.268450e-02,2.600562e+00
1651,2.955282e-18,-1.484738e-05,-2.195318e-04,5.156046e-04,-2.060886e-01,-3.748031e-02,2.462455e+00
1652,3.406765e-18,-7.816962e-06,-2.156173e-04,5.102219e-04,-3.973595e-01,1.085324e-01,3.447028e+00
1653,3.193977e-19,-1.871082e-04,1.445633e-05,4.724343e-04,4.507769e-02,2.093947e+00,-1.938129e+00
1654,2.684426e-19,-1.902385e-04,1.211201e-05,4.732219e-04,-1.057648e+00,-1.536748e+00,-3.529549e+00
1655,2.407394e-19,-1.894526e-04,1.132671e-05,4.732281e-04,-2.313499e-01,7.111600e-01,-3.436091e+00
1656,1.124439e-18,-1.570417e-04,-1.874663e-05,4.771424e-04,2.302149e-01,-2.077813e-01,-1.469291e+00
1657,1.148620e-18,-1.671922e-04,-7.068171e-06,4.771384e-04,-2.555492e-01,4.895681e-01,1.641649e+00
1658,4.245754e-18,-1.648437e-04,-1.423248e-05,4.765815e-04,-7.466077e-01,1.396363e-01,5.063499e-01
1659,2.578397e-19,-1.636723e-04,-1.367462e-05,4.732266e-04,1.771246e-01,2.152655e+00,-5.314725e+00
1660,2.686876e-19,1.523262e-05,2.285150e-04,4.755584e-04,-1.339644e+00,3.259858e-01,-8.551064e-01
1661,1.882090e-17,1.815305e-06,2.399795e-04,4.774435e-04,6.870972e-01,3.239508e-01,7.093288e-01
1662,1.348448e-17,-1.508001e-05,2.328791e-04,4.758244e-04,2.099937e-01,-1.658832e+00,1.019590e+00
1663,1.286278e-17,-1.192284e-05,2.450509e-04,4.768863e-04,-4.651222e-01,-8.605658e-01,2.523760e+00
1664,5.338380e-19,-5.858737e-06,2.300786e-04,4.775514e-04,6.836837e-01,-2.879850e+00,2.708206e+00
1665,2.437730e-19,-5.858724e-06,2.300778e-04,4.732423e-04,-1.184971e+00,1.567792e-01,-3.083846e+00
1666,3.078239e-19,-1.445271e-05,2.324208e-04,4.701060e-04,-1.400208e-02,-1.980340e-01,-8.782208e+00
1667,2.681856e-19,-1.366593e-05,2.285157e-04,4.755572e-04,-1.853298e-01,-1.004074e+00,2.907033e+00
1668,6.610641e-17,4.573288e-06,2.295628e-04,4.899793e-04,-1.744668e+00,-4.712612e-01,5.436248e+00
1669,1.588311e-17,2.095867e-05,2.232147e-04,4.798381e-04,1.650814e+00,7.434175e-01,2.252797e+00
1670,1.631242e-18,8.532325e-06,2.356615e-04,4.938356e-04,-6.041054e+00,1.151339e+00,7.712439e+00
1671,2.090540e-17,1.604197e-05,2.454031e-04,4.976695e-04,-5.047140e-01,-1.989210e-01,5.857255e+00
1672,4.434976e-17,5.880071e-06,2.362209e-04,4.911939e-04,-3.065255e-01,-8.578692e-01,3.975148e+00
1673,2.905372e-17,1.768852e-05,2.294840e-04,4.827629e-04,-1.179329e-02,1.995574e-01,5.683259e+00
1674,1.607367e-18,9.122203e-06,2.313109e-04,4.846334e-04,-8.027979e-01,-1.977456e+00,4.906746e+00
1675,4.733855e-18,1.251174e-05,2.265686e-04,4.981551e-04,-2.153111e-01,4.706722e-03,3.164330e-01
1676,3.114807e-18,1.549335e-06,2.328064e-04,4.845879e-04,5.740131e-01,-6.523163e-01,3.488695e+00
1677,2.461664e-18,5.543606e-06,2.383398e-04,4.815277e-04,2.154573e-01,-1.087880e-01,1.695467e+00
1678,6.237107e-19,1.089035e-05,2.332045e-04,4.857306e-04,-1.068082e+00,-6.196459e-01,4.582780e+00
1679,2.728927e-19,1.054755e-05,2.332052e-04,4.833810e-04,-1.025275e+00,-5.082757e-01,1.482515e+00
1680,4.642920e-18,1.017487e-05,2.359338e-04,4.897111e-04,4.185731e-01,-1.271148e-01,9.496527e+00
1681,2.451899e-18,5.413775e-06,2.272580e-04,4.799858e-04,6.630508e-01,1.002823e+00,1.235802e+00
1682,1.277079e-17,1.569051e-05,2.409174e-04,4.796987e-04,-4.731133e-01,2.632188e-01,1.022117e+00
1683,3.735423e-19,8.984482e-06,2.324220e-04,4.810448e-04,1.110734e+00,1.016734e+00,2.053056e+00
1684,1.547196e-18,1.649411e-05,2.287835e-04,4.780528e-04,6.299133e-01,2.584084e-01,3.803637e+00
1685,3.159927e-18,1.091411e-05,2.319490e-04,4.886294e-04,-6.791388e-01,-8.144833e-01,8.438457e+00
1686,5.385049e-19,1.054737e-05,2.324231e-04,4.821771e-04,-4.720945e-02,-1.299227e+00,-2.267004e+00
1687,1.310968e-18,4.023396e-05,-3.883892e-06,4.744268e-04,2.438858e+00,9.011235e-01,2.761433e+00
1688,6.821520e-17,4.232134e-05,-1.535288e-05,4.811690e-04,-7.000937e-01,-4.382300e-01,6.738685e+00
1689,9.816947e-19,2.954866e-05,-1.601743e-05,4.690568e-04,4.876219e-01,1.680486e+00,-1.508702e+00
1690,7.616250e-18,4.764065e-05,-1.720820e-05,4.756104e-04,2.265591e-01,-5.396476e-03,1.898834e+00
1691,2.459544e-19,4.570404e-05,-1.523617e-05,4.732356e-04,-2.564174e-01,-1.476263e+00,7.337692e-01
1692,1.452299e-17,8.073154e-06,-6.828926e-06,4.725795e-04,2.862172e-01,2.220432e-01,7.384940e-01
1693,3.233285e-19,8.203620e-06,-1.757864e-05,4.638624e-04,1.266678e-01,1.123822e+00,-1.419113e+01
1694,3.518461e-18,1.560240e-06,-1.639215e-05,4.751784e-04,-1.487924e-01,9.581988e-01,-1.371646e+00
1695,2.538524e-19,7.421613e-06,-8.203030e-06,4.693378e-04,1.503448e+00,-7.615487e-01,-1.877984e+00
1696,1.653285e-18,2.877696e-05,-1.406979e-05,4.875089e-04,-9.243135e-02,1.766342e-01,5.459551e+00
1697,2.699290e-17,3.794473e-05,-7.409608e-06,4.946879e-04,3.053927e-01,1.809543e+00,3.488495e+00
1698,4.429069e-17,4.586874e-05,-2.394930e-05,4.807773e-04,-4.540263e-02,1.043735e-02,-7.039038e-01
1699,3.217371e-18,4.687067e-05,-7.807921e-06,4.916096e-04,1.470737e-02,-3.526537e-01,8.677715e+00
1700,9.873893e-18,4.688606e-05,-1.235050e-05,4.973996e-04,1.509190e-01,-5.901183e-01,8.304534e+00
1701,1.123099e-18,4.767651e-05,-1.797686e-05,4.903934e-04,7.079027e-01,-2.217974e-01,7.655732e+00
1702,1.052496e-17,3.271677e-05,-1.945894e-05,4.813864e-04,-1.486838e+00,-5.507151e-02,9.337154e-01
1703,5.041092e-18,4.687175e-05,-1.942263e-06,4.789129e-04,1.787735e-01,2.789226e+00,1.481105e+00
1704,7.759609e-19,4.753037e-05,-1.811557e-05,4.841634e-04,7.039074e-01,1.346842e-01,3.314221e+00
1705,5.085116e-18,4.765604e-05,-1.815033e-05,5.020986e-04,1.144313e-02,3.914437e-01,1.454969e+01
1706,1.524748e-17,4.375053e-05,-2.421847e-05,4.908236e-04,-1.121193e-03,4.690841e-02,-8.825394e-01
1707,2.547419e-18,4.296487e-05,-3.905819e-06,5.009298e-04,1.887726e-01,2.193853e-01,2.062548e+00
1708,3.697170e-17,4.372470e-05,-2.371614e-05,4.905522e-04,-2.222431e-02,-1.881837e-02,-6.603599e-01
1709,5.281348e-18,2.442272e-05,-2.242239e-04,4.833947e-04,3.458133e-02,6.271790e-03,-1.925078e+00
1710,1.794991e-17,-9.924688e-06,-2.336707e-04,4.914704e-04,3.297833e+00,9.018880e-01,7.213141e+00
1711,2.823516e-17,-1.021644e-05,-2.400173e-04,4.955265e-04,2.405095e+00,2.644495e-01,1.088928e+01
1712,2.191067e-17,-6.503816e-06,-2.314520e-04,4.931868e-04,-6.587775e-01,5.908005e-01,5.485250e+00
1713,2.940283e-18,-1.484573e-05,-2.390734e-04,4.798678e-04,-8.787996e-02,-1.578240e-01,2.677384e+00
1714,3.472783e-18,-3.126834e-06,-2.343660e-04,4.892539e-04,1.957652e-01,3.384277e-01,4.774871e+00
1715,1.431998e-18,-1.486889e-05,-2.335756e-04,4.849542e-04,-5.104863e-01,-5.290103e-04,3.910697e+00
1716,8.175956e-18,-1.993975e-06,-2.393995e-04,4.854421e-04,2.093412e+00,2.650151e-01,4.910748e+00
1717,2.355511e-17,-7.770990e-06,-2.274184e-04,4.909734e-04,9.941812e-01,-2.915521e-01,4.707951e+00
1718,4.802401e-18,-1.640129e-05,-2.433253e-04,5.001731e-04,-8.861344e-02,-8.107166e-01,-1.798483e+00
1719,1.318249e-18,-1.563736e-06,-2.390638e-04,4.982048e-04,-3.470503e-02,-1.155558e-01,1.324143e+01
1720,4.963586e-18,-3.122783e-06,-2.359354e-04,5.028134e-04,-1.242190e-01,-1.211779e-01,1.049576e+01
1721,1.567784e-18,-1.558437e-06,-2.390651e-04,5.013225e-04,2.471059e-01,1.744311e-01,1.649666e+01
1722,1.093855e-18,-1.556453e-06,-2.390656e-04,4.950888e-04,-1.851974e-01,5.313029e-02,1.098377e+01
1723,1.697996e-18,-2.296376e-06,-2.496093e-04,4.913281e-04,1.523168e-01,3.387300e-02,2.513056e+00
1724,1.182732e-17,-8.006268e-06,-2.457097e-04,4.975144e-04,1.778022e+00,-1.816704e+00,2.327340e+00
1725,1.823662e-18,-1.558152e-06,-2.368843e-04,4.797120e-04,2.007996e-01,1.926324e+00,-1.137550e+00
1726,1.515052e-18,-1.484438e-05,-2.398308e-04,4.857354e-04,5.516861e-03,5.862485e-01,4.933212e+00
1727,2.205229e-17,-2.408956e-05,-2.374132e-04,4.868071e-04,9.856743e-02,-3.338010e-01,-3.747922e-01
1728,3.052454e-18,-1.536341e-06,-2.390308e-04,4.903056e-04,3.087903e-02,5.211042e-02,8.198137e+00
1729,8.083335e-18,-2.432899e-05,-2.455860e-04,4.984684e-04,-1.311521e-02,-3.818444e-02,-1.484833e+00
1730,7.236115e-18,-2.435322e-05,-2.304998e-04,4.895059e-04,2.974030e-02,-3.496252e-02,-1.590538e+00
1731,2.584351e-18,7.039838e-06,-1.992166e-04,4.922683e-04,6.284089e-02,-1.493898e-01,3.235158e+00
1732,4.351188e-17,1.012884e-05,-2.051764e-04,4.963079e-04,6.673946e-01,9.510970e-01,7.631340e+00
1733,1.276620e-18,-3.141616e-06,-2.152341e-04,4.829758e-04,2.838859e+00,7.739320e-01,6.479669e+00
1734,3.181687e-17,-1.268756e-05,-2.179990e-04,4.975881e-04,3.936643e-01,3.330056e-01,3.354160e+00
1735,3.541728e-17,-6.346478e-06,-2.105271e-04,4.903784e-04,3.341209e+00,-4.661424e-01,1.183480e+01
1736,3.469368e-18,-2.260975e-06,-2.070244e-04,4.824548e-04,1.365110e+00,-6.360694e-02,4.674024e+00
1737,1.529639e-17,-2.421780e-05,-2.046865e-04,4.908243e-04,2.328886e-02,5.923648e-02,-8.090681e-01
1738,1.619434e-17,-4.027346e-06,-2.122624e-04,4.802734e-04,6.649013e-01,-6.112651e-01,3.018869e+00
1739,1.495694e-17,-3.112467e-06,-2.077548e-04,4.917492e-04,1.117725e-01,1.460365e-01,1.061575e+01
1740,3.080921e-18,-7.043667e-06,-2.164037e-04,4.962184e-04,1.126777e+00,-2.235039e-01,8.887468e+00
1741,5.655162e-17,-2.364107e-05,-2.045087e-04,4.908012e-04,5.310628e-03,7.444899e-02,-6.675417e-01
1742,9.020284e-18,6.796998e-07,-2.199031e-04,4.914567e-04,2.566116e+00,-9.832818e-01,6.557805e+00
1743,9.000253e-19,-6.911177e-06,-1.993827e-04,4.903987e-04,-2.848243e-01,1.229775e+00,3.761308e+00
1744,9.726269e-18,-6.979055e-06,-2.191781e-04,4.929041e-04,6.798617e-01,-3.361446e+00,1.236844e+01
1745,2.907976e-18,-5.796525e-06,-2.103593e-04,4.842870e-04,2.966070e+00,2.036688e+00,9.723076e+00
1746,3.214584e-18,-1.329043e-05,-2.039247e-04,4.923461e-04,-2.905048e-01,-1.430864e+00,-2.088123e+00
1747,4.000805e-18,-8.513053e-06,-2.202829e-04,4.962740e-04,-8.188766e-01,6.898887e-01,2.166678e+00
1748,1.325897e-17,-2.425201e-05,-2.195711e-04,4.962695e-04,5.671375e-02,-3.664808e-02,-1.203008e+00
1749,3.368078e-17,1.345535e-05,-2.188392e-04,4.873876e-04,-4.810328e-01,-8.088161e-01,1.200176e+01
1750,4.635055e-17,4.008199e-06,-2.107645e-04,4.865366e-04,8.921350e-01,1.519511e+00,4.909614e+00
1751,5.812318e-17,3.401791e-06,-2.119526e-04,4.942868e-04,1.657142e+00,1.313137e+00,5.620466e+00
1752,1.643452e-17,2.250146e-05,-2.049037e-04,4.949808e-04,1.496309e+00,-1.058223e+00,1.006459e+01
1753,1.930121e-17,1.010483e-05,-2.201787e-04,4.827806e-04,1.663206e+00,3.261831e-02,6.282302e+00
1754,3.223185e-18,2.029916e-05,-2.015571e-04,4.798417e-04,4.137163e-01,-6.467612e-01,2.867117e+00
1755,2.974817e-18,9.379576e-06,-2.085845e-04,4.876109e-04,1.623527e-01,4.315409e-01,2.489319e+00
1756,3.685433e-18,7.854515e-06,-2.203630e-04,4.766528e-04,6.683687e-02,5.885927e-01,3.540929e+00
1757,2.283429e-17,8.213275e-06,-2.028201e-04,4.844779e-04,-8.100835e-01,-1.445679e+00,2.801910e+00
1758,1.741575e-18,2.024781e-05,-2.022872e-04,4.887129e-04,2.457002e-01,3.065774e-02,6.594921e+00
1759,1.643573e-18,7.691355e-06,-2.210992e-04,4.886113e-04,-2.037350e-01,-2.229295e-01,4.372110e+00
1760,1.280629e-18,1.016657e-05,-2.070492e-04,5.005376e-04,7.746630e-01,-1.740528e-01,3.436781e+00
1761,5.610835e-18,1.573480e-05,-2.000026e-04,4.879761e-04,3.779693e-02,-1.325015e-01,3.672409e+00
1762,4.412894e-17,2.396181e-05,-2.159160e-04,4.951742e-04,-1.500434e-02,2.618417e-02,-7.943859e-01
1763,4.366335e-19,2.226303e-05,-2.042976e-04,4.919812e-04,3.616771e+00,3.057075e+00,8.662418e+00
1764,1.926277e-18,1.327192e-05,-2.178256e-04,4.786863e-04,-3.536582e-01,9.235705e-01,5.918559e+00
1765,4.378597e-18,1.018027e-05,-2.039089e-04,4.896114e-04,-1.847329e-01,3.325781e-01,5.948063e+00
1766,5.239643e-19,1.054783e-05,-2.039251e-04,4.825879e-04,-8.417529e-01,3.253524e-01,5.910012e+00
1767,2.420867e-18,1.032303e-05,-2.040780e-04,4.776720e-04,3.270193e-01,-2.870734e-01,2.586351e+00
1768,1.258566e-18,1.640106e-05,-2.093724e-04,4.927559e-04,-2.614073e-02,1.238746e-01,-2.604203e+00
1769,2.155598e-18,2.460966e-05,-2.164072e-04,4.825739e-04,-1.067478e-01,-2.305071e-01,-3.116436e+00
1770,7.390979e-18,2.433286e-05,-2.211304e-04,4.785720e-04,5.113586e-02,-6.581861e-03,-1.195723e+00
1771,1.147475e-17,1.224089e-05,-1.893233e-04,4.853366e-04,-8.018544e-02,-5.068310e-01,3.012739e+00
1772,3.859482e-17,-3.115251e-07,-1.765868e-04,4.950153e-04,4.911947e-01,2.374332e-01,1.557820e+01
1773,6.140300e-17,1.242267e-05,-1.890959e-04,4.857057e-04,-3.552401e-01,-3.965399e-01,2.839660e+00
1774,4.652050e-18,5.472191e-06,-1.812488e-04,4.980898e-04,5.410958e-02,-3.677097e-01,5.410437e+00
1775,3.572047e-18,2.031722e-05,-1.984342e-04,4.970491e-04,-2.602424e-01,-2.650557e-01,7.307272e+00
1776,4.643311e-18,1.093481e-05,-1.843710e-04,4.965489e-04,-1.109552e-01,5.869212e-02,6.846218e-01
1777,3.265800e-18,2.031480e-05,-1.976568e-04,4.860725e-04,-7.259318e-02,4.119017e-01,2.944798e+00
1778,3.298201e-18,2.031872e-05,-1.976658e-04,4.798788e-04,2.344725e-02,-1.074992e-01,3.143567e+00
1779,2.882513e-17,1.748975e-05,-1.798202e-04,4.833338e-04,-1.802395e-01,1.140666e+00,-8.353722e-01
1780,3.484075e-17,1.279311e-05,-1.741247e-04,4.945937e-04,-2.512664e-01,-5.515033e-01,2.839717e+00
1781,2.849309e-18,2.031253e-05,-1.976303e-04,4.938370e-04,2.083590e-01,1.171880e+00,7.084546e+00
1782,1.697105e-17,1.091831e-05,-1.909091e-04,4.773441e-04,-2.271365e-01,-8.376153e-02,2.353309e+00
1783,3.179239e-18,6.252589e-06,-1.960923e-04,4.805956e-04,2.116094e-01,2.671648e-01,1.180712e+00
1784,3.153909e-18,7.010787e-06,-1.914244e-04,4.869190e-04,-5.942152e-01,-5.745994e-01,1.308389e+00
1785,1.174418e-18,7.075573e-06,-1.757717e-04,4.794788e-04,-1.934430e-01,-3.098598e-01,-6.614544e-01
1786,2.328741e-17,2.409646e-05,-1.808024e-04,4.972228e-04,-2.285799e-02,1.161898e-02,-9.597788e-01
1787,9.879151e-18,2.430024e-05,-1.867145e-04,4.834780e-04,-3.934535e-02,3.739723e-02,-1.448289e+00
1788,2.689724e-18,-1.172519e-05,2.077811e-04,4.938547e-04,-2.091107e+00,-1.327940e-01,1.217341e+01
1789,2.677512e-17,1.071117e-05,2.040251e-04,4.992284e-04,6.490040e-01,-7.798577e-02,8.542478e+00
1790,4.526898e-18,5.995910e-06,2.195306e-04,4.999033e-04,1.438201e+00,2.016031e-01,4.106114e+00
1791,4.630194e-18,1.746462e-06,2.211490e-04,4.904287e-04,-2.891620e+00,5.767031e-01,1.334444e+00
1792,3.029544e-18,5.365775e-06,2.024469e-04,4.839725e-04,4.304511e-02,2.547210e-01,7.595945e-01
1793,2.695575e-17,1.078332e-05,2.034025e-04,4.825821e-04,-6.627427e-01,-8.610031e-01,1.927340e+00
1794,4.996515e-17,-9.781304e-07,2.070924e-04,4.890463e-04,5.908417e-01,-6.988992e-01,6.583200e+00
1795,4.619948e-18,9.378017e-06,2.234433e-04,4.910991e-04,-1.821018e-02,-4.607670e-01,3.385689e+00
1796,3.288703e-18,7.815182e-06,2.039067e-04,4.931746e-04,8.370641e-02,4.871613e-02,7.138046e+00
1797,3.034659e-18,5.469075e-06,2.132781e-04,4.954872e-04,-1.279936e-01,-9.094529e-02,2.290478e+00
1798,1.542329e-18,6.249182e-06,2.070436e-04,4.950927e-04,-7.938355e-02,-6.775587e-01,1.660733e+00
1799,1.430131e-18,9.368503e-06,2.211191e-04,4.825968e-04,-1.237140e-01,6.190626e-02,-9.883683e-01
1800,2.931240e-17,2.221399e-05,2.148175e-04,4.827441e-04,7.213137e-01,-6.356797e-01,-4.534459e-01
1801,8.234065e-19,8.204799e-06,2.133063e-04,4.810441e-04,-1.923701e-01,-1.154504e+00,5.328243e+00
1802,2.731502e-19,8.205224e-06,2.136719e-04,4.786969e-04,-1.804613e+00,-1.707906e+00,4.605129e+00
1803,4.408480e-18,1.132644e-05,2.164057e-04,4.817145e-04,4.299819e-01,1.773809e-01,3.493374e-01
1804,3.942132e-17,-1.641255e-05,2.160584e-04,4.853587e-04,1.170087e-01,-1.321884e+00,3.545442e+00
1805,6.534856e-17,-6.367719e-06,2.220470e-04,4.924332e-04,-2.210966e+00,1.131830e-01,3.388033e+00
1806,2.110845e-17,-5.500497e-06,2.144429e-04,4.960092e-04,2.315888e+00,2.477513e+00,3.790232e+00
1807,1.343866e-17,-1.317823e-05,2.116766e-04,4.928695e-04,-1.475621e-01,-2.236845e+00,4.488221e+00
1808,2.033405e-17,-1.055739e-05,2.166669e-04,4.823832e-04,-1.149369e+00,-1.303342e-02,1.051355e+00
1809,2.804201e-18,-9.369875e-06,2.046148e-04,5.006901e-04,-1.218344e-02,1.902284e-01,6.470246e+00
1810,4.949274e-18,-1.246787e-05,2.059711e-04,5.030481e-04,1.415798e+00,-1.543988e+00,2.220747e+01
1811,6.091549e-19,-1.874526e-05,2.167910e-04,5.005437e-04,-1.694041e-01,2.254523e-03,7.795654e+00
1812,2.779957e-18,-1.798169e-05,2.133941e-04,4.835588e-04,-1.196493e-01,1.023591e+00,5.113519e+00
1813,3.301686e-18,-7.093599e-06,2.087196e-04,4.863548e-04,-6.961545e-01,6.265315e-01,1.851649e+00
1814,4.519903e-18,-2.339981e-06,2.148449e-04,5.005521e-04,1.742933e-01,-3.418128e-02,2.433076e+00
1815,7.303914e-18,-1.164226e-05,2.078087e-04,4.891680e-04,-6.366270e-01,1.079700e+00,1.067250e+01
1816,2.235845e-18,-1.238746e-05,2.075543e-04,4.847776e-04,2.162811e-01,6.642218e-01,9.579975e+00
1817,2.213455e-18,-1.267062e-05,2.086219e-04,4.815552e-04,8.421747e-01,2.624836e+00,8.215308e+00
1818,4.471954e-19,-1.210838e-05,2.074208e-04,4.786802e-04,-1.734281e+00,1.369241e+00,5.826982e+00
1819,2.399594e-19,-1.171706e-06,2.082032e-04,4.818330e-04,-8.487646e-01,2.269451e-02,4.050932e+00
1820,4.361674e-17,-1.194598e-05,2.286342e-04,4.985688e-04,1.182773e+00,1.381562e-01,1.155324e+01
1821,2.225594e-17,-6.302979e-06,2.301874e-04,4.863036e-04,4.935197e-01,5.689379e-01,8.219488e+00
1822,3.721939e-17,-1.293944e-05,2.372561e-04,4.965444e-04,-1.915747e+00,1.912948e-01,7.518570e+00
1823,3.875852e-17,-3.359112e-06,2.278915e-04,4.929591e-04,-2.827993e+00,-1.296989e+00,4.864750e+00
1824,7.180980e-19,-1.601956e-05,2.496097e-04,4.829338e-04,2.526228e-01,3.622367e-01,2.916882e+00
1825,5.313330e-18,-1.652860e-05,2.496099e-04,4.957407e-04,2.041263e-01,-1.453861e-01,7.913517e+00
1826,7.321150e-18,-1.661004e-05,2.361213e-04,4.891876e-04,2.065098e-02,3.484019e-01,1.648619e+00
1827,1.249600e-17,-5.450791e-06,2.468438e-04,4.963813e-04,-1.088215e-01,-6.843889e-02,1.089545e+00
1828,1.693142e-18,-2.352015e-06,2.328059e-04,4.880674e-04,-1.696780e+00,5.545340e-02,4.836478e+00
1829,1.735980e-17,-1.253183e-05,2.423165e-04,4.907915e-04,-4.532557e-02,-4.060640e-01,7.187291e+00
1830,2.827085e-18,-1.560789e-06,2.265601e-04,4.868680e-04,7.450346e-02,-7.274956e-02,4.992609e+00
1831,4.566024e-17,-2.394598e-05,2.422200e-04,4.951752e-04,4.413457e-02,-5.234599e-02,-7.481834e-01
1832,1.279328e-18,-1.445532e-05,2.281170e-04,4.963012e-04,7.336838e-01,1.014729e-01,1.557765e+01
1833,5.414130e-18,-1.032812e-05,2.375042e-04,4.935436e-04,-2.272395e+00,-2.063100e-01,1.030149e+01
1834,7.464913e-19,-1.324047e-05,2.339826e-04,4.950786e-04,1.258044e+00,2.404809e+00,3.600363e+00
1835,1.788822e-17,-1.407757e-05,2.281250e-04,4.850137e-04,-6.006307e-02,-3.327963e-01,5.939738e+00
1836,1.227917e-18,-6.061626e-06,2.294530e-04,4.824281e-04,6.423951e-01,-1.431121e-01,9.429971e+00
1837,3.298258e-18,-1.640981e-05,2.496087e-04,4.915422e-04,1.346066e-01,-3.152256e-02,9.489198e+00
1838,5.753600e-19,-4.639331e-06,2.496110e-04,4.950809e-04,2.169604e-01,8.790837e-02,1.495337e+00
1839,1.303057e-18,-2.364118e-06,2.366821e-04,4.779282e-04,2.248719e-01,4.582642e-01,1.056510e+00
1840,9.301789e-18,-2.418263e-05,2.492270e-04,4.911805e-04,3.949835e-02,-3.183869e-02,-8.258665e-01
1841,5.492903e-18,-1.231973e-05,2.077212e-04,5.110587e-04,1.585069e+00,3.116530e-02,2.622866e+01
1842,3.463473e-18,-1.250522e-05,2.062240e-04,5.178961e-04,-1.051749e+00,-1.774259e+00,2.996782e+01
1843,5.223540e-17,-3.587757e-06,2.039974e-04,5.121033e-04,1.087407e-01,-4.520302e-01,1.113820e+01
1844,1.563897e-18,-1.873650e-05,2.164048e-04,5.036332e-04,-1.153648e-02,1.018581e+00,1.033788e+01
1845,9.854166e-17,-1.761783e-05,2.171706e-04,5.105653e-04,-1.480524e-01,5.410310e-01,9.285481e+00
1846,1.193537e-18,-2.343541e-06,2.148459e-04,5.189963e-04,1.296958e-01,-2.558032e-01,5.311918e+00
1847,5.181141e-17,-1.540123e-05,2.220096e-04,5.194281e-04,-4.370149e-02,3.455573e-01,5.043259e+00
1848,2.109840e-17,-1.878267e-05,2.193369e-04,5.220182e-04,3.627003e-01,5.475585e-01,5.445175e-01
1849,3.042296e-18,-2.341843e-06,2.148444e-04,5.132544e-04,-1.098042e-01,-9.682018e-04,4.105407e+00
1850,1.290446e-18,-7.017671e-06,2.086031e-04,5.105839e-04,3.325326e-01,2.927121e-01,1.680482e+00
1851,1.078311e-18,-6.320207e-05,-1.972973e-05,4.747737e-04,-1.052877e+00,-2.080166e-02,3.658835e-02
1852,1.772736e-18,-5.258261e-05,-1.742621e-05,4.748362e-04,2.222676e-01,-4.838312e-01,2.558604e+00
1853,2.755187e-18,-6.952654e-05,-1.797274e-05,4.743930e-04,1.241611e-01,-2.143298e-01,7.780555e-02
1854,5.527035e-19,-6.956540e-05,-1.757858e-05,4.701157e-04,1.672723e-01,-1.100067e+00,-5.213268e+00
1855,1.562897e-18,-9.697242e-05,-8.357740e-06,4.727167e-04,-3.922258e-01,2.335695e+00,-4.196732e+00
1856,7.857568e-18,-8.281487e-05,-6.007365e-06,4.761925e-04,6.496950e-01,5.705140e-01,2.549277e+00
1857,5.278157e-17,-2.767610e-06,-2.411852e-04,5.057817e-04,3.190707e-01,-8.811884e-01,1.482758e+01
1858,1.186543e-17,-8.428171e-06,-2.289887e-04,5.113506e-04,-6.406553e-02,-3.413706e-01,9.817950e+00
1859,1.903676e-16,1.416706e-05,-2.377021e-04,5.320841e-04,1.060691e+00,-3.521899e-01,1.341416e+01
1860,6.379615e-18,-3.226061e-06,-2.371416e-04,5.218335e-04,-2.818794e-01,-3.767540e-01,1.465990e+01
1861,2.555389e-17,3.060679e-06,-2.489982e-04,5.488312e-04,-1.270647e-01,-6.877476e-01,8.589115e+00
1862,3.462328e-18,1.016864e-05,-2.312553e-04,5.352764e-04,1.264100e-01,4.652156e-02,1.594066e+01
1863,1.002511e-16,-6.527353e-06,-2.440987e-04,5.475480e-04,7.506453e-01,2.614965e-01,1.023344e+01
1864,1.544233e-17,2.378779e-06,-2.347754e-04,5.299929e-04,2.797313e-02,-5.908188e-01,1.053261e+01
1865,8.236492e-18,1.246531e-05,-2.415866e-04,5.490671e-04,-6.241952e-01,-3.172825e+00,1.862194e+01
1866,1.133317e-16,-3.959824e-06,-2.486503e-04,5.215953e-04,2.259957e-02,3.586274e-02,6.394493e+00
1867,1.840968e-17,-1.093833e-06,-2.435173e-04,5.372523e-04,2.001236e+00,-2.546379e+00,1.492202e+01
1868,3.856287e-18,-3.155085e-06,-2.359088e-04,5.162476e-04,-6.495860e-01,2.350927e-01,1.617049e+01
1869,2.484452e-17,2.292388e-05,-2.295116e-04,5.304241e-04,2.607580e+00,-1.399955e-01,2.050333e+01
1870,4.087731e-17,3.129113e-07,-2.278501e-04,5.303169e-04,-1.082561e-01,-4.188853e-02,1.238625e+01
1871,8.442262e-17,2.096238e-06,-2.487000e-04,5.140496e-04,4.306351e-01,-1.074079e-01,8.129536e+00
1872,1.524400e-18,-2.448463e-06,-2.382423e-04,5.349997e-04,2.906288e-01,3.761308e-01,1.783103e+01
1873,1.104481e-18,1.230779e-05,-2.392936e-04,5.392950e-04,4.889797e-01,-7.039730e-01,1.072263e+01
1874,8.482323e-18,-7.735559e-06,-2.288347e-04,5.182535e-04,-2.318847e-02,-7.449993e-01,9.945634e+00
1875,2.376821e-18,-3.132599e-06,-2.359332e-04,5.117828e-04,-3.668577e-02,9.688381e-02,1.354469e+01
1876,1.447124e-18,-1.173459e-05,-2.445391e-04,5.036354e-04,-1.704637e-01,-1.891225e-01,1.207912e+00
1877,1.078467e-18,-1.561955e-05,-2.496091e-04,5.224699e-04,-8.883439e-02,-1.132187e-01,5.478034e-01
1878,3.255910e-18,-9.376855e-06,-2.421872e-04,5.055689e-04,-5.251482e-02,1.207603e-01,1.449249e+00
1879,1.409759e-18,-2.343255e-05,-2.496097e-04,5.178236e-04,-3.429710e-02,-1.817389e-01,-2.975004e-01
1880,2.685218e-18,1.016222e-05,-2.312477e-04,5.426958e-04,-1.321547e-02,1.311916e-01,1.708454e+01
1881,2.091208e-17,1.434039e-05,-2.467868e-04,5.378797e-04,1.497618e+00,-2.187047e+00,1.014000e+01
1882,9.495052e-18,5.115564e-06,-2.359783e-04,5.362894e-04,1.075219e+00,8.482401e-02,6.976211e+00
1883,1.069519e-18,7.029387e-06,-2.414077e-04,5.281978e-04,1.884226e-02,-9.644709e-02,7.153032e+00
1884,2.242907e-17,-1.779912e-05,-2.444501e-04,5.481263e-04,-4.844995e-01,-1.928130e+00,7.033091e+00
1885,4.064532e-17,-1.318327e-06,-2.489891e-04,5.370524e-04,1.421232e-01,-5.257550e-03,5.278514e+00
1886,2.167720e-18,1.302270e-05,-2.312512e-04,5.498273e-04,8.046499e-01,-4.092454e-01,2.435472e+01
1887,2.438582e-18,-9.374199e-06,-2.421901e-04,5.300141e-04,2.108944e-02,2.731060e-02,5.146139e+00
1888,2.322795e-18,1.090343e-05,-2.444624e-04,5.383991e-04,-2.093943e-01,1.645260e-01,3.926098e+00
1889,1.643872e-18,1.484845e-05,-2.496113e-04,5.428441e-04,1.649735e-01,-1.084413e-01,6.534700e+00
1890,4.654782e-18,1.720087e-05,-2.460794e-04,5.402128e-04,2.066762e-01,4.597963e-01,5.968227e+00
1891,2.029004e-17,-1.576687e-05,-2.470334e-04,5.279630e-04,4.110966e-01,-6.696057e-01,4.136266e+00
1892,2.647831e-18,1.015680e-05,-2.496093e-04,5.266772e-04,-1.081730e-03,2.067812e-02,5.910837e+00
1893,1.401847e-18,1.640479e-05,-2.296724e-04,5.190345e-04,7.185033e-02,-1.360343e-01,1.354471e+01
1894,1.145305e-17,1.484179e-05,-2.295970e-04,5.110280e-04,-4.071468e-01,-1.156442e-01,1.488329e+01
1895,7.942191e-17,1.250547e-05,-2.347503e-04,5.054698e-04,1.037812e-01,2.091985e+00,7.433401e+00
1896,1.651167e-17,1.320822e-05,-2.338527e-04,5.168112e-04,1.920985e-01,1.340938e+00,1.186756e+01
1897,5.433398e-18,9.375723e-06,-2.312504e-04,5.090283e-04,2.917811e-01,-1.798613e-01,1.063615e+01
1898,1.500704e-17,1.206185e-05,-2.313538e-04,5.197525e-04,1.113420e+00,7.476599e-03,1.269003e+01
1899,5.533010e-19,7.811099e-06,-2.496093e-04,5.143930e-04,-2.638751e-02,-8.956476e-02,4.296924e+00
1900,3.641862e-18,1.828963e-05,-2.496092e-04,5.213042e-04,-3.932926e-02,-1.520022e-02,4.984866e+00
1901,1.774637e-18,2.341651e-06,-2.496090e-04,5.032507e-04,1.018184e-02,-3.070132e-02,7.254182e+00
1902,5.527107e-18,7.029803e-06,-2.414062e-04,5.118287e-04,9.428143e-02,1.628025e-02,6.322108e+00
1903,1.266704e-18,7.027679e-06,-2.414128e-04,5.243959e-04,-1.982842e-01,-2.525472e-01,8.165641e+00
1904,3.259803e-18,1.562626e-06,-2.273381e-04,5.163453e-04,4.926758e-02,1.484657e-01,7.999737e+00
1905,3.190661e-18,1.091277e-05,-2.445390e-04,5.209895e-04,-4.796607e-02,-5.614057e-02,6.670083e+00
1906,6.006569e-18,2.873911e-06,-2.374997e-04,5.222608e-04,6.155243e-03,5.412764e-03,7.798927e+00
1907,5.795821e-18,1.090913e-05,-2.471419e-04,5.115475e-04,5.604417e-01,-8.195408e-02,4.161132e+00
1908,7.575338e-18,1.706931e-05,-2.493053e-04,5.114056e-04,7.201660e-02,-9.385815e-02,4.505803e+00
1909,1.260800e-16,1.008013e-05,-2.401930e-04,4.826124e-04,-3.024505e-01,1.202890e+00,3.414204e+00
1910,4.468424e-17,1.048075e-05,-2.418144e-04,4.959386e-04,4.773844e-01,-7.837400e-01,5.327260e+00
1911,2.196218e-18,7.857556e-06,-2.305021e-04,4.892866e-04,-7.116684e-01,9.338307e-01,5.372691e+00
1912,2.542791e-17,1.586235e-05,-2.439250e-04,4.797787e-04,-3.698141e-01,-8.147762e-01,4.206202e+00
1913,3.199695e-18,9.401267e-06,-2.273524e-04,4.970748e-04,9.252714e-01,1.763095e-01,6.312218e+00
1914,3.536575e-17,5.458755e-06,-2.279597e-04,4.917636e-04,-6.190924e-02,-4.488780e-01,9.180149e+00
1915,6.062177e-19,1.563663e-06,-2.496095e-04,4.927463e-04,-8.377426e-02,-2.018652e-01,3.578283e+00
1916,1.039270e-17,2.435177e-05,-2.289070e-04,4.931709e-04,-6.104697e-02,1.645581e-01,1.335951e+00
1917,3.095196e-18,1.641329e-05,-2.468732e-04,4.861347e-04,-3.162977e-01,-1.401063e-02,2.459551e-01
1918,4.252270e-18,1.938814e-05,-2.311932e-04,4.842011e-04,-1.929745e-01,1.001828e+00,4.430243e+00
1919,4.023157e-18,2.117154e-05,-2.312473e-04,4.881311e-04,-9.209335e-02,1.104849e+00,5.796681e+00
1920,1.290744e-18,1.483311e-05,-2.304642e-04,4.997780e-04,3.076410e-02,-5.055606e-02,8.332841e+00
1921,2.075707e-18,1.329330e-05,-2.350496e-04,4.855349e-04,2.953872e-01,-4.720707e-02,2.914430e+00
1922,1.060914e-17,2.194586e-05,-2.492891e-04,4.846064e-04,2.157627e-01,1.230814e-02,1.783561e+00
1923,2.673013e-18,1.160775e-05,-2.496097e-04,4.911853e-04,9.322340e-01,-5.542954e-02,7.765477e-01
1924,6.504735e-18,1.484854e-05,-2.304970e-04,4.944074e-04,2.584013e-01,3.594144e-01,7.744001e+00
1925,3.631424e-18,1.334207e-05,-2.351539e-04,4.995690e-04,-1.013971e-01,1.383068e-01,8.779871e+00
1926,3.333700e-18,1.328367e-05,-2.351560e-04,4.931627e-04,8.037145e-02,-9.734938e-02,6.355077e+00
1927,3.365868e-17,2.400334e-05,-2.421893e-04,4.820206e-04,-1.434243e-02,2.051040e-02,-1.003117e+00
1928,1.511993e-17,9.806968e-05,-1.759212e-05,5.294147e-04,-1.298991e-01,2.619182e-01,2.961932e+00
1929,1.691049e-17,8.883320e-05,4.368254e-06,5.356359e-04,-2.806059e+00,3.378096e+00,1.335606e+01
1930,3.248564e-17,7.320617e-05,5.654576e-06,5.313540e-04,-2.117896e+00,-6.653264e-01,1.045371e+01
1931,2.803596e-16,8.156717e-05,-2.299271e-06,5.310848e-04,7.768443e-01,-9.375602e-01,9.739183e+00
1932,2.837240e-17,9.562238e-05,5.772669e-06,5.412092e-04,6.216578e-03,3.209090e-01,9.132657e+00
1933,1.439624e-17,9.299189e-05,1.133829e-05,5.284794e-04,-3.134819e-02,-3.090475e-01,6.336133e+00
1934,5.931494e-18,8.594029e-05,7.167726e-06,5.450656e-04,-4.999869e-03,-5.121238e-01,8.980957e+00
1935,3.941443e-18,1.007826e-04,8.604986e-06,5.325953e-04,-9.934878e-03,7.028540e-03,5.573654e+00
1936,3.509926e-18,8.593768e-05,1.484664e-05,5.390136e-04,3.022636e-01,7.614925e-02,6.454640e+00
1937,2.609031e-18,8.365782e-05,1.619164e-06,5.352263e-04,9.870439e-02,-3.106680e-01,2.219723e+00
1938,3.266060e-18,9.296332e-05,1.250880e-05,5.322882e-04,-2.291448e-03,-3.775443e-01,3.072567e+00
1939,1.784073e-18,1.011018e-04,1.252327e-05,5.497731e-04,-5.633363e-01,-7.474936e-01,1.490752e+01
1940,1.168912e-18,9.296796e-05,1.249900e-05,5.490258e-04,1.063312e-01,1.721464e-01,2.452423e+00
1941,1.019627e-18,9.763836e-05,1.095193e-05,5.356120e-04,9.318267e-02,-3.073715e-02,3.502935e+00
1942,1.894673e-18,8.996405e-05,9.392828e-06,5.458428e-04,3.799475e-01,3.076988e-01,-5.838163e-01
1943,2.547876e-17,1.148967e-04,-5.464486e-06,5.400959e-04,-2.124396e-01,-2.245281e+00,1.445855e+01
1944,2.336502e-18,1.147045e-04,-1.279560e-05,5.426443e-04,7.569845e-02,-1.697912e+00,1.707314e+01
1945,5.549820e-18,1.148268e-04,-5.321751e-06,5.289332e-04,-1.036251e+00,4.565212e-01,1.561859e+01
1946,2.830051e-17,1.163598e-04,-8.945660e-06,5.461888e-04,-5.324828e+00,-1.929655e-01,1.288612e+01
1947,3.039151e-18,1.195380e-04,1.875595e-05,5.472317e-04,5.928473e-01,-1.056338e-01,2.518300e+01
1948,3.336877e-18,1.195446e-04,1.882664e-05,5.395197e-04,2.610470e-01,6.299065e-01,2.162793e+01
1949,2.719328e-17,1.083278e-04,6.851341e-06,5.447854e-04,1.303335e+00,-5.300984e-01,8.601303e+00
1950,7.588569e-18,1.124991e-04,2.168863e-11,5.409207e-04,-2.167141e-02,-8.186475e-03,5.351389e+00
1951,2.767110e-18,1.070693e-04,8.567222e-06,5.278196e-04,8.404285e-02,2.971804e-02,5.648978e+00
1952,3.021061e-17,1.124595e-04,1.022012e-05,5.390057e-04,3.955062e-01,-5.212794e-01,6.679230e+00
1953,2.776874e-18,1.249986e-04,9.391760e-06,5.397362e-04,3.452459e-02,-1.212467e-01,7.759391e-01
1954,1.313011e-18,1.187206e-04,2.189825e-05,5.469104e-04,-2.725801e-02,-2.844227e-01,3.982503e-01
1955,1.633106e-18,1.196049e-04,1.625636e-06,5.458392e-04,8.378407e-02,6.791016e-02,1.396141e-01
1956,1.041362e-18,7.876862e-05,9.570959e-06,5.051798e-04,5.458478e+00,6.655585e-01,1.468974e+01
1957,1.244546e-16,9.177194e-05,2.060520e-06,5.194276e-04,-5.446714e-01,4.570742e-01,1.044760e+01
1958,2.630690e-18,8.002544e-05,4.691985e-06,5.222132e-04,-1.104216e+00,4.502473e-01,8.541608e+00
1959,7.741843e-19,9.440703e-05,6.369306e-07,5.074655e-04,4.130993e-02,1.680548e-01,6.409701e+00
1960,2.034207e-18,8.901271e-05,1.323130e-05,5.181730e-04,-2.681430e-01,5.283559e-01,5.312806e+00
1961,2.787407e-18,8.437199e-05,9.367012e-06,5.217279e-04,-7.613960e-02,7.928639e-02,1.046609e+00
1962,8.252004e-18,6.764089e-05,9.388642e-06,5.110828e-04,-4.309889e+00,-6.329898e-02,2.548360e+01
1963,1.751670e-18,6.567443e-05,1.022552e-05,5.181727e-04,-6.557185e+00,-5.186921e-01,3.058299e+01
1964,4.645044e-17,7.173258e-05,-6.293819e-07,5.162873e-04,-4.030159e-02,1.600487e+00,1.250743e+01
1965,3.072328e-17,6.784897e-05,1.777049e-05,5.138697e-04,-2.375955e-01,7.505486e-02,1.144265e+01
1966,5.714863e-17,5.608926e-05,3.382134e-06,5.187034e-04,1.302168e+00,1.451376e-01,9.129723e+00
1967,1.366308e-17,6.400005e-05,1.095542e-05,5.269162e-04,-7.534636e+00,2.075446e-01,3.841520e+01
1968,5.057151e-18,7.184877e-05,1.214376e-05,5.048965e-04,-6.107751e-01,-1.792014e-01,2.775033e+00
1969,1.549718e-18,7.186722e-05,1.483022e-05,5.097868e-04,1.896507e-01,-9.070087e-01,1.901142e+00
1970,7.474299e-18,7.187574e-05,6.066562e-06,5.221727e-04,1.397750e-01,-1.014810e+00,7.972530e+00
1971,2.832992e-18,4.999836e-05,1.718515e-05,5.202605e-04,1.678853e-01,-1.741784e-03,2.940302e+00
1972,6.006351e-18,6.834136e-05,8.612403e-06,5.057738e-04,-4.950237e+00,-1.469245e+00,2.491486e+01
1973,1.080597e-17,7.967578e-05,-1.913171e-05,5.257525e-04,-9.153393e-02,-2.331978e+00,1.295553e+01
1974,1.726351e-17,9.132334e-05,-1.745697e-05,5.264408e-04,-2.849301e-01,-8.134278e-01,2.371977e+01
1975,1.429608e-16,9.519256e-05,-5.773414e-06,5.398230e-04,3.191961e-01,-3.916927e-01,4.065931e+00
1976,5.286100e-17,8.633316e-05,-7.934817e-06,5.405111e-04,7.029319e-01,-8.277957e-01,1.273955e+01
1977,1.936010e-18,7.890448e-05,-1.937740e-05,5.458938e-04,9.511342e-03,2.527271e-01,1.525756e+01
1978,2.043176e-18,9.608994e-05,-1.680120e-06,5.313019e-04,1.551624e-01,-3.211890e-01,1.196511e+01
1979,1.176305e-18,7.422782e-05,-8.607419e-06,5.318799e-04,1.265335e-02,6.792480e-02,6.105063e+00
1980,3.975710e-18,8.323328e-05,-2.149880e-05,5.498185e-04,-3.380098e+00,-8.272915e-02,1.546796e+01
1981,4.612741e-18,8.359065e-05,-1.875364e-05,5.432078e-04,-1.203805e-01,6.802470e-02,5.193845e+00
1982,7.608668e-18,9.058684e-05,-1.560745e-05,5.087614e-04,1.560990e-01,-1.244048e-01,1.659583e+01
1983,7.329390e-18,7.518102e-05,-8.399070e-06,5.199208e-04,-4.951890e-01,4.106665e-01,6.258414e+00
1984,1.461474e-17,9.722360e-05,-1.210469e-05,5.040777e-04,1.076624e+00,7.920147e-01,1.580741e+00
1985,1.925660e-18,7.974340e-05,-1.332912e-05,5.135405e-04,1.808160e-01,1.297370e+00,8.181793e+00
1986,4.721174e-18,9.454080e-05,-3.417814e-06,5.101864e-04,4.066650e-01,-1.532597e+00,9.861098e+00
1987,5.369728e-18,8.515289e-05,-3.127289e-06,5.082664e-04,-2.298519e-02,-4.535264e-02,6.416051e+00
1988,2.033150e-18,8.530448e-05,-3.244617e-06,5.255332e-04,3.369948e-01,-1.961704e-01,1.080712e+01
1989,1.384163e-17,7.090411e-07,1.193507e-04,4.733983e-04,9.919042e-01,-4.648993e+00,-6.006028e+00
1990,1.010895e-18,-5.859293e-06,1.224720e-04,4.721380e-04,3.365243e+00,7.511815e-01,-6.433054e+00
1991,1.202928e-18,-6.801396e-06,1.228748e-04,4.736224e-04,3.246023e+00,7.541461e-01,-4.645488e+00
1992,2.793076e-19,-1.523461e-05,1.011698e-04,4.724440e-04,-2.453429e+00,4.057241e+00,-8.311846e+00
1993,1.710834e-17,1.920594e-05,1.100118e-04,4.779345e-04,5.211500e-01,6.757324e-01,6.076292e+00
1994,7.913776e-19,1.914299e-05,1.113300e-04,4.736651e-04,1.850157e-01,1.933288e+00,3.086319e+00
1995,1.404123e-18,1.639748e-05,1.085132e-04,4.732326e-04,1.020801e+00,-8.835493e-01,-2.124075e-01
1996,7.874648e-17,2.368066e-06,1.043744e-04,4.821535e-04,-2.220796e+00,2.026908e+00,2.215515e+00
1997,8.758267e-19,1.952083e-06,1.064179e-04,4.729632e-04,-1.971965e+00,3.290366e+00,-5.288509e+00
1998,5.187377e-17,-2.115386e-06,1.071722e-04,4.959477e-04,-8.973059e-02,-6.481614e-01,6.420665e+00
1999,5.447300e-17,1.328517e-05,1.266290e-04,4.939613e-04,-1.596124e+00,-4.298035e-01,7.434348e+00
2000,5.350797e-17,-4.095152e-06,1.211305e-04,4.899752e-04,1.740925e-01,-1.279460e+00,6.688815e+00
2001,2.670461e-17,-1.103118e-05,1.233367e-04,4.878214e-04,-1.121130e+00,-1.562954e-01,9.591794e+00
2002,8.232625e-19,1.314471e-05,1.022097e-04,4.911798e-04,1.074192e-01,1.639718e-01,8.653613e+00
2003,2.656900e-18,-2.339082e-06,1.218765e-04,4.969306e-04,1.191683e+00,1.879757e-02,1.380843e+00
2004,2.021868e-18,-3.080810e-06,1.196789e-04,4.800200e-04,5.424975e-01,-1.324554e+00,2.680767e+00
2005,1.336524e-18,-1.718273e-05,1.257898e-04,4.935215e-04,-1.393702e-01,-2.026898e-01,1.252159e-02
2006,2.718280e-18,-5.779478e-08,1.148353e-04,4.798860e-04,-5.400852e-01,5.580861e-01,2.595116e+00
2007,1.361907e-18,-1.405626e-05,1.210863e-04,5.005417e-04,3.363742e-01,-2.153609e-01,1.468299e+00
2008,5.083909e-18,-9.378688e-06,1.179673e-04,4.856494e-04,-2.310089e-01,-5.177175e-01,-3.778378e-01
2009,3.456285e-18,-9.306312e-06,1.226596e-04,4.849139e-04,8.604042e-01,1.181911e+00,1.376855e+01
2010,2.396942e-19,-8.203010e-06,1.230478e-04,4.810447e-04,-7.472268e-01,-4.658229e-01,5.756619e+00
2011,1.239723e-18,-8.603596e-06,1.222647e-04,4.782924e-04,2.671387e-01,-4.476639e-01,3.403520e+00
2012,3.300054e-18,-2.313650e-06,1.163842e-04,4.900220e-04,-5.117959e-01,-6.358957e-01,1.402190e+00
2013,1.717657e-18,-6.247840e-06,1.156238e-04,4.982000e-04,3.518317e-02,3.161841e-02,2.434355e-01
2014,3.261724e-17,1.060462e-05,1.080694e-04,4.802736e-04,3.884186e-01,2.050112e-01,1.706079e+00
2015,3.008250e-18,4.594616e-06,1.112506e-04,4.911866e-04,-5.181966e-01,4.532248e-01,7.388387e+00
2016,1.172529e-18,4.685035e-06,1.093748e-04,4.966450e-04,5.594201e-01,-1.753591e-01,6.425543e+00
2017,3.693553e-18,3.909039e-06,1.156184e-04,4.900166e-04,8.131441e-01,4.432324e-01,9.920484e+00
2018,1.004663e-18,5.860694e-06,1.154497e-04,4.791623e-04,1.288897e+00,-1.729131e+00,3.345094e+00
2019,3.735065e-18,9.888088e-06,1.108614e-04,4.850980e-04,3.442598e+00,1.284845e-01,1.068944e+01
2020,2.548750e-18,1.336838e-05,1.147779e-04,4.805549e-04,6.639141e-01,-8.982877e-01,1.995977e+00
2021,7.113703e-19,8.987748e-06,1.121099e-04,4.829603e-04,1.674618e+00,2.837402e+00,9.261358e+00
2022,3.508963e-18,7.807417e-06,1.210980e-04,4.853279e-04,-8.642114e-02,-6.458677e-01,7.512038e-01
2023,1.587866e-18,1.329437e-05,1.023492e-04,4.825878e-04,6.770852e-01,5.102085e-02,4.243545e+00
2024,1.399023e-18,7.820460e-07,1.195359e-04,4.818305e-04,-7.524980e-01,1.035411e+00,-2.665199e+00
2025,8.735751e-18,2.426221e-05,1.269628e-04,4.966551e-04,-1.940146e-02,1.324162e-01,-1.034244e+00
2026,3.660446e-17,-9.822229e-06,1.483298e-04,4.905133e-04,-2.218740e+00,1.354182e+00,6.732301e+00
2027,6.837234e-17,-1.853299e-05,1.500333e-04,4.841075e-04,-1.670163e-01,6.346112e-01,5.519663e+00
2028,1.869528e-18,7.742366e-07,1.501121e-04,4.800503e-04,5.203094e-02,1.237669e-01,3.386875e+00
2029,6.602283e-17,-1.363189e-05,1.478281e-04,4.972616e-04,7.416712e-01,-5.263256e-02,8.617927e+00
2030,7.071900e-18,-5.409342e-06,1.711282e-04,4.764369e-04,-4.624042e+00,4.828044e-01,-3.729196e-01
2031,1.194601e-17,-1.054794e-05,1.706892e-04,4.968865e-04,6.475017e-01,-8.890123e-01,8.650885e+00
2032,2.094858e-17,-8.327653e-06,1.683878e-04,4.796070e-04,1.851714e+00,2.211007e+00,2.930899e+00
2033,3.375380e-17,-8.467842e-06,1.642281e-04,4.860674e-04,1.044252e+00,3.458993e-01,2.494543e+00
2034,1.562615e-18,-2.348853e-06,1.640621e-04,4.927468e-04,3.067695e-01,2.123165e-02,4.326048e+00
2035,4.855391e-18,1.096442e-08,1.708843e-04,4.839819e-04,5.790084e-01,-2.290171e-02,4.708879e+00
2036,4.295461e-17,-1.858428e-05,1.624091e-04,5.023841e-04,-3.180535e-01,-1.491440e+00,3.618151e+00
2037,1.453907e-17,-6.057023e-06,1.542699e-04,4.939417e-04,-3.216153e-01,4.714626e-01,2.524131e+00
2038,3.346340e-18,-2.331749e-06,1.640738e-04,4.861498e-04,-3.861805e-01,6.058789e-01,2.037481e+00
2039,5.179547e-18,-2.685436e-06,1.663973e-04,4.869016e-04,1.294241e+00,-2.808487e-02,3.836908e+00
2040,2.579516e-17,-5.470146e-06,1.530961e-04,4.767914e-04,1.388894e+00,1.836728e+00,-5.055445e-01
2041,4.861099e-18,-9.377230e-06,1.578092e-04,4.879729e-04,-9.269740e-02,-4.163640e-02,1.158716e+00
2042,1.318731e-18,-1.718903e-05,1.617171e-04,4.872859e-04,8.238814e-02,-4.626175e-01,-1.515743e-01
2043,1.686326e-17,-2.423889e-05,1.677076e-04,4.994374e-04,5.332345e-02,-2.325437e-02,-1.817989e+00
2044,7.765272e-18,-2.434235e-05,1.726750e-04,4.903586e-04,2.719843e-02,1.474739e-03,-1.376689e+00
2045,2.927279e-17,6.603692e-06,1.507943e-04,4.813592e-04,-1.181901e+00,3.714685e-01,4.855975e+00
2046,2.530879e-17,2.629326e-06,1.507338e-04,4.856778e-04,9.689182e-01,-2.643185e-01,7.554297e+00
2047,3.191684e-18,1.485773e-05,1.672052e-04,4.892744e-04,5.028079e-01,-1.659801e-01,2.398171e+00
2048,1.941289e-18,5.449929e-06,1.712236e-04,4.765726e-04,9.785403e-01,6.430193e-01,-1.027966e+00
2049,2.328364e-17,1.135663e-05,1.641771e-04,4.862439e-04,-6.368258e-01,1.425610e+00,6.261128e-01
2050,3.621725e-18,1.562766e-05,1.687386e-04,4.978164e-04,-4.993261e-01,4.061895e-01,7.574999e-01
2051,1.337475e-18,5.495288e-06,1.663911e-04,4.771435e-04,5.080386e-01,-4.067152e-01,-2.995898e+00
2052,6.708621e-19,7.421880e-06,1.511720e-04,4.768184e-04,-1.586414e+00,-9.949245e-01,4.133346e+00
2053,1.007991e-18,3.909449e-06,1.617231e-04,4.833871e-04,1.911953e-01,6.532245e-04,-1.395022e+00
2054,2.306155e-18,2.443705e-05,1.695335e-04,4.868295e-04,-2.026783e-03,-2.902466e-01,-1.751240e+00
2055,4.048125e-18,2.460918e-05,1.585896e-04,4.832531e-04,-1.789639e-02,3.067952e-02,-2.046797e+00
2056,6.326384e-17,1.147063e-05,1.302940e-04,4.818750e-04,-1.360468e+00,7.900317e-01,4.130964e+00
2057,2.181162e-17,-1.989655e-05,1.403356e-04,4.983029e-04,-2.216800e-02,1.114248e+00,9.411130e+00
2058,1.166335e-18,-1.091367e-05,1.398642e-04,5.005351e-04,-7.065192e-02,1.046341e-01,6.293510e+00
2059,1.527685e-17,2.421797e-05,1.359385e-04,4.861403e-04,-3.886453e-01,-3.739805e-01,4.847574e-01
2060,3.204930e-18,1.094058e-05,1.421904e-04,5.001020e-04,4.585572e-01,1.707992e-01,5.152960e+00
2061,1.550495e-17,1.819523e-05,1.318496e-04,4.851619e-04,1.739029e-01,-1.055681e+00,2.107444e+00
2062,5.411142e-17,2.377677e-05,1.359880e-04,4.861705e-04,-4.371159e-01,-4.895434e-01,7.246173e-01
2063,1.847197e-17,7.561893e-06,1.430427e-04,4.754935e-04,-3.135021e+00,-9.788168e-01,-2.126338e+00
2064,4.779367e-18,6.249110e-06,1.265661e-04,4.949829e-04,-3.365479e-01,-2.441196e-01,2.192408e+00
2065,7.177323e-18,-7.034933e-06,1.304621e-04,4.884953e-04,-7.078851e-02,1.058255e+00,3.527769e+00
2066,2.350613e-18,-5.904511e-06,1.460590e-04,4.848550e-04,-1.404699e-01,-7.894286e-01,3.969527e+00
2067,1.445286e-18,-1.093947e-05,1.398472e-04,4.849526e-04,-9.036724e-02,2.106809e-02,2.467545e+00
2068,1.287327e-17,-7.877148e-06,1.316682e-04,4.985761e-04,5.861544e-01,-2.234245e-01,5.669763e+00
2069,1.424605e-17,1.778904e-05,1.435702e-04,4.799195e-04,5.725987e-01,-1.964006e+00,6.689267e-01
2070,2.421892e-18,1.015670e-05,1.421838e-04,4.829255e-04,-6.209257e-03,-8.858748e-02,-1.611625e+00
2071,2.147342e-17,1.267635e-05,1.344117e-04,4.864023e-04,1.481442e-02,8.627020e-01,5.143503e+00
2072,3.403061e-18,1.320566e-05,1.397491e-04,4.942734e-04,2.705071e-01,-6.916837e-01,3.644237e+00
2073,3.127213e-17,1.132694e-06,1.465891e-04,4.859116e-04,6.487288e-01,1.046833e+00,1.674778e+00
2074,3.111394e-18,1.562509e-05,1.406259e-04,4.916340e-04,7.301949e-01,2.489434e-01,2.403224e+00
2075,6.288917e-19,1.289310e-05,1.312173e-04,4.771388e-04,-1.831648e+00,-1.611380e-01,2.147560e+00
2076,6.370243e-18,2.653874e-06,1.413326e-04,4.960577e-04,-3.875941e-01,-9.297851e-02,-7.856836e-02
2077,6.638399e-19,2.460960e-05,1.328166e-04,4.998114e-04,2.211076e-01,6.344733e-02,-3.093988e+00
2078,3.586782e-18,2.449868e-05,1.437504e-04,4.895864e-04,4.137013e-02,4.758472e-02,-2.455563e+00
2079,1.217151e-17,-8.612052e-06,1.449273e-04,4.769650e-04,5.519302e-01,-2.866551e+00,-3.986716e+00
2080,1.375463e-18,-1.480954e-05,1.281379e-04,4.888442e-04,-3.176596e-01,-4.825730e-02,-2.350065e+00
2081,1.287749e-18,-1.093294e-05,1.398494e-04,4.974278e-04,-1.404605e-01,4.047821e-02,6.865472e+00
2082,8.775474e-19,-1.680072e-05,1.485595e-04,4.948634e-04,-1.904907e+00,-5.291065e-01,1.222895e+01
2083,3.246997e-18,-2.336894e-06,1.296860e-04,5.001609e-04,-1.418287e-01,4.076292e-02,9.381475e-01
2084,3.433897e-17,-2.394635e-05,1.387994e-04,4.981522e-04,-3.748339e-02,2.195381e-02,-9.138871e-01
2085,2.215710e-18,-1.094201e-05,1.397564e-04,4.816532e-04,5.273593e-01,-1.718489e-01,2.452285e+00
2086,1.771151e-18,-1.093968e-05,1.398459e-04,4.779128e-04,2.439715e-01,1.438792e-01,2.162725e+00
2087,4.721903e-17,-1.471280e-04,-4.105454e-07,4.813863e-04,9.397059e-01,1.429752e+00,-5.072593e-01
2088,8.874780e-17,-1.675602e-04,-1.414544e-05,4.981070e-04,1.225528e+00,-6.603912e-01,1.106118e+01
2089,3.044864e-17,-1.625000e-04,-9.375371e-06,4.892474e-04,-6.461467e-01,-9.780793e-05,3.065636e+00
2090,2.281665e-17,-1.425704e-04,-4.020807e-06,4.880838e-04,-2.531282e-01,-9.851885e-02,8.699387e+00
2091,1.837010e-17,-1.419987e-04,-1.808652e-05,4.967934e-04,-1.523478e+00,-2.364934e+00,4.075038e+00
2092,7.705285e-19,-1.404760e-04,-8.469503e-06,4.849516e-04,-9.764221e-02,4.934291e-01,2.923285e-01
2093,1.523431e-18,-1.328125e-04,-1.483915e-05,4.872886e-04,-3.121023e-01,5.941938e-01,4.579384e+00
2094,3.559013e-18,-1.328115e-04,-1.016011e-05,4.814202e-04,1.020466e-02,-2.393262e-01,1.828726e+00
2095,3.117770e-18,-1.273453e-04,-1.327872e-05,4.962458e-04,2.493531e-01,-2.286279e-02,5.922642e+00
2096,1.936930e-18,-1.446868e-04,-3.116311e-06,4.909662e-04,-2.276270e-01,2.985174e-01,-3.542058e+00
2097,1.182710e-18,-1.476558e-04,-1.331368e-05,4.950657e-04,-1.464908e-01,8.368531e-01,-3.219476e+00
2098,4.519466e-18,-1.273412e-04,-1.328100e-05,4.919409e-04,-2.238805e-01,-9.151981e-02,5.181528e+00
2099,2.398003e-19,-1.425774e-04,-4.297340e-06,4.841723e-04,-4.094286e-01,3.693969e-01,9.528609e+00
2100,3.285478e-18,-1.336049e-04,-1.483811e-05,5.001374e-04,-1.213866e-01,1.587950e+00,-1.020842e+00
2101,3.869474e-18,-1.421399e-04,-3.933028e-06,4.811491e-04,5.519491e-02,-4.542105e-01,6.805703e+00
2102,6.888189e-19,-1.491201e-04,-1.171660e-06,4.779324e-04,-6.319816e-01,1.048415e+00,2.517911e+00
2103,2.444913e-18,-1.274181e-04,-1.331558e-05,4.851977e-04,1.049161e+00,6.240157e-01,2.257984e+00
2104,2.472500e-18,-1.476887e-04,-2.443113e-05,4.957534e-04,2.032749e-01,-1.831544e-02,-2.197736e+00
2105,3.157995e-17,-1.511682e-04,-2.402236e-05,4.906203e-04,-1.551829e-02,1.423656e-02,-7.777466e-01
2106,1.771893e-18,-1.367149e-04,-2.460930e-05,4.962976e-04,-4.052264e-02,3.265468e-03,-2.080597e+00
2107,1.431908e-16,-1.624048e-04,-9.841207e-06,4.889950e-04,-6.716931e-01,-1.143534e-01,2.972639e+00
2108,6.205597e-17,-1.534005e-04,-8.595232e-06,4.827956e-04,2.184958e+00,-3.539775e+00,-2.260561e-02
2109,7.194439e-18,-1.633024e-04,-1.996942e-05,4.825346e-04,5.175914e-01,4.929354e-02,3.971227e+00
2110,4.824967e-18,-1.512621e-04,-1.033550e-05,4.993323e-04,1.607214e+00,-1.582892e+00,4.120172e+00
2111,3.292363e-18,-1.655753e-04,-1.488158e-05,4.934931e-04,1.778662e+00,-3.228983e-02,1.877119e+01
2112,1.843859e-17,-1.648030e-04,-1.488770e-05,4.845802e-04,1.563053e-01,3.219402e-01,8.619572e+00
2113,5.050841e-18,-1.585834e-04,-2.741557e-06,4.961504e-04,1.301910e+00,-1.895591e-02,2.078423e+00
2114,1.983718e-18,-1.617040e-04,-2.184573e-05,4.792511e-04,1.455058e+00,9.982242e-01,2.743857e+00
2115,4.506848e-18,-1.570120e-04,-1.873096e-05,4.866841e-04,-3.384573e-01,-1.801032e-01,2.428622e+00
2116,1.550689e-18,-1.671751e-04,-9.388964e-06,4.825997e-04,-5.057233e-01,1.044443e+00,4.925114e+00
2117,2.765612e-18,-1.671807e-04,-1.094862e-05,4.931625e-04,2.750749e-01,4.676001e-01,7.612218e+00
2118,2.039427e-18,-1.671935e-04,-8.717449e-06,4.797084e-04,-1.691739e-01,1.663840e-01,3.448216e+00
2119,9.791886e-18,-1.671197e-04,-1.095424e-05,4.870485e-04,1.482050e-02,4.065585e-02,7.023002e+00
2120,3.265304e-18,-1.609524e-04,-1.015788e-05,4.814606e-04,1.959963e-01,-1.711569e-01,7.707056e-01
2121,2.907055e-18,-1.578124e-04,-1.564712e-06,4.791398e-04,3.446272e-02,-6.939759e-02,-1.912721e-01
2122,4.987379e-17,-1.583867e-04,7.817216e-06,4.863744e-04,-9.623756e-01,-4.697686e-01,1.594144e+00
2123,1.657292e-17,-1.290789e-04,4.176577e-06,4.903669e-04,-5.345685e-01,-4.576714e+00,1.111678e+01
2124,9.379809e-18,-1.332875e-04,1.558726e-05,4.934059e-04,1.448070e-01,-2.602040e-01,2.721029e+00
2125,1.628837e-17,-1.460726e-04,1.399422e-05,4.795239e-04,4.483085e-01,1.107525e+00,2.472830e+00
2126,1.582553e-17,-1.509897e-04,1.569837e-05,4.906534e-04,-1.189121e-01,-2.749565e-01,4.960080e+00
2127,1.644063e-17,-1.348865e-04,1.205372e-05,4.830254e-04,8.540269e-01,6.738030e-01,5.408700e+00
2128,3.766082e-18,-1.460686e-04,1.716173e-05,4.943775e-04,-1.251465e-01,9.923600e-02,5.144129e+00
2129,6.864054e-17,-1.424837e-04,2.387494e-05,4.863560e-04,-1.737981e-01,-2.041384e-01,-3.570269e-01
2130,2.046519e-18,-1.289690e-04,6.179214e-06,4.853970e-04,-5.985118e-01,-2.482632e+00,7.135833e+00
2131,2.196640e-18,-1.335038e-04,1.561844e-05,5.014873e-04,8.297499e-01,-1.645411e-01,1.450275e+00
2132,6.280546e-19,-1.292973e-04,6.641499e-06,4.830177e-04,9.618198e-01,1.141929e-01,6.683794e+00
2133,3.096045e-18,-1.288812e-04,7.791188e-06,4.801812e-04,6.545547e-01,-4.284386e-01,6.053384e+00
2134,2.481047e-18,-1.359283e-04,1.171391e-05,4.785017e-04,9.918665e-02,1.448484e-03,5.256103e+00
2135,2.063559e-17,-1.347135e-04,2.414742e-05,4.912333e-04,-7.306053e-03,-4.424471e-02,-1.114663e+00
2136,7.324957e-18,-1.492232e-04,2.429294e-05,4.850100e-04,-6.472105e-02,3.756746e-02,-1.361503e+00
2137,6.649968e-18,-1.688937e-04,8.666195e-06,4.943298e-04,-1.442788e+00,-7.070451e-01,1.369186e+01
2138,2.102771e-18,-1.585617e-04,1.239030e-05,4.844699e-04,-8.249920e-01,-5.511269e-01,4.170549e+00
2139,1.488176e-18,-1.585627e-04,1.171069e-05,4.958529e-04,1.091552e+00,-1.544493e-01,5.808950e+00
2140,6.235201e-19,-1.707032e-04,8.549624e-06,4.880661e-04,-2.219068e+00,2.452946e+00,8.357815e+00
2141,6.258269e-19,-1.707038e-04,8.986764e-06,4.853491e-04,-3.339547e+00,-2.133451e+00,6.043521e+00
2142,7.278121e-19,-1.699235e-04,8.520570e-06,4.904043e-04,-9.846773e-01,-4.037416e-01,1.051345e+01
2143,4.700439e-18,-1.703121e-04,2.352136e-06,4.951730e-04,1.953967e-02,-5.623613e-02,8.033536e-01
2144,2.383204e-19,-1.699209e-04,8.203144e-06,4.826040e-04,-4.737867e-01,-4.341612e-02,2.483696e+00
2145,1.229238e-17,-1.578382e-04,2.427729e-05,4.914300e-04,-8.087115e-03,1.242874e-02,-1.339136e+00
2146,1.579427e-17,-1.445867e-04,1.818738e-05,5.054594e-04,5.610005e-01,-2.692832e-01,8.111398e+00
2147,4.658336e-18,-1.398420e-04,4.688099e-06,5.135318e-04,-8.203873e-03,1.360058e-01,3.950386e+00
2148,1.517802e-18,-1.484392e-04,3.906620e-06,5.236008e-04,-6.970542e-02,3.630318e-01,7.538203e+00
2149,4.192636e-18,-1.435919e-04,7.812121e-06,5.079405e-04,-5.812699e-01,1.264290e-01,4.701683e+00
2150,2.731502e-18,-1.444917e-04,3.494648e-06,5.066487e-04,1.720114e-01,-5.021082e-02,3.234827e+00
2151,7.024010e-18,-1.342236e-04,1.560598e-05,5.142380e-04,5.644187e-02,3.869364e-01,4.920434e+00
2152,2.369078e-18,-1.398428e-04,4.680935e-06,5.193518e-04,4.906295e-03,-8.060368e-03,3.535458e+00
2153,3.039211e-18,-1.421911e-04,7.806936e-06,5.193420e-04,-6.007982e-02,1.999968e-02,4.197274e+00
2154,1.747672e-18,-1.398495e-04,4.688188e-06,5.028593e-04,-3.870331e-01,1.442868e-01,3.806197e+00
2155,3.742868e-17,1.438383e-04,1.347419e-05,4.982823e-04,1.488184e-01,8.763345e-02,9.751255e+00
2156,1.290501e-18,1.476577e-04,1.015741e-05,4.935187e-04,-2.014066e-01,-2.574838e-01,1.408727e+01
2157,1.856481e-17,1.478456e-04,9.652950e-06,4.992672e-04,2.056522e-01,-1.488230e-01,1.701883e+01
2158,5.444391e-19,1.433569e-04,1.402748e-05,4.896190e-04,1.183084e+00,-1.886694e-01,8.404576e+00
2159,2.567268e-17,1.380075e-04,-5.884700e-06,5.010386e-04,-1.342109e+00,2.424422e+00,6.338095e+00
2160,2.122136e-17,1.366903e-04,-1.477698e-06,4.985469e-04,5.628288e-01,-1.430474e+00,2.895113e+00
2161,1.283473e-18,1.343647e-04,-7.522189e-07,5.020880e-04,-4.550626e-02,2.104699e-02,4.759544e-01
2162,1.251646e-17,1.398845e-04,2.022451e-05,5.003453e-04,-2.115431e-01,2.416008e-01,4.750051e+00
2163,8.395845e-18,1.364202e-04,2.784183e-06,4.859904e-04,-6.118366e-01,-7.288199e-01,1.911895e+00
2164,1.080620e-18,1.474808e-04,1.341587e-05,4.872727e-04,-7.004471e-02,1.827141e+00,6.585515e+00
2165,2.165617e-18,1.478018e-04,1.499320e-05,4.922998e-04,-4.994766e-01,4.072486e-01,9.145085e+00
2166,1.763292e-18,1.335852e-04,1.249537e-05,5.013205e-04,-1.478899e+00,5.380176e-02,6.701704e+00
2167,3.929946e-17,1.325000e-04,5.218992e-07,4.841027e-04,-1.499842e+00,1.318074e+00,7.186201e-01
2168,1.747564e-18,1.430706e-04,1.413358e-05,4.957528e-04,4.332254e-01,-1.633930e+00,1.810760e+01
2169,3.411662e-18,1.390578e-04,7.807648e-06,4.993957e-04,-1.121016e+00,9.506243e-02,3.139320e+00
2170,4.654736e-17,1.277336e-04,8.163298e-06,5.024087e-04,-1.591386e-01,3.681341e-02,6.339493e+00
2171,1.158914e-18,1.476605e-04,1.014230e-05,4.903958e-04,-9.694669e-02,2.717210e-01,1.191800e+01
2172,8.767081e-19,1.433588e-04,1.420668e-05,4.878128e-04,-7.808122e-01,2.168561e-01,7.993657e+00
2173,3.631960e-18,1.430145e-04,1.409464e-05,4.840674e-04,-1.274459e+00,-2.452901e-01,6.558490e+00
2174,3.255449e-18,1.430542e-04,1.328956e-05,4.798483e-04,-1.292029e+00,1.674267e+00,3.381742e+00
2175,9.991027e-19,1.474552e-04,1.015460e-05,4.804488e-04,-1.233182e-02,8.727044e-02,2.741629e+00
2176,4.027336e-18,1.476526e-04,1.329488e-05,4.818150e-04,-3.838911e-02,1.465156e-02,3.629465e+00
2177,5.671869e-18,1.421345e-04,2.439734e-05,4.926187e-04,5.668009e-02,6.149687e-03,-1.502120e+00
2178,2.978500e-18,1.273511e-04,2.460873e-05,4.911910e-04,-4.328026e-02,3.667751e-04,-2.877800e+00
2179,2.710620e-17,1.335983e-04,1.169454e-05,5.080746e-04,5.654750e-02,-5.229639e-01,7.881491e+00
2180,4.859829e-18,1.343720e-04,1.250113e-05,5.151027e-04,1.760973e-02,1.788038e-01,4.228477e+00
2181,5.193160e-17,1.358764e-04,6.909006e-06,5.254415e-04,-1.459838e+00,-2.262851e-01,7.835703e+00
2182,6.004897e-18,1.414069e-04,-7.845886e-07,5.194318e-04,-1.637442e-01,7.242101e-02,7.704129e+00
2183,1.254206e-18,1.414032e-04,-7.736873e-07,5.059300e-04,-1.519143e-01,5.761257e-02,2.750972e+00
2184,3.723508e-18,1.398140e-04,1.168884e-05,5.122541e-04,2.130397e-01,4.805391e-02,4.189673e+00
2185,6.585207e-17,1.361089e-04,-2.168544e-06,5.273639e-04,7.656855e-01,-9.578237e-01,7.774780e+00
2186,2.127090e-16,1.361158e-04,-2.198615e-06,5.276216e-04,6.915344e-01,-6.257122e-01,7.617425e+00
2187,3.114498e-18,1.468744e-04,1.404927e-05,5.263415e-04,1.361684e-02,-4.659984e-01,4.567194e+00
2188,2.156175e-18,1.343744e-04,-7.803482e-07,5.071072e-04,-3.758308e-02,3.194606e-02,-5.918572e-01
2189,2.530191e-18,1.437488e-04,3.131655e-06,5.070761e-04,-3.674280e-02,1.680329e-01,1.415096e+00
2190,1.670829e-18,1.289036e-04,1.562493e-05,5.105960e-04,-1.760423e-01,5.104624e-01,-1.737331e-01
2191,3.345081e-18,1.335957e-04,6.197179e-06,5.332614e-04,6.568703e-02,-7.697169e-01,5.455392e+00
2192,6.152512e-18,1.414390e-04,-7.807646e-07,5.328196e-04,1.271924e-01,1.024887e-01,9.694005e+00
2193,3.841683e-18,1.407869e-04,5.469214e-06,5.493716e-04,3.136401e-02,-1.090666e-01,1.359621e+01
2194,1.046825e-18,1.445371e-04,1.484682e-05,5.445664e-04,1.468681e-01,-3.784392e-01,2.187839e+00
2195,3.980221e-18,1.453144e-04,-4.636586e-06,5.346375e-04,8.373037e-03,1.198923e+00,9.126613e+00
2196,7.239747e-18,1.354511e-04,-9.477616e-06,5.335288e-04,-1.484662e-03,8.398536e-01,9.532145e+00
2197,1.437481e-16,1.428105e-04,-6.140688e-06,5.466840e-04,5.657357e-01,5.509004e-01,9.366299e+00
2198,5.049616e-18,1.429344e-04,-1.007243e-05,5.144698e-04,-4.645568e-01,-6.240930e-01,7.290198e+00
2199,1.134920e-18,1.445328e-04,-2.346123e-06,5.036308e-04,-1.831873e-01,2.988134e-01,2.417175e+00
2200,3.440853e-18,1.413693e-04,-1.013771e-05,5.077873e-04,-7.185773e-02,-3.568999e-01,6.154192e+00
2201,1.442204e-17,1.293583e-04,-8.586104e-06,5.140944e-04,-2.975039e-01,5.657913e-01,5.333182e+00
2202,3.955229e-18,1.452841e-04,-7.790051e-06,5.054924e-04,-9.997250e-02,-1.763760e-01,6.093499e+00
2203,6.962565e-18,1.394478e-04,-3.519557e-06,5.404178e-04,-2.800510e-01,4.158756e-01,1.289629e+01
2204,1.310649e-18,1.382825e-04,-1.249834e-05,5.394130e-04,2.315584e-02,2.036753e-01,-3.696445e-02
2205,3.019601e-17,1.413574e-04,-1.411601e-05,4.940919e-04,9.406453e-01,1.042167e+00,4.248933e+00
2206,2.778978e-19,1.269539e-04,-1.054938e-05,4.911821e-04,-7.636390e-01,8.391380e-01,6.293679e+00
2207,3.206225e-18,1.273420e-04,-7.016451e-06,4.977518e-04,9.257207e-02,2.214872e+00,1.196975e+01
2208,5.161458e-17,1.317600e-04,-4.482109e-06,4.890908e-04,6.652892e-01,3.291807e-01,1.620074e+00
2209,1.376433e-18,1.429800e-04,-1.014228e-05,4.911875e-04,1.637893e-01,1.240489e-01,2.843948e+00
2210,3.842426e-18,1.413821e-04,-3.573985e-06,4.930182e-04,1.853581e-02,2.218301e-01,4.515989e+00
2211,7.879344e-18,1.271230e-04,-1.189812e-05,4.835391e-04,5.184745e-01,9.451577e-01,4.826776e+00
2212,2.031728e-18,1.350967e-04,-6.956402e-06,4.822821e-04,5.690378e-01,-1.695191e-01,2.012959e+00
2213,1.401422e-18,1.460933e-04,-7.815960e-06,4.841658e-04,-7.057670e-02,-2.056947e-01,-3.812745e-01
2214,2.871745e-18,1.320372e-04,-2.438224e-05,4.964665e-04,-6.972373e-02,5.762058e-02,-1.512224e+00
2215,8.221937e-19,1.320270e-04,-2.461053e-05,4.888713e-04,2.225974e-02,-3.444336e-01,-2.966772e+00
2216,1.206753e-17,1.359368e-04,-2.426783e-05,4.806199e-04,3.459121e-02,2.051367e-02,-1.238355e+00
2217,1.221194e-18,6.254827e-06,1.505783e-04,4.753569e-04,-8.442603e-01,-1.647440e+00,6.134327e-01
2218,2.062011e-18,5.956389e-07,1.499367e-04,4.751457e-04,8.894103e-01,-2.931146e-02,-2.903913e+00
2219,2.848015e-17,-1.094189e-04,1.797256e-05,4.981280e-04,-2.095988e+00,7.584148e-01,1.458308e+01
2220,2.619804e-18,-1.052423e-04,-2.026118e-05,4.847463e-04,-3.114543e+00,2.644483e-01,1.166527e+01
2221,1.572068e-17,-1.071335e-04,-2.029797e-05,4.891679e-04,-3.369570e+00,-1.119662e-01,1.161978e+01
2222,1.529631e-18,-1.035157e-04,1.063641e-09,4.970520e-04,3.162341e+00,-5.671291e-03,1.072744e+01
2223,5.275594e-17,-1.058167e-04,-7.509321e-06,4.953213e-04,7.832615e-01,1.154274e+00,8.776140e+00
2224,5.046336e-18,-1.026756e-04,7.021295e-06,4.814345e-04,1.147945e+00,8.789024e-01,7.677837e+00
2225,1.793853e-18,-1.046856e-04,1.406392e-05,4.958565e-04,-7.540614e-02,1.060938e-02,6.735107e+00
2226,2.189354e-18,-1.100699e-04,-1.323529e-05,4.891400e-04,-2.230824e-01,1.207383e-01,2.308072e+00
2227,2.926928e-18,-1.226437e-04,1.406014e-05,4.969307e-04,-1.811034e-01,-2.144457e-01,-8.266421e-01
2228,3.180050e-18,-1.070212e-04,5.468728e-06,4.907852e-04,-1.167133e-01,8.181129e-02,5.700274e+00
2229,4.960636e-18,-1.093877e-04,1.406240e-05,4.942309e-04,2.950325e-01,4.358176e-01,5.683782e+00
2230,3.478389e-18,-1.195275e-04,-1.092766e-05,4.876736e-04,-1.170418e+00,-9.943941e-01,3.005747e+00
2231,1.122402e-18,-1.132605e-04,1.796366e-05,4.833764e-04,3.480181e-01,2.140827e-01,2.874718e+00
2232,2.769200e-19,-1.050782e-04,5.860370e-06,4.810484e-04,7.780715e-01,-3.350343e-01,1.297154e+00
2233,5.468182e-18,-1.233843e-04,-1.547891e-06,4.935152e-04,-2.487438e-01,-7.959473e-02,1.805176e+00
2234,1.035043e-17,-1.117090e-04,2.593548e-06,4.907975e-04,-1.664846e-01,-2.987153e+00,3.952574e+00
2235,9.121671e-19,-1.042967e-04,-1.266110e-07,4.909586e-04,2.911806e+00,5.573967e-01,6.404061e+00
2236,8.137490e-19,-1.035157e-04,-1.819709e-08,4.943002e-04,3.723404e+00,-1.521809e-01,9.269525e+00
2237,1.955297e-18,-1.039092e-04,7.148623e-06,4.789011e-04,-5.245714e-01,3.550009e-01,7.393171e+00
2238,5.144640e-18,-1.046899e-04,1.406636e-05,4.880873e-04,3.445368e-02,-2.418029e-01,4.338173e+00
2239,3.553437e-17,-1.110391e-04,6.379247e-06,4.834980e-04,5.455915e-01,-8.239073e-01,2.488317e+00
2240,9.046689e-19,-1.089841e-04,7.663805e-06,4.781569e-04,2.433081e+00,1.644628e+00,-1.208350e+00
2241,3.540989e-18,-1.072175e-04,1.799104e-05,4.893300e-04,-1.238035e+00,-1.212649e+00,1.251383e+01
2242,7.038560e-19,-1.050781e-04,8.122777e-10,4.896236e-04,3.385267e+00,1.989371e-01,6.584590e+00
2243,9.368779e-19,-1.068443e-04,-1.011054e-07,4.865059e-04,1.918445e+00,8.985896e-02,4.455714e+00
2244,1.736598e-18,-1.084200e-04,-1.636858e-09,4.812859e-04,-4.217493e-01,-1.749035e-01,-1.574126e+00
2245,8.468714e-19,-1.074210e-04,1.784647e-05,4.815986e-04,5.580222e-01,2.329464e-01,5.088270e+00
2246,6.737572e-19,-1.180654e-04,-8.983739e-06,4.989763e-04,8.204548e-02,-1.980566e+00,1.499837e+01
2247,6.558039e-18,-1.023459e-04,-5.674130e-06,4.865874e-04,2.109420e-02,9.299727e-01,2.692063e+00
2248,5.302659e-18,-1.210936e-04,-1.562579e-05,4.802016e-04,1.105226e-01,-1.831493e-02,8.475982e-01
2249,2.306711e-18,-1.008391e-04,-5.418559e-06,4.805227e-04,-5.276713e-01,6.966537e-01,6.186492e-01
2250,1.279318e-17,-1.072395e-04,-9.431635e-06,5.054476e-04,1.886762e-01,1.496472e+00,1.432835e+01
2251,8.245298e-18,-1.203135e-04,-1.744046e-05,5.151932e-04,1.608955e-01,-8.204809e-02,1.396203e+01
2252,2.390256e-18,-1.101655e-04,-1.328875e-05,5.086874e-04,-1.157945e-01,1.608812e-01,7.497676e+00
2253,4.731313e-18,-1.101558e-04,-1.219301e-05,5.148605e-04,-1.737027e-01,-7.695627e-01,8.402605e+00
2254,5.091601e-18,-1.187505e-04,-6.251724e-06,5.189617e-04,7.498059e-01,-4.597089e-01,4.826144e+00
2255,4.288288e-18,-1.054682e-04,-3.902373e-06,5.236116e-04,-3.276339e-02,-5.061437e-02,5.335677e+00
2256,1.500083e-18,-1.078139e-04,-1.796640e-05,5.175030e-04,7.373796e-02,1.262517e-02,9.534317e-01
2257,2.649038e-17,-8.861635e-05,-8.478035e-06,4.897756e-04,-4.705612e+00,-1.736797e-01,1.107236e+01
2258,1.482750e-17,-9.635229e-05,-1.898440e-05,4.959922e-04,4.654302e-01,-1.707647e+00,9.631625e+00
2259,3.791851e-18,-9.613264e-05,-1.957132e-05,4.886765e-04,-2.024753e-01,8.604104e-02,7.633258e+00
2260,2.170403e-17,-9.542944e-05,-1.534053e-05,4.904592e-04,2.512199e+00,-1.460651e+00,6.308771e+00
2261,1.120754e-18,-8.750440e-05,-1.170480e-05,4.997745e-04,8.595717e-02,-7.561069e-01,3.467888e+00
2262,3.133596e-18,-8.750206e-05,-5.443683e-06,4.939326e-04,-3.716129e-02,9.584178e-02,1.818433e+00
2263,1.155460e-18,-9.843169e-05,-1.249680e-05,4.997609e-04,1.112180e-01,4.451899e-02,-1.439072e+00
2264,1.796906e-17,-8.723498e-05,-2.422022e-05,4.953912e-04,-6.407097e-01,1.928831e-01,3.305413e-01
2265,1.417668e-18,-8.047149e-05,-1.953684e-05,4.872830e-04,3.502328e-01,-5.067367e-01,4.608162e-01
2266,4.260459e-19,-8.710959e-05,-8.206045e-06,4.857312e-04,-4.176122e+00,-1.508871e-01,9.997735e+00
2267,1.525661e-18,-8.750746e-05,-2.313404e-06,4.818274e-04,1.422696e-01,-6.635506e-01,5.155644e-02
2268,4.509127e-18,-8.539119e-05,-7.884366e-06,4.827075e-04,-2.152762e+00,-1.535465e+00,7.943985e+00
2269,1.306076e-18,-9.610178e-05,-1.952987e-05,4.786790e-04,4.525156e-01,3.233303e-01,2.107230e+00
2270,5.801817e-19,2.734249e-06,-2.773425e-05,4.736703e-04,-4.864435e+00,9.680655e-01,-1.309279e+00
2271,4.378907e-17,5.680608e-06,-2.734605e-05,4.846204e-04,-7.616420e-01,3.604233e-02,9.204486e+00
2272,6.314058e-19,5.486556e-06,-4.492203e-05,4.701209e-04,6.359485e-01,2.677280e+00,-1.001163e+00
2273,1.357421e-16,9.142350e-06,-3.501594e-05,4.877857e-04,-1.430201e+00,7.185030e-01,6.481058e+00
2274,3.614136e-18,4.680419e-06,-3.905235e-05,4.993426e-04,-8.854763e-01,-2.180663e-01,1.065556e+01
2275,1.626062e-18,1.876885e-05,-2.809998e-05,4.864784e-04,3.568390e-01,7.670731e-01,1.395886e+00
2276,2.613047e-17,1.399298e-06,-3.719036e-05,4.807049e-04,-2.145119e-01,5.677495e-01,1.625154e+00
2277,4.539837e-18,7.030440e-06,-4.140884e-05,4.802670e-04,1.839307e-01,-3.223709e-02,1.022975e+00
2278,1.081468e-17,2.426409e-05,-2.885271e-05,4.979400e-04,-2.577368e-02,1.113234e-02,-1.277728e+00
2279,1.375280e-17,-1.745081e-05,-2.838400e-05,4.806744e-04,-5.832751e-01,1.181964e+00,8.685816e+00
2280,7.232671e-18,-1.341496e-05,-4.455508e-05,4.981643e-04,-1.985546e-01,1.444304e+00,4.344384e+00
2281,4.905770e-17,-3.113369e-06,-2.829136e-05,4.837447e-04,-1.010498e-01,-9.379058e-01,4.328043e+00
2282,7.971415e-19,-1.473600e-05,-2.874468e-05,4.982005e-04,4.350790e-01,-1.461035e-01,1.075726e+01
2283,1.607319e-17,-1.856375e-05,-3.163304e-05,4.922099e-04,-3.386957e-02,-1.552157e+00,1.600313e+01
2284,1.159261e-18,-4.663568e-06,-2.971066e-05,4.981870e-04,-3.453184e-02,1.046405e+00,1.296637e+01
2285,3.085278e-19,-1.757714e-05,-3.007409e-05,4.872858e-04,-1.353881e+00,-1.039952e+00,1.391058e+01
2286,2.622075e-18,-1.248772e-05,-4.845526e-05,4.790818e-04,1.571703e-02,-3.984235e-02,1.510533e+00
2287,4.856069e-18,-5.472251e-06,-3.561693e-05,4.985760e-04,1.119299e-01,1.909976e-01,-1.218465e+00
2288,4.570165e-18,-4.686797e-06,-2.968538e-05,4.911528e-04,3.411532e-02,-2.055268e-02,7.450852e+00
2289,2.195803e-18,-2.461012e-05,-4.452714e-05,4.975351e-04,3.849737e-02,-2.549657e-01,-2.577723e+00
2290,4.212650e-19,-1.367333e-05,-2.851366e-05,4.724396e-04,4.766551e+00,9.710571e-01,-9.968701e-01
2291,6.567205e-19,-7.061718e-06,-4.648240e-05,4.677703e-04,1.412856e+00,5.023162e-01,1.609166e+00
2292,1.457710e-18,-7.136201e-06,-4.726464e-05,4.663204e-04,7.091933e-01,1.440284e+00,-2.976938e+00
2293,2.538639e-18,4.999890e-05,1.797546e-05,5.390711e-04,2.604848e-03,2.627843e-02,2.261747e-01
2294,4.652379e-19,4.960815e-05,1.797341e-05,5.334097e-04,2.271592e-01,5.550125e-02,-2.790082e+00
2295,6.533014e-17,3.478348e-05,1.190984e-05,5.340698e-04,-5.241125e-01,1.527103e-01,7.138400e+00
2296,1.553058e-17,3.687079e-05,-1.521324e-05,5.491470e-04,-4.845729e+00,-7.615639e-01,2.566849e+01
2297,3.278403e-17,4.305859e-05,1.707457e-05,5.345531e-04,9.077980e-01,1.044715e+00,1.704713e+01
2298,4.393074e-17,4.007998e-05,-1.536924e-05,5.374171e-04,2.561731e+00,1.049676e-01,1.239984e+01
2299,3.524182e-18,3.905701e-05,-1.093773e-05,5.300367e-04,4.838682e-01,-4.575068e-01,8.883162e+00
2300,4.427003e-18,4.062170e-05,-1.093829e-05,5.482505e-04,5.139864e-02,1.676401e-01,1.211919e+01
2301,4.946230e-18,2.889858e-05,1.874731e-05,5.482494e-04,4.539585e-02,-8.001240e-02,5.424618e+00
2302,1.910264e-17,4.190622e-05,7.934202e-06,5.434640e-04,8.844987e-01,-7.807887e-01,4.420004e+00
2303,2.083458e-17,2.984638e-05,1.569894e-05,5.443277e-04,-2.714371e-01,4.451692e-01,7.859959e+00
2304,2.663586e-18,3.827998e-05,3.906185e-06,5.263008e-04,3.947013e-02,4.722566e-02,1.205040e+00
2305,3.580619e-19,3.789048e-05,-1.523937e-05,5.431229e-04,1.071591e+00,1.057747e+00,1.546152e+01
2306,1.551060e-18,4.609119e-05,-1.329691e-05,5.326574e-04,7.816486e-02,2.418666e-01,1.820863e+01
2307,2.088327e-17,3.354772e-05,-7.458177e-06,5.330716e-04,3.845462e+00,4.070216e+00,2.673681e+01
2308,7.372535e-18,4.609148e-05,-1.238686e-05,5.259700e-04,-2.096497e-01,1.086539e-01,1.928068e+01
2309,9.680482e-17,3.388939e-05,-2.736278e-06,5.108475e-04,-6.058635e-01,3.743349e-01,5.255742e+00
2310,7.762656e-17,2.934320e-05,1.226398e-05,5.178034e-04,-1.178113e+00,-5.254661e-01,5.249528e+00
2311,1.892998e-17,3.602422e-05,8.961585e-06,5.185529e-04,-2.186903e+00,-3.186315e-01,1.393205e+01
2312,1.905162e-17,4.150088e-05,1.762230e-06,5.132503e-04,-2.986946e-01,1.115812e+00,2.613282e+00
2313,1.445562e-17,4.770972e-05,-2.129725e-05,5.099795e-04,7.815288e-01,-1.158526e+00,1.697491e+01
2314,9.311019e-18,4.713324e-05,-1.247983e-05,5.106158e-04,6.512141e-01,-1.457838e-03,1.369602e+01
2315,2.211678e-18,2.811594e-05,-1.312055e-05,5.218257e-04,5.124117e-02,1.024054e+00,2.845165e+00
2316,9.910988e-19,2.735048e-05,-1.327405e-05,5.174620e-04,-4.783225e-01,-1.077533e+00,4.584381e+00
2317,1.177065e-18,3.671931e-05,-2.336420e-06,5.189841e-04,4.768916e-02,-5.279880e-02,1.489541e+00
2318,4.473726e-18,3.671978e-05,-7.829769e-06,5.122013e-04,1.406509e-02,-1.393955e-01,3.905143e-01
2319,3.364730e-18,3.984716e-05,-1.947615e-05,5.180860e-04,1.475277e-01,-2.705725e-01,-2.161884e-01
2320,2.160251e-18,3.982719e-05,9.260966e-06,5.142493e-04,-2.426534e+00,-8.165531e-01,1.328907e+01
2321,1.154395e-18,3.202416e-05,8.587726e-06,5.236022e-04,1.240863e-01,1.484122e-01,2.212315e+00
2322,5.327726e-18,4.067578e-05,1.328748e-05,5.236355e-04,-4.476675e-01,5.585109e-02,1.482373e+01
2323,9.554814e-18,4.376591e-05,8.592852e-06,5.236243e-04,-7.006355e-01,2.241616e-01,6.460215e+00
2324,2.029420e-16,5.506423e-05,-9.213094e-06,5.456696e-04,6.646383e-01,-1.909927e+00,1.945897e+01
2325,1.993943e-17,6.492964e-05,1.342743e-05,5.351409e-04,2.366153e+00,8.306775e-01,1.044627e+01
2326,2.715298e-17,6.018345e-05,1.224298e-05,5.347061e-04,-9.809377e+00,2.239765e+00,3.922059e+01
2327,7.871818e-17,5.538294e-05,1.738007e-05,5.311458e-04,-3.153405e-01,-2.614462e-01,5.589829e+00
2328,1.555228e-16,6.881849e-05,-9.650605e-06,5.109566e-04,3.978383e-01,3.880906e-01,8.261250e+00
2329,1.454048e-17,5.625500e-05,-2.113867e-06,5.199427e-04,-4.104128e-02,9.239208e-02,1.109225e+01
2330,9.725857e-19,6.952616e-05,-1.014496e-05,5.043984e-04,-2.812600e-01,-4.386831e-01,1.276826e+01
2331,3.064102e-18,5.236966e-05,-1.534384e-06,5.140196e-04,-1.015934e-01,1.748315e-01,9.593747e+00
2332,4.029121e-17,6.999730e-05,-6.287226e-06,5.214392e-04,3.571273e-01,1.503116e-01,7.110471e+00
2333,3.440484e-18,7.344042e-05,-3.900200e-06,5.086218e-04,-7.183619e-02,-5.092005e-01,9.164454e+00
2334,5.289535e-18,5.468904e-05,-9.374966e-06,5.035882e-04,3.096246e-01,1.221555e-01,6.755351e+00
2335,4.260775e-17,5.443467e-05,-5.943295e-06,5.259097e-04,-1.075277e-01,-2.205029e-01,1.383413e+01
2336,1.097012e-18,6.171520e-05,-7.022077e-06,5.159557e-04,7.955358e-02,-6.722037e-02,2.080958e+00
2337,4.639555e-18,5.311234e-05,-8.173390e-06,5.367141e-04,1.161209e+00,2.082236e-01,1.715290e+01
2338,3.460723e-17,6.727142e-05,2.622255e-06,5.489158e-04,2.591100e+00,1.682752e-01,1.614624e+01
2339,1.327821e-18,7.187483e-05,-1.250602e-05,5.438143e-04,1.428417e-02,3.637856e-03,5.998191e+00
2340,4.999457e-18,5.937296e-05,-1.718840e-05,5.409010e-04,3.146768e-02,1.046268e-01,3.857205e+00
2341,3.871710e-18,5.939631e-05,-1.716516e-05,5.355379e-04,-8.881593e-02,-2.575201e-01,4.515805e+00
2342,2.899387e-18,6.249966e-05,-1.406169e-05,5.420246e-04,-8.896098e-02,-1.298001e-01,1.453362e+00
2343,3.195774e-18,6.874997e-05,1.719627e-05,5.397540e-04,8.400749e-03,1.850775e-02,4.630806e+00
2344,1.123395e-16,1.404961e-05,9.648497e-05,5.258287e-04,8.775694e-01,-6.170822e-01,1.471867e+01
2345,3.004906e-17,1.268157e-06,8.307406e-05,5.392856e-04,-3.967234e-01,4.672009e-01,1.390560e+01
2346,3.792298e-18,1.695902e-05,9.681701e-05,5.388095e-04,1.149028e+00,-1.267818e+00,1.907405e+01
2347,3.385332e-17,1.718965e-05,9.163187e-05,5.260137e-04,-7.158750e-01,2.179984e-01,1.090181e+01
2348,7.387349e-18,2.483680e-06,8.670811e-05,5.311483e-04,-5.395106e-01,-3.246686e-01,1.058465e+01
2349,9.828438e-18,7.027361e-06,9.533301e-05,5.446603e-04,-6.799983e-02,8.568053e-01,6.476934e+00
2350,5.333280e-17,1.823049e-05,7.960771e-05,5.353930e-04,1.284972e-01,6.611106e-01,6.522434e+00
2351,9.236414e-18,1.002926e-05,9.288721e-05,5.282668e-04,-3.830172e-02,-1.363365e+00,8.073753e+00
2352,3.142268e-18,2.348437e-06,8.281340e-05,5.285214e-04,2.573425e-01,-5.236686e-02,1.021922e+01
2353,1.582580e-18,5.472866e-06,7.734570e-05,5.303996e-04,1.678168e-03,-4.550743e-02,1.178943e+01
2354,1.521922e-18,1.013767e-05,9.844539e-05,5.289142e-04,-4.931174e-01,-1.539622e-01,8.773423e+00
2355,1.278481e-18,7.856855e-07,9.765755e-05,5.377743e-04,-2.607436e-01,-2.684788e-02,7.298358e-01
2356,1.120180e-18,1.017340e-05,8.436208e-05,5.475203e-04,1.368790e-01,-7.562183e-02,-2.849558e-01
2357,1.848077e-17,5.480879e-06,7.785338e-05,5.230874e-04,4.341674e-02,-2.092846e-01,1.282976e+01
2358,4.560767e-18,2.343087e-06,8.280403e-05,5.120118e-04,-1.039045e-02,-1.825835e-01,5.429525e+00
2359,5.486535e-18,4.687889e-06,7.812684e-05,5.066992e-04,1.457075e-01,8.629062e-03,9.574027e+00
2360,3.093584e-18,7.358549e-07,9.207595e-05,5.054873e-04,-5.717053e-02,-9.431613e-01,1.706018e+00
2361,5.906275e-18,-1.184296e-05,8.406022e-05,5.302036e-04,3.652312e-01,-3.161586e-01,2.089325e+01
2362,1.020601e-16,-1.062734e-05,8.755341e-05,5.349428e-04,-3.500203e-01,1.536684e-01,7.491676e+00
2363,3.603358e-17,-9.655122e-06,8.417332e-05,5.114957e-04,5.319155e-01,1.037868e+00,1.746025e+01
2364,4.979953e-18,-1.172908e-05,7.952354e-05,5.385367e-04,-1.949436e-01,-1.917650e+00,2.255196e+01
2365,4.175919e-17,-8.227138e-06,9.584657e-05,5.407370e-04,1.184551e+00,-5.561989e-01,9.378726e+00
2366,6.397437e-17,-3.820757e-06,8.117055e-05,5.305725e-04,6.635434e-01,3.631614e-01,6.548014e+00
2367,1.007062e-17,-2.384849e-05,8.776665e-05,5.380225e-04,-6.008863e+00,1.443266e+00,6.575499e+00
2368,4.275865e-18,-1.014864e-05,8.552541e-05,5.390217e-04,2.569403e-01,9.430742e-01,9.309883e-01
2369,2.677648e-18,-1.170932e-05,8.593122e-05,5.054682e-04,-6.018955e-01,-5.140191e-01,1.046934e+01
2370,3.083799e-17,-7.440380e-06,7.965676e-05,5.130618e-04,6.369057e-01,1.401565e-01,7.462996e+00
2371,1.074880e-18,-1.007723e-05,8.220473e-05,5.028582e-04,1.821060e-01,-1.151475e-01,1.187659e+01
2372,5.187697e-18,-7.015232e-06,8.670247e-05,5.073336e-04,-4.444799e-01,4.382575e-02,4.385194e+00
2373,3.108354e-18,-1.561400e-06,8.829367e-05,5.132055e-04,-2.555733e-03,2.783635e-02,3.226235e+00
2374,5.049490e-18,-1.919553e-06,7.968693e-05,5.055556e-04,5.435520e-01,1.013791e-03,2.866084e+00
2375,3.776950e-18,1.797057e-05,7.109078e-05,5.178939e-04,4.759671e-02,1.737404e+00,7.036112e+00
2376,5.518558e-17,1.722518e-05,7.140787e-05,5.177360e-04,-1.259657e-01,1.704940e+00,6.837439e+00
2377,3.577589e-17,5.442002e-06,7.067103e-05,5.153546e-04,-2.147443e+00,1.299640e+00,1.935021e+01
2378,2.038837e-17,1.505712e-05,5.567787e-05,5.150262e-04,-1.595960e+00,1.576857e+00,1.051774e+01
2379,8.391737e-17,6.443438e-06,5.864815e-05,5.059916e-04,-5.456201e-01,-2.863691e-01,4.072021e+00
2380,4.751325e-18,5.867395e-06,5.859440e-05,5.209778e-04,-1.430351e+00,3.417424e-02,2.590409e+00
2381,3.734100e-17,3.312440e-07,3.195303e-05,4.782260e-04,6.430066e-01,2.632670e+00,1.379772e+00
2382,1.100240e-17,6.699843e-06,4.668898e-05,4.804520e-04,-9.947929e-01,-1.377644e+00,1.890174e+00
2383,2.422310e-17,2.410033e-05,2.926706e-05,4.789170e-04,-6.145445e-02,-1.213997e-02,-1.113339e+00
2384,3.316829e-18,7.818057e-06,4.843335e-05,4.954317e-04,5.003779e-03,-9.268670e-01,1.532190e+01
2385,2.584522e-16,-1.021464e-06,3.455491e-05,4.912801e-04,-3.017313e-01,-1.417588e+00,8.125986e+00
2386,5.032680e-18,8.365457e-06,3.750542e-05,4.836172e-04,-2.449866e+00,-1.036504e+00,8.555267e+00
2387,2.902839e-18,3.130701e-06,2.812322e-05,4.953724e-04,-1.245843e+00,-3.409344e-01,7.247920e+00
2388,3.090186e-18,7.894819e-06,4.759606e-05,4.887034e-04,1.804143e-01,1.721978e-01,9.499301e+00
2389,5.030609e-19,1.640584e-05,4.882731e-05,4.895998e-04,7.954179e-01,-5.640846e-01,1.976736e+00
2390,2.993092e-17,-1.952751e-06,2.893639e-05,4.992121e-04,-2.214344e+00,1.769705e-01,7.208435e+00
2391,4.573083e-17,1.066658e-05,3.830600e-05,4.902640e-04,-1.470013e+00,1.759875e-01,8.074677e+00
2392,1.362001e-18,-7.821920e-07,3.360936e-05,4.826018e-04,1.125213e-01,5.535358e-01,4.933362e+00
2393,1.514192e-18,1.557726e-05,4.684057e-05,4.896003e-04,-1.016106e+00,4.498537e-01,4.596926e-01
2394,4.033319e-18,1.015784e-05,2.891591e-05,4.981821e-04,-3.320170e-02,2.130990e-02,-6.842215e-02
2395,6.026098e-19,8.986526e-06,3.632828e-05,4.853717e-04,-2.164308e+00,1.017297e+00,8.680930e+00
2396,2.239720e-18,6.897639e-06,3.840940e-05,4.785946e-04,-3.740113e+00,1.138363e+00,6.442885e+00
2397,1.660815e-18,2.187982e-05,4.843516e-05,4.919653e-04,9.699492e-01,-1.527346e-01,6.380729e-01
2398,1.467570e-18,4.681440e-06,3.515235e-05,4.942995e-04,-3.608585e-01,-3.061168e-01,-4.115417e-02
2399,3.892459e-18,2.460955e-05,3.828376e-05,4.928679e-04,9.397411e-04,-1.627823e-02,-2.022365e+00
2400,5.764549e-18,-2.125173e-05,4.054132e-05,4.796822e-04,-7.241418e-01,1.170657e+00,1.050410e+01
2401,2.409580e-19,-2.148370e-05,4.101599e-05,4.740232e-04,-2.402297e+00,-1.638707e+00,2.692681e+00
2402,1.283283e-18,-2.101036e-05,4.054722e-05,4.724694e-04,3.349596e-01,6.904561e-01,-1.174008e+00
2403,3.558172e-19,-2.734522e-06,4.101531e-05,4.763635e-04,-1.306897e+00,-2.861189e-01,-2.910567e-01
2404,3.360576e-19,-1.288863e-05,4.570582e-05,4.732121e-04,4.887995e+00,1.747537e+00,-1.133029e+01
2405,2.102337e-17,-1.648773e-05,4.204589e-05,4.953779e-04,-3.040274e-01,4.721013e-01,1.449694e+01
2406,4.925818e-17,-2.372597e-05,3.638856e-05,4.807478e-04,-3.780692e-01,-4.842268e-01,1.451794e+00
2407,9.910323e-19,-1.579152e-05,4.335717e-05,4.846847e-04,-4.386930e-01,2.490332e+00,4.693941e+00
2408,1.524429e-17,-1.200541e-05,4.184930e-05,4.973110e-04,1.529852e+00,-1.259673e+00,1.073271e+01
2409,1.897347e-17,-1.045867e-05,2.735187e-05,4.886897e-04,1.334831e+00,1.787087e+00,1.896950e+00
2410,3.319898e-18,-1.559980e-05,4.138333e-05,4.923434e-04,1.352501e-01,1.886716e-01,1.788278e+01
2411,4.614771e-17,-2.416424e-05,3.593026e-05,4.957738e-04,1.263679e-01,-3.022171e-01,-5.425675e-01
2412,4.280639e-18,-1.566126e-05,4.290551e-05,4.817021e-04,3.564980e-01,-2.604221e-01,4.832954e+00
2413,7.183897e-17,-1.448495e-05,1.755391e-04,5.334249e-04,1.055756e+00,-1.001790e+00,5.743020e+00
2414,9.702900e-19,-6.255200e-06,1.742214e-04,5.437429e-04,-2.325512e-02,-4.478631e-02,1.927351e+00
2415,7.709164e-17,-7.618041e-06,1.935158e-04,5.479689e-04,-9.013076e-01,4.882401e-01,7.975913e+00
2416,4.584870e-19,-1.015040e-05,1.847630e-04,5.460305e-04,4.909473e-02,3.100181e-01,1.657538e+00
2417,4.612160e-18,3.127786e-06,1.851537e-04,5.287951e-04,-3.826936e-02,-2.277257e-01,9.957293e+00
2418,1.319710e-18,3.125196e-06,1.851513e-04,5.400582e-04,-5.827301e-02,-7.131748e-03,1.064943e+01
2419,6.721082e-17,4.033614e-06,1.833059e-04,5.479983e-04,-6.309415e-01,-3.325879e-02,1.456095e+01
2420,1.438752e-16,8.276814e-06,1.718129e-04,5.353885e-04,9.125399e-01,-1.857180e-01,5.162942e+00
2421,2.956525e-18,9.373975e-06,1.906269e-04,5.471576e-04,-2.502910e-01,2.721435e-03,2.605775e+00
2422,7.166762e-19,1.947888e-05,1.964876e-04,5.483256e-04,1.980544e+00,1.847098e-01,5.450937e-03
2423,9.255567e-18,-8.510041e-06,1.578417e-04,5.202209e-04,1.056474e+00,9.967898e-02,8.990084e+00
2424,3.654252e-18,-1.087103e-05,1.640663e-04,5.199811e-04,-2.825466e-01,-2.154307e-02,1.045888e+01
2425,1.313746e-18,-1.012809e-05,1.734291e-04,5.051749e-04,-7.781285e-01,1.983457e-01,7.996195e+00
2426,2.020355e-17,-1.005131e-05,1.634233e-04,5.062584e-04,1.567534e+00,5.415189e-01,7.102678e+00
2427,3.350678e-18,-1.013136e-05,1.687552e-04,5.194117e-04,1.192087e+00,1.178892e-01,1.285806e+01
2428,1.145101e-18,-7.022909e-06,1.586029e-04,5.251554e-04,4.711267e-02,1.620352e-01,6.559806e+00
2429,9.135379e-18,-1.144809e-05,1.695328e-04,5.231988e-04,1.363356e+00,2.479198e-02,8.966641e+00
2430,4.671178e-18,-9.366958e-06,1.687466e-04,5.098249e-04,5.656192e-01,-4.944770e-02,9.293208e+00
2431,9.799884e-18,-4.682943e-06,1.658682e-04,5.218733e-04,3.249258e-02,2.275063e-01,9.959255e+00
2432,2.905745e-17,-1.399600e-08,1.640586e-04,5.124224e-04,7.482684e-01,1.151653e-02,9.354287e+00
2433,2.761780e-18,-2.373442e-06,1.531206e-04,5.163891e-04,4.626103e-03,-6.001373e-02,6.317416e+00
2434,6.009420e-18,-8.613323e-06,1.649983e-04,5.141179e-04,-4.680877e-01,-2.815368e-01,1.033346e+01
2435,1.392102e-17,3.933729e-07,1.531241e-04,5.269702e-04,3.396683e-01,7.129249e-02,7.415372e+00
2436,8.222998e-18,-2.133591e-05,1.662282e-04,5.273226e-04,-4.059255e-01,6.959719e-01,4.277344e+00
2437,9.449603e-17,1.046849e-05,1.571941e-04,5.480698e-04,1.007115e+00,-7.086612e-02,7.078617e+00
2438,2.108218e-17,1.155065e-05,1.561706e-04,5.242100e-04,-2.559634e-01,-4.018952e-01,5.418126e+00
2439,1.457443e-18,3.904308e-06,1.617196e-04,5.197860e-04,-4.192193e-02,2.096708e-01,2.626178e+00
2440,7.621379e-18,1.245307e-05,1.585952e-04,5.084936e-04,-2.667584e-01,2.525562e-01,2.847902e+00
2441,3.639648e-18,1.475983e-05,1.718716e-04,5.157873e-04,-6.136630e-01,4.221838e-01,5.789596e-01
2442,1.534318e-18,1.094720e-05,1.507795e-04,5.318980e-04,3.573368e-02,-9.441918e-02,4.045034e+00
2443,1.253987e-18,1.722487e-05,1.687445e-04,5.497401e-04,6.789676e-01,2.725844e-03,1.381433e+01
2444,1.876902e-16,-4.356829e-06,1.639689e-04,5.462355e-04,4.956607e-01,6.097888e-01,1.388393e+01
2445,3.794781e-16,1.376474e-05,1.308751e-04,5.449441e-04,4.250935e-01,-2.696816e-01,8.388427e+00
2446,4.103061e-17,-7.985570e-06,1.715235e-04,5.305438e-04,-1.116441e+00,-2.705623e+00,1.723269e+01
2447,4.115125e-17,-1.288776e-05,1.617708e-04,5.458443e-04,-7.154939e-01,-9.083376e-01,1.595784e+01
2448,2.684386e-18,-1.094978e-05,1.640523e-04,5.314726e-04,-1.409604e-01,5.406440e-03,1.312518e+01
2449,1.128676e-18,-3.912124e-06,1.585909e-04,5.311254e-04,-1.275824e-01,-2.890786e-02,6.667595e+00
2450,5.352639e-18,-1.875021e-05,1.625009e-04,5.289332e-04,2.988948e-01,1.197609e-01,7.280188e+00
2451,2.278349e-18,-2.112837e-05,1.734298e-04,5.457071e-04,1.688097e-01,-8.961433e-02,2.423586e+00
2452,2.157053e-18,1.016793e-05,1.320329e-04,5.351955e-04,9.406574e-03,-1.167945e-02,6.721482e+00
2453,1.321897e-18,6.263933e-06,1.265621e-04,5.296289e-04,-8.150146e-02,-6.809522e-03,7.273838e+00
2454,2.819882e-18,4.689928e-06,1.468738e-04,5.353002e-04,7.170899e-02,-3.940336e-02,6.001203e+00
2455,1.228258e-18,2.349847e-06,1.359355e-04,5.333302e-04,1.323762e-01,1.056253e-02,5.409450e+00
2456,8.521209e-17,-4.413902e-06,-1.426147e-04,4.781144e-04,3.628438e+00,-1.713298e+00,-2.012067e+00
2457,7.449973e-17,1.171204e-05,-1.520123e-04,4.837573e-04,1.060729e+00,-8.738671e-01,3.095150e+00
2458,2.094558e-17,-1.587357e-05,-1.277743e-04,4.954324e-04,3.841409e-01,2.394712e+00,1.357651e+01
2459,2.047458e-16,-3.295600e-06,-1.286172e-04,4.949647e-04,5.491034e-01,8.303248e-01,7.885564e+00
2460,4.159951e-17,-1.190437e-05,-1.326868e-04,4.840811e-04,-1.869766e+00,-9.991581e-01,4.110561e+00
2461,7.267417e-17,1.941118e-05,-1.365117e-04,4.860737e-04,1.329512e+00,-5.187208e-01,5.614816e-01
2462,3.089764e-17,4.697220e-06,-1.419605e-04,4.879389e-04,-1.776321e-01,7.252629e-01,3.528785e+00
2463,6.538756e-18,-1.250022e-05,-1.500018e-04,4.978797e-04,3.340874e-03,6.522538e-02,6.975332e+00
2464,8.515237e-17,2.365978e-05,-1.382949e-04,4.910200e-04,-2.712554e-02,1.427274e-02,-5.243290e-01
2465,2.703101e-18,7.814056e-06,-1.304836e-04,4.907552e-04,3.965346e-02,-2.627823e-01,7.019102e-01
2466,3.758224e-17,6.536513e-06,-1.385166e-04,4.803709e-04,6.108778e-02,-1.534811e-01,-4.697774e-01
2467,1.292180e-17,5.857475e-06,-1.383137e-04,4.920694e-04,-9.334991e-01,1.412431e-01,5.825062e-01
2468,8.685008e-19,2.468793e-06,-1.271922e-04,4.802709e-04,-6.238059e-02,6.368479e-02,3.151578e-01
2469,5.551151e-18,1.718948e-05,-1.240167e-04,4.958038e-04,-1.263892e-01,1.384890e+00,-1.051061e+00
2470,4.955253e-17,4.125308e-06,-1.277027e-04,5.040057e-04,3.820173e-01,1.119877e-01,4.752598e+00
2471,2.451583e-17,3.113306e-06,-1.479415e-04,4.987356e-04,1.942442e-01,-6.376343e-01,3.704369e+00
2472,2.424095e-18,2.336350e-06,-1.414089e-04,5.009600e-04,7.707756e-02,1.303960e-01,2.533779e+00
2473,1.838053e-17,1.106316e-05,-1.476887e-04,4.801975e-04,-1.752737e+00,-1.532682e+00,2.738840e+00
2474,1.718896e-18,7.813946e-06,-1.257809e-04,4.833746e-04,1.025092e-01,2.498701e-01,-8.794812e-01
2475,9.647976e-18,2.427092e-05,-1.398676e-04,4.981237e-04,-5.906717e-02,1.063757e-02,-1.283444e+00
2476,3.081224e-18,-1.322645e-05,-1.281694e-04,4.983871e-04,8.834494e-01,4.353710e-01,1.171443e-01
2477,1.923865e-17,-1.956133e-05,-1.452337e-04,4.820949e-04,1.103262e+00,5.963738e-01,2.260376e+00
2478,1.169594e-17,-9.397808e-06,-1.398790e-04,4.953264e-04,4.964512e-02,-5.514219e-01,2.300321e+00
2479,1.965227e-17,-4.959720e-06,-1.493072e-04,4.934462e-04,-5.675099e-01,-7.053232e-01,1.625504e+00
2480,2.237284e-18,-9.376025e-06,-1.498962e-04,4.909790e-04,6.750198e-02,-5.713791e-01,1.466026e+00
2481,2.775074e-18,-9.365481e-06,-1.351556e-04,4.884360e-04,-2.881017e-02,-5.695642e-01,4.762649e+00
2482,4.726482e-18,-1.484063e-05,-1.463850e-04,5.024570e-04,9.973315e-01,9.195460e-01,7.717027e+00
2483,3.497726e-18,-1.332609e-05,-1.414507e-04,4.969394e-04,-3.512141e-01,-3.392727e-01,1.980812e+00
2484,3.015547e-19,-1.601832e-05,-1.292965e-04,4.903953e-04,6.189309e-01,1.675141e-01,9.821129e+00
2485,7.252496e-18,-2.122911e-06,-1.272477e-04,4.834108e-04,2.585640e-02,6.332243e-01,8.057388e+00
2486,4.675693e-18,-2.440141e-05,-1.429705e-04,4.864054e-04,-9.975307e-02,-1.366910e-02,-1.714705e+00
2487,3.048951e-19,5.860115e-06,-1.292956e-04,4.732386e-04,2.245291e+00,-4.093737e-01,-7.439445e-01
2488,3.210993e-19,1.210982e-05,-1.503881e-04,4.716768e-04,-2.818909e-01,-8.223737e-01,-5.946971e+00
2489,2.253370e-18,-9.720113e-06,-1.347826e-04,4.754189e-04,-3.712751e-01,-1.436855e+00,-6.351841e-01
2490,1.879988e-18,-3.646799e-06,-1.271810e-04,4.747364e-04,-7.541132e-01,-2.212043e-01,-4.941493e+00
2491,2.477439e-17,-1.193878e-06,-1.050423e-04,5.493623e-04,-3.223259e-01,-1.066675e+00,1.332549e+01
2492,1.193646e-16,-1.715060e-05,-1.251776e-04,5.473313e-04,-1.413708e+00,5.390433e-01,1.127905e+01
2493,4.584360e-18,-3.126214e-06,-1.265611e-04,5.257769e-04,-2.068618e-02,7.597160e-02,9.931595e+00
2494,7.207555e-17,-5.186175e-06,-1.450773e-04,5.372902e-04,1.602521e+00,-1.026650e+00,1.081601e+01
2495,8.621806e-18,-4.012860e-06,-1.253850e-04,5.362982e-04,4.451298e-01,1.181148e+00,1.358678e+01
2496,6.614970e-17,1.941933e-06,-1.404991e-04,5.258769e-04,2.427386e-01,2.280276e-01,5.372590e+00
2497,1.069087e-17,-7.037493e-06,-1.240451e-04,5.393974e-04,7.249130e-02,3.999112e-01,1.211357e+01
2498,7.180100e-18,-1.640821e-05,-1.421872e-04,5.320620e-04,-9.041222e-02,-2.578106e-02,5.147515e+00
2499,2.864265e-18,-7.813239e-06,-1.304696e-04,5.418666e-04,1.868964e-01,-1.417086e-01,5.996913e+00
2500,5.591764e-18,-1.539751e-05,-1.335925e-04,5.418233e-04,-2.333925e-01,2.018597e-02,5.807086e+00
2501,1.438004e-18,-2.345142e-06,-1.335922e-04,5.274016e-04,1.613474e-02,6.709741e-02,2.675417e+00
2502,6.436250e-18,2.345211e-06,-1.333706e-04,5.385986e-04,7.329608e-03,-4.153136e-01,4.140045e+00
2503,1.853919e-16,7.125959e-06,-1.174786e-04,5.395247e-04,-4.000392e-01,-1.219955e-01,6.489160e+00
2504,2.444552e-17,-3.082536e-06,-1.071323e-04,5.440272e-04,2.253616e-02,-2.853429e+00,1.976630e+01
2505,1.458367e-17,-5.335913e-06,-1.135497e-04,5.490628e-04,9.094931e-01,-1.044330e+00,9.731344e+00
2506,2.974768e-18,-7.802387e-07,-1.124996e-04,5.462596e-04,-4.719999e-02,-4.872235e-02,6.551583e+00
2507,1.443567e-18,-1.719307e-05,-1.179697e-04,5.311995e-04,-5.810563e-02,5.891876e-02,2.266417e-01
2508,2.102834e-18,-1.250440e-05,-1.070233e-04,5.478705e-04,-4.210368e-02,1.350328e-02,-3.044230e-01
2509,1.482800e-16,9.737512e-06,-1.058161e-04,5.064006e-04,-6.816675e-01,-2.848858e-01,3.790996e+00
2510,1.706062e-17,-1.114028e-05,-1.102765e-04,5.202179e-04,-2.646519e-01,-2.277557e+00,2.615292e+01
2511,4.299223e-17,4.363118e-07,-1.028535e-04,5.053341e-04,-1.380038e+00,-5.022038e-01,1.122080e+01
2512,3.724834e-18,-1.484522e-05,-1.132826e-04,5.148374e-04,-2.114594e+00,1.714530e+00,6.690264e+00
2513,2.799759e-16,-1.246682e-05,-1.138426e-04,5.091753e-04,-5.876783e-01,8.185047e-01,6.584404e+00
2514,6.289604e-17,-3.679557e-06,-1.181906e-04,5.162837e-04,3.060581e+00,5.829936e-01,1.376899e+01
2515,2.512793e-18,-9.369473e-06,-1.218731e-04,5.063106e-04,1.140600e+00,1.855816e-01,8.843255e+00
2516,1.003042e-17,7.848992e-06,-1.257740e-04,5.150922e-04,4.145471e-01,9.598920e-02,5.512473e+00
2517,7.448634e-18,-1.484336e-05,-1.039028e-04,5.216973e-04,3.209805e-02,-3.150233e-01,4.668308e+00
2518,8.942154e-17,-1.486587e-05,-1.039260e-04,5.218728e-04,2.921236e-02,-3.065413e-01,4.541026e+00
2519,1.378524e-18,7.811655e-06,-1.257480e-04,5.051611e-04,2.887301e-02,2.626609e-01,2.253517e+00
2520,2.460597e-17,5.128753e-06,-1.219423e-04,5.049124e-04,1.412474e+00,-1.588887e+00,6.080520e+00
2521,3.486612e-18,-3.132483e-06,-1.116984e-04,5.155351e-04,-2.761915e+00,3.752537e-01,9.528570e+00
2522,6.109926e-18,1.093403e-05,-1.179666e-04,5.120684e-04,-7.077859e-02,-2.857286e-01,6.045605e+00
2523,6.239878e-17,-6.366513e-06,-1.068830e-04,5.227080e-04,-2.243584e+00,3.380707e-01,8.838644e+00
2524,1.215375e-18,-7.816201e-07,-1.148426e-04,5.036241e-04,-1.647885e-01,7.725612e-02,5.136150e+00
2525,1.707939e-17,-6.526548e-06,-1.154502e-04,5.202276e-04,1.215778e+00,4.729115e-01,3.401911e+00
2526,4.168656e-18,-1.331163e-05,-1.281518e-04,5.206664e-04,-4.542280e-01,-4.111616e-01,5.386582e+00
2527,2.851341e-18,-3.903923e-06,-1.351553e-04,5.209546e-04,-8.216881e-02,4.849003e-02,2.019383e+00
2528,4.571232e-17,1.926787e-05,-1.409573e-04,5.163777e-04,9.231119e-01,5.197905e-01,1.645612e+00
2529,3.483168e-18,8.604300e-06,-1.390641e-04,5.094521e-04,-5.754957e-01,-5.808924e-02,6.021326e-01
2530,1.630937e-18,1.087079e-05,-1.906995e-04,4.707610e-04,-1.874929e-01,3.605295e-01,-3.877414e+00
2531,8.966909e-19,1.343750e-05,-1.868563e-04,4.747860e-04,-4.648372e-01,3.641695e-01,-2.358948e+00
2532,1.259505e-18,-6.243787e-06,-1.863287e-04,4.735502e-04,-1.007089e+00,-8.292168e-01,-3.435299e+00
2533,2.178697e-18,-6.348097e-06,-1.835850e-04,4.956677e-04,-9.858935e-01,-2.743791e-01,1.305936e+01
2534,4.695184e-17,-2.395867e-05,-1.808278e-04,4.949214e-04,2.551314e-01,8.513973e-02,4.576144e-01
2535,2.715059e-18,-1.562073e-06,-1.960904e-04,4.953708e-04,-1.157183e-01,3.349752e-01,3.039023e+00
2536,1.357279e-18,-7.032192e-06,-1.953420e-04,4.989818e-04,-1.111181e+00,1.443289e-01,2.409066e+00
2537,2.885772e-17,-2.416980e-05,-1.906896e-04,4.828309e-04,7.162751e-02,-1.539323e-01,-8.487092e-01
2538,1.738029e-18,-6.241959e-06,-1.835937e-04,4.932985e-04,4.210940e-01,5.390633e-01,1.225282e+01
2539,2.252289e-18,-9.188281e-06,-1.780084e-04,4.944207e-04,-7.956307e-01,2.906246e+00,1.630034e+01
2540,1.598006e-17,-6.469586e-06,-1.882838e-04,4.797399e-04,1.573841e+00,-7.735249e-01,5.267057e-01
2541,2.577748e-17,-1.168597e-05,-1.742785e-04,4.800131e-04,1.052897e+00,-5.904153e-03,1.478772e+00
2542,5.017044e-19,-5.859692e-06,-1.839834e-04,4.907845e-04,-3.696621e-01,3.829902e-01,1.035387e+01
2543,2.479053e-19,-6.641351e-06,-1.832023e-04,4.904102e-04,-2.688144e-01,-8.001400e-01,1.023174e+01
2544,1.518003e-17,-6.240480e-06,-1.835847e-04,4.833233e-04,3.892988e-02,-1.548564e-01,6.142145e+00
2545,3.736349e-18,-3.853131e-06,-1.894732e-04,4.774274e-04,-3.466937e-01,-1.230835e-01,3.564891e-01
2546,2.153160e-17,-2.412426e-05,-1.954156e-04,4.972620e-04,3.062805e-02,2.326508e-02,-1.076635e+00
2547,3.002423e-17,3.126974e-06,-2.042969e-04,4.619195e-04,3.962787e-02,-4.309383e-01,-8.522700e+00
2548,8.080965e-19,9.764987e-06,-2.203727e-04,4.693356e-04,-4.232417e+00,-2.863869e+00,-5.654743e+00
2549,1.689046e-18,1.146028e-05,-2.181992e-04,4.747551e-04,8.234783e-02,-1.764755e+00,2.506729e+00
2550,2.607462e-19,9.768221e-06,-7.617069e-05,4.771401e-04,-2.727032e-01,4.103026e+00,-6.753047e+00
2551,1.720341e-18,1.171620e-05,-1.078018e-04,4.763529e-04,4.723880e-01,3.591761e-01,-1.841621e+00
2552,7.847225e-17,1.087256e-05,-9.826592e-05,4.854430e-04,5.796554e-01,5.857456e-01,5.389187e+00
2553,2.690409e-17,2.405582e-05,-1.214348e-04,4.988766e-04,-3.961219e-02,-1.423303e-02,-9.291352e-01
2554,1.065164e-17,1.172953e-05,-1.077982e-04,4.932195e-04,8.400786e-02,-3.857540e-01,8.923476e+00
2555,2.459038e-17,7.028619e-06,-1.077521e-04,4.834389e-04,-1.774361e-01,-1.670482e-01,2.488098e+00
2556,1.239597e-18,2.358035e-06,-1.117186e-04,4.958597e-04,-1.225639e+00,6.669113e-02,4.066816e+00
2557,5.737245e-19,9.769552e-06,-9.960984e-05,4.923562e-04,-4.040766e+00,1.681790e+00,5.927231e+00
2558,2.154972e-18,1.784968e-05,-1.117441e-04,4.952867e-04,8.062636e-02,1.035642e+00,-2.702572e+00
2559,3.909888e-18,2.460944e-05,-1.117157e-04,4.897565e-04,5.426196e-03,2.732289e-02,-2.447849e+00
2560,2.826689e-17,1.679351e-05,-9.295379e-05,4.830356e-04,1.189366e+00,-3.679825e-01,1.553482e-01
2561,1.981754e-17,1.604193e-05,-7.814992e-05,4.890629e-04,-4.282401e-01,1.829902e+00,4.105666e+00
2562,7.654195e-19,8.460766e-06,-8.216567e-05,4.849507e-04,2.450356e-01,-3.403699e-02,3.122330e+00
2563,4.324337e-18,5.464543e-06,-9.417399e-05,4.845614e-04,-9.717151e-02,1.911396e-01,2.727203e-01
2564,1.405301e-18,1.014919e-05,-8.201363e-05,4.919670e-04,-3.476936e-01,6.475000e-01,5.439317e+00
2565,2.307454e-18,1.163065e-05,-8.749951e-05,4.995839e-04,5.516577e-01,-1.738040e-01,2.782453e+00
2566,2.703618e-17,2.407532e-05,-8.747914e-05,4.945756e-04,-2.700675e-02,2.025271e-02,-4.281987e-01
2567,2.182446e-18,2.460919e-05,-8.984457e-05,4.857934e-04,-8.778836e-02,1.149256e-01,-2.814594e+00
2568,5.027321e-17,-8.585345e-06,-1.715501e-04,4.548753e-04,-6.378322e-02,1.744879e-01,-9.590806e+00
2569,7.157861e-19,-6.997775e-06,-1.667965e-04,4.771330e-04,-7.017196e-01,-4.211404e-01,5.039461e+00
2570,3.221383e-17,1.484310e-05,-1.554904e-04,4.859349e-04,-9.993083e-01,-4.510343e-01,1.519328e+01
2571,2.694798e-17,2.427440e-06,-1.528310e-04,4.771617e-04,-5.429208e-01,2.227787e-02,-1.150828e+00
2572,1.106113e-16,9.478751e-06,-1.683704e-04,4.946167e-04,-7.267260e-01,-3.510029e-01,7.704891e+00
2573,4.497694e-19,1.211481e-05,-1.542980e-04,4.888282e-04,-1.053253e+00,8.604967e-01,3.974534e+00
2574,1.792552e-16,-1.134141e-05,-1.696006e-04,4.887836e-04,-7.089469e-01,-4.817754e-01,6.487952e+00
2575,1.845512e-17,-1.739608e-05,-1.664697e-04,4.889557e-04,-5.564416e-01,-2.130528e+00,1.811461e+01
2576,3.055255e-17,-2.402957e-05,-1.574638e-04,4.817287e-04,-1.214982e-02,1.991487e-02,-8.299624e-01
2577,2.069676e-17,-2.292090e-06,-1.650477e-04,4.942945e-04,-1.471257e+00,-1.459967e+00,5.047907e+00
2578,5.833322e-18,-1.016038e-05,-1.633036e-04,4.926999e-04,-3.921024e-01,-1.342948e+00,7.762425e+00
2579,8.484771e-18,-1.247557e-05,-1.672694e-04,4.983184e-04,-1.021009e+00,-8.592216e-02,9.625535e+00
2580,3.534959e-17,-1.367081e-05,-1.598936e-04,4.819537e-04,7.615066e-01,-9.718296e-01,2.325769e+00
2581,2.140966e-17,-3.521744e-06,-1.645830e-04,4.821926e-04,-4.324735e-02,-6.722449e-01,1.887584e+00
2582,7.694821e-18,-1.083816e-05,-1.617610e-04,4.849472e-04,-1.694321e+00,-1.956566e-01,3.426861e+00
2583,2.716802e-19,-9.762007e-06,-1.628900e-04,4.981998e-04,7.761732e-01,-6.203607e-01,7.714941e+00
2584,1.331009e-18,-5.433196e-06,-1.695229e-04,4.919668e-04,4.897395e-01,2.123273e-01,7.623399e-01
2585,3.567755e-18,-7.189585e-06,-1.680705e-04,4.787426e-04,-6.553085e-01,-1.045475e+00,3.991066e+00
2586,2.786212e-18,-3.888022e-06,-1.695422e-04,4.822044e-04,-6.740491e-01,2.819037e-01,-3.061489e-01
2587,1.118077e-17,-2.428269e-05,-1.695003e-04,4.900779e-04,2.281083e-02,-8.476802e-02,-1.314259e+00
