droplet_id,volume,ux,uy,uz,vx,vy,vz
1,7.992857e-12,9.301325e-08,3.211457e-08,3.866700e-04,5.193875e-03,1.047167e-02,-9.523853e+00
2,6.386248e-19,1.046932e-04,1.445050e-05,4.754940e-04,-1.948907e-02,5.901198e-01,-1.490510e+00
3,2.682111e-19,1.183587e-04,4.296681e-06,4.778282e-04,-2.976665e-02,-7.652544e-01,3.038583e+00
4,1.248580e-17,1.203700e-04,1.420523e-05,4.814599e-04,-7.108730e-01,-5.689455e-01,5.921945e+00
5,6.429494e-19,1.203410e-04,1.288962e-05,4.723490e-04,2.715556e-01,-8.253788e-01,-5.865934e+00
6,1.370304e-18,1.343504e-04,-7.398129e-07,4.754927e-04,-3.844056e-01,3.577485e-01,-2.323315e-01
7,2.950406e-19,1.371083e-04,8.982402e-06,4.731382e-04,1.631562e+00,4.724312e-01,-2.007477e+00
8,2.386701e-19,1.300786e-04,4.296441e-06,4.762692e-04,2.559145e-01,1.322613e+00,-1.669243e+00
9,1.383535e-18,1.299251e-04,5.580368e-06,4.786208e-04,-2.707921e-01,2.675120e-01,1.268505e+00
10,1.849954e-18,5.413016e-05,-5.389856e-06,5.027792e-04,9.978833e-02,-1.979803e+00,1.485219e+01
11,6.306496e-18,5.937060e-05,-1.718609e-05,5.034852e-04,-2.275554e-01,-3.125987e-02,9.929680e-01
12,5.822119e-19,6.289061e-05,-1.954097e-06,4.789368e-04,-1.190249e+00,1.571988e+00,4.032376e+00
13,2.701780e-19,5.429735e-05,-1.953341e-06,4.941923e-04,1.389992e+00,2.505163e+00,1.170805e+01
14,1.804375e-18,7.187432e-05,-1.260585e-05,5.277306e-04,-4.309331e-02,-2.979182e-01,7.603057e+00
15,1.088355e-18,7.421663e-05,-8.591681e-06,5.188070e-04,-8.878365e-02,-2.612099e-01,6.038863e+00
16,3.225800e-18,5.937465e-05,-1.718754e-05,5.260995e-04,-3.870691e-02,-1.563942e-01,4.792077e+00
17,8.065506e-19,6.156756e-05,-6.908055e-06,5.081307e-04,-2.354933e-02,-3.738234e-01,4.183219e+00
18,2.142275e-16,7.775713e-05,-4.873783e-06,5.475975e-04,-5.404724e-01,-8.295780e-01,1.541422e+01
19,4.226386e-18,4.062411e-05,-1.091988e-05,5.233027e-04,4.613518e-01,-2.676138e-01,1.312430e+01
20,2.307049e-18,2.735201e-05,-1.326466e-05,5.069542e-04,-1.087910e-01,-5.227550e-01,5.285621e+00
21,3.549811e-18,3.905190e-05,-1.092831e-05,5.116174e-04,3.793521e-01,-4.224680e-01,1.037341e+01
22,2.646618e-18,2.816436e-05,-1.318961e-05,5.147015e-04,-2.038856e-01,-1.112619e-01,2.622900e+00
23,1.343527e-18,3.280816e-05,-6.242871e-06,5.096336e-04,8.182954e-02,-1.143426e-01,2.137224e+00
24,3.492695e-18,3.672384e-05,-7.822408e-06,5.108114e-04,-3.938294e-02,-7.469753e-03,1.649429e+00
25,1.082589e-18,3.673038e-05,-2.360861e-06,5.157237e-04,-2.310119e-01,1.118819e-01,1.050647e+00
26,2.784823e-18,3.985663e-05,-1.953306e-05,5.176939e-04,-2.865175e-02,-1.859997e-02,5.105529e-01
27,3.201881e-18,2.421420e-05,-9.366194e-06,5.435407e-04,-6.255932e-01,4.849600e-01,6.058481e+00
28,3.575353e-17,7.379364e-05,-9.814340e-06,5.471322e-04,-5.384822e-01,1.027653e+00,1.370236e+01
29,2.883878e-17,5.534331e-05,-1.007405e-05,5.405184e-04,-5.011966e-01,6.526808e-01,4.750876e+00
30,4.808436e-18,5.468411e-05,-3.128759e-06,5.446593e-04,8.778421e-02,2.484601e-02,7.152724e+00
31,2.930828e-18,6.249857e-05,-1.406008e-05,5.356921e-04,-2.575008e-02,6.241382e-02,5.319820e+00
32,4.789149e-18,5.937262e-05,-1.719755e-05,5.323618e-04,3.090782e-02,-6.013991e-03,5.116669e+00
33,3.031361e-18,4.999377e-05,1.718283e-05,5.139274e-04,1.370983e-01,1.171662e-01,2.298761e+00
34,2.376845e-18,5.078287e-05,1.015580e-05,5.493714e-04,-4.703999e-02,-7.907554e-03,1.015979e+01
35,2.473594e-18,5.000025e-05,1.796936e-05,5.357022e-04,-1.563200e-02,1.129480e-01,3.156671e+00
36,7.182065e-18,7.187261e-05,7.432440e-06,5.074725e-04,-1.066080e-02,-3.529640e-01,7.316789e+00
37,2.521040e-19,5.507927e-05,1.132822e-05,5.027697e-04,-4.057635e-01,-9.356661e-01,3.390963e+00
38,6.050245e-18,5.702840e-05,7.727288e-06,5.443198e-04,-2.979117e-02,1.315982e-01,6.312666e+00
39,2.975148e-18,6.874823e-05,1.719677e-05,5.327024e-04,-2.946617e-02,2.907742e-01,4.556978e+00
40,5.043748e-18,7.187372e-05,1.481959e-05,5.384109e-04,-1.782417e-01,9.615457e-02,5.003891e+00
41,2.545597e-17,2.279351e-05,1.712624e-05,5.266498e-04,1.031867e-01,-3.118559e-01,8.047813e+00
42,3.094552e-18,6.171220e-05,1.924903e-06,4.916762e-04,-6.542335e-02,2.179874e-01,6.565903e+00
43,4.773016e-18,6.015189e-05,4.682064e-06,4.841396e-04,2.047924e-01,-6.923035e-01,5.946154e+00
44,1.029694e-18,5.077135e-05,5.479962e-06,4.887372e-04,1.316567e-01,-1.988265e-01,2.664630e+00
45,8.157353e-19,6.811585e-05,1.781201e-05,4.871882e-04,8.040679e-01,1.551847e+00,1.416720e+01
46,1.919075e-18,5.559247e-05,1.483772e-05,4.912937e-04,-9.953201e-02,5.049986e-01,1.567582e+00
47,3.946568e-18,6.637938e-05,3.148097e-06,4.960687e-04,-2.419193e-01,-1.141242e-01,2.755888e+00
48,2.409675e-17,3.346275e-05,1.956757e-06,4.933306e-04,-1.425667e-01,-2.041320e+00,7.078554e+00
49,2.702074e-17,4.129161e-05,2.409597e-05,4.859814e-04,-9.997962e-02,5.782655e-02,3.952968e-02
50,1.265852e-18,4.218660e-05,3.122188e-06,4.973051e-04,-2.063902e-02,3.979089e-02,-3.222048e-02
51,1.614971e-18,3.437522e-05,3.124894e-06,4.988534e-04,-2.527496e-02,-2.543060e-03,-1.102637e+00
52,1.089658e-17,3.914994e-05,1.325758e-05,4.812944e-04,7.679161e-01,-5.525262e-01,4.744130e+00
53,7.430602e-18,4.537534e-05,1.671231e-06,4.839956e-04,-4.006161e-01,1.058780e-01,4.386129e+00
54,5.274896e-18,4.063794e-05,1.329358e-05,4.934407e-04,-2.015604e-01,1.065267e+00,1.660845e+01
55,1.086817e-18,3.437240e-05,1.172986e-05,4.934241e-04,-2.385340e-01,-4.813507e-02,-1.227049e-01
56,7.918823e-18,3.446127e-05,1.044722e-05,4.888386e-04,-5.235743e-01,-1.314384e-01,2.690726e+00
57,2.028114e-17,3.124331e-05,6.837635e-06,4.818178e-04,3.167342e-01,-1.460497e+00,8.215715e-01
58,1.254120e-17,2.913939e-05,2.428438e-05,4.997418e-04,-4.351376e-02,-7.936299e-02,-6.203212e-01
59,2.572030e-18,3.359687e-05,3.900307e-06,4.876259e-04,1.032344e-02,-1.212904e-01,5.384229e+00
60,4.993269e-18,2.656789e-05,3.497304e-09,4.965856e-04,3.613571e-01,5.913310e-01,1.867950e+00
61,5.938993e-19,4.804706e-05,7.422032e-06,4.720122e-04,-2.350212e+00,-1.111004e+00,5.516975e-01
62,1.136763e-18,3.359660e-05,2.363488e-06,4.762679e-04,1.180357e-01,-6.950276e-01,3.374674e-01
63,8.520659e-18,7.270908e-05,8.635135e-06,4.722617e-04,1.438636e+00,1.138821e-01,-3.015327e+00
64,2.379527e-17,4.367148e-05,-1.477315e-05,4.735988e-04,5.215721e-01,1.045730e+00,3.331394e-01
65,8.616960e-19,3.687509e-05,-1.002313e-05,4.692376e-04,2.925848e-01,-1.363325e+00,-4.690430e+00
66,1.176957e-18,2.889869e-05,-1.406479e-05,4.754763e-04,-3.839333e-01,8.272085e-01,5.153669e+00
67,9.537032e-19,4.307459e-05,-1.523768e-05,4.678980e-04,-1.216396e+00,3.105242e-01,-6.295267e+00
68,1.516272e-18,4.297570e-05,-3.901315e-06,4.957519e-04,3.151765e-01,3.674585e-01,3.998678e+00
69,3.616483e-18,1.350633e-05,-1.326506e-05,4.783188e-04,1.867605e-01,-4.124484e-01,5.043874e-01
70,1.422693e-18,3.905912e-06,-7.833498e-07,4.731364e-04,-1.242959e+00,-2.223121e-02,-3.012631e+00
71,3.013898e-19,1.601663e-05,-1.523402e-05,4.715744e-04,1.622797e+00,-1.359620e-02,-5.689026e-02
72,6.609543e-19,1.679658e-05,-1.559092e-05,4.723614e-04,5.043268e-01,-3.530929e-01,1.544615e+00
73,2.852816e-19,1.757705e-05,-1.601303e-05,4.739195e-04,3.099015e+00,1.391911e-01,3.900707e+00
74,2.887001e-18,2.350475e-06,-2.028702e-05,4.984931e-04,-1.312005e+00,-1.016679e+00,1.807930e+01
75,7.010295e-18,3.208761e-06,1.576613e-06,4.847826e-04,4.499088e-01,4.273549e-02,-1.228121e+00
76,8.829240e-18,2.339040e-06,-1.241123e-05,4.895601e-04,-2.978818e-02,-3.523657e-01,5.266542e+00
77,2.858741e-18,1.328157e-05,-1.015167e-05,4.852797e-04,4.859550e-01,-1.986728e-01,1.965017e+00
78,3.461327e-18,1.953972e-05,-1.718881e-05,4.938343e-04,5.937745e-02,-3.346429e-01,3.058840e+00
79,8.737240e-18,7.285682e-06,-2.499913e-05,4.920769e-04,1.195537e-01,-6.866664e-02,8.153055e+00
80,2.776970e-18,1.023435e-05,-2.339243e-05,4.798628e-04,3.376852e-01,1.057140e+00,6.917279e+00
81,3.563274e-18,8.202593e-06,-6.394206e-05,4.751074e-04,2.385487e+00,-1.407160e+00,1.039760e+00
82,4.042981e-17,2.764758e-06,-7.668731e-05,5.025880e-04,-1.900366e-01,-3.881319e+00,2.147563e+01
83,1.180109e-17,1.148794e-05,-6.040133e-05,4.950704e-04,6.162224e-01,4.615364e-02,7.743969e+00
84,1.688543e-18,1.094065e-05,-5.937571e-05,4.887540e-04,5.593919e-02,4.712679e-01,5.528472e+00
85,2.894156e-18,5.229468e-06,-6.404380e-05,4.834141e-04,6.703660e-01,-1.142846e-01,1.117395e+01
86,2.605562e-19,6.641625e-06,-6.445355e-05,4.801643e-04,-4.223254e-02,6.435737e-01,4.897255e+00
87,8.734784e-18,1.715202e-05,-5.312974e-05,5.029086e-04,-2.670899e-01,3.177713e+00,6.737557e+00
88,7.404654e-19,5.862202e-06,-6.445244e-05,4.852781e-04,6.168678e-01,-1.434349e+00,1.174117e+01
89,3.633256e-18,5.941602e-07,-6.403477e-05,4.814984e-04,-9.136728e-02,-2.367668e+00,1.017003e+01
90,1.263713e-18,1.633687e-06,-6.445336e-05,4.785423e-04,9.358976e-01,-1.125099e+00,7.143488e+00
91,2.486697e-18,3.213457e-06,-6.427491e-05,4.752527e-04,3.623096e+00,8.659879e-02,2.739222e+00
92,1.257565e-17,2.426689e-05,-5.694197e-05,4.964253e-04,-5.467757e-02,1.375491e-02,-8.145555e-02
93,1.777815e-18,3.184654e-06,-5.164460e-05,4.714762e-04,-2.567983e-01,8.800701e-01,-6.237792e-01
94,1.761566e-18,3.514861e-06,-6.549412e-05,4.712326e-04,4.267346e+00,-2.642238e+00,-6.510822e+00
95,4.681002e-17,2.366154e-07,-8.184757e-05,4.882883e-04,-2.986585e+00,-1.048217e+00,4.321002e+00
96,3.769707e-17,1.306455e-05,-9.806214e-05,4.944695e-04,5.349963e-01,3.833019e-01,2.944523e+00
97,3.805359e-18,1.328679e-05,-9.922024e-05,4.891394e-04,-1.527995e+00,-8.727220e-01,3.595024e+00
98,5.317233e-17,1.264139e-05,-9.940991e-05,4.891807e-04,-1.478192e+00,-6.697516e-01,4.095270e+00
99,2.851876e-18,1.168640e-05,-8.048373e-05,5.008305e-04,1.381559e+00,1.737748e+00,1.148648e+01
100,2.781721e-18,1.644273e-05,-9.061095e-05,4.852137e-04,1.279371e-01,2.045442e-01,-6.722972e-01
101,2.612907e-19,1.133002e-05,-8.007745e-05,4.981014e-04,-4.087454e-02,-3.481864e-01,9.146800e+00
102,5.856382e-18,1.019210e-05,-8.983902e-05,4.996773e-04,-3.351216e-01,6.343599e-02,4.186849e+00
103,1.521142e-18,1.167482e-05,-9.844169e-05,4.824992e-04,-1.181173e+00,-3.862592e-01,3.753276e+00
104,1.170152e-18,5.460038e-06,-9.765253e-05,4.902917e-04,5.187680e-02,4.233630e-02,2.913653e+00
105,3.318357e-18,1.172203e-05,-8.750622e-05,4.946207e-04,3.027568e-01,-1.986911e-01,1.937208e+00
106,2.854598e-18,5.470420e-06,-9.765732e-05,4.977251e-04,-2.535206e-01,2.851238e-01,2.271121e+00
107,3.251408e-19,8.983435e-06,-8.164159e-05,4.778322e-04,-1.075281e+00,-1.227694e+00,3.401342e+00
108,1.748017e-18,1.615579e-05,-9.751453e-05,4.882687e-04,-5.017202e+00,1.898895e-01,9.659110e-01
109,3.548742e-18,5.471923e-06,-9.581619e-05,4.819552e-04,1.361437e-01,1.520953e-01,8.603802e-01
110,2.591736e-19,9.765516e-06,-8.164176e-05,4.786064e-04,1.226080e-01,-3.975340e+00,4.184753e+00
111,2.597023e-19,9.764453e-06,-8.242273e-05,4.793886e-04,1.354303e+00,-2.789316e+00,4.666839e+00
112,2.940236e-18,1.483814e-05,-7.812337e-05,4.937558e-04,-5.592165e-02,3.793143e-01,5.969877e-01
113,1.721639e-18,2.460931e-05,-8.984024e-05,4.867955e-04,8.756386e-03,-1.091780e-01,-4.391388e-02
114,1.737640e-16,9.718341e-05,-1.319308e-05,4.847279e-04,1.799135e+00,-4.124131e-01,1.919814e+00
115,1.125537e-16,1.094240e-04,5.937124e-06,4.891272e-04,6.054254e-02,-1.458614e+00,1.075604e+00
116,2.744512e-17,1.198843e-04,1.513119e-05,4.959669e-04,-6.473930e-01,3.233132e-01,1.609384e+01
117,1.777257e-17,1.209484e-04,1.976591e-05,5.025892e-04,6.062094e-01,2.551910e-01,3.428949e+01
118,3.791201e-17,1.151103e-04,3.635224e-06,4.843900e-04,-3.739746e+00,-1.485984e+00,7.188529e+00
119,6.524200e-18,1.148408e-04,7.770933e-06,4.999007e-04,-4.592973e-01,5.666530e-01,1.056315e+01
120,1.262568e-18,1.046991e-04,1.559426e-05,5.004519e-04,-1.611521e-01,2.721903e-01,7.037838e+00
121,2.771641e-18,1.148674e-04,8.605521e-06,4.923238e-04,1.288772e-01,2.478849e-01,5.887448e+00
122,1.242958e-17,1.240888e-04,1.899052e-05,4.965693e-04,-1.171617e+00,1.340150e+00,3.812290e+00
123,4.488062e-18,1.046683e-04,1.481913e-05,4.904780e-04,3.060986e-04,2.858240e-01,5.693137e+00
124,5.580528e-18,1.202367e-04,1.173620e-05,4.927674e-04,9.150654e-02,4.036412e-01,3.012693e+00
125,2.840025e-17,1.223886e-04,7.388262e-06,4.916328e-04,4.266622e-01,-4.575088e-01,2.560025e+00
126,5.222756e-19,1.199238e-04,1.481864e-05,4.910861e-04,8.247300e-01,7.604192e-01,1.508020e+01
127,2.233302e-18,1.193274e-04,2.619063e-06,4.802752e-04,2.046883e+00,2.059902e-01,5.710610e+00
128,3.592652e-19,1.199190e-04,1.523548e-05,4.887441e-04,1.018024e+00,5.276591e-01,1.141041e+01
129,8.349464e-18,1.188400e-04,8.267484e-07,4.875006e-04,1.056567e+00,2.726632e-01,1.512768e+01
130,1.859070e-18,1.086021e-04,2.201810e-06,4.858627e-04,6.227543e-01,8.093610e-01,9.241769e-01
131,4.951813e-18,1.238732e-04,2.451514e-06,4.949938e-04,-1.098484e+00,-7.184533e-01,1.094154e+01
132,8.505517e-19,1.178143e-04,3.906129e-07,4.830259e-04,4.330897e-01,1.384860e-01,8.695286e+00
133,6.459062e-19,1.191407e-04,1.172613e-06,4.790510e-04,3.273171e+00,1.206128e+00,5.352837e+00
134,5.305101e-19,1.183594e-04,8.199744e-07,4.801705e-04,2.646991e+00,1.100163e+00,5.894037e+00
135,2.393920e-19,1.058564e-04,2.304637e-05,4.903204e-04,-7.073987e-01,8.126576e-01,-3.869617e-01
136,3.639703e-18,1.132804e-04,2.460934e-05,4.811196e-04,-4.237677e-02,-3.690410e-03,5.118206e-02
137,2.720234e-19,1.152335e-04,-1.835982e-05,4.848477e-04,-5.492392e-01,4.793474e-01,-1.567123e+00
138,8.208870e-18,1.031247e-04,-3.380577e-06,4.996376e-04,2.865850e-02,1.672952e+00,7.461657e+00
139,3.620557e-17,1.118374e-04,-5.122471e-06,5.055608e-04,-2.480598e+00,-5.089540e-01,2.055823e+01
140,2.387660e-19,1.160156e-04,-2.734737e-06,4.786107e-04,-1.903883e+00,3.484533e+00,4.860518e+00
141,1.094853e-18,1.414080e-04,-7.802918e-07,4.980826e-04,-4.728877e-01,4.648681e-01,5.328570e+00
142,2.624571e-17,1.335766e-04,1.227361e-05,4.922172e-04,-4.214853e-02,-1.751122e-01,8.750651e+00
143,1.809486e-17,1.398433e-04,2.017130e-05,4.892303e-04,5.008171e-02,-2.920279e-01,6.571423e+00
144,2.554901e-17,1.273662e-04,9.772786e-06,4.917916e-04,-1.211866e-01,-5.888660e-01,6.474008e+00
145,3.552616e-18,1.491400e-04,1.693212e-06,4.935890e-04,-9.432300e-01,-2.630060e-01,1.101637e+01
146,1.584940e-17,1.518228e-04,3.865306e-06,4.907444e-04,-4.910206e-01,-1.195111e+00,1.696793e+01
147,1.087573e-18,1.468872e-04,1.174967e-05,4.848355e-04,-2.200324e-01,-1.858282e-01,-8.227630e-01
148,1.810152e-17,1.288668e-04,6.826827e-06,4.867989e-04,-1.234003e-01,5.640016e-02,7.490914e+00
149,5.145513e-18,1.414060e-04,-7.804267e-07,5.026860e-04,3.547117e-01,-3.841554e-03,8.561084e+00
150,1.289859e-18,1.343631e-04,-7.870763e-07,4.957456e-04,-2.205052e-01,-8.176652e-01,3.592332e+00
151,1.531850e-17,1.367012e-04,2.018301e-06,4.934131e-04,2.841741e-03,-1.800514e+00,2.627948e+00
152,2.594155e-18,1.265500e-04,9.370159e-06,4.984359e-04,2.115238e-01,9.432709e-02,3.385647e+00
153,3.290157e-18,1.390398e-04,7.812043e-06,4.922885e-04,-6.257067e-01,-3.484846e-02,4.215717e+00
154,1.785991e-17,1.436014e-04,1.300823e-05,4.930731e-04,5.110415e-01,-2.632014e-01,2.345802e+00
155,1.587116e-18,1.297796e-04,6.336616e-06,4.834165e-04,2.192171e-01,-7.192144e-01,7.512762e+00
156,7.752313e-18,1.366957e-04,5.064393e-06,4.834317e-04,-5.716152e-01,-1.147976e+00,1.297208e+00
157,1.601123e-18,1.492457e-04,1.641738e-05,4.988799e-04,5.159515e-01,6.208502e-01,8.846295e-01
158,2.247247e-18,1.334799e-04,1.249260e-05,4.846470e-04,5.267444e-01,-1.478232e-01,7.532852e+00
159,1.128211e-18,1.288986e-04,1.326630e-05,4.973152e-04,-9.778582e-02,5.382735e-01,1.729712e+00
160,3.260386e-19,1.496097e-04,2.735684e-06,4.848429e-04,2.155437e+00,6.484810e-01,4.563018e+00
161,1.038203e-18,1.398428e-04,2.265068e-05,4.786147e-04,-1.322928e-02,1.055922e+00,1.161687e-02
162,2.058257e-18,1.460057e-04,1.166803e-05,4.798250e-04,-1.224529e+00,-2.587358e-01,-4.488888e-01
163,2.112793e-17,1.513011e-04,-3.349315e-06,4.906497e-04,-1.879743e-01,1.109896e+00,7.612465e+00
164,4.874369e-18,1.431162e-04,-1.006230e-05,4.991174e-04,7.534232e-01,-8.425550e-01,9.242663e+00
165,1.605022e-17,1.509220e-04,-1.977780e-06,4.957950e-04,5.154863e-01,-2.198595e+00,9.484453e+00
166,3.952080e-18,1.413767e-04,-6.004688e-06,4.846489e-04,-3.491578e-01,1.478416e+00,4.143248e+00
167,2.299703e-18,1.413726e-04,-1.001803e-05,4.932096e-04,6.694749e-01,-3.333891e-01,7.712021e+00
168,3.288917e-17,1.474962e-04,-5.579241e-06,5.036917e-04,1.765101e+00,3.242245e+00,1.021479e+01
169,5.233033e-18,1.453087e-04,-7.812172e-06,4.926965e-04,-3.774180e-01,-2.189988e-02,7.365307e+00
170,7.571884e-19,1.425780e-04,-9.766031e-06,4.813144e-04,-1.076041e+00,9.770617e-01,6.693607e+00
171,2.132625e-18,1.343775e-04,-7.817975e-07,5.031174e-04,-3.818893e-02,-3.034487e-02,4.890941e+00
172,1.331485e-18,1.445487e-04,-2.339122e-06,4.941935e-04,-8.479717e-01,-5.664862e-01,3.837048e+00
173,1.996064e-18,1.492836e-04,-4.757676e-06,4.870661e-04,7.627015e-02,-1.428122e-01,8.265394e+00
174,1.337517e-18,1.372849e-04,-1.721658e-05,4.826326e-04,9.372990e-01,1.465080e+00,8.034803e+00
175,8.341482e-19,1.320338e-04,-2.460871e-05,4.903378e-04,-4.258764e-02,-2.996025e-01,-3.757363e-01
176,2.709209e-18,-1.226470e-05,-1.255346e-04,5.337056e-04,-4.781188e+00,-6.317270e-01,2.071294e+01
177,1.409803e-17,1.444459e-05,-1.227568e-04,5.493798e-04,1.470883e+00,4.282344e-01,1.251728e+01
178,4.324317e-18,7.837095e-07,-1.315453e-04,5.478655e-04,-4.683265e-02,9.494674e-01,4.656572e+00
179,4.881940e-18,-3.909054e-06,-1.257825e-04,5.271403e-04,3.770170e-02,-3.996671e-02,1.937538e+01
180,2.933202e-18,-7.812040e-06,-1.304721e-04,5.282170e-04,-3.032442e-01,-1.741104e-01,8.097898e+00
181,7.189159e-18,-1.640792e-05,-1.421809e-04,5.205835e-04,-3.328897e-02,-4.147276e-02,5.961595e+00
182,4.027687e-18,-7.819036e-06,-1.250681e-04,5.258598e-04,9.500156e-01,1.728463e-01,6.800307e+00
183,4.022046e-18,-1.321545e-05,-1.281294e-04,5.090895e-04,-8.029231e-01,8.466228e-01,6.414686e+00
184,2.871303e-18,-3.904719e-06,-1.351557e-04,5.138658e-04,-5.251797e-03,2.808891e-02,4.518723e+00
185,2.297139e-18,-2.342896e-06,-1.335914e-04,5.199887e-04,1.076468e-01,-1.418268e-01,2.873519e+00
186,1.240917e-17,-1.210150e-06,-1.402312e-04,5.225783e-04,9.955441e-01,4.478280e-01,1.572709e+00
187,2.551291e-19,-1.367371e-05,-1.738294e-04,5.461302e-04,-1.433844e+00,8.964775e-01,2.438815e-01
188,2.052101e-18,3.826395e-06,-1.522643e-04,5.260857e-04,9.887499e-02,-6.157083e-03,3.057771e+00
189,3.421658e-18,-1.334122e-05,-1.570975e-04,5.091832e-04,-4.982936e-01,-4.016317e+00,1.852229e+01
190,2.226082e-17,-1.097933e-05,-1.538258e-04,5.236556e-04,1.967015e+00,3.026604e-01,1.816938e+01
191,4.662166e-18,-1.561503e-06,-1.718733e-04,5.013399e-04,1.098726e-01,4.804508e-02,2.563172e+00
192,7.802724e-18,9.512516e-05,-3.122979e-06,4.789599e-04,-6.322487e-01,5.682731e-02,1.378469e+00
193,8.745333e-19,8.653982e-05,1.780144e-05,4.739024e-04,5.219915e-01,-1.986048e-01,-1.815779e+00
194,4.185421e-18,9.526766e-05,-1.091737e-05,4.769114e-04,-3.999297e+00,5.705150e-02,-1.333989e-01
195,6.353753e-18,8.515809e-05,-3.124160e-06,4.788712e-04,-4.004627e-03,2.753338e-01,1.701170e+00
196,1.385647e-18,8.359811e-05,3.122890e-06,4.731505e-04,7.386005e-01,-1.831037e-01,-2.928644e+00
197,1.705229e-18,9.349788e-05,7.467581e-07,4.777780e-04,4.626274e-01,-4.798114e-01,-2.821565e+00
198,3.575226e-19,9.179501e-05,1.210644e-05,4.778218e-04,-2.141301e-01,1.868226e+00,1.000522e+00
199,2.466186e-18,8.420373e-05,4.628459e-06,5.003167e-04,-2.376909e+00,-1.305842e+00,1.241799e+01
200,7.637709e-18,9.374964e-05,2.265522e-05,4.829158e-04,-1.524429e-01,2.076344e+00,6.403845e-01
201,1.442904e-17,8.641422e-05,5.841977e-06,4.881221e-04,-1.067120e+00,-9.772431e-02,9.998745e+00
202,5.040511e-19,8.086247e-05,1.953568e-05,4.895403e-04,2.498366e-01,1.876289e-01,-3.763907e+00
203,5.407854e-17,9.374273e-05,2.255265e-05,4.829343e-04,-1.928375e-01,1.765597e+00,1.998621e-01
204,1.603786e-18,8.983998e-05,-7.827237e-07,4.832854e-04,-4.281776e-01,-1.179194e+00,5.042159e+00
205,1.814963e-17,7.982428e-05,1.950300e-05,4.856243e-04,-9.832589e-01,5.488300e-01,4.025512e+00
206,1.016125e-16,8.159322e-05,1.274633e-05,4.869754e-04,-6.546401e-01,-8.052333e-01,2.113959e+00
207,5.424421e-18,8.984267e-05,1.328308e-05,4.954296e-04,4.532875e-02,2.607053e-02,2.671487e+00
208,1.756375e-17,8.730231e-05,1.863227e-05,4.819130e-04,3.609581e-01,9.835449e-02,2.941339e+00
209,5.650613e-18,8.638796e-05,4.666623e-06,4.923515e-04,4.309006e-01,8.962841e-03,4.950559e+00
210,2.520865e-18,9.462632e-05,1.172247e-06,4.827404e-04,-9.211850e-01,-5.675098e-01,6.567097e+00
211,3.149718e-18,9.295699e-05,1.250273e-05,4.891895e-04,3.744583e-01,-9.484376e-03,2.330860e+00
212,2.649704e-18,9.686791e-05,3.113193e-06,4.860805e-04,7.806091e-02,-7.996348e-02,2.111507e+00
213,2.140422e-18,7.651545e-05,2.460953e-05,4.804281e-04,-7.074439e-02,-4.010725e-02,-1.003836e+00
214,4.538726e-18,8.908826e-05,2.447220e-05,4.820357e-04,1.666177e-01,-4.736990e-02,-9.629165e-01
215,3.396945e-18,7.970278e-05,-1.230944e-05,4.929154e-04,2.123188e-01,-1.566411e+00,1.155135e+01
216,1.381263e-17,7.975758e-05,-1.357687e-05,4.992234e-04,5.462862e-02,-2.949814e+00,1.422822e+01
217,1.095858e-18,8.518103e-05,-3.126188e-06,4.965281e-04,1.158790e-01,2.486338e-02,7.916511e+00
218,2.469294e-18,8.513595e-05,-3.138333e-06,5.024091e-04,-3.654386e-01,5.247047e-02,1.298992e+01
219,2.567206e-19,8.086247e-05,-1.523857e-05,4.817233e-04,-1.895556e-01,8.400938e-02,4.334562e-01
220,1.722886e-17,9.516960e-05,-1.348782e-05,5.006278e-04,1.092948e+00,5.773004e-01,2.069976e+00
221,3.815935e-18,7.968240e-05,-1.034363e-05,4.861132e-04,-3.585012e-02,6.974878e-01,6.985230e+00
222,2.665295e-18,8.515344e-05,-3.121210e-06,4.945423e-04,-3.093971e-02,-1.516217e-02,8.074123e+00
223,3.222315e-18,7.968075e-05,-8.622575e-06,4.821451e-04,6.732884e-02,3.663296e-01,4.995218e+00
224,9.132982e-18,-1.986037e-05,1.816964e-04,5.049092e-04,1.794444e-01,1.637470e-01,3.850400e+00
225,8.365111e-17,-1.568481e-05,1.775929e-04,5.225533e-04,3.357287e-01,-2.100933e-01,9.456894e+00
226,3.118927e-18,-1.093594e-05,1.758027e-04,5.183711e-04,-1.054258e-01,3.902475e+00,3.048672e+01
227,1.632435e-16,-1.355783e-05,2.021596e-04,5.086486e-04,-4.438399e-02,-8.385649e-01,9.597201e+00
228,5.481611e-17,-7.223684e-06,1.912049e-04,5.173178e-04,-1.308472e+00,1.130982e+00,5.273898e+00
229,2.877953e-17,-1.537418e-05,1.972804e-04,5.238928e-04,2.830754e-01,2.647849e-01,6.178493e+00
230,7.103656e-17,-5.916842e-07,1.743535e-04,4.996249e-04,6.181564e-01,-3.468923e-01,1.302464e+01
231,4.122417e-17,-1.058498e-05,1.841665e-04,5.078986e-04,1.299871e-02,8.110215e-01,3.527358e+00
232,1.772385e-16,-1.006187e-05,1.840455e-04,5.079527e-04,2.314390e-01,9.049270e-01,3.586520e+00
233,2.805493e-17,-5.675112e-06,1.968447e-04,5.220720e-04,-1.386753e+00,-2.239321e+00,5.280806e+00
234,1.269839e-17,-2.116700e-05,1.932320e-04,5.089369e-04,5.598526e-01,1.781962e-01,4.098566e+00
235,1.537503e-18,-8.587765e-06,1.953119e-04,5.043016e-04,-6.211638e-02,5.955657e-02,2.274612e+00
236,4.848528e-18,-1.438973e-05,1.976739e-04,5.092782e-04,5.131878e-01,1.324003e+00,2.532013e+00
237,2.892812e-18,-3.904776e-06,1.929640e-04,5.038970e-04,-1.824121e-02,-8.296836e-02,7.739308e-01
238,3.447888e-17,1.382224e-05,2.011689e-04,5.149805e-04,1.295030e+00,-1.231531e-01,5.527356e+00
239,2.291639e-18,3.118938e-06,1.851633e-04,5.146464e-04,2.321198e-03,-1.593010e-01,1.370071e+01
240,7.233793e-17,5.223799e-06,1.832937e-04,5.202943e-04,-6.347829e-01,2.333190e-01,1.480420e+01
241,1.836285e-16,1.614770e-05,1.958712e-04,5.227381e-04,3.386609e-01,4.634823e-01,6.199693e+00
242,5.853225e-18,1.444351e-05,1.945367e-04,5.063501e-04,-4.054052e-01,-7.759316e-01,3.874053e+00
243,5.148003e-18,3.131312e-06,1.851601e-04,5.073331e-04,-1.524461e-01,7.039350e-02,1.210360e+01
244,1.406020e-16,6.481785e-06,1.721651e-04,5.253805e-04,9.863185e-01,-2.435453e-01,5.231588e+00
245,4.799508e-18,1.874077e-05,1.749992e-04,5.143628e-04,1.698760e-01,1.843670e-02,4.941238e+00
246,2.171782e-18,3.037979e-06,1.914077e-04,5.044515e-04,-5.405902e-01,-1.019131e-01,4.740800e+00
247,2.361270e-18,1.326556e-05,1.835965e-04,5.069651e-04,-5.193981e-02,4.007051e-01,2.051812e+00
248,2.725771e-17,1.406604e-05,1.874835e-04,5.022445e-04,1.118454e+00,5.052752e-01,2.471115e+00
249,8.305072e-17,-5.624656e-06,1.925081e-04,5.340019e-04,-1.016516e+00,5.115664e-01,7.326578e+00
250,3.534649e-17,-1.242682e-05,1.752899e-04,5.477882e-04,-1.667862e+00,3.494206e+00,2.159548e+01
251,1.022803e-16,4.587669e-07,1.900439e-04,5.396323e-04,-1.041150e+00,1.589100e+00,7.428699e+00
252,2.539076e-18,-6.251678e-06,1.992172e-04,5.398746e-04,4.227299e-02,-6.887606e-02,6.130843e+00
253,1.261203e-17,-9.002714e-06,1.963699e-04,5.493353e-04,9.895801e-01,7.654790e-01,1.399072e+01
254,1.451604e-17,-2.159659e-06,1.735877e-04,5.493682e-04,-6.046392e-01,6.184861e-01,1.307656e+01
255,9.461692e-19,-6.260951e-06,1.742212e-04,5.380730e-04,-1.014024e-01,-6.250845e-02,3.980036e+00
256,1.490912e-16,2.077558e-05,2.018226e-04,5.401074e-04,3.362070e-01,-5.657485e-01,4.080351e+00
257,5.699378e-18,3.124062e-06,1.882734e-04,5.464152e-04,1.261424e-03,2.397598e-01,5.548191e+00
258,9.637649e-19,1.249760e-05,1.906394e-04,5.418240e-04,6.513967e-02,-1.632798e-01,4.043614e+00
259,4.179533e-17,1.682102e-05,1.766311e-04,5.420975e-04,-3.057997e-01,-4.445381e-01,4.452165e+00
260,3.704081e-18,9.389033e-06,1.906277e-04,5.425496e-04,3.738018e-01,-2.475597e-02,2.155651e+00
261,1.074454e-18,1.875825e-05,1.960988e-04,5.476564e-04,2.233877e-01,-6.806654e-02,5.733512e-01
262,5.481585e-17,-7.163040e-06,2.159629e-04,5.242006e-04,-1.454445e+00,6.078328e-01,9.880274e+00
263,1.050981e-18,-9.766180e-06,2.048599e-04,5.086299e-04,-1.812587e+00,-8.743512e-01,1.294542e+01
264,5.188073e-17,-1.519513e-05,2.209692e-04,5.094499e-04,-1.580878e-01,3.931913e-01,5.358395e+00
265,3.029822e-17,-1.195451e-05,2.066707e-04,5.172607e-04,-9.347707e-01,-5.587420e-01,1.038404e+01
266,7.082027e-18,9.927112e-07,2.195093e-04,5.261759e-04,2.942656e-01,1.252092e-01,1.268313e+01
267,7.365793e-18,-7.834346e-07,2.042802e-04,5.210257e-04,-2.250706e-02,-9.890704e-01,6.587037e+00
268,1.785564e-18,-2.402380e-06,2.149007e-04,5.100884e-04,-1.445834e-01,1.111858e-01,4.282628e+00
269,4.132016e-18,-2.345691e-06,2.148442e-04,5.035363e-04,-4.346733e-02,-2.621789e-02,5.308023e+00
270,4.443299e-18,-7.789573e-07,2.078143e-04,5.123948e-04,-1.007192e-01,4.062979e-02,7.738501e+00
271,1.504333e-17,-2.419467e-06,2.034550e-04,5.047647e-04,-8.327433e-02,1.828926e+00,3.119562e+00
272,1.056268e-18,-7.026653e-06,2.085880e-04,5.050702e-04,-3.176479e-01,1.199772e-01,4.037187e+00
273,3.198284e-18,-6.247925e-06,2.218695e-04,5.192370e-04,-1.285019e-02,-7.147036e-03,3.943565e+00
274,3.121275e-18,-1.404963e-05,2.179778e-04,5.230234e-04,-3.426581e-01,-1.984410e-01,3.287048e+00
275,2.707094e-18,-1.718341e-05,2.070273e-04,5.229724e-04,3.526882e-01,1.519561e-01,1.858554e+00
276,4.393808e-18,-1.174448e-05,2.054773e-04,5.043248e-04,-1.337167e+00,-1.106850e+00,1.162784e+01
277,2.374473e-17,-1.953436e-05,2.186778e-04,5.208225e-04,4.175580e-01,2.188051e-01,5.863538e-01
278,1.217499e-17,1.413254e-06,2.268704e-04,5.055615e-04,3.417294e-01,-8.600168e-01,1.448173e+01
279,3.245764e-17,3.119978e-06,2.187589e-04,5.003896e-04,-5.789768e-01,2.712150e+00,9.516520e+00
280,2.787477e-17,8.039477e-06,2.140974e-04,5.013542e-04,-3.785274e+00,-1.031574e+00,1.268196e+01
281,1.294779e-16,4.102404e-06,2.053597e-04,5.002336e-04,-5.627036e-01,6.530317e-01,4.014819e+00
282,2.721674e-18,7.795155e-06,2.171801e-04,5.177452e-04,-1.336707e+00,1.494802e-01,1.384422e+01
283,5.280209e-18,1.559627e-06,2.195372e-04,5.187623e-04,-3.856215e-01,-2.409007e-01,1.193913e+01
284,1.271555e-17,1.766678e-06,2.191236e-04,5.085082e-04,-5.937384e-01,7.407786e-01,1.019784e+01
285,3.977504e-18,8.719502e-06,2.202790e-04,5.243035e-04,-2.987536e+00,-2.477620e-01,1.114136e+01
286,2.822345e-18,1.090943e-05,2.171739e-04,5.275895e-04,2.018355e-01,1.460249e-01,1.706743e+01
287,1.965268e-17,1.458569e-05,2.099796e-04,5.069861e-04,2.121649e-01,5.806981e-01,7.172759e+00
288,7.664299e-18,1.874913e-05,2.207271e-04,5.081579e-04,-4.761894e-01,4.263011e-01,3.041066e+00
289,6.705309e-17,1.346375e-04,-8.676767e-07,5.124726e-04,8.250667e-01,-1.103749e+00,7.950238e+00
290,2.106149e-16,1.347456e-04,-9.132915e-07,5.128167e-04,7.776767e-01,-7.124978e-01,7.778868e+00
291,6.106631e-18,1.414144e-04,-7.665935e-07,5.122808e-04,4.556485e-01,1.010995e-01,1.052841e+01
292,2.452373e-17,1.517852e-04,3.568467e-06,5.124200e-04,1.801401e+00,1.376670e+00,2.271529e+00
293,5.056924e-17,1.388023e-04,7.371031e-06,5.101099e-04,-1.575302e+00,-1.470280e-01,8.086864e+00
294,2.738924e-17,1.483836e-04,8.589055e-06,5.047373e-04,1.273464e-01,-1.369038e+00,8.183549e+00
295,2.860635e-18,1.335917e-04,5.477477e-06,5.206686e-04,-1.623109e-01,2.225070e+00,5.303828e+00
296,1.197441e-17,1.376126e-04,8.597844e-06,5.281783e-04,2.697870e-01,3.439350e-02,1.262396e+01
297,6.220542e-18,1.404628e-04,5.449159e-06,5.282992e-04,-5.969622e-02,-1.494517e-01,1.105082e+01
298,5.095182e-18,1.343839e-04,1.249369e-05,5.059135e-04,3.139417e-01,-3.601147e-01,5.572834e+00
299,3.533942e-18,1.397785e-04,1.172821e-05,5.052765e-04,1.413709e+00,-2.325661e-01,3.139545e+00
300,3.131402e-18,1.468777e-04,1.406066e-05,5.192293e-04,8.128122e-02,2.125962e-02,3.440095e+00
301,2.757105e-18,1.289009e-04,1.560543e-05,5.100108e-04,-4.000434e-01,1.631469e-01,1.220724e+00
302,2.558869e-18,1.437533e-04,3.132444e-06,5.046591e-04,-2.281557e-02,1.261240e-01,1.505114e+00
303,3.014648e-16,1.282244e-04,9.666723e-06,5.401427e-04,-6.835497e-01,-3.195363e-01,7.375226e+00
304,5.464739e-17,1.316647e-04,1.448523e-05,5.314109e-04,-9.594241e-01,1.879923e+00,1.124199e+01
305,3.196850e-17,1.364787e-04,1.638497e-05,5.416207e-04,8.741133e-01,4.674266e+00,1.345946e+01
306,2.117533e-17,1.367514e-04,3.100953e-06,5.420822e-04,2.198170e-01,2.535807e+00,1.213719e+01
307,9.333565e-17,1.449464e-04,6.131418e-06,5.361353e-04,1.073763e+00,-1.720414e+00,8.740796e+00
308,1.902054e-16,1.311223e-04,2.187003e-07,5.477018e-04,-2.126487e-02,1.242087e+00,9.127195e+00
309,1.162538e-18,1.507945e-04,1.562958e-05,5.490260e-04,-1.406236e-01,-1.483335e-01,2.806750e+00
310,3.021417e-18,1.250016e-04,9.382301e-06,5.304784e-04,2.037184e-02,6.972161e-02,7.204639e+00
311,1.020496e-18,1.445250e-04,1.484425e-05,5.381620e-04,-5.603439e-02,-1.048616e-01,3.383779e+00
312,2.643281e-18,1.390568e-04,1.718931e-05,5.479928e-04,4.019984e-02,-3.558452e-02,-9.437571e-01
313,2.738641e-17,1.271403e-04,-8.358807e-06,5.207473e-04,-5.778897e+00,-3.380295e-01,1.352096e+01
314,8.413619e-17,1.412988e-04,-5.979434e-06,5.252771e-04,1.424204e+00,3.735526e-01,1.336188e+01
315,2.646610e-16,1.518635e-04,-1.036771e-05,5.277521e-04,-3.180959e-01,-2.489694e-01,6.235935e+00
316,1.132944e-17,1.246112e-04,-1.486606e-05,5.492301e-04,3.608090e+00,-1.833149e+00,1.262281e+01
317,5.397569e-17,1.424534e-04,-8.776141e-06,5.336366e-04,-7.091044e-01,7.418141e-01,3.561688e+00
318,1.342682e-18,1.382751e-04,-1.250374e-05,5.323587e-04,-7.037704e-02,-1.175195e-01,4.286313e+00
319,4.446593e-19,1.398397e-04,-8.982433e-06,5.489980e-04,-2.948047e-02,5.085157e-01,2.149565e+00
320,1.074132e-18,1.281217e-04,-1.482850e-05,5.475998e-04,1.607721e-01,3.186819e-02,-8.921040e-01
321,2.407461e-18,1.421877e-04,-8.592307e-06,5.451230e-04,-3.794568e-02,1.486183e-02,6.806289e-01
322,5.086497e-19,1.453180e-04,-3.517164e-06,5.149815e-04,4.027634e-01,9.147780e-02,1.227990e+01
323,6.717948e-18,1.410637e-04,-3.659205e-06,5.134079e-04,-4.481573e-01,3.609173e-01,1.411699e+01
324,5.960586e-17,1.467681e-04,-3.452812e-06,5.210283e-04,6.081055e-01,6.976066e-01,1.130959e+01
325,6.251790e-18,1.353378e-04,-9.744348e-06,5.132817e-04,-5.096772e-01,3.671083e-01,1.073753e+01
326,3.372075e-18,1.452738e-04,-6.269626e-06,5.162904e-04,-7.757278e-02,3.976586e+00,8.834472e+00
327,1.277646e-17,1.493986e-04,-1.600791e-05,5.195738e-04,-6.735102e-01,1.881966e-01,4.875402e+00
328,1.341378e-16,1.062087e-04,-5.633025e-07,5.129361e-04,9.401003e-01,3.145929e-01,6.143324e+00
329,2.691632e-16,1.061861e-04,-6.368051e-07,5.132646e-04,9.152918e-01,3.888018e-01,6.233000e+00
330,2.256138e-17,1.153047e-04,3.471615e-07,5.130299e-04,-1.643576e-01,-3.212113e+00,1.425713e+01
331,4.868661e-17,1.106933e-04,-1.201728e-05,5.143363e-04,-8.193156e-01,-3.564454e-01,4.732792e+00
332,2.656862e-18,1.054676e-04,-7.035661e-06,5.053735e-04,-2.701919e-01,-1.590047e-01,5.030330e+00
333,3.637779e-18,1.148767e-04,-1.794332e-05,5.167352e-04,1.297398e-02,3.411631e-02,4.059983e+00
334,1.542484e-17,9.812748e-05,-1.801501e-05,5.236267e-04,4.933239e-02,2.507136e-01,3.108930e+00
335,2.910871e-18,1.125045e-04,-6.840467e-09,5.260306e-04,-6.453108e-02,9.069517e-02,6.613401e+00
336,7.432956e-17,1.029594e-04,-1.192178e-05,5.371364e-04,-4.969646e-01,-2.979583e-01,9.485314e+00
337,1.996413e-17,1.123873e-04,-2.001337e-05,5.364695e-04,-1.196230e+00,5.575648e-01,7.987592e+00
338,4.318330e-18,1.099239e-04,-1.797047e-05,5.470458e-04,-8.543173e-01,2.932857e-02,6.399427e+00
339,2.645729e-18,1.187492e-04,-1.874922e-05,5.472417e-04,-5.494841e-02,2.172988e-02,4.757522e+00
340,3.345762e-18,1.124993e-04,1.202869e-09,5.304217e-04,-4.163429e-03,5.840731e-02,6.279010e+00
341,2.424060e-17,-1.891823e-06,2.520583e-05,4.776190e-04,1.542608e+00,3.538454e+00,-5.515927e-01
342,2.487547e-17,8.993849e-06,3.156110e-05,4.735008e-04,5.388757e-02,-2.282207e+00,-1.451279e+00
343,5.255306e-18,2.651878e-06,2.806842e-05,4.771502e-04,-1.363258e+00,2.320008e+00,6.208685e+00
344,2.539082e-17,2.408847e-05,2.930028e-05,4.795954e-04,3.244132e-02,-4.803114e-02,-2.020832e-01
345,4.799354e-18,1.405788e-05,2.549656e-05,4.781893e-04,6.186973e-01,1.022677e+00,1.211818e+00
346,2.737956e-17,-1.061249e-05,3.019231e-05,4.773260e-04,-1.263522e-01,-2.021116e+00,2.203034e-01
347,2.489921e-19,-9.764555e-06,3.788843e-05,4.770448e-04,7.107369e-01,2.013566e-01,1.846872e+00
348,3.410936e-18,-6.300831e-09,8.526020e-06,4.779647e-04,-1.806328e-01,-5.195072e-01,-2.055825e+00
349,6.711563e-19,1.445328e-05,1.445304e-05,4.759187e-04,-2.220989e-01,-1.110527e+00,1.184846e+01
350,1.151903e-18,1.445365e-05,1.523476e-05,4.732019e-04,-1.503394e+00,-4.290751e-01,8.345726e+00
351,2.770911e-19,1.523530e-05,1.445339e-05,4.739190e-04,1.472635e+00,8.969275e-01,9.955648e+00
352,3.212751e-18,1.217925e-05,1.786111e-05,4.744468e-04,-5.270519e-01,-2.454758e+00,5.010518e+00
353,7.213821e-19,1.953542e-05,1.054544e-05,4.700148e-04,4.402899e-01,1.781948e+00,-4.739819e+00
354,3.625789e-19,1.366994e-05,1.523420e-05,4.762524e-04,-3.280402e+00,-1.778622e+00,1.088301e+01
355,1.072602e-18,1.464934e-05,2.148484e-05,4.679523e-04,-2.238855e-01,1.424485e+00,-8.186485e+00
356,4.207559e-18,6.159012e-06,2.270393e-05,4.775670e-04,-5.729723e-01,2.887799e-01,5.858249e+00
357,1.075633e-18,5.077972e-06,2.267593e-05,4.735470e-04,1.124811e+00,-8.473929e-01,-5.649568e-01
358,3.285682e-18,2.430008e-04,-5.456173e-06,4.766786e-04,3.933927e-01,-1.304651e+00,-2.107883e-01
359,4.277082e-17,2.433220e-04,1.807124e-06,4.778651e-04,1.251598e+00,1.476599e+00,1.534973e-01
360,8.533335e-18,2.496094e-04,7.036253e-07,4.821688e-04,2.752560e-01,-1.775267e-01,6.554652e+00
361,6.485255e-19,2.496085e-04,7.068664e-06,4.778356e-04,3.193562e-01,-3.819605e-01,-2.085241e-01
362,2.750110e-19,2.472654e-04,-1.132495e-05,4.723536e-04,-1.374186e+00,-9.356882e-01,8.480711e-01
363,1.095446e-18,2.425789e-04,-8.754405e-06,4.687103e-04,-5.089239e+00,1.799522e+00,-9.781247e+00
364,5.751974e-19,2.496093e-04,1.953435e-06,4.743122e-04,4.950356e-01,1.087346e+00,-2.327999e+00
365,4.878681e-19,2.496110e-04,1.718539e-05,4.754790e-04,8.410846e-01,-5.976522e-01,6.431964e-01
366,5.824680e-19,2.449231e-04,1.324749e-05,4.746867e-04,1.845873e+00,-6.458351e-01,1.518195e+00
367,6.003035e-17,2.489211e-04,1.667726e-05,4.995428e-04,1.859573e+00,1.617792e+00,1.282814e+01
368,6.760959e-17,2.440325e-04,7.482639e-06,4.961501e-04,6.708971e-01,-1.009755e+00,8.093758e+00
369,1.416067e-18,2.496095e-04,7.731355e-07,4.946797e-04,1.506511e-01,4.800435e-01,1.587874e+01
370,1.393514e-17,2.399668e-04,6.608641e-06,4.923182e-04,5.980281e-01,-4.055543e-01,8.982169e+00
371,4.510503e-18,2.453510e-04,1.403079e-05,4.932826e-04,-7.886795e-02,-5.413398e-01,1.200453e+01
372,2.830247e-17,2.491105e-04,1.874297e-05,4.880773e-04,-5.514600e-01,1.236262e+00,1.145192e+01
373,6.590618e-19,2.496108e-04,1.405388e-05,4.942042e-04,3.435576e-01,5.251102e-01,1.008858e+01
374,1.751247e-17,2.493249e-04,2.891013e-06,5.023249e-04,-7.790796e-01,2.343730e+00,1.732091e+01
375,1.441274e-18,2.496087e-04,1.247926e-05,4.890976e-04,2.436501e-01,6.997250e-01,7.689932e+00
376,1.205817e-17,2.316462e-04,1.183051e-06,5.012038e-04,-1.784914e-01,8.349956e-03,7.029436e+00
377,4.518032e-18,2.445561e-04,4.659664e-06,5.029274e-04,1.894486e-01,-1.784442e-02,1.029551e+01
378,2.080393e-18,2.422065e-04,9.511886e-06,4.920869e-04,5.393471e-02,5.584979e-01,9.815033e+00
379,1.525812e-17,2.239747e-04,2.228935e-05,4.998921e-04,-1.004814e+00,1.077779e+00,2.382108e+00
380,2.703643e-18,2.343735e-04,9.378380e-06,4.983948e-04,-3.009057e-02,1.069470e-01,5.016780e+00
381,6.723859e-18,2.266190e-04,2.362270e-06,4.832219e-04,-1.923080e+00,-1.089355e-01,1.664645e+00
382,7.378650e-18,2.452701e-04,1.482300e-05,5.033938e-04,-3.751977e-01,-2.579932e-01,8.148520e+00
383,2.757639e-17,2.349326e-04,2.441289e-06,4.909093e-04,-6.494152e-01,1.645598e-01,2.218303e+00
384,5.287778e-17,2.226744e-04,1.336783e-05,4.950373e-04,-4.346777e-01,1.152476e+00,2.879091e+00
385,2.147191e-18,2.496091e-04,1.015683e-05,4.809035e-04,-2.888823e-02,-4.514018e-01,3.812511e+00
386,5.033776e-18,2.421844e-04,8.601613e-06,4.825800e-04,-9.531645e-02,-2.168993e-01,3.794950e+00
387,3.965947e-18,2.496088e-04,1.708961e-05,4.813247e-04,4.716799e-01,-9.196429e-02,1.022285e+01
388,7.410799e-19,2.496096e-04,7.991099e-07,4.918565e-04,3.676706e-01,-1.031154e+00,1.396723e+01
389,5.559865e-19,2.496101e-04,1.758151e-05,4.923142e-04,2.114755e-02,-5.488807e-01,6.062652e+00
390,1.995218e-18,2.453588e-04,1.332869e-05,4.831909e-04,-1.699617e-01,-2.331878e-02,5.054155e+00
391,4.974204e-18,2.453176e-04,1.327707e-05,4.793789e-04,3.140474e-02,5.120539e-01,4.335943e+00
392,8.226987e-18,2.319743e-04,9.371316e-06,5.036781e-04,-4.193614e-01,1.480304e-02,5.114368e+00
393,3.433379e-18,2.257669e-04,7.801874e-06,4.813456e-04,9.497715e-03,-1.394783e-01,2.495637e+00
394,6.990039e-18,2.415087e-04,2.437135e-05,4.985823e-04,-5.079017e-03,-6.500216e-02,-2.468121e-01
395,2.130365e-17,2.491871e-04,-1.249514e-05,4.994167e-04,-9.152875e-02,1.685922e+00,8.913427e+00
396,3.021016e-17,2.313117e-04,-5.886188e-06,4.913295e-04,6.480640e-01,-4.692409e-01,9.111297e+00
397,1.110117e-17,2.493185e-04,-7.195736e-06,4.951910e-04,-3.466912e-01,5.274897e-01,6.953998e+00
398,2.271708e-17,2.304482e-04,-2.896285e-06,4.980404e-04,1.638921e-01,1.717928e+00,7.945319e+00
399,1.379945e-18,2.496098e-04,-8.598102e-06,4.835685e-04,6.630957e-03,4.703825e-01,5.125861e+00
400,1.368981e-18,2.320416e-04,-3.516998e-06,4.820415e-04,5.262775e-01,1.065295e+00,4.368786e+00
401,3.135136e-19,2.300778e-04,-3.515770e-06,4.864120e-04,1.009110e+00,-1.635473e+00,6.302830e+00
402,7.317120e-18,2.310906e-04,-1.571098e-05,5.042468e-04,-4.577165e-02,2.682882e-01,2.435273e+01
403,5.767715e-17,2.372694e-04,-3.632347e-06,5.045718e-04,4.824442e-01,1.672616e+00,7.915291e+00
404,1.423187e-17,2.490507e-04,-2.400249e-05,4.857126e-04,-8.746942e-01,-1.457131e+00,3.836843e+00
405,1.291978e-18,2.453037e-04,-2.380984e-06,5.019840e-04,2.452080e-01,-2.555378e-01,3.891130e+00
406,3.119888e-19,2.308594e-04,-1.445113e-05,5.004440e-04,-1.070843e+00,1.247235e-01,2.109327e+01
407,3.598450e-18,2.453127e-04,-2.343570e-06,4.883601e-04,3.641287e-02,3.094087e-02,3.693728e+00
408,3.099161e-18,2.469396e-04,-1.210169e-05,4.818393e-04,-2.882154e-01,9.419971e-02,1.620535e+00
409,2.350125e-17,2.258044e-04,-1.223582e-05,4.966060e-04,-7.550661e-01,4.011426e-01,1.846977e+00
410,2.358653e-18,2.430501e-04,-5.448733e-06,4.837815e-04,1.380733e-01,1.561850e-01,7.307053e-01
411,1.163149e-17,2.320329e-04,-9.366812e-06,4.955681e-04,1.579961e-01,2.058478e-01,1.285724e+01
412,1.511723e-18,2.320382e-04,-7.423696e-06,4.883452e-04,3.493925e-01,-3.411701e-01,1.305219e+01
413,4.456671e-18,2.319614e-04,-1.016137e-05,5.019400e-04,5.455558e-01,1.090729e+00,1.640766e+01
414,1.834804e-18,2.496095e-04,-2.187913e-05,4.954023e-04,9.619579e-02,3.365514e-01,-1.070953e+00
415,1.950869e-17,2.453703e-04,-1.266716e-05,5.036537e-04,1.544663e-01,1.650402e-01,1.240646e+00
416,1.441853e-15,5.650580e-05,1.400752e-05,4.427594e-04,2.868687e-01,1.078375e-01,-9.790630e+00
417,1.622043e-17,1.725665e-04,1.050877e-05,4.786827e-04,6.697712e-01,3.922143e+00,-1.449218e+00
418,6.537748e-19,1.542963e-04,5.859268e-06,4.758767e-04,-1.571057e+00,-1.668476e+00,-1.690711e-01
419,4.172020e-19,1.542950e-04,6.641744e-06,4.747046e-04,1.239610e-01,-4.286717e-01,-3.028900e+00
420,1.185039e-18,1.554370e-04,6.460049e-06,4.725671e-04,1.327932e+00,-1.290545e+00,-4.107838e+00
421,2.957286e-19,1.542964e-04,7.422281e-06,4.739270e-04,-7.457437e-01,1.906594e+00,-2.502156e+00
422,6.099571e-19,1.687303e-04,1.288956e-05,4.770489e-04,3.240044e-01,-4.378815e-01,2.479906e+00
423,4.052763e-17,1.874169e-04,6.751074e-06,4.630246e-04,-3.121297e-01,-7.220183e-01,-9.416628e+00
424,1.532850e-18,1.882115e-04,1.336495e-05,4.777011e-04,-2.074020e-02,7.572580e-01,-1.751106e+00
425,1.741562e-17,1.856013e-04,2.004545e-05,4.767059e-04,-4.723909e-01,1.431801e-01,-9.089498e-01
426,3.429137e-18,1.976675e-04,1.560878e-05,4.774039e-04,-4.200955e-01,5.693229e-01,2.813420e+00
427,1.300128e-17,1.897717e-04,-1.413514e-05,4.796555e-04,6.163783e-01,-7.222070e-01,5.256121e+00
428,1.475295e-16,-7.100629e-06,1.996138e-04,4.803564e-04,9.046023e-01,1.818212e+00,8.215496e-01
429,2.586133e-18,-1.243918e-05,2.047472e-04,4.757177e-04,-5.986715e-01,-1.064587e-01,-7.977332e-01
430,1.465143e-17,-1.665445e-05,2.044736e-04,4.770869e-04,4.979059e-01,-1.641043e+00,5.136954e-01
431,5.210501e-17,-3.381809e-06,2.048866e-04,4.828592e-04,-6.062275e-01,-1.490264e+00,1.343479e+01
432,3.375075e-19,-3.515587e-06,2.042969e-04,4.747108e-04,-2.383688e-01,-1.757051e+00,4.942483e+00
433,3.114641e-17,-1.587442e-05,2.189820e-04,4.783858e-04,-5.691999e-02,-1.308996e+00,3.660208e+00
434,3.021882e-18,-1.808259e-05,2.131784e-04,4.764871e-04,4.741611e-01,5.905718e-01,2.518211e+00
435,1.357250e-17,-7.743062e-06,2.208745e-04,4.730680e-04,-2.996460e-01,1.276755e+00,-5.215924e+00
436,1.304579e-18,5.441906e-06,2.042966e-04,4.727296e-04,3.417776e+00,2.779854e+00,-3.532640e+00
437,3.278510e-19,5.078069e-06,2.035149e-04,4.739256e-04,2.424275e+00,1.788521e+00,-3.211750e+00
438,2.836705e-18,5.409024e-06,2.021814e-04,4.773782e-04,2.496671e+00,1.532366e+00,4.172256e+00
439,5.686346e-19,9.765430e-06,2.003899e-04,4.758675e-04,3.807454e-01,-2.463970e+00,3.406891e+00
440,1.418737e-18,9.270520e-06,2.218063e-04,4.784568e-04,-1.395838e+00,-1.867960e+00,2.691954e+00
441,3.629221e-19,1.367042e-05,2.042953e-04,4.746979e-04,-2.280345e+00,1.353848e+00,1.210547e+00
442,3.225938e-18,8.269165e-06,1.993423e-04,4.795025e-04,-3.182361e+00,-1.098815e+00,9.040008e+00
443,6.421387e-17,-1.677716e-05,2.166755e-04,4.940643e-04,-9.647554e-01,9.334265e-02,6.003739e+00
444,2.162878e-17,-1.016899e-05,2.092986e-04,4.879463e-04,2.448756e+00,2.715930e+00,4.439941e+00
445,6.427162e-17,-2.014854e-06,2.220034e-04,4.855188e-04,-2.390732e+00,1.627378e-01,3.823940e+00
446,7.899059e-19,-2.489430e-06,2.149721e-04,4.786121e-04,2.428540e-02,-2.207757e-01,1.495187e-01
447,1.933156e-17,-1.812970e-05,2.136255e-04,4.884575e-04,8.718241e-01,-5.328419e-01,1.621698e+01
448,1.683167e-17,-1.879326e-05,2.248722e-04,4.990363e-04,-1.472029e+00,2.997911e-01,4.242867e+00
449,4.801405e-19,-1.250117e-05,2.246073e-04,4.934107e-04,8.462616e-02,-7.877718e-01,5.458395e+00
450,3.081941e-18,-9.399491e-06,2.047165e-04,4.890788e-04,9.197089e-01,-8.093242e-01,6.050474e+00
451,1.301660e-17,-1.327690e-05,2.158684e-04,4.837640e-04,-5.979144e-02,-1.986917e+00,4.850900e+00
452,1.148235e-18,-7.026868e-06,2.085986e-04,4.957629e-04,5.912190e-01,2.852054e-01,4.411335e+00
453,5.225151e-18,-2.343596e-06,2.148440e-04,4.945206e-04,3.209869e-03,-2.993787e-02,3.502542e+00
454,2.036588e-17,-8.028722e-06,2.165484e-04,4.798499e-04,-1.344561e+00,2.156873e-01,1.553713e+00
455,5.658118e-18,-6.251948e-06,1.995497e-04,4.928993e-04,-6.067911e-02,5.228528e-01,1.751263e+00
456,2.340184e-19,-1.757615e-05,2.128895e-04,4.801399e-04,-7.207933e-01,2.030438e+00,6.361813e+00
457,2.431114e-19,-3.906003e-07,2.222657e-04,4.809504e-04,3.742929e-02,-4.018914e-01,5.683992e+00
458,3.332433e-18,-7.141731e-06,2.086968e-04,4.840609e-04,-2.713199e-01,5.089164e-01,1.850956e-01
459,6.731283e-17,6.966952e-06,2.095017e-04,4.818036e-04,3.579910e-01,3.267621e+00,3.094954e+00
460,2.680265e-19,1.132919e-05,2.160161e-04,4.981035e-04,-8.538236e-01,-7.560830e-01,1.123861e+01
461,3.422892e-18,8.143626e-06,2.212909e-04,4.822321e-04,-2.737020e+00,1.941257e-01,5.957280e+00
462,7.436439e-17,8.905864e-06,2.235012e-04,4.900404e-04,2.296334e-01,-5.419573e-01,9.136291e+00
463,3.811897e-18,2.421927e-05,2.023430e-04,4.876051e-04,1.974512e-02,1.325919e-01,9.277031e-02
464,3.072377e-17,2.399726e-05,2.017917e-04,4.883113e-04,3.326064e-03,9.983689e-03,-9.922191e-02
465,3.730454e-17,2.063289e-05,2.159061e-04,4.831966e-04,9.754602e-01,-5.644030e-01,-1.015160e-01
466,2.790949e-18,5.359278e-06,2.132824e-04,4.881436e-04,-9.688768e-01,-8.850848e-01,4.098738e+00
467,2.434275e-19,1.054654e-05,2.167965e-04,4.981066e-04,-5.516407e-01,-1.051722e+00,1.112222e+01
468,4.761928e-18,3.870079e-06,2.195128e-04,4.927664e-04,1.210323e+00,2.183140e-01,3.629206e+00
469,1.322198e-18,6.249302e-06,2.070417e-04,4.903022e-04,5.675568e-02,9.549815e-02,1.383696e+00
470,1.866723e-18,1.179820e-05,2.164489e-04,4.938775e-04,-7.704560e-01,-7.408203e-01,8.994212e+00
471,3.870888e-18,1.173897e-05,2.164826e-04,4.887269e-04,5.090293e-01,1.134936e-01,7.631267e+00
472,2.379673e-19,1.211108e-05,2.167977e-04,4.910929e-04,9.351953e-01,4.811895e-01,8.372557e+00
473,4.230614e-18,1.072271e-05,2.164004e-04,4.798410e-04,-6.331387e-01,-2.900409e-01,1.863378e+00
474,1.758778e-18,9.507542e-06,2.237101e-04,4.808005e-04,-4.478136e-01,2.041682e-01,5.569651e+00
475,8.979003e-19,9.272981e-06,2.238288e-04,4.830612e-04,1.699545e-01,-8.958545e-01,8.260511e+00
476,2.824092e-19,-6.641697e-06,1.957042e-04,4.747034e-04,2.264737e-01,4.642891e+00,-5.220120e+00
477,5.534903e-18,-1.317672e-05,1.985218e-04,4.721803e-04,6.123457e-01,4.636688e-02,-9.195777e+00
478,2.572614e-17,-3.853222e-06,1.798364e-04,4.827555e-04,-1.190783e+00,-1.566548e-01,9.332109e+00
479,4.307808e-19,1.601394e-05,1.910140e-04,4.739289e-04,1.216850e+00,-2.979091e+00,-5.404313e+00
480,3.231500e-19,1.054573e-05,1.988289e-04,4.731432e-04,-2.190006e+00,-2.471004e+00,-9.347633e-01
481,2.295921e-18,8.432765e-06,1.882603e-04,4.775857e-04,-8.392593e-01,1.004769e+00,8.255898e-01
482,7.077972e-19,1.171920e-06,1.902343e-04,4.718843e-04,-1.739770e+00,-2.590688e+00,-1.031626e+00
483,3.132667e-19,1.171732e-06,1.910157e-04,4.708071e-04,-1.329241e+00,-6.607308e-01,-2.849125e+00
484,4.398962e-17,-5.594898e-06,1.769156e-04,4.967010e-04,-1.454581e+00,-2.783143e+00,1.822430e+01
485,7.602630e-18,1.406167e-05,1.882819e-04,4.844693e-04,-4.590091e-01,-1.720254e+00,3.088014e+00
486,3.385835e-17,-1.826110e-06,1.942660e-04,4.932698e-04,1.996675e+00,3.679359e+00,9.144349e+00
487,8.411742e-17,1.451048e-05,1.886204e-04,4.849611e-04,-3.859629e-01,-6.903876e-01,2.372084e+00
488,2.009882e-17,-5.450476e-06,1.849499e-04,4.860191e-04,2.960941e+00,-1.352062e+00,3.800253e+00
489,1.022474e-18,-1.639101e-05,1.820379e-04,5.012349e-04,3.964929e-02,-1.463346e-01,5.818292e+00
490,6.250222e-18,-1.719188e-05,1.839846e-04,4.939270e-04,1.832214e-01,-7.153955e-02,3.898816e+00
491,4.872076e-18,-5.448263e-06,1.925945e-04,4.868168e-04,-5.949323e-01,1.029173e+00,7.665057e+00
492,1.590622e-18,-1.015276e-05,1.843766e-04,4.918728e-04,-4.854232e-02,-2.088375e-01,4.212837e+00
493,1.686230e-18,-6.245236e-06,1.929952e-04,4.801696e-04,-4.144371e-01,1.927427e+00,1.737305e+00
494,1.089171e-18,-8.594099e-06,1.953092e-04,4.988783e-04,1.748421e-01,2.255202e-01,2.682729e+00
495,2.420756e-19,-1.054754e-05,1.847665e-04,4.809489e-04,8.927265e-01,1.456920e+00,2.521245e+00
496,1.685371e-18,-2.031151e-05,1.845104e-04,4.861748e-04,1.779537e-03,1.060649e-01,-6.641509e-01
497,5.081171e-19,-1.367632e-05,1.976450e-04,4.973232e-04,-7.218910e-03,-5.379345e-01,9.474535e-01
498,7.483841e-18,-8.628602e-06,1.914017e-04,4.889382e-04,4.471742e-01,-9.227078e-02,7.677139e-01
499,1.464408e-18,-1.562514e-06,1.851577e-04,4.895181e-04,5.074195e-02,-2.604276e-01,5.228682e-01
500,2.335161e-18,-2.460966e-05,1.859371e-04,4.959002e-04,-4.955084e-02,8.338791e-02,1.128187e-01
501,1.418191e-17,1.365459e-05,1.962777e-04,4.876205e-04,-1.199406e-02,-1.079597e+00,5.135911e+00
502,3.648250e-18,1.526738e-06,1.773879e-04,4.913628e-04,-5.014442e-02,2.103252e-01,1.015678e+01
503,4.578488e-18,3.127386e-06,1.851478e-04,4.979973e-04,-3.199674e-02,-1.495510e-03,7.903485e+00
504,1.359590e-17,1.098330e-05,1.812499e-04,4.989352e-04,1.235112e+00,-1.229152e-01,7.416985e+00
505,2.744821e-17,6.078764e-06,1.878407e-04,4.825493e-04,7.718806e-01,5.599782e-01,2.490426e+00
506,2.553156e-18,5.471041e-06,1.968751e-04,4.985466e-04,2.307795e-02,1.101596e-01,4.031470e-01
507,3.642014e-18,1.566508e-06,1.789117e-04,4.844599e-04,-3.181772e-01,5.356855e-01,7.104154e+00
508,2.921929e-18,7.813119e-06,1.773359e-04,4.907374e-04,5.131010e-02,1.829622e-01,-6.704902e-01
509,2.378960e-18,2.460874e-05,1.851536e-04,4.912206e-04,-1.215229e-02,-1.482507e-02,-1.610532e+00
510,9.815597e-18,7.424778e-06,-4.858639e-05,5.495556e-04,-1.877406e+00,-2.445708e+00,1.751134e+01
511,1.486682e-16,1.185815e-05,-3.069277e-05,5.390140e-04,3.277150e-01,-7.755702e-01,1.096434e+01
512,1.451103e-17,-8.232567e-07,-2.661918e-05,5.364527e-04,9.224840e-01,-4.483830e-02,7.201585e+00
513,1.031053e-17,1.574019e-05,-3.924382e-05,5.485752e-04,-6.243508e-01,2.078355e-01,1.318952e+01
514,3.021275e-18,2.108222e-05,-3.984691e-05,5.429076e-04,7.059296e-01,-2.310972e-02,7.890960e+00
515,7.521366e-17,-2.480395e-06,-3.375616e-05,5.437276e-04,-1.366484e+00,-1.756482e-03,6.650860e+00
516,2.289908e-18,1.567780e-06,-2.421521e-05,5.340798e-04,-5.416448e-01,-8.305018e-01,-2.704514e+00
517,5.497952e-17,4.751637e-06,-3.933177e-05,5.470500e-04,2.135943e-01,1.882816e-01,4.296602e+00
518,4.380853e-18,7.824489e-06,-3.827731e-05,5.359316e-04,2.099318e-01,1.150941e-02,5.558415e+00
519,1.261801e-18,1.406168e-05,-2.733046e-05,5.432293e-04,2.394567e-01,1.453821e-01,-4.129587e-01
520,1.110852e-17,1.252285e-05,-2.347491e-05,5.051797e-04,2.555205e-01,3.748255e+00,5.840455e+00
521,5.910815e-17,6.533394e-06,-2.658895e-05,5.072984e-04,-1.687050e+00,1.506637e-01,1.293276e+01
522,4.515951e-17,3.441382e-08,-2.704899e-05,5.102788e-04,-1.026323e+00,8.218641e-01,4.520658e+00
523,1.872732e-17,9.171984e-06,-2.492182e-05,5.215974e-04,1.112684e+00,9.887061e-01,1.750428e+01
524,1.384668e-18,1.327712e-05,-3.905375e-05,5.241511e-04,-2.964287e-01,-7.245727e-02,5.194086e+00
525,2.808339e-18,1.172496e-05,-4.218951e-05,5.244675e-04,5.668170e-02,-2.088507e-01,4.671847e+00
526,2.060340e-17,3.304563e-06,-5.167377e-05,5.211525e-04,-8.162541e-01,-8.142631e-01,4.792428e+00
527,1.024710e-17,3.830753e-06,-3.245185e-05,5.026965e-04,6.218809e-01,1.669508e+00,1.971994e+00
528,3.456102e-18,7.029294e-06,-4.453322e-05,5.210928e-04,1.936157e-02,-2.398780e-02,2.618121e+00
529,1.053732e-16,-2.681272e-06,-2.359956e-06,5.417634e-04,2.659927e-01,2.512727e-01,7.916599e+00
530,2.010356e-18,3.325588e-06,-2.027434e-05,5.479503e-04,-2.245822e+00,-2.396487e+00,1.113665e+01
531,5.804399e-18,8.625245e-06,-1.797540e-05,5.424555e-04,-2.472226e+00,-2.073547e-01,9.890733e+00
532,5.244848e-17,1.400422e-05,-9.806364e-06,5.362340e-04,-5.465655e-01,1.080872e+00,3.972576e+00
533,9.783724e-18,1.663411e-05,-4.821913e-07,5.296939e-04,2.502548e-01,-5.473106e-01,6.608513e+00
534,1.365866e-18,8.593948e-06,-9.374760e-06,5.366544e-04,-7.465497e-02,-5.922819e-04,6.147467e+00
535,1.523817e-18,1.954367e-05,3.183692e-09,5.270979e-04,-7.304859e-01,-1.112344e-01,5.368906e+00
536,2.560886e-17,7.483208e-07,-1.252970e-05,5.397889e-04,1.416095e+00,-1.184988e+00,4.101615e+00
537,6.969264e-18,2.325640e-06,-1.783177e-05,5.292240e-04,-1.587445e+00,-1.100089e+00,3.287690e+00
538,1.853092e-18,7.786006e-07,-9.277702e-06,5.472832e-04,-1.765624e-02,8.500626e-02,1.765993e+00
539,3.257967e-18,1.722616e-05,-2.346552e-05,5.385649e-04,-3.724686e-01,-2.265507e-02,1.844048e+00
540,1.779095e-18,9.317014e-06,-5.516586e-06,5.428843e-04,1.483498e-01,6.343606e-02,-1.097867e+00
541,7.788126e-17,-2.485347e-05,-7.315580e-06,5.421879e-04,1.222054e+00,-1.067159e+00,1.180032e+01
542,1.914373e-16,-2.500684e-05,-7.406604e-06,5.422504e-04,9.943201e-01,-8.608649e-01,1.203727e+01
543,8.802694e-17,-1.634004e-05,-6.082971e-06,5.321384e-04,-1.695298e-01,-8.145256e-03,4.263190e+00
544,1.238109e-16,-9.794652e-06,-2.649708e-06,5.246348e-04,-1.406543e-01,4.173411e-01,6.468760e+00
545,1.327558e-17,-2.428713e-05,-6.122450e-06,5.324868e-04,-2.007053e-01,3.398712e-01,1.264722e+01
546,6.827280e-18,-1.367229e-05,-1.952589e-05,5.257022e-04,2.092358e+00,6.380167e-02,4.141015e+00
547,4.393202e-18,-1.570417e-06,-1.562788e-05,5.431394e-04,7.868088e-02,3.730967e-02,5.435755e+00
548,1.976839e-18,-1.869466e-05,-1.869993e-05,5.313221e-04,1.210270e-01,8.742310e-02,4.077058e+00
549,3.207911e-18,-1.015564e-05,-1.807312e-05,5.469719e-04,2.882342e-01,-4.743247e-01,1.568605e+00
550,5.268795e-17,9.900417e-06,-1.810232e-05,5.194762e-04,1.526359e-01,4.034238e-01,4.092382e+00
551,1.637042e-17,1.894124e-06,-1.932289e-05,5.061950e-04,-5.700717e-01,1.396224e-01,2.321042e+01
552,1.287100e-16,2.426520e-07,-7.805232e-06,5.225948e-04,-7.969060e-01,2.383941e+00,1.378505e+01
553,1.060671e-16,9.134805e-06,-4.221420e-06,5.071869e-04,-5.816237e-01,3.036508e-01,5.545695e+00
554,9.117915e-18,5.323289e-06,-1.039546e-05,5.072685e-04,-1.569830e+00,8.448112e-03,7.133319e+00
555,3.652714e-18,2.099428e-05,-1.246696e-05,5.115509e-04,5.143859e-01,-5.896978e-01,5.117839e+00
556,3.071210e-17,2.107466e-05,-1.385983e-05,5.212450e-04,1.044290e-03,2.519544e-01,7.186584e+00
557,2.902422e-18,1.954182e-05,-1.718782e-05,5.131459e-04,7.951093e-02,-1.452425e-01,7.771057e+00
558,2.709822e-18,1.948167e-05,-1.716366e-05,5.199167e-04,-6.064415e-01,6.380976e-01,9.510307e+00
559,4.955485e-17,1.271671e-05,-1.638154e-05,5.059572e-04,9.431638e-01,1.005326e+00,2.779002e+00
560,4.766256e-18,7.814388e-06,-1.406320e-05,5.087549e-04,-9.138262e-02,-7.888517e-02,6.548846e+00
561,2.835570e-18,3.122073e-06,-2.031202e-05,5.251825e-04,-4.634165e-02,5.235513e-02,4.270032e+00
562,9.984347e-19,7.812828e-06,-1.405841e-05,5.057781e-04,1.338409e-01,-1.017737e-01,6.841754e+00
563,5.075675e-18,1.093721e-05,4.368717e-10,5.240742e-04,1.071830e-01,-9.239373e-03,1.571710e+00
564,2.272366e-16,-1.411855e-05,-3.095089e-05,5.457385e-04,-3.432723e-02,1.732708e-01,1.011747e+01
565,3.572610e-17,-7.663066e-06,-3.749876e-05,5.307371e-04,-4.392796e-01,-2.018743e-01,4.222771e+00
566,1.640725e-16,-7.530090e-06,-3.776224e-05,5.310026e-04,-2.493306e-01,-1.141339e-01,4.149128e+00
567,2.542602e-16,-1.431659e-05,-4.345361e-05,5.412781e-04,-6.034833e-01,9.909731e-01,1.009289e+01
568,7.925530e-18,-1.180989e-05,-4.882759e-05,5.403401e-04,4.607082e-01,1.954037e+00,1.725630e+01
569,7.288864e-17,-4.846408e-06,-5.128746e-05,5.269515e-04,-4.028137e-01,4.826042e-01,5.155610e+00
570,4.180743e-18,-6.259127e-06,-2.655585e-05,5.438206e-04,4.536715e-02,-9.115619e-03,5.647728e+00
571,4.490483e-17,-3.980529e-05,-7.566431e-06,5.272952e-04,4.763321e+00,-3.153726e+00,1.896472e+01
572,3.867190e-17,-3.793829e-05,-2.212105e-05,5.338685e-04,-1.267151e+00,-2.789403e+00,2.288668e+01
573,4.411182e-17,-4.880497e-05,-4.798645e-06,5.259956e-04,2.818359e-01,-7.982546e-01,2.497392e+01
574,7.365216e-17,-5.001955e-05,-4.517491e-06,5.358488e-04,-1.874070e+00,-2.249570e-01,8.786868e+00
575,2.707398e-17,-3.530072e-05,-1.251038e-05,5.459673e-04,-8.904813e-01,6.626625e-02,3.543774e+00
576,9.081931e-19,-2.578104e-05,7.849048e-07,5.481910e-04,-2.511237e-02,-2.027292e-03,2.993640e-01
577,2.761948e-18,-4.453477e-05,-6.246544e-06,5.464770e-04,1.089940e-01,-2.401088e-03,2.079915e+00
578,6.971777e-19,-3.059916e-05,-2.483937e-06,5.496570e-04,9.337844e-02,1.223465e-01,5.949543e+00
579,4.832200e-16,-3.467826e-05,-8.271299e-06,5.179749e-04,-4.362645e-01,8.341043e-02,1.174876e+01
580,5.548261e-17,-4.736594e-05,-3.455613e-06,5.118670e-04,-1.282830e+00,1.879858e+00,1.246847e+01
581,5.187990e-18,-3.438242e-05,-2.200947e-05,5.095675e-04,2.877757e-01,8.423392e-02,1.903956e+01
582,2.002783e-17,-4.213155e-05,-9.265573e-06,5.046624e-04,2.297873e+00,4.200873e-01,2.218781e+01
583,1.611286e-16,-2.465149e-05,-1.092570e-05,5.049598e-04,-3.187879e-01,8.486463e-01,7.087007e+00
584,7.348271e-18,-3.516964e-05,-1.643216e-05,5.238089e-04,-7.215405e-01,4.091474e-01,1.935997e+01
585,1.436703e-17,-3.517259e-05,-1.401242e-05,5.064452e-04,-1.110477e-01,3.078740e-01,1.312292e+01
586,4.527392e-18,-3.435295e-05,-1.979668e-05,5.045966e-04,9.485410e-02,1.679336e+00,1.609649e+01
587,3.029601e-17,-5.002512e-05,-7.119700e-06,5.009087e-04,2.903210e-02,1.377332e+00,3.543684e+00
588,9.288236e-18,-3.281232e-05,-8.008303e-07,5.168790e-04,2.068254e-01,-5.411937e-01,1.059294e+01
589,6.908156e-17,-2.700633e-05,1.334568e-06,5.047009e-04,6.515228e-02,-6.065031e-02,9.250501e+00
590,6.087137e-19,-4.257904e-05,-5.461917e-06,5.203578e-04,-4.130428e-01,2.848651e+00,1.459672e+01
591,5.638543e-18,-4.928163e-05,-1.505461e-06,5.090163e-04,-7.141683e-01,2.566838e-01,1.640116e+01
592,2.864116e-18,-2.575057e-05,-6.233030e-06,5.245082e-04,1.931784e-01,-2.899963e-01,9.668236e+00
593,1.889949e-17,-2.511386e-05,-7.051544e-06,5.117922e-04,-2.547330e-02,-6.012007e-01,8.985283e+00
594,7.654925e-19,-3.997923e-05,-1.627520e-05,5.035469e-04,-2.560028e-02,3.297918e-01,-1.593995e+00
595,2.500328e-17,-4.850546e-05,-1.877338e-05,5.142858e-04,2.386814e+00,4.134678e-01,5.554330e+00
596,1.366842e-18,-4.921171e-05,-1.559947e-06,5.042711e-04,-5.131951e-01,3.521835e-01,1.192988e+01
597,2.351600e-18,-4.855197e-05,-1.173281e-05,5.094362e-04,-6.694977e-01,1.299733e-01,2.205050e+00
598,1.093722e-18,-4.218454e-05,-1.796230e-05,5.089570e-04,2.428111e-01,-2.204598e-01,-1.411278e-01
599,1.658861e-16,-5.362892e-05,1.158392e-06,5.220531e-04,6.837436e-01,1.572538e+00,5.700898e+00
600,2.187665e-16,-8.487606e-05,6.666181e-06,5.305677e-04,4.202108e-01,-2.066326e-01,1.156942e+01
601,1.595142e-17,-8.142552e-05,-1.124544e-06,5.318382e-04,-6.793422e-01,-2.141289e-01,1.277837e+01
602,1.488428e-16,-8.321765e-05,1.779256e-05,5.435052e-04,3.842262e-01,2.620754e+00,1.172447e+01
603,2.109963e-18,-9.304392e-05,-6.916829e-07,5.384687e-04,-1.950948e-01,2.405832e-01,1.032823e+01
604,2.875909e-17,-8.750197e-05,-1.725759e-06,5.436578e-04,-3.361639e-01,2.817590e-01,7.428657e+00
605,4.203926e-18,-9.531379e-05,2.344014e-06,5.468256e-04,-1.059562e-01,2.426877e-02,1.212337e+01
606,1.083020e-17,-7.925399e-05,1.812359e-05,5.349977e-04,2.786364e+00,3.760409e-02,9.895491e+00
607,3.140487e-18,-7.656154e-05,1.326962e-05,5.493903e-04,-3.791024e-02,-1.940671e-01,1.230816e+01
608,1.346396e-18,-8.203235e-05,3.126017e-06,5.410016e-04,-4.596071e-03,-1.731073e-03,1.153897e+00
609,9.440257e-19,-9.609317e-05,1.874724e-05,5.483455e-04,3.304451e-02,-7.494661e-02,8.670934e-02
610,2.146201e-17,-6.870004e-05,-1.447439e-05,5.332481e-04,1.675333e+00,-7.533602e+00,2.771564e+01
611,3.214540e-18,-5.468993e-05,-2.031384e-05,5.378192e-04,-1.009745e-02,-1.116546e+00,7.571965e+00
612,3.318045e-18,-7.109361e-05,-1.565163e-06,5.282759e-04,1.927206e-02,-1.440474e-01,5.816184e+00
613,1.553531e-18,-7.109945e-05,-1.565650e-06,5.337415e-04,-3.013422e-02,-1.798139e-01,4.006796e+00
614,3.676497e-18,-5.313570e-05,-9.375330e-06,5.453133e-04,-5.122833e-01,-2.573604e-02,1.042225e+00
615,9.065820e-18,-7.012127e-05,-1.153940e-05,5.215736e-04,-6.790310e-01,-6.132964e+00,2.374890e+01
616,4.645816e-18,-7.107224e-05,-9.030034e-06,5.100743e-04,-4.404138e-01,-4.109079e+00,1.738206e+01
617,1.391760e-17,-5.747054e-05,7.532283e-07,5.106377e-04,-3.266134e+00,2.893529e-02,2.219311e+00
618,7.197131e-18,-7.105664e-05,-7.186170e-06,5.028764e-04,-8.994957e-01,-4.267544e+00,1.548742e+01
619,3.587517e-18,-7.114562e-05,-1.560706e-06,5.189847e-04,3.593990e-01,1.557111e-01,8.401018e+00
620,2.836530e-18,-5.237448e-05,-1.173944e-05,5.023683e-04,5.165990e-02,3.723792e-01,1.793033e+00
621,4.885129e-19,-7.498843e-05,-1.054664e-05,5.027738e-04,6.199982e-02,2.837793e-01,3.447346e-01
622,2.057547e-18,-5.233453e-05,-1.171027e-05,5.230143e-04,-1.749660e-01,-2.293144e-01,-7.995980e-01
623,8.987866e-17,-8.163509e-05,-9.926901e-06,5.289945e-04,-4.085214e-01,4.375768e-01,7.860207e+00
624,2.380537e-18,-8.983531e-05,-1.485024e-05,5.260336e-04,1.730343e-01,3.589965e-01,1.322518e+01
625,2.156245e-18,-8.750131e-05,-1.181221e-05,5.285013e-04,5.072385e-02,-3.252738e-01,1.498450e+01
626,4.010488e-17,-9.057726e-05,-1.847014e-05,5.306223e-04,8.262667e-02,-4.162412e+00,1.089773e+01
627,4.987935e-17,-9.209709e-05,-1.396722e-05,5.435221e-04,-1.167230e+00,9.152501e-01,1.479000e+01
628,4.287102e-17,-9.108108e-05,-5.539990e-06,5.383942e-04,2.237047e-01,1.160363e+00,4.231666e+00
629,1.655514e-18,-9.163064e-05,-1.535941e-05,5.389639e-04,1.278801e+00,6.559192e+00,2.944525e+00
630,2.736716e-18,-7.968731e-05,-1.796556e-05,5.268142e-04,1.140337e-02,-7.438043e-02,2.292994e+00
631,1.347499e-18,-9.687718e-05,-9.386465e-06,5.360278e-04,2.201162e-02,-1.265287e-03,6.230702e-01
632,2.230985e-19,-9.180146e-05,-1.289040e-05,5.483686e-04,2.805896e-01,2.558670e-01,1.440358e-02
633,4.547452e-17,1.679215e-04,-7.771843e-06,5.202126e-04,-2.859855e-01,-2.459763e+00,1.135868e+01
634,2.911884e-18,1.632766e-04,-1.559953e-05,5.246144e-04,-1.014362e+00,3.978152e-01,1.672812e+01
635,3.185133e-18,1.640569e-04,-1.560799e-05,5.138961e-04,-7.988762e-01,-2.717565e-01,1.280644e+01
636,3.574743e-18,1.679440e-04,-3.894454e-06,5.105357e-04,2.982159e-02,-2.022377e+00,8.651651e+00
637,4.077743e-18,1.679224e-04,-2.341739e-06,5.251311e-04,5.340479e-03,2.155685e-02,9.350222e+00
638,5.920985e-17,1.724822e-04,-1.209886e-05,5.030524e-04,1.890278e+00,-7.702102e-02,4.332200e+00
639,1.771251e-17,1.565023e-04,-3.155336e-06,5.106961e-04,-9.391118e-01,-1.082261e+00,3.102619e+00
640,1.613871e-18,1.609358e-04,-4.679907e-06,5.218671e-04,1.698915e-02,-1.436168e-02,5.554046e+00
641,3.789881e-18,1.711117e-04,-1.408619e-05,5.124301e-04,2.218342e-01,3.393356e-01,3.290427e+00
642,5.166144e-19,1.586036e-04,-1.289118e-05,5.104611e-04,-2.110327e-01,-5.113747e-01,4.359768e+00
643,3.514864e-16,1.634107e-04,-1.562631e-05,5.426563e-04,-4.135884e-01,-6.345918e-01,7.192635e+00
644,4.665828e-18,1.632887e-04,-1.593841e-05,5.312476e-04,-2.885374e-01,-1.687925e-02,1.868949e+01
645,1.496038e-16,1.663400e-04,-1.212397e-06,5.326698e-04,-4.801122e-01,1.112559e-02,7.645187e+00
646,1.187617e-17,1.596826e-04,-6.772521e-06,5.430169e-04,-3.113412e+00,-9.935471e-01,5.163317e+00
647,1.922058e-18,1.608929e-04,-4.646177e-06,5.362033e-04,-5.026432e-02,4.922039e-02,6.830028e+00
648,1.836345e-18,1.664116e-04,-7.128278e-06,5.379538e-04,5.823393e-02,1.190152e-01,6.945991e+00
649,2.718376e-18,1.710941e-04,-1.406945e-05,5.283632e-04,-5.799829e-02,5.001648e-01,4.857119e+00
650,1.411553e-18,1.710868e-04,-1.407090e-05,5.337806e-04,7.085871e-03,-3.423712e-02,3.736748e+00
651,2.355058e-18,1.538908e-04,-9.386092e-06,5.370228e-04,-1.858409e-01,2.547045e-02,2.478118e+00
652,3.650364e-18,1.664367e-04,-7.085773e-06,5.336751e-04,-1.350289e-02,-1.434962e+00,5.933986e+00
653,8.610365e-17,1.677600e-04,1.894403e-05,5.314630e-04,-6.542122e-01,-2.642026e-01,5.664678e+00
654,2.334776e-16,1.711945e-04,8.910338e-06,5.079764e-04,-6.041409e-01,-2.909759e-01,1.080421e+01
655,2.860055e-17,1.585134e-04,9.985124e-06,5.108609e-04,7.480280e-01,-2.509991e-02,1.811167e+01
656,2.550184e-17,1.633743e-04,7.679816e-06,5.254514e-04,-2.526564e+00,-1.006037e+00,6.881169e+00
657,4.539496e-17,1.670809e-04,2.766859e-06,5.165956e-04,-1.383620e+00,-4.211849e-01,4.945419e+00
658,4.096019e-18,1.547285e-04,1.489652e-05,5.067192e-04,-7.173243e-02,-3.683915e-01,4.425417e+00
659,4.130336e-18,1.546563e-04,1.252460e-05,5.113297e-04,-1.520856e-01,2.869454e-01,4.133204e+00
660,1.180114e-17,1.690967e-04,1.826114e-05,5.150190e-04,-6.151117e-01,-9.539167e-02,4.390276e+00
661,1.510163e-18,1.703073e-04,1.717447e-05,5.089345e-04,1.292161e-01,5.907916e-01,4.235774e+00
662,8.555590e-18,1.609470e-04,1.633591e-05,5.182341e-04,-3.675032e-02,-2.114835e-01,4.000114e+00
663,1.362428e-17,1.736888e-04,1.629945e-05,5.055632e-04,-2.414518e-01,-5.452609e-01,3.060562e+00
664,4.518199e-18,1.578109e-04,4.691544e-06,5.066736e-04,3.526894e-02,2.160061e-02,7.840633e-01
665,1.163388e-17,1.633798e-04,4.703889e-06,5.318134e-04,1.084184e+00,-3.026872e-01,6.264959e+00
666,3.113566e-17,1.662242e-04,1.088840e-05,5.360038e-04,-1.540044e+00,-5.099948e-01,6.752048e+00
667,1.518607e-17,1.550222e-04,1.191868e-05,5.295762e-04,3.075230e-01,-3.894189e-01,7.986697e+00
668,2.344191e-17,1.523885e-04,1.919168e-05,5.363022e-04,5.623441e-01,4.386725e-02,7.002102e+00
669,1.868335e-17,1.587411e-04,8.100596e-06,5.312607e-04,1.195533e-01,-5.993442e-01,8.132909e+00
670,8.272800e-17,1.605326e-04,3.109136e-06,4.837339e-04,-4.968075e-01,-3.174507e-01,2.303729e+00
671,5.477389e-18,1.578157e-04,1.015674e-05,4.996752e-04,6.644036e-02,2.866843e-01,1.355846e+01
672,2.282891e-18,1.719496e-04,1.414263e-05,4.970229e-04,-7.554958e-01,-3.914874e-01,9.031931e+00
673,1.599423e-18,1.609481e-04,1.875426e-05,4.801431e-04,-2.596019e-01,-2.899143e-01,-1.530205e+00
674,1.463390e-18,1.570055e-04,1.016082e-05,4.965383e-04,-3.019838e-01,3.100925e-02,1.340062e+01
675,8.046905e-19,1.527340e-04,4.297703e-06,4.863949e-04,3.060004e-01,2.872603e-01,1.696042e+01
676,5.339618e-18,1.671878e-04,2.343258e-06,4.980406e-04,5.225230e-02,-3.972747e-01,5.519306e+00
677,2.469320e-18,1.516794e-04,4.121858e-06,4.840642e-04,-6.109926e-01,-9.086071e-01,1.388479e+01
678,1.048226e-17,1.679389e-04,1.460870e-05,4.810215e-04,-1.027539e+00,5.179123e-02,4.601149e+00
679,1.346297e-18,1.718646e-04,1.408846e-05,4.848410e-04,-5.714642e-01,8.705294e-01,2.108095e+00
680,2.917264e-18,1.554404e-04,7.015911e-06,4.875590e-04,-9.182256e-01,3.838001e-02,2.359323e+00
681,1.395251e-18,1.569502e-04,1.022298e-05,4.917361e-04,5.450783e-02,-8.846478e-02,8.976395e+00
682,5.596926e-18,1.571295e-04,1.021915e-05,4.862125e-04,2.497156e-01,7.364192e-01,7.471950e+00
683,1.345675e-18,1.569910e-04,1.013253e-05,4.801602e-04,-2.302990e-01,-2.977763e-01,4.535050e+00
684,1.008932e-17,1.541753e-04,2.426442e-05,4.839360e-04,-5.955269e-02,-2.404068e-02,-1.306610e-01
685,7.684688e-19,1.585968e-04,2.460901e-05,4.911217e-04,2.190700e-01,2.037992e-01,-4.664746e-01
686,1.807999e-17,-1.304509e-04,-3.409784e-06,5.266940e-04,-8.723077e-01,-9.944643e-01,7.056650e+00
687,8.406361e-18,-1.507427e-04,1.151944e-05,5.065918e-04,-1.519553e-01,-1.291704e+00,4.341818e+00
688,2.555645e-17,-1.517154e-04,1.639271e-05,5.153963e-04,-4.675018e-01,1.180591e+00,5.534781e+00
689,2.267698e-17,-1.492328e-04,2.340926e-06,5.369980e-04,4.727303e-01,-1.696583e+00,7.595215e+00
690,4.444676e-16,-1.358142e-04,-1.435143e-05,5.342587e-04,-7.547593e-01,-9.219796e-01,6.310321e+00
691,1.090121e-16,-1.370458e-04,-1.357915e-05,5.488597e-04,1.103929e-01,-5.124100e-01,1.037841e+01
692,6.914393e-18,-1.430022e-04,-1.123301e-05,5.362425e-04,-9.133605e-01,6.049375e-01,8.777892e+00
693,4.378811e-18,-1.437479e-04,-2.188325e-06,5.365776e-04,2.001615e-02,-1.196584e+00,8.111684e+00
694,8.587373e-17,-1.256355e-04,-8.529755e-06,5.361617e-04,-2.394435e-01,-6.425411e-01,6.516569e+00
695,4.698367e-18,-1.476510e-04,-1.406996e-05,5.439747e-04,4.763281e-02,-2.288307e-02,1.032137e+01
696,4.321642e-18,-1.336140e-04,1.387062e-06,5.268829e-04,-9.029149e-01,-9.230610e-02,9.993407e+00
697,2.842442e-18,-1.476500e-04,-1.328162e-05,5.297564e-04,-5.149182e-02,1.452164e-02,7.972357e+00
698,2.024370e-18,-1.265603e-04,-1.783657e-05,5.299524e-04,2.144562e-01,-1.388866e-01,-2.277234e-02
699,1.520603e-18,-1.453179e-04,-3.910720e-06,5.496709e-04,-1.688886e-01,-1.148470e-02,1.593580e+01
700,2.495758e-18,-1.281280e-04,-1.562692e-05,5.363326e-04,9.714395e-02,-5.572665e-02,5.038883e+00
701,1.387008e-18,-1.312368e-04,-1.800327e-05,5.382100e-04,6.231710e-02,2.044094e-01,-3.115410e-01
702,7.987162e-17,-1.360251e-04,1.634139e-05,5.368782e-04,-1.268633e-03,5.096241e-01,1.217359e+01
703,1.541837e-16,-1.267403e-04,1.312045e-05,5.364983e-04,4.092875e-01,6.651293e-01,7.534281e+00
704,6.753249e-17,-1.464590e-04,4.769277e-06,5.261556e-04,9.904305e-01,2.629588e-02,1.055273e+01
705,8.661760e-18,-1.398414e-04,4.690114e-06,5.486050e-04,6.727548e-02,-2.152394e-02,1.598125e+01
706,1.105719e-16,-1.408118e-04,1.482727e-05,5.464591e-04,1.491247e+00,4.908986e-01,7.766625e+00
707,1.210199e-18,-1.398439e-04,4.689709e-06,5.286247e-04,-1.039562e-01,4.441160e-02,5.824520e+00
708,3.613776e-18,-1.452944e-04,2.322993e-06,5.341828e-04,-2.122854e-01,2.130720e-01,6.671656e+00
709,4.990725e-18,-1.273440e-04,4.832335e-06,5.322730e-04,2.295887e-02,8.973602e-01,4.189550e+00
710,3.240161e-18,-1.453147e-04,2.349009e-06,5.391481e-04,-7.269003e-02,7.369628e-02,6.304936e+00
711,1.315633e-18,-1.453097e-04,2.357182e-06,5.438807e-04,-2.026664e-01,4.447318e-01,1.550671e+00
712,1.472050e-18,-1.484356e-04,3.904676e-06,5.058115e-04,-1.759394e-01,3.010588e-02,7.764473e+00
713,1.482169e-18,-1.484401e-04,3.906826e-06,5.103851e-04,-2.467209e-02,4.930977e-02,7.259255e+00
714,2.873808e-18,-1.343714e-04,1.562353e-05,5.215815e-04,-3.767864e-02,-1.708132e-01,1.265520e+01
715,2.276350e-18,-1.484439e-04,3.904889e-06,5.184555e-04,-1.987974e-01,7.556410e-02,1.008561e+01
716,1.213414e-18,-1.398443e-04,4.684059e-06,5.218502e-04,9.323912e-03,-7.525450e-02,6.125069e+00
717,3.742461e-17,-1.276510e-04,3.311548e-06,5.035030e-04,1.088273e+00,-8.897692e-01,6.411858e+00
718,5.384466e-18,-1.262774e-04,2.346670e-06,5.219495e-04,1.773613e-01,1.336717e-01,5.312095e+00
719,3.062950e-18,-1.421779e-04,7.809926e-06,5.115428e-04,-2.095493e-02,-8.364922e-02,5.364589e+00
720,5.805108e-18,-1.408220e-04,1.994056e-05,5.200742e-04,-7.905323e-02,1.818334e-01,6.576685e+00
721,4.215360e-18,-1.343775e-04,1.557652e-05,5.022418e-04,-7.247912e-01,2.575772e-01,6.780139e+00
722,3.181917e-18,-1.446113e-04,8.668411e-06,5.134413e-04,1.177807e-01,1.332130e-01,5.124317e+00
723,1.356719e-18,-1.398560e-04,4.690583e-06,5.104283e-04,-4.757413e-02,-1.884182e-02,5.142918e+00
724,3.542304e-18,-1.398488e-04,4.688788e-06,5.046707e-04,-8.728763e-02,-1.234878e-01,5.285062e+00
725,6.790446e-18,-1.241497e-04,2.165682e-05,5.231401e-04,-1.019796e+00,3.527419e-01,-7.116902e-01
726,9.886649e-17,-1.250524e-04,-1.266854e-05,5.235380e-04,-7.815404e-01,-2.397805e-01,1.500985e+01
727,6.325367e-17,-1.338259e-04,-1.996737e-05,5.111454e-04,1.582287e+00,-5.595670e-01,6.846431e+00
728,1.117365e-18,-1.296876e-04,-1.794641e-05,5.173231e-04,6.747019e-02,-4.224580e-01,-2.225149e+00
729,3.704751e-18,-1.367174e-04,-1.640799e-05,5.154478e-04,-1.334334e+00,1.995661e-01,3.525013e+00
730,5.688482e-17,-1.362739e-04,-1.704633e-05,5.157344e-04,-1.107635e+00,8.809005e-02,3.364679e+00
731,2.976956e-17,-1.254174e-04,-6.732327e-06,5.058317e-04,8.223897e-01,-1.484423e+00,5.072000e+00
732,1.381855e-18,-1.476593e-04,-1.327398e-05,5.119667e-04,4.094102e-01,-4.940451e-01,4.602435e+00
733,6.037155e-18,-1.374983e-04,-1.171895e-05,5.065782e-04,3.282037e-02,7.803500e-02,3.626217e+00
734,5.914161e-18,-1.273201e-04,-1.062446e-05,5.136513e-04,-1.060232e+00,6.304833e-01,4.062269e+00
735,2.536927e-18,-1.406289e-04,-9.370551e-06,5.176642e-04,-2.583752e-01,-5.956954e-02,2.287528e+00
736,2.917148e-18,-1.453116e-04,-3.126287e-06,5.069561e-04,1.628169e-02,1.703535e-02,1.677628e+00
737,1.495378e-18,-1.476509e-04,-1.314401e-05,5.251665e-04,-4.205432e-02,3.714003e-02,5.302499e+00
738,1.499818e-17,-1.648420e-04,1.406092e-05,5.116198e-04,1.658361e-01,-4.619619e-02,3.184213e+00
739,1.067801e-16,-1.647523e-04,1.455801e-05,5.113856e-04,3.132266e-01,2.635907e-02,3.257097e+00
740,3.360345e-17,-1.577835e-04,9.850283e-06,5.100165e-04,7.240603e-01,1.151781e+00,7.315171e+00
741,3.201895e-17,-1.662742e-04,1.168723e-05,5.250291e-04,-8.806577e-01,1.670815e+00,3.315246e+00
742,4.732515e-18,-1.570356e-04,1.717717e-05,5.196313e-04,-4.923119e-01,1.984719e-01,6.493625e+00
743,3.062426e-18,-1.695169e-04,-7.894908e-07,5.061676e-04,-1.243057e+00,-1.748838e-01,3.600555e+00
744,3.511674e-17,-1.534916e-04,-5.717160e-07,5.254518e-04,-2.244674e-01,1.333286e+00,3.566371e+00
745,6.062636e-18,-1.695312e-04,2.342649e-06,5.210465e-04,-2.428397e-02,-5.877771e-02,2.440556e+00
746,7.714560e-18,-1.708586e-04,1.346692e-05,5.205166e-04,-1.447434e-01,7.879021e-01,6.741267e-01
747,7.110684e-18,-1.742182e-04,-7.817554e-07,5.398433e-04,1.012118e+00,1.369018e+00,6.878043e+00
748,6.226394e-17,-1.738816e-04,-1.282697e-06,5.398993e-04,9.798933e-01,1.210361e+00,6.741492e+00
749,1.213178e-17,-1.681943e-04,-2.283484e-05,5.333759e-04,2.591210e-01,-1.155076e-01,6.910389e+00
750,6.988734e-17,-1.660974e-04,2.274609e-06,5.403308e-04,-1.485111e-01,7.573642e-01,8.389327e+00
751,1.383940e-17,-1.550784e-04,-2.188746e-05,5.455250e-04,-2.192750e-01,-1.951325e-01,4.468204e+00
752,4.507577e-18,-1.624980e-04,-7.820684e-06,5.287584e-04,-4.012037e-02,8.777404e-02,6.393958e+00
753,9.147841e-19,-1.734333e-04,-1.486130e-05,5.381269e-04,-5.009985e-02,2.521578e-01,-4.866507e-01
754,2.130383e-17,-1.907040e-04,1.470598e-06,5.361934e-04,-1.823223e+00,2.131897e-01,1.254144e+01
755,1.779411e-17,-1.912298e-04,-1.128545e-05,5.274680e-04,5.050635e-01,-1.263893e-01,5.373367e+00
756,3.857484e-18,-1.989748e-04,-5.475457e-06,5.276073e-04,9.613851e-04,1.465148e-01,8.874715e+00
757,2.594145e-18,-1.953119e-04,8.017158e-07,5.464740e-04,5.022421e-02,-2.641291e-02,5.596850e+00
758,6.340887e-18,-1.968795e-04,-4.695111e-06,5.362908e-04,-2.291483e-02,-1.105380e-02,5.039218e+00
759,2.910906e-18,-1.851543e-04,-5.430280e-10,5.318511e-04,-8.659095e-02,-9.748904e-02,5.039174e+00
760,5.416982e-18,-1.945348e-04,-9.482564e-06,5.418179e-04,3.180074e-02,-3.839005e-02,5.157568e+00
761,2.569568e-18,-1.906219e-04,-1.250426e-05,5.379076e-04,-3.573086e-02,2.310450e-02,2.810378e+00
762,1.069308e-18,-1.804687e-04,-3.909315e-06,5.387865e-04,-1.158177e-02,-5.484478e-03,2.114976e+00
763,7.401699e-18,-2.257814e-04,-1.796557e-05,5.268354e-04,-2.862190e-02,4.220053e-03,4.336808e+00
764,9.730704e-19,-2.257917e-04,-1.795199e-05,5.497619e-04,-1.362558e-01,1.032169e-01,6.418006e+00
765,1.058336e-16,-2.082524e-04,8.226399e-06,5.265183e-04,-1.030426e+00,-1.286437e+00,8.445355e+00
766,2.344911e-17,-2.333400e-04,-7.098361e-07,5.304256e-04,1.276537e-01,1.133542e+00,2.057219e+01
767,9.985256e-17,-2.486953e-04,-1.415915e-05,5.301806e-04,3.676759e-02,-1.580493e+00,1.127819e+01
768,1.534134e-18,-2.496084e-04,-7.815255e-06,5.275099e-04,-1.442502e-01,4.177707e-02,1.206027e+01
769,1.182021e-17,-2.320086e-04,-1.010398e-05,5.486280e-04,-1.467173e+00,7.349036e-01,9.204992e+00
770,8.427905e-18,-2.343756e-04,-3.908217e-06,5.363414e-04,-3.249989e+00,-1.402029e-02,5.025775e+00
771,2.070769e-18,-2.335983e-04,7.946484e-07,5.457221e-04,-1.024561e-01,5.211405e-02,9.436459e-02
772,4.994227e-18,-2.493073e-04,-7.829849e-07,5.401310e-04,-7.841208e-02,1.344549e-01,4.506955e+00
773,2.995174e-18,-2.390358e-04,-1.325208e-05,5.450354e-04,2.309235e-02,-3.097495e-02,8.267396e-01
774,5.719728e-17,-2.487294e-04,-2.131900e-05,5.000584e-04,5.251960e-02,-9.327399e-01,7.512280e+00
775,3.764711e-17,-2.311192e-04,-3.710963e-06,5.135026e-04,2.295546e+00,-6.024898e-02,1.636779e+01
776,1.539373e-16,-2.379960e-04,-1.255437e-05,5.096994e-04,-1.719887e+00,-2.394024e-01,7.584310e+00
777,3.755322e-17,-2.276032e-04,-8.857099e-06,5.112016e-04,-8.447466e-01,3.040119e-03,1.462709e+01
778,1.150769e-18,-2.241977e-04,-8.583934e-06,5.042953e-04,-9.568847e-02,8.946608e-02,1.051291e+01
779,2.450412e-19,-2.347666e-04,-2.730682e-06,5.188264e-04,-1.050556e-01,-9.991809e-02,1.275437e+01
780,3.815804e-17,-2.235955e-04,-4.462405e-06,5.142097e-04,1.009667e+00,1.041162e+00,3.105819e+00
781,5.377550e-17,-2.305929e-04,-5.592625e-06,4.997045e-04,1.498022e-01,1.065612e-01,1.458848e+01
782,2.046517e-17,-2.490951e-04,-7.811479e-06,5.099704e-04,-4.867722e-01,1.079026e-02,1.094871e+01
783,9.485358e-18,-2.441938e-04,-1.204500e-06,5.135812e-04,4.835389e-01,7.055175e-01,6.710057e-01
784,5.027806e-17,-2.377075e-04,-6.503145e-06,5.193935e-04,6.113690e-01,4.569957e-01,5.405886e+00
785,7.031459e-18,-2.343803e-04,-1.014015e-05,5.160764e-04,-1.492183e-01,-2.000329e-01,2.571671e+00
786,9.240459e-17,-2.486402e-04,6.067727e-06,5.234066e-04,-2.808826e-02,6.188802e-01,8.794416e+00
787,1.703030e-17,-2.302772e-04,1.540867e-05,5.384809e-04,-4.487012e+00,-5.444060e-01,9.184779e+00
788,7.859108e-18,-2.475944e-04,1.510398e-05,5.393847e-04,8.597225e-01,-3.289502e-01,1.034909e+01
789,2.172199e-18,-2.496089e-04,2.346487e-05,5.309332e-04,-1.199896e-01,1.580249e-01,9.346246e+00
790,1.030397e-17,-2.368354e-04,9.307159e-06,5.450823e-04,-4.125236e-01,-7.073934e-01,9.709145e+00
791,1.956087e-17,-2.491441e-04,4.972878e-06,5.484922e-04,-3.091979e-01,-1.183921e+00,1.026081e+01
792,4.992675e-18,-2.310463e-04,2.338305e-06,5.289972e-04,-2.679331e-01,3.961952e-01,6.540272e+00
793,5.969922e-19,-2.496107e-04,4.689149e-06,5.322836e-04,-2.481987e-01,-6.374158e-02,4.133344e+00
794,1.203831e-18,-2.281191e-04,1.485832e-05,5.425918e-04,3.819780e-02,-6.408703e-02,2.816396e-01
795,1.626396e-16,-2.154369e-04,-1.684131e-05,5.470811e-04,-1.973892e-01,1.086387e-01,8.069976e+00
796,1.189060e-16,-2.195551e-04,4.343964e-06,5.406970e-04,-1.626379e+00,2.358022e+00,1.380467e+01
797,2.420300e-16,-2.175769e-04,-8.256489e-06,5.248849e-04,3.045649e-01,-1.189021e-02,1.101472e+01
798,1.040156e-16,-2.034514e-04,-1.827834e-06,5.418323e-04,2.948520e+00,-8.688273e-01,7.130708e+00
799,6.640714e-17,-2.040156e-04,-1.156983e-05,5.390837e-04,-4.566232e-01,9.945866e-01,8.988137e+00
800,4.459216e-18,-2.226553e-04,-1.405956e-05,5.445814e-04,-9.054096e-02,-2.338460e-01,8.809710e+00
801,3.673568e-18,-2.055235e-04,-1.334164e-05,5.358938e-04,6.310227e-01,6.741802e-01,1.440284e+01
802,8.843141e-18,-2.054610e-04,1.316572e-05,5.441033e-04,1.043876e-01,-5.001359e-02,1.191974e+01
803,2.199476e-18,-2.226590e-04,9.391023e-06,5.436545e-04,-1.401854e-01,4.373146e-03,2.160668e+00
804,3.351987e-17,-2.208148e-04,2.282730e-06,5.163238e-04,4.366381e+00,-3.029791e+00,1.607698e+01
805,3.556441e-18,-2.187477e-04,-1.014933e-05,5.131158e-04,-5.065628e-02,-3.672824e-01,1.065010e+01
806,4.055929e-17,-2.137919e-04,1.943192e-06,5.052276e-04,2.889566e+00,6.889507e-01,8.061698e+00
807,2.353611e-18,-2.109360e-04,-8.587526e-06,5.123218e-04,-1.738665e-01,2.154956e-01,8.385431e+00
808,1.349917e-16,-1.969855e-04,1.189479e-06,5.131532e-04,-3.502405e-02,3.255125e-01,6.503332e+00
809,2.563390e-19,-2.136687e-04,-1.679384e-05,5.135361e-04,4.338251e-01,8.573582e-01,-4.454359e-01
810,1.020612e-18,-2.203017e-04,-7.906743e-07,5.111464e-04,2.378034e-01,6.845818e-01,7.561555e+00
811,3.421401e-17,-2.000777e-04,1.412076e-06,5.186029e-04,9.254708e-01,4.698642e-01,5.210940e+00
812,7.703404e-18,-2.085925e-04,-9.446806e-06,5.212753e-04,-1.178456e-02,9.217863e-02,7.202476e+00
813,2.346873e-17,-2.025979e-04,-1.842479e-05,5.101246e-04,-2.669327e-01,3.999529e-01,5.458905e+00
814,1.145570e-17,-2.055656e-04,-1.402989e-05,5.052289e-04,3.772630e-02,5.292818e-01,3.570766e+00
815,1.300592e-18,-2.039065e-04,-2.339736e-06,5.088659e-04,1.274311e-01,1.252120e-01,3.547322e+00
816,4.836852e-18,-2.187457e-04,-1.015299e-05,5.087894e-04,-2.232519e-02,-1.884057e-01,1.065797e+01
817,4.471384e-17,-2.067665e-04,1.311450e-05,5.069384e-04,-4.274339e-01,-1.198868e+00,6.705810e+00
818,3.228493e-16,-2.158379e-04,8.941219e-06,5.176007e-04,9.085205e-01,9.698654e-02,4.695702e+00
819,4.358603e-18,-2.261352e-04,8.592213e-06,5.070472e-04,6.226086e-01,-1.323637e-01,1.113782e+01
820,4.881179e-17,-2.207607e-04,1.359334e-05,5.027788e-04,5.328379e-01,1.447310e+00,9.621800e+00
821,1.932537e-17,-2.041327e-04,1.241315e-05,5.200491e-04,-3.510936e-01,-2.491295e-01,8.351520e+00
822,8.708149e-18,-2.022950e-04,9.825236e-06,5.172888e-04,-3.436158e-01,1.319630e+00,8.963241e+00
823,1.899413e-17,-2.248763e-04,2.173401e-05,5.144237e-04,2.113182e-01,1.759544e+00,6.474519e+00
824,3.292596e-18,-2.237063e-04,1.499070e-05,5.041968e-04,3.063304e+00,8.917055e-01,1.030449e+00
825,5.074261e-18,-2.468049e-05,1.405385e-05,4.796781e-04,-1.377359e+00,4.595157e-01,3.259168e+00
826,1.110740e-18,-3.906210e-05,1.874953e-05,4.778235e-04,-3.265631e-01,4.917276e-02,-2.963421e-01
827,5.090493e-17,-3.489088e-05,4.529818e-06,4.933155e-04,-9.398760e-01,-9.724240e-01,7.044957e+00
828,4.219967e-17,-3.471502e-05,1.470978e-05,4.996310e-04,2.811468e-01,2.975274e-01,6.663504e+00
829,1.524377e-17,-4.375100e-05,4.687768e-06,4.906846e-04,1.136746e+00,5.809159e-01,7.394871e+00
830,3.411322e-17,-4.531550e-05,1.090754e-05,4.993635e-04,9.043951e-01,2.958482e-03,1.203908e+01
831,8.195029e-17,-4.367671e-05,4.842101e-06,4.912568e-04,1.201409e+00,4.511259e-01,7.639779e+00
832,4.206052e-18,-3.437596e-05,7.026151e-06,4.863854e-04,1.442356e-01,4.698094e-01,5.432213e+00
833,2.885220e-18,-3.829518e-05,1.868080e-05,4.974949e-04,-5.968613e-02,-5.003673e-01,3.881326e+00
834,6.483231e-17,-4.210852e-05,1.246686e-05,4.844861e-04,-1.094113e+00,2.669608e-01,4.586354e+00
835,3.775883e-18,-3.044049e-05,8.560703e-06,4.873286e-04,2.021966e-02,-1.345701e-01,-5.007950e-01
836,3.291591e-18,-3.286314e-05,8.851676e-07,4.928992e-04,1.623015e-01,1.436847e+00,5.233522e+00
837,2.694422e-18,-3.355963e-05,1.554513e-06,4.852955e-04,-1.726224e+00,-6.857182e-02,4.204397e+00
838,1.156020e-18,-3.514166e-05,1.487424e-05,4.856335e-04,-2.328653e-01,-4.971883e-02,1.655212e+00
839,4.172750e-18,-4.532338e-05,8.661950e-06,4.835054e-04,-1.018634e+00,-5.538299e-01,4.693596e+00
840,2.502898e-19,-4.257576e-05,1.211120e-05,4.801557e-04,1.264645e+00,-9.013722e-01,6.923157e+00
841,3.362391e-18,-4.442446e-05,3.913500e-06,4.966653e-04,1.444428e+00,-8.965480e-01,3.468961e+00
842,1.661424e-18,-4.523783e-05,8.345252e-06,4.801610e-04,-1.472360e+00,1.116866e+00,4.302359e+00
843,3.594989e-18,-4.219036e-05,1.484602e-05,4.906940e-04,4.545982e-02,-5.031808e-02,7.069907e-01
844,2.779259e-17,-3.459164e-05,2.404476e-05,4.830246e-04,1.007763e-02,4.717414e-02,-1.517570e-01
845,4.205917e-17,-2.892612e-05,-6.375465e-06,4.885658e-04,-1.971465e+00,1.658027e+00,5.136121e+00
846,5.546290e-18,-4.531309e-05,-9.374473e-06,4.980841e-04,-3.997216e-01,3.642521e-01,1.983263e+01
847,6.220326e-18,-4.708802e-05,-8.624942e-06,4.902586e-04,6.486975e-02,-1.080817e+00,1.426330e+01
848,1.110307e-17,-4.760236e-05,-4.670659e-06,4.995961e-04,6.461264e-02,6.193642e-01,1.380032e+01
849,7.463613e-18,-3.203962e-05,-2.749492e-06,4.973140e-04,-2.590430e-02,-1.250862e-01,6.401760e+00
850,1.975261e-18,-5.062700e-05,-1.575506e-06,4.846028e-04,-6.282025e-01,3.940733e-01,4.861551e+00
851,1.163383e-17,-3.437398e-05,-1.340840e-05,4.968138e-04,6.901797e-02,1.657357e-01,1.076279e+01
852,9.575389e-19,-4.157341e-05,-1.133038e-05,5.009773e-04,2.992194e-01,3.975592e+00,8.239606e+00
853,1.146925e-17,-3.436579e-05,-1.899220e-05,4.999429e-04,-8.969092e-02,2.136133e-01,1.600224e+01
854,7.919463e-19,-5.076624e-05,-1.953250e-06,4.786118e-04,8.525163e-01,-1.222038e+00,-1.022203e+00
855,1.650024e-18,-3.436710e-05,-9.346426e-06,4.856310e-04,-1.914557e-01,5.155798e-03,5.777116e+00
856,1.343735e-18,-3.437992e-05,-1.553926e-05,4.817287e-04,7.271940e-02,3.520512e-01,4.441853e+00
857,7.652646e-19,-3.441091e-05,-1.367645e-05,4.785895e-04,1.892439e-01,1.181116e+00,3.767900e+00
858,2.584738e-18,-4.139579e-05,-1.170837e-05,4.937754e-04,5.211745e-01,-6.215422e-01,6.489928e+00
859,2.148060e-18,-2.886231e-05,-6.953714e-06,4.820119e-04,5.059911e-01,-4.306167e-01,3.241964e+00
860,4.244727e-18,-2.577290e-05,-5.464425e-06,4.934463e-04,1.341214e-01,-2.733892e-01,4.273780e+00
861,3.409384e-18,-3.437939e-05,-1.797374e-05,4.945850e-04,2.620551e-01,2.707113e-01,1.351708e+01
862,1.501114e-18,-3.438909e-05,-1.177038e-05,4.910898e-04,7.012153e-02,2.130510e-01,6.930251e+00
863,8.398087e-19,-4.594390e-05,-8.714494e-06,4.871944e-04,-9.335863e-01,-1.046241e+00,1.421363e+01
864,1.213399e-17,-4.686954e-05,-4.657607e-06,4.922447e-04,-8.836259e-01,5.621747e-01,1.299869e+01
865,2.465553e-19,-4.570313e-05,-8.986798e-06,4.848471e-04,-9.141742e-01,-2.437468e-01,1.110103e+01
866,3.708314e-18,-4.920419e-05,-1.552673e-06,4.997995e-04,-5.509677e-01,3.565915e-01,1.032646e+01
867,6.816646e-18,-3.437254e-05,-1.796456e-05,4.883801e-04,-2.262000e-01,-1.939582e-01,9.979335e+00
868,4.360898e-18,-4.140144e-05,-1.173683e-05,4.887438e-04,1.419062e-01,-5.150364e-01,5.049293e+00
869,4.902460e-19,-4.608467e-05,-8.203162e-06,4.817289e-04,1.296970e+00,-8.838481e-01,6.682892e+00
870,3.024242e-18,-4.608952e-05,-6.732989e-06,4.767235e-04,2.991810e-01,2.411418e+00,5.180858e-01
871,1.223758e-18,-4.179753e-05,-1.572312e-06,4.825080e-04,3.744287e-01,-3.312501e-02,1.110501e+01
872,6.308708e-18,-4.917443e-05,-1.565240e-06,4.951990e-04,4.059722e-02,-1.280018e-01,8.479191e+00
873,4.175620e-18,-4.682455e-05,-4.689805e-06,4.819788e-04,-6.223029e-01,3.201284e-02,7.079928e+00
874,6.240683e-18,-5.001967e-05,-1.564806e-06,4.914043e-04,-2.368908e-01,-2.271706e-02,1.081268e+01
875,1.621538e-17,-4.295234e-05,-2.424538e-05,4.974411e-04,2.319938e-02,8.920165e-02,-6.942185e-03
876,4.591741e-18,-3.818832e-05,-2.460943e-05,4.902470e-04,-7.501625e-02,8.588456e-03,-2.430455e-01
877,2.299941e-16,-6.000467e-05,-1.229474e-05,4.924103e-04,3.560676e-01,-4.375795e-01,1.591466e+00
878,4.106505e-17,-5.979081e-05,-2.748259e-06,4.964574e-04,3.429209e-01,-1.110121e+00,1.191990e+01
879,7.603266e-17,-5.876440e-05,5.027925e-06,4.934874e-04,2.649688e-02,-1.128485e-01,1.100361e+01
880,5.291520e-18,-7.499989e-05,-1.406438e-05,4.941715e-04,-9.039774e-02,6.377796e-01,7.769542e+00
881,1.417415e-18,-6.173982e-05,-7.690036e-07,4.895153e-04,1.897628e-01,7.185551e-01,1.006122e+01
882,3.143303e-18,-7.028701e-05,-8.577854e-06,4.905277e-04,-7.723346e-02,-2.089607e-01,-3.352316e+00
883,3.016494e-17,-5.287797e-05,-7.114711e-06,4.788522e-04,7.927389e-01,3.831317e+00,4.744950e+00
884,1.331083e-18,-7.186182e-05,-4.297518e-06,4.853152e-04,-1.363054e+00,-2.851846e+00,9.606072e-02
885,2.925545e-17,-6.930306e-05,-7.765794e-06,4.807191e-04,-1.931254e-01,7.392641e-01,5.187826e+00
886,5.711790e-18,-7.500185e-05,-1.718879e-05,5.004157e-04,6.171522e-02,-1.431160e+00,2.304158e+00
887,1.429916e-18,-7.499542e-05,-1.405877e-05,4.825010e-04,-4.099101e-02,-2.396927e-01,1.754627e+00
888,2.939100e-18,-6.168159e-05,-8.974365e-07,4.847617e-04,-1.263014e-01,9.943212e-01,6.675922e+00
889,2.357731e-18,-6.015441e-05,-2.460886e-05,4.849986e-04,-1.037664e-01,1.086430e-02,-1.304653e+00
890,1.359262e-18,-5.701937e-05,1.797629e-05,4.981235e-04,2.492024e-01,2.568182e-01,-2.080983e+00
891,2.400033e-17,-5.169011e-05,6.367222e-06,4.761538e-04,2.895420e+00,-2.406888e+00,2.057491e+00
892,6.743598e-18,-5.206265e-05,1.732331e-05,4.854217e-04,-1.849376e+00,-3.579112e-01,6.439213e+00
893,6.492825e-18,-6.875165e-05,1.125703e-05,5.025675e-04,-1.205135e-02,-8.487249e-01,3.809689e+00
894,2.250254e-18,-7.186709e-05,1.716080e-05,5.015944e-04,-1.363554e-01,-8.222646e-02,6.698994e-01
895,4.564844e-18,-5.543502e-05,7.786997e-06,4.990193e-04,1.998201e-01,-1.145909e-01,1.792639e+00
896,2.289724e-17,-6.914828e-05,2.413519e-05,4.972572e-04,-6.426206e-03,-5.364376e-02,8.677412e-03
897,2.063658e-16,-4.692016e-05,4.140538e-06,5.086537e-04,-2.465838e-01,-2.065069e+00,1.169979e+01
898,3.968071e-17,-3.530885e-05,3.960087e-06,5.134300e-04,-2.169542e-01,-2.112986e-01,2.312122e+00
899,4.745787e-18,-3.280538e-05,1.327541e-05,5.187292e-04,-2.021573e-02,1.763228e-01,8.237078e+00
900,1.591173e-17,-3.098618e-05,8.675178e-06,5.249830e-04,9.549863e-01,-1.557460e+00,7.718075e+00
901,1.429213e-18,-3.829670e-05,1.873652e-05,5.256538e-04,-1.241885e-01,-1.111593e+00,7.815247e+00
902,2.917101e-18,-3.827708e-05,1.873675e-05,5.162324e-04,7.494557e-02,-8.083907e-01,8.001914e+00
903,7.009787e-18,-3.284301e-05,1.325877e-05,5.060892e-04,-5.158928e-02,7.386488e-02,5.268286e+00
904,3.871098e-17,-4.485755e-05,1.266501e-05,5.271912e-04,-4.333536e-01,2.211216e-01,6.761703e+00
905,2.913220e-18,-5.879380e-05,1.291856e-05,5.054419e-04,-4.766244e+00,-5.765449e-01,1.447029e+01
906,1.007151e-17,-6.122304e-05,1.079358e-05,5.165653e-04,-6.739510e+00,-3.382516e+00,1.928041e+01
907,2.889185e-17,-6.679687e-05,6.837390e-06,5.279111e-04,-3.192044e-01,9.992531e-01,5.579311e+00
908,1.453185e-16,-6.708376e-05,6.721408e-06,5.274918e-04,-3.281277e-01,1.093199e+00,5.501376e+00
909,2.221985e-17,-7.642849e-05,1.118231e-05,5.215927e-04,1.802987e-01,1.740632e+00,3.877880e+00
910,2.033169e-18,-6.107258e-05,8.570000e-06,5.133094e-04,6.448615e-01,4.427641e-01,5.084989e+00
911,1.682515e-17,-6.461844e-05,5.189655e-06,5.116668e-04,5.141070e-01,-5.045860e-01,3.853139e+00
912,1.506085e-18,-6.874854e-05,1.718231e-05,5.050970e-04,7.973817e-02,1.855844e-01,4.148155e+00
913,3.404262e-18,-5.156756e-05,3.920468e-06,5.130719e-04,-4.964432e-01,5.160015e-01,2.169015e+00
914,7.087785e-18,-6.640945e-05,7.030841e-06,5.413975e-04,-8.169969e-01,-9.288397e-01,7.547747e+00
915,7.387561e-17,-6.627823e-05,7.138923e-06,5.413240e-04,-8.148827e-01,-8.730666e-01,7.425562e+00
916,1.306284e-17,-6.098751e-05,1.938121e-05,5.477160e-04,4.679787e-02,-9.585917e-01,9.090633e+00
917,3.547154e-18,-5.077773e-05,1.329047e-05,5.450580e-04,-1.491308e+00,-4.643418e-01,8.035682e+00
918,6.312395e-17,-5.006473e-05,1.260913e-05,5.454467e-04,-9.343498e-01,-7.012505e-02,9.239454e+00
919,2.495449e-18,-6.874811e-05,1.718250e-05,5.371524e-04,2.605380e-02,3.613284e-02,7.933527e+00
920,5.955863e-18,-5.417673e-05,4.696887e-06,5.437942e-04,2.530690e-01,-2.939056e-02,5.233695e+00
921,8.679391e-18,-6.015850e-05,1.245026e-05,5.370641e-04,8.769713e-03,-1.237061e+00,7.949848e+00
922,4.338752e-18,-6.874723e-05,1.718888e-05,5.337016e-04,1.765980e-02,-7.925935e-02,8.724996e+00
923,3.426614e-18,-7.265800e-05,1.173226e-05,5.294370e-04,-2.559170e-02,1.513037e-01,3.125997e+00
924,5.705143e-19,-6.171779e-05,2.070779e-05,5.425836e-04,-1.841879e-01,-1.615618e-01,2.305162e+00
925,9.084406e-17,-1.217614e-05,1.289471e-05,5.326835e-04,1.836025e+00,1.060646e+00,7.719127e+00
926,3.669560e-17,-1.786600e-05,9.027334e-06,5.333838e-04,-1.363671e+00,-4.539527e-01,4.223349e+01
927,2.679711e-18,-1.171585e-05,7.808797e-06,5.259738e-04,-3.910797e-01,-1.887239e-03,5.025342e+00
928,2.772404e-17,-3.888506e-06,4.372328e-06,5.476910e-04,5.636725e-01,-5.978038e-01,9.415061e+00
929,7.514455e-18,-1.640153e-05,9.405424e-06,5.282151e-04,5.277183e-01,-7.025585e-01,4.367272e+01
930,3.672009e-17,-2.354700e-05,2.327299e-05,5.359309e-04,1.223873e-01,2.294712e+00,8.284050e+00
931,1.228207e-17,-1.796337e-05,4.454222e-06,5.356279e-04,1.345432e-02,-4.727651e-01,9.826586e+00
932,1.358513e-17,-1.644079e-06,1.434524e-05,5.473013e-04,-2.432689e+00,-8.876415e-01,1.035760e+01
933,3.996813e-17,-2.627520e-06,1.566519e-05,5.390065e-04,-4.575725e-01,1.178783e+00,6.534640e+00
934,1.326515e-18,-2.343927e-05,9.375580e-06,5.322259e-04,6.210819e-02,-6.796766e-02,7.491984e+00
935,2.270098e-18,-1.875595e-05,1.564182e-05,5.428911e-04,5.580162e-02,-7.542402e-02,-1.030547e+00
936,2.011373e-17,-3.631384e-05,1.709183e-05,5.489697e-04,4.597494e-01,-6.195660e-01,1.686168e+01
937,4.234804e-17,-3.181898e-05,3.236890e-06,5.298143e-04,-2.157220e-01,8.836702e-01,3.865958e+00
938,4.445803e-18,-4.062304e-05,7.032284e-06,5.489702e-04,-2.910354e-02,6.144823e-02,7.237392e+00
939,1.216573e-18,-3.828501e-05,1.873016e-05,5.323062e-04,6.092475e-02,-8.315536e-01,7.904517e+00
940,1.568419e-18,-4.126594e-05,1.654144e-05,5.304518e-04,-1.325939e-01,-2.318059e-01,6.136335e+00
941,2.729616e-18,-4.452556e-05,3.134458e-06,5.435784e-04,2.137168e-01,-3.640484e-02,2.149373e+00
942,2.420555e-18,-3.593758e-05,4.692505e-06,5.362633e-04,1.054194e-02,-6.449116e-02,8.915152e-01
943,2.997913e-17,-1.298529e-05,1.611048e-05,5.100016e-04,5.001551e-01,-5.156260e-01,6.140873e+00
944,5.796034e-18,-1.563055e-05,9.441340e-06,5.220152e-04,6.001237e-01,-2.252671e-01,3.701137e+01
945,1.024725e-16,-1.859510e-05,5.951966e-06,5.037335e-04,3.633603e+00,-3.058817e-01,7.835988e+00
946,3.259308e-17,-1.760465e-05,1.539627e-06,5.190822e-04,2.803801e-01,2.652595e-01,4.806198e+00
947,1.094550e-17,-1.647905e-05,1.987852e-05,5.126607e-04,-2.699160e-01,-2.746948e+00,-5.850250e-01
948,2.732336e-17,-1.560627e-05,9.497153e-06,5.079551e-04,-1.384743e-01,-2.966282e-01,2.897552e+01
949,3.174094e-18,-7.805530e-06,1.950736e-05,5.160882e-04,1.850401e-01,-6.236340e-01,9.459561e+00
950,2.831357e-18,-7.805687e-06,2.031537e-05,5.199169e-04,5.735606e-02,5.263046e-02,6.826636e+00
951,3.157913e-18,-1.171481e-05,7.806218e-06,5.199499e-04,3.460070e-02,1.932831e-01,5.011200e+00
952,7.494969e-18,-2.281417e-05,1.640048e-05,5.138452e-04,-2.106558e+00,2.635799e-01,1.340852e+00
953,9.320360e-18,-4.645482e-06,4.281329e-06,5.027390e-04,5.573556e-01,-1.394367e+00,5.901967e-01
954,6.179292e-19,-6.445255e-05,-1.367263e-05,4.742486e-04,5.697174e-01,-4.207218e+00,8.072812e+00
955,2.631716e-18,-6.345910e-05,-1.388146e-05,4.717524e-04,-1.370385e+00,-5.080714e+00,3.484706e+00
956,2.975328e-19,-6.289019e-05,-1.210984e-05,4.723498e-04,1.492497e+00,-7.319422e-01,6.146078e+00
957,1.112450e-18,-6.210924e-05,-1.132753e-05,4.703526e-04,-1.684120e+00,3.857760e+00,4.664757e-01
958,2.413573e-19,-5.898411e-05,-8.201422e-06,4.692421e-04,1.056605e+00,1.301454e+01,-5.791744e+00
959,5.162061e-19,-5.429663e-05,-8.202951e-06,4.727696e-04,1.481842e+00,1.925824e+00,-1.416990e-01
960,2.588476e-19,-5.351543e-05,-7.420271e-06,4.700186e-04,-3.655160e-01,4.076739e+00,-7.606894e+00
961,6.160971e-19,-6.992191e-05,-6.640001e-06,4.734569e-04,3.607568e-01,2.763781e-01,-2.324140e+00
962,1.135223e-18,-6.289062e-05,-6.562020e-07,4.756910e-04,-1.415632e+00,-5.873636e-01,-4.272706e+00
963,3.440009e-19,-5.429836e-05,-7.422523e-06,4.692476e-04,-3.578696e-01,4.106553e+00,-1.063306e+01
964,2.397139e-17,-4.155662e-05,-1.303856e-05,4.750805e-04,7.102956e-02,2.104739e+00,2.390038e+00
965,3.190223e-19,-4.101622e-05,-2.226754e-05,4.715802e-04,-1.103619e+00,8.954288e-01,-7.705928e-01
966,2.170520e-18,-4.139654e-05,-1.563721e-06,4.748832e-04,4.117802e-01,-2.071724e-01,4.343507e-01
967,2.386466e-18,-4.570330e-05,-5.077967e-06,4.728350e-04,-5.925983e-01,2.864980e+00,-3.673046e+00
968,9.815672e-18,-2.545125e-05,1.348434e-05,4.741833e-04,-1.966567e+00,-2.431946e+00,1.602805e+00
969,2.363021e-18,-4.850504e-05,1.722573e-05,4.735765e-04,-7.546601e-01,3.021891e-01,-2.460402e+00
970,5.103629e-17,-1.616303e-05,1.678124e-04,5.284887e-04,-1.062243e+00,1.000771e+00,1.817963e+01
971,4.252783e-17,-4.418581e-06,1.585604e-04,5.274536e-04,6.498531e-01,1.661774e+00,9.644429e+00
972,2.071665e-17,-7.519150e-06,1.691368e-04,5.310445e-04,-3.880733e-01,1.053325e+00,1.427866e+01
973,6.196566e-18,-1.563157e-06,1.484205e-04,5.300516e-04,-7.876848e-02,-3.780808e-02,5.178789e+00
974,1.143134e-18,-1.326495e-05,1.687610e-04,5.359635e-04,-4.618821e-01,-4.589895e-01,6.319356e+00
975,5.249880e-17,-4.776682e-06,1.485559e-04,5.103104e-04,1.463147e+00,-3.258660e-01,7.255398e+00
976,4.892968e-18,-1.328651e-05,1.609398e-04,5.345318e-04,-1.102542e-01,3.216395e-01,7.362080e+00
977,2.257883e-18,-2.109437e-05,1.734364e-04,5.444238e-04,-4.720217e-02,-9.671770e-02,6.005394e-01
978,8.040248e-16,-2.002797e-06,1.246142e-04,5.120606e-04,4.793071e-01,-2.119038e-02,7.229097e+00
979,8.586049e-17,1.978086e-06,1.419176e-04,5.166806e-04,-2.235870e-02,3.711900e-01,5.686107e+00
980,2.852454e-16,-1.179792e-05,1.401563e-04,5.148804e-04,-1.204055e+00,1.953455e-01,4.447384e+00
981,1.054305e-17,-2.131556e-05,1.273829e-04,5.110927e-04,5.210546e-01,-1.445881e+00,4.372807e+00
982,1.414879e-18,-1.172752e-05,1.242195e-04,5.226184e-04,3.565307e-01,-1.121497e-01,3.520189e+00
983,1.326462e-16,-5.598371e-06,1.643347e-04,5.171987e-04,4.080274e-01,8.009042e-02,1.509812e+01
984,1.075892e-17,-1.088696e-05,1.720573e-04,5.092526e-04,8.575639e-01,7.349475e-01,2.653764e+01
985,3.180563e-17,-1.096046e-05,1.644028e-04,5.100305e-04,-9.690395e-01,-1.274877e+00,1.882126e+01
986,5.217017e-18,-1.249627e-05,1.640560e-04,5.188723e-04,3.060211e-02,-1.046352e-01,2.179787e+01
987,2.128902e-18,-1.108144e-05,1.640465e-04,5.025299e-04,3.951923e-01,-1.062577e+00,1.439592e+01
988,1.031537e-18,-3.691854e-06,1.584018e-04,5.148113e-04,-7.515769e-01,3.178892e-01,8.504191e+00
989,2.457255e-18,-1.332590e-05,1.609745e-04,5.236353e-04,-1.411539e-01,4.900050e-02,9.004446e+00
990,7.973043e-18,-8.591048e-06,1.577876e-04,5.021059e-04,7.594497e-02,6.546441e-02,9.536841e+00
991,2.964602e-18,-4.677860e-06,1.656345e-04,5.131327e-04,5.952220e-01,4.680313e-01,2.204494e+01
992,1.109089e-18,-7.028533e-06,1.586110e-04,5.081350e-04,-6.902616e-02,-2.195827e-01,9.271460e+00
993,2.805311e-18,-2.390368e-06,1.531150e-04,5.054013e-04,1.408112e-01,4.314751e-04,5.196015e+00
994,1.414688e-17,-3.857385e-07,1.531328e-04,5.119037e-04,4.086451e-01,-2.277093e-02,7.844838e+00
995,4.795215e-18,-1.875096e-05,1.625054e-04,5.147500e-04,3.019798e-01,-1.044158e-01,6.287959e+00
996,1.441044e-18,-4.710534e-06,1.656330e-04,5.096621e-04,4.088245e-02,6.692324e-02,1.697322e+01
997,7.962929e-18,-2.124553e-05,1.660894e-04,5.187660e-04,2.574334e-01,4.099627e-01,4.607851e+00
998,4.745659e-18,-1.178373e-05,1.687509e-04,5.075071e-04,-1.224364e-01,8.478658e-01,4.497229e+00
999,8.525362e-18,-4.684344e-06,1.657090e-04,5.025237e-04,3.071003e-01,2.773637e-01,1.031229e+01
1000,6.125000e-17,-1.548135e-05,1.102088e-04,5.483821e-04,9.624716e-01,-4.180740e-01,6.973435e+00
1001,3.259859e-17,-8.052086e-06,1.260039e-04,5.380886e-04,-1.157713e+00,4.087502e+00,1.039123e+01
1002,6.035654e-17,-6.391868e-08,1.128157e-04,5.257940e-04,-6.024492e-01,6.286258e-01,7.023719e+00
1003,5.145143e-18,-9.380675e-06,1.171907e-04,5.366917e-04,8.463799e-01,-1.038905e-01,6.324233e+00
1004,5.299076e-17,-5.786597e-06,1.102202e-04,5.469247e-04,4.496287e-01,4.460071e-01,3.974151e+00
1005,1.889818e-18,-7.880010e-07,1.196444e-04,5.269527e-04,-3.695031e-01,-9.868588e-01,6.294841e+00
1006,7.012750e-19,9.197755e-07,1.225230e-04,5.409592e-04,-1.443529e-03,2.101108e-01,1.965825e+00
1007,2.789416e-18,-1.406217e-05,1.031332e-04,5.407043e-04,2.647769e-01,1.352771e-01,3.462398e+00
1008,6.884958e-19,6.454778e-07,1.128907e-04,5.469791e-04,2.177532e-01,3.131597e-01,1.550748e+00
1009,2.906377e-18,-2.106056e-05,1.031550e-04,5.472047e-04,1.480583e-02,2.605745e-02,6.878433e-01
1010,9.986215e-17,-9.880434e-06,8.740156e-05,5.203490e-04,-3.418882e-01,1.561263e-01,7.681119e+00
1011,1.280104e-16,-6.186378e-07,1.093051e-04,4.982440e-04,8.184901e-01,-2.517945e-01,1.518776e+01
1012,7.834086e-17,-4.575648e-06,9.616797e-05,5.092674e-04,1.799288e+00,7.132526e-01,7.934050e+00
1013,2.008756e-16,-4.515224e-06,9.643984e-05,5.089898e-04,1.691701e+00,8.947704e-01,7.888566e+00
1014,2.900788e-17,1.940615e-06,8.208592e-05,5.120334e-04,-4.099915e-01,5.809213e-01,1.438583e+01
1015,4.220308e-17,-1.060312e-05,9.704944e-05,5.223998e-04,1.282456e+00,-6.277987e-01,9.627261e+00
1016,6.221461e-17,-5.107167e-06,8.049179e-05,5.178375e-04,7.382695e-01,2.942443e-01,6.616399e+00
1017,1.377093e-17,-2.147658e-05,8.457911e-05,5.247803e-04,-1.061138e+00,1.733948e+00,6.935092e+00
1018,2.168319e-18,-1.574488e-06,8.837143e-05,5.044476e-04,-2.969006e-01,1.371497e+00,4.763774e+00
1019,4.131678e-17,-1.242960e-05,1.093102e-04,5.093133e-04,-1.423784e+00,4.164021e-01,6.298867e+00
1020,3.896797e-17,-1.588374e-05,1.198194e-04,5.046895e-04,-1.075156e+00,-5.662873e-01,8.678358e+00
1021,1.760670e-16,-1.297821e-05,1.096317e-04,5.099446e-04,-6.371194e-02,-2.618106e-01,6.215615e+00
1022,5.306518e-17,-2.081743e-05,1.051553e-04,5.221914e-04,-1.011584e+00,-8.842768e-01,6.850009e+00
1023,7.549200e-18,1.953521e-05,7.655852e-05,4.657195e-04,-8.054606e-01,1.246415e+00,-1.459671e+01
1024,9.599996e-18,1.592131e-05,6.298427e-05,4.721555e-04,-2.316040e-01,4.986517e-01,-2.970641e+00
1025,1.916733e-17,1.554052e-05,5.486185e-05,4.755504e-04,1.521501e+00,-1.365279e+00,3.747632e-01
1026,3.143316e-19,1.679916e-05,5.429868e-05,4.723705e-04,2.883983e-01,8.776563e-01,-1.863310e+00
1027,5.370138e-19,2.460947e-05,8.516189e-05,4.747152e-04,2.180268e-01,-2.429905e-01,-2.489055e+00
1028,2.813205e-18,1.718047e-05,9.684964e-05,4.765681e-04,5.730373e-01,-6.651836e-01,-2.780733e-02
1029,1.754330e-17,-1.753117e-05,5.530549e-05,4.788329e-04,9.156982e-01,-4.744238e-01,1.173931e+00
1030,1.752902e-18,-5.466638e-06,6.094560e-05,4.731475e-04,-2.554691e-01,2.939313e+00,-1.936116e+00
1031,7.248539e-19,-6.641355e-06,7.539054e-05,4.758556e-04,2.584581e+00,6.272683e-01,3.986578e+00
1032,1.508727e-18,-9.294806e-06,7.475588e-05,4.707542e-04,-2.192530e+00,1.790765e+00,-6.541572e+00
1033,1.082447e-18,-1.679773e-05,6.878425e-05,4.703768e-04,-3.157755e-01,5.303157e-01,-6.720649e+00
1034,9.995916e-17,-6.600032e-06,7.759543e-05,4.802473e-04,-4.047004e-01,1.960019e+00,1.223195e+00
1035,8.364480e-19,-8.202720e-06,7.658679e-05,4.770457e-04,4.750067e+00,-1.199785e+00,3.732409e+00
1036,1.279070e-16,2.264355e-04,2.606879e-07,5.388668e-04,-8.695929e-01,3.862994e-02,5.168338e+00
1037,8.254353e-16,2.201328e-04,-2.524036e-06,5.372137e-04,1.026243e-01,5.121954e-01,8.366979e+00
1038,3.173103e-17,2.387735e-04,-2.018086e-05,5.459339e-04,3.009721e+00,-4.340262e+00,3.357577e+01
1039,8.013525e-18,2.327260e-04,-1.309781e-05,5.301058e-04,1.017227e+00,-1.380427e-01,2.755230e+01
1040,2.998503e-18,2.359443e-04,-1.872588e-05,5.430321e-04,1.707888e+00,-3.304258e+00,3.466924e+01
1041,2.249932e-18,2.453137e-04,4.701276e-06,5.298045e-04,-4.254734e-03,2.899631e-01,9.878173e+00
1042,1.370097e-16,2.300000e-04,9.840508e-06,5.322044e-04,-3.957256e-01,3.704481e-01,8.276908e+00
1043,3.143859e-17,2.490617e-04,1.469616e-05,5.362475e-04,1.374406e+00,4.949169e+00,1.281132e+01
1044,1.358840e-18,2.429851e-04,4.447683e-09,5.462317e-04,-2.493423e-01,2.378408e-01,1.435105e+01
1045,2.616442e-18,2.496092e-04,-1.064054e-05,5.453703e-04,5.397290e-02,-4.060153e-03,1.173069e+01
1046,4.124654e-18,2.496096e-04,-1.132666e-05,5.397944e-04,3.909197e-02,-7.071936e-01,1.215571e+01
1047,7.874105e-18,2.429810e-04,-1.291080e-06,5.345173e-04,3.960544e-02,9.380796e-01,1.438204e+01
1048,6.251563e-18,2.343876e-04,3.904900e-06,5.345253e-04,8.568758e-02,-1.111283e-01,1.151074e+01
1049,3.908971e-18,2.328641e-04,-1.249602e-05,5.258901e-04,1.000009e+00,2.454485e-01,2.675061e+01
1050,1.413807e-17,2.492778e-04,1.168319e-05,5.433769e-04,-2.836592e-01,-2.029915e-01,4.348612e+00
1051,8.802626e-18,2.392216e-04,-1.879378e-05,5.275808e-04,4.041733e-01,-1.145307e+00,6.295886e+00
1052,1.474437e-18,2.496090e-04,1.561553e-06,5.267210e-04,1.064132e-01,-2.460463e-01,5.045166e+00
1053,3.112840e-18,2.429657e-04,-3.118046e-06,5.304996e-04,-1.794385e-01,1.596213e-01,1.325912e+01
1054,1.860325e-17,2.423316e-04,1.668915e-05,5.327965e-04,2.441396e-01,-8.636309e-01,3.753187e+00
1055,1.815071e-18,2.343903e-04,3.796493e-06,5.394285e-04,-6.503702e-02,1.679292e-01,3.158327e+00
1056,1.085588e-18,2.343889e-04,3.904122e-06,5.439976e-04,-3.445454e-01,-2.292914e-02,2.527157e+00
1057,1.036903e-18,2.367295e-04,1.327601e-05,5.375299e-04,-1.655026e-02,2.276700e-02,-3.636794e-01
1058,1.057902e-18,2.304759e-04,1.093501e-05,5.461924e-04,1.443139e-01,-1.545418e-01,5.343010e-01
1059,1.373504e-18,2.414014e-04,1.406076e-05,5.484691e-04,-4.347694e-01,3.731173e-02,6.350585e-01
1060,8.418145e-17,2.487045e-04,2.009010e-05,5.086850e-04,1.886266e-01,1.417492e+00,9.869691e+00
1061,2.621457e-17,2.335042e-04,8.338742e-06,5.086449e-04,-1.460670e-01,-4.224639e-01,5.490165e+00
1062,1.804530e-17,2.396065e-04,1.410850e-05,5.166296e-04,-4.825921e-01,4.585049e-01,8.285435e+00
1063,7.346803e-17,2.454534e-04,1.988119e-06,5.116766e-04,-1.410534e-01,-1.072330e+00,1.074148e+01
1064,1.419017e-16,2.306885e-04,-9.814093e-07,5.219897e-04,8.608524e-01,7.113342e-01,6.691846e+00
1065,8.323135e-17,2.322595e-04,2.261288e-06,5.152145e-04,3.443433e-01,-1.416694e-01,9.519423e+00
1066,2.395197e-18,2.453571e-04,1.518864e-06,5.223558e-04,2.401749e-01,-2.520141e-01,9.421404e+00
1067,8.408598e-17,2.486862e-04,1.036467e-05,5.168365e-04,5.072475e-02,2.752198e-01,3.256818e+00
1068,2.661299e-18,2.273397e-04,5.460315e-06,5.039033e-04,-1.420046e-01,-2.034574e-03,5.573874e+00
1069,1.720245e-18,2.496087e-04,1.484949e-06,5.105002e-04,-5.944100e-02,5.517128e-01,6.116307e+00
1070,9.738556e-18,2.492780e-04,1.225579e-05,5.087063e-04,5.280962e-02,3.360728e-01,4.541949e+00
1071,1.263729e-18,2.398438e-04,8.585078e-06,5.188474e-04,1.352802e-01,5.476588e-02,1.721666e+00
1072,3.967030e-18,2.494072e-04,1.875274e-05,5.182119e-04,8.335479e-02,-5.591293e-02,1.142993e+00
1073,2.244098e-16,2.027640e-04,1.992486e-06,5.313102e-04,5.713708e-03,3.780676e-01,8.751797e+00
1074,1.416314e-17,2.139707e-04,-6.990448e-06,5.273881e-04,1.357207e-01,-1.707938e-01,1.363110e+01
1075,2.363962e-16,2.018656e-04,-1.238129e-05,5.318028e-04,7.107032e-02,-2.983643e-01,8.244335e+00
1076,8.853698e-18,2.203418e-04,-1.491754e-05,5.427603e-04,1.070543e-01,2.218279e-01,1.152052e+01
1077,2.492302e-18,2.109366e-04,-1.568375e-06,5.464679e-04,5.173721e-03,-1.873689e-02,6.103006e+00
1078,1.267963e-18,2.117201e-04,-5.480601e-06,5.497560e-04,-1.971679e-02,6.833858e-02,1.140874e+01
1079,2.796761e-18,2.163974e-04,-1.875751e-05,5.393339e-04,-4.210539e-03,-3.096233e-02,1.471610e+00
1080,2.570382e-18,2.124956e-04,-1.172753e-05,5.334986e-04,-2.329462e-02,3.964862e-01,7.265407e+00
1081,9.719441e-19,2.007817e-04,-6.268114e-06,5.468613e-04,-7.843342e-02,2.630906e-01,-3.004480e-01
1082,3.988770e-17,2.327267e-04,-1.800004e-05,5.118975e-04,2.669052e+00,-2.889269e+00,2.765847e+01
1083,1.006437e-17,2.328027e-04,-1.171291e-05,5.184249e-04,-1.841407e-02,6.757436e-02,2.312677e+01
1084,3.568994e-17,2.477834e-04,-4.817089e-06,5.223521e-04,5.550245e+00,-7.706518e-01,1.430760e+01
1085,5.651019e-18,2.431146e-04,-3.908680e-06,5.126496e-04,-1.159477e+00,-4.120033e-01,9.859804e+00
1086,6.048222e-18,2.429698e-04,-3.920528e-06,5.061895e-04,-7.558972e-01,-7.199486e-01,8.368596e+00
1087,5.198288e-18,2.328135e-04,-1.016097e-05,5.127237e-04,-2.106316e-01,-5.710838e-03,2.033340e+01
1088,1.585354e-18,2.320385e-04,-5.499025e-06,5.035300e-04,-4.868440e-01,-4.359027e-01,9.006984e+00
1089,6.480907e-19,2.496107e-04,-7.422850e-06,5.198892e-04,4.672772e-01,-3.017142e+00,6.565450e+00
1090,1.153745e-17,2.327894e-04,-1.014193e-05,5.069144e-04,3.322875e-01,-6.709382e-02,1.765364e+01
1091,8.410162e-18,2.493589e-04,-6.211056e-06,5.167249e-04,-1.351651e-02,-3.999903e-02,8.843099e+00
1092,1.069598e-17,2.493532e-04,-1.592612e-05,5.180394e-04,1.046723e-01,-6.642078e-01,2.035781e+00
1093,7.369528e-19,2.274725e-04,-2.207220e-06,5.111610e-04,1.495253e-01,7.801633e-02,4.497460e+00
1094,4.480443e-19,-1.261732e-04,-1.523755e-05,4.770366e-04,1.552748e+00,1.058605e-01,3.732991e+00
1095,1.998343e-18,-1.326845e-04,-9.765579e-06,4.789872e-04,1.552410e-01,2.196624e-01,2.573797e-01
1096,2.584293e-18,-1.327492e-04,-1.475255e-05,4.766552e-04,6.309603e-01,1.300901e+00,-4.826220e-01
1097,2.928017e-18,-1.444858e-04,-3.136464e-06,4.774414e-04,-2.693673e-01,-1.781516e-01,-1.774611e+00
1098,1.349153e-16,-1.268029e-04,-1.382643e-05,4.932231e-04,2.703967e+00,-2.100540e+00,1.622654e+01
1099,2.345848e-16,-1.359921e-04,-6.232176e-06,4.918045e-04,1.016628e+00,-3.761942e-01,3.071258e+00
1100,7.090124e-18,-1.245917e-04,-1.769093e-05,4.856852e-04,1.262032e+00,-4.260946e+00,1.366221e+01
1101,3.459772e-18,-1.309555e-04,-1.040179e-05,4.873642e-04,7.116326e-02,8.950392e-01,9.855941e+00
1102,6.063755e-18,-1.320528e-04,-9.704676e-06,4.834109e-04,4.053564e-01,9.389768e-01,6.909687e+00
1103,2.204640e-18,-1.477003e-04,-1.333436e-05,4.978304e-04,1.654987e-01,6.630523e-01,-2.520253e-01
1104,1.900143e-17,-1.389221e-04,-1.308001e-05,4.876058e-04,-1.588945e+00,-2.800021e+00,5.138222e+00
1105,2.833087e-18,-1.289248e-04,-7.934068e-07,4.969365e-04,5.782488e-01,-1.946922e-01,5.932132e+00
1106,1.472679e-18,-1.444908e-04,-3.114543e-06,4.918558e-04,-4.583794e-01,-2.592162e-01,2.909783e+00
1107,1.296292e-17,-1.246943e-04,-5.981501e-06,4.920167e-04,1.100782e+00,-1.028461e+00,2.923616e+00
1108,1.550011e-18,-1.397602e-04,-1.868293e-05,4.972064e-04,-8.553446e-02,-1.243005e-01,3.614837e+00
1109,3.954049e-18,-1.367129e-04,-9.330621e-07,4.985497e-04,-5.848147e-02,8.798657e-01,3.838859e+00
1110,9.562472e-19,-1.407671e-04,-8.769366e-06,4.817323e-04,3.466122e-01,1.286278e+00,2.242365e+00
1111,2.601456e-17,-1.492473e-04,-3.166571e-06,4.825842e-04,9.596399e-01,1.219537e+00,8.571035e-01
1112,1.512831e-18,-1.328031e-04,-1.484690e-05,4.793853e-04,-1.864061e-01,-9.955074e-02,9.344546e-01
1113,4.009923e-19,-1.253885e-04,-1.601665e-05,4.801571e-04,3.684238e+00,-2.487159e+00,7.703888e+00
1114,3.893929e-18,-1.335915e-04,-1.499399e-05,5.001267e-04,1.863586e-01,5.831342e-01,1.506739e+00
1115,2.401351e-19,-1.394548e-04,-1.836285e-05,4.926432e-04,-8.917482e-01,-5.067247e-01,2.088839e+00
1116,3.316336e-17,-1.511638e-04,-2.402692e-05,4.908954e-04,-4.027378e-03,-2.195427e-02,3.390901e-02
1117,2.862963e-18,-1.476533e-04,-2.443724e-05,4.958570e-04,1.316898e-01,1.228171e-02,-1.878661e-01
1118,1.601497e-18,-1.367190e-04,-2.460961e-05,4.977160e-04,-5.995370e-02,-8.536760e-02,-1.271647e+00
1119,1.236953e-16,-1.609187e-04,-8.542481e-06,4.993935e-04,-1.036918e+00,-3.867141e+00,8.528248e+00
1120,2.003304e-17,-1.739986e-04,-1.067985e-05,4.874773e-04,3.759978e+00,-3.387882e+00,6.635813e+00
1121,7.654690e-18,-1.718778e-04,-1.206363e-05,4.980793e-04,-2.006678e-01,-3.173704e+00,1.414441e+01
1122,5.160967e-18,-1.718143e-04,-6.629554e-06,4.990388e-04,-5.090879e+00,-5.535289e-01,2.804700e+01
1123,2.715231e-18,-1.708085e-04,-6.345977e-06,4.927255e-04,-3.691370e+00,2.522822e-01,2.292798e+01
1124,2.222829e-17,-1.719594e-04,-8.828578e-06,4.840316e-04,-2.638700e-01,-1.714295e+00,6.540330e+00
1125,1.576253e-17,-1.593727e-04,-1.863864e-05,4.845490e-04,-3.455245e+00,3.183071e-01,1.204535e+01
1126,5.959473e-18,-1.558932e-04,-6.287400e-06,4.875339e-04,2.557675e+00,-2.403097e+00,7.610310e+00
1127,1.688436e-18,-1.700509e-04,-6.352438e-06,4.889961e-04,-2.495370e+00,-2.327177e+00,1.903304e+01
1128,2.406534e-19,-1.675766e-04,-1.679717e-05,4.864152e-04,1.864767e-01,4.017401e-01,-2.100603e+00
1129,4.292736e-18,-1.590336e-04,-4.836875e-06,4.896925e-04,3.828624e-01,2.077746e+00,5.471696e+00
1130,2.488693e-18,-1.747261e-04,-9.699123e-06,4.825975e-04,3.254827e+00,-2.017443e+00,6.759437e+00
1131,2.379008e-17,-1.694754e-04,-7.121296e-06,4.793977e-04,-5.209947e-01,1.778802e+00,7.671933e+00
1132,3.461745e-18,-1.718738e-04,-1.407031e-05,5.031704e-04,-2.104503e-01,-4.034189e+00,1.455972e+01
1133,2.411196e-19,-1.722655e-04,-3.517183e-06,4.918533e-04,3.882582e-01,-6.465315e-01,4.776872e+00
1134,8.080590e-19,-1.699222e-04,-5.860384e-06,4.859650e-04,-4.016208e+00,-3.710492e-01,1.492165e+01
1135,1.369171e-18,-1.695358e-04,-8.060932e-07,4.864011e-04,1.083561e+00,8.367723e-04,3.804921e+00
1136,3.754710e-18,-1.750019e-04,-2.363339e-06,4.778377e-04,3.880641e-01,-7.886968e-02,2.708269e+00
1137,1.315680e-18,-1.679698e-04,-7.801940e-07,5.011937e-04,-4.028924e-01,-2.045105e-03,2.842128e+00
1138,7.800668e-19,-1.722652e-04,-6.641671e-06,4.782382e-04,7.407543e-01,-1.969529e+00,1.189695e+00
1139,1.104159e-18,-1.632668e-04,-1.641395e-05,4.934277e-04,-1.164475e-01,-1.887160e-01,-1.435548e+00
1140,2.450500e-16,-1.870004e-04,-1.529813e-06,4.969118e-04,1.277226e+00,7.916221e-01,7.052112e+00
1141,3.601944e-17,-1.994785e-04,-1.186595e-05,4.963452e-04,-1.498313e+00,-3.885547e-01,5.207887e+00
1142,2.823851e-17,-1.820306e-04,-5.291426e-06,4.805569e-04,1.055781e+00,2.125715e+00,7.829669e-01
1143,4.731386e-17,-1.818921e-04,-1.355425e-05,4.891400e-04,-1.745678e+00,3.864815e-01,9.262271e+00
1144,5.291004e-19,-1.761727e-04,-2.735700e-06,4.907139e-04,1.205234e+00,1.102803e+00,5.611587e+00
1145,1.287856e-17,-1.969455e-04,-2.096808e-05,4.899291e-04,1.475018e+00,-8.266428e-01,2.496121e+00
1146,4.047355e-18,-1.798801e-04,-1.249828e-05,5.016924e-04,-4.989141e-01,5.770008e-03,2.136630e+00
1147,2.274492e-18,-1.882799e-04,-2.460957e-05,4.965786e-04,8.829469e-02,6.320629e-02,-6.483079e-01
1148,4.677837e-17,-1.561951e-04,8.365978e-06,4.833023e-04,-1.179554e+00,-5.202728e-01,1.385452e+00
1149,1.686029e-17,-1.733402e-04,8.025802e-06,4.832960e-04,-4.163357e-01,-1.040657e+00,9.823422e-01
1150,4.697378e-18,-1.703102e-04,2.353216e-06,4.927523e-04,7.726495e-02,2.491185e-01,7.886878e-01
1151,8.281610e-19,-1.699218e-04,3.515128e-06,4.767035e-04,-1.168203e+00,-1.559312e+00,9.718028e-01
1152,1.507665e-17,-1.771105e-04,2.424694e-05,4.781845e-04,-4.017320e-02,-2.838074e-02,-1.294443e-01
1153,1.249199e-17,-1.578564e-04,2.424300e-05,4.919378e-04,-5.353914e-03,4.212432e-02,-1.286647e-01
1154,9.066070e-18,-1.491825e-04,2.429790e-05,4.852304e-04,1.347581e-02,3.791950e-02,-1.173166e-01
1155,2.350371e-17,-1.456468e-04,1.802920e-05,4.887282e-04,5.363297e-01,1.950710e-01,9.206505e+00
1156,4.803362e-17,-1.421168e-04,2.390134e-05,4.878424e-04,3.355049e-02,1.178591e-02,-2.851532e-02
1157,2.898403e-18,-1.335496e-04,1.561552e-05,4.945692e-04,1.179896e-01,3.141324e-02,4.643732e+00
1158,3.816589e-18,-1.445278e-04,3.299577e-06,4.993197e-04,7.946960e-02,-8.110501e-01,4.284048e+00
1159,5.040769e-18,-1.437416e-04,7.810918e-06,4.980916e-04,5.702716e-01,-1.247238e-02,5.411235e+00
1160,4.872769e-18,-1.484384e-04,3.908998e-06,4.950642e-04,-6.327478e-03,1.206909e-02,5.726448e+00
1161,2.650117e-18,-1.398430e-04,4.687838e-06,4.952611e-04,1.104914e-01,-2.809371e-02,4.950813e+00
1162,1.819283e-18,-1.462690e-04,1.727459e-05,4.852620e-04,4.100533e-01,-5.212568e-01,1.092273e+01
1163,1.049709e-17,-1.335905e-04,1.558831e-05,4.871996e-04,-1.735536e-01,-2.941225e-02,3.352309e+00
1164,2.194910e-18,-1.464830e-04,1.709958e-05,4.820438e-04,1.543943e-01,2.326891e-01,7.752975e+00
1165,2.149149e-17,-1.346820e-04,2.414432e-05,4.916672e-04,9.807080e-03,1.982951e-02,-9.332956e-02
1166,5.671450e-17,-2.229240e-04,7.775852e-06,4.987375e-04,7.995850e-01,-5.212549e-01,1.439376e+01
1167,6.313314e-17,-2.166971e-04,3.484683e-06,4.939559e-04,-3.755262e-01,3.390360e-01,5.353665e+00
1168,2.595295e-17,-2.070138e-04,1.150841e-05,4.957854e-04,-6.863674e-01,9.195918e-02,4.260561e+00
1169,3.647908e-17,-2.273596e-04,1.356558e-05,4.820386e-04,-5.599840e-01,-1.919729e+00,7.826413e+00
1170,4.222249e-17,-2.232382e-04,8.933625e-06,4.815577e-04,-2.529410e-02,-5.229419e-01,6.835756e+00
1171,1.373839e-17,-2.261052e-04,1.241200e-05,4.911731e-04,-3.314559e-01,2.010693e-01,8.997012e+00
1172,3.714052e-17,-2.140592e-04,1.518833e-05,4.818610e-04,-1.627002e+00,-1.851687e+00,2.808302e+00
1173,4.808379e-18,-2.187523e-04,9.375737e-06,4.855121e-04,4.115556e-01,6.912209e-02,5.425941e+00
1174,1.911561e-18,-2.014935e-04,8.079089e-08,4.865140e-04,3.729296e-01,1.681916e+00,2.654617e+00
1175,1.640587e-18,-2.211170e-04,9.373720e-06,4.910816e-04,5.476041e-01,3.361330e-01,8.597234e+00
1176,6.377567e-18,-2.195278e-04,8.629857e-10,4.868605e-04,-1.575326e-01,1.371602e-04,2.601226e+00
1177,2.614884e-17,-2.153110e-04,-2.228191e-06,4.929184e-04,1.421456e-01,5.608249e-01,6.490892e+00
1178,1.497099e-18,-2.117181e-04,1.093629e-05,4.949874e-04,-1.247065e-01,-5.652620e-02,-5.794843e-02
1179,2.771283e-17,-2.102055e-04,-2.111102e-07,4.769160e-04,-1.103398e-01,-2.430841e-01,-6.800778e-01
1180,4.768363e-17,-2.489656e-04,8.190768e-06,4.862183e-04,3.466084e-02,-8.777650e-01,9.627360e-01
1181,1.226299e-18,-2.496094e-04,-7.796395e-07,4.899660e-04,1.367021e-02,1.263567e-02,8.784445e-01
1182,4.599586e-17,-2.315253e-04,1.094368e-05,4.989881e-04,-3.227611e+00,-1.173313e+00,1.172775e+01
1183,4.312170e-17,-2.314240e-04,1.064391e-05,4.844342e-04,5.302306e-01,-1.013169e+00,5.782780e+00
1184,3.078372e-18,-2.437506e-04,1.950175e-05,4.992654e-04,-9.045803e-03,-4.986983e-02,5.879555e+00
1185,6.488192e-18,-2.284207e-04,6.996739e-06,4.918825e-04,-1.643352e+00,-1.327794e+00,1.291411e+01
1186,2.596944e-18,-2.367234e-04,7.025431e-06,4.821669e-04,-3.572113e-02,4.339401e-01,-2.385571e+00
1187,1.097769e-17,-2.454841e-04,1.498509e-05,4.843430e-04,1.983024e-02,-1.443599e-01,9.633153e-01
1188,1.200543e-18,-2.265650e-04,1.211075e-05,4.766338e-04,2.298744e-01,-2.682931e+00,5.359387e+00
1189,2.946207e-18,-2.328288e-04,1.326140e-05,4.812472e-04,5.420809e-01,4.053683e-01,7.527450e+00
1190,1.892888e-17,-2.493531e-04,6.837810e-06,4.786847e-04,3.581550e-01,4.938579e-01,3.978007e+00
1191,3.213469e-18,-2.382783e-04,-7.856410e-10,4.790367e-04,3.387340e-01,1.394441e-02,3.507891e+00
1192,1.445918e-18,-2.496095e-04,1.406323e-05,4.820385e-04,2.173505e-02,-2.821231e-02,1.645184e+00
1193,2.634269e-17,-2.491114e-04,2.320320e-05,4.882188e-04,3.785780e-02,2.491849e-01,9.587093e-01
1194,5.844599e-18,-2.265532e-04,6.964618e-06,4.844180e-04,-6.525396e-01,9.529109e-01,7.937236e+00
1195,2.719050e-19,-2.269561e-04,1.289411e-05,4.778277e-04,-2.170272e+00,-2.907467e+00,8.740232e+00
1196,3.008224e-18,-2.437506e-04,1.561390e-06,4.906275e-04,-1.120746e-04,1.396480e-02,6.153356e-01
1197,2.439927e-19,-2.261742e-04,1.289127e-05,4.786047e-04,-3.354298e+00,1.835211e-01,9.732546e+00
1198,1.272972e-17,-2.405295e-04,2.423703e-05,4.907430e-04,5.812857e-02,-2.035210e-02,-2.648905e-02
1199,3.068149e-18,-2.304631e-04,2.360641e-06,4.954119e-04,1.915910e+00,-1.043473e-02,2.162027e-01
1200,1.794024e-18,-2.482091e-04,2.460961e-05,4.835860e-04,1.105908e-01,1.547117e-01,-4.809974e-01
1201,2.790232e-18,-2.489561e-04,2.460957e-05,4.803363e-04,-1.378411e-01,3.766426e-02,-6.830517e-01
1202,3.476088e-19,-2.480468e-04,2.460993e-05,4.864335e-04,3.921142e-01,1.578844e-01,1.870068e-01
1203,2.049968e-17,-2.375997e-04,1.701939e-05,5.225395e-04,1.669028e-02,1.515768e+00,5.610364e+00
1204,1.085212e-17,-2.493357e-04,1.421505e-05,5.233422e-04,-1.646381e-01,5.091942e-01,8.899267e+00
1205,1.210088e-17,-2.441867e-04,2.200029e-05,5.112925e-04,-1.489882e+00,-1.901785e-01,2.584318e+00
1206,3.251546e-18,-2.281238e-04,1.485073e-05,5.161291e-04,-4.912674e-02,-8.228246e-01,2.049251e+00
1207,1.173789e-18,-2.222554e-04,-8.409912e-06,4.902967e-04,-1.129739e+00,2.142648e-02,6.786929e+00
1208,1.207815e-17,-2.186122e-04,-1.014673e-05,5.001074e-04,2.202683e-01,8.892168e-03,8.477563e+00
1209,2.920071e-18,-2.194912e-04,-8.586865e-06,4.836471e-04,1.093742e+00,-3.430717e-01,5.269054e+00
1210,1.947639e-18,-2.109395e-04,-6.894576e-06,4.834927e-04,1.462237e-01,-6.824085e-02,-2.549995e+00
1211,2.249440e-17,-2.233441e-04,-1.237197e-05,4.929054e-04,-4.473786e-01,7.471402e-01,7.579291e+00
1212,2.663981e-17,-2.047887e-04,-9.441797e-06,4.914584e-04,-2.447131e-01,4.954776e-01,6.002962e+00
1213,8.364267e-18,-2.251007e-04,-8.604809e-06,4.919531e-04,-1.410436e+00,1.863693e-01,7.200042e+00
1214,3.908253e-18,-2.172131e-04,-1.018406e-05,4.867286e-04,-6.209715e-01,-2.258301e-01,4.085101e+00
1215,2.413317e-18,-2.148447e-04,-1.327373e-05,4.914313e-04,-1.931908e-01,-2.321510e-01,1.722410e+00
1216,7.698503e-18,-2.244058e-04,-1.254915e-05,4.778939e-04,-6.942999e-02,4.387334e-01,2.739282e+00
1217,1.404460e-18,-2.117076e-04,-5.481469e-06,4.910856e-04,2.385632e-01,-1.988914e-01,1.495345e+00
1218,3.512151e-18,-2.031252e-04,-4.687073e-06,4.891316e-04,2.328804e-02,-2.673915e-02,7.278148e-01
1219,1.215563e-18,-2.054910e-04,-1.326013e-05,5.004366e-04,-1.416701e-01,1.156013e-01,3.429316e+00
1220,2.907892e-18,-2.429767e-04,-2.156889e-06,4.762269e-04,-1.142538e-01,1.379610e+00,-1.199227e+00
1221,1.549612e-17,-2.463814e-04,-1.055809e-05,4.977289e-04,-8.958123e-01,1.271722e+00,1.030804e+01
1222,8.072969e-18,-2.378599e-04,-7.187907e-06,4.980589e-04,-7.558635e-01,-1.266102e+00,1.011028e+01
1223,4.900057e-18,-2.382878e-04,-1.565003e-06,4.927312e-04,1.893843e-01,6.470788e-02,9.649163e+00
1224,3.425380e-18,-2.371980e-04,-2.374228e-06,5.002108e-04,8.324339e-01,4.330471e-01,1.016532e+01
1225,2.175325e-18,-2.304505e-04,-5.598367e-06,4.955584e-04,-5.551345e-01,2.305744e+00,1.718682e+01
1226,2.550031e-18,-2.430197e-04,-1.636862e-05,4.882181e-04,-4.495446e-01,-1.619582e-01,-1.412963e+00
1227,4.866879e-19,-2.304616e-04,-5.860318e-06,4.934237e-04,-3.197916e-01,1.621643e-01,1.520517e+01
1228,5.360493e-18,-2.375032e-04,-2.736304e-06,4.875752e-04,2.723071e-01,3.838397e-01,7.653514e+00
1229,1.903354e-17,-2.304706e-04,-4.662657e-06,4.856978e-04,-4.512808e-02,-2.452565e-01,9.144454e+00
1230,8.703446e-18,-2.265897e-04,-1.250227e-05,4.889793e-04,7.129254e-01,-3.085812e-02,1.048026e+01
1231,1.949539e-18,-2.461425e-04,-1.312468e-05,4.786031e-04,4.433314e-01,-1.284915e+00,3.524321e+00
1232,3.023921e-18,-2.461261e-04,-1.404239e-05,4.828264e-04,-1.156825e+00,-1.471663e-01,3.434659e+00
1233,2.058411e-17,-2.284041e-04,-1.561334e-05,4.775815e-04,-3.823251e+00,8.712820e-01,3.905997e+00
1234,3.314520e-18,-2.437528e-04,-7.822649e-06,4.899438e-04,-3.683382e-01,3.224277e-01,3.420717e+00
1235,2.114751e-18,-2.453166e-04,-2.041171e-05,4.885647e-04,1.617339e-01,7.576663e-03,9.098491e-01
1236,1.695293e-17,-2.492442e-04,-8.877916e-06,4.912503e-04,-2.291282e-02,-1.126138e-01,3.175291e+00
1237,6.696901e-18,-2.296869e-04,-2.432208e-05,4.865463e-04,-5.238935e-02,-5.622349e-02,4.853807e-02
1238,1.543361e-16,-4.462017e-06,-5.042188e-05,4.974813e-04,2.955052e-01,-8.548106e-01,6.898779e+00
1239,3.081376e-17,-1.692754e-05,-5.048597e-05,4.985853e-04,-3.624915e-01,1.781267e+00,6.985447e+00
1240,1.003265e-17,-1.207212e-05,-7.141437e-05,4.969974e-04,5.380885e-01,-9.424470e-01,1.161749e+01
1241,3.393945e-18,-1.093852e-05,-5.468384e-05,4.977121e-04,-9.502535e-02,1.763352e-01,7.129153e+00
1242,3.169837e-17,-1.469705e-05,-5.934096e-05,4.906012e-04,2.328371e+00,-2.225744e+00,6.199732e+00
1243,2.664445e-18,-1.330767e-05,-6.952524e-05,4.922485e-04,-5.640790e-02,-2.815269e-01,1.024487e+01
1244,1.374118e-17,-1.423178e-05,-5.517507e-05,4.811500e-04,-2.571974e+00,7.033146e-01,1.837148e+00
1245,3.644552e-18,-1.325445e-05,-6.637871e-05,4.896127e-04,-7.139945e-04,-1.003254e-01,8.403877e+00
1246,2.910847e-18,-1.172457e-05,-7.265506e-05,4.868238e-04,-5.238600e-01,6.276473e-01,4.848555e+00
1247,1.806737e-18,-1.157853e-05,-6.561313e-05,4.924324e-04,-3.731062e-01,-1.654750e-02,5.365602e+00
1248,2.921092e-18,-1.328585e-05,-6.438756e-05,4.792355e-04,4.496426e-02,1.670579e-01,2.368256e+00
1249,3.247117e-18,-1.562465e-05,-6.562437e-05,4.976870e-04,-1.949929e-01,6.350088e-02,8.012497e-01
1250,3.520357e-18,-1.015623e-05,-6.093435e-05,4.782204e-04,-5.955401e-01,7.272649e-03,2.846389e+00
1251,1.197944e-18,-7.040159e-06,-7.265492e-05,4.934188e-04,6.211639e-01,3.488980e-02,-1.028530e-02
1252,1.346080e-17,-2.425989e-05,-6.732353e-05,4.840434e-04,1.078038e-02,-2.890540e-02,-1.135955e-01
1253,1.440619e-18,-3.755413e-06,-5.174418e-05,4.686429e-04,-1.013677e-01,-4.279657e-01,-6.656962e+00
1254,2.959556e-19,-5.077247e-06,-7.226601e-05,4.723640e-04,2.487126e+00,-2.374327e+00,-4.035573e+00
1255,2.903229e-19,-1.367563e-05,-6.523603e-05,4.723594e-04,2.776007e-01,-1.912281e+00,-1.740026e+00
1256,2.548515e-19,-8.202143e-06,-8.163840e-05,4.754860e-04,4.780582e-01,-8.510802e-01,-1.873345e+00
1257,2.437111e-19,-1.836051e-05,-7.851419e-05,4.762610e-04,1.289709e-01,2.354355e-01,5.282611e+00
1258,2.160196e-18,-1.943182e-05,-8.517834e-05,4.718848e-04,3.266950e-01,-9.769319e-02,-5.057317e+00
1259,5.502425e-18,-2.365220e-06,-9.908394e-05,4.987922e-04,-6.569785e-01,-1.482947e+00,1.993521e+01
1260,1.989730e-17,-7.170836e-06,-1.014081e-04,4.845553e-04,-2.352754e+00,3.721140e-02,1.310372e+01
1261,1.524212e-17,-9.377498e-06,-7.851608e-05,4.926426e-04,-7.773732e-01,1.119958e-01,5.151306e+00
1262,1.054536e-16,-9.719990e-06,-7.897232e-05,4.926821e-04,-1.552120e+00,2.060295e-01,5.551425e+00
1263,1.143715e-16,-1.297408e-05,-9.017478e-05,4.959741e-04,2.986725e-01,1.147800e+00,4.743521e+00
1264,1.235848e-17,-1.735360e-05,-8.348752e-05,4.867643e-04,1.304079e+00,1.158238e-01,5.711252e+00
1265,7.281109e-18,-2.301727e-06,-9.687999e-05,4.896301e-04,3.339192e-01,9.159038e-02,1.133314e+01
1266,5.887202e-18,-3.091215e-06,-7.812392e-05,5.018056e-04,-5.624763e-01,1.225725e-01,1.019484e+01
1267,1.905660e-17,-1.952668e-05,-8.213524e-05,4.801279e-04,2.192853e-01,2.029178e+00,4.152320e+00
1268,2.685866e-17,-1.776133e-05,-7.776288e-05,4.800683e-04,1.087685e-01,3.582737e-01,5.275550e+00
1269,5.707309e-17,-1.260258e-05,-8.014944e-05,5.035207e-04,-4.532556e-01,-6.463021e-02,2.540554e+00
1270,2.467384e-17,-7.765728e-06,-8.743192e-05,4.813601e-04,2.937016e+00,-1.139702e-01,1.465872e+00
1271,2.007347e-18,-9.379186e-06,-8.135708e-05,4.830993e-04,3.599463e-01,3.387608e-01,3.302266e+00
1272,5.566234e-18,-1.094186e-05,-9.516162e-05,4.886583e-04,-1.664238e-01,2.258549e-01,1.850848e+00
1273,4.787502e-19,-2.735216e-06,-9.726552e-05,4.852378e-04,-1.326928e+00,1.035472e+00,9.552416e+00
1274,2.474811e-18,-2.357625e-06,-9.688873e-05,4.795793e-04,5.167798e-02,-6.381001e-01,5.168739e+00
1275,1.194177e-17,-2.428658e-05,-8.515664e-05,4.967923e-04,4.229928e-02,-7.787334e-03,-2.109332e-01
1276,1.917181e-17,7.711366e-06,-3.709075e-05,4.725912e-04,9.130286e-01,-4.089425e-01,-7.115259e-01
1277,9.944717e-19,1.029650e-05,-2.695247e-05,4.718049e-04,1.528745e+00,1.408120e+00,-2.171612e+00
1278,2.520257e-17,9.890650e-06,-3.113480e-05,4.783594e-04,-9.097468e-01,-2.369947e-01,4.200966e+00
1279,3.529788e-18,7.102822e-06,-4.161042e-05,4.760570e-04,-2.211442e-02,-1.156765e+00,3.155525e+00
1280,2.308054e-17,1.258773e-06,-3.813575e-05,4.769426e-04,2.925398e-01,3.630279e-01,2.068382e+00
1281,1.089385e-18,-1.249492e-05,-4.142052e-05,4.770402e-04,-5.172016e-02,2.936087e-02,-1.562363e+00
1282,2.170718e-18,-1.249753e-05,-4.831662e-05,4.780230e-04,-4.103086e-01,-1.259939e-01,5.595573e-01
1283,2.380715e-17,-1.316035e-05,-1.297345e-04,4.756561e-04,-1.616301e-01,-1.302090e-01,-1.004752e+00
1284,6.475544e-19,-1.445411e-05,-1.292952e-04,4.712304e-04,-2.530256e-02,6.377996e-01,-4.095830e+00
1285,3.162825e-18,-1.718803e-05,-1.406298e-04,4.750941e-04,-6.281396e-01,-1.649984e-01,-2.446037e-01
1286,6.016268e-17,9.734784e-06,-8.143772e-05,5.110342e-04,-1.174057e+00,-1.259165e+00,1.709348e+01
1287,6.998280e-17,2.120269e-06,-8.963876e-05,5.079831e-04,7.779663e-01,6.102510e-01,6.769078e+00
1288,3.984117e-17,4.239585e-06,-9.660895e-05,5.152691e-04,-6.772285e-01,-1.509589e+00,6.791179e+00
1289,3.055920e-18,1.171418e-05,-8.749668e-05,5.230589e-04,-2.198114e-01,1.023629e-01,8.538425e+00
1290,2.716683e-18,1.171651e-05,-8.750280e-05,5.147871e-04,-1.498561e-01,-3.442398e-02,6.436083e+00
1291,3.596783e-17,9.349403e-06,-7.798583e-05,5.153175e-04,-1.657018e-01,7.436788e-01,7.233377e+00
1292,8.454208e-18,1.094693e-05,-8.990086e-05,5.274421e-04,9.315009e-02,-1.061034e+00,1.026590e+01
1293,4.312018e-18,6.245253e-06,-9.062482e-05,5.173462e-04,1.551475e-01,-3.238236e-01,2.977769e+00
1294,1.513814e-18,5.473915e-06,-9.765267e-05,5.073487e-04,1.435315e-01,5.916493e-02,4.595173e+00
1295,3.108020e-18,2.105804e-05,-8.042913e-05,5.145365e-04,1.349836e-01,-7.027667e-02,4.320415e-01
1296,2.754384e-18,1.015529e-05,-9.765308e-05,5.077291e-04,2.396258e-01,9.608917e-02,1.247300e+00
1297,1.958455e-16,7.003176e-06,-7.150736e-05,5.386042e-04,-1.621232e-01,1.048778e+00,6.952033e+00
1298,2.458206e-17,3.010058e-06,-6.394709e-05,5.484925e-04,-9.942690e-01,-8.111056e-01,1.350627e+01
1299,9.217980e-17,2.639636e-06,-6.341726e-05,5.481083e-04,-1.023481e+00,-1.116727e+00,1.250952e+01
1300,6.806006e-17,1.188964e-05,-6.656408e-05,5.319675e-04,1.140210e-02,-1.555985e-01,7.104475e+00
1301,2.719110e-17,1.486087e-05,-6.772927e-05,5.184172e-04,1.752341e+00,-2.845357e+00,1.662577e+01
1302,3.255842e-17,1.166256e-05,-5.475568e-05,5.207480e-04,-1.992118e-01,1.029889e+00,8.214675e+00
1303,5.143374e-17,1.281228e-05,-6.082384e-05,5.281866e-04,-1.548803e+00,9.470563e-01,1.382673e+01
1304,3.050744e-18,1.089501e-05,-6.104934e-05,5.043541e-04,1.551335e-01,2.909118e-01,9.628885e+00
1305,9.230554e-19,1.311094e-05,-6.231719e-05,5.127920e-04,-1.471490e-01,1.212833e+00,1.298132e+01
1306,1.297501e-17,1.380622e-05,-7.001790e-05,5.219174e-04,-2.325088e-01,1.415058e+00,7.441433e+00
1307,1.669477e-18,-7.902161e-07,-5.312489e-05,5.111555e-04,6.560473e-02,1.292301e-02,6.822766e+00
1308,5.504771e-18,1.248028e-05,-6.013619e-05,5.122127e-04,-3.119453e-01,1.028601e-01,9.827723e+00
1309,2.562425e-18,6.244382e-06,-5.702903e-05,5.168189e-04,1.976328e-01,-7.167645e-02,6.410532e+00
1310,4.737357e-18,-7.788856e-07,-5.312386e-05,5.080208e-04,1.593053e-01,4.882958e-02,6.452910e+00
1311,3.147746e-17,8.878781e-06,-6.433617e-05,5.082791e-04,3.755559e-01,2.030955e-01,4.760695e+00
1312,1.183366e-17,1.759009e-05,-6.875686e-05,5.090615e-04,-1.224156e-02,2.406574e-02,5.292373e+00
1313,2.548160e-19,1.991780e-05,-6.523522e-05,5.058502e-04,-1.644912e+00,-5.364116e-03,-6.531507e-01
1314,1.893868e-16,1.221676e-05,-6.699863e-05,5.319502e-04,-5.398503e-02,-1.311105e-01,7.098814e+00
1315,1.254879e-18,6.224289e-06,-5.742220e-05,5.493458e-04,-1.433137e+00,6.170459e+00,3.578419e+00
1316,3.240522e-18,9.364445e-06,-5.702043e-05,5.290398e-04,-4.797455e-01,7.094278e-01,6.115180e+00
1317,6.952876e-19,1.394402e-05,-7.279277e-05,5.410808e-04,-8.604663e-03,7.088539e-02,3.772349e+00
1318,1.059428e-16,-7.706416e-06,-6.406200e-05,5.457506e-04,-1.302240e-01,2.065009e-01,9.425145e+00
1319,2.801501e-17,-1.167455e-05,-5.977161e-05,5.256353e-04,-1.831081e-02,2.745663e+00,1.657571e+01
1320,1.096848e-17,-5.468788e-06,-6.536904e-05,5.265326e-04,1.541624e-01,-9.349212e-01,1.041436e+01
1321,7.608516e-17,-5.523757e-06,-6.523388e-05,5.264215e-04,2.170583e-01,-8.063390e-01,1.028334e+01
1322,1.254689e-16,-8.694825e-06,-5.494165e-05,5.218571e-04,-4.789312e-01,-9.803608e-02,1.287053e+01
1323,3.741995e-18,-1.641005e-05,-7.265708e-05,5.062435e-04,-2.481251e+00,-2.640365e+00,1.707181e+01
1324,3.331033e-17,-1.680993e-05,-7.248182e-05,5.067505e-04,-2.107850e+00,-2.457691e+00,1.668909e+01
1325,2.847060e-18,-1.168533e-05,-6.952202e-05,5.054573e-04,-8.281768e-02,-9.204370e-01,8.350376e+00
1326,5.343804e-18,-1.330078e-05,-6.422654e-05,5.127321e-04,3.084346e-01,3.157798e+00,3.558700e+00
1327,5.014200e-17,-6.247006e-06,-5.436801e-05,5.064521e-04,6.928516e-01,1.331597e+00,8.092177e+00
1328,1.099911e-18,-1.161785e-05,-6.149659e-05,5.188816e-04,-3.725556e-01,5.166726e+00,1.369254e+01
1329,1.158850e-18,-1.093039e-05,-5.468625e-05,5.043068e-04,3.138767e-01,-2.494734e-01,5.742551e+00
1330,4.106783e-18,-3.116505e-06,-6.325846e-05,5.056577e-04,-6.934234e-01,-8.142432e-02,5.371551e+00
1331,4.758290e-18,-2.186089e-05,-5.312273e-05,5.089128e-04,9.127678e-01,1.462686e-01,1.618875e+00
1332,2.331659e-16,-7.751350e-06,-6.405505e-05,5.454643e-04,-1.141867e-01,1.983036e-01,9.274491e+00
1333,1.738392e-17,-8.428250e-06,-5.726880e-05,5.303617e-04,-1.389987e+00,9.896828e-01,9.611805e+00
1334,4.362878e-18,-1.172702e-05,-6.562239e-05,5.317069e-04,3.486695e-01,6.636067e-02,9.126116e+00
1335,1.190616e-17,-1.563442e-05,-6.101035e-05,5.428346e-04,-5.480623e-02,-6.698812e-01,5.828470e+00
1336,3.638342e-18,-2.362122e-06,-6.006331e-05,5.280209e-04,2.164447e-01,2.690734e-02,4.857775e+00
1337,4.020139e-18,-2.258128e-05,-5.312998e-05,5.318074e-04,2.143993e-01,7.539690e-01,5.276548e+00
1338,3.664763e-17,5.165955e-06,-2.368511e-04,4.756225e-04,-8.614262e-01,-1.599267e+00,3.817193e-01
1339,5.429161e-18,1.254769e-05,-2.400029e-04,4.784242e-04,5.035402e-01,-3.906174e-02,4.753073e+00
1340,5.012113e-18,1.796484e-05,-2.418628e-04,4.774001e-04,1.205521e-01,9.986159e-02,6.181469e-01
1341,3.975400e-17,-1.170417e-05,-2.439342e-04,4.779283e-04,1.789015e+00,1.427796e-02,-8.843479e-02
1342,6.753974e-19,-6.640550e-06,-2.288964e-04,4.762650e-04,-1.022429e+00,3.894388e+00,1.744238e+00
1343,8.625241e-19,-1.133000e-05,-2.265897e-04,4.715703e-04,1.176650e+00,-9.132376e-01,-5.663014e+00
1344,1.222956e-18,-1.937135e-05,-2.333793e-04,4.748471e-04,2.422034e+00,1.460171e-01,2.864242e-01
1345,5.444563e-17,-6.913003e-06,-1.722465e-04,4.544729e-04,-2.858071e-01,8.002304e-01,-1.028722e+01
1346,3.897928e-17,1.982057e-06,-2.260430e-04,4.826822e-04,2.017510e+00,-8.634716e-01,4.076720e+00
1347,1.903786e-17,1.407385e-06,-2.492189e-04,4.987938e-04,5.575722e-01,-3.714336e-01,8.056564e+00
1348,6.306817e-17,1.433657e-06,-2.485552e-04,4.986121e-04,4.206617e-01,-5.675427e-01,7.985502e+00
1349,1.388893e-17,1.038310e-05,-2.275407e-04,4.953322e-04,-6.534405e-01,-3.973201e-01,1.644060e+01
1350,3.302912e-16,1.248211e-05,-2.367116e-04,5.065039e-04,1.848340e-01,-5.132815e-01,1.423183e+01
1351,2.366871e-18,2.349289e-06,-2.496094e-04,4.863248e-04,-1.039261e-01,6.470401e-02,8.622196e+00
1352,9.705172e-17,7.631186e-06,-2.254732e-04,5.025341e-04,2.003959e-01,-4.599345e-01,7.232689e+00
1353,2.355056e-17,1.256947e-05,-2.414412e-04,4.831996e-04,-7.462621e-01,-5.943730e-01,7.123482e+00
1354,1.928652e-17,5.742152e-06,-2.386763e-04,4.876387e-04,1.907675e+00,-9.110802e-01,4.309489e+00
1355,3.299484e-18,1.529155e-06,-2.273728e-04,4.983184e-04,3.053790e-01,7.739840e-01,1.149704e+01
1356,3.676192e-18,2.351799e-06,-2.496094e-04,4.920508e-04,-1.028661e-01,5.607027e-03,1.072898e+01
1357,3.738437e-18,7.769422e-06,-2.273849e-04,4.828182e-04,-4.076611e-01,-1.178568e-01,6.869197e+00
1358,3.323113e-18,1.012306e-05,-2.273231e-04,4.915956e-04,7.674394e-01,1.424260e+00,1.721521e+01
1359,4.538846e-18,7.030253e-06,-2.414053e-04,4.980861e-04,6.737659e-02,-1.063351e-01,7.389978e+00
1360,1.433691e-18,7.771794e-06,-2.305041e-04,4.793878e-04,2.877463e-01,1.070045e+00,3.876173e+00
1361,1.207219e-18,1.550376e-06,-2.277344e-04,4.867284e-04,1.360429e-01,3.460899e-01,2.142826e+00
1362,4.261406e-18,1.015711e-05,-2.312540e-04,5.020273e-04,-3.976947e-02,-4.501801e-01,1.766025e+01
1363,6.702936e-18,1.093000e-05,-2.471511e-04,5.021015e-04,-6.031048e-02,-3.365504e-01,4.598722e+00
1364,8.192750e-18,1.718864e-05,-2.493154e-04,5.023722e-04,-1.694268e-01,-6.391540e-02,4.827331e+00
1365,1.613702e-17,1.023323e-05,-2.312403e-04,4.943397e-04,8.148575e-01,6.499996e-02,1.313164e+01
1366,3.216065e-18,1.642158e-05,-2.468746e-04,4.852051e-04,-2.433304e-01,-2.069949e-01,1.529012e+00
1367,1.205898e-17,2.176833e-05,-2.492556e-04,4.804215e-04,8.276062e-02,-3.680365e-02,2.460766e+00
1368,2.606225e-18,1.172853e-05,-2.496100e-04,4.886882e-04,-7.172496e-01,2.473897e-02,1.785799e+00
1369,6.772000e-18,9.374891e-06,-2.312492e-04,4.875938e-04,1.315321e-01,-6.873193e-03,1.125329e+01
1370,3.029614e-18,1.248966e-05,-2.382478e-04,4.883612e-04,-2.957294e-01,9.556776e-01,9.486604e+00
1371,5.882208e-19,1.612579e-06,-2.496096e-04,4.817299e-04,-3.046958e-01,-5.546801e-01,5.701969e+00
1372,3.424775e-17,2.398006e-05,-2.421443e-04,4.825521e-04,2.340210e-02,-7.055012e-02,-1.100138e-01
1373,3.034439e-18,7.012646e-06,-2.413926e-04,4.797816e-04,5.967943e-01,-4.119846e-01,1.281149e+00
1374,5.945553e-18,2.436893e-05,-2.242148e-04,4.834365e-04,4.989471e-02,9.464312e-02,-4.697620e-01
1375,5.428883e-17,1.759382e-04,-5.069038e-06,4.915303e-04,4.816241e-01,5.602273e-01,5.986500e+00
1376,1.089937e-18,1.742275e-04,-7.045882e-06,4.848440e-04,-1.005385e+00,-9.869872e-02,4.728869e+00
1377,4.626231e-18,1.767830e-04,-1.017694e-05,4.921889e-04,-6.009194e-01,-4.244914e-02,-1.315449e-01
1378,2.997468e-18,1.703488e-04,-1.873226e-05,4.890827e-04,1.108023e-02,-7.131108e-01,9.892363e+00
1379,8.545800e-19,1.521964e-04,-1.575387e-05,4.848416e-04,3.988455e-01,-7.641051e-02,-2.373686e+00
1380,4.153043e-18,1.546869e-04,-2.337275e-06,4.934235e-04,1.345628e-01,-9.197163e-03,-1.190993e+00
1381,2.444191e-18,1.555036e-04,-7.845227e-06,4.835375e-04,-8.964280e-01,3.958796e-01,-1.757298e+00
1382,1.468193e-17,1.690434e-04,-2.204832e-05,4.915835e-04,-2.847077e-01,-2.437031e+00,7.618432e+00
1383,2.600279e-19,1.722647e-04,-2.070381e-05,4.825089e-04,3.892012e+00,-1.876534e+00,4.657942e+00
1384,1.622966e-18,1.609375e-04,-4.686794e-06,4.934227e-04,3.775437e-02,-2.683885e-03,4.304088e+00
1385,3.093772e-18,1.609381e-04,-4.685754e-06,4.992760e-04,1.036172e-03,1.809421e-02,1.554069e+00
1386,3.433621e-18,1.632833e-04,-1.558900e-06,4.969390e-04,1.818709e-02,2.263990e-02,2.478152e+00
1387,3.225313e-18,1.710829e-04,-1.406471e-05,4.907026e-04,-1.999045e-01,-2.107610e-01,1.296063e+00
1388,3.204539e-18,1.555521e-04,-2.351164e-06,4.756189e-04,-2.309824e-01,-2.791080e-01,-5.247152e-01
1389,5.082550e-17,2.015488e-04,1.128602e-06,4.939876e-04,5.945414e-01,-4.533840e-01,5.723448e+00
1390,1.280983e-17,1.976118e-04,-8.940582e-06,4.993966e-04,8.573958e-01,3.327954e+00,1.064592e+01
1391,2.035626e-17,1.828842e-04,-5.350077e-06,4.995986e-04,6.935870e-01,-1.600711e+00,4.633748e+00
1392,3.087950e-17,1.783614e-04,-1.591493e-05,5.000434e-04,-3.190368e-03,1.372577e-01,7.526717e+00
1393,1.355073e-18,1.859395e-04,-2.097844e-08,4.832862e-04,-2.968658e-02,-1.547018e-01,-1.172340e+00
1394,3.055595e-18,1.913987e-04,-4.702083e-06,4.867454e-04,-4.260901e-02,-4.628978e-01,-1.157282e+00
1395,1.358715e-18,1.985112e-04,-6.237488e-06,4.809468e-04,6.628393e-01,1.430030e-01,3.691109e+00
1396,5.124223e-18,1.913898e-04,-1.169890e-05,4.986199e-04,9.125267e-02,-5.916831e-02,3.855987e+00
1397,5.486523e-18,1.777620e-04,-6.252659e-06,4.992559e-04,1.284819e+00,7.870461e-02,1.724251e+00
1398,1.288673e-17,1.983495e-04,-2.426615e-05,4.821128e-04,-1.036459e+00,6.384872e-02,3.010293e-01
1399,1.186488e-17,1.945245e-04,-6.249000e-06,4.959522e-04,1.766721e-02,4.028987e-02,9.600411e+00
1400,2.985727e-19,1.957038e-04,-6.642797e-06,4.918622e-04,-1.013461e+00,6.555920e-01,8.812184e+00
1401,1.088539e-17,1.956432e-04,-6.150508e-06,4.877729e-04,-7.179347e-01,-3.812677e-01,7.445514e+00
1402,5.546910e-18,1.961097e-04,-2.442143e-05,4.994048e-04,-4.239642e-03,4.241680e-02,-3.186847e-01
1403,2.883122e-17,1.839954e-04,3.924981e-06,4.979051e-04,-4.256294e-01,-1.929149e-01,9.823884e+00
1404,1.079534e-17,1.810343e-04,1.152774e-05,4.973263e-04,-6.522712e-01,6.195411e-02,9.782750e+00
1405,2.233207e-17,1.927989e-04,1.487179e-05,4.967908e-04,-2.009307e+00,-5.956847e-01,4.944286e+00
1406,1.469805e-18,1.811837e-04,5.533267e-06,4.834263e-04,2.980364e-02,5.380650e-02,5.413356e+00
1407,3.292166e-18,1.767538e-04,1.093993e-05,4.946676e-04,-7.943043e-01,-3.835903e-02,6.614794e+00
1408,5.517543e-18,1.828119e-04,5.468248e-06,4.910886e-04,1.134497e-01,1.368133e-01,9.928964e+00
1409,1.234243e-18,1.955135e-04,1.503467e-05,4.831301e-04,-1.596335e+00,-5.606196e-01,6.819222e+00
1410,3.568102e-18,1.976730e-04,1.133265e-05,4.871574e-04,-8.110143e-01,-2.082265e+00,8.197154e+00
1411,5.261635e-18,1.797099e-04,1.556546e-05,4.904000e-04,-4.149284e-02,-5.343089e-01,-2.612227e+00
1412,3.764078e-17,1.793681e-04,8.404985e-06,5.044829e-04,-1.362036e+00,-7.271002e-01,1.067514e+01
1413,5.618057e-17,1.945532e-04,8.484961e-06,4.899806e-04,-9.395861e-01,-6.958972e-01,3.513813e+00
1414,1.730049e-17,1.777422e-04,1.659921e-05,4.837851e-04,1.652035e-01,1.029886e+00,5.624236e+00
1415,2.344546e-18,1.992423e-04,1.640440e-05,4.938302e-04,-5.928666e-01,-2.320350e-01,5.744384e+00
1416,3.527720e-18,1.999745e-04,2.379762e-06,4.858879e-04,-5.843354e-02,-3.138275e-01,5.786368e+00
1417,2.791264e-19,1.769525e-04,1.367414e-05,4.786137e-04,1.187502e+00,-2.988243e-01,2.963859e+00
1418,1.061201e-17,1.812397e-04,1.290045e-05,4.804346e-04,1.013989e-01,-1.101727e+00,6.437043e-01
1419,4.034600e-18,1.788516e-04,7.861375e-06,4.829421e-04,1.815313e+00,-1.626745e+00,6.246401e-01
1420,9.143426e-18,1.820388e-04,2.428637e-05,4.855919e-04,-2.967760e-02,-1.088508e-02,-2.021847e-01
1421,1.703820e-17,2.010779e-04,2.422828e-05,4.886308e-04,-5.484020e-02,2.272330e-02,-2.581202e-01
1422,2.904635e-17,-1.804135e-04,1.125538e-06,5.166710e-04,3.734615e-01,-1.913310e+00,8.381706e+00
1423,6.412737e-18,-1.866903e-04,-3.889301e-06,5.180299e-04,3.555934e+00,3.277492e-01,7.378390e+00
1424,1.135189e-17,-1.804759e-04,-8.825134e-09,5.112463e-04,3.347735e-01,6.892216e-02,6.548391e+00
1425,2.706799e-17,-1.843785e-04,-1.975556e-05,5.184649e-04,3.980121e-01,-1.697962e+00,2.690395e+00
1426,4.672851e-17,-1.729385e-04,-1.678737e-05,5.189431e-04,5.434087e-03,-4.324881e+00,1.652383e+01
1427,1.189103e-17,-1.801319e-04,-1.959534e-05,5.197930e-04,-5.583204e-01,-1.913300e-01,5.297087e-01
1428,4.635705e-17,-1.959938e-04,7.548972e-06,5.034188e-04,-3.077543e-01,-3.311236e-01,1.501071e+01
1429,1.724308e-17,-1.922597e-04,7.618749e-06,5.241503e-04,-2.357685e-01,2.035776e+00,1.770568e+01
1430,9.082230e-17,-1.951727e-04,1.071241e-05,5.281661e-04,-1.478293e+00,2.292978e+00,1.537747e+01
1431,1.833704e-17,-1.773020e-04,1.808065e-05,5.207889e-04,-2.076989e+00,-1.120792e-01,7.023857e+00
1432,6.616927e-18,-1.804665e-04,9.347854e-06,5.030429e-04,2.854412e-02,6.282880e-01,5.713405e+00
1433,3.354617e-17,-1.790050e-04,1.192249e-05,5.254267e-04,-5.944148e-01,5.751920e-01,3.693768e+00
1434,3.266389e-18,-1.859295e-04,1.715266e-05,5.116438e-04,6.390967e-02,-1.040722e+00,2.527714e+00
1435,5.346833e-18,-1.828104e-04,1.562495e-05,5.233975e-04,1.512064e-01,1.679903e-01,2.210759e+00
1436,3.365137e-18,-1.859262e-04,1.717724e-05,5.078026e-04,5.622139e-01,4.013949e-01,2.231080e+00
1437,3.200538e-18,-1.906285e-04,1.016330e-05,5.428971e-04,5.997103e-02,-2.443231e-02,8.143510e+00
1438,2.609529e-17,-1.977474e-04,2.050706e-05,5.352885e-04,9.609291e-01,1.598435e+00,7.244812e+00
1439,1.192291e-18,-1.929658e-04,2.265888e-05,5.337919e-04,2.994203e-02,-2.372186e-02,4.404135e+00
1440,4.058872e-18,-1.761480e-04,4.969668e-06,5.497004e-04,2.072616e-01,5.324297e-01,1.463912e+01
1441,3.950929e-18,-1.875008e-04,1.327771e-05,5.446887e-04,-1.569375e-02,-2.297531e-01,5.949218e-01
1442,2.219233e-18,-1.929653e-04,2.265466e-05,5.319330e-04,-6.320476e-03,4.323063e-03,2.921166e+00
1443,2.648445e-17,-1.545182e-04,1.048373e-05,5.393313e-04,2.111988e+00,-1.925504e-01,1.579761e+01
1444,3.020173e-18,-1.570322e-04,1.718286e-05,5.494619e-04,2.052541e-02,-7.146862e-02,1.215985e+01
1445,1.229404e-18,-1.523465e-04,1.563084e-05,5.360171e-04,-7.788808e-02,2.183326e-02,2.527826e+00
1446,2.056441e-17,-1.690724e-04,1.731198e-05,5.328257e-04,-4.500511e-02,-6.800433e-01,3.317289e+00
1447,2.047401e-18,-1.571558e-04,1.407655e-05,5.401650e-04,-3.721325e-01,-7.171472e-02,4.288194e+00
1448,2.135111e-18,-1.718855e-04,-1.549276e-05,5.071856e-04,-2.493233e-01,-5.227265e+00,1.547668e+01
1449,1.018578e-16,-1.715721e-04,-1.128880e-05,5.224861e-04,-5.041035e-01,-2.536042e-01,5.323814e+00
1450,2.232354e-18,-1.601492e-04,-5.472926e-06,5.146442e-04,1.857934e-01,-3.756868e-02,2.590261e+00
1451,7.672357e-18,-1.632791e-04,-1.327638e-05,5.081708e-04,1.144838e+00,-1.120973e+00,1.925917e+00
1452,1.560745e-18,-1.578112e-04,-1.484045e-05,5.181061e-04,1.754356e-01,5.046376e-02,1.790740e+00
1453,3.303529e-18,-1.578146e-04,-1.483715e-05,5.101040e-04,-1.631552e-01,-5.629295e-01,4.637038e-02
1454,2.666692e-17,-1.791138e-04,8.912875e-06,4.926277e-04,-1.654419e+00,2.210621e-01,7.463270e-01
1455,2.642111e-17,-1.774804e-04,1.096270e-05,4.883625e-04,-1.301619e-02,9.022133e-01,6.916597e+00
1456,4.355760e-18,-1.937573e-04,1.562786e-05,4.980603e-04,5.799557e-02,1.847683e-01,2.784073e+00
1457,7.962702e-19,-1.814022e-04,1.171539e-06,4.767602e-04,-2.686920e-01,7.760614e-01,-6.308200e-01
1458,1.511019e-18,-1.945239e-04,7.812540e-06,4.973222e-04,1.749262e-01,3.115180e-01,1.292293e+01
1459,5.072389e-18,-1.789140e-04,1.808639e-06,4.838750e-04,3.801480e+00,-6.682142e-01,1.413140e+01
1460,3.553401e-18,-1.890619e-04,1.719175e-05,4.899015e-04,-6.358462e-01,-1.099497e-01,1.734081e+00
1461,1.950233e-18,-1.969600e-04,1.309822e-05,4.797934e-04,8.460791e-01,8.346699e-01,9.739601e+00
1462,2.359290e-18,-1.945272e-04,7.809983e-06,4.946168e-04,2.948632e-01,3.881697e-01,1.146124e+01
1463,1.654942e-17,-1.769217e-04,1.448385e-05,4.760626e-04,5.561665e-01,-3.129432e-01,-1.106304e+00
1464,9.982730e-19,-1.968786e-04,1.288977e-05,4.762601e-04,-8.357316e-01,7.236773e-01,4.558191e+00
1465,2.032308e-17,-1.941797e-04,7.826636e-06,4.855298e-04,-1.905064e-01,-1.145577e-02,7.561168e+00
1466,4.388012e-18,-1.851372e-04,1.015469e-05,4.926047e-04,-2.291013e-02,-3.666351e-01,3.577448e-01
1467,2.329319e-18,-1.765901e-04,1.087108e-05,4.775466e-04,-1.195996e+00,8.400643e-02,-7.753468e-03
1468,1.719158e-17,-1.942122e-04,2.422867e-05,4.878346e-04,-6.125883e-02,-1.567665e-02,-1.405260e-01
1469,5.683327e-17,6.868519e-06,1.244940e-04,5.402595e-04,-7.333584e-01,1.846929e+00,1.059535e+01
1470,3.165296e-17,1.251189e-05,1.229037e-04,5.360797e-04,-1.225583e-01,-4.167674e-01,1.338239e+01
1471,3.167648e-17,1.438499e-05,1.270078e-04,5.454914e-04,2.483370e-01,8.518895e-01,8.230752e+00
1472,8.366397e-18,1.781391e-05,1.253513e-04,5.374291e-04,6.680830e-01,-8.317183e-01,5.509248e+00
1473,2.573416e-16,6.915968e-06,1.183298e-04,5.472936e-04,1.462275e+00,1.433823e+00,1.016002e+01
1474,2.608316e-17,2.123729e-05,1.194272e-04,5.460879e-04,1.217748e+00,3.606395e-01,1.310318e+01
1475,3.070764e-17,1.049820e-05,1.065895e-04,5.475813e-04,-2.042223e-01,-6.927842e-01,1.025709e+01
1476,1.676425e-18,3.132407e-06,1.235384e-04,5.302608e-04,1.735992e-02,1.739241e-01,5.026724e+00
1477,1.480569e-18,1.719540e-05,1.101497e-04,5.286583e-04,-4.206450e-01,-2.983550e-01,5.306014e+00
1478,1.003146e-18,1.720086e-05,1.039046e-04,5.396544e-04,-1.178713e-01,7.885042e-02,-1.360899e+00
1479,3.775747e-16,1.288300e-05,1.313864e-04,5.287396e-04,4.336757e-01,-3.193732e-01,8.501131e+00
1480,2.945634e-16,7.049281e-06,1.476916e-04,5.363016e-04,-6.039924e-01,-1.120191e+00,9.576807e+00
1481,5.036373e-17,1.122604e-05,1.424027e-04,5.488154e-04,1.218351e+00,3.636227e+00,1.112560e+01
1482,2.176533e-17,1.404478e-05,1.482188e-04,5.363427e-04,-1.871929e+00,-9.121892e-01,6.411944e+00
1483,4.073467e-17,-1.457450e-05,1.357234e-04,5.378687e-04,-3.294298e+00,5.020874e-02,7.244353e+00
1484,6.307835e-18,-2.058935e-05,1.367180e-04,5.336946e-04,-1.619582e-01,-1.405463e+00,6.169080e+00
1485,6.025922e-18,-1.252410e-05,1.307507e-04,5.414010e-04,4.374307e-02,7.304199e-01,5.792284e+00
1486,2.445398e-18,-5.465047e-06,1.406243e-04,5.385541e-04,-4.279561e-02,-1.515134e-02,4.092033e+00
1487,1.315324e-18,-5.459455e-06,1.406254e-04,5.424833e-04,1.040055e-01,8.853311e-02,2.414275e+00
1488,9.342395e-18,1.250781e-05,1.585946e-04,5.011733e-04,7.852068e-03,-2.432697e-01,4.716443e+00
1489,2.728922e-17,4.698478e-06,1.619246e-04,5.247058e-04,4.589701e+00,1.112763e+00,1.521571e+01
1490,2.078972e-17,1.173486e-05,1.566440e-04,5.134239e-04,-4.064321e-03,-3.937117e-01,5.963287e+00
1491,2.703502e-18,1.091687e-05,1.507827e-04,5.183803e-04,-2.964870e-01,-1.400834e-01,7.176272e+00
1492,8.226389e-17,6.828008e-06,1.496692e-04,5.023369e-04,4.435504e-02,-1.331744e+00,5.950479e+00
1493,4.027125e-18,1.010791e-05,1.524870e-04,5.069640e-04,1.252338e-01,-2.343946e+00,5.570957e+00
1494,1.428929e-18,3.903314e-06,1.617327e-04,5.127110e-04,-2.378703e-01,3.146960e-02,3.641446e+00
1495,3.570427e-18,1.484386e-05,1.718735e-04,5.123419e-04,5.820077e-01,-8.387252e-02,3.148887e+00
1496,4.339332e-17,6.123648e-06,1.619523e-04,5.311678e-04,1.642890e+00,2.000195e+00,1.192304e+01
1497,4.328567e-17,1.353186e-05,1.706362e-04,5.360894e-04,-9.384370e-01,6.312664e-01,9.399308e+00
1498,1.102164e-16,8.190203e-06,1.573624e-04,5.373424e-04,1.215976e+00,-1.536949e-01,5.715876e+00
1499,5.273315e-18,1.328917e-05,1.548143e-04,5.439897e-04,-2.809478e-02,1.557040e+00,4.351083e+00
1500,1.467128e-18,1.329975e-05,1.593765e-04,5.389544e-04,9.743702e-02,5.956680e-02,4.929083e+00
1501,6.425909e-18,1.693154e-05,1.687314e-04,5.402590e-04,9.602222e-01,5.264710e-03,4.401872e+00
1502,5.987269e-18,1.249497e-05,1.242220e-04,5.161446e-04,2.664103e-01,2.335623e-02,9.441978e+00
1503,2.165303e-18,1.015120e-05,1.320381e-04,5.192343e-04,1.932315e-01,-5.075616e-03,8.941512e+00
1504,1.528492e-18,6.187695e-06,1.265021e-04,5.148446e-04,5.160405e-01,-1.288521e-01,6.680354e+00
1505,9.478702e-18,3.594850e-06,1.301384e-04,5.143765e-04,-1.438012e+00,-2.124474e-02,6.385449e+00
1506,2.928176e-18,4.686730e-06,1.468701e-04,5.230451e-04,4.128861e-02,6.662992e-02,7.191557e+00
1507,3.296338e-18,6.244277e-06,1.265636e-04,5.084926e-04,-1.685812e-01,-1.961333e-01,4.574836e+00
1508,2.112057e-18,3.961615e-06,1.336682e-04,5.160566e-04,4.219768e-01,8.228575e-01,3.529488e+00
1509,1.217466e-18,2.344782e-06,1.359403e-04,5.241286e-04,2.256788e-01,-3.663463e-02,3.639243e+00
1510,3.416112e-18,1.405674e-05,1.179739e-04,5.214789e-04,1.031481e-01,4.215953e-01,9.248016e+00
1511,7.177180e-18,9.670738e-06,1.076495e-04,5.217190e-04,-3.527340e-01,-1.183067e+00,3.728191e+00
1512,6.750148e-18,1.432168e-05,1.179635e-04,5.120961e-04,1.072466e-01,-3.782944e-01,7.163660e+00
1513,7.135249e-19,8.454991e-06,1.225344e-04,5.203165e-04,3.692228e-01,2.192436e-01,5.887687e+00
1514,7.785657e-18,8.669381e-06,1.219738e-04,5.026680e-04,-2.589346e-01,-1.536229e-02,4.475345e+00
1515,4.565918e-18,1.608001e-05,1.101606e-04,5.100894e-04,3.933982e-01,9.786067e-03,3.434743e+00
1516,3.499695e-18,7.809741e-06,1.124992e-04,5.085174e-04,2.942564e-01,-3.059759e-02,3.949114e+00
1517,3.115441e-18,8.608064e-06,1.039412e-04,5.039037e-04,4.452582e-01,1.052033e+00,3.347037e+00
1518,3.391733e-18,1.712067e-05,1.101638e-04,5.019820e-04,1.073269e-01,-4.236277e-01,1.556998e+00
1519,3.005616e-18,4.688883e-06,1.093760e-04,5.023877e-04,6.636675e-02,1.026915e-02,1.772122e+00
1520,5.871005e-18,1.852728e-05,1.078140e-04,5.182353e-04,-6.669200e-01,-1.202823e-01,1.382610e+00
1521,3.515538e-17,-7.954417e-06,5.895828e-07,4.967931e-04,1.745857e+00,1.467537e+00,3.473323e+00
1522,3.939905e-17,-1.690381e-05,-2.149061e-05,5.182318e-04,-5.724681e+00,-2.583743e+00,1.537290e+01
1523,3.995228e-17,-1.162635e-05,-9.998234e-06,5.043461e-04,-6.142395e-01,2.691989e-01,3.934995e+00
1524,2.034807e-18,-9.531830e-06,-1.717261e-05,5.170082e-04,-5.691487e-01,1.060080e+00,1.536746e+01
1525,2.062100e-17,-5.853686e-06,-1.621194e-05,5.009219e-04,2.442139e-01,-3.246267e-01,9.968865e+00
1526,5.783504e-19,-1.322677e-05,-2.148169e-05,5.096293e-04,-2.449265e+00,4.618290e-01,6.637023e+00
1527,2.757365e-18,-1.555869e-05,-1.016169e-05,5.229583e-04,1.844978e+00,-4.466540e-01,6.656755e+00
1528,2.474844e-17,-9.326266e-06,-1.188311e-05,5.146992e-04,6.753670e-01,9.799421e-01,5.594996e+00
1529,1.984559e-17,-1.617870e-05,-1.463332e-05,5.206738e-04,1.050031e+00,-4.920272e-01,3.170820e+00
1530,1.056377e-18,-1.796478e-05,-3.908213e-06,5.027149e-04,2.393279e-02,1.760771e-03,1.294738e+00
1531,1.091424e-17,-6.223356e-06,-1.759864e-05,5.219551e-04,1.434947e-02,-1.880861e+00,1.239417e+00
1532,2.770143e-17,-1.233252e-05,-4.066619e-06,4.949774e-04,-1.550053e-01,1.115508e-01,1.481591e+01
1533,1.210744e-17,-4.680294e-06,-1.573636e-05,4.920634e-04,6.537400e-02,-4.192678e-01,7.863898e+00
1534,7.965172e-17,-1.357461e-05,-1.552844e-05,4.989683e-04,-4.291440e-01,2.748636e+00,3.954846e+00
1535,3.159959e-17,-1.510725e-05,-1.276005e-05,4.925093e-04,3.357408e-02,2.254021e-01,7.715666e+00
1536,5.076156e-17,-1.303805e-05,-3.066812e-06,4.841096e-04,2.738856e+00,1.563685e+00,9.188400e+00
1537,4.550969e-18,-2.343326e-06,-3.627465e-06,4.797881e-04,-1.219299e-02,1.646954e-01,-1.489544e+00
1538,3.990473e-17,-1.659944e-05,-9.484736e-06,4.796935e-04,-2.556875e+00,1.335346e+00,2.522280e+00
1539,4.522435e-18,-1.542384e-05,-4.659911e-06,4.782028e-04,1.178465e+00,5.459091e-01,6.687920e+00
1540,3.484970e-18,-1.562637e-05,-2.344632e-05,4.805348e-04,-3.028537e-02,-6.588366e-01,3.165808e+00
1541,7.688909e-19,-7.839921e-06,-2.304664e-05,4.809386e-04,5.236097e-02,-2.174453e+00,1.035496e+01
1542,1.538274e-18,-1.562257e-05,-2.340516e-05,4.941913e-04,-3.731506e-02,-4.681406e-01,1.498522e+00
1543,8.275414e-19,-5.860788e-06,-2.539083e-05,4.806108e-04,1.265981e-01,-2.030894e-01,9.037096e+00
1544,2.753814e-19,-7.422739e-06,-2.226558e-05,4.793814e-04,1.683062e+00,2.324695e-01,8.843591e+00
1545,3.871377e-18,-7.719557e-06,-2.110997e-05,4.777658e-04,6.784748e-01,6.800344e-01,7.976559e+00
1546,8.888978e-19,-3.800346e-06,-1.467485e-05,4.887208e-04,-9.381505e-01,-3.888771e-01,1.026001e+01
1547,1.710229e-18,-3.926882e-06,-1.472347e-05,4.834931e-04,2.273676e-01,-1.196233e-01,4.422013e+00
1548,3.475365e-18,-4.123121e-06,-1.493804e-05,4.766944e-04,-3.130231e-02,-1.720759e-01,3.041125e-01
1549,2.702869e-17,6.895021e-06,-3.785320e-05,4.865767e-04,1.562090e-01,3.955171e+00,1.084941e+01
1550,2.722290e-18,1.171782e-05,-2.858963e-05,4.943498e-04,-2.568107e-01,-4.169545e-01,6.645172e+00
1551,4.944093e-17,1.241425e-05,-4.045335e-05,4.962092e-04,-2.207042e-01,-2.029598e+00,5.094506e+00
1552,2.604319e-17,7.129136e-06,-2.978003e-05,4.880941e-04,-3.347581e-01,2.014617e-01,7.822307e+00
1553,1.520745e-17,2.761178e-10,-4.375086e-05,4.969066e-04,-3.767454e-01,3.810048e-02,2.825785e+00
1554,7.123978e-17,3.938906e-08,-4.373929e-05,4.974555e-04,-3.780763e-01,1.031031e-01,2.739525e+00
1555,3.259242e-18,7.811897e-06,-3.827989e-05,5.008468e-04,-5.131463e-01,1.330108e-01,2.927302e+00
1556,8.260253e-19,7.185633e-06,-3.945358e-05,4.822815e-04,-8.824463e-01,2.902647e+00,1.036651e+01
1557,3.129359e-18,1.874898e-05,-2.810858e-05,4.813583e-04,7.162350e-02,-4.437708e-01,2.804189e+00
1558,7.231212e-19,7.423102e-06,-4.023516e-05,4.804766e-04,-1.265509e+00,2.379110e+00,7.446445e+00
1559,2.576379e-18,7.881983e-06,-3.054985e-05,4.845731e-04,-8.494862e-01,-1.013923e+00,1.063572e+01
1560,3.231869e-18,3.878842e-06,-3.203313e-05,4.976949e-04,4.605250e-01,6.410775e-02,1.665666e+00
1561,1.121320e-17,2.428359e-05,-2.877583e-05,4.983360e-04,-4.843430e-02,-2.070804e-02,-1.707061e-01
1562,8.888621e-18,-1.930643e-05,-4.023222e-05,5.007487e-04,-5.667392e-02,-2.390040e+00,4.582409e+00
1563,6.198699e-18,-1.250466e-05,-4.217496e-05,4.969091e-04,1.987483e-01,-3.478487e-01,4.494926e+00
1564,5.898069e-18,-5.470210e-06,-3.592403e-05,5.011628e-04,5.210144e-02,5.944060e-01,-3.092918e-01
1565,6.611454e-18,-1.322622e-05,-4.687366e-05,4.887647e-04,-9.476900e-01,1.564951e+00,5.000516e+00
1566,5.651265e-18,-1.249868e-05,-4.229747e-05,5.035444e-04,3.824948e-01,3.877785e-01,5.966907e+00
1567,1.812919e-18,-2.460994e-05,-4.453285e-05,4.977414e-04,-4.732051e-02,1.734462e-01,-2.612875e-02
1568,1.088093e-16,-6.010769e-06,-4.148065e-05,5.103911e-04,-5.430145e-01,6.304646e-01,4.276083e+00
1569,5.328434e-18,-1.247060e-05,-4.307729e-05,5.187636e-04,-3.485184e-01,6.407466e-01,7.538102e+00
1570,2.389851e-18,-1.561014e-05,-2.969346e-05,5.160967e-04,-1.567386e-01,3.390192e-01,5.375777e+00
1571,3.872850e-17,-1.559762e-05,-2.786498e-05,5.092817e-04,5.984382e-01,-8.079266e-01,4.979976e+00
1572,2.251217e-17,-4.426909e-06,-7.942676e-05,5.161374e-04,-1.250998e+00,-6.801786e-01,1.393009e+01
1573,2.419331e-17,-2.951882e-06,-1.014789e-04,5.046365e-04,-5.366188e-02,-3.074784e+00,2.137751e+01
1574,1.019268e-16,-4.152366e-06,-7.940115e-05,5.160058e-04,-1.041727e+00,-6.933605e-01,1.381698e+01
1575,1.455304e-17,-8.594125e-06,-8.750013e-05,5.267765e-04,-1.254634e+00,9.223321e-01,9.099260e+00
1576,1.016744e-16,-8.420216e-06,-8.709135e-05,5.267870e-04,-1.215925e+00,1.086895e+00,9.062227e+00
1577,1.161218e-17,-2.034610e-06,-8.087160e-05,5.095743e-04,-1.680056e-01,-2.020472e+00,1.300191e+01
1578,2.333795e-17,-1.281670e-05,-9.636720e-05,5.077257e-04,5.814301e-01,1.733444e+00,6.690994e+00
1579,8.063196e-18,-1.038286e-05,-9.451880e-05,5.111722e-04,5.010818e-01,6.773673e-02,5.915866e+00
1580,1.518551e-18,-4.690854e-06,-9.062624e-05,5.058308e-04,4.460284e-01,3.200013e-01,6.897179e+00
1581,3.072184e-18,-1.482845e-05,-9.218370e-05,5.238070e-04,-7.392663e-01,-7.871386e-02,8.341917e+00
1582,1.304240e-17,-5.068218e-06,-9.664166e-05,5.173028e-04,3.854069e-01,7.861325e-02,7.072990e+00
1583,9.546209e-17,-1.486811e-05,-1.030882e-04,5.128086e-04,5.946002e-02,-4.447800e-01,4.796699e+00
1584,3.496703e-18,-9.374495e-06,-8.984000e-05,5.039064e-04,-1.923759e-01,-1.178982e-01,2.505979e+00
1585,9.850142e-17,-1.571771e-05,-9.446662e-05,5.365439e-04,1.364500e-01,-6.614717e-02,9.225301e+00
1586,2.366148e-16,-1.259801e-06,-1.039911e-04,5.370143e-04,-8.577981e-02,-2.976019e-01,7.444606e+00
1587,5.143740e-17,-6.702952e-06,-1.018306e-04,5.464533e-04,2.946581e-01,4.946795e-02,5.458677e+00
1588,5.325059e-18,-9.198925e-06,-8.984417e-05,5.334605e-04,-4.273156e-01,-1.145256e-02,6.651221e+00
1589,2.065892e-18,-9.385254e-06,-8.983919e-05,5.421454e-04,-5.905155e-03,-3.439695e-03,2.737460e+00
1590,1.614804e-16,7.567621e-06,-1.178403e-04,5.284947e-04,-1.690429e-01,-7.758968e-02,5.482429e+00
1591,3.016550e-17,1.093708e-05,-1.046886e-04,5.023735e-04,-1.046754e-02,-8.806670e-01,2.262538e+00
1592,2.180224e-17,2.151838e-06,-1.078435e-04,5.005697e-04,-6.233237e+00,2.743183e+00,1.814975e+01
1593,5.125926e-18,-8.930005e-06,-1.221199e-04,5.202470e-04,-6.600910e-02,9.647968e-01,1.908173e+01
1594,2.654654e-17,-6.931124e-06,-1.116412e-04,5.386647e-04,9.048046e-01,-1.052104e+00,5.549229e+00
1595,2.189386e-17,9.422900e-06,-1.147932e-04,5.161370e-04,-8.825229e-01,1.436692e+00,1.436211e+01
1596,8.772718e-17,1.073090e-05,-1.050143e-04,5.024441e-04,-2.238966e-01,-7.530095e-01,2.114914e+00
1597,6.193899e-18,-6.251438e-06,-1.234389e-04,5.084162e-04,-4.701500e-01,5.121233e-01,1.650551e+01
1598,4.654562e-18,7.843063e-07,-1.234365e-04,5.467541e-04,1.895146e-02,5.951038e-03,7.371981e+00
1599,2.842244e-17,-8.392006e-07,-1.153804e-04,5.438002e-04,-7.350501e-01,-2.460178e-02,7.202234e+00
1600,5.890498e-18,7.032691e-06,-1.195318e-04,5.439423e-04,-4.581059e-02,-5.490565e-02,5.891621e+00
1601,9.108798e-17,-7.743493e-06,-1.113844e-04,5.021115e-04,7.620552e-02,1.442563e-01,2.835071e+00
1602,3.028149e-18,-7.855817e-07,-1.125002e-04,5.326338e-04,6.441319e-02,2.650351e-02,5.803646e+00
1603,3.742970e-18,-3.908851e-06,-1.070306e-04,5.077398e-04,1.070641e-01,-7.654374e-01,4.279521e+00
1604,3.434000e-17,-3.725123e-06,-1.072994e-04,5.079926e-04,-9.169951e-02,-1.063140e+00,4.302111e+00
1605,1.672005e-17,-9.089426e-06,-1.163993e-04,5.138122e-04,1.355168e+00,6.283389e-01,3.293184e+00
1606,2.335970e-18,-1.718625e-05,-1.179687e-04,5.268516e-04,8.225757e-02,1.001538e-02,2.051074e+00
1607,4.506149e-18,-1.555921e-06,-1.171868e-04,5.163776e-04,-4.994444e-02,5.396031e-02,1.625023e+00
1608,1.075428e-18,-7.037139e-06,-1.179734e-04,5.096844e-04,1.940976e-02,3.940676e-02,1.402565e+00
1609,2.134852e-18,-1.251239e-05,-1.070267e-04,5.479891e-04,5.750090e-02,9.298554e-02,-8.743058e-01
1610,4.417000e-17,6.556797e-06,-9.041218e-05,5.365122e-04,-1.374514e+00,-8.257311e-01,1.061775e+01
1611,1.148706e-18,5.475627e-06,-9.765989e-05,5.380692e-04,8.724756e-02,-7.577201e-02,6.191693e+00
1612,1.298047e-17,1.301537e-05,-8.073202e-05,5.309327e-04,-4.850964e-01,4.874259e-02,5.443511e+00
1613,1.433039e-18,1.562385e-05,-9.609326e-05,5.497947e-04,-1.377604e-02,2.161345e-02,1.093104e+01
1614,2.561935e-18,2.031354e-05,-7.968844e-05,5.444585e-04,4.632172e-02,1.159053e-03,1.543250e+00
1615,1.011580e-16,-5.164868e-07,-2.238766e-04,5.427868e-04,7.389456e-02,-8.974428e-01,6.208380e+00
1616,2.793106e-17,-6.540725e-07,-2.257687e-04,5.302950e-04,3.007733e-01,4.692832e-01,5.748093e+00
1617,1.345055e-16,4.711745e-06,-2.218100e-04,5.260333e-04,-1.410218e+00,2.681971e-01,5.731890e+00
1618,4.838582e-18,1.016946e-05,-2.250057e-04,5.301137e-04,-3.188335e-03,-2.289695e-01,5.189249e-01
1619,1.101773e-17,-1.796130e-05,-2.268113e-04,5.347223e-04,5.143842e-01,1.068579e+00,2.055090e+00
1620,4.006836e-16,-9.917483e-07,-1.969655e-04,5.193660e-04,-3.554139e-01,-1.987575e-01,1.946253e+01
1621,1.585149e-16,5.246321e-06,-2.024791e-04,5.403078e-04,4.780772e-01,6.956824e-01,1.039139e+01
1622,1.601110e-18,-7.152455e-06,-2.007826e-04,5.400432e-04,-3.973396e-02,-1.682439e-01,2.942416e+00
1623,4.233065e-17,1.018017e-06,-1.983652e-04,5.369243e-04,2.133295e+00,1.493765e-01,8.295579e+00
1624,1.767773e-16,-5.478588e-06,-2.133547e-04,5.306625e-04,1.153468e+00,4.882063e-01,7.593692e+00
1625,9.119556e-17,6.638662e-06,-2.119476e-04,5.397853e-04,1.508168e-01,-1.599593e+00,6.353496e+00
1626,2.371332e-17,1.419237e-05,-2.163094e-04,5.285097e-04,1.373476e-01,1.671504e-01,1.107054e+01
1627,8.323035e-17,2.113800e-05,-2.105185e-04,5.316756e-04,6.881998e-01,6.586585e-02,6.122037e+00
1628,6.338529e-18,-5.147957e-06,-2.078152e-04,5.352143e-04,1.159460e-02,2.202935e-02,7.413160e+00
1629,2.264433e-18,4.723357e-06,-2.054355e-04,5.357163e-04,-3.234906e-01,-3.891862e-01,1.303122e+01
1630,2.008497e-18,-1.953042e-05,-2.148444e-04,5.378699e-04,1.100130e-01,-1.013876e-01,3.593482e+00
1631,4.456371e-19,-1.914602e-05,-2.148474e-04,5.440453e-04,-3.169055e-01,1.156974e-01,-9.523372e-02
1632,4.115190e-17,-6.634396e-06,-2.273515e-04,5.070791e-04,8.094206e-01,1.207864e+00,1.608998e+01
1633,3.250752e-17,-1.539092e-05,-2.197058e-04,5.200119e-04,2.214202e-01,-2.662013e-02,1.089519e+01
1634,3.728346e-18,-5.470139e-06,-2.054687e-04,5.169084e-04,-8.716186e-01,5.818771e-04,5.133374e+00
1635,5.924692e-17,-6.083409e-06,-2.047241e-04,5.171594e-04,-8.655775e-01,2.907282e-01,5.076669e+00
1636,3.211995e-18,-7.813168e-06,-2.156275e-04,5.023255e-04,-2.549344e-01,-1.686474e-01,5.803775e+00
1637,3.599833e-17,1.240359e-07,-2.182474e-04,5.140901e-04,2.837787e+00,-1.271492e+00,9.382713e+00
1638,3.657822e-18,-1.484218e-05,-2.195277e-04,5.073722e-04,-2.598606e-01,-3.895476e-02,5.634381e+00
1639,4.744175e-18,-9.379799e-06,-2.210897e-04,5.248922e-04,-2.773077e-01,4.880576e-02,3.042353e+00
1640,3.894004e-18,-3.905017e-06,-2.039061e-04,5.019030e-04,-3.688180e-02,1.115013e-02,3.017215e+00
1641,3.972847e-17,8.150790e-07,-2.275661e-04,5.059432e-04,-3.074533e-01,-2.943872e-01,1.297571e+01
1642,1.438398e-17,5.379553e-06,-2.050243e-04,5.199671e-04,-5.550252e-02,8.348855e-02,1.127976e+01
1643,4.959751e-18,5.462984e-06,-2.062499e-04,5.096226e-04,1.444310e-01,-2.113137e-03,9.465478e+00
1644,1.446430e-18,1.391879e-05,-2.156283e-04,5.193688e-04,3.124546e-01,-2.209698e-02,4.926081e+00
1645,5.832490e-18,3.972616e-06,-2.116962e-04,5.096510e-04,6.158823e-01,4.790934e-01,9.479997e+00
1646,3.384397e-17,7.970031e-06,-2.158780e-04,5.121914e-04,-2.721733e-01,-2.128635e+00,7.956027e+00
1647,3.351332e-18,1.640423e-05,-2.093772e-04,5.238282e-04,6.086887e-02,-6.263113e-02,7.113881e+00
1648,2.607336e-18,3.905228e-06,-2.117182e-04,5.030701e-04,-9.187576e-02,-9.848261e-02,7.199095e+00
1649,3.374371e-17,2.098218e-05,-2.154736e-04,5.191686e-04,1.029807e+00,4.439059e-01,3.478825e+00
1650,2.344834e-18,8.195288e-06,-2.140639e-04,5.050678e-04,2.958827e-01,-1.140209e-01,4.220979e+00
1651,3.957906e-17,1.359285e-05,-2.128428e-04,4.990201e-04,1.804173e+00,1.567693e-01,4.682608e+00
1652,2.905784e-17,1.612457e-05,-1.991946e-04,4.909073e-04,-3.360094e-01,7.881346e-01,1.243770e+01
1653,2.027244e-17,9.688111e-06,-1.990535e-04,4.799603e-04,-9.328998e-01,-2.085333e+00,2.026774e+00
1654,7.618322e-18,2.421946e-05,-2.156246e-04,4.954167e-04,-3.769495e-03,-5.717935e-02,4.728374e-01
1655,3.800702e-17,2.386634e-05,-2.159349e-04,4.951388e-04,1.125895e-01,-1.201546e-01,4.542208e-01
1656,1.352353e-17,8.902837e-06,-2.219806e-04,4.910450e-04,7.389802e-01,4.182987e-02,6.099280e+00
1657,1.562479e-16,2.322303e-06,-1.995456e-04,4.936929e-04,1.748512e+00,1.062842e+00,1.158586e+01
1658,4.612178e-17,3.393222e-06,-2.174189e-04,4.949966e-04,6.550702e-01,-1.505146e-01,4.911013e+00
1659,2.748154e-18,2.014743e-05,-2.062544e-04,4.910761e-04,5.394584e-03,-3.017690e-01,-9.547159e-01
1660,3.090269e-17,8.961221e-06,-2.075986e-04,4.830131e-04,2.116240e-01,5.547129e-01,5.849687e+00
1661,5.581748e-19,1.367259e-05,-2.003895e-04,4.766293e-04,-1.210084e+00,1.139848e-01,1.426112e+00
1662,1.116599e-18,1.562955e-05,-2.000143e-04,4.871796e-04,5.895338e-01,-1.980777e-01,1.376784e+01
1663,2.961513e-18,7.054296e-06,-1.992370e-04,4.844759e-04,1.679948e-01,-1.796747e-01,3.603187e+00
1664,1.201356e-18,7.819067e-06,-2.210684e-04,4.825120e-04,-1.369620e-01,-2.485987e-01,2.419424e+00
1665,7.804054e-19,1.030290e-05,-2.068833e-04,4.856257e-04,-4.914811e-01,-3.536256e-02,7.289507e-01
1666,1.375222e-18,1.015908e-05,-2.070335e-04,4.957594e-04,2.631984e-01,1.524843e-01,1.996988e+00
1667,8.084964e-19,1.578654e-05,-1.998907e-04,4.848347e-04,-7.807277e-01,-6.168712e-03,1.016559e+01
1668,4.924176e-18,1.539475e-05,-1.999703e-04,4.797915e-04,1.889188e-01,2.171309e-01,4.289081e+00
1669,8.009651e-19,9.232707e-06,-2.087384e-04,4.785998e-04,2.267663e-01,3.093110e-01,5.281511e+00
1670,1.089617e-18,1.639725e-05,-2.093876e-04,4.942186e-04,8.852324e-01,4.233143e-01,1.717624e-01
1671,1.650948e-18,2.460940e-05,-2.164119e-04,4.836834e-04,5.625082e-03,-2.097516e-01,-8.879694e-01
1672,7.707466e-18,2.432633e-05,-2.210876e-04,4.788447e-04,3.917867e-02,5.898908e-02,-9.130732e-02
1673,7.715126e-17,-2.371696e-05,-2.045771e-04,4.911578e-04,8.189888e-03,7.128958e-03,4.809998e-02
1674,3.627774e-17,-1.369899e-05,-2.183844e-04,4.902550e-04,6.190885e-01,-2.162988e-02,4.030045e+00
1675,2.188140e-17,-3.942864e-06,-2.083628e-04,4.836439e-04,2.558669e+00,8.170113e-01,8.442387e+00
1676,4.110943e-18,-1.328420e-05,-2.013490e-04,4.945008e-04,-7.327722e-02,-2.055794e+00,9.294998e-01
1677,7.638410e-18,-1.033125e-05,-2.058970e-04,4.949138e-04,-5.340778e-01,1.719248e+00,4.402972e+00
1678,9.324061e-18,-5.415874e-06,-2.195344e-04,4.986378e-04,-5.381295e-01,-1.554486e-02,4.037287e+00
1679,4.745005e-18,-8.637684e-06,-2.203553e-04,4.936948e-04,6.388830e-03,5.197701e-02,1.760940e+00
1680,4.834410e-18,-1.406331e-05,-2.250027e-04,4.981329e-04,-1.909669e-01,2.040578e-02,1.683325e+00
1681,2.907370e-18,-4.731297e-06,-2.124861e-04,4.953614e-04,-2.923084e-01,4.006287e-02,1.193925e-01
1682,7.404062e-19,-5.078322e-06,-2.082031e-04,4.790968e-04,-2.112941e+00,-1.368265e+00,8.201615e+00
1683,5.400594e-18,-5.964894e-06,-2.219177e-04,5.006743e-04,4.620664e-01,-3.579841e-01,1.242547e+00
1684,1.846374e-18,-1.017335e-05,-2.115832e-04,4.780337e-04,-5.775672e-01,5.176353e-01,1.811219e+00
1685,1.291010e-17,-2.427107e-05,-2.195539e-04,4.968235e-04,6.064677e-02,-6.932759e-03,-1.363697e-01
1686,3.259672e-18,-9.374381e-06,-2.421791e-04,5.015808e-04,4.421055e-02,-7.631449e-02,3.123119e+00
1687,2.052048e-17,1.111013e-05,-2.424100e-04,5.180241e-04,1.710740e+00,-2.263320e+00,1.050116e+01
1688,1.609501e-17,2.392702e-06,-2.336727e-04,5.092105e-04,-8.372477e-02,-4.979240e-01,1.098629e+01
1689,1.188681e-18,7.033095e-06,-2.413914e-04,5.119798e-04,4.019399e-01,3.475948e-01,9.401081e+00
1690,3.683897e-18,1.167731e-05,-2.312675e-04,5.147570e-04,-8.511858e-01,1.851224e-01,2.448577e+01
1691,9.423629e-17,2.169637e-05,-2.488562e-04,5.242675e-04,2.161167e+00,-9.322376e-01,1.075525e+01
1692,1.131849e-16,-3.754718e-06,-2.487157e-04,5.092421e-04,-2.551745e-02,1.299211e-01,6.575579e+00
1693,7.924820e-19,6.887171e-06,-2.415387e-04,5.066154e-04,-5.697750e-01,-5.131150e-01,8.793553e+00
1694,6.771204e-18,1.746619e-05,-2.312239e-04,5.285286e-04,2.936784e+00,-1.450581e-03,2.932090e+01
1695,1.027092e-17,1.139672e-05,-2.312585e-04,5.097360e-04,5.564373e-01,-3.978637e-01,2.139925e+01
1696,5.708747e-18,2.990302e-06,-2.375015e-04,5.057761e-04,-1.289358e-01,4.889371e-02,8.138765e+00
1697,1.992557e-18,1.093261e-05,-2.446356e-04,5.266160e-04,1.015841e-02,4.354755e-01,8.010176e+00
1698,9.900382e-18,3.047852e-06,-2.359420e-04,5.234245e-04,1.196768e+00,9.762010e-03,5.943703e+00
1699,2.602988e-18,1.015332e-05,-2.496073e-04,5.157975e-04,1.688522e-02,-5.012462e-02,5.167299e+00
1700,2.117780e-18,1.015137e-05,-2.313524e-04,5.052471e-04,-3.507207e-02,-2.430925e-01,1.922899e+01
1701,6.490258e-19,7.844607e-06,-2.496076e-04,5.042996e-04,-1.009591e+00,-1.843444e-01,4.676061e+00
1702,3.447612e-18,1.745180e-05,-2.496100e-04,5.105060e-04,6.848162e-01,-4.831487e-02,6.022876e+00
1703,2.956484e-18,1.094468e-05,-2.445270e-04,5.100214e-04,-5.754718e-01,-1.347353e-01,3.550351e+00
1704,1.108928e-18,1.797572e-05,-2.414036e-04,5.051061e-04,-1.551095e-01,1.201735e-01,1.771190e+00
1705,3.930469e-18,1.713944e-05,-2.460909e-04,5.281819e-04,-2.013177e-01,3.850536e-02,5.793985e+00
1706,3.925930e-17,-1.680590e-06,-2.490040e-04,5.269108e-04,1.783392e-01,-1.895486e-02,5.265586e+00
1707,2.491948e-18,-9.373900e-06,-2.421884e-04,5.161526e-04,-3.397997e-01,-6.819811e-02,6.725332e+00
1708,9.741526e-17,-7.903929e-06,-2.443350e-04,5.275980e-04,7.815749e-01,1.547962e-01,1.059407e+01
1709,3.075751e-17,-8.040680e-06,-2.279524e-04,5.204458e-04,-2.594520e-01,1.434347e+00,5.617900e+00
1710,1.869891e-17,-1.643947e-05,-2.456037e-04,5.198324e-04,2.637383e-01,-8.360761e-01,4.362640e+00
1711,1.322196e-17,-4.217592e-06,-2.404168e-04,5.174760e-04,8.467243e-01,-3.336041e-01,4.835336e+00
1712,1.958458e-18,-2.343287e-05,-2.496104e-04,5.150102e-04,-4.334397e-02,-1.087198e-01,1.420513e+00
1713,6.419421e-19,-1.561422e-05,-2.496115e-04,5.203682e-04,-3.169268e-01,-1.812251e-01,8.689301e-01
1714,4.727461e-18,-1.638429e-05,-2.409736e-04,5.024097e-04,5.251391e-01,-1.241249e+00,-7.862267e-01
1715,1.483479e-18,-3.902657e-06,-2.359370e-04,5.050561e-04,-2.929527e-01,2.151256e-02,1.392780e-01
1716,2.940356e-18,-1.408008e-05,-2.265798e-04,5.023614e-04,-1.920240e-01,-8.640121e-02,-4.676012e-01
1717,2.535443e-17,-2.212233e-05,-2.352001e-04,4.828070e-04,-1.688976e+00,-1.746833e+00,3.110847e+00
1718,2.115469e-17,-5.260992e-06,-2.323708e-04,4.819170e-04,-9.508941e-01,4.984941e-01,6.218326e+00
1719,8.909124e-18,-7.963910e-06,-2.288818e-04,4.982793e-04,8.113261e-01,5.540896e-01,1.108547e+01
1720,5.509333e-19,-1.172175e-05,-2.496120e-04,4.957687e-04,1.483925e-02,-2.205775e-01,-1.732734e+00
1721,7.968341e-19,-1.093890e-05,-2.496064e-04,4.809436e-04,2.058950e-01,-3.636601e-01,-2.460308e+00
1722,2.373539e-17,-9.488789e-06,-2.275007e-04,4.810334e-04,8.330042e-01,-2.457834e-02,5.699246e+00
1723,5.311793e-18,-1.102523e-05,-2.445473e-04,4.926612e-04,1.445326e-01,-4.076274e-01,2.583078e+00
1724,1.603908e-18,-2.362186e-06,-2.496093e-04,4.837164e-04,8.199612e-01,-1.507079e-01,4.009432e+00
1725,2.980404e-18,-1.176081e-05,-2.445025e-04,4.984572e-04,-8.451412e-01,-4.601493e-01,3.294338e+00
1726,4.873654e-19,-1.953387e-06,-2.413984e-04,4.825125e-04,-5.145729e-01,-3.337274e-01,3.193418e+00
1727,5.226761e-18,-9.383026e-06,-2.421270e-04,4.917782e-04,-3.836753e-01,3.934939e-01,3.371457e+00
1728,1.218027e-17,-8.578440e-06,-2.289699e-04,4.912697e-04,-1.794072e-02,-5.696101e-01,1.130381e+01
1729,2.158090e-18,-5.533632e-06,-2.398921e-04,4.851237e-04,-3.617185e-01,-4.013267e-01,1.001043e-01
1730,2.562595e-18,-5.643326e-06,-2.400090e-04,4.960095e-04,1.282291e-01,-9.428852e-01,-7.632564e-01
1731,8.313448e-18,-2.428191e-05,-2.455864e-04,4.989258e-04,-4.937959e-03,-4.481155e-02,-1.544438e-01
1732,3.203783e-18,-5.437890e-06,-2.398465e-04,4.813641e-04,-3.960921e-01,-2.686106e-01,-8.544632e-01
1733,8.171566e-18,-2.431506e-05,-2.304331e-04,4.898426e-04,-1.571238e-02,-1.871468e-03,-2.702471e-01
1734,1.308383e-16,-5.763304e-06,-2.369922e-04,5.483678e-04,5.390514e-01,3.920933e-02,8.994251e+00
1735,3.904583e-17,1.980920e-05,-2.302212e-04,5.354174e-04,4.253343e+00,5.696967e-01,3.068432e+01
1736,1.438736e-17,7.425432e-06,-2.324262e-04,5.396302e-04,8.996269e-03,-4.435117e-01,1.278261e+01
1737,1.109479e-16,7.639386e-06,-2.324775e-04,5.394110e-04,2.708595e-01,-4.456458e-01,1.285487e+01
1738,4.657279e-17,7.971180e-06,-2.407202e-04,5.295723e-04,-4.669873e-01,4.545954e-01,1.557625e+01
1739,3.904438e-17,3.496504e-06,-2.490015e-04,5.381174e-04,-2.414521e-01,1.724069e-02,5.850077e+00
1740,3.993477e-18,3.956031e-06,-2.328271e-04,5.354778e-04,-8.466128e-01,-3.283842e-01,1.895739e+01
1741,2.365619e-17,1.690834e-05,-2.491292e-04,5.430066e-04,2.469602e+00,6.678128e-02,1.188041e+01
1742,2.083300e-18,1.484346e-05,-2.496090e-04,5.292946e-04,7.260896e-02,-5.642279e-02,6.565020e+00
1743,4.450522e-18,1.094222e-05,-2.406266e-04,5.354446e-04,-3.461512e-02,-4.588397e-03,1.009647e+01
1744,2.422848e-18,-1.171899e-05,-2.496082e-04,5.485065e-04,-4.575673e-02,-2.526270e-02,7.008269e+00
1745,2.201522e-17,-1.682517e-05,-2.405435e-04,5.342788e-04,-5.239511e-01,-2.120986e+00,7.300647e+00
1746,2.902153e-18,-7.032073e-06,-2.468807e-04,5.378209e-04,-1.296223e-01,-6.169233e-03,4.317216e+00
1747,2.511828e-18,1.640469e-05,-2.398499e-04,5.365262e-04,-2.871547e-02,4.779653e-02,6.701910e+00
1748,2.674875e-18,1.025709e-05,-2.300197e-04,5.344317e-04,2.651769e-01,-4.976624e+00,6.131861e+00
1749,4.166325e-16,-6.131307e-06,4.140208e-05,5.315998e-04,-9.451985e-02,-4.513008e-01,8.741541e+00
1750,1.102676e-16,-2.035653e-06,3.175858e-05,5.319102e-04,-3.350706e-01,-5.646503e-01,8.253385e+00
1751,3.506570e-18,-1.797170e-05,4.296758e-05,5.440178e-04,1.234151e-01,1.231176e-01,7.679299e+00
1752,4.484698e-18,-1.792673e-05,3.984049e-05,5.485079e-04,8.310056e-02,2.188447e-02,1.210172e+01
1753,3.057900e-18,-3.900444e-06,3.905840e-05,5.435077e-04,-2.015958e-01,-8.350176e-02,5.788486e+00
1754,5.915516e-18,-9.105097e-06,3.360817e-05,5.363438e-04,4.304019e-01,-1.251666e+00,4.012176e+00
1755,5.641315e-17,-2.279850e-06,4.416957e-05,5.097964e-04,2.200470e+00,-1.675435e+00,2.719610e+01
1756,5.178736e-17,1.531512e-05,2.755784e-05,5.207691e-04,-2.580826e-01,8.876821e-01,7.577929e+00
1757,2.205783e-17,2.286444e-05,5.147447e-05,5.125488e-04,2.843234e+00,-9.579461e-01,1.791610e+01
1758,4.670971e-18,4.683362e-06,3.515011e-05,5.188485e-04,-8.848255e-03,4.148807e-01,6.828795e+00
1759,3.087352e-18,4.681521e-06,4.921616e-05,5.015377e-04,2.178598e-01,2.673066e-02,3.647469e+00
1760,1.102362e-17,2.205653e-05,2.421564e-05,5.207588e-04,2.663875e-02,-1.039432e-01,8.432152e+00
1761,3.039837e-18,7.138925e-09,3.515349e-05,5.023053e-04,9.086845e-02,5.285168e-02,9.217872e+00
1762,4.084450e-18,4.663843e-06,4.706637e-05,5.246698e-04,5.398404e-02,3.056851e-01,7.640131e+00
1763,5.849194e-17,6.971103e-06,3.638792e-05,5.033726e-04,-1.308759e+00,-6.425391e-01,6.090072e+00
1764,8.391221e-18,5.467139e-06,2.470089e-05,5.034639e-04,-2.489499e-01,3.865097e-02,3.589071e+00
1765,2.076042e-17,8.178349e-06,2.949584e-05,5.093518e-04,-6.839057e-01,9.751418e-02,4.199454e+00
1766,2.129879e-17,4.713015e-06,4.864702e-05,5.119145e-04,-9.095244e-02,-8.348046e-01,4.875110e+00
1767,2.407381e-17,6.154128e-06,3.913767e-05,5.166828e-04,4.400382e-01,-2.983867e-01,2.498134e+00
1768,5.192883e-18,1.137256e-05,4.062086e-05,5.060433e-04,-1.529974e-01,6.833106e-02,1.251167e+00
1769,5.077911e-17,1.913499e-05,2.840314e-05,5.342113e-04,2.603777e+00,-3.293501e-01,6.272325e+00
1770,4.421996e-18,4.686342e-06,3.515174e-05,5.395340e-04,-1.347192e-01,-5.964329e-02,1.055821e+01
1771,4.371619e-18,4.684589e-06,3.515951e-05,5.476494e-04,9.604403e-03,3.936869e-02,1.280823e+01
1772,3.064623e-18,1.641119e-05,2.500469e-05,5.479463e-04,-2.220407e-02,-3.681258e-01,9.493209e+00
1773,6.578202e-18,2.353140e-06,4.182479e-05,5.345159e-04,-1.130870e-01,4.027175e-01,3.964838e+00
1774,2.212608e-18,1.635567e-05,2.495741e-05,5.310451e-04,-1.627021e-01,-7.071359e-02,4.601725e+00
1775,3.028318e-18,5.480847e-06,4.765774e-05,5.366094e-04,-1.304098e-01,8.666730e-02,-1.505483e+00
1776,1.300569e-17,-1.715942e-05,4.505099e-05,5.003782e-04,-3.450091e-01,-6.133056e+00,3.234298e+01
1777,6.832445e-17,-9.836501e-06,4.817595e-05,5.102754e-04,-9.862584e-01,-8.656305e-01,1.736747e+01
1778,9.289906e-17,-1.615372e-05,4.868901e-05,5.149304e-04,-2.592680e-01,-7.964648e-01,5.691221e+00
1779,1.831186e-16,-9.918307e-06,3.078603e-05,5.105532e-04,-4.849656e-01,7.887037e-01,7.102690e+00
1780,2.306396e-18,-6.988098e-06,4.058361e-05,5.137228e-04,-4.004867e-02,4.228820e-02,6.508139e+00
1781,8.466526e-18,-1.310839e-05,3.814016e-05,5.044727e-04,-2.071832e-01,-2.249886e+00,4.414759e+00
1782,4.876317e-18,-1.499663e-05,3.986774e-05,5.087983e-04,1.086639e+00,-3.979959e-02,4.806411e+00
1783,1.214868e-18,-2.263937e-05,4.450118e-05,5.020416e-04,-5.125142e-01,7.809902e-03,-1.267639e+00
1784,8.647936e-17,7.578454e-06,1.660130e-05,5.487295e-04,-1.342632e+00,-1.156229e-01,1.240891e+01
1785,2.923398e-17,1.367000e-05,9.179310e-06,5.263395e-04,-1.475953e+00,3.435603e-01,6.750276e+00
1786,1.368899e-17,5.428834e-06,1.851960e-05,5.321000e-04,-2.416778e+00,-1.873557e+00,8.635217e+00
1787,1.416509e-16,1.342436e-05,8.750058e-06,5.258513e-04,-1.572554e+00,1.006672e-01,6.752902e+00
1788,2.949053e-18,2.188344e-05,2.339370e-06,5.362204e-04,4.876265e-01,-2.883588e-02,4.140289e+00
1789,2.973279e-18,3.124566e-06,1.563095e-06,5.289082e-04,2.330929e-01,-1.134699e-01,3.471569e-01
1790,2.214519e-17,4.336268e-06,2.116643e-05,5.136264e-04,1.952405e+00,-1.646266e+00,4.379705e+00
1791,5.186135e-18,2.265261e-05,1.015395e-05,5.187884e-04,2.225576e-01,4.464134e-01,5.453817e+00
1792,6.860869e-18,2.109068e-05,1.796210e-05,5.072946e-04,-1.246878e-01,6.878609e-02,4.544416e+00
1793,1.572078e-17,9.585902e-06,1.345689e-05,5.039518e-04,-1.266245e+00,-2.069425e-01,3.206792e+00
1794,4.432596e-18,2.791359e-06,2.188514e-05,5.169329e-04,1.808621e+00,1.102947e-01,2.651684e+00
1795,2.933631e-17,4.907278e-06,2.399041e-06,5.129236e-04,-6.145233e-01,-6.813615e-01,2.179713e+00
1796,3.046935e-18,1.094107e-05,8.594629e-06,5.068995e-04,1.575658e-01,-4.676582e-02,5.067292e-01
1797,3.784057e-18,5.465867e-06,8.592368e-06,5.210348e-04,-6.028080e-03,-6.963997e-03,1.161858e+00
1798,5.440321e-18,-9.921986e-05,-2.635116e-10,4.988338e-04,3.585204e-01,-1.670600e-01,1.138682e+01
1799,4.176477e-17,-8.776922e-05,-1.355326e-05,5.009415e-04,-1.210364e-03,6.326310e-01,1.074428e+01
1800,8.052899e-18,-9.251096e-05,-1.421018e-05,4.974557e-04,5.043066e-01,-6.043555e-01,6.354458e+00
1801,1.586005e-17,-8.333629e-05,-2.181554e-05,4.849103e-04,-2.652059e+00,-2.160456e+00,8.167640e+00
1802,1.708189e-18,-8.757453e-05,-6.099343e-06,4.795050e-04,-1.705178e-01,2.963185e+00,1.292954e+00
1803,1.736986e-17,-7.990591e-05,-1.576632e-05,4.961924e-04,-1.531237e+00,-8.709661e-01,7.225159e+00
1804,5.313690e-19,-8.750878e-05,-1.210958e-05,4.895452e-04,-1.284141e-01,7.204786e-01,5.052910e+00
1805,5.961457e-18,-7.812093e-05,-1.172963e-05,4.981000e-04,-1.779178e-01,3.923715e-01,4.928355e+00
1806,2.846992e-18,-8.749431e-05,-5.499287e-06,4.884382e-04,-6.080931e-01,6.228197e-01,4.245093e+00
1807,1.514007e-18,-8.147891e-05,-1.464375e-05,4.986960e-04,-4.803839e-01,-2.110445e-01,4.157479e+00
1808,1.835521e-18,-9.145269e-05,-1.803918e-05,4.987940e-04,1.325252e+00,9.239025e-02,3.382729e+00
1809,2.410732e-18,-8.037174e-05,-1.959348e-05,4.789002e-04,9.013668e-03,1.814827e+00,4.473020e+00
1810,2.825220e-17,-1.220444e-04,-1.794925e-05,4.915623e-04,-1.163525e+00,-2.309861e+00,1.191489e+01
1811,3.145702e-18,-1.226557e-04,-1.097458e-05,4.992546e-04,-3.272332e-01,3.079085e+00,9.094184e+00
1812,4.949481e-17,-1.192700e-04,-1.146572e-05,4.915897e-04,2.010004e+00,-4.175072e-01,6.002580e+00
1813,5.977295e-17,-1.049333e-04,-8.486531e-06,4.846918e-04,1.778980e+00,-8.546474e-01,8.361066e+00
1814,8.776843e-17,-1.071776e-04,-1.806453e-07,4.962117e-04,1.121159e-01,-2.096945e+00,3.399833e+00
1815,9.614913e-18,-1.202972e-04,5.124365e-09,4.890531e-04,1.983116e-01,-2.895182e-01,7.066619e+00
1816,6.474102e-18,-1.101914e-04,-1.260532e-05,4.990864e-04,-6.213696e-01,-8.224249e-01,9.536795e+00
1817,1.174096e-18,-1.226793e-04,-1.557597e-05,4.856256e-04,-2.424603e-01,1.627108e+00,7.384995e+00
1818,1.976214e-18,-1.102248e-04,-1.334876e-05,4.931329e-04,4.013340e-01,-1.342607e-01,7.037735e+00
1819,2.038797e-18,-1.119043e-04,-1.561705e-05,4.900528e-04,2.046218e-01,1.701421e-01,-2.010052e+00
1820,1.719908e-17,-1.166066e-04,-1.471079e-05,4.797422e-04,-6.174452e-01,9.119554e-01,-4.346710e-01
1821,2.228640e-17,-1.179270e-04,-3.868019e-06,4.872122e-04,2.040060e-01,-9.552958e-03,2.464054e+00
1822,2.532536e-17,-1.057204e-04,-1.235053e-05,4.811125e-04,-4.663230e-01,3.913517e+00,5.802559e+00
1823,3.858580e-18,-1.226877e-04,-1.357132e-05,4.840811e-04,-6.608251e-02,2.324119e+00,8.253785e+00
1824,7.788635e-18,-1.109356e-04,-5.477647e-06,4.943696e-04,-7.129842e-02,2.233829e-01,5.034194e+00
1825,7.249062e-18,-1.203561e-04,-1.742195e-05,4.871842e-04,2.259176e-01,-4.470021e-01,1.371051e+01
1826,3.401224e-18,-1.195083e-04,-1.093874e-05,4.820917e-04,-1.034545e+00,-7.109679e-01,3.177175e+00
1827,4.189247e-18,-1.097463e-04,-2.357007e-06,4.921919e-04,4.871827e-01,-3.398489e-01,3.046582e+00
1828,4.302628e-19,-1.238224e-04,-1.523854e-05,4.910791e-04,-1.782378e-01,-9.917885e-01,6.846782e+00
1829,1.159461e-18,-1.058589e-04,-1.289084e-05,4.770312e-04,-2.106665e-01,1.150254e+00,8.173268e+00
1830,1.934511e-18,-1.204514e-04,-1.562287e-05,4.791153e-04,-1.591631e+00,-3.876620e-01,1.245391e+00
1831,3.941670e-18,-1.234173e-04,-1.591729e-06,4.890583e-04,-2.113524e-01,6.841395e-02,2.723950e+00
1832,4.727949e-18,-1.211559e-04,-1.561071e-05,4.759712e-04,-4.477755e-02,-1.349104e-02,6.266989e-01
1833,1.703740e-18,-1.102299e-04,-1.334990e-05,4.839420e-04,-8.290676e-02,-2.955388e-02,2.663622e+00
1834,2.022109e-18,-1.101169e-04,-1.310339e-05,4.791115e-04,3.318216e-01,-1.530780e-01,8.599286e-01
1835,1.143805e-17,-1.096358e-04,1.276002e-05,5.000495e-04,-5.986261e-01,-1.283696e+00,1.192404e+01
1836,5.290954e-17,-9.465394e-05,2.321264e-05,4.967095e-04,1.059129e-01,2.292411e+00,7.829231e+00
1837,8.050662e-17,-1.093657e-04,1.295251e-05,5.001617e-04,-4.517632e-01,-1.379202e+00,1.175499e+01
1838,3.632791e-17,-1.072291e-04,7.139847e-06,4.860547e-04,4.062295e-01,1.472644e+00,9.945102e+00
1839,2.110821e-17,-8.684432e-05,1.193253e-05,4.884502e-04,-9.183103e-01,1.961907e-01,1.884871e+01
1840,1.319667e-17,-9.051195e-05,1.667462e-05,5.001724e-04,-1.017856e+00,1.417717e-01,4.039056e+00
1841,6.879743e-18,-9.301313e-05,1.426109e-05,4.904302e-04,-7.564949e-03,6.951444e-02,-2.721829e+00
1842,2.937546e-17,-9.194505e-05,2.263935e-05,4.822654e-04,-1.787082e+00,2.794516e+00,3.267948e+00
1843,5.940091e-17,-8.738837e-05,4.623221e-06,5.021756e-04,2.895739e-01,-7.730451e-01,6.244133e+00
1844,3.440369e-18,-9.218614e-05,2.139104e-06,4.929224e-04,-1.261031e-02,8.544370e-01,4.850254e+00
1845,3.096460e-17,-9.696451e-05,1.883926e-05,4.867816e-04,1.270932e+00,8.337421e-01,4.574768e+00
1846,8.653981e-18,-7.690609e-05,1.375467e-05,4.928720e-04,1.521353e+00,2.169340e-01,2.990840e+00
1847,3.427384e-18,-9.765543e-05,4.687806e-06,4.914824e-04,-6.295231e-02,-1.951110e-01,4.710540e+00
1848,1.404426e-17,-8.061107e-05,1.466123e-05,4.851178e-04,-1.413724e-01,-3.232175e-01,3.686901e+00
1849,1.658601e-17,-9.670024e-05,2.222702e-05,4.838783e-04,1.064667e+00,-1.651961e-01,5.768951e+00
1850,3.621289e-18,-8.824525e-05,7.778656e-06,4.905846e-04,-4.193305e-01,-7.163942e-01,4.449085e+00
1851,1.955300e-17,-9.919964e-05,2.055065e-05,5.025510e-04,-1.308398e+00,4.305714e-01,7.070882e+00
1852,1.675227e-17,-9.886613e-05,7.215772e-06,4.997921e-04,-2.985443e-01,-1.709145e+00,1.819885e+00
1853,2.540785e-18,-9.531559e-05,1.242641e-05,4.907686e-04,9.690344e-01,7.160581e-02,2.117075e+00
1854,1.395813e-18,-7.656477e-05,1.250519e-05,4.824968e-04,-1.097681e-01,-1.520324e-01,-1.936534e+00
1855,3.115632e-18,-1.000083e-04,2.041320e-05,4.843756e-04,-7.782087e-01,-6.722902e-01,6.394545e+00
1856,2.204435e-17,-8.601128e-05,2.412039e-05,4.975425e-04,4.626425e-02,-1.745869e-02,-2.683810e-02
1857,2.560141e-17,-1.044773e-04,1.660633e-05,4.954646e-04,2.294973e+00,1.858181e+00,1.551522e+01
1858,2.384065e-18,-1.070336e-04,1.637468e-05,4.899373e-04,7.332421e-01,3.310213e-01,1.280637e+01
1859,3.768478e-17,-1.109744e-04,1.908418e-05,4.909384e-04,1.383824e+00,1.966689e+00,1.021440e+01
1860,4.840585e-17,-1.162169e-04,1.334678e-05,4.873772e-04,1.670421e+00,9.708863e-01,1.019275e+01
1861,1.507481e-18,-1.046929e-04,1.406583e-05,4.910855e-04,2.298295e-02,-3.839492e-02,1.093692e+01
1862,4.115773e-18,-1.046863e-04,1.406530e-05,4.880031e-04,-1.221329e-01,-1.737651e-01,9.800024e+00
1863,4.722247e-18,-1.093451e-04,1.409470e-05,4.842116e-04,-8.182280e-01,-4.523062e-01,4.245919e+00
1864,1.920665e-17,-1.038955e-04,2.154106e-05,4.784577e-04,-6.075600e-01,6.715273e-01,1.719788e+00
1865,3.946806e-18,-1.227018e-04,1.406377e-05,4.959790e-04,9.547677e-02,-1.320256e-03,1.593623e+00
1866,4.828996e-18,-1.074226e-04,1.671020e-05,4.832213e-04,7.267636e-01,3.798057e-01,7.799553e+00
1867,4.722834e-18,-1.086102e-04,8.577000e-06,4.935652e-04,2.826667e-01,5.860636e-01,7.733486e-01
1868,1.856125e-18,-1.115503e-04,1.613206e-05,4.935919e-04,4.660414e-01,-6.928614e-01,3.897786e+00
1869,2.011270e-18,-1.071827e-04,5.288416e-06,4.781133e-04,-4.538274e-01,8.257435e-01,5.870622e+00
1870,5.314569e-18,-1.187844e-04,1.333193e-05,4.751928e-04,-7.359942e-01,1.033770e+00,-7.522134e-01
1871,1.768979e-18,-1.046333e-04,1.400127e-05,4.828274e-04,-4.395108e-01,6.314235e-02,5.410475e+00
1872,3.659109e-18,-1.046595e-04,1.402662e-05,4.792154e-04,1.041709e-01,-3.594606e-01,4.675640e+00
1873,2.021318e-18,-1.132848e-04,1.787526e-05,4.787781e-04,-4.196871e-01,7.582666e-02,2.360006e+00
1874,3.483234e-18,-1.039017e-04,1.008847e-05,5.021851e-04,1.179219e-01,-1.934245e-01,2.253585e-01
1875,3.317607e-17,9.545986e-05,4.296270e-06,5.380857e-04,1.720864e+00,-1.293444e+00,1.036980e+01
1876,1.870298e-17,8.687453e-05,-1.815426e-06,5.455382e-04,-5.787262e-01,-3.004485e+00,1.492721e+01
1877,1.392402e-18,9.296916e-05,1.250878e-05,5.396265e-04,1.717897e-01,1.382094e-02,6.191144e+00
1878,4.733777e-18,8.593089e-05,7.028251e-06,5.272499e-04,3.611212e-01,8.420393e-01,9.257819e+00
1879,2.614316e-18,8.358854e-05,1.563102e-06,5.266711e-04,-4.561300e-02,4.447775e-02,4.728361e+00
1880,4.558510e-18,8.593880e-05,1.484515e-05,5.441012e-04,1.343976e-01,-5.418390e-02,4.540937e+00
1881,7.191666e-18,9.585874e-05,3.114025e-06,5.493362e-04,1.234977e+00,-9.534746e-02,1.043804e+01
1882,1.114252e-18,9.765382e-05,1.094640e-05,5.315710e-04,-9.459409e-02,-2.689729e-02,3.532912e+00
1883,3.896972e-18,8.608625e-05,1.484231e-05,5.275993e-04,-2.900087e-02,4.107710e-02,4.387957e+00
1884,1.366466e-18,8.982995e-05,9.379092e-06,5.410874e-04,-1.130798e-02,-1.106711e-03,1.347462e+00
1885,3.210957e-17,1.116176e-04,1.124812e-05,5.259199e-04,4.385918e-01,-5.107356e-01,6.796058e+00
1886,4.089268e-17,1.062707e-04,1.063120e-05,5.455306e-04,-1.260791e-01,7.271973e-01,7.636154e+00
1887,2.773815e-17,1.056007e-04,7.786017e-06,5.278883e-04,1.459548e+00,-4.057746e-01,8.766333e+00
1888,2.303664e-17,1.023140e-04,1.397216e-05,5.412415e-04,-6.135093e-01,-6.782773e-01,4.554193e+00
1889,1.796723e-18,1.186320e-04,2.187624e-05,5.442898e-04,-5.337614e-02,2.531952e-03,2.072836e+00
1890,2.487682e-18,1.195327e-04,1.562513e-06,5.449312e-04,-7.518928e-02,-6.896082e-02,-2.414293e-02
1891,1.814874e-17,1.046177e-04,1.265055e-05,5.063838e-04,-8.536753e-02,-1.561100e+00,1.006433e+01
1892,5.061601e-17,1.132324e-04,7.044171e-06,5.142001e-04,-8.247981e-01,-4.684459e-01,4.275495e+00
1893,3.089169e-18,1.008238e-04,8.559083e-06,5.197634e-04,1.098435e+00,6.009547e-01,7.173925e+00
1894,4.940356e-17,1.076272e-04,1.881985e-05,5.177382e-04,2.350460e-01,1.506932e-01,4.592768e+00
1895,2.657680e-18,1.070246e-04,8.593221e-06,5.162132e-04,-1.909358e-01,2.514269e-01,4.527137e+00
1896,8.884747e-18,1.155810e-04,1.832672e-05,5.104544e-04,2.187710e-01,-8.802965e-01,3.668012e+00
1897,3.104658e-17,7.743861e-05,6.852700e-06,5.107714e-04,-2.285906e+00,-5.748767e-01,1.098047e+01
1898,1.467878e-17,9.301232e-05,1.213402e-05,5.154929e-04,-1.285300e-01,-3.056257e-01,6.849225e+00
1899,3.159703e-17,9.580084e-05,5.152636e-06,5.233382e-04,-1.916239e-01,3.109441e-01,9.288464e+00
1900,3.540386e-18,9.297619e-05,1.243044e-05,5.235475e-04,3.372746e-02,2.681846e-02,4.432011e+00
1901,3.070157e-18,8.906209e-05,1.328042e-05,5.085565e-04,-1.619827e-01,-4.414101e-01,4.677743e+00
1902,2.402250e-18,9.692032e-05,3.177536e-06,5.045380e-04,1.517747e-01,1.385301e-01,3.515272e+00
1903,3.409606e-17,9.352946e-05,2.055012e-06,5.071460e-04,3.932216e-01,9.477563e-01,2.219696e+00
1904,1.815384e-18,8.442379e-05,9.321914e-06,5.187509e-04,-8.498194e-02,-1.165941e-01,1.740578e+00
1905,4.858518e-18,8.340500e-05,-7.512897e-06,5.363470e-04,-1.682449e+00,-1.523385e+00,1.498148e+01
1906,1.453896e-17,9.053150e-05,-2.110183e-05,5.304609e-04,-3.956668e+00,-5.050935e-01,1.053213e+01
1907,9.808957e-18,8.464142e-05,-5.474979e-06,5.297678e-04,-1.892476e-01,1.063580e-02,1.892475e+01
1908,1.423259e-16,9.434084e-05,-4.950202e-06,5.320703e-04,4.882317e-01,-4.968083e-01,3.992036e+00
1909,2.680292e-18,8.358950e-05,-1.874544e-05,5.494403e-04,2.615359e-01,-5.953312e-02,9.547706e+00
1910,3.384445e-18,8.359254e-05,-1.874569e-05,5.327644e-04,1.086112e-01,4.999325e-01,4.264045e+00
1911,2.893040e-18,9.610323e-05,-6.253118e-06,5.268595e-04,8.145985e-02,-8.676694e-02,8.907698e+00
1912,2.641313e-17,8.495645e-05,-3.871539e-06,5.079421e-04,4.731976e-01,1.410318e-01,1.475938e+01
1913,1.189817e-18,7.877935e-05,-1.579911e-05,5.104798e-04,5.085396e-01,-3.386408e+00,1.848553e+01
1914,3.737868e-18,8.515313e-05,-5.467200e-06,5.153934e-04,1.238112e+00,-9.033164e-01,1.285565e+01
1915,4.855871e-17,8.500243e-05,-6.285703e-06,5.157443e-04,7.991517e-01,-8.786997e-01,1.305989e+01
1916,1.843053e-17,9.456240e-05,-2.478686e-06,5.091608e-04,-3.046724e+00,3.536817e+00,1.406546e+01
1917,1.960186e-18,9.631118e-05,-3.629458e-06,5.045092e-04,-1.540055e+00,2.825087e+00,1.432445e+01
1918,2.518575e-19,2.050784e-04,1.679683e-05,4.778194e-04,-2.190719e-01,6.261068e-01,7.602257e+00
1919,5.074725e-17,2.029774e-04,6.454669e-06,4.814941e-04,-1.759834e-01,-7.734508e-01,2.184818e+00
1920,2.933083e-19,2.011714e-04,-7.421532e-06,4.770514e-04,2.195541e+00,-6.627714e-01,-6.186810e-01
1921,2.012522e-17,2.067975e-04,-1.632201e-05,4.798632e-04,-1.352402e+00,-1.569569e-01,2.957906e+00
1922,2.410118e-19,2.191408e-04,-1.289151e-05,4.778330e-04,-1.341986e+00,2.872981e-01,1.501373e+00
1923,2.904207e-17,2.132962e-04,1.445859e-05,4.970066e-04,-4.522189e-01,-6.324668e-01,1.169287e+01
1924,6.796170e-17,2.040419e-04,1.581068e-05,4.814206e-04,-2.535287e-01,-5.201442e-01,5.348520e+00
1925,1.609924e-17,2.104009e-04,8.271282e-06,5.015975e-04,-5.028255e-01,-1.735613e+00,1.734378e+01
1926,1.328909e-16,2.073799e-04,6.933525e-06,4.926492e-04,-1.732732e+00,1.039623e+00,8.766679e+00
1927,5.286208e-17,2.199744e-04,-1.307585e-07,4.841652e-04,-1.555950e+00,9.561680e-01,1.342330e+00
1928,5.230742e-18,2.078142e-04,8.571158e-06,4.862808e-04,-2.398231e-01,4.649200e-01,1.150629e+01
1929,2.527469e-19,2.144527e-04,1.601683e-05,4.949939e-04,-1.055847e-01,-6.467943e-01,1.385677e+01
1930,1.552301e-18,2.140631e-04,1.564947e-05,4.910979e-04,-1.564192e-01,6.469315e-01,1.014230e+01
1931,2.845620e-18,2.140716e-04,1.570736e-05,4.873354e-04,-1.388123e-02,7.952911e-01,7.932080e+00
1932,1.027110e-18,2.210934e-04,8.582972e-06,5.012074e-04,-2.087145e-03,-6.397256e-02,3.036110e-01
1933,1.617257e-18,2.140794e-04,1.601504e-05,4.832676e-04,-4.183303e-01,4.354756e-01,6.536486e+00
1934,1.699989e-18,2.078769e-04,4.966965e-06,4.876780e-04,-4.139298e-01,1.282562e+00,1.225901e+01
1935,3.875690e-18,2.140857e-04,1.566376e-05,4.792676e-04,1.541557e-01,-2.346518e-01,5.527505e+00
1936,2.558094e-18,2.062498e-04,2.460906e-05,4.833817e-04,-2.542127e-02,-1.813578e-02,-2.606152e-01
1937,2.447215e-19,2.207033e-04,1.171542e-06,4.762745e-04,1.840815e+00,1.502439e+00,-1.451323e+00
1938,5.686793e-19,2.050767e-04,1.757746e-05,4.751193e-04,-2.817789e+00,2.085055e-01,3.980178e+00
1939,5.539771e-19,2.058596e-04,1.757785e-05,4.735045e-04,-2.489612e+00,8.977566e-01,2.159705e+00
1940,2.725995e-19,2.050770e-04,1.757731e-05,4.723661e-04,-6.942627e-03,1.762637e-03,6.664268e-01
1941,1.202764e-18,2.187438e-04,-1.132760e-05,4.742564e-04,-6.428259e-01,6.014896e-01,-3.532657e+00
1942,1.111878e-16,2.105718e-04,-2.356450e-05,4.961616e-04,-7.960778e-03,-1.009313e-01,-6.683219e-02
1943,7.097105e-18,2.035556e-04,-1.015464e-05,4.986281e-04,-1.456667e+00,1.136781e+00,7.679326e+00
1944,1.398171e-18,2.140619e-04,-7.029209e-06,4.832920e-04,-4.199360e-02,-2.845591e-01,-4.875887e+00
1945,2.957611e-18,2.156274e-04,-1.639701e-05,4.851789e-04,-1.617210e-01,4.087746e-01,-2.235027e+00
1946,4.891872e-19,2.019549e-04,-1.796793e-05,4.981168e-04,-7.220982e-02,2.417980e-02,-2.682124e+00
1947,2.249363e-18,2.149317e-04,-1.491129e-05,4.812449e-04,-3.266659e-01,-8.804096e-01,-1.667665e+00
1948,7.574594e-18,2.117203e-04,-3.131821e-06,4.971416e-04,-1.796650e-02,-1.266263e-01,4.177848e+00
1949,1.169649e-17,2.076542e-04,-5.466067e-06,5.016553e-04,3.583750e-01,-2.106373e-02,7.617162e+00
1950,1.950400e-17,2.193519e-04,-1.418162e-05,4.820139e-04,9.176230e-02,-4.006323e-01,4.782032e+00
1951,4.619931e-18,2.055303e-04,-1.015776e-05,4.952709e-04,-2.330368e-01,7.006419e-02,9.052944e+00
1952,1.269217e-18,2.070267e-04,-1.014282e-05,4.848464e-04,5.437720e-01,1.200916e-01,1.089856e+00
1953,2.795627e-18,2.195349e-04,-3.124449e-06,5.016955e-04,-1.327346e-01,-7.419780e-02,5.424027e+00
1954,2.983137e-18,2.195313e-04,-3.124252e-06,4.977778e-04,2.541458e-02,1.080476e-01,5.833646e+00
1955,2.821253e-17,-1.093706e-05,-1.921985e-04,5.428865e-04,-1.073906e-03,2.803806e-01,7.879353e+00
1956,3.149912e-17,1.789828e-05,-1.862619e-04,5.288763e-04,1.893791e+00,-1.437706e+00,9.538238e+00
1957,8.838840e-17,-1.093510e-05,-1.923017e-04,5.429210e-04,3.689875e-02,2.048689e-01,7.771723e+00
1958,2.780987e-17,1.259493e-05,-1.839550e-04,5.491887e-04,-5.563972e-01,9.801291e-01,1.152928e+01
1959,8.626032e-18,5.470224e-06,-1.925977e-04,5.480365e-04,1.020223e-02,-2.497887e+00,1.221110e+01
1960,6.672191e-18,-1.015558e-05,-1.816935e-04,5.396067e-04,-2.277818e-02,-9.815189e-03,4.811176e+00
1961,5.089894e-18,-2.191795e-05,-1.921886e-04,5.318444e-04,3.912052e-02,6.043385e-02,2.449003e+00
1962,4.429896e-18,-1.797687e-05,-1.874911e-04,5.454951e-04,2.429653e-02,2.504039e-01,1.919469e+00
1963,6.231899e-18,1.225914e-05,-1.921882e-04,5.398968e-04,2.776179e+00,4.797024e-03,6.073318e+00
1964,4.846117e-18,7.025541e-06,-1.835889e-04,5.402704e-04,-4.592339e-01,-5.992144e-04,6.314021e+00
1965,4.460908e-18,5.442494e-06,-1.835747e-04,5.273911e-04,2.227533e-01,-3.455207e-01,4.342656e+00
1966,1.239049e-16,1.252831e-05,-1.730156e-04,5.186926e-04,3.502038e-01,-2.239826e-01,6.306978e+00
1967,1.892593e-17,3.296644e-06,-1.687920e-04,5.228749e-04,1.892184e-01,-5.624067e-01,6.668139e+00
1968,2.318409e-19,8.983568e-06,-1.535155e-04,5.181070e-04,3.716409e-01,1.550612e-01,8.135556e+00
1969,8.680488e-18,2.923513e-06,-1.656958e-04,5.080337e-04,1.305700e+00,2.670501e-01,2.764497e+01
1970,3.864573e-18,1.010887e-05,-1.640634e-04,5.122290e-04,3.358992e-01,6.575195e-04,-7.869966e-01
1971,1.232440e-17,3.073033e-06,-1.656358e-04,5.010554e-04,-8.979564e-01,1.346216e+00,2.159481e+01
1972,2.463197e-17,7.833703e-06,-1.528672e-04,5.043720e-04,-5.426586e-01,-2.387017e+00,2.239438e+00
1973,1.255427e-18,8.602651e-06,-1.664089e-04,5.165773e-04,4.668280e-01,3.278168e-01,2.369487e+00
1974,4.071988e-18,1.325348e-05,-1.595416e-04,5.055342e-04,-1.187953e+00,7.371863e-01,2.982921e+00
1975,1.963549e-16,-5.604505e-06,-1.810201e-04,5.121522e-04,8.137053e-01,5.917302e-01,6.962439e+00
1976,1.123914e-17,-1.306742e-06,-1.893257e-04,5.107847e-04,-6.968468e-01,-1.427998e+00,1.008853e+01
1977,8.475588e-17,-1.356312e-06,-1.893117e-04,5.109605e-04,-7.359272e-01,-1.456695e+00,9.961367e+00
1978,1.547559e-17,3.024612e-06,-1.914697e-04,5.171203e-04,7.874291e-01,-1.776895e+00,1.005733e+01
1979,3.801392e-17,6.660160e-06,-1.880765e-04,5.063576e-04,-1.369047e+00,-6.896749e-01,7.741282e+00
1980,1.453117e-18,6.259774e-06,-1.843913e-04,5.241483e-04,3.843843e-01,-3.197624e-01,7.703305e+00
1981,8.439586e-18,5.374016e-06,-1.844133e-04,5.198924e-04,-8.154456e-01,1.022157e-01,9.685912e+00
1982,3.650263e-18,1.171739e-05,-1.875018e-04,5.173649e-04,-1.326422e-01,4.657954e-02,3.489815e+00
1983,2.647526e-17,2.110425e-05,-1.875040e-04,5.144029e-04,-3.008977e-01,1.137005e+00,4.361894e+00
1984,3.511369e-18,1.405688e-05,-1.945301e-04,5.138991e-04,-6.406480e-01,6.961673e-02,-9.676939e-01
1985,3.739947e-18,-2.109119e-05,-1.835958e-04,5.093294e-04,-5.211362e-01,3.951330e-02,3.456667e+00
1986,5.343169e-17,-2.186673e-05,-1.832690e-04,5.093360e-04,-5.680117e-01,1.045953e-01,3.468231e+00
1987,3.934466e-17,-1.048890e-05,-1.889592e-04,5.088857e-04,-3.180849e-01,4.928619e-01,4.863931e+00
1988,8.591951e-18,-1.257093e-05,-1.820403e-04,5.219918e-04,-1.569952e-01,-5.911044e-01,4.407334e+00
1989,4.371787e-18,-1.093614e-05,-1.914083e-04,5.020297e-04,-6.863781e-02,2.291448e-01,4.716340e+00
1990,1.537356e-18,-1.538853e-06,-1.929405e-04,5.256541e-04,3.949917e-01,-4.331954e-01,3.175096e+00
1991,1.155828e-17,-2.026475e-05,-1.896004e-04,5.180341e-04,-3.782829e-01,-1.061461e-01,3.631797e+00
1992,7.545261e-18,-1.285928e-05,-1.781293e-04,5.112238e-04,2.849282e-01,-6.313839e-02,1.831240e+00
1993,3.814397e-18,-9.325700e-06,-1.953067e-04,5.075904e-04,-4.127846e-02,-2.823074e-02,1.247960e+00
1994,3.310577e-17,1.957155e-06,8.499819e-05,5.369753e-04,3.651183e-02,-3.445281e-02,8.562016e+00
1995,2.987818e-17,1.930359e-05,7.351365e-05,5.359714e-04,-1.835103e-01,5.734715e-01,1.247339e+01
1996,7.625432e-19,6.092321e-06,8.841875e-05,5.403017e-04,2.154962e-02,1.616095e+00,1.254302e+01
1997,2.341971e-17,6.176509e-06,8.254197e-05,5.387329e-04,-1.388307e-01,1.345262e+00,7.775742e+00
1998,2.774669e-17,8.482282e-06,9.116288e-05,5.491046e-04,8.202176e-01,2.795693e+00,2.064727e+01
1999,2.369929e-17,7.837565e-06,7.727024e-05,5.304862e-04,2.301537e-01,-8.526949e-01,8.339591e+00
2000,3.850333e-17,4.424610e-06,8.679703e-05,5.308233e-04,-5.100699e-01,-2.047259e+00,1.022504e+01
2001,5.645371e-18,1.018156e-05,9.767730e-05,5.487825e-04,-6.067358e-02,5.176455e-01,1.436590e+01
2002,1.066899e-17,5.712576e-06,9.619803e-05,5.465239e-04,-1.080807e+00,5.460780e-01,5.252785e+00
2003,6.601993e-18,1.875373e-05,9.761300e-05,5.455065e-04,3.571183e-01,3.298987e-01,6.479898e+00
2004,5.516739e-18,5.501035e-06,7.423303e-05,5.354061e-04,6.767738e-01,-1.285894e-01,4.904025e+00
2005,8.659373e-18,7.035625e-06,9.477107e-05,5.322459e-04,-8.359548e-03,1.193659e-01,6.122193e+00
2006,4.971275e-17,-1.582005e-06,7.482276e-05,5.326615e-04,3.450051e-01,3.056112e-01,4.708443e+00
2007,1.103581e-18,7.867080e-07,9.764665e-05,5.344237e-04,6.862704e-02,4.847676e-02,8.623517e-02
2008,1.113816e-18,1.016092e-05,8.438079e-05,5.461515e-04,-6.028326e-02,-1.524639e-02,1.479803e+00
2009,5.242137e-17,-1.641935e-05,9.379112e-05,5.435712e-04,-8.654227e-01,1.536223e+00,7.613616e+00
2010,1.317355e-17,-1.377148e-05,7.962308e-05,5.346379e-04,-8.977444e-03,3.893698e-02,6.360661e+00
2011,6.760545e-18,-2.330901e-05,9.687644e-05,5.476994e-04,-3.489910e+00,-2.125097e-03,1.630782e+01
2012,2.738130e-17,-1.098225e-05,7.576188e-05,5.327816e-04,6.870879e-01,4.114269e-01,6.459503e+00
2013,2.627730e-17,-9.937969e-06,9.289987e-05,5.465060e-04,9.027498e-01,3.213992e+00,7.074572e+00
2014,2.338859e-19,-5.867273e-06,7.538889e-05,5.322722e-04,-1.415706e-01,-2.332657e-01,6.632314e+00
2015,5.279152e-18,-1.014389e-05,8.339687e-05,5.338641e-04,-5.062836e-02,1.043018e+00,2.765268e+00
2016,5.194780e-17,1.773179e-05,6.756232e-05,5.041930e-04,-2.546667e-01,2.136350e+00,7.410847e+00
2017,6.965368e-17,1.012469e-05,6.083545e-05,5.416547e-04,-7.961275e-01,1.090114e+00,8.238319e+00
2018,9.543228e-18,5.554566e-06,7.262683e-05,5.208228e-04,1.609200e-01,-1.299216e-01,2.239571e+01
2019,2.234410e-17,2.164963e-05,5.592064e-05,5.085964e-04,1.586584e+00,3.373510e+00,2.019450e+01
2020,5.347674e-17,1.342098e-05,6.510839e-05,5.220818e-04,1.001487e-02,1.128419e+00,9.695899e+00
2021,1.304365e-17,5.540097e-06,7.445048e-05,5.120724e-04,2.416017e-01,-4.790576e-01,2.132618e+01
2022,2.789896e-18,6.210885e-06,7.028130e-05,5.267981e-04,-4.256338e-02,-3.099475e+00,2.539509e+01
2023,3.217554e-18,1.326830e-05,6.093925e-05,5.101063e-04,6.195036e-01,-4.761418e-01,8.191631e+00
2024,1.338483e-18,9.383072e-06,5.546237e-05,5.035281e-04,2.872058e-01,-3.937223e-02,-3.696386e+00
2025,6.184800e-18,3.880940e-06,7.228839e-05,5.146701e-04,-1.296294e+00,1.157308e+00,1.072290e+01
2026,1.535348e-17,9.069646e-07,6.859335e-05,5.146715e-04,-5.087412e-01,1.158266e+00,4.722665e+00
2027,3.920324e-18,1.556744e-05,7.187332e-05,5.137220e-04,1.512652e-01,1.207140e-01,6.163940e+00
2028,1.320068e-18,3.906386e-06,5.859196e-05,5.211156e-04,2.368432e-02,-1.124069e-01,2.689631e+00
2029,4.506920e-18,1.581249e-05,7.187783e-05,5.044680e-04,6.106675e-01,1.664768e-02,4.544505e+00
2030,4.666731e-18,9.689984e-06,5.859607e-05,5.154276e-04,-1.911527e+00,-4.766618e-02,3.279795e+00
2031,2.392407e-17,-7.097793e-06,6.258301e-05,5.302536e-04,9.761807e-01,7.196017e-01,1.572769e+01
2032,3.988391e-17,8.072632e-06,6.842251e-05,5.337894e-04,8.865712e-01,-4.312289e+00,2.965088e+01
2033,5.535096e-17,7.371090e-06,6.361343e-05,5.489529e-04,-5.883707e-02,-4.867286e-01,1.225799e+01
2034,7.104718e-18,5.472757e-06,5.546829e-05,5.326868e-04,7.930849e-01,1.273952e+00,8.368453e+00
2035,7.701677e-17,6.057661e-06,5.586860e-05,5.327775e-04,5.117656e-01,7.933056e-01,7.943774e+00
2036,4.441369e-18,2.456572e-05,7.215066e-05,5.366000e-04,1.424229e+01,-3.978998e-01,7.432879e+00
2037,2.927551e-18,9.372997e-06,7.109848e-05,5.464404e-04,-4.566452e-01,1.752062e-03,-1.828538e+00
2038,3.629123e-17,-3.670926e-06,5.802321e-05,5.485282e-04,-7.645444e-01,-1.339004e-01,8.720223e+00
2039,1.227642e-18,-3.902531e-06,5.390729e-05,5.264262e-04,6.503772e-02,-4.811202e-02,3.141072e+00
2040,3.866436e-18,-8.597267e-06,6.249977e-05,5.374891e-04,1.044870e-01,2.403667e-03,5.055250e+00
2041,1.241916e-18,-8.587639e-06,6.172007e-05,5.425075e-04,7.149245e-02,5.425660e-02,3.052363e+00
2042,1.016748e-18,-1.093626e-05,5.858496e-05,5.446804e-04,-1.156215e-01,-3.067640e-02,-3.300382e-01
2043,9.348426e-19,-1.562726e-05,5.195064e-05,5.457697e-04,1.039379e-01,1.465894e-01,1.049240e+00
2044,2.954506e-17,-8.748913e-06,6.497437e-05,5.060783e-04,-1.982143e-01,-1.630849e+00,4.546029e+00
2045,4.899105e-19,-1.485156e-05,7.148213e-05,5.066200e-04,1.307368e-01,-2.572912e-01,5.916577e-01
2046,2.950607e-17,-1.717233e-05,5.893931e-05,5.047343e-04,7.916852e-01,-7.014455e-01,1.555817e+00
2047,1.044107e-18,-7.017145e-06,5.390877e-05,5.119538e-04,4.555400e-02,-4.297904e-02,-9.786137e-01
2048,1.053755e-18,-2.354888e-06,6.482230e-05,5.165112e-04,-7.702596e-02,-1.137881e-02,1.222609e+00
2049,5.261171e-18,-2.340724e-06,7.265553e-05,5.023712e-04,2.340582e-02,-7.256411e-04,-5.915221e-02
2050,5.331707e-17,1.783436e-05,7.816168e-05,5.225810e-04,1.992511e-01,6.949012e-01,6.818573e+00
2051,2.817727e-17,1.827401e-05,9.142100e-05,5.047010e-04,-2.929440e-01,2.608163e-01,1.132368e+01
2052,2.588925e-18,5.472818e-06,7.730070e-05,5.038581e-04,3.998193e-01,3.924304e-01,1.369562e+01
2053,5.453870e-17,1.371108e-05,9.520907e-05,5.045790e-04,-3.181622e-01,1.359645e-01,6.673748e+00
2054,1.163114e-17,2.350046e-06,8.617452e-05,5.230914e-04,9.114288e-03,-1.043135e-02,1.518292e+01
2055,6.968674e-18,2.346065e-06,8.672186e-05,5.107185e-04,-5.745787e-01,4.821507e-01,1.062890e+01
2056,9.728103e-18,1.013785e-05,9.547190e-05,5.125149e-04,2.335455e-02,-1.107233e+00,8.292345e+00
2057,2.902769e-18,2.351688e-06,8.280195e-05,5.062541e-04,2.924305e-01,-8.542201e-02,1.207828e+01
2058,5.468310e-19,1.172292e-06,9.570250e-05,5.070089e-04,-1.047578e+00,5.202640e-01,-1.123539e+00
2059,1.527401e-17,4.632099e-06,9.805440e-05,5.069612e-04,1.513681e+00,3.318648e+00,3.211588e+00
2060,1.563537e-18,1.013922e-05,9.844041e-05,5.157533e-04,6.525882e-01,-2.512377e-01,5.779828e+00
2061,2.293502e-18,7.830599e-07,9.107695e-05,5.019745e-04,-3.441236e-01,1.361916e+00,2.618809e+00
2062,5.859949e-19,2.734193e-06,-1.035156e-04,4.743693e-04,-7.592680e+00,1.968440e+00,1.188768e+00
2063,1.119539e-18,6.639458e-06,-1.144531e-04,4.722664e-04,-2.387436e+00,-2.249139e+00,-7.104492e+00
2064,2.613921e-17,6.845721e-06,-1.067717e-04,4.785779e-04,2.307005e-01,-5.878782e-01,2.582030e+00
2065,6.483040e-19,6.640639e-06,-1.066406e-04,4.734846e-04,6.559673e-01,2.969716e-01,-1.657274e+00
2066,2.200796e-18,7.772334e-06,-1.258132e-04,4.960084e-04,2.335287e-01,4.419651e-01,5.555705e+00
2067,3.073281e-18,7.814587e-06,-1.257886e-04,4.836319e-04,-2.650385e-02,6.257841e-02,1.531618e+00
2068,1.247981e-18,-7.829014e-07,-1.148242e-04,4.902954e-04,2.867546e-02,-3.396944e-01,7.415210e+00
2069,5.616082e-18,1.094047e-05,-1.179365e-04,4.986516e-04,-3.860034e-02,-3.378261e-01,7.793552e+00
2070,2.290029e-17,1.695286e-06,-1.187675e-04,4.921327e-04,2.030630e+00,-1.913742e+00,8.133542e+00
2071,3.494277e-18,4.005038e-06,-1.116590e-04,4.923196e-04,-4.492616e+00,6.034934e-01,1.349424e+01
2072,2.942051e-17,2.405480e-05,-1.213174e-04,4.993256e-04,9.911909e-03,-5.397779e-02,-2.133119e-01
2073,3.074630e-18,7.794636e-07,-1.234343e-04,4.977364e-04,1.401242e-02,-5.874478e-02,-4.132139e-01
2074,2.983621e-18,-7.764165e-07,-1.148430e-04,4.844699e-04,-1.858505e-01,-2.525177e-01,5.517709e+00
2075,2.690298e-18,1.088239e-05,-1.211542e-04,4.822340e-04,1.072313e-01,-1.020355e+00,2.112218e+00
2076,5.004660e-18,1.819485e-05,-1.116246e-04,4.965727e-04,5.590462e-01,1.120697e+00,1.155993e+00
2077,1.602387e-18,5.367702e-06,-1.116183e-04,4.854900e-04,-3.050094e+00,-1.414348e-01,6.322241e+00
2078,8.002166e-19,5.862965e-06,-1.115983e-04,4.827480e-04,-1.568945e+00,5.868338e-01,5.121088e+00
2079,2.746450e-18,6.642913e-06,-1.117678e-04,4.802450e-04,-5.470580e-01,3.708006e-01,5.044007e+00
2080,3.466002e-18,3.214367e-06,-1.187505e-04,4.951144e-04,7.029829e-01,1.362189e-01,6.448912e-01
2081,3.870667e-18,2.460939e-05,-1.117210e-04,4.897522e-04,-3.492822e-02,1.964034e-02,-9.710049e-01
2082,1.267967e-16,-1.545540e-05,-1.177801e-04,4.971349e-04,-2.357003e-01,7.612108e-01,2.538399e+00
2083,6.762880e-17,-2.377409e-05,-1.196540e-04,4.931695e-04,-5.180895e-02,-2.893778e-03,-1.466292e-01
2084,1.616538e-17,-5.636519e-06,-1.255969e-04,4.829039e-04,-7.313740e-01,-1.309176e+00,2.504466e+00
2085,1.055597e-18,-1.488054e-05,-1.046910e-04,4.887491e-04,-4.027131e-02,2.509180e-02,-4.859079e-01
2086,1.902284e-16,-9.292691e-06,-1.544019e-04,4.939902e-04,-1.244994e+00,-7.969545e-02,9.542769e+00
2087,2.204510e-18,-9.378415e-06,-1.503910e-04,4.845437e-04,-4.678751e-02,9.333319e-01,3.911957e+00
2088,7.495508e-18,-1.495999e-05,-1.473591e-04,4.849274e-04,9.800939e-01,6.865320e-01,9.625965e+00
2089,1.337714e-16,-4.231257e-06,-1.306634e-04,4.864653e-04,4.839971e-01,5.450204e-01,2.315314e+00
2090,5.820304e-19,-1.211210e-05,-1.476464e-04,4.801644e-04,2.011681e+00,2.737438e+00,5.180991e+00
2091,3.852041e-17,-1.023121e-05,-1.424707e-04,4.801507e-04,2.423505e+00,-5.893786e-01,2.179041e+00
2092,8.435751e-19,3.907877e-07,-1.326812e-04,4.806803e-04,-3.252334e-01,-2.659164e+00,2.461540e-01
2093,3.899788e-18,-1.332076e-05,-1.414392e-04,4.911765e-04,-9.338228e-01,1.156360e-02,3.544530e+00
2094,4.215994e-18,-1.327632e-05,-1.281387e-04,4.957487e-04,1.710411e-01,-1.992292e-02,2.437933e+00
2095,2.121858e-18,-9.378299e-06,-1.349977e-04,4.822689e-04,-7.635492e-02,-5.571969e-01,3.530075e+00
2096,1.111627e-17,-9.289872e-06,-1.393768e-04,4.899653e-04,7.534392e-03,-6.674127e-02,3.136173e+00
2097,2.247907e-17,-3.936027e-06,-1.483065e-04,4.899322e-04,-5.964211e-01,-4.047060e-01,1.967517e+00
2098,1.704400e-18,-1.627081e-05,-1.497881e-04,4.946526e-04,-7.287642e-03,-1.969735e+00,1.849929e+01
2099,1.176232e-18,-1.641778e-05,-1.496091e-04,4.914268e-04,-1.880576e+00,-3.874789e-01,1.543083e+01
2100,5.838471e-18,-2.436681e-05,-1.429741e-04,4.865605e-04,-4.522126e-02,-3.595598e-02,-6.750787e-02
2101,8.687764e-17,2.366946e-05,-1.383039e-04,4.912716e-04,-1.690580e-02,-1.450602e-02,2.068328e-02
2102,7.940326e-17,1.671345e-05,-1.353715e-04,4.846873e-04,1.407367e+00,-5.929068e-01,7.921925e-01
2103,5.071409e-17,3.278173e-06,-1.277952e-04,4.945244e-04,4.207625e-01,1.146676e-01,5.117508e+00
2104,3.623820e-17,6.356104e-06,-1.381092e-04,4.810047e-04,-6.409952e-02,-1.954034e-01,-4.333358e-01
2105,2.496123e-18,7.814843e-06,-1.304518e-04,4.929709e-04,-6.679572e-02,1.968146e-01,-7.730777e-01
2106,2.198151e-18,2.168308e-06,-1.414043e-04,4.822517e-04,-8.464052e-01,3.780190e-01,-9.104198e-02
2107,2.570387e-17,2.397652e-06,-1.468775e-04,4.909105e-04,4.499985e-01,-4.587788e-01,4.366633e+00
2108,1.464605e-18,2.340700e-06,-1.414055e-04,4.941963e-04,-1.031144e-01,1.004014e-01,3.955303e+00
2109,7.703515e-18,1.732358e-05,-1.268788e-04,4.969906e-04,1.851250e-01,1.220905e+00,4.840607e-01
2110,1.349828e-17,7.581246e-06,-1.382949e-04,4.904820e-04,-7.907189e-01,-2.805334e-02,8.975672e-01
2111,8.362359e-19,2.204480e-06,-1.274859e-04,4.801730e-04,8.502240e-01,4.702863e-01,1.568250e-01
2112,2.861860e-17,1.065564e-05,-1.509347e-04,4.820606e-04,-2.667423e-01,-2.234618e-01,-5.791997e-01
2113,1.072136e-17,2.430659e-05,-1.398568e-04,4.984665e-04,-3.521607e-02,-7.953777e-03,-1.929836e-01
2114,7.261531e-18,-6.235008e-06,-1.672147e-04,4.780871e-04,8.909985e-01,-1.378217e+00,6.548473e-01
2115,3.217708e-18,7.269050e-07,-1.594357e-04,4.773034e-04,4.527057e-01,-6.429492e-01,3.452715e+00
2116,2.107632e-17,-3.731171e-06,-1.633729e-04,4.779839e-04,1.654498e-01,-6.193864e-01,2.464654e+00
2117,2.599900e-19,-3.514333e-06,-1.613280e-04,4.739277e-04,1.406153e+00,-3.156359e-01,-5.259359e-01
2118,3.116644e-19,-4.296196e-06,-1.613283e-04,4.731490e-04,2.438078e+00,-3.909371e-01,-6.372386e-01
2119,2.778432e-17,-1.341321e-05,-1.737678e-04,4.772170e-04,5.071583e-01,-7.746231e-01,1.159248e+00
2120,1.388107e-18,-1.275063e-05,-1.663720e-04,4.951968e-04,1.014442e+00,-1.465712e-01,1.410800e+01
2121,4.232792e-17,-1.300691e-05,-1.610996e-04,4.925636e-04,7.969889e-01,-6.876510e-01,5.134945e+00
2122,1.627246e-17,-1.146260e-05,-1.679930e-04,4.885091e-04,5.307131e-01,-1.053916e-01,1.265810e+01
2123,6.662579e-18,-1.522060e-05,-1.554744e-04,4.949830e-04,3.977193e-02,3.343263e-01,8.753448e+00
2124,1.972578e-17,4.210526e-07,-1.623095e-04,4.839850e-04,-9.809495e-01,-1.431867e+00,5.835688e+00
2125,2.641344e-19,-1.679909e-05,-1.574230e-04,4.879832e-04,5.329053e-02,8.257107e-01,4.094286e+00
2126,7.714686e-19,-1.342766e-05,-1.535152e-04,4.999474e-04,6.302864e-01,5.570149e-01,7.598850e+00
2127,2.433151e-19,-1.133121e-05,-1.699190e-04,4.825058e-04,-3.806482e-01,-1.023195e+00,7.798939e+00
2128,1.076006e-18,-1.719361e-05,-1.601207e-04,4.832873e-04,2.212839e-01,-1.624462e-01,3.475415e+00
2129,3.562723e-18,-1.479246e-05,-1.710978e-04,4.978910e-04,3.901190e-02,-2.748691e-01,3.167841e+00
2130,1.547695e-18,-1.086337e-05,-1.719457e-04,4.847149e-04,3.367071e-02,-3.378701e-02,2.011160e-02
2131,1.398896e-18,-5.469116e-06,-1.695307e-04,4.895236e-04,9.166784e-02,8.035207e-02,3.836822e-01
2132,2.317210e-18,-3.863167e-06,-1.695768e-04,4.814811e-04,-1.581077e-01,6.740248e-02,3.224302e-01
2133,3.036519e-17,-2.403901e-05,-1.574994e-04,4.818660e-04,-4.416997e-02,4.999907e-02,3.706023e-02
2134,1.186592e-17,-2.428437e-05,-1.695467e-04,4.905215e-04,4.755445e-02,4.820860e-02,-2.562067e-01
2135,1.766478e-18,-2.240685e-04,-1.644295e-05,4.688473e-04,-6.465586e-01,-4.327329e-01,-6.094782e+00
2136,2.595155e-19,-2.277352e-04,-1.679724e-05,4.739167e-04,-4.916848e+00,-4.864697e-01,4.161854e+00
2137,1.274047e-18,-2.444691e-04,-3.875887e-06,4.762703e-04,-5.374326e-01,1.490940e+00,3.239726e+00
2138,1.653133e-17,-2.295931e-04,1.611104e-05,4.742106e-04,7.254003e-01,-2.385652e+00,2.642895e+00
2139,5.559064e-19,-2.269516e-04,1.132759e-05,4.751233e-04,1.857308e+00,-3.827913e+00,2.974037e+00
2140,1.604467e-18,-2.343548e-04,1.015592e-05,4.762578e-04,-2.886144e-01,-1.038684e+00,2.225260e+00
2141,3.465540e-19,-2.261697e-04,1.133004e-05,4.731376e-04,1.833290e+00,-5.867391e+00,-4.164757e+00
2142,2.246635e-18,-2.012275e-04,-3.919524e-06,4.747069e-04,-1.292823e-01,-2.802575e-02,-7.261913e-01
2143,2.843688e-18,-2.164678e-04,-8.569384e-06,4.750854e-04,4.776360e-01,1.361972e+00,-4.910296e-01
2144,1.069319e-18,-1.929750e-04,-1.563278e-05,4.754744e-04,1.555850e-02,-8.597907e-02,-3.415089e+00
2145,1.573156e-18,-1.952938e-04,-1.010568e-05,4.754855e-04,8.083073e-01,1.633730e+00,-2.759317e+00
2146,8.076971e-19,-1.964863e-04,1.339526e-05,4.726050e-04,-6.241110e-01,6.811036e-01,-1.306506e+00
2147,3.327720e-18,-1.813784e-04,1.467325e-06,4.741353e-04,-5.967092e-01,-4.234202e-01,-2.094552e+00
2148,8.059779e-19,-1.928297e-04,6.107472e-06,4.754838e-04,-7.064148e-01,3.539043e-01,2.300529e+00
2149,2.997998e-19,-1.761693e-04,1.133012e-05,4.731399e-04,-3.558824e-01,1.883411e-01,-2.138501e+00
2150,7.999805e-19,1.563916e-05,2.496080e-04,4.887441e-04,-4.876298e-02,4.021258e-01,7.101446e+00
2151,7.629011e-18,2.421897e-05,2.328135e-04,4.969799e-04,-3.765087e-02,-1.289128e-01,-2.935215e-01
2152,7.731393e-17,2.283849e-05,2.315239e-04,4.966282e-04,6.876016e-01,5.654030e-02,1.089004e+00
2153,3.590035e-18,1.399536e-05,2.453119e-04,5.037074e-04,1.201661e-01,3.500259e-01,2.093412e-01
2154,6.005488e-19,7.700694e-07,2.496096e-04,4.817298e-04,-1.484771e-01,1.985075e-01,-2.919035e+00
2155,1.349547e-17,9.309703e-06,2.367094e-04,4.915465e-04,-1.102655e+00,1.188710e-01,-8.137392e-01
2156,3.321183e-18,1.640935e-05,2.496090e-04,4.938769e-04,-1.663887e-01,-4.465824e-02,8.726109e+00
2157,4.060885e-18,-1.079881e-06,2.266118e-04,4.973664e-04,-1.561825e+00,-3.630941e-01,8.183702e+00
2158,2.253145e-17,1.704472e-05,2.461864e-04,4.848727e-04,-4.394822e-01,-4.464134e-01,7.143271e+00
2159,4.111846e-18,1.250619e-05,2.266210e-04,4.955368e-04,-4.249257e-03,6.071168e-01,1.558963e+00
2160,3.080342e-17,1.791598e-05,2.490674e-04,5.051709e-04,1.749171e+00,3.279650e-01,1.259157e+01
2161,2.440929e-19,2.735636e-06,2.371094e-04,4.786089e-04,6.814577e-01,4.265875e-01,1.388149e+00
2162,3.831478e-18,6.300533e-07,2.288898e-04,5.024773e-04,-7.526011e-01,-5.481459e-01,1.643511e+01
2163,4.675740e-18,8.505274e-07,2.289235e-04,4.971027e-04,3.499158e-01,-1.895832e+00,1.268548e+01
2164,4.590493e-18,8.645984e-06,2.298234e-04,4.947854e-04,3.343817e-02,-1.248287e-01,6.539867e-01
2165,5.171869e-19,1.172173e-06,2.292972e-04,4.938112e-04,-8.185219e-01,-2.391583e+00,1.153078e+01
2166,4.961631e-18,7.949500e-07,2.294274e-04,4.887044e-04,9.471886e-03,-2.616342e-01,8.274198e+00
2167,1.274030e-17,-8.237774e-07,2.265394e-04,4.902649e-04,-1.464601e-03,-3.138038e-03,7.835725e+00
2168,3.832871e-18,7.230137e-07,2.274835e-04,4.837953e-04,-1.219952e+00,-1.827347e+00,7.552972e+00
2169,2.307588e-17,-1.010021e-05,2.331112e-04,4.968468e-04,1.153500e+00,-1.528614e-01,7.945777e+00
2170,1.176333e-16,-1.340321e-05,2.421140e-04,4.853984e-04,-2.729314e-01,4.711676e-01,6.556335e+00
2171,7.622974e-18,-2.421904e-05,2.421886e-04,4.954176e-04,-3.094872e-02,-1.775494e-01,1.610140e-03
2172,4.089828e-17,-2.383355e-05,2.424344e-04,4.956797e-04,-1.694295e-02,-1.023828e-01,-2.229277e-02
2173,1.584303e-18,-1.480405e-05,2.496091e-04,4.852522e-04,1.930453e-01,1.970091e-01,-9.835505e-01
2174,1.392483e-17,-8.206718e-06,2.282816e-04,4.973120e-04,5.199114e-01,-4.818624e-01,6.158095e+00
2175,1.018821e-18,-1.316444e-05,2.334357e-04,4.871895e-04,-5.035510e-01,-3.244565e-01,4.156847e+00
2176,1.295762e-17,-5.464949e-06,2.469301e-04,4.925236e-04,1.695445e-01,5.931351e-02,2.069290e+00
2177,1.104945e-18,-8.595941e-06,2.289037e-04,4.840641e-04,3.371699e-01,1.843011e-01,2.161391e+00
2178,1.063007e-17,-1.629948e-05,2.361095e-04,4.865449e-04,-1.731921e-01,2.016794e-01,9.346785e-01
2179,9.222952e-18,-2.424919e-05,2.491529e-04,4.904521e-04,6.422797e-02,-6.607710e-02,8.101979e-01
2180,6.822853e-18,-1.064298e-05,2.359357e-04,5.036636e-04,-9.179064e-02,5.147953e-02,3.483260e+00
2181,5.268396e-19,-4.688041e-06,2.496082e-04,4.902943e-04,4.542777e-01,-1.270748e-01,1.564001e+00
2182,2.750965e-18,-1.543463e-06,2.265590e-04,4.797330e-04,2.434796e-02,1.519354e-01,2.697057e+00
2183,3.422279e-19,-2.460919e-05,2.496090e-04,4.872132e-04,-1.400491e-01,6.226559e-03,1.999656e+00
2184,1.253881e-18,-8.590409e-06,2.281825e-04,4.778250e-04,-1.034237e-01,-2.274555e+00,-3.696426e-01
2185,7.965716e-19,-9.765768e-06,2.363293e-04,4.758964e-04,1.112865e-01,2.028311e+00,5.517555e+00
2186,1.313160e-18,-2.347490e-06,2.367011e-04,4.762724e-04,-5.509550e-01,-4.361731e-01,5.114047e-02
2187,4.648220e-17,-1.219907e-04,1.072354e-05,5.262455e-04,-4.178940e-01,-3.023016e-01,8.954614e+00
2188,2.314908e-19,-1.027345e-04,1.953169e-06,5.264205e-04,9.557730e-02,1.678720e-01,6.697279e+00
2189,6.489840e-17,-9.903846e-05,2.196045e-06,5.076417e-04,2.416907e-01,1.210166e+00,1.309570e+01
2190,2.961754e-18,-7.813172e-05,1.029678e-08,5.252138e-04,-7.602102e-02,2.581549e-01,1.029764e+01
2191,3.764329e-16,-9.218671e-05,-3.689053e-06,5.171014e-04,1.186555e-01,-5.785567e-01,8.966364e+00
2192,9.982129e-17,-1.105339e-04,2.009203e-06,5.152464e-04,7.719548e-01,-4.945639e-01,7.061344e+00
2193,1.599621e-17,-1.120280e-04,1.049638e-05,5.222380e-04,2.519907e+00,2.323093e+00,9.609296e+00
2194,5.084549e-18,-1.039034e-04,6.672803e-06,5.214994e-04,2.006681e-02,4.353771e-01,7.551492e+00
2195,1.266953e-17,-1.114160e-04,1.106136e-05,5.072504e-04,2.048032e+00,-7.004184e-02,4.132271e+00
2196,3.660262e-18,-1.133095e-04,1.346893e-05,5.053687e-04,-3.759753e-01,-1.687066e-02,6.918882e+00
2197,1.404611e-18,-1.054697e-04,2.347303e-06,5.103935e-04,-2.602014e-01,-4.258138e-02,3.764880e+00
2198,3.298968e-18,-1.179720e-04,1.561121e-06,5.191916e-04,-1.283643e-02,-2.349341e-02,4.360121e+00
2199,3.655021e-17,-7.857884e-05,-1.309666e-05,5.135992e-04,1.859837e-01,6.018154e-01,6.333527e+00
2200,1.431777e-17,-8.659633e-05,-9.917261e-06,5.048507e-04,7.250096e-01,1.870301e-01,9.324996e+00
2201,2.937897e-18,-9.217898e-05,-1.480435e-05,5.085498e-04,-4.283589e-01,4.804104e-01,1.044959e+01
2202,4.563097e-18,-8.750020e-05,-1.171436e-05,5.226813e-04,1.858611e-01,1.363367e-01,1.377356e+01
2203,1.257817e-18,-9.843687e-05,-1.248996e-05,5.035319e-04,4.716229e-01,-3.425960e-01,-1.467745e+00
2204,4.269797e-18,-8.359657e-05,-4.688317e-06,5.218196e-04,2.807357e-02,-1.514774e-01,3.149602e+00
2205,8.526170e-17,-1.046207e-04,-1.234796e-05,5.119421e-04,7.868246e-02,3.256040e-01,1.202133e+00
2206,7.114425e-17,-1.124138e-04,-5.749179e-06,5.075561e-04,-5.931015e-01,1.665291e+00,9.880163e+00
2207,8.511457e-18,-1.226754e-04,-1.554527e-05,5.132370e-04,-6.193683e-02,3.042822e-01,2.064263e+01
2208,4.515560e-18,-1.054660e-04,-3.902374e-06,5.127366e-04,-1.309133e+00,6.893702e-02,5.063706e+00
2209,4.987823e-18,-1.187499e-04,-6.245511e-06,5.089865e-04,1.252152e-01,9.568318e-02,4.721660e+00
2210,8.151540e-18,-1.218225e-04,-5.453554e-06,5.276040e-04,3.112673e-01,-5.399104e-03,6.665106e+00
2211,1.396647e-18,-1.078117e-04,-1.794993e-05,5.150443e-04,-3.385820e-03,5.124749e-02,-2.618964e-01
2212,5.905188e-17,-1.100942e-04,2.528318e-06,5.373694e-04,1.309275e+00,-9.728741e-01,7.200440e+00
2213,1.706933e-17,-1.218530e-04,5.096753e-06,5.456569e-04,5.282242e-01,-3.537930e-01,7.647322e+00
2214,3.623984e-18,-1.113311e-04,3.515741e-07,5.496456e-04,-7.328657e-02,5.665597e-01,1.602061e+01
2215,1.071720e-18,-1.078145e-04,1.797447e-05,5.418524e-04,-1.201743e-01,1.565171e-01,-1.551638e+00
2216,1.775498e-17,-1.157888e-04,-9.219226e-06,5.415981e-04,2.442882e+00,1.421708e-01,1.007306e+01
2217,1.825399e-16,-1.131101e-04,-9.871360e-06,5.441438e-04,-5.303135e-01,-1.524748e+00,1.183886e+01
2218,5.074276e-17,-1.182836e-04,-2.557460e-06,5.427012e-04,-1.890561e-01,-3.765241e-01,7.570693e+00
2219,5.373130e-19,-1.086326e-04,-3.861482e-07,5.394947e-04,-3.877851e-01,4.824734e-01,3.989204e+00
2220,2.280741e-19,-1.042977e-04,-1.680096e-05,5.462280e-04,8.694734e-01,8.055483e-01,6.457102e-01
2221,3.712069e-17,-9.236261e-05,3.316441e-06,5.184873e-04,1.973522e+00,-1.458927e-01,1.374469e+01
2222,1.551872e-18,-8.672032e-05,5.470515e-06,5.142614e-04,9.735690e-02,8.471061e-02,8.358318e+00
2223,1.877631e-17,-8.374636e-05,1.627500e-05,5.157282e-04,-4.420621e-01,-6.520183e-01,3.096532e+00
2224,6.048877e-19,-8.203565e-06,1.269535e-04,4.781979e-04,-8.601347e-02,3.154112e-01,-1.177222e+00
2225,3.277244e-17,2.119754e-05,1.378900e-04,4.799676e-04,1.331743e-01,-1.344207e+00,3.282245e+00
2226,2.395402e-18,2.021753e-05,1.100751e-04,4.751336e-04,-9.959756e-01,-6.432754e-01,-3.427079e-01
2227,3.632749e-18,1.171459e-05,1.062877e-04,4.767610e-04,1.813753e-01,3.619469e-01,1.786860e+00
2228,4.139039e-18,-1.404908e-05,1.227236e-04,4.788036e-04,5.913503e-03,2.307181e-01,-8.651427e-01
2229,5.973204e-19,-5.401582e-06,1.113272e-04,4.754895e-04,-3.230675e+00,6.766635e-02,-1.329597e+00
2230,2.493874e-19,-4.296853e-06,1.121084e-04,4.778304e-04,1.061184e+00,6.715475e-01,3.126699e+00
2231,5.990194e-17,-9.833372e-05,8.808439e-06,4.578095e-04,-5.522275e-01,4.605185e-01,-9.482903e+00
2232,8.420861e-19,-1.095326e-04,1.236588e-05,4.762638e-04,-2.547550e-01,-1.345868e+00,8.078374e-01
2233,9.687004e-19,-1.042959e-04,5.590441e-06,4.737028e-04,4.490083e+00,2.194983e-01,-1.117353e-01
2234,4.183954e-19,-1.058589e-04,5.078863e-06,4.762707e-04,1.987423e+00,-8.378936e-01,4.540237e+00
2235,6.364385e-19,-1.050775e-04,5.077929e-06,4.750877e-04,3.411874e+00,5.302799e-01,1.862401e+00
2236,5.157839e-19,-1.027338e-04,2.148419e-05,4.758844e-04,-8.519220e-01,1.299626e+00,9.408600e-01
2237,1.033456e-18,-1.070282e-04,1.638067e-05,4.754811e-04,5.239003e-01,-3.628976e-01,3.534643e-01
2238,3.089418e-18,-1.055486e-04,1.652405e-05,4.707857e-04,2.861930e+00,-4.287673e-01,-8.893346e+00
2239,1.073415e-18,-1.050758e-04,-1.289019e-05,4.714894e-04,-1.591130e+00,9.462607e-01,-3.057268e+00
2240,2.623145e-18,-1.117550e-04,-1.322460e-05,4.751932e-04,1.295716e+00,-6.722878e-01,-5.304919e-01
2241,5.425281e-19,-1.464839e-04,1.722535e-05,4.762537e-04,-1.017322e+00,5.631299e-01,2.979249e-01
2242,2.992849e-19,-1.457032e-04,1.679772e-05,4.739227e-04,9.154818e-02,-1.216341e+00,-4.354549e+00
2243,2.753589e-19,-1.714842e-04,-6.641577e-06,4.747044e-04,5.224228e-01,-1.521759e-01,-1.714827e+00
2244,3.830676e-17,3.036822e-07,4.955507e-05,4.826146e-04,3.371951e-01,-6.500211e-02,4.684138e+00
2245,9.248696e-17,-6.809472e-06,2.459638e-05,4.919490e-04,-1.253318e-01,-5.279100e-01,4.352430e+00
2246,3.154304e-18,-6.249064e-06,5.075807e-05,5.000430e-04,9.606047e-02,2.552793e-01,1.053395e+01
2247,1.683626e-18,-1.555836e-05,4.620136e-05,4.940298e-04,1.878800e+00,-4.576071e+00,2.544687e+01
2248,4.246656e-17,-2.397595e-05,3.592314e-05,4.808059e-04,2.363013e-02,6.143494e-02,-1.033158e-01
2249,2.057572e-17,-1.281903e-05,2.350299e-05,4.838277e-04,1.217998e+00,1.976821e+00,2.939948e+00
2250,1.650999e-18,-1.015735e-05,4.921711e-05,4.957520e-04,-4.445666e-01,9.844631e-02,9.739742e+00
2251,1.360931e-17,-1.772598e-05,5.189959e-05,4.957382e-04,-4.125077e-01,1.849140e-01,3.798970e+00
2252,2.167161e-17,1.248777e-07,2.301425e-05,4.923319e-04,5.252304e-02,7.139509e-01,2.039396e+00
2253,2.464156e-17,-2.205268e-05,3.943057e-05,4.899171e-04,-8.639523e-01,-1.211254e+00,2.316239e+00
2254,2.687315e-18,-6.277739e-06,2.576333e-05,4.828215e-04,4.938503e-01,1.530133e-01,2.390694e+00
2255,4.073476e-18,-1.110438e-05,4.921586e-05,4.907413e-04,6.203631e-01,3.838203e-01,8.604482e+00
2256,2.468515e-17,-2.408632e-05,3.463850e-05,4.973744e-04,8.999206e-02,1.642702e-01,1.011207e+00
2257,1.928531e-18,-1.092664e-05,4.910978e-05,4.858192e-04,8.030005e-01,5.926507e-02,4.619537e+00
2258,1.309735e-18,-1.641087e-05,3.983713e-05,4.785946e-04,-1.872138e-01,3.011983e-01,-9.601000e-01
2259,2.659511e-17,8.149157e-06,4.899686e-05,4.946956e-04,-6.824996e-01,-1.306876e+00,6.150903e+00
2260,1.152137e-16,8.070378e-06,4.950099e-05,4.952486e-04,-5.730657e-01,-6.368877e-01,4.993837e+00
2261,1.129962e-18,1.680132e-05,4.910372e-05,4.846398e-04,-7.155151e-01,6.267307e-02,1.206346e+01
2262,1.452175e-18,8.596302e-06,4.922099e-05,4.809433e-04,1.211308e-01,6.223382e-02,2.310233e+00
2263,1.386044e-18,8.424646e-07,5.080101e-05,4.793897e-04,-5.713216e-02,-2.141061e-01,6.935047e+00
2264,8.923652e-17,6.692341e-06,2.099017e-05,4.831028e-04,9.272565e-01,2.090959e+00,4.964259e+00
2265,2.636017e-18,1.329050e-05,2.421319e-05,4.867670e-04,4.866555e-02,4.910902e-01,3.851778e+00
2266,2.464063e-17,1.592839e-05,4.700256e-05,4.877623e-04,9.289427e-01,-1.130803e+00,1.029151e+01
2267,2.924000e-17,2.407895e-06,2.875278e-05,4.842824e-04,-2.269097e+00,1.269521e-01,8.378562e+00
2268,1.289803e-18,4.691806e-06,3.515607e-05,4.910754e-04,2.351034e-02,-8.585068e-03,3.292243e-03
2269,5.251413e-18,2.188285e-05,3.749366e-05,4.965836e-04,2.088669e-01,-1.066559e-01,6.770570e+00
2270,3.060156e-18,2.191609e-05,4.846247e-05,4.860468e-04,1.210848e-01,5.520113e-02,5.565796e+00
2271,1.157677e-18,1.484918e-05,4.606528e-05,4.926524e-04,-9.861426e-02,5.575829e-02,-2.148248e+00
2272,2.633793e-17,1.364174e-05,3.937053e-05,4.823364e-04,-6.461911e-01,-2.050430e-01,1.499037e+00
2273,9.723025e-18,2.094158e-06,4.609297e-05,4.877451e-04,-3.591780e-01,-2.182382e-02,8.201277e-01
2274,1.634077e-18,1.289483e-05,4.688454e-05,4.898658e-04,-1.682489e+00,-9.242416e-02,-1.014839e+00
2275,2.965466e-19,1.601593e-05,4.882784e-05,4.793788e-04,1.124310e+00,3.150349e+00,5.295715e+00
2276,2.384208e-19,1.679913e-05,4.882652e-05,4.786070e-04,-3.635768e-01,7.214313e-01,4.869978e+00
2277,3.689893e-18,1.013106e-05,2.893180e-05,4.966438e-04,-1.170459e-01,-3.798139e-02,1.455330e+00
2278,2.657901e-18,3.905071e-06,4.140704e-05,4.859637e-04,8.128594e-02,-1.186343e-01,-4.106713e-01
2279,3.263217e-18,2.460957e-05,3.827850e-05,4.926862e-04,-2.506575e-02,-6.847076e-02,-8.597916e-02
2280,2.672466e-17,8.991364e-06,5.519808e-06,4.813962e-04,-1.070090e+00,-1.926417e+00,4.322821e+00
2281,2.375124e-19,3.516034e-06,1.914119e-05,4.879423e-04,4.650881e-01,1.747023e-01,-1.445814e+00
2282,2.816665e-18,2.109144e-05,1.015960e-05,4.914899e-04,-5.293262e-02,1.818756e-01,1.995167e+00
2283,3.153471e-18,2.109278e-05,2.342683e-05,4.922341e-04,-1.579417e-01,-3.164419e-01,1.946988e+00
2284,1.679505e-18,5.480876e-06,1.406379e-05,4.856090e-04,3.832463e-01,4.660681e-02,-1.170159e+00
2285,1.317876e-18,1.210950e-05,-2.000020e-04,4.727460e-04,-2.870074e+00,8.989841e-03,-3.015229e+00
2286,2.589930e-18,7.850174e-06,-1.992762e-04,4.720805e-04,1.027069e+00,-1.025582e-01,-4.903417e+00
2287,1.445660e-18,1.289086e-05,-2.000616e-04,4.745220e-04,-2.177739e+00,3.031526e-03,-1.109695e+00
2288,2.673172e-17,1.103865e-05,-1.876421e-04,4.782280e-04,-8.763868e-02,-1.767960e+00,2.671713e+00
2289,1.933758e-18,6.378815e-06,-1.959206e-04,4.777645e-04,2.348349e-01,-3.715858e-01,2.385600e+00
2290,3.457717e-19,5.078621e-06,-1.792964e-04,4.731493e-04,-8.574626e-01,4.171869e-01,-2.672157e+00
2291,2.758048e-19,1.132666e-05,-1.863268e-04,4.739172e-04,-1.932271e+00,-2.589388e+00,1.393446e-01
2292,1.290307e-18,3.904895e-06,-1.758253e-04,4.778328e-04,7.240703e-01,5.223849e-01,1.965022e+00
2293,1.207794e-18,7.015232e-06,-1.757549e-04,4.778309e-04,1.014887e+00,-1.178449e+00,1.994913e+00
2294,9.747875e-19,5.078185e-06,-1.959119e-04,4.734243e-04,-1.693846e+00,5.586106e-02,-2.163991e+00
2295,5.497850e-19,5.516228e-06,-1.777342e-04,4.700211e-04,-2.824360e-01,3.059896e+00,-1.103835e+01
2296,1.517024e-17,-9.605251e-06,-1.868807e-04,4.786240e-04,1.613514e+00,-7.305415e-01,6.351337e-01
2297,2.423239e-18,-1.874937e-05,-1.827910e-04,4.758706e-04,-3.152077e-01,-6.099261e-01,-4.329930e-02
2298,3.940222e-18,-3.890596e-06,-1.892564e-04,4.775268e-04,-1.678165e-01,-4.405064e-01,-4.585684e-01
2299,5.586979e-19,-1.601506e-05,-2.163833e-04,4.707962e-04,-1.999090e-01,9.164080e-03,-5.886984e+00
2300,2.241400e-17,2.086346e-06,-2.039108e-04,4.610372e-04,-5.393384e-01,4.546921e-01,-9.375976e+00
2301,3.285911e-18,7.818812e-06,-2.211034e-04,4.758760e-04,-1.543823e-01,4.305225e-01,2.503841e+00
2302,5.817506e-19,9.431742e-06,-2.082028e-04,4.692452e-04,7.276600e-01,6.299883e-01,-7.552562e+00
2303,2.504306e-19,9.766975e-06,-2.089831e-04,4.762594e-04,-5.097385e-02,1.549464e+00,4.052982e+00
2304,2.847578e-17,1.733181e-06,1.555895e-04,4.972849e-04,-7.420689e-01,-3.627119e+00,8.589571e+00
2305,2.538241e-17,1.364490e-05,1.724262e-04,4.944607e-04,-6.396417e-01,3.687010e+00,8.869568e+00
2306,5.570914e-19,1.481704e-05,1.691408e-04,4.887447e-04,-1.388035e+00,1.289483e+00,6.124638e+00
2307,2.929362e-17,-1.615888e-06,1.640848e-04,4.939583e-04,1.251192e+00,-9.814146e-01,9.443580e+00
2308,1.570774e-18,5.399194e-06,1.664787e-04,4.823956e-04,5.005327e-01,-4.492938e-01,-2.633088e+00
2309,2.946538e-17,6.244790e-08,1.693681e-04,4.890150e-04,-2.572756e+00,2.399715e-01,3.508220e+00
2310,2.934047e-18,1.484888e-05,1.670935e-04,4.838889e-04,-1.818645e+00,1.547937e-01,4.136355e+00
2311,1.917592e-17,9.926001e-06,1.498501e-04,4.829363e-04,3.593119e-01,-1.956787e-01,1.746321e+00
2312,2.408083e-17,1.242937e-05,1.614057e-04,4.844278e-04,-3.902186e-01,1.517612e+00,1.217987e+00
2313,4.338606e-18,1.564094e-05,1.687362e-04,4.956967e-04,1.605172e-01,2.949226e-01,2.449520e-01
2314,1.451754e-18,1.481853e-05,1.683570e-04,4.781826e-04,1.399689e+00,7.407158e-01,-5.515019e-01
2315,2.749254e-18,2.440870e-05,1.695045e-04,4.881744e-04,5.660293e-02,8.792953e-02,-1.519144e-01
2316,4.083527e-18,2.460947e-05,1.585955e-04,4.834950e-04,-2.160114e-02,6.376162e-02,-1.242219e-01
2317,3.832001e-18,-1.004031e-05,1.687621e-04,4.927098e-04,-1.875449e-01,1.465153e-01,1.455185e+01
2318,4.751263e-18,-9.084427e-06,1.687459e-04,4.883328e-04,-3.955314e-01,-1.105940e-01,1.308254e+01
2319,3.164439e-18,-1.095620e-05,1.640542e-04,4.976875e-04,7.560002e-01,-4.213932e-01,1.191347e+01
2320,4.891497e-18,-1.014164e-05,1.695069e-04,4.989171e-04,-3.851018e-01,-8.400233e-01,1.898455e+01
2321,4.662034e-17,-1.777073e-05,1.654600e-04,4.949418e-04,-4.815190e-01,-1.645562e+00,4.169428e+00
2322,3.341138e-17,-1.044446e-05,1.637608e-04,4.808822e-04,1.003056e+00,2.367453e-01,3.069127e+00
2323,2.818049e-18,-1.715123e-05,1.617005e-04,4.836370e-04,6.792312e-01,6.985586e-01,4.422467e+00
2324,2.745140e-18,-8.582156e-06,1.656646e-04,4.968819e-04,7.515809e-01,-4.068052e-01,1.095394e+01
2325,1.844624e-17,-1.331223e-05,1.625063e-04,4.920677e-04,1.964635e+00,1.807772e-01,7.750434e+00
2326,2.531801e-19,-5.079227e-06,1.738264e-04,4.941959e-04,1.008244e-01,2.169087e+00,7.208245e-01
2327,1.815810e-17,-2.421413e-05,1.681674e-04,4.998869e-04,-8.460801e-01,-6.200863e-01,1.255955e+00
2328,3.303491e-18,-8.595905e-06,1.648418e-04,4.930412e-04,9.868904e-02,2.161107e-01,1.078047e+01
2329,4.939276e-18,-6.932130e-06,1.664660e-04,4.789703e-04,3.717384e+00,9.788647e-01,4.789783e+00
2330,3.504000e-18,-7.816110e-06,1.492116e-04,4.937868e-04,-1.187915e-02,9.086052e-02,3.298614e+00
2331,2.735292e-17,-5.070845e-06,1.722178e-04,4.856283e-04,-5.352308e-01,3.726260e-01,2.503994e+00
2332,1.476904e-17,-5.016668e-06,1.533394e-04,4.884047e-04,-6.359207e-01,2.353964e-01,3.171595e+00
2333,5.022314e-18,-9.372187e-06,1.578188e-04,4.841214e-04,-7.809275e-02,-2.718259e-02,2.602689e+00
2334,5.492413e-19,-1.954046e-06,1.640811e-04,4.848487e-04,-1.808462e+00,-1.307287e-01,3.925542e+00
2335,2.145745e-18,-1.171798e-05,1.640932e-04,4.889649e-04,7.908705e-01,8.494075e-02,6.446820e+00
2336,4.398436e-18,-1.017491e-05,1.564689e-04,4.782468e-04,2.697316e-01,-8.770452e-01,3.366572e-01
2337,2.088789e-18,-2.434158e-06,1.640060e-04,4.812817e-04,-2.082701e-01,9.136012e-02,2.222848e+00
2338,6.108674e-19,-1.952868e-06,1.640878e-04,4.770520e-04,-6.282739e-01,-3.969997e-01,-1.881146e+00
2339,8.847064e-18,-2.432971e-05,1.726574e-04,4.904587e-04,1.893079e-03,1.958894e-02,-2.011866e-01
2340,1.608341e-18,-3.530820e-06,1.575922e-04,4.756209e-04,2.956517e-01,-4.031216e+00,-4.406672e+00
2341,5.844714e-19,-1.952920e-06,1.640756e-04,4.723699e-04,-1.445931e+00,-3.647625e-01,-1.007291e+01
2342,4.202540e-19,-5.859109e-06,1.644522e-04,4.739244e-04,2.990211e+00,-2.282985e+00,-1.457906e+00
2343,4.468236e-17,-1.529664e-05,2.489763e-04,5.249881e-04,-2.204862e-01,-6.079073e-03,7.260520e+00
2344,1.827969e-17,-1.454878e-05,2.246327e-04,5.375787e-04,5.969224e-01,-1.997874e+00,1.045477e+01
2345,8.738344e-17,-1.087677e-05,2.435070e-04,5.456105e-04,4.395408e-01,1.029259e+00,7.123473e+00
2346,8.301101e-17,-9.478101e-06,2.488341e-04,5.382653e-04,-1.306642e+00,-3.492625e-01,6.945390e+00
2347,3.914246e-17,9.608044e-07,2.401335e-04,5.337364e-04,-4.837806e-01,1.645565e+00,9.488010e+00
2348,1.165542e-18,-8.594826e-06,2.289077e-04,5.497281e-04,5.198426e-02,3.588464e-03,1.112795e+01
2349,3.840812e-18,-9.376109e-06,2.327640e-04,5.365112e-04,-6.065291e-02,-4.763026e-01,5.225643e+00
2350,1.118570e-18,-9.363107e-06,2.496100e-04,5.451800e-04,2.339076e-02,3.855570e-02,1.755577e+00
2351,1.022222e-18,-3.902053e-06,2.336078e-04,5.352443e-04,-9.238980e-03,-2.014515e-02,1.291584e+00
2352,2.098650e-18,-3.904876e-06,2.336054e-04,5.333678e-04,3.090682e-02,-9.982617e-04,3.360731e-01
2353,4.722500e-17,1.906199e-06,2.273535e-04,5.470057e-04,-7.772152e-01,8.568952e-01,2.555847e+01
2354,9.619727e-18,2.009159e-06,2.288128e-04,5.368652e-04,3.236001e+00,1.613995e+00,1.040248e+01
2355,1.745817e-17,1.013650e-05,2.245498e-04,5.291349e-04,1.846737e+00,2.659516e-02,9.135237e+00
2356,9.788933e-17,8.367670e-06,2.352023e-04,5.351427e-04,7.865567e-01,3.987720e-01,6.334627e+00
2357,6.529611e-17,4.472185e-06,2.424109e-04,5.451690e-04,-3.407208e-01,6.705428e-02,5.518019e+00
2358,7.022307e-17,1.079492e-05,2.487984e-04,5.358616e-04,-3.684319e-01,-6.165138e-01,6.482716e+00
2359,2.504604e-18,1.329311e-05,2.496092e-04,5.440871e-04,2.845924e-01,8.452622e-02,4.539070e+00
2360,5.413031e-18,2.673288e-06,2.445321e-04,5.355674e-04,1.181440e+00,1.404083e-01,4.217513e+00
2361,2.156541e-18,1.401551e-05,2.375458e-04,5.387681e-04,5.653722e-02,-5.640864e-02,2.817845e+00
2362,1.049318e-18,1.797686e-05,2.304795e-04,5.389339e-04,-1.309194e-01,-2.246987e-01,3.943606e+00
2363,1.179496e-18,1.094270e-05,2.496095e-04,5.481787e-04,1.459094e-01,3.982993e-02,3.683092e-01
2364,8.534899e-18,2.347192e-06,2.246548e-04,5.357245e-04,-4.929848e-01,-3.301391e+00,1.963847e+01
2365,1.544572e-17,2.099355e-06,2.265622e-04,5.255781e-04,-9.312936e-02,-1.130616e-02,2.050948e+01
2366,2.093202e-16,3.227015e-07,2.482786e-04,5.154314e-04,-5.459309e-01,-5.133930e-02,7.990441e+00
2367,1.000673e-16,-8.158852e-06,2.287799e-04,5.148380e-04,2.262673e-01,-4.258304e-01,7.561163e+00
2368,1.232932e-16,1.844688e-06,2.299580e-04,5.156624e-04,1.659361e-01,-1.733733e+00,1.303679e+01
2369,1.757523e-18,8.554745e-07,2.278731e-04,5.090931e-04,-6.395865e-01,-1.814111e+00,1.670426e+01
2370,2.723651e-18,-8.600025e-06,2.289086e-04,5.069140e-04,1.088171e-02,1.107192e-01,8.888994e+00
2371,1.214917e-18,7.822417e-07,2.496094e-04,5.046959e-04,1.548868e-02,-1.785784e-01,7.169543e+00
2372,1.103386e-18,-7.646690e-07,2.390635e-04,5.065698e-04,1.073075e-01,6.988169e-03,7.678718e+00
2373,4.895251e-18,-1.405681e-05,2.343783e-04,5.227028e-04,-1.241119e-01,8.108601e-01,7.367950e+00
2374,4.821801e-19,-1.601875e-05,2.382750e-04,5.165946e-04,-4.227628e-01,1.477644e-01,1.483941e+00
2375,2.669096e-18,-3.901735e-06,2.398422e-04,5.245276e-04,1.728430e-01,5.229777e-04,2.198747e+00
2376,5.763424e-18,6.700368e-06,2.389354e-04,5.091082e-04,6.139082e-01,5.630455e-01,7.533863e+00
2377,4.474351e-18,2.155086e-05,2.495159e-04,5.211229e-04,8.492431e-01,1.252448e-01,4.608825e+00
2378,1.213220e-18,1.245205e-05,2.281210e-04,5.203309e-04,5.513206e-01,1.084641e-01,4.487650e+00
2379,9.330616e-19,1.233119e-05,2.280106e-04,5.088781e-04,2.775191e-01,5.689903e-01,2.394447e+00
2380,1.496505e-16,1.201217e-05,2.153464e-04,5.398049e-04,1.148018e+00,-7.673501e-02,5.773521e+00
2381,8.729741e-18,6.787408e-09,2.195296e-04,5.416684e-04,-1.347979e-01,-5.497792e-02,1.726990e+01
2382,3.771648e-17,9.620155e-06,2.067070e-04,5.434829e-04,-1.927316e-01,-3.686783e-01,8.492795e+00
2383,2.404840e-17,1.548535e-05,2.092983e-04,5.319437e-04,2.509272e-01,4.451817e-01,7.985155e+00
2384,5.742613e-18,1.214627e-05,2.203202e-04,5.370883e-04,-2.527277e+00,4.999554e-02,1.088224e+01
2385,2.547627e-18,1.250076e-05,2.230882e-04,5.497819e-04,-1.476065e-01,1.976768e+00,2.911250e+01
2386,3.383521e-18,2.032404e-05,2.210924e-04,5.327328e-04,8.342452e-01,-2.958543e-02,7.270921e+00
2387,1.585834e-17,9.666100e-06,2.113539e-04,5.340673e-04,5.649382e-02,-7.356757e-01,5.622942e+00
2388,1.105958e-18,2.109869e-05,2.210984e-04,5.374793e-04,-9.689362e-03,-1.306252e-01,4.630647e+00
2389,2.214879e-18,1.651758e-05,2.227581e-04,5.379861e-04,-8.384125e-01,-9.630878e-01,1.859963e+00
2390,1.204547e-17,-1.053900e-05,2.025153e-04,5.363154e-04,2.974544e-01,2.535719e-01,7.588531e+00
2391,7.888396e-18,-1.249788e-05,2.024681e-04,5.486845e-04,4.903838e-01,1.686791e-01,1.008101e+01
2392,1.026790e-18,-1.797105e-05,2.070259e-04,5.403708e-04,1.064479e-01,-1.313695e-02,3.383613e-01
2393,2.995639e-18,-1.718973e-05,1.257805e-04,4.914556e-04,1.039108e-03,-5.696786e-02,1.830347e+00
2394,1.364938e-18,-1.405264e-05,1.210643e-04,4.934294e-04,-3.115707e-01,4.774374e-01,6.456410e+00
2395,4.420415e-17,-1.928494e-06,1.074082e-04,4.833242e-04,-2.070551e-01,7.833555e-02,6.992454e+00
2396,1.462702e-18,-7.881411e-06,9.927710e-05,4.862690e-04,2.686911e-01,-2.745818e-01,-8.409704e-01
2397,2.718187e-18,-2.296063e-06,1.218762e-04,4.929676e-04,-2.090725e-01,2.068436e-02,3.318300e+00
2398,2.589162e-18,-1.719027e-05,1.007824e-04,4.868582e-04,1.636821e-02,-1.115867e-01,5.125596e-01
2399,1.096579e-17,-6.233538e-06,1.242017e-04,4.948875e-04,1.895875e-01,-1.656923e-01,4.518645e+00
2400,4.375573e-18,-2.313195e-06,1.109767e-04,4.925679e-04,3.796383e-01,-2.464505e-02,1.895384e+01
2401,2.404072e-18,-6.291323e-06,1.155850e-04,4.967737e-04,1.221731e-01,3.160350e-02,2.256984e+00
2402,3.453201e-19,-1.953557e-06,1.082028e-04,4.902982e-04,-1.723098e+00,-1.347670e+00,6.093182e+00
2403,1.000961e-17,-2.535585e-06,1.119345e-04,4.845890e-04,2.510139e-02,1.654536e+00,1.004548e+01
2404,2.524789e-19,-1.953654e-06,1.074211e-04,4.887458e-04,1.420034e+00,4.534533e-01,3.587540e+00
2405,5.000611e-18,-9.377362e-06,1.179728e-04,4.863177e-04,-2.754536e-02,-3.700266e-01,-9.118192e-02
2406,3.294522e-18,-2.338803e-06,1.163941e-04,4.875787e-04,4.563943e-02,7.373117e-01,1.474680e+00
2407,1.969903e-17,-4.486912e-06,1.246897e-04,4.796218e-04,8.451573e-01,1.148122e+00,-3.229245e-01
2408,1.844416e-17,-2.420183e-05,1.020709e-04,4.989202e-04,1.411354e-02,3.648161e-02,-9.633714e-02
2409,1.800642e-17,1.783325e-05,1.030693e-04,4.950412e-04,-2.551402e-01,1.523905e+00,5.191770e-01
2410,4.425638e-18,5.465204e-06,1.148403e-04,4.825523e-04,-3.959451e-01,-3.271267e-01,-4.473894e-01
2411,2.455376e-17,2.421293e-05,1.044607e-04,4.921290e-04,-2.927347e-01,-8.336212e-01,1.868777e+00
2412,6.729035e-18,1.036701e-06,1.215831e-04,4.977935e-04,-7.155914e-02,8.736254e-01,2.817123e+00
2413,2.563153e-18,1.172608e-05,1.054155e-04,4.812839e-04,-5.744301e-01,1.030234e+00,3.033510e+00
2414,3.216682e-18,1.250650e-05,1.242200e-04,4.884004e-04,-2.741582e-02,-3.917641e-02,2.413886e+00
2415,1.482903e-18,1.405991e-05,1.171881e-04,4.988839e-04,1.323460e-01,-1.534171e-01,3.026826e+00
2416,3.426108e-18,7.814787e-06,1.210947e-04,4.828718e-04,-1.175676e-01,7.316070e-02,1.309256e+00
2417,1.647715e-18,8.365919e-07,1.194609e-04,4.841796e-04,-1.614212e-01,-1.104159e+00,-5.703061e-01
2418,1.078084e-17,2.427523e-05,1.267550e-04,4.968405e-04,-1.690033e-02,1.415973e-01,-7.095891e-02
2419,1.559180e-17,2.424514e-05,9.925494e-05,4.911444e-04,1.708140e-02,-9.736916e-03,-1.364388e-01
2420,9.477645e-17,1.213554e-05,1.395278e-04,4.953638e-04,-7.153200e-01,-6.767320e-01,9.189419e+00
2421,1.984772e-17,1.620005e-05,1.273500e-04,4.862015e-04,-4.067975e-01,-1.343608e+00,2.525330e+00
2422,1.889535e-18,1.022714e-05,1.421086e-04,4.804758e-04,3.042291e-01,5.503899e-01,3.202347e+00
2423,4.112533e-18,1.091219e-05,1.421568e-04,4.880898e-04,-5.017496e-02,3.111686e-01,6.510946e+00
2424,1.023795e-18,1.562893e-05,1.406243e-04,4.895388e-04,2.300903e-01,-6.853318e-02,8.796336e+00
2425,3.816600e-18,2.421837e-05,1.367180e-04,4.844799e-04,-6.997632e-03,-3.213570e-02,2.317761e-01
2426,2.694465e-17,2.402032e-05,1.369589e-04,4.849552e-04,4.866560e-02,5.343463e-03,-1.827326e-02
2427,1.627804e-17,1.789052e-05,1.338598e-04,4.806699e-04,1.778288e-01,-1.067182e+00,2.339477e+00
2428,3.002532e-17,-1.271335e-07,1.446131e-04,4.822605e-04,7.156258e-01,1.094539e+00,2.016046e+00
2429,5.411199e-18,6.373128e-06,1.265629e-04,4.901782e-04,3.574805e-01,-1.313375e-02,2.370540e+00
2430,5.979510e-18,3.312229e-06,1.417470e-04,4.954451e-04,6.898446e-01,1.173024e-02,7.732574e-01
2431,3.718628e-18,1.322439e-05,1.398335e-04,4.849117e-04,-8.721357e-02,-5.556560e-01,5.324320e+00
2432,2.400701e-18,1.562516e-05,1.407468e-04,4.830706e-04,1.833916e-01,-6.010026e-01,4.872506e+00
2433,1.103950e-17,2.429999e-05,1.370471e-04,4.999299e-04,-4.859642e-02,-5.022849e-02,-7.862819e-02
2434,1.121363e-18,2.460951e-05,1.328169e-04,5.000999e-04,3.352623e-02,-2.450645e-02,2.879869e-01
2435,3.493546e-18,2.460950e-05,1.437492e-04,4.897643e-04,-2.854313e-02,8.365875e-03,-8.221410e-01
2436,2.404151e-19,-1.367615e-05,1.316376e-04,4.942086e-04,2.384254e-01,-2.235267e-01,-3.581909e-01
2437,1.693298e-18,-1.094459e-05,1.484356e-04,4.848430e-04,-7.968728e-02,-2.921304e-04,-8.778174e-01
2438,2.590621e-18,-1.482350e-05,1.281254e-04,4.938006e-04,1.442958e-01,-1.682702e-01,-2.103600e+00
2439,3.245944e-18,-2.353218e-06,1.296904e-04,4.945868e-04,4.022475e-02,-1.104784e-01,4.771956e+00
2440,5.866738e-18,-1.802440e-05,1.282033e-04,5.003538e-04,4.454724e-01,1.319539e+00,2.332038e+00
2441,2.097601e-17,-2.414650e-05,1.403021e-04,4.992915e-04,2.867512e-02,-3.245213e-02,-6.859082e-01
2442,1.187428e-17,-2.426028e-05,1.354439e-04,4.983009e-04,4.350799e-02,5.528437e-01,-3.262458e-02
2443,3.849067e-17,1.679922e-05,9.323851e-05,4.905285e-04,-3.608061e-01,-8.030993e-01,5.188782e+00
2444,2.965560e-17,-9.048769e-06,7.883979e-05,4.974480e-04,7.489247e-01,4.180848e-01,8.415052e+00
2445,3.000111e-17,-1.141598e-05,7.810591e-05,4.922930e-04,7.468553e-01,-5.437220e-01,9.004093e+00
2446,2.066045e-17,2.158238e-06,8.772457e-05,4.922448e-04,-1.900992e-01,7.887746e-01,6.207965e+00
2447,2.740038e-18,-8.601485e-06,8.904720e-05,4.914413e-04,1.198940e-01,-4.660415e-01,4.488082e+00
2448,8.929866e-18,2.207716e-05,8.556518e-05,4.873052e-04,-1.420099e-01,-9.893941e-02,9.363470e+00
2449,4.035312e-18,1.562761e-05,8.281327e-05,4.887108e-04,-2.102664e-01,1.321741e-01,-5.414400e+00
2450,1.663786e-17,5.566926e-06,7.818494e-05,4.978619e-04,-4.915331e-02,-1.272702e-01,1.337834e+01
2451,3.633954e-18,2.340425e-06,8.281025e-05,4.984723e-04,-1.799066e-02,-1.669708e-01,8.733571e+00
2452,3.187309e-17,1.973043e-06,9.693789e-05,4.886009e-04,-1.656994e+00,1.443129e+00,2.811295e+00
2453,5.242341e-18,4.444067e-06,8.842800e-05,4.951629e-04,2.098757e-01,1.578334e+00,2.984788e+00
2454,5.633946e-18,2.342130e-06,8.969143e-05,4.833195e-04,3.517985e-01,2.855350e+00,2.700631e+00
2455,6.322443e-19,2.319831e-06,9.179671e-05,4.793940e-04,1.311980e+00,2.554453e-01,3.090863e+00
2456,2.564810e-17,1.261391e-05,8.987721e-05,4.930930e-04,-2.189199e-01,-1.316984e-01,3.796220e+00
2457,2.374043e-18,2.261943e-05,8.505612e-05,4.836003e-04,-6.304484e-01,-3.906336e-01,9.089745e+00
2458,2.524231e-18,1.876129e-05,9.061667e-05,4.789913e-04,-1.808106e-01,4.060082e-01,2.121865e+00
2459,1.416568e-18,4.686382e-06,7.812225e-05,4.934200e-04,3.157942e-01,-1.756469e-01,1.390768e+01
2460,1.982118e-18,1.869440e-05,9.068711e-05,5.001387e-04,1.891706e-01,3.969415e-01,1.181750e+01
2461,6.920491e-18,4.689160e-06,7.815225e-05,4.885608e-04,8.432427e-02,-6.035809e-02,1.016946e+01
2462,1.197704e-18,1.171919e-05,9.689814e-05,4.832730e-04,7.872685e-02,-1.097893e-01,5.090828e-01
2463,4.807308e-19,1.640914e-05,8.632963e-05,4.949907e-04,1.703249e-01,1.237166e-01,2.522630e-01
2464,2.358162e-18,2.461027e-05,7.812490e-05,4.889017e-04,3.200944e-02,-1.572868e-02,4.677154e-02
2465,2.947894e-18,2.460961e-05,9.219101e-05,4.896421e-04,-9.008422e-03,5.737411e-02,1.690756e-01
2466,1.483086e-18,-1.403017e-05,9.374567e-05,4.934242e-04,-6.019800e-02,1.772293e-01,4.747016e+00
2467,5.324713e-18,-3.531464e-06,7.968672e-05,4.994187e-04,6.477334e-01,-1.587290e-02,3.204318e+00
2468,5.784049e-18,-7.030941e-06,8.671780e-05,5.000031e-04,1.561499e-01,-2.345124e-02,4.070548e+00
2469,2.484576e-17,-2.407749e-05,9.713223e-05,4.934733e-04,1.634705e-01,5.242375e-01,1.780367e+00
2470,2.406502e-19,-9.766157e-06,9.258061e-05,4.949829e-04,-5.958842e-01,9.851423e-01,2.594452e+00
2471,2.501596e-18,-2.439617e-05,9.686787e-05,4.851420e-04,-2.446686e-01,-2.738766e-02,1.488712e+00
2472,2.330673e-18,-1.172364e-05,7.959742e-05,4.846608e-04,1.242610e+00,2.013202e-01,6.056536e+00
2473,2.257886e-17,-2.410296e-05,8.474359e-05,4.887570e-04,-4.311533e-02,2.189809e-01,-7.501302e-02
2474,2.388868e-18,-1.008231e-05,7.727796e-05,4.890494e-04,-7.097433e-01,-2.289060e-01,1.121836e+01
2475,1.913541e-18,-1.189974e-05,7.980755e-05,4.797508e-04,6.768567e-01,-3.947146e-01,6.656397e+00
2476,1.249428e-17,-2.427077e-05,8.957081e-05,4.984594e-04,9.731533e-03,2.907982e-02,-1.746566e-01
2477,1.319919e-16,-1.062949e-05,6.325746e-05,4.904174e-04,4.156640e-01,-8.924317e-01,3.658413e+00
2478,6.543694e-18,2.015257e-05,5.215622e-05,4.942314e-04,-1.859601e+00,1.728945e+00,1.086178e+01
2479,1.474351e-17,1.697603e-05,5.345844e-05,4.936979e-04,-8.581123e-02,1.153151e+00,1.193424e+01
2480,8.437871e-17,7.351823e-06,5.945608e-05,4.976591e-04,-4.402162e-01,-5.483122e-01,4.556633e+00
2481,8.452313e-18,1.722246e-05,5.313389e-05,4.849340e-04,-4.068485e-01,7.825888e-01,8.419020e+00
2482,1.559976e-17,1.804890e-05,5.791847e-05,4.931472e-04,-7.777082e-01,-2.190377e+00,4.905489e+00
2483,4.906363e-18,2.821269e-07,5.935508e-05,4.913958e-04,3.305504e-01,3.473003e-02,-4.470099e-01
2484,1.413114e-17,5.995743e-06,6.636572e-05,4.879798e-04,-3.183815e-01,2.841238e-02,-4.233996e-02
2485,2.913477e-18,1.640891e-05,6.483296e-05,4.813397e-04,1.317244e-01,-1.712745e-01,-1.378875e+00
2486,1.267908e-17,2.425199e-05,6.175960e-05,4.979304e-04,-7.266438e-02,3.786103e-02,-2.289301e-02
2487,1.165435e-16,-2.350676e-05,6.182667e-05,4.857662e-04,-1.079226e-01,-2.794206e-01,2.389910e-01
2488,1.593919e-17,-1.478105e-05,6.906797e-05,5.000989e-04,1.007950e-01,2.868239e+00,6.213625e+00
2489,2.536235e-17,-1.804913e-05,7.015246e-05,4.828601e-04,-3.915472e-01,5.313784e-01,6.608945e+00
2490,3.269447e-18,-6.249588e-06,5.393547e-05,4.930291e-04,-3.146635e-02,7.930065e-01,7.528859e+00
2491,4.456655e-18,-1.094277e-05,5.858472e-05,4.934082e-04,-4.722165e-01,-1.186039e+00,-1.890737e-01
2492,2.527541e-17,-1.719152e-05,6.335863e-05,4.960643e-04,7.900550e-02,1.759533e+00,7.990233e+00
2493,1.441907e-18,-2.347387e-06,6.484484e-05,4.926407e-04,-6.695244e-02,5.320268e-02,-1.288528e+00
2494,2.938158e-18,-1.640645e-05,6.092886e-05,4.845155e-04,-2.327968e-01,-6.778341e-01,3.587950e+00
2495,4.977387e-18,-6.243895e-06,5.546807e-05,4.816747e-04,-8.044657e-02,-2.088433e-01,1.858734e+00
2496,2.574831e-18,-4.646878e-06,5.553478e-05,4.892644e-04,2.391449e-01,-1.966754e-01,9.797150e-01
2497,2.417109e-19,-1.679656e-05,6.835881e-05,4.793746e-04,-8.686665e-01,3.854827e-01,7.514689e+00
2498,6.750040e-18,-3.885441e-06,5.309704e-05,5.007674e-04,2.398391e-01,-2.338250e-01,1.048416e+00
2499,1.376393e-18,-2.360668e-06,6.015442e-05,4.879651e-04,-1.999649e-01,-2.023557e-01,-6.990895e-02
2500,9.207181e-18,-2.429935e-05,7.106120e-05,4.897886e-04,1.165811e-03,9.938199e-03,-3.713647e-01
2501,2.354718e-18,-2.460914e-05,5.407778e-05,4.975856e-04,4.984094e-03,4.549085e-02,-6.458513e-01
2502,3.147099e-17,-2.174459e-05,-1.899147e-04,4.815402e-04,-1.082147e+00,-5.663773e-01,9.183952e-01
2503,3.315213e-18,-3.120883e-06,-1.843658e-04,5.000073e-04,3.170308e-02,-6.357433e-01,7.106434e+00
2504,4.322315e-17,-2.186208e-05,-1.812396e-04,4.893333e-04,-1.667935e+00,4.490118e-01,3.726676e+00
2505,1.473241e-18,-6.994752e-06,-1.953084e-04,4.895177e-04,-5.389146e-01,-7.871972e-02,5.614453e+00
2506,2.932359e-18,-9.378945e-06,-1.812514e-04,4.999607e-04,-2.548723e-02,-1.291950e-01,3.982637e+00
2507,3.469821e-18,-9.375769e-06,-1.812447e-04,4.844750e-04,-1.573980e-02,-6.815955e-02,1.345744e+00
2508,2.455623e-18,-1.573276e-06,-1.960827e-04,4.852194e-04,1.699011e-01,1.906688e-01,5.570378e+00
2509,1.267639e-18,-1.569871e-06,-1.960910e-04,4.879622e-04,-5.572160e-01,-3.623905e-01,7.508981e+00
2510,2.213343e-17,-2.413054e-05,-1.954323e-04,4.975848e-04,2.441285e-02,1.704364e-02,-1.125410e-01
2511,9.426699e-17,5.722725e-06,-1.757190e-04,4.940471e-04,-7.973850e-01,-1.146602e-01,9.172649e+00
2512,4.008257e-17,1.351783e-05,-1.732240e-04,4.886162e-04,-4.109489e-01,-4.294459e-01,3.367989e+00
2513,1.162507e-18,1.559587e-05,-1.601424e-04,4.778192e-04,4.351782e-02,8.238848e-01,2.608862e+00
2514,5.290333e-17,1.297684e-05,-1.554198e-04,4.950829e-04,7.224732e-01,-1.536720e+00,2.493264e+00
2515,1.016036e-16,4.712175e-06,-1.601704e-04,4.987510e-04,5.003862e-01,3.450213e-02,2.613708e+00
2516,2.891724e-18,2.180312e-06,-1.624931e-04,4.910383e-04,1.058382e+00,1.805757e-01,6.939386e+00
2517,1.899760e-17,1.537007e-05,-1.648211e-04,4.981541e-04,-5.922449e-01,-2.217346e+00,1.084956e+01
2518,3.667274e-17,2.398321e-05,-1.687058e-04,4.992288e-04,-4.515764e-03,-2.287892e-03,1.346699e-01
2519,1.047497e-17,1.561591e-05,-1.601515e-04,4.887026e-04,2.261636e-02,1.387049e-01,5.495407e+00
2520,9.138042e-19,1.393181e-05,-1.665859e-04,5.004500e-04,-8.580367e-01,1.215033e-01,-2.837714e-01
2521,2.245103e-17,4.615851e-06,-1.813749e-04,4.891470e-04,-5.189096e-01,4.939626e-01,8.935457e+00
2522,8.661571e-18,7.038604e-06,-1.975618e-04,4.958139e-04,-1.721935e-02,-5.364514e-01,8.719314e+00
2523,6.601662e-19,1.569171e-06,-1.964842e-04,4.840667e-04,-1.804187e+00,2.485647e+00,6.707808e+00
2524,6.303110e-17,4.190190e-06,-1.937057e-04,4.889742e-04,5.575876e-01,1.497084e+00,7.415178e+00
2525,2.801718e-17,1.799192e-05,-1.821824e-04,4.844207e-04,-2.456930e-01,1.302453e+00,-3.404621e-01
2526,4.437691e-18,1.094241e-05,-1.843781e-04,4.925808e-04,1.868529e-02,-1.076695e-02,3.014748e+00
2527,4.051175e-18,7.018137e-06,-1.914175e-04,4.832942e-04,-7.204777e-01,2.345997e-01,2.281407e+00
2528,5.184205e-19,5.859821e-06,-1.812614e-04,4.856335e-04,1.245582e-01,1.144304e+00,1.037656e+01
2529,2.471518e-19,5.078220e-06,-1.808591e-04,4.848537e-04,6.043301e-01,2.800802e-01,9.818826e+00
2530,4.862328e-18,5.463432e-06,-1.812452e-04,4.821124e-04,6.502668e-01,-7.410268e-01,8.974059e+00
2531,1.328998e-18,5.254462e-06,-1.959964e-04,4.822146e-04,4.633623e-02,7.294589e-01,8.756330e+00
2532,1.281665e-18,1.556566e-06,-1.975812e-04,4.864070e-04,6.931531e-01,-4.666068e-01,1.093931e+01
2533,2.390234e-17,2.409385e-05,-1.808043e-04,4.975236e-04,-5.093747e-02,1.744893e-02,3.429652e-03
2534,1.014644e-17,2.425900e-05,-1.867141e-04,4.839363e-04,-3.291190e-02,5.733067e-03,-1.728781e-01
2535,7.473636e-19,-1.445389e-05,6.196423e-06,4.692380e-04,-4.233529e+00,-4.797240e-01,2.736109e+00
2536,1.295270e-18,-1.249435e-05,-1.718117e-05,4.739112e-04,-2.501319e-01,-2.985324e-02,1.721074e-02
2537,4.083856e-19,-1.835961e-05,-7.421809e-06,4.731407e-04,-2.278836e+00,-1.974939e+00,-3.962673e-01
2538,1.255601e-18,-1.679706e-05,-1.172211e-05,4.735499e-04,-1.804133e+00,-2.199724e-01,8.859330e-01
2539,3.190596e-19,-7.422622e-06,-2.070343e-05,4.723611e-04,7.331777e-01,1.662629e+00,-7.741299e-01
2540,1.212841e-18,-2.243253e-05,-1.502066e-05,4.753095e-04,8.035845e-01,-5.770039e-01,1.855283e-01
2541,6.246175e-18,-2.183877e-05,1.195609e-05,4.913507e-04,6.605958e-01,-1.365183e+00,1.514488e+01
2542,2.668332e-18,-2.266697e-05,1.719873e-05,4.882948e-04,-5.064957e-01,3.336175e-01,-1.435646e+00
2543,7.772644e-18,-7.024774e-06,8.561269e-06,4.916618e-04,7.499310e-01,2.175358e+00,9.576025e-01
2544,3.835103e-18,-3.905704e-06,1.093991e-05,4.912781e-04,-2.290405e-02,6.802641e-02,-1.900606e+00
2545,1.035191e-18,-5.674803e-06,1.934086e-05,4.990219e-04,1.151443e-01,1.129298e-01,-4.815445e-01
2546,3.128343e-18,-7.818580e-06,1.875285e-05,4.937444e-04,4.213173e-02,-4.091478e-01,2.621047e+00
2547,1.829517e-17,-3.857594e-06,1.058093e-05,4.854886e-04,4.337743e-01,5.576647e-01,2.097703e+00
2548,5.405960e-18,-1.172059e-05,7.811739e-06,4.980557e-04,-3.132383e-01,-2.128432e-01,2.776012e+00
2549,4.004553e-18,-1.633065e-05,9.392926e-06,4.947666e-04,-5.693459e-01,-1.308213e+00,1.886375e+01
2550,1.098689e-17,-6.567295e-06,1.677456e-05,4.818298e-04,3.271743e-01,-3.706774e-01,1.354880e+00
2551,2.998138e-18,-1.329092e-05,4.682769e-06,4.906249e-04,-1.983938e-01,-1.739946e-01,1.107096e+00
2552,5.508146e-17,2.017862e-04,-9.769274e-06,5.178773e-04,-4.409686e-01,-7.922781e-02,1.269159e+01
2553,4.154093e-16,1.899596e-04,-2.643323e-06,5.200689e-04,-2.861481e-01,5.526899e-01,8.888254e+00
2554,1.463604e-16,2.182077e-04,-3.395403e-06,5.174565e-04,2.504306e-01,-1.347688e+00,8.772866e+00
2555,4.545570e-18,2.117219e-04,-3.119945e-06,5.171788e-04,-6.790120e-03,-4.370879e-02,1.040810e+01
2556,2.878518e-18,1.961336e-04,8.616664e-06,5.222434e-04,-6.460320e-01,2.073654e-01,6.957586e+00
2557,8.110391e-18,1.852241e-04,8.057405e-06,5.153241e-04,6.891622e-01,-1.352118e+00,6.358351e+00
2558,1.272703e-18,1.867196e-04,3.121754e-06,5.264074e-04,-4.482404e-01,-6.878409e-02,7.146616e+00
2559,3.202085e-18,1.765893e-04,1.252054e-05,5.107851e-04,5.760212e-01,9.345768e-01,5.826735e+00
2560,3.374738e-18,1.812477e-04,2.343462e-06,5.092732e-04,2.567683e-02,6.607414e-02,3.074813e+00
2561,1.172382e-18,2.117151e-04,-3.121061e-06,5.225933e-04,8.507599e-02,1.022922e-01,7.312374e+00
2562,3.234846e-18,2.140647e-04,-7.033590e-06,5.054094e-04,1.653498e-01,-2.683103e-02,5.828750e+00
2563,8.235032e-18,2.063229e-04,-3.490148e-06,5.195083e-04,9.488330e-02,5.923288e-01,1.173122e+01
2564,1.473916e-17,2.127160e-04,-1.100305e-05,5.142755e-04,-1.204028e-01,8.609627e-01,6.713804e+00
2565,2.986741e-18,2.070361e-04,-1.329356e-05,5.177104e-04,-2.747360e-02,-7.453970e-01,6.134160e+00
2566,4.050444e-18,2.117222e-04,-3.126359e-06,5.141653e-04,8.697008e-02,4.805058e-02,1.061982e+01
2567,5.541817e-18,2.195304e-04,-3.126362e-06,5.073485e-04,7.031079e-02,2.105151e-02,7.484061e+00
2568,2.374248e-17,2.066781e-04,1.092403e-05,5.055458e-04,-6.301938e-01,2.907978e+00,1.155119e+01
2569,3.757116e-17,2.143784e-04,9.576723e-06,5.258088e-04,5.391956e-01,-4.760478e-01,5.135166e+00
2570,1.626255e-18,2.226590e-04,1.159286e-05,5.185926e-04,2.347805e-03,-4.315060e-01,3.914336e+00
2571,4.267428e-18,2.023545e-04,4.682528e-06,5.118617e-04,-2.021088e-01,2.757887e-01,3.997765e+00
2572,3.259447e-18,2.062507e-04,1.638245e-05,5.139260e-04,7.768875e-02,-1.906774e+00,1.866796e+00
2573,3.580268e-17,1.893428e-04,-1.882622e-05,5.403576e-04,1.230708e-02,-8.223531e-01,1.125048e+01
2574,6.936467e-19,1.936180e-04,-1.783315e-05,5.271718e-04,-1.629406e-02,-5.208518e-02,8.641199e+00
2575,1.516794e-17,1.793387e-04,-9.481184e-06,5.278673e-04,-2.967075e-01,7.829820e-01,6.590595e+00
2576,1.491099e-18,1.765630e-04,-1.016191e-05,5.322776e-04,-1.341284e-02,-8.354238e-02,3.591990e+00
2577,1.253869e-18,1.984358e-04,-1.018080e-05,5.447378e-04,-1.899366e-01,1.483558e-01,1.337799e+00
2578,2.225991e-17,1.830720e-04,-6.248308e-06,5.235005e-04,-6.052327e-01,-1.213178e+00,8.035108e+00
2579,8.060032e-17,1.829988e-04,-6.111393e-06,5.237709e-04,-3.715338e-01,-9.458155e-01,7.695901e+00
2580,6.725984e-17,1.902796e-04,-1.483865e-05,5.059759e-04,1.003895e+00,7.212639e-01,8.324256e+00
2581,8.609845e-18,1.788422e-04,-1.489992e-05,5.211456e-04,-2.474364e+00,-7.119788e-01,8.034805e+00
2582,2.557331e-18,1.945306e-04,-6.243409e-06,5.130101e-04,7.373690e-02,-1.510819e-02,1.965793e+01
2583,5.323434e-18,1.929793e-04,-1.167246e-05,5.185135e-04,-6.628909e-01,-3.642104e-01,7.809840e+00
2584,3.204938e-18,1.945352e-04,-6.259188e-06,5.100656e-04,1.062299e-01,-7.279653e-02,1.867665e+01
2585,2.466072e-18,1.937682e-04,-1.795477e-05,5.077384e-04,1.738877e-01,-5.579110e-01,6.901280e+00
2586,1.275037e-17,1.845829e-04,-1.051907e-05,5.188326e-04,-8.104366e-01,7.035002e-01,4.134121e+00
2587,3.564041e-18,1.976577e-04,-1.483140e-05,5.119603e-04,-2.773809e-02,-1.448023e-01,4.115632e+00
2588,6.759229e-18,1.945299e-04,-6.244621e-06,5.054624e-04,-4.155478e-02,-6.181473e-02,1.657892e+01
2589,2.810862e-18,1.945563e-04,-6.216559e-06,5.168842e-04,3.406247e-01,3.499546e-01,2.060301e+01
2590,1.392226e-16,1.988305e-04,1.507169e-05,5.354391e-04,-1.943034e+00,2.046355e-01,5.477707e+00
2591,4.976821e-17,1.830088e-04,1.071888e-05,5.359555e-04,-1.014828e+00,-3.913127e-01,8.381246e+00
2592,7.326067e-18,1.808845e-04,2.348333e-06,5.404361e-04,-2.096394e-01,1.913866e-02,8.085160e+00
2593,4.341864e-18,1.867186e-04,3.154655e-06,5.494224e-04,-3.652777e-02,7.166139e-03,1.706052e+01
2594,2.749065e-18,1.789094e-04,1.563001e-05,5.413865e-04,2.335032e-01,1.284671e-01,4.395638e+00
2595,3.179095e-18,1.921839e-04,1.171882e-05,5.305032e-04,3.775066e-02,9.919803e-02,2.994834e+00
2596,1.288849e-18,1.953142e-04,1.016963e-05,5.439626e-04,-8.736900e-02,1.345943e-01,8.896114e-01
2597,1.270329e-17,2.218373e-04,1.182992e-05,5.456818e-04,1.160677e-01,7.661225e-01,5.238864e+00
2598,2.933266e-18,2.218694e-04,1.250916e-05,5.319038e-04,-4.201757e-02,5.475031e-01,5.080036e+00
2599,1.086194e-18,2.210934e-04,4.691737e-06,5.322775e-04,6.479494e-03,2.314682e-02,3.692972e+00
