droplet_id,volume,ux,uy,uz,vx,vy,vz
1,8.974579e-18,-1.101113e-05,8.719808e-06,5.006530e-04,5.714383e-01,2.268806e+00,1.200607e+01
2,3.675184e-17,-6.545110e-06,1.735934e-06,4.997054e-04,1.758704e+00,1.304591e+00,3.340190e+00
3,4.658921e-18,-1.563242e-05,9.355077e-06,5.450904e-04,-3.567643e-01,-7.480025e-01,3.317297e+01
4,2.132615e-16,-1.265651e-05,-3.853794e-06,5.322334e-04,-1.796148e-01,2.265179e-01,5.519815e+00
5,5.493045e-18,-1.561067e-05,9.313757e-06,5.390663e-04,-2.312256e-01,-3.677959e-01,3.139973e+01
6,7.127923e-18,-1.561234e-05,9.288318e-06,5.303611e-04,-1.753294e-01,-4.414685e-01,2.764834e+01
7,9.088162e-17,-1.071951e-05,1.372576e-05,5.389278e-04,1.814073e+00,1.030389e+00,7.714655e+00
8,1.221380e-18,-2.342945e-05,9.379641e-06,5.398175e-04,3.875718e-02,1.354778e-02,7.367099e+00
9,1.206995e-17,-1.796631e-05,4.378941e-06,5.439796e-04,-4.612937e-02,1.516127e-02,1.050957e+01
10,1.357290e-18,-7.809842e-06,2.038141e-05,5.261802e-04,4.632597e-02,2.816555e-01,6.643877e+00
11,3.631529e-17,-2.305124e-05,2.529152e-05,5.426846e-04,1.139577e+00,2.614605e+00,8.137967e+00
12,1.568921e-18,-1.172268e-05,7.818329e-06,5.307347e-04,-4.411990e-01,7.526746e-03,4.984780e+00
13,3.921118e-17,-2.928009e-06,1.662673e-05,5.443451e-04,-4.212666e-01,1.158330e+00,6.475730e+00
14,9.274984e-17,-2.497725e-06,-2.156563e-06,5.478906e-04,1.953789e-01,3.180296e-01,8.684246e+00
15,1.330352e-18,-1.875768e-05,1.563923e-05,5.421298e-04,2.227852e-02,-2.703645e-02,-7.324334e-01
16,1.132468e-17,-1.588076e-05,5.468933e-06,5.101056e-04,4.224412e+00,8.534087e-01,8.763366e+00
17,4.686138e-17,-1.726139e-05,7.184594e-06,5.045303e-04,-6.286342e-01,-2.660870e+00,1.963566e+01
18,1.047158e-16,-1.564312e-05,6.078338e-06,5.106492e-04,3.382475e+00,-3.619457e-01,9.156235e+00
19,6.789037e-17,-2.693262e-05,1.350984e-06,5.121765e-04,1.257966e-01,-4.896597e-05,9.084847e+00
20,4.090229e-17,-8.039759e-06,1.168407e-05,5.052382e-04,2.617910e+00,6.011468e+00,2.102908e+01
21,4.478584e-18,-1.563843e-05,9.136648e-06,5.195906e-04,-1.215883e-01,-1.934419e-01,1.716606e+01
22,6.510607e-18,-2.186763e-05,1.066249e-05,5.031313e-04,-7.907506e-01,-1.280634e+00,1.364841e+01
23,3.580903e-17,-1.740128e-05,1.767821e-06,5.230544e-04,2.673836e-01,2.615616e-01,4.843446e+00
24,2.870277e-17,-1.253534e-05,1.566944e-05,5.150417e-04,2.789329e-01,-3.357595e-01,6.015192e+00
25,3.276703e-18,-1.171730e-05,7.812043e-06,5.242820e-04,-1.583533e-02,1.899644e-01,4.960340e+00
26,3.782504e-18,-7.839977e-06,1.950382e-05,5.237966e-04,-3.035036e-01,-1.105128e-01,8.304449e+00
27,6.661857e-18,-2.459677e-05,1.641389e-05,5.149671e-04,-1.758068e+00,3.608223e-01,9.846386e-01
28,1.119162e-17,-1.617019e-05,1.752228e-05,5.123695e-04,2.222177e-01,-3.049797e+00,-5.039730e-01
29,8.057936e-18,-4.771200e-06,2.889404e-06,5.032254e-04,-5.285723e-01,-1.487883e+00,3.382074e-01
30,4.722667e-17,-2.304425e-05,-7.907165e-06,5.491113e-04,6.865040e-01,-3.349484e+00,1.420652e+01
31,7.988662e-12,5.192247e-08,2.512996e-08,3.853405e-04,-1.136580e-03,-5.768197e-04,-1.138850e+00
32,1.674301e-17,1.525348e-06,-1.903009e-05,5.242184e-04,-4.498714e-01,2.265526e-01,2.196571e+01
33,1.223833e-17,1.552353e-06,-1.254879e-05,5.116492e-04,5.381194e-01,8.808110e-02,9.674763e+00
34,1.015475e-18,-1.797196e-05,-3.905556e-06,5.045628e-04,-2.468461e-01,1.615546e-02,4.198294e-01
35,2.816299e-18,-2.577833e-05,-6.253938e-06,5.325872e-04,2.985525e-01,1.695234e-01,8.800120e+00
36,1.374831e-17,-2.790935e-07,-2.650827e-05,5.424477e-04,6.733648e-01,8.243454e-02,7.211345e+00
37,2.450733e-17,1.805669e-06,-1.344284e-05,5.431622e-04,1.396705e+00,-1.230420e+00,4.047432e+00
38,7.705491e-18,1.314332e-06,-1.774910e-05,5.318997e-04,-1.042772e+00,3.944819e-01,3.145650e+00
39,1.408665e-18,-1.875094e-05,-1.875170e-05,5.360526e-04,-9.500557e-02,-8.217154e-02,4.962956e+00
40,5.738882e-18,-1.185490e-05,-1.953580e-05,5.292113e-04,2.292019e+00,1.924466e-01,3.928101e+00
41,3.343738e-18,-1.560049e-06,-1.562168e-05,5.477491e-04,-1.064164e-01,8.244956e-02,5.416809e+00
42,2.626900e-18,-1.015448e-05,-1.796087e-05,5.485461e-04,1.011004e-01,-7.832263e-01,1.890124e+00
43,2.188259e-18,7.846200e-07,-9.372181e-06,5.477004e-04,-4.191097e-02,1.335102e-02,-1.106854e+00
44,6.790784e-18,-3.524857e-05,-1.642847e-05,5.391024e-04,-1.109942e-01,1.049067e-01,1.833466e+01
45,5.169366e-19,-4.300081e-05,-5.858694e-06,5.337930e-04,2.946849e-01,2.987739e-01,1.393486e+01
46,7.938888e-18,-3.280397e-05,-1.155873e-06,5.254369e-04,1.330932e-01,-2.590699e-01,1.058725e+01
47,2.284013e-17,-3.601786e-05,-1.245921e-05,5.487267e-04,-7.335036e-01,1.273450e-01,6.371565e+00
48,2.831076e-18,-4.453629e-05,-6.249824e-06,5.478100e-04,2.880519e-01,-9.914683e-02,1.093802e+00
49,2.344197e-17,-4.371237e-05,1.523560e-06,5.285640e-04,-5.001351e+00,2.147660e+00,3.266688e+01
50,1.516766e-17,-3.021730e-05,7.377961e-06,5.312494e-04,7.880724e-01,-1.883271e+00,7.847654e+00
51,4.864983e-18,-3.281033e-05,1.328284e-05,5.254360e-04,1.532043e-02,1.523930e-01,8.242480e+00
52,3.805711e-17,-4.513910e-05,1.285234e-05,5.327622e-04,-4.256634e-01,2.190542e-01,6.697059e+00
53,1.413106e-18,-3.828782e-05,1.874480e-05,5.322738e-04,-2.120010e-01,3.239868e-01,6.340105e+00
54,1.591122e-18,-4.126874e-05,1.654213e-05,5.349382e-04,-2.851114e-01,6.545710e-02,4.530860e+00
55,3.668016e-18,-3.202910e-05,3.905243e-06,5.326434e-04,-2.156528e-01,1.235007e+00,3.776395e+00
56,3.838220e-17,-3.199247e-05,4.002473e-06,5.330613e-04,-9.843114e-02,1.088580e+00,3.905902e+00
57,1.331246e-18,-3.828522e-05,1.875316e-05,5.391218e-04,-6.043650e-02,4.968115e-01,5.317854e+00
58,3.018069e-18,-4.452550e-05,3.121635e-06,5.462524e-04,2.848156e-02,-8.272439e-02,3.268375e+00
59,2.632718e-18,-3.593458e-05,4.689192e-06,5.371989e-04,-1.326766e-01,-9.525281e-02,1.729922e+00
60,3.043068e-18,-8.750038e-05,-1.171072e-05,5.409886e-04,-3.176491e-03,-1.055087e-01,1.418719e+01
61,1.688388e-18,-9.131586e-05,-9.500085e-06,5.427754e-04,-1.026711e+00,6.060298e+00,4.350895e+00
62,3.113207e-18,-7.812738e-05,2.936683e-09,5.334061e-04,-8.287578e-02,2.228660e-01,9.561085e+00
63,4.570043e-18,-8.749905e-05,-1.171961e-05,5.338033e-04,1.692717e-01,-6.623779e-02,1.319390e+01
64,2.064682e-18,-8.989774e-05,-1.489874e-05,5.371418e-04,-9.712356e-02,2.129546e-02,1.187835e+01
65,3.401618e-18,-8.359228e-05,-4.687831e-06,5.258216e-04,9.794452e-02,-1.736333e-01,5.430241e+00
66,1.751606e-18,-9.297906e-05,-6.587188e-07,5.475685e-04,-7.504228e-02,2.448543e-02,9.997590e+00
67,2.662623e-18,-7.968778e-05,-1.797368e-05,5.289327e-04,-1.072969e-02,-1.932496e-01,2.813600e+00
68,3.742791e-17,-9.081334e-05,3.139079e-06,5.294323e-04,1.984549e+00,-2.296418e-01,1.354969e+01
69,1.067070e-17,-7.696835e-05,1.783008e-05,5.431106e-04,2.530811e+00,4.832955e-01,9.968087e+00
70,4.854892e-18,-7.499664e-05,-1.406267e-05,4.998940e-04,6.342464e-02,-4.202850e-01,5.980240e+00
71,1.677283e-18,-9.218676e-05,-1.485417e-05,5.169747e-04,4.162561e-01,-7.250536e-01,9.017119e+00
72,1.118047e-18,-8.671891e-05,-4.695310e-06,5.130923e-04,-2.088544e-01,-3.191378e-01,5.884752e+00
73,1.162844e-18,-9.843395e-05,-1.249830e-05,5.030344e-04,-8.921629e-02,-2.875778e-01,-3.089590e+00
74,5.420738e-19,-7.496764e-05,-1.054597e-05,5.038069e-04,-4.824603e-02,3.582541e-01,1.868841e-02
75,2.555250e-18,-8.671895e-05,5.469662e-06,5.211652e-04,2.054248e-01,7.817723e-02,7.154906e+00
76,1.226433e-17,-9.116924e-05,1.654187e-05,5.036384e-04,-9.879085e-01,-4.089542e-01,3.447889e+00
77,2.353735e-19,-7.695333e-05,1.211006e-05,5.022673e-04,5.091473e-01,8.108183e-01,-2.471950e+00
78,3.830968e-17,-1.099736e-04,2.042637e-05,4.990150e-04,1.440318e+00,2.097121e+00,9.428256e+00
79,4.247297e-18,-1.070434e-04,1.636758e-05,4.994582e-04,4.152860e-01,-4.971604e-01,1.203778e+01
80,9.457422e-17,-1.071205e-04,-1.834167e-06,4.989114e-04,2.581542e-01,-1.928560e+00,3.518270e+00
81,2.507718e-18,-1.054708e-04,2.352702e-06,5.142607e-04,-1.134915e-02,1.009169e-01,4.038673e+00
82,6.658049e-17,4.443071e-06,1.085445e-04,4.943978e-04,-4.148584e-01,5.540480e-01,1.020311e+01
83,3.080794e-17,6.602555e-07,9.807164e-05,4.909958e-04,-1.643894e+00,1.251525e+00,2.653135e+00
84,4.079046e-19,1.054860e-05,1.027353e-04,4.843242e-04,1.494242e-01,6.060789e+00,1.311532e+01
85,1.822136e-17,1.583249e-05,1.263785e-04,4.884692e-04,-2.380816e-01,-1.427685e+00,2.263599e+00
86,1.085555e-18,4.297362e-06,1.093666e-04,4.862660e-04,3.080289e-01,1.362289e+00,7.960286e+00
87,6.299784e-19,5.859677e-06,1.078381e-04,4.780779e-04,1.803931e+00,-2.938878e-01,1.854955e+00
88,2.986977e-18,1.250214e-05,1.241984e-04,4.917417e-04,2.388321e-01,2.615786e-01,2.927714e+00
89,3.451085e-18,7.813839e-06,1.210971e-04,4.839389e-04,2.974921e-01,2.081444e-01,1.502787e+00
90,1.073595e-17,2.425716e-05,1.268021e-04,4.963398e-04,5.469755e-02,1.336536e-01,-1.640422e+00
91,8.153194e-18,6.160062e-07,1.222607e-04,5.006738e-04,6.085103e-01,2.286200e-01,3.073731e+00
92,9.673070e-18,-6.255420e-06,1.242242e-04,4.987487e-04,-1.805539e-01,2.570134e-02,4.571219e+00
93,1.481143e-18,-2.345733e-06,1.117223e-04,4.975817e-04,3.372826e-01,-5.093595e-01,9.298858e+00
94,2.405297e-18,-1.724052e-05,1.257296e-04,4.926459e-04,1.785670e-02,8.576924e-02,5.431084e-01
95,2.906834e-18,-6.250066e-06,1.156256e-04,4.980245e-04,-9.388833e-02,-1.850372e-01,3.145171e-01
96,3.273232e-18,-2.329968e-06,1.163809e-04,4.886102e-04,-2.422113e-01,-1.583723e-01,8.510701e-01
97,1.211499e-18,-1.406814e-05,1.210920e-04,4.975951e-04,-1.960984e-02,1.604184e-01,2.260817e+00
98,2.220627e-18,-2.464774e-06,1.218708e-04,4.958057e-04,4.414985e-01,-2.684516e-02,1.821966e+00
99,3.907191e-18,-2.375845e-06,1.116922e-04,4.932077e-04,5.416872e-02,6.598472e-01,8.716900e+00
100,4.758048e-18,-2.412806e-06,1.112255e-04,4.885039e-04,1.360974e+00,-2.848167e+00,8.442541e+00
101,1.307300e-18,-1.718853e-05,1.007965e-04,4.866677e-04,-9.229203e-02,1.540793e-01,-4.836833e+00
102,5.381640e-18,-9.376681e-06,1.179644e-04,4.859178e-04,-1.011542e-01,4.097137e-01,-5.293770e-01
103,3.510384e-18,-1.407981e-05,1.226647e-04,4.784798e-04,-1.175730e-02,-1.498734e-01,-1.019092e+00
104,1.821161e-17,-2.420278e-05,1.020831e-04,4.984486e-04,1.457654e-02,3.626927e-02,-1.571192e+00
105,8.157885e-19,-1.187171e-05,8.503002e-05,5.007163e-04,-5.026185e-01,2.807770e-01,1.636202e+01
106,1.507830e-17,5.755118e-06,1.007143e-04,5.097430e-04,1.304612e+00,3.239004e+00,3.159140e+00
107,3.052639e-18,8.616865e-06,1.038910e-04,5.072940e-04,6.074366e-01,5.506173e-01,3.596974e+00
108,3.924560e-18,1.663615e-05,1.101640e-04,5.135934e-04,-3.483809e-01,-4.200772e-02,3.748502e+00
109,8.292698e-18,1.381244e-05,1.179571e-04,5.183913e-04,-1.805661e-01,2.464405e-02,7.360096e+00
110,4.435305e-18,7.820082e-06,1.124995e-04,5.122160e-04,-2.251570e-01,-1.607058e-02,4.089896e+00
111,2.716839e-18,4.699807e-06,1.093616e-04,5.049017e-04,1.537648e-01,3.797899e-01,2.818857e+00
112,5.102188e-18,1.250226e-05,1.242195e-04,5.238181e-04,2.950991e-01,-6.057593e-02,9.092614e+00
113,5.689871e-18,9.233090e-06,1.070828e-04,5.250251e-04,9.799522e-01,-1.357911e+00,4.061911e+00
114,1.400839e-18,1.406018e-05,1.171891e-04,5.022655e-04,2.892783e-01,-1.065935e-01,3.217485e+00
115,8.055209e-18,8.593469e-06,1.218458e-04,5.062347e-04,-2.961691e-01,2.619711e-01,4.161510e+00
116,6.003722e-18,1.899917e-05,1.078126e-04,5.194159e-04,1.121635e-01,-2.586789e-01,1.199903e+00
117,2.996908e-18,1.717699e-05,1.101569e-04,5.034793e-04,5.438839e-02,-2.274463e-01,8.679615e-01
118,1.714888e-18,1.485045e-05,-2.496075e-04,5.350062e-04,-4.571130e-02,-1.630198e-01,7.021861e+00
119,2.674860e-18,1.640949e-05,-2.398410e-04,5.426937e-04,8.988707e-02,-2.606027e-02,6.484523e+00
120,1.577394e-18,1.094209e-05,-2.445291e-04,5.330941e-04,2.071500e-02,2.004380e-01,5.792570e+00
121,1.770946e-16,-4.623724e-06,-2.129915e-04,5.368099e-04,1.071207e+00,4.756962e-01,7.567061e+00
122,3.450925e-17,-1.515835e-05,-2.196918e-04,5.286791e-04,3.585751e-01,9.125778e-02,1.057903e+01
123,5.398593e-18,-5.617160e-06,-2.078076e-04,5.412803e-04,1.007380e-01,-1.934832e-02,7.013459e+00
124,4.947082e-18,-9.376668e-06,-2.210899e-04,5.277041e-04,-1.267095e-01,-1.078397e-01,3.137115e+00
125,1.120822e-18,-1.952753e-05,-2.148547e-04,5.406832e-04,-1.217450e-02,3.818580e-02,2.466174e+00
126,1.010778e-18,-1.952653e-05,-2.148432e-04,5.444777e-04,-2.634213e-02,2.012904e-02,2.305375e-01
127,3.251221e-18,1.641251e-05,-2.093724e-04,5.296000e-04,9.204846e-02,5.583332e-02,5.940689e+00
128,7.309745e-17,-1.091355e-05,-1.920713e-04,5.484966e-04,1.487933e-01,1.644069e-01,9.901593e+00
129,1.207857e-16,1.284095e-05,-1.731720e-04,5.238533e-04,3.568405e-01,-1.886482e-01,6.219349e+00
130,6.297419e-19,-3.047640e-06,-1.972654e-04,5.337837e-04,-2.455463e+00,-5.622673e+00,1.137481e+01
131,3.711802e-18,-1.174421e-05,-1.742685e-04,5.377754e-04,5.460061e-03,1.737721e-01,6.098940e+00
132,8.078541e-18,-1.250086e-05,-1.821289e-04,5.256084e-04,-1.310360e-01,2.750269e-01,4.560646e+00
133,2.585528e-17,-6.139965e-06,-1.751159e-04,5.393427e-04,-5.460822e-01,8.813281e-01,4.962317e+00
134,1.366644e-16,-6.597433e-06,-1.744852e-04,5.400585e-04,-4.924049e-01,6.001456e-01,5.471934e+00
135,5.514991e-18,-2.185785e-05,-1.921673e-04,5.343103e-04,1.452517e-01,-1.092002e-01,2.833719e+00
136,5.550818e-18,-1.015763e-05,-1.821868e-04,5.436214e-04,-5.602320e-02,-1.385518e-01,4.576730e+00
137,5.470092e-18,-1.481769e-05,-1.735000e-04,5.482324e-04,-8.103739e-01,-6.357961e-01,4.498003e+00
138,4.672447e-18,-1.796659e-05,-1.874976e-04,5.475229e-04,-6.669924e-02,1.621111e-01,2.476031e+00
139,1.331099e-16,4.001170e-06,-1.954914e-04,5.223496e-04,1.924585e+00,3.491236e-01,1.573298e+01
140,3.007628e-17,1.938604e-05,-1.874609e-04,5.366123e-04,1.761919e+00,-1.446404e+00,9.372775e+00
141,6.164553e-18,1.445941e-05,-1.921882e-04,5.448411e-04,2.292460e+00,-2.928139e-03,5.771688e+00
142,4.979898e-18,7.034220e-06,-1.835929e-04,5.451771e-04,-6.103164e-02,-8.047345e-02,6.139442e+00
143,8.502350e-18,4.897465e-06,-1.844527e-04,5.276945e-04,-7.336108e-01,1.152729e-02,9.165319e+00
144,4.329199e-18,5.457220e-06,-1.834984e-04,5.308753e-04,-2.948687e-01,6.769943e-01,5.172767e+00
145,2.301798e-17,2.251518e-04,-1.178634e-05,4.981521e-04,-7.585047e-01,4.931979e-01,1.798246e+00
146,3.338838e-17,2.317773e-04,-6.274690e-06,4.989405e-04,7.194075e-01,-3.163672e-01,9.186355e+00
147,1.514780e-17,2.300593e-04,-2.394247e-05,4.910043e-04,4.902822e+00,-2.609472e+00,1.600611e+01
148,6.003063e-19,2.320588e-04,-2.734782e-06,4.858840e-04,-2.429642e-01,5.299938e-02,2.518600e+00
149,1.226288e-17,2.295793e-04,-1.331608e-05,4.996558e-04,-7.404906e-01,1.952865e-01,9.866806e+00
150,2.550014e-18,2.296823e-04,-1.250786e-05,4.878217e-04,1.746476e-02,-7.995398e-02,4.582048e+00
151,1.302826e-17,2.491009e-04,-2.403675e-05,4.875211e-04,2.009677e-01,1.763519e-01,2.677863e-01
152,2.484537e-18,2.468310e-04,-1.138912e-05,4.826818e-04,-1.582337e-01,3.630084e-01,-3.817838e-01
153,1.395256e-18,2.496096e-04,-8.608577e-06,4.877695e-04,1.457703e-01,-1.389521e-01,4.300315e+00
154,4.294209e-18,2.453346e-04,-2.367766e-06,4.919427e-04,1.058970e-02,-6.357754e-03,4.382273e+00
155,1.016619e-17,2.492891e-04,-6.768332e-06,5.007934e-04,-1.912868e-02,4.721048e-01,6.673432e+00
156,1.372267e-17,2.428276e-04,-1.697036e-05,4.763319e-04,-1.761153e+00,-8.483363e-01,6.339530e-01
157,3.935832e-18,2.293386e-04,-2.174044e-05,4.851044e-04,4.365159e+00,-1.886159e+00,1.242789e+01
158,2.611893e-18,2.414019e-04,-8.548609e-06,4.995024e-04,-1.344358e-01,-7.050349e-01,1.843509e+01
159,2.401680e-18,2.496096e-04,-2.187069e-05,4.937732e-04,4.324359e-02,-1.138132e-01,-2.353271e+00
160,2.053098e-17,2.413836e-04,-8.589308e-06,4.882212e-04,-3.191862e-01,2.736804e-01,1.013852e+01
161,2.443241e-18,2.430331e-04,-5.394246e-06,4.848075e-04,1.714031e-01,-2.075828e-01,3.521338e-01
162,8.614304e-18,2.296945e-04,-1.327883e-05,4.945018e-04,-4.234378e-01,1.045790e-01,1.130701e+01
163,5.992186e-18,2.296916e-04,-1.215800e-05,4.838356e-04,-7.101609e-02,-6.989230e-02,2.960058e+00
164,5.509174e-18,2.405875e-04,-8.584270e-06,4.786685e-04,2.211287e-01,-1.942427e-01,4.949856e+00
165,4.040075e-18,2.429313e-04,-5.385611e-06,4.764340e-04,-2.359561e-01,9.599485e-01,-2.113750e+00
166,5.402647e-19,2.394531e-04,-8.203119e-06,4.753837e-04,-5.519994e-01,-4.533603e-01,1.414589e+00
167,1.975165e-18,2.280032e-04,9.387628e-06,4.852977e-04,-3.740188e-01,-7.081166e-01,9.570619e+00
168,1.456607e-18,2.496095e-04,1.251780e-05,4.956910e-04,1.198860e-01,5.772725e-01,7.629842e+00
169,2.955352e-18,2.453101e-04,1.327761e-05,4.878738e-04,-7.767592e-01,4.591429e-01,4.039438e+00
170,7.826318e-19,2.496092e-04,6.914286e-06,4.786220e-04,-1.831826e-01,4.117925e-01,3.681852e-01
171,4.511229e-18,2.453102e-04,1.407159e-05,5.023680e-04,1.293728e-01,6.727855e-01,1.037414e+01
172,2.644388e-18,2.281174e-04,8.577822e-06,4.815672e-04,1.060208e+00,6.042519e-01,5.940332e+00
173,1.331953e-18,2.263134e-04,1.538429e-05,4.780815e-04,-3.128717e-01,-3.218548e-02,3.521258e+00
174,1.212698e-18,2.273487e-04,5.078111e-06,4.737936e-04,-3.834356e+00,-5.832562e-01,6.231931e-01
175,2.496594e-19,2.324219e-04,1.445310e-05,4.702685e-04,-1.146633e+00,-8.787282e-01,3.339138e-01
176,6.087194e-19,2.461411e-04,1.914088e-05,4.757331e-04,-1.890923e+00,1.010248e+00,5.667474e-01
177,4.582867e-18,2.257582e-04,1.563008e-05,4.741445e-04,3.898548e-01,-6.696053e-01,1.114791e+00
178,1.173226e-18,2.269531e-04,3.140331e-06,4.690886e-04,-1.660366e+00,-5.299655e+00,-6.651299e+00
179,5.710309e-19,2.496093e-04,2.734413e-06,4.706787e-04,4.539455e-01,-3.824310e-02,-8.283688e+00
180,7.759131e-18,2.011913e-05,-2.313552e-04,4.791969e-04,6.998303e-02,3.121963e-01,6.644900e+00
181,4.201598e-19,1.836025e-05,-2.324224e-04,4.757385e-04,-1.481113e+00,-2.074355e+00,2.538498e+00
182,1.246994e-18,1.306204e-05,-2.351201e-04,4.770799e-04,-9.907133e-01,-1.007945e+00,-4.604570e-01
183,5.698705e-19,1.757754e-05,-2.328510e-04,4.741775e-04,-4.882585e+00,-4.678448e+00,-1.391536e+00
184,7.146600e-19,-3.127276e-06,-2.292968e-04,4.741757e-04,6.841734e-01,3.778961e+00,-2.638211e+00
185,2.241758e-17,2.345704e-06,-2.039079e-04,4.599777e-04,2.815738e-01,-1.804743e-01,-1.043686e+00
186,2.780750e-19,-1.132814e-05,-2.050783e-04,4.718348e-04,-2.614924e+00,1.813174e+00,2.738530e+00
187,1.070445e-18,-9.764962e-06,-2.058213e-04,4.694891e-04,1.306249e+00,-1.391763e+00,-1.305711e+00
188,2.537792e-19,-8.984545e-06,-2.050777e-04,4.679291e-04,3.114664e+00,-4.261365e-01,-4.542115e+00
189,7.348080e-18,-3.673509e-06,-1.906257e-04,4.989120e-04,2.222205e+00,1.715210e-03,1.525547e+01
190,1.146577e-18,-1.553134e-06,-1.960961e-04,4.952409e-04,-3.081321e-01,4.180034e-02,6.115768e+00
191,4.521504e-17,-2.345975e-05,-1.810023e-04,4.922449e-04,-2.334004e+00,2.098343e-01,2.949685e+00
192,1.765659e-18,-7.025440e-06,-1.967302e-04,4.848629e-04,-5.931732e-02,-3.257343e+00,6.556086e+00
193,1.177297e-18,-1.876107e-05,-1.828134e-04,4.757348e-04,-4.697497e-01,-2.189165e-01,-2.250359e+00
194,7.089081e-18,-5.389497e-06,-1.931139e-04,4.916755e-04,-1.595567e+00,1.861262e+00,1.051751e+01
195,1.056225e-18,-7.169973e-06,-1.954405e-04,4.936853e-04,4.412942e-02,-4.028659e-02,4.015643e+00
196,3.704309e-18,-3.903697e-06,-1.888623e-04,4.775829e-04,7.308685e-03,4.395987e-01,-6.882812e-01
197,1.708980e-18,-1.562133e-06,-1.960951e-04,4.897779e-04,-2.270244e-01,1.250131e-02,4.363023e+00
198,1.573974e-17,-8.265653e-06,-1.874655e-04,4.792943e-04,1.580466e+00,-7.139075e-01,6.263791e-01
199,3.524034e-18,-9.372161e-06,-1.812448e-04,4.854985e-04,2.418732e-01,-3.339285e-02,4.666637e-01
200,1.184101e-18,-4.914868e-06,-1.949221e-04,4.886913e-04,2.425611e+00,7.421777e-01,1.384932e+01
201,2.931745e-17,-2.261872e-05,-1.903912e-04,4.821790e-04,-1.102421e+00,-5.355849e-01,6.597190e-01
202,2.280258e-17,-2.412228e-05,-1.954165e-04,4.969264e-04,2.324857e-02,1.953564e-02,-1.496905e+00
203,1.263504e-18,3.910592e-06,-1.757855e-04,4.796381e-04,6.469274e-01,5.830448e-01,8.411373e-01
204,3.714340e-18,2.032697e-05,-1.983645e-04,4.880636e-04,3.152965e-01,1.931294e-01,8.319526e+00
205,2.379865e-17,2.410068e-05,-1.807997e-04,4.969277e-04,-9.928912e-04,5.253560e-03,-1.383277e+00
206,2.496769e-18,2.041248e-05,-1.976293e-04,4.849153e-04,1.627956e-01,4.056902e-01,7.857082e+00
207,5.046901e-19,1.992298e-05,-1.980468e-04,4.823596e-04,1.047295e+00,-8.310145e-01,6.258459e+00
208,2.541840e-19,1.992246e-05,-1.980460e-04,4.804187e-04,6.923024e-01,-1.179247e+00,4.578279e+00
209,3.306315e-18,2.028513e-05,-1.975984e-04,4.765807e-04,-2.402004e-01,-5.649259e-01,2.172670e+00
210,9.099099e-19,1.345020e-05,-1.865451e-04,4.757370e-04,-6.850836e-01,-1.528688e-01,1.220104e-01
211,1.037902e-17,2.428899e-05,-1.866862e-04,4.834047e-04,3.544949e-02,-9.919149e-03,-2.010671e+00
212,3.089441e-18,2.365775e-06,-1.625036e-04,4.964773e-04,6.685722e-01,-2.559582e-01,6.011754e+00
213,3.559816e-17,2.401530e-05,-1.687072e-04,4.988348e-04,-1.542959e-02,2.398709e-03,-1.320885e+00
214,3.143642e-18,7.682541e-07,-1.593791e-04,4.799963e-04,-4.126127e-01,6.738198e-01,2.827335e+00
215,5.437518e-19,9.766311e-06,-1.699224e-04,4.933270e-04,-2.719010e+00,-2.198492e+00,1.191985e+01
216,1.055108e-18,3.906786e-06,-1.656269e-04,5.014823e-04,-3.425719e-01,-2.794551e-02,1.360004e+01
217,5.971471e-18,3.928877e-06,-1.656128e-04,4.981021e-04,-7.422662e-02,-4.105510e-02,1.254762e+01
218,7.829745e-18,3.901618e-06,-1.656268e-04,4.905700e-04,2.383024e-01,4.608291e-02,9.010532e+00
219,3.653156e-17,-1.431549e-05,-1.590332e-04,4.796069e-04,4.564663e-01,-7.091728e-01,2.396683e+00
220,2.025743e-17,-3.650895e-06,-1.638759e-04,4.800002e-04,1.646077e-01,-4.590397e-01,2.148366e+00
221,6.377285e-18,-1.249811e-05,-1.505687e-04,4.964122e-04,2.793381e-03,-4.358739e-01,9.566709e+00
222,2.052596e-17,-4.467988e-06,-1.486372e-04,4.917080e-04,-5.366362e-01,-5.833206e-01,1.838977e+00
223,1.094310e-18,-1.717521e-05,-1.601385e-04,4.866686e-04,3.918293e-02,-4.992285e-01,1.729504e+00
224,2.435218e-18,-3.850170e-06,-1.697029e-04,4.822190e-04,1.170557e-01,-1.069214e-01,-3.192207e-01
225,2.692119e-18,-9.375829e-06,-1.500211e-04,4.879039e-04,-1.686750e-01,-1.669495e+00,3.261427e+00
226,1.254421e-18,-5.466508e-06,-1.695362e-04,4.913454e-04,2.115917e-01,-2.555595e-01,9.057679e-01
227,3.380075e-18,-1.489475e-05,-1.711474e-04,5.002585e-04,-4.839358e-01,-4.019518e-01,2.054129e+00
228,1.589615e-17,-1.039082e-05,-1.621698e-04,4.802808e-04,1.036187e+00,-2.826739e-01,8.071003e+00
229,7.327556e-19,-1.132835e-05,-1.703716e-04,4.780800e-04,-1.021285e+00,-1.472231e+00,6.379009e+00
230,2.529902e-18,-1.497097e-05,-1.692188e-04,4.782133e-04,-9.244895e-01,-1.440969e-01,6.891653e+00
231,3.401873e-19,-1.133003e-05,-1.667951e-04,4.819799e-04,1.070050e-01,-1.396587e-01,7.191037e+00
232,1.461886e-17,-1.805150e-05,-8.673967e-05,4.755909e-04,-2.031535e-02,1.070948e+00,-2.401046e+00
233,2.421359e-18,-6.354730e-06,-9.985307e-05,4.769289e-04,1.495435e+00,-8.975249e-01,2.993419e-01
234,5.408062e-19,-1.757820e-05,-8.867169e-05,4.722042e-04,-1.288805e+00,2.916347e+00,-4.222420e+00
235,3.857608e-18,1.573253e-06,-1.470057e-05,4.717239e-04,-3.451950e-01,3.459948e+00,-6.662524e+00
236,1.709739e-18,3.813912e-06,-8.700895e-07,4.709123e-04,-1.866072e-02,1.495428e-01,-4.252742e+00
237,4.184068e-18,1.548367e-06,-1.687834e-05,4.771888e-04,3.343257e-01,6.952377e-01,-1.654140e+00
238,3.000583e-19,3.515568e-06,-1.445320e-05,4.702670e-04,1.694709e+00,1.836222e+00,-6.241528e+00
239,6.407145e-19,2.070368e-05,-1.601583e-05,4.714987e-04,4.630451e-01,1.911278e-01,-2.149052e+00
240,1.094414e-17,3.454359e-05,1.483992e-05,4.739141e-04,3.522307e+00,-2.228917e-01,-2.489327e+00
241,1.016959e-17,2.696630e-05,5.028474e-06,4.765718e-04,-3.161353e-03,-9.874641e-01,6.690373e+00
242,2.918697e-19,2.773415e-05,5.859329e-06,4.718297e-04,-1.514939e+00,-1.342389e+00,8.394097e-01
243,1.810603e-18,4.699962e-05,9.209487e-06,4.753562e-04,2.974863e-02,9.984635e-01,1.621118e+00
244,9.683455e-19,4.694891e-05,8.983917e-06,4.705058e-04,-1.028818e+00,-3.671190e-01,-6.324853e+00
245,2.262658e-18,5.410700e-06,2.270517e-05,4.754589e-04,5.577528e-01,-3.403415e-01,1.086284e+00
246,3.037465e-18,-3.460456e-09,8.590627e-06,4.769617e-04,-2.362806e-01,-8.807787e-01,-1.579541e+00
247,1.675860e-18,1.992192e-05,5.475325e-06,4.749674e-04,1.053885e-02,1.894272e+00,2.090608e+00
248,3.126417e-18,1.007719e-04,8.592033e-06,5.257692e-04,-1.507143e+00,-4.204752e-01,6.860119e+00
249,1.468507e-17,9.289367e-05,1.179764e-05,5.211882e-04,2.111998e-02,-5.286726e-01,6.687950e+00
250,2.765709e-16,8.075315e-05,-1.237962e-06,5.202822e-04,8.496607e-01,-9.475038e-01,9.706840e+00
251,1.225065e-16,9.240551e-05,1.417130e-06,5.078777e-04,-5.388850e-01,5.648180e-01,1.054192e+01
252,3.051557e-17,7.565347e-05,6.352386e-06,5.195888e-04,-2.212305e+00,-5.754579e-01,1.069510e+01
253,1.892613e-17,9.208441e-05,3.681840e-07,5.204460e-04,-2.987711e+00,3.499172e+00,1.361254e+01
254,2.659052e-18,8.209297e-05,4.616095e-06,5.104711e-04,-2.277053e+00,7.323604e-01,1.136462e+01
255,2.769935e-18,8.907288e-05,1.329100e-05,5.126332e-04,3.697957e-01,1.851401e-01,3.754455e+00
256,2.599809e-18,8.437287e-05,9.371219e-06,5.203549e-04,-8.488822e-03,7.403931e-02,6.693775e-01
257,1.469896e-17,9.811608e-05,-1.780148e-05,5.262407e-04,-2.208879e-02,1.828163e-01,3.110106e+00
258,7.415644e-17,1.025645e-04,-1.221300e-05,5.447569e-04,-4.156055e-01,-3.388241e-01,9.405491e+00
259,2.477038e-18,8.514725e-05,-3.129318e-06,5.134679e-04,-2.093402e-02,-1.261004e-01,1.097219e+01
260,9.188156e-18,8.413781e-05,-5.468043e-06,5.449275e-04,-2.808570e-01,-6.177642e-03,1.856777e+01
261,1.461424e-17,9.140815e-05,-1.636273e-05,4.992880e-04,-5.857297e-01,-1.056352e+00,2.472373e+01
262,5.067280e-17,8.554107e-05,-6.940264e-06,5.261611e-04,7.506316e-01,-8.796415e-01,1.289039e+01
263,3.686747e-17,7.657526e-05,-2.149874e-05,5.329633e-04,-6.362186e-01,-5.036309e+00,2.047819e+01
264,2.355770e-18,7.967617e-05,-1.342294e-05,5.028010e-04,1.462669e-01,-6.321189e-01,1.107936e+01
265,2.217333e-17,9.505191e-05,-4.951709e-06,5.349081e-04,1.586499e-01,-3.628964e-01,3.680771e+00
266,1.209871e-17,7.961614e-05,-1.605799e-05,5.107599e-04,2.772382e-02,-2.751337e+00,1.369851e+01
267,1.221220e-16,9.465250e-05,-5.430576e-06,5.354225e-04,4.576836e-01,-4.324552e-01,4.134225e+00
268,6.053777e-18,7.517822e-05,-8.454054e-06,5.135221e-04,-3.710666e-01,7.417463e-01,5.795525e+00
269,5.427749e-18,8.230190e-05,-9.018603e-06,5.490643e-04,-1.083306e+00,-1.006279e+00,1.526402e+01
270,1.535782e-17,8.742092e-05,-2.139348e-05,5.389127e-04,-3.786426e+00,-2.300581e-01,1.028010e+01
271,1.642285e-17,9.605164e-05,-1.303352e-05,5.024709e-04,1.070019e+00,7.707538e-01,1.658723e+00
272,1.647359e-18,7.883112e-05,-1.847876e-05,5.259307e-04,1.046763e-01,-1.616796e+00,1.711605e+01
273,1.732100e-18,9.610073e-05,-1.565248e-06,5.161499e-04,-1.563611e+00,2.076417e+00,1.313474e+01
274,5.055092e-19,9.689571e-05,-6.641994e-06,5.099928e-04,-1.123317e-01,-1.454357e+00,6.485537e+00
275,5.426540e-18,8.515573e-05,-3.125374e-06,5.007097e-04,-2.370555e-02,-3.240104e-02,6.897522e+00
276,3.458892e-18,8.358878e-05,-1.875023e-05,5.372616e-04,-2.037498e-01,1.627648e-01,5.834439e+00
277,9.709508e-19,7.421959e-05,-8.589911e-06,5.246661e-04,-4.768332e-02,9.020690e-02,5.956847e+00
278,4.449064e-16,1.071493e-04,-7.806195e-07,5.185494e-04,6.040003e-01,3.314542e-01,7.365216e+00
279,4.844573e-17,1.100356e-04,-1.219485e-05,5.182529e-04,-8.244927e-01,-3.236686e-01,4.628135e+00
280,5.671812e-17,1.190106e-04,-3.627395e-07,5.062919e-04,5.133835e-01,-7.705451e-01,9.575828e+00
281,3.640339e-16,1.191992e-04,4.701101e-07,5.066510e-04,3.974277e-01,4.370811e-03,9.204413e+00
282,2.655704e-18,1.148201e-04,-6.530418e-06,5.175662e-04,-2.764981e-01,3.681336e-01,2.011507e+01
283,2.161209e-17,1.151461e-04,-2.241749e-06,5.243945e-04,-1.861150e-01,-3.012179e+00,1.396929e+01
284,1.530243e-18,1.146799e-04,-9.586992e-06,5.206992e-04,1.016965e-01,-2.689196e+00,2.072084e+01
285,4.508943e-18,1.031289e-04,-5.467565e-06,5.037979e-04,9.781170e-02,1.646839e-01,8.323814e+00
286,6.449156e-18,1.148117e-04,-5.221390e-06,5.108623e-04,6.842612e-01,-1.409632e-01,1.657172e+01
287,7.486994e-18,1.031258e-04,-1.947504e-06,5.054161e-04,1.232076e-03,1.560694e+00,7.084213e+00
288,1.214535e-18,1.139831e-04,-5.465017e-06,5.053474e-04,9.197473e-01,-2.184204e+00,1.142029e+01
289,4.000821e-18,1.148440e-04,-1.797792e-05,5.208675e-04,-6.661246e-03,-3.315675e-01,4.160031e+00
290,2.599722e-18,1.054668e-04,-7.035913e-06,5.095520e-04,-2.610920e-02,-3.254131e-01,4.266390e+00
291,3.040482e-17,9.569612e-05,5.457810e-06,5.308827e-04,-9.697635e-02,3.443146e-01,9.223930e+00
292,4.877403e-18,8.594078e-05,7.031529e-06,5.346222e-04,1.221598e-01,9.248664e-01,9.303703e+00
293,3.143993e-18,9.296891e-05,1.251030e-05,5.272944e-04,7.489116e-03,3.357623e-01,4.606735e+00
294,2.887627e-18,8.359196e-05,1.564698e-06,5.303172e-04,-1.804519e-03,-1.520276e-02,3.911683e+00
295,3.053663e-17,9.683545e-05,3.251759e-06,5.464065e-04,1.672019e+00,-1.242666e+00,1.028886e+01
296,3.965317e-18,8.598520e-05,1.484379e-05,5.320459e-04,-1.316153e-01,6.123354e-02,5.438196e+00
297,4.609129e-18,8.593865e-05,1.483908e-05,5.481577e-04,-1.978214e-03,9.905317e-02,4.465757e+00
298,1.093849e-18,9.765931e-05,1.095410e-05,5.337562e-04,6.170202e-03,4.450268e-02,5.281872e-01
299,2.227928e-18,9.297593e-05,1.250133e-05,5.448136e-04,-2.110348e-01,5.146997e-02,5.394757e+00
300,2.406633e-17,7.407293e-05,1.662639e-05,5.470507e-04,-7.046480e-01,2.300568e-01,3.228831e+00
301,1.458040e-18,8.985200e-05,9.378462e-06,5.436493e-04,-7.707865e-02,1.529685e-01,2.027429e+00
302,1.745241e-17,1.214949e-04,1.971344e-05,5.289057e-04,5.974925e-01,-6.047555e-02,3.224602e+01
303,2.746958e-17,1.225620e-04,-8.601690e-06,5.316078e-04,-5.623618e+00,-3.665586e-01,1.318517e+01
304,2.047888e-17,1.114234e-04,-1.953755e-05,5.430090e-04,-1.178969e+00,5.516977e-01,7.871861e+00
305,4.317846e-18,1.124994e-04,-8.982447e-10,5.353774e-04,-1.175042e-03,-2.167400e-02,5.936737e+00
306,1.622349e-18,1.124999e-04,-1.203712e-09,5.322433e-04,-4.278039e-02,4.680917e-02,6.988013e+00
307,2.978157e-16,1.276544e-04,9.411282e-06,5.460262e-04,-6.392646e-01,-3.487709e-01,7.404657e+00
308,2.709206e-17,1.068036e-04,7.406455e-06,5.350670e-04,1.402850e+00,-4.934732e-01,8.742240e+00
309,2.640437e-18,1.250710e-04,9.396208e-06,5.361939e-04,2.024542e-01,3.596532e-01,5.395369e+00
310,3.239795e-17,1.119206e-04,1.088138e-05,5.314610e-04,4.235586e-01,-5.078175e-01,6.736982e+00
311,2.135765e-17,1.017730e-04,1.339081e-05,5.449247e-04,-5.671228e-01,-6.446884e-01,4.600116e+00
312,1.360041e-18,1.187583e-04,2.187518e-05,5.460561e-04,2.375843e-01,1.253199e-02,4.172152e-01
313,2.457119e-18,1.195308e-04,1.560188e-06,5.447702e-04,2.647482e-02,-2.883973e-02,1.216982e+00
314,6.844306e-17,-1.440089e-05,1.481198e-04,4.876313e-04,6.565584e-01,-4.084573e-01,8.710883e+00
315,3.408483e-18,-7.814497e-06,1.492151e-04,4.963956e-04,3.055534e-02,-8.048885e-02,2.938238e+00
316,2.765729e-17,-7.117674e-06,1.507944e-04,4.774577e-04,1.376837e+00,2.181472e+00,-7.313338e-01
317,1.913733e-17,1.010435e-05,1.496580e-04,4.845869e-04,1.853656e-01,-2.641827e-01,1.479985e+00
318,2.921326e-18,1.315818e-05,1.258719e-04,4.754407e-04,-5.670563e-02,2.721641e+00,4.540972e+00
319,9.811620e-17,1.154950e-05,1.389967e-04,5.030060e-04,-8.359093e-01,-4.018597e-01,9.167880e+00
320,1.199663e-18,-1.095354e-05,1.398208e-04,4.897893e-04,1.769134e-01,-1.340497e-01,1.038394e+01
321,6.557767e-17,2.318765e-05,1.367392e-04,4.838136e-04,1.748142e+00,-8.395703e-01,1.679818e+00
322,1.015879e-18,1.563363e-05,1.406410e-04,4.968177e-04,2.448006e-01,-7.120503e-03,6.006468e+00
323,1.855268e-17,-2.033983e-05,1.394916e-04,4.881979e-04,3.216772e-01,1.099133e+00,9.373309e+00
324,2.544688e-17,-1.923652e-05,1.459797e-04,4.782925e-04,1.955331e-01,1.645550e+00,6.515535e+00
325,1.095690e-16,-9.560141e-06,1.417714e-04,4.990553e-04,2.105516e+00,4.375451e-01,1.269274e+01
326,3.550266e-18,1.093837e-05,1.421883e-04,4.933101e-04,-1.706946e-01,-2.859404e-02,6.008200e+00
327,2.985662e-18,-2.348845e-06,1.296890e-04,4.979044e-04,6.512006e-02,1.163940e-02,2.249633e+00
328,1.968268e-17,1.257522e-05,1.333695e-04,4.804905e-04,1.545958e-01,6.616244e-01,5.583036e+00
329,6.384993e-18,2.920382e-06,1.412131e-04,4.959885e-04,-5.722863e-01,-2.952583e-01,2.091469e-01
330,3.131151e-18,1.563292e-05,1.406467e-04,4.878284e-04,7.350111e-02,2.693937e-01,4.761668e+00
331,1.005562e-17,-7.544769e-06,1.323595e-04,4.922306e-04,-6.742155e-01,-1.728386e-01,5.637069e+00
332,1.283889e-17,9.732947e-06,1.285476e-04,4.790276e-04,-2.213288e-01,3.189194e-01,2.238034e+00
333,1.378619e-18,1.018012e-05,1.421884e-04,4.827618e-04,7.088874e-02,-5.115697e-01,1.945179e-01
334,2.983421e-17,3.675061e-07,1.454199e-04,4.840076e-04,7.245008e-01,1.007238e+00,1.869844e+00
335,1.654827e-17,1.721863e-05,1.458262e-04,4.792797e-04,5.368194e-01,-1.915724e+00,9.363007e-01
336,2.798931e-18,1.318661e-05,1.397881e-04,4.894749e-04,-2.355517e-01,1.432852e+00,4.902584e+00
337,1.558590e-17,1.803476e-05,1.330232e-04,4.828638e-04,2.359199e-01,-1.040621e+00,2.254123e+00
338,5.478783e-18,6.362324e-06,1.265665e-04,4.921694e-04,1.875235e-01,1.649342e-01,2.243913e+00
339,3.379918e-18,-1.956020e-05,1.374754e-04,4.848519e-04,9.472075e-01,-6.239513e-02,1.084053e+01
340,1.142596e-17,2.424912e-05,1.369026e-04,4.994865e-04,2.489419e-03,-3.524587e-02,-1.636447e+00
341,6.199016e-19,2.460954e-05,1.328081e-04,4.991761e-04,2.483939e-01,-9.039420e-02,-3.130271e+00
342,3.009650e-18,2.460943e-05,1.437532e-04,4.890583e-04,6.858515e-02,-9.411907e-03,-2.486732e+00
343,2.519916e-18,-1.484094e-05,1.281375e-04,4.917174e-04,-2.629766e-01,-1.604327e-01,-3.108688e+00
344,1.416952e-18,-1.953931e-05,1.375155e-04,4.796387e-04,7.175388e-01,1.512549e-01,4.409819e+00
345,5.608976e-18,-6.962949e-06,1.306092e-04,4.846986e-04,8.626968e-01,4.099555e-01,3.790190e+00
346,1.275058e-18,-1.092190e-05,1.398360e-04,4.866691e-04,1.140422e+00,2.795587e-01,7.740586e+00
347,5.355977e-18,-1.792511e-05,1.289562e-04,5.022163e-04,6.792141e-01,1.307469e+00,9.519442e-01
348,5.781822e-19,-6.640817e-06,1.300782e-04,4.769165e-04,-2.913659e-01,2.596903e+00,-2.049733e+00
349,1.011730e-18,-1.054759e-05,1.400438e-04,4.806134e-04,1.254904e+00,-1.172842e+00,2.199565e+00
350,2.200692e-18,-1.083341e-05,1.397286e-04,4.770091e-04,4.873297e-01,-2.664273e-01,-8.544720e-01
351,7.010276e-19,-6.953200e-06,1.316399e-04,4.890036e-04,9.559225e-01,-1.092285e+00,5.476065e+00
352,1.037295e-18,-7.828047e-06,1.273674e-04,4.772979e-04,-2.864768e-01,-9.196827e-01,-2.538330e+00
353,3.479178e-17,-2.415299e-05,1.387171e-04,4.982931e-04,4.889557e-02,1.773493e-01,-1.610762e+00
354,3.295310e-18,-1.332880e-05,1.757742e-04,4.939484e-04,2.266883e+00,-1.714420e+00,2.226241e+01
355,9.799802e-19,-9.767416e-06,1.736010e-04,4.933791e-04,-1.606105e-01,2.435176e-01,1.110904e+01
356,1.342970e-16,-5.963568e-06,1.758611e-04,4.883282e-04,2.896124e-01,4.664311e-01,7.808256e+00
357,4.603979e-17,-1.820249e-05,1.641964e-04,4.985477e-04,-4.785310e-01,-1.578499e+00,3.904916e+00
358,4.377553e-18,-1.073796e-05,1.718660e-04,4.894985e-04,-1.229635e+00,7.039276e-01,8.296690e+00
359,5.056217e-18,-9.241447e-06,1.687533e-04,4.983096e-04,3.716771e-02,3.100560e-02,1.127029e+01
360,1.958744e-17,-7.821728e-06,1.759840e-04,5.003576e-04,4.473306e+00,3.843945e+00,1.706470e+01
361,1.474945e-17,-5.509650e-06,1.536687e-04,4.910697e-04,-6.703045e-01,4.603036e-01,2.825030e+00
362,2.316734e-17,-1.178381e-05,1.629889e-04,4.981810e-04,1.526707e+00,5.315615e-01,7.592627e+00
363,3.033445e-18,-1.261823e-05,1.695132e-04,4.751467e-04,1.434001e-01,-1.775504e-01,5.345226e-01
364,2.955143e-17,-1.955863e-06,1.695116e-04,4.918030e-04,-2.508705e+00,2.676453e-01,3.329977e+00
365,1.537245e-18,-2.330093e-06,1.640646e-04,4.890001e-04,2.962539e-01,-2.204829e-02,3.510431e+00
366,6.866304e-19,-1.953167e-06,1.640593e-04,4.757380e-04,5.025688e-01,-1.877745e-01,-4.048251e+00
367,3.447896e-17,-9.660309e-06,1.638756e-04,4.833717e-04,1.076537e+00,2.397006e-01,2.562946e+00
368,5.201360e-18,-4.608789e-06,1.664444e-04,4.826952e-04,2.616451e+00,-4.979933e-01,3.956832e+00
369,9.896839e-19,-1.640427e-05,1.679660e-04,4.866672e-04,-1.879688e-01,-7.317455e-02,1.624418e+00
370,2.584750e-18,-1.718752e-05,1.616978e-04,4.862783e-04,-2.422923e-01,3.417132e-01,1.412767e+00
371,2.847959e-17,-9.113228e-07,1.639975e-04,5.017670e-04,9.122311e-01,3.703731e-02,9.773204e+00
372,5.137814e-18,-9.375732e-06,1.578160e-04,4.858972e-04,-2.437745e-02,-6.728686e-02,1.279516e+00
373,7.473789e-18,-1.125811e-05,1.710358e-04,4.855825e-04,8.331845e-02,1.309030e+00,1.059018e+01
374,4.328680e-18,-8.543633e-06,1.648837e-04,5.015941e-04,-1.401911e-01,-2.682931e-01,9.578040e+00
375,3.172584e-19,-1.132836e-05,1.699215e-04,4.772949e-04,-3.444011e+00,-1.290437e-01,-2.184819e-01
376,4.966816e-18,-1.015946e-05,1.563809e-04,4.781422e-04,-4.919768e-02,6.163969e-01,-1.162988e+00
377,1.846463e-17,-2.410119e-05,1.678052e-04,5.001209e-04,7.247014e-01,-2.211423e-01,-1.383526e+00
378,3.761488e-18,-2.271013e-06,1.640550e-04,4.837307e-04,2.354637e-02,-2.569712e-01,1.672932e+00
379,8.806520e-18,-2.429166e-05,1.726623e-04,4.898791e-04,-7.473399e-02,-3.333423e-03,-1.845118e+00
380,3.302531e-18,1.483254e-05,1.671969e-04,4.870499e-04,5.414273e-01,3.000050e-01,2.454403e+00
381,3.479920e-18,1.562636e-05,1.687528e-04,4.964194e-04,3.868105e-01,-3.489062e-01,9.280778e-01
382,1.090805e-18,3.918473e-06,1.617104e-04,4.835408e-04,-8.025980e-02,-1.435717e-01,1.581959e+00
383,2.291708e-17,1.194860e-05,1.625530e-04,4.856114e-04,-5.366351e-01,1.455100e+00,9.784186e-01
384,1.593767e-18,1.475798e-05,1.696407e-04,4.787233e-04,9.071044e-01,6.909987e-01,-7.346757e-01
385,2.260791e-17,1.313567e-05,1.753115e-04,5.016648e-04,-7.637198e-01,3.560867e+00,8.405732e+00
386,1.306176e-18,5.448647e-06,1.664255e-04,4.804231e-04,-2.074104e-01,2.780382e-01,-3.567511e+00
387,2.614010e-19,4.297281e-06,1.714848e-04,4.773001e-04,-4.241334e-01,6.612931e-03,-2.902144e-01
388,8.762428e-19,5.078193e-06,1.712377e-04,4.762937e-04,1.090703e+00,-1.260288e+00,1.084895e+00
389,5.649639e-19,1.489512e-05,1.699226e-04,4.936934e-04,7.274170e-02,-1.276866e-01,4.106307e+00
390,2.364073e-18,2.439556e-05,1.695252e-04,4.871850e-04,2.639311e-01,-7.067017e-02,-3.494620e+00
391,4.146457e-18,2.460931e-05,1.586000e-04,4.829038e-04,2.825718e-02,3.624467e-02,-3.052765e+00
392,7.671974e-17,3.684069e-05,-2.548569e-06,4.955988e-04,-7.093129e-01,1.338829e+00,5.109471e+00
393,1.396792e-17,2.369580e-05,4.061337e-06,4.905972e-04,-4.671813e+00,-6.463113e-02,1.950681e+01
394,1.811780e-18,4.247066e-05,9.273912e-06,4.972587e-04,-2.288623e+00,6.612966e-01,1.543820e+01
395,2.618664e-17,3.338855e-05,4.427192e-07,4.988253e-04,-3.597184e-02,-2.217603e+00,5.785219e+00
396,1.799007e-18,4.452372e-05,9.364283e-06,4.926902e-04,-1.632030e+00,1.100968e+00,1.067940e+01
397,1.775627e-17,4.682325e-05,9.339174e-06,4.840426e-04,3.792858e-01,7.383848e-01,7.559275e+00
398,7.221982e-18,3.898256e-05,1.328061e-05,4.882870e-04,-4.506237e-01,-1.593677e-01,6.277712e+00
399,1.332723e-17,4.030119e-05,9.042230e-06,5.014448e-04,-4.177255e+00,-1.890910e-01,1.705414e+01
400,1.176795e-18,4.219201e-05,3.123589e-06,4.983598e-04,1.534370e-01,-9.580163e-02,-8.099165e-01
401,7.140061e-18,4.532729e-05,1.584328e-06,4.873118e-04,5.058959e-01,1.865573e-01,3.381208e+00
402,2.635949e-18,3.359339e-05,3.903863e-06,4.925295e-04,-1.969474e-01,1.875147e-01,4.796934e+00
403,4.516791e-18,3.905113e-05,1.328348e-05,4.796592e-04,-3.457520e-02,1.434218e-01,2.355208e+00
404,4.293887e-18,2.656142e-05,-1.360172e-07,4.980014e-04,-5.698792e-01,8.787036e-01,1.160583e+00
405,2.056344e-17,3.142296e-05,5.520017e-06,4.826038e-04,4.677783e-01,-1.447715e+00,6.818466e-01
406,7.832994e-18,3.455878e-05,9.893049e-06,4.907669e-04,4.448992e-02,-3.695551e-01,1.776537e+00
407,1.153190e-18,3.360655e-05,2.355135e-06,4.772970e-04,-2.005412e-02,-4.238592e-01,-5.617280e-01
408,3.122735e-18,2.524983e-05,4.689027e-06,4.842820e-04,-2.903542e+00,-4.013915e-01,1.369570e+01
409,2.498760e-17,4.118668e-05,2.408463e-05,4.855713e-04,-5.935229e-02,4.577941e-02,-1.415363e+00
410,1.093978e-18,3.436275e-05,1.172045e-05,4.929075e-04,-1.248176e-01,-1.211527e+00,-3.200581e+00
411,1.225944e-17,2.908822e-05,2.426534e-05,4.989121e-04,7.081305e-03,2.636419e-02,-1.857853e+00
412,1.677527e-17,4.692736e-05,-1.969500e-05,4.901353e-04,8.401758e-01,-1.413440e+00,1.861682e+01
413,9.117204e-17,2.420640e-05,-1.595446e-05,4.869314e-04,3.152482e+00,-2.464134e-01,1.067642e+01
414,5.279740e-17,4.382587e-05,-2.386221e-05,4.906136e-04,-1.050146e-01,-6.694401e-03,-1.192102e+00
415,2.708713e-17,2.395948e-05,-1.726713e-05,4.979752e-04,9.118343e-01,-1.581406e+00,1.434203e+01
416,2.301262e-17,2.896504e-05,-1.476884e-05,4.890437e-04,-8.616715e-01,2.815798e-01,8.752003e+00
417,7.212086e-18,2.654880e-05,-1.166220e-05,4.968901e-04,5.375349e-01,4.455249e+00,2.758727e+01
418,2.834332e-17,3.758678e-05,-9.446142e-06,4.906735e-04,2.724649e-01,1.836402e+00,3.818603e+00
419,2.097928e-17,2.898317e-05,-1.219098e-05,5.022796e-04,3.891304e+00,4.178579e+00,2.859535e+01
420,1.251979e-17,3.411904e-05,-1.974426e-05,4.803444e-04,-1.122215e+00,2.578827e-02,1.521123e+00
421,3.652196e-18,4.687941e-05,-6.332598e-06,4.771173e-04,1.017352e-01,4.909741e+00,1.598410e+00
422,1.285054e-18,2.893811e-05,-1.405528e-05,4.804169e-04,3.483749e-02,-3.603449e-01,3.564408e+00
423,2.533309e-18,4.687576e-05,-8.537062e-06,4.826781e-04,2.978861e-01,1.459253e+00,7.984740e+00
424,4.457097e-17,4.596971e-05,-2.393857e-05,4.804766e-04,-5.651755e-02,1.250401e-02,-1.135655e+00
425,1.362714e-18,4.297357e-05,-3.901680e-06,4.983611e-04,5.297804e-03,8.045827e-02,1.328120e+00
426,1.206735e-17,4.654027e-05,-1.248338e-05,4.957490e-04,4.721490e-01,-5.104762e-01,1.416944e+01
427,1.033457e-17,4.687558e-05,-1.134334e-05,4.875729e-04,3.727266e-01,-8.003895e-01,1.003369e+01
428,9.963029e-18,4.315451e-05,-2.015227e-05,4.665896e-04,1.626314e+00,7.719980e-02,-1.169881e+01
429,1.043224e-18,3.674061e-05,-1.016380e-05,4.648020e-04,1.939327e-01,-4.553657e-01,-8.199683e+00
430,2.487243e-19,3.711001e-05,-7.422359e-06,4.726125e-04,-1.260221e+00,2.376391e+00,-3.214321e+00
431,3.013235e-19,5.976551e-05,-1.601547e-05,4.749520e-04,4.968423e-01,-6.801517e-02,-3.060506e+00
432,1.277015e-17,7.271185e-05,-2.767650e-06,4.761490e-04,-2.809978e-01,-6.489759e-01,-2.648988e-01
433,1.987929e-17,-1.757915e-04,8.256418e-07,4.974086e-04,1.190953e+00,6.664182e-01,1.527484e+01
434,2.363868e-17,-1.567195e-04,1.220554e-05,4.929333e-04,2.039594e+00,-4.989185e-01,1.088993e+01
435,1.260942e-18,-1.695428e-04,-7.792411e-07,4.889975e-04,1.709592e-02,-4.106611e-02,8.673616e-01
436,1.410999e-18,-1.590301e-04,1.153597e-05,4.874489e-04,2.423815e-01,8.159780e-01,9.414388e+00
437,4.618183e-17,-1.572492e-04,8.137595e-06,4.846220e-04,-1.249044e+00,-2.688597e-01,1.426149e+00
438,1.026167e-16,-1.713241e-04,-2.796281e-06,4.846690e-04,-9.386343e-01,-8.279198e-01,5.580856e+00
439,1.677115e-17,-1.508796e-04,1.594121e-05,4.853816e-04,-4.511522e-01,-2.759257e-02,5.510508e+00
440,1.756194e-17,-1.765208e-04,1.403070e-05,4.753767e-04,3.611340e-01,-6.596536e-01,-1.516869e+00
441,1.674639e-17,-1.736623e-04,7.132653e-06,4.843732e-04,-6.230352e-01,-1.156262e+00,8.874694e-01
442,1.385511e-17,-1.771602e-04,2.426814e-05,4.776817e-04,-2.127826e-02,2.499718e-02,-1.749479e+00
443,8.100336e-18,-1.492552e-04,2.432423e-05,4.849171e-04,-3.461836e-02,9.557884e-02,-1.982944e+00
444,4.146552e-18,-1.703581e-04,2.345570e-06,4.939316e-04,9.560638e-02,3.206381e-01,1.699743e+00
445,1.918325e-18,-1.589847e-04,1.168297e-05,4.835394e-04,1.320026e-01,-1.342568e+00,7.205225e+00
446,1.518818e-18,-1.586726e-04,1.238646e-05,4.795119e-04,5.821496e-01,2.702443e-01,3.788919e+00
447,1.099914e-18,-1.501680e-04,1.576943e-05,4.788598e-04,-4.998603e-01,6.669018e-01,2.180950e+00
448,1.155780e-17,-1.578608e-04,2.426473e-05,4.912380e-04,-2.002580e-02,-1.478339e-02,-1.860468e+00
449,2.413686e-16,-1.350374e-04,-6.603743e-06,4.944215e-04,1.072472e+00,-3.263109e-01,3.104822e+00
450,5.283945e-18,-1.236967e-04,-2.160501e-05,4.966991e-04,1.289653e+00,-4.256443e+00,1.215320e+01
451,4.918865e-18,-1.268830e-04,-1.500512e-05,4.957983e-04,1.409628e+00,-1.301249e+00,1.172619e+01
452,1.347556e-17,-1.238141e-04,-6.846434e-06,4.945151e-04,1.045176e+00,-1.084032e+00,2.559331e+00
453,1.851404e-17,-1.401484e-04,-1.526251e-05,4.918791e-04,-1.569799e+00,-2.638212e+00,4.756924e+00
454,2.332192e-17,-1.232152e-04,-1.945150e-05,5.012587e-04,-1.405832e+00,-1.445472e+00,1.154626e+01
455,4.552791e-18,-1.328150e-04,-1.015297e-05,4.803498e-04,9.149470e-02,1.914279e-01,3.588504e-01
456,2.124974e-18,-1.444734e-04,-3.172934e-06,4.934034e-04,4.393067e-01,2.274617e-01,-8.002773e-01
457,1.553842e-18,-1.328078e-04,-1.486908e-05,4.819829e-04,-6.728883e-02,-2.921378e-01,2.652562e+00
458,1.232834e-18,-1.476620e-04,-1.329127e-05,4.983720e-04,2.117127e-01,2.549471e-01,-1.203116e+00
459,2.524691e-19,-1.402339e-04,-8.204556e-06,4.835432e-04,1.184462e-01,-1.416754e+00,1.639188e+00
460,6.500893e-18,-1.320502e-04,-9.541288e-06,4.898711e-04,9.475239e-02,-2.239102e-01,7.490216e+00
461,3.435302e-18,-1.367183e-04,-7.825504e-07,5.018597e-04,-6.420446e-02,6.052243e-01,3.586878e+00
462,3.235094e-18,-1.336015e-04,-1.484826e-05,5.011058e-04,-2.936771e-01,6.216460e-01,1.751968e-01
463,7.081777e-18,-1.272731e-04,-1.328448e-05,4.875114e-04,7.998358e-01,2.529387e-01,6.511081e+00
464,2.489438e-19,-1.285153e-04,-1.289072e-05,4.772994e-04,-8.215572e-01,-8.230650e-01,-2.839256e+00
465,3.036194e-18,-1.274745e-04,-1.320409e-05,4.818500e-04,-2.055302e+00,3.403055e-01,3.111050e+00
466,5.489775e-19,-1.277354e-04,-1.327449e-05,4.780764e-04,-1.439716e+00,-2.450410e+00,-3.544022e+00
467,2.757844e-19,-1.316411e-04,-9.765783e-06,4.772982e-04,-8.167951e-01,-8.726302e-01,-8.357246e-01
468,3.118791e-18,-1.476506e-04,-2.435544e-05,4.954424e-04,-5.274596e-02,-4.859303e-02,-1.769276e+00
469,3.157283e-17,-1.511247e-04,-2.402436e-05,4.904404e-04,-3.268591e-03,-4.136116e-02,-1.262934e+00
470,1.716561e-18,-1.367189e-04,-2.460949e-05,4.964458e-04,1.369325e-01,-1.510049e-01,-4.122436e+00
471,4.671615e-17,-1.421256e-04,2.390928e-05,4.873393e-04,1.565961e-02,-1.892936e-02,-1.167264e+00
472,2.193449e-17,-1.453068e-04,1.810505e-05,4.961330e-04,5.433831e-01,2.986002e-01,9.023895e+00
473,2.962620e-18,-1.336145e-04,1.563258e-05,4.979528e-04,-6.664122e-02,3.037954e-01,3.353268e+00
474,9.151844e-18,-1.335463e-04,1.563349e-05,4.900104e-04,-7.895945e-01,9.893204e-02,3.263759e+00
475,3.623434e-18,-1.484394e-04,3.907074e-06,4.995328e-04,-1.651489e-01,1.250231e-02,5.107394e+00
476,4.449251e-18,-1.460770e-04,1.716152e-05,4.876166e-04,-2.406414e-01,2.415392e-01,6.045557e+00
477,2.205973e-18,-1.399329e-04,4.686267e-06,4.989691e-04,2.539142e-02,1.899566e-02,2.773747e+00
478,1.170477e-18,-1.461321e-04,1.719634e-05,4.772984e-04,1.655403e+00,5.675418e-01,-1.403457e+00
479,1.867762e-17,-1.427776e-04,2.279882e-05,4.813799e-04,-1.443245e-01,1.172150e+00,2.023450e+00
480,5.206943e-18,-1.436305e-04,7.808224e-06,5.023443e-04,4.858891e-01,1.031588e-01,4.698378e+00
481,2.158067e-17,-1.347199e-04,2.415191e-05,4.911058e-04,1.430564e-03,-4.879670e-02,-1.608612e+00
482,1.444107e-16,-1.247649e-04,-1.547110e-05,5.063361e-04,2.555470e+00,-2.037981e+00,1.598872e+01
483,1.256272e-16,-1.348988e-04,-1.862062e-05,5.177450e-04,2.591461e-01,-1.961168e-01,4.922570e+00
484,2.645568e-18,-1.289100e-04,-7.859338e-07,5.025667e-04,-7.908161e-02,-2.016163e-01,5.673565e+00
485,2.232406e-18,-1.476561e-04,-1.326345e-05,5.165168e-04,6.636113e-03,-4.979789e-01,4.667941e+00
486,2.706534e-17,-1.248240e-04,-7.865294e-06,5.101633e-04,7.581484e-01,-1.341397e+00,5.028036e+00
487,4.724402e-18,-1.374967e-04,-1.171735e-05,5.097287e-04,-5.069918e-03,3.272310e-02,3.461026e+00
488,5.091390e-18,-1.273427e-04,-1.048286e-05,5.173361e-04,6.815783e-01,8.785605e-01,4.432383e+00
489,2.890921e-18,-1.453133e-04,-3.125551e-06,5.080614e-04,-1.371145e-03,2.085962e-02,1.468315e+00
490,2.527569e-18,-1.406281e-04,-9.374785e-06,5.189753e-04,-6.005451e-02,-5.519871e-02,6.091516e-01
491,6.975060e-19,-1.300774e-04,-1.801532e-05,5.161762e-04,-2.302077e+00,-1.591093e+00,-1.157195e+00
492,1.720558e-16,-1.616302e-04,-9.685105e-06,4.858237e-04,-7.109479e-01,-6.461878e-02,3.033034e+00
493,9.199324e-19,-1.732506e-04,-6.416518e-06,4.991459e-04,-2.627072e+00,-1.223990e+00,1.227558e+01
494,4.894153e-18,-1.537921e-04,-8.096519e-06,4.933513e-04,2.329144e+00,-1.774591e+00,6.437754e+00
495,4.467002e-17,-1.713605e-04,-1.168681e-05,4.911975e-04,2.288483e+00,-2.340541e+00,6.522811e+00
496,1.270639e-17,-1.622599e-04,-1.876553e-05,4.946616e-04,-3.419815e+00,-4.681332e-01,1.188237e+01
497,8.008219e-19,-1.725369e-04,-3.755394e-06,4.983633e-04,7.765747e-01,6.758343e-01,5.858571e+00
498,6.092672e-17,-1.559305e-04,-4.509653e-06,4.828770e-04,2.294470e+00,-3.677583e+00,1.559913e-01
499,4.605398e-18,-1.585686e-04,-3.572516e-06,4.932878e-04,-5.623940e-01,8.222386e-01,2.891966e+00
500,5.138096e-18,-1.570344e-04,-1.875056e-05,4.834952e-04,1.360357e-01,1.407581e-01,4.096878e+00
501,2.496245e-19,-1.582030e-04,-1.054665e-05,4.960238e-04,-4.345892e-01,-2.891250e+00,1.192796e-01
502,6.353527e-19,-1.628906e-04,-1.679813e-05,4.925643e-04,8.043160e-01,-3.245211e+00,3.501237e-01
503,7.528346e-19,-1.673204e-04,-1.654191e-05,4.851083e-04,2.348614e-01,3.834755e-01,-2.648127e+00
504,3.222397e-18,-1.750151e-04,-2.339953e-06,4.807933e-04,-3.768840e-01,2.932992e-01,5.174605e+00
505,3.148763e-18,-1.609602e-04,-1.016871e-05,4.792441e-04,-5.053088e-01,1.452201e-01,3.155459e+00
506,1.227111e-18,-1.727173e-04,-1.953406e-06,4.800858e-04,-5.147023e+00,-3.383922e+00,8.424244e+00
507,1.459680e-18,-1.570210e-04,-1.874913e-05,4.780801e-04,3.193174e-01,2.593572e-02,-3.513402e-02
508,1.513470e-18,-1.578858e-04,-1.656206e-06,4.790142e-04,6.258513e-02,3.287552e-01,1.391918e+00
509,1.148126e-15,5.730642e-05,1.398218e-05,4.393964e-04,1.359980e-01,3.472340e-02,-1.245633e+00
510,1.399046e-16,5.723939e-05,1.349084e-05,4.394088e-04,3.620641e-01,-2.481794e-02,-1.791780e+00
511,6.211793e-17,-7.765305e-06,-1.715527e-04,4.533784e-04,-2.866390e-01,1.014852e-01,-9.385831e-01
512,5.930123e-19,9.335792e-05,1.636205e-05,4.733947e-04,1.060437e+00,-2.816892e-01,-5.978515e+00
513,2.973763e-18,9.377203e-05,7.667062e-07,4.768974e-04,1.170117e-01,2.947734e-02,-1.434657e+00
514,1.259645e-18,8.769673e-05,-9.157778e-06,4.769496e-04,-2.894543e-01,2.062512e+00,-8.692776e-01
515,1.005499e-18,7.929666e-05,-1.103961e-05,4.731882e-04,1.079842e+00,-6.899997e-01,-3.393052e+00
516,4.627797e-18,7.733957e-05,-1.096147e-05,4.776179e-04,1.693730e-01,2.951269e-01,1.686480e+00
517,6.025676e-19,-1.496086e-04,1.567003e-05,4.733923e-04,8.475602e-01,-1.273304e+00,-5.316531e+00
518,2.769242e-19,-1.574219e-04,-1.953009e-06,4.726138e-04,6.797673e-01,1.130701e+00,-1.018579e+01
519,9.850586e-19,-1.572106e-04,-1.914089e-05,4.716128e-04,3.889835e-01,-4.737365e-01,-9.329128e+00
520,2.874403e-19,-1.582031e-04,-1.171867e-06,4.718331e-04,-5.754580e-01,-6.809672e-01,-1.117542e+01
521,4.361735e-19,1.246094e-04,1.171959e-06,4.710505e-04,7.478891e-01,1.398603e+00,-1.127112e+01
522,5.069383e-17,1.110822e-04,1.060108e-05,4.780551e-04,4.066876e-01,4.279408e-01,-7.709409e-01
523,3.848928e-19,1.214844e-04,7.422083e-06,4.765166e-04,-1.181743e+00,-2.321472e+00,-4.256811e+00
524,1.296563e-18,1.195274e-04,1.872920e-05,4.757377e-04,-1.569628e+00,2.901174e-02,-1.665466e+00
525,1.326578e-18,1.343857e-04,-7.705002e-07,4.741760e-04,4.776926e-01,-1.754912e-01,-3.461426e+00
526,6.662110e-17,3.530222e-05,1.176614e-05,5.260797e-04,-4.930689e-01,1.530252e-01,7.224424e+00
527,2.686777e-18,3.827537e-05,3.902444e-06,5.250852e-04,3.648929e-02,-7.962061e-02,1.063549e+00
528,4.739871e-17,4.980590e-05,8.299187e-06,5.413763e-04,-1.839217e+00,3.203350e+00,1.408913e+01
529,9.996968e-17,2.858164e-05,-1.123669e-05,5.466379e-04,-4.489208e-01,4.068847e-01,4.277629e+00
530,1.300795e-16,4.446592e-05,-1.001417e-05,5.465221e-04,-1.392697e+00,-1.002797e+00,2.056554e+01
531,4.220496e-17,3.766366e-05,-1.520154e-05,5.247260e-04,1.340546e+00,-6.786372e-01,8.673672e+00
532,6.824861e-17,4.233458e-05,2.225244e-05,5.405243e-04,-2.616307e-01,1.628578e+00,1.057926e+01
533,1.579233e-17,3.932091e-05,1.500017e-05,5.433300e-04,9.273981e-01,7.176076e-01,8.601285e+00
534,4.216382e-18,2.419704e-05,-9.357563e-06,5.481480e-04,-5.344995e-02,2.200838e-02,4.407185e+00
535,1.939526e-17,3.029916e-05,1.504809e-05,5.355798e-04,-3.845064e-01,7.079438e-01,7.974421e+00
536,3.401034e-18,4.062026e-05,-1.094153e-05,5.341518e-04,6.214302e-02,5.964279e-02,1.293864e+01
537,4.676420e-17,2.702227e-05,-4.441629e-06,5.248069e-04,-1.263890e-01,-8.661390e-01,4.685539e+00
538,5.703851e-17,2.457733e-05,-3.523228e-06,5.417318e-04,4.309319e-01,-1.862739e-01,7.357411e+00
539,4.758584e-18,3.979642e-05,-9.628172e-06,5.462938e-04,7.054294e-01,-1.343752e+00,6.982746e+00
540,1.138608e-18,3.359149e-05,-1.796902e-05,5.475171e-04,3.776496e-02,-6.249754e-02,2.233011e+00
541,2.579309e-17,2.286848e-05,1.674478e-05,5.331771e-04,7.883809e-02,-4.478022e-01,7.969473e+00
542,1.829845e-17,4.096480e-05,8.929949e-06,5.384405e-04,5.956167e-01,-9.585137e-01,4.645251e+00
543,4.927457e-18,2.890193e-05,1.875232e-05,5.420918e-04,-2.501537e-01,4.881212e-02,5.216025e+00
544,4.772991e-18,4.062644e-05,1.640285e-05,5.483130e-04,1.651701e-01,-6.923125e-02,6.127507e+00
545,2.802720e-18,4.999874e-05,1.797563e-05,5.380087e-04,-2.448840e-02,1.146715e-01,1.807375e+00
546,2.414784e-16,5.453669e-05,-5.001231e-06,5.466224e-04,-8.419791e-01,7.657265e-01,1.791426e+01
547,2.513987e-16,5.515314e-05,-6.800816e-06,5.264626e-04,2.615284e-01,-1.668577e+00,1.822444e+01
548,6.354371e-17,6.416409e-05,2.470280e-06,5.336174e-04,2.781912e+00,1.108128e-01,1.442784e+01
549,6.787028e-18,6.558653e-05,8.532665e-06,5.412988e-04,3.438622e+00,1.084683e+00,1.399232e+01
550,2.308637e-18,7.187742e-05,-1.250631e-05,5.349291e-04,-1.265690e-01,-1.481923e-01,7.819344e+00
551,3.248220e-18,5.937508e-05,-1.719010e-05,5.303752e-04,3.214452e-02,-1.244373e-01,4.857915e+00
552,5.007343e-18,5.937263e-05,-1.718473e-05,5.361488e-04,-1.271238e-02,1.353050e-01,4.260994e+00
553,3.062516e-18,6.249745e-05,-1.405915e-05,5.395312e-04,2.978699e-02,-7.501369e-02,3.426091e+00
554,7.759841e-17,5.564302e-05,1.764909e-05,5.249580e-04,-2.846747e-01,-1.745384e-01,5.645466e+00
555,2.241318e-17,7.225585e-05,8.686428e-06,5.462543e-04,2.638536e-01,-5.135994e-01,4.633740e+00
556,5.053846e-18,7.187359e-05,1.483541e-05,5.429040e-04,1.353496e-02,-1.056932e-01,5.336510e+00
557,3.370449e-18,5.703047e-05,7.811310e-06,5.493149e-04,5.163772e-03,-4.529247e-02,1.000488e+01
558,3.155566e-18,6.875305e-05,1.719112e-05,5.357571e-04,3.054461e-02,-6.271370e-02,3.395325e+00
559,5.617979e-17,5.445152e-05,3.180138e-06,5.083623e-04,1.505690e+00,8.888125e-02,9.377560e+00
560,4.666305e-17,7.188575e-05,-2.556604e-06,5.021630e-04,-1.015944e-01,1.633619e+00,1.282855e+01
561,1.963023e-17,6.202783e-05,1.248698e-05,5.232828e-04,2.580028e+00,9.175365e-01,1.065922e+01
562,3.129121e-17,6.810726e-05,1.779714e-05,5.009788e-04,-6.273564e-02,-1.857215e-01,1.188814e+01
563,7.222349e-18,7.187577e-05,6.928713e-06,5.137395e-04,7.985710e-02,-9.188230e-01,7.226284e+00
564,2.049462e-18,7.187338e-05,1.468012e-05,5.071550e-04,6.599079e-02,4.246159e-01,1.296069e+00
565,1.704852e-17,5.625182e-05,-1.930342e-06,5.076374e-04,6.222057e-02,-5.208979e-01,1.057119e+01
566,3.135583e-18,4.999247e-05,1.719205e-05,5.165425e-04,8.844547e-02,2.859254e-01,2.526685e+00
567,5.565991e-18,7.187084e-05,1.295439e-05,5.033153e-04,-1.457494e-01,-1.007791e+00,6.632941e-01
568,2.225504e-18,6.796179e-05,8.581718e-06,5.034061e-04,1.058526e-01,-1.999139e-02,-4.757356e-01
569,1.504923e-17,3.437408e-05,-3.125715e-06,5.049482e-04,-7.320395e-01,3.367097e-01,5.615243e+00
570,3.073481e-17,4.186312e-05,-1.437293e-05,5.208198e-04,-2.970190e+00,-1.844951e-01,2.984109e+01
571,7.782924e-17,3.469561e-05,-3.117813e-06,5.048807e-04,-6.288093e-01,4.595403e-01,5.448408e+00
572,2.066633e-18,4.610597e-05,-1.316614e-05,5.094089e-04,2.876676e-01,1.113892e-01,2.108624e+01
573,7.081732e-18,4.610053e-05,-1.249191e-05,5.041603e-04,-5.994245e-02,5.102628e-01,1.999107e+01
574,4.065902e-18,3.905685e-05,-1.093432e-05,5.198030e-04,-4.576055e-01,4.934294e-01,9.417095e+00
575,1.062747e-18,2.735640e-05,-1.329321e-05,5.122954e-04,-5.892843e-02,-1.215873e-02,3.994185e+00
576,3.102533e-18,2.811543e-05,-1.327886e-05,5.180641e-04,2.436942e-01,-1.522103e+00,4.231076e+00
577,4.437217e-18,3.672325e-05,-7.818154e-06,5.116215e-04,4.915091e-02,-3.606991e-01,1.863072e-01
578,1.801619e-17,4.188128e-05,5.011451e-07,5.103668e-04,-2.799917e-01,1.158937e+00,2.706142e+00
579,1.119947e-18,3.672405e-05,-2.344446e-06,5.176941e-04,1.056581e-01,-1.472794e-02,8.303821e-01
580,2.227956e-18,3.280817e-05,-6.251283e-06,5.111372e-04,1.857266e-01,3.082770e-02,4.554614e-01
581,2.865173e-18,3.984782e-05,-1.953960e-05,5.181218e-04,2.014798e-01,-3.922259e-02,7.902166e-02
582,3.182084e-17,4.210045e-05,1.569499e-05,5.152399e-04,8.607636e-01,1.229484e+00,1.766358e+01
583,5.007706e-18,4.061728e-05,1.329057e-05,5.068322e-04,1.868020e-01,-7.316411e-01,1.562961e+01
584,7.769300e-17,3.056350e-05,1.293460e-05,5.119978e-04,-1.190224e+00,-6.444359e-01,5.358887e+00
585,9.358106e-18,4.367446e-05,8.585172e-06,5.161967e-04,5.384521e-01,3.236190e-01,6.210439e+00
586,3.325650e-18,3.594297e-05,9.379881e-06,5.088080e-04,1.407185e-01,4.089379e-02,4.057338e+00
587,1.358245e-18,3.201499e-05,8.685494e-06,5.107539e-04,-6.281869e-02,7.152090e-01,4.017672e+00
588,2.999941e-18,2.577355e-05,1.948588e-05,5.165306e-04,2.375613e-01,2.217740e-02,2.485644e+00
589,4.308485e-18,2.540591e-05,8.598308e-06,5.057899e-04,-9.743229e-01,1.636452e-01,2.774533e+00
590,1.229976e-18,3.201672e-05,8.584577e-06,5.207897e-04,1.503251e-01,3.394066e-01,2.863096e+00
591,1.176244e-17,1.911400e-06,-3.902809e-05,4.703057e-04,-3.219977e+00,-6.182202e-01,-6.061489e+00
592,2.431180e-17,1.961129e-06,-2.738539e-05,4.816844e-04,-1.820750e-01,2.324724e+00,1.110840e+01
593,1.112639e-18,-1.171861e-06,-2.773440e-05,4.734171e-04,-3.959763e+00,1.091426e+00,8.918680e-01
594,1.823670e-17,1.004409e-05,-2.405151e-05,5.356032e-04,1.175336e+00,1.011066e+00,1.696721e+01
595,3.421452e-17,2.101530e-05,-1.356008e-05,5.270823e-04,1.853482e-01,7.802855e-01,7.137940e+00
596,9.099856e-18,1.620302e-05,-1.095237e-06,5.351870e-04,2.449666e-01,5.900867e-02,6.477516e+00
597,5.087098e-17,1.358625e-05,-8.971211e-06,5.394680e-04,-5.430490e-01,1.020649e+00,3.921347e+00
598,5.017458e-18,1.093986e-05,-1.137308e-09,5.253517e-04,1.955719e-01,-6.476845e-02,6.076864e-01
599,1.324034e-18,8.564727e-06,-9.368873e-06,5.413317e-04,-4.932428e-01,2.150150e-02,3.580803e+00
600,1.639261e-18,3.126131e-06,-2.031075e-05,5.284399e-04,-1.042620e-01,1.533712e-02,3.805913e+00
601,1.603281e-18,1.954064e-05,2.191023e-09,5.314657e-04,-9.129119e-02,8.346687e-02,3.777647e+00
602,5.776757e-19,6.638462e-06,-1.797186e-05,5.496591e-04,-2.056231e+00,3.791101e-02,1.582422e+01
603,4.337366e-18,1.721570e-05,-2.343432e-05,5.399069e-04,-2.142254e-01,-3.232848e-02,1.419642e+00
604,2.342544e-18,1.562153e-06,-2.419487e-05,5.332910e-04,1.222188e-01,3.032624e-01,-2.753937e-01
605,1.076327e-18,9.371869e-06,-5.461901e-06,5.413246e-04,-2.567065e-02,1.769512e-02,-2.968364e+00
606,1.737422e-16,1.226509e-05,8.920752e-06,5.313935e-04,-1.495303e+00,9.262919e-02,6.677669e+00
607,1.248164e-17,3.480759e-06,1.699381e-05,5.392114e-04,-2.281441e+00,-1.842543e+00,8.597531e+00
608,1.015362e-17,2.181439e-05,2.420649e-05,5.276825e-04,-4.381588e-01,1.507106e-02,8.242559e+00
609,3.120348e-18,2.187397e-05,2.338907e-06,5.393984e-04,-5.619516e-03,8.181653e-02,3.666952e+00
610,2.245939e-18,1.645597e-05,2.495693e-05,5.342990e-04,1.278313e-01,-2.376360e-01,3.014474e+00
611,3.084415e-18,3.126004e-06,1.562360e-06,5.288305e-04,1.175213e-01,-3.925101e-02,-6.113529e-01
612,1.332576e-18,-4.201173e-05,-8.836060e-06,4.751076e-04,5.090417e-01,7.291496e-02,1.850264e-01
613,3.299050e-18,-4.142513e-05,-1.560287e-06,4.761624e-04,4.202907e-01,-1.242312e-01,4.416770e-01
614,3.259338e-18,-4.605578e-05,-4.638276e-06,4.775134e-04,-1.926616e-01,2.357156e+00,4.280777e-01
615,6.050827e-19,-4.604658e-05,-2.304731e-05,4.718301e-04,2.017398e+00,-3.411458e+00,-4.170520e+00
616,3.069570e-19,-4.023360e-05,-1.914152e-05,4.702687e-04,2.083410e+00,-2.485360e+00,-7.517139e+00
617,1.956198e-18,-3.521544e-05,-1.611158e-06,4.727276e-04,-3.358555e-02,2.362685e-01,-3.531452e+00
618,2.599195e-17,-8.306958e-06,-5.846010e-06,4.729268e-04,-1.468455e+00,-2.400755e+00,-6.824956e-01
619,1.320408e-18,-1.798415e-05,-1.173931e-05,4.749529e-04,2.005182e+00,-3.735830e-01,-9.627267e-01
620,4.792684e-19,-1.210920e-05,-1.718835e-05,4.741711e-04,-2.398802e-01,3.078294e-01,-2.645265e+00
621,2.789471e-19,-6.640556e-06,-6.640555e-06,4.687052e-04,-1.583805e+00,-8.640438e-01,-4.518055e+00
622,6.111141e-19,-1.952995e-05,-8.203830e-06,4.726103e-04,2.706966e+00,1.162666e+00,-4.222028e+00
623,5.829455e-19,-6.640740e-06,-7.421935e-06,4.675640e-04,-2.328572e+00,4.383726e-01,-5.688852e+00
624,5.111804e-18,-3.910185e-06,-1.484537e-05,4.772424e-04,-1.962388e-01,1.186168e-01,-2.537722e-01
625,3.156149e-17,-4.177513e-05,-9.339359e-06,4.958339e-04,-4.707963e-01,4.917023e-02,1.379786e+01
626,2.115454e-18,-3.768177e-05,-1.612369e-06,4.988563e-04,-8.670472e-01,1.836943e+00,1.738157e+01
627,2.367301e-18,-5.082372e-05,-1.569325e-06,4.894010e-04,4.218562e-01,-7.235033e-02,5.161544e+00
628,4.849352e-18,-3.601004e-05,-1.599175e-06,4.920928e-04,-1.458821e-01,-7.970116e-01,1.319794e+01
629,1.473449e-18,-3.436346e-05,-1.171330e-05,4.983681e-04,-2.184688e-01,-8.600220e-01,7.011870e+00
630,5.076641e-18,-4.688241e-05,-4.685728e-06,4.882486e-04,2.340460e-01,-9.188062e-02,7.455882e+00
631,2.386793e-18,-4.609422e-05,-8.596599e-06,4.886657e-04,2.646950e-01,-1.795352e-01,6.406977e+00
632,5.762100e-18,-3.435058e-05,-1.794875e-05,4.964966e-04,-1.481386e-01,-3.509056e-01,9.168443e+00
633,4.222212e-17,-3.046692e-05,-5.044789e-06,4.928152e-04,-1.928274e+00,1.648400e+00,4.989553e+00
634,2.992936e-17,-5.216628e-05,-4.058654e-06,4.826704e-04,8.929646e-01,3.789824e+00,4.425691e+00
635,2.749398e-18,-3.437703e-05,-9.399932e-06,4.901356e-04,-1.244138e-02,-2.467737e-02,3.935074e+00
636,2.621574e-18,-4.141193e-05,-1.172635e-05,5.003031e-04,1.810961e-01,-3.810976e-01,7.335080e+00
637,1.414209e-18,-3.438405e-05,-1.563487e-05,4.858891e-04,-1.758545e-01,-5.024556e-01,4.000362e+00
638,1.059787e-17,-4.234283e-05,-1.830608e-05,4.789089e-04,-9.202580e-02,1.362556e+00,4.178538e+00
639,4.488027e-18,-2.577969e-05,-5.475429e-06,4.975578e-04,-9.904477e-02,-1.198692e-01,4.052414e+00
640,1.396992e-18,-2.890013e-05,-7.033924e-06,4.858807e-04,4.623534e-01,-2.729635e-01,3.786206e+00
641,8.946567e-17,-4.027843e-05,9.768244e-08,4.939428e-04,-2.115726e-01,3.399798e-01,9.484528e+00
642,1.198153e-18,-3.437803e-05,-1.245768e-05,4.819800e-04,-4.471015e-01,1.265832e+00,1.752413e+00
643,6.301444e-18,-4.659707e-05,-8.615951e-06,5.015739e-04,5.819237e-02,2.434733e-01,1.347731e+01
644,1.226817e-17,-4.983886e-05,-1.563000e-06,5.010675e-04,9.147247e-02,5.331089e-02,9.282804e+00
645,1.941956e-18,-3.593009e-05,-1.577452e-06,4.891890e-04,4.850289e-01,8.769257e-01,1.254778e+01
646,4.484679e-18,-3.826205e-05,-2.460941e-05,4.895566e-04,-4.484957e-04,-1.630226e-02,-3.118075e+00
647,1.314635e-18,-4.223764e-05,-8.557088e-06,4.929075e-04,-7.985480e-02,1.820886e-01,1.673449e+01
648,2.858727e-18,-4.612762e-05,-8.572160e-06,4.971890e-04,-2.472980e-03,-1.064306e-01,1.235218e+01
649,3.250384e-18,-3.587696e-05,-1.699353e-06,4.857542e-04,3.024526e-01,6.596344e-01,1.020958e+01
650,1.623808e-18,-4.219443e-05,-8.600487e-06,4.890052e-04,-1.719600e-01,-1.198837e-01,1.225410e+01
651,7.634771e-18,-3.202497e-05,-3.201095e-06,5.024375e-04,-2.488600e-01,-7.460166e-01,6.229728e+00
652,1.926660e-18,-4.147052e-05,-1.524407e-06,4.873377e-04,8.047505e-01,-3.192756e-01,1.126076e+01
653,7.869349e-18,-4.686103e-05,-4.663383e-06,5.014455e-04,3.723591e-01,-1.466416e-01,1.280456e+01
654,1.506657e-18,-4.217227e-05,-8.598339e-06,4.851048e-04,5.581443e-01,-4.308946e-01,9.077785e+00
655,1.532540e-18,-4.220261e-05,-8.581954e-06,4.804190e-04,1.113102e+00,6.478068e-01,4.588249e+00
656,3.170151e-18,-3.593616e-05,-1.571554e-06,4.808320e-04,-3.880716e-01,2.046498e-01,6.409641e+00
657,1.745891e-17,-4.295978e-05,-2.420227e-05,4.968010e-04,2.246683e-02,-2.074452e-02,-1.517850e+00
658,4.166209e-17,-1.858820e-05,-8.307318e-06,4.819551e-04,-2.470417e+00,1.448361e+00,2.320853e+00
659,5.159681e-17,-1.082788e-05,-2.039346e-06,4.912156e-04,2.688621e+00,1.220063e+00,8.381834e+00
660,5.342447e-18,-1.453456e-05,-4.687382e-06,4.837800e-04,8.443747e-01,-1.936202e-01,6.292711e+00
661,1.474378e-17,-4.741477e-06,-1.567638e-05,4.987828e-04,-1.571704e-01,2.247346e-01,8.423231e+00
662,3.326825e-18,-1.564816e-05,-2.343849e-05,4.839105e-04,1.354848e-01,-2.273741e-01,3.466492e+00
663,3.472618e-18,-7.788642e-06,-2.109133e-05,4.847270e-04,6.498548e-02,1.329242e+00,7.817196e+00
664,2.578472e-18,-3.904654e-06,-1.484504e-05,4.877726e-04,4.832415e-02,-5.155846e-02,4.411895e+00
665,2.391581e-18,-1.563648e-05,-2.344804e-05,4.955721e-04,-4.678927e-03,-1.360937e+00,-5.472816e-02
666,4.509090e-18,-2.339920e-06,-3.894086e-06,4.781205e-04,-1.203977e-02,6.385852e-01,-2.739447e+00
667,1.156980e-18,2.013066e-05,1.103658e-04,4.743505e-04,-8.189570e-01,7.092871e-01,-1.653949e+00
668,4.091392e-19,3.515595e-06,9.570313e-05,4.702703e-04,5.412358e+00,-9.617546e-01,6.332614e-01
669,9.855308e-19,6.640245e-06,7.988516e-05,4.761478e-04,-1.931577e-01,-1.498544e+00,-5.690805e-02
670,2.591642e-19,2.460943e-05,8.554702e-05,4.733959e-04,3.966126e-01,2.899969e-01,-4.348870e+00
671,2.519665e-18,1.720038e-05,9.690689e-05,4.769245e-04,-1.051585e-01,8.868955e-02,1.086889e-01
672,4.954083e-17,-2.372095e-04,-6.152927e-06,5.238914e-04,5.368608e-01,4.508833e-01,5.405662e+00
673,3.767203e-17,-2.293216e-04,-3.751168e-06,5.265922e-04,2.229908e+00,-1.012439e-01,1.612517e+01
674,2.026751e-17,-2.376293e-04,1.815365e-05,5.272424e-04,-9.420723e-02,1.475917e+00,5.455750e+00
675,1.260134e-17,-2.332487e-04,-1.171066e-05,5.087466e-04,-2.330721e+00,-5.531622e-01,1.668336e+01
676,4.219120e-18,-2.312728e-04,-1.169800e-05,5.021150e-04,7.813979e-01,-5.946698e-02,1.386298e+01
677,2.211323e-16,-2.378450e-04,-1.235863e-05,5.165948e-04,-1.963284e+00,-7.563411e-02,1.102025e+01
678,1.100006e-16,-2.229766e-04,5.048516e-06,5.127924e-04,1.754318e+00,-2.159720e-01,1.692003e+01
679,9.964625e-18,-2.242241e-04,2.333690e-06,5.024872e-04,4.520946e-01,8.001309e-01,1.174330e+01
680,4.006337e-17,-2.340954e-04,9.911781e-06,5.083697e-04,-3.198504e+00,-9.855660e-01,1.127431e+01
681,2.163469e-17,-2.426616e-04,-1.906591e-05,5.183991e-04,-6.987927e+00,-8.021801e-01,2.860079e+01
682,3.544449e-17,-2.282641e-04,-8.767376e-06,5.229858e-04,-6.976562e-01,1.738339e-01,1.440820e+01
683,5.982266e-18,-2.300098e-04,7.009030e-06,5.024366e-04,-1.389194e+00,-1.587640e+00,1.251054e+01
684,3.182599e-18,-2.437492e-04,1.954193e-05,5.041872e-04,-2.427612e-02,-4.026283e-02,5.190431e+00
685,4.537212e-18,-2.253679e-04,8.614121e-06,5.157992e-04,5.806259e-01,-9.990932e-02,9.162372e+00
686,1.803669e-17,-2.248124e-04,2.306713e-05,5.197096e-04,3.173412e-01,1.711389e+00,6.329162e+00
687,1.158133e-17,-2.455312e-04,2.179444e-05,5.139255e-04,-1.521735e+00,2.718790e-01,2.671411e+00
688,3.035538e-18,-2.281204e-04,1.482138e-05,5.172757e-04,1.221853e-01,5.483460e-01,8.479141e-01
689,8.405155e-18,-2.437391e-04,-4.085841e-07,5.141973e-04,1.041199e+00,4.163801e-01,7.356608e-01
690,3.612799e-18,-2.390623e-04,-1.718425e-05,5.096364e-04,-4.709108e+00,-4.188333e-01,2.323494e+01
691,4.877127e-18,-2.304705e-04,-4.694530e-06,5.022507e-04,2.283476e-02,2.508069e-01,1.254624e+01
692,4.867527e-18,-2.382798e-04,-1.563571e-06,5.005956e-04,-3.286815e-02,-2.036853e-02,8.748135e+00
693,5.772886e-17,-2.488754e-04,-2.216110e-05,5.060610e-04,-4.016900e-01,-1.937586e+00,7.218111e+00
694,5.769378e-17,-2.305125e-04,-5.434704e-06,5.114550e-04,1.021835e-01,1.752287e-01,1.464395e+01
695,1.932696e-17,-2.491717e-04,-7.622994e-06,5.186624e-04,1.702087e-01,6.568598e-02,1.054899e+01
696,8.332789e-18,-2.386373e-04,-8.045156e-06,5.061099e-04,-5.473979e-01,-6.635859e-01,9.176425e+00
697,1.692285e-17,-2.470728e-04,-9.427232e-06,5.057796e-04,-8.510343e-01,1.412567e+00,9.325598e+00
698,3.041758e-18,-2.363906e-04,-2.352180e-06,5.082902e-04,4.794653e-01,7.592904e-03,8.434136e+00
699,5.502149e-18,-2.368856e-04,-1.642162e-05,5.053185e-04,-2.853129e+00,-4.291038e-03,2.139144e+01
700,3.756447e-17,-2.227769e-04,-3.626545e-06,5.169677e-04,1.111077e+00,9.953018e-01,3.251056e+00
701,3.165182e-17,-2.243789e-04,-1.195429e-05,4.989342e-04,3.494615e-01,9.448698e-02,9.131344e+00
702,8.068291e-19,-2.201767e-04,-6.404322e-07,5.200155e-04,-1.756428e-01,-5.737705e-02,8.450883e+00
703,1.048441e-17,-2.053609e-04,-1.384367e-05,5.084910e-04,-3.045306e-01,-2.602604e-01,3.514961e+00
704,2.216651e-17,-2.028627e-04,-1.801712e-05,5.148240e-04,-1.456474e-01,4.480649e-01,5.186649e+00
705,3.326169e-17,-2.009058e-04,-1.217457e-05,5.005161e-04,-1.727508e+00,-3.210376e-01,4.829930e+00
706,1.738485e-16,-1.975782e-04,1.586170e-06,5.193493e-04,1.347824e-01,4.415344e-01,6.081127e+00
707,9.079410e-18,-2.184441e-04,-1.013513e-05,5.069436e-04,2.962799e-01,-4.491800e-01,7.928860e+00
708,4.524493e-18,-2.187537e-04,-1.015239e-05,5.216246e-04,-9.956392e-02,2.639460e-01,9.907441e+00
709,2.436902e-19,-2.238281e-04,-8.980404e-06,5.130711e-04,-4.432312e-01,1.989872e-01,7.716700e+00
710,1.405913e-18,-2.039041e-04,-2.343334e-06,5.130603e-04,1.573919e-01,-8.226151e-02,4.293432e+00
711,6.008804e-19,-2.132695e-04,-1.679580e-05,5.146406e-04,-2.232706e-01,-7.750575e-02,-5.448296e-01
712,1.397340e-18,-2.109281e-04,-8.604805e-06,5.177259e-04,2.273030e-02,8.224912e-02,4.246143e+00
713,4.685111e-18,-2.187520e-04,-1.015527e-05,5.170735e-04,-6.261071e-02,-1.216737e-01,1.008404e+01
714,8.416059e-18,-2.085940e-04,-9.301973e-06,5.273140e-04,-1.683041e-02,-1.802770e-01,7.213698e+00
715,9.952782e-19,-2.054705e-04,-1.326985e-05,5.045822e-04,4.375481e-01,-5.428907e-01,2.759503e+00
716,3.199560e-16,-2.151005e-04,9.034339e-06,5.214583e-04,8.990067e-01,1.238284e-01,4.666632e+00
717,6.348988e-17,-2.170733e-04,3.717411e-06,4.983549e-04,-4.509041e-01,2.052064e-01,5.218519e+00
718,2.449737e-17,-2.076470e-04,1.158401e-05,4.994236e-04,-6.638483e-01,9.474537e-03,3.984123e+00
719,4.439435e-17,-2.034730e-04,5.759107e-06,5.076189e-04,-1.594441e+00,-7.193961e-01,1.426621e+01
720,3.801207e-18,-2.070335e-04,1.171673e-05,5.127143e-04,-3.421565e-01,-1.222725e+00,6.955635e+00
721,4.001687e-17,-2.072122e-04,1.223556e-05,5.124262e-04,-4.420422e-01,-1.131626e+00,6.536065e+00
722,5.187043e-17,-2.201859e-04,1.468055e-05,5.102162e-04,9.887902e-01,1.254949e+00,8.537170e+00
723,3.882605e-17,-2.114490e-04,2.544298e-06,5.117730e-04,2.862426e+00,6.695883e-01,7.861910e+00
724,5.794239e-17,-1.996937e-04,1.114964e-05,4.974946e-04,-4.385789e-01,-7.523344e-01,1.438674e+01
725,3.084602e-17,-2.033921e-04,1.179250e-05,5.262775e-04,6.995700e-01,7.074043e-01,9.144513e+00
726,6.546183e-17,-2.489953e-04,7.377293e-06,4.858849e-04,1.263659e-01,-6.626168e-01,1.815424e+00
727,1.167846e-16,-2.294267e-04,9.857206e-06,4.889794e-04,6.308520e-01,-1.253472e+00,8.133731e+00
728,1.480981e-17,-2.263491e-04,1.244588e-05,4.986596e-04,-9.648420e-02,-3.941398e-01,8.930273e+00
729,2.759655e-17,-2.487741e-04,2.392072e-05,4.891128e-04,6.705300e-02,9.320515e-01,3.496625e-01
730,4.583882e-17,-2.233836e-04,7.890636e-06,4.891737e-04,7.126187e-01,-1.000768e+00,7.412446e+00
731,1.697938e-17,-2.289586e-04,1.404422e-05,4.767089e-04,1.006049e+00,-2.502130e+00,2.549838e+00
732,3.821363e-18,-2.257351e-04,2.384793e-06,4.852291e-04,2.793671e-01,2.096238e-01,6.566466e+00
733,1.131461e-17,-2.450764e-04,1.468661e-05,4.850695e-04,2.341896e-01,-6.259809e-02,-2.747397e-01
734,1.407645e-18,-2.343718e-04,1.015694e-05,4.780799e-04,-4.494373e-01,2.160231e-02,4.584591e-01
735,7.348295e-19,-2.277345e-04,7.729554e-06,4.827630e-04,1.444027e+00,-7.806785e-01,9.842205e+00
736,2.368027e-18,-2.265470e-04,1.002317e-05,4.817534e-04,2.873693e-01,-1.222489e+00,5.404656e+00
737,3.117561e-18,-2.304764e-04,2.352745e-06,4.963826e-04,-1.678984e+00,2.748376e-01,8.557472e-01
738,2.303360e-18,-2.367892e-04,6.951757e-06,4.808886e-04,8.127411e-01,4.225808e-01,-1.279817e+00
739,1.278448e-18,-2.496096e-04,-7.864630e-07,4.894052e-04,4.200845e-01,5.816845e-01,-2.540493e+00
740,3.589729e-18,-2.272239e-04,7.800822e-06,4.782583e-04,3.206388e+00,2.989753e-02,4.995711e+00
741,1.239622e-18,-2.288988e-04,7.832231e-06,4.858850e-04,-1.487380e+00,-4.436682e-01,1.302934e+01
742,1.514164e-18,-2.496091e-04,1.406841e-05,4.831872e-04,-6.348289e-02,1.230184e-01,1.321203e-01
743,2.905653e-18,-2.437534e-04,1.563209e-06,4.910271e-04,4.296036e-02,1.969696e-01,-2.099295e-01
744,1.730598e-18,-2.496092e-04,5.474231e-06,4.776753e-04,-1.308953e-01,-1.572813e-01,3.505098e+00
745,1.310612e-17,-2.405362e-04,2.424575e-05,4.902017e-04,6.098762e-02,2.935338e-03,-1.621709e+00
746,2.868385e-18,-2.492826e-04,2.460943e-05,4.799191e-04,-1.205535e-01,-5.038343e-02,-3.207725e+00
747,1.321238e-18,-2.476332e-04,2.460935e-05,4.831193e-04,-2.574359e-02,3.307735e-01,-2.825489e+00
748,1.772614e-17,1.731323e-04,1.363651e-05,4.777034e-04,7.417145e-01,3.782795e+00,-1.558066e+00
749,5.181698e-17,2.020653e-04,6.856925e-07,4.985986e-04,6.845025e-01,-5.170052e-01,5.575567e+00
750,5.442020e-18,1.828117e-04,5.467080e-06,4.991186e-04,-2.082525e-01,1.135113e-01,9.142142e+00
751,5.727220e-17,1.939381e-04,7.977326e-06,4.930269e-04,-1.010982e+00,-7.900359e-01,3.581175e+00
752,1.195701e-18,1.773020e-04,1.407409e-05,4.843222e-04,4.061923e-01,6.740724e-01,4.915763e+00
753,1.622950e-18,1.812513e-04,5.600935e-06,4.895322e-04,-3.642582e-01,-1.210071e-01,6.080575e+00
754,2.447430e-17,1.783465e-04,1.696615e-05,4.886400e-04,9.237642e-02,9.261550e-01,3.003792e+00
755,2.788193e-18,1.765946e-04,1.093981e-05,5.003637e-04,9.713589e-01,1.818618e-01,5.537858e+00
756,1.232111e-18,1.992244e-04,1.640656e-05,4.991580e-04,1.306916e-01,1.877456e-01,3.190418e+00
757,8.749990e-18,1.812422e-04,1.198824e-05,4.811135e-04,4.938025e-01,-1.330200e+00,5.166729e-02
758,1.187983e-18,1.922025e-04,3.905478e-07,4.987494e-04,-3.110226e+00,-3.250635e-01,1.222956e+01
759,2.177429e-17,1.910962e-04,1.438830e-05,5.010106e-04,-2.021673e+00,-6.422296e-01,4.464301e+00
760,5.440754e-18,1.929377e-04,1.642253e-05,4.792596e-04,9.175893e-01,4.326468e-01,5.563857e+00
761,1.350817e-18,1.859411e-04,-8.293523e-09,4.827583e-04,1.413514e-01,-5.061047e-01,-2.233190e+00
762,1.222955e-17,1.850801e-04,2.004635e-05,4.759266e-04,-1.975029e-01,-9.165577e-02,-8.331100e-01
763,2.899142e-18,1.937279e-04,9.417761e-06,4.785456e-04,1.656469e+00,-1.160351e+00,1.175287e+00
764,3.315315e-18,1.999919e-04,2.377193e-06,4.909578e-04,9.852704e-01,-2.773806e-01,7.113774e+00
765,3.392349e-18,1.976565e-04,1.562565e-05,4.784796e-04,6.440462e-01,-7.185827e-01,3.716070e-01
766,3.732801e-18,1.788352e-04,7.892997e-06,4.827535e-04,8.924722e-01,-2.366619e-01,-1.651864e+00
767,8.183232e-18,1.820335e-04,2.431563e-05,4.850716e-04,-2.607498e-02,7.836838e-02,-2.088862e+00
768,1.575786e-17,2.009476e-04,2.425475e-05,4.880195e-04,-5.119424e-02,-2.198102e-02,-1.823044e+00
769,1.399390e-18,1.922281e-04,-3.906244e-07,5.003565e-04,-1.724177e+00,-1.686198e+00,1.373599e+01
770,5.286495e-18,1.968111e-04,2.420118e-05,4.704953e-04,1.019905e+00,4.332067e-01,-2.555735e+00
771,2.931535e-19,1.902345e-04,8.203192e-06,4.718321e-04,-8.494738e-01,-1.105620e+00,-4.287624e+00
772,9.374340e-19,1.907928e-04,9.472562e-06,4.726137e-04,1.225753e-01,-6.438948e-02,-2.097163e+00
773,5.418734e-17,1.764992e-04,-4.429441e-06,4.962561e-04,5.813310e-01,6.862373e-01,5.650044e+00
774,4.730328e-17,1.903820e-04,-3.789938e-06,4.872476e-04,3.618683e+00,1.079142e-01,8.268139e+00
775,1.347670e-17,1.899487e-04,-1.411951e-05,4.847645e-04,1.878642e-01,-6.216781e-01,5.671793e+00
776,1.150516e-18,1.742313e-04,-7.023731e-06,4.897842e-04,-3.411049e-01,1.558915e-02,3.937481e+00
777,1.672255e-17,2.013941e-04,-2.010954e-06,4.807804e-04,3.625893e-01,-1.039621e+00,2.817172e+00
778,1.123611e-17,1.948751e-04,-6.198581e-06,4.935134e-04,-8.670499e-01,2.462087e-01,6.430695e+00
779,1.686162e-18,1.985597e-04,-6.250898e-06,4.848746e-04,-8.360765e-01,1.011926e-02,2.831493e+00
780,5.847558e-19,1.894528e-04,-3.836500e-06,4.827610e-04,1.841884e+00,2.354480e-01,7.560735e+00
781,2.564887e-18,1.880371e-04,-3.927735e-06,4.801972e-04,1.674102e+00,-1.063023e+00,6.331724e+00
782,1.187396e-17,1.977668e-04,-2.426107e-05,4.816861e-04,-2.834333e-01,-2.846516e-02,-1.600423e+00
783,6.188306e-18,1.789406e-04,-6.290411e-06,5.005675e-04,1.524338e+00,5.131314e-01,6.448336e-01
784,4.450034e-18,1.914061e-04,-1.172429e-05,5.022297e-04,-1.294366e-01,-1.259954e-01,3.495585e+00
785,3.618961e-18,1.764936e-04,-1.018502e-05,4.925379e-04,7.142251e-01,1.106442e-01,8.044951e-01
786,2.414844e-19,1.886715e-04,-3.516568e-06,4.819803e-04,2.286998e+00,-7.276532e-01,7.129529e+00
787,5.834946e-18,1.960867e-04,-2.434492e-05,4.987128e-04,8.024631e-03,-3.313355e-02,-1.759788e+00
788,1.930497e-18,1.862141e-04,-4.015861e-06,4.733490e-04,9.278648e-01,3.539619e-01,-4.746486e+00
789,6.331794e-19,-1.008074e-04,-4.296848e-06,4.757381e-04,1.455729e+00,1.153018e-01,-3.104445e+00
790,2.388060e-19,-1.003906e-04,-5.078104e-06,4.765190e-04,2.165301e+00,5.638860e-01,-3.124097e+00
791,4.877114e-17,-1.176699e-04,-1.174104e-05,4.966420e-04,1.909026e+00,-3.352603e-01,5.782769e+00
792,2.370309e-16,-9.966747e-05,-7.482966e-06,4.941539e-04,2.224707e-01,1.558386e+00,7.674495e+00
793,1.709071e-17,-9.913628e-05,-1.240327e-05,4.831553e-04,3.805565e+00,-2.900238e+00,6.386066e+00
794,7.202829e-18,-1.203215e-04,-1.685746e-05,4.992298e-04,-2.389560e-02,6.300611e-02,1.474144e+01
795,2.432040e-19,-1.238283e-04,-1.601687e-05,4.874485e-04,2.169850e-01,-7.615180e-02,6.907913e+00
796,1.291113e-18,-1.101401e-04,-1.328448e-05,4.999336e-04,-1.950062e-01,2.152421e-01,6.511585e+00
797,2.203263e-17,-1.178174e-04,-3.870575e-06,4.892708e-04,1.743218e-01,5.064379e-02,2.248223e+00
798,3.036527e-17,-1.110707e-04,-1.527185e-05,4.804866e-04,-3.001630e-01,1.735353e+00,4.657736e+00
799,5.148688e-18,-1.234389e-04,-1.565317e-06,4.912939e-04,-5.222517e-02,2.683091e-01,2.286750e+00
800,8.424950e-18,-1.203300e-04,-6.987264e-10,4.945839e-04,-5.049499e-02,2.565109e-01,6.691953e+00
801,3.430012e-17,-1.054785e-04,-9.003323e-06,4.865752e-04,1.286635e-01,3.015959e+00,6.086681e+00
802,4.797713e-18,-1.226692e-04,-1.208621e-05,4.909823e-04,-2.552061e-01,2.078245e+00,6.983201e+00
803,8.308079e-18,-1.109196e-04,-5.474048e-06,4.983490e-04,3.176055e-01,-7.162595e-03,4.012641e+00
804,6.971523e-18,-1.210926e-04,-1.562587e-05,4.784748e-04,-1.255904e-01,-1.199125e-01,1.643803e+00
805,2.377290e-18,-1.101309e-04,-1.331107e-05,4.862838e-04,-2.241517e-01,-5.832364e-01,1.843575e+00
806,3.306499e-18,-1.195560e-04,-1.093674e-05,4.847397e-04,5.365325e-01,2.067601e-01,2.742267e+00
807,5.587417e-18,-1.023693e-04,-5.487119e-06,4.836039e-04,-1.372673e+00,-1.664651e+00,3.154736e+00
808,3.529423e-18,-1.061972e-04,-7.739830e-06,4.912297e-04,-5.464856e-01,-1.032119e+00,8.520896e+00
809,4.771721e-19,-1.066417e-04,-1.132972e-05,4.835416e-04,-3.691563e-01,1.932492e+00,7.866737e+00
810,2.019666e-18,-1.117083e-04,-1.573433e-05,4.880339e-04,1.616340e+00,-6.667019e-01,-3.818133e+00
811,1.429565e-18,-1.024288e-04,-6.642067e-06,4.893968e-04,-1.108105e+00,1.306866e+00,9.992276e+00
812,1.465391e-17,-1.171503e-04,-1.384564e-05,4.798107e-04,-7.001931e-01,1.081632e+00,-2.632285e-01
813,5.838367e-19,-1.011718e-04,-5.079047e-06,4.792668e-04,3.001783e-01,1.686948e+00,1.407813e+00
814,5.462706e-19,-1.011720e-04,-5.859700e-06,4.777273e-04,-2.330569e-01,4.902396e-01,-1.053674e+00
815,6.910596e-17,-1.129303e-04,-4.373730e-06,5.154277e-04,-6.110693e-01,1.561775e+00,9.606102e+00
816,4.775032e-18,-1.054314e-04,-3.904568e-06,5.174727e-04,-3.671833e-01,-4.890790e-02,5.423878e+00
817,4.333229e-18,-1.101971e-04,-1.254836e-05,5.063616e-04,1.950121e-01,1.152406e+00,7.675772e+00
818,8.496075e-17,-1.045641e-04,-1.207007e-05,5.132479e-04,5.102825e-02,2.671958e-01,1.140235e+00
819,4.838449e-18,-1.187029e-04,-6.291755e-06,5.133230e-04,-4.410535e-02,3.205168e-01,5.358490e+00
820,1.539192e-18,-1.078748e-04,-1.803436e-05,5.168331e-04,1.980192e-01,1.757867e-01,1.127842e+00
821,1.808139e-18,-1.225532e-04,-8.347547e-06,5.079400e-04,-7.198378e-02,3.333632e+00,1.005649e+01
822,1.207706e-18,-8.652265e-05,1.191814e-05,4.950924e-04,1.742932e-01,-1.128917e-01,1.250718e+01
823,1.593438e-17,-8.196819e-05,9.136109e-06,4.907479e-04,4.133562e-01,-3.079102e+00,1.670937e+01
824,5.277058e-17,-9.587058e-05,2.031323e-05,4.900476e-04,1.798523e+00,1.850947e-01,5.040397e+00
825,4.416617e-18,-8.833837e-05,8.087783e-06,4.947120e-04,-8.175421e-02,3.550164e-01,4.837136e+00
826,1.297275e-17,-8.055460e-05,1.445873e-05,4.883515e-04,2.162424e-01,-2.463858e-01,3.410778e+00
827,7.629354e-17,-7.619903e-05,2.057064e-06,4.795525e-04,-8.801130e-01,2.312342e+00,-8.758749e-03
828,3.164399e-18,-9.218726e-05,2.312614e-06,4.964374e-04,-6.128280e-04,-5.174148e-01,3.307962e+00
829,3.376713e-18,-9.765678e-05,4.689231e-06,4.948352e-04,2.580361e-02,-1.206482e-03,2.404264e+00
830,1.297835e-18,-7.656833e-05,1.250893e-05,4.811979e-04,-4.735509e-01,1.022999e-01,-2.216770e+00
831,2.188156e-17,-8.594742e-05,2.413818e-05,4.969852e-04,2.036626e-02,-8.482701e-03,-1.502593e+00
832,7.957967e-18,-7.540574e-05,1.434228e-05,4.955432e-04,1.760398e+00,-1.842674e-01,2.979140e+00
833,2.845712e-17,-9.305093e-05,2.417221e-05,4.840028e-04,-9.458571e-01,-1.506477e-01,-2.039337e-02
834,1.194760e-17,-8.277580e-05,1.204038e-05,4.806587e-04,-9.845102e-01,-9.263426e-02,8.233024e+00
835,7.658113e-19,-8.658754e-05,1.186279e-05,4.897926e-04,-1.267503e-01,-5.561020e-01,9.380582e+00
836,6.422996e-19,-8.203770e-05,1.054876e-05,4.866685e-04,-6.816600e-01,-2.025798e+00,1.484509e+01
837,2.486727e-19,-8.710931e-05,1.132852e-05,4.874508e-04,-6.006549e-01,3.289952e-01,7.960255e+00
838,9.492144e-18,-9.275127e-05,1.372201e-05,4.890468e-04,-2.598202e-01,6.562336e-01,-3.210136e+00
839,8.526099e-19,-8.658241e-05,1.185303e-05,4.851087e-04,7.588607e-01,8.811497e-02,6.473809e+00
840,5.655178e-18,-8.671384e-05,1.223560e-05,4.791117e-04,8.812077e-01,-8.329639e-01,2.322520e+00
841,1.676989e-17,-9.735899e-05,-2.024380e-05,4.954516e-04,-2.349297e-01,-7.782478e-01,2.075373e+01
842,1.771438e-17,-8.551420e-05,-2.341151e-05,4.911418e-04,-2.480831e+00,-2.212728e+00,6.648948e+00
843,2.637082e-19,-9.648449e-05,-2.070295e-05,4.999469e-04,1.164131e+00,-3.467300e+00,1.825249e+01
844,1.237357e-18,-9.709051e-05,-1.228960e-05,4.763403e-04,-9.602688e-01,3.145337e+00,-4.124116e-01
845,3.155580e-18,-8.749654e-05,-5.481599e-06,4.917286e-04,2.415374e-01,-1.206409e-02,3.137997e+00
846,1.315304e-18,-7.499711e-05,-1.406584e-05,4.843208e-04,-8.439706e-03,-2.488442e-02,4.392536e-01
847,1.651160e-18,-8.037921e-05,-1.962034e-05,4.828952e-04,5.360386e-01,-1.175467e+00,4.327416e+00
848,1.690837e-18,-8.743460e-05,-3.630521e-06,4.809381e-04,-7.639787e-02,1.504681e+00,1.069163e+00
849,5.397394e-19,-8.749015e-05,-1.210891e-05,4.944719e-04,-6.597332e-02,-1.806315e-01,3.671415e+00
850,5.606028e-18,-9.686152e-05,-1.644607e-05,4.870125e-04,-4.579972e-01,9.228235e-01,8.190343e+00
851,6.038071e-18,-9.684690e-05,-1.560227e-05,4.830047e-04,1.641418e-01,-9.194155e-01,7.551753e+00
852,2.438712e-18,-9.693167e-05,-1.797755e-05,4.910500e-04,1.456794e-01,-1.126595e+00,1.163623e+01
853,7.846906e-18,-9.692853e-05,-2.032192e-05,4.901408e-04,-4.607386e-01,-1.296313e+00,2.005552e+01
854,1.641643e-17,-9.612037e-05,-1.964723e-05,4.807578e-04,1.396620e+00,1.273019e+00,9.489698e+00
855,2.308162e-17,-1.339433e-05,-1.611414e-04,5.155444e-04,-5.277751e-01,3.264804e+00,1.741491e+01
856,1.960545e-16,-4.843187e-06,-1.586862e-04,5.215036e-04,7.440142e-01,-1.095748e+00,1.138540e+01
857,1.204294e-18,-1.642632e-05,-1.492690e-04,5.030427e-04,-5.650626e-01,1.089935e+00,1.170724e+01
858,2.730712e-18,-1.643308e-05,-1.500109e-04,5.104158e-04,6.868646e-01,3.724298e-01,1.721730e+01
859,3.296030e-18,-1.322960e-05,-1.602667e-04,5.237963e-04,5.240655e-01,-3.601291e+00,1.704109e+01
860,1.132554e-17,-1.639877e-05,-1.499707e-04,5.160330e-04,5.191939e-02,7.812509e-01,1.967678e+01
861,5.653311e-19,-1.366967e-05,-1.531026e-04,5.084509e-04,4.636082e-02,3.189682e-02,8.338646e+00
862,2.662363e-18,-1.248301e-05,-1.663966e-04,5.072910e-04,6.303545e-01,-3.225496e-02,1.248314e+01
863,7.900545e-18,-3.620405e-06,-1.710936e-04,5.134449e-04,1.400254e+00,9.375441e-03,5.861760e+00
864,5.035374e-18,-1.562739e-06,-1.718731e-04,5.037600e-04,-3.597380e-02,2.277586e-01,2.342932e+00
865,7.014368e-16,-2.370853e-06,-1.634584e-04,5.303403e-04,2.975995e-01,-3.474686e-01,7.066722e+00
866,2.038928e-17,1.476656e-05,-1.664641e-04,5.063535e-04,-5.581405e-01,-1.779387e+00,9.445638e+00
867,3.575997e-18,3.097825e-06,-1.656555e-04,5.247151e-04,7.904686e-01,7.348523e-02,2.417387e+01
868,9.359924e-18,3.127531e-06,-1.654273e-04,5.159882e-04,-2.221934e-02,1.400763e-01,2.029183e+01
869,2.391321e-17,7.338678e-06,-1.547390e-04,5.063452e-04,-6.794671e-01,-2.300867e+00,2.118196e+00
870,1.218515e-18,8.598180e-06,-1.664070e-04,5.184995e-04,1.702961e-01,1.562097e-01,8.425428e-01
871,4.081842e-18,1.324342e-05,-1.594176e-04,5.077974e-04,-1.692180e+00,-4.195157e-01,1.440379e+00
872,4.461709e-18,1.016603e-05,-1.640608e-04,5.115172e-04,3.798041e-01,4.275169e-02,-1.467480e+00
873,2.956334e-18,3.920406e-06,-1.656257e-04,5.118468e-04,6.047036e-02,-9.442352e-02,1.899675e+01
874,2.477765e-18,3.907446e-06,-1.656198e-04,5.073601e-04,-1.917364e-01,9.295438e-02,1.581945e+01
875,1.611448e-18,3.914492e-06,-1.656193e-04,5.038004e-04,-1.612093e-01,5.817410e-02,1.410683e+01
876,1.072606e-18,9.374153e-06,-1.531258e-04,5.262115e-04,1.263531e-01,5.746123e-02,6.531981e+00
877,9.469458e-17,-1.933110e-06,-1.905020e-04,5.190264e-04,-7.084281e-01,-1.486439e+00,9.891334e+00
878,1.960441e-16,-5.018571e-06,-1.806354e-04,5.177890e-04,7.462921e-01,5.445238e-01,6.852951e+00
879,5.446841e-17,-2.222854e-05,-1.832187e-04,5.124383e-04,-5.225925e-01,1.032943e-01,3.308120e+00
880,2.247700e-17,-8.679520e-07,-1.896764e-04,5.100207e-04,4.628527e+00,2.378640e-01,2.223390e+01
881,3.249054e-18,-9.347281e-06,-1.812239e-04,5.040545e-04,-1.169697e-01,-6.492355e-02,4.437109e+00
882,3.893069e-17,-1.068775e-05,-1.886100e-04,5.129690e-04,-2.606543e-01,4.950418e-01,4.735863e+00
883,1.153553e-17,-2.032346e-05,-1.899080e-04,5.210311e-04,3.582268e-01,-3.956286e-01,3.435597e+00
884,3.296858e-18,-3.126853e-06,-1.843730e-04,5.064830e-04,-8.364401e-03,-6.073236e-01,7.897069e+00
885,6.282587e-18,-1.215510e-05,-1.781380e-04,5.128617e-04,3.806222e-01,5.798897e-01,1.125874e+00
886,3.506920e-18,-1.093805e-05,-1.914039e-04,5.065283e-04,-4.614851e-01,-5.141978e-02,5.363298e+00
887,3.344178e-18,-9.376969e-06,-1.953121e-04,5.088745e-04,-2.736517e-01,-2.393608e-01,1.245501e+00
888,1.099998e-17,-1.850075e-05,-1.700471e-04,5.357212e-04,-1.659454e+00,4.042329e-01,1.002801e+01
889,8.369653e-17,-1.885193e-05,-1.703818e-04,5.353264e-04,-1.443794e+00,-2.976249e-02,1.002527e+01
890,1.083111e-16,7.060870e-06,-1.583472e-04,5.316826e-04,-3.750254e-01,-6.057917e-01,9.181172e+00
891,2.003207e-17,1.391524e-05,-1.658369e-04,5.342388e-04,1.498687e+00,-6.609261e-01,5.907239e+00
892,7.647641e-18,3.526329e-06,-1.655754e-04,5.308602e-04,-8.952543e-01,1.825858e-01,2.930400e+01
893,2.494379e-18,1.563311e-05,-1.718755e-04,5.387380e-04,5.581218e-02,-3.740222e-02,5.251374e+00
894,3.265085e-18,1.015806e-05,-1.562484e-04,5.410047e-04,-1.967516e-01,-8.557129e-02,4.514728e+00
895,1.234870e-18,3.939843e-06,-1.680046e-04,5.360268e-04,1.958272e-01,-1.643354e-01,4.287569e+00
896,1.040634e-18,1.328062e-05,-1.554627e-04,5.459277e-04,1.400360e-02,9.909101e-04,3.284384e+00
897,2.244586e-18,3.910168e-06,-1.523475e-04,5.281183e-04,4.389672e-02,7.147628e-03,1.372340e+00
898,1.379674e-18,7.741443e-07,-1.734425e-04,5.397738e-04,3.420069e-01,1.761401e-01,9.212946e-01
899,7.140161e-19,9.103593e-07,-1.647210e-04,5.420308e-04,-4.308860e-01,-3.962467e-01,1.484387e+00
900,9.777229e-19,1.328423e-05,-1.554658e-04,5.444169e-04,-3.027202e-02,-1.207217e-03,1.827062e+00
901,2.019290e-17,-1.650396e-05,-1.573084e-04,5.344479e-04,4.683882e-01,-4.755163e+00,2.647270e+01
902,2.879383e-18,-1.718928e-05,-1.554893e-04,5.288748e-04,-1.880461e-01,-3.783104e+00,2.393554e+01
903,4.536896e-17,-1.667998e-05,-1.636752e-04,5.305259e-04,-1.111848e+00,-5.047354e+00,1.915917e+01
904,2.089246e-17,-9.386123e-06,-1.535864e-04,5.380921e-04,1.953119e+00,3.865085e-01,1.773710e+01
905,6.449588e-17,-1.423973e-05,-1.493501e-04,5.351256e-04,-2.981500e+00,-1.927997e+00,8.725602e+00
906,4.385117e-18,-1.484705e-05,-1.710922e-04,5.276882e-04,-7.995695e-02,-9.355500e-03,1.016903e+01
907,8.415152e-18,-1.019401e-05,-1.648454e-04,5.487097e-04,-8.339257e-01,-9.028942e-02,6.205741e+00
908,2.617542e-18,-1.484940e-05,-1.719450e-04,5.373158e-04,-6.807625e-01,-2.940958e-01,3.486779e+00
909,2.906579e-18,-1.093410e-05,-1.601607e-04,5.493246e-04,-1.771981e-03,5.207495e-02,5.403980e+00
910,1.916251e-17,1.255278e-04,-8.439583e-06,4.882711e-04,-1.876915e+00,4.330662e+00,1.470893e+01
911,1.043430e-17,1.232339e-04,2.003181e-05,5.000350e-04,-8.743067e-01,1.463606e+00,3.667076e+00
912,1.027298e-18,1.195355e-04,1.875266e-05,4.968207e-04,-2.635929e-01,-1.145000e-01,1.275259e+01
913,3.811178e-17,1.096875e-04,4.374826e-06,4.903298e-04,-6.183564e-01,-1.848643e+00,1.879594e+00
914,7.711063e-17,1.200982e-04,1.012807e-05,4.885236e-04,-3.850877e-01,-3.252817e-01,6.728940e+00
915,1.686430e-16,9.856937e-05,-1.350281e-05,4.864096e-04,1.699923e+00,-3.659553e-01,1.804228e+00
916,1.188403e-16,1.101925e-04,4.175478e-06,4.901481e-04,-1.189312e+00,-1.196768e+00,2.880410e+00
917,1.126230e-18,1.203401e-04,1.481909e-05,4.983745e-04,6.974354e-01,1.447264e-01,7.161339e+00
918,5.572294e-18,1.202992e-04,1.170204e-05,4.959863e-04,-2.292448e-01,6.673789e-02,3.685091e+00
919,1.069097e-16,1.002915e-04,-2.303356e-06,4.908529e-04,-6.096984e-01,-1.222320e-01,3.927344e+00
920,2.694627e-17,1.226994e-04,6.990736e-06,4.940555e-04,5.130082e-01,-6.492063e-01,2.467030e+00
921,1.229635e-18,1.179734e-04,9.969519e-07,4.911736e-04,9.314722e-01,-9.764214e-02,7.772093e+00
922,5.045550e-18,1.046853e-04,1.485263e-05,4.945247e-04,-1.151723e-01,3.955486e-02,3.823227e+00
923,4.596430e-18,1.205623e-04,1.451141e-06,4.841039e-04,3.009335e-01,-2.465607e-01,3.448623e+00
924,9.601539e-18,1.185541e-04,7.848605e-07,4.997316e-04,-9.028576e-01,2.577363e-01,1.492065e+01
925,3.044441e-19,1.175783e-04,3.515894e-06,4.819818e-04,-6.352383e-01,5.779826e-01,1.716122e+00
926,1.258001e-18,1.195568e-04,1.874239e-05,4.944807e-04,-6.354725e-01,-1.459256e-01,1.167667e+01
927,1.774649e-18,1.203139e-04,1.485029e-05,4.913491e-04,1.757718e-01,8.444468e-01,5.079581e+00
928,2.636199e-18,1.148486e-04,8.595469e-06,4.972773e-04,3.534157e-02,1.272493e-01,4.217383e+00
929,4.391102e-18,1.233943e-04,1.009898e-05,4.824003e-04,1.439594e+00,3.168214e-01,5.172663e+00
930,2.617340e-18,1.218729e-04,-2.032328e-05,4.988295e-04,-1.408913e-01,-8.888042e-03,-1.204235e+00
931,3.828396e-18,1.132801e-04,2.460937e-05,4.805798e-04,-1.349862e-02,1.250209e-02,-2.712880e+00
932,1.563855e-18,1.031258e-04,-5.460165e-06,4.835413e-04,6.052212e-02,1.642272e-01,-2.943414e-01
933,4.979360e-18,1.195440e-04,1.875387e-05,5.023228e-04,-1.347767e-01,9.554784e-02,1.852017e+01
934,5.298736e-18,1.195127e-04,1.872295e-05,4.857246e-04,6.980587e-01,-3.429673e-01,7.138974e+00
935,1.194789e-18,1.195581e-04,1.876307e-05,4.897903e-04,-9.820697e-01,1.076982e-01,7.915510e+00
936,2.515610e-19,1.222657e-04,8.203256e-06,4.772985e-04,-2.920091e+00,-2.744512e+00,-2.719336e+00
937,3.807444e-18,1.195229e-04,1.873929e-05,4.804308e-04,1.292308e-01,-7.288029e-02,4.752705e+00
938,8.295882e-18,1.203025e-04,1.408259e-05,4.847156e-04,1.448284e-01,-1.792837e-01,7.933210e+00
939,1.343991e-18,1.195660e-04,1.867870e-05,5.076998e-04,3.431170e-01,-1.048231e+00,2.040266e+01
940,4.747356e-18,1.203063e-04,1.874244e-05,5.216346e-04,-3.542944e-01,-8.460821e-01,2.909468e+01
941,2.999034e-17,1.193274e-04,1.538472e-05,5.087688e-04,-6.090257e-01,2.250912e-01,1.569517e+01
942,1.527492e-17,1.044027e-04,1.140259e-05,5.144986e-04,-3.147655e-01,-1.657155e+00,9.662529e+00
943,2.275176e-18,1.069852e-04,8.637774e-06,5.210508e-04,-3.909585e-02,2.146862e-01,4.865144e+00
944,4.873502e-17,1.126005e-04,6.646135e-06,5.177478e-04,-7.421409e-01,-4.642838e-01,4.264399e+00
945,8.211119e-19,1.045664e-04,1.546826e-05,5.069141e-04,2.844237e-01,3.832379e-01,4.602208e+00
946,7.052809e-18,1.148466e-04,7.705998e-06,5.078704e-04,-7.926642e-02,-7.371381e-02,8.982474e+00
947,4.736622e-17,1.078482e-04,1.896074e-05,5.215493e-04,2.254493e-01,1.063120e-01,4.468742e+00
948,8.164282e-18,1.156238e-04,1.740594e-05,5.136224e-04,8.517558e-02,-1.307613e+00,3.356512e+00
949,2.962299e-18,1.195140e-04,1.875244e-05,5.173295e-04,-7.228666e-01,5.462787e-01,2.633848e+01
950,2.599231e-18,1.195700e-04,1.859669e-05,5.129716e-04,1.144190e+00,2.336506e-01,2.428727e+01
951,6.507583e-17,9.328312e-05,2.393439e-05,4.827433e-04,-1.498369e-01,4.108644e-01,-9.082114e-01
952,7.623805e-18,9.218744e-05,1.328219e-05,4.878394e-04,3.156421e-01,2.601362e-01,4.753612e+00
953,7.876433e-17,9.243419e-05,1.317303e-05,4.875446e-04,-2.181747e-01,-1.677698e-01,4.869640e+00
954,2.994813e-18,8.984611e-05,-7.666182e-07,4.947697e-04,5.706480e-02,1.577590e+00,6.514800e+00
955,4.831327e-18,9.453176e-05,-1.189205e-06,4.979866e-04,1.425342e+00,-1.596343e+00,1.137724e+01
956,1.524925e-17,8.124960e-05,1.172029e-05,4.886183e-04,-6.470481e-01,-7.465016e-01,2.435212e+00
957,8.405852e-17,8.108794e-05,1.218629e-05,4.889578e-04,-6.085457e-01,-7.507680e-01,2.103852e+00
958,2.080336e-17,8.628114e-05,5.307353e-06,4.956784e-04,-1.912763e-01,-5.804911e-01,7.096758e+00
959,2.610771e-18,8.984463e-05,-7.772992e-07,4.877760e-04,5.827657e-02,3.380634e-02,3.968124e+00
960,2.608320e-18,9.687994e-05,3.134010e-06,4.885484e-04,-8.503007e-02,1.728914e-02,1.590500e+00
961,1.592553e-17,7.901254e-05,1.989460e-05,4.887144e-04,-1.098134e+00,6.068003e-01,2.987858e+00
962,3.608014e-17,7.275256e-05,2.400817e-05,4.904763e-04,-4.310678e-02,1.395895e-03,-1.346538e+00
963,5.628563e-18,8.984826e-05,1.328530e-05,4.980007e-04,7.856593e-02,-1.192159e-01,2.112998e+00
964,5.783016e-19,9.448857e-05,1.172213e-06,4.952388e-04,-5.301695e-01,-6.212654e-01,1.053088e+01
965,1.533669e-17,8.752130e-05,1.869896e-05,4.845468e-04,2.492686e-01,3.077495e-02,2.738761e+00
966,2.558644e-18,9.380415e-05,1.331120e-05,4.826660e-04,-2.479329e-01,-4.034817e+00,8.053325e+00
967,2.696671e-19,9.335997e-05,1.601503e-05,4.772989e-04,8.161350e-01,-3.360570e-01,1.385766e+00
968,2.732525e-18,9.441733e-05,6.600436e-07,4.876324e-04,-4.788230e-01,-4.111570e-01,5.928425e+00
969,1.869765e-18,7.656289e-05,2.460955e-05,4.800291e-04,1.681313e-01,3.153382e-02,-1.572850e+00
970,3.110898e-18,6.132637e-09,3.515411e-05,5.103233e-04,-8.376446e-02,4.725025e-02,9.351636e+00
971,5.943009e-17,-5.719218e-07,4.280135e-05,5.312308e-04,2.188277e+00,-1.833803e+00,2.649369e+01
972,1.403332e-16,7.568019e-06,4.881191e-05,4.993774e-04,-6.111922e-01,-6.660190e-01,5.011616e+00
973,4.342571e-18,4.686190e-06,3.515076e-05,5.481273e-04,-4.010737e-03,-1.742918e-03,9.947756e+00
974,5.026134e-17,1.513419e-05,2.819754e-05,5.269138e-04,-2.999965e-01,8.156110e-01,7.456220e+00
975,5.242547e-17,2.116750e-05,2.810465e-05,5.392647e-04,2.480698e+00,-2.952000e-01,6.184216e+00
976,3.506428e-18,4.693755e-06,4.688029e-05,5.303859e-04,-2.998814e-02,1.014555e+00,6.120340e+00
977,1.105790e-16,-2.362729e-06,3.122824e-05,5.385854e-04,-3.875591e-01,-6.280869e-01,8.191690e+00
978,6.776152e-18,2.343979e-06,4.257234e-05,5.382180e-04,-5.362200e-02,2.961244e-01,4.168292e+00
979,2.172996e-18,5.474921e-06,4.765894e-05,5.357136e-04,-6.915126e-03,1.692235e-01,-1.125956e+00
980,4.774779e-18,4.686931e-06,3.515854e-05,5.238936e-04,2.080373e-02,7.902406e-02,5.374123e+00
981,5.725519e-17,5.858588e-06,3.587586e-05,5.083890e-04,-1.315342e+00,-6.352210e-01,5.910177e+00
982,2.100863e-17,4.660507e-06,4.814176e-05,5.159353e-04,-1.753252e-01,-8.118514e-01,4.736464e+00
983,2.402221e-17,6.377434e-06,3.896977e-05,5.188132e-04,4.765464e-01,-4.193868e-01,2.455943e+00
984,2.076153e-17,7.733370e-06,2.952823e-05,5.129215e-04,-6.764866e-01,-1.070668e-01,3.990696e+00
985,4.875353e-18,1.127253e-05,4.062359e-05,5.072971e-04,-7.990713e-01,1.576857e-02,1.192587e+00
986,5.234237e-18,2.187315e-05,3.750123e-05,5.014755e-04,-2.085053e-01,-3.133109e-01,5.521756e+00
987,8.761697e-18,5.469482e-06,2.480173e-05,5.062053e-04,5.168081e-02,1.412239e-01,3.466767e+00
988,2.592981e-18,4.633660e-06,4.928567e-05,5.035245e-04,-2.808483e-02,7.360011e-01,-1.380945e-01
989,1.181259e-17,-1.716503e-05,4.022769e-05,5.253913e-04,5.245347e-01,-6.025479e+00,3.041407e+01
990,4.111450e-16,-6.121750e-06,4.107022e-05,5.385832e-04,-5.093043e-02,-4.409777e-01,8.659009e+00
991,6.114145e-18,-1.169789e-05,4.741172e-05,5.007194e-04,2.394790e+00,-4.591299e-02,1.417996e+01
992,1.998278e-18,-1.547256e-05,4.205987e-05,5.149755e-04,-2.557692e-01,-3.818322e+00,2.294175e+01
993,6.662383e-17,-1.106848e-05,4.747027e-05,5.240784e-04,-2.530344e+00,-7.031475e-01,1.668502e+01
994,6.836686e-18,-9.563206e-06,3.375700e-05,5.391625e-04,5.732599e-02,3.160710e-01,2.908983e+00
995,3.046652e-18,-3.903972e-06,3.905952e-05,5.477896e-04,-1.841099e-02,-9.709926e-02,4.682454e+00
996,2.490405e-18,-6.297380e-06,5.083403e-05,5.089479e-04,-3.429088e-01,2.044277e-01,9.562987e+00
997,2.585548e-17,-4.655658e-06,4.632639e-05,5.112260e-04,3.030479e-01,1.129103e-02,1.898134e+01
998,1.848126e-16,-1.012808e-05,3.142033e-05,5.163909e-04,-2.904485e-01,7.053727e-01,6.996378e+00
999,3.463247e-18,-3.116480e-06,4.609730e-05,5.235179e-04,6.467319e-01,-3.266774e-01,2.386561e+01
1000,7.735825e-19,-1.174571e-05,4.491715e-05,5.084407e-04,3.812742e+00,-2.117305e+00,1.813275e+01
1001,2.726926e-18,-1.014225e-05,4.922911e-05,5.042078e-04,-4.766903e-01,1.455866e-02,9.623140e+00
1002,4.418647e-18,-1.420611e-05,3.975387e-05,5.130570e-04,1.388376e+00,-4.872546e-01,4.886518e+00
1003,9.344991e-17,-1.594683e-05,4.810588e-05,5.198404e-04,7.569338e-01,-6.995918e-01,6.363366e+00
1004,4.848765e-19,-1.991870e-05,3.202859e-05,5.146030e-04,4.358484e-01,-2.589909e-01,3.013317e+00
1005,7.503992e-18,-1.352063e-05,3.628136e-05,5.080030e-04,7.653959e-01,-2.392672e+00,3.744653e+00
1006,2.640629e-18,-7.032131e-06,4.062774e-05,5.188218e-04,-1.633767e-01,4.367878e-02,5.162488e+00
1007,1.265224e-18,-4.672244e-06,4.610298e-05,5.045766e-04,-4.528165e-01,4.208843e-01,1.695335e+01
1008,2.762083e-17,-6.568112e-06,6.317450e-05,5.424933e-04,1.049978e+00,6.788391e-01,1.373323e+01
1009,2.768269e-17,-1.048173e-05,7.605663e-05,5.380408e-04,6.792092e-01,5.084087e-01,6.369712e+00
1010,4.842181e-17,-1.249320e-06,7.515262e-05,5.365397e-04,2.898353e-01,2.707700e-01,4.691036e+00
1011,2.498323e-19,-6.648945e-06,7.460570e-05,5.390656e-04,1.602494e-01,1.818535e-01,5.671732e+00
1012,1.173116e-18,-3.907194e-06,5.390335e-05,5.292403e-04,-2.076829e-01,6.003410e-02,1.474665e+00
1013,9.479767e-19,-8.742844e-06,6.159909e-05,5.443920e-04,-4.377425e-01,1.437342e-01,7.107365e-01
1014,2.200570e-18,-1.093510e-05,5.858728e-05,5.455267e-04,1.642902e-01,2.780522e-02,9.932914e-01
1015,9.794515e-19,-1.562568e-05,5.234863e-05,5.443994e-04,1.452550e-02,3.072315e-01,-1.323335e+00
1016,2.212921e-17,2.273596e-05,5.860612e-05,5.246442e-04,1.420335e+00,3.234992e+00,1.960124e+01
1017,1.993413e-17,1.691494e-05,5.405329e-05,5.032149e-04,-1.591832e+00,1.383535e+00,1.108766e+01
1018,3.810366e-18,1.796678e-05,6.953212e-05,5.096022e-04,3.799833e-02,2.155559e+00,6.996364e+00
1019,5.489030e-17,1.740608e-05,6.939388e-05,5.101987e-04,-2.108258e-01,1.804836e+00,7.039657e+00
1020,8.326231e-17,6.945748e-06,5.905802e-05,5.014838e-04,-4.459635e-01,-4.094868e-01,4.347595e+00
1021,2.956180e-18,1.328081e-05,6.093305e-05,5.172841e-04,3.341423e-01,3.822503e-01,7.540557e+00
1022,4.481623e-18,8.070120e-06,5.858867e-05,5.181240e-04,-2.049560e+00,-3.610670e-02,2.908446e+00
1023,1.878354e-17,5.486865e-06,7.334410e-05,5.270642e-04,1.063351e+00,-9.618412e-01,1.718634e+01
1024,3.499443e-18,1.562284e-05,7.187631e-05,5.188865e-04,1.212309e+00,6.319774e-02,5.987143e+00
1025,1.419607e-17,5.092879e-07,6.947370e-05,5.185855e-04,-3.098580e-01,1.085410e+00,4.664052e+00
1026,1.293073e-18,3.909248e-06,5.859430e-05,5.239092e-04,4.281975e-02,1.506085e-02,2.894032e+00
1027,9.682824e-19,9.224445e-06,5.585917e-05,5.017051e-04,-1.596759e+00,1.199082e+00,-1.961749e+00
1028,1.713384e-17,5.469744e-06,7.310069e-05,5.390079e-04,2.493075e-01,-6.771329e-02,1.653086e+01
1029,2.283688e-17,7.997084e-06,7.661174e-05,5.372641e-04,3.728338e-01,-7.169483e-01,8.320126e+00
1030,1.803353e-18,6.314452e-06,6.785506e-05,5.472933e-04,-2.091977e-01,-2.333198e+00,2.360198e+01
1031,5.267764e-17,1.337989e-05,6.595188e-05,5.298846e-04,-3.136201e-02,1.065162e+00,9.589736e+00
1032,3.060740e-17,1.919900e-05,7.397803e-05,5.460025e-04,-1.132604e-01,5.754070e-01,1.232318e+01
1033,8.235945e-17,6.406978e-06,5.656957e-05,5.391600e-04,4.725085e-01,8.805057e-01,7.860187e+00
1034,7.396051e-18,9.374681e-06,6.171742e-05,5.478192e-04,-8.795081e-01,1.098096e+00,8.998055e+00
1035,5.472927e-17,9.470813e-06,6.166148e-05,5.482398e-04,-8.183155e-01,1.030626e+00,9.026419e+00
1036,4.090218e-18,9.376467e-06,7.109853e-05,5.459919e-04,1.936819e-02,2.966508e-01,5.158440e-01
1037,2.749751e-16,1.353390e-04,-1.460405e-06,5.190166e-04,7.516322e-01,-7.330570e-01,7.726741e+00
1038,5.399976e-17,1.308863e-04,1.599888e-05,5.404157e-04,-9.183819e-01,1.868691e+00,1.109044e+01
1039,9.364418e-17,1.458444e-04,4.865118e-06,5.431277e-04,1.040397e+00,-1.619056e+00,8.597199e+00
1040,5.959478e-17,1.472653e-04,-2.835481e-06,5.301297e-04,6.245568e-01,6.767498e-01,1.124671e+01
1041,1.434679e-16,1.422116e-04,-6.658444e-06,5.362354e-04,5.794797e-01,5.282541e-01,9.458031e+00
1042,6.255594e-17,1.516962e-04,-1.062381e-05,5.326575e-04,-2.681993e-01,-2.242553e-01,6.248450e+00
1043,1.057088e-17,1.379192e-04,8.603772e-06,5.383094e-04,4.217861e-01,-1.583541e-01,1.268029e+01
1044,2.803044e-17,1.484278e-04,7.492464e-06,5.112942e-04,9.944855e-02,-1.358678e+00,7.861348e+00
1045,6.230703e-18,1.414165e-04,-7.656847e-07,5.211841e-04,-1.797953e-01,6.902892e-01,1.077587e+01
1046,2.238371e-18,1.492365e-04,1.641435e-05,5.002985e-04,-2.505358e-01,-1.018329e-01,9.430144e-01
1047,2.014987e-17,1.513605e-04,2.881449e-06,5.040053e-04,2.209475e-01,-5.875229e-01,1.525245e+01
1048,4.871291e-18,1.414041e-04,-7.825187e-07,5.098885e-04,-4.398855e-01,-1.539937e-01,8.663756e+00
1049,6.716866e-18,1.407512e-04,5.467089e-06,5.374360e-04,-7.040406e-02,1.691271e-01,1.081322e+01
1050,5.125031e-17,1.376027e-04,7.225082e-06,5.166857e-04,-1.517477e+00,-1.899523e-01,7.947856e+00
1051,3.415247e-18,1.335951e-04,6.429735e-06,5.259271e-04,-1.966659e-02,-3.837298e-02,6.984514e+00
1052,6.917735e-19,1.446634e-04,1.498352e-05,5.413925e-04,-1.702037e-01,-1.697066e-01,3.128966e+00
1053,1.311623e-18,1.343747e-04,-7.808863e-07,5.068856e-04,6.917232e-02,-7.168198e-02,2.204614e+00
1054,2.357619e-17,1.335413e-04,1.209416e-05,4.993714e-04,-1.723050e-03,-3.066318e-01,8.162942e+00
1055,1.196644e-18,1.413995e-04,-7.789053e-07,5.022490e-04,-1.725776e-04,-1.262929e-01,2.200482e+00
1056,5.066393e-18,1.343997e-04,1.236277e-05,5.102530e-04,1.414607e-01,-2.544324e-01,5.059786e+00
1057,1.405218e-18,1.265432e-04,9.375451e-06,5.014887e-04,2.423916e-03,2.030130e-01,2.021200e+00
1058,1.486633e-18,1.437501e-04,3.126951e-06,5.061281e-04,-1.982464e-02,-9.592241e-03,1.009621e+00
1059,1.552274e-18,1.289006e-04,1.562381e-05,5.107765e-04,-1.787049e-02,3.279883e-01,-2.255400e-01
1060,3.015067e-18,1.468779e-04,1.408014e-05,5.219538e-04,5.449094e-04,3.683681e-01,2.752226e+00
1061,3.237120e-18,1.398075e-04,1.168724e-05,5.079913e-04,2.059285e-01,1.067815e-01,3.080531e+00
1062,2.008764e-16,1.515971e-04,-1.061580e-05,5.328252e-04,-2.916988e-01,-2.811796e-01,6.175940e+00
1063,7.159381e-18,1.402728e-04,-4.259203e-06,5.250143e-04,-6.961279e-01,-1.709979e-01,1.404045e+01
1064,1.311313e-18,1.382736e-04,-1.250406e-05,5.361167e-04,-1.559605e-02,-1.292315e-01,2.651467e+00
1065,1.519064e-18,1.421877e-04,-8.589110e-06,5.466591e-04,-1.162453e-01,8.343902e-02,1.191005e+00
1066,1.025761e-18,1.281246e-04,-1.484659e-05,5.459401e-04,2.750255e-02,-1.112643e-01,-1.169369e+00
1067,4.542089e-17,1.304529e-04,-4.330142e-06,4.871227e-04,1.106415e+00,-2.578433e-02,2.217569e+00
1068,2.063381e-17,1.511306e-04,-2.399699e-06,4.968069e-04,-2.207606e-01,1.058347e+00,7.353150e+00
1069,1.930063e-17,1.288369e-04,6.927779e-06,4.928356e-04,-2.848718e-01,1.970237e-01,7.439033e+00
1070,2.531812e-17,1.272986e-04,9.338813e-06,4.971818e-04,-1.709137e-01,-4.911530e-01,6.161403e+00
1071,1.486539e-17,1.398538e-04,2.003165e-05,4.945304e-04,8.728878e-02,-7.641021e-02,5.675813e+00
1072,2.820955e-18,1.336059e-04,1.250259e-05,4.924615e-04,-5.317726e-01,3.705556e-02,8.597406e+00
1073,1.620364e-17,1.367194e-04,5.152016e-07,4.955923e-04,-4.004532e-02,-1.910913e+00,2.274422e+00
1074,3.720872e-17,1.342794e-04,-1.061854e-06,4.833370e-04,-1.581103e+00,1.505620e+00,8.243447e-01
1075,3.366697e-18,1.390546e-04,7.813666e-06,4.956198e-04,1.598163e-01,-3.400116e-02,3.499606e+00
1076,8.102989e-18,1.366113e-04,3.998845e-06,4.844962e-04,-1.578877e-01,-1.213864e+00,9.781854e-01
1077,1.645198e-17,1.438925e-04,1.277680e-05,4.952686e-04,6.297496e-01,-1.625435e-01,1.975389e+00
1078,5.352872e-19,1.285160e-04,1.331871e-05,4.991535e-04,1.920113e-01,1.881350e-01,8.845241e-01
1079,5.087350e-17,1.422500e-04,-1.019724e-06,4.790152e-04,-4.926393e-01,4.376774e-01,-1.939955e+00
1080,3.497595e-18,1.296875e-04,5.474024e-06,4.800349e-04,3.701196e-01,-6.836147e-01,4.729667e-01
1081,5.530024e-18,1.421819e-04,2.441909e-05,4.923431e-04,3.325379e-02,1.791374e-01,-2.227362e+00
1082,2.648637e-18,1.274459e-04,2.460934e-05,4.910097e-04,-1.383424e-02,-4.372962e-03,-1.981578e+00
1083,2.648152e-17,1.396664e-04,-8.629811e-06,4.938674e-04,-1.656189e+00,2.450961e+00,6.837612e+00
1084,3.467750e-17,1.402994e-04,-1.531148e-05,4.891722e-04,9.573993e-01,1.017005e+00,4.710848e+00
1085,2.117991e-18,1.460895e-04,-7.810348e-06,4.823467e-04,5.593981e-01,-1.209894e-01,2.143638e+00
1086,3.143521e-18,1.413478e-04,-1.020984e-05,5.001765e-04,7.999762e-03,2.931252e-01,7.335566e+00
1087,1.098933e-18,1.445352e-04,-2.341392e-06,4.983635e-04,-5.121363e-01,-4.989989e-01,4.037660e+00
1088,1.433181e-18,1.429708e-04,-1.016964e-05,4.866649e-04,-3.840332e-01,4.823255e-01,3.912455e+00
1089,4.875614e-18,1.453155e-04,-7.811570e-06,4.984890e-04,1.425038e-01,2.305152e-02,6.800372e+00
1090,1.326293e-18,1.343788e-04,-7.742675e-07,4.991402e-04,1.345772e-01,-5.348568e-01,2.340088e+00
1091,3.239109e-18,1.414038e-04,-4.679908e-06,4.878066e-04,1.034388e-02,1.655725e+00,2.956422e+00
1092,4.607507e-18,1.343506e-04,-8.094428e-07,4.937432e-04,-3.788910e-02,-1.905389e-01,4.608856e+00
1093,2.006540e-18,1.492628e-04,-4.780681e-06,4.943359e-04,-4.510083e-01,-4.813745e-01,8.326869e+00
1094,5.483085e-18,1.336364e-04,-7.080264e-06,4.886904e-04,-7.758585e-02,5.837200e-02,-4.440160e-01
1095,2.944116e-18,1.320304e-04,-2.445172e-05,4.960601e-04,-6.807269e-02,-1.082915e-01,-2.527537e+00
1096,1.383877e-18,1.354004e-04,-6.947233e-06,4.815008e-04,-1.122999e-01,-2.162835e-01,-1.103214e+00
1097,1.118419e-17,1.359358e-04,-2.425832e-05,4.804989e-04,-2.005669e-03,-2.707478e-02,-1.833829e+00
1098,7.680193e-19,1.320427e-04,-2.460928e-05,4.890207e-04,2.230889e-02,-4.119280e-01,-3.992752e+00
1099,1.852076e-17,1.513913e-04,-3.725105e-06,5.033991e-04,3.672810e-01,-2.064400e+00,9.054571e+00
1100,6.530656e-18,1.348735e-04,-9.120932e-06,5.221617e-04,6.845458e-03,1.813667e-01,1.012354e+01
1101,3.091220e-17,1.489904e-04,-3.011845e-06,5.119454e-04,1.805384e+00,3.087352e+00,9.943117e+00
1102,4.627597e-18,1.453135e-04,-4.403470e-06,5.242871e-04,-2.479789e-02,5.493744e-01,9.203250e+00
1103,1.369241e-17,1.488462e-04,-1.564769e-05,5.235549e-04,-2.480217e-01,5.168788e-01,4.652520e+00
1104,5.264453e-18,1.428579e-04,-1.016782e-05,5.060644e-04,9.796115e-01,-1.474071e+00,7.141096e+00
1105,1.304316e-17,1.298220e-04,-8.940767e-06,5.077857e-04,-4.272786e-01,9.687126e-03,5.960941e+00
1106,2.400668e-18,5.614470e-06,2.280687e-04,4.779015e-04,1.061329e+00,-1.735231e+00,2.254976e+00
1107,1.134241e-18,3.333042e-06,2.378906e-04,4.718665e-04,-1.360225e+00,9.404805e-02,-4.705248e+00
1108,2.712327e-19,1.679789e-05,2.410151e-04,4.741753e-04,-9.656147e-01,-7.206378e-01,-4.734628e+00
1109,9.617084e-17,-1.006275e-05,2.248010e-04,4.779276e-04,-1.032395e+00,1.590903e-01,9.875120e-01
1110,4.635034e-17,-2.392236e-05,2.422964e-04,4.952100e-04,-1.993526e-02,-9.725749e-02,-1.147344e+00
1111,1.142665e-17,-1.380274e-05,2.424483e-04,4.925235e-04,-4.839276e-03,4.434978e-01,6.735666e+00
1112,3.290694e-17,-1.068668e-05,2.373426e-04,4.878606e-04,-2.022412e+00,-1.646864e-01,8.024773e+00
1113,9.187106e-17,-1.369472e-05,2.423724e-04,4.923459e-04,-1.035391e-01,5.202646e-01,6.578300e+00
1114,6.645649e-18,8.221188e-07,2.295992e-04,4.960914e-04,3.469448e-01,-3.834344e-01,8.647215e+00
1115,7.596121e-17,8.979562e-06,2.230251e-04,4.974474e-04,1.590524e-01,-5.603580e-01,8.824380e+00
1116,1.988977e-17,1.658814e-05,2.458528e-04,4.908949e-04,-5.007620e-01,-4.748867e-01,6.653425e+00
1117,1.642358e-17,-1.251399e-05,2.430015e-04,4.830314e-04,4.223032e-01,-9.114895e-01,7.009389e+00
1118,6.320550e-17,6.526578e-06,2.300395e-04,4.838731e-04,-1.844463e+00,-4.579652e-01,5.666869e+00
1119,2.697827e-18,-1.730183e-08,2.328510e-04,4.822968e-04,-3.040026e+00,-2.000468e-01,3.485908e+00
1120,2.980192e-17,5.188273e-06,2.371739e-04,4.845727e-04,-2.808795e-01,-6.328549e-01,6.560266e+00
1121,3.344243e-18,1.254485e-05,2.266535e-04,4.973356e-04,-2.876746e-02,3.505812e-01,1.540332e+00
1122,1.906737e-17,2.421896e-05,2.314063e-04,4.975359e-04,3.436851e-01,3.815248e-01,-1.407046e-01
1123,3.959882e-17,-1.364299e-07,2.294090e-04,4.875436e-04,-2.859994e+00,-1.323762e+00,5.082284e+00
1124,1.481953e-17,1.615380e-05,2.406748e-04,4.787096e-04,-3.799073e-01,2.520078e-01,1.331427e+00
1125,6.882228e-17,2.357466e-05,2.319554e-04,4.972238e-04,7.586397e-01,5.052308e-01,1.600713e-01
1126,2.775372e-18,-1.557882e-06,2.265607e-04,4.823340e-04,1.718422e-01,9.612389e-02,2.977138e+00
1127,2.702063e-18,-1.888513e-05,2.496094e-04,5.002170e-04,1.180113e+00,3.765387e-01,1.809194e+01
1128,1.240181e-17,-5.447058e-06,2.468366e-04,4.946306e-04,-1.865177e-01,7.888445e-04,1.897838e+00
1129,4.906861e-19,1.835932e-05,2.312454e-04,4.976014e-04,3.105807e-01,2.625950e-01,1.781373e+00
1130,1.405247e-17,8.393633e-06,2.367762e-04,4.912520e-04,-1.183757e+00,-5.573559e-02,-9.069662e-01
1131,8.144345e-19,1.562869e-05,2.496092e-04,4.944748e-04,5.990740e-02,5.471400e-01,5.723748e+00
1132,2.757846e-18,1.640476e-05,2.496096e-04,5.007333e-04,4.277642e-01,-6.447447e-02,8.304680e+00
1133,4.310574e-18,8.576121e-06,2.298399e-04,4.956109e-04,-1.133305e-02,3.706881e-02,1.093030e+00
1134,2.785634e-18,1.576164e-06,2.328461e-04,4.799706e-04,5.465671e-01,7.942431e-01,4.461886e+00
1135,6.187315e-19,7.833869e-07,2.496095e-04,4.796404e-04,2.101650e-01,4.255392e-01,-3.810137e+00
1136,1.115975e-18,5.860292e-06,2.380871e-04,4.790958e-04,1.652350e-01,9.011286e-01,4.596707e+00
1137,8.343429e-19,5.078511e-06,2.383572e-04,4.775266e-04,1.329644e+00,2.648526e-01,2.836867e+00
1138,1.081079e-17,-7.829087e-07,2.265595e-04,4.964607e-04,8.317297e-02,-7.766958e-02,8.021850e+00
1139,1.098138e-18,-8.586720e-06,2.289129e-04,4.858853e-04,-1.619633e-02,-3.458693e-02,-5.823621e-01
1140,1.261888e-18,-1.325629e-05,2.335803e-04,4.913512e-04,-3.749374e-01,-1.132374e-01,3.455355e+00
1141,6.649176e-18,-1.693575e-05,2.496095e-04,4.889691e-04,-7.811234e-01,3.830818e-01,9.963927e+00
1142,9.049684e-18,-1.663776e-05,2.356242e-04,4.876652e-04,3.359350e-02,-3.234810e-02,1.159253e+00
1143,1.621267e-18,-2.462526e-06,2.365929e-04,4.768824e-04,-1.255452e-01,-1.426786e-01,-1.913083e-01
1144,2.892676e-18,-1.821063e-05,2.496094e-04,4.958348e-04,7.767196e-01,4.224129e-01,1.601017e+01
1145,9.625549e-18,-2.418744e-05,2.492044e-04,4.905424e-04,-7.754414e-03,-2.968487e-02,-1.037079e+00
1146,1.444655e-17,-7.690690e-06,2.278228e-04,5.023327e-04,6.370659e-01,-5.758542e-01,5.817138e+00
1147,1.426831e-17,-1.993099e-05,2.251678e-04,5.024552e-04,-1.234539e+00,4.600332e-01,3.972928e+00
1148,5.464118e-18,-8.861298e-06,2.375691e-04,4.832314e-04,-1.146669e+00,-5.033079e-01,8.768895e+00
1149,5.540196e-19,-1.289237e-05,2.441409e-04,4.893629e-04,-4.979970e-01,1.349316e+00,1.031793e+01
1150,4.090796e-18,-1.639163e-05,2.496092e-04,4.821204e-04,-2.847732e-01,1.045214e-01,8.232107e+00
1151,5.353543e-19,-1.641948e-05,2.496092e-04,4.772991e-04,-9.419211e-02,4.221179e-01,4.427591e+00
1152,1.608906e-18,7.884103e-06,2.041726e-04,4.754371e-04,-1.741708e-01,7.195724e-01,-1.630280e-02
1153,2.058369e-16,-5.103933e-09,2.483651e-04,5.218558e-04,-4.751434e-01,1.421046e-01,7.901325e+00
1154,1.249856e-16,1.991854e-06,2.286652e-04,5.261268e-04,2.064142e-01,-1.534128e+00,1.308717e+01
1155,4.335575e-18,6.101976e-07,2.289556e-04,5.176551e-04,-7.582824e-01,1.180309e-01,1.927501e+01
1156,6.665899e-18,7.838064e-07,2.289091e-04,5.073682e-04,1.591938e-01,7.252178e-01,1.355324e+01
1157,7.310333e-19,7.813780e-07,2.496112e-04,5.107493e-04,1.138927e-01,3.892604e-01,5.580482e+00
1158,2.784870e-17,1.907165e-05,2.490781e-04,5.151831e-04,1.527395e+00,-9.897939e-03,1.228291e+01
1159,1.242538e-18,1.249528e-05,2.281193e-04,5.123064e-04,1.796447e-01,-8.659913e-02,1.618440e+00
1160,1.225546e-17,1.936156e-06,2.260160e-04,5.176744e-04,4.138641e-01,-7.797018e-01,1.467903e+01
1161,5.152059e-18,7.430671e-06,2.389864e-04,5.158518e-04,3.821943e-01,-4.414793e-01,8.375582e+00
1162,1.122146e-18,1.252974e-05,2.281227e-04,5.254270e-04,-2.916777e-01,9.884958e-02,5.512901e+00
1163,3.102969e-18,1.407296e-05,2.453024e-04,5.049424e-04,3.300502e-01,-6.543359e-02,1.222107e+00
1164,3.647971e-18,2.220400e-05,2.495572e-04,5.248912e-04,3.477725e-01,7.631477e-02,4.610435e+00
1165,3.931626e-17,5.044859e-07,2.413988e-04,5.413953e-04,-4.145418e-01,1.624633e+00,9.400345e+00
1166,9.877788e-17,-7.964563e-06,2.284508e-04,5.210084e-04,3.018493e-01,-4.907555e-01,7.528430e+00
1167,2.225059e-17,-9.134792e-06,2.330796e-04,5.033983e-04,1.223401e+00,7.039833e-02,7.596453e+00
1168,3.298145e-17,4.222540e-06,2.425091e-04,5.490304e-04,-2.345037e-01,-7.277581e-02,9.379555e+00
1169,3.698469e-18,-2.193967e-06,2.265488e-04,5.042795e-04,-1.788447e+00,-1.056465e+00,8.053126e+00
1170,6.544821e-18,-1.095178e-05,2.359378e-04,5.068448e-04,-7.344363e-01,-2.774205e-01,3.156424e+00
1171,1.423406e-17,2.155295e-06,2.265614e-04,5.421692e-04,-3.525621e-02,-4.400736e-02,2.075244e+01
1172,6.918821e-17,1.050972e-05,2.487082e-04,5.410901e-04,-3.391545e-01,2.437054e-01,6.410478e+00
1173,9.755554e-18,4.770777e-06,2.296735e-04,5.453045e-04,3.336398e+00,1.071417e+00,1.039832e+01
1174,1.735677e-17,1.163933e-05,2.245335e-04,5.365974e-04,1.750621e+00,-4.994600e-02,9.142182e+00
1175,9.580064e-17,9.062140e-06,2.355811e-04,5.402832e-04,8.669462e-01,4.804558e-01,6.298057e+00
1176,1.458977e-18,1.408633e-05,2.375148e-04,5.414785e-04,2.738252e-01,3.611684e-02,2.600823e+00
1177,3.333817e-18,1.308581e-05,2.496081e-04,5.476785e-04,1.663545e+00,7.800394e-02,3.615175e+00
1178,4.870060e-18,3.262888e-06,2.445549e-04,5.388498e-04,-6.128244e-01,1.195451e-02,3.709996e+00
1179,7.373245e-19,1.811647e-05,2.303505e-04,5.422247e-04,-6.045265e-02,8.208538e-02,2.292780e+00
1180,4.430818e-18,-2.428252e-05,2.493447e-04,5.167132e-04,-1.159155e+01,1.127267e+00,2.691429e+01
1181,1.857832e-17,-1.404866e-05,2.230327e-04,5.458274e-04,5.541255e-01,-1.875719e+00,1.025225e+01
1182,5.047093e-18,-1.406401e-05,2.343835e-04,5.285255e-04,-8.672233e-02,3.433103e-01,6.801127e+00
1183,2.381192e-18,-1.055691e-05,2.443377e-04,5.498425e-04,-8.839882e-01,2.148332e+00,1.628567e+01
1184,4.435150e-17,-1.550891e-05,2.489658e-04,5.308164e-04,-2.736571e-01,-2.466944e-03,7.139214e+00
1185,8.270930e-17,-1.048719e-05,2.486774e-04,5.438755e-04,-1.216734e+00,1.818460e-02,6.780639e+00
1186,1.701090e-18,-2.042998e-05,2.496096e-04,5.037100e-04,-8.240936e-01,5.349212e-01,1.927300e+01
1187,3.328692e-18,-3.934137e-06,2.398173e-04,5.268756e-04,-1.358174e-02,2.355099e-02,2.547108e+00
1188,7.350398e-19,-1.654992e-05,2.384143e-04,5.185021e-04,-2.772941e-01,-5.595869e-02,8.920433e-02
1189,1.082840e-18,-2.167104e-05,2.496089e-04,5.066374e-04,-8.129276e-01,5.344709e-01,2.029604e+01
1190,1.289932e-18,-2.265547e-05,2.496096e-04,5.104384e-04,-2.912091e+00,1.069939e-01,2.309587e+01
1191,2.725824e-18,-8.601506e-06,2.289041e-04,5.142395e-04,-1.801074e-01,8.761107e-02,8.514638e+00
1192,4.768439e-18,-9.371354e-06,2.328205e-04,5.407145e-04,-4.024188e-02,5.242014e-02,5.030154e+00
1193,3.995610e-18,-3.879982e-06,2.335822e-04,5.348927e-04,-2.308237e-02,-1.247402e-02,2.276785e-01
1194,6.337873e-18,-7.818512e-07,2.034360e-04,5.267769e-04,-1.363681e-02,-1.177765e+00,6.877454e+00
1195,3.362939e-17,2.092372e-05,2.014768e-04,5.433369e-04,2.868340e-01,-5.193814e-01,4.150321e+00
1196,1.144325e-16,2.109145e-05,2.013414e-04,5.434219e-04,3.237531e-01,-5.772441e-01,4.022510e+00
1197,1.292010e-16,3.706966e-06,2.058328e-04,5.036010e-04,-5.405281e-01,6.297528e-01,3.922727e+00
1198,2.829945e-17,5.045800e-06,2.132324e-04,5.114565e-04,-3.720786e+00,-1.110019e+00,1.226775e+01
1199,3.304793e-17,2.584615e-06,2.209451e-04,5.080644e-04,-6.875729e-01,2.663459e+00,9.326468e+00
1200,2.192913e-17,1.474631e-05,2.103129e-04,5.128278e-04,1.003475e-01,5.363741e-01,6.817664e+00
1201,4.293428e-18,-7.810437e-07,2.078139e-04,5.182019e-04,1.778525e-03,1.332381e-01,5.869356e+00
1202,3.275279e-17,1.488465e-05,2.011132e-04,5.195432e-04,1.247860e+00,-1.951248e-01,5.404797e+00
1203,2.442438e-19,1.054532e-05,2.167910e-04,5.084409e-04,4.674759e-02,-8.440202e-01,7.451400e+00
1204,1.715080e-18,1.183082e-05,2.164015e-04,5.020478e-04,-3.943006e-01,-1.030343e-02,8.416738e+00
1205,1.254559e-17,1.137166e-06,2.204926e-04,5.169395e-04,-7.888264e-01,1.634835e+00,1.008474e+01
1206,6.670392e-18,1.873521e-05,2.213433e-04,5.108340e-04,-2.454491e-01,1.464002e-03,2.749027e+00
1207,5.066230e-18,1.562357e-06,2.195348e-04,5.284173e-04,2.572306e-01,3.305075e-01,1.194747e+01
1208,5.037577e-18,1.054498e-05,2.203351e-04,5.464091e-04,-4.668501e-01,1.101887e-01,1.131983e+01
1209,1.815877e-16,1.646715e-05,1.963225e-04,5.277486e-04,3.831196e-01,5.275298e-01,6.082525e+00
1210,3.629590e-18,6.344079e-06,2.203381e-04,5.333510e-04,-2.808093e+00,-1.658668e-01,1.082593e+01
1211,2.796754e-18,7.796785e-06,2.171849e-04,5.295720e-04,6.778176e-01,-1.132353e-01,1.312181e+01
1212,1.525376e-16,1.286854e-05,2.152949e-04,5.444961e-04,1.099829e+00,-1.505675e-01,6.111304e+00
1213,2.501529e-17,1.560983e-05,2.094793e-04,5.383506e-04,1.935032e-01,4.813645e-01,7.859325e+00
1214,7.091494e-18,5.494479e-07,2.195456e-04,5.364813e-04,3.473085e-02,-1.449238e-01,1.256950e+01
1215,1.682333e-17,9.745158e-06,2.107990e-04,5.386399e-04,7.606912e-02,-7.098623e-01,5.674726e+00
1216,1.025415e-18,2.148790e-05,2.210927e-04,5.410581e-04,4.592042e-01,4.933886e-02,2.693326e+00
1217,2.613521e-18,1.630413e-05,2.226857e-04,5.407049e-04,-8.448236e-02,1.954720e-02,3.176875e+00
1218,9.281730e-18,9.511390e-06,2.064293e-04,5.494805e-04,-2.051872e-01,-3.110167e-01,1.403304e+01
1219,3.830411e-18,2.036733e-05,2.210912e-04,5.385836e-04,5.770499e-01,-5.986009e-02,5.985462e+00
1220,3.335685e-17,-2.263826e-04,-7.438859e-06,4.808439e-04,-5.049655e-01,-1.427203e+00,5.214666e+00
1221,2.704995e-18,-2.164072e-04,-8.620187e-06,4.753341e-04,-9.665873e-01,2.585998e-02,-8.234951e-02
1222,2.603489e-17,-2.051029e-04,-9.078507e-06,4.964264e-04,-3.393239e-01,5.962434e-01,5.571887e+00
1223,2.724987e-17,-2.152133e-04,-1.645164e-06,4.980783e-04,1.502412e-01,6.138603e-01,6.217794e+00
1224,7.408015e-18,-2.241174e-04,-1.237514e-05,4.802826e-04,-2.679400e-01,-9.144204e-01,2.430862e+00
1225,1.017104e-17,-2.258490e-04,-8.577839e-06,4.982399e-04,-1.124212e+00,1.489755e-01,7.831687e+00
1226,3.630783e-18,-2.171887e-04,-1.015727e-05,4.901883e-04,-4.832132e-01,-1.627836e-01,4.142357e+00
1227,4.564216e-18,-2.031260e-04,-4.686497e-06,4.897147e-04,4.913749e-02,-1.140921e-01,-2.777595e-01
1228,3.216163e-18,-2.196229e-04,-8.506202e-06,4.874636e-04,-6.814335e-01,7.398906e-01,3.120589e+00
1229,2.841567e-17,-2.103085e-04,-4.925041e-07,4.764832e-04,-1.155708e-01,-2.442150e-01,-8.526188e-01
1230,2.206296e-18,-2.117191e-04,-5.468690e-06,4.924800e-04,4.876506e-03,9.652412e-02,8.257319e-01
1231,1.463023e-18,-2.148457e-04,-1.328577e-05,4.929122e-04,-2.096104e-02,-3.114172e-02,4.804599e-01
1232,5.371406e-18,-2.195260e-04,-2.536822e-10,4.889805e-04,1.890268e-02,1.003784e-02,2.005568e+00
1233,2.384929e-18,-2.109383e-04,-7.039370e-06,4.808652e-04,1.754844e-02,3.288390e-01,-4.495735e+00
1234,2.567164e-18,-2.018476e-04,-3.800071e-06,4.743325e-04,-2.048261e-01,3.113929e-01,-5.069349e-01
1235,1.129827e-18,-2.258012e-04,-5.077992e-06,4.737998e-04,1.811830e+00,1.009610e+00,3.713917e-01
1236,1.697483e-17,-2.347319e-04,-1.579370e-05,4.962846e-04,-4.937051e-03,7.726133e-01,1.667648e+01
1237,1.608883e-17,-2.316832e-04,-1.654716e-05,4.747289e-04,2.933803e+00,1.171277e+00,2.699618e+00
1238,3.130230e-18,-2.327964e-04,-1.479826e-05,4.902348e-04,7.496431e-02,-1.396691e+00,1.368128e+01
1239,2.082717e-17,-2.296567e-04,-1.168396e-05,4.908855e-04,5.538038e-01,-8.808190e-01,9.873786e+00
1240,3.674240e-17,-2.321717e-04,-1.368719e-05,4.821477e-04,-3.206430e+00,2.087434e+00,6.264332e+00
1241,1.623905e-17,-2.492463e-04,-8.989786e-06,4.940418e-04,-3.910845e-02,-1.361638e-01,3.090104e+00
1242,5.735879e-18,-2.374988e-04,-1.993341e-06,4.939246e-04,-1.962669e-01,5.893645e-01,7.591063e+00
1243,4.023179e-18,-2.427975e-04,-2.369939e-06,4.754263e-04,-3.176268e-01,-5.538777e-01,-2.160016e+00
1244,2.530431e-17,-2.324103e-04,-4.674992e-06,4.769439e-04,6.741019e-01,-2.176807e+00,2.603173e+00
1245,3.051375e-18,-2.461261e-04,-1.407556e-05,4.862214e-04,-1.171302e-01,-1.151347e-02,3.315062e+00
1246,1.490069e-18,-2.453030e-04,-2.032825e-05,4.897944e-04,2.133554e-01,2.610877e-02,-1.118987e-01
1247,3.227795e-18,-2.437461e-04,-7.815805e-06,4.925608e-04,-2.517253e-01,3.134007e-01,2.109179e+00
1248,1.435746e-18,-2.304682e-04,-4.687900e-06,4.983700e-04,7.978504e-03,-7.659948e-03,1.174529e+01
1249,4.206733e-18,-2.304684e-04,-4.689283e-06,4.944741e-04,-4.949175e-02,-2.845703e-02,1.003906e+01
1250,6.730203e-18,-2.312404e-04,-1.172464e-05,4.979942e-04,-5.880247e-01,3.363319e-01,1.253150e+01
1251,1.657925e-18,-2.297461e-04,-1.087159e-05,4.865466e-04,4.893985e-02,-1.239664e-01,1.132514e+01
1252,2.840802e-18,-2.460614e-04,-1.325034e-05,4.823764e-04,-6.819422e-03,-5.934706e-01,2.989520e+00
1253,3.629456e-18,-2.295349e-04,-1.080851e-05,4.823726e-04,-2.489729e-01,-1.872194e-01,6.097289e+00
1254,2.548581e-18,-2.428872e-04,-1.649839e-05,4.863505e-04,2.517995e-01,-4.370295e-01,-3.725649e+00
1255,5.037351e-18,-2.304697e-04,-4.688283e-06,4.897574e-04,-7.473652e-02,-2.856447e-02,7.940763e+00
1256,3.418836e-18,-2.304728e-04,-4.685910e-06,4.839348e-04,1.699669e-01,1.113974e-01,5.182315e+00
1257,6.733357e-18,-2.296896e-04,-2.430878e-05,4.861426e-04,7.590207e-02,-1.248973e-01,-1.730504e+00
1258,1.626232e-17,-1.624529e-05,2.031999e-04,4.776069e-04,5.028472e-01,-1.506360e+00,9.811351e-02
1259,2.562179e-18,-1.243221e-05,2.047496e-04,4.729172e-04,-4.074176e-01,-1.726140e+00,-7.250941e+00
1260,6.717053e-18,-1.631340e-06,2.032191e-04,4.762241e-04,2.808116e-01,1.870490e-01,1.598414e+00
1261,1.466497e-17,-7.725450e-06,2.437735e-04,4.727059e-04,-6.915178e-02,-2.293336e+00,-1.315804e+00
1262,2.763180e-19,1.523461e-05,1.917970e-04,4.765138e-04,1.519553e-02,1.646314e-01,-4.249846e+00
1263,1.439339e-17,1.280798e-05,1.956478e-04,4.771362e-04,1.262547e-01,-7.088591e-01,2.496229e+00
1264,2.796899e-19,1.601466e-05,1.886723e-04,4.687048e-04,-3.081340e-01,-3.031852e+00,-9.288984e+00
1265,3.081480e-19,1.367294e-05,1.957019e-04,4.726152e-04,-1.157593e+00,-1.343123e+00,-1.217150e+00
1266,2.654691e-19,1.367313e-05,1.964852e-04,4.710522e-04,-9.314884e-01,-4.116560e-02,-5.369657e+00
1267,3.699852e-19,1.288877e-05,1.972638e-04,4.694898e-04,-1.286721e+00,3.364265e+00,-9.301598e+00
1268,2.445409e-19,-5.078450e-06,1.636716e-04,4.702710e-04,2.368559e+00,1.246591e+00,-7.610427e+00
1269,2.497800e-19,3.906232e-07,1.699219e-04,4.726141e-04,-2.617645e+00,6.889608e-01,-7.036612e+00
1270,1.523485e-18,-4.296865e-06,1.546388e-04,4.706419e-04,-1.357640e+00,-2.967927e+00,-1.022669e+01
1271,5.039607e-19,-7.013821e-06,1.300779e-04,4.726138e-04,-2.143222e-01,1.147272e+00,-6.727798e+00
1272,1.732283e-18,-8.745213e-06,1.399713e-04,4.727360e-04,3.438530e+00,-4.638670e-01,-6.939087e+00
1273,2.200192e-18,-1.949756e-05,1.374484e-04,4.746502e-04,-5.364188e-01,1.200126e+00,-1.272595e+00
1274,2.571616e-19,-9.765087e-06,1.402348e-04,4.741764e-04,2.616558e+00,-6.274876e-01,-6.087960e+00
1275,2.538420e-19,9.765843e-06,1.285158e-04,4.741749e-04,-1.308458e-02,1.830122e+00,-5.023709e+00
1276,2.966725e-17,-4.690615e-06,-7.968929e-05,5.273456e-04,-9.771210e-01,-5.512602e-01,1.375016e+01
1277,9.560863e-17,-5.060931e-06,-7.996072e-05,5.270951e-04,-9.699233e-01,-6.342343e-01,1.370025e+01
1278,9.912250e-17,8.925478e-06,-8.044743e-05,5.233074e-04,-7.911207e-01,-4.924245e-01,1.292259e+01
1279,4.379629e-17,5.476702e-06,-9.110302e-05,5.450692e-04,-1.328413e+00,-8.699933e-01,1.051620e+01
1280,8.787166e-18,1.094039e-05,-9.069048e-05,5.356772e-04,-1.291382e-02,-1.036736e+00,9.979480e+00
1281,9.797124e-17,-1.561272e-05,-9.463986e-05,5.438309e-04,1.435860e-01,-1.258644e-01,9.061806e+00
1282,1.133454e-16,-9.409176e-06,-8.630212e-05,5.340631e-04,-1.215989e+00,1.016597e+00,9.016038e+00
1283,2.458172e-18,1.176803e-05,-8.754122e-05,5.305224e-04,-1.347555e-01,7.194410e-03,8.539749e+00
1284,6.457910e-18,-9.526330e-06,-8.985176e-05,5.389759e-04,5.157555e-01,1.810676e-02,6.401534e+00
1285,3.014208e-18,-1.484775e-05,-9.218632e-05,5.304225e-04,3.340362e-01,1.279604e-01,7.259817e+00
1286,2.336606e-16,-1.282354e-06,-1.042326e-04,5.429997e-04,-4.133393e-02,-3.069455e-01,7.402172e+00
1287,1.873288e-18,-9.426431e-06,-8.990032e-05,5.441193e-04,-1.100262e-02,1.077066e-01,2.804806e+00
1288,1.265107e-17,1.280257e-05,-8.074153e-05,5.353200e-04,-5.094433e-01,2.574123e-01,5.276724e+00
1289,2.350399e-19,5.081021e-06,-9.804516e-05,5.284544e-04,5.916886e-01,5.018355e-01,2.555770e+00
1290,2.843295e-18,2.031206e-05,-7.968810e-05,5.456569e-04,4.064599e-02,-1.065639e-02,1.082518e+00
1291,4.943649e-18,-2.331389e-06,-9.968293e-05,5.142225e-04,5.189373e-01,-1.059390e+00,1.825842e+01
1292,3.639417e-17,-1.838017e-05,-7.457991e-05,5.200231e-04,-1.961927e+00,-2.406460e+00,1.614778e+01
1293,3.896104e-17,2.623094e-06,-7.976327e-05,5.194577e-04,-2.606521e-01,-3.728780e+00,2.080398e+01
1294,1.100507e-16,-1.275997e-05,-8.938833e-05,5.000161e-04,3.569367e-01,9.916616e-01,4.664365e+00
1295,5.435608e-18,-3.128021e-06,-7.812486e-05,5.099525e-04,-2.312228e-01,-1.773118e-01,9.840438e+00
1296,2.990810e-17,-1.189128e-05,-9.482531e-05,5.137869e-04,-3.050461e-02,1.456136e+00,5.696523e+00
1297,1.082457e-17,-2.596912e-06,-8.250395e-05,5.200954e-04,-3.473620e-01,-2.053165e+00,1.286171e+01
1298,5.601204e-17,-1.294895e-05,-8.018039e-05,5.059247e-04,-3.853406e-01,4.809192e-03,2.474076e+00
1299,2.540214e-18,-4.695024e-06,-9.062517e-05,5.126463e-04,-3.250845e-01,4.729910e-03,7.395285e+00
1300,4.073694e-18,-9.348499e-06,-8.987612e-05,5.054709e-04,-1.529821e-01,1.335398e-01,1.110849e+00
1301,1.397202e-17,-4.667295e-06,-9.660205e-05,5.231419e-04,5.116014e-01,7.289967e-02,6.757175e+00
1302,2.627911e-18,3.871325e-06,-7.808000e-05,5.142159e-04,1.739665e+00,-2.849993e+00,1.933572e+01
1303,2.675954e-18,5.466283e-06,-9.765322e-05,5.002896e-04,9.542992e-02,-1.190805e-01,2.370873e+00
1304,2.350519e-18,3.007170e-06,-7.570198e-05,5.096553e-04,1.162398e-01,6.353968e-01,1.575185e+01
1305,7.172236e-17,2.720128e-06,-8.914307e-05,5.134616e-04,7.810321e-01,5.933090e-01,6.632376e+00
1306,2.398821e-18,1.165576e-05,-8.054505e-05,5.104988e-04,5.452494e-01,-3.428479e-01,1.054580e+01
1307,1.453713e-18,1.163902e-05,-8.038950e-05,5.044421e-04,3.365042e-01,-4.289289e-01,6.610718e+00
1308,3.857928e-17,3.625777e-06,-9.784856e-05,5.208648e-04,-6.087151e-01,-1.462806e+00,6.711192e+00
1309,2.751819e-18,5.473686e-06,-9.765611e-05,5.118794e-04,1.421931e-01,-1.882303e-01,4.789190e+00
1310,5.770857e-18,1.004098e-05,-8.984370e-05,5.031209e-04,6.062806e-01,-3.517567e-02,3.264010e+00
1311,2.855732e-18,1.173260e-05,-8.749603e-05,5.204483e-04,4.754664e-03,-5.942297e-03,6.167544e+00
1312,4.363243e-18,6.247036e-06,-9.062550e-05,5.199794e-04,-1.630320e-03,5.617016e-02,2.725068e+00
1313,2.848217e-18,2.110338e-05,-8.048270e-05,5.149942e-04,1.370668e-01,2.568092e-01,-1.425423e-01
1314,3.164602e-17,3.205342e-06,-7.414157e-05,4.975948e-04,-7.828238e-02,9.235348e-02,1.246955e+01
1315,1.487912e-18,1.015981e-05,-9.765050e-05,5.084322e-04,2.335279e-01,5.595459e-02,9.864356e-02
1316,1.220111e-16,-1.072393e-05,-7.878147e-05,4.973378e-04,-1.278736e+00,1.638703e-01,5.386801e+00
1317,4.202935e-17,2.090124e-06,-1.021377e-04,4.927353e-04,-1.424307e+00,-7.521293e-01,1.161539e+01
1318,4.659981e-17,-2.150256e-06,-8.264281e-05,4.918749e-04,-2.931500e+00,-9.577793e-01,4.121930e+00
1319,4.445942e-17,-1.840107e-05,-7.888389e-05,4.840979e-04,2.326631e-01,1.146965e+00,4.689859e+00
1320,1.180050e-17,-1.624751e-05,-8.367954e-05,4.915505e-04,1.470598e+00,4.978966e-01,5.362959e+00
1321,6.708478e-18,-2.340574e-06,-9.687410e-05,4.988191e-04,-1.196120e-01,-1.222332e-01,1.129446e+01
1322,1.818249e-17,-8.735465e-06,-1.012891e-04,4.950601e-04,-1.970201e+00,4.458976e-01,1.277951e+01
1323,4.320248e-18,-2.345370e-06,-9.687055e-05,4.921118e-04,1.107882e-01,-2.199946e-01,8.011690e+00
1324,4.521242e-18,-2.344413e-06,-9.688659e-05,4.842565e-04,1.320210e-01,1.474552e-01,4.684100e+00
1325,4.660939e-18,-6.074455e-06,-1.000468e-04,4.845595e-04,1.219817e+00,2.440226e-01,6.136218e+00
1326,2.719189e-18,-9.387056e-06,-8.125055e-05,4.863096e-04,1.560388e-01,-3.819500e-01,2.877111e+00
1327,2.316755e-17,-5.416099e-06,-8.741754e-05,4.826054e-04,2.906453e+00,1.203639e-01,1.167842e+00
1328,5.864085e-18,-1.093993e-05,-9.552770e-05,4.906958e-04,4.315710e-03,4.903120e-01,2.411918e+00
1329,2.586909e-18,-6.237522e-06,-9.999602e-05,4.815750e-04,1.891711e-01,7.004825e-01,5.616307e+00
1330,6.251365e-19,-1.792824e-05,-7.851629e-05,4.788584e-04,-3.802877e-01,-2.956818e-01,2.846881e+00
1331,1.143518e-17,-2.425408e-05,-8.517483e-05,4.961805e-04,-3.697917e-02,-1.096533e-02,-1.795020e+00
1332,1.688059e-17,3.332376e-07,-1.013987e-04,4.811340e-04,-2.076248e+00,-3.572961e-01,6.422783e+00
1333,6.374971e-17,-2.381202e-05,-1.196504e-04,4.926421e-04,3.715468e-02,-2.353635e-03,-1.191841e+00
1334,2.620636e-18,-9.293071e-06,-1.218948e-04,4.932606e-04,-5.679117e-01,-5.631651e-01,1.299418e+01
1335,2.287968e-17,-1.536453e-05,-1.171875e-04,4.992897e-04,2.112815e+00,1.272985e+00,4.039564e+00
1336,2.601828e-16,-1.170327e-05,-1.146167e-04,5.029476e-04,-6.026559e-01,7.030084e-01,5.934345e+00
1337,7.894395e-18,-1.032678e-05,-1.242273e-04,4.861198e-04,-6.063737e-01,-1.678566e+00,9.005113e+00
1338,2.983469e-18,7.452607e-07,-1.234615e-04,4.979497e-04,-2.196905e-01,-1.142145e-01,-2.019503e-01
1339,5.743105e-17,-7.522155e-06,-1.190023e-04,4.992751e-04,3.122100e+00,7.344427e-01,1.566351e+01
1340,5.898129e-19,-8.203670e-06,-1.179636e-04,4.858847e-04,2.364443e+00,8.238952e-01,2.000872e+00
1341,1.195224e-18,-7.689563e-07,-1.148517e-04,4.967995e-04,-5.850367e-02,8.643902e-02,6.394019e+00
1342,1.037369e-17,-1.535915e-05,-1.163944e-04,4.793153e-04,-8.025650e-01,2.393513e+00,2.876773e+00
1343,3.798516e-18,-7.857318e-07,-1.148418e-04,4.889885e-04,-5.444695e-02,1.801965e-02,4.635661e+00
1344,9.965945e-19,-1.484178e-05,-1.046868e-04,4.874478e-04,7.200499e-02,-1.711035e-01,-3.737087e+00
1345,1.202665e-18,-1.523477e-05,-1.169688e-04,4.750317e-04,1.721426e+00,-1.624893e+00,-1.094829e+00
1346,7.104788e-19,-9.766043e-06,-1.175789e-04,4.956757e-04,2.745151e+00,-4.123255e-01,1.940513e+01
1347,1.678425e-18,-1.102439e-04,4.819877e-06,4.951010e-04,4.205156e+00,-1.568653e+00,2.184951e+01
1348,1.989856e-18,-1.015763e-04,5.356714e-06,4.755371e-04,3.248860e+00,-2.807094e-02,2.849282e-01
1349,3.933324e-17,-1.144354e-04,1.361269e-05,4.973116e-04,1.797341e+00,2.265062e-01,9.868762e+00
1350,3.970707e-17,-1.067934e-04,8.409587e-06,4.945729e-04,6.142581e-01,1.286860e+00,8.266375e+00
1351,3.598302e-18,-1.069958e-04,5.430736e-06,4.834469e-04,-4.493305e-01,7.081953e-01,5.796086e+00
1352,5.005258e-18,-1.093862e-04,1.405478e-05,4.881983e-04,4.123237e-01,7.184475e-01,4.452184e+00
1353,1.331886e-18,-1.070111e-04,1.642631e-05,4.929128e-04,-8.873790e-01,3.955550e-01,8.105435e+00
1354,6.592414e-18,-1.046853e-04,1.406168e-05,4.965435e-04,4.546506e-02,-3.325721e-02,8.038364e+00
1355,1.685588e-18,-1.046849e-04,1.406234e-05,4.882245e-04,-1.050815e-01,6.258729e-02,5.079925e+00
1356,1.439903e-18,-1.132843e-04,1.796895e-05,4.812004e-04,-9.870964e-02,4.247173e-01,1.534494e+00
1357,2.489295e-17,-1.050744e-04,2.267031e-05,4.790237e-04,-8.676605e-01,9.056604e-01,4.256282e-01
1358,3.557673e-18,-1.070132e-04,1.640361e-05,4.852765e-04,4.061176e-01,-4.480168e-01,4.160478e+00
1359,3.302236e-18,-1.226628e-04,1.406308e-05,4.971791e-04,1.445526e-02,2.469085e-01,6.151972e-01
1360,4.737714e-18,-1.179653e-04,1.327913e-05,4.890106e-04,-4.265726e-01,-2.472983e-01,1.091281e+01
1361,5.090759e-18,-1.078372e-04,6.901431e-06,4.913891e-04,-4.829418e-01,-7.112751e-02,1.437805e+01
1362,5.300210e-18,-1.163966e-04,1.311451e-05,4.933633e-04,-6.060300e-02,7.596633e-01,1.293805e+01
1363,1.116724e-17,-1.121239e-04,7.567111e-06,4.908637e-04,6.489161e-01,-2.273282e+00,1.364740e+01
1364,5.209715e-18,-1.046918e-04,1.406160e-05,4.835305e-04,8.726158e-02,8.888452e-04,4.249817e+00
1365,3.312070e-17,-9.938692e-05,7.902031e-06,4.566030e-04,-4.081465e-01,9.633685e-02,-1.199869e+00
1366,4.258261e-18,-1.187357e-04,1.331883e-05,4.741943e-04,4.596579e-01,-2.465750e-01,-4.478347e+00
1367,6.521849e-19,-1.113278e-04,-1.797663e-05,4.726102e-04,2.619066e-01,-1.867416e+00,-2.557549e+00
1368,2.911698e-19,-1.113292e-04,-1.835792e-05,4.702695e-04,3.263711e-01,1.233026e+00,-3.859889e+00
1369,4.136336e-17,-4.767998e-06,-2.183644e-04,4.952335e-04,1.059397e+00,-2.729259e+00,1.370682e+01
1370,3.313614e-17,-1.318454e-05,-2.183015e-04,4.937699e-04,6.498258e-01,1.604828e-01,3.704389e+00
1371,5.921107e-17,1.421016e-06,-2.134154e-04,4.879695e-04,1.835782e+00,1.280241e+00,5.802726e+00
1372,3.550951e-18,-1.327180e-05,-2.028275e-04,4.947400e-04,3.416279e-02,-7.290167e-01,-1.705125e+00
1373,7.159854e-18,-2.741871e-06,-2.187722e-04,4.835676e-04,2.730509e+00,-1.360226e+00,7.033811e+00
1374,8.239525e-18,-9.888494e-06,-2.043233e-04,4.986132e-04,-3.956363e-01,1.773176e+00,3.874475e+00
1375,4.948517e-18,-8.596755e-06,-2.203115e-04,4.951516e-04,9.227130e-01,9.064934e-03,6.724378e-01
1376,6.574320e-19,-5.860055e-06,-2.082033e-04,4.870196e-04,1.371706e+00,7.086160e-02,8.903872e+00
1377,7.072873e-18,-1.407067e-05,-2.255643e-04,5.003828e-04,-1.653057e-01,6.270499e-01,-1.017630e-01
1378,1.525985e-17,-2.421878e-05,-2.046874e-04,4.901922e-04,-1.127524e-03,-9.033574e-04,-1.224411e+00
1379,5.757807e-17,-2.361993e-05,-2.045416e-04,4.909219e-04,-8.006036e-03,4.467442e-02,-9.118976e-01
1380,1.272933e-17,-5.861351e-06,-2.199712e-04,5.021218e-04,-1.893686e-01,1.846007e+00,2.804017e+00
1381,2.947951e-18,-4.687261e-06,-2.124938e-04,4.956002e-04,1.034498e+00,8.142148e-02,-3.159342e-01
1382,1.310992e-17,-2.425461e-05,-2.195630e-04,4.961781e-04,-2.849310e-02,-2.888014e-03,-1.743031e+00
1383,3.995578e-17,3.554368e-06,-2.268496e-04,4.860470e-04,1.950664e+00,-8.713863e-01,3.677508e+00
1384,5.304317e-17,9.442553e-06,-2.058233e-04,4.893396e-04,-1.771056e-01,9.191762e-01,1.025458e+01
1385,4.715005e-17,3.871973e-06,-2.175506e-04,4.991015e-04,6.297053e-01,-1.913968e-01,4.743726e+00
1386,1.415317e-17,2.097165e-05,-2.033698e-04,4.834153e-04,1.410751e+00,-1.065830e+00,1.127246e+01
1387,1.441176e-17,9.561290e-06,-2.218307e-04,4.961645e-04,7.132924e-01,7.559734e-02,5.717907e+00
1388,4.454792e-17,2.396701e-05,-2.159148e-04,4.949818e-04,-3.166146e-02,-1.342355e-02,-1.024502e+00
1389,3.975731e-17,1.501848e-05,-2.128126e-04,5.030428e-04,1.675865e+00,1.322100e-02,4.341614e+00
1390,3.065267e-18,7.788358e-06,-2.211309e-04,4.784710e-04,-4.379541e-01,-2.448407e-01,3.644070e+00
1391,1.617296e-18,2.032837e-05,-2.062412e-04,4.905719e-04,1.136197e+00,3.232143e-01,-2.061052e+00
1392,9.911113e-19,1.640815e-05,-2.093782e-04,4.944753e-04,9.082324e-02,1.012214e-01,-8.217344e-01
1393,1.355276e-18,7.818964e-06,-2.210864e-04,4.851039e-04,-3.241191e-03,3.873238e-02,4.110467e-01
1394,1.357289e-18,1.015781e-05,-2.070295e-04,4.975902e-04,6.715405e-02,-3.190758e-02,1.114506e+00
1395,4.499523e-17,2.856510e-06,-2.126050e-04,4.810351e-04,1.104319e+00,1.643195e+00,5.023401e+00
1396,1.471974e-18,1.024045e-05,-2.047779e-04,4.857412e-04,4.793216e-01,-1.587713e+00,1.518378e+01
1397,2.997971e-18,9.374237e-06,-2.086050e-04,4.823066e-04,-2.117319e-02,-2.920507e-01,5.120766e+00
1398,2.118482e-18,2.460935e-05,-2.164112e-04,4.827378e-04,1.378665e-02,-1.670090e-02,-3.388146e+00
1399,7.059886e-18,2.431237e-05,-2.210909e-04,4.783257e-04,1.691810e-01,-4.932628e-02,-1.737600e+00
1400,5.770513e-18,2.436893e-05,-2.242777e-04,4.830040e-04,1.092315e-01,5.875927e-02,-2.121957e+00
1401,6.148043e-17,-6.702658e-06,-2.045545e-04,5.213311e-04,-8.055808e-01,2.826105e-01,5.010450e+00
1402,3.554409e-17,2.325868e-06,-2.192315e-04,5.216938e-04,2.768840e+00,-1.235807e+00,9.229491e+00
1403,3.477246e-17,7.690275e-06,-2.176052e-04,5.186601e-04,-2.499596e-01,-2.091416e+00,7.762160e+00
1404,1.157343e-16,8.123644e-06,-2.262784e-04,5.085162e-04,-1.677789e-02,-5.186932e-01,8.890888e+00
1405,2.497666e-18,3.839120e-06,-2.116552e-04,5.089169e-04,-2.039999e-01,3.821190e-01,6.235936e+00
1406,4.867883e-18,5.468987e-06,-2.062465e-04,5.168559e-04,7.179144e-02,1.870691e-02,7.879986e+00
1407,2.972556e-18,7.789915e-06,-2.140638e-04,5.095658e-04,-1.297850e+00,4.331279e-02,4.991546e+00
1408,3.337873e-17,2.177500e-05,-2.150842e-04,5.221807e-04,9.625603e-01,4.593066e-01,3.460591e+00
1409,5.320263e-18,3.911517e-06,-2.117232e-04,5.169498e-04,7.574837e-02,2.242217e-02,8.446717e+00
1410,1.028357e-18,1.406044e-05,-2.156299e-04,5.238948e-04,2.177345e-02,3.411553e-02,4.963255e+00
1411,3.974115e-17,-5.969438e-06,-2.262946e-04,5.199254e-04,7.954754e-01,1.185886e+00,1.572720e+01
1412,3.037987e-18,-1.484490e-05,-2.195261e-04,5.119472e-04,-1.184013e-01,1.837125e-01,4.107018e+00
1413,3.413200e-18,-7.817669e-06,-2.156229e-04,5.065383e-04,-3.326176e-02,-3.385972e-01,4.465186e+00
1414,4.186099e-18,-3.908234e-06,-2.039068e-04,5.045854e-04,-1.882135e-01,2.376948e-02,2.765442e+00
1415,2.509403e-17,2.083149e-05,-1.866111e-04,5.181377e-04,-3.546565e-01,1.165649e+00,4.120177e+00
1416,3.720681e-17,5.598204e-06,-1.886706e-04,5.126291e-04,-1.436427e+00,-6.207805e-01,7.635547e+00
1417,2.846903e-18,1.171015e-05,-1.874991e-04,5.197493e-04,5.668387e-02,-1.519767e-03,1.822971e+00
1418,4.728399e-18,1.405591e-05,-1.945313e-04,5.137812e-04,1.796126e-01,2.475185e-02,-7.237012e-01
1419,1.291427e-16,-1.617789e-04,-1.164162e-05,5.065268e-04,-8.936201e-01,-3.446684e+00,7.844861e+00
1420,1.622210e-16,-1.779247e-04,4.533584e-06,5.060352e-04,1.406748e-02,2.760494e+00,1.602955e+01
1421,1.504606e-17,-1.644546e-04,1.445413e-05,5.138800e-04,3.751208e-01,3.016681e-02,3.189595e+00
1422,1.040688e-16,-1.645974e-04,1.449181e-05,5.142240e-04,2.636503e-01,-2.403883e-02,3.148263e+00
1423,9.899829e-17,-1.719870e-04,-1.145287e-05,5.268446e-04,-4.939009e-01,-2.068601e-01,5.289842e+00
1424,1.057837e-18,-1.712536e-04,-7.203109e-06,5.045832e-04,1.148420e+00,1.351672e+00,1.771012e+01
1425,3.385567e-18,-1.718739e-04,-1.717858e-05,5.149995e-04,-9.850857e-02,-3.353541e+00,1.367719e+01
1426,4.298672e-18,-1.756751e-04,-7.282607e-06,5.205219e-04,-4.194069e+00,-1.369050e-02,2.482324e+01
1427,2.914747e-18,-1.738359e-04,-6.239326e-06,5.113284e-04,-2.881942e+00,-4.976720e-01,2.100074e+01
1428,1.392302e-18,-1.718596e-04,-1.963188e-05,5.200396e-04,1.435028e-01,-4.254731e+00,1.312399e+01
1429,1.205391e-17,-1.723251e-04,-1.668836e-05,5.222583e-04,2.978560e+00,-1.838188e+00,4.592027e+00
1430,5.879964e-18,-1.718538e-04,-1.452758e-05,5.094415e-04,-2.100248e-02,-3.011443e+00,1.321113e+01
1431,2.214437e-18,-1.601517e-04,-5.469027e-06,5.180709e-04,-1.273305e-01,6.542982e-02,3.589374e+00
1432,2.578112e-18,-1.578120e-04,-1.485149e-05,5.212350e-04,5.517888e-02,1.551823e-02,3.577790e+00
1433,3.431070e-18,-1.694654e-04,-7.837513e-07,5.086113e-04,-2.089559e-02,-4.876658e-02,2.175871e+00
1434,1.905410e-18,-1.679113e-04,-7.318641e-07,5.027181e-04,-2.271664e-01,-5.726222e-02,-1.508939e-01
1435,3.445848e-18,-1.578089e-04,-1.485086e-05,5.103962e-04,-2.563229e-01,-7.366705e-01,1.693844e-01
1436,3.186069e-17,-1.569478e-04,1.049802e-05,5.159204e-04,9.551611e-01,8.556976e-01,6.918999e+00
1437,2.339146e-17,-1.522405e-04,1.723264e-05,5.200316e-04,-4.602056e-01,1.066503e+00,5.470340e+00
1438,7.720115e-18,-1.507731e-04,1.052791e-05,5.099964e-04,-9.075580e-01,-1.233401e+00,3.991644e+00
1439,8.056253e-18,-1.712862e-04,1.302171e-05,5.216340e-04,3.645581e-01,-2.249626e-01,1.080739e+00
1440,4.786620e-18,-1.570337e-04,1.718534e-05,5.246909e-04,-3.901245e-01,-6.796308e-02,5.738169e+00
1441,6.012933e-18,-1.695305e-04,2.342592e-06,5.231375e-04,8.844339e-05,1.605617e-02,2.210137e+00
1442,3.417868e-17,-1.669389e-04,1.299923e-05,5.277989e-04,-8.521618e-01,1.552302e+00,3.276429e+00
1443,2.363817e-18,-1.484371e-04,3.918284e-06,5.134549e-04,3.323724e-02,2.821989e-01,8.324347e+00
1444,9.786990e-19,-1.375012e-04,9.372328e-06,5.223518e-04,7.446153e-03,5.623811e-02,6.562141e+00
1445,4.623390e-18,-1.398409e-04,4.697601e-06,5.084661e-04,-2.437720e-02,5.272773e-02,3.832319e+00
1446,4.300283e-18,-1.445226e-04,2.761133e-06,5.026732e-04,-3.763460e-02,1.359331e-01,3.299070e+00
1447,1.375186e-18,-1.484443e-04,3.905757e-06,5.176974e-04,-5.552378e-02,5.520490e-02,8.298956e+00
1448,3.053437e-18,-1.421912e-04,7.819052e-06,5.150518e-04,1.192419e-01,-4.703116e-02,3.154361e+00
1449,6.504794e-18,-1.342577e-04,1.559216e-05,5.077229e-04,-3.586244e-01,4.330289e-01,5.858754e+00
1450,2.653038e-18,-1.445326e-04,8.590140e-06,5.188003e-04,1.385351e-01,-2.448237e-02,5.899906e+00
1451,1.353729e-18,-1.398428e-04,4.683290e-06,5.138503e-04,-6.497749e-02,8.481667e-03,1.942296e+00
1452,5.059974e-18,-1.406732e-04,2.053043e-05,5.263330e-04,-1.202973e+00,3.475528e-01,8.037630e+00
1453,2.066100e-17,-1.488389e-04,9.403865e-07,5.431997e-04,4.762111e-01,-1.665690e+00,7.558233e+00
1454,6.653929e-17,-1.663301e-04,2.933734e-06,5.470735e-04,-1.776990e-01,8.395208e-01,8.222926e+00
1455,3.523274e-17,-1.536677e-04,4.751882e-07,5.284203e-04,-2.825174e-01,1.329795e+00,3.525497e+00
1456,6.795846e-17,-1.731196e-04,-2.488098e-07,5.453443e-04,9.676898e-01,1.202231e+00,6.687229e+00
1457,2.053181e-17,-1.691349e-04,1.670624e-05,5.357159e-04,-1.088270e-01,-7.696380e-01,3.350292e+00
1458,1.530649e-18,-1.570070e-04,1.406078e-05,5.444219e-04,-2.276033e-01,3.329308e-02,4.035136e+00
1459,1.390237e-18,-1.523387e-04,1.563663e-05,5.375748e-04,-1.621456e-01,8.606458e-02,1.605523e-01
1460,3.246922e-17,-1.732821e-04,-2.149572e-05,5.358733e-04,-1.248185e+00,-4.937628e+00,2.018293e+01
1461,1.127382e-17,-1.677727e-04,-2.253314e-05,5.391047e-04,3.025555e-01,-2.483467e-01,7.032386e+00
1462,5.185102e-18,-1.624993e-04,-7.815796e-06,5.337960e-04,2.342932e-02,-8.115246e-02,5.521755e+00
1463,1.119704e-17,-1.552196e-04,-2.186301e-05,5.490690e-04,-4.762718e-01,2.003858e-01,7.375683e+00
1464,9.914869e-19,-1.734389e-04,-1.485402e-05,5.405924e-04,2.093384e-02,-2.488660e-01,1.646266e+00
1465,4.970654e-19,-1.734333e-04,-1.523521e-05,5.315099e-04,-5.182654e-02,7.745768e-01,-3.820159e-01
1466,4.409361e-16,-1.363487e-04,-1.509618e-05,5.393600e-04,-7.350530e-01,-8.683782e-01,6.272631e+00
1467,6.755649e-17,-1.457477e-04,4.766628e-06,5.345982e-04,8.732165e-01,4.797724e-02,1.027001e+01
1468,1.410149e-18,-1.484314e-04,3.910949e-06,5.277001e-04,-5.779463e-02,-1.796704e-01,9.429978e+00
1469,2.187972e-18,-1.343765e-04,1.571457e-05,5.321199e-04,-8.146367e-02,-6.830617e-02,1.179689e+01
1470,1.767342e-17,-1.311786e-04,-4.191697e-06,5.325166e-04,-8.092842e-01,-9.788617e-01,6.987592e+00
1471,4.662434e-18,-1.336001e-04,1.853267e-06,5.348516e-04,5.273434e-01,-7.388629e-01,9.371494e+00
1472,4.511154e-18,-1.268549e-04,2.347436e-06,5.273231e-04,-4.232946e-01,2.951863e-02,6.845626e+00
1473,7.559800e-18,-1.430204e-04,-1.055808e-05,5.435727e-04,-5.748786e-01,3.475702e-01,8.696240e+00
1474,5.142964e-18,-1.273456e-04,4.522830e-06,5.359493e-04,2.156633e-02,-4.595680e-01,4.065909e+00
1475,2.639818e-18,-1.265383e-04,-1.800704e-05,5.318927e-04,3.908445e-01,-1.301259e-01,3.502837e+00
1476,1.297603e-18,-1.398355e-04,4.685971e-06,5.345479e-04,-9.358969e-02,5.663918e-02,6.171750e+00
1477,4.044563e-18,-1.476575e-04,-1.328383e-05,5.367207e-04,-2.579093e-02,-3.036305e-02,7.803702e+00
1478,7.250668e-17,-1.359607e-04,1.666588e-05,5.464334e-04,5.384629e-03,7.962867e-01,1.275022e+01
1479,1.205684e-18,-1.398449e-04,4.693425e-06,5.269524e-04,-4.788846e-02,5.847527e-02,3.374461e+00
1480,1.251744e-18,-1.476525e-04,-1.327506e-05,5.299966e-04,-1.759212e-01,-1.705049e-01,4.315559e+00
1481,8.420210e-19,-1.454333e-04,2.501069e-06,5.458485e-04,-2.152535e-01,3.218152e-01,1.954941e+00
1482,4.545566e-18,-1.453132e-04,2.344618e-06,5.398374e-04,1.721276e-02,4.577801e-02,6.727027e+00
1483,3.004653e-18,-1.452895e-04,2.356694e-06,5.439237e-04,-7.415483e-02,-3.518268e-01,3.313359e+00
1484,3.381475e-18,-1.437498e-04,-2.326001e-06,5.432233e-04,-8.823905e-03,9.011035e-01,7.635064e+00
1485,2.330224e-18,-1.281708e-04,-1.569049e-05,5.396523e-04,-2.878780e-01,-4.683393e-01,3.561054e+00
1486,3.766693e-18,-1.171739e-05,1.632820e-04,5.250557e-04,-1.201658e+00,-1.458216e+00,1.900106e+01
1487,2.591943e-17,-1.177679e-05,1.633295e-04,5.252494e-04,-1.030776e+00,-1.307003e+00,1.865518e+01
1488,1.506293e-17,2.343338e-06,1.421892e-04,5.211785e-04,-9.011473e-02,3.583278e-01,5.724161e+00
1489,6.885261e-17,-1.336062e-07,1.740171e-04,5.099042e-04,5.520939e-01,-4.691075e-01,1.264633e+01
1490,4.232725e-17,-6.619443e-06,1.746017e-04,5.111550e-04,-1.245255e+00,-2.757580e+00,1.748896e+01
1491,2.715021e-17,1.098256e-06,1.527180e-04,5.042447e-04,-8.624696e-01,-3.557896e+00,8.321897e+00
1492,2.457129e-18,-1.085986e-05,1.641269e-04,5.151273e-04,-3.495343e-01,1.216749e-01,1.380961e+01
1493,8.667819e-18,-1.106812e-05,1.693395e-04,5.126056e-04,-1.848811e-01,1.293506e+00,9.913338e+00
1494,3.183951e-18,-1.014394e-05,1.687466e-04,5.042292e-04,-8.958050e-01,1.673170e-01,1.338416e+01
1495,1.102149e-17,-4.687908e-06,1.656168e-04,5.109494e-04,-4.744720e-02,3.197043e-01,9.567806e+00
1496,6.721270e-18,-1.865025e-05,1.624989e-04,5.207585e-04,-1.437987e-02,-1.636475e-01,7.080019e+00
1497,1.091054e-18,-7.035863e-06,1.585945e-04,5.169605e-04,-1.255416e-01,-1.754667e-01,8.610576e+00
1498,5.071345e-17,-3.602034e-06,1.483234e-04,5.162158e-04,1.403466e+00,-3.254253e-01,7.119631e+00
1499,1.393020e-16,-5.181609e-06,1.644522e-04,5.292993e-04,4.912865e-01,2.018145e-01,1.532998e+01
1500,3.016714e-18,-1.092084e-05,1.640434e-04,5.073648e-04,-4.834514e-01,3.928452e-01,1.089083e+01
1501,8.264705e-18,-8.590589e-06,1.578242e-04,5.100883e-04,-4.149404e-01,-2.320990e-01,9.376387e+00
1502,8.335787e-18,-2.121167e-05,1.667257e-04,5.223794e-04,-5.148319e-01,-8.112824e-03,4.274602e+00
1503,1.669561e-18,-8.597356e-06,1.656257e-04,5.053525e-04,-9.268390e-01,6.087160e-02,8.846643e+00
1504,1.038415e-18,-3.900736e-06,1.586025e-04,5.223456e-04,-3.484097e-01,-1.196179e-01,6.900675e+00
1505,1.506451e-17,-6.733679e-09,1.531368e-04,5.184419e-04,5.500460e-01,3.497152e-02,7.771255e+00
1506,2.616185e-18,-2.332259e-06,1.531291e-04,5.095177e-04,-4.198198e-01,8.429696e-03,3.850907e+00
1507,7.297210e-17,-1.554482e-05,1.766816e-04,5.270426e-04,9.325277e-01,-1.013183e+00,5.725559e+00
1508,8.079979e-17,6.817358e-06,1.486858e-04,5.071922e-04,-5.027538e-02,-1.229307e+00,5.791207e+00
1509,1.620655e-18,1.094500e-05,1.507726e-04,5.254487e-04,5.981643e-01,-2.211549e-01,7.742903e+00
1510,6.939668e-17,1.833473e-06,1.422170e-04,5.213556e-04,-7.316322e-02,4.369355e-01,5.626929e+00
1511,3.887702e-18,1.031454e-05,1.510041e-04,5.106954e-04,4.575250e-01,-1.626619e+00,3.145379e+00
1512,3.241120e-18,6.252115e-06,1.265620e-04,5.119168e-04,1.175033e-01,-1.645262e-02,3.563921e+00
1513,1.402907e-18,6.252699e-06,1.265642e-04,5.207770e-04,7.032888e-02,5.385265e-02,6.155445e+00
1514,1.336421e-18,3.926209e-06,1.335790e-04,5.200147e-04,5.682894e-01,6.816733e-03,3.599878e+00
1515,1.254180e-18,1.015668e-05,1.320283e-04,5.261940e-04,4.829231e-02,-2.572956e-02,5.803987e+00
1516,4.367669e-17,-3.932394e-06,1.598077e-04,5.352576e-04,7.404004e-01,1.564672e+00,9.534605e+00
1517,5.035230e-18,-1.251946e-05,1.640046e-04,5.359827e-04,1.611045e-01,5.602675e-01,2.052682e+01
1518,9.896457e-18,-1.112963e-05,1.728619e-04,5.300779e-04,1.359645e-01,9.961196e-01,2.544639e+01
1519,2.458693e-17,-1.704755e-05,1.697615e-04,5.463457e-04,1.460220e-01,3.598188e+00,1.946269e+01
1520,2.642023e-17,-1.658817e-05,1.673351e-04,5.393947e-04,-1.579936e+00,-2.075007e+00,1.575105e+01
1521,1.908313e-17,-8.110626e-06,1.700984e-04,5.421454e-04,-6.409750e-01,1.111456e+00,1.365112e+01
1522,4.749456e-18,-1.328621e-05,1.609362e-04,5.405366e-04,1.520865e-02,-2.511387e-01,6.998463e+00
1523,3.134808e-18,-1.328108e-05,1.609371e-04,5.311544e-04,-3.468810e-01,5.737344e-02,9.119688e+00
1524,9.289765e-19,-1.313783e-05,1.688802e-04,5.421424e-04,7.882439e-01,2.771257e-01,5.976274e+00
1525,4.904270e-19,-5.863716e-06,1.742121e-04,5.405873e-04,-2.253648e-01,-1.585025e-01,3.205854e+00
1526,9.877561e-19,-2.109663e-05,1.734384e-04,5.444706e-04,1.417117e-02,4.292619e-02,-5.392046e-01
1527,8.648642e-18,1.246537e-05,1.586009e-04,5.049609e-04,2.220640e-02,-5.806181e-02,4.020219e+00
1528,4.467442e-18,1.485798e-05,1.718804e-04,5.146062e-04,9.439141e-01,4.115409e-01,1.402174e+00
1529,2.204354e-17,1.165140e-05,1.563928e-04,5.182403e-04,-1.177157e-01,-2.757817e-01,5.651310e+00
1530,2.307758e-18,3.901430e-06,1.617193e-04,5.158125e-04,6.518913e-02,9.998471e-03,3.395934e+00
1531,5.040104e-18,1.874508e-05,1.750003e-04,5.185280e-04,5.877214e-01,-5.945862e-02,4.400894e+00
1532,2.815628e-16,-1.271306e-05,1.403289e-04,5.185686e-04,-1.161238e+00,2.193522e-01,4.407930e+00
1533,7.214776e-17,7.846126e-06,1.632532e-04,5.392165e-04,2.876304e+00,1.638326e+00,1.324120e+01
1534,1.107452e-17,9.113624e-06,1.570279e-04,5.422701e-04,1.290639e+00,-6.472181e-02,5.730756e+00
1535,9.907606e-17,9.160110e-06,1.572576e-04,5.419665e-04,1.184860e+00,-1.196551e-01,5.711664e+00
1536,2.954019e-17,7.421671e-06,1.718718e-04,5.296286e-04,1.095121e+00,-1.532061e-01,5.266846e+00
1537,1.136978e-16,7.202146e-06,1.720342e-04,5.296605e-04,9.145947e-01,-2.105581e-01,5.170698e+00
1538,4.129221e-17,1.279203e-05,1.711835e-04,5.436433e-04,-8.457395e-01,6.763633e-01,9.288361e+00
1539,4.047171e-17,1.662008e-05,1.762200e-04,5.457482e-04,-3.389441e-01,-4.341471e-01,4.412002e+00
1540,3.112695e-16,6.976065e-06,1.468264e-04,5.438468e-04,-7.413423e-01,-1.125120e+00,9.413306e+00
1541,1.534503e-18,1.289360e-05,1.593956e-04,5.433035e-04,-1.326812e+00,-6.588502e-02,4.224769e+00
1542,6.904227e-18,1.752133e-05,1.687539e-04,5.443948e-04,-4.414060e-01,5.666444e-02,4.850192e+00
1543,5.386966e-18,1.327976e-05,1.558515e-04,5.477219e-04,-9.322457e-03,7.327245e-01,4.550781e+00
1544,7.615315e-18,-1.867189e-04,-4.257810e-12,4.800291e-04,8.261820e-01,-6.523636e-02,-4.737128e-01
1545,9.019213e-17,-1.867732e-04,2.197531e-07,4.799843e-04,6.480789e-01,1.300526e-02,-9.560762e-01
1546,2.437590e-16,-1.859791e-04,-8.898006e-07,5.025994e-04,1.270143e+00,8.583435e-01,6.905438e+00
1547,6.365680e-18,-1.773408e-04,1.877934e-07,4.859179e-04,-1.851186e-02,-1.455582e+00,8.939793e+00
1548,2.935620e-17,-1.811845e-04,-3.596834e-06,4.813746e-04,1.091459e+00,2.052424e+00,6.629318e-01
1549,1.501152e-17,-1.834651e-04,-1.338359e-05,5.015732e-04,-3.606043e-01,-2.756572e+00,1.287641e+01
1550,3.443419e-17,-1.831620e-04,-1.305255e-05,4.945631e-04,-2.567418e+00,1.483335e+00,7.637411e+00
1551,1.077851e-17,-1.958399e-04,-2.162225e-05,4.922892e-04,1.181875e+00,-1.018807e+00,2.539792e+00
1552,1.554722e-18,-1.774608e-04,6.996789e-07,4.943289e-04,-8.326805e-01,1.605237e-01,1.734161e+01
1553,2.299218e-18,-1.882759e-04,-2.442216e-05,4.957577e-04,5.224984e-02,-1.602033e-02,-3.097607e+00
1554,2.786016e-17,-1.848811e-04,1.073540e-05,4.954879e-04,-1.250269e+00,-1.500166e-01,1.929591e+01
1555,1.599920e-18,-1.814909e-04,7.737923e-06,4.754839e-04,-3.438385e+00,-5.147626e-01,1.999929e+00
1556,1.376651e-17,-1.870816e-04,1.358272e-05,4.845753e-04,2.708331e+00,-2.290693e+00,1.164838e+01
1557,7.975876e-17,-1.786966e-04,1.039650e-05,4.939276e-04,1.210019e+00,1.370025e+00,6.240685e+00
1558,3.344526e-18,-1.836008e-04,6.247070e-06,4.925118e-04,4.537633e-01,1.029648e+00,1.329084e+01
1559,2.387482e-18,-1.968104e-04,1.336482e-05,4.879224e-04,6.414052e-01,-5.667748e-01,7.768917e+00
1560,8.071560e-18,-1.989287e-04,9.363064e-06,4.849175e-04,2.326378e-01,-1.143581e-01,6.598050e+00
1561,2.945176e-18,-1.968578e-04,1.326119e-05,4.815662e-04,7.592323e-01,-4.367730e-01,3.559930e+00
1562,5.819301e-18,-1.890645e-04,1.601619e-05,4.762045e-04,-1.338775e+00,-1.184106e-01,4.876293e+00
1563,2.876705e-18,-1.979095e-04,7.901127e-06,4.781419e-04,3.648066e-01,1.130961e+00,2.626341e+00
1564,1.159493e-17,-1.945447e-04,7.779943e-06,4.936559e-04,1.388102e-01,-1.609138e-01,6.684590e+00
1565,3.192959e-18,-1.937532e-04,1.561928e-05,5.002815e-04,3.829963e-02,1.039098e-01,1.854475e+00
1566,1.205291e-18,-1.929373e-04,6.265990e-06,4.788593e-04,-7.722061e-01,-2.384413e-01,5.179282e-01
1567,2.396663e-18,-1.874821e-04,1.574016e-05,4.809738e-04,2.095233e+00,-6.259211e-01,1.039838e+01
1568,3.622106e-18,-1.890664e-04,1.718762e-05,4.909673e-04,4.716632e-02,8.396106e-02,9.835217e-01
1569,1.122400e-18,-1.835966e-04,6.256133e-06,4.897844e-04,1.555574e-01,-2.369562e-01,1.274680e+01
1570,3.210297e-18,-1.836053e-04,6.240505e-06,4.858110e-04,-1.041550e-01,3.252357e-01,9.036748e+00
1571,6.213379e-19,-1.996096e-04,1.054969e-05,4.916822e-04,-1.201808e+00,1.689279e-01,1.354934e+01
1572,3.534198e-18,-1.835639e-04,6.253938e-06,4.806886e-04,5.085905e-01,-2.017298e-02,5.403672e+00
1573,9.331068e-19,-1.985906e-04,8.204576e-06,4.802168e-04,1.169038e-01,-1.128658e+00,2.812904e+00
1574,6.782659e-18,-1.937491e-04,7.813229e-06,4.879537e-04,8.085718e-03,1.604251e-02,7.067271e+00
1575,1.826285e-18,-2.007909e-04,6.225282e-06,4.788392e-04,-4.464872e-02,2.922933e-01,2.201339e+00
1576,4.144455e-19,-1.785154e-04,8.986543e-06,4.897853e-04,3.165589e-01,-1.917330e+00,9.727930e+00
1577,1.573090e-17,-1.943317e-04,2.423443e-05,4.871346e-04,-8.722109e-02,2.756522e-02,-1.686566e+00
1578,2.619689e-19,-2.144529e-04,5.860793e-06,4.812016e-04,1.283647e+00,4.466184e+00,1.353021e+01
1579,1.521612e-18,-2.211050e-04,9.375043e-06,4.983730e-04,1.703833e-01,1.454508e-01,6.868265e+00
1580,4.966774e-18,-2.187515e-04,9.377756e-06,4.898835e-04,1.491130e-01,-5.114370e-02,5.536609e+00
1581,3.577433e-17,-2.155390e-04,1.379337e-05,4.843360e-04,-1.782463e+00,-1.621355e+00,2.515786e+00
1582,1.903864e-18,-2.118345e-04,1.093514e-05,4.954578e-04,-1.896625e-01,2.898306e-02,-1.946809e-01
1583,2.535484e-19,-2.152343e-04,5.859899e-06,4.804211e-04,1.914956e+00,2.761532e+00,4.864224e+00
1584,1.143365e-17,-2.225783e-04,2.362953e-06,4.926631e-04,1.876499e+00,-8.009504e-01,1.056440e+01
1585,8.224529e-19,-2.225182e-04,2.486908e-06,4.983642e-04,-1.848828e+00,7.768231e-01,1.118178e+01
1586,6.434628e-19,-2.226249e-04,8.985917e-06,4.858852e-04,5.331938e-01,-1.296841e+00,1.315132e+01
1587,4.544013e-18,-2.226581e-04,9.373171e-06,4.780114e-04,-1.286372e+00,4.226696e-01,3.764729e+00
1588,3.810758e-18,-7.033403e-06,2.421835e-05,4.956286e-04,-1.154155e-01,-4.378416e-01,4.372107e+00
1589,8.611206e-17,-6.869736e-06,2.421929e-05,4.955882e-04,-1.208535e-01,-4.510126e-01,4.181170e+00
1590,1.317053e-17,-1.402266e-05,2.086961e-05,4.740234e-04,9.570980e-01,-5.827129e-01,1.712687e+00
1591,9.931026e-17,-1.733169e-05,8.733419e-06,4.864258e-04,2.031772e-01,-1.329946e+00,1.118095e+01
1592,1.032027e-17,-1.240856e-05,7.565501e-06,4.936069e-04,-7.960135e-01,3.110267e+00,1.525641e+01
1593,1.984729e-18,-6.136562e-06,2.577492e-05,4.837400e-04,4.270167e-01,1.054423e-01,-1.001120e+00
1594,2.020580e-18,-1.582679e-05,1.085711e-05,4.987192e-04,-8.150766e-02,4.425910e-01,1.686079e+01
1595,1.290558e-17,-1.517775e-05,8.078116e-06,4.761430e-04,-1.609198e+00,-4.511210e+00,4.652961e+00
1596,6.195663e-18,-6.906792e-06,9.476746e-06,4.960278e-04,1.173073e+00,-2.366503e-01,7.258889e+00
1597,2.519290e-17,-1.312220e-05,4.064682e-06,4.846295e-04,-2.270812e-01,-2.825786e-01,1.159733e+01
1598,2.019040e-17,-1.182165e-05,2.516204e-05,4.864294e-04,1.214890e+00,2.001370e+00,2.510229e+00
1599,1.192114e-17,-6.139394e-06,1.630834e-05,4.830860e-04,3.778066e-01,-7.370043e-01,1.245784e+00
1600,5.084168e-18,-2.514627e-05,1.404667e-05,4.822449e-04,-3.128165e-01,6.562340e-02,2.825459e+00
1601,2.247998e-17,1.868581e-07,2.349693e-05,4.940861e-04,2.075121e-01,5.010478e-01,1.766114e+00
1602,5.790676e-19,-1.601627e-05,1.094261e-05,4.952373e-04,4.308414e-01,-8.837668e-01,1.273274e+01
1603,2.177792e-18,-1.332476e-05,4.925497e-06,4.919744e-04,-4.352951e-01,2.067405e+00,1.586219e+00
1604,3.613438e-18,-7.777434e-06,1.878053e-05,4.952962e-04,-5.834924e-02,8.120086e-03,5.341305e-01
1605,1.920347e-18,-2.278158e-05,1.718988e-05,4.876498e-04,-3.809649e-01,1.464178e-01,-1.218252e+00
1606,2.394679e-17,-3.545617e-06,1.100245e-05,4.873391e-04,3.091702e-01,4.680033e-01,3.492589e-01
1607,1.204153e-18,-1.305095e-05,3.349247e-06,4.790225e-04,2.555945e-01,1.392144e+00,6.734692e+00
1608,3.824534e-18,-1.326600e-05,3.078140e-06,4.761751e-04,-4.288424e-01,-5.353762e-01,4.747242e+00
1609,1.169348e-18,-5.441949e-06,1.950488e-05,4.991321e-04,5.343880e-01,-4.975928e-02,-1.587129e+00
1610,2.836323e-17,6.203643e-07,2.890797e-05,4.908698e-04,-2.337438e+00,1.301222e-01,7.809740e+00
1611,8.574071e-19,-1.108654e-05,4.936589e-05,4.936833e-04,2.505908e+00,-1.518524e-01,8.479211e+00
1612,1.452617e-17,-1.373092e-05,4.332389e-05,4.848789e-04,1.361026e+00,-1.219919e+00,1.178022e+01
1613,3.814298e-18,-1.328249e-05,4.921860e-05,4.800300e-04,-2.717902e-01,-9.913088e-01,2.787377e+00
1614,5.832752e-17,-1.332843e-05,4.897296e-05,4.807880e-04,-3.016848e-01,-1.025725e+00,2.201215e+00
1615,3.225996e-18,-1.096790e-05,4.919631e-05,4.987224e-04,-7.505551e-01,7.006292e-01,1.138525e+01
1616,6.518116e-18,-1.511790e-05,4.524079e-05,4.786396e-04,4.097127e-01,-2.711197e-01,7.154727e+00
1617,1.055218e-17,1.611740e-06,4.607099e-05,4.884548e-04,-9.123601e-01,-2.951715e-01,1.148340e-01
1618,3.893268e-17,6.082308e-07,4.952180e-05,4.865182e-04,4.475397e-01,-3.039198e-01,4.713976e+00
1619,2.291850e-17,-2.275981e-05,3.834976e-05,4.917745e-04,-1.087225e+00,-1.254661e+00,1.965802e+00
1620,7.628961e-18,-2.421877e-05,3.593759e-05,4.800364e-04,7.054833e-02,2.471184e-02,-1.552857e+00
1621,2.789805e-17,-1.071915e-05,2.853890e-05,4.777063e-04,4.258030e-03,-2.011777e+00,-8.522458e-02
1622,2.381824e-19,-1.601474e-05,3.945300e-05,4.780749e-04,-3.291170e-01,2.728708e+00,2.913676e+00
1623,2.800270e-17,-3.339628e-07,2.809894e-05,4.776354e-04,9.557009e-01,2.806973e+00,-1.625632e-01
1624,1.789801e-18,-9.885536e-06,4.929422e-05,4.900768e-04,1.562140e+00,-4.446160e-01,4.673948e+00
1625,2.576061e-19,-1.523573e-05,4.413945e-05,4.819854e-04,8.237322e-01,5.728715e-02,1.119891e+01
1626,2.446898e-17,-2.411539e-05,3.469986e-05,4.974527e-04,3.690021e-02,2.212737e-02,-1.020504e+00
1627,3.204247e-17,-2.391207e-05,3.596319e-05,4.803069e-04,-2.199002e-02,2.264411e-02,-1.308318e+00
1628,1.479843e-17,-4.679473e-06,4.609376e-05,4.971289e-04,9.238848e-01,-1.516694e-01,1.248101e+01
1629,1.147242e-18,-5.575547e-06,4.335942e-05,4.786501e-04,1.190192e+00,2.161375e+00,5.959464e+00
1630,2.538198e-18,1.332501e-05,2.423471e-05,4.901421e-04,2.568611e-02,1.884050e-01,3.131674e+00
1631,2.950883e-17,1.624367e-05,4.610116e-05,4.954880e-04,5.417579e-01,-1.227910e+00,8.919543e+00
1632,1.007220e-16,7.352136e-06,2.249581e-05,4.873734e-04,8.197290e-01,1.758618e+00,5.457654e+00
1633,5.014684e-17,1.497433e-05,4.734657e-05,4.788705e-04,2.925684e+00,3.018311e+00,7.035608e-01
1634,2.757744e-18,3.041904e-06,2.820438e-05,4.863306e-04,5.352495e-01,-7.594310e-01,7.563096e+00
1635,2.436915e-17,1.319239e-05,3.925528e-05,4.839421e-04,-6.540357e-01,-1.395026e-03,1.345600e+00
1636,4.468841e-18,1.408797e-05,2.563110e-05,4.792220e-04,-2.659810e-01,8.441976e-02,1.711745e+00
1637,3.003723e-18,1.015659e-05,2.890696e-05,4.979630e-04,2.902270e-02,-1.289474e-01,9.004667e-01
1638,3.011837e-18,2.185565e-05,4.842848e-05,4.893987e-04,9.528971e-02,-4.207221e-01,2.822140e+00
1639,2.687265e-18,3.897628e-06,4.139233e-05,4.854620e-04,-7.005289e-02,-2.283078e-01,-8.635951e-01
1640,1.414193e-18,4.694426e-06,3.515395e-05,4.928986e-04,2.029321e-02,6.011155e-02,1.632435e+00
1641,2.471712e-18,1.415455e-05,4.679702e-05,4.894726e-04,2.428867e+00,-3.850197e-01,-1.129731e+00
1642,3.736386e-18,2.460947e-05,3.828110e-05,4.922589e-04,4.136817e-02,-2.847327e-02,-3.002177e+00
1643,2.339746e-17,2.411746e-05,2.926561e-05,4.789702e-04,2.957101e-03,-4.715358e-02,-1.622557e+00
1644,6.188820e-17,-5.362746e-07,1.133104e-04,5.314244e-04,-5.403442e-01,5.959779e-01,6.959860e+00
1645,9.733160e-19,7.840041e-07,1.226651e-04,5.428086e-04,-5.013372e-02,1.187613e-01,1.556938e+00
1646,1.759915e-18,-7.291068e-07,1.195867e-04,5.328867e-04,-3.887883e-02,-1.440930e-02,5.924992e+00
1647,2.839088e-18,-1.406355e-05,1.031270e-04,5.440532e-04,-2.555081e-02,-3.958514e-02,4.225130e+00
1648,5.053800e-18,-9.370549e-06,1.171894e-04,5.420827e-04,-8.290934e-01,-3.865323e-01,6.482184e+00
1649,2.374016e-19,-5.855930e-06,1.113279e-04,5.496796e-04,1.046138e+00,-3.076272e-01,1.550548e+01
1650,3.773349e-18,-2.109160e-05,1.031252e-04,5.474418e-04,1.573267e-02,-1.663767e-02,2.982143e-02
1651,3.188325e-17,-8.995976e-06,1.292356e-04,5.464850e-04,-1.110499e+00,3.963307e+00,1.025307e+01
1652,3.966502e-17,-1.727622e-05,1.357409e-04,5.437157e-04,-3.212879e+00,3.614692e-02,7.168010e+00
1653,6.392753e-18,-1.577515e-06,1.483203e-04,5.342928e-04,-2.116687e-02,-2.451907e-01,5.132840e+00
1654,6.206360e-18,-2.012058e-05,1.368395e-04,5.385329e-04,7.069109e-01,-1.125152e+00,6.008869e+00
1655,6.479254e-18,-1.253769e-05,1.308863e-04,5.460894e-04,-4.723596e-01,-2.904642e-02,5.723538e+00
1656,1.305317e-18,-5.462954e-06,1.406219e-04,5.451329e-04,-2.031014e-01,5.157676e-03,3.014165e+00
1657,2.483086e-18,-5.467445e-06,1.406252e-04,5.418047e-04,-1.756694e-02,-3.133270e-03,2.006849e+00
1658,4.724676e-17,6.348062e-06,1.259497e-04,5.485131e-04,-7.573349e-01,1.895773e+00,1.169763e+01
1659,7.349984e-18,1.785709e-05,1.243859e-04,5.420942e-04,-9.145521e-01,-1.536190e+00,5.505740e+00
1660,4.242760e-18,1.406782e-05,1.179590e-04,5.291442e-04,6.886284e-01,3.356569e-02,9.018938e+00
1661,1.355819e-18,3.128981e-06,1.234382e-04,5.352491e-04,-7.655180e-02,5.336783e-02,4.932895e+00
1662,3.056162e-17,1.245634e-05,1.226261e-04,5.467680e-04,-1.365237e-01,-4.039422e-01,1.325593e+01
1663,1.483914e-18,1.719979e-05,1.101471e-04,5.337956e-04,1.936834e-01,1.067848e-01,5.477984e+00
1664,8.355797e-19,8.459494e-06,1.225160e-04,5.269404e-04,1.160839e-02,-3.960981e-02,6.670844e+00
1665,3.235351e-17,1.792270e-05,9.153345e-05,5.138927e-04,-6.908543e-01,1.627217e-01,1.131942e+01
1666,1.868881e-17,5.342354e-06,7.806518e-05,5.085015e-04,9.122099e-02,-1.972368e-01,1.327838e+01
1667,2.906501e-18,2.348763e-06,8.281216e-05,5.164979e-04,1.518202e-01,1.376321e-01,1.116409e+01
1668,9.668553e-18,1.015311e-05,9.449964e-05,5.192755e-04,6.076448e-01,-1.367395e+00,8.059447e+00
1669,1.979774e-18,5.475116e-06,7.723776e-05,5.155907e-04,1.233717e-01,-3.804090e-02,1.290822e+01
1670,6.662810e-18,2.335609e-06,8.671835e-05,5.192577e-04,-7.521932e-01,-5.394611e-01,1.043469e+01
1671,3.537397e-18,2.346791e-06,8.281295e-05,5.049467e-04,6.845374e-02,2.683968e-01,7.117518e+00
1672,5.443435e-17,1.799091e-05,7.876718e-05,5.280941e-04,1.710891e-01,7.632065e-01,6.632224e+00
1673,1.510399e-18,1.016041e-05,9.843723e-05,5.207908e-04,2.226052e-01,1.814295e-02,4.442723e+00
1674,1.074222e-16,1.307339e-05,1.312246e-04,5.355400e-04,4.156770e-01,-2.022849e-01,8.591712e+00
1675,2.670330e-16,1.329798e-05,1.311057e-04,5.355822e-04,4.616097e-01,-3.270884e-01,8.411077e+00
1676,2.722073e-18,4.688282e-06,1.468717e-04,5.281782e-04,8.492651e-02,9.899360e-02,4.246288e+00
1677,1.240400e-18,2.347729e-06,1.359378e-04,5.269442e-04,-1.756238e-01,1.747080e-02,1.850034e+00
1678,5.759431e-17,3.518040e-06,8.442281e-05,5.444699e-04,-3.892416e-01,6.512341e-01,8.541319e+00
1679,4.155828e-17,-9.628678e-06,9.652432e-05,5.301185e-04,1.239457e+00,-5.749748e-01,9.504320e+00
1680,3.960480e-17,4.089228e-06,8.540325e-05,5.391129e-04,-4.789741e-01,-1.840990e+00,1.011615e+01
1681,8.444151e-18,7.052125e-06,9.487307e-05,5.374197e-04,-2.974187e-02,1.856781e-01,6.356993e+00
1682,1.094132e-17,2.320408e-06,8.613698e-05,5.354821e-04,-2.492805e-01,-9.672045e-02,1.560607e+01
1683,1.050575e-18,1.015967e-05,8.436632e-05,5.474507e-04,-4.395306e-01,2.759711e-01,1.411967e+00
1684,1.313748e-18,7.782771e-07,9.765094e-05,5.360094e-04,-1.368628e-01,-9.806161e-02,1.754873e+00
1685,2.605241e-17,-1.704004e-05,9.497785e-05,5.490995e-04,-8.517964e-01,1.633197e+00,1.092735e+01
1686,1.420794e-17,-2.228521e-05,8.592700e-05,5.304105e-04,-1.133416e+00,1.668008e+00,6.804110e+00
1687,5.059337e-18,-1.015899e-05,8.453067e-05,5.360804e-04,-3.208355e-02,1.416871e+00,2.213494e+00
1688,1.345646e-17,-1.385913e-05,7.977816e-05,5.399543e-04,-5.584746e-02,-2.889408e-02,6.547567e+00
1689,4.662322e-17,-1.962853e-04,7.333892e-06,5.154016e-04,-2.308357e-01,-3.850457e-01,1.466179e+01
1690,4.666988e-18,-1.945321e-04,7.814325e-06,5.052163e-04,-1.877408e-01,2.427544e-01,1.008108e+01
1691,2.712649e-17,-1.801361e-04,-3.381186e-07,5.234843e-04,2.493043e-01,-1.773306e+00,8.254566e+00
1692,7.152586e-18,-1.839431e-04,-3.926676e-06,5.238684e-04,3.114228e+00,-3.678219e-01,6.711209e+00
1693,1.159626e-17,-1.803383e-04,2.458614e-08,5.166604e-04,-3.506099e-03,7.605303e-02,6.732095e+00
1694,3.983284e-18,-1.794934e-04,-1.250032e-05,5.041088e-04,1.122396e-02,-2.545120e-01,1.863433e+00
1695,4.130740e-17,-1.831737e-04,-2.065730e-05,5.205426e-04,-2.155223e-01,-1.130358e+00,1.559793e+00
1696,3.858382e-18,-1.993695e-04,-5.475960e-06,5.349269e-04,2.957620e-01,1.354888e-01,7.839010e+00
1697,1.796667e-17,-1.907997e-04,-1.143911e-05,5.318219e-04,3.894714e-01,-7.913624e-02,5.181335e+00
1698,1.007941e-16,-2.011418e-04,-2.523529e-06,5.475328e-04,2.890810e+00,-8.028110e-01,7.412253e+00
1699,2.120849e-18,-1.850659e-04,4.313227e-09,5.365749e-04,-1.411664e-01,-6.873000e-02,5.231650e+00
1700,5.466928e-18,-1.968715e-04,-4.691627e-06,5.405782e-04,-5.945160e-02,-3.000048e-02,5.630071e+00
1701,2.139394e-18,-1.804714e-04,-3.905177e-06,5.409308e-04,2.288088e-02,-2.607459e-02,2.328898e+00
1702,5.218874e-18,-1.945312e-04,-9.489750e-06,5.460955e-04,-4.126947e-04,-2.535585e-01,5.385846e+00
1703,2.827971e-18,-1.906269e-04,-1.250185e-05,5.403048e-04,-4.477979e-03,-6.178254e-02,2.012271e+00
1704,3.001044e-18,-1.860357e-04,1.715182e-05,5.146884e-04,8.115936e-03,-1.465523e+00,2.966575e+00
1705,2.206995e-17,-1.921622e-04,1.613862e-06,5.462440e-04,-1.729003e+00,2.347377e-01,1.234654e+01
1706,6.992312e-18,-1.804916e-04,9.637760e-06,5.076585e-04,-3.613810e-01,-7.607664e-01,4.920309e+00
1707,1.840072e-17,-1.790497e-04,1.784370e-05,5.265458e-04,-2.044815e+00,-1.159406e-01,6.850910e+00
1708,5.312987e-18,-1.828103e-04,1.562738e-05,5.253932e-04,8.442203e-02,3.344077e-01,2.086441e+00
1709,3.489909e-18,-1.859401e-04,1.718494e-05,5.103941e-04,-8.157803e-01,4.494139e-01,2.224834e+00
1710,2.419103e-16,-2.172716e-04,-8.305791e-06,5.337031e-04,3.735431e-01,-7.270745e-02,1.091764e+01
1711,3.343710e-17,-2.173678e-04,-1.313662e-07,5.291970e-04,4.275699e+00,-2.900911e+00,1.577798e+01
1712,7.437321e-18,-2.039026e-04,-1.093870e-05,5.463100e-04,-5.340220e-01,1.017771e+00,9.416385e+00
1713,6.035559e-17,-2.045388e-04,-1.082570e-05,5.464688e-04,-4.248046e-01,1.019173e+00,9.361396e+00
1714,7.420116e-18,-2.257806e-04,-1.797086e-05,5.303739e-04,5.386800e-02,-6.541977e-02,3.717329e+00
1715,1.476312e-17,-2.093742e-04,7.035558e-06,5.333903e-04,-1.089339e+00,-1.165463e+00,8.555756e+00
1716,9.213816e-17,-2.090340e-04,7.287787e-06,5.333313e-04,-9.612223e-01,-1.277387e+00,8.355034e+00
1717,7.411606e-18,-2.208668e-04,6.255551e-06,5.497098e-04,-1.461867e+00,2.265002e+00,1.851569e+01
1718,1.753218e-18,-2.226566e-04,9.508085e-06,5.449798e-04,-3.253094e-01,-6.520877e-01,7.941325e-01
1719,1.481383e-17,-2.492174e-04,6.249377e-06,5.303977e-04,1.942965e-02,6.001178e-01,8.789371e+00
1720,7.695560e-17,-2.485788e-04,6.570535e-06,5.304591e-04,-1.578036e-02,5.971176e-01,8.695574e+00
1721,9.972856e-17,-2.486020e-04,-1.541924e-05,5.391644e-04,8.347076e-02,-1.571640e+00,1.115215e+01
1722,2.644987e-17,-2.333220e-04,2.796652e-07,5.465216e-04,5.049609e-02,9.201764e-01,1.728255e+01
1723,1.636340e-17,-2.337652e-04,1.493058e-05,5.457986e-04,-4.296946e+00,-6.733129e-01,8.820119e+00
1724,5.006341e-18,-2.315657e-04,2.319678e-06,5.342457e-04,4.787653e-01,-1.184920e-01,6.227619e+00
1725,8.045027e-18,-2.476866e-04,1.462227e-05,5.478150e-04,1.095525e+00,1.489255e-01,1.051645e+01
1726,1.105281e-17,-2.492744e-04,1.469129e-05,5.305291e-04,-4.339139e-02,5.143024e-01,8.751138e+00
1727,5.558620e-19,-2.496089e-04,4.684080e-06,5.368125e-04,-2.291768e-01,1.238615e-01,4.581278e+00
1728,2.219032e-18,-2.496058e-04,2.343131e-05,5.384549e-04,-9.471456e-02,-9.801383e-01,8.920952e+00
1729,2.273758e-18,-2.281170e-04,1.485034e-05,5.426067e-04,1.045135e+00,1.419135e-01,-2.944679e-01
1730,1.100487e-18,-2.343662e-04,-3.120869e-06,5.307576e-04,1.618975e-01,-9.700694e-02,1.163532e+01
1731,1.498483e-18,-2.496080e-04,-7.816027e-06,5.365162e-04,-1.551556e-01,3.898483e-02,1.044131e+01
1732,7.937232e-18,-2.367528e-04,-3.887092e-06,5.407876e-04,-2.678904e+00,-1.247804e-01,5.503286e+00
1733,5.213413e-18,-2.493134e-04,-7.812725e-07,5.441797e-04,-3.037940e-02,2.399873e-02,4.986856e+00
1734,2.817375e-18,-2.390674e-04,-1.328464e-05,5.456018e-04,-5.217542e-02,-6.750100e-02,4.171322e-01
1735,1.068859e-16,-1.957980e-04,1.208566e-05,5.400958e-04,-1.353606e+00,2.185357e+00,1.553930e+01
1736,2.523533e-17,-1.970343e-04,2.185181e-05,5.411328e-04,7.651467e-01,1.552959e+00,7.140077e+00
1737,3.647210e-17,-1.793861e-04,1.227794e-05,5.284573e-04,-4.916078e-01,3.735605e-01,3.695559e+00
1738,4.086796e-18,-1.906247e-04,1.015635e-05,5.489857e-04,1.758192e-02,1.239783e-03,7.612630e+00
1739,9.932625e-19,-1.929619e-04,2.266169e-05,5.368360e-04,3.970363e-02,4.853764e-02,3.317777e+00
1740,2.322978e-18,-1.929640e-04,2.265883e-05,5.349019e-04,1.805056e-02,9.860123e-03,2.017585e+00
1741,3.064018e-18,-1.874993e-04,1.328039e-05,5.455970e-04,-6.297697e-02,-6.398156e-01,1.727780e+00
1742,2.026344e-16,-7.654933e-06,-5.360239e-05,5.318851e-04,-3.917289e-01,9.917793e-02,1.016567e+01
1743,1.959012e-16,6.875105e-06,-7.067581e-05,5.441934e-04,-1.325441e-01,1.024251e+00,6.911993e+00
1744,3.100754e-16,1.201236e-05,-6.587228e-05,5.379668e-04,-3.495256e-01,-1.225006e-01,8.247149e+00
1745,4.805756e-17,-1.082826e-05,-5.718679e-05,5.385887e-04,-5.882192e-01,2.046054e+00,1.372252e+01
1746,8.709746e-17,-5.356616e-06,-6.594450e-05,5.346741e-04,2.041579e-01,-7.938635e-01,1.018375e+01
1747,4.200890e-17,1.539227e-05,-6.947847e-05,5.304088e-04,1.092483e+00,-1.233770e+00,1.314747e+01
1748,2.161880e-17,2.719701e-06,-5.237980e-05,5.250958e-04,-8.635631e-01,-8.123347e-01,4.743206e+00
1749,3.373078e-17,1.150023e-05,-5.383841e-05,5.274215e-04,-1.445428e-01,1.101258e+00,8.082005e+00
1750,3.334042e-18,9.383233e-06,-5.703511e-05,5.349198e-04,6.979825e-02,-3.033635e-02,7.052892e+00
1751,9.710808e-19,1.406558e-05,-7.266370e-05,5.436779e-04,-2.583197e-02,1.904961e-02,1.894976e+00
1752,4.636855e-18,-1.172810e-05,-6.562877e-05,5.391283e-04,2.322555e-01,-1.681198e-02,8.507204e+00
1753,2.235131e-18,-8.719757e-06,-6.441981e-05,5.496910e-04,1.626398e+00,5.855899e-01,1.556313e+01
1754,4.814263e-18,-2.263428e-05,-5.311715e-05,5.368062e-04,4.710252e-01,-1.162922e-01,6.077717e+00
1755,4.286478e-18,-2.355208e-06,-6.014742e-05,5.322817e-04,-2.628796e-02,7.965560e-01,5.101508e+00
1756,1.090490e-17,-1.562421e-05,-6.138440e-05,5.475608e-04,-1.902346e-02,-6.587874e-01,6.070761e+00
1757,1.053155e-18,-7.034885e-06,-7.266569e-05,5.451333e-04,-1.682165e-02,6.997967e-02,2.844612e-01
1758,3.016649e-17,-4.101771e-06,-5.117146e-05,5.028322e-04,3.613235e-01,-9.663003e-01,6.853748e+00
1759,1.230175e-16,-4.169602e-06,-5.100961e-05,5.030996e-04,4.330536e-01,-6.942386e-01,6.691018e+00
1760,2.704806e-18,-7.834287e-07,-5.312446e-05,5.187749e-04,1.654114e-01,-4.030297e-02,9.084860e+00
1761,3.046449e-17,-1.715761e-05,-4.910458e-05,5.041989e-04,-2.066900e-01,1.720643e+00,6.656614e+00
1762,4.085033e-18,-7.322510e-07,-5.312622e-05,5.133142e-04,-2.767382e-02,-1.156458e-01,6.815144e+00
1763,8.939653e-18,1.714607e-05,-5.054129e-05,5.084084e-04,-4.221917e-01,3.242208e+00,6.081191e+00
1764,3.089804e-17,9.154750e-06,-6.418807e-05,5.122896e-04,2.583104e-01,1.599146e-01,4.803905e+00
1765,1.010103e-17,1.206956e-05,-5.997451e-05,5.013155e-04,2.458912e-01,2.643598e-01,7.089095e+00
1766,1.311606e-17,1.763819e-05,-6.871446e-05,5.135727e-04,8.101030e-02,-8.793547e-02,4.885107e+00
1767,2.664184e-18,1.100645e-05,-6.091389e-05,5.128293e-04,5.271377e-01,-6.124704e-01,9.779720e+00
1768,7.244205e-18,1.249183e-05,-6.016243e-05,5.202277e-04,-6.357004e-01,-3.295478e-01,9.320829e+00
1769,3.745551e-18,1.402108e-05,-7.085329e-05,5.027661e-04,-2.472835e-01,-3.707506e-01,1.490423e-01
1770,2.730393e-18,6.249360e-06,-5.702732e-05,5.219856e-04,4.560100e-03,-2.022710e-01,5.222325e+00
1771,1.368988e-16,-1.528289e-05,-4.330306e-05,5.472812e-04,-1.397426e+00,-4.256686e-01,1.240214e+01
1772,8.634290e-17,-2.649654e-07,-4.365871e-05,4.996467e-04,-3.251725e-01,8.739799e-02,2.579928e+00
1773,3.914299e-18,-1.248041e-05,-4.304832e-05,5.243122e-04,-1.279503e-01,-7.114002e-01,6.148831e+00
1774,4.050926e-17,-1.510172e-05,-2.848621e-05,5.135952e-04,6.197674e-01,-6.837391e-01,4.811422e+00
1775,5.043728e-18,-1.250176e-05,-4.219534e-05,5.006388e-04,-1.971783e-01,-5.465755e-01,3.818301e+00
1776,5.980692e-18,-1.963449e-05,-4.207306e-05,5.045740e-04,8.900547e-01,-2.381372e+00,3.949016e+00
1777,1.066442e-16,-6.454110e-06,-4.099786e-05,5.139265e-04,-4.886798e-01,6.243286e-01,4.223131e+00
1778,5.433978e-18,-1.248228e-05,-4.242646e-05,5.079062e-04,-8.238093e-01,2.911138e-01,4.697023e+00
1779,5.557187e-18,-5.465438e-06,-3.594927e-05,5.006315e-04,-2.750427e-02,-6.077941e-01,-2.082177e+00
1780,1.433009e-18,-1.563063e-05,-2.968887e-05,5.207988e-04,-2.930245e-02,1.337604e-01,5.431100e+00
1781,4.438857e-17,-7.816000e-06,-3.749851e-05,5.341605e-04,-3.281195e-01,-1.623741e-01,4.152910e+00
1782,5.013377e-17,-3.624682e-06,-3.377830e-05,5.485541e-04,-1.288770e+00,-8.934654e-02,8.957853e+00
1783,1.541604e-16,-7.739606e-06,-3.788166e-05,5.344620e-04,-1.949660e-01,-1.129950e-01,4.171215e+00
1784,3.291593e-18,-6.254340e-06,-2.655623e-05,5.485313e-04,1.110061e-01,-5.139199e-02,5.600850e+00
1785,1.084806e-16,1.223786e-05,-3.124844e-05,5.458934e-04,-1.049234e+00,-3.389442e-01,1.089127e+01
1786,2.962637e-18,1.171454e-05,-4.218808e-05,5.288533e-04,4.754977e-01,1.799828e-01,5.027574e+00
1787,1.456710e-18,1.328440e-05,-3.905767e-05,5.299956e-04,-4.920099e-02,-3.693580e-02,5.936007e+00
1788,3.456302e-18,7.808559e-06,-3.828152e-05,5.409631e-04,-2.438948e-01,-5.241734e-02,6.213841e+00
1789,3.563523e-18,2.102373e-05,-3.984161e-05,5.488438e-04,-1.269460e+00,-1.349992e-01,6.647751e+00
1790,5.822035e-17,-6.923378e-06,-6.567549e-05,4.990671e-04,-1.607819e+00,-8.760964e-01,1.618238e+01
1791,1.040907e-17,-1.135834e-05,-7.229663e-05,5.065043e-04,3.367048e-01,-1.032448e+00,1.081510e+01
1792,3.783274e-18,-5.468875e-06,-5.390730e-05,5.126969e-04,6.997908e-01,1.184947e+00,8.180897e+00
1793,4.573187e-17,-5.741823e-06,-5.329274e-05,5.130588e-04,6.928923e-01,1.369207e+00,7.945998e+00
1794,2.790370e-18,-1.172033e-05,-6.953226e-05,5.134598e-04,-3.810578e-01,-3.176266e-01,9.052006e+00
1795,1.345687e-18,-1.327771e-05,-6.953874e-05,5.014946e-04,-4.291003e-02,5.824194e-02,9.648721e+00
1796,3.510543e-18,-3.123040e-06,-6.327884e-05,5.103615e-04,1.668935e-01,-4.492752e-02,5.325893e+00
1797,4.432340e-18,-1.093958e-05,-5.468885e-05,5.030493e-04,6.698188e-02,1.153985e-01,5.182707e+00
1798,1.139691e-18,-1.094951e-05,-5.468638e-05,5.099889e-04,-4.875982e-01,8.638518e-03,4.463467e+00
1799,3.377088e-18,-2.185687e-05,-5.312470e-05,5.103901e-04,6.777020e-01,2.466597e-02,1.192263e+00
1800,5.337676e-18,-1.326053e-05,-6.182749e-05,5.154954e-04,7.976470e-01,3.217619e+00,3.112959e+00
1801,2.359000e-16,-5.980537e-05,-1.266307e-05,4.939464e-04,2.470760e-01,-4.497779e-01,1.518688e+00
1802,3.152411e-17,-6.960081e-05,-7.122757e-06,4.849190e-04,-7.919950e-02,5.868693e-01,4.656871e+00
1803,5.675739e-19,-6.523529e-05,-1.636092e-05,4.796400e-04,5.593661e-01,-2.562012e+00,4.612738e+00
1804,6.110446e-19,-6.132808e-05,-1.289076e-05,4.769642e-04,1.168014e+00,5.350764e-02,4.908919e+00
1805,1.508563e-18,-6.178242e-05,-7.149064e-07,4.974556e-04,4.179984e-01,-4.616370e-01,6.167548e+00
1806,3.739866e-18,-6.171802e-05,-7.815157e-07,4.905428e-04,-1.415451e-01,2.293599e-01,5.547641e+00
1807,3.435106e-19,-5.976614e-05,-5.078590e-06,4.772973e-04,4.546365e-01,-1.006321e+00,4.982794e+00
1808,3.082493e-18,-7.031839e-05,-8.606031e-06,4.886600e-04,-1.626356e-01,-4.248329e-01,-3.138400e+00
1809,2.362129e-18,-6.015482e-05,-2.460935e-05,4.843697e-04,8.792756e-02,-4.940070e-02,-2.482219e+00
1810,1.050271e-16,-5.797103e-05,6.056230e-06,5.023218e-04,3.953784e-01,7.725926e-02,1.072776e+01
1811,2.567186e-17,-5.777339e-05,8.746824e-06,4.891638e-04,1.185585e+00,-4.133301e-01,1.111567e+01
1812,5.770665e-18,-5.354437e-05,1.709392e-05,4.907508e-04,-1.240699e+00,1.213263e+00,5.370465e+00
1813,2.419295e-17,-4.943450e-05,4.339767e-06,4.777227e-04,2.749977e+00,-2.633713e+00,1.628755e+00
1814,2.120553e-18,-5.702658e-05,1.797279e-05,4.964305e-04,-1.999146e-01,-7.404981e-02,-2.385778e+00
1815,8.894687e-18,-5.863393e-05,9.490389e-06,5.020491e-04,1.092091e+00,-4.473355e-01,2.126074e+01
1816,2.281116e-18,-5.936967e-05,3.897193e-06,4.948435e-04,-1.373785e-02,3.057028e-01,8.549727e+00
1817,9.626505e-19,-5.762216e-05,6.640766e-06,4.769894e-04,3.376400e-01,-8.528269e-01,2.041345e+00
1818,4.136619e-18,-5.858243e-05,7.746738e-06,4.794117e-04,1.820478e-01,5.685524e-01,5.857762e+00
1819,2.597798e-17,-5.937519e-05,3.784209e-06,4.866204e-04,-3.595719e-03,2.647875e-01,7.526488e+00
1820,1.567773e-18,-7.187633e-05,1.730252e-05,5.020362e-04,-1.187837e-02,3.123478e-01,-1.539380e+00
1821,2.251429e-17,-6.911661e-05,2.410252e-05,4.967171e-04,1.127065e-02,4.231807e-02,-1.371375e+00
1822,1.022081e-16,-4.276881e-05,5.136977e-06,4.973986e-04,1.130025e+00,4.285034e-01,7.235334e+00
1823,5.720055e-17,-3.540881e-05,3.737606e-06,4.989369e-04,-8.413919e-01,-6.211462e-01,6.769385e+00
1824,6.708280e-17,-4.294425e-05,1.267024e-05,4.884982e-04,-9.640846e-01,6.423179e-02,3.956786e+00
1825,3.184248e-18,-3.437309e-05,7.034089e-06,4.916777e-04,1.281505e-01,1.641852e-01,5.529624e+00
1826,2.453931e-18,-3.352861e-05,1.601966e-06,4.887138e-04,1.270422e+00,2.988463e-02,2.712981e+00
1827,5.143497e-18,-4.219279e-05,1.169962e-05,4.803967e-04,-5.374501e-01,-2.986660e-02,1.990978e+00
1828,8.236539e-18,-2.710627e-05,1.196911e-05,4.755041e-04,-2.109091e+00,-1.784761e+00,9.901945e-01
1829,4.670849e-18,-4.505643e-05,8.557665e-06,4.873434e-04,9.296347e-01,2.643717e-01,3.901758e+00
1830,1.041152e-18,-3.907469e-05,1.874665e-05,4.788552e-04,-1.156193e-01,4.630106e-02,-2.673383e-01
1831,1.223692e-18,-3.515871e-05,1.484951e-05,4.882311e-04,-4.762709e-02,-2.161297e-01,1.642249e+00
1832,1.352917e-18,-3.826255e-05,1.873582e-05,5.007246e-04,-1.434061e-01,-5.438372e-01,2.394351e+00
1833,1.497668e-18,-4.529525e-05,8.639702e-06,4.835429e-04,2.462367e-01,2.999405e-01,1.978183e+00
1834,4.025633e-18,-3.046649e-05,8.601199e-06,4.873666e-04,2.309389e-01,3.577924e-01,-8.113120e-01
1835,2.639835e-17,-3.458347e-05,2.406945e-05,4.826056e-04,2.583808e-02,1.511154e-02,-1.442866e+00
1836,1.235583e-18,-4.301145e-05,1.173117e-05,4.702719e-04,-1.712117e+00,4.075740e-02,-8.098463e+00
1837,2.659829e-17,1.573785e-06,-3.774943e-05,4.787852e-04,-1.242394e-01,4.195391e-01,1.907207e+00
1838,5.299784e-18,7.767942e-06,-5.080807e-05,4.867575e-04,5.450218e-01,1.178291e+00,1.840756e+01
1839,5.225504e-17,7.744034e-06,-2.365305e-05,4.878962e-04,-1.767233e+00,-3.386153e-02,5.100753e+00
1840,9.737526e-17,7.366224e-06,-3.291240e-05,4.963739e-04,-1.045962e+00,1.713013e+00,1.260727e+01
1841,2.226703e-17,5.649838e-06,-5.119105e-05,4.963079e-04,-2.670003e+00,5.984994e-01,2.093022e+01
1842,8.569262e-18,6.853321e-06,-2.499700e-05,4.987704e-04,-3.273788e-01,-1.795216e-01,8.062510e+00
1843,6.942883e-18,4.636532e-06,-3.474529e-05,4.917252e-04,4.273541e-01,3.432911e+00,1.128252e+01
1844,4.593942e-17,1.218037e-05,-4.205422e-05,5.005032e-04,-3.331468e-01,-1.982356e+00,4.795226e+00
1845,2.761072e-18,1.172710e-05,-2.886807e-05,4.995487e-04,9.045508e-02,3.542897e-01,3.627016e+00
1846,3.148373e-18,1.875689e-05,-2.813271e-05,4.839167e-04,-1.446298e-01,3.060518e-01,2.184002e+00
1847,4.495909e-18,6.961266e-06,-4.141071e-05,4.786186e-04,2.049670e-01,-7.605355e-02,1.839953e+00
1848,3.146526e-18,4.653212e-06,-3.906292e-05,4.878669e-04,3.014978e-01,4.263630e-01,8.610764e+00
1849,1.018602e-18,6.845021e-06,-4.000523e-05,4.882230e-04,-1.624702e-01,-1.795883e-01,6.712072e+00
1850,2.094391e-18,8.420413e-06,-3.609570e-05,4.925226e-04,-1.861084e+00,2.031944e-01,1.633548e+01
1851,2.974808e-18,2.031164e-05,-4.999943e-05,4.807674e-04,7.130674e-01,-1.161520e-01,-1.038247e+00
1852,6.046255e-18,9.326921e-06,-3.596727e-05,4.884510e-04,-1.652583e+00,5.180213e-02,1.294448e+01
1853,3.615938e-18,3.799275e-06,-3.193209e-05,4.992632e-04,-9.904724e-01,7.002462e-01,1.286119e+00
1854,1.078888e-17,2.426269e-05,-2.882364e-05,4.977682e-04,6.660800e-03,-3.378126e-03,-1.795453e+00
1855,1.266726e-16,3.459404e-06,-6.672808e-05,4.948644e-04,8.130342e-01,-9.081431e-01,8.997059e+00
1856,4.485169e-18,7.624349e-06,-5.147194e-05,4.906535e-04,6.548638e-01,-1.343360e+00,2.088103e+01
1857,2.047376e-17,1.807025e-05,-5.399208e-05,4.892517e-04,-8.900922e-02,5.137179e-03,2.679667e+00
1858,2.145924e-17,1.716726e-05,-7.037230e-05,4.923162e-04,6.497360e-01,6.260648e-01,2.134377e+01
1859,2.979188e-18,6.228047e-06,-6.399779e-05,4.776926e-04,3.440039e+00,7.476487e-02,2.210438e+00
1860,1.351006e-18,2.390542e-06,-6.410112e-05,4.843190e-04,7.770881e-01,3.535847e-01,5.926820e+00
1861,8.873793e-19,2.478340e-06,-7.439795e-05,4.843187e-04,1.195873e+00,1.466002e-01,4.871255e+00
1862,2.391689e-19,5.859871e-06,-6.445306e-05,4.866634e-04,-1.069702e-01,7.994165e-01,3.037730e+00
1863,3.644793e-18,7.883838e-07,-6.406691e-05,4.893895e-04,-8.484090e-01,7.235540e-01,9.483828e+00
1864,3.094065e-17,1.255930e-05,-6.878934e-05,4.894540e-04,-3.006358e-01,-8.719927e-02,2.223394e+00
1865,2.792644e-17,2.315540e-05,-7.301927e-05,4.843433e-04,1.985110e+00,6.970502e-01,5.755745e-01
1866,2.858957e-18,1.093582e-05,-5.936942e-05,4.925607e-04,1.260490e-01,-1.253464e-01,2.007099e+00
1867,5.784671e-17,-1.700459e-06,-5.314543e-05,4.941071e-04,-1.556888e+00,-3.770225e-01,5.235900e+00
1868,1.214452e-17,2.425761e-05,-5.694053e-05,4.958628e-04,2.005224e-02,1.780325e-02,-1.679645e+00
1869,3.310822e-17,-1.281345e-05,-6.108306e-05,4.957803e-04,2.250193e+00,-2.031469e+00,5.830646e+00
1870,2.865215e-18,-1.329368e-05,-6.663348e-05,4.968277e-04,-1.342779e-01,-7.205026e-01,7.907382e+00
1871,1.390107e-17,-1.630146e-05,-5.450934e-05,4.829379e-04,-2.583415e+00,8.292361e-01,1.587215e+00
1872,2.837065e-18,-1.171902e-05,-7.265715e-05,4.917839e-04,-1.649957e-02,-2.023532e-02,4.513610e+00
1873,1.306372e-18,-1.177431e-05,-6.564577e-05,4.975920e-04,-2.171564e+00,-1.355800e+00,3.447590e+00
1874,1.295115e-18,-7.274643e-06,-7.273547e-05,4.932028e-04,3.974512e-01,9.565511e-02,-1.120569e+00
1875,3.163883e-18,-1.563832e-05,-6.561737e-05,4.987508e-04,-3.041415e-01,2.616673e-01,1.234162e+00
1876,1.277617e-17,-2.427272e-05,-6.730998e-05,4.835243e-04,-6.818174e-03,-1.202392e-02,-1.715309e+00
1877,8.091982e-18,-1.305668e-05,-4.576846e-05,4.929654e-04,5.455498e-01,8.959884e-01,4.764221e+00
1878,1.517569e-18,-1.250270e-05,-4.845035e-05,4.780768e-04,-2.157350e-01,5.796909e-01,-8.304886e-01
1879,1.806852e-18,-2.460962e-05,-4.453036e-05,4.972047e-04,-5.360770e-02,-1.137342e-01,-2.152332e+00
1880,1.547934e-18,3.063621e-06,1.852138e-04,5.260885e-04,4.898075e-02,-1.463980e-01,1.149940e+01
1881,2.807768e-17,-6.813427e-06,1.950100e-04,5.264353e-04,-1.349861e+00,-2.179180e+00,5.236109e+00
1882,1.469625e-18,-6.249773e-06,1.992141e-04,5.443487e-04,9.785679e-02,-1.507698e-01,3.718027e+00
1883,2.164581e-16,-9.929319e-06,1.847437e-04,5.110357e-04,2.382094e-01,8.540998e-01,3.540185e+00
1884,3.218570e-17,4.054892e-06,1.962988e-04,5.029960e-04,-1.150715e-01,5.165990e-01,1.649031e+01
1885,4.563980e-18,3.127705e-06,1.851550e-04,5.037480e-04,7.380797e-02,1.184347e-01,5.865613e+00
1886,1.745053e-16,-1.361996e-05,2.015418e-04,5.161595e-04,-1.740291e-01,-7.445470e-01,9.448006e+00
1887,3.540151e-17,-2.784546e-07,1.972384e-04,5.006939e-04,1.956166e+00,3.534562e+00,8.952722e+00
1888,1.246202e-17,-2.071253e-05,1.932900e-04,5.125227e-04,3.320820e-01,2.221343e-02,3.842436e+00
1889,1.234600e-17,1.189957e-05,1.812545e-04,5.049960e-04,1.124467e+00,4.440309e-02,7.263802e+00
1890,4.824499e-18,3.125659e-06,1.851566e-04,5.168452e-04,2.192234e-01,-6.486801e-02,1.090306e+01
1891,5.173501e-17,-8.238405e-06,1.920868e-04,5.216252e-04,-1.242269e+00,1.073033e+00,5.206954e+00
1892,1.183334e-18,-8.593644e-06,1.953102e-04,5.014875e-04,-1.378625e-01,4.345796e-02,1.969087e+00
1893,2.928085e-18,-3.886426e-06,1.789285e-04,5.049237e-04,-1.577120e-01,1.629744e+00,1.567979e+01
1894,1.498662e-18,-8.603735e-06,1.953102e-04,5.061313e-04,-1.725442e-01,-2.297545e-02,1.390368e+00
1895,7.261577e-18,-1.925497e-05,1.822761e-04,5.079462e-04,6.037684e-01,1.153757e-01,3.509081e+00
1896,2.972027e-18,-3.908391e-06,1.929696e-04,5.049985e-04,-1.156141e-01,-5.039809e-02,1.309066e+00
1897,2.931004e-18,3.109862e-06,1.914011e-04,5.087895e-04,-1.965812e-01,-8.074459e-02,4.488818e+00
1898,2.683280e-17,1.488068e-05,1.878367e-04,5.042741e-04,1.008360e+00,5.446573e-01,2.206290e+00
1899,2.375481e-18,1.328626e-05,1.836069e-04,5.096324e-04,2.495787e-01,9.746891e-03,3.254222e+00
1900,6.082928e-18,1.361080e-05,1.945050e-04,5.094389e-04,-1.042503e+00,-1.120507e+00,3.292627e+00
1901,2.056927e-17,-1.396421e-05,1.786425e-04,4.995179e-04,-4.259862e-01,3.246816e+00,2.603492e+01
1902,2.844812e-17,-1.262928e-05,2.062617e-04,5.257309e-04,-8.482529e-01,-4.682331e-01,1.021147e+01
1903,2.941423e-18,-1.719157e-05,2.070318e-04,5.251371e-04,-6.322791e-02,1.929551e-03,3.096044e+00
1904,2.848186e-18,-1.407210e-05,2.179769e-04,5.251387e-04,-1.992018e-01,-1.210030e-02,1.853074e+00
1905,4.931230e-17,-1.529103e-05,2.214353e-04,5.139403e-04,-1.515305e-01,4.788509e-01,5.129408e+00
1906,8.782738e-17,-1.750682e-05,2.163453e-04,5.003695e-04,-1.327746e-01,5.727061e-01,9.459269e+00
1907,4.049627e-18,-6.251789e-06,2.218781e-04,5.223239e-04,-1.879355e-02,2.987575e-02,2.465147e+00
1908,1.131231e-18,-2.358159e-06,2.148501e-04,5.138426e-04,2.478019e-01,-1.112346e-01,3.195020e+00
1909,1.439013e-17,-2.482659e-06,2.049969e-04,5.075844e-04,1.139156e-01,1.802354e+00,3.218601e+00
1910,1.234309e-18,-7.041846e-06,2.085990e-04,5.084551e-04,-7.596362e-02,-2.018132e-02,1.760187e+00
1911,3.108980e-18,-2.348473e-06,2.148427e-04,5.080642e-04,-7.265416e-02,-3.140470e-02,4.873542e+00
1912,2.033377e-17,-1.927316e-05,2.188033e-04,5.214307e-04,4.269598e-01,2.871417e-01,6.002681e-01
1913,2.893797e-17,-1.504202e-05,1.975538e-04,5.289437e-04,4.087375e-01,2.989772e-01,6.108501e+00
1914,2.979013e-18,-1.094453e-05,1.792130e-04,5.419643e-04,2.348427e-01,3.429602e+00,2.780274e+01
1915,9.381216e-18,-1.481887e-05,1.824442e-04,5.492877e-04,-3.175946e+00,4.556049e+00,3.076020e+01
1916,7.044802e-17,4.745718e-06,1.833130e-04,5.320057e-04,-6.493288e-01,4.249822e-02,1.451564e+01
1917,1.049147e-16,-3.462995e-07,1.913406e-04,5.455726e-04,-9.514101e-01,1.673850e+00,7.261301e+00
1918,8.105141e-17,-6.478029e-06,1.929350e-04,5.399486e-04,-1.016956e+00,4.790316e-01,7.318293e+00
1919,7.128133e-19,-1.029036e-05,1.850268e-04,5.429051e-04,1.484082e-01,2.994137e-01,2.447447e+00
1920,4.637654e-19,1.211105e-05,1.906290e-04,5.459323e-04,-5.430799e-02,-1.235325e-02,2.940690e+00
1921,3.739753e-18,9.365457e-06,1.906283e-04,5.444291e-04,-1.887791e-01,-6.975826e-03,1.296879e+00
1922,5.324448e-17,-8.170667e-06,2.163882e-04,5.320997e-04,-1.256154e+00,5.832110e-01,9.709071e+00
1923,1.224369e-17,-1.024180e-05,2.023594e-04,5.424530e-04,5.740889e-01,-6.882087e-01,7.449646e+00
1924,2.908846e-17,1.590731e-04,1.001026e-05,5.251793e-04,6.079790e-01,9.858412e-02,1.757525e+01
1925,7.081924e-17,1.631189e-04,-1.317383e-05,5.125142e-04,5.162404e+00,1.607732e-01,2.179937e+01
1926,2.818914e-18,1.609346e-04,-4.683519e-06,5.003772e-04,4.556769e-02,-1.161834e-01,2.164225e+00
1927,4.588441e-17,1.660050e-04,2.426189e-06,5.207502e-04,-1.364006e+00,-4.862616e-01,4.854486e+00
1928,2.541569e-17,1.657630e-04,2.316329e-05,5.011674e-04,6.223704e-01,3.359038e+00,1.623876e+01
1929,1.502899e-16,1.716427e-04,9.296175e-06,5.193288e-04,-1.283255e-01,-5.135766e-01,1.019813e+01
1930,1.462766e-18,1.703124e-04,1.719385e-05,5.138673e-04,1.717911e-01,5.459070e-01,4.957236e+00
1931,1.502689e-18,1.718718e-04,1.402689e-05,5.045840e-04,3.922156e-01,6.572511e-01,7.454840e+00
1932,8.692358e-17,1.689841e-04,7.425733e-06,5.119705e-04,-1.403045e+00,6.295898e-02,1.146437e+01
1933,8.664162e-18,1.579590e-04,1.016010e-05,5.106479e-04,5.077205e-01,2.463056e-01,1.386236e+01
1934,2.293825e-18,1.679683e-04,-4.974985e-06,5.169391e-04,-2.441077e-01,-5.830389e-01,6.376174e+00
1935,5.237987e-18,1.671857e-04,2.342179e-06,5.022916e-04,-1.161821e-01,-3.745169e-03,5.532723e+00
1936,1.180802e-17,1.734510e-04,1.603191e-05,5.084207e-04,-4.759317e-01,-2.726252e-01,2.858481e+00
1937,1.771514e-17,1.557306e-04,-4.022027e-06,5.133712e-04,-9.620003e-01,-1.067674e+00,2.991519e+00
1938,2.899343e-18,1.640638e-04,-1.562245e-05,5.241974e-04,5.580854e-01,2.625755e-01,1.147340e+01
1939,4.668392e-18,1.546899e-04,1.481026e-05,5.108149e-04,-6.924119e-01,3.179260e-01,4.828915e+00
1940,5.723584e-17,1.739582e-04,-1.212253e-05,5.067535e-04,1.850020e+00,-2.790319e-02,4.195339e+00
1941,9.209128e-18,1.609363e-04,1.627058e-05,5.217747e-04,1.405497e-01,-3.156316e-01,4.381584e+00
1942,3.382595e-18,1.546841e-04,1.251381e-05,5.157906e-04,-2.812200e-01,5.151532e-01,5.405713e+00
1943,2.544681e-19,1.582031e-04,-1.367074e-05,5.146448e-04,-1.226591e-01,-8.433718e-03,3.495854e+00
1944,3.520393e-18,1.710930e-04,-1.405969e-05,5.157737e-04,9.026165e-02,6.136384e-02,4.149119e+00
1945,1.077294e-17,1.684041e-04,1.764482e-05,5.186831e-04,-7.071779e-01,-3.073949e-01,4.490879e+00
1946,2.460654e-17,1.532019e-04,4.627210e-06,5.144890e-04,1.772648e+00,1.235567e+00,2.255728e+00
1947,3.433992e-18,1.578129e-04,4.688799e-06,5.080637e-04,6.900520e-03,-2.779845e-02,1.909077e+00
1948,3.171710e-18,1.749897e-04,1.245497e-05,5.158083e-04,-2.988249e+00,4.327122e-01,6.479667e+00
1949,2.555497e-16,1.632094e-04,-1.582788e-05,5.475400e-04,-3.940180e-01,-8.974864e-01,8.609580e+00
1950,4.487659e-17,1.676991e-04,-9.750551e-06,5.292818e-04,-2.610578e-01,-2.412545e+00,1.120458e+01
1951,2.673599e-18,1.632868e-04,-1.563086e-05,5.386572e-04,-2.302514e-01,-4.223835e-01,1.579596e+01
1952,1.580190e-17,1.552705e-04,1.160828e-05,5.360193e-04,3.792769e-01,-3.732031e-01,7.905868e+00
1953,2.455814e-17,1.614100e-04,6.780305e-06,5.311510e-04,-2.502842e+00,-1.035502e+00,6.869105e+00
1954,1.484338e-16,1.659138e-04,-1.247947e-06,5.387918e-04,-4.676729e-01,2.542242e-02,7.536002e+00
1955,1.080339e-17,1.640752e-04,4.783473e-06,5.371208e-04,9.025319e-01,8.142951e-02,6.653536e+00
1956,3.154808e-17,1.649875e-04,1.040033e-05,5.415166e-04,-1.499652e+00,-5.534916e-01,6.791929e+00
1957,8.741433e-17,1.672003e-04,1.875484e-05,5.360782e-04,-6.701636e-01,-2.794526e-01,5.545909e+00
1958,2.230618e-18,1.609366e-04,-4.687837e-06,5.425144e-04,1.190031e-01,-6.747114e-02,6.747158e+00
1959,1.595836e-18,1.609362e-04,-4.691571e-06,5.277218e-04,-1.514069e-02,-5.817373e-02,6.670242e+00
1960,3.086334e-18,1.664191e-04,-7.061157e-06,5.394335e-04,4.730909e-01,-3.551027e-01,6.914509e+00
1961,1.907788e-17,1.588180e-04,7.652682e-06,5.379708e-04,5.635673e-02,-5.967844e-01,8.127175e+00
1962,2.435861e-17,1.529217e-04,1.930548e-05,5.419727e-04,4.744595e-01,2.260787e-02,6.970571e+00
1963,2.115095e-18,1.663352e-04,-6.964072e-06,5.441105e-04,1.866368e-01,-2.397020e-01,6.493137e+00
1964,1.090419e-17,1.571765e-04,-7.482689e-06,5.473013e-04,-3.071163e+00,-9.271799e-01,5.227234e+00
1965,2.815601e-18,1.710955e-04,-1.407480e-05,5.325993e-04,7.731040e-02,-4.723522e-01,4.257723e+00
1966,1.460025e-18,1.710897e-04,-1.406977e-05,5.375803e-04,3.639148e-02,-6.359694e-03,3.463237e+00
1967,1.464913e-18,1.539269e-04,-9.375857e-06,5.390580e-04,3.543245e-01,-3.549903e-02,1.843493e+00
1968,5.752387e-18,1.679742e-04,-2.335737e-06,5.326929e-04,2.642263e-02,-2.299954e-02,8.836435e+00
1969,1.185835e-16,1.901858e-04,-2.492598e-06,5.272664e-04,-4.654130e-01,1.101192e+00,8.820799e+00
1970,3.163490e-16,1.896234e-04,-2.208367e-06,5.273971e-04,-1.162684e-01,3.517360e-01,9.211836e+00
1971,2.348578e-17,1.933012e-04,-2.388045e-06,5.046860e-04,3.931773e-01,-4.228353e+00,1.661193e+01
1972,7.575953e-18,1.914062e-04,-1.406125e-05,5.127181e-04,1.136380e+00,4.932856e-01,8.271641e+00
1973,5.849851e-17,1.910744e-04,-1.421950e-05,5.128443e-04,9.765931e-01,8.280092e-01,8.167457e+00
1974,1.223827e-17,1.946451e-04,-6.238314e-06,5.034106e-04,5.357899e-02,1.430534e-01,9.230702e+00
1975,1.175760e-17,1.980766e-04,-6.308713e-06,5.082180e-04,6.866279e-01,3.197522e+00,1.027411e+01
1976,3.069182e-17,1.784978e-04,-1.581383e-05,5.062035e-04,1.320706e-01,1.537079e-01,7.212596e+00
1977,2.101682e-17,1.835271e-04,-6.548530e-06,5.035141e-04,6.928785e-01,-1.565875e+00,4.342761e+00
1978,1.819850e-18,1.976079e-04,-1.489705e-05,5.162249e-04,-1.853864e-01,-6.366546e-02,4.581396e+00
1979,5.242415e-18,1.931008e-04,-1.172213e-05,5.243119e-04,4.125357e-01,-5.885250e-02,5.990656e+00
1980,5.482646e-18,1.945276e-04,-6.250275e-06,5.185136e-04,6.385073e-02,-1.016558e-01,1.601272e+01
1981,1.033227e-18,1.939010e-04,-1.806112e-05,5.138539e-04,4.298691e-01,-5.051433e-01,6.147878e+00
1982,1.289976e-17,1.840193e-04,-9.613630e-06,5.223339e-04,-4.887903e-01,1.254661e+00,4.108505e+00
1983,5.550324e-17,2.013567e-04,-9.711607e-06,5.279988e-04,-4.489624e-01,2.557905e-02,1.244818e+01
1984,2.887139e-19,5.078151e-06,-1.800781e-04,4.702710e-04,-3.704438e+00,9.766230e-01,-6.297977e+00
1985,1.664741e-18,2.018181e-05,-1.975223e-04,4.706681e-04,-9.978658e-01,-4.418093e-01,-6.977778e+00
1986,8.159211e-19,1.523452e-05,-1.868574e-04,4.715574e-04,1.458296e+00,-8.755153e-02,-5.234178e+00
1987,8.041967e-19,-1.391487e-05,-1.568813e-04,4.741742e-04,1.170303e+00,-2.580401e-01,-3.380364e+00
1988,2.370136e-19,-1.367333e-05,-1.691391e-04,4.726141e-04,4.232313e+00,1.091775e+00,-2.481729e+00
1989,1.128859e-16,-2.354475e-05,6.161173e-05,4.855149e-04,8.298432e-03,-1.973745e-01,-6.779176e-01
1990,1.395343e-16,-1.038781e-05,6.252284e-05,4.932572e-04,3.007617e-01,-6.575804e-01,3.085490e+00
1991,1.164169e-16,1.030542e-05,7.711942e-05,4.945166e-04,-3.512302e-01,-6.537881e-01,8.902222e+00
1992,2.988149e-17,7.876833e-08,7.274969e-05,4.943461e-04,-1.108126e-01,6.197333e-01,1.324669e+01
1993,3.302530e-17,9.093895e-06,6.078286e-05,4.858256e-04,-5.246895e-01,-6.539618e-01,8.920968e+00
1994,2.179579e-17,-1.835242e-05,7.056167e-05,4.884136e-04,-2.971358e-01,6.233710e-01,6.082902e+00
1995,1.389213e-17,-1.987083e-05,6.342343e-05,4.801917e-04,-9.069493e-01,3.592845e-01,3.006728e+00
1996,2.689049e-18,-1.719254e-05,6.875301e-05,4.840333e-04,1.589567e-01,-2.326573e-01,5.590689e+00
1997,1.472959e-17,1.741699e-05,5.616570e-05,4.974153e-04,-7.794406e-01,-2.114049e+00,4.765987e+00
1998,1.384296e-17,-1.803659e-05,5.207979e-05,4.987153e-04,-2.519010e-01,1.370733e-01,3.255811e+00
1999,7.216419e-18,1.719021e-05,5.353108e-05,4.920189e-04,3.870593e-01,7.764430e-01,8.043636e+00
2000,4.938992e-18,-6.248584e-06,5.546746e-05,4.834808e-04,1.959716e-01,-1.492639e-01,1.643347e+00
2001,1.248816e-18,-1.718316e-05,6.872648e-05,4.765159e-04,-6.100337e-01,3.184580e-02,4.446068e-01
2002,3.214952e-18,-6.251455e-06,5.392735e-05,4.987172e-04,-2.073185e-01,5.520925e-01,5.714236e+00
2003,1.577519e-17,-1.684180e-05,5.480856e-05,4.802747e-04,9.406173e-01,-4.197402e-01,8.859107e-01
2004,2.750117e-18,-1.639276e-05,6.094643e-05,4.871238e-04,-5.259964e-01,3.139730e-01,1.225917e+00
2005,1.785942e-17,1.667059e-05,5.377432e-05,4.760330e-04,1.378232e+00,-1.414484e+00,1.597438e-01
2006,2.277128e-18,-2.360802e-06,6.016180e-05,4.870481e-04,6.063467e-01,-7.099682e-02,-1.256374e+00
2007,2.874538e-18,-4.691211e-06,5.546463e-05,4.902410e-04,7.991719e-02,2.686266e-01,-3.574500e-01
2008,1.331284e-18,-2.343830e-06,6.484618e-05,4.921220e-04,5.603358e-02,7.764109e-02,-1.327243e+00
2009,2.148984e-17,-1.718043e-05,6.479527e-05,5.024142e-04,1.441539e-01,1.683223e+00,7.337834e+00
2010,5.690080e-18,-3.182971e-08,7.352522e-05,4.897055e-04,1.614844e-02,-1.805907e-01,1.408017e+01
2011,2.172547e-18,-7.538496e-08,7.496359e-05,4.852262e-04,5.067129e-02,-4.462321e-01,9.842612e+00
2012,7.383151e-18,-3.900219e-06,5.314990e-05,5.016902e-04,-1.249094e-02,1.484450e-01,1.139995e+00
2013,4.793558e-18,-2.978466e-07,5.937567e-05,4.909532e-04,1.886212e-01,3.802674e-02,-5.649933e-01
2014,5.295245e-18,-2.345071e-06,7.265594e-05,5.026363e-04,-1.740677e-02,-4.921710e-02,-1.788169e-01
2015,8.506152e-18,-2.431533e-05,7.110917e-05,4.891268e-04,-2.104490e-01,3.527318e-02,-2.114352e+00
2016,2.308463e-18,-2.460946e-05,5.390635e-05,4.969097e-04,-7.480808e-02,-5.550710e-02,-2.356987e+00
2017,2.166758e-18,1.002807e-05,6.015238e-05,4.786287e-04,1.006477e+00,-2.982924e-01,4.915009e+00
2018,2.674668e-18,1.639025e-05,6.485966e-05,4.800816e-04,-5.603866e-02,5.611591e-02,-3.180478e+00
2019,1.225783e-17,2.425453e-05,6.176587e-05,4.973844e-04,2.545188e-02,-7.669904e-04,-1.686005e+00
2020,3.893413e-18,-1.175147e-05,8.599756e-05,4.954523e-04,1.702536e-02,1.605470e+00,1.275309e+01
2021,2.185275e-18,-1.171352e-05,7.967907e-05,4.905500e-04,-5.393425e-01,7.367009e-01,6.354928e+00
2022,1.025286e-16,-6.996599e-06,7.915924e-05,4.814707e-04,-7.336814e-01,2.195399e+00,1.469219e+00
2023,2.919341e-18,-8.587994e-06,8.906773e-05,4.948467e-04,-1.441993e-01,1.619308e-01,3.676037e+00
2024,1.442042e-18,1.866168e-08,7.851567e-05,4.784955e-04,-3.259879e-01,3.045379e+00,3.883290e+00
2025,1.480542e-18,-1.407022e-05,9.376784e-05,4.968111e-04,1.904653e-01,3.044502e-02,1.328272e+00
2026,8.334572e-19,1.170666e-07,7.695316e-05,4.817484e-04,-3.513433e-01,1.741536e+00,6.629571e+00
2027,2.421897e-17,-2.409669e-05,9.729027e-05,4.938453e-04,8.540832e-03,2.043640e-01,-6.851550e-01
2028,2.326716e-18,-2.460939e-05,9.687623e-05,4.850838e-04,-7.543871e-02,6.137446e-02,-2.797235e+00
2029,6.055771e-19,2.415784e-08,7.773464e-05,4.796383e-04,-5.308584e-01,3.825549e+00,4.213012e+00
2030,8.490612e-19,-1.250725e-07,7.617194e-05,4.829977e-04,6.430913e-01,1.559214e+00,7.645129e+00
2031,1.783033e-17,-1.174482e-05,8.597266e-05,4.881222e-04,5.406373e-01,9.647418e-01,9.761852e+00
2032,1.941346e-18,-1.075844e-05,8.585434e-05,4.821004e-04,-5.119817e-01,7.938234e-01,8.056283e+00
2033,5.954198e-19,-4.735643e-06,7.617216e-05,4.788590e-04,1.302265e+00,3.262720e+00,5.691208e+00
2034,4.203102e-18,-1.094543e-05,8.673678e-05,4.788512e-04,5.674762e-01,2.297079e-01,5.461638e+00
2035,2.164984e-17,-2.414776e-05,8.482196e-05,4.881974e-04,1.098510e-02,9.437170e-02,-1.609357e+00
2036,1.273457e-17,-2.426217e-05,8.960775e-05,4.979315e-04,2.405943e-02,5.245763e-03,-1.811669e+00
2037,2.701902e-17,1.633791e-05,7.890410e-05,4.882830e-04,-6.833898e-03,-1.338376e+00,9.183458e+00
2038,3.881211e-17,1.627615e-05,9.263089e-05,4.950019e-04,-8.501593e-01,-8.196644e-01,5.054414e+00
2039,2.678482e-17,2.401860e-06,8.842391e-05,4.972025e-04,-4.533679e-01,5.468412e-01,4.997513e+00
2040,6.946449e-18,4.688351e-06,7.812566e-05,4.963624e-04,3.624535e-02,-1.773644e-03,9.162462e+00
2041,3.851884e-18,2.190979e-05,8.540362e-05,4.940340e-04,-1.523395e-01,-1.028339e+00,7.566285e+00
2042,5.635077e-18,2.345196e-06,9.180095e-05,4.856164e-04,7.155836e-02,2.396747e+00,2.178277e+00
2043,1.489821e-18,1.875064e-05,9.063689e-05,4.819835e-04,-9.576596e-02,-4.898587e-02,2.363628e+00
2044,2.616222e-17,1.255549e-05,8.983980e-05,4.964224e-04,1.297296e-01,7.755261e-02,3.425067e+00
2045,8.011090e-19,1.159020e-05,9.672493e-05,4.851030e-04,5.463613e-01,-3.673544e-01,-9.405189e-01
2046,1.955394e-18,2.283672e-05,8.502833e-05,4.917380e-04,-1.935860e-01,-1.257654e-01,9.855174e+00
2047,1.322328e-18,1.566399e-05,8.085925e-05,4.854697e-04,-3.264531e-01,-1.548904e-01,1.060768e+01
2048,3.220677e-18,1.563176e-05,8.285165e-05,4.847193e-04,1.575474e-01,1.366076e+00,-5.367330e+00
2049,8.952893e-18,8.584155e-06,7.875343e-05,4.796800e-04,-1.265140e+00,8.651937e-01,1.756999e+00
2050,6.575585e-19,1.562022e-05,8.086001e-05,4.819845e-04,9.236028e-01,1.669343e-01,6.102677e+00
2051,3.211380e-18,1.493801e-05,8.071175e-05,4.786755e-04,-5.761929e-01,-1.039906e+00,5.242293e+00
2052,1.277359e-18,8.613074e-06,7.810799e-05,4.843241e-04,-3.317032e-02,-4.439559e-01,4.336409e+00
2053,2.900371e-18,2.460938e-05,9.218744e-05,4.891061e-04,2.121770e-02,3.689499e-02,-2.899932e+00
2054,2.507615e-18,2.460954e-05,7.812502e-05,4.882731e-04,8.075289e-02,-2.737590e-02,-3.227405e+00
2055,1.469090e-17,-1.471583e-05,7.139854e-05,5.052236e-04,5.728523e-02,2.746941e+00,5.176950e+00
2056,2.911871e-17,-1.640391e-05,5.844756e-05,5.062799e-04,1.020593e+00,-7.003371e-01,1.277089e+00
2057,2.902382e-17,-8.842093e-06,6.369885e-05,5.097868e-04,1.098247e-02,-1.599602e+00,4.232663e+00
2058,1.059591e-18,-2.133751e-06,6.505703e-05,5.182725e-04,-6.034120e-01,-3.083284e-01,1.162538e+00
2059,2.212683e-16,2.028254e-04,2.265755e-06,5.383329e-04,6.733188e-03,3.732934e-01,8.649983e+00
2060,1.369446e-16,1.973087e-04,1.521703e-05,5.398814e-04,-1.893914e+00,1.628966e-01,5.441180e+00
2061,1.177126e-16,1.822411e-04,-7.084330e-06,5.303945e-04,-3.637920e-01,-7.379068e-01,7.487550e+00
2062,4.858869e-17,2.017387e-04,-1.259190e-05,5.387812e-04,3.271573e-02,-7.442527e-02,8.335030e+00
2063,1.881457e-16,2.020134e-04,-1.264349e-05,5.384659e-04,1.427527e-01,-3.103109e-01,8.235787e+00
2064,2.812731e-17,1.893348e-04,-1.940024e-05,5.490044e-04,-1.782746e-01,-9.632327e-01,1.248298e+01
2065,2.183299e-18,1.984324e-04,-1.016562e-05,5.455988e-04,8.805948e-02,1.918707e-01,1.394060e+00
2066,1.026277e-18,2.007813e-04,-6.260132e-06,5.459389e-04,9.405196e-02,3.484967e-01,-1.207712e+00
2067,1.468333e-18,1.765578e-04,-1.017871e-05,5.367844e-04,1.354431e-01,-6.892886e-02,5.400182e+00
2068,8.656224e-18,1.769629e-04,-1.467441e-05,5.277889e-04,-2.080757e+00,2.454829e-01,8.267645e+00
2069,9.528234e-16,2.209936e-04,-1.768308e-06,5.437642e-04,-3.039128e-02,4.953148e-01,7.867613e+00
2070,3.756499e-17,2.147989e-04,9.149686e-06,5.300302e-04,5.310576e-01,-4.443381e-01,5.090072e+00
2071,1.115467e-18,2.210959e-04,4.690411e-06,5.360037e-04,-2.887027e-02,-1.974592e-02,2.765541e+00
2072,3.037751e-18,2.218735e-04,1.250857e-05,5.364535e-04,6.868842e-03,3.388658e-02,5.251219e+00
2073,2.554652e-18,2.218746e-04,1.217768e-05,5.497389e-04,1.680145e-02,4.569506e-01,1.321547e+01
2074,1.184984e-18,1.937525e-04,-1.798218e-05,5.353612e-04,-2.951107e-02,-1.886728e-01,7.263921e+00
2075,1.449778e-16,2.183445e-04,-4.399124e-06,5.245236e-04,1.674749e-01,-1.262963e+00,8.736768e+00
2076,7.743624e-18,2.063265e-04,-2.816539e-06,5.287660e-04,-8.594713e-03,6.869713e-01,1.163110e+01
2077,1.137123e-18,2.117237e-04,-3.132577e-06,5.292097e-04,1.070858e-01,-3.972627e-02,5.584135e+00
2078,1.420957e-17,2.141912e-04,-7.040540e-06,5.385638e-04,8.574920e-03,2.314661e-01,1.380222e+01
2079,2.734804e-18,2.124976e-04,-1.172287e-05,5.387343e-04,2.656141e-02,2.180916e-01,4.868020e+00
2080,3.691735e-18,2.163964e-04,-1.875454e-05,5.407233e-04,9.273718e-02,6.898599e-02,1.700362e+00
2081,7.088707e-18,2.117187e-04,-3.123876e-06,5.250229e-04,-1.024755e-02,-2.490564e-02,1.198206e+01
2082,5.138619e-17,1.820627e-04,1.050554e-05,5.426283e-04,-1.164828e+00,-3.790898e-01,8.148908e+00
2083,2.742536e-18,1.961094e-04,8.609746e-06,5.287929e-04,2.415580e-01,2.522363e-01,7.619345e+00
2084,1.163613e-18,1.867468e-04,3.148152e-06,5.330055e-04,-7.742876e-01,-3.101760e-01,6.719716e+00
2085,3.334851e-18,1.921854e-04,1.172057e-05,5.334096e-04,3.569856e-02,1.317643e-01,3.485967e+00
2086,7.415602e-18,1.814627e-04,2.342325e-06,5.473140e-04,7.321594e-01,3.183426e-02,8.038072e+00
2087,2.700765e-18,1.789061e-04,1.562489e-05,5.441073e-04,-1.341179e-02,-4.328605e-02,1.863771e+00
2088,1.244543e-18,1.953189e-04,1.015362e-05,5.451531e-04,-1.575554e-03,-1.001616e-02,4.386476e-01
2089,1.440556e-16,2.060895e-04,7.561186e-06,4.994478e-04,-1.833138e+00,6.653469e-01,8.795725e+00
2090,1.380430e-18,2.140604e-04,1.562201e-05,5.007193e-04,-4.496788e-01,5.210300e-01,9.241157e+00
2091,3.271748e-17,2.129197e-04,1.391243e-05,5.065994e-04,-4.006721e-01,-7.752242e-01,1.123832e+01
2092,7.697482e-18,2.021461e-04,-1.032447e-05,5.049532e-04,-1.766790e+00,1.332695e-01,7.621157e+00
2093,1.609177e-17,2.100764e-04,6.720114e-06,5.153480e-04,-4.490441e-01,-2.024369e+00,1.641983e+01
2094,1.093610e-17,2.079586e-04,-5.468721e-06,5.078598e-04,4.926662e-01,-1.361322e-01,7.118574e+00
2095,2.800447e-17,2.062640e-04,1.339651e-05,5.149742e-04,-4.592951e-01,2.000834e+00,9.709868e+00
2096,3.734606e-18,2.055748e-04,-1.017485e-05,5.046106e-04,9.059477e-01,9.055119e-01,1.103533e+01
2097,6.320925e-18,2.117187e-04,-3.121136e-06,5.003325e-04,6.513638e-03,-4.974261e-02,3.374225e+00
2098,1.571480e-17,2.125394e-04,-1.033986e-05,5.197861e-04,-1.749421e-01,9.259846e-01,6.496999e+00
2099,1.472750e-18,2.070477e-04,8.550872e-06,5.115437e-04,-2.293585e-01,6.329892e-01,1.071257e+01
2100,1.447739e-17,2.231996e-04,2.310654e-05,5.018730e-04,-1.108821e+00,1.140740e+00,2.137156e+00
2101,6.846215e-18,2.195312e-04,-3.124539e-06,5.134262e-04,1.776416e-01,-1.617174e-01,7.485627e+00
2102,4.152453e-18,2.023524e-04,4.696733e-06,5.146758e-04,1.854039e-01,5.614214e-01,2.283720e+00
2103,3.109243e-18,2.195255e-04,-3.130812e-06,5.065328e-04,-1.373254e-01,-1.859011e-01,4.949880e+00
2104,3.095668e-18,2.070267e-04,-1.328529e-05,5.234928e-04,-8.744307e-03,-1.044955e-01,6.995879e+00
2105,3.163185e-18,2.140533e-04,-7.042527e-06,5.095762e-04,-1.568122e-01,-1.875713e-01,4.037262e+00
2106,1.339302e-18,2.226556e-04,1.172376e-05,5.223377e-04,-1.232267e-01,6.542818e-01,3.401133e+00
2107,3.234424e-18,2.195289e-04,-3.125284e-06,5.026419e-04,2.556341e-02,-1.165813e-01,4.511212e+00
2108,2.907625e-17,1.837667e-04,3.718589e-06,5.057568e-04,-5.227128e-01,-2.178766e-01,9.421353e+00
2109,3.717880e-17,1.783143e-04,7.804455e-06,5.131966e-04,-1.382299e+00,-7.496451e-01,1.040978e+01
2110,1.299303e-17,1.804656e-04,1.189435e-05,5.051009e-04,-9.412342e-01,-4.752763e-01,8.833449e+00
2111,7.736480e-18,1.849584e-04,6.727567e-06,5.204360e-04,3.138166e-02,-1.419699e+00,5.934017e+00
2112,3.463502e-18,1.812508e-04,2.340262e-06,5.126906e-04,9.973388e-02,6.335526e-02,3.910263e+00
2113,2.501451e-18,-1.969201e-04,1.322288e-05,4.739125e-04,-2.846661e-01,1.370233e-03,3.478669e-01
2114,1.338702e-18,-1.898279e-04,1.601554e-05,4.711280e-04,-9.458953e-01,3.735185e-01,-4.771706e+00
2115,6.149971e-19,-1.855468e-04,1.953129e-06,4.729378e-04,-9.994845e-01,3.582005e+00,-4.363684e+00
2116,6.128321e-19,-1.847657e-04,1.953187e-06,4.713913e-04,6.831052e-01,-3.435914e-01,-5.722614e+00
2117,2.626588e-19,-1.863283e-04,2.734218e-06,4.741757e-04,1.288711e+00,1.404968e+00,-1.763167e+00
2118,2.870948e-19,-2.152344e-04,1.367126e-05,4.687083e-04,7.598250e-01,-1.814391e-01,3.722487e+00
2119,3.048229e-19,-2.128901e-04,1.289009e-05,4.679281e-04,3.773582e+00,2.006765e+00,2.518412e+00
2120,2.791197e-17,5.176717e-06,-1.429343e-04,4.839806e-04,-4.938436e-01,9.757560e-01,4.001795e+00
2121,5.957020e-18,-1.484190e-05,-1.465192e-04,4.931685e-04,9.922752e-01,5.393644e-01,9.528056e+00
2122,1.088434e-17,-9.346421e-06,-1.394758e-04,4.927069e-04,-1.774588e-02,-1.224977e-01,2.826986e+00
2123,4.332200e-18,-1.328102e-05,-1.414161e-04,4.944379e-04,-3.975008e-01,-7.470698e-01,2.639540e+00
2124,2.149505e-17,-2.088801e-05,-1.459257e-04,4.795725e-04,1.120270e+00,5.799021e-01,2.473082e+00
2125,3.335139e-18,-1.331750e-05,-1.280918e-04,4.978417e-04,2.820985e-01,1.713469e-01,1.116680e+00
2126,2.530473e-19,-1.133074e-05,-1.480454e-04,4.851030e-04,-1.171519e+00,4.794143e-01,2.808132e+00
2127,2.731826e-18,-9.380383e-06,-1.351818e-04,4.847442e-04,1.512081e-01,2.179142e-01,1.991481e+00
2128,8.473465e-19,-1.636576e-07,-1.329280e-04,4.804189e-04,-5.659465e-01,-9.959964e-01,-6.181954e-01
2129,5.340359e-18,-2.441232e-05,-1.429634e-04,4.861165e-04,-1.112719e-01,5.285855e-04,-2.034017e+00
2130,4.961317e-17,3.579113e-06,-1.277693e-04,4.987110e-04,4.550642e-01,1.140264e-01,4.926574e+00
2131,8.866496e-17,2.363773e-05,-1.382861e-04,4.909321e-04,2.342294e-02,7.550674e-03,-8.711266e-01
2132,2.520151e-17,2.790302e-06,-1.473061e-04,4.946154e-04,3.965699e-01,-5.940390e-01,4.146494e+00
2133,7.689528e-17,1.789761e-05,-1.358671e-04,4.855902e-04,1.386687e+00,-6.104251e-01,6.722409e-01
2134,7.526495e-18,1.722402e-05,-1.256807e-04,4.974573e-04,1.091520e-01,1.649788e+00,-7.124135e-01
2135,1.904297e-17,1.300940e-05,-1.470348e-04,4.778181e-04,-1.182962e+00,-7.226756e-02,1.607605e+00
2136,1.341030e-18,7.843526e-06,-1.257392e-04,4.999289e-04,7.671901e-02,-3.834366e-01,3.476290e+00
2137,3.384787e-17,6.471731e-06,-1.382974e-04,4.809890e-04,1.197205e-01,-1.739085e-01,-4.924878e-01
2138,1.329811e-17,6.875700e-06,-1.382481e-04,4.914543e-04,-8.870755e-01,3.471063e-02,8.138237e-01
2139,1.455918e-18,2.340640e-06,-1.414060e-04,4.975826e-04,3.551911e-01,3.287770e-01,2.855318e+00
2140,1.827765e-18,2.623848e-06,-1.414952e-04,4.824759e-04,1.887181e+00,-8.715547e-01,1.353138e+00
2141,1.905305e-18,7.765194e-06,-1.258364e-04,4.842199e-04,9.683596e-02,8.888706e-03,-5.464081e-01
2142,7.343848e-19,2.213068e-06,-1.274731e-04,4.796399e-04,3.587477e-01,2.781453e-01,-8.453561e-01
2143,2.597987e-18,7.811831e-06,-1.304610e-04,4.917127e-04,1.602505e-01,3.850278e-01,-2.294766e+00
2144,1.055997e-17,2.427611e-05,-1.398592e-04,4.978912e-04,-5.133829e-02,-2.212969e-03,-1.800582e+00
2145,1.572011e-18,-1.914089e-05,-1.463548e-04,4.702498e-04,4.380552e-01,-9.509992e-01,-1.125374e+01
2146,2.536584e-19,-2.070294e-05,-1.457029e-04,4.741749e-04,-8.730148e-01,7.146824e-01,-3.610324e+00
2147,1.554088e-18,-1.722106e-05,-1.405735e-04,4.741751e-04,-2.325321e+00,6.980322e-01,-5.277860e+00
2148,6.374306e-17,2.163646e-06,-1.249620e-04,5.452244e-04,-6.164390e-01,-5.079910e-02,1.209428e+01
2149,7.180947e-17,-6.951809e-06,-1.438321e-04,5.250865e-04,1.662320e+00,-1.060881e+00,1.098765e+01
2150,1.150075e-16,-1.556863e-05,-1.257816e-04,5.347950e-04,-1.547485e+00,6.782583e-01,1.136136e+01
2151,1.953630e-17,-1.261588e-05,-1.463584e-04,5.305844e-04,9.405922e-01,-7.792680e-01,1.565116e+01
2152,4.954658e-18,-3.909552e-06,-1.257828e-04,5.428293e-04,2.848272e-02,5.908810e-02,1.850662e+01
2153,4.576857e-18,-7.810574e-06,-1.250200e-04,5.315532e-04,-6.632631e-01,-6.184027e-01,7.166487e+00
2154,2.344534e-18,-1.571610e-05,-1.256975e-04,5.494991e-04,-3.587224e+00,-1.850171e-01,1.931756e+01
2155,5.701805e-18,7.037616e-06,-1.257782e-04,5.364451e-04,2.401180e-02,5.857016e-03,1.240202e+01
2156,6.464342e-18,-1.640035e-05,-1.421857e-04,5.254003e-04,-2.411287e-01,8.029928e-03,5.358421e+00
2157,5.304740e-18,-1.549500e-05,-1.335967e-04,5.352257e-04,-7.555715e-03,-8.379716e-04,5.738674e+00
2158,6.388828e-18,2.343850e-06,-1.335986e-04,5.337287e-04,7.031252e-02,-5.289655e-01,4.098238e+00
2159,2.762126e-18,-7.825121e-06,-1.304764e-04,5.342652e-04,1.059711e-01,-1.080796e-02,6.694991e+00
2160,4.580328e-18,3.126183e-06,-1.414068e-04,5.481330e-04,-1.828124e-01,8.454708e-02,5.087491e+00
2161,2.163384e-17,-1.611317e-05,-1.421681e-04,5.489951e-04,6.977313e-01,4.205919e-01,9.761855e+00
2162,4.835121e-17,2.407611e-06,-1.410803e-04,5.185276e-04,-1.134867e-01,2.357816e-01,6.783681e+00
2163,1.015474e-17,-3.838781e-06,-1.262916e-04,5.214333e-04,-1.526043e-01,2.869814e-01,1.324945e+01
2164,4.628338e-18,-3.133732e-06,-1.265556e-04,5.138148e-04,-1.318243e-01,8.670615e-02,1.064574e+01
2165,1.393932e-17,-3.971165e-07,-1.397511e-04,5.239258e-04,9.410462e-01,6.841200e-01,1.593739e+00
2166,3.466394e-18,-1.328918e-05,-1.281240e-04,5.142522e-04,2.565465e-01,7.292276e-01,5.994051e+00
2167,2.302316e-18,-2.345142e-06,-1.335928e-04,5.235390e-04,8.966267e-02,-7.977919e-02,3.881742e+00
2168,2.878748e-18,-3.901408e-06,-1.351550e-04,5.173527e-04,-7.175323e-02,-2.226137e-02,3.390891e+00
2169,4.454746e-17,1.818381e-05,-1.416049e-04,5.146441e-04,1.083709e+00,5.713974e-01,1.831281e+00
2170,3.622939e-18,8.402521e-06,-1.390606e-04,5.079577e-04,8.022215e-01,7.591115e-02,1.546911e+00
2171,1.051831e-17,7.605435e-06,-1.257783e-04,5.088022e-04,7.726837e-02,-1.363609e-01,6.015744e+00
2172,1.610732e-16,7.405484e-06,-1.179342e-04,5.329257e-04,-2.136345e-01,-1.342391e-01,5.440822e+00
2173,9.494814e-17,-1.485352e-05,-1.034877e-04,5.168749e-04,1.759784e-03,-4.263439e-01,4.654761e+00
2174,2.391334e-17,-3.054571e-06,-1.039018e-04,5.214391e-04,-6.882486e-02,-2.935200e+00,2.054560e+01
2175,6.212696e-17,-3.532375e-06,-1.071938e-04,5.126816e-04,-2.387291e+00,3.970994e-01,9.019569e+00
2176,3.853423e-18,5.091287e-07,-1.117642e-04,5.030793e-04,-3.726471e+00,-2.737658e-01,1.166878e+01
2177,2.141779e-17,8.617651e-06,-1.136709e-04,5.274742e-04,-1.025336e+00,1.316377e+00,1.385650e+01
2178,5.166936e-18,-8.438977e-06,-1.220349e-04,5.353057e-04,5.389407e-01,-5.586105e-01,1.789564e+01
2179,5.661974e-18,-6.233139e-06,-1.233794e-04,5.215551e-04,-6.682848e-01,1.721140e-01,1.620070e+01
2180,4.588657e-18,-1.559990e-06,-1.171869e-04,5.175908e-04,-1.757280e-01,1.198456e-01,1.132610e+00
2181,2.355500e-18,-1.719544e-05,-1.179691e-04,5.289326e-04,5.369938e-02,-5.332418e-03,2.269557e+00
2182,3.751053e-18,-7.801051e-07,-1.125019e-04,5.382962e-04,2.622436e-02,8.718773e-03,6.364836e+00
2183,2.682413e-17,-6.234318e-06,-1.124808e-04,5.432241e-04,7.849181e-01,-1.017444e+00,5.515145e+00
2184,1.664822e-17,-7.966169e-06,-1.159324e-04,5.166167e-04,1.289257e+00,4.702627e-01,3.234600e+00
2185,4.932241e-19,-7.420616e-06,-1.179699e-04,5.115385e-04,2.794160e-01,7.535466e-02,1.822146e+00
2186,2.297684e-18,7.032040e-06,-1.195315e-04,5.477669e-04,3.389703e-02,-1.285350e-01,5.373597e+00
2187,1.395966e-17,-1.509072e-06,-1.154182e-04,5.491292e-04,-6.149616e-01,6.310983e-02,1.129214e+01
2188,1.338243e-18,-1.249997e-05,-1.070357e-04,5.482232e-04,8.426656e-03,-6.155391e-02,2.605685e-01
2189,1.510339e-17,1.093636e-05,-1.054718e-04,5.041995e-04,6.139938e-02,-8.497373e-01,2.134206e+00
2190,1.037651e-16,1.059490e-05,-1.055322e-04,5.043681e-04,-2.500459e-01,-7.304160e-01,2.032590e+00
2191,5.329379e-18,1.093847e-05,-1.179667e-04,5.045810e-04,2.227968e-01,-3.126952e-01,6.761032e+00
2192,2.899375e-17,2.404417e-05,-1.213802e-04,4.987684e-04,8.190705e-03,-3.805800e-02,-1.449247e+00
2193,8.592284e-17,1.745549e-06,-2.487307e-04,5.050058e-04,3.211270e-01,3.441206e-01,8.247353e+00
2194,1.075990e-17,-8.461251e-06,-2.288497e-04,5.000564e-04,-1.003867e-01,2.538907e-01,1.016181e+01
2195,3.357029e-17,-2.086735e-06,-2.416810e-04,5.219429e-04,9.012393e-01,-2.354748e+00,1.962966e+01
2196,1.575179e-18,1.642473e-05,-2.296561e-04,5.007216e-04,-2.208457e-01,2.369936e-01,1.583647e+01
2197,2.463987e-17,1.984191e-05,-2.292755e-04,5.071652e-04,2.693292e+00,-2.505348e-01,2.120490e+01
2198,4.791713e-18,-3.144337e-06,-2.404576e-04,5.170739e-04,-1.157045e-02,-2.293174e+00,2.856085e+01
2199,1.584877e-18,1.016420e-05,-2.312445e-04,5.215791e-04,1.152436e-01,8.408545e-04,1.827937e+01
2200,8.484623e-19,-2.735981e-06,-2.384260e-04,5.097260e-04,7.965301e-02,1.816422e+00,2.209506e+01
2201,2.639677e-17,-3.906599e-06,-2.492192e-04,5.142518e-04,3.192430e-01,2.999068e-03,6.539580e+00
2202,8.571717e-17,-3.760959e-06,-2.485285e-04,5.147078e-04,-2.091022e-01,-1.179010e-02,6.456559e+00
2203,1.353188e-17,1.087500e-05,-2.312326e-04,5.050568e-04,7.225653e-01,-8.640553e-02,1.336964e+01
2204,4.021148e-17,5.245963e-07,-2.277302e-04,5.163384e-04,-2.525023e-01,-1.995740e-01,1.267582e+01
2205,5.950930e-18,3.128315e-06,-2.375002e-04,5.129970e-04,-8.203141e-01,-7.502862e-02,8.697680e+00
2206,9.145481e-18,-7.687666e-06,-2.289419e-04,5.069300e-04,-4.279565e-01,-1.147802e+00,1.027254e+01
2207,1.666261e-17,2.315938e-06,-2.341102e-04,5.180516e-04,2.613322e-02,-5.211305e-01,1.071769e+01
2208,2.466367e-19,1.210959e-05,-2.378902e-04,5.069323e-04,-4.641829e-01,1.022178e+00,8.394212e+00
2209,1.485489e-18,-9.374724e-06,-2.421892e-04,5.231525e-04,-1.390841e-01,-4.999482e-02,7.752533e+00
2210,9.389250e-17,1.259543e-05,-2.366047e-04,4.986911e-04,-2.466251e-01,1.704326e+00,8.069796e+00
2211,1.072994e-18,7.044448e-06,-2.413992e-04,5.138773e-04,-5.678804e-01,-6.946475e-01,6.277331e+00
2212,2.987579e-18,1.015712e-05,-2.496095e-04,5.204506e-04,-4.904344e-02,1.965254e-02,5.653349e+00
2213,1.114730e-18,7.029203e-06,-2.414035e-04,5.200370e-04,-2.654550e-03,-4.895169e-02,7.616453e+00
2214,3.324757e-18,1.569886e-06,-2.273517e-04,5.065275e-04,-2.574142e-01,-2.675954e-02,8.862439e+00
2215,5.719175e-18,7.030471e-06,-2.414056e-04,5.042118e-04,1.103229e-01,-8.105369e-02,7.015131e+00
2216,2.968696e-18,1.093135e-05,-2.445374e-04,5.142091e-04,8.943732e-01,-1.051519e-01,5.120195e+00
2217,7.043769e-18,1.093345e-05,-2.470051e-04,5.062137e-04,2.020538e-01,5.004185e-01,4.439113e+00
2218,3.887278e-18,1.758935e-05,-2.496086e-04,5.153869e-04,2.601832e-01,-4.616117e-02,5.557129e+00
2219,6.411718e-19,7.798755e-06,-2.496085e-04,5.084394e-04,7.570449e-01,-3.057976e-01,3.583132e+00
2220,7.381153e-18,1.703019e-05,-2.493330e-04,5.062879e-04,-1.034630e-01,-1.501317e-01,4.597656e+00
2221,3.545903e-18,1.016412e-05,-2.312479e-04,5.165610e-04,2.974747e-01,1.972740e-02,1.692677e+01
2222,6.672620e-19,1.240184e-05,-2.371104e-04,5.030476e-04,-1.769674e+00,1.920539e+00,5.941975e+00
2223,4.614909e-18,-3.095904e-06,-2.364965e-04,5.043404e-04,1.661747e+00,-1.791888e-01,1.974980e+01
2224,1.901493e-17,-1.622546e-05,-2.462633e-04,5.234297e-04,3.715568e-01,-8.065664e-01,4.236394e+00
2225,2.767442e-18,-1.175299e-05,-2.445778e-04,5.010901e-04,-5.441462e-01,5.786917e-01,2.574140e+00
2226,3.217222e-18,-9.372816e-06,-2.421824e-04,5.042008e-04,-3.392518e-01,-1.182731e-01,2.793320e+00
2227,4.515744e-18,-1.646876e-05,-2.419908e-04,5.021153e-04,-2.377637e-01,-1.468787e+00,-1.268673e+00
2228,1.072984e-18,-4.067489e-06,-2.358038e-04,5.061176e-04,7.096904e-02,3.435134e-01,2.621706e+00
2229,1.481920e-18,-2.343795e-05,-2.496079e-04,5.165284e-04,-1.433056e-01,-1.503228e-01,1.592827e+00
2230,6.439660e-19,-1.562497e-05,-2.496064e-04,5.208385e-04,-3.885704e-02,-2.970262e-01,4.181841e-01
2231,4.915530e-18,-3.116230e-06,-2.359306e-04,4.976273e-04,1.379327e+00,7.440275e-01,1.686501e+01
2232,1.168427e-17,-9.868102e-06,-2.434928e-04,4.947732e-04,1.590685e+00,-1.076980e+00,3.194242e+00
2233,2.367985e-17,-8.782474e-06,-2.274321e-04,4.855830e-04,9.260397e-01,8.565158e-02,5.149999e+00
2234,3.226770e-18,-3.133939e-06,-2.344109e-04,4.824114e-04,1.854524e-01,-6.329146e-01,6.424718e+00
2235,2.215882e-17,-5.835469e-06,-2.320412e-04,4.869367e-04,-7.454189e-01,3.752229e-01,5.867427e+00
2236,1.609070e-18,-2.332509e-06,-2.496095e-04,4.870158e-04,-4.431664e-01,-1.283698e-01,2.940433e+00
2237,2.226239e-17,-2.363389e-05,-2.365222e-04,4.849251e-04,-2.303256e+00,-1.529734e+00,2.184141e+00
2238,2.860196e-18,-5.466948e-06,-2.398241e-04,4.963737e-04,-1.193663e+00,-6.495913e-01,7.283408e-01
2239,5.755384e-19,-5.078897e-06,-2.402344e-04,4.870232e-04,5.052347e+00,-6.466229e-01,4.527247e+00
2240,2.610800e-19,-7.422485e-06,-2.277350e-04,4.780791e-04,-1.177076e+00,-9.831154e-01,1.343177e+00
2241,2.369842e-18,-3.138355e-06,-2.359342e-04,4.940733e-04,-1.484847e-01,3.303249e-01,1.460086e+01
2242,5.500119e-19,-3.147494e-06,-2.316408e-04,4.788607e-04,1.496154e-01,-1.766597e+00,1.253167e+00
2243,3.962516e-18,-5.084297e-06,-2.398455e-04,4.823723e-04,2.379378e-01,3.088914e-01,1.865704e+00
2244,4.902571e-18,-3.125762e-06,-2.359376e-04,4.896971e-04,-9.263446e-02,-1.504274e-02,1.225112e+01
2245,7.265719e-19,-1.093605e-05,-2.496098e-04,4.788624e-04,-1.640881e-01,-2.729018e-01,-3.810977e+00
2246,7.986721e-18,-2.426778e-05,-2.456312e-04,4.983953e-04,-8.810759e-02,-2.205495e-02,-1.889069e+00
2247,7.441611e-18,-2.429151e-05,-2.304746e-04,4.892401e-04,-7.781737e-02,1.390461e-02,-1.804151e+00
2248,9.533115e-18,2.310774e-05,-2.294633e-04,4.846819e-04,2.568624e+00,1.180738e+00,1.170523e+01
2249,2.399419e-17,1.194048e-05,-2.421231e-04,4.890776e-04,-7.519678e-01,-6.665902e-01,6.646097e+00
2250,2.243880e-18,7.741725e-06,-2.305316e-04,4.838270e-04,-4.245592e-01,-3.746548e-01,4.811368e+00
2251,5.530439e-18,9.372565e-06,-2.312492e-04,4.968191e-04,-5.032696e-02,2.840179e-01,1.111593e+01
2252,5.286926e-19,1.539992e-06,-2.496095e-04,4.874433e-04,3.684873e-01,-2.708048e-01,4.850400e+00
2253,2.309533e-18,2.347959e-06,-2.496092e-04,4.937581e-04,5.879684e-02,5.852094e-03,9.026940e+00
2254,1.777761e-17,7.326513e-06,-2.394754e-04,4.911601e-04,1.867325e+00,-9.897528e-01,4.047826e+00
2255,4.715858e-18,8.222175e-06,-2.273441e-04,4.893810e-04,6.641138e-01,-1.629471e-01,7.814417e+00
2256,9.838280e-18,1.506135e-05,-2.296892e-04,4.954978e-04,-6.180059e-01,-2.441464e-01,1.415557e+01
2257,2.170045e-18,1.166532e-05,-2.496094e-04,4.903365e-04,-7.585067e-01,-6.650316e-02,1.893417e+00
2258,3.066063e-18,1.637047e-05,-2.469130e-04,4.861133e-04,9.330291e-02,-1.499512e-01,-1.728214e-01
2259,6.938263e-18,1.797915e-05,-2.425465e-04,4.780908e-04,5.621810e-02,-2.177278e-01,3.377956e-01
2260,1.221606e-17,2.182143e-05,-2.492597e-04,4.822999e-04,7.320491e-02,3.392430e-02,2.109940e+00
2261,3.611500e-17,2.399900e-05,-2.421699e-04,4.818585e-04,-1.488266e-02,-3.733430e-02,-1.575776e+00
2262,1.178474e-17,1.481817e-05,-2.304698e-04,4.871837e-04,7.189420e-02,2.556401e-01,9.716963e+00
2263,1.767660e-18,1.320822e-05,-2.347654e-04,4.944432e-04,2.061643e-01,4.061079e-01,1.426448e+01
2264,5.021968e-19,1.367251e-05,-2.355471e-04,4.925357e-04,-1.468223e-01,1.743685e-01,1.283940e+01
2265,2.428602e-19,1.289110e-05,-2.355467e-04,4.913550e-04,9.802065e-01,1.439252e-01,1.177112e+01
2266,4.203622e-18,1.327975e-05,-2.351068e-04,4.872147e-04,7.414874e-02,-4.965857e-02,8.115161e+00
2267,1.127612e-18,-1.073660e-05,8.693984e-05,4.737918e-04,6.713459e-01,-9.859352e-01,-1.887350e+00
2268,2.821414e-18,-1.477178e-05,5.171879e-05,4.725978e-04,3.249851e-02,1.136920e-01,-6.194153e+00
2269,5.419149e-19,-1.523431e-05,5.117224e-05,4.706963e-04,5.231080e-02,-9.935079e-01,-8.817227e+00
2270,5.393907e-19,1.014989e-05,5.742136e-05,4.710493e-04,6.998566e-01,-3.807183e+00,-6.581082e+00
2271,2.792029e-16,-4.743604e-05,1.572945e-06,5.189396e-04,-3.027242e-01,-9.521652e-01,1.176618e+01
2272,1.396095e-18,-4.933572e-05,-1.453398e-06,5.139780e-04,-1.724959e-01,3.786834e-01,9.325180e+00
2273,3.344272e-18,-4.920357e-05,-1.557613e-06,5.080455e-04,2.629481e-01,2.460506e-01,9.193313e+00
2274,4.489661e-17,-4.953161e-05,-5.206547e-06,5.058518e-04,-7.239061e-01,1.747554e+00,6.576628e+00
2275,3.389217e-18,-3.437957e-05,-1.875049e-05,5.180890e-04,1.934678e-02,1.574837e+00,1.594173e+01
2276,4.164352e-18,-4.198658e-05,-1.018199e-07,5.118140e-04,-3.257367e+00,-5.285994e-01,2.072840e+01
2277,4.964897e-18,-3.437219e-05,-2.187738e-05,5.239707e-04,-2.052756e-01,4.385990e-01,1.762188e+01
2278,1.375451e-17,-3.515701e-05,-1.407002e-05,5.173695e-04,1.642792e-01,-8.378887e-02,1.297211e+01
2279,3.345133e-18,-3.437202e-05,-1.797126e-05,5.057429e-04,-4.962976e-01,-5.529141e-01,1.282485e+01
2280,5.938929e-18,-4.322857e-05,1.158434e-06,5.236421e-04,-5.176460e+00,1.371144e+00,3.134280e+01
2281,6.893231e-19,-4.138898e-05,-8.203851e-06,5.107828e-04,-1.869022e+00,6.672919e-01,9.820544e+00
2282,6.202617e-18,-4.530627e-05,-9.377194e-06,5.135383e-04,1.417355e-01,-5.484516e-01,1.888203e+01
2283,1.741349e-17,-4.005710e-05,-8.909161e-06,5.222831e-04,2.802203e+00,5.662936e-01,2.152529e+01
2284,1.151135e-17,-3.437462e-05,-1.305509e-05,5.057768e-04,-2.589267e-01,5.123254e-01,1.060867e+01
2285,1.076625e-17,-3.436726e-05,-1.879247e-05,5.126557e-04,-2.292332e-01,5.193451e-01,1.563308e+01
2286,2.364026e-17,-4.664990e-05,-1.839275e-05,5.189074e-04,2.360762e+00,5.563313e-01,5.346903e+00
2287,2.604102e-18,-4.848918e-05,-1.180204e-05,5.119905e-04,-7.993794e-01,4.650913e-02,2.379081e+00
2288,1.079324e-18,-3.984941e-05,-1.641911e-05,5.030448e-04,1.362157e-01,-2.980135e-01,-1.474875e+00
2289,1.068491e-18,-4.179628e-05,-6.378842e-07,5.070581e-04,-2.454053e+00,8.744774e-01,1.578858e+01
2290,1.070414e-18,-4.218585e-05,-1.797217e-05,5.092391e-04,8.029124e-02,-3.161444e-01,-4.667976e-01
2291,3.115762e-17,-4.467349e-05,1.072668e-05,5.091106e-04,9.044106e-01,-2.207581e-01,1.157706e+01
2292,3.991264e-17,-3.541975e-05,3.718519e-06,5.154499e-04,-8.219937e-02,-1.859097e-01,2.369474e+00
2293,3.867903e-17,-3.452529e-05,1.496147e-05,5.051113e-04,3.368012e-01,1.222161e-01,6.316519e+00
2294,6.179454e-18,-3.275206e-05,1.327518e-05,5.103865e-04,-1.662874e-01,-3.706397e-02,4.437758e+00
2295,1.966897e-18,-3.822769e-05,1.869282e-05,5.237838e-04,1.575824e-01,1.215565e-01,8.593240e+00
2296,4.153673e-17,-5.957943e-05,-3.619189e-06,5.060228e-04,3.393576e-01,-1.131149e+00,1.157793e+01
2297,5.141339e-18,-7.109483e-05,-1.233826e-05,5.238671e-04,4.117665e-01,-3.728138e+00,1.586017e+01
2298,6.960318e-18,-7.111176e-05,-1.056516e-05,5.151197e-04,-1.207157e+00,-3.892459e+00,1.444108e+01
2299,1.348720e-17,-6.016571e-05,7.842457e-07,5.126372e-04,-3.307609e+00,-3.896956e-03,2.298534e+00
2300,3.328659e-18,-7.109203e-05,-1.560387e-06,5.250940e-04,-1.703866e-01,-9.325298e-02,6.490581e+00
2301,2.679047e-18,-5.234160e-05,-1.171693e-05,5.034863e-04,-5.828441e-01,-2.629534e-01,3.536071e-01
2302,1.107237e-18,-5.233876e-05,-1.170503e-05,5.215820e-04,-1.571166e-02,-3.388589e-02,-2.768224e+00
2303,8.384403e-18,-7.046269e-05,-1.641115e-05,5.405192e-04,4.170970e-01,-5.718059e+00,2.257441e+01
2304,2.594992e-18,-7.108751e-05,-1.560577e-06,5.378339e-04,-1.543151e-02,-5.204434e-02,4.683574e+00
2305,3.276353e-18,-5.468548e-05,-2.030867e-05,5.440261e-04,3.157754e-02,-9.230673e-01,6.818081e+00
2306,4.428683e-18,-7.109308e-05,-1.560221e-06,5.322379e-04,3.248528e-02,-4.985688e-02,3.463529e+00
2307,2.967048e-18,-5.311953e-05,-9.373155e-06,5.462981e-04,-1.048706e+00,7.027774e-02,1.614179e+00
2308,1.865585e-16,-6.721436e-05,7.581779e-06,5.320384e-04,-7.697714e-01,6.934534e-01,6.447304e+00
2309,4.457365e-17,-5.741650e-05,1.040560e-05,5.176756e-04,1.164532e+00,-3.432686e-02,2.601636e+01
2310,3.903101e-18,-5.859887e-05,9.270062e-06,5.082870e-04,-2.934685e-01,4.320012e-01,2.195024e+01
2311,1.815640e-18,-6.087153e-05,8.506497e-06,5.199295e-04,3.870274e-02,-8.129201e-01,8.578200e+00
2312,3.252495e-18,-6.254374e-05,1.251808e-05,5.173625e-04,-4.173681e+00,1.261664e+00,1.391711e+01
2313,2.352480e-18,-6.874725e-05,1.718187e-05,5.095843e-04,8.113982e-03,1.556818e-01,4.559527e+00
2314,6.246329e-18,-6.874671e-05,1.041870e-05,5.054720e-04,1.129151e-02,-1.280731e+00,2.793741e+00
2315,1.733403e-17,-6.422865e-05,4.792388e-06,5.149097e-04,3.226905e-01,-4.324580e-01,3.783763e+00
2316,5.796512e-18,-5.858912e-05,9.424977e-06,5.129390e-04,-6.217191e-01,-1.045401e-01,2.864523e+01
2317,8.140487e-17,-6.696062e-05,6.405868e-06,5.473125e-04,-8.271123e-01,-8.885818e-01,7.441903e+00
2318,7.954724e-18,-6.015363e-05,1.151974e-05,5.436514e-04,1.153666e-02,-9.132431e-01,7.929165e+00
2319,2.569001e-18,-6.874888e-05,1.718821e-05,5.441226e-04,1.115590e-02,-8.569287e-03,7.171002e+00
2320,6.129075e-18,-5.366386e-05,4.687158e-06,5.480579e-04,-1.077745e-01,-2.899439e-02,5.057241e+00
2321,4.429361e-18,-6.874900e-05,1.719253e-05,5.405398e-04,2.812177e-02,-3.933162e-02,7.966071e+00
2322,3.621138e-18,-7.272018e-05,1.178762e-05,5.323930e-04,-5.727261e-02,8.821714e-02,3.047836e+00
2323,1.781243e-18,1.642319e-04,-1.411742e-05,4.772905e-04,3.076003e-01,-3.964028e-01,1.964089e+00
2324,3.309887e-18,1.555126e-04,-2.386259e-06,4.748854e-04,4.795795e-01,-7.637044e-01,-2.188044e+00
2325,2.472168e-18,1.633447e-04,-1.412483e-05,4.910717e-04,1.646188e+00,-3.688593e-01,1.214086e+01
2326,1.718346e-18,1.703237e-04,-1.875701e-05,4.968194e-04,-8.541590e-01,4.219868e-01,8.192060e+00
2327,1.433262e-17,1.687810e-04,-2.403935e-05,4.969912e-04,-3.167230e-01,-2.000533e+00,4.245950e+00
2328,2.986334e-18,1.632693e-04,-1.407450e-05,4.878718e-04,-5.645077e-01,-4.945533e-01,1.015436e+01
2329,2.689404e-18,1.609366e-04,-4.690294e-06,4.979689e-04,9.385370e-03,-2.753486e-01,3.988950e+00
2330,3.374330e-18,1.632815e-04,-1.561187e-06,4.987817e-04,-1.065998e-02,1.018552e-01,7.738333e-01
2331,8.164600e-18,1.634446e-04,-1.407026e-05,4.822689e-04,-2.002187e-01,-2.370228e-01,5.238624e+00
2332,3.054029e-18,1.710927e-04,-1.407249e-05,4.910014e-04,-3.156750e-01,-2.781713e-01,-1.288310e+00
2333,3.128762e-18,1.546833e-04,-2.339287e-06,4.925474e-04,6.406516e-01,7.944653e-01,-2.306253e+00
2334,2.259179e-17,1.539144e-04,1.420965e-05,4.737241e-04,5.083050e-01,-1.858738e-01,-2.749832e+00
2335,7.851450e-19,1.656223e-04,1.289073e-05,4.757356e-04,-3.536115e-01,-3.115987e+00,-1.685086e+00
2336,2.608520e-18,1.531813e-04,3.764048e-06,4.759180e-04,1.280637e-01,1.800423e-01,1.070426e-01
2337,1.196797e-18,1.625029e-04,1.170527e-05,4.733946e-04,2.354292e-01,9.734842e-01,-4.912547e+00
2338,2.641999e-17,1.541429e-04,3.891978e-06,4.870759e-04,1.604364e-01,-1.465193e+00,6.204750e+00
2339,4.254550e-17,1.627991e-04,8.761982e-06,4.856413e-04,1.757969e-01,-2.264479e+00,3.401350e+00
2340,1.285261e-18,1.570362e-04,1.015821e-05,4.999324e-04,2.632204e-01,1.829736e-01,8.685064e+00
2341,5.512915e-18,1.516832e-04,3.897470e-06,4.952591e-04,-1.732776e-01,5.705851e-01,1.228282e+01
2342,1.990150e-17,1.664873e-04,1.609909e-05,4.849498e-04,-8.627439e-01,5.595938e-02,5.419767e+00
2343,1.156475e-18,1.718826e-04,1.404680e-05,4.874434e-04,-1.241491e-01,-7.835029e-02,2.828157e-01
2344,2.626425e-18,1.531427e-04,3.901241e-06,4.792731e-04,4.440044e-01,4.007006e-02,2.244617e+00
2345,1.233445e-18,1.570262e-04,1.015688e-05,4.843207e-04,1.994161e-01,1.965860e-01,2.760586e+00
2346,7.441516e-18,1.570299e-04,1.015855e-05,4.928506e-04,-1.874071e-01,-2.853537e-01,5.936238e+00
2347,2.563259e-18,1.555588e-04,7.085423e-06,4.894323e-04,3.749913e-01,-4.882744e-01,1.144780e+00
2348,4.177767e-18,1.656296e-04,2.171947e-05,4.964950e-04,1.953912e-01,3.747552e+00,1.672228e+01
2349,5.935857e-19,1.656117e-04,1.445370e-05,4.788598e-04,1.971953e-01,3.280617e-01,2.124393e+00
2350,3.600956e-18,1.625982e-04,1.172638e-05,4.795851e-04,2.553118e-01,2.774957e-01,1.941287e+00
2351,1.050337e-18,1.585926e-04,2.460941e-05,4.909762e-04,-4.348652e-02,-2.608768e-01,-1.827586e+00
2352,1.015093e-17,1.541473e-04,2.427780e-05,4.833767e-04,-4.804578e-02,3.204181e-02,-1.790215e+00
2353,5.138634e-19,2.121094e-04,9.765674e-06,4.761279e-04,2.117971e+00,-3.281507e-01,-6.148487e-01
2354,1.714227e-18,2.054568e-04,1.719256e-05,4.749547e-04,6.468934e-01,-3.995795e-01,1.179532e+00
2355,1.155692e-18,2.085895e-04,2.148437e-05,4.745757e-04,-1.721788e+00,5.468528e-01,2.265912e+00
2356,2.821777e-19,2.121094e-04,1.054714e-05,4.741746e-04,-1.682445e+00,9.604780e-02,-3.186838e+00
2357,6.751983e-17,2.038354e-04,1.534419e-05,4.858932e-04,-3.070534e-01,-6.551420e-01,5.133274e+00
2358,5.343752e-17,2.133369e-04,1.193573e-05,4.890602e-04,6.111090e-01,5.654036e-01,9.918921e+00
2359,7.867480e-17,2.195649e-04,9.290585e-06,4.853502e-04,-7.013987e-01,-6.324651e-01,4.829551e+00
2360,2.743749e-18,2.140840e-04,1.562214e-05,4.949247e-04,-1.396739e-01,7.537141e-01,8.363613e+00
2361,2.994061e-18,2.129056e-04,1.004658e-05,4.829771e-04,2.035986e-01,-2.184223e-01,7.973797e+00
2362,5.067385e-17,2.222529e-04,1.425974e-05,4.977205e-04,-4.581418e-01,1.068087e+00,2.662863e+00
2363,1.322889e-17,2.090313e-04,2.096930e-05,4.799901e-04,-3.642505e-01,-2.843635e-01,4.625077e+00
2364,4.986787e-17,2.029262e-04,5.873893e-06,4.834002e-04,-8.743459e-02,-7.268199e-01,2.062386e+00
2365,5.504116e-17,2.187700e-04,5.987004e-07,4.852799e-04,-1.485863e+00,8.857900e-01,1.086209e+00
2366,5.794469e-19,2.238278e-04,6.228842e-06,4.843198e-04,6.594394e-02,4.191697e-01,-1.328578e+00
2367,2.648897e-18,2.062494e-04,2.460946e-05,4.827934e-04,6.700554e-03,3.127186e-02,-2.928664e+00
2368,2.058393e-17,2.056901e-04,-1.640449e-05,4.822817e-04,-1.263434e+00,-1.307193e-01,2.466405e+00
2369,2.669726e-17,2.106026e-04,-2.421892e-05,4.956606e-04,-5.208131e-02,5.152952e-02,-1.234878e+00
2370,1.775824e-17,2.194685e-04,-1.457114e-05,4.859331e-04,2.110080e-01,-4.138619e-01,4.193554e+00
2371,8.523067e-17,2.105685e-04,-2.334387e-05,4.957682e-04,-2.268212e-03,1.026305e-01,-7.676092e-01
2372,2.060020e-18,2.070487e-04,-1.015738e-05,4.854874e-04,-1.566673e-01,-9.123889e-02,-8.513801e-01
2373,3.085437e-18,2.156209e-04,-1.643371e-05,4.831449e-04,-7.928745e-03,-1.590458e-01,-2.672414e+00
2374,2.907965e-18,2.148102e-04,-1.488208e-05,4.800299e-04,5.516412e-01,3.314081e-02,-1.433604e+00
2375,2.531081e-18,-6.332923e-05,-1.655566e-05,4.742471e-04,1.332378e+00,-3.353940e+00,1.000708e+00
2376,1.299540e-18,-5.391883e-05,-7.088346e-06,4.741726e-04,7.952846e-01,1.270350e-01,-7.786504e-01
2377,2.419584e-19,-8.320279e-05,1.289019e-05,4.749525e-04,-8.785808e-01,2.562721e-01,1.320127e+00
2378,5.696209e-19,-8.242184e-05,1.289057e-05,4.737643e-04,-8.362140e-01,-1.467191e+00,-8.495699e-01
2379,2.406802e-19,-8.320205e-05,1.288952e-05,4.726130e-04,2.235116e+00,-1.092532e+00,-4.702772e+00
2380,8.240082e-19,1.171682e-06,-1.019531e-04,4.714181e-04,1.295879e-02,1.439423e-01,-4.993133e+00
2381,3.192378e-18,1.179747e-05,-1.078285e-04,4.766534e-04,7.061918e-01,3.799767e-01,1.287947e+00
2382,2.605196e-17,7.011323e-06,-1.071725e-04,4.808302e-04,2.633011e-01,-5.379776e-01,2.374347e+00
2383,2.999563e-17,9.677262e-06,-1.050500e-04,4.934555e-04,-2.212307e+00,1.502547e+00,1.171215e+01
2384,2.600374e-17,3.302085e-06,-1.201248e-04,4.980139e-04,1.640115e+00,-1.668605e+00,6.451586e+00
2385,9.405640e-18,1.175608e-05,-1.077368e-04,4.839658e-04,1.526014e-01,-7.933986e-01,7.285093e+00
2386,4.305323e-18,1.774142e-05,-1.116974e-04,4.974523e-04,1.053058e-01,1.383576e+00,-5.902340e-01
2387,1.460601e-18,3.991135e-06,-1.116294e-04,4.906995e-04,-1.575564e+00,6.025962e-01,5.186294e+00
2388,1.264031e-18,2.339384e-06,-1.019530e-04,4.886178e-04,-2.018134e+00,1.365820e+00,1.179790e+01
2389,4.927545e-18,5.984234e-06,-1.117502e-04,4.840180e-04,8.827109e-01,-7.378153e-02,2.791511e+00
2390,2.845272e-18,1.094830e-05,-1.212533e-04,4.842972e-04,1.123150e-01,-6.134448e-01,1.222281e+00
2391,9.524207e-17,1.229487e-05,-9.894782e-05,4.942121e-04,-8.297637e-01,-1.892011e-01,3.367732e+00
2392,4.466316e-19,1.054781e-05,-1.066410e-04,4.882269e-04,2.308370e-01,-8.596362e-01,7.086046e+00
2393,3.782986e-18,2.460946e-05,-1.117080e-04,4.891715e-04,3.517366e-02,8.081949e-03,-2.613451e+00
2394,6.536815e-17,1.202062e-05,-8.118123e-05,4.931345e-04,1.200813e+00,-9.672448e-01,6.153389e+00
2395,1.756662e-18,1.003007e-05,-8.186338e-05,4.854801e-04,-6.044750e-01,-8.138050e-01,5.972256e+00
2396,2.050040e-17,1.647969e-05,-8.036925e-05,4.844511e-04,-3.578857e-01,1.989412e+00,4.378285e+00
2397,2.529521e-17,1.539958e-05,-9.290546e-05,4.828766e-04,1.502850e+00,6.321883e-02,7.591491e-01
2398,8.317435e-19,8.451525e-06,-8.217641e-05,4.811997e-04,1.802883e-01,-1.526068e-01,2.500235e+00
2399,2.521087e-18,1.490771e-05,-7.807135e-05,4.949852e-04,1.793540e-01,-8.929515e-02,9.643348e-01
2400,1.306712e-18,1.173785e-05,-9.843237e-05,4.866630e-04,1.276442e-01,4.207759e-01,3.936815e+00
2401,2.390238e-19,5.079842e-06,-9.726580e-05,4.929014e-04,1.894504e-02,1.459779e-01,1.859042e+00
2402,2.387366e-19,5.860710e-06,-9.804619e-05,4.929025e-04,-6.908412e-02,-4.341656e-02,2.087453e+00
2403,3.342056e-18,1.172342e-05,-8.749298e-05,4.972199e-04,1.323127e-01,6.908613e-02,2.669787e+00
2404,2.563033e-17,2.380606e-05,-8.752845e-05,4.927726e-04,2.416478e+00,6.969383e-03,1.743735e+00
2405,3.644725e-18,5.462182e-06,-9.546033e-05,4.832202e-04,2.290967e-01,1.259118e+00,1.843684e+00
2406,1.405511e-18,1.169717e-05,-8.047214e-05,4.975895e-04,-1.414254e-01,-3.384037e-01,-6.454413e-01
2407,1.589141e-18,1.640530e-05,-9.067005e-05,4.843314e-04,-1.327703e+00,-1.788629e+00,-4.045093e+00
2408,2.157480e-18,2.460938e-05,-8.982740e-05,4.858817e-04,5.650708e-02,1.874969e-01,-3.472583e+00
2409,3.898403e-17,-3.915174e-06,2.042097e-04,4.965726e-04,-2.608070e-01,-1.239412e+00,1.448600e+01
2410,6.547436e-17,7.277562e-06,2.117912e-04,4.845280e-04,3.717541e-01,2.751464e+00,2.986983e+00
2411,2.442600e-17,9.817702e-06,2.039945e-04,4.892352e-04,8.651900e-01,1.686606e-02,9.467395e+00
2412,2.121923e-17,-8.320146e-06,2.114927e-04,4.916642e-04,2.394154e+00,2.719688e+00,4.092159e+00
2413,3.902586e-17,-1.639298e-05,2.175998e-04,4.816694e-04,-1.416183e-01,-1.344923e+00,3.548347e+00
2414,6.926600e-18,1.171875e-05,2.164109e-04,4.952494e-04,1.352140e-01,1.867430e-01,6.251477e+00
2415,4.711685e-18,9.378338e-06,2.234407e-04,4.865636e-04,3.342843e-02,1.961150e-01,4.678824e+00
2416,2.423981e-17,1.180244e-05,2.045612e-04,4.800855e-04,-7.687322e-01,-1.077453e+00,2.695153e+00
2417,6.388550e-17,-3.866279e-06,2.220097e-04,4.887084e-04,-2.250676e+00,1.057309e-01,3.594889e+00
2418,5.487394e-19,-1.757805e-05,2.132370e-04,4.890134e-04,-2.838170e-01,4.103096e-01,7.055230e+00
2419,1.385910e-17,-1.330265e-05,2.142020e-04,4.879157e-04,3.416078e-02,-2.123310e+00,4.611139e+00
2420,7.416313e-19,-6.905271e-06,2.087330e-04,4.999281e-04,-3.029539e-01,-4.706393e-01,2.753781e+00
2421,3.188477e-18,7.802655e-06,2.039017e-04,4.846807e-04,-5.936311e-02,-2.631430e-01,8.525121e+00
2422,4.363553e-18,-1.796061e-05,2.132200e-04,4.803685e-04,-9.598222e-02,-2.669695e-01,2.833309e+00
2423,1.951036e-17,-9.250295e-06,2.165498e-04,4.813102e-04,-1.269204e+00,1.804709e-01,1.187401e+00
2424,3.456363e-18,5.456577e-06,2.211271e-04,4.870629e-04,-3.517004e+00,-1.419715e-01,4.613062e+00
2425,3.561060e-18,-9.375460e-06,2.046069e-04,4.938146e-04,-4.314757e-01,-6.130171e-01,4.886859e+00
2426,2.988127e-18,5.430217e-06,2.023647e-04,4.808682e-04,1.026497e+00,1.714345e-02,3.703447e+00
2427,2.879737e-18,5.489110e-06,2.132810e-04,4.917801e-04,-6.816716e-01,-3.574457e-01,3.744979e+00
2428,3.437298e-17,2.401315e-05,2.018686e-04,4.877912e-04,2.539744e-02,5.681772e-03,-1.382031e+00
2429,4.568876e-18,-2.347157e-06,2.148408e-04,4.975730e-04,-1.178181e-01,-1.106995e-01,3.170792e+00
2430,3.457608e-17,2.137205e-05,2.154442e-04,4.833286e-04,8.629586e-01,-5.303963e-01,-2.614295e-01
2431,1.813229e-18,-1.881608e-05,2.164800e-04,4.920139e-04,5.429613e-01,-2.653705e-01,1.107828e+01
2432,1.345015e-17,-4.121811e-06,2.027717e-04,4.920127e-04,-4.638194e-01,-3.265562e+00,1.445633e+01
2433,2.566560e-19,-3.515556e-06,2.042970e-04,4.788620e-04,-7.867441e-02,3.058928e+00,2.950453e+00
2434,1.939839e-18,-1.890209e-05,2.164011e-04,4.947069e-04,-6.703588e-01,6.884348e-02,1.267575e+01
2435,5.362956e-18,-6.247079e-06,1.994756e-04,4.941093e-04,7.559133e-02,-7.376025e-01,8.415849e-01
2436,1.572902e-18,-1.876836e-05,2.164115e-04,4.890104e-04,1.130425e-01,-5.319124e-01,9.509892e+00
2437,2.910607e-18,-7.038820e-06,2.085960e-04,4.847450e-04,-1.953634e-01,-5.286717e-01,4.481321e-01
2438,1.958014e-18,-1.868505e-05,2.163160e-04,4.794886e-04,1.505184e-01,5.635056e-01,6.172845e+00
2439,6.018197e-19,-3.901555e-07,2.219121e-04,4.858786e-04,-7.636423e-01,-4.488902e-01,4.351091e+00
2440,1.881722e-18,6.249763e-06,2.071452e-04,4.926969e-04,2.031971e-02,-1.951601e-01,1.540884e+00
2441,4.727111e-18,4.344241e-06,2.195214e-04,4.956196e-04,1.071502e+00,-1.692223e-01,2.953945e+00
2442,4.745194e-18,1.052310e-05,2.164576e-04,4.813887e-04,2.984953e-01,2.256395e-01,5.489772e-01
2443,1.223577e-18,1.010811e-05,2.000189e-04,4.788598e-04,-5.374605e-01,3.916510e-03,2.170543e+00
2444,1.198052e-18,9.395323e-06,2.210625e-04,4.804217e-04,1.920533e-01,1.129425e+00,1.583858e+00
2445,1.904856e-18,7.806518e-06,2.039110e-04,4.806325e-04,1.330791e+00,-1.548973e-01,5.388984e+00
2446,2.065834e-17,-7.828596e-06,1.827297e-04,4.881306e-04,8.240273e-01,5.325408e-01,1.550248e+01
2447,8.934214e-18,-3.902087e-06,1.796866e-04,4.964410e-04,-3.628060e-01,-2.363435e-01,1.188013e+01
2448,1.551884e-18,-1.015247e-05,1.843742e-04,4.968102e-04,2.526175e-01,-1.179919e-01,4.642713e+00
2449,2.183151e-17,-3.017644e-06,1.839928e-04,4.893744e-04,2.582579e+00,-1.193344e+00,3.480665e+00
2450,2.706664e-18,-6.248445e-06,1.929917e-04,4.822949e-04,4.291699e-02,8.494059e-01,2.066721e+00
2451,6.814295e-18,-8.734214e-06,1.914048e-04,4.904254e-04,7.567239e-02,2.668799e-01,1.201535e+00
2452,6.862255e-19,-9.766108e-06,1.847656e-04,4.831078e-04,1.708557e+00,-1.570907e+00,3.363689e+00
2453,4.832473e-18,-5.468730e-06,1.940689e-04,4.925218e-04,-5.755748e-02,1.546931e+00,6.236966e+00
2454,7.559532e-18,-1.719025e-05,1.839597e-04,4.968548e-04,-2.613482e-01,-2.959078e-01,2.991791e+00
2455,1.217532e-18,-3.697047e-06,1.802827e-04,4.798055e-04,2.019299e+00,5.780837e-01,3.178742e+00
2456,2.641766e-17,1.407216e-06,1.854745e-04,4.885273e-04,2.351377e+00,-1.025407e+00,7.757607e+00
2457,7.750731e-19,-6.317268e-07,1.871094e-04,4.838353e-04,-5.982644e-01,-1.671442e-01,4.720499e+00
2458,1.228085e-18,-2.031803e-05,1.843906e-04,4.851082e-04,-3.877742e-01,3.232646e-01,-3.985909e+00
2459,1.787433e-18,-2.460932e-05,1.859372e-04,4.956577e-04,-1.327410e-01,-8.615327e-02,-2.475314e+00
2460,3.515635e-18,1.570826e-06,1.773302e-04,4.995429e-04,9.762341e-02,-9.257738e-01,9.778707e+00
2461,2.630575e-17,6.492215e-06,1.882839e-04,4.846877e-04,6.278476e-01,6.029338e-01,2.336592e+00
2462,8.569093e-17,1.419472e-05,1.880586e-04,4.870827e-04,-3.207886e-01,-6.135976e-01,2.258491e+00
2463,1.330340e-17,1.370404e-05,1.955060e-04,4.918797e-04,-6.649622e-03,-9.233126e-01,4.473306e+00
2464,3.558599e-18,1.559229e-06,1.789061e-04,4.909331e-04,1.875335e-01,5.438680e-01,7.838263e+00
2465,1.526005e-18,7.813472e-06,1.773420e-04,4.905620e-04,6.529159e-02,-4.002948e-02,-1.405070e+00
2466,5.423245e-19,3.905693e-06,1.964843e-04,4.983671e-04,-2.876978e-01,1.725470e+00,1.365386e+01
2467,2.399439e-18,2.460934e-05,1.851529e-04,4.904728e-04,1.078399e-01,-1.912510e-01,-3.448803e+00
2468,5.888538e-19,-1.367206e-05,2.148433e-05,4.698817e-04,7.707661e-01,3.552876e-01,-1.073151e+00
2469,2.791674e-19,-1.835943e-05,1.132854e-05,4.749525e-04,5.625492e-01,-3.345522e-02,1.178541e+00
2470,8.680279e-19,-1.523437e-05,4.648456e-05,4.745683e-04,1.256311e+00,1.650347e+00,-3.968528e-01
2471,3.384798e-18,7.344296e-05,-3.910001e-06,4.963935e-04,6.028623e-01,9.296132e-01,1.220151e+01
2472,3.702124e-17,7.203435e-05,-1.294483e-06,4.896816e-04,-1.212313e-01,-5.448953e-01,1.037769e+01
2473,2.209123e-17,7.281892e-05,2.041984e-05,4.830808e-04,5.161253e-01,3.900236e-01,5.246992e+00
2474,7.447989e-17,6.784312e-05,-4.565125e-06,4.863164e-04,7.815083e-01,7.758244e-01,7.250557e+00
2475,3.583215e-17,7.530726e-05,-1.135895e-05,4.924246e-04,8.763278e-01,2.972459e-01,9.704799e+00
2476,4.485344e-18,6.327881e-05,1.562224e-06,4.850404e-04,-1.436173e-01,-5.342639e-02,2.599749e+00
2477,4.698882e-18,6.015680e-05,4.962463e-06,4.886095e-04,3.850908e-02,-3.167101e-01,4.538268e+00
2478,3.503608e-17,5.609287e-05,-2.400814e-05,4.987468e-04,-5.276092e-02,1.645698e-02,-1.338098e+00
2479,2.700700e-18,6.796844e-05,1.796770e-05,4.877924e-04,3.030284e-01,3.852902e-01,6.240481e+00
2480,4.241676e-18,6.171796e-05,1.881163e-06,4.971540e-04,-1.868550e-02,-8.078776e-01,5.782163e+00
2481,4.975685e-18,5.468476e-05,-9.380303e-06,4.953441e-04,2.680756e-01,-1.026100e-01,7.972536e+00
2482,2.330102e-18,5.231543e-05,-2.188425e-06,5.012428e-04,1.191607e+00,1.458505e+00,1.148176e+01
2483,8.085776e-17,6.977040e-05,-9.434907e-06,5.038508e-04,1.372138e+00,3.072831e-01,6.596913e+00
2484,8.220022e-18,6.289227e-05,-8.601005e-06,4.888225e-04,1.184414e+00,-1.735588e-01,3.952751e+00
2485,3.396322e-19,6.210902e-05,-1.172002e-06,4.819778e-04,-3.253149e-01,-1.758043e+00,1.672086e+00
2486,4.621879e-17,7.382487e-05,-2.387695e-05,4.949002e-04,1.606418e-02,-3.847085e-02,-1.481554e+00
2487,4.739308e-18,7.580140e-05,-1.090178e-05,4.868362e-04,-2.148430e-01,-7.436329e-01,9.996566e+00
2488,2.160924e-18,7.282636e-05,-1.084758e-06,4.834263e-04,7.740889e-01,1.642313e+00,9.299072e+00
2489,3.940785e-18,7.346209e-05,-4.126073e-06,4.915827e-04,1.090820e-01,1.327543e+00,8.316787e+00
2490,1.550466e-18,6.630609e-05,-5.695772e-06,4.806984e-04,-1.306879e+00,2.769533e+00,6.112354e+00
2491,1.653721e-18,7.357733e-05,-4.787677e-06,4.886333e-04,-3.388405e-02,-4.368286e-01,8.589173e+00
2492,5.150342e-19,6.601588e-05,-5.078349e-06,4.776619e-04,2.928606e+00,9.349797e-01,1.208799e+00
2493,8.125625e-19,7.304679e-05,-1.953628e-06,4.855085e-04,2.176625e-01,8.673773e-01,1.089693e+01
2494,3.862224e-18,7.344543e-05,-4.776638e-06,4.857124e-04,1.063744e-01,-1.010655e+00,6.840045e+00
2495,7.473160e-19,7.226499e-05,-1.210929e-05,5.019656e-04,-1.948353e+00,2.696403e+00,2.715166e+00
2496,3.075911e-17,6.059031e-05,-2.403631e-05,4.849923e-04,-1.153761e-03,-1.920056e-02,-1.510658e+00
2497,4.803090e-18,6.640673e-05,3.125678e-06,4.982456e-04,-4.447465e-01,3.000956e-02,2.096896e+00
2498,1.688053e-18,6.796372e-05,1.718798e-05,4.788590e-04,2.725714e-01,-4.453238e-01,-3.124361e-01
2499,1.143834e-17,8.724017e-05,-7.031816e-06,4.873157e-04,3.296242e-01,1.234147e+00,7.032543e+00
2500,1.361050e-16,8.765336e-05,-7.891333e-06,4.877492e-04,-1.498521e+00,1.687280e+00,7.220448e+00
2501,8.497432e-18,9.058471e-05,-1.566737e-05,4.900727e-04,-1.421723e+00,-2.747973e-01,1.734522e+01
2502,2.061124e-18,9.063864e-05,-1.406174e-05,4.856580e-04,1.820223e+00,3.610789e-02,1.292080e+01
2503,1.833373e-18,8.744175e-05,-6.097981e-06,4.817061e-04,4.360925e-01,7.591394e-02,6.811229e+00
2504,2.350424e-18,7.968797e-05,-1.025894e-05,4.923146e-04,7.230743e-02,-1.137566e+00,6.764849e+00
2505,3.775476e-18,8.515751e-05,-3.126034e-06,4.929472e-04,3.233742e-02,-5.870044e-02,5.462608e+00
2506,6.971396e-18,9.554308e-05,-3.124530e-06,4.800652e-04,5.508206e-01,-4.922432e-02,9.685916e-01
2507,2.561380e-18,9.294766e-05,-1.094043e-05,4.776551e-04,1.410418e-01,8.985776e-01,-1.303301e+00
2508,6.581497e-18,8.515456e-05,-3.126530e-06,4.801292e-04,-2.134818e-02,1.437347e-02,1.022061e+00
2509,3.443291e-18,7.969137e-05,-8.608093e-06,4.862779e-04,-3.669827e-02,4.987614e-01,4.287915e+00
2510,2.651966e-19,9.101653e-05,-1.367205e-05,4.835456e-04,1.533991e+00,2.395386e+00,1.090580e+01
2511,3.555507e-18,9.067255e-05,-1.289084e-05,4.807179e-04,7.596758e-01,2.410467e+00,6.639268e+00
2512,1.022698e-18,8.047941e-05,-1.563306e-05,4.819838e-04,3.768105e-01,-6.324515e-01,-2.882769e+00
2513,2.892912e-18,8.964681e-05,-1.124601e-05,4.865141e-04,-2.870867e+00,-1.986121e-01,1.388431e+01
2514,1.124313e-18,8.728038e-05,-8.204495e-06,4.816584e-04,1.425453e+00,3.188720e+00,6.320559e+00
2515,3.730702e-18,7.656655e-05,-1.088335e-05,4.829690e-04,6.839811e-01,-1.778036e-01,6.913514e+00
2516,1.038755e-18,8.789076e-05,-1.108972e-05,4.821783e-04,-3.462751e+00,3.689589e-01,7.876523e+00
2517,2.916946e-18,8.510836e-05,-3.131785e-06,4.870388e-04,-2.674215e-01,-8.847280e-01,3.462659e+00
2518,3.580860e-17,6.464160e-05,-1.150688e-05,5.074284e-04,-7.454844e-02,-1.076137e-01,3.218406e+00
2519,4.188991e-17,5.459872e-05,-5.734092e-06,5.103917e-04,7.299186e-03,-2.009601e-03,1.376820e+01
2520,4.288938e-18,5.294670e-05,-7.157221e-06,5.170617e-04,-2.468960e-01,-1.438434e+00,1.716369e+01
2521,3.763897e-17,6.960672e-05,-6.447477e-06,5.135935e-04,3.921309e-01,1.175262e-01,7.155831e+00
2522,9.827846e-19,6.172113e-05,-7.040385e-06,5.123189e-04,1.922789e-01,-2.734584e-01,3.185443e+00
2523,5.908766e-18,5.942333e-05,-1.716944e-05,5.044475e-04,9.707212e-02,2.698214e-01,-6.961438e-02
2524,5.752829e-17,2.378200e-04,-2.450429e-06,5.108750e-04,5.705962e-01,1.507283e+00,7.617871e+00
2525,2.293665e-16,2.317817e-04,5.520900e-07,5.256917e-04,6.328813e-01,3.056655e-01,7.730929e+00
2526,7.284817e-17,2.454106e-04,1.119547e-06,5.203018e-04,-1.112599e-01,-1.062384e+00,1.057881e+01
2527,1.212408e-17,2.316606e-04,1.144791e-06,5.066953e-04,1.116237e-02,-5.657628e-01,5.919585e+00
2528,2.213666e-17,2.305075e-04,-1.505009e-06,5.044140e-04,2.142062e-01,2.084300e+00,7.880413e+00
2529,1.366479e-18,2.496091e-04,7.773680e-07,5.034481e-04,-1.549627e-01,-1.944985e-01,1.216425e+01
2530,8.319725e-17,2.487073e-04,1.059390e-05,5.196073e-04,-1.320077e-02,2.652822e-01,3.245521e+00
2531,8.430889e-17,2.487503e-04,2.099632e-05,5.167729e-04,-2.950170e-01,1.304483e+00,9.349499e+00
2532,1.283199e-18,2.398431e-04,8.593324e-06,5.208098e-04,8.043489e-02,-4.374625e-02,1.522751e+00
2533,6.031250e-17,2.488324e-04,1.801218e-05,5.100018e-04,-5.822674e-01,1.682972e+00,1.288282e+01
2534,2.723803e-17,2.333883e-04,7.922078e-06,5.132828e-04,-1.300177e-01,-3.518699e-01,5.389851e+00
2535,1.887404e-17,2.493034e-04,4.501771e-06,5.157096e-04,-1.283124e-01,2.460605e+00,1.565537e+01
2536,1.567072e-17,2.392147e-04,1.446074e-05,5.232946e-04,-3.682176e-01,5.091066e-01,8.033856e+00
2537,9.613310e-18,2.492776e-04,1.245324e-05,5.125171e-04,6.211307e-02,1.951477e-01,4.595864e+00
2538,7.967454e-18,2.317269e-04,9.359099e-06,5.077151e-04,1.053444e-01,7.449375e-01,4.306431e+00
2539,7.506742e-19,2.496103e-04,1.392645e-05,5.048330e-04,2.702951e-01,2.221951e-01,1.120355e+01
2540,2.853079e-18,2.343764e-04,9.377133e-06,5.026692e-04,2.655911e-02,1.694975e-02,4.645660e+00
2541,1.447240e-18,2.273374e-04,5.465109e-06,5.092035e-04,-3.064794e-01,-2.144979e-01,5.024268e+00
2542,4.709833e-18,2.445326e-04,4.687178e-06,5.108852e-04,5.464548e-02,2.210010e-01,9.327410e+00
2543,8.651615e-18,2.492974e-04,-6.295527e-06,5.239577e-04,6.523222e-02,-1.458486e-01,8.624047e+00
2544,4.140699e-17,2.475500e-04,-1.187435e-05,5.056571e-04,1.469313e+00,1.104815e+00,4.586549e+00
2545,6.750467e-18,2.426808e-04,-3.911692e-06,5.201495e-04,3.731846e-01,5.895346e-02,9.021240e+00
2546,1.009862e-17,2.304706e-04,-1.406829e-05,5.097074e-04,1.671102e-01,-1.107717e-01,1.691714e+01
2547,6.616440e-18,2.429998e-04,-3.900131e-06,5.129673e-04,-2.291149e-01,-3.444743e-02,7.732198e+00
2548,1.097168e-17,2.492646e-04,-1.645737e-05,5.198659e-04,5.040982e-02,-5.971378e-01,1.950294e+00
2549,9.792213e-19,2.273412e-04,-2.340870e-06,5.153734e-04,-2.536469e-01,1.567878e-01,3.134059e+00
2550,1.222417e-18,2.453054e-04,-2.377938e-06,5.061281e-04,-8.296525e-02,1.172934e-01,4.392698e+00
2551,1.404817e-18,2.414051e-04,-8.585726e-06,5.022717e-04,-1.322942e-01,-1.234069e+00,1.966050e+01
2552,5.476974e-18,2.320226e-04,-1.015489e-05,5.157865e-04,5.676706e-02,-1.359805e-01,1.617363e+01
2553,1.301114e-17,2.320347e-04,-9.382436e-06,5.057083e-04,4.697074e-02,1.099058e-01,1.202138e+01
2554,2.687455e-17,2.417336e-04,-6.420223e-06,5.063901e-04,4.529787e-01,1.853760e+00,2.062709e+01
2555,6.918504e-18,2.454712e-04,1.481015e-05,5.106980e-04,1.141377e+00,3.678735e-01,8.553567e+00
2556,1.166824e-17,2.328418e-04,-1.016215e-05,5.210575e-04,-2.425991e-01,-1.066885e-01,1.735180e+01
2557,2.946739e-19,2.496094e-04,-9.765754e-06,5.261997e-04,5.104873e-01,-1.894326e+00,6.067569e+00
2558,1.563834e-18,2.496098e-04,7.840173e-07,5.080069e-04,1.539461e-02,-4.378306e-01,1.545102e+01
2559,2.641270e-18,2.320319e-04,-5.475771e-06,5.118622e-04,-7.607169e-02,-3.125099e-01,9.037137e+00
2560,6.931743e-18,2.309522e-04,-1.562037e-05,5.232355e-04,2.407590e-01,2.976769e-02,2.328614e+01
2561,4.038491e-17,2.347975e-04,-2.013434e-05,5.337347e-04,2.613363e+00,-2.640561e+00,2.661043e+01
2562,3.890825e-18,2.328660e-04,-1.250466e-05,5.470181e-04,-4.567383e-01,7.704413e-02,2.574235e+01
2563,3.117079e-17,2.490078e-04,1.855642e-05,5.464456e-04,-9.840779e-02,4.868597e+00,1.265820e+01
2564,5.152978e-18,2.328156e-04,-1.016382e-05,5.285083e-04,-3.029755e-02,9.524794e-02,1.959034e+01
2565,3.654055e-17,2.491071e-04,-5.404458e-06,5.341902e-04,-1.051104e+00,-7.905379e-01,1.457400e+01
2566,8.549800e-18,2.328594e-04,-1.174331e-05,5.369764e-04,1.072681e-01,1.517672e-01,2.320300e+01
2567,1.379966e-16,2.296489e-04,1.013362e-05,5.388624e-04,-4.119995e-01,3.538167e-01,8.214276e+00
2568,2.884640e-18,2.453191e-04,1.562890e-06,5.303892e-04,1.281156e-01,-2.421134e-01,8.814363e+00
2569,8.082293e-18,2.429771e-04,-5.517699e-07,5.460428e-04,-8.467546e-02,7.811513e-01,1.385860e+01
2570,3.056730e-18,2.429755e-04,-3.128667e-06,5.418108e-04,-9.331004e-02,-1.023160e-01,1.328000e+01
2571,1.591822e-18,2.496093e-04,1.566133e-06,5.319323e-04,1.289882e-01,-5.367242e-02,7.160530e+00
2572,9.109541e-18,2.388747e-04,-1.860415e-05,5.332719e-04,-2.465820e-01,8.953640e-01,7.327482e+00
2573,1.452052e-18,2.453180e-04,4.695568e-06,5.391883e-04,3.127841e-02,2.364734e-01,9.692717e+00
2574,3.641639e-18,2.496093e-04,-1.207920e-05,5.492593e-04,3.654578e-01,-6.681900e-01,1.327596e+01
2575,1.685761e-17,2.425202e-04,1.615420e-05,5.358672e-04,3.389263e-01,-7.972830e-01,3.692852e+00
2576,1.335919e-17,2.492919e-04,1.149553e-05,5.470280e-04,6.454932e-02,-2.197458e-01,4.460602e+00
2577,1.011497e-17,2.344090e-04,3.898872e-06,5.431201e-04,3.832826e-02,1.586222e-02,6.927571e+00
2578,1.214804e-18,2.367169e-04,1.327289e-05,5.376625e-04,6.764340e-04,-1.269656e-01,-9.494064e-01
2579,9.687693e-19,2.414045e-04,1.406166e-05,5.483545e-04,-1.610694e-02,6.643392e-03,-9.273963e-03
2580,1.490854e-16,1.000355e-05,7.050983e-07,4.958371e-04,-1.532455e+00,-2.516698e-01,7.162103e+00
2581,2.579134e-18,2.034809e-05,1.487526e-05,4.993710e-04,2.114646e+00,2.132046e+00,1.600146e+01
2582,4.657164e-16,1.030716e-05,1.629475e-05,5.043958e-04,-3.104965e-01,-9.463764e-01,1.281223e+01
2583,3.655781e-18,1.247431e-05,1.627171e-05,4.806045e-04,4.416846e-01,9.104473e-01,7.483109e+00
2584,2.465999e-19,1.132824e-05,1.210939e-05,4.882165e-04,-4.242281e-01,-3.113588e+00,9.417204e+00
2585,9.709177e-17,1.798007e-05,6.431031e-06,4.840080e-04,-1.980690e+00,1.384168e+00,4.087094e+00
2586,2.247069e-17,1.790685e-05,2.424957e-06,4.926052e-04,-2.643582e+00,7.330852e-01,1.566144e+00
2587,2.699893e-17,8.099134e-06,3.947299e-06,4.849217e-04,-1.074520e+00,-1.949797e+00,4.001703e+00
2588,2.658209e-18,2.107246e-05,2.344835e-05,4.933329e-04,1.232731e-01,8.185959e-02,3.852604e-01
2589,2.759051e-18,2.110210e-05,1.015524e-05,4.940388e-04,6.548170e-01,-6.086372e-01,1.921684e+00
2590,5.581974e-18,3.232336e-06,1.549120e-06,4.840401e-04,9.383846e-02,4.115910e-01,-1.723853e+00
2591,2.105317e-18,5.346344e-06,1.405484e-05,4.849074e-04,-1.198251e-01,-5.072368e-01,-7.381297e-01
2592,6.593100e-17,1.244037e-05,-1.396000e-05,4.980462e-04,4.454302e-01,1.056531e+00,4.489210e+00
2593,4.536459e-17,3.462114e-06,-2.039460e-05,4.943360e-04,2.217449e+00,8.145803e-01,7.889101e+00
2594,4.819822e-18,1.953440e-05,-1.718673e-05,4.883121e-04,-2.164801e-01,-2.991962e-01,2.481308e+00
2595,3.418289e-18,1.953147e-05,-1.718614e-05,4.964165e-04,3.176588e-02,9.109563e-02,1.900427e+00
2596,2.959927e-18,1.315685e-05,-1.019621e-05,4.874941e-04,-1.393792e-01,-3.719344e-01,1.219827e+00
2597,8.210039e-18,2.350959e-06,-1.254468e-05,4.938376e-04,-5.693494e-01,2.409086e-01,4.936985e+00
2598,7.644328e-18,1.992472e-05,-6.249910e-06,4.843610e-04,-2.415236e+00,-3.506984e-03,7.207111e-01
2599,4.219046e-18,1.563539e-06,-1.874995e-05,4.811307e-04,4.602822e-01,3.344894e-01,-2.229472e+00
2600,3.464799e-18,1.308696e-05,-1.329681e-05,4.785910e-04,8.581699e-01,-3.964220e-01,-7.978292e-01
2601,5.081234e-18,2.101564e-05,-1.511237e-05,4.795823e-04,-1.378912e+00,-1.323198e+00,6.199701e+00
2602,5.260036e-17,1.000114e-05,-1.777535e-05,5.229401e-04,1.455802e-01,4.211546e-01,4.073021e+00
2603,7.552420e-18,8.594562e-06,-3.905993e-06,5.118934e-04,-8.124070e-01,3.031020e-01,6.233397e+00
2604,9.627472e-17,8.587864e-06,-3.994897e-06,5.116731e-04,-5.914489e-01,3.062056e-01,5.423385e+00
2605,2.612294e-18,2.401823e-06,-2.037142e-05,5.135427e-04,2.421405e-01,3.399732e-02,1.703653e+01
2606,5.750960e-17,5.278776e-06,-2.657062e-05,5.177028e-04,-1.593381e+00,3.672645e-02,1.261036e+01
2607,9.995339e-18,4.057230e-06,-1.000845e-05,5.128602e-04,-2.036287e+00,-3.231270e-01,6.492936e+00
2608,5.282417e-18,7.810956e-06,-1.406319e-05,5.145731e-04,-1.935339e-03,-3.266075e-02,7.774706e+00
2609,1.296878e-17,1.794010e-05,-2.342145e-05,5.072852e-04,-7.481045e-01,1.187342e+00,8.889225e+00
2610,4.881345e-18,7.023832e-06,-2.499773e-05,5.069741e-04,2.091050e-01,3.670544e-02,1.005596e+01
2611,1.111398e-17,1.231149e-05,-2.054432e-05,5.099842e-04,-2.231893e-01,3.703112e+00,5.542093e+00
2612,3.097775e-18,1.953570e-05,-1.718853e-05,5.196175e-04,3.096705e-01,-4.309956e-01,6.958037e+00
2613,4.892531e-17,1.344364e-05,-1.557207e-05,5.084550e-04,9.170617e-01,1.022790e+00,2.667942e+00
2614,3.217695e-17,4.479730e-06,1.849660e-06,5.147653e-04,-6.312830e-01,-6.313324e-01,2.070081e+00
2615,2.686103e-18,1.953571e-05,-1.718586e-05,5.064160e-04,1.728218e-01,-1.094648e-01,4.646497e+00
2616,1.375019e-18,2.336844e-06,-2.030714e-05,5.022328e-04,-4.155259e-02,-2.055738e-01,6.921492e+00
2617,3.335894e-18,2.106755e-05,-1.250605e-05,5.150249e-04,-2.568489e-01,-7.848127e-01,3.268451e+00
2618,2.717515e-18,7.034622e-06,-4.453296e-05,5.242468e-04,8.459932e-02,-6.965981e-03,3.363230e+00
2619,9.879875e-18,3.787268e-06,-3.097700e-05,5.045740e-04,-2.484914e-01,1.923895e+00,1.997340e+00
2620,2.968660e-18,7.802028e-06,-3.829345e-05,5.034860e-04,1.144661e-01,-1.890304e-01,2.032329e+00
2621,6.332523e-18,2.264921e-05,1.016020e-05,5.234292e-04,-2.625154e-01,2.168298e-01,5.515932e+00
2622,2.651429e-17,5.698886e-06,2.026604e-05,5.172584e-04,2.095203e+00,-1.329532e+00,3.499079e+00
2623,6.131026e-18,2.108100e-05,1.795853e-05,5.110450e-04,1.932529e-01,1.213654e-01,4.033134e+00
2624,3.124617e-18,1.093683e-05,8.599083e-06,5.080579e-04,1.944692e-01,5.203312e-01,2.054293e+00
2625,3.866734e-18,5.467975e-06,8.595772e-06,5.223638e-04,3.126708e-03,1.013604e-01,1.233311e+00
