droplet_id,volume,ux,uy,uz,vx,vy,vz
1,7.980397e-12,1.186539e-07,9.305900e-08,3.852926e-04,-2.882205e-03,-2.681917e-03,-6.150391e-01
2,2.584073e-17,-8.236627e-05,-1.644227e-05,5.027513e-04,9.215726e-01,-3.657705e+00,3.037426e+01
3,5.292771e-17,-8.733159e-05,-1.136520e-05,5.223904e-04,-4.364772e-02,5.006999e-01,9.774847e+00
4,1.955758e-17,-9.759231e-05,-2.113314e-05,5.204610e-04,-1.188268e-01,-6.756346e-01,1.944083e+01
5,1.097793e-18,-8.671967e-05,-4.680027e-06,5.231408e-04,7.964783e-04,-9.089208e-02,5.269265e+00
6,1.576541e-17,-8.266248e-05,-1.722472e-05,5.085531e-04,-1.184091e+00,-4.785144e-01,5.095416e+00
7,3.918564e-18,-7.502239e-05,-1.404021e-05,5.072154e-04,-1.260461e-01,-9.449105e-01,5.761018e+00
8,1.812914e-18,-9.134886e-05,-1.803868e-05,5.027156e-04,-2.854834e-01,5.262836e-02,-6.775518e-01
9,6.513484e-18,-9.110881e-05,-1.406259e-05,5.093700e-04,4.958582e-01,3.662638e-01,4.460103e+00
10,3.677643e-18,-7.793958e-05,-1.169044e-05,5.081926e-04,-5.054313e-01,-5.866749e-01,4.182493e+00
11,2.859954e-18,-9.218589e-05,-1.484095e-05,5.257767e-04,7.128145e-02,-2.705320e-01,5.917509e+00
12,4.683997e-18,-7.500210e-05,-1.795896e-05,5.046098e-04,4.295298e-02,-3.733054e-01,1.103782e+00
13,3.555695e-17,-7.834278e-05,-1.204168e-05,5.264447e-04,9.831040e-02,5.927698e-01,6.146872e+00
14,3.890656e-18,-8.830091e-05,6.591253e-06,5.009969e-04,1.487777e+00,-1.830746e+00,4.669755e+00
15,3.143719e-18,-9.219553e-05,2.384565e-06,5.011204e-04,5.289424e-03,-2.640220e-01,4.532990e+00
16,2.606775e-18,-1.008131e-04,-5.466164e-06,4.807700e-04,-3.831979e-01,-5.158592e-01,6.514013e-01
17,4.430252e-18,-9.612081e-05,-1.954637e-05,4.897588e-04,-3.668803e-01,-5.411262e-01,7.462920e+00
18,1.113981e-18,-9.607764e-05,-1.952598e-05,4.796483e-04,-4.331427e-02,7.991234e-03,1.909294e+00
19,1.959924e-17,-8.499235e-05,-3.191630e-07,4.767652e-04,-3.221381e-01,6.105945e-01,4.200394e-01
20,1.055765e-18,-9.842644e-05,-1.249109e-05,4.999453e-04,-2.959274e-01,3.291923e-02,-1.665604e+00
21,1.081677e-18,-8.045428e-05,-1.955375e-05,4.874593e-04,-2.612747e-02,3.060490e-01,5.870482e-01
22,2.573933e-18,-8.746425e-05,-5.413118e-06,4.942236e-04,1.509695e-01,6.578270e-02,1.605969e+00
23,1.553361e-18,-8.749857e-05,-2.349671e-06,4.819865e-04,2.252443e-01,-1.150613e+00,-2.456951e-01
24,2.551453e-18,-8.286596e-05,-5.361257e-06,4.748143e-04,1.599237e-01,-1.750852e-01,2.608125e+00
25,1.182194e-18,-7.499502e-05,-1.406927e-05,4.835504e-04,1.323654e-02,-1.060897e-01,-1.742866e+00
26,3.120474e-18,-8.671808e-05,1.171761e-05,4.940831e-04,-7.718415e-02,1.037681e-01,6.155030e+00
27,9.150732e-19,-7.670265e-05,1.265582e-05,4.780870e-04,-4.189717e-01,5.832198e-01,-2.979482e+00
28,2.152982e-17,-8.591900e-05,2.413426e-05,4.969848e-04,-2.305643e-03,-3.274425e-02,-1.488647e+00
29,8.900877e-18,-9.283981e-05,1.500012e-05,4.849714e-04,6.808395e-01,1.074054e+00,-3.294209e+00
30,5.724242e-18,-8.674926e-05,1.075209e-05,4.815852e-04,1.932792e-01,-1.398047e+00,1.628368e+00
31,2.974768e-17,-9.369707e-05,2.407650e-05,4.849613e-04,-2.121926e-01,3.449901e-02,-9.745925e-01
32,1.329028e-18,-8.360790e-05,7.839327e-06,4.788685e-04,2.725962e-01,-1.789130e-01,6.710824e+00
33,2.008893e-18,-1.030229e-04,-4.400815e-10,4.985568e-04,3.691776e+00,-2.885037e-03,1.048895e+01
34,9.931313e-18,-1.117183e-04,2.187415e-06,4.912914e-04,1.493032e-01,-2.987655e+00,3.908873e+00
35,3.313059e-17,-1.110059e-04,6.333141e-06,4.839359e-04,5.228767e-01,-8.154260e-01,2.444334e+00
36,4.236505e-18,-1.025147e-04,7.056732e-06,4.824489e-04,1.669223e+00,6.664985e-01,7.619184e+00
37,2.453525e-18,-1.047270e-04,1.402176e-05,4.970577e-04,1.833575e-01,2.421082e-02,6.606819e+00
38,3.060509e-18,-1.070348e-04,5.479001e-06,4.917147e-04,-2.187926e-01,1.893840e-01,5.606918e+00
39,4.940611e-18,-1.093729e-04,1.406790e-05,4.951529e-04,1.223258e+00,2.283931e-01,5.600131e+00
40,7.348901e-19,-1.027339e-04,3.617940e-10,4.960253e-04,3.631874e+00,5.517193e-01,9.007091e+00
41,2.818811e-18,-1.226619e-04,1.406214e-05,4.971105e-04,-4.869372e-01,1.830135e-01,-1.053186e+00
42,5.261800e-18,-1.085695e-04,5.712025e-07,5.021845e-04,2.026778e+00,-2.685372e+00,9.383219e+00
43,2.625794e-18,-1.039479e-04,7.058803e-06,4.800254e-04,-5.906568e-01,4.746645e-01,7.973072e+00
44,2.185055e-18,-1.040064e-04,1.430847e-07,4.915439e-04,2.687719e+00,-1.138906e-01,6.052349e+00
45,2.609265e-18,-1.070605e-04,1.793559e-05,4.917581e-04,9.251491e-01,4.593834e-01,1.298554e+01
46,1.265284e-18,-1.083716e-04,8.006987e-06,4.779016e-04,2.205670e+00,1.347170e-01,-1.730220e+00
47,1.306536e-18,-1.063021e-04,4.132040e-09,4.874454e-04,2.019199e+00,2.084954e-02,4.123771e+00
48,1.576431e-18,-1.069166e-04,1.797729e-05,4.876996e-04,1.436034e+00,-3.539283e-01,1.013924e+01
49,1.298056e-18,-1.086026e-04,-4.627397e-09,4.812063e-04,-1.095255e+00,1.834845e-02,-1.897286e+00
50,1.956683e-18,-1.069627e-04,1.803372e-05,4.831098e-04,1.866495e+00,4.012401e-01,5.768849e+00
51,1.105778e-18,-1.069919e-04,1.796523e-05,4.773052e-04,1.100928e+00,2.754725e-01,-2.018600e+00
52,7.371099e-19,1.445311e-05,-1.558591e-04,4.765227e-04,-9.906598e-01,2.178595e+00,3.279767e+00
53,2.918458e-18,2.031339e-05,-1.976552e-04,4.807434e-04,-1.590237e-01,5.172528e-01,3.196294e+00
54,1.021010e-17,2.430066e-05,-1.866993e-04,4.831626e-04,1.069256e-02,-2.227405e-02,-1.886470e+00
55,1.417324e-18,-5.382040e-07,-1.765007e-04,4.900639e-04,1.093315e+00,-1.050650e+00,1.364615e+01
56,1.954080e-17,-5.788827e-07,-1.761480e-04,4.817049e-04,1.654755e+00,-2.599761e-01,5.933470e+00
57,2.374009e-17,2.411694e-05,-1.808174e-04,4.968953e-04,-7.199517e-03,1.669267e-03,-1.437871e+00
58,2.901050e-17,1.474420e-05,-1.555739e-04,4.888382e-04,-7.337223e-01,-1.914716e-02,1.594425e+01
59,2.563961e-17,3.140573e-06,-1.480626e-04,4.994749e-04,2.054488e-01,-6.253646e-01,3.630033e+00
60,4.273127e-19,1.210995e-05,-1.542958e-04,4.897964e-04,7.508277e-02,3.769344e-01,4.918713e+00
61,1.806743e-16,2.790771e-06,-7.758550e-05,5.009875e-04,1.353504e-01,-6.082005e-01,3.755459e+00
62,7.394352e-18,3.912785e-06,-1.656242e-04,5.012119e-04,-1.491481e-02,4.114077e-03,8.258246e+00
63,6.344171e-18,-1.250125e-05,-1.499977e-04,4.987896e-04,-8.841909e-02,9.690624e-02,6.922952e+00
64,1.954477e-17,-4.978048e-06,-1.493811e-04,4.939275e-04,-5.870550e-01,-7.186062e-01,1.599167e+00
65,2.377579e-18,-9.416528e-06,-1.500581e-04,4.916033e-04,-1.272580e-01,-7.527768e-01,1.497543e+00
66,2.149007e-17,-2.357881e-06,-1.652785e-04,4.949755e-04,-1.442776e+00,-1.466255e+00,4.946120e+00
67,4.472363e-17,-1.139801e-05,-1.621977e-04,5.032019e-04,7.929057e-01,-4.163767e-01,5.216952e+00
68,2.044077e-17,-3.499823e-06,-1.646416e-04,4.824392e-04,-5.915211e-02,-6.774874e-01,1.885647e+00
69,2.746458e-18,-3.918275e-06,-1.695269e-04,4.823542e-04,-3.757231e-01,2.229054e-01,-1.023787e-01
70,4.072477e-18,-1.724590e-05,-1.654184e-04,4.881581e-04,-1.006068e+00,-1.215965e+00,1.774867e+01
71,7.532965e-18,-1.106247e-05,-1.617467e-04,4.855132e-04,-2.044316e+00,-3.495608e-01,2.712123e+00
72,1.180456e-18,-5.078685e-06,-1.695291e-04,4.925104e-04,-6.802475e-02,-2.179401e-01,1.490344e+00
73,4.806165e-18,-7.095894e-06,-1.678439e-04,4.791146e-04,1.381965e+00,-9.490936e-01,3.759739e+00
74,5.975474e-19,-9.766065e-06,-1.633285e-04,4.991611e-04,2.071836e-01,-5.637426e-01,8.187391e+00
75,2.416245e-18,-6.314318e-06,-1.836471e-04,4.973271e-04,-3.723546e-01,-3.459810e-01,1.327108e+01
76,1.442063e-18,-7.153151e-06,-1.952509e-04,4.992898e-04,1.337833e-01,6.527848e-01,2.365407e+00
77,1.510453e-17,-6.284301e-06,-1.883809e-04,4.800338e-04,1.626834e+00,-7.790359e-01,5.574060e-01
78,3.200484e-18,-9.370158e-06,-1.774698e-04,4.967532e-04,-1.736872e+00,3.059114e+00,1.729974e+01
79,1.537028e-18,-6.173273e-06,-1.835332e-04,4.951301e-04,9.603958e-02,-1.863933e-01,1.259410e+01
80,1.247307e-18,-7.044262e-06,-1.991720e-04,4.913508e-04,-1.733218e-01,4.636972e-01,2.466211e+00
81,3.776884e-18,-3.856958e-06,-1.894781e-04,4.776366e-04,-1.678754e-01,2.068308e-01,7.319715e-01
82,2.395110e-19,-4.297079e-06,-1.878912e-04,4.780869e-04,-3.439309e-01,7.157895e-01,8.622617e-01
83,5.937261e-19,-9.299291e-06,-1.792969e-04,4.936977e-04,-4.732124e-01,-1.042431e+00,1.093454e+01
84,2.693352e-18,-4.608419e-05,-8.620304e-06,5.120084e-04,5.912958e-01,-3.412858e-01,1.016962e+01
85,1.486585e-18,-3.438433e-05,-1.169475e-05,5.092505e-04,-1.343256e-01,-9.499389e-01,7.029159e+00
86,4.370075e-18,-3.437368e-05,-1.797462e-05,5.199554e-04,-4.132686e-01,5.797226e-02,9.544062e+00
87,7.507685e-18,-3.203065e-05,-2.763996e-06,5.100088e-04,-6.548073e-02,3.272942e-01,5.942006e+00
88,5.283942e-18,-4.722856e-05,-8.603219e-06,5.173467e-04,3.700121e-01,-3.106972e-01,1.214235e+01
89,3.118220e-18,-3.437069e-05,-1.797521e-05,5.064850e-04,-4.134891e-02,-1.081128e+00,5.735069e+00
90,4.394728e-18,-2.578431e-05,-5.469351e-06,5.022489e-04,-7.739040e-02,-2.234336e-02,3.093469e+00
91,2.833426e-18,-4.844482e-05,-1.174691e-05,5.134716e-04,5.578191e-02,4.604299e-02,1.711309e+00
92,1.472155e-18,-4.138443e-05,-7.690683e-07,5.146115e-04,-6.447415e-01,-9.035588e-01,8.025051e+00
93,5.665463e-19,-4.140987e-05,-8.982959e-06,5.208310e-04,3.558073e-02,3.892904e-01,6.317479e+00
94,1.137003e-18,-4.218108e-05,-1.796183e-05,5.092471e-04,-8.506933e-02,-2.852798e-01,-1.734317e-01
95,5.909660e-17,-3.136723e-05,5.118264e-06,5.389844e-04,6.034544e-02,9.671475e-02,5.209718e+00
96,3.712016e-17,-4.564601e-05,1.312743e-05,5.409304e-04,-3.765275e-01,2.633433e-01,6.621511e+00
97,4.647960e-18,-3.281856e-05,1.328108e-05,5.346435e-04,-2.122372e-01,-1.137069e-02,7.193319e+00
98,2.413484e-18,-3.593487e-05,4.690440e-06,5.395156e-04,-4.303236e-01,2.056375e-01,2.091041e+00
99,4.693631e-18,-3.830211e-05,1.873170e-05,5.342135e-04,4.552093e-02,2.780021e-01,3.991301e+00
100,1.143578e-18,-4.138013e-05,1.643126e-05,5.391200e-04,-9.756026e-02,-1.118048e-01,2.430468e+00
101,1.171281e-18,-3.828072e-05,1.875455e-05,5.436806e-04,-5.376378e-03,1.150593e-01,-1.324854e+00
102,1.352728e-18,-3.827653e-05,1.873661e-05,5.022824e-04,-1.295331e-01,-2.827881e-01,-2.542617e+00
103,5.158462e-17,-6.830553e-05,8.372493e-06,5.400154e-04,-8.402226e-01,7.121589e-01,6.519210e+00
104,1.344738e-16,-6.822730e-05,8.405405e-06,5.399920e-04,-8.150140e-01,6.267874e-01,6.432005e+00
105,8.871820e-18,-5.849959e-05,9.410838e-06,5.332696e-04,-9.306906e-01,-9.869323e-01,1.854378e+01
106,3.639080e-17,-5.606464e-05,1.035981e-05,5.488942e-04,8.943716e-01,-4.568725e-02,2.671840e+01
107,2.938184e-18,-6.777225e-05,1.241592e-05,5.335690e-04,-3.348084e+00,4.917814e-01,1.161039e+01
108,2.311494e-17,-7.581029e-05,1.446744e-05,5.296388e-04,2.428299e-01,1.450122e+00,3.761363e+00
109,3.242478e-18,-7.275671e-05,1.182892e-05,5.375513e-04,1.242061e-02,-6.986259e-02,4.366228e+00
110,1.435875e-18,-6.874647e-05,1.717979e-05,5.497407e-04,3.350227e-02,-1.527769e-01,1.252147e+01
111,1.576613e-17,-6.340756e-05,1.745034e-05,4.996871e-04,-3.458735e+00,-5.027088e-02,1.584717e+01
112,1.372821e-18,-6.172032e-05,-7.851880e-07,5.053439e-04,1.800620e-01,-2.159643e-01,4.077195e+00
113,1.475311e-18,-5.937441e-05,3.904716e-06,5.030389e-04,-9.798547e-02,1.059606e-01,5.954519e+00
114,1.405168e-18,-6.875283e-05,1.719678e-05,5.154233e-04,7.602669e-03,2.552951e-01,3.695371e+00
115,6.270068e-18,-6.874431e-05,8.884150e-06,5.086139e-04,-4.230270e-02,-1.380525e+00,2.000627e+00
116,5.280254e-18,-5.937527e-05,3.907441e-06,4.998987e-04,-4.637260e-02,-9.482767e-02,6.596165e+00
117,8.937868e-19,1.914079e-05,1.113283e-04,4.745446e-04,8.220422e-01,4.174676e-01,3.032419e+00
118,2.637291e-19,1.992216e-05,1.105473e-04,4.710619e-04,-3.440283e-01,1.467228e+00,-2.735377e+00
119,2.870855e-18,3.019905e-06,1.055458e-04,4.761426e-04,-9.931978e-01,-2.374465e+00,2.734038e+00
120,3.668049e-19,1.953083e-06,1.066407e-04,4.726213e-04,-2.428776e+00,4.068063e+00,-7.296660e+00
121,2.657385e-19,-5.078025e-06,1.222656e-04,4.710593e-04,2.820657e+00,1.431316e+00,-7.255178e+00
122,2.939303e-17,-1.095389e-05,1.232419e-04,4.888726e-04,-9.407815e-01,-3.974371e-02,9.976363e+00
123,1.343319e-18,-1.719101e-05,1.257839e-04,4.936999e-04,-9.796808e-02,1.340228e-01,-7.994985e-01
124,1.480141e-18,-7.815368e-06,9.935771e-05,4.825084e-04,2.167366e-01,-1.071363e-01,-2.108878e+00
125,3.290556e-18,-2.340881e-06,1.163877e-04,4.901942e-04,1.822793e-02,3.809790e-01,9.960627e-01
126,2.750678e-18,-6.248828e-06,1.156255e-04,4.986851e-04,-3.199288e-02,6.289053e-02,1.631597e-01
127,1.558324e-18,-3.102569e-06,1.195041e-04,4.804281e-04,-5.509337e-01,-1.088483e+00,1.927581e+00
128,1.597743e-18,-2.249236e-08,1.148584e-04,4.804261e-04,2.999542e-01,1.161658e-01,1.907411e+00
129,7.569001e-19,-1.392185e-05,1.209569e-04,5.007277e-04,-1.024088e-01,4.536028e-01,1.420665e+00
130,5.017144e-18,-9.379571e-06,1.179653e-04,4.858021e-04,-2.997912e-01,3.954442e-01,-5.302184e-01
131,2.414497e-19,-1.171796e-06,1.027346e-04,4.921290e-04,-1.048887e+00,-1.420917e+00,7.149515e+00
132,2.512451e-19,-8.985335e-06,1.222656e-04,4.819904e-04,4.946345e-01,-5.607765e-01,5.717719e+00
133,2.026180e-18,-8.662330e-06,1.224786e-04,4.789733e-04,2.431024e-01,7.447650e-01,3.300713e+00
134,2.399371e-17,-2.412587e-05,9.743443e-05,4.943500e-04,3.940431e-02,9.738885e-02,-1.379130e+00
135,1.829871e-17,-2.419705e-05,1.020952e-04,4.983894e-04,3.321900e-02,8.525518e-03,-1.626278e+00
136,7.445133e-19,1.341818e-05,1.024739e-04,4.921360e-04,5.639088e-01,4.783161e-01,8.386165e+00
137,2.193258e-18,7.240317e-07,1.196063e-04,4.816957e-04,4.217733e-01,-1.816096e-01,-3.094600e+00
138,5.495378e-18,7.103587e-06,1.164454e-04,4.823194e-04,1.516953e+00,2.452351e+00,6.385087e+00
139,3.278473e-17,2.900563e-06,-7.444578e-05,5.121475e-04,-1.580618e-01,-1.596109e-02,1.113469e+01
140,3.582518e-18,7.723707e-07,-6.405675e-05,5.018771e-04,4.144257e-01,8.703965e-01,9.800918e+00
141,2.993278e-18,1.404283e-05,-7.190341e-05,5.026425e-04,1.036416e+00,8.425346e-01,4.498425e-01
142,1.535656e-16,-3.620974e-06,-5.194566e-05,5.111621e-04,3.385162e-01,-7.627294e-01,6.552847e+00
143,6.064525e-18,1.720617e-05,-7.032887e-05,5.148795e-04,5.088285e-01,-2.007154e-01,2.065371e+01
144,4.887247e-18,7.032128e-06,-2.499629e-05,5.192927e-04,1.422375e-01,2.128975e-01,8.850334e+00
145,4.492443e-17,-2.054227e-06,-2.531592e-05,5.195109e-04,-1.000862e+00,9.283369e-01,4.443166e+00
146,1.484265e-18,1.173019e-05,-2.890482e-05,5.022640e-04,4.533555e-01,-3.548882e-01,6.093921e-01
147,5.531566e-17,2.684808e-05,-5.541182e-06,5.305178e-04,-1.537292e-01,3.427204e-02,7.814850e+00
148,3.075449e-18,2.350223e-06,-2.030926e-05,5.348919e-04,1.247962e-01,-1.511759e-01,1.556466e+01
149,2.882460e-17,7.845214e-07,-1.860899e-05,5.446373e-04,-5.711686e-01,1.648382e-02,1.399998e+01
150,5.475992e-17,1.014720e-05,-1.724666e-05,5.280337e-04,8.916253e-02,3.191400e-01,4.122155e+00
151,5.047429e-17,1.292625e-05,-7.733552e-06,5.442582e-04,-4.933958e-01,9.389117e-01,3.818800e+00
152,3.116322e-18,1.952922e-05,-1.718786e-05,5.288474e-04,9.262359e-03,-2.862790e-01,7.267945e+00
153,3.356510e-17,2.126959e-05,-1.255289e-05,5.359462e-04,1.311028e-01,7.579269e-01,7.033892e+00
154,9.372663e-18,1.623322e-05,-6.072725e-07,5.432912e-04,3.428022e-01,-5.076188e-01,6.502976e+00
155,5.002055e-18,1.093676e-05,-3.212223e-10,5.268945e-04,-1.023205e-01,3.204247e-02,1.732639e+00
156,2.629247e-17,3.491759e-06,-1.498208e-05,5.481566e-04,1.284202e+00,-1.212475e+00,4.203069e+00
157,1.464796e-18,1.952975e-05,-6.166455e-09,5.367545e-04,1.802881e-02,-1.549619e-01,2.891672e+00
158,5.765624e-17,-1.428472e-06,-3.206650e-06,5.488482e-04,-6.428392e-01,2.547655e+00,1.536901e+01
159,4.615567e-18,2.513905e-05,-3.685989e-06,5.496486e-04,2.523880e-01,7.683739e-02,1.516577e+01
160,4.480183e-18,1.719752e-05,-2.344009e-05,5.420805e-04,1.611929e-01,-7.758448e-02,3.014237e-01
161,1.289831e-18,9.446402e-06,-5.385532e-06,5.384405e-04,-4.059673e-02,-1.952042e-01,1.030343e-01
162,1.279958e-18,8.605463e-06,-9.366112e-06,5.413354e-04,-2.915521e-01,-4.320087e-02,-3.122547e+00
163,2.230763e-18,7.798989e-07,-9.369663e-06,5.484809e-04,-1.225655e-01,-1.207405e-02,1.006472e+00
164,2.354297e-19,9.762989e-06,-5.075049e-06,5.458627e-04,1.204927e+00,2.076041e-01,-3.654614e-01
165,2.954320e-18,1.954099e-05,-1.718971e-05,5.118891e-04,-3.823940e-05,-3.250201e-01,2.911881e+00
166,2.917426e-18,2.266555e-05,-1.093153e-05,5.002604e-04,4.954074e-02,1.202429e-02,1.369666e+01
167,2.378901e-18,3.080617e-06,-7.583118e-05,5.294689e-04,-3.225328e-01,2.993153e-01,1.425048e+01
168,3.540562e-17,1.140361e-05,-5.262395e-05,5.374059e-04,9.984838e-03,1.018509e+00,7.921373e+00
169,7.067740e-18,1.238941e-05,-6.015612e-05,5.322142e-04,-3.679734e-01,9.544289e-02,9.302895e+00
170,2.059931e-17,1.722177e-06,-5.331907e-05,5.310930e-04,-7.434589e-01,-7.697738e-01,4.784195e+00
171,2.482500e-18,6.252786e-06,-5.702898e-05,5.280221e-04,8.006988e-02,-5.280416e-02,3.290358e+00
172,3.342131e-18,9.373023e-06,-5.702668e-05,5.432855e-04,3.324064e-02,-1.247596e-01,6.629378e+00
173,2.101629e-18,-5.937779e-07,-5.312320e-05,5.297023e-04,1.963122e+00,-9.622695e-02,9.207858e+00
174,4.657217e-18,8.983785e-05,1.327855e-05,4.999489e-04,-2.650989e-01,-2.658624e-01,9.918687e-01
175,2.755305e-18,9.063223e-05,-1.406733e-05,5.011628e-04,5.475308e-01,6.036597e-01,9.399913e+00
176,2.543151e-18,7.957144e-05,-1.011189e-05,5.006327e-04,1.046452e-01,7.554324e-01,4.827325e+00
177,4.303673e-17,7.614366e-05,-1.125141e-05,5.039283e-04,6.474026e-01,5.275536e-02,9.984390e+00
178,5.434180e-18,7.627918e-05,6.240884e-06,5.001872e-04,-1.909748e-01,-7.760158e-01,1.199814e+01
179,6.360524e-18,9.067554e-05,-1.560956e-05,5.108057e-04,-1.721458e-02,-2.389743e-01,1.648862e+01
180,6.756974e-18,7.504937e-05,-8.441177e-06,5.207863e-04,-6.868481e-01,-1.465456e-01,6.141776e+00
181,1.028301e-18,7.929755e-05,9.542231e-06,5.071085e-04,4.515111e+00,-7.819582e-01,1.438167e+01
182,2.796649e-18,7.969168e-05,4.697133e-06,5.234290e-04,-1.699335e+00,-2.197172e-01,8.689683e+00
183,3.232073e-18,8.984873e-05,-8.028292e-07,5.026489e-04,-3.363542e-03,5.882533e-01,5.445538e+00
184,1.653831e-18,7.969043e-05,-1.324710e-05,5.146418e-04,-1.384957e-01,1.845626e-01,7.988309e+00
185,5.214744e-18,9.454403e-05,-3.503869e-06,5.113105e-04,-5.327415e-01,-1.333700e+00,9.567471e+00
186,1.394838e-17,9.735950e-05,-1.202767e-05,5.045287e-04,1.071754e+00,8.115462e-01,1.541013e+00
187,5.386573e-18,8.515596e-05,-3.126680e-06,5.092073e-04,1.428810e-01,-1.752653e-01,6.265783e+00
188,1.082381e-18,9.453280e-05,7.882808e-07,5.084383e-04,8.879396e-02,5.077517e-01,5.954433e+00
189,2.738015e-18,8.437280e-05,9.375054e-06,5.219975e-04,1.611539e-01,1.064847e-01,6.776266e-01
190,4.732304e-18,1.217308e-04,-1.300842e-05,5.154345e-04,-4.719660e-01,-1.237604e-01,2.616350e+01
191,8.462506e-18,1.217152e-04,-1.329384e-05,5.081037e-04,-2.267574e-01,1.002871e-01,2.325679e+01
192,1.407919e-18,1.218554e-04,-1.481625e-05,5.193045e-04,6.109106e-01,-1.301955e-01,2.612860e+01
193,2.217025e-17,1.194942e-04,-1.743963e-05,5.260447e-04,-2.248951e+00,-2.553401e+00,3.178126e+01
194,1.158258e-18,1.140571e-04,-5.439308e-06,5.185140e-04,-4.657683e-01,-1.731216e-01,8.057833e+00
195,7.248240e-18,1.031252e-04,3.100434e-07,5.141306e-04,-4.905437e-03,1.544586e+00,7.024953e+00
196,2.057066e-17,1.233320e-04,-3.076594e-06,5.056118e-04,-1.798408e+00,4.265038e+00,1.347889e+01
197,2.326112e-18,1.055144e-04,-7.084663e-06,5.164504e-04,-5.832475e-03,-2.848764e-01,5.414624e+00
198,3.541251e-18,1.146057e-04,-6.302367e-06,4.999902e-04,1.005059e+00,1.452350e+00,9.342225e+00
199,4.847704e-17,1.090465e-04,-1.256423e-05,5.239465e-04,-7.908986e-01,-1.979994e-01,4.634333e+00
200,3.505547e-18,1.031204e-04,-5.471229e-06,5.127057e-04,1.297070e-01,-2.567644e-01,5.481585e+00
201,1.124544e-18,1.179423e-04,8.029234e-07,5.030287e-04,-9.143924e-01,-6.204587e-01,8.710992e+00
202,3.455907e-18,1.147703e-04,-1.796900e-05,5.264796e-04,-6.385086e-01,-4.929412e-01,4.264683e+00
203,3.106121e-17,7.292054e-05,5.581993e-06,5.326074e-04,-2.140745e+00,-6.966371e-01,1.045146e+01
204,1.522509e-17,9.124290e-05,-1.753359e-05,5.291801e-04,-2.692471e-01,-8.296201e-01,2.362140e+01
205,1.864959e-17,8.849516e-05,4.736491e-06,5.371712e-04,-2.767743e+00,3.375112e+00,1.330849e+01
206,2.373285e-18,7.890399e-05,-1.950822e-05,5.478790e-04,2.570188e-03,-1.273698e+00,1.531171e+01
207,1.255924e-18,7.421823e-05,-8.602990e-06,5.330316e-04,-1.783911e-01,-5.922306e-04,5.801392e+00
208,2.539245e-18,9.610041e-05,-1.580278e-06,5.326940e-04,1.669185e-01,4.291368e-01,1.150106e+01
209,1.520442e-18,8.520048e-05,-3.148997e-06,5.269676e-04,-2.459593e-01,1.032839e-03,1.163051e+01
210,3.039379e-17,9.563934e-05,5.819458e-06,5.421995e-04,1.782311e-02,3.085891e-01,9.128132e+00
211,1.364140e-17,9.304033e-05,1.133357e-05,5.292806e-04,-9.806128e-02,-3.230240e-01,6.282264e+00
212,4.637438e-18,8.594014e-05,1.484482e-05,5.398144e-04,9.253681e-02,2.924762e-02,5.997849e+00
213,5.237698e-18,8.593594e-05,7.030479e-06,5.459221e-04,-1.793436e-01,-9.373691e-01,9.002057e+00
214,2.742546e-18,8.360963e-05,1.558120e-06,5.356030e-04,-4.008484e-01,-9.817847e-01,1.805188e+00
215,3.221251e-18,9.296730e-05,1.250785e-05,5.326908e-04,6.411324e-02,2.205421e-01,2.474255e+00
216,1.046994e-18,9.297746e-05,1.251930e-05,5.497500e-04,8.433060e-02,1.482593e-01,6.786197e+00
217,1.539725e-18,8.992411e-05,9.467179e-06,5.458055e-04,-4.991430e-01,-3.849580e-02,-9.811484e-01
218,5.348773e-19,8.984221e-05,8.982097e-06,5.482052e-04,6.089691e-02,1.466333e+00,-1.165679e+00
219,2.434637e-17,1.148655e-04,-5.663556e-06,5.417460e-04,-2.066127e-01,-2.215919e+00,1.443267e+01
220,2.782313e-17,1.157426e-04,-8.955382e-06,5.476734e-04,-5.281381e+00,-1.506463e-01,1.287315e+01
221,2.567820e-18,1.148517e-04,-1.325500e-05,5.447352e-04,8.884386e-01,-2.353326e+00,1.709578e+01
222,5.852094e-18,1.148019e-04,-5.276900e-06,5.308031e-04,-7.896751e-03,-1.349230e-01,1.539385e+01
223,3.139697e-18,1.195418e-04,1.877864e-05,5.418767e-04,-4.826401e-01,-2.748165e-01,2.172005e+01
224,1.431980e-18,1.195594e-04,1.874557e-05,5.498383e-04,6.064318e-02,-1.753714e-01,2.654314e+01
225,2.692020e-18,1.070580e-04,8.581755e-06,5.288331e-04,1.395265e-01,-5.573022e-02,5.749568e+00
226,2.683877e-18,1.250021e-04,9.386928e-06,5.402180e-04,-5.860631e-03,-1.434332e-02,1.139754e+00
227,2.214442e-18,1.187350e-04,2.186964e-05,5.471903e-04,5.692282e-01,-4.313350e-01,1.734266e+00
228,2.356747e-18,1.195486e-04,1.569914e-06,5.462147e-04,-3.242166e-01,-1.593614e-01,1.011420e+00
229,1.618685e-18,-7.035866e-06,4.062810e-05,5.254480e-04,3.875280e-01,1.538298e-02,5.104063e+00
230,1.235778e-18,-4.702903e-06,4.610859e-05,5.262208e-04,9.451727e-02,-1.756635e-01,1.476043e+01
231,1.605828e-18,-1.556562e-05,3.763148e-05,5.427859e-04,-7.219052e-01,-2.196275e+00,1.928859e+01
232,1.070608e-18,-1.192418e-05,4.464808e-05,5.300125e-04,-4.889635e-01,2.064701e+00,1.377022e+01
233,4.018202e-18,-1.171004e-05,7.821840e-06,5.299781e-04,1.518286e-01,1.508916e-01,4.339206e+00
234,4.898957e-18,-7.832777e-06,1.953241e-05,5.330926e-04,-5.816684e-01,-5.031396e-01,6.160462e+00
235,2.654538e-18,-1.172104e-05,7.815566e-06,5.356793e-04,2.317977e-01,2.056387e-02,3.781197e+00
236,2.373385e-18,-1.875270e-05,1.563480e-05,5.409847e-04,1.536713e-02,-2.266977e-02,7.607578e-01
237,2.900593e-18,2.117304e-05,4.755662e-06,5.005438e-04,-3.544041e+00,3.163213e-01,1.151210e+01
238,6.212689e-18,2.110144e-05,1.795297e-05,5.157991e-04,-4.620952e-01,3.499967e-01,3.154796e+00
239,1.687534e-17,2.095092e-04,4.093732e-06,5.351323e-04,-2.944991e-01,-2.060950e+00,1.558268e+01
240,1.423555e-18,2.070330e-04,8.583323e-06,5.262003e-04,-8.145231e-02,-9.181358e-02,1.027029e+01
241,3.583369e-17,2.153923e-04,8.536578e-06,5.362620e-04,4.259644e-01,-5.515740e-01,4.990228e+00
242,9.485958e-19,2.210890e-04,4.699296e-06,5.428397e-04,2.136957e-01,-5.910988e-02,3.903924e+00
243,4.709149e-19,2.121062e-04,4.690264e-06,5.481487e-04,1.085220e-01,7.426095e-03,4.633692e+00
244,1.094550e-18,2.226517e-04,1.172773e-05,5.269564e-04,6.290726e-02,4.954670e-02,2.885780e+00
245,2.763484e-18,2.218751e-04,1.251219e-05,5.402936e-04,-6.496168e-03,-7.021178e-04,-3.178681e-01
246,2.576907e-17,1.984422e-04,4.445072e-06,5.273366e-04,8.548593e-01,7.551933e-01,2.323993e+01
247,9.706127e-18,2.117156e-04,-3.131300e-06,5.390792e-04,-6.789621e-02,2.601188e-02,1.092728e+01
248,3.232871e-18,2.069999e-04,-1.326495e-05,5.317992e-04,1.650982e-02,-1.487689e-01,6.669673e+00
249,7.745347e-18,2.062460e-04,-1.906886e-06,5.428540e-04,1.122605e-01,9.267909e-01,1.132698e+01
250,3.200366e-19,2.003911e-04,-7.432003e-06,5.467242e-04,-6.296709e-01,-2.557749e+00,-8.053981e-01
251,1.231258e-18,2.413943e-04,-8.611664e-06,5.277299e-04,1.507187e-01,-1.211088e-01,1.599350e+01
252,4.684613e-18,2.320315e-04,-1.016692e-05,5.361452e-04,-7.436460e-02,-6.601674e-02,1.589841e+01
253,1.094019e-17,2.304724e-04,-1.408451e-05,5.305908e-04,-4.801445e-02,1.221784e-01,1.673325e+01
254,1.195853e-17,2.329006e-04,-1.016077e-05,5.424983e-04,2.031132e-01,6.433159e-02,1.714979e+01
255,8.322816e-18,2.493503e-04,-6.526900e-06,5.349015e-04,1.006240e-01,-2.413981e-01,8.782752e+00
256,6.163656e-19,2.496063e-04,-1.020018e-05,5.377030e-04,2.548321e-01,-1.018410e+00,8.544928e+00
257,9.665007e-18,2.390648e-04,-1.755709e-05,5.430765e-04,-7.915888e-01,6.609529e-01,7.979921e+00
258,9.905138e-19,2.496096e-04,-6.528012e-06,5.499714e-04,3.703363e-01,-5.809896e-01,1.999970e+01
259,1.628759e-18,2.496094e-04,7.848857e-07,5.265821e-04,5.917928e-02,-8.600752e-02,1.429542e+01
260,2.567534e-18,1.999547e-04,2.381659e-06,5.009395e-04,-3.121851e-01,7.851639e-02,8.846500e+00
261,1.496639e-18,2.140543e-04,1.564321e-05,5.123520e-04,-9.577019e-02,4.367325e-01,7.244586e+00
262,9.874853e-17,2.303600e-04,1.890167e-05,5.132765e-04,8.305405e-01,2.830620e+00,1.688525e+01
263,2.602186e-17,2.490988e-04,2.101906e-05,5.103623e-04,2.843260e-02,1.000310e+00,1.060080e+01
264,2.234297e-17,2.326713e-04,9.440294e-06,5.084225e-04,-1.658351e+00,-1.583191e+00,2.087681e+01
265,3.808231e-18,2.473120e-04,6.337941e-06,5.053252e-04,2.292308e+00,-3.086286e+00,1.055548e+01
266,1.539621e-18,2.494705e-04,5.090610e-06,5.106137e-04,6.679082e-01,-8.017370e-01,1.119152e+01
267,2.208293e-18,2.496097e-04,7.701099e-07,5.115975e-04,2.001124e-02,-5.357250e-01,9.755534e+00
268,1.492935e-18,2.306515e-04,1.821905e-05,5.090630e-04,-1.109875e-01,2.541300e+00,1.966801e+01
269,1.343670e-18,2.496080e-04,7.726045e-07,5.189267e-04,-1.010737e-01,5.284952e-01,1.087337e+01
270,3.880994e-18,2.496094e-04,1.726300e-05,5.011850e-04,-7.208469e-03,-1.047545e-01,8.996162e+00
271,4.782382e-18,2.445304e-04,4.678580e-06,5.231746e-04,-3.392895e-02,-3.345146e-01,9.853361e+00
272,8.529295e-19,2.496072e-04,1.250648e-05,5.084549e-04,2.530673e-01,-1.569499e-01,9.262374e+00
273,3.722136e-18,2.452889e-04,1.402573e-05,5.141816e-04,5.691502e-02,-1.101131e-01,8.585678e+00
274,1.472301e-18,2.273384e-04,5.475104e-06,5.161624e-04,1.324190e-01,-2.956756e-01,4.121604e+00
275,1.002814e-18,2.398440e-04,8.595691e-06,5.231345e-04,1.001095e-02,-7.563580e-02,1.940405e+00
276,1.627762e-18,-2.406696e-06,1.117836e-04,5.083273e-04,2.923310e-01,-6.304956e-02,7.451294e+00
277,4.747139e-18,-2.346108e-06,1.117088e-04,5.030756e-04,-1.799263e-01,-5.889514e-01,6.605147e+00
278,5.119632e-17,1.453165e-05,1.161435e-04,5.279258e-04,3.670723e+00,1.100225e-01,2.143374e+01
279,4.686550e-18,7.962890e-06,1.155748e-04,5.152044e-04,1.011439e-01,-8.086866e-01,1.918415e+01
280,1.365210e-18,5.481124e-06,1.156696e-04,5.061240e-04,6.601375e-01,8.965880e-01,1.320474e+01
281,6.840542e-17,3.991629e-06,1.093580e-04,5.067434e-04,-2.367644e-01,6.704519e-01,9.942635e+00
282,1.706319e-17,7.415575e-06,1.044865e-04,5.140121e-04,5.125533e-01,2.263508e+00,4.146484e+00
283,5.405209e-18,7.811844e-06,1.000004e-04,5.122709e-04,3.998630e-01,3.900591e-02,1.068843e+01
284,5.556065e-19,1.406632e-05,1.167929e-04,5.115419e-04,1.190099e+00,1.327418e-01,6.268950e+00
285,2.885670e-18,4.690457e-06,1.093805e-04,5.119959e-04,3.558317e-02,-5.591414e-01,6.814310e+00
286,3.528393e-18,1.643249e-05,1.101964e-04,5.179951e-04,-3.898167e-01,-1.894395e-02,3.636261e+00
287,7.719759e-18,8.591558e-06,1.217432e-04,5.115796e-04,2.828385e-01,1.917626e-01,4.107931e+00
288,1.417925e-18,1.716384e-05,1.101717e-04,5.046034e-04,5.194642e-01,4.343336e-02,-1.728307e-01
289,6.512778e-18,1.896195e-05,1.078087e-04,5.208494e-04,-8.784402e-02,1.044680e-01,1.367743e+00
290,3.724655e-18,7.834633e-06,1.124748e-04,5.172652e-04,1.264866e-01,5.974274e-03,4.847737e+00
291,1.435115e-17,7.752418e-06,1.000005e-04,5.067985e-04,-3.574163e-01,-8.352598e-03,1.093324e+01
292,2.105213e-18,-1.168066e-05,1.241635e-04,5.302681e-04,-4.302415e-02,-1.928682e-02,3.816913e+00
293,6.018152e-17,-1.131210e-06,1.140841e-04,5.399958e-04,-5.163647e-01,5.855508e-01,6.877958e+00
294,5.338035e-18,1.239405e-05,1.242164e-04,5.344534e-04,-3.602277e-01,8.492289e-02,8.177928e+00
295,5.056246e-17,-2.277917e-05,1.034481e-04,5.360456e-04,-2.854989e+00,-8.644971e-01,6.548773e+00
296,5.925018e-18,2.115952e-05,9.835984e-05,5.498727e-04,3.755006e+00,-5.336096e-01,2.728476e+01
297,1.842460e-18,1.719059e-05,1.100341e-04,5.397054e-04,3.707711e-02,6.679440e-02,3.242645e+00
298,1.048150e-18,8.583797e-06,1.226361e-04,5.353217e-04,-1.417338e-02,-7.634663e-02,2.976355e+00
299,3.456165e-18,1.407426e-05,1.179658e-04,5.402699e-04,2.427527e-01,-2.963688e-02,8.588098e+00
300,7.482309e-18,9.177446e-06,1.072311e-04,5.293803e-04,5.333127e-01,-5.485218e-01,3.658855e+00
301,1.285516e-18,3.136593e-06,1.234272e-04,5.405813e-04,-7.943369e-02,2.533920e-01,3.704091e+00
302,6.292386e-18,1.796095e-05,1.228972e-04,5.491667e-04,-1.018990e+00,-1.502358e+00,7.346874e+00
303,9.771345e-19,7.819325e-07,1.226764e-04,5.458312e-04,-9.866515e-02,2.105557e-01,1.540578e+00
304,2.514349e-18,-7.811287e-07,1.195334e-04,5.402168e-04,3.920473e-02,7.289020e-02,5.873328e+00
305,1.556072e-18,-1.406224e-05,1.031185e-04,5.489733e-04,-1.142478e-01,-2.161270e-01,3.181444e+00
306,1.528957e-18,-9.388382e-06,1.171728e-04,5.497280e-04,-3.919876e-01,-2.778161e-02,1.399933e+01
307,2.849302e-18,-2.109096e-05,1.031217e-04,5.471298e-04,-5.403764e-03,-2.348514e-02,-2.120415e-01
308,5.204010e-17,1.825072e-05,7.970212e-05,5.362113e-04,1.469066e-01,6.662482e-01,6.502792e+00
309,1.456283e-16,1.481429e-05,9.536499e-05,5.275173e-04,5.365879e-01,-4.361928e-01,1.379983e+01
310,1.836070e-17,5.469546e-06,7.777184e-05,5.245401e-04,4.948150e-02,-1.992076e-01,1.281894e+01
311,1.060571e-16,-1.064229e-05,8.746776e-05,5.359839e-04,-3.524594e-01,2.025710e-01,7.159797e+00
312,3.166222e-18,1.718086e-05,9.683249e-05,5.410359e-04,1.869860e+00,-1.976418e-01,1.915636e+01
313,4.830381e-18,-1.173090e-05,7.931717e-05,5.410157e-04,8.356655e-02,-1.710777e+00,2.229058e+01
314,4.252832e-17,-8.121369e-06,9.574712e-05,5.418149e-04,1.152262e+00,-5.351384e-01,9.347850e+00
315,8.048398e-18,2.327403e-06,8.670580e-05,5.323989e-04,-5.450226e-01,-1.847481e-01,1.058289e+01
316,6.288991e-17,-3.772371e-06,8.119553e-05,5.313056e-04,6.683344e-01,3.673935e-01,6.544693e+00
317,5.048328e-18,-1.173538e-05,8.400601e-05,5.326723e-04,1.083219e+00,1.518814e-01,2.080870e+01
318,2.666976e-18,5.475290e-06,7.734493e-05,5.319141e-04,3.786200e-02,1.383241e-02,1.188010e+01
319,2.709576e-17,1.215167e-06,8.310117e-05,5.409089e-04,-4.072900e-01,4.765141e-01,1.389007e+01
320,8.880294e-18,1.003018e-05,9.265870e-05,5.292439e-04,5.659752e-01,-1.222093e+00,8.046168e+00
321,5.910306e-18,-2.424682e-05,8.787573e-05,5.388417e-04,-9.400508e+00,1.640667e+00,6.431747e+00
322,4.827566e-17,-9.677704e-07,7.542348e-05,5.423421e-04,3.061837e-01,2.707483e-01,4.704196e+00
323,1.723506e-17,-1.486025e-05,7.870607e-05,5.486869e-04,-1.592159e+00,-2.232991e+00,1.261072e+01
324,2.852281e-17,-9.601395e-06,7.660826e-05,5.459361e-04,6.371154e-01,4.215302e-01,6.405652e+00
325,3.089199e-18,2.356569e-06,8.281235e-05,5.296521e-04,2.857749e-03,-4.334108e-02,9.994043e+00
326,1.478282e-18,1.013270e-05,9.845213e-05,5.300046e-04,5.069657e-01,2.231222e-01,8.570071e+00
327,4.274836e-17,7.358798e-06,7.396565e-05,5.479496e-04,3.770358e-01,-7.629419e-01,1.252450e+01
328,9.702079e-18,7.033981e-06,9.541873e-05,5.454274e-04,-3.384505e-03,7.560570e-01,6.541949e+00
329,1.584756e-18,6.595904e-07,9.765520e-05,5.377528e-04,4.639989e-02,1.087733e-02,9.654329e-01
330,1.012367e-18,1.016508e-05,8.436843e-05,5.474502e-04,-1.987009e-01,1.656769e-01,-7.328475e-01
331,3.116303e-19,4.570280e-05,-1.523464e-05,4.734008e-04,1.439141e-01,7.795318e-01,7.155297e-01
332,3.042842e-17,3.010072e-05,-1.406952e-05,4.758866e-04,4.391667e-01,2.381718e+00,3.680229e+00
333,5.834551e-19,4.101556e-05,-3.893754e-06,4.741818e-04,2.945732e+00,2.787065e-01,1.588242e+00
334,9.374137e-19,4.179678e-05,-4.296786e-06,4.726567e-04,3.352523e+00,2.676786e-01,-1.295468e+00
335,3.414146e-19,4.257811e-05,-2.734371e-06,4.702767e-04,8.255852e+00,2.113442e+00,-7.049613e+00
336,3.808684e-19,4.257814e-05,-3.515806e-06,4.710586e-04,4.603441e+00,1.303207e+00,-4.355598e+00
337,3.621520e-19,3.632804e-05,-1.523455e-05,4.679339e-04,2.130154e+00,3.997133e+00,5.213935e+00
338,1.126042e-18,4.023437e-05,-3.923761e-06,4.753619e-04,1.312066e+00,-7.645705e-01,3.334170e+00
339,1.142061e-18,2.989704e-05,-1.540521e-05,4.699216e-04,3.384488e-01,1.787656e+00,-1.203072e+00
340,2.375317e-19,2.851488e-05,-1.601492e-05,4.663732e-04,2.154794e+00,1.641319e+00,-6.129810e+00
341,6.889756e-18,4.765706e-05,-1.719233e-05,4.760594e-04,1.632823e-01,-1.000782e-01,1.827379e+00
342,4.324391e-18,2.432006e-05,-1.543274e-05,4.768000e-04,4.901452e-01,5.947519e-01,2.606723e+00
343,5.285636e-17,4.374202e-05,-2.388071e-05,4.905063e-04,-1.210626e-02,2.823117e-02,-1.159794e+00
344,2.086222e-18,2.434026e-05,-1.486347e-05,4.919103e-04,-5.591123e-01,2.503720e-01,9.576402e+00
345,6.918532e-17,4.224150e-05,-1.540730e-05,4.821491e-04,-6.452845e-01,-3.969412e-01,6.569835e+00
346,1.062833e-16,3.531875e-05,-1.358361e-06,5.028037e-04,-5.308367e-01,3.353800e-01,5.032217e+00
347,2.039593e-17,2.721788e-05,8.374149e-07,4.833530e-04,-1.232035e+00,-2.644676e+00,6.846319e+00
348,1.112042e-18,4.768322e-05,-1.797503e-05,4.921399e-04,-7.686039e-01,7.604765e-03,7.359002e+00
349,1.706977e-18,2.901787e-05,-1.406290e-05,4.887854e-04,2.113743e-01,9.858142e-02,5.164735e+00
350,2.816133e-18,2.421483e-05,-1.483919e-05,4.847524e-04,2.213988e-01,-4.076761e-01,6.051478e+00
351,2.965760e-17,3.797798e-05,-7.208196e-06,4.952121e-04,3.207353e-01,1.796845e+00,3.482850e+00
352,1.024403e-18,4.763905e-05,-1.796769e-05,4.976081e-04,3.973222e-01,2.584844e-01,8.413260e+00
353,3.507718e-18,4.687910e-05,-1.553000e-06,4.792494e-04,1.000543e-01,3.246441e+00,1.955307e+00
354,9.584703e-18,3.258851e-05,-1.945369e-05,4.818110e-04,-1.417214e+00,-1.936181e-01,6.948389e-01
355,2.336386e-18,4.687255e-05,-7.902898e-06,4.927386e-04,1.265775e-01,-2.855643e-01,8.056889e+00
356,4.894440e-19,4.804602e-05,-1.796894e-05,4.851131e-04,-5.134393e-02,1.333141e-01,2.743519e+00
357,9.711410e-18,4.687482e-05,-1.237329e-05,4.984536e-04,2.812773e-01,-6.156564e-01,8.171573e+00
358,3.205913e-17,2.769694e-05,1.788664e-06,4.983103e-04,-1.138554e+00,6.659679e-01,1.488270e+01
359,4.309028e-17,4.591344e-05,-2.395732e-05,4.805379e-04,-5.303052e-02,1.483761e-03,-1.153624e+00
360,1.379311e-18,4.297211e-05,-3.906737e-06,5.014854e-04,-2.662671e-03,-2.985759e-01,1.726557e+00
361,9.208300e-18,4.529940e-05,1.607307e-06,4.915948e-04,4.095902e-01,-2.441754e-03,3.945750e+00
362,1.083081e-18,5.450585e-05,1.238690e-05,4.741798e-04,-8.983656e-01,-1.843183e+00,2.215614e-01
363,5.169964e-19,-1.250719e-05,-1.757735e-05,4.718350e-04,1.068407e-01,-1.520134e-02,-3.037018e+00
364,2.401952e-17,-1.016041e-05,-8.601092e-06,4.718263e-04,-1.426845e+00,-2.133364e+00,-9.392125e-01
365,1.179489e-18,-1.796770e-05,-1.172531e-05,4.749615e-04,4.627860e-01,-5.687780e-02,-1.722564e-01
366,2.636487e-19,-1.992199e-05,-7.422295e-06,4.679308e-04,-2.352539e-01,4.289782e+00,-3.373715e+00
367,5.390015e-18,-2.341059e-06,-3.649047e-06,4.750435e-04,-2.436983e-02,2.883536e-01,-3.280473e+00
368,2.795228e-18,-2.035536e-05,-1.949632e-05,4.734641e-04,-2.139159e-01,-1.642437e-01,7.345838e-01
369,2.741932e-17,-2.566908e-05,-1.405881e-05,4.778285e-04,-8.124528e-01,5.286900e-01,1.511262e+00
370,5.197461e-18,-3.906128e-06,-1.484755e-05,4.765562e-04,-1.018069e-01,7.225463e-02,-9.029348e-01
371,1.475027e-18,-1.876914e-05,1.252530e-05,4.749611e-04,6.732037e-01,1.491129e+00,-1.137623e-01
372,1.724607e-17,-1.489662e-05,1.225434e-05,4.748149e-04,-1.340032e+00,-2.967694e+00,1.874602e+00
373,1.447013e-17,-1.343532e-05,2.018430e-05,4.758220e-04,5.933154e-01,-5.827139e-01,1.045114e+00
374,2.655484e-18,5.337795e-08,8.687300e-06,4.754342e-04,-3.567233e-02,-6.054063e-01,-3.287792e-01
375,3.391563e-17,-1.458816e-05,-2.194508e-04,5.414667e-04,4.078004e-01,2.100134e-01,1.015297e+01
376,7.114745e-17,6.512002e-06,-2.204293e-04,5.306381e-04,9.680047e-01,-1.611310e+00,8.502133e+00
377,1.565374e-17,5.415557e-06,-2.048601e-04,5.430907e-04,4.549948e-02,1.848884e-01,1.114040e+01
378,1.743482e-16,-3.273105e-06,-2.124119e-04,5.460995e-04,1.065409e+00,4.556465e-01,7.540330e+00
379,1.607530e-16,1.628526e-06,-2.217912e-04,5.384200e-04,-9.788341e-01,3.829564e-01,5.579067e+00
380,7.052714e-17,-6.597559e-06,-2.249763e-04,5.360277e-04,3.956793e-01,1.297722e+00,1.116042e+01
381,6.186496e-17,-7.649399e-06,-2.041856e-04,5.274472e-04,-7.410470e-01,2.332149e-01,4.908375e+00
382,4.127257e-19,-5.859580e-06,-2.050757e-04,5.489107e-04,-2.832945e-01,-4.299036e+00,9.382029e+00
383,4.747734e-18,-9.382093e-06,-2.210861e-04,5.316061e-04,-1.085741e-01,2.832649e-01,3.416351e+00
384,1.150020e-17,-1.812679e-05,-2.245098e-04,5.390080e-04,3.764200e-01,1.056849e+00,1.943371e+00
385,1.144000e-18,-5.475660e-06,-2.077860e-04,5.496629e-04,6.846071e-01,5.422715e-02,1.394730e+01
386,1.040150e-18,-1.953839e-05,-2.148373e-04,5.414463e-04,-3.831469e-03,2.508924e-02,-4.467435e-01
387,9.570888e-19,-1.952881e-05,-2.148448e-04,5.444786e-04,-5.260619e-02,4.538689e-02,2.574819e-01
388,5.599294e-18,3.785248e-06,-2.117199e-04,5.269897e-04,1.758809e-01,-4.579764e-02,8.114849e+00
389,4.645802e-18,5.469505e-06,-2.062517e-04,5.270924e-04,9.957843e-02,-1.343137e-01,8.178675e+00
390,3.363038e-17,2.303021e-05,-2.145495e-04,5.263258e-04,2.646025e+00,3.507193e-01,3.361849e+00
391,5.005258e-17,2.312635e-05,-2.105339e-04,5.440164e-04,6.003969e+00,-8.708176e-03,6.013491e+00
392,1.114517e-18,1.405963e-05,-2.156202e-04,5.300263e-04,-1.556214e-01,1.088147e-02,4.314313e+00
393,4.106690e-18,1.641287e-05,-2.093753e-04,5.354253e-04,-9.761836e-02,5.235124e-02,3.655095e+00
394,2.866084e-18,1.472918e-05,-2.160046e-04,5.497862e-04,2.213054e-01,3.830265e-01,1.705386e+01
395,4.897030e-18,1.017483e-05,-2.249977e-04,5.337901e-04,2.239176e-01,4.636157e-02,2.449064e+00
396,1.241717e-16,5.441140e-06,-1.766526e-04,5.128859e-04,-7.301760e-01,-1.466963e+00,9.961207e+00
397,2.082490e-16,4.687391e-06,-1.976693e-04,5.163237e-04,9.332506e-01,3.807153e-01,1.045817e+01
398,5.274181e-17,1.681658e-05,-1.976846e-04,5.171183e-04,-5.304279e-01,6.033687e-01,1.334151e+01
399,1.389620e-17,6.760184e-06,-2.040828e-04,5.138883e-04,-1.969374e+00,9.261275e-02,1.615951e+01
400,1.161517e-16,7.981477e-06,-2.269496e-04,5.193594e-04,-3.184333e-02,-5.736955e-01,8.865023e+00
401,4.558620e-17,4.552932e-06,-2.178062e-04,5.047436e-04,5.198268e-01,-3.164660e-01,4.574173e+00
402,3.573549e-17,1.691208e-05,-2.129837e-04,5.082193e-04,1.372275e+00,-2.675364e-01,4.033899e+00
403,1.259816e-18,1.016833e-05,-2.070477e-04,5.014983e-04,-4.190342e-01,-3.790504e-01,3.048549e+00
404,1.530065e-17,1.047050e-05,-2.219118e-04,5.030785e-04,6.309922e-01,-1.221982e-01,5.117962e+00
405,2.791030e-18,3.899322e-06,-2.117052e-04,5.189350e-04,1.318585e-01,-6.194581e-01,7.510963e+00
406,3.111689e-18,7.802030e-06,-2.140648e-04,5.142269e-04,-3.535826e-01,-6.945846e-02,3.332886e+00
407,1.139641e-17,-3.906273e-06,-2.106784e-04,5.008393e-04,-1.484980e+00,-1.124221e+00,1.130032e+01
408,4.105827e-17,-6.340127e-06,-2.183034e-04,5.046562e-04,1.330887e+00,-2.707878e+00,1.393500e+01
409,8.446754e-17,-3.903266e-06,-2.103562e-04,5.011935e-04,-7.667783e-01,-1.138321e+00,1.042247e+01
410,5.844681e-17,-3.893731e-06,-2.205649e-04,5.100383e-04,1.075612e+00,-1.337195e+00,1.031231e+01
411,5.781248e-18,-1.406703e-05,-2.238668e-04,5.006938e-04,-3.009255e-02,9.420199e-01,-1.856730e-02
412,2.880692e-18,-1.485049e-05,-2.195320e-04,5.165423e-04,-2.875035e-01,-2.011032e-03,3.093473e+00
413,7.038676e-18,-1.019951e-05,-2.018570e-04,5.031565e-04,-7.927471e-01,1.918373e+00,3.393355e+00
414,4.166607e-18,-7.822295e-06,-2.156176e-04,5.108006e-04,-1.005348e-01,-1.591820e-01,3.263819e+00
415,2.993677e-18,-3.910446e-06,-2.039086e-04,5.080787e-04,-1.101573e-01,-3.936098e-02,2.330110e+00
416,6.648974e-18,-1.165301e-06,-1.906248e-04,5.173293e-04,1.898717e+00,-3.741052e-02,1.437558e+01
417,2.762772e-18,2.030750e-05,-1.984326e-04,5.057350e-04,4.508653e-01,1.167921e-01,8.633686e+00
418,3.695989e-17,3.934597e-06,-1.892954e-04,5.220745e-04,-1.352285e+00,-4.744423e-01,7.651351e+00
419,2.500076e-17,3.087282e-06,-1.796340e-04,5.067986e-04,-6.756015e-01,9.510369e-01,8.442594e+00
420,4.811765e-18,1.405949e-05,-1.945440e-04,5.130514e-04,-4.385217e-01,-4.843674e-01,1.686382e-01
421,2.952882e-18,1.171910e-05,-1.875003e-04,5.227084e-04,1.281402e-01,7.145939e-03,2.092670e+00
422,2.548257e-17,2.031456e-05,-1.851478e-04,5.228773e-04,-4.026720e-01,1.126480e+00,3.883730e+00
423,1.949393e-16,-4.160570e-06,-1.799925e-04,5.262314e-04,7.272477e-01,4.965847e-01,6.854359e+00
424,9.623592e-18,-5.297505e-06,-1.906881e-04,5.051078e-04,3.498318e-01,2.333880e+00,1.063937e+01
425,3.871256e-17,-1.104050e-05,-1.879603e-04,5.186832e-04,-1.990732e-01,4.568461e-01,4.654377e+00
426,3.448929e-18,-3.123365e-06,-1.843838e-04,5.157871e-04,-8.619115e-05,-3.212834e-01,8.388104e+00
427,3.381709e-18,-9.378865e-06,-1.812523e-04,5.111882e-04,5.932703e-02,-5.371017e-02,6.148176e+00
428,3.383352e-18,-9.383586e-06,-1.953163e-04,5.104009e-04,-2.106720e-01,-8.595155e-02,1.962050e+00
429,3.448722e-18,-1.094326e-05,-1.914078e-04,5.104310e-04,-7.520138e-02,3.434799e-01,2.385362e+00
430,1.306034e-17,-2.402390e-05,-1.830716e-04,5.164799e-04,-1.055927e+01,2.891214e-01,3.283614e+00
431,1.272396e-18,-1.561713e-06,-1.961003e-04,5.022583e-04,-7.978078e-02,-1.847176e-01,1.320301e+00
432,6.053346e-18,-1.133543e-05,-1.781301e-04,5.141545e-04,7.742202e-01,4.234698e-01,1.679620e+00
433,1.124321e-17,-2.039298e-05,-1.901015e-04,5.254973e-04,3.472100e-01,1.882605e-01,3.538671e+00
434,1.321583e-16,2.201640e-06,2.269532e-04,5.422611e-04,2.066174e-01,-1.483121e+00,1.338673e+01
435,5.188321e-17,1.009622e-05,2.487929e-04,5.483926e-04,-5.307340e-01,4.667973e-01,8.048051e+00
436,6.302687e-18,3.456129e-06,2.445364e-04,5.429858e-04,1.796635e-01,-2.152460e-02,3.199978e+00
437,2.052079e-16,-5.373702e-07,2.483681e-04,5.315037e-04,-4.624835e-01,-9.031758e-02,7.828054e+00
438,9.760035e-17,1.019541e-05,2.362213e-04,5.478328e-04,6.662789e-01,3.793383e-01,6.488590e+00
439,1.259942e-17,2.626273e-06,2.253395e-04,5.356001e-04,1.567894e-01,-3.747496e-01,1.441041e+01
440,3.277751e-17,2.106044e-05,2.490185e-04,5.300267e-04,1.134115e+00,-3.769763e-01,1.086299e+01
441,1.049798e-18,1.798593e-05,2.304766e-04,5.452787e-04,2.045386e-01,4.320466e-02,-5.610548e-01
442,1.772029e-17,1.362294e-05,2.244128e-04,5.478758e-04,1.519929e+00,-3.647079e-02,9.019657e+00
443,1.237731e-18,1.251109e-05,2.281264e-04,5.330406e-04,-1.228377e-01,1.152097e-01,4.681883e+00
444,5.280500e-18,7.936408e-06,2.390697e-04,5.247062e-04,-1.250585e+00,-3.725087e-01,5.418149e+00
445,9.979550e-17,-7.580518e-06,2.279331e-04,5.301504e-04,2.979550e-01,-4.588961e-01,7.426402e+00
446,4.322292e-17,-1.583175e-05,2.489729e-04,5.395015e-04,-1.682872e-01,-9.693507e-03,6.993925e+00
447,2.434525e-18,-8.680997e-06,2.289880e-04,5.257452e-04,-7.162278e-02,1.773524e-01,1.056831e+01
448,1.726496e-18,-2.015208e-05,2.496091e-04,5.275121e-04,-1.218731e+00,1.248144e-01,1.752124e+01
449,4.969514e-18,-9.372501e-06,2.328095e-04,5.467053e-04,-3.655192e-02,-5.095237e-02,4.470696e+00
450,4.999613e-18,-1.405814e-05,2.343753e-04,5.360782e-04,-9.103191e-02,-2.248977e-01,5.729839e+00
451,2.799558e-18,-3.910474e-06,2.398477e-04,5.311717e-04,4.059415e-02,7.186315e-02,3.905441e+00
452,4.489889e-18,-3.904698e-06,2.336042e-04,5.349133e-04,-1.007486e-02,-1.890589e-02,2.759156e-02
453,1.425467e-18,-2.268037e-05,2.496085e-04,5.319043e-04,8.331180e-01,9.887996e-02,1.879905e+01
454,1.988529e-16,-1.400217e-05,2.010174e-04,5.280712e-04,-2.593153e-01,-1.078606e+00,1.236745e+01
455,3.211437e-17,2.248028e-06,2.014931e-04,5.118266e-04,2.023391e+00,3.577321e+00,8.777957e+00
456,3.228270e-17,1.721187e-06,2.241453e-04,5.194731e-04,-5.882200e-01,2.549753e+00,9.117966e+00
457,1.821772e-17,-4.512536e-07,2.262067e-04,5.065725e-04,-5.182088e-01,-1.686477e+00,7.953824e+00
458,2.780598e-17,4.883211e-07,2.118693e-04,5.264681e-04,-3.590366e+00,-1.103114e+00,1.190129e+01
459,1.285958e-16,3.096280e-06,2.066674e-04,5.084154e-04,-5.032476e-01,6.399362e-01,3.890951e+00
460,1.369260e-17,5.457627e-08,2.225154e-04,5.294966e-04,-8.895297e-01,1.708339e+00,1.004052e+01
461,2.954712e-17,-1.369706e-05,2.056717e-04,5.381866e-04,-7.543534e-01,-4.955014e-01,9.981852e+00
462,4.254256e-18,-7.882276e-07,2.078278e-04,5.271191e-04,-5.636821e-02,4.312735e-01,6.001019e+00
463,5.536361e-17,-9.655637e-06,2.171280e-04,5.439727e-04,-1.151922e+00,5.975203e-01,9.560306e+00
464,6.975522e-18,-7.936533e-07,2.021812e-04,5.358570e-04,9.416938e-02,-7.904844e-01,6.955839e+00
465,3.012964e-17,-1.448084e-05,1.978639e-04,5.366873e-04,4.056287e-01,2.217805e-01,6.175494e+00
466,2.770138e-18,-1.721805e-05,2.070659e-04,5.288338e-04,-4.744209e-01,8.050072e-02,2.044252e+00
467,4.046476e-18,-6.248400e-06,2.218718e-04,5.262014e-04,1.988389e-02,-6.347901e-02,2.815243e+00
468,2.803056e-18,-1.406919e-05,2.179681e-04,5.281997e-04,-2.038435e-01,-8.365603e-02,2.830291e+00
469,1.781757e-18,-6.251171e-06,1.993272e-04,5.460805e-04,2.515967e-01,2.659070e-06,-1.901793e+00
470,1.180240e-16,2.148564e-05,2.006416e-04,5.480052e-04,2.061534e-01,-4.976479e-01,5.821320e+00
471,1.829433e-16,1.685532e-05,1.968777e-04,5.352279e-04,2.746545e-01,4.357795e-01,6.038190e+00
472,3.195361e-17,1.636933e-05,2.008201e-04,5.261558e-04,1.227094e+00,-2.634856e-01,5.328136e+00
473,4.501041e-18,3.573262e-06,2.203326e-04,5.469190e-04,-1.370748e+00,-2.479781e-02,1.053592e+01
474,2.667446e-18,7.809722e-06,2.171800e-04,5.456288e-04,-4.418845e-02,-4.308730e-02,1.154086e+01
475,2.500034e-17,1.581900e-05,2.101526e-04,5.479417e-04,3.026276e-01,4.689883e-01,7.745994e+00
476,3.859338e-18,1.637918e-06,2.195003e-04,5.432414e-04,-4.959065e-01,-5.896805e-03,1.195959e+01
477,1.750649e-17,9.906083e-06,2.099554e-04,5.456075e-04,1.568896e-01,-6.090803e-01,5.671985e+00
478,4.916376e-18,2.031029e-05,2.210908e-04,5.437837e-04,-3.111710e-01,4.688927e-03,3.590151e+00
479,2.174870e-18,1.650815e-05,2.225125e-04,5.463589e-04,1.092523e-01,-3.181459e-01,5.196396e+00
480,7.350199e-17,9.028545e-06,2.224227e-04,5.081960e-04,8.299670e-02,-5.485147e-01,8.552974e+00
481,2.546461e-17,1.080095e-05,2.039890e-04,5.003437e-04,6.166129e-01,-7.253968e-02,8.507063e+00
482,4.606776e-18,6.212945e-06,2.195355e-04,5.004500e-04,1.658629e+00,-3.724438e-01,3.891148e+00
483,5.656428e-18,1.873074e-05,2.211178e-04,5.144840e-04,-4.760519e-01,1.024332e+00,2.612395e+00
484,1.088264e-18,1.173851e-05,2.164038e-04,5.138892e-04,-2.470283e-01,1.017229e-01,7.028048e+00
485,2.163983e-17,1.474905e-05,2.109895e-04,5.210516e-04,-1.432573e-01,3.946397e-01,6.393643e+00
486,6.144798e-18,1.172182e-05,2.164028e-04,5.027121e-04,1.760253e-02,-1.590777e-01,5.323582e+00
487,4.347821e-17,-1.181296e-05,2.286384e-04,4.999628e-04,1.276091e+00,1.939773e-01,1.161731e+01
488,2.700981e-18,-1.864661e-05,2.496092e-04,5.224064e-04,-5.571212e-01,5.247892e-02,1.720964e+01
489,1.300367e-16,1.055872e-05,2.313169e-04,4.998844e-04,-8.924780e-01,-1.515482e+00,1.196274e+01
490,8.748829e-17,2.365019e-05,2.321243e-04,4.981181e-04,-1.683071e-01,1.334168e-01,-4.622420e-01
491,1.015894e-16,-1.380260e-05,2.429613e-04,5.002451e-04,-6.844832e-02,5.153625e-01,6.336041e+00
492,6.407129e-18,7.777230e-07,2.288973e-04,5.238909e-04,-5.618145e-02,7.619603e-01,1.285358e+01
493,7.309131e-19,1.562223e-05,2.496105e-04,5.045957e-04,3.943211e-01,3.277232e-01,6.195145e+00
494,2.492882e-18,1.640465e-05,2.496090e-04,5.100772e-04,-1.681532e-01,-2.332622e-02,7.037133e+00
495,1.093264e-18,1.247789e-05,2.281148e-04,5.154040e-04,-4.822644e-02,6.151720e-02,2.229933e+00
496,1.169043e-18,7.804193e-07,2.496094e-04,5.204175e-04,1.404198e-01,-9.303598e-02,5.637295e+00
497,2.942695e-18,1.406322e-05,2.453064e-04,5.080103e-04,1.303027e-01,-1.403635e-01,1.260303e+00
498,2.997548e-18,-1.772756e-05,2.496094e-04,5.039942e-04,-5.277278e-01,8.973403e-02,9.837835e+00
499,2.647264e-18,-1.806906e-05,2.496077e-04,5.154416e-04,9.440685e-01,6.093766e-02,1.488412e+01
500,3.400952e-17,-8.008196e-06,2.341470e-04,5.121683e-04,1.660297e+00,6.587193e-01,6.627287e+00
501,4.124093e-18,-2.388911e-06,2.265302e-04,5.146900e-04,3.589443e-01,-2.496321e-01,6.755104e+00
502,1.176650e-17,-6.673033e-06,2.270096e-04,5.093489e-04,7.720443e-01,-5.340080e-01,5.548602e+00
503,7.087273e-19,-9.132814e-07,2.391923e-04,5.200286e-04,1.475787e-01,-5.406352e-02,2.782797e+00
504,1.251833e-17,-2.145410e-05,2.258034e-04,5.071415e-04,-7.757963e-01,5.803497e-01,3.645907e+00
505,7.242850e-19,-1.654264e-05,2.381516e-04,5.185132e-04,-2.458452e-01,1.024409e-01,1.074020e+00
506,1.471232e-15,5.800789e-05,1.336306e-05,4.375293e-04,1.100693e-01,-1.780223e-03,-7.549503e-01
507,2.483900e-17,1.025657e-04,-1.907693e-08,4.819270e-04,9.662885e-01,-3.317135e-01,7.295148e+00
508,3.810644e-18,1.015216e-04,-7.528515e-06,4.787941e-04,6.167921e-01,-7.303073e-02,3.163731e+00
509,1.428569e-18,1.230471e-04,-1.261326e-05,4.735746e-04,8.238505e-01,7.558147e-02,-3.471258e+00
510,8.852544e-17,1.429143e-04,3.922319e-07,4.799789e-04,1.291795e-01,8.763862e-01,3.865821e+00
511,1.627152e-17,1.357754e-04,-9.412580e-06,4.787617e-04,-2.943748e-01,4.815078e-02,5.818343e+00
512,2.459534e-17,1.272054e-04,-4.018682e-06,4.762943e-04,-1.385039e-01,1.272700e-01,-1.195144e-01
513,1.089941e-17,1.272600e-04,1.369752e-05,4.764768e-04,-1.909968e+00,-1.730986e+00,-2.047168e+00
514,2.605987e-17,1.287658e-04,2.763286e-06,4.809415e-04,2.448529e-01,-1.742961e+00,6.639117e+00
515,9.693020e-19,1.446188e-04,1.153376e-05,4.749638e-04,-1.002851e+00,1.602961e+00,-2.492779e+00
516,2.707160e-17,1.509431e-04,5.057185e-06,4.761208e-04,8.033871e-03,-5.469152e-01,-6.095897e-01
517,9.654631e-17,-1.761660e-05,2.172226e-04,5.118133e-04,-1.654471e-02,7.303216e-01,9.331342e+00
518,3.539712e-18,-1.254820e-05,2.059613e-04,5.213568e-04,-3.406275e-01,-1.084234e+00,2.945942e+01
519,4.941943e-18,-1.244114e-05,2.058308e-04,5.056865e-04,5.407229e-01,-1.385756e+00,2.194142e+01
520,5.978521e-18,-1.214306e-05,2.077824e-04,5.140554e-04,1.333680e+00,8.900793e-01,2.600854e+01
521,5.333258e-17,-3.563917e-06,2.039886e-04,5.134495e-04,2.142024e-01,-4.507990e-01,1.111509e+01
522,4.976027e-17,-1.541629e-05,2.220217e-04,5.200925e-04,-1.580948e-01,3.001063e-01,5.092045e+00
523,1.475667e-18,-1.874973e-05,2.164037e-04,5.053596e-04,-4.902897e-01,-8.503353e-01,9.373837e+00
524,2.021869e-18,-2.341857e-06,2.148411e-04,5.196417e-04,-5.864241e-02,9.876079e-02,5.157375e+00
525,2.705436e-18,-9.375778e-06,2.046968e-04,5.017837e-04,-1.521861e-01,3.634194e-01,6.597238e+00
526,2.149318e-17,-1.874083e-05,2.193587e-04,5.221874e-04,5.594087e-01,7.344721e-01,4.382580e-01
527,9.842510e-19,-6.836793e-06,2.087950e-04,5.113603e-04,-5.293875e-01,-1.908664e-01,2.498104e+00
528,4.252777e-18,-2.345753e-06,2.148438e-04,5.138521e-04,-6.720171e-02,-4.008450e-02,3.835242e+00
529,1.086325e-18,-7.028541e-06,2.086143e-04,5.022695e-04,-3.559281e-02,-5.676942e-01,1.553881e-01
530,5.553200e-18,-2.337868e-06,2.148450e-04,5.010837e-04,4.112989e-03,4.035391e-02,2.463079e+00
531,7.300888e-19,-1.887897e-05,2.165399e-04,5.022804e-04,-5.844207e-02,-7.270018e-01,7.298963e+00
532,1.286052e-17,-5.227628e-06,1.990113e-04,5.094367e-04,-1.004003e+00,-2.686413e+00,1.360978e+01
533,6.962297e-17,4.172364e-07,1.733608e-04,5.252644e-04,4.554892e-01,-4.822118e-01,1.239366e+01
534,2.704616e-17,-3.283535e-10,1.484388e-04,5.144095e-04,-8.046219e-01,-3.336554e+00,8.056396e+00
535,8.478143e-17,6.835283e-06,1.472530e-04,5.142164e-04,-1.872206e-01,-1.340564e+00,5.335595e+00
536,3.195914e-18,1.472328e-05,1.719189e-04,5.160867e-04,5.511027e-01,9.856368e-02,4.491079e-01
537,2.856029e-17,-8.389654e-09,1.640499e-04,5.134934e-04,7.424813e-01,1.019310e-02,9.290429e+00
538,4.172571e-18,1.870053e-05,1.749995e-04,5.241648e-04,-6.427017e-01,5.164390e-02,4.716289e+00
539,7.873901e-18,1.229113e-05,1.586004e-04,5.092105e-04,-3.957783e-02,5.119185e-02,2.704919e+00
540,2.213070e-18,3.900240e-06,1.617271e-04,5.204016e-04,-9.029125e-03,1.120644e-02,3.135222e+00
541,2.071816e-17,1.150095e-05,1.560728e-04,5.250282e-04,-2.252891e-01,-4.120648e-01,5.434079e+00
542,5.921345e-17,-7.722746e-06,1.936322e-04,5.484439e-04,-7.622086e-01,4.242051e-01,9.186571e+00
543,3.739867e-18,-1.485052e-05,1.757838e-04,5.341871e-04,8.065825e-01,-9.729986e-01,5.185067e+00
544,6.747637e-17,-1.436367e-05,1.753926e-04,5.341546e-04,9.948002e-01,-1.023453e+00,5.728275e+00
545,3.906629e-17,4.019724e-06,1.833034e-04,5.489095e-04,-8.039853e-01,1.709377e-02,1.602662e+01
546,2.027529e-17,-1.406620e-05,1.828250e-04,5.301992e-04,2.512963e-01,3.467585e+00,2.395252e+01
547,4.842230e-18,3.127919e-06,1.851558e-04,5.299237e-04,2.564780e-02,2.768620e-01,9.839654e+00
548,8.487063e-17,-9.288561e-06,1.929469e-04,5.295692e-04,-1.346527e+00,-2.055067e-01,4.837242e+00
549,1.373172e-18,3.125829e-06,1.851552e-04,5.413514e-04,4.888150e-02,9.468406e-02,1.018540e+01
550,1.416922e-16,8.395558e-06,1.717903e-04,5.360397e-04,9.062410e-01,-1.763654e-01,5.155642e+00
551,1.038188e-18,-6.255457e-06,1.742187e-04,5.443810e-04,3.621035e-03,9.940571e-03,1.743718e+00
552,2.877878e-18,9.365167e-06,1.906263e-04,5.477823e-04,-3.255746e-02,-4.369327e-03,2.799025e+00
553,8.291476e-19,1.953317e-05,1.964856e-04,5.482759e-04,2.625294e+00,3.934519e-01,8.780379e-02
554,2.363053e-19,-9.762935e-06,1.847650e-04,5.466832e-04,-8.872611e-02,1.980043e-01,1.816885e+00
555,1.197967e-16,1.498420e-06,1.938672e-04,5.060817e-04,-9.071710e-01,-1.912775e+00,1.175681e+01
556,4.043270e-18,-5.560921e-06,1.955084e-04,4.997392e-04,-1.537494e-01,6.423886e-01,5.381515e+00
557,2.162532e-16,-9.694810e-06,1.857463e-04,5.153700e-04,1.863265e-01,7.929242e-01,3.579802e+00
558,7.566879e-18,1.171951e-05,1.867193e-04,5.088759e-04,2.561735e+00,2.445538e+00,1.713248e+01
559,1.056176e-16,1.253447e-05,1.870033e-04,5.082216e-04,2.062291e+00,1.988254e+00,1.292958e+01
560,3.498977e-18,1.565852e-06,1.788985e-04,5.003222e-04,3.036429e-01,3.382502e-03,8.427769e+00
561,5.678698e-19,3.959566e-06,1.964842e-04,5.169671e-04,1.077604e+00,-4.679782e-01,1.267111e+01
562,2.890235e-17,3.900170e-06,1.968286e-04,5.227426e-04,-2.415575e-01,3.145626e-01,1.578452e+01
563,4.114484e-17,1.250949e-05,1.802846e-04,5.126505e-04,-1.452817e-01,1.520579e+00,7.508679e+00
564,4.405692e-18,1.561282e-06,1.773231e-04,5.107324e-04,5.668589e-02,-2.342836e-01,8.757518e+00
565,3.845603e-18,3.151658e-06,1.851298e-04,5.118341e-04,1.158740e-01,8.359223e-05,6.328439e+00
566,2.844867e-18,3.117344e-06,1.914043e-04,5.135418e-04,5.736973e-01,-4.140431e-02,3.619749e+00
567,6.046727e-18,1.194808e-05,1.945489e-04,5.140300e-04,-1.700209e+00,-8.020940e-01,3.868985e+00
568,2.247167e-17,-2.550338e-06,1.804141e-04,5.211739e-04,3.563040e+00,3.139458e+00,1.555896e+01
569,3.881819e-18,-3.245289e-06,1.961676e-04,5.009451e-04,-1.691275e+00,-1.023334e-01,1.248179e+01
570,2.301607e-17,-6.940211e-06,1.835990e-04,5.066472e-04,1.182937e+00,5.582179e-01,1.397895e+01
571,9.325148e-18,-3.904248e-06,1.796807e-04,5.111799e-04,7.777239e-02,7.486868e-02,1.171246e+01
572,3.064331e-18,-1.330857e-05,1.758038e-04,5.204831e-04,-7.548053e-01,8.855756e-01,1.960647e+01
573,5.802592e-18,-1.720694e-05,1.832065e-04,5.002834e-04,-4.949496e-01,-4.028428e-01,2.241153e+00
574,2.380292e-17,-1.108803e-05,1.780174e-04,5.021369e-04,-9.577696e-01,-4.723740e-02,7.159821e+00
575,2.897000e-18,-4.035599e-06,1.928817e-04,5.066842e-04,-1.321726e+00,6.653878e-02,9.342557e-01
576,8.241621e-18,-1.880584e-05,1.820364e-04,5.123322e-04,6.887943e-01,9.410665e-01,3.277858e+00
577,1.197198e-17,-1.992815e-05,1.931080e-04,5.170238e-04,5.053322e-01,-4.546548e-01,3.463268e+00
578,8.829912e-19,-8.477656e-06,1.951798e-04,5.030419e-04,-1.049352e+00,4.054248e-02,3.721568e-01
579,1.491928e-17,-1.278049e-05,1.758728e-04,4.992816e-04,-4.746905e-01,-3.456593e-01,1.181245e+01
580,2.611224e-18,-8.579695e-06,1.953084e-04,5.081034e-04,4.712224e-01,-1.098244e-01,7.749879e-01
581,7.629117e-18,-2.257813e-04,2.421884e-05,4.980113e-04,-1.668263e-02,-9.639950e-02,1.262148e+00
582,4.907443e-17,-2.261454e-04,2.384941e-05,4.973742e-04,-2.678593e-01,-6.846783e-02,2.003678e+00
583,1.687874e-16,-2.270963e-04,8.025480e-06,4.991190e-04,4.845850e-01,-9.696715e-01,8.602211e+00
584,3.102377e-18,-2.405636e-04,-2.170101e-08,4.761485e-04,7.988220e-01,1.236855e+00,5.197974e+00
585,3.334301e-17,-2.427887e-04,-9.766496e-07,4.805642e-04,1.271201e+00,6.881630e-01,5.741354e+00
586,3.162883e-18,-2.257799e-04,2.341293e-06,4.932842e-04,2.422011e-02,-1.011943e-01,5.438895e+00
587,3.030719e-18,-2.242175e-04,7.797591e-06,4.847026e-04,1.587773e+00,3.780788e-01,5.089591e+00
588,1.298199e-18,-2.496093e-04,-7.801292e-07,4.878512e-04,2.815565e-01,4.440164e-01,-1.234948e+00
589,1.301781e-18,-2.253971e-04,2.460943e-05,4.880962e-04,-1.394660e+00,4.105933e-01,-2.829634e+00
590,1.306086e-17,-2.016798e-04,2.902279e-06,4.923396e-04,3.602613e-01,-5.738519e-02,6.757779e+00
591,5.841296e-18,-2.119771e-04,1.103490e-05,4.953610e-04,2.021110e+00,-1.984475e+00,1.622689e+01
592,6.957030e-18,-1.995100e-04,9.378925e-06,4.927783e-04,1.317055e-01,-5.859187e-02,6.120061e+00
593,1.388126e-17,-2.011797e-04,1.668626e-05,4.784787e-04,4.938491e-01,-1.104027e+00,3.563289e+00
594,2.611918e-17,-2.122503e-04,-1.456540e-06,4.869503e-04,-4.920536e-01,4.052152e+00,1.666965e+01
595,5.262681e-18,-2.186965e-04,9.354128e-06,4.960961e-04,1.383540e-01,2.515856e-01,4.776732e+00
596,1.693427e-18,-2.016238e-04,2.284947e-06,4.842109e-04,2.547342e-01,3.314546e-01,1.536706e+00
597,6.203094e-18,-2.168106e-04,1.482255e-05,4.798763e-04,3.738438e+00,1.185653e+00,7.489721e+00
598,6.186879e-18,-2.195310e-04,2.877787e-09,4.913498e-04,1.029301e-01,8.398288e-02,1.377367e+00
599,1.925321e-18,-2.007995e-04,6.236392e-06,4.775165e-04,5.017219e-01,-3.814050e-01,-2.176298e+00
600,3.519934e-18,-2.226579e-04,9.376886e-06,4.816024e-04,8.976237e-01,1.543712e-01,2.323127e+00
601,2.935215e-19,-2.136719e-04,1.289071e-05,5.007276e-04,4.091737e-01,1.569101e+00,1.945207e+01
602,3.126140e-18,-2.133299e-04,1.188883e-05,4.990938e-04,4.372478e-01,-3.649340e-02,1.776245e+01
603,3.583143e-18,-2.133348e-04,1.101430e-05,4.918603e-04,-2.165969e-01,1.392898e+00,1.649502e+01
604,1.302423e-18,-2.132353e-04,7.422191e-06,4.769444e-04,1.467195e+00,7.353357e-01,6.634565e+00
605,3.364475e-17,-2.299152e-04,-1.568592e-05,4.962141e-04,-3.542461e+00,2.556083e-01,1.494745e+01
606,1.778943e-17,-2.369066e-04,-1.848706e-05,4.818118e-04,1.539507e+00,-7.448468e-01,6.232817e+00
607,4.398376e-17,-2.359726e-04,-2.398426e-05,4.888246e-04,-1.148685e+00,6.947514e-02,2.132356e+00
608,1.037967e-16,-2.378058e-04,-5.479153e-06,4.876078e-04,6.141881e-01,1.728703e+00,5.530610e+00
609,1.773257e-17,-2.247254e-04,-1.644806e-05,4.858050e-04,7.962562e-01,-2.954057e+00,7.217045e+00
610,8.509308e-18,-2.348560e-04,-8.016101e-06,4.748275e-04,-4.139605e-01,2.227981e+00,-4.205137e-01
611,3.792930e-17,-2.356412e-04,-1.127724e-05,4.897385e-04,-2.846834e+00,1.799907e+00,6.002464e+00
612,2.692850e-18,-2.460747e-04,-1.331893e-05,4.854569e-04,-6.411142e-02,-6.030236e-01,1.921514e+00
613,2.195017e-18,-2.297280e-04,-1.098111e-05,4.754868e-04,2.708444e-01,9.984399e-03,-1.798766e+00
614,2.520515e-17,-2.318070e-04,-7.223630e-06,4.803602e-04,3.608422e-01,-2.119294e+00,2.685797e+00
615,1.520331e-17,-2.492671e-04,-9.159606e-06,4.977362e-04,8.750032e-03,-6.550722e-02,2.856213e+00
616,2.216500e-18,-2.312460e-04,-2.187319e-05,4.755721e-04,5.369558e-01,-5.339410e-01,1.005714e+00
617,3.217857e-18,-2.461152e-04,-1.406032e-05,4.901934e-04,7.208326e-01,2.038847e-01,1.528844e+00
618,3.378051e-18,-2.304707e-04,-4.688273e-06,4.886075e-04,-1.777678e-02,-1.566667e-01,2.526406e+00
619,3.079619e-17,-2.271295e-04,-9.166559e-06,4.871064e-04,-7.133359e-01,-1.449718e+00,4.967909e+00
620,2.031909e-17,-2.275429e-04,-1.548130e-05,4.793486e-04,2.003734e+00,6.451187e-01,3.871540e+00
621,3.201695e-18,-2.437491e-04,-7.816349e-06,4.949161e-04,-4.688844e-02,1.005209e-01,6.709206e-01
622,4.692429e-18,-2.297299e-04,-1.098845e-05,4.890880e-04,-8.029989e-02,-5.152463e-01,2.908170e+00
623,3.654204e-18,-2.429558e-04,-1.640832e-05,4.827623e-04,3.423327e-01,-3.268960e-01,-2.939537e+00
624,2.094904e-17,-2.290238e-04,-1.246846e-05,5.029807e-04,4.378718e-01,-5.095960e-01,9.884696e+00
625,8.043611e-19,-2.273557e-04,-1.601641e-05,4.913644e-04,4.976370e-02,-1.765416e+00,1.191655e+01
626,2.156516e-18,-2.337112e-04,-2.249764e-05,4.858960e-04,-2.487043e+00,6.323973e-01,8.374082e+00
627,3.798217e-18,-2.257691e-04,-1.567676e-05,4.755977e-04,6.923812e-01,-3.528323e-01,3.094279e+00
628,5.030637e-18,-2.304672e-04,-4.685340e-06,5.007731e-04,-9.830867e-02,-1.444318e-01,9.151214e+00
629,6.234634e-18,-2.305844e-04,-2.433018e-05,4.861667e-04,-8.994751e-01,-1.627008e-01,-1.301848e+00
630,2.466248e-18,-2.164941e-04,-8.502669e-06,4.753897e-04,-1.136628e+00,4.788336e-01,-5.694193e-01
631,1.205037e-17,-1.981452e-04,-6.107260e-06,4.818019e-04,-1.117102e-01,5.671944e-01,4.376895e+00
632,5.862275e-18,-2.172104e-04,-1.015598e-05,4.944620e-04,2.634555e-01,9.113097e-02,2.652795e+00
633,2.168704e-18,-2.147703e-04,-1.336292e-05,4.933558e-04,-4.288760e-01,3.098772e-01,-8.112790e-01
634,2.687315e-17,-2.055247e-04,-8.336091e-06,5.030884e-04,-3.333713e-01,5.937654e-01,5.189534e+00
635,2.814598e-17,-2.174947e-04,-3.207977e-06,4.761401e-04,-8.599839e-01,-4.654196e-01,1.832416e+00
636,1.247853e-18,-2.109098e-04,-5.859446e-06,4.769560e-04,-2.923704e-01,2.991756e+00,-1.587295e+00
637,1.386215e-18,-2.117190e-04,-5.470063e-06,4.944733e-04,-9.720397e-02,-9.282705e-02,2.506559e-01
638,2.863245e-18,-2.195419e-04,-8.594203e-06,4.910070e-04,-3.548057e-01,5.233159e-01,1.298033e+00
639,4.608731e-18,-2.031256e-04,-4.689322e-06,4.889782e-04,1.861147e-03,-5.015123e-02,-1.401427e+00
640,2.990652e-17,-2.368263e-04,6.962771e-06,4.923152e-04,1.740707e+00,-1.025469e-01,1.102493e+01
641,3.303215e-17,-2.327694e-04,1.219029e-05,4.851672e-04,1.353805e+00,-1.809464e+00,8.012346e+00
642,1.316338e-17,-2.495204e-04,5.970273e-06,4.782170e-04,1.720103e-01,4.872487e+00,9.591170e+00
643,5.982217e-17,-2.392319e-04,2.326221e-06,5.032632e-04,-4.417604e-01,-2.581627e-01,1.431394e+01
644,6.727762e-17,-2.487017e-04,6.291258e-06,4.880806e-04,-4.375550e-01,-9.577818e-01,1.686973e+00
645,1.484573e-17,-2.276473e-04,1.086620e-05,4.797564e-04,1.009129e+00,-2.576974e+00,2.215546e+00
646,2.397887e-18,-2.265113e-04,1.011925e-05,4.910944e-04,-2.230144e-02,-1.369801e+00,7.944878e+00
647,2.673403e-19,-2.324224e-04,1.132769e-05,4.765248e-04,3.891757e+00,-2.296478e+00,1.162706e+00
648,2.217602e-18,-2.315546e-04,1.112356e-05,4.745448e-04,2.791532e+00,-4.026674e+00,5.869877e-01
649,1.829481e-18,-2.345218e-04,9.988329e-06,4.776890e-04,-6.685202e-01,-1.469216e+00,7.939969e-01
650,2.912846e-18,-2.437497e-04,1.563370e-06,4.916777e-04,-1.370338e-02,5.998877e-02,4.475126e-01
651,7.627696e-18,-2.492187e-04,2.421895e-05,4.901997e-04,5.081253e-02,-2.579048e-02,-8.593651e-01
652,1.900190e-17,-2.487653e-04,2.369137e-05,4.902240e-04,6.276814e-03,-3.699408e-02,-5.022896e-01
653,1.085313e-17,-2.452740e-04,1.505468e-05,4.843810e-04,-4.615737e-01,-2.311352e-01,-8.379231e-01
654,3.729303e-18,-2.305150e-04,2.289175e-06,4.982947e-04,5.714190e-01,-8.150381e-01,1.380654e+00
655,1.344450e-18,-2.375010e-04,2.337945e-06,4.968142e-04,-1.762126e-01,-3.461402e-01,1.302289e+01
656,1.110903e-18,-2.374871e-04,2.340696e-06,4.952541e-04,-2.427170e-02,-9.477023e-03,1.240827e+01
657,7.294987e-18,-2.373759e-04,6.245860e-06,4.868577e-04,-3.914670e-01,-1.196784e-01,9.808388e+00
658,1.176450e-18,-2.496093e-04,5.341463e-06,4.825394e-04,-2.059335e-02,3.453301e-02,2.842458e+00
659,3.648703e-18,-2.343653e-04,1.258918e-05,4.817967e-04,-8.694929e-01,1.249414e+00,1.244607e+01
660,9.566811e-18,-2.288262e-04,2.456129e-05,4.908979e-04,-2.025258e-01,1.020128e-01,-9.094934e-01
661,1.244879e-17,-2.375416e-04,2.335313e-06,4.886350e-04,2.387929e-01,-1.146546e-01,8.715535e+00
662,3.592031e-19,-2.363280e-04,1.172465e-06,4.827677e-04,-4.443138e-01,9.837440e-01,5.417435e+00
663,6.955778e-19,-2.363283e-04,3.028463e-06,4.788684e-04,2.585990e+00,3.753133e+00,1.115766e+00
664,1.481523e-18,-2.496094e-04,1.406582e-05,4.831667e-04,-3.065860e-02,-2.572965e-01,-4.547131e-01
665,1.175977e-17,-2.404383e-04,2.424130e-05,4.901460e-04,1.133092e-01,7.288325e-03,-1.648678e+00
666,4.420135e-18,-2.489019e-04,2.460944e-05,4.804570e-04,-3.262050e-01,-7.690286e-03,-3.546486e+00
667,3.566663e-18,2.257804e-04,1.562321e-05,4.753660e-04,2.536262e-02,-6.435453e-01,8.475573e-01
668,2.244332e-18,2.297646e-04,1.105417e-05,4.729673e-04,1.636526e-01,-3.418234e+00,-1.415003e+00
669,4.006801e-19,2.277338e-04,1.132843e-05,4.741836e-04,8.532331e-01,-5.224756e-01,-6.790301e-01
670,1.197015e-17,2.351929e-04,1.793231e-05,4.710830e-04,-4.089435e-01,-4.855566e-02,-4.513018e+00
671,4.267391e-17,2.459389e-04,4.816761e-06,4.781393e-04,1.278354e+00,1.407125e+00,-1.555892e-01
672,2.628005e-18,2.344087e-04,1.249475e-05,4.769508e-04,1.856381e-01,5.586981e-01,5.336593e+00
673,2.095325e-17,2.287962e-04,2.195165e-05,4.980867e-04,7.550078e+00,6.586752e+00,2.634766e+01
674,1.343168e-18,2.280892e-04,9.766209e-06,4.979012e-04,-6.494929e-02,1.694029e+00,7.955620e+00
675,2.844907e-17,2.296779e-04,1.249882e-05,4.981849e-04,9.304303e-01,-9.632564e-01,1.094553e+01
676,3.603058e-17,2.361501e-04,1.089402e-05,4.848449e-04,3.344448e-01,2.627546e+00,8.089159e+00
677,4.871303e-18,2.352415e-04,1.244673e-05,4.982281e-04,-1.228764e+00,6.397802e-01,1.694713e+01
678,4.327014e-17,2.274588e-04,1.240557e-05,4.864647e-04,-1.389348e+00,7.377096e-01,8.607859e+00
679,2.452952e-17,2.296979e-04,1.658741e-05,4.896452e-04,-2.150526e-02,4.683215e-01,1.131976e+01
680,1.597875e-18,2.343639e-04,1.249912e-05,4.929229e-04,3.302703e-01,-3.410779e-01,1.309849e+01
681,2.550973e-18,2.264851e-04,1.557005e-05,4.925995e-04,4.402633e-01,2.088067e-01,7.007536e+00
682,2.999985e-17,2.339406e-04,2.635900e-06,4.951227e-04,-4.523235e-01,2.812256e-02,1.773185e+00
683,5.844493e-18,2.281590e-04,8.110911e-06,4.821858e-04,-1.617243e-01,-4.478996e-01,3.161446e+00
684,2.152582e-17,2.492357e-04,2.272401e-05,4.811553e-04,6.495914e-01,1.682121e+00,1.666295e+00
685,1.636903e-18,2.496093e-04,7.824516e-07,4.980140e-04,5.301529e-02,-6.254077e-02,4.997005e+00
686,2.450250e-19,2.292968e-04,1.210922e-05,4.773077e-04,5.205686e-02,-1.530774e+00,3.988053e+00
687,7.500701e-18,2.232333e-04,2.347379e-06,4.858604e-04,-1.803646e+00,-6.939871e-03,1.136103e-01
688,4.960200e-18,2.262448e-04,8.037437e-06,4.871850e-04,-1.818215e+00,-1.299232e+00,2.839028e+00
689,2.284438e-18,2.451832e-04,1.329903e-05,4.919097e-04,-8.100617e-02,-4.025887e-01,1.625328e+00
690,1.595867e-18,2.496095e-04,1.718876e-05,4.808424e-04,7.979605e-02,1.841509e-01,1.375762e+00
691,2.018365e-18,2.342408e-04,1.250493e-05,4.903519e-04,-4.707419e-02,-3.153820e-01,1.220754e+01
692,5.786838e-18,2.486649e-04,1.326883e-05,4.908714e-04,1.937887e+00,-3.599113e-01,5.684305e+00
693,6.311685e-19,2.496089e-04,7.024394e-06,4.819909e-04,1.397433e-02,6.185176e-02,2.149075e+00
694,3.180578e-18,2.496094e-04,7.837241e-07,4.871099e-04,-1.400817e-01,-1.547884e-01,3.565800e+00
695,8.822856e-19,2.271647e-04,5.592876e-06,4.773063e-04,1.433554e-01,-7.109876e-01,9.377938e-01
696,1.602849e-18,2.496094e-04,1.014919e-05,4.878349e-04,7.496968e-02,-3.274096e-01,2.892059e+00
697,3.660468e-18,2.421865e-04,8.595174e-06,4.909700e-04,-4.398424e-01,-1.652863e-01,3.875120e+00
698,8.187609e-18,2.302929e-04,1.570485e-05,4.837818e-04,2.437364e+00,1.533539e+00,8.880082e+00
699,3.008473e-18,2.496094e-04,7.839442e-07,4.941194e-04,-4.451341e-02,5.276929e-02,4.988149e+00
700,4.102908e-18,2.343082e-04,1.255180e-05,4.811957e-04,-1.032055e+00,1.895103e-02,8.883219e+00
701,1.010840e-18,2.292975e-04,1.406126e-05,4.808282e-04,-1.404489e-01,4.073587e-01,8.590899e+00
702,6.206700e-18,2.414054e-04,2.440933e-05,4.979826e-04,7.138462e-02,-2.874905e-03,-1.955499e+00
703,1.580178e-17,2.294091e-04,-5.331704e-06,4.758662e-04,-2.586845e+00,7.816648e+00,-5.017599e+00
704,3.254524e-17,2.476108e-04,-1.774375e-05,4.850309e-04,8.797272e-01,-8.548380e-02,1.546331e+01
705,2.408961e-18,2.460685e-04,-1.601557e-05,4.737870e-04,-1.769308e-01,1.525507e+00,3.381261e+00
706,8.578233e-18,2.410203e-04,-1.761131e-05,4.768810e-04,-1.308696e+00,-5.394907e-01,6.211670e-01
707,7.433441e-18,2.452748e-04,-1.085854e-05,4.787215e-04,-1.697401e-01,1.298493e+00,4.695492e+00
708,1.702805e-17,2.492523e-04,-1.070962e-05,4.771420e-04,8.857508e-02,1.348595e-01,1.936724e+00
709,2.753472e-19,2.285154e-04,-8.203347e-06,4.726223e-04,-8.430025e-02,1.389014e+00,-1.004629e+01
710,8.989847e-19,3.075453e-06,8.577131e-05,4.718396e-04,1.454925e+00,7.266346e-01,-4.145210e+00
711,2.891295e-18,3.122167e-06,7.497057e-05,4.760607e-04,-1.689396e+00,1.813643e+00,3.015167e+00
712,3.673466e-17,1.880007e-06,8.885381e-05,4.781081e-04,-1.193446e+00,-9.312532e-01,7.566879e-01
713,9.874713e-19,8.984394e-06,8.895823e-05,4.771046e-04,5.362266e-01,-4.667170e-01,3.149473e+00
714,2.299666e-18,6.278654e-06,7.971274e-05,4.761183e-04,1.451968e-01,-8.366410e-01,-1.613663e-01
715,1.041941e-18,-9.283409e-07,4.942900e-05,4.726200e-04,3.761169e+00,1.699504e+00,-4.119353e+00
716,5.302870e-19,-1.679654e-05,6.872299e-05,4.702791e-04,1.048435e+00,-4.101570e-01,-7.144172e+00
717,2.520506e-19,-5.078177e-06,5.742193e-05,4.710604e-04,-1.901569e-02,-6.394937e-01,-3.219055e+00
718,2.466254e-18,1.641402e-05,6.489155e-05,4.761080e-04,3.102936e-01,-3.729782e-01,-5.040208e+00
719,7.357276e-17,1.857035e-05,5.120651e-05,4.785274e-04,2.569137e+00,1.726873e+00,4.605024e-01
720,1.218995e-18,1.090600e-05,5.117190e-05,4.761293e-04,-1.592872e+00,-1.540663e+00,1.918182e+00
721,9.910848e-17,-1.724789e-04,-1.174968e-05,5.333221e-04,-3.369321e-01,-1.675544e-01,5.193921e+00
722,3.048068e-17,-1.680234e-04,1.487582e-05,5.318171e-04,-8.636384e-01,1.537626e+00,3.213673e+00
723,1.720877e-16,-1.781021e-04,7.798760e-06,5.251480e-04,1.088217e-02,2.327863e+00,1.549462e+01
724,4.938189e-18,-1.718761e-04,-1.830178e-05,5.250768e-04,-7.859385e-03,-2.372454e+00,1.182010e+01
725,3.184727e-17,-1.557750e-04,1.147004e-05,5.243862e-04,8.978635e-01,7.777600e-01,6.733032e+00
726,2.368842e-17,-1.526138e-04,1.859993e-05,5.266313e-04,-3.077633e-01,8.220078e-01,5.293934e+00
727,3.356678e-17,-1.541155e-04,2.149079e-06,5.326404e-04,-3.036980e-01,1.318062e+00,3.426519e+00
728,2.071337e-17,-1.693723e-04,1.579801e-05,5.397870e-04,-7.052641e-02,-6.446276e-01,3.285890e+00
729,4.863702e-18,-1.570352e-04,1.719049e-05,5.323270e-04,-3.732843e-02,5.348144e-02,6.004000e+00
730,2.498771e-18,-1.570276e-04,1.406367e-05,5.486682e-04,2.061815e-01,1.164240e-01,2.167024e+00
731,5.102720e-18,-1.695310e-04,2.344494e-06,5.257936e-04,1.122698e-03,9.877675e-03,1.636459e+00
732,1.287363e-18,-1.523571e-04,1.563159e-05,5.375779e-04,-3.499438e-01,1.486055e-01,7.853043e-01
733,2.259107e-18,-1.711107e-04,-7.051920e-06,5.257971e-04,-4.315297e-01,1.976663e-01,1.414161e+01
734,1.681978e-17,-1.691826e-04,-1.909302e-05,5.290274e-04,2.727504e+00,-1.331662e+00,6.439280e+00
735,2.663703e-18,-1.578116e-04,-1.484263e-05,5.273575e-04,6.978928e-02,-1.987171e-01,6.459960e+00
736,1.168292e-17,-1.676040e-04,-2.256521e-05,5.478775e-04,-1.188131e-02,-5.373051e-01,7.142313e+00
737,1.453632e-18,-1.718798e-04,-2.416213e-05,5.360800e-04,4.366725e-01,-2.582695e+00,1.112958e+01
738,5.844706e-18,-1.625008e-04,-7.808614e-06,5.395461e-04,4.150748e-02,-1.945010e-01,3.929990e+00
739,1.039302e-18,-1.734385e-04,-1.484121e-05,5.436479e-04,-4.424415e-02,-6.554363e-02,7.199586e-01
740,4.655995e-19,-1.734396e-04,-1.524306e-05,5.383481e-04,-2.951868e-02,-1.450697e-01,-4.174990e+00
741,2.660661e-17,-1.704106e-04,1.254030e-05,5.096718e-04,-3.242211e+00,2.120194e+00,2.203270e+01
742,2.225820e-17,-1.705192e-04,1.558881e-05,5.020081e-04,3.610577e+00,3.242267e+00,1.701573e+01
743,2.201030e-17,-1.744389e-04,1.507831e-06,5.163457e-04,1.134784e+00,3.717316e-01,1.513379e+01
744,7.573918e-17,-1.773861e-04,1.169189e-05,5.011113e-04,1.053121e+00,9.551526e-01,5.727988e+00
745,2.454111e-17,-1.540917e-04,1.153170e-05,5.059369e-04,1.929327e+00,-6.632842e-01,1.005166e+01
746,3.886877e-18,-1.695296e-04,-7.803862e-07,5.115160e-04,8.130694e-02,3.428218e-02,2.253176e+00
747,2.628948e-17,-1.641756e-04,1.417525e-05,5.180174e-04,2.728018e-01,-7.138140e-02,3.123827e+00
748,9.446769e-17,-1.642608e-04,1.452575e-05,5.179886e-04,2.475992e-01,-5.033244e-02,3.056060e+00
749,7.488760e-18,-1.507394e-04,8.662140e-06,5.150440e-04,-5.541254e-01,-1.722021e+00,3.894699e+00
750,1.153697e-18,-1.679642e-04,-7.796031e-07,5.014813e-04,2.737113e-01,-1.407302e-01,-2.371943e+00
751,4.419041e-18,-1.484351e-04,3.908550e-06,5.040743e-04,1.426695e-01,5.737878e-02,3.229289e+00
752,7.530082e-18,-1.712274e-04,1.357045e-05,5.229843e-04,9.294621e-01,-2.731203e-01,9.218089e-01
753,4.011723e-16,-1.372240e-04,-1.615569e-05,5.467364e-04,-7.710617e-01,-8.913970e-01,6.805758e+00
754,1.260754e-16,-1.345730e-04,-1.885877e-05,5.236084e-04,2.840973e-01,-2.342821e-01,4.772017e+00
755,1.414720e-16,-1.215820e-04,-1.798778e-05,5.256235e-04,2.439782e+00,-2.050191e+00,1.568875e+01
756,2.404133e-17,-1.270160e-04,-1.196646e-05,5.492774e-04,-1.684944e+00,-4.593536e+00,1.395941e+01
757,1.894472e-17,-1.322130e-04,-5.415275e-06,5.411663e-04,-8.580213e-01,-9.605030e-01,6.959745e+00
758,3.908547e-18,-1.476592e-04,-1.328091e-05,5.467199e-04,-8.651108e-02,-1.172655e-02,7.680972e+00
759,1.538427e-18,-1.265658e-04,-1.797465e-05,5.368656e-04,-3.029051e-01,-6.752309e-01,3.557712e+00
760,9.482962e-19,-1.476552e-04,-1.327787e-05,5.367951e-04,5.852761e-02,1.047405e-01,4.495577e+00
761,2.690283e-18,-1.343744e-04,1.562212e-05,5.469866e-04,1.021847e-02,1.566642e-02,1.044693e+01
762,3.441076e-18,-1.261808e-04,1.440991e-05,5.497276e-04,1.710165e+00,-1.432503e+00,1.567336e+01
763,1.083893e-18,-1.375023e-04,9.373415e-06,5.337946e-04,2.888977e-02,-3.528370e-02,7.483255e+00
764,7.368453e-18,-1.445330e-04,4.686993e-06,5.462676e-04,1.092902e+00,4.958237e-01,9.406611e+00
765,4.790580e-17,-1.226549e-04,9.938980e-06,5.442416e-04,-3.306452e-01,-3.045221e-01,8.648773e+00
766,1.353183e-18,-1.484314e-04,3.908485e-06,5.398110e-04,-2.803860e-03,1.079917e-01,7.226077e+00
767,6.790866e-17,-1.446991e-04,4.500997e-06,5.468293e-04,7.599434e-01,-5.288045e-03,8.836135e+00
768,2.782925e-19,-1.253927e-04,3.947657e-07,5.360138e-04,-2.577853e-01,5.102822e-01,6.318492e+00
769,1.469518e-18,-1.484377e-04,3.913257e-06,5.299760e-04,-3.012966e-02,3.069691e-01,7.293215e+00
770,5.148827e-18,-1.273460e-04,4.835082e-06,5.420654e-04,-2.241289e-03,-7.024233e-01,4.954385e+00
771,2.590749e-18,-1.445304e-04,8.597331e-06,5.265268e-04,-1.964537e-02,9.781068e-03,5.873173e+00
772,4.726728e-18,-1.407140e-04,2.031244e-05,5.355057e-04,6.769312e-01,-9.914606e-01,7.593729e+00
773,3.621241e-18,-1.264937e-04,2.397436e-06,5.356496e-04,-1.175713e+00,-3.880010e-02,7.280374e+00
774,5.055530e-18,-1.335930e-04,1.867808e-06,5.461024e-04,-5.512809e-02,-2.474121e-01,8.579875e+00
775,1.090995e-18,-1.398611e-04,4.684104e-06,5.398273e-04,2.870891e-01,3.513165e-02,3.651961e+00
776,4.141199e-18,-1.248480e-04,-1.656777e-05,5.097766e-04,1.426181e+00,-7.058872e-01,1.136759e+01
777,2.507580e-16,-1.336702e-04,-6.975267e-06,4.983284e-04,9.554613e-01,-2.050067e-01,3.218916e+00
778,2.006246e-17,-1.249077e-04,-2.103505e-05,5.157377e-04,-1.252358e+00,-1.171821e+00,1.155430e+01
779,3.134090e-17,-1.238981e-04,-9.077518e-06,5.168578e-04,5.097060e-01,-8.902054e-01,5.552717e+00
780,3.653577e-17,-1.255684e-04,1.345611e-06,5.162822e-04,9.572924e-01,-9.331774e-01,6.004409e+00
781,6.206289e-18,-1.273474e-04,-9.117217e-06,5.222361e-04,-2.679397e-01,9.129628e-01,3.693711e+00
782,3.348163e-18,-1.336181e-04,-1.478710e-05,5.002422e-04,-7.072596e-02,-2.781165e-01,-1.020432e+00
783,2.632404e-18,-1.289156e-04,-7.816801e-07,5.095489e-04,-1.632499e-01,-5.314598e-02,5.078135e+00
784,4.447590e-18,-1.367197e-04,-7.659135e-07,5.060511e-04,5.191918e-02,2.000594e-02,2.851669e+00
785,3.720639e-18,-1.375262e-04,-1.169720e-05,5.142054e-04,-3.292625e-02,-4.105929e-01,4.392482e+00
786,1.369783e-18,-1.476571e-04,-1.329157e-05,5.223645e-04,-1.749531e-02,-8.073122e-02,3.572501e+00
787,2.811501e-18,-1.453156e-04,-3.124667e-06,5.095761e-04,2.335435e-03,-9.583129e-02,1.386275e+00
788,2.651629e-18,-1.406252e-04,-9.372759e-06,5.204628e-04,-1.154201e-01,-2.187296e-01,1.175682e+00
789,1.686511e-16,-1.635957e-04,-1.463016e-05,5.159710e-04,-6.152392e-01,-2.434692e+00,9.855292e+00
790,8.893190e-17,-1.674278e-04,-1.428748e-05,4.995525e-04,1.248427e+00,-7.679068e-01,1.103163e+01
791,3.957790e-18,-1.510230e-04,-1.047295e-05,4.998688e-04,1.787037e+00,-1.014560e+00,3.413667e+00
792,3.169648e-17,-1.753267e-04,-1.840597e-05,5.088479e-04,-3.602399e+00,-1.476054e-01,3.581172e+01
793,7.649042e-18,-1.666677e-04,-1.931862e-05,5.082691e-04,-2.972513e+00,-6.862351e-01,8.957549e+00
794,5.490814e-18,-1.671961e-04,-1.169553e-05,5.075629e-04,-2.786137e-01,-1.572917e-01,1.423009e+01
795,9.607803e-18,-1.725743e-04,-1.796069e-05,4.992073e-04,2.428890e-02,-4.441357e-01,2.808446e+01
796,1.362621e-18,-1.601544e-04,-5.472800e-06,5.223576e-04,-3.806189e-02,-9.340013e-02,1.675506e+00
797,3.166534e-19,-3.515555e-06,1.863282e-04,4.726213e-04,6.020581e-01,-3.456267e+00,-5.889485e+00
798,1.518242e-18,-1.210898e-05,2.046052e-04,4.693458e-04,3.832925e-01,-3.443079e+00,-8.592459e+00
799,8.380040e-19,-1.210956e-05,2.055988e-04,4.736492e-04,1.193216e+00,-2.526680e+00,-3.806928e+00
800,1.354497e-17,-1.554774e-05,2.013672e-04,4.774940e-04,5.242512e-01,-1.439148e+00,-2.511698e-01
801,1.025988e-16,-1.106558e-05,2.251133e-04,4.789496e-04,-1.106120e+00,3.313098e-01,1.114114e+00
802,2.580976e-18,-1.548807e-06,2.078124e-04,4.768773e-04,-1.039076e-01,3.618318e-02,9.303017e-01
803,4.276791e-17,-1.646572e-05,2.157862e-04,4.858671e-04,1.448986e-01,-1.150862e+00,3.632374e+00
804,4.058843e-18,-7.893281e-07,2.009708e-04,4.886685e-04,-3.206500e+00,9.851010e-01,7.217928e+00
805,4.987191e-17,-9.282672e-07,2.070003e-04,4.898468e-04,5.398094e-01,-7.566906e-01,6.531176e+00
806,3.922976e-18,1.432276e-06,2.211630e-04,4.907884e-04,-2.787609e+00,-6.021690e-01,1.332787e+00
807,2.082936e-18,-1.188736e-05,2.078062e-04,4.954958e-04,-4.574932e-01,3.138457e-01,1.239232e+01
808,2.206739e-17,-5.368888e-06,2.147451e-04,4.965394e-04,2.322897e+00,2.519899e+00,3.716794e+00
809,6.258321e-17,-6.669723e-06,2.220687e-04,4.930140e-04,-2.246821e+00,2.142994e-02,3.353749e+00
810,1.425568e-17,-1.322008e-05,2.114267e-04,4.936290e-04,-1.985412e-01,-2.150032e+00,4.466369e+00
811,4.157670e-17,7.273898e-07,1.994776e-04,4.957876e-04,-1.687871e+00,1.858407e+00,9.414178e+00
812,3.489469e-18,-7.128274e-06,2.086935e-04,4.866869e-04,1.734733e-02,-1.018268e-01,1.615445e+00
813,1.917159e-17,-1.077923e-05,2.166891e-04,4.827289e-04,-1.104048e+00,-3.207310e-02,1.085224e+00
814,5.276149e-18,-6.256635e-06,1.991799e-04,4.958381e-04,-7.247417e-02,-8.176692e-01,1.499447e+00
815,7.716987e-18,-1.172087e-05,2.078347e-04,4.905364e-04,-1.256698e+00,-5.232847e-01,1.023062e+01
816,2.958711e-18,-1.247018e-05,2.077978e-04,4.862767e-04,-1.321810e+00,1.710568e+00,9.783504e+00
817,2.104810e-18,-1.248172e-05,2.088685e-04,4.829023e-04,1.679296e+00,1.956934e+00,8.306451e+00
818,5.099991e-19,-1.248539e-05,2.074228e-04,4.796479e-04,-2.006705e+00,2.318497e+00,5.771714e+00
819,1.458639e-18,-1.649778e-06,2.078883e-04,4.818575e-04,8.343883e-02,5.026168e-02,3.660961e+00
820,2.230603e-16,-3.470727e-06,1.738040e-04,4.939331e-04,-5.063231e-01,5.940281e-01,5.699018e+00
821,2.085315e-17,-1.188135e-05,1.816278e-04,4.894082e-04,-6.002203e-01,2.624663e+00,9.411308e+00
822,1.695478e-17,-1.622932e-05,1.827785e-04,4.831021e-04,1.269985e+00,1.067804e-01,9.913627e+00
823,1.558358e-17,-1.661830e-05,1.765893e-04,4.831910e-04,4.238438e-01,3.632011e-01,6.023299e+00
824,2.446900e-17,-1.260534e-05,1.820210e-04,4.963763e-04,2.180193e-01,-2.727469e-01,1.416167e+01
825,3.811481e-18,-7.815701e-06,1.810415e-04,4.980948e-04,1.122366e-02,1.084398e-01,1.042892e+01
826,8.912196e-18,-7.844778e-07,1.960844e-04,4.891392e-04,-4.412459e-02,5.706578e-01,6.879245e+00
827,2.247543e-17,8.570648e-07,1.828144e-04,4.939674e-04,3.747130e+00,-7.415356e-01,4.021105e+00
828,9.456134e-19,-9.241866e-06,1.845151e-04,4.874550e-04,-4.946643e-01,-1.011464e-01,3.102008e+00
829,1.955461e-18,-8.461010e-06,1.820524e-04,4.778332e-04,2.471221e+00,-2.231945e-01,1.880692e+00
830,5.827549e-18,-4.815490e-06,1.831170e-04,4.871085e-04,-1.080110e+00,-2.242958e-02,5.506538e+00
831,7.481788e-18,-8.643416e-06,1.913980e-04,4.915611e-04,-2.545572e-02,1.533764e-01,1.334674e+00
832,1.653408e-18,-1.535386e-05,1.814112e-04,4.785413e-04,8.073123e-01,-1.845174e+00,5.471280e+00
833,1.297794e-18,-7.707521e-07,1.867305e-04,4.882259e-04,1.457303e-02,-9.552861e-02,1.108779e+00
834,2.675823e-19,-1.992233e-05,1.839847e-04,4.780885e-04,-9.742356e-01,-1.032903e-01,-3.972499e+00
835,2.956305e-18,-6.245934e-06,1.929473e-04,4.847428e-04,1.319982e-01,-3.686032e-01,-6.617376e-02
836,4.486157e-18,-1.171642e-05,1.818551e-04,4.841982e-04,-3.330403e-01,2.782647e-01,1.024885e+01
837,1.928208e-18,-1.555053e-05,1.759089e-04,4.787108e-04,-1.151430e+00,8.278036e-01,5.566234e+00
838,1.807704e-18,-2.460938e-05,1.859374e-04,4.956699e-04,-7.401555e-02,-6.577442e-02,-2.221254e+00
839,2.396308e-17,2.408212e-05,2.927817e-05,4.786940e-04,-5.310350e-02,-1.409800e-02,-1.511782e+00
840,3.665261e-17,3.916656e-07,3.226618e-05,4.785592e-04,5.646925e-01,2.391299e+00,1.414663e+00
841,2.509597e-19,-2.148439e-05,4.101559e-05,4.734027e-04,-5.702562e-01,-2.090331e+00,6.626357e-01
842,1.322243e-18,1.253755e-05,2.419974e-05,4.952541e-04,-3.050081e+00,-3.730529e-02,2.655343e+00
843,2.586493e-16,-1.051723e-06,3.443667e-05,4.922085e-04,-3.411193e-01,-1.414282e+00,8.170159e+00
844,2.967048e-18,3.106194e-06,2.811778e-05,4.963414e-04,-1.217294e+00,1.183141e-01,6.945553e+00
845,3.277646e-19,5.860833e-06,4.648484e-05,4.905675e-04,5.348372e-01,1.516589e+00,6.877631e+00
846,3.319688e-18,7.815189e-06,4.841873e-05,4.972120e-04,-2.522053e-01,-1.111716e-01,1.486621e+01
847,2.585646e-19,1.680002e-05,4.882661e-05,4.905758e-04,8.335096e-01,-1.906079e-01,1.228573e+00
848,9.933353e-17,8.309518e-06,2.452911e-05,4.939695e-04,7.446988e-01,1.698653e+00,5.206703e+00
849,5.135160e-18,7.974632e-06,3.728085e-05,4.848511e-04,-2.832978e+00,-3.790262e-01,8.604153e+00
850,8.213925e-18,6.109106e-06,4.682879e-05,4.800370e-04,-1.125074e+00,1.043687e-01,2.207340e+00
851,4.605396e-17,1.050077e-05,3.839194e-05,4.914380e-04,-1.141201e+00,3.760634e-01,7.961736e+00
852,2.569547e-18,7.825561e-06,4.596562e-05,4.835738e-04,-5.195331e-02,-2.237123e+00,1.025602e+00
853,4.038348e-18,7.847903e-06,4.768519e-05,4.902717e-04,-1.244536e-01,-2.074623e-01,9.393132e+00
854,1.695831e-18,1.536841e-05,4.681104e-05,4.900782e-04,-6.161761e-02,4.850245e-02,1.025011e+00
855,1.404373e-18,-7.699118e-07,3.359263e-05,4.835386e-04,9.062121e-02,-5.313640e-01,5.048518e+00
856,5.163923e-17,5.618471e-07,4.850648e-05,4.911354e-04,-3.058130e-01,-2.071665e-02,3.213219e+00
857,2.009415e-17,5.782577e-07,2.411615e-05,4.962621e-04,2.373097e-01,4.061303e-01,1.566907e+00
858,2.970389e-17,-2.223131e-06,2.899796e-05,5.001516e-04,-2.141232e+00,4.201712e-01,7.077058e+00
859,2.560385e-18,2.190875e-05,4.843247e-05,4.924854e-04,1.712216e-01,5.931482e-02,8.838442e-01
860,4.061714e-18,1.015854e-05,2.890424e-05,4.984001e-04,1.625254e-01,-1.875100e-01,-5.441632e-02
861,2.171931e-18,6.393106e-06,3.843784e-05,4.796204e-04,-4.181305e+00,8.366607e-01,6.765081e+00
862,1.471053e-18,4.682085e-06,3.515059e-05,4.944654e-04,1.344755e-01,2.128006e-01,-7.870312e-01
863,3.749733e-18,2.460946e-05,3.827929e-05,4.923770e-04,-1.109613e-02,-9.994461e-03,-2.534374e+00
864,1.064350e-16,9.949383e-05,-2.490311e-06,4.955625e-04,-6.188932e-01,-1.023834e-01,3.760157e+00
865,2.720123e-18,8.985087e-05,-7.759667e-07,4.940489e-04,8.232541e-02,1.377369e-01,4.538224e+00
866,3.673388e-18,9.450455e-05,8.753671e-07,4.946582e-04,-2.184964e-01,3.455121e-01,4.654459e+00
867,1.214682e-18,7.557993e-05,5.533978e-07,4.771035e-04,-2.055787e-01,8.151686e-01,5.392111e-01
868,3.432305e-17,1.002599e-04,-1.397822e-05,4.885413e-04,1.677847e+00,-3.335344e-01,1.763205e+00
869,3.047285e-17,8.593755e-05,-6.250129e-06,4.964244e-04,-1.673830e+00,1.330406e+00,7.804435e+00
870,1.327433e-16,8.578131e-05,-5.750888e-06,4.965983e-04,-1.271732e+00,1.419286e+00,6.689457e+00
871,4.250456e-17,1.006955e-04,-7.466774e-06,4.854579e-04,-1.106725e+00,1.446513e-01,6.940265e+00
872,2.058370e-18,9.063226e-05,-7.981898e-06,4.876675e-04,2.554203e-01,3.028466e+00,5.439773e+00
873,2.750068e-18,9.060252e-05,-1.245725e-05,4.933225e-04,1.745987e-01,-1.634478e-01,5.927128e+00
874,4.196028e-19,9.179614e-05,-1.289117e-05,4.757429e-04,-8.117016e-01,1.058871e+00,-1.721022e+00
875,1.320703e-16,1.006450e-04,-1.387799e-05,4.884107e-04,1.589334e+00,-2.864977e-01,1.690874e+00
876,1.557094e-17,9.129146e-05,-1.239373e-05,4.837456e-04,-3.327497e+00,2.535660e-02,3.206643e+00
877,4.586770e-17,7.380298e-05,-2.391567e-05,4.946631e-04,4.464367e-03,1.607725e-02,-1.518510e+00
878,3.456681e-18,7.655418e-05,-1.094157e-05,4.901810e-04,2.184206e-01,-1.501646e-01,5.470107e+00
879,1.646692e-17,9.402638e-05,-1.504675e-05,4.802762e-04,-3.229663e-01,1.992257e+00,2.525077e+00
880,9.587466e-19,8.398366e-05,-1.104362e-05,4.927199e-04,-4.666781e-01,-3.334225e-01,6.466567e+00
881,3.464682e-18,7.734573e-05,-1.093718e-05,4.808173e-04,-2.871472e-01,-3.116434e-01,2.803866e+00
882,3.484788e-18,7.968760e-05,-8.592906e-06,4.909469e-04,-2.968910e-02,6.918938e-01,3.393391e+00
883,3.367978e-18,8.750292e-05,-4.667313e-06,4.909511e-04,-1.785806e-01,1.631127e+00,7.609696e+00
884,6.748751e-18,9.501567e-05,-3.127379e-06,4.813625e-04,-3.322359e-01,-2.288894e-02,1.364506e+00
885,7.432406e-18,8.516669e-05,-3.124912e-06,4.813805e-04,-7.478255e-02,-2.004420e-01,1.164433e+00
886,1.174300e-16,1.205926e-04,9.369908e-06,4.969192e-04,-7.624370e-02,-5.127354e-01,6.086545e+00
887,1.896652e-16,1.087596e-04,1.920382e-06,4.935719e-04,-7.294809e-01,-4.916522e-01,3.630506e+00
888,2.738638e-17,1.110051e-04,1.538999e-05,4.862884e-04,2.184538e+00,-6.051522e-01,1.344215e+01
889,1.320995e-17,1.065663e-04,1.361880e-05,4.974560e-04,-9.588155e-01,6.017378e+00,2.035652e+01
890,3.041337e-18,1.195297e-04,1.875217e-05,4.980385e-04,1.722184e-01,1.992665e-01,6.533469e+00
891,2.882499e-18,1.195259e-04,1.874359e-05,4.869964e-04,5.213303e-02,-1.504432e-01,3.954584e+00
892,3.591083e-17,1.227223e-04,1.273980e-05,4.808280e-04,-2.353638e+00,-4.133410e-01,9.953448e-01
893,4.468250e-18,1.046485e-04,1.488531e-05,4.992856e-04,-1.193845e+00,9.874948e-01,2.936642e+00
894,4.766621e-19,1.144530e-04,1.952981e-06,4.843261e-04,2.673263e+00,3.953310e+00,3.927782e+00
895,5.172206e-19,1.097654e-04,8.984861e-06,4.894290e-04,-8.205956e-01,5.474338e-01,1.725093e+00
896,2.084545e-17,1.164067e-04,1.486311e-05,4.837203e-04,-1.602905e-02,4.423596e-01,5.142050e+00
897,3.438172e-18,1.234035e-04,1.012927e-05,4.877119e-04,-5.777036e-01,2.980231e-01,3.421076e+00
898,4.420937e-18,1.201100e-04,1.569927e-06,4.879101e-04,1.022705e+00,-5.311721e-01,2.890214e+00
899,3.141000e-18,1.202645e-04,1.175565e-05,5.007833e-04,-1.828160e-01,2.493944e-01,2.531931e+00
900,3.884738e-18,1.132789e-04,2.460938e-05,4.806077e-04,-4.104801e-02,8.899296e-03,-2.851468e+00
901,3.100685e-18,1.195312e-04,1.875162e-05,4.940620e-04,6.316165e-02,1.407146e-01,5.714030e+00
902,3.334782e-19,1.246095e-04,1.132830e-05,4.773077e-04,-6.619852e-01,-1.480331e+00,2.601718e-01
903,3.242517e-17,1.131589e-04,-3.691969e-06,4.807924e-04,-2.946916e+00,1.603602e+00,5.665389e-02
904,5.020535e-18,1.140690e-04,-6.248832e-06,4.943915e-04,3.759169e-01,2.319022e-01,7.523686e+00
905,2.978517e-17,1.226542e-04,-1.250563e-05,4.907666e-04,-3.853715e-01,-5.700069e-02,1.187381e+01
906,3.987768e-17,1.118207e-04,-9.219762e-06,4.830741e-04,-3.632505e+00,1.741645e+00,2.562216e+00
907,1.425580e-18,1.218770e-04,-2.031669e-05,4.968329e-04,7.150475e-03,-2.125848e-01,-3.563141e+00
908,2.995808e-18,1.226896e-04,-1.246366e-05,4.791467e-04,-1.038319e+00,-2.502018e-01,4.915873e+00
909,5.073254e-17,1.116191e-04,6.008364e-06,5.230489e-04,-9.930398e-01,-6.936735e-01,4.368952e+00
910,4.946066e-18,1.195319e-04,1.875062e-05,5.239652e-04,3.415929e-01,8.031609e-01,1.717571e+01
911,6.851398e-18,1.148322e-04,7.747476e-06,5.191991e-04,6.819148e-02,-2.403881e-01,8.915994e+00
912,2.345735e-19,1.191397e-04,1.835946e-05,5.123246e-04,2.312194e-01,-9.500848e-01,7.016287e+00
913,9.275746e-18,1.221062e-04,2.198513e-05,5.050853e-04,-1.061391e+00,1.431138e+00,4.356363e+00
914,2.668979e-18,1.148438e-04,8.599885e-06,5.026937e-04,-4.423348e-02,-1.242321e-01,3.124195e+00
915,7.868485e-19,1.201858e-04,1.468815e-05,5.100107e-04,-1.114639e-01,2.913770e-01,6.514433e+00
916,6.480340e-18,1.186623e-04,1.486342e-05,5.217777e-04,4.340756e+00,-2.757929e+00,1.070940e+01
917,4.325986e-17,-1.177550e-05,-1.710322e-04,5.151781e-04,-4.056018e-01,-2.950553e+00,1.482903e+01
918,4.186764e-18,-1.250124e-05,-1.508259e-04,5.082076e-04,-6.692549e-01,2.390583e-01,9.024197e+00
919,1.311841e-17,-1.208524e-05,-1.728365e-04,5.063522e-04,5.576502e-02,-6.131138e+00,1.143651e+01
920,3.104668e-18,3.904184e-06,-1.656253e-04,5.211384e-04,-1.048117e-01,9.365091e-03,1.271689e+01
921,6.863806e-18,3.906156e-06,-1.656254e-04,5.141415e-04,9.346440e-02,2.048020e-02,1.202810e+01
922,1.835895e-16,-1.113817e-05,-1.550616e-04,5.144386e-04,-9.035178e-01,-2.638703e-01,9.665738e+00
923,2.390838e-19,-1.367173e-05,-1.535112e-04,5.200350e-04,-6.082571e-02,1.251617e-01,6.177332e+00
924,1.288206e-18,-1.641581e-05,-1.492250e-04,5.177083e-04,2.087970e-02,1.252436e-01,8.703623e+00
925,2.740679e-18,-1.250205e-05,-1.664086e-04,5.220083e-04,-7.266670e-01,-2.194323e-01,1.098556e+01
926,7.908889e-18,-1.741088e-06,-1.710944e-04,5.207749e-04,1.836242e+00,-1.216215e-02,5.763481e+00
927,5.116011e-18,-1.562315e-06,-1.718746e-04,5.068628e-04,-7.123616e-02,-1.571226e-02,2.535845e+00
928,2.648530e-18,-1.481443e-05,-1.709692e-04,5.035163e-04,-8.951356e-01,5.094081e-01,3.442267e+00
929,2.021830e-17,1.398985e-05,-1.687079e-04,5.176144e-04,-5.942703e-01,-1.638336e+00,8.777279e+00
930,4.557872e-18,1.330649e-05,-1.593605e-04,5.099914e-04,1.531563e+00,9.007928e-01,2.101842e+00
931,1.161144e-18,8.590014e-06,-1.664043e-04,5.185060e-04,1.112247e-01,-2.282621e-02,-5.882357e-01
932,4.487266e-18,1.016751e-05,-1.640620e-04,5.093746e-04,2.097049e-02,7.613146e-02,-8.804616e-01
933,8.982051e-16,-2.409553e-06,-1.629043e-04,5.381923e-04,4.387637e-01,-4.748725e-01,8.582336e+00
934,1.268065e-16,1.321907e-05,-1.733842e-04,5.314187e-04,2.913912e-01,-1.548236e-01,6.116476e+00
935,1.079569e-16,6.642830e-06,-1.590614e-04,5.429193e-04,-3.549453e-01,-5.865143e-01,9.081162e+00
936,3.728650e-18,-1.641386e-05,-1.507812e-04,5.464020e-04,-5.045714e-01,-7.781565e-01,1.089154e+01
937,7.485983e-17,-1.664730e-05,-1.508600e-04,5.468107e-04,-1.730316e+00,-1.418997e+00,1.079642e+01
938,7.753302e-17,2.498696e-06,-1.751902e-04,5.402577e-04,3.743747e-01,8.481970e-01,7.786558e+00
939,1.165886e-16,-1.420716e-06,-1.917144e-04,5.323005e-04,1.565827e-01,-1.061390e+00,1.198696e+01
940,2.325656e-16,2.720253e-06,-1.749599e-04,5.398712e-04,1.457460e-01,8.349856e-01,7.235720e+00
941,2.438489e-17,-1.400136e-05,-1.571858e-04,5.367488e-04,-3.876884e-01,3.068078e+00,1.701408e+01
942,9.308201e-18,-1.250095e-05,-1.817981e-04,5.312967e-04,-3.010305e-01,-1.556617e-01,4.542957e+00
943,1.649965e-16,-7.165576e-06,-1.738226e-04,5.466237e-04,-3.539985e-01,5.417640e-01,5.568503e+00
944,5.130454e-18,-2.187453e-05,-1.921886e-04,5.375859e-04,-7.676641e-03,-2.543566e-01,2.519338e+00
945,3.156327e-18,-1.015420e-05,-1.820289e-04,5.493254e-04,2.466944e-02,2.342379e-01,9.089159e+00
946,8.355650e-17,-2.001226e-05,-1.700034e-04,5.480815e-04,-4.252813e-01,4.565688e-01,1.349646e+01
947,1.041670e-17,-1.642206e-05,-1.487919e-04,5.397347e-04,9.552056e-02,9.394427e-01,1.908259e+01
948,2.769174e-18,-1.643325e-05,-1.499984e-04,5.319942e-04,-1.062492e-02,-2.061778e-01,1.559091e+01
949,3.057700e-18,3.942874e-06,-1.656709e-04,5.352316e-04,-4.344441e-01,-5.054347e-01,1.800904e+01
950,2.528586e-18,3.908274e-06,-1.656264e-04,5.281318e-04,5.680997e-02,1.524601e-02,1.455837e+01
951,4.282721e-18,-1.485196e-05,-1.710940e-04,5.406273e-04,5.752730e-02,1.333680e-02,9.888510e+00
952,3.897840e-18,-1.331810e-05,-1.644935e-04,5.448904e-04,-6.945762e-03,-2.852596e+00,1.582536e+01
953,4.916335e-19,-1.133483e-05,-1.710832e-04,5.406211e-04,5.434420e-02,3.442493e-01,5.507034e+00
954,1.957881e-17,1.578753e-05,-1.665789e-04,5.415362e-04,1.468999e+00,-6.295248e-01,5.791236e+00
955,7.013592e-19,9.509894e-06,-1.529932e-04,5.353400e-04,-1.566143e-01,-9.445810e-02,6.405386e+00
956,3.842737e-18,1.018700e-05,-1.562229e-04,5.467642e-04,1.167184e-01,6.312789e-02,4.172343e+00
957,1.467400e-18,1.562649e-05,-1.718763e-04,5.452104e-04,4.161986e-02,7.035539e-02,3.477413e+00
958,1.787614e-18,1.344773e-05,-1.552949e-04,5.481992e-04,2.396866e-01,3.109689e-01,2.278961e+00
959,2.195531e-18,3.909042e-06,-1.523459e-04,5.296099e-04,4.692776e-02,6.562642e-02,1.848070e+00
960,1.384242e-16,6.627985e-06,-1.953276e-04,5.417357e-04,2.179697e+00,-4.172121e-02,1.583587e+01
961,3.057695e-17,2.143013e-05,-1.891693e-04,5.480177e-04,1.672184e+00,-1.369766e+00,9.157700e+00
962,1.530813e-17,5.434228e-06,-1.847877e-04,5.378358e-04,6.220336e-01,-7.031455e-01,7.080768e+00
963,3.025516e-19,-2.386719e-04,-1.171887e-06,4.734027e-04,2.251654e+00,-1.028791e+00,1.172918e+00
964,2.472813e-19,-2.261720e-04,-5.078003e-06,4.734025e-04,-1.640974e+00,-1.851496e+00,-2.991666e+00
965,1.445725e-18,-2.351179e-04,-1.485967e-05,4.702775e-04,2.876754e+00,3.597775e+00,-5.240613e+00
966,1.408391e-17,-2.462219e-04,-3.195441e-06,4.696608e-04,9.435117e-01,1.291176e+00,-2.757217e+00
967,2.219993e-18,-2.011670e-04,-3.959042e-06,4.742685e-04,2.237785e-01,7.670061e-02,-1.172104e+00
968,3.348806e-19,-2.183593e-04,-3.515565e-06,4.726211e-04,6.058068e-02,8.821410e-01,1.251728e+00
969,2.941238e-17,-1.888235e-04,-1.620348e-05,4.828832e-04,6.040444e-02,-2.581351e-03,1.086781e+01
970,8.283016e-19,-1.930948e-04,-4.296911e-06,4.723695e-04,-8.721446e-01,3.136774e+00,-3.073571e+00
971,3.687060e-18,-1.745280e-04,-1.518004e-05,4.781985e-04,-8.014456e-01,2.817628e-01,5.010412e+00
972,4.879679e-18,2.137075e-04,-6.196467e-07,4.755042e-04,-2.305622e+00,-1.478684e+00,1.243132e-01
973,2.551068e-19,2.136719e-04,-1.171879e-06,4.718402e-04,-1.325531e-01,-5.705528e-01,-3.620962e+00
974,1.256614e-18,2.124996e-04,-7.753753e-06,4.726207e-04,1.567668e-01,1.348439e+00,-3.224266e+00
975,2.341121e-18,2.054637e-04,1.718607e-05,4.753851e-04,3.884980e-01,-3.569562e-01,1.655762e-01
976,3.232782e-19,2.097661e-04,1.601612e-05,4.687166e-04,-1.252434e+00,-7.074791e-01,-1.066012e+01
977,2.473898e-17,2.219396e-04,1.228923e-05,4.768515e-04,1.032277e+00,1.656329e+00,9.267628e-01
978,3.316286e-18,2.124946e-04,1.015202e-05,4.738237e-04,-3.045208e-01,-1.120216e-01,-3.091796e+00
979,4.042741e-17,1.891383e-04,7.178417e-06,4.630079e-04,-1.271577e-01,5.363699e-01,-1.074927e+00
980,1.570446e-17,1.740028e-04,1.817998e-05,4.757085e-04,7.547117e-01,3.478597e+00,-1.850571e+00
981,3.040818e-19,1.808594e-04,6.640566e-06,4.718398e-04,-1.722914e+00,-1.043980e+00,-2.797531e+00
982,2.569880e-19,1.800781e-04,6.640710e-06,4.726208e-04,-2.110516e+00,-2.151033e+00,-1.724122e+00
983,4.418418e-19,1.800781e-04,5.859602e-06,4.718404e-04,-2.382142e+00,-2.547190e+00,-1.917993e+00
984,1.541290e-18,1.898133e-04,5.371210e-06,4.763955e-04,1.127564e-01,5.908068e-01,-4.239208e+00
985,2.584082e-17,1.894040e-04,-1.004973e-05,4.753329e-04,3.414535e+00,6.233135e-01,-3.047609e+00
986,1.305395e-18,1.774363e-04,-6.178635e-06,4.724672e-04,-3.271709e-01,-1.056091e+00,-5.903984e+00
987,3.261148e-18,5.079266e-05,1.406708e-05,4.847661e-04,-5.903437e-01,9.905017e-01,6.003544e+00
988,2.231645e-18,4.999633e-05,1.339504e-05,4.794548e-04,-7.029272e-01,-4.220730e-01,4.046521e+00
989,8.914055e-17,6.898857e-05,-3.929718e-06,4.947578e-04,7.244159e-01,1.044199e+00,7.591182e+00
990,6.092279e-17,5.791021e-05,-7.128919e-06,4.952556e-04,1.622083e+00,-1.763139e+00,3.922432e+00
991,1.769053e-16,5.771300e-05,-7.307664e-06,4.954876e-04,1.596487e+00,-1.606568e+00,3.876643e+00
992,5.587814e-17,7.295059e-05,2.310709e-05,4.898724e-04,4.426682e-02,9.166440e-01,9.603559e-01
993,2.608305e-17,6.795156e-05,-1.302369e-05,4.848111e-04,-1.381674e+00,1.446178e+00,7.067821e+00
994,3.514784e-17,6.427969e-05,-1.322050e-05,4.904298e-04,5.112897e-01,8.677069e-01,1.077320e+01
995,5.161135e-17,5.440536e-05,1.189569e-05,4.911834e-04,1.713514e+00,-4.136882e-01,1.160300e+01
996,9.496904e-19,7.017841e-05,-1.074834e-05,4.796462e-04,4.096778e-01,1.822184e+00,5.333481e+00
997,2.053423e-18,7.582558e-05,1.664365e-06,4.797610e-04,6.498653e-01,1.981363e-01,1.421927e+00
998,1.497478e-17,6.221546e-05,-2.380110e-06,4.789504e-04,-6.253842e-01,3.898761e+00,1.142641e+00
999,6.855569e-18,7.577905e-05,4.691384e-06,4.932616e-04,3.606299e-01,-4.757885e-02,7.810926e+00
1000,1.020394e-17,7.573456e-05,3.832668e-06,4.842982e-04,1.091639e+00,9.815894e-01,3.195357e+00
1001,2.903585e-18,5.379648e-05,8.520778e-06,4.870939e-04,-3.416630e-01,-9.495775e-03,1.060860e+01
1002,5.146186e-17,5.393483e-05,1.348988e-05,5.029680e-04,9.316526e-01,-1.070680e+00,1.051159e+01
1003,1.642748e-18,6.952358e-05,-1.016599e-05,5.007187e-04,6.503135e-01,-1.193335e+00,1.087962e+01
1004,3.478834e-18,6.346971e-05,-1.067228e-05,4.814051e-04,7.303283e-01,8.082582e-01,6.289634e+00
1005,1.048834e-18,6.171142e-05,-1.584791e-06,4.843234e-04,-4.792286e-01,-3.601441e-01,8.591012e-01
1006,3.369651e-17,5.604795e-05,-2.400670e-05,4.986842e-04,-1.780331e-02,1.445389e-02,-1.346083e+00
1007,4.532080e-18,7.350211e-05,-4.744259e-06,4.952649e-04,-3.359858e-02,-5.818867e-01,6.979829e+00
1008,7.800057e-18,6.446879e-05,-8.587642e-06,4.929636e-04,3.189540e-01,-8.641463e-01,3.427860e+00
1009,3.821570e-18,7.033307e-05,-4.242129e-06,4.904255e-04,7.190231e-01,5.279060e-01,1.429261e+01
1010,3.200667e-17,6.054375e-05,-2.403304e-05,4.846467e-04,-5.129366e-02,7.079735e-03,-1.453579e+00
1011,1.567764e-18,6.639710e-05,-5.477353e-06,4.882296e-04,-7.626270e-03,-3.269755e-01,5.268494e+00
1012,1.223348e-18,7.030105e-05,-1.252260e-05,4.827697e-04,-9.998983e-01,-1.533513e-01,8.943344e+00
1013,1.846120e-18,6.313835e-05,-8.520736e-06,4.773586e-04,1.847595e+00,2.466139e+00,3.991561e+00
1014,1.238503e-17,7.256563e-05,-2.801873e-06,4.755371e-04,9.007794e-01,6.648596e-01,-2.572286e+00
1015,4.519975e-17,7.198044e-05,-1.882931e-06,5.018412e-04,-2.184329e-01,9.031571e-03,9.563182e+00
1016,4.914439e-18,6.331655e-05,-1.248203e-05,4.860084e-04,-1.368171e+00,-4.606138e-01,1.193321e+01
1017,5.024159e-19,6.326622e-05,-9.766720e-06,4.788661e-04,2.425523e+00,1.682247e+00,5.277449e+00
1018,5.666272e-18,6.015584e-05,4.692204e-06,4.929447e-04,-1.564081e-02,-4.568115e-01,2.735299e+00
1019,4.493427e-18,6.327182e-05,1.563173e-06,4.881602e-04,-3.873050e-01,1.980153e-02,1.190581e+00
1020,2.494642e-19,6.991999e-05,1.523460e-05,4.866732e-04,-1.810482e-02,1.105456e-01,1.171754e+00
1021,2.945841e-18,7.264869e-05,1.161453e-06,4.958748e-04,9.479394e-01,1.073027e+00,7.634217e+00
1022,2.761478e-18,5.485425e-05,1.429712e-05,4.782821e-04,-2.011028e+00,1.177235e+00,3.217588e+00
1023,1.246869e-18,6.797358e-05,1.716251e-05,4.796485e-04,5.568045e-01,-3.827459e-01,6.692212e-03
1024,2.904509e-18,6.797685e-05,1.796718e-05,4.941240e-04,1.074774e-01,6.340233e-01,3.804436e+00
1025,3.098115e-18,6.171996e-05,7.575627e-07,5.018598e-04,1.107517e-02,-8.051030e-01,3.911667e+00
1026,4.855667e-18,6.640520e-05,3.123958e-06,5.006290e-04,-1.580536e-01,-6.096028e-02,2.152718e+00
1027,2.414887e-17,7.058577e-05,8.577619e-06,4.915232e-04,-2.910640e+00,-7.381029e-01,1.250485e+01
1028,8.398446e-19,5.374234e-05,8.473716e-06,4.804273e-04,-9.805130e-01,-1.498347e+00,4.050442e+00
1029,1.524721e-17,9.218788e-05,1.328216e-05,4.933123e-04,-3.610152e-01,-2.836166e-01,4.789564e+00
1030,8.034143e-17,9.210347e-05,1.279149e-05,4.933721e-04,-2.962635e-01,-3.097929e-01,4.652565e+00
1031,5.554661e-19,9.374625e-05,1.601548e-05,4.780862e-04,-1.700545e-01,5.658942e-01,-1.693896e+00
1032,2.975296e-18,9.376063e-05,7.786209e-07,4.754171e-04,2.663559e-01,-7.316560e-02,-2.542863e+00
1033,1.097467e-17,7.777907e-05,2.074889e-05,4.917153e-04,-8.754898e-01,7.104546e-01,2.392635e+00
1034,1.572662e-18,9.687305e-05,3.128489e-06,4.905690e-04,-3.192655e-02,-8.091815e-02,-6.156582e-03
1035,6.422996e-17,9.313779e-05,2.374569e-05,4.828760e-04,-4.407397e-02,6.509588e-02,-9.067446e-01
1036,1.002113e-17,8.755176e-05,1.878451e-05,4.875357e-04,-3.494539e-01,-7.617409e-02,2.259047e+00
1037,5.790033e-19,7.617163e-05,3.517018e-06,4.878388e-04,7.545157e-01,7.215703e-01,2.227888e+00
1038,2.470055e-18,7.656193e-05,2.460949e-05,4.796207e-04,-1.318656e-02,1.010690e-01,-3.455401e+00
1039,4.578666e-17,7.176903e-05,-4.596844e-07,5.177781e-04,-7.471831e-02,1.582657e+00,1.250572e+01
1040,1.138710e-17,7.057417e-05,-8.593447e-06,5.121849e-04,-8.096792e-01,2.532338e-01,7.518714e+00
1041,1.453838e-16,6.878182e-05,-9.678759e-06,5.120296e-04,4.647305e-01,3.719079e-01,8.340007e+00
1042,1.036505e-18,6.951816e-05,-1.015659e-05,5.061318e-04,2.785598e-02,9.370000e-02,1.233871e+01
1043,1.629717e-17,5.625419e-05,-2.100330e-06,5.211755e-04,-5.749065e-02,1.028444e-01,1.111336e+01
1044,4.190665e-17,5.440942e-05,-5.943629e-06,5.275410e-04,-1.309943e-01,-2.025643e-01,1.384619e+01
1045,4.037142e-17,7.000894e-05,-6.249319e-06,5.223522e-04,3.550820e-01,1.393314e-01,7.100453e+00
1046,1.778405e-18,5.234003e-05,-1.553110e-06,5.153615e-04,-5.258920e-01,-4.475036e-01,9.362379e+00
1047,3.290211e-18,7.343368e-05,-3.915415e-06,5.096456e-04,-1.763405e-01,-1.886718e-01,8.930592e+00
1048,5.229834e-18,5.469146e-05,-9.373716e-06,5.045363e-04,6.197511e-03,-9.515725e-02,6.600164e+00
1049,6.513546e-18,5.954926e-05,-1.716274e-05,5.031285e-04,1.334579e-01,-1.508742e-01,-1.551738e+00
1050,2.458089e-18,8.594309e-06,-5.077739e-05,4.761255e-04,2.277739e-01,-3.461841e-02,1.172254e+00
1051,5.725116e-19,2.734368e-06,-2.732258e-05,4.749622e-04,-2.595427e+00,1.427080e+00,1.403416e+00
1052,3.117483e-19,5.859385e-06,-4.414063e-05,4.702774e-04,9.042440e-01,1.897032e+00,-1.724025e+00
1053,7.623488e-19,-1.289114e-05,-2.816325e-05,4.726181e-04,4.229942e+00,3.003692e+00,-1.618392e+00
1054,3.024094e-18,-1.168662e-05,-6.564158e-05,4.738413e-04,-1.276382e+00,-1.192023e+00,-1.059047e+00
1055,2.286800e-18,-8.348565e-07,-6.959773e-05,4.756805e-04,4.030875e+00,-2.838934e+00,-1.429837e+00
1056,1.087286e-17,-1.954417e-05,-7.326115e-05,4.789907e-04,-8.865852e-01,-1.105186e+00,2.919646e+00
1057,3.095690e-18,-7.815800e-06,-5.712655e-05,4.772136e-04,-8.497443e-01,-5.762533e-02,3.870002e+00
1058,1.906687e-18,1.656213e-04,1.030983e-05,4.744331e-04,-2.146651e-02,1.303330e+00,-4.124600e-01
1059,2.355381e-18,1.610934e-04,1.804831e-05,4.750447e-04,9.180948e-01,1.652620e+00,-2.742898e+00
1060,3.176664e-16,1.931734e-04,5.648369e-06,4.980418e-04,4.532168e-01,-5.489144e-01,8.526011e+00
1061,1.524233e-17,1.605471e-04,3.906458e-06,4.940812e-04,6.345894e-01,1.168781e+00,4.323540e+00
1062,1.415264e-16,1.610527e-04,4.349234e-06,4.930869e-04,-2.725459e-01,-4.955606e-01,5.033151e+00
1063,8.217178e-18,1.517414e-04,1.328474e-05,4.976670e-04,3.092482e+00,-9.410039e-01,1.108955e+01
1064,2.870487e-17,1.609003e-04,2.124881e-05,4.896206e-04,2.734855e-01,1.238895e+00,6.483740e+00
1065,2.867038e-17,1.541869e-04,1.975031e-06,4.944284e-04,-1.216254e-02,-1.508150e+00,5.744589e+00
1066,2.078920e-17,1.651049e-04,1.563710e-05,4.920253e-04,-1.196332e+00,-3.599926e-01,5.541433e+00
1067,2.136305e-18,1.553561e-04,7.140467e-06,4.898009e-04,-3.512252e-01,1.215000e+00,-3.304729e-01
1068,5.773491e-19,1.503899e-04,1.481603e-05,5.015049e-04,-1.052262e+00,-3.164606e-01,9.168928e+00
1069,1.272571e-18,1.570722e-04,1.019762e-05,4.890163e-04,-1.629521e-01,2.473860e-01,2.006280e+00
1070,1.642790e-17,1.678121e-04,2.008800e-05,4.808645e-04,-1.054820e+00,-8.905560e-02,1.973079e+00
1071,2.809791e-18,1.617194e-04,7.776499e-07,4.878439e-04,-1.297391e-01,-2.478171e-01,5.811051e+00
1072,1.607900e-18,1.531201e-04,3.906778e-06,4.812077e-04,-1.490978e-01,7.588906e-01,1.289280e+00
1073,1.294010e-18,1.609230e-04,1.792295e-05,4.819929e-04,6.269618e-02,9.850279e-01,1.564315e+00
1074,7.641362e-18,1.570311e-04,1.015523e-05,4.991720e-04,-4.202575e-02,-5.243863e-02,4.326041e+00
1075,3.156209e-18,1.625031e-04,1.170950e-05,4.816595e-04,-1.671992e-01,-3.052648e-01,1.732587e+00
1076,1.067187e-17,1.540613e-04,2.428483e-05,4.833582e-04,-5.528955e-02,6.896482e-02,-1.754485e+00
1077,1.266581e-18,1.718746e-04,1.406169e-05,4.866749e-04,2.223611e-02,-1.370901e-01,-1.031721e+00
1078,3.722875e-18,1.617206e-04,7.837122e-07,4.827115e-04,-4.010232e-02,4.538914e-03,3.381426e+00
1079,6.147505e-18,1.929648e-04,1.640269e-05,4.862183e-04,-7.369229e-02,-1.839128e-01,4.748834e+00
1080,6.011878e-18,1.889235e-04,8.558047e-06,4.886294e-04,-3.412846e-01,9.080390e-01,8.420504e+00
1081,5.013586e-17,2.027284e-04,5.006017e-06,4.858664e-04,-1.684070e-01,-7.298047e-01,1.853997e+00
1082,4.311594e-18,1.953371e-04,2.367409e-06,4.821561e-04,-1.412440e-01,1.414957e-02,4.070471e+00
1083,1.007364e-18,1.773350e-04,1.407327e-05,4.913580e-04,3.682232e-01,-3.768114e-01,1.881812e+00
1084,2.740336e-18,1.975984e-04,1.558356e-05,4.792916e-04,-1.108237e+00,7.335748e-01,1.226271e+00
1085,1.304761e-18,1.812574e-04,5.467975e-06,4.936941e-04,2.109887e-02,2.411438e-01,-6.368073e-01
1086,1.789695e-17,1.781973e-04,1.826985e-05,4.920854e-04,-8.942087e-02,1.217018e+00,2.387805e+00
1087,2.157985e-17,1.958342e-04,7.195882e-06,4.825810e-04,-5.970206e-03,-2.855891e-01,2.246974e+00
1088,2.569732e-18,1.897095e-04,8.744668e-06,4.948681e-04,6.191313e-01,7.874457e-01,1.333235e+01
1089,4.663358e-18,1.898296e-04,6.243576e-06,4.851965e-04,-3.496360e-02,-2.163095e-01,5.682522e+00
1090,1.338655e-18,1.859416e-04,3.572492e-09,4.804255e-04,-2.660143e-02,-4.250806e-02,-1.670128e+00
1091,1.864754e-18,1.897810e-04,4.831108e-06,4.926375e-04,7.830053e-01,-1.084453e+00,1.158586e+01
1092,2.736865e-18,1.898557e-04,1.018371e-05,4.784654e-04,2.538671e-02,-6.528850e-02,1.327561e+00
1093,1.784922e-18,1.959412e-04,7.822754e-06,4.926633e-04,-6.626529e-01,4.848825e-01,1.044333e+01
1094,6.894091e-18,1.820326e-04,2.435013e-05,4.847722e-04,3.672245e-02,3.282297e-02,-2.186884e+00
1095,1.498282e-17,2.008646e-04,2.425993e-05,4.877118e-04,-1.809903e-02,-5.931855e-02,-1.811794e+00
1096,1.276245e-18,1.476570e-04,1.014877e-05,4.952560e-04,5.700765e-01,-2.866392e-01,1.402627e+01
1097,2.083004e-17,1.367450e-04,-1.646287e-06,4.989995e-04,5.999818e-01,-1.424571e+00,2.851672e+00
1098,2.121733e-18,1.476497e-04,1.497036e-05,4.934942e-04,-1.276423e+00,-9.214254e-01,8.863591e+00
1099,3.696264e-17,1.438960e-04,1.356163e-05,4.995292e-04,2.799239e-01,-2.456890e-01,1.025722e+01
1100,3.954980e-17,1.323613e-04,6.517868e-07,4.843185e-04,-1.526599e+00,1.337980e+00,7.052693e-01
1101,2.218754e-18,1.430984e-04,1.413555e-05,4.898527e-04,-1.228249e+00,8.931215e-03,7.897688e+00
1102,7.926437e-18,1.363794e-04,2.740799e-06,4.863336e-04,-3.108155e-01,-6.400803e-01,1.689691e+00
1103,1.509583e-17,1.479578e-04,9.655381e-06,5.014170e-04,2.583278e-01,-1.974210e-01,1.682670e+01
1104,7.607765e-19,1.476536e-04,1.367337e-05,4.882330e-04,2.196359e+00,-6.426948e-01,6.326093e+00
1105,3.544616e-18,1.389984e-04,7.812370e-06,5.001082e-04,-8.138983e-01,5.219195e-02,2.836845e+00
1106,1.049235e-18,1.476511e-04,1.017662e-05,4.921324e-04,-1.059466e-01,1.972143e-01,1.212221e+01
1107,2.514652e-19,1.292967e-04,1.367187e-05,5.007270e-04,-5.459535e-01,2.989361e-01,-1.620936e+00
1108,1.083046e-17,1.398513e-04,2.022801e-05,5.010008e-04,-2.811439e-01,3.134680e-01,4.816145e+00
1109,7.977717e-19,1.477948e-04,1.001652e-05,4.897906e-04,-2.272280e-01,-2.085067e-01,1.017052e+01
1110,4.509693e-17,1.276963e-04,8.195200e-06,5.032269e-04,-9.905376e-02,-1.446921e-02,6.216478e+00
1111,3.846644e-18,1.428882e-04,1.405731e-05,4.853339e-04,-7.166351e-01,-3.510564e-01,6.853318e+00
1112,2.385406e-18,1.476524e-04,1.014020e-05,4.862539e-04,-1.965040e-01,4.353870e-01,7.663577e+00
1113,3.482632e-18,1.429329e-04,1.336413e-05,4.805700e-04,-9.941367e-01,-1.596424e-01,3.286186e+00
1114,1.203757e-18,1.476595e-04,1.014319e-05,4.812072e-04,3.055131e-01,-2.075479e-01,2.721995e+00
1115,3.030302e-18,1.476577e-04,1.329037e-05,4.823952e-04,3.002474e-02,-1.031836e-01,3.347090e+00
1116,5.632434e-18,1.421326e-04,2.437934e-05,4.924284e-04,4.305739e-02,1.035019e-01,-1.521072e+00
1117,2.085688e-18,1.273895e-04,2.460942e-05,4.908257e-04,-1.531338e-02,5.807385e-02,-2.232099e+00
1118,1.712124e-18,-5.244458e-05,-1.745392e-05,4.754471e-04,1.171908e+00,-6.572799e-01,2.354997e+00
1119,1.743270e-17,-5.181709e-05,-2.053875e-05,4.781711e-04,-1.724577e+00,-2.915405e+00,4.512556e+00
1120,4.640359e-17,-6.129977e-05,1.159035e-05,4.925296e-04,-2.538116e+00,1.837255e-01,1.009812e+01
1121,2.368992e-16,-5.946484e-05,-1.311772e-05,4.958509e-04,2.418470e-01,-3.507690e-01,1.458216e+00
1122,3.094132e-17,-6.033397e-05,1.660250e-05,4.889151e-04,4.398669e-01,6.501375e-01,1.192700e+01
1123,8.897898e-17,-5.530141e-05,-7.586011e-06,4.905223e-04,2.854964e+00,6.871889e-01,7.121371e+00
1124,4.772861e-18,-6.015451e-05,9.370617e-06,4.832899e-04,-2.515390e-01,-7.031246e-01,4.922704e+00
1125,2.446714e-17,-5.107017e-05,-2.395532e-05,4.928036e-04,5.018203e-01,-2.827757e+00,1.057218e+01
1126,3.544241e-17,-6.962703e-05,-6.659891e-06,4.895802e-04,1.633556e-01,3.833178e-01,3.224176e+00
1127,1.817979e-17,-6.669166e-05,-1.789857e-05,4.842802e-04,1.161704e+00,-5.271939e-01,7.066626e+00
1128,2.903271e-17,-5.095912e-05,6.306032e-07,4.878929e-04,9.628805e-01,3.761871e+00,4.101209e+00
1129,1.922205e-18,-5.090707e-05,-1.563017e-06,4.957945e-04,3.235744e-01,-4.450972e-02,4.517501e+00
1130,3.007176e-18,-6.171899e-05,-7.808454e-07,4.987914e-04,2.374405e-02,2.763647e-02,6.030684e+00
1131,2.026860e-18,-5.156501e-05,-2.251229e-05,4.884498e-04,2.402707e-01,-3.592967e+00,1.132910e+01
1132,3.050874e-18,-5.153994e-05,-2.106972e-05,4.847618e-04,-4.611616e-02,-2.180294e+00,8.488892e+00
1133,1.855191e-18,-6.015555e-05,-2.460933e-05,4.847321e-04,-1.282307e-01,4.829259e-02,-3.561246e+00
1134,9.330688e-18,-5.102948e-05,8.721032e-06,4.981686e-04,4.858082e+00,1.446929e-01,1.059719e+01
1135,4.649438e-18,-5.856996e-05,8.707061e-06,4.883631e-04,-1.481025e-01,-1.132414e+00,6.714624e+00
1136,4.992375e-19,-5.625883e-05,1.054806e-05,4.812081e-04,-1.164061e+00,9.284836e-01,2.107734e+00
1137,1.686652e-17,-5.939126e-05,4.031208e-06,4.944070e-04,-8.690955e-03,1.763211e-01,7.772636e+00
1138,3.564886e-18,-5.926020e-05,1.386237e-05,4.839588e-04,2.073473e-01,2.167873e-01,8.269254e+00
1139,5.820082e-18,-5.502951e-05,1.719430e-05,4.978759e-04,6.349948e-01,1.351872e-01,5.712217e+00
1140,2.168941e-18,-5.709975e-05,1.094242e-05,4.989718e-04,3.522294e+00,3.714102e-01,1.337020e+01
1141,7.248378e-18,-7.288916e-05,1.427960e-05,4.984728e-04,1.998569e+00,-1.071767e-01,1.360898e+00
1142,2.807753e-19,-5.742135e-05,7.421500e-06,4.773043e-04,1.387993e+00,-5.761418e-01,-5.387090e+00
1143,8.802175e-19,-7.170083e-05,1.726781e-05,4.983890e-04,-4.314082e-01,-2.761785e-01,-4.464139e+00
1144,4.526358e-19,-5.585939e-05,1.757810e-05,4.952690e-04,3.584507e+00,-1.316512e+00,2.879725e+00
1145,6.037437e-19,-5.820202e-05,1.097998e-05,4.960416e-04,-1.534276e+00,9.292200e-01,6.708436e+00
1146,3.190904e-19,-6.132830e-05,1.054722e-05,4.866762e-04,-1.781653e-01,-3.320345e-01,5.728837e+00
1147,2.195802e-17,-6.913482e-05,2.411046e-05,4.967366e-04,-2.012223e-02,3.176219e-02,-1.416698e+00
1148,7.381418e-17,-4.383995e-05,1.247966e-05,4.931297e-04,-5.514331e-01,9.588515e-02,3.681639e+00
1149,3.509756e-18,-3.437509e-05,7.031648e-06,4.995548e-04,-1.004249e-01,-9.860647e-02,6.407495e+00
1150,2.630863e-18,-4.532603e-05,8.589866e-06,4.870208e-04,-1.583787e-01,1.082471e-01,1.360460e+00
1151,2.323461e-17,-4.611826e-05,1.117429e-06,4.797572e-04,2.519193e+00,-2.552964e+00,1.520911e+00
1152,5.546657e-18,-2.513013e-05,1.406370e-05,4.851211e-04,3.518872e-01,-2.425436e-02,2.267598e+00
1153,2.521152e-17,-2.877124e-05,1.132499e-05,4.758026e-04,-2.528236e-01,-5.104177e-01,1.348159e+00
1154,5.006203e-18,-4.219484e-05,1.171197e-05,4.827433e-04,6.085524e-02,1.040187e+00,1.715250e+00
1155,1.042024e-18,-3.515009e-05,1.485635e-05,4.835520e-04,-1.463703e-01,-7.567788e-02,-6.640027e-01
1156,2.245607e-18,-3.349709e-05,1.564210e-06,4.911631e-04,1.393862e-01,8.646133e-02,3.010592e-01
1157,3.649328e-18,-3.049954e-05,8.624753e-06,4.857495e-04,-1.804730e-01,-2.235801e-02,-1.512045e+00
1158,2.500655e-17,-3.462180e-05,2.408911e-05,4.824427e-04,2.519432e-02,4.684948e-03,-1.475208e+00
1159,2.928060e-18,-3.751933e-05,-6.277762e-06,4.870404e-04,2.199689e-03,5.651792e-01,5.461203e+00
1160,2.351587e-18,-3.753448e-05,-6.227748e-06,4.924944e-04,-3.550808e-01,-2.673317e-01,8.413385e+00
1161,3.702849e-18,-4.687507e-05,-4.688484e-06,4.979801e-04,-5.839486e-01,-6.336851e-04,8.312102e+00
1162,8.457117e-19,-3.449798e-05,-1.234244e-05,4.843311e-04,-4.845366e-02,-4.941535e-02,1.249454e+00
1163,9.978155e-18,-4.178003e-05,-1.660141e-05,4.833857e-04,2.949113e-01,1.447939e+00,2.976061e+00
1164,1.124422e-18,-3.436755e-05,-1.562502e-05,4.937009e-04,-6.330813e-02,-3.881271e-01,5.408740e+00
1165,1.593302e-18,-4.218721e-05,-8.594211e-06,4.975950e-04,-6.019453e-02,1.331840e-01,8.004757e+00
1166,3.532767e-17,-4.474434e-05,-1.126901e-05,4.787651e-04,-1.423955e+00,6.945487e-01,1.663984e+00
1167,2.627982e-18,-3.607412e-05,-1.440165e-06,4.971851e-04,-1.539028e-01,8.696525e-01,7.807162e+00
1168,1.375568e-18,-2.890761e-05,-7.041723e-06,4.905670e-04,3.189705e-01,7.380425e-03,2.358394e+00
1169,1.604257e-18,-4.218000e-05,-8.617179e-06,4.882316e-04,-1.925282e-01,-1.991968e-01,5.256393e+00
1170,3.102515e-18,-3.593570e-05,-1.563939e-06,4.894390e-04,-8.664058e-02,1.207845e-02,6.164429e+00
1171,1.485473e-18,-4.610755e-05,-8.600218e-06,4.975949e-04,2.881556e-02,-2.254477e-01,5.536448e+00
1172,3.282788e-18,-4.141833e-05,-1.562614e-06,4.777314e-04,-5.227262e-02,-7.650862e-02,1.448865e+00
1173,4.085991e-19,-4.257831e-05,-8.984234e-06,4.773047e-04,-2.099777e+00,-2.881884e+00,2.991183e+00
1174,2.948579e-18,-4.609294e-05,-3.112212e-06,4.768657e-04,-1.986249e-01,4.193416e-01,-5.940926e-01
1175,1.807991e-18,-3.735745e-05,-6.234392e-06,4.830024e-04,2.207922e-01,-6.591465e-01,3.576134e+00
1176,1.492234e-18,-3.749623e-05,-6.240527e-06,4.788650e-04,-1.895668e-01,-4.776331e-01,7.927150e-01
1177,1.668107e-17,-4.292527e-05,-2.421486e-05,4.967737e-04,4.650721e-02,7.108619e-03,-1.520783e+00
1178,4.230703e-18,-3.827164e-05,-2.460942e-05,4.892104e-04,-1.366379e-03,-4.363974e-02,-2.886399e+00
1179,4.204757e-17,-5.913818e-05,-5.021883e-06,5.199659e-04,2.597040e-01,-1.026177e+00,1.110309e+01
1180,1.316633e-18,-5.235007e-05,-1.172773e-05,5.045932e-04,-5.311652e-01,-5.157759e-01,-1.141795e-01
1181,1.081504e-18,-5.234498e-05,-1.173366e-05,5.200503e-04,2.289710e-01,3.895681e-02,-6.785954e-01
1182,4.185664e-18,-7.110014e-05,-1.662155e-05,5.426083e-04,4.021406e-02,-2.787520e+00,1.377612e+01
1183,6.638345e-18,-7.120684e-05,-1.524743e-05,5.325427e-04,8.439820e-01,-3.228818e+00,1.360315e+01
1184,2.569599e-18,-7.108475e-05,-1.562489e-06,5.409116e-04,7.971387e-02,2.557940e-02,2.875867e+00
1185,3.308232e-18,-7.108895e-05,-1.560341e-06,5.379013e-04,6.146106e-02,4.441556e-02,5.256932e+00
1186,4.188628e-18,-7.109367e-05,-1.563556e-06,5.337506e-04,-9.701441e-02,-3.337026e-02,4.741462e+00
1187,2.833486e-18,-5.311371e-05,-9.389161e-06,5.470341e-04,-4.043858e-01,1.102390e-01,-1.433703e+00
1188,2.650773e-16,-1.986112e-04,8.258595e-06,5.151035e-04,1.215311e+00,1.084027e+00,1.399337e+01
1189,2.279580e-16,-1.972818e-04,3.049650e-06,5.282362e-04,-2.480647e-02,1.963112e-01,7.853863e+00
1190,6.790836e-17,-1.843773e-04,2.633339e-07,5.109659e-04,1.295432e+00,8.077505e-01,7.290326e+00
1191,3.950162e-17,-1.858353e-04,1.041992e-05,5.185051e-04,-1.008001e+00,-3.934831e-01,1.955638e+01
1192,1.777220e-16,-1.844222e-04,-9.530388e-09,5.110649e-04,1.200907e+00,7.895325e-01,6.640419e+00
1193,5.030974e-18,-1.836021e-04,6.189565e-06,5.089296e-04,5.361728e-01,-1.416450e-01,1.415437e+01
1194,8.017373e-19,-1.834762e-04,1.001270e-05,5.069174e-04,-4.717583e-01,3.829339e-01,1.106012e+01
1195,1.327322e-17,-1.945004e-04,7.777348e-06,5.023444e-04,-2.366983e-01,7.146498e-02,6.847393e+00
1196,3.452593e-18,-1.859419e-04,1.719496e-05,5.119286e-04,4.884173e-01,1.361051e-01,1.303500e+00
1197,3.764521e-18,-1.859392e-04,1.725331e-05,5.182790e-04,-7.338523e-02,-2.780603e-01,2.688361e+00
1198,1.338306e-17,-1.804736e-04,1.113279e-08,5.250901e-04,-4.220015e-01,-6.571511e-02,6.711775e+00
1199,3.259753e-18,-1.937528e-04,1.562938e-05,5.034691e-04,1.911688e-01,2.723583e-01,1.910681e+00
1200,3.907902e-17,-1.863565e-04,-1.146456e-05,5.038813e-04,-2.559530e+00,1.254297e+00,7.260078e+00
1201,1.270924e-17,-1.839235e-04,-1.680424e-05,5.168859e-04,-2.678381e-01,-2.433260e+00,1.179671e+01
1202,5.792284e-19,-1.761714e-04,-5.857286e-06,5.157127e-04,-1.125772e+00,-2.380504e-01,1.099989e+01
1203,3.384883e-18,-1.796910e-04,-1.250158e-05,5.073109e-04,-1.054504e+00,-3.163936e-01,2.432179e+00
1204,4.122721e-17,-1.835729e-04,-2.208377e-05,5.224218e-04,-3.411111e-01,-1.047807e+00,1.516054e+00
1205,2.054113e-18,-1.774095e-04,-6.322751e-06,5.366732e-04,-2.475071e+00,6.972363e-01,1.869058e+01
1206,1.795489e-17,-1.814805e-04,1.788176e-05,5.349079e-04,-1.885458e+00,7.939288e-03,6.551328e+00
1207,3.633062e-17,-1.799674e-04,1.268991e-05,5.330607e-04,-4.631981e-01,2.809829e-01,3.675417e+00
1208,2.591100e-18,-1.851522e-04,-6.750160e-11,5.438498e-04,5.420373e-02,4.965405e-02,4.627450e+00
1209,3.547600e-18,-1.960661e-04,2.434004e-05,5.495937e-04,5.933464e-01,9.059899e+00,1.171249e+01
1210,1.064696e-18,-1.929618e-04,2.265851e-05,5.399057e-04,-2.318975e-02,3.953815e-02,1.884248e+00
1211,5.304641e-18,-1.828129e-04,1.562873e-05,5.277537e-04,-1.064102e-02,-2.454202e-01,2.499543e+00
1212,3.856132e-18,-1.874993e-04,1.328650e-05,5.467859e-04,-2.224503e-02,-1.056807e-01,6.606574e-01
1213,2.171108e-18,-1.929632e-04,2.265604e-05,5.364527e-04,-2.427697e-02,3.608530e-02,7.974518e-01
1214,4.522936e-18,-1.801798e-04,-7.223876e-06,5.489711e-04,-2.809494e+00,6.429860e-02,2.056618e+01
1215,3.535354e-17,-1.795874e-04,-3.040498e-06,5.336127e-04,1.174892e+00,-1.455642e+00,8.113842e+00
1216,4.320327e-18,-1.992179e-04,-5.477386e-06,5.435195e-04,-6.875957e-01,2.258689e-01,5.904344e+00
1217,6.294618e-18,-1.968758e-04,-4.682830e-06,5.481368e-04,5.737913e-03,7.910414e-02,6.155913e+00
1218,1.918428e-17,-1.904761e-04,-1.151572e-05,5.381242e-04,3.510043e-01,-7.799336e-02,5.129022e+00
1219,1.202105e-18,-1.802569e-04,-4.099983e-06,5.437748e-04,2.489196e-01,-3.525759e-01,1.672168e+00
1220,2.789250e-18,-1.906291e-04,-1.249633e-05,5.433487e-04,-4.996667e-03,6.027218e-02,2.579821e+00
1221,3.172905e-16,-2.140237e-04,9.212310e-06,5.272057e-04,8.390832e-01,1.467604e-01,4.709078e+00
1222,1.853026e-17,-2.207796e-04,4.851311e-06,5.332404e-04,1.813168e+00,-1.917889e-01,1.694098e+01
1223,6.994327e-17,-2.166493e-04,-8.428678e-06,5.469284e-04,6.045369e-01,2.885393e-01,1.121442e+01
1224,1.940922e-16,-2.160546e-04,-7.615079e-06,5.471676e-04,7.821956e-01,-7.318193e-01,1.192227e+01
1225,1.115452e-17,-2.101554e-04,5.995045e-06,5.437436e-04,-9.535622e-01,-1.127940e+00,8.397733e+00
1226,9.554331e-17,-2.102723e-04,5.710959e-06,5.436566e-04,-9.106242e-01,-1.232091e+00,8.346871e+00
1227,8.583461e-17,-2.067057e-04,4.052817e-06,5.232779e-04,5.303677e-01,-1.660613e-01,1.104206e+01
1228,9.382618e-17,-2.206931e-04,4.803756e-06,5.333850e-04,1.897117e+00,-1.813073e-01,1.661012e+01
1229,3.041773e-17,-2.023854e-04,1.260236e-05,5.375048e-04,8.261509e-01,5.533451e-01,9.007410e+00
1230,4.186836e-18,-2.218705e-04,8.605874e-06,5.277450e-04,3.639019e+00,-6.440281e-01,9.701259e+00
1231,1.156767e-18,-2.226437e-04,9.376882e-06,5.459466e-04,1.442973e-01,-6.153716e-02,-9.053609e-01
1232,3.600519e-17,-2.265692e-04,-3.901334e-06,5.462635e-04,2.168937e+00,-1.258254e-01,1.584777e+01
1233,6.018923e-18,-2.257659e-04,-1.798707e-05,5.347916e-04,5.974875e-02,-1.674924e-02,3.120412e+00
1234,2.378662e-19,-2.207032e-04,-1.170994e-06,5.299768e-04,-4.177827e-01,1.257632e-01,4.786038e+00
1235,3.494345e-18,-2.187480e-04,-1.016961e-05,5.341895e-04,-9.466618e-02,3.097625e-02,9.616131e+00
1236,8.194931e-18,-2.086021e-04,-9.289911e-06,5.365411e-04,2.458121e-02,2.307298e-02,7.453181e+00
1237,5.060271e-18,-2.187433e-04,-1.015484e-05,5.292359e-04,5.397955e-02,-2.815509e-01,9.249331e+00
1238,3.061964e-19,-4.960976e-05,-2.070271e-05,4.734008e-04,-8.206780e-01,-1.888881e+00,-2.265545e+00
1239,3.643389e-19,-4.960947e-05,-1.757852e-05,4.694952e-04,1.296676e+00,4.144838e-01,-6.178830e+00
1240,3.228197e-19,-6.367179e-05,-1.992213e-05,4.749631e-04,1.325667e+00,1.472070e+00,8.652116e-01
1241,2.660877e-18,-6.952842e-05,-1.797187e-05,4.745670e-04,-1.980678e-01,-1.586838e-02,2.084751e-02
1242,2.550381e-19,-6.914028e-05,-1.835973e-05,4.694979e-04,7.263121e-01,-1.395677e+00,-4.850578e+00
1243,1.059879e-16,-1.102111e-04,1.028854e-05,5.221570e-04,-1.451579e-01,-1.171448e+00,9.995950e+00
1244,5.055359e-17,-1.063574e-04,9.721931e-06,5.052006e-04,7.233280e-02,9.137342e-01,8.266775e+00
1245,4.052887e-17,-1.127352e-04,1.367522e-05,5.095475e-04,1.538412e+00,-1.305167e-01,1.025019e+01
1246,6.430124e-17,-9.838553e-05,4.498264e-06,5.341289e-04,4.331065e-01,1.029006e+00,1.276243e+01
1247,1.466370e-17,-1.072640e-04,1.521200e-05,5.414176e-04,2.069636e+00,2.181388e+00,9.010182e+00
1248,4.037327e-17,-1.084151e-04,2.284487e-05,5.103114e-04,1.293763e+00,2.806658e+00,9.004011e+00
1249,1.043594e-17,-1.116755e-04,6.862488e-06,5.055231e-04,-1.826525e-01,-1.880406e-01,1.224787e+01
1250,1.624754e-18,-1.125001e-04,7.011857e-06,5.138798e-04,4.344824e-01,-4.053322e-01,1.344299e+01
1251,4.984837e-18,-1.070311e-04,1.640658e-05,5.138894e-04,5.150354e-02,2.763135e-01,1.082826e+01
1252,8.148104e-19,-1.071508e-04,1.655130e-05,5.038154e-04,1.474622e-01,-1.092278e-01,7.234784e+00
1253,4.826557e-18,-1.046882e-04,1.407010e-05,5.067934e-04,-2.356091e-01,1.170261e-01,8.067424e+00
1254,6.818511e-18,-1.241122e-04,2.210546e-05,5.229789e-04,-3.754114e-01,-2.119367e-01,4.087545e-01
1255,1.355150e-18,-1.054643e-04,2.346124e-06,5.184807e-04,-1.362002e+00,1.434344e+00,2.387293e+00
1256,2.062994e-16,-1.111809e-04,2.926453e-07,5.291350e-04,2.551793e-01,1.529453e-02,1.054406e+01
1257,4.728555e-18,-1.055077e-04,-3.906475e-06,5.241094e-04,1.899087e-02,-1.016753e-01,5.286798e+00
1258,6.156294e-18,-1.039051e-04,7.488967e-06,5.352960e-04,-1.126520e-02,9.410903e-01,5.543806e+00
1259,1.183668e-18,-1.031245e-04,2.348601e-06,5.375383e-04,2.393202e-02,1.153843e-01,3.179652e+00
1260,9.278512e-19,-1.079458e-04,1.809823e-05,5.429512e-04,-2.443636e-01,-7.366564e-01,2.323586e+00
1261,1.370200e-18,-1.069704e-04,4.673261e-06,5.223611e-04,-6.294096e-01,2.435879e-01,1.817190e+01
1262,7.843347e-18,-1.218000e-04,-5.460461e-06,5.423103e-04,-1.133804e-01,4.983495e-02,7.462015e+00
1263,7.440279e-19,-1.183596e-04,-8.984610e-06,5.002867e-04,-2.006297e+00,-6.991810e-01,1.391625e+01
1264,1.306599e-17,-1.071965e-04,-9.181066e-06,5.072019e-04,5.574757e-01,1.928268e+00,1.424648e+01
1265,8.092538e-18,-1.203112e-04,-1.744311e-05,5.169468e-04,4.638499e-04,5.040049e-02,1.389503e+01
1266,1.461145e-18,-1.101683e-04,-1.328314e-05,5.100247e-04,8.357641e-02,-2.128951e-01,7.478458e+00
1267,5.044744e-18,-1.187428e-04,-6.255331e-06,5.193464e-04,6.398917e-01,2.792844e-03,5.063617e+00
1268,4.575202e-18,-1.101601e-04,-1.247351e-05,5.159478e-04,1.141337e-01,-8.827431e-01,8.363481e+00
1269,1.382089e-18,-1.078075e-04,-1.797344e-05,5.177286e-04,1.041531e-01,-2.062894e-01,9.113441e-01
1270,3.857990e-17,-8.835403e-05,2.843539e-06,5.460937e-04,1.980852e+00,-2.183296e-01,1.337523e+01
1271,2.448450e-18,-8.671911e-05,5.477019e-06,5.303216e-04,-3.200137e-02,8.809010e-02,7.190489e+00
1272,2.914478e-18,-7.812463e-05,9.394510e-09,5.447733e-04,1.234141e-02,-7.708953e-02,7.660976e+00
1273,3.798119e-16,-9.199701e-05,-4.827072e-06,5.351763e-04,1.220152e-01,-5.003620e-01,8.790430e+00
1274,1.106598e-17,-8.255087e-05,-9.113052e-06,5.447902e-04,-4.219718e-01,3.846723e-01,7.789279e+00
1275,7.776779e-17,-8.240683e-05,-8.979123e-06,5.449570e-04,-3.625990e-01,4.138940e-01,7.775021e+00
1276,4.319619e-18,-8.359296e-05,-4.688171e-06,5.315939e-04,-9.158205e-03,4.355564e-03,3.815317e+00
1277,2.741850e-18,-7.968902e-05,-1.797627e-05,5.303987e-04,5.440626e-02,1.967151e-01,1.323914e+00
1278,2.547692e-18,-8.749921e-05,-1.171140e-05,5.494784e-04,4.018931e-02,3.259215e-02,1.479030e+01
1279,4.653887e-17,-9.090130e-05,-3.057066e-06,5.471792e-04,1.842179e-01,1.395954e+00,4.121173e+00
1280,1.305488e-18,-9.687705e-05,-9.379358e-06,5.429004e-04,2.038384e-02,4.141007e-02,1.002166e-01
1281,2.731052e-18,-1.335716e-04,1.561786e-05,5.019470e-04,-5.789725e-01,2.262553e-01,9.183870e-01
1282,6.743336e-17,-1.424905e-04,2.384831e-05,4.861356e-04,-1.903322e-01,-2.411369e-01,-7.946339e-01
1283,1.779988e-17,-1.291167e-04,3.761242e-06,4.917728e-04,-5.002387e-01,-4.555011e+00,1.080947e+01
1284,1.609420e-17,-1.477487e-04,1.691314e-05,4.860369e-04,1.753506e+00,5.863893e-01,9.340326e+00
1285,2.295139e-17,-1.426113e-04,-4.021316e-06,4.890690e-04,-2.673070e-01,-8.174847e-02,8.773333e+00
1286,1.451980e-17,-1.510612e-04,1.569127e-05,4.914866e-04,-7.774513e-02,-2.765519e-01,4.944878e+00
1287,1.900379e-17,-1.421669e-04,-1.837126e-05,4.974297e-04,-1.529293e+00,-2.303198e+00,4.050749e+00
1288,1.579786e-17,-1.348375e-04,1.221194e-05,4.838591e-04,8.636539e-01,6.115349e-01,5.281943e+00
1289,1.673769e-18,-1.289976e-04,5.974548e-06,4.863553e-04,8.232144e-01,-1.532872e+00,7.428704e+00
1290,3.099266e-18,-1.460926e-04,1.718469e-05,4.949338e-04,-9.422199e-02,1.656432e-01,4.448593e+00
1291,1.663226e-17,-1.460194e-04,1.408693e-05,4.800591e-04,4.639083e-01,1.113432e+00,2.450500e+00
1292,4.767085e-17,-1.470063e-04,-2.994145e-07,4.814217e-04,9.133280e-01,1.407083e+00,-5.402695e-01
1293,1.093802e-17,-1.332880e-04,1.555563e-05,4.938572e-04,4.444916e-02,-1.865626e-01,2.742002e+00
1294,1.992470e-17,-1.346796e-04,2.417711e-05,4.909072e-04,-1.383240e-02,-5.915215e-02,-1.672766e+00
1295,5.728215e-18,-1.485946e-04,1.648488e-05,4.792176e-04,5.297685e-01,-4.162392e-01,4.657756e+00
1296,4.858547e-19,-1.285154e-04,6.641602e-06,4.839384e-04,9.064951e-01,7.684814e-01,6.340460e+00
1297,3.998819e-18,-1.288455e-04,7.780579e-06,4.811357e-04,7.894811e-02,-4.816754e-04,5.963585e+00
1298,2.439796e-18,-1.358947e-04,1.167870e-05,4.794003e-04,1.724784e-01,-1.217307e-01,4.851697e+00
1299,6.462879e-18,-1.492291e-04,2.432774e-05,4.846276e-04,-4.181129e-02,6.322947e-02,-1.761756e+00
1300,2.743110e-18,-1.273160e-04,-1.326492e-05,4.855301e-04,3.464473e-01,-1.686044e-01,1.802924e+00
1301,1.992270e-18,-1.328193e-04,-1.473280e-05,4.880312e-04,1.443759e-01,-3.933270e-01,4.194005e+00
1302,3.030113e-18,-1.273338e-04,-1.328644e-05,4.972341e-04,-6.857655e-02,-1.900754e-01,5.890356e+00
1303,5.466719e-19,-1.476492e-04,-1.289125e-05,4.952582e-04,-2.230198e-01,4.779305e-01,-3.568261e+00
1304,1.159512e-18,-1.406206e-04,-8.576018e-06,4.851134e-04,-3.208741e-01,-4.655676e-01,-7.253746e-01
1305,1.966573e-18,-1.366670e-04,-2.460954e-05,4.958398e-04,-3.956120e-03,6.527693e-03,-3.773526e+00
1306,3.542116e-18,-1.328150e-04,-1.016009e-05,4.816130e-04,-1.060151e-01,3.710694e-01,1.275026e+00
1307,4.649890e-18,-1.273492e-04,-1.328869e-05,4.929030e-04,5.532991e-02,-1.130944e-01,5.126892e+00
1308,3.718243e-18,-1.421616e-04,-3.942945e-06,4.822872e-04,-2.797093e-01,-4.496802e-03,7.096723e+00
1309,1.096094e-18,-1.446993e-04,-2.995082e-06,4.905681e-04,8.500876e-01,1.277363e-01,-3.766445e+00
1310,5.408251e-19,-1.433591e-04,-3.938090e-06,4.773063e-04,4.118971e-01,-2.948862e-02,8.685770e-01
1311,4.946490e-19,-1.488281e-04,-7.865053e-07,4.788659e-04,-5.653440e-01,1.912667e+00,3.115886e+00
1312,2.818005e-18,-1.476186e-04,-2.433602e-05,4.955381e-04,7.348732e-02,-1.006372e-01,-1.969475e+00
1313,3.190090e-17,-1.511472e-04,-2.400302e-05,4.903658e-04,-8.206015e-03,-1.161031e-02,-1.244543e+00
1314,5.319697e-17,-1.056852e-04,-7.418406e-06,4.965397e-04,1.031486e+00,1.313937e+00,8.538533e+00
1315,5.373333e-18,-1.179218e-04,-3.464457e-06,4.886744e-04,2.391764e-01,4.794782e-01,9.906436e+00
1316,3.357816e-18,-1.130978e-04,-1.256234e-05,4.795440e-04,2.447102e+00,4.021507e+00,7.472878e+00
1317,1.467921e-17,-1.074990e-04,-2.036587e-05,4.906346e-04,-3.271006e+00,-1.029246e-01,1.142752e+01
1318,3.942035e-18,-1.195937e-04,-1.096947e-05,4.882743e-04,-3.101215e-01,-1.039630e+00,2.929259e+00
1319,3.657348e-17,-1.100934e-04,-7.174137e-06,4.815145e-04,-3.808177e-01,1.493699e+00,2.331640e+00
1320,1.814488e-17,-1.029375e-04,-1.694043e-05,4.798690e-04,2.126942e-01,7.209234e-01,5.335713e+00
1321,6.579973e-18,-1.023453e-04,-5.431252e-06,4.872408e-04,1.984870e-01,9.901316e-01,2.617986e+00
1322,5.470528e-18,-1.210934e-04,-1.562540e-05,4.804069e-04,5.569846e-01,-1.163917e-01,7.561574e-01
1323,1.732886e-18,-1.100896e-04,-1.321033e-05,4.896817e-04,1.391579e-03,-7.734345e-02,1.925092e+00
1324,5.062088e-18,-1.234401e-04,-1.565253e-06,4.937515e-04,-4.297535e-01,4.590459e-02,1.891377e+00
1325,2.728053e-18,-1.055603e-04,-2.026745e-05,4.863909e-04,-2.841218e+00,-6.134716e-01,1.160870e+01
1326,2.031230e-18,-1.018481e-04,-1.889044e-05,4.745081e-04,1.411515e+00,-3.508555e+00,-8.022921e-01
1327,1.497822e-17,-1.445528e-04,1.809739e-05,5.065503e-04,5.548193e-01,-3.473032e-01,7.911149e+00
1328,5.508561e-18,-1.437550e-04,7.812042e-06,5.085128e-04,-5.982762e-01,1.638332e-01,4.488948e+00
1329,1.505639e-18,-1.484388e-04,3.917380e-06,5.246600e-04,4.639566e-02,-5.316587e-02,7.059087e+00
1330,4.266791e-18,-1.445204e-04,3.489838e-06,5.072756e-04,-1.643624e-02,-2.461835e-01,3.420930e+00
1331,6.519408e-18,-1.341211e-04,1.562120e-05,5.147821e-04,-1.818853e-01,4.567039e-01,5.058073e+00
1332,3.137501e-18,-1.421903e-04,7.809934e-06,5.196715e-04,-1.880017e-02,1.457154e-01,3.963298e+00
1333,1.413419e-18,-1.398448e-04,4.685160e-06,5.200277e-04,-2.288491e-02,1.284389e-01,2.646303e+00
1334,2.960931e-18,-1.398498e-04,4.690748e-06,5.034618e-04,4.687038e-01,-4.676463e-02,3.515737e+00
1335,4.706346e-18,-1.398416e-04,4.688978e-06,5.139212e-04,-3.859079e-02,4.843428e-02,3.854746e+00
1336,1.125984e-16,-1.727058e-04,-3.643288e-06,4.914378e-04,-9.058176e-01,-8.231368e-01,5.495643e+00
1337,7.478624e-18,-1.690917e-04,8.591259e-06,4.960371e-04,-1.040399e+00,-7.069551e-01,1.346566e+01
1338,1.299214e-18,-1.586234e-04,1.229821e-05,4.852563e-04,8.314213e-01,-1.235494e+00,3.954750e+00
1339,6.105070e-19,-1.757317e-04,5.078860e-06,4.780879e-04,9.009716e-01,-8.284899e-01,7.727809e-01
1340,1.899241e-18,-1.584636e-04,1.171544e-05,4.970327e-04,-2.739168e-01,9.450110e-02,5.825957e+00
1341,5.110657e-17,-1.585342e-04,7.737566e-06,4.866917e-04,-9.618843e-01,-5.026537e-01,1.562061e+00
1342,3.950768e-18,-1.742440e-04,1.174802e-05,4.940116e-04,1.953129e+00,2.390106e+00,1.257704e+01
1343,2.189360e-17,-1.748501e-04,6.386519e-06,4.857462e-04,-4.782860e-01,-8.607364e-01,2.481823e+00
1344,5.796029e-19,-1.711191e-04,8.987030e-06,4.890121e-04,-3.861118e+00,8.521929e-03,8.360969e+00
1345,1.341244e-17,-1.771812e-04,2.425142e-05,4.775768e-04,-1.792737e-02,-6.576025e-02,-1.869977e+00
1346,6.406763e-19,-1.714847e-04,8.608770e-06,4.866736e-04,-2.209950e+00,7.867550e-01,6.561423e+00
1347,2.714052e-19,-1.699217e-04,8.985274e-06,4.921370e-04,-1.303699e+00,1.449086e+00,1.034547e+01
1348,4.594895e-18,-1.703116e-04,2.344800e-06,4.953626e-04,1.460212e-02,-1.257885e-01,7.963840e-01
1349,2.161978e-18,-1.760835e-04,7.176211e-06,4.826776e-04,1.131084e+00,-4.745062e-01,8.571772e+00
1350,1.144455e-17,-1.578667e-04,2.427105e-05,4.912127e-04,-1.227948e-02,-1.715974e-02,-1.906547e+00
1351,5.047371e-17,-7.585208e-06,-6.286014e-07,5.013638e-04,2.636430e+00,1.178398e+00,8.058143e+00
1352,2.400410e-16,-5.620672e-06,-2.600271e-05,5.028623e-04,5.211708e-01,4.632196e-01,8.958414e+00
1353,7.015933e-17,-8.743471e-06,-2.108852e-05,4.972554e-04,8.164192e-01,4.459691e+00,1.154611e+01
1354,6.052393e-19,-1.328664e-05,-2.539018e-05,4.827677e-04,-1.758208e+00,-6.473122e-01,6.029689e+00
1355,7.820606e-18,-1.366749e-05,-2.578190e-05,4.890334e-04,1.088615e+00,-1.044809e+00,9.683263e+00
1356,2.151207e-17,-1.882120e-05,-2.276604e-05,4.862480e-04,4.894355e-01,-1.923833e+00,9.332327e+00
1357,5.262760e-18,-1.400208e-05,-4.687208e-06,4.911639e-04,1.069843e+00,-5.387944e-02,5.197188e+00
1358,1.559885e-18,-1.486040e-05,-2.576249e-05,4.929159e-04,-6.478138e-01,1.394563e+00,8.787613e+00
1359,4.180764e-17,-2.153866e-05,-6.513370e-06,4.846435e-04,-2.301789e+00,1.433109e+00,2.044118e+00
1360,2.737370e-18,-2.033431e-05,-2.028453e-05,4.799899e-04,5.585192e-01,1.025718e+00,6.918313e+00
1361,3.697391e-18,-9.409923e-06,-1.914795e-05,4.898121e-04,-1.492366e-01,5.532467e+00,1.029258e+01
1362,2.511745e-18,-1.586394e-05,-2.347672e-05,4.872690e-04,-7.850638e-01,-4.444809e-02,1.617440e+00
1363,1.964705e-18,-1.567398e-05,-2.350168e-05,4.972952e-04,-8.533330e-02,5.169357e-01,1.221691e+00
1364,2.559906e-18,-3.908880e-06,-1.484187e-05,4.940148e-04,-1.502094e-01,5.200038e-02,4.244201e+00
1365,2.455467e-19,-2.226638e-05,-1.523655e-05,4.929132e-04,-2.903860e-01,3.317808e-01,-2.500590e+00
1366,9.347336e-19,-9.496223e-06,-1.914140e-05,4.939051e-04,1.963590e-02,5.356138e+00,1.436980e+01
1367,3.811293e-18,5.470539e-06,-2.421862e-05,4.940730e-04,-3.406225e+00,-5.804431e-01,6.095259e+00
1368,7.206018e-17,4.508691e-06,-2.375236e-05,4.948163e-04,-9.013329e-01,1.026830e+00,7.092430e+00
1369,4.177751e-17,5.667699e-06,-2.734338e-05,4.862257e-04,-8.516092e-01,1.986977e-01,9.508525e+00
1370,2.606852e-17,6.916452e-06,1.584924e-06,4.896899e-04,-9.852618e-01,-1.912955e+00,3.642328e+00
1371,7.341724e-18,2.266783e-05,-1.011364e-05,4.949441e-04,3.458614e-01,-1.298598e+00,1.161844e+01
1372,5.057883e-18,1.559335e-06,-1.624753e-05,4.749710e-04,5.485893e-03,5.863660e-01,-2.029925e+00
1373,5.215419e-18,2.107155e-05,-1.563947e-05,4.882788e-04,7.532801e-01,2.814358e-01,6.658316e+00
1374,7.664860e-18,2.478298e-06,-1.261294e-05,4.987875e-04,-2.593147e-01,-3.078235e-01,3.156511e+00
1375,6.249401e-18,3.107334e-06,1.583237e-06,4.825228e-04,1.366913e-02,4.807756e-01,-1.463228e+00
1376,3.619548e-18,1.953833e-05,-1.719095e-05,4.917330e-04,-3.767108e-01,-6.414037e-01,2.972369e+00
1377,7.625553e-18,1.680541e-05,-6.253074e-06,4.851418e-04,-2.355466e+00,-1.419561e-01,4.208788e-01
1378,1.435539e-17,2.215478e-05,-1.228826e-05,4.758555e-04,8.881258e-01,8.671762e-01,1.670223e+00
1379,4.253066e-18,1.953341e-05,-1.718620e-05,4.983414e-04,-8.674918e-02,-1.424895e-01,2.529003e-01
1380,9.883395e-18,2.188324e-05,-1.015159e-05,4.885570e-04,3.934574e-01,2.874048e-01,9.392073e+00
1381,5.004287e-18,1.560754e-06,-1.875978e-05,4.780742e-04,-1.079761e-02,-1.719815e-01,-2.373949e+00
1382,2.886113e-18,1.328224e-05,-1.015354e-05,4.878684e-04,1.750985e-01,2.174809e-01,-7.895735e-01
1383,4.152187e-18,2.182642e-05,-1.019252e-05,4.818672e-04,-1.023904e-01,-1.329013e+00,6.245076e+00
1384,2.786194e-18,1.326272e-05,-1.329446e-05,4.768640e-04,-1.067766e+00,-1.930398e-01,-1.222543e+00
1385,1.676251e-18,-1.942852e-05,-3.230420e-05,4.981075e-04,-3.587312e-01,6.571114e-01,1.382580e+01
1386,2.408430e-19,-1.523495e-05,-2.851514e-05,4.999425e-04,6.427385e-02,-4.324172e-01,1.067362e+01
1387,6.810058e-18,-1.347787e-05,-4.439874e-05,4.989485e-04,3.337572e-01,1.257099e+00,4.103852e+00
1388,2.667598e-19,-1.757854e-05,-2.929807e-05,4.874543e-04,-6.617569e-01,-3.401872e-01,1.173170e+01
1389,4.711779e-17,-3.108206e-06,-2.837564e-05,4.843693e-04,-1.207586e-01,-9.542637e-01,4.325522e+00
1390,1.307702e-17,-1.738184e-05,-2.825579e-05,4.811273e-04,-6.403991e-01,1.438852e-01,8.566740e+00
1391,1.552913e-18,-1.250506e-05,-4.843632e-05,4.796465e-04,-2.972369e-01,5.046472e-01,6.971915e-01
1392,4.141958e-19,-5.078686e-06,-2.617197e-05,4.773032e-04,-2.372521e+00,3.441677e+00,-1.779257e-01
1393,4.343844e-18,-1.956166e-05,-3.126175e-05,4.955787e-04,-6.511519e-01,1.281316e+00,1.360709e+01
1394,2.657353e-17,1.352727e-06,-3.713594e-05,4.809580e-04,-2.364932e-01,6.025780e-01,1.613898e+00
1395,9.182704e-18,-1.797295e-05,-3.194248e-05,4.928945e-04,6.467214e-01,-3.160049e+00,1.724160e+01
1396,6.200675e-19,-1.801206e-05,-3.007881e-05,4.882376e-04,-9.419050e-01,-1.302319e-01,1.240426e+01
1397,9.865831e-19,-4.690697e-06,-2.967806e-05,4.960227e-04,-7.084073e-02,-2.730128e-01,8.044069e+00
1398,5.175838e-18,-5.465601e-06,-3.559905e-05,4.986185e-04,1.643156e-01,1.304007e-02,-1.214087e+00
1399,4.889043e-18,-4.687092e-06,-2.968710e-05,4.921362e-04,-7.898664e-02,-4.077233e-02,7.319499e+00
1400,1.776300e-18,-2.460957e-05,-4.453186e-05,4.972252e-04,-7.200896e-03,2.067189e-02,-2.194731e+00
1401,2.666630e-17,9.487563e-06,-3.448643e-05,4.887336e-04,-2.039981e+00,4.886080e-01,6.635256e+00
1402,1.110870e-16,8.876685e-06,-3.503346e-05,4.886510e-04,-1.342944e+00,8.016973e-01,6.356880e+00
1403,1.780635e-18,8.520019e-06,-5.084113e-05,4.857800e-04,-2.024897e-01,2.866277e-01,6.974200e+00
1404,3.319259e-18,8.702270e-06,-5.068111e-05,4.912730e-04,-3.779414e-01,1.572093e-01,1.017462e+01
1405,2.878617e-18,1.878267e-05,-2.808681e-05,4.870488e-04,2.428744e-01,1.219385e-01,1.534993e+00
1406,4.508686e-18,7.035484e-06,-4.140755e-05,4.804441e-04,1.084786e-01,-2.719101e-02,9.608791e-01
1407,2.990087e-18,2.031039e-05,-5.000204e-05,4.792829e-04,-3.081799e-01,2.619020e-01,-1.612293e+00
1408,1.013245e-17,2.426447e-05,-2.881783e-05,4.976782e-04,1.837279e-02,1.862547e-02,-1.866762e+00
1409,1.903876e-17,-4.219135e-06,-6.734390e-05,4.884644e-04,1.272337e+00,-4.745333e-01,2.598096e+00
1410,5.867805e-17,-1.916960e-05,-7.595001e-05,4.913954e-04,-4.846282e-02,2.560737e+00,7.096248e+00
1411,1.240416e-16,-3.745348e-06,-6.727472e-05,4.876981e-04,1.120452e+00,-7.619025e-01,4.075123e+00
1412,3.807808e-18,-3.906211e-06,-5.390598e-05,5.003217e-04,-1.431831e+00,-7.180519e-01,5.105225e+00
1413,5.077336e-17,-3.558154e-06,-5.363346e-05,5.004568e-04,-1.436799e+00,-3.123074e-01,5.034934e+00
1414,4.391739e-17,-1.365655e-05,-5.899937e-05,4.951562e-04,-4.024931e-01,1.734920e+00,9.168342e+00
1415,5.068498e-17,-1.467053e-05,-6.792140e-05,4.848634e-04,-3.887553e-01,1.411094e+00,4.557600e+00
1416,5.449723e-18,-1.250510e-05,-6.249903e-05,4.835426e-04,-4.148322e-01,-1.292974e+00,6.787249e+00
1417,2.009046e-17,-6.227590e-06,-7.416984e-05,4.901602e-04,-1.775215e-01,-1.748919e-01,9.859649e+00
1418,1.639478e-18,-3.062897e-06,-7.321903e-05,4.810538e-04,1.647658e+00,-1.178877e+00,2.848190e+00
1419,5.706085e-19,-5.079501e-06,-7.343471e-05,4.851080e-04,-6.822535e-01,-8.320557e-01,5.490269e+00
1420,3.522159e-17,-9.961097e-06,-6.351507e-05,5.029326e-04,2.332405e+00,-1.902366e+00,5.525054e+00
1421,1.393825e-17,-1.937772e-05,-5.352032e-05,4.848187e-04,-2.378790e+00,8.236938e-01,1.142100e+00
1422,1.175471e-18,-7.031571e-06,-7.264837e-05,4.952539e-04,-9.493422e-02,6.745155e-02,1.751624e+00
1423,2.301494e-18,-1.177030e-05,-7.270425e-05,4.965506e-04,4.396268e-01,-6.385008e-02,1.717759e+00
1424,1.358135e-18,-1.251685e-05,-6.170016e-05,4.882399e-04,-2.156406e-01,-1.508469e+00,8.750813e+00
1425,4.200425e-18,-1.248420e-05,-5.893468e-05,4.912196e-04,-9.846322e-02,4.641867e+00,1.358361e+01
1426,4.020071e-18,-2.097065e-05,-7.587061e-05,4.865690e-04,-1.061721e+00,3.961495e+00,9.317113e+00
1427,1.927197e-18,-6.860538e-06,-5.549963e-05,4.814583e-04,2.738011e+00,1.450176e+00,9.304954e+00
1428,7.429089e-18,-1.515344e-05,-6.684725e-05,5.021494e-04,-9.386829e-02,-8.868577e-01,2.038728e+00
1429,2.386269e-19,-1.171991e-06,-6.835934e-05,4.773051e-04,7.606316e-01,-1.533376e+00,4.755246e-01
1430,9.188997e-19,-2.734839e-06,-6.781278e-05,4.791751e-04,-5.379186e-01,-3.384393e-01,3.748604e+00
1431,1.222804e-17,-2.425860e-05,-6.726295e-05,4.835030e-04,4.541300e-04,1.565447e-02,-1.673863e+00
1432,7.430542e-18,8.437989e-07,9.014526e-06,4.850371e-04,-8.960757e-01,9.134030e+00,1.864468e+01
1433,2.247555e-17,3.106872e-06,8.379371e-06,4.914654e-04,2.080819e+00,6.448977e+00,2.285753e+01
1434,7.605846e-18,1.640649e-05,7.813228e-06,4.893911e-04,-1.751248e+00,1.737515e+00,3.772390e+00
1435,3.195776e-18,2.566729e-05,5.438536e-06,4.929628e-04,-1.357763e+00,-6.923329e-01,8.405958e+00
1436,9.194902e-17,1.545152e-05,8.171877e-06,4.891471e-04,-1.983803e+00,1.321915e+00,4.245843e+00
1437,1.095412e-16,9.835520e-06,1.719783e-05,4.828261e-04,-2.234572e+00,7.289547e-01,3.358823e+00
1438,2.964476e-17,1.477246e-05,1.121513e-05,4.790410e-04,-1.178367e-01,3.420388e+00,3.286918e+00
1439,2.136952e-17,2.127433e-05,2.105386e-05,4.857209e-04,2.903725e+00,-1.048169e+00,9.250038e+00
1440,6.851405e-19,2.539075e-05,8.570845e-06,4.773047e-04,-4.285739e-01,1.441719e+00,4.361725e+00
1441,9.689207e-19,2.089855e-05,2.324022e-05,4.931208e-04,9.528355e-02,2.295750e-01,5.117707e-02
1442,6.325599e-18,1.716049e-05,2.228986e-05,4.798683e-04,-3.337871e-01,4.885872e-01,7.326825e+00
1443,2.071224e-17,1.469220e-05,3.217135e-06,4.944607e-04,-2.647283e+00,6.591284e-01,1.423925e+00
1444,1.346723e-18,5.471192e-06,2.266870e-05,4.765221e-04,3.405946e-01,2.030318e-01,-6.541902e-01
1445,2.884564e-18,2.109679e-05,1.016077e-05,4.972180e-04,-4.139654e-02,-1.895658e-01,2.141122e+00
1446,2.985697e-18,1.952954e-05,5.466903e-06,4.784622e-04,-1.448149e-02,1.432632e-02,1.992245e+00
1447,1.813228e-18,9.765586e-06,1.533672e-05,4.745754e-04,-2.477311e+00,7.479478e-01,-5.294702e+00
1448,8.978002e-19,9.212772e-06,1.601558e-05,4.767963e-04,-4.001207e+00,-5.332305e-01,-4.222236e-01
1449,1.720727e-18,9.285807e-06,1.692076e-05,4.668850e-04,3.249304e+00,-1.595561e-01,-9.224345e+00
1450,5.762734e-19,8.203332e-06,1.835932e-05,4.729829e-04,6.927134e-01,1.922993e+00,9.166923e-01
1451,2.086383e-17,3.196260e-05,3.899463e-06,4.836712e-04,1.459611e-01,-1.115185e+00,8.050854e-01
1452,1.713801e-17,4.685940e-05,9.369706e-06,4.944598e-04,-9.357654e-02,-5.499485e-02,8.873472e+00
1453,2.050171e-17,3.000519e-05,8.507646e-06,4.872484e-04,8.425858e-01,8.695629e-02,9.356582e+00
1454,7.958701e-18,3.904271e-05,1.327974e-05,4.958966e-04,-1.164621e-01,-3.649901e-02,5.113176e+00
1455,1.260507e-18,4.218712e-05,3.126032e-06,4.983671e-04,1.362889e-01,5.798847e-02,8.494626e-02
1456,1.462920e-18,2.813439e-05,1.532557e-06,4.882196e-04,-5.465647e-01,-1.361417e+00,6.615367e+00
1457,3.254781e-18,2.812207e-05,8.565010e-06,4.816326e-04,4.240748e-01,1.976613e-02,6.231431e+00
1458,2.438499e-18,4.688581e-05,9.383451e-06,4.784819e-04,-6.297021e-02,-4.146357e-01,2.008722e+00
1459,3.267267e-18,3.906122e-05,1.328289e-05,4.831354e-04,8.790616e-02,1.137802e-01,2.196601e+00
1460,2.640784e-18,3.359735e-05,3.914049e-06,4.972241e-04,-7.306603e-02,-7.309142e-02,2.894439e+00
1461,2.421259e-17,4.113161e-05,2.409537e-05,4.854466e-04,-3.362814e-02,1.660476e-02,-1.517404e+00
1462,9.883734e-18,3.449988e-05,9.436089e-06,4.924519e-04,-2.859472e-02,-7.734377e-01,1.415526e+00
1463,2.580171e-19,2.695314e-05,8.203667e-06,4.788661e-04,1.761932e+00,1.418201e+00,5.534029e+00
1464,5.775157e-19,2.773437e-05,2.734579e-06,4.800374e-04,-1.656860e+00,-2.015249e+00,7.647594e+00
1465,5.910664e-18,2.811676e-05,2.723939e-06,4.758220e-04,3.016160e-02,-9.655445e-01,3.279941e+00
1466,1.251882e-17,2.900500e-05,2.426570e-05,4.988441e-04,-1.403419e-02,3.377858e-02,-1.752923e+00
1467,1.196442e-18,2.712824e-05,7.421978e-06,4.695121e-04,1.992151e+00,3.256800e+00,-4.631094e+00
1468,9.172120e-17,-2.486295e-04,7.258338e-06,5.410899e-04,7.916770e-05,6.148895e-01,8.537166e+00
1469,2.508918e-16,-2.402903e-04,-1.259351e-05,5.300659e-04,-2.206381e+00,1.275135e-01,1.161684e+01
1470,5.639502e-17,-2.303864e-04,-5.223486e-06,5.293838e-04,1.201690e-01,1.969606e-01,1.447541e+01
1471,3.616230e-17,-2.291000e-04,-8.443770e-06,5.406230e-04,-6.866958e-01,1.907499e-01,1.416615e+01
1472,2.063203e-17,-2.491734e-04,-7.465709e-06,5.314957e-04,4.090154e-02,2.475758e-01,1.024166e+01
1473,1.810113e-17,-2.378688e-04,1.974926e-05,5.339912e-04,-3.367936e-01,1.274559e+00,5.435401e+00
1474,9.836257e-18,-2.492733e-04,1.528242e-05,5.411733e-04,-3.007878e-02,3.640986e-01,8.484314e+00
1475,1.615443e-18,-2.496066e-04,2.343049e-05,5.493562e-04,-3.786889e-01,2.805667e-01,9.773841e+00
1476,4.086972e-18,-2.314327e-04,2.347555e-06,5.417983e-04,-6.803091e-01,-4.083664e-02,5.582130e+00
1477,2.375039e-18,-2.281152e-04,1.485332e-05,5.426026e-04,-6.945761e-01,2.308415e-01,7.309435e-01
1478,5.171316e-17,-2.365770e-04,-5.527984e-06,5.306261e-04,5.103158e-01,4.935113e-01,5.517438e+00
1479,9.629825e-19,-2.343786e-04,-3.119860e-06,5.474315e-04,1.148582e-01,-5.465902e-03,1.051357e+01
1480,1.494422e-18,-2.496071e-04,-7.810568e-06,5.493404e-04,-2.859250e-01,-2.999566e-02,9.832880e+00
1481,8.087217e-18,-2.399697e-04,-3.902790e-06,5.478998e-04,-2.234857e+00,1.722659e-02,5.723300e+00
1482,4.024616e-18,-2.390569e-04,-1.328594e-05,5.474136e-04,1.212778e-01,-1.772787e-01,2.032588e+00
1483,4.083294e-17,-2.134452e-04,1.288799e-05,5.175920e-04,2.110023e-01,3.875865e+00,2.846522e+01
1484,1.047240e-16,-2.171833e-04,2.299427e-06,5.051521e-04,1.925038e-01,1.117887e-01,6.115664e+00
1485,7.318521e-18,-2.132568e-04,1.179083e-05,5.088707e-04,1.143578e+00,7.195342e-01,2.479062e+01
1486,2.582670e-17,-2.085293e-04,1.155817e-05,5.041564e-04,-6.772595e-01,-1.364427e-01,3.749296e+00
1487,3.766436e-18,-2.382816e-04,8.591408e-06,5.219964e-04,-3.270522e+00,-1.272461e+00,1.116108e+01
1488,3.838109e-17,-2.379769e-04,8.595968e-06,5.218789e-04,-3.119522e+00,-1.071731e+00,1.078775e+01
1489,3.750422e-18,-2.195321e-04,1.640601e-05,5.204354e-04,5.925612e-01,1.237836e+00,8.745684e+00
1490,4.721223e-17,-2.190976e-04,1.608930e-05,5.204303e-04,7.450826e-01,1.027406e+00,8.232312e+00
1491,9.622509e-18,-2.242218e-04,2.336327e-06,5.157987e-04,1.044796e-02,-2.792066e-01,1.066410e+01
1492,4.324711e-17,-2.076471e-04,1.075262e-05,5.204805e-04,-3.792068e-01,-1.141986e+00,6.461015e+00
1493,1.403218e-18,-2.210817e-04,9.380492e-06,5.092155e-04,3.781280e-02,2.639077e-01,6.899394e+00
1494,1.270032e-18,-2.015802e-04,3.088000e-06,5.022594e-04,-1.173234e-01,1.120711e-01,9.855017e+00
1495,2.747388e-18,-2.131978e-04,1.263602e-05,5.033890e-04,1.718398e+00,2.398802e+00,2.073759e+01
1496,1.123122e-18,-2.226225e-04,2.361413e-06,5.115212e-04,5.898683e-01,2.137241e-01,6.801105e+00
1497,5.873110e-18,-2.319998e-04,6.857234e-06,5.168574e-04,-1.947086e+00,-4.221622e-01,1.071930e+01
1498,6.372967e-18,-2.374763e-04,-1.839830e-06,5.029972e-04,1.307122e-01,1.841317e+00,7.307761e+00
1499,1.333972e-17,-2.263681e-04,1.207584e-05,5.092421e-04,-8.543994e-02,-5.209272e-01,8.184945e+00
1500,8.914250e-18,-2.431171e-04,3.085837e-07,5.148377e-04,1.094149e+00,-1.908629e-01,4.359510e-01
1501,1.047052e-17,-2.474761e-04,2.179280e-05,5.171925e-04,-1.698014e+00,2.152628e-01,2.639387e+00
1502,1.631328e-18,-2.437499e-04,1.955137e-05,5.100372e-04,5.505089e-02,2.513435e-01,3.106713e+00
1503,3.256591e-18,-2.281204e-04,1.481205e-05,5.188809e-04,5.260628e-02,-6.516205e-01,1.270987e+00
1504,1.859174e-17,-2.347662e-04,-1.472755e-05,5.172246e-04,-2.867701e-01,9.667586e-01,1.653645e+01
1505,3.355849e-18,-2.312499e-04,-1.172662e-05,5.196308e-04,-1.403250e-01,-7.194026e-01,1.351399e+01
1506,8.336119e-18,-2.313285e-04,-1.170369e-05,5.131928e-04,-2.026200e-01,-2.577656e-01,1.217641e+01
1507,4.544334e-18,-2.328174e-04,-1.447243e-05,5.073346e-04,9.427154e-02,2.811401e-01,1.211998e+01
1508,4.955760e-18,-2.304692e-04,-4.690699e-06,5.177317e-04,-1.005311e-01,-1.195389e-01,1.247563e+01
1509,2.726274e-18,-2.304673e-04,-4.685967e-06,5.126076e-04,1.821829e-02,-1.276430e-01,9.639476e+00
1510,3.502207e-18,-2.304706e-04,-4.688579e-06,5.057467e-04,-1.142236e-01,-2.446718e-02,7.342618e+00
1511,4.383022e-17,-2.239157e-04,-1.070577e-05,5.097465e-04,1.057906e+00,4.693227e-01,8.896250e+00
1512,5.004429e-18,-2.382816e-04,-1.565893e-06,5.122753e-04,1.259025e-03,-3.531656e-01,9.326424e+00
1513,8.465208e-18,-2.395102e-04,-8.947498e-06,5.156907e-04,-5.997228e-01,-1.085999e-01,7.049435e+00
1514,3.678446e-18,-2.365526e-04,-2.359900e-06,5.173995e-04,6.585821e-02,2.606166e-01,5.881697e+00
1515,1.356013e-17,-2.480746e-04,-7.627931e-06,5.170012e-04,-9.508834e-01,1.334879e+00,8.814967e+00
1516,3.594900e-17,-2.214074e-04,-2.491550e-06,5.211486e-04,1.096358e+00,9.562285e-01,3.470012e+00
1517,9.243246e-18,-2.177844e-04,-1.015658e-05,5.162246e-04,5.981854e-01,-2.283856e-01,6.890805e+00
1518,3.263052e-17,-2.030371e-04,-1.243957e-05,5.064049e-04,-1.475571e+00,-1.452559e-01,4.365842e+00
1519,2.258342e-17,-2.030936e-04,-1.726616e-05,5.208286e-04,-5.798395e-02,5.447267e-01,4.910646e+00
1520,1.285564e-18,-2.039005e-04,-2.349800e-06,5.200175e-04,-2.565794e-02,-2.329595e-02,4.037477e+00
1521,1.060656e-17,-2.054394e-04,-1.406501e-05,5.125650e-04,-3.144939e-01,4.876216e-01,3.280551e+00
1522,1.416011e-18,-2.109366e-04,-8.592236e-06,5.223559e-04,9.537858e-02,3.097701e-01,2.336582e+00
1523,5.089834e-19,-2.132780e-04,-1.679560e-05,5.146485e-04,-1.558286e-01,-1.106475e-01,1.002379e+00
1524,2.717938e-17,-1.911937e-04,1.341105e-05,4.958292e-04,-1.682742e+00,9.263610e-01,1.413990e+01
1525,1.998294e-17,-1.866162e-04,1.173673e-05,4.835159e-04,-6.970247e-01,-2.372725e+00,6.923995e+00
1526,1.763817e-18,-1.968812e-04,1.314970e-05,4.981527e-04,-4.435667e-01,-1.273031e-01,6.433534e+00
1527,3.111088e-18,-1.858981e-04,1.562692e-05,4.917633e-04,1.346480e-01,2.656130e-01,6.836949e+00
1528,3.498592e-18,-1.890293e-04,1.642721e-05,4.786030e-04,2.104120e-02,-3.176395e-01,2.923498e+00
1529,1.589155e-17,-1.836563e-04,1.069769e-05,4.986203e-04,2.554006e+00,-2.134048e+00,1.082275e+01
1530,4.699838e-17,-1.834258e-04,9.312057e-06,4.908154e-04,-1.427013e+00,6.997788e-02,5.734998e+00
1531,6.008513e-18,-1.773426e-04,-5.501892e-07,4.964517e-04,1.141035e-01,-3.977111e-01,7.753889e+00
1532,3.204496e-19,-1.925779e-04,1.953203e-06,4.812048e-04,2.376554e+00,3.711097e-01,6.059860e+00
1533,3.465498e-18,-1.890700e-04,1.561759e-05,4.878590e-04,-1.087375e+00,-5.839217e-02,7.300398e+00
1534,7.322971e-19,-1.920722e-04,1.171955e-06,4.819858e-04,3.213762e+00,-1.580286e-01,6.596563e+00
1535,1.000800e-18,-1.929597e-04,6.253811e-06,4.796485e-04,-2.497701e-01,-3.264776e-01,-1.643944e+00
1536,5.111028e-18,-1.983666e-04,7.799951e-06,4.788179e-04,5.516571e-01,2.159802e-01,-1.675070e+00
1537,2.904020e-17,-1.797726e-04,-1.044358e-06,4.822697e-04,1.072194e+00,1.955190e+00,5.901785e-01
1538,3.402383e-18,-1.835562e-04,6.212279e-06,4.939520e-04,5.704936e-02,-4.199770e-02,3.051540e+00
1539,3.977496e-18,-1.891035e-04,1.721652e-05,4.922205e-04,-2.823841e-01,4.976082e-02,9.349050e-02
1540,5.320321e-18,-1.897677e-04,1.091313e-05,4.871020e-04,-7.216340e-01,-2.063295e+00,9.518524e+00
1541,2.613750e-19,-1.933594e-04,1.953794e-06,4.804263e-04,1.586893e+00,9.446127e-01,5.481304e+00
1542,1.455749e-18,-1.898498e-04,1.168380e-05,4.913608e-04,-1.624582e-03,-8.670318e-01,1.243324e+01
1543,1.576373e-18,-1.968711e-04,1.329970e-05,4.835518e-04,3.321815e-02,6.802679e-01,-1.455732e+00
1544,5.556591e-18,-1.937500e-04,7.813046e-06,4.968053e-04,-9.066835e-04,1.168686e-01,6.819718e+00
1545,2.133304e-18,-1.902344e-04,1.161421e-05,4.839343e-04,7.368241e-01,-4.094854e-01,1.014859e+01
1546,2.493913e-19,-1.894539e-04,1.132916e-05,4.788666e-04,-5.552358e-02,1.648435e+00,4.708667e+00
1547,1.057761e-17,-1.836189e-04,7.472559e-06,4.861650e-04,-2.861805e-01,-2.814337e-01,7.244297e+00
1548,1.441929e-17,-1.945250e-04,2.423474e-05,4.870597e-04,-3.423044e-02,1.662548e-02,-1.669709e+00
1549,5.653498e-17,-1.808574e-04,-1.467724e-05,4.914948e-04,-4.422375e-02,-1.171200e+00,7.327769e+00
1550,4.192001e-18,-1.803838e-04,-1.327396e-05,4.845238e-04,-9.397299e-02,8.659553e-01,6.524753e+00
1551,1.089407e-17,-1.943441e-04,-2.304046e-05,4.950339e-04,1.250446e+00,-1.004007e+00,1.860738e+00
1552,2.176075e-18,-1.882795e-04,-2.442968e-05,4.949892e-04,-4.071392e-02,-1.254650e-01,-3.227589e+00
1553,6.018678e-17,-1.531399e-04,-8.988895e-06,4.829979e-04,2.214510e+00,-3.563350e+00,-5.048283e-02
1554,5.802717e-18,-1.632973e-04,-1.996885e-05,4.832239e-04,5.104860e-01,-4.385171e-02,3.890815e+00
1555,1.739734e-16,-1.624863e-04,-9.775609e-06,4.894934e-04,-6.848150e-01,-1.091125e-01,2.981387e+00
1556,2.913558e-18,-1.654359e-04,-1.486279e-05,4.960036e-04,5.301366e-01,1.340750e-01,2.003840e+01
1557,1.411452e-18,-1.616627e-04,-2.183310e-05,4.796500e-04,-2.060915e-01,8.742537e-02,2.094968e+00
1558,1.495771e-18,-1.672009e-04,-9.337609e-06,4.835505e-04,-2.963266e-01,3.911488e-01,4.753787e+00
1559,5.055281e-18,-1.585754e-04,-2.748289e-06,4.964093e-04,5.525097e-01,1.722195e-02,1.931425e+00
1560,2.877209e-18,-1.578115e-04,-1.564800e-06,4.792939e-04,-3.322905e-02,5.009195e-02,-6.672160e-01
1561,2.610818e-19,-1.636714e-04,-1.836006e-05,4.944866e-04,4.101406e-01,-8.848563e-01,-6.687406e-01
1562,4.718434e-18,-1.570423e-04,-1.875145e-05,4.873686e-04,7.974836e-02,-5.999164e-02,1.920545e+00
1563,1.861440e-17,-1.647885e-04,-1.487032e-05,4.857092e-04,-5.795325e-01,-5.267009e-02,8.660184e+00
1564,5.802614e-18,-1.733998e-04,-1.479543e-05,4.837582e-04,6.193496e-01,6.059123e-01,8.906987e+00
1565,1.195341e-18,-1.671973e-04,-7.001817e-06,4.773038e-04,9.306842e-03,2.349696e-01,1.336731e+00
1566,5.378092e-19,-1.738282e-04,-1.445375e-05,4.769039e-04,9.546538e-01,-1.269271e-01,3.290095e+00
1567,2.729819e-18,-1.671843e-04,-1.092536e-05,4.941630e-04,-1.948855e-01,7.657896e-02,7.504683e+00
1568,3.953546e-18,-1.648955e-04,-1.415582e-05,4.768166e-04,3.273416e-01,1.615592e+00,4.831049e-01
1569,9.639371e-18,-1.671324e-04,-1.096280e-05,4.879831e-04,-2.418832e-01,2.678357e-01,7.523636e+00
1570,1.554906e-18,-1.671874e-04,-8.569456e-06,4.804289e-04,1.508023e-01,1.030488e+00,2.988134e+00
1571,3.003528e-18,-1.609359e-04,-1.016367e-05,4.816703e-04,4.517529e-01,-7.924454e-02,4.102508e-01
1572,5.040587e-19,-1.574219e-04,-1.875072e-05,4.773070e-04,7.553337e-01,-1.804006e-01,-1.492699e+00
1573,2.723945e-19,-1.621095e-04,-2.460944e-05,4.749655e-04,8.526871e-01,-3.947888e-01,-5.018259e+00
1574,2.453497e-19,-1.628910e-04,-1.289099e-05,4.718406e-04,1.183302e+00,2.254928e+00,-8.855140e+00
1575,1.134135e-17,1.990293e-04,-2.602636e-06,5.207490e-04,9.350964e-01,2.701325e+00,9.774638e+00
1576,6.999901e-18,1.997334e-04,-1.037522e-05,5.133539e-04,-1.730327e+00,7.310143e-01,6.465592e+00
1577,1.108440e-17,2.084942e-04,-5.465574e-06,5.164398e-04,3.942749e-01,-1.862544e-01,6.975251e+00
1578,2.183585e-17,2.242567e-04,-1.107242e-05,5.003644e-04,-7.119909e-01,5.786405e-01,1.478274e+00
1579,3.363313e-18,2.054217e-04,-1.019444e-05,5.172199e-04,2.801578e-01,-2.840575e-01,9.225747e+00
1580,6.574935e-18,2.195291e-04,-3.027937e-06,5.227688e-04,4.300480e-02,1.346180e-01,7.724490e+00
1581,7.564060e-18,2.117176e-04,-3.126104e-06,5.039511e-04,8.584500e-02,-9.412949e-02,2.179198e+00
1582,2.997672e-18,2.195275e-04,-3.123386e-06,5.111101e-04,-2.736565e-01,1.007530e-02,3.591522e+00
1583,3.274793e-18,2.140690e-04,-7.027863e-06,5.142622e-04,-5.989193e-02,-2.315328e-01,2.958284e+00
1584,3.127230e-18,2.195270e-04,-3.128573e-06,5.072585e-04,-1.990204e-01,3.422711e-02,3.599261e+00
1585,1.189944e-17,2.320498e-04,-9.244661e-06,5.203374e-04,-8.961336e-01,5.439263e-02,1.183962e+01
1586,1.216569e-17,2.293073e-04,-1.307574e-05,5.121606e-04,-3.816635e-01,3.325716e-01,1.016117e+01
1587,3.648293e-17,2.326219e-04,-6.596228e-06,5.101139e-04,6.998493e-01,-2.146332e-01,8.917639e+00
1588,2.983422e-18,2.414083e-04,-8.597599e-06,5.220154e-04,-9.805690e-02,-1.394751e-01,1.624215e+01
1589,5.295575e-17,2.490284e-04,-9.454643e-06,5.113297e-04,-5.217446e-01,1.316164e+00,5.462149e+00
1590,1.897692e-17,2.331208e-04,-2.426539e-05,5.008393e-04,1.158259e+00,-1.218317e+00,2.367895e+00
1591,3.728964e-18,2.414045e-04,-8.595051e-06,5.078175e-04,-1.762879e-02,-7.543543e-02,1.091592e+01
1592,1.992424e-18,2.320306e-04,-5.362654e-06,5.233006e-04,8.283934e-02,9.747735e-02,7.848225e+00
1593,1.344889e-18,2.453127e-04,-2.340801e-06,5.123013e-04,-1.823590e-01,2.701354e-01,3.565800e+00
1594,1.032190e-17,2.492910e-04,-1.702613e-05,5.221968e-04,4.198465e-02,-2.733043e-01,1.825230e+00
1595,5.060710e-18,2.297456e-04,-1.325165e-05,5.091153e-04,5.356914e-01,-1.092836e+00,1.282528e+01
1596,5.545684e-18,2.414045e-04,-8.593052e-06,5.026501e-04,6.380484e-02,2.974989e-02,9.563224e+00
1597,1.332666e-16,2.167803e-04,-5.467212e-07,4.915972e-04,-9.823394e-01,5.244807e-01,1.272335e+01
1598,4.193158e-17,2.139123e-04,1.763759e-05,4.936122e-04,-8.213126e-02,6.251712e-02,8.425761e+00
1599,8.159575e-17,2.186877e-04,8.666253e-06,4.911026e-04,-6.883179e-01,-4.946979e-01,4.620788e+00
1600,2.027249e-18,2.124468e-04,1.010825e-05,4.936062e-04,-1.359981e+00,-3.069555e-01,7.870403e+00
1601,1.186763e-17,2.083704e-04,2.117615e-05,4.850365e-04,-1.936286e-01,-5.184289e-01,3.360434e+00
1602,1.334615e-18,2.124987e-04,1.018685e-05,4.843329e-04,3.164774e-01,2.100869e-02,1.324246e+00
1603,8.098721e-18,2.128721e-04,1.720085e-05,4.866588e-04,-1.055894e+00,7.860082e-01,6.856478e+00
1604,2.024770e-18,2.147477e-04,-7.390388e-07,4.832069e-04,-1.528078e+00,-2.125273e-01,9.169115e+00
1605,1.786443e-18,2.126068e-04,1.636993e-05,4.833451e-04,6.413531e-03,-7.423061e-01,7.192923e+00
1606,5.598213e-18,2.125122e-04,1.638132e-05,4.793342e-04,1.097506e-01,3.449762e-01,4.619771e+00
1607,2.640594e-18,2.062517e-04,2.460942e-05,4.828139e-04,-9.817824e-02,4.931605e-02,-2.754037e+00
1608,5.947631e-17,2.467572e-04,-1.114393e-05,4.878214e-04,9.929282e-01,3.950473e-01,9.278944e+00
1609,4.128923e-17,2.120532e-04,-5.044644e-06,4.796905e-04,4.649229e-01,2.146178e+00,1.490540e+00
1610,1.851164e-17,2.041536e-04,-1.653453e-05,4.851199e-04,-1.228656e+00,-1.689302e-01,1.941180e+00
1611,1.086698e-16,2.105331e-04,-2.355503e-05,4.955777e-04,-3.136174e-02,-2.925866e-03,-8.730602e-01
1612,1.673029e-17,2.196982e-04,-1.502391e-05,4.906880e-04,2.661970e-01,-4.884815e-01,3.451068e+00
1613,2.267526e-18,2.070333e-04,-1.015610e-05,4.855292e-04,1.333165e-01,-1.280414e-01,-5.747234e-01
1614,1.657483e-17,2.017878e-04,-3.175758e-06,4.839902e-04,3.755688e-01,-7.176868e-01,2.256844e+00
1615,1.160452e-18,2.140629e-04,-7.034044e-06,4.913545e-04,-2.142669e-02,-2.066009e-01,-1.150458e+00
1616,2.485642e-18,2.157171e-04,-1.648834e-05,4.801067e-04,1.996536e-01,4.661228e-01,-3.595724e+00
1617,2.052790e-18,2.148270e-04,-1.472058e-05,4.794572e-04,4.478641e-01,-6.162919e-01,1.888284e-01
1618,1.046858e-17,2.414223e-04,-8.594703e-06,4.948333e-04,5.833530e-01,-2.768628e-01,7.282849e+00
1619,5.944811e-19,2.339839e-04,-2.106113e-05,4.976140e-04,-6.027343e-01,3.811375e-01,8.673329e+00
1620,2.740280e-18,2.296805e-04,-1.250670e-05,4.940377e-04,-1.157420e-01,-7.243257e-02,4.574610e+00
1621,5.292196e-18,2.296900e-04,-1.286270e-05,4.870603e-04,3.944708e-02,3.789577e-01,1.984033e+00
1622,4.682144e-18,2.453120e-04,-2.351165e-06,4.960335e-04,-1.391234e-02,-1.991783e-01,1.642700e+00
1623,7.290868e-18,2.314020e-04,-1.951582e-05,4.872546e-04,1.999677e+00,-6.013840e-02,6.047791e+00
1624,1.378787e-18,2.496095e-04,-8.539302e-06,4.940665e-04,6.854368e-02,-4.841349e-01,4.801755e+00
1625,1.299627e-18,2.320364e-04,-3.110005e-06,4.874502e-04,-1.721050e-01,2.627593e-01,-1.245665e+00
1626,5.067003e-18,2.406251e-04,-8.597220e-06,4.842753e-04,-6.786233e-02,-1.098070e-01,3.035620e+00
1627,1.505623e-17,2.491621e-04,-2.375576e-05,4.887756e-04,-3.883601e-02,-1.692147e-01,-1.690981e+00
1628,2.423572e-18,2.430140e-04,-5.418176e-06,4.863999e-04,-2.157448e-01,-4.073089e-01,1.091703e+00
1629,1.290412e-18,-1.007910e-04,-4.725366e-06,4.710602e-04,-1.965275e-01,-4.608860e-01,-5.330933e+00
1630,1.347382e-18,-9.688761e-05,-8.203193e-06,4.722775e-04,6.771598e-01,7.454673e-01,-6.367036e+00
1631,1.033732e-18,-9.904643e-05,5.613947e-06,4.749654e-04,-5.440618e-01,-6.531056e-01,-1.336008e+00
1632,3.692127e-17,-9.999741e-05,7.819004e-06,4.566117e-04,-2.512072e-01,-1.427810e-01,-5.147537e-01
1633,2.217280e-18,-8.352404e-05,7.850144e-06,4.723320e-04,-4.020010e-02,1.035402e-01,-3.061363e+00
1634,1.482815e-17,8.049871e-06,-6.836775e-06,4.727266e-04,2.709858e-01,2.043387e-01,5.514230e-01
1635,3.556488e-17,3.317266e-06,-2.400637e-04,4.760943e-04,-8.050215e-01,-1.505742e+00,-1.157334e-01
1636,2.274738e-17,1.671314e-05,-2.316864e-04,4.782044e-04,1.845038e-01,5.270856e-01,4.929409e-02
1637,1.485220e-17,2.424360e-05,-2.313206e-04,4.774686e-04,-4.658186e-02,-2.950730e-01,-1.051568e+00
1638,1.350220e-18,1.324481e-05,-2.351764e-04,4.765267e-04,-2.856528e-01,-1.512700e-01,-1.199071e+00
1639,2.855163e-18,1.829512e-05,-2.496093e-04,4.892618e-04,4.301309e+00,-8.312019e-02,4.083526e+01
1640,1.266482e-16,1.004267e-05,-2.400945e-04,4.831430e-04,-2.545664e-01,1.166175e+00,3.362367e+00
1641,1.892487e-18,7.686099e-06,-2.303001e-04,4.901871e-04,-9.697998e-01,1.193503e+00,5.719627e+00
1642,4.430523e-17,1.054008e-05,-2.418952e-04,4.966685e-04,4.341092e-01,-7.517575e-01,5.353887e+00
1643,2.507754e-17,1.585131e-05,-2.440455e-04,4.804821e-04,-2.943090e-01,-8.087958e-01,4.115903e+00
1644,3.618206e-18,9.567566e-06,-2.273360e-04,4.980795e-04,3.826303e-01,2.786230e-01,5.979215e+00
1645,1.744133e-18,1.746282e-05,-2.496092e-04,4.854817e-04,2.645050e+00,-9.002727e-01,3.808427e+01
1646,6.412252e-19,1.564353e-06,-2.496096e-04,4.936957e-04,1.327669e-01,-2.049189e-01,3.271568e+00
1647,3.347894e-18,2.110747e-05,-2.312308e-04,4.886579e-04,-7.879946e-01,3.650478e-01,5.518693e+00
1648,2.426471e-18,1.172956e-05,-2.496097e-04,4.914006e-04,1.126230e+00,1.719609e-02,8.127957e-01
1649,9.977805e-18,2.194361e-05,-2.493085e-04,4.848386e-04,2.260638e-01,6.344929e-03,1.736090e+00
1650,3.734492e-18,1.943841e-05,-2.312074e-04,4.847732e-04,8.457365e-01,1.828921e-01,4.180813e+00
1651,1.304823e-18,1.484501e-05,-2.304621e-04,5.007307e-04,2.344461e-01,-2.542723e-01,8.337200e+00
1652,2.439320e-18,1.330631e-05,-2.351235e-04,4.862696e-04,-3.771153e-02,7.362808e-02,3.351077e+00
1653,3.277225e-18,1.328270e-05,-2.351590e-04,4.941143e-04,-2.917615e-02,-4.643135e-02,6.374784e+00
1654,9.897444e-18,2.431388e-05,-2.288911e-04,4.931683e-04,1.142172e-02,1.484264e-01,3.357984e-01
1655,2.921240e-18,1.638919e-05,-2.468703e-04,4.863608e-04,-1.092090e-01,-1.442914e-01,-1.997029e-02
1656,6.822219e-18,1.484566e-05,-2.304668e-04,4.958716e-04,-4.889512e-02,5.892830e-02,7.809035e+00
1657,4.184559e-18,1.327999e-05,-2.351499e-04,5.007453e-04,-1.611654e-01,-2.536908e-01,8.696135e+00
1658,3.553829e-17,2.398837e-05,-2.421837e-04,4.816431e-04,-1.410636e-02,2.500541e-02,-1.518648e+00
1659,5.682187e-18,2.434767e-05,-2.242247e-04,4.830954e-04,5.328759e-02,2.455178e-02,-1.779535e+00
1660,2.925125e-17,-9.871208e-06,-2.399933e-04,4.969680e-04,2.412777e+00,3.036521e-01,1.068653e+01
1661,1.043869e-16,-7.547385e-06,-2.454234e-04,4.871160e-04,6.462623e-01,-1.609241e+00,8.357196e+00
1662,1.799302e-17,-9.530072e-06,-2.336187e-04,4.923782e-04,3.509308e+00,1.033257e+00,7.277514e+00
1663,2.167476e-17,-6.618905e-06,-2.314209e-04,4.940115e-04,-8.309146e-01,4.736805e-01,5.414200e+00
1664,1.236877e-17,-7.797145e-06,-2.458150e-04,4.979456e-04,1.693217e+00,-1.960452e+00,2.324354e+00
1665,3.400555e-18,-3.454160e-06,-2.413146e-04,4.746574e-04,1.509851e+00,7.758476e-01,1.786557e+00
1666,3.370089e-18,-3.121255e-06,-2.343712e-04,4.901550e-04,7.032800e-02,-2.572791e-01,4.794092e+00
1667,6.693100e-18,-1.581858e-06,-2.350984e-04,4.760538e-04,1.483690e-01,2.081449e+00,-3.034283e-01
1668,1.669402e-18,-1.490262e-05,-2.336607e-04,4.857788e-04,7.599955e-01,-6.959539e-01,3.248327e+00
1669,1.637892e-18,-2.329341e-06,-2.496094e-04,4.917324e-04,6.637122e-01,-7.240347e-02,2.881031e+00
1670,6.250277e-18,-1.561939e-05,-2.336195e-04,4.768872e-04,-3.673336e-01,6.265707e-02,8.161242e-01
1671,2.392584e-17,-7.725843e-06,-2.274156e-04,4.917476e-04,1.003890e+00,-3.896334e-01,4.639573e+00
1672,1.492987e-18,-1.484550e-05,-2.398337e-04,4.866791e-04,-2.592418e-01,-3.242851e-01,4.363401e+00
1673,5.380279e-19,-3.126132e-06,-2.324216e-04,4.804287e-04,-1.843622e-01,-3.021051e-01,-5.058324e-01
1674,6.135449e-18,-1.484195e-05,-2.390294e-04,4.788009e-04,-3.680549e-03,-8.886594e-02,2.101893e+00
1675,2.224051e-17,-2.408810e-05,-2.374474e-04,4.866517e-04,3.491880e-04,-2.735278e-01,-9.176598e-01
1676,2.392611e-19,-1.132970e-05,-2.496097e-04,4.866787e-04,-2.804125e-01,2.005905e-01,-4.775728e+00
1677,1.041883e-18,-1.565814e-06,-2.390614e-04,4.960303e-04,1.607188e-01,1.770781e-02,1.041317e+01
1678,1.409846e-18,-1.561781e-06,-2.390648e-04,4.999363e-04,1.266555e-01,7.232892e-02,1.325764e+01
1679,1.377863e-18,-5.859471e-06,-2.280244e-04,4.758794e-04,-1.537158e+00,-1.692883e-01,5.407637e+00
1680,3.968243e-18,-1.567239e-06,-2.390617e-04,4.914017e-04,1.457950e-01,1.268277e-02,8.476188e+00
1681,1.509197e-18,-1.561456e-06,-2.367029e-04,4.796475e-04,-1.978963e-01,2.415378e+00,-1.514714e+00
1682,4.638722e-18,-1.640861e-05,-2.433513e-04,5.003495e-04,1.224805e-01,-6.602480e-01,-1.230088e+00
1683,4.097048e-19,-4.296963e-06,-2.425781e-04,4.765283e-04,-1.585358e-01,6.954181e-01,2.967213e+00
1684,9.033357e-18,-1.747397e-06,-2.393205e-04,4.861165e-04,2.423041e+00,5.330694e-01,4.379328e+00
1685,7.761221e-18,-2.428604e-05,-2.456301e-04,4.983109e-04,-7.746590e-02,-1.946322e-02,-2.014469e+00
1686,7.049285e-18,-2.434198e-05,-2.305290e-04,4.891595e-04,-8.921715e-02,-2.398674e-02,-1.996256e+00
1687,4.303962e-17,2.397593e-05,-2.159088e-04,4.949963e-04,-3.071858e-02,3.378508e-02,-1.231445e+00
1688,4.386381e-17,1.019391e-05,-2.050956e-04,4.974072e-04,6.021382e-01,8.619202e-01,7.556434e+00
1689,3.425411e-17,1.343672e-05,-2.189308e-04,4.889368e-04,-5.096428e-01,-7.665060e-01,1.205750e+01
1690,1.569764e-17,2.269297e-05,-2.049766e-04,4.961494e-04,1.421961e+00,-1.123426e+00,9.901514e+00
1691,4.561279e-17,4.139310e-06,-2.105976e-04,4.872398e-04,9.129454e-01,1.538176e+00,4.910111e+00
1692,5.947775e-17,3.627382e-06,-2.118279e-04,4.950559e-04,1.653419e+00,1.297732e+00,5.576423e+00
1693,8.950462e-18,1.007363e-06,-2.199324e-04,4.922385e-04,2.111935e+00,-9.233989e-01,6.222679e+00
1694,2.497485e-18,2.035747e-05,-2.016122e-04,4.806630e-04,5.093095e-01,-3.136612e-01,2.553871e+00
1695,4.478382e-18,7.818082e-06,-2.203135e-04,4.772371e-04,-7.635726e-01,1.320279e+00,3.084013e+00
1696,1.821305e-17,1.026840e-05,-2.201589e-04,4.836677e-04,1.647204e+00,4.591667e-02,6.226380e+00
1697,1.695354e-18,1.333980e-05,-2.178912e-04,4.797612e-04,5.064301e-01,-1.365027e+00,5.890497e+00
1698,1.360732e-18,7.729885e-06,-2.211743e-04,4.891536e-04,1.176906e-01,1.302370e-01,4.550860e+00
1699,2.291405e-17,8.115658e-06,-2.030697e-04,4.849379e-04,-8.594061e-01,-1.403471e+00,2.941123e+00
1700,1.502145e-18,2.032199e-05,-2.023463e-04,4.897984e-04,6.778889e-01,-7.519922e-02,6.466690e+00
1701,4.521677e-18,1.014877e-05,-2.038990e-04,4.905407e-04,-3.768142e-01,-4.372444e-02,6.034164e+00
1702,3.211009e-18,9.381199e-06,-2.085761e-04,4.878652e-04,9.043999e-02,-2.825958e-01,2.538448e+00
1703,1.532834e-18,1.149591e-05,-2.182046e-04,4.755096e-04,3.712648e-01,-3.681240e-01,2.451464e+00
1704,2.591058e-18,1.032139e-05,-2.040670e-04,4.783678e-04,-4.816041e-01,2.123796e-01,2.914614e+00
1705,1.223178e-18,1.641066e-05,-2.093724e-04,4.929228e-04,2.997474e-01,2.707922e-02,-4.319327e+00
1706,2.157487e-18,2.460941e-05,-2.164114e-04,4.820849e-04,4.320823e-02,1.678056e-02,-3.118183e+00
1707,6.943861e-18,2.430768e-05,-2.210946e-04,4.783334e-04,1.766901e-01,-6.581693e-02,-1.433879e+00
1708,1.071548e-17,-6.923445e-06,-2.196743e-04,4.944411e-04,-4.048294e-03,-3.345502e+00,1.227953e+01
1709,3.637400e-17,-5.949785e-06,-2.105548e-04,4.918004e-04,3.410524e+00,-3.923968e-01,1.179245e+01
1710,2.567957e-19,-4.296685e-06,-2.144533e-04,4.757444e-04,2.428661e+00,-3.205990e+00,-6.266622e+00
1711,7.250113e-19,-2.734655e-06,-2.152344e-04,4.839092e-04,8.384799e-01,1.637496e+00,6.609124e+00
1712,3.029655e-17,-1.262427e-05,-2.179599e-04,4.981501e-04,4.004900e-01,3.251106e-01,3.341187e+00
1713,1.639115e-17,-3.114377e-06,-2.078181e-04,4.929806e-04,-2.175299e-01,-2.191304e-01,1.042312e+01
1714,3.181005e-18,-7.000253e-06,-2.163885e-04,4.972208e-04,4.155692e-01,1.096898e+00,8.843674e+00
1715,1.828787e-17,-4.012493e-06,-2.123662e-04,4.808311e-04,1.004766e+00,-7.263824e-01,3.190474e+00
1716,4.345459e-18,-8.630953e-06,-2.202055e-04,4.966118e-04,-1.479629e+00,-6.737158e-01,2.354196e+00
1717,3.079365e-18,-2.311751e-06,-2.070294e-04,4.831935e-04,-7.248350e-01,9.740063e-02,4.755458e+00
1718,1.525618e-17,-2.421888e-05,-2.046875e-04,4.901995e-04,9.886271e-03,5.353414e-02,-1.298803e+00
1719,5.481115e-17,-2.363509e-05,-2.044507e-04,4.907597e-04,6.891726e-03,8.433748e-02,-9.829724e-01
1720,1.865117e-18,-6.076834e-07,-2.164129e-04,4.770922e-04,3.405906e+00,1.851026e-01,6.224755e-01
1721,3.300290e-18,-1.331199e-05,-2.039583e-04,4.924106e-04,5.357286e-02,-1.117304e+00,-1.744679e+00
1722,3.888960e-18,-5.305276e-06,-2.101865e-04,4.855742e-04,2.224760e+00,2.745081e+00,1.000900e+01
1723,1.262707e-17,-2.425160e-05,-2.195458e-04,4.960352e-04,-9.082525e-03,-4.339982e-02,-1.767746e+00
1724,1.040591e-16,7.964047e-06,-8.090781e-05,5.390508e-04,-7.510034e-01,-4.399095e-01,1.263192e+01
1725,3.875617e-17,2.125113e-06,-8.433666e-05,5.448088e-04,-2.910193e-01,-3.636857e+00,2.031265e+01
1726,2.453172e-16,-8.439753e-06,-8.295111e-05,5.444661e-04,-1.093050e+00,1.242478e-01,1.109195e+01
1727,2.152513e-18,3.824758e-06,-7.968884e-05,5.379658e-04,9.503134e-01,-8.805278e-02,1.729888e+01
1728,3.598680e-17,-2.075526e-05,-7.749811e-05,5.394520e-04,-1.871620e+00,-2.257975e+00,1.547761e+01
1729,6.884343e-17,1.340770e-05,-8.233299e-05,4.999506e-04,8.945442e-01,-1.163860e+00,5.236725e+00
1730,2.951672e-18,1.172600e-05,-8.750490e-05,5.003089e-04,2.927971e-02,-4.416367e-02,3.197312e+00
1731,1.063808e-16,1.202603e-05,-9.922459e-05,4.992922e-04,2.505901e-01,-1.639585e-01,5.518746e+00
1732,1.709610e-17,1.525001e-05,-9.890395e-05,5.119433e-04,-1.780469e+00,1.009925e+00,2.075868e+01
1733,2.669226e-18,1.171460e-05,-8.749903e-05,5.287809e-04,9.436016e-02,4.510205e-04,7.130871e+00
1734,7.398447e-17,3.779823e-06,-8.852639e-05,5.216763e-04,6.312849e-01,5.327378e-01,6.305234e+00
1735,7.782469e-18,1.093458e-05,-9.192672e-05,5.478204e-04,-1.923306e-02,-1.055871e+00,9.544095e+00
1736,3.923501e-17,2.918131e-06,-9.958498e-05,5.291459e-04,-5.857346e-01,-1.412461e+00,6.622226e+00
1737,5.478708e-18,1.016183e-05,-8.982297e-05,5.075621e-04,9.908853e-01,4.803282e-03,2.394972e+00
1738,2.661980e-18,1.171588e-05,-8.048116e-05,5.234527e-04,2.352023e-03,-1.114369e-01,9.202248e+00
1739,1.257323e-17,1.208192e-05,-8.014016e-05,5.420520e-04,-7.220248e-01,1.557260e-01,5.119479e+00
1740,2.806797e-18,2.110701e-05,-8.047791e-05,5.149829e-04,2.753353e-01,2.450644e-02,9.231650e-02
1741,2.629658e-18,5.473869e-06,-9.765350e-05,5.173457e-04,2.124476e-01,-3.266791e-02,4.538746e+00
1742,2.178981e-18,5.511769e-06,-9.769485e-05,5.027801e-04,-9.508950e-02,1.268971e-01,8.027097e-01
1743,1.270203e-18,1.172552e-05,-8.047357e-05,5.115522e-04,4.805754e-01,-9.522229e-02,2.498974e+00
1744,2.902899e-18,1.172592e-05,-8.750230e-05,5.418279e-04,-4.419006e-02,-3.161599e-03,7.841320e+00
1745,1.857051e-18,1.016818e-05,-9.755525e-05,5.090146e-04,5.690887e-01,-2.501366e-01,-6.129735e-01
1746,9.701657e-19,1.502133e-05,-9.933858e-05,5.069059e-04,-4.193677e-02,-2.951614e-01,1.445382e+01
1747,5.094858e-19,5.861687e-06,-9.762787e-05,5.330081e-04,-5.556681e-01,-3.835788e-01,1.482596e+00
1748,7.175002e-19,5.600873e-06,-9.752063e-05,5.473906e-04,-2.527337e-02,-5.130176e-02,8.077909e-01
1749,2.656272e-18,2.030637e-05,-7.968729e-05,5.471538e-04,-2.842594e-02,2.034205e-02,1.212327e+00
1750,1.091497e-17,-2.619677e-06,-8.506195e-05,5.358257e-04,2.587904e-01,-1.917346e+00,1.236765e+01
1751,5.264584e-18,-2.348881e-06,-1.011568e-04,5.358039e-04,6.821996e-02,-8.502642e-01,1.597589e+01
1752,2.826932e-18,-1.487185e-05,-9.219249e-05,5.394318e-04,-3.515098e-01,-7.809372e-02,6.650658e+00
1753,1.211665e-17,-4.296385e-06,-9.649470e-05,5.315021e-04,3.359411e-01,8.501082e-02,6.774866e+00
1754,1.743868e-16,-1.255569e-05,-7.901569e-05,5.053803e-04,-8.963238e-01,1.914738e-01,4.324937e+00
1755,8.951005e-18,-1.058943e-05,-7.378773e-05,5.195289e-04,2.759629e-01,-8.976056e-01,1.039945e+01
1756,1.129620e-16,-1.214664e-05,-8.837699e-05,5.056521e-04,3.200990e-01,8.626520e-01,4.222168e+00
1757,1.683161e-17,-1.116545e-05,-1.006733e-04,5.100569e-04,-1.735795e+00,5.803989e-01,1.165962e+01
1758,3.073694e-17,-1.194510e-05,-9.308295e-05,5.206531e-04,4.770784e-02,1.374704e+00,5.508678e+00
1759,6.583699e-18,-2.344751e-06,-9.686857e-05,5.122819e-04,4.330837e-01,5.509081e-03,1.004508e+01
1760,2.178145e-18,-4.641881e-06,-9.058052e-05,5.218366e-04,2.728617e-03,-1.636396e-02,7.277409e+00
1761,6.008377e-18,-3.026269e-06,-7.812484e-05,5.215904e-04,-7.999995e-01,1.220220e-02,9.338102e+00
1762,3.449309e-18,-2.343437e-06,-9.687304e-05,5.018665e-04,-4.585726e-02,1.554369e-01,6.967208e+00
1763,7.245350e-17,-4.970525e-06,-1.452185e-04,5.385623e-04,1.586678e+00,-1.045607e+00,1.081716e+01
1764,2.227118e-17,-1.744843e-05,-1.249987e-04,5.484139e-04,-1.727051e+00,5.215231e-01,1.246758e+01
1765,7.268694e-17,-1.720346e-05,-1.251392e-04,5.481099e-04,-1.838585e+00,6.116759e-01,1.173486e+01
1766,3.681410e-18,2.345500e-06,-1.398442e-04,5.265776e-04,-2.327564e-01,2.611123e-01,5.377525e+00
1767,5.920292e-17,1.976150e-06,-1.404873e-04,5.265427e-04,2.328240e-01,2.602501e-01,5.380302e+00
1768,6.190749e-17,-6.617631e-06,-1.068219e-04,5.237457e-04,-2.303217e+00,3.094694e-01,8.864005e+00
1769,1.846860e-16,7.089374e-06,-1.175024e-04,5.402916e-04,-4.071456e-01,-1.431069e-01,6.476289e+00
1770,1.049237e-17,-3.854059e-06,-1.252744e-04,5.379192e-04,4.790895e-01,1.196066e+00,1.355424e+01
1771,4.718440e-18,-3.126556e-06,-1.265623e-04,5.269150e-04,1.826864e-02,-8.155324e-02,9.902126e+00
1772,1.075624e-17,-6.984687e-06,-1.240394e-04,5.409119e-04,-9.780474e-03,9.169400e-01,1.194774e+01
1773,6.040577e-18,-1.641128e-05,-1.421869e-04,5.329821e-04,-1.024420e-02,4.384352e-02,5.203322e+00
1774,3.102454e-18,-7.809614e-06,-1.304725e-04,5.424821e-04,7.709220e-03,9.708716e-02,6.511992e+00
1775,1.280767e-18,-2.344813e-06,-1.335914e-04,5.277107e-04,-3.478740e-02,-3.105823e-02,2.531660e+00
1776,5.113911e-18,-1.549844e-05,-1.335905e-04,5.428346e-04,-6.909683e-01,-3.029164e-02,5.777370e+00
1777,6.308133e-18,2.346370e-06,-1.333746e-04,5.391276e-04,7.410644e-03,-6.694722e-01,4.165975e+00
1778,2.456625e-17,-3.073939e-06,-1.074925e-04,5.462480e-04,1.832931e-02,-2.814507e+00,1.970068e+01
1779,2.380176e-19,-1.172580e-06,-1.050779e-04,5.496302e-04,-4.200763e-01,-1.179381e+00,1.666049e+01
1780,3.095657e-18,-7.802931e-07,-1.124996e-04,5.469532e-04,2.736971e-02,1.254677e-02,6.475224e+00
1781,3.973346e-18,-5.097456e-06,-1.136862e-04,5.496709e-04,5.477390e-01,-9.432969e-01,1.390854e+01
1782,1.443783e-18,-1.719093e-05,-1.179671e-04,5.315605e-04,-5.855414e-02,1.913371e-02,-7.530087e-01
1783,1.793141e-18,-1.244759e-05,-1.070857e-04,5.477743e-04,1.430714e-01,2.985577e-02,-3.802728e-01
1784,3.452306e-18,2.184823e-05,2.305766e-04,4.760605e-04,6.766788e-01,-2.104849e-01,4.378544e+00
1785,6.447577e-19,2.070309e-05,2.308595e-04,4.730757e-04,-2.630841e+00,-1.678083e+00,-2.099238e+00
1786,2.650276e-19,1.445353e-05,2.285163e-04,4.757434e-04,-2.275019e+00,-1.642756e+00,-1.949371e+00
1787,1.922040e-17,1.907789e-06,2.400016e-04,4.776690e-04,7.431809e-01,3.069889e-01,6.533635e-01
1788,5.747485e-19,-2.070323e-05,2.496094e-04,4.761314e-04,-7.963891e-01,8.885635e-01,3.730351e+00
1789,1.302087e-17,-1.511992e-05,2.327081e-04,4.762023e-04,4.938018e-01,-1.655817e+00,9.090091e-01
1790,1.189412e-17,-1.196624e-05,2.449781e-04,4.774480e-04,-7.679056e-02,-7.934544e-01,2.410789e+00
1791,1.195561e-18,-1.403634e-05,2.281034e-04,4.765250e-04,-5.277247e-01,-7.115112e-01,2.980918e+00
1792,6.229015e-17,4.341813e-06,2.295072e-04,4.906949e-04,-1.739095e+00,-4.754271e-01,5.432846e+00
1793,1.334493e-18,8.018099e-06,2.357131e-04,4.950552e-04,-6.187011e+00,1.477957e+00,7.027742e+00
1794,3.985832e-18,1.089528e-05,2.319784e-04,4.898584e-04,-3.794258e-01,-3.726117e-01,8.552848e+00
1795,4.610592e-17,5.846623e-06,2.361373e-04,4.918225e-04,-2.171512e-01,-8.384531e-01,4.087911e+00
1796,2.011842e-17,1.596914e-05,2.453506e-04,4.985275e-04,-5.081241e-01,-2.024793e-01,5.791839e+00
1797,1.402079e-18,9.123171e-06,2.310182e-04,4.856423e-04,-1.050751e+00,-1.206026e+00,5.067745e+00
1798,2.974141e-17,1.768401e-05,2.295029e-04,4.836338e-04,-2.347573e-02,2.077862e-01,5.501856e+00
1799,2.836656e-18,1.574771e-06,2.327982e-04,4.854161e-04,4.187409e-01,2.011372e-01,3.353291e+00
1800,1.218887e-17,1.566913e-05,2.409162e-04,4.801250e-04,-5.712651e-01,3.453799e-01,8.904161e-01
1801,2.156985e-18,5.488368e-06,2.274560e-04,4.806228e-04,2.446625e-01,1.950936e+00,1.048401e+00
1802,1.631235e-17,2.203489e-05,2.324064e-04,4.808726e-04,-8.433287e-01,1.919749e+00,8.045516e+00
1803,1.598677e-17,2.105257e-05,2.232573e-04,4.803042e-04,1.729815e+00,6.509787e-01,2.224842e+00
1804,4.721183e-18,1.250300e-05,2.265646e-04,4.984116e-04,-8.046294e-02,-4.491930e-01,3.426740e-01
1805,1.530914e-18,5.479486e-06,2.382781e-04,4.819895e-04,-2.620896e-01,-5.026205e-01,1.608294e+00
1806,3.925095e-19,1.054816e-05,2.332032e-04,4.866759e-04,6.295113e-01,-1.782510e+00,4.808298e+00
1807,5.856129e-19,1.054740e-05,2.332031e-04,4.840087e-04,-2.748574e-01,-1.235266e+00,1.624739e+00
1808,6.202267e-19,8.984736e-06,2.324220e-04,4.816821e-04,1.192539e+00,-1.258056e-01,1.791799e+00
1809,3.635112e-18,1.016214e-05,2.359355e-04,4.909689e-04,-7.392338e-01,3.159987e-02,9.463582e+00
1810,1.459400e-18,1.641839e-05,2.289115e-04,4.788689e-04,-5.633776e-01,1.321019e+00,3.729547e+00
1811,3.452938e-19,1.054797e-05,2.316406e-04,4.812093e-04,1.571011e+00,-3.778583e+00,-5.979905e+00
1812,4.418965e-17,-2.392592e-05,2.422179e-04,4.950757e-04,6.756655e-02,-4.780835e-02,-1.208824e+00
1813,9.802627e-18,-1.406091e-05,2.281743e-04,4.905037e-04,1.765336e-01,3.038624e-01,7.983274e+00
1814,3.897227e-17,-3.610206e-06,2.277823e-04,4.936974e-04,-2.845335e+00,-1.268725e+00,4.802775e+00
1815,2.293466e-17,-6.251524e-06,2.302371e-04,4.873459e-04,5.069849e-01,5.518186e-01,8.079599e+00
1816,3.522816e-17,-1.314471e-05,2.372320e-04,4.975775e-04,-1.867348e+00,3.398662e-01,7.466144e+00
1817,2.243949e-18,-2.479950e-06,2.328127e-04,4.887895e-04,-9.256253e-01,2.722646e-01,4.306630e+00
1818,7.695290e-18,-1.656250e-05,2.361669e-04,4.896023e-04,4.028662e-01,2.041110e-01,1.424427e+00
1819,2.592070e-18,-1.562238e-06,2.265616e-04,4.877438e-04,-7.844840e-02,-3.175742e-02,4.862987e+00
1820,1.714007e-17,-1.253523e-05,2.422476e-04,4.918376e-04,-1.229086e-02,-4.183348e-01,7.179754e+00
1821,9.089884e-18,-1.876462e-05,2.495671e-04,4.798238e-04,4.469022e-02,7.621400e-02,6.769091e+00
1822,5.119175e-18,-1.647079e-05,2.496093e-04,4.967867e-04,2.239160e-01,-1.186216e-01,7.826573e+00
1823,3.115876e-19,-1.289223e-05,2.339829e-04,4.960408e-04,7.475144e-01,3.556084e+00,4.210645e+00
1824,1.219044e-18,-2.351470e-06,2.366988e-04,4.780871e-04,-3.010854e-02,9.053880e-03,9.585330e-01
1825,1.194538e-17,-5.444588e-06,2.468520e-04,4.967951e-04,-1.421606e-01,-8.603704e-02,1.040597e+00
1826,7.342042e-19,-1.636857e-05,2.496087e-04,4.835527e-04,-1.302631e+00,3.049074e-01,1.943589e+00
1827,2.746623e-19,-4.298298e-06,2.496098e-04,4.952552e-04,-2.795129e-01,1.497442e-01,1.509145e+00
1828,5.190678e-18,-1.054385e-05,2.375234e-04,4.949262e-04,-3.123473e+00,1.304215e-01,1.065697e+01
1829,9.156198e-19,-6.086764e-06,2.295323e-04,4.835507e-04,-3.265475e-01,1.089397e+00,1.029118e+01
1830,2.702537e-18,-1.640026e-05,2.496091e-04,4.928983e-04,1.946633e-01,1.971418e-02,9.696218e+00
1831,1.608738e-18,-6.119350e-06,2.294135e-04,4.785677e-04,-4.280774e-01,-7.862704e-01,3.096526e+00
1832,8.829778e-18,-2.420828e-05,2.491928e-04,4.911059e-04,-6.154647e-03,-4.254193e-02,-1.469101e+00
1833,8.507909e-18,-1.406559e-05,2.281235e-04,4.813127e-04,-1.018793e-01,-2.574161e-01,3.091771e+00
1834,8.671490e-18,-1.132123e-05,1.695331e-04,5.242968e-04,1.302127e+00,4.146511e-01,8.917835e+00
1835,1.108783e-18,-7.025201e-06,1.586015e-04,5.262088e-04,-6.342241e-02,-1.139949e-01,6.583566e+00
1836,5.182438e-17,-1.894135e-06,1.479036e-04,5.248896e-04,1.396793e+00,-3.189949e-01,7.001345e+00
1837,6.924416e-18,-1.564262e-06,1.484374e-04,5.410282e-04,1.196431e-01,4.881143e-01,5.488769e+00
1838,4.101860e-17,-8.121233e-06,1.712420e-04,5.325625e-04,-1.114604e+00,-2.716752e+00,1.721305e+01
1839,3.889375e-17,-1.293755e-05,1.616959e-04,5.475340e-04,-7.639788e-01,-9.568777e-01,1.633951e+01
1840,1.611308e-16,-4.258373e-06,1.639354e-04,5.473836e-04,4.870464e-01,8.675022e-01,1.416655e+01
1841,5.378088e-18,-1.874960e-05,1.625012e-04,5.299932e-04,3.834807e-01,-1.373832e-01,7.265275e+00
1842,1.628502e-18,-1.094200e-05,1.640615e-04,5.330180e-04,2.832179e-01,2.624764e-01,1.287642e+01
1843,1.094776e-18,-3.905365e-06,1.585980e-04,5.322487e-04,9.899253e-02,2.934416e-02,6.530373e+00
1844,8.440794e-18,-2.133737e-05,1.663253e-04,5.278808e-04,-1.033594e-01,9.561927e-01,4.453262e+00
1845,1.261143e-17,3.997449e-07,1.531312e-04,5.278518e-04,3.831565e-01,3.653732e-02,7.482784e+00
1846,1.372512e-18,-2.108144e-05,1.734347e-04,5.459881e-04,5.793625e-01,1.453760e-01,1.315292e+00
1847,3.729214e-16,1.378979e-05,1.308365e-04,5.458525e-04,4.169903e-01,-2.796773e-01,8.528290e+00
1848,8.428541e-17,1.773601e-06,1.426476e-04,5.282155e-04,-1.885031e-01,2.623276e-01,5.575896e+00
1849,1.103488e-17,1.067833e-05,1.570297e-04,5.488284e-04,1.022143e+00,-2.383012e-02,9.367598e+00
1850,6.282723e-17,1.054434e-05,1.572088e-04,5.483863e-04,9.712789e-01,-1.175745e-01,7.946047e+00
1851,2.596491e-18,1.094904e-05,1.507762e-04,5.326750e-04,-1.053885e-04,1.710464e-01,4.276729e+00
1852,1.352450e-18,6.254969e-06,1.265636e-04,5.307347e-04,-8.555893e-02,6.076250e-02,6.891452e+00
1853,2.987736e-18,4.700903e-06,1.468740e-04,5.364002e-04,1.266563e-01,3.107309e-02,6.665760e+00
1854,1.328944e-18,3.908683e-06,1.335978e-04,5.261991e-04,1.064354e-02,-9.140016e-02,4.499240e+00
1855,1.376043e-18,1.016367e-05,1.320304e-04,5.360579e-04,-4.322269e-02,-2.541337e-02,5.814775e+00
1856,1.256614e-16,-9.349790e-06,1.304098e-04,5.223117e-04,-5.221671e-01,-1.192128e+00,1.238445e+01
1857,2.801780e-16,-1.410889e-05,1.406152e-04,5.239449e-04,-1.103627e+00,2.545486e-01,4.377679e+00
1858,6.061583e-18,-2.031587e-05,1.365696e-04,5.459773e-04,1.208368e+00,-5.953746e-01,5.731362e+00
1859,1.361461e-18,-5.460882e-06,1.406252e-04,5.474065e-04,-9.423243e-02,-1.775285e-01,2.489345e+00
1860,2.458008e-18,-5.475244e-06,1.406251e-04,5.448141e-04,-1.758958e-01,-7.267176e-03,2.154938e+00
1861,9.314453e-17,1.041352e-05,1.385140e-04,5.140671e-04,-8.330273e-01,-4.268278e-01,8.883476e+00
1862,1.112054e-16,-7.059973e-06,1.424118e-04,5.144947e-04,2.045876e+00,5.365180e-01,1.248664e+01
1863,3.987730e-18,1.093931e-05,1.421904e-04,5.006946e-04,1.787644e-01,-7.623010e-02,4.760524e+00
1864,3.197640e-18,6.239823e-06,1.265686e-04,5.165471e-04,3.971865e-01,-1.861046e-01,3.441784e+00
1865,1.164435e-17,2.425316e-05,1.368778e-04,4.995180e-04,-2.150776e-02,-3.450718e-02,-1.670245e+00
1866,2.125788e-17,-1.997633e-05,1.404815e-04,4.996177e-04,-3.285866e-01,1.107950e+00,9.362405e+00
1867,6.516336e-17,-1.353901e-05,1.477864e-04,4.984963e-04,7.550858e-01,-1.149292e-01,8.551713e+00
1868,1.055896e-18,-1.092540e-05,1.398427e-04,5.015002e-04,-3.918876e-01,-3.155056e-01,6.218562e+00
1869,3.134017e-18,-2.348960e-06,1.296878e-04,5.003616e-04,-3.257304e-01,5.114832e-02,4.881565e-01
1870,3.367994e-18,-7.812470e-06,1.492199e-04,5.011167e-04,-1.954609e-01,-5.620665e-02,3.463659e+00
1871,3.989271e-18,-1.790613e-05,1.304082e-04,5.026225e-04,-1.630896e+00,1.907512e+00,-3.763591e-01
1872,9.132202e-18,-8.392540e-06,1.578780e-04,5.213421e-04,3.996696e-01,-2.585447e-02,8.984397e+00
1873,3.405570e-18,-1.094127e-05,1.640629e-04,5.212117e-04,-6.883341e-01,-2.512884e-02,1.064359e+01
1874,1.046728e-18,-1.036808e-05,1.736194e-04,5.063015e-04,-3.895748e-01,1.455726e-01,8.446879e+00
1875,2.018683e-17,-9.939168e-06,1.634988e-04,5.072738e-04,1.611903e+00,4.627125e-01,7.103106e+00
1876,4.547419e-17,-1.865692e-05,1.622441e-04,5.030628e-04,-2.969991e-01,-1.477525e+00,3.559334e+00
1877,3.570649e-18,-9.370167e-06,1.687492e-04,5.111574e-04,2.740437e-03,3.352293e-02,9.495970e+00
1878,6.464398e-18,-8.611516e-06,1.650461e-04,5.154767e-04,1.563547e-02,-5.112799e-01,1.027839e+01
1879,8.856963e-18,-4.684615e-06,1.659093e-04,5.231173e-04,-1.978278e-01,2.590258e-01,9.948301e+00
1880,2.836069e-18,-2.343123e-06,1.531243e-04,5.173625e-04,8.137317e-01,1.392796e-01,6.255739e+00
1881,1.774859e-17,-2.422577e-05,1.676671e-04,4.990823e-04,5.695784e-02,-2.456926e-02,-2.288880e+00
1882,3.001795e-18,-1.011743e-05,1.687418e-04,5.211534e-04,2.367029e-01,-2.653963e-01,1.261332e+01
1883,8.499778e-17,-3.986107e-06,-1.428017e-04,4.779686e-04,3.695060e+00,-1.723376e+00,-2.064672e+00
1884,2.720229e-19,1.210970e-05,-1.503902e-04,4.710594e-04,5.345376e-01,5.634538e-01,-4.152800e+00
1885,2.180116e-18,-9.546925e-06,-1.350930e-04,4.754982e-04,4.413636e-01,-3.526933e-01,-1.364306e+00
1886,2.156857e-18,-3.736397e-06,-1.272025e-04,4.741941e-04,-6.037666e-01,-7.767529e-01,-5.663613e+00
1887,2.149400e-17,-1.584550e-05,-1.275031e-04,4.972016e-04,3.660566e-01,2.352133e+00,1.339039e+01
1888,2.058381e-16,-3.230178e-06,-1.285202e-04,4.959873e-04,4.800567e-01,9.147535e-01,7.899104e+00
1889,7.170715e-17,1.952990e-05,-1.365784e-04,4.863322e-04,1.368138e+00,-5.251478e-01,5.848921e-01
1890,7.401174e-18,-1.024284e-05,-1.263125e-04,4.974979e-04,2.392976e-01,-1.644629e+00,8.528996e+00
1891,8.586584e-17,2.363901e-05,-1.382936e-04,4.908542e-04,-5.293194e-03,1.772187e-02,-8.839530e-01
1892,3.987570e-17,-1.210936e-05,-1.328162e-04,4.847952e-04,-1.826761e+00,-9.917436e-01,4.100828e+00
1893,1.651581e-17,-2.014486e-05,-1.337383e-04,4.821827e-04,1.207721e+00,1.506107e+00,8.910567e+00
1894,1.260997e-17,-9.370972e-06,-1.399022e-04,4.958052e-04,5.522616e-02,-4.470199e-01,2.046204e+00
1895,4.228101e-18,-1.331667e-05,-1.414367e-04,4.975798e-04,-2.409228e-01,-2.329437e-01,1.754811e+00
1896,1.831686e-17,1.094741e-05,-1.478606e-04,4.807246e-04,-1.712280e+00,-1.579789e+00,2.785478e+00
1897,1.595492e-18,-9.372708e-06,-1.351779e-04,4.890156e-04,-2.316492e-01,-7.333182e-02,4.209502e+00
1898,3.698352e-17,6.538310e-06,-1.385366e-04,4.805037e-04,1.271055e-01,-1.657940e-01,-4.344601e-01
1899,1.938273e-17,-1.945233e-05,-1.451562e-04,4.825831e-04,1.150095e+00,5.629757e-01,2.195509e+00
1900,3.131668e-17,4.676347e-06,-1.418780e-04,4.884813e-04,-2.379181e-01,7.496983e-01,3.495237e+00
1901,1.290714e-17,5.813986e-06,-1.382726e-04,4.922605e-04,-9.557682e-01,1.661933e-01,5.371101e-01
1902,2.680778e-18,7.814975e-06,-1.304757e-04,4.909899e-04,-6.451785e-02,7.150502e-01,3.663416e-01
1903,8.813885e-19,2.469581e-06,-1.272012e-04,4.804263e-04,1.415592e-01,-2.641149e-01,-1.241907e-02
1904,1.347099e-18,2.348760e-06,-1.414012e-04,5.014858e-04,1.471486e-01,4.719177e-02,2.445658e+00
1905,1.646726e-18,7.815928e-06,-1.257706e-04,4.835470e-04,-1.235384e-03,-1.233373e-01,-1.480400e+00
1906,6.194475e-18,1.718858e-05,-1.237933e-04,4.959020e-04,-2.019790e-01,1.344315e+00,-1.455144e+00
1907,1.018884e-17,2.428712e-05,-1.398500e-04,4.978173e-04,-2.186695e-02,1.300458e-02,-1.903540e+00
1908,2.840680e-18,-1.324320e-05,-1.281194e-04,4.987092e-04,-2.500707e-02,4.047867e-01,-2.167995e-01
1909,2.395110e-18,-2.573013e-06,-1.272339e-04,4.803024e-04,-8.964817e-01,3.592334e-01,4.290620e+00
1910,4.713821e-18,-2.305536e-06,-1.271791e-04,4.863962e-04,-1.911101e+00,-4.188309e-01,1.021306e+01
1911,5.125521e-18,-2.441629e-05,-1.429622e-04,4.861342e-04,-1.586347e-01,-2.676255e-02,-1.826379e+00
1912,1.143547e-18,7.027122e-05,-8.203182e-06,4.738233e-04,5.877518e-01,4.860235e+00,-2.644728e+00
1913,1.530032e-18,1.170960e-04,1.337776e-05,4.732611e-04,-9.078741e-01,-4.529821e-01,-7.971963e+00
1914,3.171971e-19,-1.457030e-04,-3.515489e-06,4.710593e-04,-2.399169e+00,-8.204462e-01,-9.320780e+00
1915,6.634335e-19,-1.097656e-04,-2.734340e-06,4.745746e-04,-1.269067e-01,6.155026e+00,-3.066780e+00
1916,1.228362e-17,-1.146095e-04,-2.369050e-05,4.735208e-04,-1.003635e+00,-1.509665e+00,-1.264626e+00
1917,4.057843e-19,-1.152336e-04,-1.367094e-05,4.741810e-04,-6.369456e-01,-1.145997e+00,-1.702615e+00
1918,3.170722e-19,-1.167959e-04,-1.445387e-05,4.687199e-04,-9.100937e-02,1.516301e+00,-7.848069e+00
1919,1.482937e-17,2.980153e-06,-2.491030e-04,5.492431e-04,3.842117e-03,-8.735840e-01,1.035427e+01
1920,2.154472e-17,-1.785144e-05,-2.446236e-04,5.488478e-04,-4.906457e-01,-1.932526e+00,8.037164e+00
1921,4.440696e-18,1.016708e-05,-2.312500e-04,5.369702e-04,-3.845088e-02,1.812683e-01,1.543647e+01
1922,1.653002e-17,2.382243e-06,-2.348477e-04,5.312469e-04,1.586586e-02,-6.039913e-01,1.052460e+01
1923,8.326023e-17,-6.479640e-06,-2.440927e-04,5.483309e-04,8.469045e-01,4.109349e-01,1.107414e+01
1924,1.921606e-17,-1.569728e-05,-2.471008e-04,5.284961e-04,3.756044e-01,-6.958515e-01,4.139838e+00
1925,1.888325e-16,1.431082e-05,-2.377642e-04,5.336191e-04,1.052770e+00,-3.589551e-01,1.340399e+01
1926,4.077862e-17,-1.319790e-06,-2.489931e-04,5.376764e-04,1.324165e-01,-3.029402e-02,5.289007e+00
1927,1.128632e-16,-3.947828e-06,-2.486412e-04,5.224205e-04,-3.663463e-02,4.129493e-02,6.400212e+00
1928,4.169536e-17,3.421870e-07,-2.278037e-04,5.317355e-04,-1.166981e-01,-3.371399e-02,1.236617e+01
1929,1.988186e-17,-8.798095e-07,-2.437646e-04,5.389256e-04,2.004448e+00,-2.536700e+00,1.486643e+01
1930,8.463189e-17,2.153154e-06,-2.486953e-04,5.150206e-04,4.086869e-01,-9.010781e-02,8.123797e+00
1931,2.579919e-19,1.210808e-05,-2.417958e-04,5.498734e-04,-5.749171e-01,-3.312076e+00,2.372999e+01
1932,2.121945e-17,1.459829e-05,-2.469027e-04,5.390909e-04,1.565462e+00,-2.166580e+00,1.008643e+01
1933,9.930472e-18,5.260937e-06,-2.359194e-04,5.370310e-04,1.134348e+00,2.819981e-02,7.101614e+00
1934,1.050282e-18,7.033660e-06,-2.414161e-04,5.292893e-04,4.193824e-02,3.593440e-03,7.414234e+00
1935,1.493786e-18,-9.374470e-06,-2.421869e-04,5.308099e-04,-3.070603e-02,6.151518e-02,4.663421e+00
1936,1.988443e-18,1.092889e-05,-2.444093e-04,5.390095e-04,-4.036098e-01,5.808480e-02,3.539385e+00
1937,2.118251e-18,1.484689e-05,-2.496081e-04,5.437783e-04,-8.790460e-02,-4.799072e-02,6.369574e+00
1938,4.307846e-18,1.722372e-05,-2.460383e-04,5.408641e-04,-6.272425e-02,4.204196e-01,5.267186e+00
1939,2.983073e-18,1.015580e-05,-2.496091e-04,5.274179e-04,-4.884628e-03,2.969695e-02,6.024981e+00
1940,1.057056e-18,7.030458e-06,-2.414155e-04,5.254559e-04,1.027888e-01,2.057563e-01,8.166366e+00
1941,2.353283e-17,2.326109e-05,-2.295183e-04,5.327638e-04,3.383990e+00,-1.235662e-01,2.052656e+01
1942,2.593237e-18,1.015338e-05,-2.312445e-04,5.447898e-04,-1.551348e-01,4.102961e-02,1.675456e+01
1943,6.114502e-18,2.887396e-06,-2.374996e-04,5.232765e-04,3.276271e-01,-6.832959e-03,7.822265e+00
1944,3.259314e-18,1.093159e-05,-2.445372e-04,5.219998e-04,6.640779e-01,1.318058e-01,7.046015e+00
1945,5.814171e-18,1.093748e-05,-2.470154e-04,5.122904e-04,9.168975e-01,2.506732e-01,3.949001e+00
1946,7.832273e-18,1.711382e-05,-2.493384e-04,5.121243e-04,1.336111e-01,-9.358323e-02,4.517768e+00
1947,1.086824e-17,1.476457e-05,-2.296076e-04,5.128496e-04,-2.858939e-01,-2.676177e-01,1.497320e+01
1948,7.817538e-17,1.250391e-05,-2.345296e-04,5.065404e-04,9.126962e-02,1.999883e+00,7.410463e+00
1949,1.809329e-17,1.326060e-05,-2.337228e-04,5.182760e-04,1.133802e-01,1.541289e+00,1.205574e+01
1950,6.233517e-18,9.374037e-06,-2.312518e-04,5.103324e-04,3.041109e-01,-2.926925e-01,1.058459e+01
1951,1.557967e-17,1.225336e-05,-2.313086e-04,5.212460e-04,1.049897e+00,2.872922e-02,1.247919e+01
1952,5.524168e-19,7.791284e-06,-2.496080e-04,5.146282e-04,-1.239414e-01,-1.888693e-01,4.487219e+00
1953,3.418360e-18,1.826340e-05,-2.496089e-04,5.218846e-04,-3.081135e-01,-2.997929e-02,5.088980e+00
1954,1.759717e-18,2.343684e-06,-2.496092e-04,5.041957e-04,-1.157236e-02,-9.077108e-02,7.257162e+00
1955,5.676205e-18,7.029858e-06,-2.414048e-04,5.127716e-04,3.849782e-02,3.956190e-02,6.422392e+00
1956,3.145720e-18,1.562017e-06,-2.273397e-04,5.173591e-04,3.314104e-02,2.671724e-02,7.899901e+00
1957,7.047962e-19,1.251229e-05,-2.394569e-04,5.407308e-04,1.112104e+00,4.808485e-01,1.075381e+01
1958,1.503537e-18,1.641583e-05,-2.296834e-04,5.208123e-04,5.619107e-01,-2.546802e-01,1.314742e+01
1959,1.322529e-18,-2.327796e-06,-2.382884e-04,5.376145e-04,9.721679e-01,-1.017625e-01,1.740950e+01
1960,5.361505e-17,-2.767553e-06,-2.413135e-04,5.075412e-04,2.104804e-01,-8.384436e-01,1.470241e+01
1961,3.673978e-18,-3.129378e-06,-2.359322e-04,5.181105e-04,1.939292e-01,-2.336640e-01,1.610907e+01
1962,1.194587e-17,-8.485777e-06,-2.289831e-04,5.125495e-04,-2.362472e-01,-2.601567e-01,9.814494e+00
1963,9.859909e-18,-7.706690e-06,-2.289072e-04,5.194435e-04,-1.778116e-01,-8.040158e-01,9.947046e+00
1964,4.711503e-18,-3.128096e-06,-2.359387e-04,5.039198e-04,-2.008967e-01,-1.697332e-01,1.027973e+01
1965,5.906001e-18,-3.235755e-06,-2.371252e-04,5.235676e-04,2.272629e-01,-4.176026e-01,1.459380e+01
1966,2.505229e-18,-1.174705e-05,-2.445648e-04,5.042105e-04,-3.840486e-01,1.761367e-01,1.251066e+00
1967,1.064126e-18,-1.562812e-05,-2.496092e-04,5.227572e-04,-1.526961e-01,-8.627541e-02,9.171050e-01
1968,3.187208e-18,-9.372281e-06,-2.421797e-04,5.057904e-04,-9.138878e-02,-7.922176e-02,8.385342e-01
1969,2.532652e-18,-1.530116e-06,-2.390477e-04,5.034303e-04,3.577499e-01,4.234415e-01,1.699494e+01
1970,1.443796e-18,-3.122489e-06,-2.359378e-04,5.138659e-04,1.266776e-01,-1.287993e-01,1.379823e+01
1971,1.392006e-18,-2.343531e-05,-2.496108e-04,5.174468e-04,-1.012565e-01,-1.310976e-01,-9.383193e-01
1972,5.757083e-17,1.480562e-04,-1.873295e-06,5.438655e-04,6.275598e-01,7.234699e-01,1.098600e+01
1973,6.269916e-17,1.360765e-04,-2.161281e-06,5.282882e-04,7.391611e-01,-8.895209e-01,7.654696e+00
1974,2.151612e-16,1.362239e-04,-2.286962e-06,5.285083e-04,6.869016e-01,-6.067993e-01,7.636973e+00
1975,1.318799e-16,1.428827e-04,-5.982074e-06,5.475201e-04,7.075607e-01,6.889275e-01,1.004710e+01
1976,6.734563e-18,1.354178e-04,-9.363154e-06,5.346969e-04,-2.758996e-01,8.740052e-01,9.517985e+00
1977,5.846859e-18,1.414177e-04,-7.686084e-07,5.341182e-04,-1.346208e-01,-4.747266e-02,9.764881e+00
1978,6.623531e-18,1.394074e-04,-3.522231e-06,5.417710e-04,-3.047259e-01,4.404983e-01,1.277958e+01
1979,3.964466e-18,1.453144e-04,-4.534561e-06,5.357051e-04,-3.726770e-02,6.571130e-01,9.163849e+00
1980,2.654826e-16,1.513304e-04,-1.090888e-05,5.403257e-04,-2.806785e-01,-2.503229e-01,6.086013e+00
1981,1.297961e-17,1.486870e-04,-1.523604e-05,5.291979e-04,-2.780405e-01,3.516499e-01,4.470481e+00
1982,1.518733e-18,1.382833e-04,-1.236776e-05,5.393983e-04,-1.185054e-02,-6.671269e-02,1.170285e+00
1983,5.060642e-17,1.356973e-04,6.913167e-06,5.263989e-04,-1.460205e+00,-2.112218e-01,7.832808e+00
1984,2.826441e-18,1.468745e-04,1.405433e-05,5.272981e-04,-3.417696e-03,3.620198e-01,4.625287e+00
1985,3.221664e-18,1.335965e-04,6.242409e-06,5.341710e-04,1.088207e-02,-5.435703e-01,5.912433e+00
1986,4.815656e-19,1.445400e-04,1.445417e-05,5.451756e-04,-2.633859e-01,3.777625e-01,2.843964e+00
1987,5.583409e-16,1.878136e-04,-3.015712e-06,5.388680e-04,-2.292174e-01,2.981593e-01,8.860231e+00
1988,1.372583e-16,1.949924e-04,1.540122e-05,5.464690e-04,-1.857270e+00,8.019709e-02,5.364903e+00
1989,2.396118e-17,1.936574e-04,-7.765481e-06,5.246252e-04,1.476034e-01,-4.046012e+00,1.584984e+01
1990,5.270549e-18,1.945363e-04,-6.264543e-06,5.383474e-04,-1.647927e-01,-1.249052e-01,1.619083e+01
1991,8.223154e-18,1.744171e-04,-1.465642e-05,5.381493e-04,-1.996184e+00,-7.650309e-02,7.972161e+00
1992,5.551625e-18,1.930855e-04,-1.173165e-05,5.307698e-04,5.886500e-01,-2.062527e-01,5.116565e+00
1993,1.422692e-17,1.833308e-04,-7.953197e-06,5.275175e-04,-5.325790e-01,1.320369e+00,4.214747e+00
1994,1.216970e-18,1.937520e-04,-1.796853e-05,5.399439e-04,6.455511e-04,6.783073e-02,1.736954e+00
1995,1.316302e-18,1.765660e-04,-1.017865e-05,5.390592e-04,4.497752e-02,-2.569229e-01,9.153575e-02
1996,3.654135e-17,1.765672e-04,6.836824e-06,5.258484e-04,-1.352876e+00,-8.324704e-01,1.017124e+01
1997,1.501534e-16,1.713277e-04,8.592530e-06,5.316987e-04,-2.333406e-01,-5.509339e-01,9.915988e+00
1998,1.529184e-18,1.865758e-04,3.233535e-06,5.424422e-04,-1.909580e-01,2.868048e-01,5.950234e+00
1999,7.383228e-18,1.850717e-04,4.729810e-06,5.276782e-04,9.263511e-01,-1.991649e+00,5.889889e+00
2000,2.907857e-18,1.960913e-04,8.611711e-06,5.379275e-04,-5.330021e-02,8.695527e-02,7.078279e+00
2001,3.943292e-18,1.921638e-04,1.175454e-05,5.377353e-04,-1.218744e-02,5.978827e-01,3.837061e+00
2002,1.250649e-18,1.953312e-04,1.010872e-05,5.481921e-04,5.569677e-01,-1.039032e+00,1.653632e+00
2003,2.753253e-18,1.789072e-04,1.561948e-05,5.463596e-04,2.166526e-02,-1.073314e-01,1.962357e+00
2004,1.337239e-16,1.654558e-04,-1.240565e-06,5.477932e-04,-3.750030e-01,2.308218e-01,8.661913e+00
2005,1.120578e-17,1.674508e-04,7.031266e-06,5.260886e-04,-1.797041e+00,1.345531e-01,1.134228e+01
2006,7.439407e-17,1.672867e-04,7.621180e-06,5.259277e-04,-1.215486e+00,2.108409e-01,1.142621e+01
2007,5.492531e-17,1.515076e-04,1.473946e-06,5.234634e-04,1.612351e+00,2.115623e+00,1.148267e+01
2008,4.466569e-17,1.680561e-04,-1.325628e-05,5.356321e-04,4.417784e+00,-4.021629e-02,2.162280e+01
2009,8.534125e-17,1.663516e-04,1.841972e-05,5.428198e-04,-6.897621e-01,-2.514227e-01,5.436607e+00
2010,3.698065e-18,1.648451e-04,2.345768e-06,5.265942e-04,-1.059413e+00,-3.356134e-01,4.810066e+00
2011,4.228188e-17,1.643757e-04,1.831200e-06,5.266836e-04,-1.225580e+00,-4.034585e-01,4.813773e+00
2012,8.287217e-17,1.690365e-04,-1.231578e-05,5.433156e-04,2.029496e+00,-7.361101e-01,1.456429e+01
2013,3.480882e-18,1.679684e-04,-4.499934e-06,5.249697e-04,-8.929020e-02,1.242105e-01,4.168836e+00
2014,3.128550e-18,1.640615e-04,-1.562662e-05,5.387194e-04,-1.918368e-01,1.562382e-02,1.155312e+01
2015,2.031473e-18,1.609391e-04,-4.591803e-06,5.351278e-04,1.049464e-01,-2.780659e-01,5.476641e+00
2016,3.361396e-18,1.664931e-04,-7.052318e-06,5.479811e-04,8.833693e-01,-2.594939e-02,6.196340e+00
2017,8.970263e-18,1.576221e-04,1.016384e-05,5.271743e-04,-1.696108e-01,-7.373866e-02,1.294994e+01
2018,9.672474e-18,1.609586e-04,1.655674e-05,5.272774e-04,1.003592e-01,7.537020e-03,4.566655e+00
2019,7.466539e-17,1.590895e-04,7.668504e-06,5.445893e-04,-5.106316e-01,-5.963597e-01,1.132024e+01
2020,9.301856e-18,1.651487e-04,4.652314e-06,5.453898e-04,6.156751e-01,-4.816850e-02,6.901881e+00
2021,1.396990e-17,1.557140e-04,1.136558e-05,5.457904e-04,1.169613e-01,-5.292019e-02,7.914880e+00
2022,1.043019e-17,1.632082e-04,9.636705e-06,5.493557e-04,-1.371257e+00,-6.957895e-01,1.211241e+01
2023,5.497696e-19,1.535149e-04,1.952713e-05,5.497414e-04,-1.041436e-02,-3.520889e-01,1.686203e+01
2024,1.460547e-18,1.175183e-05,-1.077919e-04,4.765264e-04,1.035932e+00,1.891159e-01,-2.364535e+00
2025,8.333242e-19,8.984872e-06,-7.539068e-05,4.773179e-04,-5.059811e-01,4.288326e-01,-6.437084e+00
2026,3.104960e-18,-6.257375e-06,-9.999076e-05,4.769690e-04,-1.202308e-01,-1.428338e-01,-2.836179e-01
2027,1.435978e-17,-3.654519e-06,-1.180887e-04,4.722021e-04,2.482521e+00,1.509153e-01,-7.246860e+00
2028,2.421301e-18,-3.136202e-06,-1.062239e-04,4.772830e-04,-6.320287e-01,1.651863e+00,-3.056162e+00
2029,2.888895e-17,-1.636896e-05,-1.022430e-04,4.833326e-04,-9.525031e-02,4.969191e-01,9.802145e+00
2030,7.861085e-19,-1.601566e-05,-1.037747e-04,4.713212e-04,-1.023893e+00,-3.310569e+00,-5.458803e+00
2031,3.010745e-17,6.496030e-06,1.508341e-04,4.820927e-04,-1.144302e+00,3.573985e-01,4.701128e+00
2032,2.468356e-17,2.745672e-06,1.507058e-04,4.867094e-04,8.564786e-01,-4.523660e-01,7.449048e+00
2033,2.648622e-18,7.803553e-07,1.500098e-04,4.807225e-04,-3.930411e-02,-1.730232e-01,3.435719e+00
2034,3.554343e-17,-1.005331e-05,1.485483e-04,4.914968e-04,-2.227606e+00,1.299568e+00,6.733933e+00
2035,6.823000e-17,-1.849621e-05,1.500788e-04,4.849108e-04,-8.459220e-02,6.666736e-01,5.496212e+00
2036,6.682822e-17,2.384781e-05,1.359466e-04,4.860874e-04,-3.615653e-01,-4.119227e-01,1.371469e-01
2037,6.151787e-17,1.131918e-05,1.303751e-04,4.825278e-04,-1.344854e+00,8.067103e-01,4.121532e+00
2038,2.234639e-17,1.273853e-05,1.344847e-04,4.871649e-04,6.333071e-02,8.945074e-01,5.029112e+00
2039,3.039145e-18,1.327553e-05,1.398165e-04,4.948870e-04,-4.196864e-01,7.369423e-01,3.536646e+00
2040,1.258319e-17,1.779831e-05,1.433030e-04,4.803339e-04,5.726759e-01,-1.946351e+00,4.994305e-01
2041,3.106263e-17,1.229746e-06,1.467286e-04,4.862563e-04,7.614115e-01,1.157251e+00,1.741343e+00
2042,1.465293e-17,1.825122e-05,1.316802e-04,4.857342e-04,1.958636e-01,-1.081502e+00,2.041345e+00
2043,2.916850e-18,1.564719e-05,1.406354e-04,4.924666e-04,2.652702e-01,6.054184e-02,2.402363e+00
2044,6.585803e-18,2.600841e-06,1.413484e-04,4.961484e-04,-5.316340e-01,7.574762e-01,-2.549834e-01
2045,4.738867e-18,6.245206e-06,1.265606e-04,4.953257e-04,6.836003e-02,-4.438917e-01,2.291051e+00
2046,7.699239e-19,2.460953e-05,1.329363e-04,4.994368e-04,1.525063e-02,-3.922155e-01,-2.883360e+00
2047,1.412724e-18,1.015663e-05,1.421829e-04,4.827717e-04,-1.664136e-02,1.028746e-02,-1.891570e+00
2048,5.633283e-19,1.210926e-05,1.312283e-04,4.773064e-04,-1.364033e+00,7.926123e-01,2.108138e+00
2049,2.393202e-18,8.089799e-07,1.499962e-04,4.751513e-04,1.057947e+00,3.247932e-01,-3.137496e+00
2050,9.967850e-18,2.428093e-05,1.270454e-04,4.963002e-04,4.119610e-02,1.033547e-01,-1.716712e+00
2051,2.735702e-18,2.460943e-05,1.438548e-04,4.890868e-04,5.811772e-02,-4.398753e-02,-2.407749e+00
2052,2.967206e-18,-6.035908e-06,1.460029e-04,4.855146e-04,-3.795360e-01,7.695920e-02,3.984830e+00
2053,2.367971e-18,-1.094107e-05,1.398457e-04,4.854605e-04,-1.113003e-01,1.315849e-02,3.402003e+00
2054,1.195574e-17,-7.812961e-06,1.316507e-04,4.993200e-04,6.461765e-01,-2.232061e-01,5.669095e+00
2055,6.319858e-18,-7.048066e-06,1.306434e-04,4.890379e-04,7.681181e-02,8.221404e-01,3.411458e+00
2056,3.327207e-17,-2.395726e-05,1.388009e-04,4.980150e-04,-9.342022e-02,4.149020e-02,-1.254863e+00
2057,1.187758e-18,-1.484733e-05,1.281272e-04,4.890171e-04,-1.166258e+00,-5.790943e-01,-2.942830e+00
2058,2.683876e-19,-1.679890e-05,1.480478e-04,4.968238e-04,-5.633534e-01,-6.548951e-01,1.260248e+01
2059,1.262106e-18,-1.094247e-05,1.398484e-04,4.983815e-04,-1.366366e-01,-7.568049e-02,6.676986e+00
2060,1.246164e-17,-8.554188e-06,1.445273e-04,4.767844e-04,2.775092e-01,-3.074788e+00,-4.052703e+00
2061,2.992318e-18,-1.092563e-05,1.398387e-04,4.823486e-04,2.030998e-01,1.452501e-01,2.734030e+00
2062,3.059074e-18,-1.093531e-05,1.398438e-04,4.784836e-04,1.536210e-01,-3.423948e-02,2.632866e+00
2063,1.563443e-18,6.153705e-06,1.506422e-04,4.755816e-04,-1.523082e+00,1.742185e-01,7.488037e-01
2064,3.059120e-19,1.210963e-05,1.308595e-04,4.749637e-04,-3.148219e-01,3.744270e-01,-2.522583e+00
2065,1.336751e-17,-2.462940e-04,1.596113e-05,4.738534e-04,-9.443906e-04,-9.920874e-01,4.961393e-01
2066,3.354565e-19,-2.496097e-04,6.640359e-06,4.648100e-04,-8.569064e-02,-2.468230e+00,7.579154e-01
2067,2.767971e-19,-1.902344e-04,1.132816e-05,4.734020e-04,9.530401e-01,-9.032021e-02,-2.951671e+00
2068,3.022791e-19,-1.871100e-04,1.523515e-05,4.726226e-04,1.262916e+00,9.273065e-01,-3.219086e+00
2069,8.968766e-19,-2.084972e-04,6.640582e-06,4.731300e-04,-6.490598e-01,-1.491741e+00,1.766622e+00
2070,3.121589e-19,-2.089842e-04,7.421632e-06,4.741833e-04,8.381189e-01,-3.409097e+00,2.588215e+00
2071,2.962166e-18,-2.015429e-04,1.874122e-05,4.746446e-04,3.964379e-01,1.098091e-01,2.519408e+00
2072,3.021786e-18,-2.133354e-04,7.908524e-06,4.719892e-04,-2.889541e-01,3.314061e-01,-2.067738e-01
2073,3.073515e-18,-2.015684e-04,2.366128e-06,4.746139e-04,7.563386e-01,-7.735298e-02,-4.777645e+00
2074,2.484721e-17,1.516725e-04,1.833642e-05,5.061994e-04,2.404761e+00,2.476520e+00,1.236824e+01
2075,2.854561e-17,1.485468e-04,5.862234e-06,5.209289e-04,2.617694e-01,-1.379350e+00,7.714751e+00
2076,1.057832e-16,1.586728e-04,-1.561913e-05,5.190768e-04,-5.067987e-01,-4.835735e-01,1.783888e+01
2077,8.527430e-17,1.770388e-04,-1.330637e-05,5.129605e-04,1.046947e+00,2.273734e-01,5.116692e+00
2078,6.338045e-17,1.773640e-04,-3.971808e-06,5.028252e-04,2.159987e-01,4.927917e-01,4.775854e+00
2079,1.797164e-17,1.600397e-04,-8.704717e-06,5.038508e-04,-2.944473e+00,-3.187987e-02,1.884312e+01
2080,1.897861e-17,1.573310e-04,-1.172544e-05,5.112616e-04,7.705495e-01,-5.459268e-02,1.619842e+01
2081,6.145460e-18,1.568861e-04,-1.757634e-05,5.111153e-04,-1.307529e+00,-9.991160e-02,1.776720e+01
2082,2.491886e-17,1.506829e-04,-1.622830e-06,5.058588e-04,-1.444022e-01,1.138629e+00,7.321381e+00
2083,1.229267e-18,1.703058e-04,-1.871493e-05,5.077104e-04,-8.241052e-02,-6.415636e-01,6.392272e+00
2084,1.671038e-17,1.518082e-04,-6.057857e-06,5.144035e-04,5.627082e-01,-1.735863e+00,8.730692e+00
2085,2.470330e-19,1.558595e-04,-1.054678e-05,5.022732e-04,-2.160692e-01,-7.499763e-02,8.165924e+00
2086,3.455178e-18,1.632804e-04,-1.558607e-06,5.003201e-04,3.096668e-02,1.416168e-02,1.977173e+00
2087,3.194300e-18,1.632790e-04,-1.405352e-05,5.065779e-04,-1.221137e+00,-3.016150e-01,1.016530e+01
2088,1.684160e-17,1.547434e-04,-5.261904e-06,5.171612e-04,-7.166540e-01,-9.299000e-01,3.018730e+00
2089,5.793158e-18,1.609371e-04,-4.690782e-06,5.042137e-04,-3.102408e-02,-4.434820e-02,4.014473e+00
2090,3.859314e-18,1.710477e-04,-1.406187e-05,5.202642e-04,8.483263e-02,5.324008e-02,3.447648e+00
2091,1.419921e-17,1.687070e-04,-2.421559e-05,5.001879e-04,-4.373802e-02,7.277501e-01,-1.325231e+00
2092,1.533770e-18,1.570977e-04,1.022434e-05,5.106721e-04,-2.265566e-02,9.871617e-02,6.461406e+00
2093,1.327348e-17,1.734690e-04,1.552382e-05,5.124918e-04,5.801273e-01,2.256803e-01,3.948802e+00
2094,2.417240e-17,1.552909e-04,5.885804e-06,5.175096e-04,1.107415e+00,4.803067e-01,2.844982e+00
2095,4.709483e-18,1.518876e-04,3.901491e-06,5.096728e-04,-3.526213e-01,-1.696231e-01,1.049508e+01
2096,1.224534e-17,1.675753e-04,1.741664e-05,5.238725e-04,-5.067926e-01,-5.227316e-01,3.778187e+00
2097,2.246312e-18,1.718781e-04,1.241060e-05,5.231484e-04,-2.533042e+00,3.899066e-01,4.713833e+00
2098,5.884207e-18,1.672078e-04,2.344269e-06,5.091425e-04,5.817033e-03,2.206066e-02,4.920051e+00
2099,4.455061e-18,1.546982e-04,1.483141e-05,5.169326e-04,-3.083121e-01,-1.570786e+00,4.196582e+00
2100,3.686776e-18,1.546829e-04,1.256703e-05,5.217881e-04,-1.028977e-01,4.474475e-01,4.495800e+00
2101,1.442567e-18,1.703275e-04,1.719739e-05,5.208529e-04,2.533293e-01,-4.871208e-02,5.545498e+00
2102,3.461508e-18,1.578124e-04,4.688645e-06,5.111717e-04,-8.439877e-02,7.438884e-02,2.484625e+00
2103,7.582707e-18,1.961143e-04,1.641186e-06,5.195920e-04,-4.608473e-01,9.410721e-01,2.137899e+01
2104,1.164559e-17,1.934433e-04,7.911011e-06,5.078537e-04,-5.622560e+00,6.985863e-01,1.719252e+01
2105,3.150993e-17,1.829070e-04,3.513892e-06,5.171328e-04,-4.448484e-01,-2.577743e-02,8.321413e+00
2106,8.638812e-19,1.959214e-04,1.449640e-06,5.146046e-04,5.165775e-01,-8.395091e-01,1.585055e+01
2107,1.318116e-17,1.794213e-04,1.100430e-05,5.159040e-04,-8.478751e-01,-8.116347e-01,8.552084e+00
2108,1.519042e-18,1.921753e-04,7.709512e-07,5.107466e-04,-5.492233e-01,-4.616103e-01,8.457351e+00
2109,3.061357e-18,1.765806e-04,1.093683e-05,5.057856e-04,3.118667e-01,2.699863e-01,3.641649e+00
2110,1.962344e-17,1.884618e-04,1.341540e-05,5.060830e-04,-2.088438e+00,-7.812773e-01,3.910361e+00
2111,5.005087e-18,1.828143e-04,5.472244e-06,5.093077e-04,8.465583e-02,-1.211172e-01,7.752963e+00
2112,1.168888e-17,1.945301e-04,-6.245944e-06,5.155593e-04,-1.812761e-01,-2.815509e-01,1.001148e+01
2113,1.553063e-18,1.921728e-04,-1.588374e-06,5.169326e-04,3.343385e-01,1.124783e+00,1.174171e+01
2114,6.738672e-17,1.922917e-04,-1.328396e-05,5.227417e-04,9.021899e-01,8.469605e-01,7.896669e+00
2115,2.091871e-18,1.978034e-04,-1.499303e-05,5.223219e-04,1.239254e-01,-4.783356e-01,3.555331e+00
2116,2.060001e-17,1.843210e-04,-8.542127e-06,5.086541e-04,5.143078e-01,-1.450945e+00,3.960996e+00
2117,1.068351e-17,1.937520e-04,-6.248457e-06,5.013711e-04,-9.721832e-01,3.250632e-01,5.859584e+00
2118,4.236685e-18,1.914037e-04,-1.171982e-05,5.060643e-04,2.638837e-01,-3.793442e-01,2.511854e+00
2119,2.637114e-17,1.335938e-04,1.161524e-05,5.091462e-04,7.769684e-02,-4.941413e-01,7.836715e+00
2120,2.457566e-18,1.437488e-04,3.128972e-06,5.073490e-04,4.433865e-02,-1.908785e-01,1.073722e+00
2121,1.552441e-18,1.335578e-04,1.249747e-05,5.022744e-04,9.259333e-02,2.605144e-01,6.130139e+00
2122,5.254690e-18,1.343755e-04,1.249756e-05,5.154650e-04,5.065395e-02,7.336829e-02,4.302975e+00
2123,1.555942e-18,1.289021e-04,1.563116e-05,5.107840e-04,8.542162e-02,1.300912e-01,-4.602835e-01
2124,2.984231e-18,1.398464e-04,1.172034e-05,5.127758e-04,-2.558505e-02,1.072790e-01,3.937401e+00
2125,2.512915e-17,1.377988e-04,-5.588154e-06,5.019647e-04,-1.356923e+00,2.393889e+00,6.365349e+00
2126,6.018252e-18,1.414040e-04,-7.797408e-07,5.204189e-04,5.279893e-03,1.867026e-02,7.767477e+00
2127,3.861415e-18,1.413748e-04,-1.019166e-05,5.086008e-04,-3.768646e-02,2.210840e-02,5.909158e+00
2128,1.244931e-17,1.292968e-04,-8.532037e-06,5.148001e-04,-3.054623e-01,4.311857e-01,5.395530e+00
2129,4.937161e-18,1.429572e-04,-1.015049e-05,5.154437e-04,6.975226e-01,-1.719623e+00,7.104639e+00
2130,2.143239e-18,1.343737e-04,-7.795037e-07,5.072492e-04,9.753440e-03,-2.091408e-02,-3.575137e-01
2131,1.008992e-18,1.414018e-04,-7.836628e-07,5.068934e-04,-1.161885e-01,-5.264387e-02,3.193610e+00
2132,4.875069e-18,1.453102e-04,-7.815588e-06,5.062301e-04,1.399210e-01,8.708249e-02,5.850347e+00
2133,1.194523e-18,1.445283e-04,-2.335303e-06,5.038084e-04,6.107142e-03,-1.416572e-01,1.818456e+00
2134,1.295409e-18,1.343570e-04,-7.637549e-07,5.022569e-04,-1.873945e-01,-4.808980e-01,-1.795414e-01
2135,4.001853e-17,-1.433729e-05,-2.925864e-05,5.193862e-04,5.695782e-01,-4.931929e-01,4.624033e+00
2136,2.987627e-17,-1.237565e-05,-3.722656e-06,5.235389e-04,6.384152e-02,2.418657e-01,1.330625e+01
2137,1.473108e-17,-1.640268e-05,-6.250988e-06,5.409407e-04,-2.535339e-01,-6.939179e-02,4.276427e+00
2138,2.479618e-17,-7.851018e-06,-9.972757e-06,5.262142e-04,6.264761e-01,9.646332e-01,5.484123e+00
2139,1.079612e-17,-6.286411e-06,-2.164070e-05,5.250595e-04,1.479904e-01,-1.833407e+00,1.642700e+00
2140,7.387210e-17,-1.677806e-05,-6.184760e-06,5.408472e-04,-1.949705e-01,-8.261662e-02,4.241800e+00
2141,1.594166e-18,-9.364812e-06,-1.717992e-05,5.451249e-04,4.549555e-01,-6.080254e-02,1.073858e+01
2142,6.226041e-18,-9.660513e-06,-1.953724e-05,5.346558e-04,1.303148e+00,2.066926e-02,4.121438e+00
2143,2.339116e-18,-1.402849e-05,-1.022742e-05,5.386035e-04,1.012965e-01,-2.266760e-01,5.746626e+00
2144,1.313056e-18,-1.874962e-05,-1.874941e-05,5.398425e-04,9.088348e-02,6.747740e-02,2.290491e+00
2145,2.254678e-17,-1.408092e-05,-1.552009e-05,5.273757e-04,9.392916e-01,-2.817516e-01,3.172689e+00
2146,1.131408e-17,-7.029608e-06,-4.036500e-05,5.193977e-04,-4.832710e-01,3.971344e-01,4.235514e+00
2147,9.617720e-17,-6.977393e-06,-4.024546e-05,5.190643e-04,-4.128966e-01,6.114373e-01,4.162424e+00
2148,2.580755e-18,-2.026505e-05,-3.251407e-05,5.042344e-04,2.358460e+00,-1.062627e+00,2.206687e+01
2149,6.765468e-18,-2.371242e-05,-3.319559e-05,5.132235e-04,-1.807464e+00,-5.556305e-01,2.702188e+01
2150,5.050567e-17,-4.882629e-06,-5.175468e-05,5.227923e-04,7.040340e-01,1.268672e+00,7.840406e+00
2151,3.285902e-18,-1.405219e-05,-3.592734e-05,5.219609e-04,1.615838e-02,-4.774876e+00,2.164535e+01
2152,6.220982e-18,-1.404051e-05,-3.182465e-05,5.075892e-04,-1.094630e+00,-2.426321e+00,1.724554e+01
2153,2.933398e-17,-1.720908e-05,-4.695765e-05,5.122354e-04,-9.444009e-04,1.575325e+00,6.214826e+00
2154,5.774004e-18,-1.408289e-05,-3.390936e-05,5.188520e-04,-1.033618e+00,-2.640515e+00,2.282659e+01
2155,6.167165e-18,-1.950971e-05,-4.427358e-05,5.085527e-04,2.253032e-01,-1.554130e+00,2.523954e+00
2156,5.392785e-18,-1.248078e-05,-4.206637e-05,5.138152e-04,2.461707e-01,-3.379664e-01,4.720642e+00
2157,2.665417e-18,-2.273941e-05,-3.274476e-05,5.087380e-04,-1.367285e+00,-2.002510e+00,2.478772e+01
2158,5.249052e-18,-1.250078e-05,-4.218338e-05,5.045985e-04,-2.518126e-01,-4.893289e-01,2.729115e+00
2159,3.327085e-17,-7.900021e-06,-3.775783e-05,5.393906e-04,-2.948402e-01,-2.251839e-01,4.092132e+00
2160,1.658774e-16,-8.076596e-06,-3.799986e-05,5.394890e-04,-2.128496e-01,-1.559173e-01,4.163309e+00
2161,2.263364e-17,-1.089435e-05,-3.858184e-05,5.300656e-04,2.102406e+00,-5.869111e+00,2.539244e+01
2162,2.019265e-16,-8.097634e-06,-5.340742e-05,5.443455e-04,-3.784699e-01,8.092998e-02,1.008056e+01
2163,2.481670e-18,-1.563152e-05,-2.969297e-05,5.288356e-04,-4.162170e-02,7.492093e-02,6.621462e+00
2164,5.387707e-18,-1.250191e-05,-4.307082e-05,5.314847e-04,-4.198078e-02,7.737558e-01,5.775540e+00
2165,1.551084e-16,-1.407222e-05,-1.038260e-05,5.088401e-04,-3.301343e-01,1.437246e+00,4.585351e+00
2166,2.081239e-17,-4.878180e-06,-1.675227e-05,5.202616e-04,4.506553e-01,-9.867221e-02,9.006429e+00
2167,1.377585e-17,-5.008204e-06,-1.543537e-05,5.091254e-04,-2.120353e-01,-2.470225e-02,7.859580e+00
2168,4.767845e-19,-1.796721e-05,-3.516587e-06,5.045687e-04,7.860856e-02,-5.249427e-01,-9.294706e-01
2169,5.760288e-17,-8.803562e-06,-6.664176e-05,5.185141e-04,-1.562249e+00,-8.140929e-01,1.557962e+01
2170,8.609624e-17,-5.151994e-06,-6.688890e-05,5.471281e-04,2.251178e-01,-7.322527e-01,1.007275e+01
2171,1.102525e-18,-1.328932e-05,-6.953326e-05,5.107865e-04,-8.527849e-01,1.139249e-01,3.824059e+00
2172,3.151707e-18,-1.095147e-05,-5.469524e-05,5.104163e-04,-1.172496e-01,2.797371e-01,5.517276e+00
2173,3.771558e-18,-2.184024e-05,-5.315029e-05,5.118432e-04,5.543156e-01,2.363448e-03,1.199044e+00
2174,5.326648e-18,-1.323895e-05,-5.817979e-05,5.203819e-04,-9.139440e-01,2.430947e+00,3.797723e+00
2175,2.659000e-18,-1.172024e-05,-6.953425e-05,5.257897e-04,-5.202750e-02,2.003688e-02,8.802424e+00
2176,3.485383e-18,-3.129631e-06,-6.328017e-05,5.157903e-04,-4.435130e-01,-2.815809e-02,4.884424e+00
2177,3.913775e-18,-2.348337e-06,-6.015666e-05,5.390910e-04,-5.908226e-02,-6.282661e-02,5.376138e+00
2178,4.567380e-18,-2.273733e-05,-5.312558e-05,5.441142e-04,4.773988e-01,-4.936018e-03,5.873774e+00
2179,2.885349e-18,-1.171314e-05,-6.562186e-05,5.493805e-04,1.515966e-01,6.831945e-02,1.102082e+01
2180,1.127772e-18,-7.030568e-06,-7.265460e-05,5.466582e-04,-3.344726e-01,-2.321902e-01,5.136614e-01
2181,5.793280e-17,1.939962e-04,-3.199782e-06,4.970278e-04,2.822647e+00,4.266012e-01,8.953187e+00
2182,1.302468e-17,1.897844e-04,-1.458562e-05,4.908838e-04,2.286067e-01,-3.829648e-01,4.467899e+00
2183,2.979993e-17,1.957554e-04,-8.259242e-06,4.839482e-04,-6.835771e-01,1.241925e-01,1.072384e+01
2184,2.528355e-19,1.746089e-04,-6.642156e-06,4.975943e-04,-3.848050e-01,-1.753458e-01,4.138151e+00
2185,4.667670e-18,1.887132e-04,-3.911992e-06,4.886562e-04,4.522373e-01,-9.394905e-02,5.476220e+00
2186,1.287548e-18,1.984610e-04,-6.233854e-06,4.874483e-04,2.798713e-01,5.592017e-02,9.231487e-01
2187,2.123612e-17,1.775343e-04,-6.302182e-06,4.906848e-04,-2.545957e-02,2.182213e-02,1.094781e+01
2188,3.700300e-18,1.763753e-04,-1.017139e-05,4.957502e-04,-7.301047e-02,-9.112238e-02,2.986778e+00
2189,1.795295e-18,1.773381e-04,-6.385798e-06,4.868830e-04,-1.008476e-01,-3.036624e-01,1.260258e+01
2190,1.883633e-18,1.929014e-04,-1.612721e-06,4.920261e-04,-5.511145e-01,1.789682e-01,1.001746e+01
2191,2.693344e-18,1.773394e-04,-6.291350e-06,4.831854e-04,-2.933114e-01,-7.818156e-01,7.802091e+00
2192,2.469845e-18,1.773273e-04,-6.261149e-06,4.777202e-04,6.634762e-01,-4.293965e-01,2.090027e+00
2193,1.180808e-17,1.976421e-04,-2.428597e-05,4.816438e-04,-4.682526e-02,5.606062e-03,-1.891040e+00
2194,5.398096e-18,1.960936e-04,-2.439729e-05,4.986309e-04,-1.874759e-02,-8.605084e-02,-2.121147e+00
2195,2.174828e-18,1.618366e-04,-8.607481e-06,4.931028e-04,2.313814e+00,2.187830e-01,1.205499e+01
2196,1.396967e-18,1.616797e-04,-8.629178e-06,4.983784e-04,-1.411461e+00,-7.849099e-01,1.574226e+01
2197,2.478780e-17,1.606670e-04,-2.120550e-05,4.834531e-04,4.961357e-03,-1.869905e+00,1.080652e+01
2198,2.186444e-17,1.578216e-04,-1.443156e-05,4.966466e-04,7.677390e-02,3.007036e-01,1.085581e+01
2199,3.609300e-18,1.578145e-04,-1.327881e-05,4.855067e-04,3.053445e-01,-9.065188e-03,6.417023e+00
2200,3.104033e-17,1.553140e-04,-2.421711e-05,4.935615e-04,4.607313e-01,2.733371e-01,4.890658e+00
2201,2.293860e-18,1.633783e-04,-1.406631e-05,4.989721e-04,-8.955078e-01,-2.237398e-01,7.488331e+00
2202,2.621752e-18,1.711089e-04,-1.406223e-05,4.901439e-04,1.989005e-01,3.311625e-01,-9.611815e-01
2203,7.860738e-18,1.632645e-04,-1.406365e-05,4.875668e-04,4.959498e-02,-4.038306e-01,4.112869e+00
2204,2.525171e-17,1.536680e-04,-7.122963e-06,4.824640e-04,-6.562057e-02,1.099663e+00,3.414818e-01
2205,2.506548e-18,1.639850e-04,-1.397877e-05,4.778069e-04,2.497452e-01,-9.322398e-02,-4.247341e-01
2206,4.294665e-18,1.618024e-04,-8.562078e-06,4.885274e-04,-1.702970e+00,-2.709826e-01,1.109867e+01
2207,6.348250e-18,1.531245e-04,-6.266897e-06,4.776764e-04,2.469722e-01,4.770361e-01,2.472785e+00
2208,3.161534e-18,1.546701e-04,-2.366766e-06,4.909873e-04,-3.782184e-01,-1.752573e-01,-2.210253e+00
2209,5.194766e-17,1.318699e-04,-4.439500e-06,4.894116e-04,6.922312e-01,2.887816e-01,1.621881e+00
2210,3.214623e-18,1.273482e-04,-6.688367e-06,4.989761e-04,-6.417657e-02,1.853155e+00,1.109019e+01
2211,2.118003e-18,1.430172e-04,-1.008996e-05,4.916452e-04,4.863621e-02,5.226992e-02,2.612449e+00
2212,7.419558e-18,1.271269e-04,-1.174648e-05,4.843991e-04,8.990218e-01,1.206761e+00,4.737645e+00
2213,3.073045e-17,1.414476e-04,-1.403454e-05,4.947915e-04,9.409994e-01,1.033708e+00,4.195296e+00
2214,3.377597e-18,1.281196e-04,-1.250267e-05,4.777193e-04,3.295030e-01,1.146837e-02,2.817838e+00
2215,4.219149e-18,1.414084e-04,-3.522014e-06,4.933759e-04,6.448144e-03,3.096375e-01,4.040942e+00
2216,1.327283e-18,1.351555e-04,-7.010786e-06,4.827698e-04,-3.756335e-01,1.080151e-02,1.434923e+00
2217,1.238413e-18,1.460898e-04,-7.820244e-06,4.843281e-04,1.849823e-01,-2.229379e-02,-2.059539e-01
2218,2.975809e-18,1.320282e-04,-2.444790e-05,4.960866e-04,-3.334579e-02,-1.140537e-01,-2.314506e+00
2219,1.391254e-18,1.320328e-04,-2.460942e-05,4.886327e-04,8.936967e-02,-4.462401e-02,-2.533293e+00
2220,1.101258e-17,1.359380e-04,-2.426016e-05,4.803510e-04,3.696779e-02,-1.901677e-02,-1.809651e+00
2221,8.729224e-18,-2.373212e-06,1.656122e-04,4.871853e-04,9.635101e-01,8.914444e-01,3.119386e+00
2222,1.220073e-17,-1.050827e-05,1.705576e-04,4.981613e-04,6.853169e-01,-8.306403e-01,8.415601e+00
2223,3.539703e-17,-8.377923e-06,1.643181e-04,4.864941e-04,9.757305e-01,3.255067e-01,2.446249e+00
2224,1.566586e-18,-2.337335e-06,1.640627e-04,4.936885e-04,1.382654e-01,5.811460e-03,3.574751e+00
2225,2.184631e-17,-8.108384e-06,1.687061e-04,4.800570e-04,1.846431e+00,2.231748e+00,2.894616e+00
2226,5.118813e-18,-9.378065e-06,1.578115e-04,4.881887e-04,4.368185e-02,6.768396e-02,9.434721e-01
2227,1.342931e-17,-5.994755e-06,1.543261e-04,4.944491e-04,-2.807059e-01,4.916880e-01,2.408573e+00
2228,1.307731e-18,-1.718620e-05,1.617055e-04,4.874594e-04,-4.589421e-02,2.914002e-01,-9.934395e-01
2229,2.675084e-17,-5.392607e-06,1.532494e-04,4.769277e-04,1.372985e+00,1.938095e+00,-5.446795e-01
2230,7.548238e-18,-5.870705e-06,1.711039e-04,4.765544e-04,-4.482154e+00,-3.755387e-01,-3.553003e-01
2231,4.747302e-18,5.461850e-08,1.708625e-04,4.846681e-04,-1.064107e-01,6.263158e-01,4.822987e+00
2232,8.409282e-18,-2.429932e-05,1.726625e-04,4.899115e-04,-6.077555e-02,-3.523412e-03,-1.787868e+00
2233,3.054692e-18,1.486814e-05,1.671911e-04,4.901387e-04,6.106079e-02,-5.215909e-01,2.636207e+00
2234,2.278250e-17,1.119275e-05,1.643211e-04,4.864873e-04,-6.359418e-01,1.425406e+00,6.112495e-01
2235,4.609072e-18,1.562132e-05,1.687507e-04,4.982858e-04,-4.037368e-01,1.105532e+00,1.783102e-01
2236,1.929433e-18,5.602509e-06,1.711243e-04,4.767522e-04,1.432048e+00,-7.759577e-01,-5.896764e-01
2237,2.142572e-18,5.551770e-06,1.663330e-04,4.769921e-04,-1.614939e-01,-5.240764e-02,-3.236887e+00
2238,2.443783e-19,7.421835e-06,1.511719e-04,4.773042e-04,-3.550688e+00,-2.071467e+00,2.738792e+00
2239,1.011704e-18,3.913291e-06,1.617222e-04,4.835481e-04,6.253839e-02,-6.053977e-02,-2.424200e+00
2240,2.356449e-18,2.441830e-05,1.695269e-04,4.863901e-04,6.486373e-02,-4.006247e-03,-3.285714e+00
2241,4.078426e-18,2.460935e-05,1.585902e-04,4.829216e-04,3.659356e-02,3.222051e-02,-2.675886e+00
2242,4.349979e-17,4.033372e-05,-1.534215e-05,5.388558e-04,2.535368e+00,1.161045e-01,1.227240e+01
2243,3.535720e-18,3.906721e-05,-1.094649e-05,5.311446e-04,2.731908e-01,-2.301682e-01,9.000152e+00
2244,3.089486e-18,4.062311e-05,-1.093367e-05,5.493909e-04,-5.291373e-02,-4.446357e-03,1.392608e+01
2245,7.677308e-19,3.838115e-05,-1.470338e-05,5.452264e-04,1.857552e+00,1.777343e+00,1.459969e+01
2246,9.667455e-17,3.379086e-05,-2.691375e-06,5.115385e-04,-6.197290e-01,3.888212e-01,5.247020e+00
2247,1.850568e-17,4.142089e-05,1.873865e-06,5.136383e-04,-3.058029e-01,1.121411e+00,2.616247e+00
2248,8.258472e-18,4.607728e-05,-1.241984e-05,5.281672e-04,2.204843e-01,-9.780868e-02,1.918729e+01
2249,2.086869e-17,3.395388e-05,-7.023910e-06,5.361621e-04,3.822038e+00,4.033326e+00,2.655872e+01
2250,2.844089e-18,4.609312e-05,-1.328786e-05,5.349409e-04,7.483759e-02,9.206731e-02,1.831229e+01
2251,1.669724e-16,5.475612e-05,-1.005811e-05,5.471403e-04,9.779494e-01,-2.075441e+00,2.033323e+01
2252,4.656711e-18,5.313895e-05,-8.159343e-06,5.387287e-04,5.813595e-01,5.079946e-01,1.723315e+01
2253,4.109283e-18,5.936980e-05,-1.719512e-05,5.361495e-04,-1.126709e-02,-8.128902e-03,4.334822e+00
2254,1.398553e-18,7.187465e-05,-1.250464e-05,5.444381e-04,7.612486e-02,9.280286e-03,5.540695e+00
2255,5.043252e-18,5.937392e-05,-1.718882e-05,5.414182e-04,-5.233653e-03,-1.584780e-01,3.747961e+00
2256,3.591449e-18,6.249483e-05,-1.406397e-05,5.421756e-04,-6.661072e-02,-3.210489e-02,7.358894e-01
2257,7.311947e-18,6.719236e-05,9.391195e-06,5.141907e-04,-4.571974e+00,-1.066761e-01,2.553897e+01
2258,2.879365e-17,6.785478e-05,1.778937e-05,5.152688e-04,-2.218135e-01,8.852896e-02,1.143662e+01
2259,1.862134e-18,6.469604e-05,1.013203e-05,5.218304e-04,-6.572339e+00,-4.207205e-01,3.026067e+01
2260,5.788560e-17,5.619559e-05,3.383176e-06,5.197933e-04,1.298849e+00,1.449177e-01,9.109555e+00
2261,2.473338e-18,7.187512e-05,1.480188e-05,5.103349e-04,2.907631e-01,4.619247e-01,2.444480e+00
2262,5.369724e-18,7.184761e-05,1.211962e-05,5.056754e-04,-3.164861e-02,1.205531e-01,2.967953e+00
2263,2.982608e-18,5.000303e-05,1.719203e-05,5.211689e-04,-1.248877e-02,1.936474e-01,3.154073e+00
2264,7.696813e-18,7.187686e-05,5.882691e-06,5.231485e-04,1.702055e-01,-8.943396e-01,7.952688e+00
2265,6.300364e-18,6.765587e-05,8.559383e-06,5.088744e-04,-4.938362e+00,-9.235990e-01,2.484435e+01
2266,2.728715e-18,6.884641e-05,8.431637e-06,5.033156e-04,-3.761089e+00,2.483449e-01,1.931432e+01
2267,3.348052e-17,4.314301e-05,1.714633e-05,5.365125e-04,8.928718e-01,1.027902e+00,1.698828e+01
2268,5.525707e-18,4.050869e-05,1.328199e-05,5.254197e-04,-3.195028e-01,3.856407e-01,1.461872e+01
2269,1.864421e-17,3.580033e-05,8.928413e-06,5.202477e-04,-2.341050e+00,-3.588891e-01,1.387342e+01
2270,7.611099e-17,2.920756e-05,1.218513e-05,5.185011e-04,-1.172326e+00,-5.098111e-01,5.233122e+00
2271,6.541523e-17,3.471588e-05,1.192235e-05,5.349345e-04,-5.298138e-01,1.594229e-01,7.135121e+00
2272,2.174488e-18,3.967973e-05,9.330832e-06,5.159537e-04,-9.768073e-01,3.480575e-01,1.316863e+01
2273,1.305081e-18,4.454610e-05,9.373737e-06,5.030417e-04,7.416895e-02,1.164071e-01,4.171876e+00
2274,9.957802e-18,4.365798e-05,8.596561e-06,5.243887e-04,-6.422116e-01,1.695664e-01,6.530859e+00
2275,1.936332e-17,2.984070e-05,1.574086e-05,5.453354e-04,-2.434554e-01,4.897885e-01,7.842595e+00
2276,1.315051e-18,3.202593e-05,8.593388e-06,5.238911e-04,-1.958592e-01,1.156590e-01,1.880737e+00
2277,4.785239e-18,2.889956e-05,1.874588e-05,5.489202e-04,-1.376018e-01,-6.440327e-03,5.842809e+00
2278,1.922554e-17,4.195805e-05,7.845405e-06,5.440357e-04,8.446618e-01,-7.496454e-01,4.375154e+00
2279,2.534491e-18,4.999962e-05,1.797490e-05,5.394872e-04,-6.732211e-03,-7.991651e-03,8.977729e-01
2280,2.637405e-18,3.828129e-05,3.908530e-06,5.266221e-04,-6.041003e-03,4.792362e-02,1.061457e+00
2281,1.460464e-17,6.314991e-05,1.095692e-05,5.312205e-04,-7.399103e+00,1.863586e-01,3.824371e+01
2282,2.706717e-17,5.915633e-05,1.250288e-05,5.390999e-04,-9.702980e+00,2.162897e+00,3.894285e+01
2283,4.460697e-18,6.749442e-05,2.632189e-06,5.496464e-04,2.522529e+00,8.427228e-02,1.940165e+01
2284,1.113904e-17,5.547045e-05,1.744976e-05,5.316722e-04,-3.385627e-01,-2.460791e-01,5.643296e+00
2285,6.597392e-17,5.529982e-05,1.732830e-05,5.318924e-04,-3.036218e-01,-2.719121e-01,5.587769e+00
2286,1.900963e-17,6.513168e-05,1.347368e-05,5.363926e-04,2.360170e+00,8.672051e-01,1.048227e+01
2287,3.198389e-18,6.875050e-05,1.719343e-05,5.403011e-04,-7.474774e-02,-5.489503e-02,4.653380e+00
2288,5.024038e-18,4.765813e-05,-1.814221e-05,5.038229e-04,-2.486116e-01,8.091415e-01,1.398766e+01
2289,8.552700e-18,4.731733e-05,-1.248544e-05,5.123211e-04,6.011264e-01,-6.202832e-01,1.367714e+01
2290,1.315038e-17,4.780443e-05,-2.139546e-05,5.121703e-04,7.362996e-01,-1.116016e+00,1.686829e+01
2291,2.446197e-19,2.695409e-05,-1.366566e-05,5.176917e-04,1.642546e-01,4.509154e-01,4.223262e+00
2292,2.021604e-18,2.812251e-05,-1.291183e-05,5.223408e-04,-2.297687e-02,7.446084e-01,2.798468e+00
2293,1.126339e-18,3.672283e-05,-2.345511e-06,5.192533e-04,-1.209219e-02,-7.845040e-02,1.479802e+00
2294,4.560415e-18,3.671927e-05,-7.814932e-06,5.123896e-04,1.086066e-01,4.115089e-01,2.689048e-01
2295,3.844790e-18,3.984823e-05,-1.954288e-05,5.184377e-04,-1.359986e-02,-2.008210e-01,5.574154e-02
2296,4.149017e-17,-1.990522e-07,7.329563e-05,5.095323e-04,1.156177e-01,3.058540e-01,1.221759e+01
2297,1.176218e-16,9.879629e-06,7.624088e-05,5.053240e-04,-4.682337e-01,-7.400685e-01,8.783035e+00
2298,6.271751e-17,1.435188e-05,9.098355e-05,5.008075e-04,-2.802944e-01,-4.259868e-01,4.090852e+00
2299,2.731049e-17,1.633369e-05,7.725550e-05,4.990324e-04,-2.853848e-02,-1.363516e+00,8.481250e+00
2300,5.762916e-18,2.182010e-05,8.500522e-05,5.030614e-04,-6.370106e-01,-6.900379e-01,6.648126e+00
2301,2.794057e-17,1.745722e-06,8.897657e-05,5.031264e-04,-4.716939e-01,2.804771e-01,4.601162e+00
2302,5.356169e-18,4.685163e-06,7.812752e-05,5.077099e-04,3.584165e-01,-2.910689e-01,9.481916e+00
2303,3.588742e-18,7.201316e-07,9.189364e-05,5.057824e-04,9.766512e-04,-1.377249e+00,1.392284e+00
2304,3.620751e-18,2.340619e-06,8.281002e-05,5.126937e-04,7.493157e-02,2.331394e-01,5.466163e+00
2305,1.588311e-17,-1.468234e-05,7.448131e-05,5.109274e-04,1.472631e-01,2.426791e+00,4.279460e+00
2306,3.271215e-17,-9.825724e-06,7.703017e-05,5.110486e-04,1.235857e+00,-3.732088e-02,9.426944e+00
2307,3.613979e-17,-2.009281e-06,6.659463e-05,4.995440e-04,3.225312e-02,1.837047e+00,1.685594e+01
2308,3.750164e-18,-1.113425e-05,4.924738e-05,5.133651e-04,5.170192e-01,1.030971e-01,1.052707e+01
2309,1.806007e-17,-1.668130e-05,6.699574e-05,5.111055e-04,5.231839e-01,1.638523e+00,6.626948e+00
2310,8.487959e-18,-4.340987e-06,5.333335e-05,5.036679e-04,1.319857e+00,3.458556e-01,1.545698e+00
2311,2.328253e-18,-6.296036e-06,5.082867e-05,5.187511e-04,-6.319003e-01,3.288528e-01,7.504416e+00
2312,1.130856e-17,-1.814875e-05,5.215616e-05,5.021117e-04,4.014356e-01,2.787492e-01,1.874001e+00
2313,2.826199e-17,-8.596948e-06,6.174703e-05,5.149230e-04,2.915788e-01,-1.562521e+00,4.027525e+00
2314,3.099445e-17,-1.512025e-05,5.764269e-05,5.077334e-04,1.073190e+00,-5.603849e-01,1.136365e+00
2315,1.317008e-17,3.048183e-07,7.074220e-05,5.245296e-04,-1.297740e-01,1.026169e+00,4.675830e+00
2316,1.073121e-18,-7.038445e-06,5.392147e-05,5.146295e-04,-2.715648e-01,2.708301e-02,-1.138996e-01
2317,1.111513e-18,-2.351833e-06,6.483430e-05,5.192655e-04,8.472853e-03,8.945243e-02,7.204448e-01
2318,5.543400e-17,1.333944e-05,6.721671e-05,5.416595e-04,-3.582014e-02,9.772326e-01,9.457854e+00
2319,6.630026e-17,7.001589e-06,5.764609e-05,5.484059e-04,3.896893e-01,7.903896e-01,9.244713e+00
2320,2.900362e-18,1.328025e-05,6.093738e-05,5.265279e-04,3.528200e-03,3.676791e-01,7.982822e+00
2321,4.428826e-18,1.560683e-05,7.187535e-05,5.262724e-04,-5.483526e-01,-2.779740e-02,6.454728e+00
2322,1.329683e-18,3.903462e-06,5.859781e-05,5.284988e-04,1.602183e-01,3.480575e-01,1.704105e+00
2323,3.711119e-18,9.227150e-06,7.095141e-05,5.485220e-04,-5.890145e-01,-5.348288e-01,2.390275e+00
2324,3.587406e-17,-9.585421e-06,8.431324e-05,5.135858e-04,5.170792e-01,9.569945e-01,1.743011e+01
2325,9.801681e-19,-1.001499e-05,8.216984e-05,5.045854e-04,1.233252e+00,-4.377309e-01,1.182328e+01
2326,1.726557e-17,-1.172888e-05,8.593405e-05,4.980403e-04,8.987356e-02,-1.231348e-01,8.093694e+00
2327,1.020335e-18,-1.172386e-05,8.515615e-05,5.223809e-04,2.176364e-01,-1.080012e-01,1.353343e+01
2328,1.798538e-18,-1.181244e-05,7.976439e-05,5.036839e-04,9.161213e-02,5.306017e-01,9.205308e+00
2329,3.064548e-17,-7.344659e-06,7.968394e-05,5.140172e-04,4.785322e-01,9.779320e-02,7.269148e+00
2330,1.674187e-18,-1.172725e-05,8.593079e-05,5.069259e-04,-3.371248e-01,1.961520e-01,9.931916e+00
2331,5.934878e-18,-7.038307e-06,8.671959e-05,5.080708e-04,-5.623527e-01,-3.265527e-01,4.490695e+00
2332,3.069716e-18,-1.562908e-06,8.828064e-05,5.134951e-04,-4.386379e-02,-3.775513e-01,2.624052e+00
2333,5.124422e-18,-1.739120e-06,7.968713e-05,5.060674e-04,7.874656e-01,9.047212e-03,2.554747e+00
2334,1.168766e-18,-3.904905e-06,5.390203e-05,5.322685e-04,-2.065621e-02,-3.207521e-02,2.672224e+00
2335,1.233745e-18,-1.093566e-05,5.858715e-05,5.459030e-04,-8.597000e-03,3.680354e-03,-5.592447e-01
2336,3.269821e-17,8.413778e-06,5.990402e-05,4.964399e-04,-4.898772e-01,-7.201516e-01,8.252217e+00
2337,5.181199e-17,9.299991e-06,6.743251e-05,4.872869e-04,6.140180e-01,-7.328968e-02,8.845980e+00
2338,1.319153e-17,1.323044e-05,5.226970e-05,4.896382e-04,1.493840e+00,-7.429630e-01,1.710154e+01
2339,9.020557e-18,5.046930e-06,7.030434e-05,4.875978e-04,4.228959e-01,2.133652e-01,6.140493e+00
2340,8.378859e-17,8.906802e-06,6.936447e-05,5.036624e-04,1.195539e+00,8.798148e-01,1.397029e+01
2341,2.901102e-18,1.015300e-05,6.014220e-05,4.854583e-04,-1.741624e-01,-2.864082e-01,4.822714e+00
2342,3.182539e-18,-4.371590e-09,7.499933e-05,4.972248e-04,6.684197e-02,-3.956638e-02,6.853802e+00
2343,4.588891e-18,-6.422895e-07,5.938309e-05,4.899159e-04,-2.981851e+00,7.230039e-01,-9.112724e-01
2344,5.973966e-18,3.161457e-06,7.388028e-05,4.813641e-04,5.949933e-01,1.281875e+00,4.722689e+00
2345,2.596155e-18,8.516673e-06,7.141110e-05,4.789009e-04,1.236043e-01,1.404010e+00,1.214658e+00
2346,1.616683e-18,1.157361e-05,5.222883e-05,4.862921e-04,6.045902e-01,-2.145340e+00,1.698526e+01
2347,8.282158e-18,1.120227e-05,5.239854e-05,4.804961e-04,-5.663682e-01,8.355280e-01,8.699938e+00
2348,2.750591e-19,8.203341e-06,6.914070e-05,4.975969e-04,1.933601e+00,8.236491e-01,1.636749e+01
2349,2.019049e-17,1.662503e-05,5.388377e-05,5.030877e-04,-4.361678e-01,-1.025377e+00,6.175121e+00
2350,1.141048e-17,2.425750e-05,6.173078e-05,4.974913e-04,1.641047e-03,-1.960273e-02,-1.751195e+00
2351,7.565981e-18,6.251534e-06,5.859394e-05,5.065223e-04,-6.234128e-01,-1.550061e-01,4.134674e+00
2352,3.757859e-18,5.470070e-06,7.109469e-05,5.173445e-04,-1.958454e+00,1.380358e+00,1.974736e+01
2353,3.199801e-17,5.146728e-06,7.076340e-05,5.176762e-04,-2.161552e+00,1.317199e+00,1.923422e+01
2354,3.774787e-18,1.796854e-05,7.109372e-05,5.189099e-04,-5.124760e-02,1.776735e+00,6.926733e+00
2355,5.560961e-17,1.720853e-05,7.164237e-05,5.186524e-04,-1.186339e-01,1.709008e+00,6.809171e+00
2356,7.316053e-17,6.368424e-06,5.865912e-05,5.065774e-04,-5.210869e-01,-2.670253e-01,4.046576e+00
2357,2.005560e-17,1.491417e-05,5.588322e-05,5.164734e-04,-1.575129e+00,1.493652e+00,1.045616e+01
2358,4.021859e-18,5.681221e-06,5.859484e-05,5.213111e-04,-1.662457e+00,3.133910e-03,2.261716e+00
2359,1.173000e-18,-1.713843e-05,-1.621092e-04,4.745577e-04,-8.672676e-01,1.459342e+00,-4.438059e-01
2360,5.097412e-17,-8.583091e-06,-1.715526e-04,4.542554e-04,-4.978598e-01,1.008221e-03,-2.462739e-01
2361,7.196014e-19,-6.278276e-06,-1.863280e-04,4.734012e-04,9.643208e-01,-1.361041e-01,-4.495934e+00
2362,8.108584e-19,1.314135e-05,-1.865684e-04,4.749641e-04,-6.802460e-01,3.482074e-01,-2.853603e+00
2363,2.207278e-18,1.093330e-05,-1.906131e-04,4.706542e-04,2.083204e-01,2.373969e-01,-3.146900e+00
2364,1.247998e-17,1.287556e-05,1.946018e-04,4.802753e-04,6.986323e-02,-1.012841e+00,2.001546e+00
2365,1.293431e-17,1.361728e-05,1.942936e-04,4.968078e-04,-3.673657e-01,-8.650082e-01,3.481714e+00
2366,5.561029e-19,1.016838e-05,2.003904e-04,4.812078e-04,7.131523e-01,1.986243e+00,-6.271058e-01
2367,3.561293e-18,3.918043e-06,1.968764e-04,4.808181e-04,1.830297e-01,-4.482271e-01,3.471256e+00
2368,3.320077e-17,2.401890e-05,2.018671e-04,4.876101e-04,-2.035161e-03,-6.719787e-04,-1.397144e+00
2369,4.655988e-18,3.962517e-06,1.890383e-04,4.827475e-04,-3.324243e+00,-1.222912e-01,7.867797e+00
2370,1.382302e-18,5.078780e-06,1.890301e-04,4.870667e-04,-7.310179e-01,-5.580928e-01,1.203359e+01
2371,1.355510e-18,7.813890e-06,1.773363e-04,4.897894e-04,-1.291948e-03,-1.297614e-01,-2.033002e+00
2372,2.538605e-18,2.460944e-05,1.851559e-04,4.898087e-04,2.283303e-02,1.064267e-01,-3.557355e+00
2373,2.909800e-17,1.673285e-05,2.210105e-04,4.818348e-04,1.661945e+00,-1.425878e+00,8.052727e+00
2374,2.746731e-17,1.530149e-05,2.158670e-04,4.796538e-04,-7.181603e-01,-3.195935e-01,3.253041e+00
2375,1.713576e-17,7.002272e-06,2.109309e-04,4.796876e-04,8.939526e-01,-8.132570e-02,3.347677e+00
2376,4.752450e-18,1.135556e-05,2.164121e-04,4.821627e-04,3.903152e-01,6.629368e-01,6.533242e-01
2377,3.695237e-18,5.463219e-06,2.132795e-04,4.960411e-04,-2.230299e-01,6.267887e-02,2.165535e+00
2378,2.546038e-17,1.067241e-05,2.032758e-04,4.831003e-04,-6.240557e-01,-8.336082e-01,1.873143e+00
2379,3.550999e-18,9.377443e-06,2.234315e-04,4.917381e-04,-3.528378e-02,-2.154462e-01,3.573137e+00
2380,2.988912e-17,2.232054e-05,2.147908e-04,4.827859e-04,6.894297e-01,-6.481953e-01,-5.256660e-01
2381,8.015692e-19,8.204995e-06,2.132633e-04,4.819891e-04,2.379094e-01,-2.462617e+00,4.563762e+00
2382,3.184757e-18,7.818523e-06,2.039082e-04,4.941425e-04,3.975316e-03,-6.331845e-02,6.952035e+00
2383,1.398403e-18,9.369157e-06,2.210956e-04,4.827705e-04,2.941879e-01,-4.804558e-01,-1.506111e+00
2384,1.836684e-18,6.247683e-06,2.068960e-04,4.954771e-04,-4.766963e-02,1.722738e-03,2.273205e+00
2385,3.816103e-18,5.438551e-06,2.023833e-04,4.843894e-04,1.161294e+00,-1.549617e+00,7.594465e-01
2386,1.095606e-18,1.679693e-05,2.157831e-04,4.744556e-04,1.239379e+00,-3.031967e+00,2.275352e-01
2387,3.484877e-19,8.984516e-06,2.128905e-04,4.741837e-04,-4.031258e-01,2.430621e-01,-1.205372e+00
2388,2.686743e-19,8.203181e-06,2.136721e-04,4.694982e-04,2.183754e-01,-3.183489e-01,-4.898179e+00
2389,1.045873e-18,1.003955e-05,-5.642033e-05,4.718383e-04,-2.965572e-01,-1.611863e+00,-6.650708e-01
2390,3.909124e-19,7.421964e-06,-6.210979e-05,4.749652e-04,-1.514591e+00,1.329952e+00,1.818274e+00
2391,1.142477e-17,9.638653e-06,-7.474043e-05,4.894039e-04,-9.294962e-01,-1.048204e+00,5.136468e+00
2392,5.212863e-18,2.225964e-05,-7.130749e-05,4.958519e-04,3.476732e+00,-1.664240e-01,1.269511e+01
2393,9.603282e-17,9.252829e-06,-7.446467e-05,4.893728e-04,-1.015787e+00,-1.229886e+00,4.844813e+00
2394,5.869018e-18,1.727688e-05,-6.975240e-05,4.801120e-04,9.061240e-01,-4.921486e-01,5.074136e+00
2395,2.703003e-19,1.523407e-05,-7.070410e-05,4.788671e-04,6.139714e-02,2.124657e-02,5.553367e+00
2396,1.033754e-18,2.339563e-06,-7.422375e-05,4.905650e-04,5.910483e-01,3.318581e-01,2.454571e+00
2397,1.112284e-17,1.729596e-05,-7.379765e-05,4.888057e-04,1.169037e-01,-2.068224e+00,7.943894e+00
2398,1.426214e-18,2.350960e-06,-6.405296e-05,4.960273e-04,9.247363e-01,9.755865e-02,6.205401e+00
2399,3.516888e-17,1.214099e-05,-6.890422e-05,4.922413e-04,-4.204322e-01,-1.114172e-01,2.006571e+00
2400,1.856820e-17,1.794901e-05,-5.396163e-05,4.922018e-04,-4.334762e-02,4.621841e-02,1.948987e+00
2401,2.793001e-17,2.407010e-05,-7.243058e-05,4.849017e-04,-1.516536e-01,2.147777e-01,-1.124310e+00
2402,2.463566e-18,8.167796e-06,-6.412399e-05,4.803216e-04,-4.509909e-01,4.694681e-02,1.746955e+00
2403,2.678217e-18,1.099607e-05,-5.942836e-05,4.941848e-04,2.862625e-02,-1.088265e-01,1.298238e+00
2404,8.469066e-18,1.562728e-05,-7.410698e-05,4.847716e-04,1.911641e-01,1.047577e-01,9.569471e+00
2405,2.717455e-18,9.280914e-06,-7.495764e-05,4.848067e-04,-2.208226e-01,2.073051e-01,9.028225e+00
2406,6.231096e-19,8.677677e-06,-5.117205e-05,4.936949e-04,-5.013194e-01,-3.039387e-01,1.164523e+01
2407,2.833582e-19,1.445372e-05,-7.460966e-05,4.796480e-04,-2.229101e+00,-7.567812e-01,1.857842e+00
2408,4.751853e-18,8.751682e-06,-6.140267e-05,4.793359e-04,-3.073465e-01,2.115293e+00,8.440295e+00
2409,7.084803e-19,8.985129e-06,-5.976547e-05,4.831176e-04,8.363994e-01,3.949189e+00,1.151321e+01
2410,1.214856e-17,2.425808e-05,-5.693839e-05,4.958605e-04,3.428653e-02,-2.067147e-03,-1.717814e+00
2411,4.619870e-17,-5.765027e-06,-8.381899e-05,4.968599e-04,-2.839374e+00,-8.906204e-01,3.894094e+00
2412,8.733037e-18,-6.264867e-06,-9.999698e-05,4.924971e-04,4.477703e-01,-1.091219e-01,8.035586e+00
2413,1.169021e-17,-1.414283e-05,-8.366413e-05,4.977467e-04,1.832225e+00,-1.819836e-01,4.613909e+00
2414,2.337839e-17,-1.737790e-06,-8.714971e-05,4.839444e-04,2.816146e+00,3.226201e-01,9.009573e-01
2415,4.537741e-18,-2.350852e-06,-9.687033e-05,4.905834e-04,3.276238e-01,-1.077304e-01,4.695816e+00
2416,1.511469e-18,-2.083393e-05,-7.897355e-05,4.824994e-04,8.447392e-01,-8.619985e-01,5.959092e+00
2417,2.790496e-18,-9.379593e-06,-8.125471e-05,4.878782e-04,1.067343e-01,1.078358e-01,5.367629e-01
2418,5.684235e-18,-1.092021e-05,-9.504290e-05,4.939043e-04,-1.041380e-01,1.152560e-01,2.354320e+00
2419,1.071357e-17,-2.425620e-05,-8.517221e-05,4.960256e-04,-2.440104e-02,-4.386651e-02,-1.761005e+00
2420,3.552647e-19,8.986872e-06,-9.961009e-05,4.936939e-04,-4.072070e+00,9.175745e-01,5.501360e+00
2421,2.067459e-17,1.637290e-05,-1.014039e-04,4.886470e-04,1.622856e+00,-5.766710e-01,1.421532e+01
2422,7.769835e-17,1.092496e-05,-9.823189e-05,4.861784e-04,5.156828e-01,6.006480e-01,5.268000e+00
2423,1.834957e-17,1.597347e-05,-7.796390e-05,4.897813e-04,-3.890920e-01,1.793497e+00,4.122807e+00
2424,1.119353e-18,8.601231e-06,-8.202685e-05,4.858919e-04,1.578926e-01,1.875167e-01,2.329686e+00
2425,9.833510e-19,5.471713e-06,-9.765280e-05,4.952523e-04,1.575089e-01,4.674609e-01,8.459438e-01
2426,2.757100e-17,1.699865e-05,-9.296438e-05,4.832172e-04,1.166374e+00,-3.445865e-01,1.209117e-01
2427,1.389905e-18,1.014442e-05,-8.201175e-05,4.929131e-04,3.057629e-02,-4.217744e-01,5.056984e+00
2428,4.269550e-18,5.466573e-06,-9.416116e-05,4.847535e-04,1.189721e-01,1.220312e-01,1.576127e-01
2429,2.558052e-17,2.408563e-05,-8.749631e-05,4.944459e-04,3.596238e-02,2.007271e-02,-9.474413e-01
2430,2.439209e-19,8.984426e-06,-7.617177e-05,4.788659e-04,-7.945460e-01,5.509340e-01,-5.133260e+00
2431,1.741322e-18,2.460934e-05,-8.984157e-05,4.855177e-04,7.437330e-02,-1.842718e-01,-2.259637e+00
2432,9.450845e-17,-1.486101e-05,-1.039478e-04,5.224301e-04,2.318596e-02,-3.099748e-01,4.545179e+00
2433,1.763648e-17,-1.113039e-05,-1.106046e-04,5.231999e-04,-2.622155e-02,-2.171250e+00,2.616998e+01
2434,1.460705e-16,9.640962e-06,-1.058113e-04,5.070314e-04,-6.402740e-01,-2.888404e-01,3.824818e+00
2435,2.460719e-17,5.301957e-06,-1.220744e-04,5.058369e-04,1.458028e+00,-1.554580e+00,6.047587e+00
2436,1.607686e-18,7.720438e-06,-1.256831e-04,5.059637e-04,1.888447e-01,-2.889869e-02,2.414119e+00
2437,6.272722e-17,-3.350585e-06,-1.181285e-04,5.179069e-04,3.019591e+00,5.355618e-01,1.369168e+01
2438,1.235309e-18,-7.856242e-07,-1.148403e-04,5.045737e-04,2.445301e-02,-5.179656e-02,4.902246e+00
2439,2.828243e-17,2.403862e-05,-1.214251e-04,4.986707e-04,1.503264e-02,-9.182621e-03,-1.374018e+00
2440,4.261372e-17,3.532239e-07,-1.029105e-04,5.067486e-04,-1.398700e+00,-5.869468e-01,1.118704e+01
2441,2.801706e-16,-1.258299e-05,-1.137602e-04,5.101649e-04,-6.147543e-01,7.410690e-01,6.583282e+00
2442,3.247042e-17,-7.541702e-06,-1.098835e-04,5.043889e-04,2.163891e+00,-1.046661e+00,1.894242e+01
2443,1.499030e-18,-9.342904e-06,-1.218682e-04,5.076778e-04,9.689124e-02,1.131173e-04,8.399337e+00
2444,1.569087e-17,-6.398667e-06,-1.154104e-04,5.208016e-04,1.290596e+00,4.509072e-01,3.319687e+00
2445,1.064407e-17,7.926282e-06,-1.257703e-04,5.158139e-04,3.020237e-01,-8.787638e-02,5.507109e+00
2446,3.877586e-18,-3.480606e-06,-1.116459e-04,5.166473e-04,-2.353102e+00,-5.056712e-01,9.245569e+00
2447,5.853232e-18,1.091840e-05,-1.179708e-04,5.130012e-04,1.669307e-01,6.573829e-02,5.962806e+00
2448,4.682697e-18,-1.482450e-05,-1.460959e-04,5.035408e-04,3.583584e-01,8.866843e-01,7.154167e+00
2449,4.402161e-18,-1.328730e-05,-1.281290e-04,5.214715e-04,1.523594e-01,2.204668e-01,5.164382e+00
2450,3.857873e-18,-3.904336e-06,-1.351537e-04,5.215501e-04,1.363669e-02,2.700151e-03,2.267576e+00
2451,4.903913e-17,4.135835e-06,-1.276808e-04,5.046835e-04,3.909755e-01,8.750182e-02,4.747449e+00
2452,4.413008e-17,1.937133e-05,-1.409288e-04,5.167631e-04,9.413179e-01,5.109143e-01,1.613875e+00
2453,3.444642e-18,8.583718e-06,-1.390618e-04,5.096576e-04,-6.663762e-01,2.171628e-01,3.569840e-01
2454,6.307429e-17,-2.380280e-05,-1.196774e-04,4.924294e-04,-8.977508e-04,5.292056e-03,-1.127292e+00
2455,6.792292e-18,-8.819789e-06,-1.056661e-04,4.914480e-04,1.392500e+00,2.218840e+00,1.033231e+01
2456,1.986385e-18,-7.757161e-06,-1.094255e-04,4.982776e-04,-8.165119e-01,2.283097e-02,1.686616e+01
2457,3.259917e-18,-6.223837e-06,-1.093845e-04,4.870695e-04,7.586729e-01,3.057455e-01,7.907964e+00
2458,8.671056e-18,-2.180778e-06,-1.022397e-04,4.880520e-04,-1.683208e+00,-1.116918e+00,7.039031e+00
2459,1.544345e-17,1.464850e-06,-1.069446e-04,4.869027e-04,-1.165620e+00,3.276095e-01,6.679657e+00
2460,1.580349e-17,-1.896644e-05,-1.209626e-04,4.812845e-04,-6.028715e-01,-1.233197e-01,3.771412e+00
2461,5.684656e-18,-2.585486e-06,-1.074491e-04,4.811729e-04,-2.570580e-01,-3.310416e-01,1.996116e+00
2462,8.979802e-18,7.268241e-07,-1.015515e-04,4.901976e-04,-8.351173e-01,-9.017672e-02,4.518355e+00
2463,2.923598e-18,7.846396e-07,-1.234446e-04,4.986926e-04,-2.349585e-02,-7.134214e-02,1.029866e+00
2464,1.331003e-17,-1.643155e-05,-1.142775e-04,4.828296e-04,-7.361650e-01,1.644212e+00,2.411807e+00
2465,6.474736e-19,-4.297313e-06,-1.082033e-04,4.830863e-04,4.289490e+00,7.281035e-01,1.083664e+00
2466,3.020866e-18,-7.813700e-07,-1.148467e-04,4.956458e-04,-9.825286e-03,-4.364284e-02,4.920701e+00
2467,5.272251e-19,-7.422339e-06,-1.179674e-04,4.882318e-04,2.176608e-01,1.521834e-01,5.908333e-01
2468,1.304561e-18,-7.825492e-06,-1.093622e-04,4.944769e-04,3.398690e-01,-1.253164e-01,1.291190e+01
2469,2.242327e-18,-7.692294e-06,-1.093702e-04,4.907749e-04,4.099001e-01,1.373943e-01,9.884919e+00
2470,1.180239e-18,-1.869788e-05,-1.211125e-04,4.780863e-04,1.212996e+00,2.883610e-02,5.057829e+00
2471,1.112272e-17,1.171394e-05,-1.078633e-04,4.942734e-04,4.094908e-02,-2.397596e-01,8.888028e+00
2472,1.370092e-18,2.316551e-06,-1.117107e-04,4.968087e-04,-1.846010e+00,1.387077e-01,3.446321e+00
2473,2.576152e-17,7.013169e-06,-1.077267e-04,4.839086e-04,-1.684615e-01,-1.386538e-01,2.480754e+00
2474,2.280098e-18,1.800878e-05,-1.116424e-04,4.949903e-04,1.306907e+00,1.237757e+00,-3.228356e+00
2475,3.493979e-18,2.460946e-05,-1.117503e-04,4.893337e-04,-2.256785e-03,2.853107e-02,-2.446009e+00
2476,2.623001e-17,3.013268e-06,-2.043533e-04,4.615181e-04,6.638754e-01,-3.380384e-01,-8.548363e-01
2477,8.424149e-19,8.984534e-06,-2.207031e-04,4.690695e-04,-3.606354e+00,-1.423052e+00,-4.811558e+00
2478,2.526657e-19,8.202949e-06,-2.207029e-04,4.741832e-04,-1.945025e-01,-8.328918e-03,2.479408e+00
2479,6.150708e-19,-1.952987e-06,-2.058594e-04,4.737849e-04,1.311929e+00,-1.088813e+00,-4.818766e+00
2480,5.599081e-19,-2.734346e-06,-2.402344e-04,4.722351e-04,2.923143e+00,2.029864e+00,-1.868849e+00
2481,1.224144e-18,-7.792037e-06,-2.261719e-04,4.706960e-04,-2.887748e+00,3.998985e+00,-4.783042e+00
2482,1.182411e-18,-1.485486e-05,-2.375383e-04,4.694983e-04,-2.326205e+00,-7.755381e-01,-7.290536e+00
2483,2.666561e-18,-7.125995e-06,-2.279931e-04,4.728262e-04,1.192490e+00,2.333961e-01,-1.147064e+00
2484,2.465218e-19,3.906418e-07,-2.332032e-04,4.726213e-04,-5.175634e-01,3.119165e+00,-2.293524e+00
2485,3.080240e-19,1.054666e-05,-2.496094e-04,4.694957e-04,1.432109e+00,-6.681010e-01,-4.593905e+00
2486,6.919722e-17,-1.379452e-05,4.753749e-05,4.843277e-04,-1.807087e-01,-8.595100e-01,2.839913e+00
2487,1.395264e-18,-9.155785e-06,4.930219e-05,4.968127e-04,3.891136e-01,-3.921324e-01,3.875983e+00
2488,1.469089e-16,-5.534643e-06,4.662632e-05,4.931138e-04,8.616982e-01,2.522155e+00,7.581767e+00
2489,1.942633e-17,-1.861908e-05,7.118099e-05,4.953167e-04,5.574056e-02,5.430269e-01,5.343267e+00
2490,1.252205e-16,-2.340036e-05,6.156941e-05,4.853747e-04,-3.220385e-01,-2.670073e-01,-1.985988e-01
2491,1.815009e-17,-4.898839e-06,7.147757e-05,4.800038e-04,4.440049e-01,-2.129423e+00,8.100349e+00
2492,2.031478e-18,-2.381981e-06,6.576023e-05,4.954549e-04,2.171110e+00,3.873284e-01,1.825610e+01
2493,1.902172e-18,-1.704663e-05,6.872104e-05,4.927065e-04,-2.152877e-01,-2.839665e-01,5.895387e+00
2494,4.931556e-18,-6.244595e-06,5.546813e-05,4.850587e-04,1.557100e-01,1.042722e-01,6.094840e-01
2495,1.636681e-17,-1.562524e-05,5.418298e-05,4.810805e-04,9.027280e-01,-6.366667e-01,4.368620e-01
2496,1.528864e-18,-1.641109e-05,6.093218e-05,4.874589e-04,-1.378005e-01,-2.009845e-01,-2.343836e+00
2497,2.252496e-17,-2.406257e-06,6.554762e-05,4.835899e-04,1.386398e+00,-3.984189e-01,9.293452e+00
2498,2.719743e-18,-4.686033e-06,5.547520e-05,4.894968e-04,-6.081657e-02,2.174689e-01,-1.783482e+00
2499,7.984285e-18,-2.432454e-05,7.108601e-05,4.890204e-04,-6.352722e-03,9.573914e-03,-2.046334e+00
2500,2.307323e-18,-2.460949e-05,5.390635e-05,4.968096e-04,-1.008333e-01,-2.327909e-01,-3.560220e+00
2501,1.503780e-17,-1.153087e-05,9.624396e-05,4.962306e-04,1.872272e-01,-9.669362e-01,1.366296e+01
2502,1.158796e-16,-8.258938e-06,8.193124e-05,4.838890e-04,-7.884762e-01,2.035858e+00,1.937475e+00
2503,1.225773e-18,-1.328811e-05,9.139333e-05,4.858943e-04,-3.448679e-02,5.759830e-02,6.352966e+00
2504,4.652357e-18,-1.093754e-05,8.671769e-05,4.865594e-04,-7.433385e-02,4.607336e-03,5.599742e+00
2505,1.429260e-18,8.598690e-06,7.813256e-05,4.905714e-04,-1.291098e-01,3.286449e-01,4.071851e+00
2506,2.868086e-17,-1.587897e-05,9.110562e-05,4.918110e-04,-1.370383e+00,-8.056379e-01,7.925541e+00
2507,6.243895e-18,2.391892e-06,9.494730e-05,4.882735e-04,1.066711e+00,1.826293e+00,1.469685e+00
2508,2.124468e-18,2.230591e-10,7.645754e-05,4.923023e-04,5.605725e-02,-5.713901e-01,6.586074e+00
2509,1.225161e-18,1.875460e-05,9.063266e-05,4.843343e-04,4.188364e-02,-7.332814e-02,4.383084e-01
2510,1.820601e-18,1.708501e-05,9.700866e-05,4.776855e-04,-3.120855e-01,6.159621e-01,5.129320e-01
2511,3.000773e-18,-1.008402e-05,8.189726e-05,4.967249e-04,-1.196378e-01,9.016387e-02,8.067529e+00
2512,9.004323e-18,8.361320e-06,7.871515e-05,4.820928e-04,-6.338733e-02,5.230775e-01,1.689764e+00
2513,2.924268e-18,8.677399e-09,8.048511e-05,4.839340e-04,1.272299e-01,-9.326021e-01,3.229766e+00
2514,5.171154e-18,1.353641e-05,8.046865e-05,4.830164e-04,-2.580769e+00,5.842066e-01,5.007614e-01
2515,3.475921e-18,1.563778e-05,8.281079e-05,4.784696e-04,3.204070e-01,1.286098e+00,-4.573104e+00
2516,2.503361e-18,2.460952e-05,7.812465e-05,4.882702e-04,4.907902e-02,-5.841196e-03,-3.142261e+00
2517,2.641184e-18,2.460945e-05,9.229384e-05,4.894613e-04,-4.942934e-02,-4.581779e-02,-3.444687e+00
2518,6.974801e-18,-1.171582e-05,9.687284e-05,4.885844e-04,2.329194e-01,1.905679e-01,9.883452e+00
2519,2.420892e-18,-1.169184e-05,9.843798e-05,4.815785e-04,-9.060302e-01,-6.528539e-01,5.190846e+00
2520,7.953461e-19,-1.001906e-05,9.283532e-05,4.983784e-04,1.653299e-01,1.757953e-01,9.370456e-01
2521,2.410525e-18,-1.406882e-05,9.376073e-05,4.987203e-04,-6.210666e-02,-1.636674e-02,9.335339e-01
2522,2.294049e-18,-8.488039e-06,8.907009e-05,4.989604e-04,-2.370358e-01,5.405765e-02,3.025578e+00
2523,1.363692e-17,-1.711539e-05,8.295857e-05,4.761282e-04,2.172875e-01,1.688794e-01,-9.018774e-01
2524,2.464579e-18,-2.460944e-05,9.687321e-05,4.851802e-04,-6.040372e-02,-2.561830e-02,-2.678340e+00
2525,9.015438e-19,-1.345462e-05,9.129029e-05,4.812101e-04,-7.068838e-01,-5.467802e-01,3.112321e+00
2526,6.344950e-18,-1.012131e-05,8.276813e-05,4.767366e-04,-2.299491e-01,-9.831677e-02,5.409652e-01
2527,1.990804e-17,-2.415585e-05,8.483732e-05,4.879978e-04,3.626822e-02,2.803670e-02,-1.703185e+00
2528,1.144076e-17,-2.426703e-05,8.970809e-05,4.978216e-04,1.665941e-02,-1.883618e-02,-1.837164e+00
2529,1.470953e-18,-1.679710e-05,8.273252e-05,4.708815e-04,-2.723997e-01,-2.508103e+00,-4.493947e+00
2530,1.312080e-17,-3.715089e-06,4.601259e-05,5.123451e-04,7.529029e-01,-1.051281e-01,1.217489e+01
2531,9.357238e-17,-7.061304e-06,2.366864e-05,5.005625e-04,-1.551408e-01,-3.906888e-01,3.870489e+00
2532,7.360357e-18,-9.808814e-06,4.712363e-05,5.163319e-04,5.680815e-01,-1.700137e+00,1.025540e+01
2533,4.799355e-18,-1.291545e-05,3.986172e-05,5.196627e-04,3.997626e-01,2.588335e-01,4.928467e+00
2534,8.546841e-18,-1.349778e-05,3.277975e-05,5.124939e-04,4.393798e-01,-2.880486e+00,3.790550e+00
2535,2.448853e-17,-1.637730e-05,4.202139e-05,4.968583e-04,-2.400207e-01,4.950918e-01,1.501694e+01
2536,1.680423e-17,-1.180029e-05,4.165756e-05,4.987317e-04,1.595340e+00,-1.254662e+00,1.058852e+01
2537,4.695320e-17,-2.377457e-05,3.631571e-05,4.808459e-04,-5.967925e-01,-4.767828e-01,1.080627e+00
2538,7.110706e-19,-1.601595e-05,4.414025e-05,4.855007e-04,-5.255257e-01,2.577661e+00,3.817295e+00
2539,1.816227e-17,-1.027271e-05,2.752404e-05,4.891690e-04,1.343242e+00,1.810283e+00,1.832796e+00
2540,4.774211e-18,-2.111869e-05,4.075013e-05,4.810195e-04,1.435702e+00,2.907856e-01,1.044135e+01
2541,4.589117e-17,-2.413388e-05,3.587639e-05,4.956528e-04,1.794422e-01,-2.707945e-01,-1.078788e+00
2542,4.446503e-18,-1.564850e-05,4.292703e-05,4.824424e-04,-1.737504e-01,5.893536e-02,4.680348e+00
2543,1.481494e-18,-6.243857e-06,2.577814e-05,4.835433e-04,-2.328126e-02,8.877023e-02,-2.153282e+00
2544,1.260240e-16,-1.607972e-05,5.854037e-06,5.007895e-04,-1.561187e-02,-1.643113e+00,1.133805e+01
2545,2.605056e-19,-1.523455e-05,1.054468e-05,5.154162e-04,-6.501281e-01,9.182904e-01,1.261483e+01
2546,2.682553e-18,-1.562052e-05,1.093817e-05,5.197073e-04,-9.178632e-01,1.809763e-01,1.459926e+01
2547,3.395219e-18,-1.086999e-05,1.105574e-05,5.235789e-04,-4.225646e-01,-8.194385e-01,1.665600e+01
2548,3.085844e-17,-1.237674e-05,1.536471e-05,5.223796e-04,1.927942e-01,-3.267474e-01,5.865606e+00
2549,1.618281e-17,-1.244097e-05,1.020084e-05,5.117122e-04,-1.603781e+00,1.476628e+00,1.322879e+01
2550,1.440568e-16,-5.173500e-06,4.157144e-06,5.006239e-04,1.207586e+00,5.678130e-01,1.348816e+01
2551,5.179744e-18,-2.186861e-05,8.922826e-06,5.188806e-04,1.315869e-01,-1.885220e+00,1.205914e+01
2552,1.160966e-17,-1.661317e-05,1.368834e-05,5.117269e-04,-3.626921e-02,-2.722781e+00,-3.816968e-01
2553,2.770839e-17,-1.425405e-05,1.458221e-05,4.941337e-04,2.475102e+00,-1.249616e+00,9.268675e+00
2554,9.430887e-18,-1.563668e-05,9.751240e-06,4.882514e-04,2.083161e+00,-4.258694e-01,7.131230e+00
2555,1.392401e-18,-1.879952e-05,1.409776e-05,4.796449e-04,-1.766439e-01,-6.308607e-01,3.030673e+00
2556,3.923284e-18,-1.880498e-05,1.472194e-05,4.838044e-04,-7.116231e-01,-1.272040e-01,5.359820e+00
2557,1.321681e-17,-1.701323e-05,2.581171e-06,4.820314e-04,-1.507311e+00,-4.118986e+00,4.410237e+00
2558,2.399725e-17,-3.144562e-06,1.162111e-05,4.879270e-04,2.435753e-01,4.283803e-01,4.809346e-01
2559,1.462458e-18,-1.354189e-05,3.997340e-06,4.863542e-04,4.666218e-02,-1.821850e+00,4.027327e+00
2560,1.744793e-18,-7.843523e-06,5.405660e-06,4.903974e-04,-5.895469e-01,-1.307624e+00,1.532246e+01
2561,1.305387e-18,-2.265605e-05,1.719176e-05,4.835520e-04,1.436498e-02,2.012151e-02,-4.136986e+00
2562,1.509565e-18,-1.132860e-05,3.117431e-06,4.832007e-04,3.546525e-01,4.691931e-01,5.424367e+00
2563,1.129139e-18,-8.985080e-06,5.859743e-06,4.854525e-04,-1.997384e+00,-1.916031e+00,7.348715e+00
2564,7.326807e-19,-7.422180e-06,1.872307e-05,4.944628e-04,6.358214e+00,-8.658596e-01,9.274957e-01
