droplet_id,volume,ux,uy,uz,vx,vy,vz
1,2.848080e-16,5.076728e-05,-7.191277e-06,5.338770e-04,-7.254914e-01,3.117120e-01,1.906503e+01
2,1.015485e-16,6.568004e-05,-7.297766e-06,5.487287e-04,-2.128635e+00,-3.396283e-01,1.272689e+01
3,7.988677e-12,7.127027e-08,6.581778e-08,3.871446e-04,-7.287224e-03,-6.412480e-03,6.051505e+00
4,4.554180e-18,5.468717e-05,-3.127113e-06,5.482281e-04,-5.230115e-02,-7.936963e-02,7.417974e+00
5,2.177399e-18,7.186837e-05,-1.250834e-05,5.315932e-04,-1.351185e-01,-2.245174e-02,7.967435e+00
6,2.964423e-17,5.510298e-05,-9.773283e-06,5.426804e-04,-3.962024e-01,8.571827e-01,4.670653e+00
7,3.982881e-18,5.937379e-05,-1.718684e-05,5.283860e-04,-2.784157e-03,6.875772e-02,4.462197e+00
8,4.643806e-18,5.937583e-05,-1.718710e-05,5.347977e-04,2.550808e-02,-3.596773e-01,4.359145e+00
9,2.748770e-18,6.249662e-05,-1.405821e-05,5.380856e-04,2.889579e-02,-8.016957e-02,3.424070e+00
10,7.587594e-18,6.443573e-05,8.560720e-06,5.360825e-04,3.152121e+00,-1.104465e+00,1.425036e+01
11,4.772337e-18,5.702972e-05,7.814692e-06,5.469574e-04,3.978841e-02,-4.395250e-02,6.418118e+00
12,2.484310e-18,5.000174e-05,1.797416e-05,5.372730e-04,-9.717253e-02,2.404936e-01,1.672793e+00
13,4.518894e-18,2.611544e-05,8.593633e-06,5.044094e-04,-1.342858e+00,-1.848084e-01,4.366029e+00
14,1.506003e-18,3.188895e-05,8.446170e-06,5.188638e-04,2.436307e-01,4.563154e-02,4.163280e+00
15,2.404020e-18,3.828086e-05,3.901814e-06,5.241963e-04,2.741763e-02,3.753001e-03,1.293756e+00
16,1.141262e-17,4.135278e-05,9.283414e-06,5.358179e-04,6.489767e-02,-1.369447e+00,6.512001e+00
17,4.802002e-18,4.062294e-05,1.640891e-05,5.462436e-04,-5.030468e-02,-2.090703e-02,5.886551e+00
18,5.842101e-18,3.979761e-05,9.062855e-06,5.384281e-04,1.807918e-01,1.478076e-02,2.756595e+00
19,9.671566e-17,3.502693e-05,-3.940254e-06,5.035524e-04,-6.456483e-01,4.038799e-01,5.378602e+00
20,4.744903e-17,2.709774e-05,-4.158550e-06,5.231745e-04,-8.008126e-02,-8.967031e-01,4.768280e+00
21,1.741590e-18,2.740539e-05,-1.334714e-05,5.098143e-04,-7.807131e-02,6.467269e-01,5.535062e+00
22,2.872488e-18,2.812961e-05,-1.328654e-05,5.165280e-04,3.665324e-02,1.396205e+00,3.746486e+00
23,1.345173e-18,3.281245e-05,-6.247890e-06,5.108770e-04,7.326227e-02,-1.476077e-02,1.718564e+00
24,4.374242e-18,3.671940e-05,-7.821831e-06,5.115785e-04,-1.420300e-01,9.861630e-02,1.284068e+00
25,2.033700e-17,-2.130971e-05,-1.460400e-04,4.785881e-04,1.356583e+00,5.433386e-01,2.396575e+00
26,2.430654e-19,5.860928e-06,-1.417978e-04,4.783646e-04,-3.095747e+00,1.751106e+00,2.518947e-01
27,5.806394e-17,2.283113e-06,-1.017879e-04,4.860121e-04,-1.529803e+00,-2.937516e-01,1.047408e+01
28,3.807643e-19,-9.764040e-06,-1.230482e-04,4.783644e-04,3.224801e-01,-6.974192e-01,7.731320e+00
29,9.506841e-18,-6.386402e-06,-1.000114e-04,4.801264e-04,7.957098e-01,4.735406e-01,4.858742e+00
30,2.556857e-17,6.934755e-06,-1.070466e-04,4.798943e-04,2.648394e-01,-6.723849e-01,2.556155e+00
31,1.165544e-17,1.183679e-05,-1.076788e-04,4.800800e-04,-1.258758e+00,6.332789e-01,6.579307e+00
32,5.347117e-19,1.132790e-05,-1.078089e-04,4.744680e-04,1.051647e+00,1.393554e+00,-1.905192e+00
33,1.000604e-18,1.952973e-06,-1.013698e-04,4.723397e-04,-2.432054e+00,-1.896556e+00,-1.203401e+00
34,6.284166e-19,9.765873e-06,5.976626e-05,4.771996e-04,1.460047e+00,-1.454468e+00,7.030814e+00
35,2.721544e-19,1.054685e-05,5.976493e-05,4.752437e-04,1.981114e+00,1.802555e+00,3.001495e+00
36,3.006826e-19,9.766048e-06,6.054515e-05,4.760241e-04,1.656266e+00,6.544220e-01,5.109190e+00
37,2.602511e-19,1.054737e-05,5.820365e-05,4.721207e-04,3.183420e-03,-2.522743e+00,-4.582080e+00
38,2.447591e-19,1.054701e-05,5.898462e-05,4.729002e-04,-1.076693e-02,-2.718859e+00,-2.517244e+00
39,2.562936e-19,1.601624e-05,5.507843e-05,4.713430e-04,-4.074756e+00,8.594369e-01,5.309987e+00
40,4.065553e-18,2.235185e-06,2.814437e-05,4.778151e-04,4.859386e-01,2.904293e-01,4.219156e+00
41,1.470288e-17,5.913182e-06,6.639567e-05,4.880991e-04,-3.166947e-01,6.901521e-02,-1.850026e-02
42,8.521280e-19,9.504460e-06,5.534368e-05,5.025247e-04,3.183035e-01,5.813249e-01,-2.356272e+00
43,3.787304e-18,1.640041e-05,6.484644e-05,4.807066e-04,-1.412521e-01,1.197780e-01,-1.201514e+00
44,9.744779e-17,7.131800e-06,2.188404e-05,4.853392e-04,9.214907e-01,1.682303e+00,5.492768e+00
45,2.518406e-18,1.330155e-05,2.423572e-05,4.888339e-04,6.284869e-02,7.417203e-01,3.978830e+00
46,2.269594e-17,1.365112e-07,2.334913e-05,4.934126e-04,1.624321e-01,5.893241e-01,2.015981e+00
47,1.487539e-18,4.625560e-06,3.522012e-05,4.917130e-04,-7.626252e-02,2.051601e-02,1.900013e+00
48,2.806932e-18,3.911765e-06,4.141370e-05,4.857041e-04,5.615687e-01,3.355290e-01,-1.832458e-01
49,2.805961e-17,1.477637e-06,2.886200e-05,4.879988e-04,-2.210091e+00,2.457588e-01,8.080043e+00
50,2.815019e-17,1.616063e-05,4.651983e-05,4.921169e-04,3.841271e-01,-1.200012e+00,9.211058e+00
51,5.166510e-18,2.186499e-05,3.749572e-05,4.994889e-04,2.105709e-02,-1.864180e-01,6.406045e+00
52,3.205228e-18,2.186950e-05,4.842295e-05,4.881510e-04,9.337684e-01,5.744103e-01,3.766211e+00
53,3.029149e-18,4.683893e-06,4.922110e-05,5.028984e-04,-1.863551e-01,-4.420722e-02,3.039565e+00
54,2.505615e-18,8.593978e-06,4.921425e-05,4.818741e-04,1.048234e-01,-2.245157e-01,1.380361e+00
55,2.276811e-18,3.264481e-06,2.795424e-05,4.833871e-04,-1.000927e+00,7.383440e-01,8.511738e+00
56,1.577735e-18,1.323637e-05,4.690513e-05,4.892966e-04,2.967527e+00,1.249296e+00,-1.033569e-01
57,3.362063e-19,1.680002e-05,4.882862e-05,4.814944e-04,1.040913e+00,-5.332983e-02,6.863490e+00
58,2.950983e-18,1.015959e-05,2.890687e-05,4.974115e-04,1.703347e-01,-8.220509e-02,1.223252e+00
59,2.922159e-18,-1.117013e-04,-1.562790e-05,4.889189e-04,-1.349520e+00,3.057739e-01,-2.813702e+00
60,1.468929e-17,-1.168906e-04,-1.423650e-05,4.798518e-04,-6.318499e-01,8.713341e-01,-2.899967e-01
61,2.677964e-19,-1.027357e-04,-9.766240e-06,4.830440e-04,1.483401e+00,-1.886277e+00,4.958347e+00
62,1.449245e-17,-1.242289e-04,-6.468296e-06,4.934728e-04,1.098605e+00,-1.016452e+00,2.761751e+00
63,3.023143e-18,-1.089538e-04,-2.436317e-06,4.940952e-04,2.795577e+00,-2.314328e-01,5.687693e+00
64,7.347934e-19,-1.066406e-04,-1.210998e-05,4.803348e-04,-3.232809e-01,1.026492e+00,6.530798e+00
65,3.452389e-18,-1.195070e-04,-1.093465e-05,4.834457e-04,3.800190e-01,-1.788545e-03,2.923582e+00
66,4.486702e-18,-1.234148e-04,-1.538923e-06,4.902262e-04,5.925198e-02,2.671183e-01,2.319641e+00
67,1.384973e-18,-1.101841e-04,-1.331113e-05,4.853899e-04,-9.264490e-01,1.970489e-01,2.647878e+00
68,2.369750e-18,-1.118717e-04,-1.236706e-05,4.748995e-04,1.069290e-01,4.218779e+00,-8.732241e-01
69,2.575799e-19,-1.105473e-04,-1.835953e-05,4.721339e-04,1.201770e+00,2.041070e+00,6.757762e-01
70,2.144798e-18,-1.029457e-04,5.339882e-06,4.748527e-04,3.246849e+00,3.970899e-01,8.322613e-01
71,7.123183e-18,-1.069544e-04,2.393704e-05,4.787047e-04,-2.435144e-01,-2.182897e-01,9.433875e-02
72,3.589786e-19,-1.097652e-04,1.132580e-05,4.768095e-04,-2.326581e+00,-2.667238e+00,3.060336e+00
73,4.269901e-17,-1.120503e-04,7.939403e-06,4.878537e-04,1.582916e-01,-2.186209e+00,1.860143e+01
74,4.338607e-18,-1.991146e-04,-5.454359e-06,5.317646e-04,-1.059733e+00,3.372859e-01,8.188977e+00
75,5.166481e-18,-1.945356e-04,-9.273050e-06,5.441373e-04,-5.544313e-02,1.329537e-01,5.169598e+00
76,1.491821e-17,-1.910117e-04,-1.133203e-05,5.299854e-04,5.232749e-01,-1.675167e-01,5.301841e+00
77,6.340414e-18,-1.968758e-04,-4.693661e-06,5.386492e-04,-7.504384e-02,6.078517e-02,5.481856e+00
78,2.614510e-18,-1.906293e-04,-1.250387e-05,5.394612e-04,-6.670689e-02,-4.397925e-04,2.427222e+00
79,1.109454e-18,-1.804616e-04,-3.912094e-06,5.397236e-04,-5.610887e-03,2.049851e-02,1.676399e+00
80,1.233134e-18,-1.930292e-04,2.260208e-05,5.354100e-04,-1.301180e-01,-5.394988e-02,4.141041e+00
81,1.746115e-16,-1.976069e-04,1.463339e-06,5.171410e-04,9.660079e-02,4.643415e-01,6.142839e+00
82,2.834855e-17,-1.802255e-04,2.913387e-07,5.204765e-04,2.489995e-01,-1.789554e+00,8.361619e+00
83,1.854701e-16,-1.768353e-04,4.882826e-06,5.036567e-04,-2.202735e-02,2.304976e+00,1.467398e+01
84,2.458063e-16,-1.864234e-04,-1.157427e-06,5.001534e-04,1.306040e+00,7.967612e-01,7.014280e+00
85,3.733931e-18,-1.960922e-04,7.032570e-06,5.097637e-04,-1.340644e-01,-4.426576e-01,1.513138e+01
86,4.236604e-17,-1.961773e-04,7.490041e-06,5.101436e-04,-3.528463e-01,-3.695908e-01,1.482728e+01
87,1.805007e-17,-1.782779e-04,1.795763e-05,5.240296e-04,-2.105453e+00,-1.287318e-01,6.991629e+00
88,6.996080e-18,-1.804686e-04,9.703045e-06,5.055862e-04,7.910648e-02,2.139504e-01,5.367053e+00
89,2.838713e-18,-1.859355e-04,1.734536e-05,5.132459e-04,3.675303e-01,1.383638e+00,3.510669e+00
90,1.154018e-17,-1.802796e-04,4.079334e-10,5.142537e-04,2.274013e-01,-9.567441e-02,6.599394e+00
91,5.254822e-18,-1.828085e-04,1.562114e-05,5.245627e-04,1.128188e-01,-2.947975e-01,2.248659e+00
92,4.417246e-18,-1.859549e-04,1.718145e-05,5.093958e-04,3.032106e-01,-7.899969e-02,3.337194e+00
93,4.042277e-18,-1.740656e-04,-7.011986e-06,5.111359e-04,-4.553164e+00,-1.567583e+00,2.672336e+01
94,1.212892e-16,-1.613278e-04,-1.017240e-05,5.031670e-04,-9.664183e-01,-3.731607e+00,8.367673e+00
95,2.633185e-18,-1.725880e-04,-6.305358e-06,5.030089e-04,-3.590803e+00,-2.386752e-01,2.227680e+01
96,5.532595e-18,-1.718719e-04,-1.362186e-05,5.043455e-04,-1.266989e-01,-3.176397e+00,1.393408e+01
97,2.497083e-18,-1.718823e-04,-1.792307e-05,5.143717e-04,-1.231995e-01,-5.140449e+00,1.456833e+01
98,3.356031e-18,-1.718748e-04,-1.565198e-05,5.098059e-04,-2.089952e-01,-3.490864e+00,1.414010e+01
99,3.231333e-17,-1.536198e-04,1.056139e-08,5.271469e-04,-2.757517e-01,1.283352e+00,3.573018e+00
100,1.224458e-18,-1.679665e-04,-7.805523e-07,5.024756e-04,7.142075e-02,5.813947e-03,1.970812e+00
101,2.466427e-18,-1.578078e-04,-1.483894e-05,5.196254e-04,2.370892e-01,1.922827e-02,4.029228e+00
102,3.106481e-18,-1.694879e-04,-7.592847e-07,5.075252e-04,-5.856202e-01,-7.491878e-02,2.770561e+00
103,5.937314e-18,-1.695322e-04,2.341298e-06,5.222482e-04,1.450548e-02,1.035934e-02,2.520987e+00
104,7.992132e-18,-1.711327e-04,1.344200e-05,5.210161e-04,-7.018881e-01,-9.427574e-01,7.174351e-01
105,2.821401e-17,-1.535508e-04,1.038766e-05,5.462282e-04,2.069544e+00,-2.819475e-01,1.563781e+01
106,1.090350e-17,-1.679719e-04,-2.258913e-05,5.365629e-04,4.652297e-01,5.275582e-01,6.978086e+00
107,4.826840e-18,-1.624999e-04,-7.824829e-06,5.318529e-04,-1.356021e-02,-2.823152e-01,5.666338e+00
108,1.447627e-17,-1.551057e-04,-2.192006e-05,5.474950e-04,-3.448969e-01,9.680639e-02,4.524905e+00
109,4.598714e-19,-1.734348e-04,-1.523500e-05,5.390600e-04,-2.102376e-02,3.842367e-01,2.843287e+00
110,6.957244e-18,-1.664081e-04,2.344404e-06,5.443572e-04,-8.011584e-01,1.005146e+00,8.308954e+00
111,5.918724e-17,-1.662071e-04,2.635449e-06,5.440168e-04,-1.254633e-01,7.741430e-01,8.329447e+00
112,2.201985e-17,-1.490480e-04,1.598640e-06,5.404177e-04,5.086227e-01,-1.635227e+00,7.531295e+00
113,2.161144e-18,-1.570800e-04,1.402838e-05,5.424590e-04,-9.334353e-01,8.866161e-02,4.402682e+00
114,1.168636e-18,-1.523404e-04,1.562966e-05,5.369727e-04,-3.285800e-02,-3.878649e-02,1.847508e+00
115,8.551675e-18,-2.242099e-04,-1.234491e-05,4.791376e-04,5.642806e-01,1.176252e-01,2.523580e+00
116,2.850913e-17,-2.102803e-04,-3.619006e-07,4.768350e-04,-1.244477e-01,-2.838438e-01,-6.606383e-01
117,1.839952e-17,-2.332089e-04,-3.633409e-06,4.762013e-04,1.067797e+00,-2.857936e+00,2.857705e+00
118,2.999783e-17,-2.262698e-04,-6.977216e-06,4.790414e-04,-5.230800e-01,-1.410256e+00,5.124945e+00
119,4.276922e-18,-2.374725e-04,-1.718216e-05,5.008083e-04,-4.608299e+00,2.841229e-01,2.433369e+01
120,2.544942e-18,-2.453065e-04,-2.031782e-05,4.889965e-04,2.534303e-01,1.525932e-01,9.316839e-01
121,3.054892e-18,-2.429581e-04,-1.641148e-05,4.873296e-04,-4.943695e-01,-3.862256e-01,-1.939083e+00
122,7.809000e-19,-2.496099e-04,-7.825322e-07,4.900348e-04,-3.475905e-01,9.755287e-03,-3.113923e-01
123,2.111572e-17,-2.234940e-04,-1.183632e-05,4.963760e-04,-4.394124e-01,7.584977e-01,7.570393e+00
124,7.416325e-18,-2.383116e-04,-7.557535e-06,5.025374e-04,-1.578014e+00,-1.202970e+00,9.460727e+00
125,8.157252e-18,-2.256628e-04,-8.574831e-06,4.954199e-04,-1.225307e+00,3.449503e-01,7.592436e+00
126,4.771562e-18,-2.357738e-04,-1.642027e-05,4.969791e-04,-3.049180e+00,1.082482e+00,2.230703e+01
127,1.706562e-17,-2.467601e-04,-9.904869e-06,5.022265e-04,-7.139077e-01,1.337676e+00,9.720430e+00
128,5.071455e-18,-2.382797e-04,-1.562526e-06,4.970610e-04,1.671454e-01,-9.330193e-02,9.318960e+00
129,9.681399e-18,-2.264442e-04,-1.251280e-05,4.937504e-04,3.991783e-01,-8.334515e-02,1.162873e+01
130,5.020855e-18,-2.375041e-04,-2.654201e-06,4.911833e-04,-6.276335e-02,1.119375e+00,7.929280e+00
131,3.974561e-18,-2.437534e-04,-7.816460e-06,4.916195e-04,-2.423710e-01,2.747518e-01,3.179551e+00
132,3.546971e-18,-2.460013e-04,-1.406035e-05,4.844432e-04,1.785032e-01,6.338875e-01,4.058363e+00
133,3.040554e-18,-2.304341e-04,-4.651550e-06,4.814021e-04,3.532256e-02,3.285429e-01,5.763334e+00
134,1.598325e-18,-2.460887e-04,-1.330470e-05,4.807135e-04,-8.333355e-01,8.991588e-01,4.559933e+00
135,6.677367e-18,-2.296954e-04,-2.431259e-05,4.866884e-04,-4.496981e-02,-4.665019e-02,1.820685e+00
136,4.489068e-18,-2.031266e-04,-4.686977e-06,4.893882e-04,5.449101e-02,-1.926882e-01,3.998095e-01
137,2.171394e-18,-2.109821e-04,-6.949073e-06,4.819743e-04,-4.699112e-03,4.392733e-01,-3.617522e+00
138,2.464118e-18,-2.148372e-04,-1.329123e-05,4.920176e-04,1.291123e-01,1.505859e-02,1.112867e+00
139,1.299811e-18,-2.117218e-04,-5.469374e-06,4.916014e-04,-1.302550e-02,5.328650e-02,8.591780e-01
140,2.500324e-17,-2.152477e-04,-1.965677e-06,4.958543e-04,1.456466e-01,5.990497e-01,6.414757e+00
141,2.585096e-17,-2.049417e-04,-9.323324e-06,4.942660e-04,-3.170191e-01,5.390427e-01,5.806864e+00
142,3.677500e-17,-2.002155e-04,-1.206531e-05,4.986912e-04,-1.726655e+00,-4.576034e-01,5.103355e+00
143,1.320877e-18,-2.234200e-04,-8.635919e-06,4.939498e-04,-3.410439e+00,-2.837629e-01,9.305984e+00
144,2.802580e-18,-2.195527e-04,-8.566328e-06,4.858031e-04,7.417600e-01,9.166173e-02,4.133391e+00
145,4.632699e-18,-2.171762e-04,-1.015960e-05,4.885641e-04,4.400322e-01,-1.450633e-01,4.524033e+00
146,5.456738e-18,-2.195113e-04,-1.759212e-08,4.883496e-04,8.835386e-02,3.241220e-02,2.646312e+00
147,9.250624e-18,-2.185621e-04,-1.015494e-05,5.040093e-04,3.558995e-01,6.418640e-02,8.293545e+00
148,1.039112e-18,-2.054607e-04,-1.328278e-05,5.025417e-04,3.153662e-01,1.054886e-02,3.830299e+00
149,6.256755e-17,-2.169132e-04,3.593623e-06,4.964743e-04,-4.656599e-01,2.232675e-01,5.325520e+00
150,2.136987e-18,-2.117760e-04,1.089307e-05,4.950214e-04,2.473193e-01,-3.903534e-02,1.751017e-01
151,3.637901e-17,-2.149451e-04,1.441323e-05,4.832756e-04,-1.826949e+00,-1.591563e+00,2.590918e+00
152,5.941274e-17,-1.994188e-04,1.131658e-05,4.925057e-04,-1.082968e+00,-3.177513e-01,1.450558e+01
153,2.435390e-17,-2.073021e-04,1.158691e-05,4.976130e-04,-7.154932e-01,1.188396e-01,4.200049e+00
154,1.408170e-17,-2.262192e-04,1.257457e-05,4.952282e-04,-2.516309e-01,-7.813878e-02,8.913873e+00
155,1.108112e-16,-2.236165e-04,5.112245e-06,5.066432e-04,1.685437e+00,-1.378554e-01,1.711875e+01
156,3.475103e-18,-1.992299e-04,9.312536e-06,4.832607e-04,1.956205e-01,-2.679107e-01,8.350773e+00
157,6.839713e-17,-2.035232e-04,5.526872e-06,5.004951e-04,-7.769677e-02,6.998743e-01,1.167324e+01
158,2.438145e-18,-2.211052e-04,9.378020e-06,4.950687e-04,5.230204e-01,1.407638e-01,8.347850e+00
159,4.403056e-17,-2.236056e-04,8.226113e-06,4.863197e-04,3.537508e-01,-6.487426e-01,7.591377e+00
160,4.993433e-18,-2.187539e-04,9.377332e-06,4.877949e-04,-4.342189e-01,-2.849802e-01,5.741013e+00
161,9.235149e-18,-2.242270e-04,2.314845e-06,4.980521e-04,3.512083e-01,1.651571e+00,1.285233e+01
162,1.193310e-17,-2.233850e-04,2.332706e-06,4.894869e-04,2.435192e+00,-5.802636e-01,1.139142e+01
163,2.830898e-19,-2.238283e-04,2.382833e-05,4.853945e-04,1.968945e+00,-9.629751e-01,1.665069e+01
164,3.632800e-19,-2.019530e-04,1.953859e-06,4.877012e-04,1.886081e-01,6.043835e+00,3.677473e+00
165,1.131108e-18,-1.994217e-04,9.770954e-06,4.871798e-04,1.235696e+00,-8.357441e-01,1.429938e+01
166,2.448538e-19,-1.996084e-04,1.054994e-05,4.853792e-04,8.732017e-01,-2.625055e-01,1.192836e+01
167,1.218148e-18,-2.253906e-04,2.736162e-06,4.826480e-04,-1.181835e+00,-3.954857e-01,7.413777e+00
168,7.357962e-18,-2.007545e-04,6.080470e-06,4.785661e-04,2.105918e-01,-6.724914e-01,3.936765e+00
169,2.725797e-18,-2.227987e-04,9.498634e-06,4.758499e-04,6.527946e-01,-2.699306e-01,4.306611e+00
170,2.393995e-19,-2.011714e-04,5.079278e-06,4.791360e-04,7.929203e-01,-4.539553e-02,4.281571e+00
171,5.711930e-17,-2.305445e-04,-5.490588e-06,5.062342e-04,9.110191e-02,1.496428e-01,1.477693e+01
172,2.122215e-17,-2.400295e-04,-1.874317e-05,5.077270e-04,-7.137469e+00,-9.671768e-01,2.948094e+01
173,3.751234e-17,-2.231215e-04,-4.042896e-06,5.157540e-04,1.015145e+00,1.049635e+00,3.228466e+00
174,6.056911e-17,-2.334406e-04,-1.175300e-05,5.104746e-04,-2.309201e+00,3.815235e-01,2.079536e+01
175,3.896328e-17,-2.301507e-04,-3.705859e-06,5.207910e-04,2.268075e+00,-9.849820e-02,1.625240e+01
176,8.752381e-18,-2.441099e-04,-8.678868e-07,5.139330e-04,6.557819e-01,1.385490e+00,5.042153e-01
177,3.649887e-17,-2.279540e-04,-8.779543e-06,5.177587e-04,-7.610047e-01,8.832030e-02,1.453869e+01
178,1.062108e-18,-2.343517e-04,-3.121776e-06,5.253034e-04,-4.038798e-01,-1.279676e-01,1.217487e+01
179,1.960417e-17,-2.492413e-04,-7.739808e-06,5.148350e-04,-3.113622e-02,5.829299e-02,1.073900e+01
180,3.695080e-18,-2.368684e-04,-2.387215e-06,5.049353e-04,8.896184e-01,2.430758e-01,9.736992e+00
181,7.320477e-18,-2.343750e-04,-1.015533e-05,5.173686e-04,5.185507e-02,-1.330621e-02,2.358766e+00
182,7.886274e-18,-2.257821e-04,-1.797133e-05,5.290376e-04,3.543865e-02,1.028239e-02,4.003992e+00
183,4.369305e-18,1.429325e-04,-1.012883e-05,5.031435e-04,-1.214854e+00,1.610597e+00,7.878093e+00
184,2.605483e-18,1.289042e-04,1.562006e-05,5.104954e-04,1.587602e-01,8.953164e-02,6.413488e-01
185,2.130332e-18,1.343726e-04,-7.845496e-07,5.051433e-04,4.539745e-02,1.660714e-01,3.163678e+00
186,2.465937e-18,1.437518e-04,3.126870e-06,5.052155e-04,-1.144652e-03,-2.005972e-01,9.397433e-01
187,2.781498e-17,1.246031e-04,-8.505022e-06,5.268182e-04,-5.718136e+00,-3.649700e-01,1.335185e+01
188,5.475747e-18,1.409094e-04,-3.872359e-06,5.197386e-04,-1.272441e+00,-1.774035e+00,1.429631e+01
189,4.971989e-18,1.452857e-04,-5.005649e-06,5.207973e-04,9.596852e-02,8.580689e-01,9.111428e+00
190,3.317399e-17,1.483301e-04,-4.214418e-06,5.083281e-04,1.849270e+00,3.083283e+00,1.002616e+01
191,1.248262e-17,1.300570e-04,-8.902100e-06,5.055848e-04,-4.075599e-01,-1.988021e-01,6.283918e+00
192,1.319977e-17,1.489816e-04,-1.586715e-05,5.217772e-04,-3.648490e-01,3.380649e-01,4.746040e+00
193,9.826567e-19,1.281193e-04,-1.484303e-05,5.469480e-04,7.081844e-03,6.045308e-02,-6.133367e-01
194,6.310735e-18,1.405745e-04,5.456338e-06,5.333499e-04,4.686986e-01,-9.993994e-02,1.096743e+01
195,2.162187e-19,1.441376e-04,1.524709e-05,5.398305e-04,2.899389e-01,-1.603030e-01,3.115341e+00
196,4.409416e-16,1.069308e-04,-8.704067e-07,5.159006e-04,6.178054e-01,3.061244e-01,7.429260e+00
197,4.916836e-17,1.103684e-04,-1.214737e-05,5.165602e-04,-8.260239e-01,-3.459837e-01,4.711661e+00
198,2.050510e-18,1.150059e-04,-8.418937e-06,5.128664e-04,-5.107280e-01,-3.556547e+00,2.239977e+01
199,2.101222e-17,1.152142e-04,-9.802353e-07,5.194363e-04,-1.957490e-01,-3.140160e+00,1.414787e+01
200,6.488119e-18,1.148649e-04,-5.148234e-06,5.048438e-04,-5.909168e-02,-5.983305e-01,1.705753e+01
201,1.551866e-18,1.146627e-04,-6.598160e-06,5.093914e-04,1.254932e+00,1.241187e-02,2.105337e+01
202,7.339036e-18,1.031262e-04,-2.641412e-06,5.030318e-04,-2.491738e-02,1.708258e+00,7.230730e+00
203,3.611512e-18,1.148461e-04,-1.796637e-05,5.192583e-04,-1.324939e-02,-1.242550e-02,4.873045e+00
204,2.610160e-18,1.054629e-04,-7.029858e-06,5.074752e-04,3.891552e-01,2.297558e-02,4.566882e+00
205,1.657222e-17,9.813242e-05,-1.789120e-05,5.250849e-04,6.124392e-03,2.315139e-01,3.154156e+00
206,2.769067e-17,1.062756e-04,7.600681e-06,5.318505e-04,1.405935e+00,-4.531833e-01,8.766206e+00
207,3.081615e-17,1.061936e-04,1.096893e-05,5.486831e-04,-1.117076e-01,6.639821e-01,9.234908e+00
208,2.004437e-17,1.021119e-04,1.356096e-05,5.432736e-04,-6.789048e-01,-6.848825e-01,4.576546e+00
209,3.013837e-17,1.117501e-04,1.097977e-05,5.290210e-04,4.475383e-01,-4.704828e-01,6.821493e+00
210,4.322445e-18,1.124992e-04,-6.963172e-10,5.332369e-04,-4.922211e-03,1.061351e-02,5.712402e+00
211,2.215129e-18,1.195306e-04,1.568303e-06,5.444150e-04,-2.381127e-02,-4.506940e-02,1.209647e-01
212,2.250055e-18,1.187587e-04,2.187835e-05,5.452906e-04,3.530473e-01,-1.488520e-02,2.405952e+00
213,2.573553e-18,1.125005e-04,-1.523569e-09,5.293343e-04,-4.653189e-02,8.271766e-02,8.029617e+00
214,2.003463e-17,1.118279e-04,-1.971874e-05,5.401398e-04,-1.199514e+00,5.100380e-01,7.931725e+00
215,1.918195e-18,1.097814e-04,-1.796986e-05,5.498429e-04,-1.495113e-01,-2.050556e-02,1.084740e+01
216,2.380258e-18,1.187483e-04,-1.874999e-05,5.494200e-04,9.237578e-02,1.263073e-01,4.850641e+00
217,1.763091e-16,-7.887034e-06,-6.397944e-05,5.483502e-04,-1.224259e-02,1.098042e-01,1.082906e+01
218,4.453326e-17,-1.065689e-05,-5.792580e-05,5.335715e-04,-5.528122e-01,2.018937e+00,1.371968e+01
219,3.447965e-18,-1.174995e-05,-6.564807e-05,5.358477e-04,3.229021e-01,2.838265e-01,9.069199e+00
220,1.030250e-17,-1.563069e-05,-6.128682e-05,5.454145e-04,5.601137e-02,-5.077096e-01,6.023780e+00
221,3.943769e-18,-2.272115e-05,-5.313538e-05,5.343428e-04,-1.768173e-01,-1.906861e-01,6.620842e+00
222,3.909371e-18,-2.354700e-06,-6.012000e-05,5.304074e-04,1.954637e-02,3.623253e-01,5.133883e+00
223,2.040954e-18,1.327833e-05,-3.905333e-05,5.271438e-04,-2.145680e-01,1.034808e-02,7.690339e+00
224,2.390726e-18,1.172318e-05,-4.218121e-05,5.264732e-04,8.524726e-02,1.667666e-01,5.181311e+00
225,1.756887e-17,9.589373e-06,-2.441408e-05,5.293450e-04,1.200506e+00,1.042311e+00,1.729025e+01
226,3.822021e-17,-1.934890e-05,-2.265019e-05,5.251039e-04,-5.656865e+00,-2.589037e+00,1.517919e+01
227,3.148301e-17,-1.707413e-05,-4.971572e-05,5.018833e-04,-3.339006e-01,1.788005e+00,6.910401e+00
228,1.548002e-16,-4.302886e-06,-5.079054e-05,5.006222e-04,4.305357e-01,-7.577662e-01,6.841586e+00
229,4.979137e-18,-1.253019e-05,-4.277057e-05,5.221260e-04,3.828130e-01,-9.326729e-02,6.253377e+00
230,3.859395e-17,-1.532710e-05,-2.819665e-05,5.116832e-04,5.432183e-01,-7.393945e-01,4.968935e+00
231,5.229554e-18,-1.953093e-05,-4.125894e-05,5.027969e-04,-8.306504e-01,-2.554067e+00,4.230261e+00
232,1.379466e-18,-1.562046e-05,-2.968535e-05,5.185166e-04,3.092507e-01,3.723080e-01,5.160190e+00
233,5.061105e-18,-1.252308e-05,-4.204198e-05,5.061339e-04,4.416661e-01,-5.629201e-01,4.894972e+00
234,3.615909e-17,-1.764167e-05,-7.370533e-05,5.140604e-04,-2.088456e+00,-2.436791e+00,1.641657e+01
235,9.222114e-18,-1.152124e-05,-7.193101e-05,5.023329e-04,9.472936e-01,-1.439714e+00,1.103705e+01
236,4.787847e-17,-5.926168e-06,-5.380037e-05,5.101108e-04,6.808395e-01,1.359409e+00,8.059636e+00
237,2.764243e-18,-7.814786e-07,-5.312642e-05,5.150526e-04,4.810095e-01,1.446073e-02,9.708228e+00
238,2.408921e-18,-1.170177e-05,-6.952645e-05,5.097889e-04,2.017287e-01,-5.585082e-01,9.876088e+00
239,3.520054e-18,-3.155427e-06,-6.330627e-05,5.082940e-04,2.563661e-01,-7.961077e-02,5.440235e+00
240,5.468311e-18,-1.327386e-05,-6.289121e-05,5.143013e-04,-1.260762e+00,2.763405e+00,3.085639e+00
241,1.580499e-18,-1.180522e-05,-5.857416e-05,5.254429e-04,8.355786e-01,5.794100e+00,1.367152e+01
242,4.784303e-18,-7.810132e-07,-5.312542e-05,5.108959e-04,-6.922916e-03,-1.756010e-02,6.662122e+00
243,3.480949e-18,-2.188723e-05,-5.312415e-05,5.098344e-04,-4.164997e-01,-3.089689e-02,1.316466e+00
244,6.843509e-18,8.515660e-05,-3.125659e-06,4.796345e-04,-1.017459e-01,6.708168e-02,1.381424e+00
245,8.358299e-19,8.945341e-05,-1.084702e-05,4.778330e-04,-4.818995e+00,3.175685e-01,6.257256e+00
246,1.062803e-18,8.710855e-05,-1.054676e-05,4.767825e-04,5.168593e-01,2.395497e+00,-8.150376e-01
247,1.495287e-16,8.810731e-05,-8.468269e-06,4.849714e-04,-1.412365e+00,1.635194e+00,7.294646e+00
248,4.204420e-18,7.748931e-05,-1.095396e-05,4.765532e-04,-5.082661e-01,-4.048863e-01,2.151036e+00
249,6.553115e-19,8.789035e-05,-5.859851e-06,4.786550e-04,-9.607435e-01,2.025641e-01,5.700239e+00
250,3.600280e-19,8.789174e-05,-5.078440e-06,4.775781e-04,-7.711361e-02,-1.046606e+00,3.924256e+00
251,5.009982e-19,9.374399e-05,1.601498e-05,4.768178e-04,-1.901880e-02,-8.468742e-01,1.447079e+00
252,6.362145e-19,9.335859e-05,1.601804e-05,4.740992e-04,-8.199679e-01,-2.252384e-01,-2.262940e+00
253,8.721534e-17,9.249663e-05,1.328581e-05,4.853216e-04,-1.067132e-01,-9.403714e-02,5.236213e+00
254,2.624935e-18,9.360174e-05,7.479217e-07,4.774833e-04,-3.446692e-01,7.270054e-02,-1.525762e+00
255,1.002937e-16,8.134501e-05,1.236348e-05,4.880217e-04,-5.783196e-01,-6.893478e-01,2.169093e+00
256,7.624790e-18,9.374999e-05,2.421910e-05,4.834408e-04,1.953487e-01,1.164012e+00,1.910517e+00
257,6.586346e-17,7.796935e-05,8.819402e-06,4.923837e-04,3.074895e+00,7.387295e-01,3.086530e+00
258,1.131408e-17,9.244409e-05,7.815613e-07,5.025930e-04,-1.389215e+00,3.126552e-01,1.436513e+01
259,7.333766e-17,9.200674e-05,6.417051e-07,5.023803e-04,-8.116610e-01,5.898575e-01,1.381118e+01
260,1.592779e-17,8.740302e-05,1.864349e-05,4.833210e-04,2.789016e-01,5.872908e-02,2.907412e+00
261,2.560644e-18,8.983499e-05,-7.974007e-07,4.857535e-04,1.768996e-02,-1.350039e-01,4.766128e+00
262,3.145023e-18,8.983235e-05,-7.836083e-07,4.919569e-04,-2.059189e-01,-1.752052e+00,7.335289e+00
263,5.346384e-17,9.354197e-05,2.334693e-05,4.833733e-04,-3.713352e-01,2.055256e+00,9.146550e-01
264,2.022632e-17,8.634552e-05,5.408651e-06,4.929906e-04,-7.469763e-02,-3.330348e-01,7.651822e+00
265,1.065003e-16,1.004931e-04,-2.257124e-06,4.894562e-04,-6.275336e-01,-1.716410e-01,4.060578e+00
266,1.821862e-17,7.951860e-05,1.968360e-05,4.873395e-04,-1.019425e+00,5.933378e-01,3.255246e+00
267,2.535652e-18,9.686793e-05,3.119392e-06,4.873921e-04,-6.513163e-02,-2.636559e-01,3.157493e+00
268,3.784937e-17,7.273783e-05,2.399832e-05,4.911353e-04,-2.532075e-02,2.064220e-02,1.046003e+00
269,4.570159e-18,9.457758e-05,-4.627332e-07,4.937292e-04,-1.146379e+00,-1.534696e+00,1.191781e+01
270,3.058020e-18,9.296688e-05,1.250056e-05,4.904950e-04,8.999407e-01,-2.844664e-01,1.867150e+00
271,5.580369e-18,8.984276e-05,1.328308e-05,4.967322e-04,-1.256812e-01,-6.196477e-03,2.569301e+00
272,2.582555e-19,9.414098e-05,1.172388e-06,4.908066e-04,-7.633275e-03,-5.485417e-01,1.235751e+01
273,4.800943e-19,9.492202e-05,3.908132e-07,4.849669e-04,-7.126239e-02,-8.804223e-03,6.508716e+00
274,2.410227e-18,7.656503e-05,2.444495e-05,4.802361e-04,-1.674679e-01,1.524616e-01,2.101611e+00
275,3.733446e-18,8.957734e-05,2.437243e-05,4.818353e-04,2.082325e+00,-2.784058e-01,1.735315e+00
276,1.469953e-18,1.238281e-04,8.155697e-07,4.740766e-04,2.306616e+00,7.251921e-02,-7.169726e+00
277,1.269728e-17,2.091815e-04,2.117054e-05,4.783541e-04,-3.123398e-01,3.799387e-02,4.498332e+00
278,7.193649e-18,2.192670e-04,1.193024e-05,4.744445e-04,-7.047107e-01,8.590675e-01,1.691405e+00
279,1.601109e-17,2.012303e-04,-1.732077e-06,4.797860e-04,4.927556e-01,-1.065395e+00,3.047725e+00
280,1.259030e-17,2.093985e-04,-8.265118e-06,4.770019e-04,7.951803e-02,-6.054025e-02,5.304271e-01
281,9.504909e-19,2.188720e-04,-1.075317e-05,4.721251e-04,-4.112088e-02,-4.753857e-01,-3.015381e+00
282,2.951278e-19,2.027344e-04,-3.907440e-07,4.752313e-04,2.238220e+00,-2.683011e+00,-1.853352e+00
283,2.474242e-19,2.214844e-04,3.907314e-07,4.752318e-04,4.851844e-01,1.152739e+00,-4.805796e-01
284,1.101342e-18,2.082023e-04,2.148346e-05,4.740477e-04,4.061929e-01,-6.494156e-01,3.018592e+00
285,3.399934e-18,2.055278e-04,1.714619e-05,4.741771e-04,-1.142746e+00,1.575544e+00,1.311272e+00
286,2.045705e-17,2.458720e-04,2.016261e-05,4.781174e-04,2.190375e+00,1.369060e+00,2.140531e+00
287,1.664845e-17,2.433815e-04,-1.667961e-05,4.758444e-04,-3.850304e-01,-5.554703e-01,1.032953e+00
288,3.792589e-18,2.430913e-04,-5.462052e-06,4.767765e-04,9.678495e-01,-2.934272e-01,-1.495261e-01
289,5.643884e-19,2.496094e-04,7.421883e-06,4.779799e-04,1.895061e-01,4.467680e-01,4.257460e-01
290,4.285789e-17,2.439039e-04,2.475613e-06,4.781537e-04,1.278203e+00,1.502107e+00,1.279512e-01
291,2.105508e-18,2.275506e-04,5.477546e-06,4.713702e-04,2.110146e+00,-4.752591e+00,-2.873821e+00
292,8.662227e-18,2.281347e-04,8.507220e-06,4.782538e-04,8.895591e-01,8.920914e-02,6.749329e+00
293,3.720266e-19,2.269527e-04,6.639291e-06,4.736785e-04,3.722755e+00,-3.581932e+00,2.508678e+00
294,4.336435e-19,2.496091e-04,2.733859e-06,4.728938e-04,3.554419e-01,5.327263e-01,-3.696115e+00
295,1.477718e-18,2.496083e-04,1.717828e-05,4.771728e-04,-3.398333e-02,1.255754e-01,2.549132e+00
296,3.550857e-17,-2.336427e-05,2.437563e-05,5.396579e-04,5.039195e-01,2.438733e+00,8.215830e+00
297,2.455565e-17,-4.179986e-05,7.402716e-07,5.167892e-04,-5.159755e+00,2.281765e+00,3.302298e+01
298,6.783769e-17,-2.697753e-05,1.347150e-06,5.089168e-04,5.347363e-02,6.312274e-02,9.206409e+00
299,6.438765e-17,-4.801622e-05,-2.451437e-06,5.173827e-04,-1.100780e+00,1.977709e+00,1.274181e+01
300,5.775903e-18,-4.145880e-05,5.638596e-07,5.115778e-04,-4.784659e+00,1.721575e+00,3.406826e+01
301,2.103651e-16,-4.708728e-05,3.293017e-06,5.138655e-04,-1.220061e-01,-1.921525e+00,1.147573e+01
302,8.258348e-18,-3.279533e-05,-1.022919e-06,5.216398e-04,-3.024135e-01,-1.724135e-01,1.070745e+01
303,9.548229e-17,-4.012769e-05,1.015549e-08,4.912540e-04,-6.584507e-01,9.984459e-02,1.032384e+01
304,1.677504e-17,-3.053587e-05,8.035098e-06,5.285041e-04,1.002785e+00,-1.491747e+00,7.646977e+00
305,1.139475e-18,-3.828593e-05,1.876814e-05,5.362346e-04,5.335066e-04,-2.070886e-01,6.146951e+00
306,3.762289e-17,-4.502037e-05,1.278289e-05,5.303384e-04,-4.278331e-01,2.410956e-01,6.733831e+00
307,4.190418e-17,-5.071364e-05,1.265913e-05,5.488801e-04,-3.413992e-01,-6.434076e-01,1.095316e+01
308,1.566833e-18,-3.834937e-05,1.881468e-05,5.296091e-04,1.576778e-01,-7.141010e-02,7.099925e+00
309,9.657078e-19,-4.120584e-05,1.660736e-05,5.328066e-04,-3.947587e-01,-4.173200e-02,4.276700e+00
310,4.206021e-17,-3.191739e-05,3.588596e-06,5.315913e-04,-2.051682e-01,9.170984e-01,3.958416e+00
311,2.639615e-18,-4.452808e-05,3.125155e-06,5.451055e-04,2.117659e-01,-2.027792e-02,3.210243e+00
312,2.574929e-18,-3.594107e-05,4.694551e-06,5.365207e-04,-5.602847e-02,-1.046148e-01,6.583824e-01
313,4.908860e-16,-3.489592e-05,-8.201925e-06,5.232151e-04,-4.965455e-01,2.517795e-01,1.174949e+01
314,3.354547e-17,-3.853115e-05,-2.332005e-05,5.438839e-04,-9.814930e-01,-5.239929e+00,2.263521e+01
315,4.361218e-17,-3.775142e-05,-8.984426e-06,5.356787e-04,4.752289e+00,-3.130658e+00,1.873718e+01
316,1.193969e-16,-5.005793e-05,-4.801682e-06,5.386694e-04,-1.148571e+00,-4.600680e-01,1.451398e+01
317,6.602413e-17,-2.429932e-05,-7.608464e-06,5.471653e-04,1.055928e+00,-1.434618e+00,1.212796e+01
318,1.760059e-16,-2.445209e-05,-7.691981e-06,5.471816e-04,1.118127e+00,-1.114607e+00,1.216471e+01
319,7.226442e-18,-3.513797e-05,-1.630949e-05,5.323201e-04,1.213705e-01,-3.834751e-01,1.883927e+01
320,1.366136e-17,-2.428905e-05,-5.974172e-06,5.380159e-04,3.095214e-01,1.908104e-01,1.265448e+01
321,8.245032e-19,-4.311002e-05,-5.627630e-06,5.275309e-04,1.591994e+00,1.400583e+00,1.433415e+01
322,2.508367e-18,-2.576237e-05,-6.239849e-06,5.292431e-04,2.407040e-01,7.496484e-02,8.957096e+00
323,2.728991e-17,-3.582014e-05,-1.249730e-05,5.475439e-04,-7.840006e-01,7.844938e-02,3.539881e+00
324,2.661330e-18,-4.453415e-05,-6.250004e-06,5.472574e-04,6.964027e-02,-6.981889e-03,1.536973e+00
325,3.962378e-17,-3.537869e-05,3.807350e-06,5.146366e-04,-1.465650e-01,-1.779805e-01,2.404112e+00
326,1.650349e-16,-5.330119e-05,1.814235e-06,5.246986e-04,6.689833e-01,1.550416e+00,5.727015e+00
327,7.444387e-18,-2.382075e-05,1.639573e-05,5.146487e-04,-2.007660e+00,-2.607389e-01,1.035884e+00
328,3.233387e-17,-4.498070e-05,1.083753e-05,5.047619e-04,8.199653e-01,-1.174486e-01,1.185078e+01
329,4.706182e-18,-3.280684e-05,1.327895e-05,5.223115e-04,-3.205064e-02,-3.365025e-02,8.472431e+00
330,2.843054e-18,-3.827262e-05,1.878546e-05,5.204211e-04,-2.051813e-01,9.367079e-02,9.747391e+00
331,4.070543e-17,-3.462890e-05,1.494451e-05,5.025627e-04,2.755716e-01,2.573016e-01,6.537752e+00
332,7.042838e-18,-3.286311e-05,1.328850e-05,5.085526e-04,1.878452e-01,-1.717862e-01,4.744455e+00
333,6.952336e-18,-6.640736e-05,7.030584e-06,5.444196e-04,-8.623285e-01,-8.871944e-01,7.493484e+00
334,7.452243e-17,-6.664632e-05,6.738971e-06,5.446690e-04,-8.197096e-01,-8.728292e-01,7.417336e+00
335,4.254640e-17,-6.718956e-05,7.033956e-06,5.301102e-04,-3.385257e-01,1.085782e+00,5.515381e+00
336,1.305955e-16,-6.713061e-05,7.225973e-06,5.300559e-04,-3.203481e-01,1.037424e+00,5.512540e+00
337,5.697275e-18,-5.387902e-05,4.691664e-06,5.461535e-04,1.012564e+00,4.399017e-02,5.063793e+00
338,2.344036e-18,-6.874806e-05,1.719287e-05,5.410074e-04,3.403240e-02,1.044998e-01,7.501707e+00
339,7.332212e-18,-6.015204e-05,1.209141e-05,5.405833e-04,6.356608e-02,-9.545431e-01,7.908152e+00
340,3.381262e-18,-7.266248e-05,1.173283e-05,5.311268e-04,-2.293003e-01,2.127588e-01,3.111340e+00
341,4.069623e-18,-6.874888e-05,1.719118e-05,5.375821e-04,1.870069e-01,-2.452746e-01,8.259790e+00
342,4.926896e-18,-7.106384e-05,-1.087907e-05,5.177754e-04,7.804446e-02,-4.202739e+00,1.667222e+01
343,3.902894e-17,-4.950685e-05,-5.862984e-06,5.035879e-04,-4.416889e-01,1.699708e+00,6.489771e+00
344,1.246888e-18,-5.234293e-05,-1.171625e-05,5.222973e-04,2.054889e-02,1.654617e-01,-1.086973e+00
345,6.718867e-18,-7.108939e-05,-8.994026e-06,5.097711e-04,1.163066e+00,-4.167412e+00,1.491682e+01
346,4.208873e-17,-5.967871e-05,-3.286714e-06,5.017330e-04,3.881756e-01,-1.161711e+00,1.182829e+01
347,3.082392e-18,-4.920535e-05,-1.546985e-06,5.044069e-04,-1.826934e-01,-9.049663e-02,9.487429e+00
348,1.257520e-18,-4.926896e-05,-1.580934e-06,5.100883e-04,2.747394e-01,-1.237166e-01,9.271417e+00
349,3.220671e-18,-7.108892e-05,-1.559032e-06,5.226529e-04,-3.319342e-01,-9.494403e-02,7.051694e+00
350,1.344924e-17,-5.898706e-05,7.797018e-07,5.117677e-04,-3.266403e+00,3.548167e-02,2.217869e+00
351,5.110195e-18,-7.500236e-05,-1.756083e-05,5.017723e-04,-1.097328e-01,-4.416909e-01,2.956844e+00
352,2.709586e-18,-5.233407e-05,-1.170854e-05,5.029410e-04,4.810892e-02,-6.668045e-02,1.113370e+00
353,1.138501e-17,-6.409947e-05,9.328063e-06,5.249572e-04,-6.466167e+00,-3.375025e+00,1.855253e+01
354,2.234826e-17,-7.633466e-05,1.197186e-05,5.234634e-04,2.619465e-01,1.723677e+00,3.874774e+00
355,3.312789e-18,-6.095981e-05,1.248249e-05,5.121121e-04,-4.277155e+00,-1.133232e+00,1.446819e+01
356,2.184010e-18,-6.099873e-05,8.527411e-06,5.165438e-04,-9.762387e-01,-6.596698e-02,8.281765e+00
357,6.772235e-18,-6.874851e-05,1.059957e-05,5.040871e-04,2.387833e-02,-8.759370e-01,3.312217e+00
358,1.744984e-17,-6.435373e-05,4.903872e-06,5.135518e-04,4.147880e-01,-4.407709e-01,3.878105e+00
359,1.407778e-18,-6.874758e-05,1.718690e-05,5.071804e-04,6.230680e-02,-1.432939e-02,5.050921e+00
360,2.246077e-17,-6.792757e-05,-1.774259e-05,5.452363e-04,1.662022e+00,-7.295598e+00,2.698055e+01
361,8.438334e-18,-7.051794e-05,-1.432361e-05,5.320588e-04,-1.998542e-01,-5.775819e+00,2.323828e+01
362,3.834563e-18,-5.469017e-05,-2.031043e-05,5.413277e-04,-2.989038e-02,8.597513e-01,6.811456e+00
363,2.524048e-18,-7.108820e-05,-1.560202e-06,5.358143e-04,4.773128e-02,9.950814e-02,5.598355e+00
364,3.021599e-18,-7.109047e-05,-1.570060e-06,5.307536e-04,1.040696e-01,-3.564805e-01,3.923363e+00
365,2.778882e-18,-5.313930e-05,-9.376357e-06,5.458188e-04,-4.695902e-01,-1.426104e-02,1.252904e+00
366,1.678009e-18,6.797592e-05,1.717872e-05,4.783750e-04,3.995385e-01,7.909450e-02,2.284098e+00
367,8.206494e-18,7.261921e-05,8.582517e-06,4.707442e-04,5.675333e-01,-8.963039e-02,-2.165415e+00
368,2.966527e-19,2.617258e-05,8.202460e-06,4.721151e-04,-1.974073e+00,3.228993e+00,5.885031e+00
369,5.370816e-19,2.695326e-05,7.422088e-06,4.724843e-04,2.518914e-02,2.163907e+00,6.107759e+00
370,1.043733e-17,3.337035e-05,1.481437e-05,4.746443e-04,3.681719e+00,4.353956e-02,-2.101313e+00
371,1.751900e-17,4.681146e-05,9.293513e-06,4.808793e-04,-8.123582e-01,7.523641e-01,7.708911e+00
372,5.100467e-19,4.648385e-05,9.765834e-06,4.732998e-04,2.906115e+00,1.551110e+00,-9.834886e-01
373,1.359941e-18,4.686460e-05,9.464265e-06,4.713416e-04,2.491167e-01,1.023965e-01,-2.435747e+00
374,4.087349e-18,3.909632e-05,1.330489e-05,4.784948e-04,3.665014e-01,-7.191869e-02,2.850080e+00
375,1.244532e-18,3.359526e-05,2.335861e-06,4.767911e-04,-7.318107e-02,-7.249489e-01,2.063720e+00
376,1.290330e-17,3.464546e-05,-1.970684e-05,4.792448e-04,-1.129806e+00,-4.329810e-02,1.906402e+00
377,4.593585e-17,4.593279e-05,-2.393791e-05,4.811188e-04,-3.546946e-02,-1.136195e-02,1.078092e+00
378,6.046135e-19,3.748826e-05,-7.422865e-06,4.728946e-04,2.343109e-01,3.702883e-02,-1.459683e+00
379,2.356372e-17,4.385745e-05,-1.432427e-05,4.739525e-04,5.448389e-01,9.623794e-01,3.372043e-01
380,1.254588e-18,3.672341e-05,-1.011711e-05,4.674237e-04,-5.599453e-02,2.338586e-01,-3.793657e+00
381,1.227282e-17,4.299843e-05,-1.995837e-05,4.701702e-04,-3.638043e-01,2.916287e-01,-6.631549e+00
382,1.339609e-18,2.891070e-05,-1.406884e-05,4.783638e-04,-9.347824e-01,-1.971765e-01,5.525789e+00
383,1.021716e-18,1.992366e-04,1.640253e-05,4.970960e-04,-4.257668e-01,2.553474e-01,6.192337e+00
384,3.308291e-18,1.999983e-04,2.279529e-06,4.883496e-04,-7.907924e-01,-5.205735e-01,6.273099e+00
385,5.176345e-17,2.018542e-04,9.178764e-07,4.965937e-04,5.946402e-01,-4.756376e-01,5.733176e+00
386,1.637704e-17,2.010409e-04,2.422943e-05,4.886778e-04,-4.378857e-02,7.404349e-03,1.425960e+00
387,3.585603e-18,1.789074e-04,7.690167e-06,4.831313e-04,-1.424523e+00,8.626761e-01,-2.314747e-01
388,3.967635e-18,1.796591e-04,1.570758e-05,4.896672e-04,5.383939e-01,5.715093e-01,-2.663784e+00
389,3.809983e-18,1.945310e-04,8.596959e-06,4.912228e-04,-1.104880e+00,-4.181740e-01,3.583374e+00
390,4.874819e-17,1.941174e-04,8.161097e-06,4.917052e-04,-9.183579e-01,-6.897240e-01,3.525628e+00
391,1.054145e-17,1.808252e-04,1.191294e-05,5.016486e-04,-6.246120e-01,5.498557e-01,9.198491e+00
392,5.449005e-18,1.828099e-04,5.467022e-06,4.955039e-04,1.331270e-01,1.208859e-01,9.687725e+00
393,3.021205e-17,1.839074e-04,3.862065e-06,5.022992e-04,-3.307373e-01,-3.057723e-01,9.676122e+00
394,7.079663e-19,1.949221e-04,1.488882e-05,4.861657e-04,-1.909107e+00,-1.152587e-01,4.931187e+00
395,2.190416e-17,1.918331e-04,1.463376e-05,4.990397e-04,-2.029557e+00,-6.037597e-01,4.779755e+00
396,1.752111e-17,1.778073e-04,1.703437e-05,4.864219e-04,9.204364e-02,9.539602e-01,5.272177e+00
397,1.337588e-18,1.812741e-04,5.464006e-06,4.861525e-04,5.384573e-01,-4.552663e-01,6.744080e+00
398,1.595400e-18,1.765376e-04,1.093930e-05,4.978529e-04,-1.329424e-01,-1.892638e-01,6.186496e+00
399,2.783713e-17,1.938614e-04,5.737376e-06,4.814012e-04,-2.943668e-01,-3.014956e+00,2.938201e+00
400,1.275981e-18,1.773203e-04,1.406865e-05,4.814937e-04,6.949868e-01,-1.137342e+00,5.396827e+00
401,1.443477e-18,1.859383e-04,-7.955402e-09,4.830236e-04,2.930722e-01,-3.636878e-01,-9.411501e-01
402,3.689718e-18,1.928911e-04,1.642165e-05,4.772184e-04,1.953146e+00,-4.542110e-01,6.414364e+00
403,2.714399e-18,1.977689e-04,1.009038e-05,4.908341e-04,-4.754309e-01,-2.842926e+00,7.768628e+00
404,1.048590e-17,1.812524e-04,1.247631e-05,4.807039e-04,-3.316426e-01,-1.197335e+00,5.082486e-01
405,3.187112e-18,1.976749e-04,1.561629e-05,4.780226e-04,1.887363e-01,-4.877246e-01,1.622803e+00
406,1.661436e-17,1.852782e-04,2.003765e-05,4.763127e-04,-5.839936e-01,1.134949e-01,-8.257059e-01
407,9.387587e-18,1.820384e-04,2.431198e-05,4.855797e-04,-1.544999e-02,2.542159e-02,1.744123e+00
408,5.837705e-17,1.733043e-04,-1.213682e-05,5.051501e-04,1.883962e+00,-5.984431e-02,4.304223e+00
409,3.446375e-18,1.710271e-04,-1.406533e-05,4.910127e-04,-1.309450e-01,3.572595e-01,6.443257e-01
410,3.800986e-18,1.763454e-04,-1.015808e-05,4.921365e-04,-1.718923e-01,3.143401e-02,6.532817e-01
411,7.025064e-18,1.784713e-04,-6.231089e-06,5.000893e-04,9.179441e-01,-4.200058e-01,1.120297e+00
412,5.053304e-17,1.889281e-04,-3.843283e-06,4.837813e-04,3.536744e+00,5.728083e-02,8.289575e+00
413,5.522633e-17,1.762359e-04,-4.756086e-06,4.941383e-04,6.247773e-01,7.555741e-01,5.939209e+00
414,1.100775e-17,1.945229e-04,-6.248754e-06,5.000935e-04,7.481012e-02,-1.831536e-01,9.254245e+00
415,1.235675e-17,1.897808e-04,-1.395703e-05,4.825233e-04,3.379237e-01,1.745044e-02,5.661783e+00
416,1.840109e-17,1.832951e-04,-6.103806e-06,5.018126e-04,7.539895e-01,-1.562027e+00,4.531840e+00
417,1.152848e-17,1.979618e-04,-7.450364e-06,5.042120e-04,5.786061e-01,3.222933e+00,1.061397e+01
418,5.316843e-18,1.914023e-04,-1.171774e-05,5.005516e-04,6.243665e-03,2.399256e-02,3.914904e+00
419,1.325478e-18,1.983757e-04,-6.241868e-06,4.830398e-04,2.374947e-01,-6.277972e-02,4.344646e+00
420,3.084106e-17,1.784562e-04,-1.587451e-05,5.033474e-04,7.187749e-02,8.635404e-02,7.461887e+00
421,1.206469e-17,1.978963e-04,-2.426438e-05,4.823962e-04,-5.265673e-01,7.071401e-02,1.763327e+00
422,1.191763e-17,1.952043e-04,-6.355457e-06,4.910639e-04,-8.838404e-01,1.021109e-01,6.387805e+00
423,5.828398e-18,1.961412e-04,-2.438701e-05,4.992729e-04,-1.357355e-02,-1.571623e-01,2.064654e+00
424,3.061994e-18,1.609353e-04,-4.683102e-06,4.997853e-04,-2.711552e-02,-1.962211e-02,2.826621e-01
425,1.209368e-17,1.689552e-04,-2.316562e-05,4.954286e-04,-3.572484e-01,-2.516750e+00,7.172877e+00
426,1.615366e-17,1.512121e-04,-2.959384e-06,5.000492e-04,5.126171e-01,-2.127492e+00,9.328645e+00
427,2.364667e-18,1.702409e-04,-1.868829e-05,4.929413e-04,4.136429e-01,2.617977e-01,9.724064e+00
428,1.037087e-18,1.523166e-04,-1.562628e-05,4.838353e-04,1.227034e-01,-1.579681e-01,-1.802929e+00
429,2.558150e-18,1.609364e-04,-4.691324e-06,4.958095e-04,1.990397e-02,-3.393195e-01,5.395655e+00
430,5.508212e-19,1.636708e-04,-1.564009e-05,4.947584e-04,-1.985468e-01,3.857713e-01,4.160449e+00
431,3.820601e-19,1.621102e-04,-1.367267e-05,4.877333e-04,-6.215682e-02,7.105747e-01,1.569847e+01
432,1.989248e-17,1.511820e-04,-2.994491e-06,4.941954e-04,-1.343743e-01,1.073016e+00,7.514382e+00
433,3.542604e-18,1.547330e-04,-2.249591e-06,4.931655e-04,-4.745533e-01,3.607404e-02,-5.676551e-01
434,2.605219e-18,1.491766e-04,-4.755579e-06,4.911114e-04,6.761757e-01,-3.807148e-02,8.438708e+00
435,3.344183e-18,1.632809e-04,-1.562793e-06,4.982226e-04,5.478065e-02,5.594856e-03,2.595940e+00
436,1.986062e-18,1.493254e-04,1.641616e-05,4.996549e-04,-5.878970e-01,-4.786070e-01,1.529405e+00
437,2.495071e-17,1.655410e-04,2.192921e-05,4.954286e-04,5.966726e-01,3.483524e+00,1.728939e+01
438,4.285149e-17,1.627319e-04,9.578969e-06,4.843853e-04,1.049760e-01,-2.177940e+00,3.591297e+00
439,2.950470e-18,1.492151e-04,1.531047e-06,4.982814e-04,1.028640e+00,3.064639e-01,9.882346e+00
440,1.631909e-17,1.517857e-04,3.432604e-06,4.982670e-04,-2.168057e-01,-1.106998e+00,1.686675e+01
441,1.710320e-18,1.719479e-04,1.413656e-05,5.010954e-04,3.004322e-03,6.378522e-01,8.263867e+00
442,8.671202e-18,1.656004e-04,1.723441e-05,4.822596e-04,1.720990e-01,-2.307285e-01,6.761325e+00
443,1.362833e-18,1.571334e-04,1.023526e-05,4.956542e-04,6.231811e-01,8.125336e-02,9.821452e+00
444,2.476271e-17,1.540778e-04,4.460146e-06,4.847739e-04,1.559302e-01,-1.593423e+00,6.370449e+00
445,1.034758e-17,1.675895e-04,1.490728e-05,4.831649e-04,-6.795139e-01,6.943162e-01,4.700987e+00
446,1.567472e-17,1.728091e-04,1.222375e-05,4.782713e-04,7.525536e-01,3.781416e+00,-1.461729e+00
447,4.788736e-18,1.656530e-04,2.034918e-05,4.902045e-04,1.223387e-01,3.991271e+00,1.737418e+01
448,6.877696e-18,1.576267e-04,1.020037e-05,5.051971e-04,4.771018e-01,2.561210e-02,1.416425e+01
449,5.118232e-18,1.671890e-04,2.345692e-06,5.002254e-04,2.191335e-01,-1.382726e-01,5.622195e+00
450,1.243747e-18,1.718730e-04,1.405786e-05,4.861704e-04,-2.918613e-01,6.500945e-01,2.611311e+00
451,1.204792e-18,1.570051e-04,1.014555e-05,4.822679e-04,2.635136e-01,5.335075e-02,4.086958e+00
452,2.923893e-18,1.554353e-04,6.987408e-06,4.885603e-04,-9.587371e-01,1.902739e-01,2.332799e+00
453,5.210491e-19,1.656062e-04,1.523090e-05,4.775955e-04,-9.381221e-01,-2.336617e+00,2.966523e+00
454,4.801807e-18,1.515401e-04,3.936423e-06,4.907779e-04,4.946473e-01,8.733077e-02,1.291279e+01
455,7.894165e-19,1.657355e-04,1.601573e-05,4.789187e-04,3.273723e-01,4.045096e-01,4.719011e+00
456,1.901469e-18,1.534009e-04,3.979020e-06,4.774027e-04,1.072563e+00,-2.643157e-01,2.140012e+00
457,2.241782e-18,1.624460e-04,1.185305e-05,4.788409e-04,-2.252887e+00,9.304540e-02,2.770240e+00
458,7.063585e-18,1.570568e-04,1.018740e-05,4.903268e-04,6.178866e-03,4.198134e-02,7.050394e+00
459,1.052606e-17,1.541001e-04,2.427900e-05,4.840270e-04,-3.894309e-02,2.965264e-03,1.627067e+00
460,7.303732e-19,1.585960e-04,2.460974e-05,4.908636e-04,4.183375e-02,3.834139e-01,4.177360e+00
461,1.110314e-15,5.649991e-05,1.339938e-05,4.429554e-04,2.475336e-02,1.222626e-02,5.999795e+00
462,1.493911e-16,5.682183e-05,1.335352e-05,4.422091e-04,9.777488e-02,-1.003540e-01,5.976985e+00
463,6.219303e-17,-7.495003e-06,-1.719236e-04,4.555066e-04,-2.591519e-01,-1.239792e-01,6.506505e+00
464,6.696975e-19,1.021771e-05,-2.617171e-05,4.697752e-04,1.366550e+00,6.313562e-01,-2.954828e+00
465,2.523028e-17,1.601038e-06,-3.795165e-05,4.780366e-04,4.028172e-02,4.732562e-01,2.192235e+00
466,4.188301e-18,7.051340e-06,-4.144404e-05,4.775250e-04,6.916731e-01,-5.625138e-01,2.571062e+00
467,3.047849e-18,1.324617e-05,-1.328161e-05,4.786835e-04,-9.362028e-01,-2.125510e-01,-1.474507e-01
468,1.628114e-18,3.919233e-06,-7.818259e-07,4.720907e-04,1.897742e+00,4.725706e-01,-2.020035e+00
469,1.834097e-18,1.804940e-05,-1.557808e-05,4.738018e-04,4.274017e+00,-2.663210e-01,3.255091e+00
470,5.170113e-17,1.109047e-04,1.040038e-05,4.783991e-04,3.927841e-01,4.710253e-01,-8.004024e-01
471,5.524260e-19,1.113289e-04,1.090355e-05,4.744644e-04,2.811449e+00,-2.059150e+00,3.947636e+00
472,8.730180e-17,1.203926e-04,1.051096e-05,4.851514e-04,-3.864148e-01,-2.081934e-01,6.742581e+00
473,9.693417e-18,1.194641e-04,1.885889e-05,4.816720e-04,-9.237375e-01,7.695363e-01,6.797863e+00
474,9.509606e-19,1.199209e-04,1.894213e-05,4.747817e-04,6.355558e-01,-3.856141e-01,-2.194953e-01
475,2.412255e-19,1.207018e-04,1.367347e-05,4.783684e-04,2.004988e-01,-1.509149e-01,7.617288e+00
476,3.207706e-16,3.269348e-06,-1.975037e-04,5.056526e-04,1.434129e+00,5.311657e-01,1.291062e+01
477,2.487465e-16,-3.796932e-06,-1.977893e-04,5.367902e-04,-1.140965e+00,-4.227717e-01,2.190634e+01
478,2.088690e-17,5.476272e-06,-2.020791e-04,5.450961e-04,4.765225e-01,5.381831e-01,1.036703e+01
479,1.411101e-16,5.429572e-06,-2.023173e-04,5.447944e-04,4.925612e-01,6.855504e-01,1.037733e+01
480,9.998617e-17,-4.943121e-07,-2.242697e-04,5.455285e-04,1.052378e-01,-8.784122e-01,6.163612e+00
481,1.755099e-16,-5.007258e-06,-2.131418e-04,5.340719e-04,1.030921e+00,4.744420e-01,7.628585e+00
482,3.420538e-17,-1.526408e-05,-2.196791e-04,5.248583e-04,2.356846e-01,1.735214e-02,1.075277e+01
483,5.394125e-18,-5.254575e-06,-2.078122e-04,5.384631e-04,-8.363207e-01,-1.839390e-02,7.272444e+00
484,2.620197e-17,-6.013640e-07,-2.256052e-04,5.328890e-04,2.348319e-01,3.998122e-01,5.697627e+00
485,1.051890e-17,-1.782079e-05,-2.262002e-04,5.357102e-04,-3.977548e-01,1.031390e+00,1.950504e+00
486,4.543279e-18,-9.355859e-06,-2.210720e-04,5.266203e-04,-4.670196e-01,-1.976580e-01,3.409068e+00
487,1.079957e-18,-1.952623e-05,-2.148604e-04,5.391530e-04,-2.622191e-02,8.125185e-02,2.318645e+00
488,4.372159e-19,-1.992225e-05,-2.148482e-04,5.434845e-04,-3.964235e-02,1.091899e-02,4.347453e-02
489,1.309326e-16,4.124813e-06,-2.216810e-04,5.286771e-04,-1.368618e+00,3.318121e-01,5.743140e+00
490,8.971190e-17,6.698852e-06,-2.126714e-04,5.426379e-04,1.283846e-01,-1.609252e+00,6.319198e+00
491,4.263110e-17,1.916412e-06,-1.982709e-04,5.406545e-04,2.163857e+00,7.860931e-02,8.480803e+00
492,2.284342e-17,1.427374e-05,-2.162858e-04,5.334446e-04,2.173951e-01,2.196248e-01,1.096698e+01
493,7.026629e-18,2.109295e-05,-2.101593e-04,5.344754e-04,7.350668e-01,5.295780e-02,6.351724e+00
494,7.655398e-17,2.151101e-05,-2.105413e-04,5.344490e-04,6.907361e-01,3.789988e-02,6.070409e+00
495,3.107096e-18,1.640924e-05,-2.093718e-04,5.272069e-04,-1.566591e-01,-6.921594e-02,6.529703e+00
496,4.617026e-18,1.016525e-05,-2.250022e-04,5.304881e-04,-1.190045e-01,-5.695982e-02,6.828764e-01
497,1.514207e-17,5.521052e-06,-2.049822e-04,5.249872e-04,1.594433e-01,5.943088e-02,1.133422e+01
498,1.487408e-17,7.810746e-06,-2.257826e-04,5.059466e-04,3.642058e-01,-6.999655e-01,7.088497e+00
499,9.886870e-17,8.092713e-06,-2.260761e-04,5.051718e-04,3.023947e-02,-5.594950e-01,8.913603e+00
500,3.489445e-17,1.314433e-06,-2.188005e-04,5.183558e-04,2.806575e+00,-1.218085e+00,9.311112e+00
501,3.945654e-17,1.436513e-05,-2.128433e-04,5.011548e-04,1.757909e+00,7.229529e-02,4.598491e+00
502,3.207238e-17,7.836049e-06,-2.168269e-04,5.158844e-04,-2.537146e-01,-2.138813e+00,7.851774e+00
503,4.751802e-18,5.463897e-06,-2.062510e-04,5.138686e-04,6.188107e-02,-1.082107e-02,8.316090e+00
504,5.098881e-18,3.901060e-06,-2.117247e-04,5.139163e-04,-3.157452e-01,5.662419e-01,8.652530e+00
505,3.245150e-18,3.907326e-06,-2.117232e-04,5.062823e-04,-1.720013e-01,1.590735e-02,7.200110e+00
506,3.807405e-18,8.162418e-06,-2.140663e-04,5.074768e-04,-4.206625e-01,-6.719646e-02,5.088500e+00
507,1.053442e-18,1.406063e-05,-2.156294e-04,5.215664e-04,-2.456533e-01,-1.260602e-02,5.085069e+00
508,3.526288e-17,2.145194e-05,-2.152634e-04,5.208535e-04,1.024681e+00,4.407355e-01,3.485541e+00
509,3.491983e-18,1.171910e-05,-1.757810e-04,5.494223e-04,-2.525774e+00,-3.522308e-01,1.369283e+01
510,4.057440e-17,1.108696e-05,-1.760844e-04,5.490464e-04,-2.337772e+00,3.078026e-02,1.252980e+01
511,3.058098e-16,2.317854e-06,-1.764053e-04,5.281798e-04,1.865890e-01,9.230340e-01,7.491785e+00
512,2.766034e-17,-1.093865e-05,-1.921937e-04,5.458582e-04,1.028020e-01,2.122608e-01,7.820326e+00
513,3.832147e-17,-6.183804e-06,-1.750712e-04,5.380533e-04,-5.201195e-01,9.665893e-01,5.073238e+00
514,8.978293e-17,-1.092528e-05,-1.921825e-04,5.466031e-04,2.970002e-03,2.419075e-01,7.763259e+00
515,1.213435e-16,-6.403347e-06,-1.747636e-04,5.380199e-04,-4.961465e-01,6.149998e-01,5.457720e+00
516,3.590517e-18,-1.171572e-05,-1.742957e-04,5.355641e-04,2.561829e-01,-1.985127e-01,5.048270e+00
517,5.549949e-18,-1.015157e-05,-1.818034e-04,5.418666e-04,-2.144994e-02,-8.265808e-01,4.402261e+00
518,8.542869e-19,-1.958940e-06,-1.943738e-04,5.287317e-04,-1.753248e+00,-7.209894e+00,1.069899e+01
519,5.002945e-18,-1.797433e-05,-1.875054e-04,5.466601e-04,-5.786986e-03,-1.812908e-01,2.539274e+00
520,4.833324e-18,-2.187261e-05,-1.921855e-04,5.333840e-04,-4.019337e-01,-1.400952e-02,2.942382e+00
521,2.983544e-17,1.870600e-05,-1.868927e-04,5.332101e-04,1.778774e+00,-1.502161e+00,9.455152e+00
522,6.524578e-18,1.362045e-05,-1.921937e-04,5.427150e-04,2.468979e+00,-1.103136e-02,5.685691e+00
523,5.223072e-18,5.584703e-06,-1.836973e-04,5.290613e-04,-2.075210e-01,3.183141e-01,4.468277e+00
524,5.659581e-18,7.037258e-06,-1.835862e-04,5.430047e-04,-3.894621e-01,-1.146861e-01,6.347891e+00
525,2.632756e-17,2.100817e-05,-1.869398e-04,5.164256e-04,-3.708204e-01,1.157852e+00,4.242429e+00
526,4.016047e-18,1.411009e-05,-1.945301e-04,5.137727e-04,6.350022e-01,1.131932e-02,-9.402126e-01
527,1.442024e-17,3.358269e-06,-1.921879e-04,5.217749e-04,8.415065e-01,-1.691214e+00,1.016273e+01
528,9.401880e-17,-1.697441e-06,-1.899903e-04,5.154597e-04,-7.231011e-01,-1.478465e+00,9.941207e+00
529,3.709441e-17,6.060982e-06,-1.884357e-04,5.099081e-04,-1.351037e+00,-7.005027e-01,7.700792e+00
530,7.321356e-18,5.065443e-06,-1.843725e-04,5.244525e-04,-5.793692e-01,-1.423568e-01,9.594210e+00
531,1.230089e-16,1.269824e-05,-1.730947e-04,5.216232e-04,3.762236e-01,-2.026646e-01,6.276654e+00
532,3.075733e-18,1.171296e-05,-1.875008e-04,5.189420e-04,-1.426992e-01,2.723312e-02,2.338678e+00
533,9.165200e-17,-6.862667e-06,2.441262e-05,4.940315e-04,-1.033327e-01,-4.486096e-01,4.314144e+00
534,5.054319e-17,-1.182635e-05,-2.483867e-06,4.881833e-04,2.753627e+00,1.248652e+00,8.608616e+00
535,1.805153e-18,-6.311895e-06,2.582179e-05,4.837005e-04,-9.038381e-01,-1.158620e-01,1.669547e+00
536,4.431246e-17,-1.701214e-05,8.178596e-06,4.973201e-04,-6.289997e-01,-2.660208e+00,1.985724e+01
537,3.794954e-17,-7.203913e-06,1.207770e-06,4.984747e-04,1.790498e+00,1.350524e+00,3.431928e+00
538,9.067581e-18,-4.533578e-06,3.526381e-06,5.031402e-04,-3.018279e-01,-1.388627e+00,5.142858e-01
539,9.954451e-17,-1.732613e-05,9.311103e-06,4.825386e-04,1.554621e-01,-1.219353e+00,1.116211e+01
540,1.169304e-17,-6.321581e-06,1.661400e-05,4.826540e-04,5.098263e-01,-5.790942e-01,1.197886e+00
541,1.915946e-17,-3.694675e-06,1.078488e-05,4.865460e-04,4.895580e-01,4.489017e-01,1.931977e+00
542,1.186309e-18,-5.461106e-06,1.953672e-05,4.993490e-04,5.796043e-01,1.202119e-02,8.158993e-01
543,6.946995e-18,-2.190503e-05,1.133638e-05,4.979184e-04,6.002740e-01,-1.000329e+00,1.439939e+01
544,4.560259e-18,-1.638734e-05,9.401203e-06,5.031892e-04,8.626252e-01,1.240221e-01,1.870592e+01
545,3.530027e-18,-3.905236e-06,1.093912e-05,4.903914e-04,9.062343e-02,-1.506481e-01,-2.735286e+00
546,3.317177e-18,-7.823615e-06,1.881060e-05,4.945554e-04,-1.436481e-01,-1.761825e-01,2.097816e+00
547,1.891357e-17,-1.235502e-05,2.440341e-05,4.854182e-04,1.162803e+00,2.104377e+00,2.718653e+00
548,5.103560e-18,-1.169365e-05,7.756235e-06,4.994349e-04,1.296571e-01,-9.335229e-01,2.623457e+00
549,1.608406e-18,-2.266600e-05,1.719088e-05,4.877365e-04,4.419154e-01,1.097313e-01,-7.265875e-01
550,6.242803e-18,-2.474142e-05,1.406285e-05,4.813536e-04,-6.251924e-01,-2.521308e-02,2.930618e+00
551,3.063482e-18,3.402613e-09,8.595611e-06,4.772313e-04,-3.556921e-01,-6.770062e-01,-3.547264e-01
552,2.450495e-18,-1.335345e-05,4.650639e-06,4.913017e-04,4.020701e-01,-1.786650e-01,2.272064e+00
553,9.921173e-18,-2.630568e-05,1.261073e-05,4.750415e-04,-2.393045e+00,-1.722078e+00,1.118639e+00
554,1.012876e-16,1.868911e-05,5.948369e-06,4.822951e-04,-1.880373e+00,1.198940e+00,4.021495e+00
555,3.363973e-18,1.251023e-05,1.650314e-05,4.774396e-04,-2.085801e-01,-2.486532e+00,7.158814e+00
556,2.236301e-18,5.409125e-06,2.260481e-05,4.747341e-04,7.306086e-01,-3.152195e-01,1.780983e+00
557,4.020876e-17,-2.398555e-05,3.593902e-05,4.809275e-04,3.363101e-02,4.888351e-02,9.405223e-01
558,1.187815e-18,-1.640937e-05,3.983360e-05,4.775888e-04,6.991822e-01,7.226448e-01,-1.280783e+00
559,2.894212e-17,-1.067481e-05,2.930507e-05,4.775122e-04,-7.223721e-02,-2.008206e+00,1.640102e-01
560,1.150326e-18,-1.289199e-05,4.553833e-05,5.006892e-04,1.828852e+00,-1.178941e+00,2.012365e+01
561,5.274999e-18,-1.257177e-05,4.767830e-05,4.950320e-04,2.800488e+00,-1.185694e+00,1.555914e+01
562,3.942770e-18,-1.078083e-05,4.929205e-05,4.947567e-04,-2.564247e-01,-8.180158e-02,8.970546e+00
563,2.333620e-18,-1.015366e-05,4.922847e-05,5.005892e-04,-3.246970e-01,-2.776434e-02,1.053773e+01
564,6.710912e-19,-1.211579e-05,4.926700e-05,4.900569e-04,3.171209e+00,6.507779e-02,9.642984e+00
565,2.432354e-17,-4.676094e-06,4.630537e-05,5.042863e-04,-2.109537e-01,1.222721e-01,1.883023e+01
566,2.335915e-17,-2.252300e-05,3.890985e-05,4.915048e-04,-7.714181e-01,-1.153082e+00,2.292919e+00
567,1.349153e-18,-1.055215e-05,4.919181e-05,4.880406e-04,1.129927e+00,-2.820080e-01,4.408536e+00
568,5.256505e-19,-2.267338e-05,4.492383e-05,5.018002e-04,2.528009e-01,-2.071997e-01,1.409498e+00
569,2.438652e-19,-6.640385e-06,4.726515e-05,4.799224e-04,1.313654e+00,-1.103073e+00,8.916363e+00
570,3.120025e-17,-5.170422e-06,4.618768e-05,4.883982e-04,4.054611e-01,1.007546e-01,1.059007e+01
571,2.409131e-17,-2.410271e-05,3.470531e-05,4.979130e-04,-3.663862e-02,9.036467e-02,2.072314e+00
572,2.403374e-19,-1.133315e-05,4.961152e-05,4.846037e-04,2.191500e+00,4.377773e-01,1.337280e+00
573,1.155432e-16,-2.354160e-05,6.169350e-05,4.860396e-04,-7.838962e-03,-2.199820e-01,8.429323e-01
574,1.351959e-16,-1.048554e-05,6.274467e-05,4.921123e-04,3.145508e-01,-6.630147e-01,3.306496e+00
575,2.361612e-18,-2.351061e-06,6.016717e-05,4.873444e-04,1.475264e-01,6.552736e-02,-1.629757e+00
576,1.895985e-18,-2.446467e-06,6.484336e-05,4.921759e-04,-3.969850e-02,2.365586e-03,-9.767035e-02
577,1.445039e-17,-1.795966e-05,5.204716e-05,4.971619e-04,-4.990121e-01,1.796539e-01,3.591985e+00
578,1.752894e-17,-1.717274e-05,5.499479e-05,4.796128e-04,8.183673e-01,-4.563817e-01,1.158478e+00
579,3.334227e-18,-6.252252e-06,5.383036e-05,4.961376e-04,-2.569440e-02,-5.842730e-01,6.222146e+00
580,2.384728e-17,-1.721254e-05,6.409835e-05,4.995931e-04,-3.577340e-02,1.705832e+00,7.740734e+00
581,2.427000e-17,-1.827410e-05,7.037378e-05,4.858136e-04,-5.175157e-01,6.461454e-01,6.395689e+00
582,1.405964e-17,-1.472559e-05,7.034978e-05,5.028786e-04,-1.960085e-02,2.926563e+00,6.077732e+00
583,1.329692e-17,-1.961589e-05,6.319653e-05,4.788528e-04,-7.395672e-01,2.031333e-01,3.032428e+00
584,1.661004e-18,-1.641721e-05,6.094027e-05,4.861767e-04,-2.095805e-01,-3.454342e-01,3.172343e+00
585,8.503557e-18,-2.430111e-05,7.110070e-05,4.897775e-04,-8.529601e-02,3.241948e-03,1.641939e+00
586,2.727447e-18,-4.689065e-06,5.561531e-05,4.900442e-04,2.860333e-01,2.737677e-01,1.613318e+00
587,3.650938e-18,-6.247935e-06,5.546770e-05,4.826462e-04,1.271020e-01,-1.244531e-01,2.002905e+00
588,2.219545e-18,-1.718773e-05,6.875196e-05,4.810874e-04,6.122406e-02,-8.454503e-02,6.526556e+00
589,7.378591e-18,-3.909000e-06,5.309417e-05,5.014745e-04,1.203187e-01,1.922831e-01,8.083326e-01
590,9.957539e-17,-6.775293e-06,7.837488e-05,4.809367e-04,-5.312197e-01,2.050443e+00,1.370913e+00
591,4.364473e-18,-2.345463e-06,7.265865e-05,5.024682e-04,-2.467660e-02,3.780430e-02,9.148958e-02
592,2.376750e-18,-2.460980e-05,5.390705e-05,4.974248e-04,-2.019264e-02,1.384795e-01,2.583149e+00
593,2.701045e-18,-5.467037e-06,6.213089e-05,4.723046e-04,-4.172794e-01,1.675345e+00,-1.660028e+00
594,9.974705e-19,-5.859285e-06,7.560726e-05,4.770807e-04,2.369402e+00,2.003197e+00,3.220026e+00
595,1.502779e-18,-1.718793e-05,6.875742e-05,4.752479e-04,-3.993373e-01,7.591273e-02,2.258538e+00
596,2.425144e-18,-2.366534e-04,7.097554e-06,4.811914e-04,6.057880e-01,3.857617e-01,-1.976544e+00
597,1.114452e-17,-2.453184e-04,1.481680e-05,4.847570e-04,5.593735e-01,-4.186948e-01,4.391063e-01
598,2.453606e-18,-2.491386e-04,2.460904e-05,4.801015e-04,-2.681792e-01,5.767357e-02,2.898256e+00
599,6.275717e-18,-2.293283e-04,7.120419e-06,4.976914e-04,-1.501824e+00,9.869043e-01,1.277456e+01
600,1.147625e-16,-2.295535e-04,1.019832e-05,4.855608e-04,7.468825e-01,-1.098717e+00,7.836469e+00
601,2.754297e-18,-2.265528e-04,1.081547e-05,4.793544e-04,2.637663e-01,-2.473239e+00,5.919004e+00
602,4.285381e-17,-2.329443e-04,1.040170e-05,5.041496e-04,-3.288955e+00,-1.109032e+00,1.142752e+01
603,2.846893e-18,-2.437499e-04,1.952630e-05,5.021287e-04,4.393608e-02,-1.022532e+00,5.790190e+00
604,4.721999e-17,-2.489542e-04,7.692211e-06,4.867929e-04,3.955528e-03,-1.059580e+00,8.876668e-01
605,1.714740e-17,-2.491547e-04,7.200075e-06,4.811243e-04,1.717149e-01,5.076308e-01,4.218742e+00
606,2.005193e-18,-2.326723e-04,1.299703e-05,4.852635e-04,1.150097e+00,-2.055517e+00,1.056491e+01
607,2.716803e-17,-2.489607e-04,2.344833e-05,4.889947e-04,7.153066e-01,1.162603e+00,2.452549e+00
608,1.487558e-18,-2.496094e-04,1.406966e-05,4.826946e-04,-1.820657e-01,-1.399487e-02,1.962319e+00
609,2.907605e-18,-2.437503e-04,1.564420e-06,4.911260e-04,3.131867e-02,1.498691e-01,1.243541e+00
610,1.179505e-17,-2.405456e-04,2.425700e-05,4.907875e-04,5.674833e-02,-1.290421e-02,1.718487e+00
611,3.184603e-18,-2.304987e-04,2.355742e-06,4.958627e-04,8.577694e-01,-2.626826e-02,3.428418e-01
612,1.438440e-18,-2.475949e-04,2.460900e-05,4.834212e-04,4.540380e-01,2.231783e-01,2.575613e+00
613,1.739633e-17,-2.292148e-04,1.495918e-05,4.755686e-04,7.953661e-01,-2.495299e+00,2.663047e+00
614,2.956452e-19,-2.496100e-04,3.515051e-06,4.674267e-04,1.105963e+00,-2.527385e+00,-7.115102e+00
615,1.460361e-18,-2.343868e-04,1.015798e-05,4.768043e-04,4.661882e-01,3.674812e-02,1.622153e+00
616,1.910160e-18,-2.496094e-04,5.471810e-06,4.760486e-04,-1.220174e-01,-2.422233e-01,4.080088e+00
617,3.240417e-18,-2.428417e-04,-2.314296e-06,4.758486e-04,2.270240e-01,6.610741e-01,-8.874420e-01
618,6.819113e-19,-2.253909e-04,-5.859072e-06,4.756896e-04,-9.010426e-01,-1.051801e+00,7.656512e+00
619,1.110739e-18,-2.253907e-04,-5.077472e-06,4.735812e-04,1.132091e+00,-2.375697e+00,1.526249e+00
620,3.584449e-19,-2.441407e-04,-2.734629e-06,4.768001e-04,2.512426e+00,3.544247e+00,-7.702205e-01
621,4.255502e-18,-2.304974e-04,-4.786618e-06,4.756148e-04,-6.310326e-01,-3.272072e-01,-2.123934e-01
622,6.395739e-19,-2.316406e-04,-4.297068e-06,4.724559e-04,2.152585e+00,-2.604587e+00,1.645594e+00
623,1.088264e-17,-2.449320e-04,2.182271e-05,5.126108e-04,-1.470718e+00,-8.473723e-02,2.688195e+00
624,2.997071e-18,-2.281215e-04,1.488478e-05,5.166625e-04,-4.984648e-02,-4.797721e-02,9.256622e-01
625,1.443859e-17,-2.492179e-04,6.250663e-06,5.271648e-04,-3.585136e-02,5.886276e-01,8.854938e+00
626,7.629182e-17,-2.485605e-04,6.351100e-06,5.273827e-04,-8.318381e-02,5.932355e-01,8.742730e+00
627,3.924546e-18,-2.255599e-04,8.571998e-06,5.122033e-04,8.892764e-01,-4.220849e-01,9.357941e+00
628,1.915876e-17,-2.248452e-04,2.245261e-05,5.173281e-04,2.706682e-01,1.698725e+00,6.417931e+00
629,1.928802e-17,-2.375794e-04,1.769615e-05,5.251197e-04,-7.495019e-02,1.521237e+00,5.573346e+00
630,1.005604e-17,-2.492962e-04,1.450286e-05,5.273846e-04,5.081246e-02,5.741042e-01,8.905072e+00
631,2.096448e-17,2.454665e-04,-1.257267e-05,5.042581e-04,6.725510e-01,1.982255e-01,1.133597e+00
632,2.547780e-17,2.415370e-04,-7.088368e-06,4.987441e-04,5.096250e-01,1.875464e+00,2.108637e+01
633,2.265625e-17,2.255508e-04,-1.198495e-05,4.974586e-04,-8.874784e-01,4.198928e-01,1.969679e+00
634,2.321386e-18,2.430378e-04,-5.422222e-06,4.843305e-04,3.156922e-01,-4.327850e-01,1.133163e+00
635,2.940660e-18,2.468718e-04,-1.189562e-05,4.824214e-04,1.251658e-01,1.080883e+00,1.338809e+00
636,2.437220e-18,2.496090e-04,-2.188313e-05,4.948455e-04,3.583349e-02,6.531386e-02,-1.577674e+00
637,3.381602e-17,2.315556e-04,-6.164360e-06,4.954892e-04,6.049255e-01,-3.456843e-01,9.416620e+00
638,2.152433e-17,2.297880e-04,-1.328087e-05,4.935268e-04,-3.478281e-02,2.970303e-01,1.079880e+01
639,2.204342e-17,2.304965e-04,-2.190428e-06,5.015970e-04,3.225711e-02,1.772558e+00,7.758680e+00
640,1.111762e-17,2.492854e-04,-6.965599e-06,4.983191e-04,7.863565e-02,5.404180e-01,6.970050e+00
641,1.489237e-18,2.496095e-04,-8.610292e-06,4.857527e-04,5.553601e-02,7.114759e-01,4.888674e+00
642,1.277370e-17,2.490121e-04,-2.424459e-05,4.873075e-04,4.222965e-01,4.548588e-01,3.955086e+00
643,4.600884e-18,2.453137e-04,-2.345434e-06,4.901296e-04,-1.092447e-02,-4.296049e-02,4.445950e+00
644,1.950428e-17,2.491947e-04,-1.183120e-05,5.034106e-04,-7.706061e-02,1.628915e+00,8.838333e+00
645,1.150890e-17,2.304698e-04,-1.405923e-05,5.036678e-04,-1.795594e-01,2.514723e-01,1.652409e+01
646,1.005165e-18,2.321342e-04,-2.924992e-06,4.838108e-04,4.455735e-02,4.777766e-01,3.764942e+00
647,8.256701e-18,2.296826e-04,-1.223291e-05,4.830376e-04,1.691538e-01,-3.030001e-01,4.840631e+00
648,9.775078e-18,2.320510e-04,-9.436057e-06,5.009579e-04,1.839678e-01,-1.384324e-01,1.224271e+01
649,5.055702e-19,2.242291e-04,5.863241e-06,4.845937e-04,-3.046181e-01,-3.349083e-02,-1.255596e+00
650,8.827087e-17,2.440469e-04,7.485052e-06,4.989409e-04,1.062941e+00,-1.949346e+00,1.054148e+01
651,1.596932e-18,2.496093e-04,7.647612e-07,5.021071e-04,7.102774e-02,8.819959e-02,1.586977e+01
652,2.757659e-17,2.346602e-04,2.451225e-06,4.920332e-04,-5.371873e-01,1.419950e-01,2.182404e+00
653,5.956496e-17,2.490607e-04,1.738709e-05,5.053413e-04,-6.870392e-01,1.757170e+00,1.292591e+01
654,2.890263e-17,2.490161e-04,1.925391e-05,4.931810e-04,3.022621e-02,1.249625e+00,1.124080e+01
655,4.751181e-18,2.453238e-04,1.406407e-05,4.985394e-04,-7.395281e-02,-1.050554e+00,1.102699e+01
656,1.306660e-17,2.402098e-04,6.413333e-06,4.963296e-04,5.210302e-01,-4.265041e-01,9.048070e+00
657,1.457850e-18,2.496098e-04,1.250839e-05,4.927411e-04,1.144528e-01,-1.007879e+00,8.552317e+00
658,1.320109e-18,2.496094e-04,7.776561e-07,4.982717e-04,1.210773e-01,-1.542790e-01,1.344921e+01
659,2.319287e-18,2.454292e-04,1.344712e-05,4.857827e-04,5.913040e-01,3.240292e-01,4.677443e+00
660,5.138830e-17,2.223909e-04,1.384448e-05,4.964807e-04,-4.625486e-01,1.102429e+00,2.806626e+00
661,1.631214e-17,2.234522e-04,2.270264e-05,5.011869e-04,-1.006502e+00,9.794350e-01,2.448226e+00
662,1.378026e-18,2.431548e-04,1.363480e-05,4.799374e-04,1.553416e+00,-1.961876e+00,9.403359e+00
663,2.850918e-18,2.343745e-04,9.373865e-06,5.005333e-04,-1.642225e-03,-2.936475e-02,4.939020e+00
664,1.703549e-18,2.496094e-04,1.015548e-05,4.826444e-04,1.781982e-01,4.429436e-01,3.432454e+00
665,8.304659e-19,2.433596e-04,1.054962e-05,4.889415e-04,3.394904e+00,-3.024519e+00,1.323308e+01
666,5.157617e-18,2.421838e-04,8.600416e-06,4.846137e-04,-3.973398e-01,-1.993906e-01,4.429585e+00
667,2.544221e-18,2.279896e-04,1.081189e-05,4.831252e-04,2.021127e+00,1.462885e+00,1.134009e+01
668,3.359125e-18,2.257706e-04,7.808205e-06,4.826509e-04,2.082832e-01,5.867317e-02,2.523548e+00
669,4.344601e-18,2.431516e-04,1.171899e-05,4.856726e-04,2.863900e+00,-4.020560e+00,1.311972e+01
670,5.633777e-19,2.496108e-04,1.405445e-05,5.002120e-04,1.905114e-01,2.594041e-01,1.202170e+01
671,1.193011e-17,2.316715e-04,1.200263e-06,5.043489e-04,-3.222041e-02,-3.972176e-02,6.613368e+00
672,6.614268e-18,2.259253e-04,2.362429e-06,4.840070e-04,-1.687032e+00,-9.368397e-03,1.855122e+00
673,4.393633e-18,2.496096e-04,1.721681e-05,4.859383e-04,-8.449154e-03,2.294217e-02,1.032177e+01
674,1.421719e-18,2.496094e-04,7.692030e-07,4.943623e-04,9.472767e-02,7.773404e-01,1.185796e+01
675,7.386611e-18,2.496094e-04,7.806503e-07,4.836070e-04,8.485452e-02,-8.538523e-03,5.755366e+00
676,5.077124e-18,2.453344e-04,1.328043e-05,4.814842e-04,7.094720e-01,-2.122721e-01,4.899582e+00
677,7.392885e-18,2.413644e-04,2.432363e-05,4.986025e-04,-5.417490e-02,1.098848e-01,1.866746e+00
678,1.797403e-18,2.141751e-04,-7.018246e-06,4.809157e-04,4.261653e-01,5.190513e-01,-3.941305e+00
679,1.097682e-16,2.105678e-04,-2.357013e-05,4.963109e-04,-8.951036e-03,5.498528e-02,6.491156e-01
680,2.903854e-18,2.156295e-04,-1.642259e-05,4.841435e-04,2.131692e-01,3.642662e-01,-2.336120e+00
681,5.263603e-17,2.193005e-04,2.950606e-07,4.849400e-04,-1.533685e+00,9.208009e-01,1.289792e+00
682,2.871260e-18,2.148835e-04,-1.481594e-05,4.803293e-04,7.703887e-01,7.541140e-01,-2.552113e+00
683,1.187519e-18,2.070408e-04,-1.015272e-05,4.853824e-04,1.221330e-01,-4.314397e-02,8.308538e-01
684,6.893265e-18,2.027636e-04,-1.001206e-05,5.019793e-04,-1.653376e+00,-9.886063e-01,7.498315e+00
685,6.971358e-18,2.117045e-04,-3.110159e-06,4.991040e-04,6.563864e-02,1.065304e-01,3.649076e+00
686,1.864892e-17,2.194060e-04,-1.436783e-05,4.841465e-04,1.620136e-01,-3.748825e-01,4.575501e+00
687,3.600810e-18,2.055605e-04,-1.013570e-05,5.001849e-04,-1.936092e-01,9.786645e-01,1.156559e+01
688,2.220028e-17,2.062085e-04,-1.641388e-05,4.811567e-04,-1.422489e+00,-1.334331e-01,2.760159e+00
689,1.060659e-18,2.140601e-04,-7.037424e-06,4.908282e-04,5.495860e-03,1.277498e-01,4.217891e-01
690,3.051017e-18,2.195294e-04,-3.125618e-06,5.005801e-04,3.399410e-02,1.610347e-02,5.260404e+00
691,8.099971e-17,2.197970e-04,9.493155e-06,4.835075e-04,-7.588545e-01,-6.199969e-01,4.918533e+00
692,1.357855e-16,2.066462e-04,7.260216e-06,4.963818e-04,-1.783919e+00,8.212815e-01,8.477022e+00
693,6.760837e-17,2.039081e-04,1.550250e-05,4.838343e-04,-3.102343e-01,-6.765903e-01,5.219441e+00
694,5.116222e-17,2.029338e-04,6.140045e-06,4.825571e-04,-1.132214e-01,-7.263796e-01,2.216791e+00
695,4.864309e-17,2.130611e-04,1.155464e-05,4.853955e-04,3.510679e-01,5.461160e-01,1.014505e+01
696,1.784466e-18,2.140598e-04,1.576140e-05,4.957854e-04,2.040295e-01,2.061610e-01,1.097560e+01
697,3.016247e-17,2.131198e-04,1.412912e-05,5.022547e-04,-4.204137e-01,-6.756296e-01,1.151515e+01
698,2.655853e-18,2.140731e-04,1.565335e-05,4.911929e-04,-3.127860e-01,2.256038e-01,9.626183e+00
699,2.822080e-19,2.074220e-04,7.422535e-06,5.001767e-04,-1.000361e+00,-3.693093e+00,8.395713e-01
700,6.001500e-19,2.058595e-04,1.679666e-05,4.802773e-04,1.055560e+00,-1.279918e-01,7.666439e+00
701,2.292476e-18,2.141298e-04,1.547440e-05,4.868565e-04,-3.205749e-01,-7.024807e-02,5.741379e+00
702,1.047399e-18,2.211063e-04,8.603893e-06,5.017363e-04,1.109606e-01,1.691173e-01,1.169151e+00
703,5.281614e-18,2.078448e-04,8.606320e-06,4.920516e-04,2.857030e-01,-2.173339e-01,1.566793e+01
704,1.893384e-18,2.062502e-04,2.460989e-05,4.834418e-04,-1.670764e-01,-2.560916e-02,2.635423e+00
705,2.843322e-18,7.815135e-06,-1.257856e-04,4.841299e-04,5.193335e-02,3.498050e-01,8.419348e-01
706,2.381028e-18,7.822523e-06,-1.257686e-04,4.982196e-04,-1.993913e-01,-4.339496e-01,4.025269e+00
707,8.342807e-18,1.718551e-05,-1.262255e-04,4.972322e-04,-2.233870e-01,1.120061e+00,-4.986110e-02
708,1.596442e-17,-5.782885e-06,-1.262394e-04,4.841723e-04,-8.065424e-02,-1.988742e+00,3.284715e+00
709,6.827371e-17,-2.376778e-05,-1.196498e-04,4.933066e-04,-5.933744e-03,-1.447971e-02,7.597753e-01
710,3.045584e-17,-1.562643e-05,-1.171881e-04,4.982657e-04,6.018740e-01,8.429919e-01,2.610531e+00
711,1.664802e-16,-1.348800e-05,-1.168602e-04,4.991223e-04,-9.564390e-01,9.235441e-01,8.431842e+00
712,1.152275e-18,-1.486827e-05,-1.046889e-04,4.877372e-04,1.658407e-01,3.793434e-02,-6.536644e-01
713,9.125550e-17,-7.735159e-06,-1.113336e-04,5.035130e-04,3.112263e-02,1.148842e-01,2.804548e+00
714,5.076801e-17,-8.483033e-06,-1.194692e-04,4.937083e-04,2.345646e+00,1.331101e+00,1.555688e+01
715,1.983621e-17,-8.071194e-06,-1.013773e-04,4.903457e-04,-2.022637e+00,2.393228e-01,1.318391e+01
716,1.210581e-18,-7.680195e-07,-1.148525e-04,4.939210e-04,-2.022550e-01,8.886809e-02,7.602825e+00
717,3.612774e-18,-7.869817e-07,-1.148522e-04,4.869220e-04,-1.149515e-01,-1.555148e-01,5.171902e+00
718,5.159003e-18,-1.036200e-05,-1.234323e-04,4.826694e-04,-1.045189e+00,-1.803492e+00,9.513207e+00
719,3.996348e-19,-8.987754e-06,-1.214849e-04,4.892761e-04,1.039835e+00,5.840482e-01,1.491741e+01
720,1.109058e-18,-8.986294e-06,-1.222658e-04,4.877621e-04,1.189795e+00,3.451512e-01,1.327874e+01
721,1.856649e-18,-1.019561e-05,-1.181147e-04,4.890416e-04,2.116210e+00,-5.151006e-02,1.587368e+01
722,5.820597e-19,-8.984182e-06,-1.179332e-04,4.838237e-04,3.120706e+00,1.017258e+00,5.112686e+00
723,2.569533e-19,-9.766214e-06,-1.214852e-04,4.861637e-04,1.100020e+00,-4.464363e-01,1.176089e+01
724,2.885462e-17,2.404847e-05,-1.213301e-04,4.993423e-04,2.291552e-02,-4.604787e-02,1.085547e+00
725,3.982687e-18,1.812945e-05,-1.117589e-04,4.971743e-04,-8.521430e-01,-1.281220e+00,1.086027e+00
726,1.154578e-16,1.068918e-05,-1.052498e-04,5.035544e-04,-1.509438e-01,-7.622245e-01,2.125478e+00
727,4.198899e-18,2.105976e-06,-1.117156e-04,4.984346e-04,-3.808816e+00,1.221857e+00,1.276538e+01
728,3.719414e-18,2.460931e-05,-1.117232e-04,4.895087e-04,-4.288091e-02,6.718356e-02,3.033916e+00
729,2.942452e-17,1.046222e-05,-1.056302e-04,4.891007e-04,-2.085179e+00,1.520590e+00,1.189698e+01
730,2.497234e-17,2.740194e-06,-1.194807e-04,4.956690e-04,1.713685e+00,-1.701162e+00,6.657058e+00
731,1.066375e-18,4.490600e-06,-1.115997e-04,4.884855e-04,-6.544352e-01,-5.042495e-02,5.686904e+00
732,5.509362e-17,1.211711e-05,-9.956548e-05,4.911162e-04,-1.517005e+00,-6.684216e-01,4.135386e+00
733,5.174975e-18,1.094055e-05,-1.179749e-04,5.017958e-04,-2.424119e-01,-2.479551e-01,7.293542e+00
734,3.553568e-17,1.331301e-05,-9.786671e-05,4.958543e-04,5.153886e-01,5.415722e-01,2.595148e+00
735,2.945107e-18,7.760587e-07,-1.234373e-04,4.981245e-04,-6.011618e-02,-3.676565e-02,2.459226e-01
736,4.589984e-18,6.056060e-06,-1.117244e-04,4.828268e-04,-2.557151e-01,3.342531e-01,3.850158e+00
737,3.203367e-18,1.093051e-05,-1.210461e-04,4.834117e-04,-3.130319e-01,2.097211e-01,1.615997e+00
738,4.620351e-17,-1.141205e-06,-8.236477e-05,4.903751e-04,-2.965058e+00,-9.568105e-01,4.330440e+00
739,1.227869e-16,-1.024094e-05,-7.885664e-05,4.952386e-04,-1.269736e+00,2.159973e-01,5.471713e+00
740,5.693347e-17,-1.282483e-05,-8.019961e-05,5.048258e-04,-4.576796e-01,-7.772548e-03,2.531850e+00
741,1.142396e-17,-1.328092e-05,-8.932018e-05,4.980007e-04,5.190448e-01,1.605946e+00,5.134836e+00
742,1.029204e-16,-1.280375e-05,-8.980682e-05,4.982873e-04,3.173992e-01,8.092749e-01,4.678579e+00
743,2.413040e-17,-6.422051e-06,-8.744464e-05,4.821535e-04,2.853931e+00,4.040848e-02,1.381567e+00
744,6.729075e-18,-2.337387e-06,-9.687899e-05,4.950026e-04,-2.640724e-01,1.751496e-01,1.139666e+01
745,2.062609e-17,-1.939985e-05,-8.112487e-05,4.820885e-04,4.869188e-01,2.833045e+00,4.184127e+00
746,1.055841e-17,-1.678999e-05,-8.368073e-05,4.893117e-04,1.398235e+00,-1.704078e-01,5.700486e+00
747,2.444047e-17,-1.767289e-05,-7.766798e-05,4.823817e-04,5.173058e-02,-2.704469e-01,5.161376e+00
748,2.007649e-18,-9.377548e-06,-8.135646e-05,4.847916e-04,3.350095e-01,-5.167409e-04,3.402121e+00
749,3.078889e-18,-2.342140e-06,-9.687436e-05,4.888716e-04,2.206518e-01,-3.907089e-01,9.184983e+00
750,4.808203e-18,-1.094239e-05,-9.530984e-05,4.895835e-04,4.421081e-02,-8.310834e-01,2.201568e+00
751,4.517215e-18,-2.344038e-06,-9.686641e-05,4.822803e-04,8.919691e-02,4.558901e-01,5.221593e+00
752,1.195292e-17,-2.429087e-05,-8.516056e-05,4.967690e-04,9.938864e-03,-2.128762e-03,1.745228e+00
753,2.572824e-17,1.483575e-05,-9.288805e-05,4.823908e-04,1.533693e+00,-6.910600e-02,8.820730e-01
754,2.577765e-17,2.265216e-05,-7.330998e-05,4.844548e-04,1.314392e+00,7.804426e-01,9.594807e-01
755,6.271746e-17,1.157421e-05,-8.078356e-05,4.908727e-04,1.320333e+00,-1.023956e+00,5.829288e+00
756,2.480122e-17,2.278858e-05,-8.749822e-05,4.921457e-04,2.323586e+00,-7.155685e-02,3.147783e+00
757,2.030396e-17,1.657753e-05,-8.106242e-05,4.826869e-04,-3.855871e-01,2.058280e+00,4.668592e+00
758,5.807306e-18,9.908573e-06,-8.984397e-05,5.016312e-04,3.099192e-02,-2.914674e-02,4.161754e+00
759,1.416165e-18,1.176394e-05,-9.841924e-05,4.846103e-04,-6.143230e-01,-4.959735e-01,5.047790e+00
760,2.672718e-17,3.112625e-06,-7.391800e-05,4.928573e-04,-2.443161e-01,2.600778e-01,1.285118e+01
761,1.871129e-18,3.414437e-06,-7.596901e-05,5.036469e-04,-1.261243e+00,-4.560356e-01,1.612158e+01
762,2.646703e-18,1.648398e-05,-9.055900e-05,4.850377e-04,7.246933e-01,-4.462268e-02,-1.000844e+00
763,2.531750e-19,1.132894e-05,-8.086160e-05,4.970845e-04,-4.166469e-01,5.895475e-02,2.479233e+00
764,4.119080e-18,5.455629e-06,-9.568310e-05,4.825694e-04,2.109697e-02,4.897252e-01,1.564221e+00
765,9.939402e-19,5.664332e-06,-9.765732e-05,4.910168e-04,5.453130e-02,3.342296e-01,1.536097e+00
766,3.332685e-18,1.172120e-05,-8.749995e-05,4.959052e-04,4.931522e-02,-2.706311e-01,2.558571e+00
767,2.785598e-18,5.464772e-06,-9.764703e-05,4.989940e-04,-3.230567e-01,1.970016e-01,2.481106e+00
768,5.243774e-19,8.571919e-06,-8.242054e-05,4.791440e-04,1.210130e+00,5.210264e-01,3.405942e+00
769,1.343425e-18,9.914826e-06,-8.194526e-05,4.825759e-04,3.171253e-01,-2.303042e+00,6.589958e+00
770,2.941763e-18,1.485642e-05,-7.812772e-05,4.943042e-04,4.591599e-01,2.703445e-01,1.992942e+00
771,1.750346e-18,2.460931e-05,-8.983076e-05,4.865702e-04,-3.377568e-02,-2.957971e-03,2.704571e+00
772,4.978391e-18,-2.493272e-04,-7.808373e-07,5.423748e-04,-8.063260e-02,-5.008325e-02,4.803430e+00
773,9.759688e-19,-2.335884e-04,7.882301e-07,5.454292e-04,-2.931392e-02,1.277671e-01,-5.222688e-01
774,5.367258e-18,-2.314810e-04,2.339650e-06,5.319491e-04,-5.220493e-01,5.808289e-01,6.274624e+00
775,1.580623e-17,-2.321828e-04,1.520873e-05,5.424825e-04,-4.505727e+00,-6.365274e-01,8.969191e+00
776,4.542822e-19,-2.496076e-04,4.691296e-06,5.347487e-04,-2.547177e-01,-1.145083e-03,4.567237e+00
777,1.249186e-18,-2.280945e-04,1.485451e-05,5.427483e-04,-2.552512e-01,1.670440e-01,1.923950e-01
778,1.598081e-18,-2.496097e-04,2.343546e-05,5.351625e-04,-1.591723e-01,1.001785e+00,9.099001e+00
779,7.396446e-18,-2.477519e-04,1.481543e-05,5.439864e-04,-7.329038e-01,-8.191948e-01,1.034595e+01
780,7.501240e-18,-2.366781e-04,8.982148e-06,5.491173e-04,5.391356e-01,-4.881531e-01,1.158043e+01
781,2.312788e-17,-2.333147e-04,-9.396435e-08,5.394273e-04,1.256913e-01,1.108343e+00,2.025248e+01
782,1.889989e-18,-2.496088e-04,-7.816523e-06,5.326392e-04,-1.003528e-01,7.625836e-02,1.102700e+01
783,9.863474e-17,-2.486707e-04,-1.484158e-05,5.351568e-04,1.490937e-01,-1.601500e+00,1.121579e+01
784,8.039951e-18,-2.356491e-04,-3.914001e-06,5.387958e-04,-2.869970e+00,-1.207942e-01,5.389756e+00
785,3.726124e-18,-2.390638e-04,-1.327756e-05,5.455206e-04,-7.757603e-03,-4.621426e-02,7.236423e-01
786,2.390370e-16,-2.174145e-04,-8.271380e-06,5.297931e-04,3.881484e-01,-9.560741e-02,1.096049e+01
787,3.239383e-17,-2.189108e-04,9.548414e-07,5.234891e-04,4.295528e+00,-2.995306e+00,1.591075e+01
788,4.478463e-18,-2.187539e-04,-1.013671e-05,5.178272e-04,6.785314e-02,2.979332e-01,1.027045e+01
789,3.699672e-17,-2.125453e-04,2.255738e-06,5.089541e-04,2.867879e+00,7.889605e-01,7.983777e+00
790,2.282712e-18,-2.109319e-04,-8.590965e-06,5.158817e-04,-3.293351e-01,3.202859e-01,5.377787e+00
791,2.247117e-17,-2.027471e-04,-1.820969e-05,5.127173e-04,-2.262908e-01,3.665031e-01,5.381917e+00
792,7.334426e-18,-2.085921e-04,-9.335487e-06,5.246748e-04,-1.343204e-02,4.237994e-01,7.287678e+00
793,1.124564e-17,-2.054646e-04,-1.380364e-05,5.069830e-04,2.978494e-01,2.252868e-03,3.850260e+00
794,1.302692e-18,-2.039024e-04,-2.341593e-06,5.108778e-04,4.602375e-02,6.398394e-02,4.649830e+00
795,4.794306e-18,-2.187482e-04,-1.014961e-05,5.132672e-04,3.138247e-02,3.431644e-01,1.071826e+01
796,1.067954e-16,-2.154392e-04,8.858493e-06,5.197861e-04,9.640016e-01,1.039118e-01,4.667818e+00
797,2.119294e-16,-2.154481e-04,9.049067e-06,5.198753e-04,9.190606e-01,1.494720e-01,4.680199e+00
798,4.335215e-17,-2.070279e-04,1.267386e-05,5.100555e-04,-4.604504e-01,-1.119003e+00,6.672593e+00
799,5.332586e-17,-2.205967e-04,1.429324e-05,5.069255e-04,1.052267e+00,1.343368e+00,8.877737e+00
800,8.910493e-18,-2.022761e-04,1.055552e-05,5.216288e-04,6.068412e-01,2.337090e+00,1.019081e+01
801,1.630932e-17,-2.042232e-04,1.226618e-05,5.237739e-04,7.773966e-03,-6.361839e-01,7.871611e+00
802,1.060777e-16,-2.087444e-04,7.690351e-06,5.303455e-04,-9.873956e-01,-1.240162e+00,8.426545e+00
803,1.198182e-16,-2.202568e-04,5.360830e-06,5.467606e-04,-1.597416e+00,2.345815e+00,1.375436e+01
804,4.361352e-17,-2.150878e-04,-1.657579e-05,5.491558e-04,7.630585e-01,9.060062e-01,1.230829e+01
805,7.425745e-18,-2.054642e-04,1.327614e-05,5.491942e-04,1.625420e-02,1.975792e-01,1.316103e+01
806,1.778172e-18,-2.227833e-04,9.335320e-06,5.443138e-04,2.835717e-01,-2.592697e-01,8.232451e-01
807,4.690166e-18,-2.226584e-04,-1.405830e-05,5.483155e-04,-3.326661e-02,-2.906706e-02,8.486114e+00
808,6.831342e-17,-2.042818e-04,-1.118855e-05,5.430831e-04,-4.247223e-01,1.013354e+00,9.358438e+00
809,4.162133e-17,-1.831541e-04,-2.026297e-05,5.198514e-04,-1.785894e-01,-1.144511e+00,1.896743e+00
810,5.886345e-18,-1.850855e-04,-3.905883e-06,5.214727e-04,3.376654e+00,9.145573e-01,6.825632e+00
811,3.833857e-18,-1.798344e-04,-1.250050e-05,5.029952e-04,8.383372e-01,1.260580e-01,2.268659e+00
812,5.853945e-19,1.656156e-04,1.367341e-05,4.752486e-04,2.654424e-01,-3.496292e+00,-2.510427e+00
813,9.666758e-19,1.626356e-04,1.157531e-05,4.744698e-04,4.165810e-01,2.928250e-01,-3.008155e+00
814,5.686387e-19,1.656350e-04,1.445546e-05,4.760299e-04,-9.051313e-01,-3.293239e+00,-2.638978e-01
815,2.217537e-17,1.537260e-04,1.426575e-05,4.744018e-04,4.848023e-01,-3.906894e-02,-1.965343e+00
816,2.743212e-19,1.527346e-04,3.515592e-06,4.752352e-04,9.486226e-01,-5.032345e-03,1.459448e-01
817,2.741631e-18,1.554783e-04,-2.357752e-06,4.755479e-04,-5.829169e-02,-1.035275e-01,-1.650343e-01
818,4.802188e-17,1.883995e-04,6.672104e-06,4.644537e-04,1.222089e+00,5.925838e-01,7.080619e+00
819,2.805899e-18,1.856983e-04,-3.867697e-06,4.745015e-04,-7.211202e-01,9.750507e-02,-8.256276e-01
820,2.426775e-19,1.933588e-04,1.679670e-05,4.721205e-04,-1.378481e+00,-1.145982e+00,-1.011948e+00
821,3.250024e-19,1.933583e-04,1.679525e-05,4.705566e-04,3.553838e-01,1.374311e-01,-2.307377e+00
822,1.013065e-16,9.215274e-06,-8.029374e-05,5.186742e-04,-7.840929e-01,-4.553700e-01,1.311831e+01
823,4.055824e-17,2.685952e-06,-7.838590e-05,5.119136e-04,-2.152424e-01,-3.795640e+00,2.108448e+01
824,1.844709e-17,-4.213850e-06,-7.983913e-05,5.225200e-04,-1.099584e+00,-5.327329e-01,1.395969e+01
825,1.078388e-16,-4.679741e-06,-7.961365e-05,5.221706e-04,-9.304712e-01,-6.295006e-01,1.375162e+01
826,7.162067e-17,2.431225e-06,-8.936200e-05,5.111011e-04,7.618771e-01,5.561184e-01,6.714591e+00
827,1.511375e-18,3.350118e-06,-7.681476e-05,5.068364e-04,8.007988e-01,-2.133012e+00,1.967873e+01
828,3.890212e-17,3.903365e-06,-9.727873e-05,5.184434e-04,-6.781775e-01,-1.482132e+00,6.806431e+00
829,2.696752e-18,1.170138e-05,-8.049718e-05,5.059837e-04,1.051308e+00,1.615912e+00,1.173268e+01
830,2.511849e-18,1.171940e-05,-8.749699e-05,5.181188e-04,6.767716e-02,3.698152e-02,6.313215e+00
831,2.807553e-18,1.171716e-05,-8.749815e-05,5.272101e-04,-2.112852e-01,2.386258e-01,9.085786e+00
832,2.469072e-18,5.462468e-06,-9.765362e-05,5.097104e-04,-2.758863e-01,-7.890655e-02,5.252078e+00
833,3.327120e-18,6.247527e-06,-9.063199e-05,5.188735e-04,-1.168752e-01,1.617260e-01,2.777502e+00
834,3.890346e-18,2.109636e-05,-8.047568e-05,5.147068e-04,-2.631529e-02,-2.676514e-01,-6.866175e-02
835,2.557530e-18,1.015580e-05,-9.765317e-05,5.081665e-04,-1.588605e-01,-9.248259e-02,1.163322e+00
836,4.482992e-18,-9.373492e-06,-8.983688e-05,5.048114e-04,5.160250e-02,2.026653e-01,1.816276e+00
837,4.977582e-18,-2.335955e-06,-9.960369e-05,5.074316e-04,-1.205897e+00,-3.991147e-01,1.916239e+01
838,1.066934e-17,-2.172788e-06,-8.173608e-05,5.154282e-04,-6.812165e-01,-2.150875e+00,1.292924e+01
839,2.378355e-17,-1.254342e-05,-9.556750e-05,5.107660e-04,5.661605e-01,1.695343e+00,6.751403e+00
840,5.448661e-18,-3.122513e-06,-7.812656e-05,5.063026e-04,3.532219e-01,1.551791e-01,9.867818e+00
841,1.273903e-18,-4.696336e-06,-9.062437e-05,5.093821e-04,4.735897e-01,1.700174e-01,7.918385e+00
842,1.310171e-17,-4.904337e-06,-9.662304e-05,5.206889e-04,4.287579e-01,6.811817e-04,6.802049e+00
843,7.813679e-18,-1.017108e-05,-9.450846e-05,5.137977e-04,-4.026089e-01,1.944438e-01,5.176108e+00
844,3.032684e-18,-1.476181e-05,-9.217949e-05,5.277165e-04,-1.443436e-01,1.232630e-02,7.608219e+00
845,2.404810e-17,-2.976362e-06,-1.028125e-04,5.140592e-04,-1.020395e-01,-3.003846e+00,2.088522e+01
846,1.491567e-17,-1.484268e-05,-1.031249e-04,5.151165e-04,2.589825e-03,-4.136846e-01,4.885104e+00
847,2.333822e-18,-1.718894e-05,-1.179699e-04,5.278588e-04,3.615810e-02,2.961407e-02,1.660135e+00
848,5.330358e-18,-6.267923e-06,-1.234609e-04,5.155665e-04,2.597387e-01,-1.371013e-01,1.649699e+01
849,5.985492e-17,-2.658737e-06,-1.073143e-04,5.094614e-04,-2.387465e+00,3.848010e-01,9.208159e+00
850,1.058876e-17,-3.987655e-06,-1.264465e-04,5.165329e-04,9.098825e-02,1.486137e-01,1.335999e+01
851,7.059742e-19,-7.165535e-06,-1.180993e-04,5.101736e-04,3.388630e-01,1.713855e-01,2.160315e+00
852,5.065207e-17,-1.487189e-05,-1.255864e-04,5.274229e-04,-3.155673e+00,4.160162e-01,1.401609e+01
853,7.996998e-17,-1.489609e-05,-1.033957e-04,5.151087e-04,-4.612739e-02,-5.183280e-01,4.689348e+00
854,1.542184e-17,-8.464490e-06,-1.161268e-04,5.153998e-04,1.333546e+00,5.966963e-01,3.316157e+00
855,4.878558e-18,-1.564547e-06,-1.171850e-04,5.169505e-04,-1.179479e-01,4.253643e-02,1.400387e+00
856,4.295072e-17,5.922397e-06,-9.085372e-05,5.412487e-04,-1.307141e+00,-8.402226e-01,1.057787e+01
857,7.424253e-18,1.094101e-05,-9.025384e-05,5.319268e-04,6.256336e-02,-9.155121e-01,1.012272e+01
858,1.017588e-18,5.475339e-06,-9.764175e-05,5.411644e-04,4.091300e-02,6.608095e-02,4.405475e+00
859,1.133017e-17,1.290016e-05,-8.084092e-05,5.333579e-04,-4.759790e-01,1.585885e-01,5.347633e+00
860,2.650030e-18,2.031618e-05,-7.968845e-05,5.452252e-04,9.227213e-03,2.842555e-03,1.452252e+00
861,9.815023e-17,-1.566951e-05,-9.456601e-05,5.406070e-04,1.186687e-01,-2.062354e-01,9.125725e+00
862,1.144078e-16,-8.968986e-06,-8.667696e-05,5.308479e-04,-1.225333e+00,1.033559e+00,9.046282e+00
863,2.360499e-16,-1.273683e-06,-1.041530e-04,5.403159e-04,-5.077740e-02,-2.911699e-01,7.427997e+00
864,4.069765e-17,-6.626648e-06,-1.018579e-04,5.485538e-04,4.955499e-01,4.632735e-02,7.708662e+00
865,5.693059e-18,-9.631150e-06,-8.984635e-05,5.363875e-04,-3.546320e-01,5.543727e-02,6.608036e+00
866,1.167547e-18,-9.378484e-06,-8.984884e-05,5.426875e-04,2.102740e-02,-2.332911e-02,2.079803e+00
867,2.834729e-18,-1.435462e-05,-1.259672e-04,5.427605e-04,-3.779028e+00,4.406876e-01,1.914434e+01
868,3.173315e-17,7.725946e-06,-1.177975e-04,5.308015e-04,-2.193508e-01,1.143741e-01,5.435450e+00
869,1.285196e-16,7.436675e-06,-1.179021e-04,5.310611e-04,-1.753206e-01,-1.810627e-01,5.469561e+00
870,6.463485e-17,2.405434e-06,-1.250051e-04,5.408375e-04,-6.467580e-01,-1.692881e-02,1.217020e+01
871,5.619567e-18,-3.911056e-06,-1.257811e-04,5.357962e-04,2.811180e-01,-1.482414e-01,1.883176e+01
872,4.966135e-18,-8.881547e-06,-1.217815e-04,5.286760e-04,6.818002e-01,-1.479149e-01,1.804827e+01
873,6.359666e-17,-1.511983e-05,-1.263909e-04,5.333550e-04,-2.649685e-01,1.000436e+00,9.297887e+00
874,5.167583e-18,7.040980e-06,-1.257780e-04,5.315646e-04,2.539970e-01,2.721228e-01,1.240755e+01
875,2.846379e-17,-1.209542e-06,-1.153789e-04,5.469118e-04,-7.032344e-01,1.703335e-02,7.215344e+00
876,2.663582e-17,-6.435876e-06,-1.120468e-04,5.411834e-04,7.706599e-01,-1.109218e+00,5.550260e+00
877,2.855723e-18,-7.832708e-07,-1.124993e-04,5.357730e-04,-4.772458e-02,7.719150e-02,6.937175e+00
878,4.471442e-18,-7.830031e-06,-1.249636e-04,5.289852e-04,-2.934796e-01,-8.527486e-02,6.837626e+00
879,6.235062e-18,7.034427e-06,-1.195320e-04,5.466090e-04,8.503121e-03,3.033178e-02,5.343613e+00
880,1.220464e-18,-1.249960e-05,-1.070241e-04,5.476593e-04,-1.528411e-02,6.763105e-02,5.424336e-01
881,3.168872e-18,7.817680e-06,-2.210946e-04,4.771523e-04,2.072908e-01,2.555067e-01,2.755134e+00
882,7.960434e-18,2.431560e-05,-2.211016e-04,4.788465e-04,1.324428e-02,-1.188428e-02,1.991321e+00
883,2.241795e-17,2.346892e-06,-2.039087e-04,4.618193e-04,6.948015e-01,-5.035279e-01,6.450475e+00
884,1.086770e-18,9.372519e-06,-2.085750e-04,4.721172e-04,-7.605327e-02,1.849794e-01,-2.194641e-01
885,3.230871e-19,-5.861207e-06,-2.128897e-04,4.752399e-04,-1.448626e+00,-7.449321e+00,1.052230e+01
886,2.452214e-19,-5.079664e-06,-2.121088e-04,4.744583e-04,9.441800e-01,-4.730273e+00,8.484341e+00
887,9.498913e-19,-3.810048e-06,-2.102608e-04,4.736723e-04,3.298358e+00,-7.346880e-01,7.500500e+00
888,2.724296e-19,-3.906163e-07,-2.035156e-04,4.736691e-04,2.909272e+00,3.413793e-02,4.288232e+00
889,2.198971e-18,1.109081e-05,-1.999884e-04,4.723470e-04,-1.764810e+00,3.902594e-01,-1.247149e+00
890,1.181144e-18,1.210915e-05,-2.000212e-04,4.741119e-04,-2.967181e+00,-2.055095e-01,-2.651459e+00
891,3.698345e-17,-1.100950e-05,-2.437876e-04,4.781200e-04,1.205179e+00,6.840832e-01,2.217293e-01
892,3.692976e-17,4.769480e-06,-2.375226e-04,4.759302e-04,-8.999951e-01,-1.633999e+00,2.318929e-01
893,6.120521e-19,1.289053e-05,-2.347654e-04,4.763719e-04,6.335636e-01,-8.485693e-01,1.430388e-01
894,5.725010e-18,1.796796e-05,-2.422048e-04,4.776560e-04,3.527168e-01,-6.806575e-01,8.248242e-01
895,1.100965e-16,1.277127e-05,-2.368927e-04,4.939996e-04,-1.970371e-01,1.415878e+00,8.577238e+00
896,6.221471e-19,-7.422141e-06,-2.277339e-04,4.772609e-04,8.744603e-01,7.555871e-01,1.810405e+00
897,5.218324e-19,-3.097237e-06,-2.316409e-04,4.744538e-04,9.797078e-02,4.913860e+00,-2.541415e-01
898,3.607498e-17,7.680472e-05,-1.968580e-05,5.254981e-04,-6.171365e-01,-5.132806e+00,2.074409e+01
899,9.581142e-18,8.429254e-05,-5.474262e-06,5.380847e-04,-7.141967e-01,2.304931e-02,1.874361e+01
900,1.432458e-16,9.459006e-05,-5.143782e-06,5.338667e-04,4.688875e-01,-4.042344e-01,4.059163e+00
901,5.603787e-18,8.271354e-05,-8.369808e-06,5.434109e-04,-1.469745e+00,-1.744270e+00,1.531825e+01
902,1.547909e-17,8.884581e-05,-2.129609e-05,5.351941e-04,-3.835632e+00,-3.371189e-01,1.041654e+01
903,2.535248e-17,7.954891e-05,-4.342025e-06,5.488674e-04,-3.893747e+00,1.616093e+00,1.031675e+01
904,4.054332e-18,8.359806e-05,-1.875954e-05,5.349593e-04,-5.115109e-02,-3.115472e-01,5.634047e+00
905,3.681219e-18,8.515722e-05,-7.025816e-06,5.219305e-04,4.347521e-01,-8.859051e-01,1.317987e+01
906,4.777458e-17,8.531036e-05,-6.627212e-06,5.214967e-04,7.262466e-01,-8.733226e-01,1.294922e+01
907,5.591845e-17,7.963351e-05,-8.903196e-07,5.171061e-04,1.340578e+00,-1.060461e+00,8.142257e+00
908,1.902998e-16,8.000108e-05,-4.852821e-07,5.170909e-04,8.873680e-01,-1.049609e+00,9.360509e+00
909,1.867974e-17,9.311931e-05,-8.645945e-07,5.154804e-04,-2.963903e+00,3.514602e+00,1.384079e+01
910,2.571136e-17,8.511989e-05,-3.854767e-06,5.144652e-04,1.473749e-01,2.122047e-01,1.478620e+01
911,1.297854e-17,7.965680e-05,-1.503681e-05,5.054774e-04,-8.581386e-02,-2.948922e+00,1.404570e+01
912,1.999547e-18,7.888600e-05,-1.733738e-05,5.191134e-04,3.285781e-01,-2.792201e+00,1.740429e+01
913,1.811351e-18,9.600808e-05,-2.255512e-06,5.110020e-04,1.684233e+00,2.565786e+00,1.386697e+01
914,1.100581e-18,7.421873e-05,-8.583161e-06,5.215078e-04,-4.091786e-02,2.889581e-01,6.115603e+00
915,7.689399e-18,7.507759e-05,-8.753929e-06,5.114400e-04,4.009398e-01,-2.106891e-01,5.752533e+00
916,1.558291e-17,9.563680e-05,-1.320724e-05,5.016792e-04,1.077938e+00,6.259524e-01,1.911532e+00
917,1.386889e-18,8.513191e-05,-3.138896e-06,5.085901e-04,-5.074006e-02,5.321741e-03,1.163764e+01
918,2.578573e-18,8.289287e-05,4.773619e-06,5.060346e-04,-2.450897e+00,1.751749e-01,1.205972e+01
919,2.940831e-17,9.572523e-05,5.293180e-06,5.275390e-04,-1.341620e-01,3.358856e-01,9.300295e+00
920,3.107917e-17,7.648344e-05,6.555829e-06,5.156663e-04,-2.231942e+00,-5.561050e-01,1.083484e+01
921,3.578428e-18,1.007299e-04,8.526915e-06,5.229300e-04,-5.943752e-01,-2.027925e-02,6.905471e+00
922,1.473070e-17,9.292239e-05,1.197284e-05,5.187062e-04,-1.276017e-01,-3.735737e-01,6.812809e+00
923,3.007239e-18,9.297187e-05,1.249462e-05,5.256448e-04,-9.268608e-03,-7.500834e-01,4.244768e+00
924,2.354635e-18,8.901437e-05,1.323266e-05,5.107240e-04,4.160271e-02,-2.578473e-01,4.297547e+00
925,2.128284e-18,9.685156e-05,3.247652e-06,5.065339e-04,-5.107200e-01,-3.357617e-01,5.214347e+00
926,3.162245e-17,9.367727e-05,2.427011e-06,5.082926e-04,3.951187e-01,9.343333e-01,2.341771e+00
927,2.620957e-18,8.437477e-05,9.366777e-06,5.197066e-04,3.711564e-04,-1.655203e-01,2.008358e+00
928,3.238271e-17,9.622575e-05,3.732564e-06,5.426680e-04,1.748508e+00,-1.294662e+00,1.031375e+01
929,5.535939e-18,8.593518e-05,7.039759e-06,5.315172e-04,-3.194139e-01,-9.909495e-01,9.347078e+00
930,1.307917e-18,9.298039e-05,1.250725e-05,5.426842e-04,4.188872e-02,4.723573e-02,4.830799e+00
931,4.208805e-18,8.593391e-05,1.484239e-05,5.298675e-04,5.849307e-02,5.524312e-02,5.949120e+00
932,2.557276e-18,8.359208e-05,1.565335e-06,5.285928e-04,-2.349501e-02,2.033699e-02,4.006814e+00
933,1.013104e-18,9.765287e-05,1.094594e-05,5.333131e-04,4.889446e-02,-8.795510e-02,2.141648e+00
934,4.710793e-18,8.593629e-05,1.484822e-05,5.462896e-04,9.932397e-03,2.635713e-02,4.310040e+00
935,2.187876e-18,8.985292e-05,9.378619e-06,5.423273e-04,-2.448454e-01,-8.188304e-02,4.756507e+00
936,3.677659e-17,6.468903e-05,-1.147624e-05,5.060505e-04,-1.385689e-01,-1.318897e-01,3.342340e+00
937,7.448410e-18,5.390727e-05,3.127253e-06,5.051623e-04,1.680085e+00,4.018664e-01,9.680505e+00
938,4.946027e-17,5.387602e-05,3.144672e-06,5.049621e-04,1.552979e+00,1.558073e-01,9.496419e+00
939,7.337733e-18,5.546590e-05,1.796810e-05,5.227279e-04,-2.521187e-01,-9.947537e-02,5.729443e+00
940,1.900326e-17,6.101626e-05,1.211035e-05,5.194476e-04,2.671357e+00,1.112512e+00,1.084510e+01
941,7.104745e-17,5.580187e-05,1.766468e-05,5.229358e-04,-2.933122e-01,-1.315573e-01,5.707727e+00
942,7.607332e-18,7.187553e-05,7.395821e-06,5.109164e-04,1.187062e-02,-6.082011e-01,7.382392e+00
943,5.168744e-18,7.187556e-05,1.364372e-05,5.029266e-04,1.856225e-01,-6.832551e-01,3.570277e-01
944,1.450095e-18,6.796760e-05,8.582502e-06,5.032896e-04,6.391668e-01,-3.962773e-02,8.215798e-01
945,1.839052e-18,7.187324e-05,1.501870e-05,5.065793e-04,-8.151295e-02,-1.945055e-01,7.458488e-01
946,3.615308e-18,5.325046e-05,-6.789813e-06,5.105978e-04,-8.271772e-01,-5.285526e-01,1.777209e+01
947,1.836641e-17,5.545422e-05,-7.403778e-06,5.052418e-04,-1.734394e-01,2.497713e-01,1.318030e+01
948,3.148282e-17,5.511869e-05,-2.593181e-06,5.049610e-04,-8.666179e-02,-2.051923e-01,1.204302e+01
949,8.054860e-17,6.927491e-05,-9.534654e-06,5.012846e-04,1.385869e+00,3.052408e-01,6.711942e+00
950,3.864541e-17,6.940388e-05,-6.467681e-06,5.109499e-04,4.137658e-01,9.609873e-02,7.231382e+00
951,5.658099e-18,5.363293e-05,-5.486539e-06,5.027301e-04,-3.473554e-01,-1.233800e+00,1.728040e+01
952,1.035068e-18,6.171799e-05,-7.039660e-06,5.101522e-04,1.781924e-01,1.411440e-01,3.537875e+00
953,7.540175e-18,5.933374e-05,-1.718258e-05,5.039575e-04,8.667728e-02,-5.017336e-01,9.596870e-01
954,7.173184e-17,1.273650e-05,-1.886101e-04,4.813055e-04,2.148121e-03,-2.498458e-01,3.071146e+00
955,1.222790e-18,3.914537e-06,-1.757990e-04,4.783580e-04,5.384981e-01,7.700169e-01,1.137119e+00
956,9.511435e-18,2.026278e-05,-1.974969e-04,4.776161e-04,1.550104e-01,-8.065025e-01,3.603004e+00
957,1.322406e-18,1.367206e-05,-1.863279e-04,4.760230e-04,-1.198441e+00,-4.761117e-01,3.024672e+00
958,3.318513e-18,6.249381e-06,-1.960858e-04,4.787717e-04,-1.881051e-01,-4.047906e-01,2.298041e+00
959,3.242719e-18,7.737891e-07,-1.593559e-04,4.787379e-04,-5.615498e-02,-4.317945e-01,2.654046e+00
960,1.787435e-18,7.422360e-06,-1.656102e-04,4.776260e-04,-8.933930e-01,4.847346e-01,3.556353e+00
961,1.086935e-18,1.562413e-05,-1.601362e-04,4.783766e-04,-2.862714e-01,-1.607879e-01,1.924168e+00
962,5.443019e-19,5.859390e-06,-1.800782e-04,4.717648e-04,-8.045653e-01,-8.876418e-01,-2.281184e+00
963,1.230236e-18,1.523362e-05,-1.866767e-04,4.717138e-04,1.131320e+00,-1.981969e+00,-1.874940e+00
964,6.187711e-19,3.515904e-06,-1.961053e-04,4.721112e-04,-4.018591e+00,8.500726e-01,-3.085128e+00
965,4.882960e-19,6.641776e-06,-1.656326e-04,4.760215e-04,-2.391705e+00,7.223956e-01,1.052628e+00
966,1.374111e-17,-8.883882e-06,-1.872405e-04,4.790669e-04,1.606285e+00,-6.846724e-01,6.580183e-01
967,1.858618e-17,-3.751750e-06,-1.636259e-04,4.791673e-04,1.503098e-01,-5.276543e-01,2.254415e+00
968,1.106521e-18,-3.897486e-06,-1.613280e-04,4.732791e-04,4.261354e-01,5.996113e-01,-5.219188e-01
969,1.667291e-18,-1.875968e-05,-1.826873e-04,4.754936e-04,1.107725e-01,-1.247533e-01,-4.651384e-01
970,3.348495e-18,-3.871574e-06,-1.892553e-04,4.777825e-04,8.347835e-02,7.089387e-01,2.314717e-01
971,2.575308e-17,-1.318671e-05,-1.741230e-04,4.780644e-04,8.205621e-01,-5.884117e-01,1.350192e+00
972,9.554016e-16,2.210106e-04,-1.958225e-06,5.409298e-04,-9.957910e-04,4.662741e-01,7.875234e+00
973,5.686571e-17,2.022502e-04,-1.193318e-05,5.352350e-04,-7.745821e-01,-9.894382e-01,8.143585e+00
974,1.790804e-16,2.017526e-04,-1.273326e-05,5.356163e-04,3.855370e-01,-2.194505e-02,8.338860e+00
975,2.223219e-16,2.027873e-04,2.164868e-06,5.352113e-04,4.705922e-02,3.596776e-01,8.707840e+00
976,9.975238e-19,2.007776e-04,-6.264420e-06,5.469249e-04,1.140467e-01,-1.388989e-01,2.578924e+00
977,1.303514e-17,2.218955e-04,1.210531e-05,5.480013e-04,1.521127e-01,5.136717e-01,5.242188e+00
978,1.370250e-16,1.979879e-04,1.516552e-05,5.379206e-04,-1.918021e+00,1.858546e-01,5.467840e+00
979,2.585300e-18,2.218706e-04,1.250367e-05,5.344122e-04,-2.128907e-02,1.309447e-01,6.014863e+00
980,3.580199e-17,2.145969e-04,9.350760e-06,5.282518e-04,5.470981e-01,-4.241579e-01,5.127350e+00
981,9.436147e-19,2.210954e-04,4.689456e-06,5.340221e-04,1.248393e-01,-1.370249e-01,3.355273e+00
982,2.210866e-17,2.184914e-04,-4.164205e-06,5.216248e-04,1.751404e-01,-1.142316e+00,8.962920e+00
983,1.223418e-16,2.182493e-04,-3.895474e-06,5.213987e-04,1.324908e-01,-1.237713e+00,8.741876e+00
984,3.691497e-18,2.023431e-04,-1.015261e-05,5.234118e-04,-6.530771e-01,-1.957435e-01,1.347002e+01
985,5.185635e-17,2.014897e-04,-9.727408e-06,5.235409e-04,-4.880190e-01,3.048393e-02,1.249459e+01
986,8.298730e-18,2.062132e-04,-3.148045e-06,5.246396e-04,1.937020e-02,9.184051e-01,1.156440e+01
987,8.241853e-18,2.117190e-04,-3.119460e-06,5.204505e-04,-1.070787e-02,1.690203e-02,1.141965e+01
988,1.498179e-17,2.126309e-04,-1.055316e-05,5.173656e-04,-1.256165e-01,7.258133e-01,6.700850e+00
989,1.279883e-17,2.078334e-04,-5.471276e-06,5.051812e-04,4.899308e-01,5.058256e-02,7.378899e+00
990,3.626084e-18,2.070342e-04,-1.328286e-05,5.207760e-04,6.869052e-02,7.111291e-04,6.478035e+00
991,2.832656e-18,2.195202e-04,-3.131288e-06,5.044460e-04,6.653792e-02,4.342863e-02,5.344101e+00
992,6.521333e-18,2.195330e-04,-3.124841e-06,5.106337e-04,2.096091e-02,3.210266e-02,7.515139e+00
993,3.024372e-18,2.140621e-04,-7.024618e-06,5.075256e-04,2.820471e-01,3.345187e-01,4.615363e+00
994,1.581112e-17,2.102307e-04,7.436886e-06,5.093085e-04,-4.698968e-01,-1.955028e+00,1.687472e+01
995,2.420995e-17,2.064261e-04,1.216208e-05,5.106558e-04,-4.632615e-01,2.776311e+00,1.119627e+01
996,3.246884e-18,2.023516e-04,4.687099e-06,5.135639e-04,-8.686877e-02,-5.451593e-01,3.200844e+00
997,3.344718e-18,2.062506e-04,1.560993e-05,5.151519e-04,7.520358e-02,-1.866985e+00,1.908451e+00
998,1.202845e-18,2.226529e-04,1.171015e-05,5.200206e-04,-1.446929e-02,8.293163e-02,3.919816e+00
999,1.654075e-18,2.071125e-04,8.685579e-06,5.069907e-04,-1.845773e+00,2.380899e+00,1.170924e+01
1000,4.236760e-16,1.898348e-04,-2.456422e-06,5.241323e-04,-2.175861e-01,5.406477e-01,9.019243e+00
1001,3.744552e-17,1.893024e-04,-1.915543e-05,5.452458e-04,-2.651535e-02,-8.196945e-01,1.117413e+01
1002,2.166999e-17,1.830724e-04,-6.511175e-06,5.271477e-04,-4.618806e-01,-9.561811e-01,7.602549e+00
1003,4.923461e-17,1.824799e-04,1.062898e-05,5.396018e-04,-1.142586e+00,-3.790716e-01,8.251029e+00
1004,1.119829e-18,1.937469e-04,-1.797694e-05,5.319543e-04,-9.827475e-02,-3.370263e-02,7.717805e+00
1005,6.742738e-18,1.809123e-04,2.346943e-06,5.440521e-04,6.678147e-01,-8.753516e-02,8.011649e+00
1006,1.120141e-18,1.866951e-04,3.119032e-06,5.304151e-04,-4.622442e-01,-1.312336e-01,6.810919e+00
1007,8.079066e-17,1.828248e-04,-6.573713e-06,5.273119e-04,-3.916991e-01,-8.976102e-01,7.791231e+00
1008,1.547586e-17,1.792595e-04,-9.145461e-06,5.308712e-04,-2.193356e-01,8.142493e-01,6.528785e+00
1009,2.294082e-18,1.765649e-04,-1.016995e-05,5.343643e-04,-1.176821e-01,-1.369580e-01,5.571820e+00
1010,2.581102e-18,1.789098e-04,1.562757e-05,5.430622e-04,-2.242619e-02,7.861439e-02,2.680346e+00
1011,3.945244e-18,1.921825e-04,1.171974e-05,5.319802e-04,2.229269e-02,-1.249647e-01,3.134768e+00
1012,9.812001e-19,1.953203e-04,1.016986e-05,5.447868e-04,-7.220636e-02,8.093540e-02,1.364385e+00
1013,1.933253e-18,1.984860e-04,-1.022827e-05,5.451036e-04,1.707904e-01,1.163763e-02,1.102185e+00
1014,1.499579e-16,1.716822e-04,9.493996e-06,5.156276e-04,-1.692940e-01,-5.475883e-01,1.024652e+01
1015,3.803062e-17,1.787018e-04,8.076935e-06,5.093646e-04,-1.376898e+00,-6.992579e-01,1.055507e+01
1016,2.562444e-18,1.961318e-04,8.605528e-06,5.256958e-04,-5.035864e-01,-2.225182e-01,7.806545e+00
1017,8.228171e-18,1.852777e-04,7.361202e-06,5.183815e-04,-6.918598e-01,-1.212468e+00,5.959781e+00
1018,2.520074e-18,1.760883e-04,1.265967e-05,5.135214e-04,-2.617722e+00,-1.319889e+00,6.227582e+00
1019,1.297489e-17,1.736199e-04,1.605077e-05,5.070974e-04,-3.136954e-01,-1.741393e-01,3.059566e+00
1020,3.352474e-18,1.812513e-04,2.344593e-06,5.112320e-04,-3.328959e-03,3.567207e-02,3.933185e+00
1021,1.385558e-17,2.141196e-04,-7.133278e-06,5.335315e-04,9.521707e-02,-2.670146e-03,1.369616e+01
1022,7.855573e-18,2.203077e-04,-1.485156e-05,5.478961e-04,-1.484719e-01,-2.546805e-01,1.166807e+01
1023,1.881034e-18,2.109852e-04,-1.622909e-06,5.494221e-04,5.858122e-03,-7.066821e-02,8.012724e+00
1024,2.365045e-18,2.125008e-04,-1.173387e-05,5.366708e-04,-1.028781e-02,1.360954e-01,4.410364e+00
1025,3.681256e-18,2.164082e-04,-1.875171e-05,5.399034e-04,2.109444e-03,1.606135e-02,1.796200e+00
1026,1.163615e-17,1.769764e-06,2.262582e-04,5.122265e-04,5.284367e-01,-1.148666e+00,1.509062e+01
1027,1.288085e-17,1.395262e-06,2.198432e-04,5.131960e-04,-7.302714e-01,1.675956e+00,1.036238e+01
1028,6.890057e-18,-7.808456e-07,2.037725e-04,5.241332e-04,4.812360e-02,-1.109538e+00,7.337677e+00
1029,3.161103e-18,-7.789314e-07,2.078117e-04,5.157824e-04,-1.303096e-01,-6.242593e-02,6.155970e+00
1030,2.868028e-17,6.450425e-06,2.136309e-04,5.069948e-04,-3.727198e+00,-1.120503e+00,1.246299e+01
1031,2.147323e-18,7.940768e-06,2.171822e-04,5.243421e-04,1.652214e-01,1.871121e-02,1.340068e+01
1032,3.458701e-17,2.812538e-06,2.199431e-04,5.047121e-04,-6.304377e-01,2.670900e+00,9.440019e+00
1033,4.924354e-18,1.586515e-06,2.195637e-04,5.239428e-04,-9.648449e-02,-1.199900e-01,1.201535e+01
1034,1.318213e-16,3.893380e-06,2.056214e-04,5.021634e-04,-5.121409e-01,6.138388e-01,3.987233e+00
1035,1.805290e-16,1.629742e-05,1.961376e-04,5.256176e-04,3.970074e-01,5.310044e-01,6.134746e+00
1036,2.045333e-17,1.471234e-05,2.101747e-04,5.102732e-04,2.448310e-01,5.334846e-01,7.037730e+00
1037,3.491963e-17,1.442909e-05,2.011354e-04,5.175422e-04,1.268414e+00,-7.941764e-02,5.473393e+00
1038,6.629897e-18,1.879629e-05,2.211023e-04,5.094998e-04,1.289048e-01,9.091688e-01,2.784488e+00
1039,1.724268e-16,-1.355511e-05,2.018017e-04,5.127351e-04,-1.898862e-01,-7.602016e-01,9.525812e+00
1040,5.427761e-17,-7.712258e-06,2.161785e-04,5.285884e-04,-1.259525e+00,5.848196e-01,9.747812e+00
1041,2.777614e-17,-1.243073e-05,2.064082e-04,5.219795e-04,-8.854365e-01,-5.127738e-01,1.035185e+01
1042,5.042884e-17,-1.525924e-05,2.212095e-04,5.119380e-04,-2.002908e-01,5.931660e-01,5.282099e+00
1043,1.386158e-17,-2.507929e-06,2.042952e-04,5.063706e-04,4.141661e-02,1.792400e+00,3.290573e+00
1044,1.532752e-18,-2.489535e-06,2.148519e-04,5.118933e-04,3.488238e-01,-1.731948e-01,3.193010e+00
1045,3.795078e-18,-2.343015e-06,2.148467e-04,5.062614e-04,1.015936e-02,-2.075896e-02,5.350012e+00
1046,3.169587e-18,-6.243091e-06,2.218760e-04,5.211607e-04,1.181527e-01,-3.413216e-02,3.185100e+00
1047,9.785529e-19,-7.042025e-06,2.085940e-04,5.071158e-04,1.746570e-01,2.337442e-01,3.968023e+00
1048,2.777081e-18,-1.718702e-05,2.070307e-04,5.241726e-04,2.551210e-01,8.953533e-02,3.319017e+00
1049,2.826977e-18,-1.405709e-05,2.179694e-04,5.242527e-04,3.921594e-01,-2.419517e-01,2.616928e+00
1050,2.352082e-17,-1.940727e-05,2.187306e-04,5.212471e-04,4.080638e-01,2.394750e-01,5.939624e-01
1051,3.045634e-17,-6.252017e-06,2.000003e-04,4.810874e-04,7.286402e-01,1.805602e+00,8.875452e-01
1052,1.190919e-16,-6.846187e-06,2.004751e-04,4.809389e-04,8.974816e-01,1.713400e+00,9.086186e-01
1053,3.813660e-18,2.421881e-05,2.023443e-04,4.881286e-04,-8.225113e-02,5.646071e-02,1.269712e+00
1054,3.051507e-17,2.398721e-05,2.017772e-04,4.883133e-04,1.811268e-02,1.305277e-02,1.096619e+00
1055,7.629469e-18,-1.015631e-05,2.242186e-04,4.779692e-04,-1.206121e+00,-4.231482e-01,2.822559e-01
1056,8.243077e-17,-9.748368e-06,2.247788e-04,4.776587e-04,-1.002445e+00,1.083284e-01,1.119727e+00
1057,1.300787e-17,-4.010767e-06,2.039751e-04,4.866839e-04,-4.713520e-01,-3.058794e+00,1.439354e+01
1058,1.880444e-18,9.452798e-06,2.210297e-04,4.794660e-04,-2.199770e-01,-2.266551e+00,1.620277e+00
1059,2.080378e-17,-8.651969e-06,2.165241e-04,4.807391e-04,-1.346847e+00,1.696769e-01,1.455895e+00
1060,6.710216e-17,7.174828e-06,2.107956e-04,4.833884e-04,4.330301e-01,2.688069e+00,3.119805e+00
1061,3.185999e-17,2.103211e-05,2.156526e-04,4.833823e-04,9.561738e-01,-5.609616e-01,-1.167755e-01
1062,7.647069e-17,8.962368e-06,2.232550e-04,4.941450e-04,1.214424e-01,-5.577393e-01,9.016340e+00
1063,1.464144e-18,1.164314e-05,2.163255e-04,4.979892e-04,-6.965318e-01,-1.135839e-01,9.280803e+00
1064,3.326148e-18,6.652395e-06,2.208992e-04,4.851112e-04,-2.995186e+00,4.357745e-01,5.483497e+00
1065,2.358752e-17,9.472333e-06,2.040238e-04,4.856220e-04,8.803344e-01,-2.239613e-02,9.922300e+00
1066,2.520369e-19,3.908248e-07,2.214842e-04,4.830235e-04,-1.574850e-01,6.315015e-01,5.159613e+00
1067,2.853759e-18,5.420209e-06,2.132266e-04,4.902891e-04,-1.293185e+00,-2.805431e-01,4.983949e+00
1068,3.024237e-18,5.384256e-06,2.022331e-04,4.793538e-04,-1.880043e+00,-6.942951e-01,4.233365e+00
1069,5.358320e-18,1.056436e-05,2.164456e-04,4.806294e-04,1.040419e-02,-2.899823e-01,1.779254e+00
1070,4.875942e-18,4.283926e-06,2.195317e-04,4.943204e-04,4.137095e-01,6.026522e-02,3.241785e+00
1071,2.195493e-17,1.210225e-05,2.048361e-04,4.789367e-04,-6.754891e-01,-1.013481e+00,2.801384e+00
1072,3.378973e-18,6.537629e-06,1.988692e-04,4.842984e-04,-4.027996e+00,-1.137745e-01,1.078363e+01
1073,1.412499e-18,6.251850e-06,2.070415e-04,4.916062e-04,-4.042132e-02,3.096173e-02,3.759276e+00
1074,1.077208e-18,8.203187e-06,2.038640e-04,4.795424e-04,-5.832251e-01,1.860393e-01,7.474137e+00
1075,5.745930e-18,1.171482e-05,2.164328e-04,4.925751e-04,-4.020568e-02,-1.690709e-01,7.041481e+00
1076,3.797620e-18,9.353423e-06,2.234105e-04,4.844657e-04,1.630530e-01,5.996392e-02,5.765117e+00
1077,1.276773e-18,1.011452e-05,2.000222e-04,4.775808e-04,1.262849e+00,-7.106548e-01,3.677622e+00
1078,1.859851e-18,7.686750e-06,2.037636e-04,4.813693e-04,-7.562773e-01,-4.538622e-01,9.974652e+00
1079,2.064487e-17,-9.255472e-06,2.104430e-04,4.901091e-04,2.286127e+00,2.925727e+00,4.367978e+00
1080,5.531704e-18,-6.233098e-06,1.995849e-04,4.936233e-04,2.875634e-01,-1.021128e-01,1.269531e+00
1081,3.304301e-17,-1.596467e-05,2.183412e-04,4.800672e-04,-2.394077e-01,-1.432961e+00,3.629186e+00
1082,2.979251e-18,-7.052871e-06,2.086117e-04,4.842363e-04,-9.319068e-02,-5.574615e-01,6.494406e-01
1083,3.827455e-17,-3.778950e-06,2.046760e-04,4.912472e-04,-2.793347e-01,-1.318721e+00,1.476910e+01
1084,8.156092e-17,-1.735592e-05,2.164320e-04,4.971607e-04,-3.949477e-01,3.262953e-01,9.132647e+00
1085,3.680756e-18,-9.424979e-06,2.047317e-04,4.916759e-04,-1.098214e-01,1.028624e+00,5.698797e+00
1086,6.421071e-17,-3.060583e-06,2.220079e-04,4.873321e-04,-2.344334e+00,5.122882e-02,3.744383e+00
1087,1.674032e-17,-1.946999e-05,2.250238e-04,5.010502e-04,-1.497567e+00,4.043040e-01,4.366180e+00
1088,1.200758e-17,-1.329568e-05,2.149133e-04,4.861265e-04,-1.604349e-01,-2.083589e+00,4.784966e+00
1089,7.926540e-18,-3.887380e-06,2.063259e-04,4.788216e-04,1.646853e+00,7.209053e-01,5.417650e+00
1090,1.463454e-17,-1.650637e-05,2.037379e-04,4.774874e-04,5.047039e-01,-1.514167e+00,4.191042e-01
1091,7.048924e-18,-1.801286e-05,2.130024e-04,4.914078e-04,7.671092e-01,8.840950e-01,1.236834e+01
1092,4.169874e-18,-2.347520e-06,2.148415e-04,4.962447e-04,-5.912464e-02,-2.852376e-02,3.664938e+00
1093,1.054800e-18,-7.025024e-06,2.085858e-04,4.978381e-04,-6.673817e-02,-2.434944e-01,3.719454e+00
1094,4.945622e-18,-1.876151e-05,2.166241e-04,4.877395e-04,-7.133213e-02,4.819625e-01,1.187374e+01
1095,7.732963e-18,-1.740074e-06,2.030862e-04,4.757844e-04,-6.314342e-01,-9.348779e-02,2.520249e+00
1096,3.267096e-18,-1.901746e-05,2.164599e-04,4.808194e-04,3.336136e-01,-9.358337e-01,7.056549e+00
1097,2.802810e-19,-3.516470e-06,2.042963e-04,4.775802e-04,-5.940545e-01,9.265204e-01,4.706554e+00
1098,8.084052e-19,-1.757988e-05,2.131696e-04,4.856703e-04,-1.318704e+00,-1.511023e-02,8.297090e+00
1099,3.220997e-18,-1.806691e-05,2.130936e-04,4.788945e-04,5.967715e-01,-4.885151e-01,3.487544e+00
1100,1.091168e-17,4.941903e-06,1.835931e-04,5.269087e-04,-5.120843e-01,1.100135e-01,1.509094e+01
1101,6.032757e-17,4.977792e-06,1.832558e-04,5.267907e-04,-5.827276e-01,4.776432e-02,1.458775e+01
1102,5.980858e-18,1.404247e-05,1.945276e-04,5.079743e-04,-1.391873e+00,1.215048e+00,3.223547e+00
1103,2.248975e-18,3.115910e-06,1.851508e-04,5.211249e-04,1.705217e-01,-2.765208e-01,1.240079e+01
1104,6.878870e-17,-3.996739e-07,1.741766e-04,5.053501e-04,5.234124e-01,-4.294394e-01,1.278239e+01
1105,1.227883e-17,1.160190e-05,1.812485e-04,5.022531e-04,1.024109e+00,-5.758923e-02,7.466330e+00
1106,4.790336e-18,3.131124e-06,1.851598e-04,5.124802e-04,-1.642989e-02,-3.001172e-02,1.145070e+01
1107,2.689083e-18,3.146924e-06,1.913945e-04,5.067456e-04,2.157878e-01,3.854506e-02,5.061350e+00
1108,4.896209e-18,1.874642e-05,1.749942e-04,5.169489e-04,-4.197712e-01,6.410663e-02,4.876001e+00
1109,2.581416e-17,1.459510e-05,1.876620e-04,5.034409e-04,1.099638e+00,5.177797e-01,2.345690e+00
1110,1.401651e-16,6.913315e-06,1.720577e-04,5.278249e-04,9.667829e-01,-2.084258e-01,5.218322e+00
1111,1.416343e-18,1.327173e-05,1.836073e-04,5.079112e-04,8.594985e-03,-1.704763e-01,2.882873e+00
1112,1.142313e-18,-1.952096e-04,-1.054722e-05,4.742992e-04,-9.159202e-01,-2.909396e+00,-2.551678e+00
1113,2.331526e-18,-1.812731e-04,-8.984286e-06,4.740373e-04,9.742003e-01,6.038914e-01,7.296311e-01
1114,4.833072e-19,-1.812432e-04,-9.764339e-06,4.768102e-04,4.725620e-01,-7.543608e-01,4.493842e+00
1115,1.231659e-17,-1.813067e-04,-1.117289e-05,4.814217e-04,8.073972e-01,-3.367838e-01,7.072831e+00
1116,1.687318e-18,-1.810934e-04,-8.070943e-06,4.711507e-04,8.336053e-01,4.011312e+00,-2.357791e+00
1117,3.412657e-18,-1.750777e-04,-2.436115e-06,4.791846e-04,-6.714921e-01,-4.738756e-01,3.106623e+00
1118,2.251399e-18,-2.165436e-04,-8.602051e-06,4.750199e-04,-2.640831e-01,1.770189e+00,7.478960e-01
1119,2.212055e-18,-2.016704e-04,-3.911432e-06,4.742717e-04,-1.293966e+00,-5.712359e-01,-9.568151e-01
1120,1.876467e-17,-1.766334e-04,1.424527e-05,4.758065e-04,4.537140e-01,-5.147123e-01,-1.181759e+00
1121,3.033221e-18,-1.968599e-04,1.326811e-05,4.732649e-04,4.276938e-01,-1.630958e-02,6.121186e-01
1122,1.604811e-18,-1.765629e-04,1.091815e-05,4.775858e-04,-5.279527e-01,-1.272798e+00,2.569651e-01
1123,3.061263e-19,-1.753908e-04,1.211021e-05,4.721174e-04,-7.886255e-02,2.305608e-01,-1.380958e+00
1124,2.230462e-18,-1.803820e-04,7.811899e-06,4.739281e-04,-1.457560e+00,2.358632e-01,4.035422e+00
1125,7.651581e-18,-1.984338e-04,8.688997e-06,4.783758e-04,1.849798e+00,-8.315219e-01,4.488450e+00
1126,1.119193e-18,-1.929587e-04,6.228282e-06,4.775799e-04,-9.611286e-01,-2.416778e-01,3.847888e+00
1127,5.397749e-19,-1.835779e-04,5.859833e-06,4.768031e-04,-1.700418e-01,3.802756e-01,5.392032e+00
1128,7.872311e-19,-1.837051e-04,6.640860e-06,4.778258e-04,-5.459026e-01,-1.309261e-01,5.871354e+00
1129,4.478986e-18,-1.812615e-04,1.542715e-06,4.736973e-04,-5.589617e-01,-3.591406e-01,-3.708746e+00
1130,1.529204e-17,-1.771374e-04,2.424347e-05,4.782411e-04,-4.409040e-02,5.515200e-02,1.511196e+00
1131,2.520987e-18,-7.969067e-05,-1.797546e-05,5.278843e-04,-3.053276e-02,-8.744512e-02,2.342657e+00
1132,3.904917e-17,-9.057063e-05,-2.037194e-05,5.354387e-04,4.134972e-02,-4.117864e+00,1.078971e+01
1133,1.373256e-17,-8.170931e-05,-1.170532e-06,5.373294e-04,-7.569618e-01,-1.669081e-01,1.264279e+01
1134,1.057088e-17,-8.203764e-05,-9.640624e-06,5.327555e-04,-5.088281e-01,5.307062e-01,7.897304e+00
1135,7.923732e-17,-8.179742e-05,-9.752817e-06,5.325235e-04,-4.013082e-01,4.106482e-01,7.819929e+00
1136,2.830418e-17,-9.248789e-05,-1.397622e-05,5.490172e-04,-4.442314e-01,2.677068e+00,1.480189e+01
1137,2.238464e-18,-9.299217e-05,-7.433061e-07,5.435896e-04,6.401296e-03,5.025514e-02,1.047755e+01
1138,2.646215e-18,-8.750208e-05,-1.173383e-05,5.352789e-04,-1.778645e-02,-3.798949e-01,1.429535e+01
1139,2.235420e-18,-8.983895e-05,-1.484189e-05,5.322761e-04,-1.578602e-01,1.683441e-01,1.288728e+01
1140,4.397498e-18,-8.750001e-05,-1.171677e-05,5.289726e-04,1.510544e-01,-2.633064e-02,1.366466e+01
1141,2.738367e-18,-7.813303e-05,1.217275e-08,5.300081e-04,-9.853887e-02,2.181034e-01,9.840783e+00
1142,4.343399e-17,-9.102124e-05,-4.971936e-06,5.403301e-04,1.830962e-01,1.087762e+00,4.266386e+00
1143,1.330688e-18,-9.147518e-05,-1.211577e-05,5.409188e-04,-6.964051e-01,6.361598e+00,5.280761e+00
1144,2.905539e-17,-8.759480e-05,-1.626190e-06,5.469418e-04,-3.700773e-01,2.532297e-01,7.444861e+00
1145,1.085955e-18,-9.687739e-05,-9.389652e-06,5.369865e-04,3.209429e-03,4.646721e-03,3.759150e+00
1146,3.780292e-16,-9.215384e-05,-3.961113e-06,5.211531e-04,1.276802e-01,-5.922098e-01,8.875474e+00
1147,1.226254e-18,-9.843731e-05,-1.249581e-05,5.033078e-04,-1.165220e-01,1.277366e-01,-5.338947e-01
1148,6.277584e-17,-9.889725e-05,2.741597e-06,5.135342e-04,3.073447e-01,1.168525e+00,1.315449e+01
1149,2.224076e-18,-9.213181e-05,-1.489133e-05,5.135269e-04,-1.246056e-01,4.635917e-01,9.460868e+00
1150,5.100189e-18,-9.921332e-05,-3.451103e-09,5.039709e-04,5.343979e-01,-3.496343e-01,1.112339e+01
1151,3.589920e-17,-7.851188e-05,-1.290154e-05,5.164613e-04,1.161331e-01,4.785910e-01,6.315680e+00
1152,3.974876e-17,-8.776678e-05,-1.313954e-05,5.056573e-04,-1.450010e-01,7.360033e-01,1.060618e+01
1153,1.254479e-17,-8.630876e-05,-9.790061e-06,5.092111e-04,7.154336e-01,1.313608e-01,8.731195e+00
1154,1.004455e-18,-8.671864e-05,-4.701643e-06,5.093747e-04,-3.304357e-01,4.398725e-01,7.455753e+00
1155,4.319696e-18,-8.359546e-05,-4.689792e-06,5.237817e-04,6.306854e-02,-5.023993e-02,5.221370e+00
1156,2.187087e-16,-8.471205e-05,6.614795e-06,5.357048e-04,3.872456e-01,-1.143301e-01,1.148966e+01
1157,1.184573e-16,-8.301250e-05,1.889648e-05,5.481305e-04,2.410585e-01,2.547016e+00,1.248369e+01
1158,1.084824e-17,-7.805259e-05,1.789045e-05,5.394593e-04,2.730907e+00,-5.115998e-01,1.000124e+01
1159,1.707047e-18,-8.207485e-05,3.078120e-06,5.423110e-04,4.885126e-02,-1.783567e-01,2.829396e+00
1160,2.172159e-19,-9.570940e-05,1.914086e-05,5.476859e-04,-3.729335e-01,-3.538932e-01,5.155650e-01
1161,5.108565e-17,-9.454295e-05,2.403816e-05,4.999327e-04,1.267860e-01,9.109539e-01,7.177326e+00
1162,3.770374e-17,-9.150610e-05,3.258717e-06,5.245974e-04,1.973301e+00,-2.036149e-01,1.365187e+01
1163,2.312186e-18,-8.672604e-05,5.457676e-06,5.181316e-04,1.111976e-01,1.002928e-01,7.511693e+00
1164,3.721954e-18,-8.671874e-05,3.910034e-06,5.051734e-04,3.616611e-01,-1.266511e+00,6.152672e+00
1165,5.264109e-17,-8.731637e-05,4.281149e-06,5.050964e-04,3.212882e-01,-7.446140e-01,6.220121e+00
1166,1.707482e-17,-9.984822e-05,2.082845e-05,5.057297e-04,-1.298339e+00,4.926656e-01,6.848130e+00
1167,1.241405e-17,-9.095209e-05,1.663377e-05,5.018474e-04,-8.645075e-01,-1.920369e-01,3.820769e+00
1168,1.791384e-17,-8.397351e-05,1.588128e-05,5.173910e-04,-4.168361e-01,-5.807695e-01,3.080212e+00
1169,2.400860e-19,-7.617078e-05,1.289249e-05,5.025391e-04,-1.009250e-01,-5.327397e-01,-1.385852e+00
1170,8.514663e-17,-1.045672e-04,-1.219737e-05,5.126650e-04,6.794713e-02,2.679467e-01,1.182594e+00
1171,8.950022e-18,-1.226668e-04,-1.561352e-05,5.225599e-04,9.538200e-02,-5.322315e-01,2.041666e+01
1172,6.906246e-17,-1.127008e-04,-4.960361e-06,5.119989e-04,-6.867082e-01,1.703799e+00,9.764015e+00
1173,9.833620e-17,-1.102265e-04,1.813701e-06,5.184741e-04,7.280568e-01,-4.998063e-01,7.030854e+00
1174,2.590257e-17,-1.250368e-04,-7.342109e-06,5.082339e-04,7.724259e-01,-1.474182e+00,5.172318e+00
1175,5.079425e-18,-1.187535e-04,-6.242770e-06,5.116331e-04,-1.388498e-01,1.615137e-01,5.398125e+00
1176,4.254316e-18,-1.054901e-04,-3.900415e-06,5.154243e-04,-4.918017e-01,9.766512e-02,5.539050e+00
1177,1.022873e-16,-1.255361e-04,-1.277965e-05,5.303748e-04,-1.294574e+00,-3.692325e-01,1.536648e+01
1178,1.456208e-18,-1.078103e-04,-1.796054e-05,5.155398e-04,3.053990e-02,3.635462e-01,1.923805e+00
1179,1.183290e-16,-1.141363e-04,-9.776552e-06,5.472216e-04,2.158515e+00,-7.603513e-01,1.249757e+01
1180,5.021210e-17,-1.183632e-04,-2.728230e-06,5.460097e-04,-1.807643e-01,-3.764457e-01,7.543035e+00
1181,8.486730e-18,-1.217575e-04,-5.473403e-06,5.306961e-04,-2.348929e-01,2.265452e-02,6.919079e+00
1182,8.430932e-17,-1.256939e-04,-8.795388e-06,5.390616e-04,-1.712983e-01,-5.800586e-01,6.485935e+00
1183,2.218315e-19,-1.035151e-04,-1.680634e-05,5.456018e-04,-1.557368e-01,6.536262e-01,-2.299463e-01
1184,5.924150e-17,-1.095459e-04,2.110751e-06,5.405914e-04,1.240049e+00,-8.846500e-01,7.144299e+00
1185,1.532007e-16,-1.266023e-04,1.339520e-05,5.398235e-04,3.716326e-01,6.974714e-01,7.502182e+00
1186,1.682688e-17,-1.109179e-04,1.152811e-05,5.265768e-04,2.414207e+00,2.329361e+00,9.493938e+00
1187,4.519811e-17,-1.221592e-04,1.053801e-05,5.303249e-04,-3.068196e-01,-3.223004e-01,8.874169e+00
1188,1.382268e-17,-1.215854e-04,4.976875e-06,5.488853e-04,6.446496e-01,-3.226893e-01,9.243287e+00
1189,9.297508e-19,-1.031253e-04,2.355355e-06,5.289921e-04,4.314649e-02,1.653939e-02,6.141407e+00
1190,1.167707e-18,-1.078123e-04,1.797333e-05,5.405728e-04,-4.073169e-02,-2.029562e-02,-1.096507e+00
1191,1.858979e-17,-1.422354e-05,2.237444e-04,5.421715e-04,4.989341e-01,-1.891467e+00,1.036657e+01
1192,7.212570e-18,-1.724758e-09,2.195304e-04,5.490741e-04,1.139670e-01,-7.044674e-03,1.828873e+01
1193,6.658289e-18,8.917544e-07,2.195253e-04,5.318687e-04,-6.308996e-01,-8.262467e-02,1.258512e+01
1194,1.098805e-17,-1.052980e-05,2.026649e-04,5.397314e-04,3.984530e-01,-3.639674e-01,7.419842e+00
1195,1.332395e-18,-6.247197e-06,1.992123e-04,5.425675e-04,2.273546e-02,-8.734087e-02,3.917227e+00
1196,9.888469e-19,-1.796085e-05,2.070305e-04,5.398388e-04,-1.616795e-01,1.750007e-02,-6.438614e-01
1197,8.442885e-18,2.409872e-06,2.232734e-04,5.443340e-04,2.282735e-01,-3.261308e+00,1.957495e+01
1198,3.811317e-17,9.563585e-06,2.066009e-04,5.472418e-04,-1.868057e-01,-3.474923e-01,8.470236e+00
1199,1.429155e-17,2.222010e-06,2.265806e-04,5.345659e-04,-1.701516e-01,4.512839e-02,2.064511e+01
1200,2.319028e-18,1.082125e-05,2.171377e-04,5.355903e-04,-3.133195e-01,1.736053e-02,1.644896e+01
1201,1.815837e-17,1.093661e-05,2.245515e-04,5.332979e-04,1.799147e+00,-1.498959e-03,9.167177e+00
1202,1.487362e-16,1.251751e-05,2.153189e-04,5.424184e-04,1.096707e+00,-1.162436e-01,5.861040e+00
1203,2.816723e-17,2.031762e-05,2.015661e-04,5.416212e-04,1.639143e-01,-4.290882e-01,4.240364e+00
1204,1.195291e-16,2.110816e-05,2.015699e-04,5.420193e-04,3.816535e-01,-6.042022e-01,4.015477e+00
1205,4.370447e-18,1.119727e-05,2.203163e-04,5.422789e-04,-2.049635e+00,2.522345e-01,1.161964e+01
1206,4.177021e-18,7.443835e-06,2.203042e-04,5.293570e-04,-2.497555e+00,-2.192020e-01,1.085971e+01
1207,4.158173e-18,2.030055e-05,2.210950e-04,5.362055e-04,-6.885292e-01,-5.514814e-04,6.594073e+00
1208,2.560206e-17,1.553818e-05,2.093893e-04,5.355104e-04,2.064578e-01,4.362367e-01,7.935897e+00
1209,1.639947e-17,9.756808e-06,2.110898e-04,5.365579e-04,8.221178e-02,-6.724227e-01,5.627597e+00
1210,1.540375e-18,2.125956e-05,2.210967e-04,5.396374e-04,3.981181e-02,6.450435e-02,4.109448e+00
1211,2.323461e-18,1.628826e-05,2.226011e-04,5.392984e-04,-9.174469e-02,-8.951358e-02,3.077726e+00
1212,6.929506e-17,-1.066942e-05,2.439308e-04,5.484299e-04,2.499543e-01,1.256628e+00,8.561100e+00
1213,1.240512e-16,1.951893e-06,2.292285e-04,5.214633e-04,2.269995e-01,-1.548546e+00,1.312948e+01
1214,8.317143e-17,-1.003938e-05,2.487271e-04,5.414563e-04,-1.238073e+00,-2.844961e-01,6.840076e+00
1215,1.504507e-17,-2.277667e-05,2.493229e-04,5.069450e-04,-5.000572e+00,-3.440453e-01,2.795699e+01
1216,5.274623e-18,7.194608e-07,2.289491e-04,5.104461e-04,9.322492e-01,2.882038e-01,1.897570e+01
1217,7.034333e-17,2.066024e-07,2.488082e-04,5.191434e-04,-4.122288e-01,1.056363e-01,8.066641e+00
1218,1.484397e-17,-7.808646e-06,2.289067e-04,5.181186e-04,2.289990e-01,-2.586276e-01,7.464019e+00
1219,1.376506e-16,1.265788e-07,2.480497e-04,5.189944e-04,-4.384533e-01,2.142972e-01,7.901866e+00
1220,4.608943e-18,7.745119e-07,2.289249e-04,5.031966e-04,6.186841e-01,-5.778474e-01,1.318472e+01
1221,4.381860e-17,-1.541485e-05,2.489629e-04,5.282978e-04,-2.663204e-01,1.955688e-02,7.201449e+00
1222,8.109808e-17,-8.157478e-06,2.285698e-04,5.183327e-04,2.427787e-01,-3.729940e-01,7.579374e+00
1223,6.981605e-19,7.770214e-07,2.496088e-04,5.078145e-04,-1.025058e-01,4.069267e-01,6.839821e+00
1224,2.631874e-18,-8.662111e-06,2.289051e-04,5.107670e-04,2.607490e-01,7.057801e-02,8.047084e+00
1225,4.902396e-18,-1.406085e-05,2.343659e-04,5.260773e-04,4.787913e-02,-5.288882e-01,6.899469e+00
1226,1.026374e-18,-7.831902e-07,2.390642e-04,5.101075e-04,3.354590e-02,-5.183127e-03,6.452072e+00
1227,7.180302e-18,-1.075109e-05,2.359362e-04,5.054266e-04,-5.018610e-01,1.206936e-01,3.414584e+00
1228,2.479880e-18,-3.903536e-06,2.398446e-04,5.256502e-04,2.854466e-02,-3.887109e-02,2.816817e+00
1229,3.799237e-17,7.052012e-07,2.408756e-04,5.378996e-04,-4.934490e-01,1.587319e+00,9.494419e+00
1230,9.505536e-17,8.766864e-06,2.354119e-04,5.380350e-04,9.186268e-01,5.137354e-01,6.333372e+00
1231,1.047551e-17,3.502008e-06,2.293135e-04,5.414834e-04,3.198504e+00,7.392138e-01,1.029783e+01
1232,1.411850e-17,1.093734e-05,2.492195e-04,5.387978e-04,-2.306858e-01,-1.704824e-02,6.575821e+00
1233,5.421586e-17,1.053845e-05,2.485264e-04,5.387268e-04,-3.706262e-01,-7.307592e-02,6.409561e+00
1234,6.552375e-17,4.312622e-06,2.424525e-04,5.476059e-04,-3.046497e-01,4.481426e-02,5.549647e+00
1235,2.534667e-18,1.323099e-05,2.496102e-04,5.461717e-04,-1.177975e-02,7.445859e-02,4.725580e+00
1236,4.069514e-18,3.146329e-06,2.445567e-04,5.376028e-04,1.126272e+00,-3.911335e-01,3.282283e+00
1237,9.453114e-19,1.798888e-05,2.304820e-04,5.413239e-04,1.809876e-01,-7.172006e-02,4.336969e+00
1238,2.346033e-18,1.406949e-05,2.374971e-04,5.402597e-04,1.673082e-01,-1.333758e-01,2.939984e+00
1239,6.364921e-19,1.088119e-05,2.496103e-04,5.478394e-04,-1.947624e-01,2.484817e-01,-1.654032e-01
1240,4.420217e-18,-9.371999e-06,2.328185e-04,5.390565e-04,-1.433850e-02,-2.303490e-01,5.001728e+00
1241,1.334145e-18,-3.837892e-06,2.335442e-04,5.353951e-04,-2.958551e-02,7.316277e-02,6.760596e-01
1242,1.228281e-18,-3.906121e-06,2.336082e-04,5.333338e-04,-2.512466e-02,-5.636545e-03,5.234642e-02
1243,2.900509e-17,1.853111e-05,2.491227e-04,5.105383e-04,1.521529e+00,-1.739482e-01,1.245495e+01
1244,4.675430e-18,7.220739e-06,2.392458e-04,5.128256e-04,1.286490e+00,-3.670243e-01,9.200032e+00
1245,1.114707e-18,1.245432e-05,2.281298e-04,5.230375e-04,-3.520880e-01,7.254212e-02,5.530848e+00
1246,4.250808e-18,2.202939e-05,2.495666e-04,5.233783e-04,7.536882e-01,9.145467e-03,4.427647e+00
1247,1.221757e-18,1.247326e-05,2.281207e-04,5.109157e-04,-3.602461e-01,1.430807e-01,3.262776e+00
1248,3.904300e-18,1.405926e-05,2.453130e-04,5.041124e-04,-4.619580e-01,2.293687e-01,1.577035e+00
1249,1.133621e-17,-1.771985e-04,1.207061e-06,4.914066e-04,1.900437e+00,6.868366e-01,1.686048e+01
1250,1.155066e-18,-1.775241e-04,7.506287e-07,4.875235e-04,-3.967440e-01,2.021577e-01,1.553850e+01
1251,4.507840e-18,-1.773108e-04,2.386019e-07,4.820536e-04,8.059688e-02,-1.774377e-01,9.311500e+00
1252,3.978200e-18,-1.851334e-04,1.007469e-05,4.928454e-04,-5.335029e-01,-7.778652e-02,3.084539e-01
1253,1.776224e-17,-1.734915e-04,7.569164e-06,4.838539e-04,-4.425219e-01,-1.101115e+00,1.042063e+00
1254,1.159511e-16,-1.794960e-04,9.485974e-06,4.882217e-04,1.961962e-01,9.408010e-01,5.922183e+00
1255,3.592655e-18,-1.890584e-04,1.719015e-05,4.904660e-04,3.623551e-01,-1.301326e-02,9.047754e-01
1256,7.449538e-18,-1.836378e-04,6.317188e-06,4.850762e-04,1.313028e-01,-8.661528e-01,1.222364e+01
1257,2.800758e-18,-1.945312e-04,7.819280e-06,5.005578e-04,-4.180388e-01,-5.055590e-02,1.146195e+01
1258,2.658737e-18,-1.968956e-04,1.325812e-05,4.842083e-04,-1.344309e+00,-1.306937e+00,9.272678e+00
1259,3.445598e-18,-1.937523e-04,1.563112e-05,4.990481e-04,1.994947e-01,3.606015e-01,1.792293e+00
1260,2.869764e-18,-1.968583e-04,1.326473e-05,4.795574e-04,-7.545058e-01,6.064044e-01,4.851602e+00
1261,1.420613e-17,-1.945302e-04,7.821920e-06,4.913550e-04,1.251122e-01,-1.698685e-02,6.544840e+00
1262,7.463725e-18,-1.937487e-04,7.815408e-06,4.853824e-04,-6.775865e-02,-1.799161e-01,7.570798e+00
1263,1.671213e-17,-1.942869e-04,2.425674e-05,4.879173e-04,-7.550411e-02,-1.599749e-02,1.652430e+00
1264,1.033599e-18,-1.589847e-04,1.210924e-05,4.772002e-04,1.643228e+00,-4.101629e-02,3.696371e+00
1265,4.663166e-17,-1.567253e-04,8.182002e-06,4.840565e-04,-1.276217e+00,-3.181832e-01,1.491526e+00
1266,2.432853e-17,-1.574118e-04,1.243237e-05,4.887962e-04,2.092088e+00,-4.159996e-01,1.132357e+01
1267,1.420753e-17,-1.507518e-04,1.590766e-05,4.834321e-04,-1.053356e-02,-4.037305e-02,5.229768e+00
1268,1.245664e-18,-1.695067e-04,-8.039550e-07,4.876935e-04,1.090659e+00,1.581094e-01,2.570942e+00
1269,1.684732e-18,-1.589845e-04,1.211037e-05,4.831593e-04,5.048802e-01,-3.586483e-01,1.013602e+01
1270,1.572987e-18,-1.585644e-04,1.132885e-05,4.797604e-04,3.646181e+00,-1.432505e-01,5.472977e+00
1271,1.913489e-18,-1.496094e-04,1.591910e-05,4.791086e-04,-4.032591e-01,-9.459737e-01,5.285970e+00
1272,4.149506e-18,-1.703112e-04,2.396806e-06,4.933937e-04,5.445785e-02,3.444470e-02,1.308037e+00
1273,1.351902e-17,-1.578378e-04,2.424068e-05,4.920207e-04,-3.630259e-04,-1.827776e-02,1.466213e+00
1274,8.544262e-18,-1.491782e-04,2.429764e-05,4.853608e-04,1.338541e-02,6.078148e-02,2.015107e+00
1275,1.763755e-16,-1.613937e-04,-9.701194e-06,4.846957e-04,-6.569293e-01,-2.647257e-02,3.054864e+00
1276,3.003731e-17,-1.488336e-04,-2.688634e-06,4.831267e-04,1.006920e+00,1.236230e+00,8.343727e-01
1277,3.813154e-18,-1.507807e-04,-2.421905e-05,4.912528e-04,3.841172e-02,8.880677e-02,1.399756e+00
1278,2.899219e-17,-1.511857e-04,-2.399448e-05,4.910813e-04,-7.126632e-03,-4.621557e-02,1.245979e+00
1279,9.451599e-19,-1.633932e-04,-1.623310e-05,4.924204e-04,-5.793259e-01,1.147911e+00,-1.355717e+00
1280,9.245705e-19,-1.719875e-04,-6.436182e-06,4.931650e-04,-3.636909e+00,1.160247e+00,1.449809e+01
1281,1.554653e-17,-1.609167e-04,-1.870187e-05,4.900153e-04,-3.554771e+00,-5.832186e-01,1.259403e+01
1282,4.152457e-17,-1.721507e-04,-1.077426e-05,4.885654e-04,2.097038e+00,-2.439291e+00,6.654612e+00
1283,5.024198e-18,-1.546579e-04,-7.249767e-06,4.907784e-04,2.871394e+00,-1.940994e+00,6.757620e+00
1284,1.437544e-18,-1.713330e-04,-7.197227e-06,4.976879e-04,-1.180573e+00,-2.495469e+00,1.838813e+01
1285,4.289281e-18,-1.586308e-04,-4.169990e-06,4.920348e-04,1.114349e+00,1.480199e+00,3.749305e+00
1286,2.768143e-17,-1.697465e-04,-6.301247e-06,4.828007e-04,-4.198223e-01,1.739267e+00,7.163214e+00
1287,4.590475e-18,-1.570278e-04,-1.873422e-05,4.816483e-04,5.042912e-01,-3.508331e-02,4.777975e+00
1288,1.002250e-18,-1.707029e-04,-7.227567e-06,4.794493e-04,4.770073e+00,1.941395e+00,6.250499e+00
1289,1.880343e-18,-1.610206e-04,-1.032090e-05,4.771503e-04,3.144701e-01,9.502969e-01,2.786680e+00
1290,2.866702e-17,-1.815444e-04,-4.357569e-06,4.810414e-04,1.058517e+00,2.068020e+00,8.507403e-01
1291,4.924658e-17,-1.825405e-04,-1.326847e-05,4.931171e-04,-1.757739e+00,4.486506e-01,9.535613e+00
1292,3.284873e-19,-1.753902e-04,-1.954548e-06,4.939238e-04,1.702548e-01,3.137004e+00,7.095744e+00
1293,1.180498e-17,-1.963787e-04,-2.134101e-05,4.912658e-04,1.305292e+00,-8.809837e-01,2.557959e+00
1294,2.527985e-19,-1.816386e-04,-1.211281e-05,4.861742e-04,1.565482e-01,-3.768483e-01,9.268634e+00
1295,1.089646e-18,-1.812414e-04,-1.171985e-05,4.877296e-04,-1.354035e-01,5.325859e-01,1.109247e+01
1296,2.689028e-18,-1.882801e-04,-2.447009e-05,4.963117e-04,5.016008e-02,-7.824837e-02,2.467010e+00
1297,3.129518e-17,-1.148898e-05,8.602003e-05,4.828932e-04,-1.438634e-01,1.097193e+00,9.105875e+00
1298,3.358749e-17,1.621458e-05,7.961580e-05,4.834878e-04,-1.782479e-02,-1.441192e+00,8.974551e+00
1299,2.784657e-18,7.712968e-07,9.180171e-05,5.033945e-04,-2.143717e-01,6.641864e-01,2.548277e+00
1300,1.057563e-18,1.170617e-05,9.688362e-05,4.838382e-04,4.876151e-01,6.201254e-01,2.140927e+00
1301,3.401857e-18,1.561890e-05,8.282203e-05,4.865581e-04,-2.670124e-01,4.645055e-01,-5.158131e+00
1302,3.154218e-17,1.276474e-06,9.758214e-05,4.900411e-04,-1.654425e+00,1.375534e+00,2.810560e+00
1303,2.691220e-17,2.557271e-06,8.825758e-05,4.953116e-04,-3.625789e-01,6.239674e-01,5.304966e+00
1304,4.142862e-18,2.184914e-05,8.557700e-05,4.913347e-04,-2.220774e-01,-7.896852e-02,6.613530e+00
1305,3.807569e-17,1.661702e-05,9.294880e-05,4.930306e-04,-6.162960e-01,-6.937281e-01,5.168436e+00
1306,4.178673e-18,2.317100e-06,8.283531e-05,5.022939e-04,-1.457075e-02,-2.057973e-01,7.416739e+00
1307,1.767587e-17,5.353465e-06,7.804069e-05,5.037758e-04,-1.398222e-02,-2.275385e-01,1.309720e+01
1308,2.473873e-17,1.252705e-05,8.986845e-05,4.949726e-04,-1.288252e-01,-9.828986e-02,3.716347e+00
1309,6.087196e-18,2.342888e-06,9.090112e-05,4.847057e-04,1.273941e-01,2.459597e+00,2.717547e+00
1310,9.719661e-19,4.491771e-06,7.822656e-05,5.009397e-04,6.898414e-01,5.839209e-02,1.676242e+01
1311,2.096586e-18,2.271976e-05,8.506305e-05,4.881138e-04,-3.656847e-01,3.884903e-01,9.956564e+00
1312,2.748741e-19,1.953183e-06,9.101555e-05,4.799147e-04,4.034458e-01,-6.685886e-01,9.502073e-01
1313,1.506141e-18,1.875829e-05,9.061638e-05,4.799357e-04,-1.398479e-01,-3.789603e-01,3.423765e+00
1314,7.366435e-18,4.665080e-06,7.812489e-05,4.929344e-04,6.024380e-03,2.128385e-02,9.553289e+00
1315,1.839435e-18,2.460894e-05,7.812476e-05,4.889056e-04,9.211557e-02,-1.776631e-01,2.864163e+00
1316,1.531568e-17,2.422651e-05,9.930214e-05,4.912373e-04,-2.438921e-02,4.150370e-01,1.514591e+00
1317,2.107730e-18,2.460892e-05,9.232165e-05,4.896507e-04,1.018601e-01,-9.707994e-02,2.821034e+00
1318,1.530061e-18,-1.718968e-05,1.007900e-04,4.869602e-04,-1.368817e-01,-1.936369e-02,2.228593e-01
1319,1.238515e-18,-7.820152e-06,9.922091e-05,4.853794e-04,2.734016e-01,3.428986e-02,-4.935862e-01
1320,2.871635e-17,-8.618098e-06,7.903593e-05,5.013074e-04,8.736328e-01,5.122310e-01,8.299986e+00
1321,3.315580e-17,-1.106837e-05,7.781340e-05,4.963487e-04,5.476545e-01,-5.516395e-01,9.243882e+00
1322,9.036855e-19,-1.110829e-05,7.956403e-05,4.830385e-04,3.672366e+00,2.438249e+00,7.515573e+00
1323,9.703598e-18,-1.185245e-05,8.348824e-05,4.995645e-04,7.621898e-01,-8.364000e-01,2.435225e+01
1324,1.728611e-17,-2.419343e-05,1.020940e-04,4.989875e-04,-2.345575e-02,2.098678e-02,1.519624e+00
1325,2.826325e-18,-1.176232e-05,7.966649e-05,4.880732e-04,-2.142258e-01,-9.658738e-01,7.025335e+00
1326,1.482010e-18,-1.404790e-05,9.374235e-05,4.955307e-04,2.878259e-01,-4.163817e-01,3.471532e+00
1327,4.690481e-18,-2.902424e-06,7.968784e-05,5.011014e-04,1.259524e+00,-5.946648e-02,3.255115e+00
1328,1.602104e-18,-8.596282e-06,8.906909e-05,4.931709e-04,7.512101e-02,-2.687649e-01,3.701824e+00
1329,2.515655e-19,-1.211056e-05,8.476632e-05,4.939697e-04,1.908233e+00,1.603805e+00,1.979640e+01
1330,6.747994e-18,-7.033936e-06,8.671932e-05,5.017378e-04,-5.365585e-02,-4.164304e-02,3.880714e+00
1331,2.553927e-17,-2.410004e-05,9.724772e-05,4.942401e-04,-2.199079e-02,2.707025e-01,2.452217e+00
1332,7.337285e-19,-1.002781e-05,9.283532e-05,4.955124e-04,-2.980223e-01,3.944826e-01,1.533705e+00
1333,2.824242e-18,-2.446001e-05,9.687506e-05,4.854593e-04,-1.671561e-01,2.911928e-02,3.181376e+00
1334,2.153701e-17,-2.411955e-05,8.480476e-05,4.888188e-04,-5.278201e-02,1.453160e-01,1.357039e+00
1335,1.283822e-17,-2.426357e-05,8.959476e-05,4.983834e-04,-3.168866e-02,1.729959e-02,1.576402e+00
1336,6.712776e-17,4.565208e-06,1.083654e-04,4.906941e-04,-4.757231e-01,5.699907e-01,1.019238e+01
1337,2.916392e-18,-1.719753e-05,1.257673e-04,4.920002e-04,2.635059e-01,-1.034662e-02,6.660080e-01
1338,2.938526e-17,1.013021e-05,1.083165e-04,4.778436e-04,2.998616e-01,-5.472448e-01,1.892686e+00
1339,1.966733e-17,1.602177e-05,1.266906e-04,4.873920e-04,-3.270195e-01,-1.292121e+00,2.450587e+00
1340,2.843438e-18,4.690280e-06,1.094208e-04,5.036220e-04,-9.466289e-03,1.633471e-01,2.311285e+00
1341,1.684505e-17,1.773412e-05,1.037828e-04,4.953408e-04,-2.245221e-01,1.566153e+00,4.720720e-01
1342,1.049540e-17,2.427552e-05,1.267674e-04,4.969132e-04,1.667697e-03,1.473326e-01,1.767987e+00
1343,2.433021e-17,2.409366e-05,1.042430e-04,4.928520e-04,-9.580800e-02,-6.282051e-01,2.369940e+00
1344,2.194149e-18,7.338036e-07,1.194768e-04,4.840728e-04,-1.408130e-02,-4.408291e-01,-1.345161e-01
1345,3.414305e-19,5.077621e-06,1.113274e-04,4.783602e-04,-7.995533e-01,1.453451e+00,7.375044e+00
1346,2.580771e-19,4.297653e-06,1.097653e-04,4.830340e-04,1.000824e+00,1.133074e+00,9.371865e+00
1347,1.331909e-16,-3.275505e-07,1.092144e-04,5.048685e-04,7.593880e-01,-3.175665e-01,1.522181e+01
1348,7.201765e-18,5.977686e-07,1.221178e-04,4.994289e-04,-6.161132e-01,6.235744e-01,3.405489e+00
1349,2.961930e-18,1.250993e-05,1.242179e-04,4.904604e-04,3.008709e-02,-5.741926e-02,4.008251e+00
1350,2.517367e-18,1.170124e-05,1.054486e-04,4.826968e-04,-8.585763e-01,1.721165e-01,3.731936e+00
1351,2.086785e-18,1.411446e-05,1.171401e-04,5.004840e-04,1.911602e-01,-1.615489e-01,3.603197e+00
1352,1.201908e-18,4.626036e-06,1.105469e-04,4.802927e-04,-4.957359e-02,1.075607e+00,7.703636e+00
1353,3.003690e-18,1.718663e-05,1.101572e-04,5.028942e-04,3.489061e-01,-3.445016e-02,1.662956e+00
1354,3.151589e-19,4.297324e-06,1.097655e-04,4.814780e-04,2.415949e+00,2.344181e+00,7.896163e+00
1355,3.477485e-18,7.816099e-06,1.210926e-04,4.834134e-04,-5.664498e-02,2.865283e-01,1.152659e+00
1356,5.374717e-18,-9.376346e-06,1.179757e-04,4.861883e-04,7.065473e-02,-2.929545e-01,-1.219967e-02
1357,4.457553e-17,-1.977675e-06,1.074386e-04,4.864442e-04,-2.101722e-01,3.921735e-02,6.440634e+00
1358,1.608948e-18,-2.481617e-06,1.117174e-04,4.934095e-04,6.900038e-01,-7.707437e-01,1.054317e+01
1359,1.229727e-18,-1.407165e-05,1.210702e-04,4.963134e-04,2.612448e-02,7.114768e-02,4.990771e+00
1360,3.367591e-18,-2.391265e-06,1.117334e-04,4.897245e-04,4.577786e-01,-1.449242e+00,9.294501e+00
1361,2.093220e-18,-2.234020e-06,1.218756e-04,4.945068e-04,9.880142e-01,1.774893e-01,3.737536e+00
1362,9.976555e-18,-6.220248e-06,1.242218e-04,4.970599e-04,-1.232686e-01,-3.144148e-01,4.601909e+00
1363,2.859438e-18,-6.250557e-06,1.156257e-04,4.974919e-04,4.575737e-02,-3.815418e-02,1.438709e+00
1364,2.547098e-19,-2.735070e-06,1.082035e-04,4.923764e-04,3.059468e+00,3.198450e-01,6.591629e+00
1365,4.371374e-18,-2.278186e-06,1.116531e-04,4.854308e-04,-1.127063e+00,9.981429e-02,8.312763e+00
1366,3.270699e-18,-2.332700e-06,1.163930e-04,4.880907e-04,-6.212356e-01,1.074984e+00,8.318043e-01
1367,3.545898e-18,-1.405867e-05,1.226424e-04,4.787540e-04,5.004565e-01,3.716356e-02,-7.954756e-01
1368,1.702596e-16,1.277873e-05,8.896693e-06,5.289978e-04,-1.493978e+00,1.134284e-01,6.736209e+00
1369,1.040853e-17,2.191922e-05,2.421971e-05,5.247154e-04,-2.401480e-01,-9.310445e-02,8.327578e+00
1370,2.680560e-17,4.998848e-06,2.069108e-05,5.160006e-04,2.096384e+00,-1.315007e+00,3.647682e+00
1371,6.951288e-18,2.109205e-05,1.796722e-05,5.093672e-04,-2.372239e-02,-9.201004e-02,4.404760e+00
1372,8.395995e-18,5.465776e-06,2.470062e-05,5.049465e-04,-3.275465e-01,4.434069e-02,3.590581e+00
1373,1.457900e-17,9.052998e-06,1.338479e-05,5.055074e-04,-1.200836e+00,4.345454e-01,3.125394e+00
1374,5.700082e-18,2.262726e-05,1.011555e-05,5.212709e-04,-1.665476e-01,5.815740e-02,5.675124e+00
1375,3.025426e-17,4.688004e-06,2.146816e-06,5.140347e-04,-6.241563e-01,-6.966027e-01,2.158658e+00
1376,4.930143e-18,1.094109e-05,-2.426354e-10,5.251186e-04,8.619969e-02,-1.281815e-02,1.304136e+00
1377,3.717663e-18,5.463993e-06,8.593530e-06,5.221242e-04,-7.874819e-03,-1.336168e-02,1.548723e+00
1378,3.065167e-18,1.093796e-05,8.595337e-06,5.073780e-04,8.210544e-03,-1.624276e-01,1.350932e+00
1379,3.806403e-18,3.127188e-06,1.563099e-06,5.289255e-04,4.063368e-02,-3.454039e-02,-7.893488e-02
1380,2.422559e-17,2.278655e-05,1.695254e-05,5.302402e-04,1.073836e-01,-3.986032e-01,8.029594e+00
1381,1.223184e-17,4.324783e-06,1.764352e-05,5.360223e-04,-2.312117e+00,-1.785087e+00,8.649238e+00
1382,9.275323e-18,1.635817e-05,-8.710632e-07,5.327691e-04,-8.229504e-01,-7.955665e-01,6.731842e+00
1383,2.394471e-18,1.640353e-05,2.499555e-05,5.328939e-04,-4.477347e-01,-3.030805e-01,3.437885e+00
1384,2.076607e-18,1.953229e-05,2.443766e-09,5.292886e-04,-3.372566e-01,2.894530e-02,4.788590e+00
1385,2.861549e-18,2.187360e-05,2.337797e-06,5.378882e-04,-1.114144e-01,1.016193e-01,4.566735e+00
1386,1.470768e-16,1.056858e-05,7.930208e-07,4.933088e-04,-1.569618e+00,-2.717288e-01,7.277683e+00
1387,6.885662e-18,3.017799e-06,1.543766e-06,4.845719e-04,-1.729373e-01,-1.156635e-01,-6.680083e-01
1388,2.515995e-18,1.971170e-05,1.390815e-05,4.927102e-04,1.713227e+00,2.170344e+00,1.735247e+01
1389,2.897878e-18,5.480686e-06,1.406706e-05,4.849995e-04,-1.190788e-02,-9.244700e-03,-1.331680e+00
1390,2.921437e-19,1.992284e-05,1.524003e-05,4.908400e-04,8.589316e-01,5.027179e+00,1.501756e+01
1391,2.599559e-17,8.537163e-06,4.687443e-06,4.834723e-04,-1.159508e+00,-1.999950e+00,4.228854e+00
1392,2.176931e-17,1.886183e-05,2.225231e-06,4.920155e-04,-2.612897e+00,7.229709e-01,1.871943e+00
1393,2.759810e-18,2.112605e-05,1.013317e-05,4.927653e-04,2.821010e-01,-3.786431e-01,2.614323e+00
1394,2.900985e-18,2.108645e-05,2.343755e-05,4.928155e-04,1.455108e-01,-5.340261e-01,3.278991e-01
1395,2.651930e-19,1.132893e-05,1.367230e-05,4.853565e-04,6.008611e-01,-3.466569e+00,1.313704e+01
1396,5.679158e-18,-1.564598e-05,9.351873e-06,5.380655e-04,2.897136e-01,9.274973e-01,3.637855e+01
1397,1.030837e-16,-2.615584e-06,-2.228540e-06,5.452330e-04,2.496237e-01,2.365534e-01,7.906075e+00
1398,6.668840e-18,-1.639979e-05,9.383400e-06,5.472033e-04,-9.634088e-02,4.943075e-01,4.342187e+01
1399,3.696483e-18,-1.564757e-05,9.411615e-06,5.328492e-04,5.355041e-01,8.888018e-01,3.406478e+01
1400,1.175216e-17,-1.796774e-05,4.374633e-06,5.400913e-04,4.094959e-02,1.426845e-02,1.023308e+01
1401,1.243183e-16,-9.899904e-06,-2.466094e-06,5.275905e-04,-2.207892e-01,4.482118e-01,6.453181e+00
1402,3.967059e-17,-2.808862e-06,1.617603e-05,5.419547e-04,-4.371363e-01,1.184538e+00,6.526369e+00
1403,7.094657e-18,-1.171921e-05,1.328086e-05,5.358421e-04,1.770008e+00,1.136928e+00,7.675662e+00
1404,8.173067e-17,-1.133668e-05,1.336783e-05,5.361865e-04,1.829288e+00,1.037917e+00,7.731196e+00
1405,1.151372e-18,-2.344520e-05,9.377345e-06,5.361392e-04,7.641781e-02,-3.101916e-02,7.393415e+00
1406,5.738694e-18,-1.562659e-05,9.422875e-06,5.276088e-04,4.611399e-01,4.055881e-01,3.189620e+01
1407,2.511739e-18,-1.173207e-05,7.812396e-06,5.285052e-04,-3.829737e-02,-3.734316e-02,5.932973e+00
1408,2.374271e-18,-1.875545e-05,1.563574e-05,5.422324e-04,5.493805e-02,-5.042828e-02,-1.349312e+00
1409,1.156878e-16,-1.689198e-05,6.135288e-06,5.077035e-04,3.434770e+00,-2.252910e-01,9.324600e+00
1410,6.868129e-18,-1.563021e-05,9.384252e-06,5.203456e-04,-6.534517e-01,7.656470e-01,2.805406e+01
1411,1.098722e-17,-1.644154e-05,1.849236e-05,5.124432e-04,4.511879e-01,-2.885628e+00,-4.985503e-01
1412,2.489311e-18,-7.810951e-06,2.032426e-05,5.233497e-04,-6.035026e-02,1.260596e-01,7.687104e+00
1413,2.974012e-17,-1.267007e-05,1.583624e-05,5.128516e-04,4.534298e-01,-4.112598e-01,6.145465e+00
1414,3.428503e-17,-1.746225e-05,1.646793e-06,5.213246e-04,2.482152e-01,2.545330e-01,4.858338e+00
1415,3.109371e-18,-1.171348e-05,7.809974e-06,5.225523e-04,2.337561e-01,2.364775e-01,5.048964e+00
1416,3.014876e-18,-7.813567e-06,1.949970e-05,5.203784e-04,3.134852e-01,-1.153368e+00,9.763062e+00
1417,2.206354e-17,-2.682865e-06,-1.898227e-04,5.020272e-04,4.661536e+00,3.033514e-01,2.273844e+01
1418,2.908469e-18,-9.376301e-06,-1.812508e-04,5.020733e-04,5.188544e-02,-9.863441e-02,5.258322e+00
1419,3.989700e-18,-3.125120e-06,-1.843904e-04,5.033064e-04,5.055462e-02,4.521210e-01,8.207257e+00
1420,1.784227e-16,-9.577653e-06,-1.547345e-04,4.989787e-04,-1.117671e+00,-8.149599e-02,9.797597e+00
1421,2.674211e-18,-1.637124e-05,-1.499685e-04,5.036609e-04,7.763643e-01,1.211076e-01,1.879730e+01
1422,4.723008e-18,-1.561025e-06,-1.718740e-04,5.025892e-04,1.962409e-02,9.725125e-03,2.472398e+00
1423,2.117919e-17,-1.670367e-05,-1.555636e-04,5.248666e-04,4.329743e-01,-4.841828e+00,2.692330e+01
1424,4.424147e-17,-5.340923e-06,-1.807370e-04,5.150832e-04,7.717511e-01,5.828489e-01,6.922424e+00
1425,1.501677e-16,-5.255189e-06,-1.808211e-04,5.153973e-04,7.055544e-01,5.109404e-01,6.923821e+00
1426,5.345887e-17,-2.205943e-05,-1.832515e-04,5.109758e-04,-5.322819e-01,1.018328e-01,3.398613e+00
1427,3.889060e-17,-1.061362e-05,-1.887728e-04,5.111545e-04,-2.949724e-01,4.846253e-01,4.848254e+00
1428,7.815778e-18,-1.249758e-05,-1.823753e-04,5.239855e-04,7.909220e-02,5.491094e-02,4.418486e+00
1429,3.413590e-18,-1.093741e-05,-1.914054e-04,5.044321e-04,-2.819197e-01,2.764964e-01,5.617470e+00
1430,1.209515e-17,-2.040412e-05,-1.897640e-04,5.197222e-04,-7.807139e-02,-3.762604e-01,3.370496e+00
1431,7.878085e-18,-1.252669e-05,-1.781275e-04,5.123158e-04,6.916213e-01,-7.862010e-02,1.646239e+00
1432,3.446131e-18,-9.372711e-06,-1.953069e-04,5.082671e-04,-6.307703e-02,-1.263343e-01,1.215833e+00
1433,6.991766e-16,-2.494853e-06,-1.633075e-04,5.278247e-04,3.510319e-01,-3.502255e-01,7.015084e+00
1434,3.674160e-18,-1.641059e-05,-1.617186e-04,5.234562e-04,-1.086585e+00,-5.272768e+00,1.969998e+01
1435,4.225703e-17,-1.619462e-05,-1.618245e-04,5.236657e-04,-1.141726e+00,-5.050586e+00,1.930547e+01
1436,3.761291e-18,-1.325410e-05,-1.588727e-04,5.174455e-04,-1.276993e+00,-3.349504e+00,1.796204e+01
1437,2.301424e-17,-1.330762e-05,-1.624670e-04,5.088710e-04,-6.764508e-01,3.640380e+00,1.872247e+01
1438,1.986528e-16,-5.080753e-06,-1.582728e-04,5.174306e-04,7.446273e-01,-1.090248e+00,1.144757e+01
1439,1.228058e-17,-1.640117e-05,-1.501068e-04,5.089299e-04,1.328539e-01,7.262484e-01,1.997238e+01
1440,4.009057e-18,-1.486382e-05,-1.711168e-04,5.237780e-04,-1.183646e-02,3.626558e-02,1.016575e+01
1441,2.879537e-18,-1.718228e-05,-1.539425e-04,5.196549e-04,-1.026542e-01,-3.961662e+00,2.477838e+01
1442,8.093058e-18,-4.204790e-06,-1.711052e-04,5.112563e-04,1.528854e+00,7.171622e-02,5.946637e+00
1443,7.913189e-19,-1.339462e-05,-1.529887e-04,5.040743e-04,9.466329e-01,-7.794465e-01,8.884295e+00
1444,1.985961e-18,-1.165447e-05,-1.616432e-04,5.121564e-04,8.728432e-01,3.972902e-01,6.503262e+00
1445,2.460973e-17,7.670700e-06,-1.538891e-04,5.054710e-04,-6.271057e-01,-2.327887e+00,2.173983e+00
1446,1.417029e-17,7.423752e-06,-1.582022e-04,5.282762e-04,-4.165700e-01,-4.651504e-01,9.365207e+00
1447,9.373630e-17,7.171074e-06,-1.581325e-04,5.284207e-04,-3.826407e-01,-6.888661e-01,9.198304e+00
1448,4.490118e-18,1.016136e-05,-1.640626e-04,5.118148e-04,3.948669e-02,-1.119464e-02,-1.038558e+00
1449,8.868372e-18,3.448874e-06,-1.656379e-04,5.205237e-04,4.107604e-01,-9.480400e-02,2.858381e+01
1450,7.117638e-19,9.242591e-06,-1.529931e-04,5.230600e-04,-5.918755e-03,2.110364e-02,7.591295e+00
1451,1.952339e-17,1.493655e-05,-1.657695e-04,5.026963e-04,-5.827569e-01,-1.983524e+00,9.839094e+00
1452,1.021553e-16,4.936948e-06,-1.601480e-04,5.000599e-04,4.759191e-01,8.322036e-02,2.666624e+00
1453,3.299715e-18,3.170197e-06,-1.656544e-04,5.156922e-04,-2.704990e-01,2.880464e-01,2.478790e+01
1454,4.363392e-18,1.339646e-05,-1.592345e-04,5.069414e-04,9.425751e-01,-4.077210e-01,2.288288e+00
1455,8.273928e-18,3.112004e-06,-1.656419e-04,5.087670e-04,-1.323630e-01,5.415617e-01,2.012734e+01
1456,3.113977e-18,3.904223e-06,-1.656341e-04,5.044335e-04,-3.173353e-02,-1.349894e-01,1.944830e+01
1457,1.204367e-18,8.593933e-06,-1.663968e-04,5.177937e-04,-2.909784e-01,2.100216e-01,2.040677e+00
1458,1.868107e-18,3.959702e-06,-1.523978e-04,5.272601e-04,4.507697e-03,-9.718007e-02,2.100726e+00
1459,2.135053e-17,-1.011420e-05,-1.537321e-04,5.316372e-04,1.975377e+00,3.335211e-01,1.790391e+01
1460,6.243771e-17,-1.317152e-05,-1.486435e-04,5.320088e-04,-3.058735e+00,-1.966745e+00,8.730204e+00
1461,1.415066e-17,-1.797245e-05,-1.703043e-04,5.316061e-04,-1.479737e+00,2.287791e-01,1.022606e+01
1462,8.023720e-17,-1.833851e-05,-1.703779e-04,5.318309e-04,-1.435959e+00,2.567433e-02,1.006586e+01
1463,8.823786e-18,-9.796085e-06,-1.648452e-04,5.466006e-04,-8.146382e-01,4.079691e-03,5.605016e+00
1464,5.116887e-18,-1.489553e-05,-1.732976e-04,5.467676e-04,7.719831e-01,-2.622837e-01,4.515087e+00
1465,3.456320e-18,-1.479302e-05,-1.719044e-04,5.356014e-04,4.140956e-02,-2.359461e-01,5.484097e+00
1466,4.857685e-19,-1.133292e-05,-1.706956e-04,5.322618e-04,-3.299632e-01,4.759840e-01,5.294062e+00
1467,1.339499e-18,7.969641e-07,-1.734345e-04,5.389593e-04,3.660601e-01,2.542528e-01,1.571592e+00
1468,3.924044e-18,-1.093984e-05,-1.601593e-04,5.477502e-04,2.051070e-02,1.121415e-01,3.423589e+00
1469,4.452886e-19,7.833256e-07,-1.652355e-04,5.404031e-04,-3.967442e-01,-2.335624e-02,1.851770e+00
1470,4.311393e-18,9.379155e-06,-1.562491e-04,5.483481e-04,-2.065597e-03,-3.859948e-02,5.972005e+00
1471,2.134477e-17,1.338656e-05,-1.656180e-04,5.321506e-04,1.589058e+00,-5.633917e-01,5.886181e+00
1472,2.103944e-18,1.563678e-05,-1.718792e-04,5.366265e-04,3.555050e-02,-3.951715e-02,5.682507e+00
1473,3.918885e-18,1.016083e-05,-1.562491e-04,5.391314e-04,-2.913550e-02,-2.006859e-03,4.623683e+00
1474,9.996968e-19,3.898891e-06,-1.679560e-04,5.340367e-04,-3.876895e-02,5.658309e-02,3.884937e+00
1475,9.567981e-19,1.327808e-05,-1.554574e-04,5.448070e-04,-4.709534e-02,1.484930e-02,3.268346e+00
1476,2.227799e-19,1.289513e-05,-1.558491e-04,5.433799e-04,2.191531e-01,1.115062e-01,1.959585e+00
1477,6.478184e-17,1.118114e-04,-5.455654e-06,4.960217e-04,8.889205e-01,2.199290e+00,4.819336e+00
1478,1.706701e-16,9.793945e-05,-1.338155e-05,4.856679e-04,1.726952e+00,-3.769144e-01,1.873619e+00
1479,2.067885e-18,1.217746e-04,-2.031678e-05,4.984897e-04,-4.863340e-01,-2.065670e-01,1.600067e+00
1480,2.884014e-17,1.188655e-04,-6.389752e-06,4.806302e-04,-4.175429e+00,1.422758e+00,-3.504647e-02
1481,2.682598e-17,1.226231e-04,7.114350e-06,4.930004e-04,4.612464e-01,-5.806511e-01,2.689087e+00
1482,2.521641e-18,1.031277e-04,-5.464094e-06,4.827170e-04,-2.136352e-02,2.244970e-01,2.217824e+00
1483,1.147823e-17,1.237305e-04,1.955253e-05,4.985325e-04,-1.048810e+00,1.588466e+00,3.895760e+00
1484,1.560938e-16,1.104185e-04,4.700248e-06,4.892449e-04,-9.859224e-01,-1.347981e+00,2.644066e+00
1485,9.939218e-19,1.150249e-04,-3.061695e-06,4.954847e-04,-3.114662e-01,-1.031208e+00,1.157725e+01
1486,7.142476e-19,1.144528e-04,-4.590080e-06,5.001625e-04,-2.993890e+00,-2.636968e+00,1.387793e+01
1487,1.357395e-17,1.149148e-04,-2.202126e-06,4.884515e-04,1.795505e-01,5.801173e-01,1.017842e+01
1488,1.044244e-18,1.046794e-04,-7.040476e-06,4.877125e-04,-3.358451e-01,-2.939598e-01,3.593072e+00
1489,3.430539e-18,1.031267e-04,-5.474660e-06,5.005531e-04,-6.631753e-02,-2.757899e-01,9.499880e+00
1490,2.683942e-17,1.195258e-04,1.530255e-05,5.029506e-04,-6.751993e-01,2.989403e-01,1.581257e+01
1491,5.019035e-18,1.201513e-04,1.833592e-06,4.827195e-04,1.436010e+00,-6.660914e-01,4.518254e+00
1492,4.839555e-18,1.046859e-04,1.483870e-05,4.931065e-04,2.279819e-02,-4.095537e-01,4.669371e+00
1493,2.527914e-18,1.148499e-04,8.605345e-06,4.951341e-04,-1.569246e-01,-1.537262e-01,5.458989e+00
1494,3.540292e-18,1.195729e-04,1.877621e-05,5.036383e-04,-3.125191e-01,-7.857395e-01,2.632389e+01
1495,1.720061e-18,1.194798e-04,1.882345e-05,4.993371e-04,-8.512296e-01,-1.630830e-01,2.187393e+01
1496,4.737830e-18,1.195420e-04,1.872627e-05,4.953221e-04,-1.290552e+00,-3.478917e-01,1.932832e+01
1497,5.631033e-19,1.203451e-04,1.523581e-05,4.947509e-04,-9.882947e-01,5.108976e-01,8.993365e+00
1498,4.578894e-18,1.203281e-04,1.172769e-05,4.942565e-04,7.912586e-02,7.402891e-01,3.375111e+00
1499,9.570541e-18,1.190692e-04,7.892066e-07,4.942900e-04,-8.337225e-01,-6.259784e-02,1.500783e+01
1500,2.915670e-18,1.203181e-04,1.489233e-05,4.889122e-04,4.221645e-01,5.727377e-01,6.395114e+00
1501,5.232093e-19,1.175778e-04,3.881003e-06,4.799158e-04,1.859298e+00,1.856580e+00,4.833002e+00
1502,1.218180e-18,1.183593e-04,8.162029e-07,4.873088e-04,2.828651e-01,-2.420146e-01,9.448244e+00
1503,3.576421e-18,1.132816e-04,2.460959e-05,4.809028e-04,-3.345770e-02,2.858586e-02,3.231380e+00
1504,1.728612e-17,1.211955e-04,1.978554e-05,5.172859e-04,6.617672e-01,4.509304e-02,3.301248e+01
1505,5.016259e-18,1.203125e-04,1.874091e-05,5.109398e-04,4.140600e-01,1.133288e+00,3.013492e+01
1506,4.913954e-17,1.128922e-04,6.836261e-06,5.162518e-04,-7.888130e-01,-4.611463e-01,4.324148e+00
1507,2.730110e-18,1.194967e-04,1.874272e-05,5.068338e-04,1.001408e+00,2.836063e-01,2.766318e+01
1508,1.532395e-17,1.045395e-04,1.201908e-05,5.109055e-04,-2.842980e-01,-1.621966e+00,9.909333e+00
1509,6.418687e-18,1.148432e-04,7.917056e-06,5.046748e-04,-4.235202e-01,-4.759801e-01,9.240698e+00
1510,7.684846e-18,1.155559e-04,1.771805e-05,5.122467e-04,-1.386124e-01,-1.014536e+00,3.311907e+00
1511,4.733126e-17,1.077491e-04,1.890046e-05,5.199647e-04,2.587704e-01,1.761262e-01,4.546859e+00
1512,2.412078e-18,1.070215e-04,8.583573e-06,5.188528e-04,-1.038700e-01,1.319086e-03,5.283733e+00
1513,9.916325e-19,8.046818e-05,-1.562122e-05,4.814990e-04,-2.660962e-01,5.608230e-01,-2.537948e-01
1514,4.565763e-17,7.377891e-05,-2.386808e-05,4.955092e-04,3.539140e-02,1.312590e-02,1.324300e+00
1515,3.300461e-18,7.969990e-05,-1.303763e-05,4.981878e-04,2.515716e-01,-9.884143e-01,1.215636e+01
1516,4.348949e-17,7.520503e-05,-1.136884e-05,4.876564e-04,6.299054e-01,3.592823e-01,9.839755e+00
1517,2.931715e-18,7.968757e-05,-9.852948e-06,4.894574e-04,2.432910e-02,2.901553e-02,7.186345e+00
1518,6.260521e-18,8.515666e-05,-3.125583e-06,4.982502e-04,-7.296562e-02,7.975332e-03,7.373218e+00
1519,3.639071e-18,7.968634e-05,-8.516295e-06,4.844655e-04,-2.482387e-01,-5.026349e-01,4.829241e+00
1520,3.596633e-19,8.788969e-05,-6.640209e-06,4.799219e-04,-5.792208e-01,-1.140649e-01,8.465423e+00
1521,1.283305e-18,8.515732e-05,-3.121718e-06,4.915946e-04,-4.706272e-02,-1.002550e-02,5.720387e+00
1522,7.042735e-18,9.510682e-05,-3.139271e-06,4.798026e-04,4.577626e-01,1.274476e-01,1.214253e+00
1523,2.897502e-18,8.515317e-05,-3.125236e-06,4.857052e-04,-7.913712e-02,1.788362e-01,3.743641e+00
1524,2.254670e-19,-6.651955e-06,7.460640e-05,5.361530e-04,1.884579e-01,2.345521e-01,5.762252e+00
1525,2.809262e-17,-1.077670e-05,7.583459e-05,5.356684e-04,7.069161e-01,4.750217e-01,6.394346e+00
1526,4.686560e-17,-1.345112e-06,7.503333e-05,5.348179e-04,3.302972e-01,3.063932e-01,4.698272e+00
1527,2.867162e-17,1.926065e-05,7.375625e-05,5.414289e-04,-1.544103e-01,5.788277e-01,1.237592e+01
1528,1.055715e-18,6.238974e-06,8.827262e-05,5.468875e-04,-3.171850e-01,1.088211e+00,1.162483e+01
1529,3.283349e-17,1.987465e-06,8.494855e-05,5.408162e-04,2.375703e-01,-5.241281e-02,8.584261e+00
1530,3.922711e-17,4.231705e-06,8.600628e-05,5.354092e-04,-4.536727e-01,-1.791299e+00,1.016687e+01
1531,1.124264e-17,2.348225e-06,8.613640e-05,5.300114e-04,-6.264695e-03,1.138337e-02,1.515402e+01
1532,5.292175e-17,1.792553e-05,7.850726e-05,5.257163e-04,2.261237e-01,8.164100e-01,6.696294e+00
1533,2.260384e-17,5.989930e-06,8.312852e-05,5.422660e-04,-8.488351e-01,1.585285e+00,7.698374e+00
1534,6.422513e-18,1.875805e-05,9.770374e-05,5.484559e-04,-1.727258e-01,-5.421622e-01,6.537184e+00
1535,8.970058e-18,5.099152e-06,9.616502e-05,5.489127e-04,-8.721551e-01,-7.700426e-01,6.621901e+00
1536,2.261312e-17,7.914930e-06,7.685864e-05,5.343231e-04,2.872750e-01,-7.858697e-01,8.295606e+00
1537,8.878035e-18,7.041720e-06,9.489702e-05,5.351043e-04,-1.724636e-02,1.339276e-01,6.196342e+00
1538,4.704665e-18,5.471641e-06,7.422158e-05,5.375838e-04,-3.599458e-01,-1.874559e-01,4.808541e+00
1539,1.221306e-18,7.884336e-07,9.765213e-05,5.346931e-04,-1.488822e-01,-4.112543e-02,1.497664e+00
1540,1.077245e-18,1.016099e-05,8.438279e-05,5.462359e-04,-3.641735e-02,1.995398e-01,1.763197e+00
1541,5.040967e-17,-1.678173e-05,9.447864e-05,5.469160e-04,-8.592131e-01,1.542665e+00,7.595781e+00
1542,4.019721e-17,-1.000496e-05,9.668967e-05,5.267595e-04,1.257658e+00,-6.135060e-01,9.585708e+00
1543,1.400982e-17,-2.195216e-05,8.534823e-05,5.279724e-04,-1.240072e+00,1.684329e+00,6.958581e+00
1544,1.345106e-17,-9.475281e-06,9.429490e-05,5.491848e-04,8.037839e-01,3.129466e+00,1.121587e+01
1545,1.363666e-17,-1.382519e-05,7.967329e-05,5.375076e-04,-7.452105e-02,1.588147e-01,6.511407e+00
1546,4.848713e-18,-1.015651e-05,8.398328e-05,5.350602e-04,2.181697e-02,1.041231e+00,2.417694e+00
1547,9.876038e-17,-1.004580e-05,8.741652e-05,5.238330e-04,-4.061106e-01,6.671669e-02,7.655432e+00
1548,3.043522e-19,3.903813e-07,9.570150e-05,5.070506e-04,4.614324e-01,1.691697e-01,1.009964e+00
1549,2.970211e-17,1.779644e-06,8.233216e-05,5.184505e-04,-3.593871e-01,5.686235e-01,1.431125e+01
1550,1.311460e-18,5.472559e-06,7.421743e-05,5.237891e-04,7.282465e-01,-5.864989e-01,1.772045e+01
1551,2.775216e-16,-3.793341e-06,9.674056e-05,5.126779e-04,1.725256e+00,8.132175e-01,7.864280e+00
1552,2.160940e-18,5.510349e-06,7.728176e-05,5.104046e-04,-4.355918e-02,1.824327e-01,1.362787e+01
1553,1.648092e-17,4.985334e-06,7.366074e-05,5.204468e-04,1.069022e+00,-8.195202e-01,1.777006e+01
1554,2.832601e-18,2.349013e-06,8.281309e-05,5.120236e-04,-4.522765e-02,-1.592389e-01,1.208488e+01
1555,2.744230e-17,1.806403e-05,9.150037e-05,5.098249e-04,-5.400630e-01,2.627609e-01,1.122961e+01
1556,5.998933e-18,2.442708e-06,8.671674e-05,5.154399e-04,2.644578e-01,3.510563e-01,1.044044e+01
1557,5.605771e-17,1.367679e-05,9.536871e-05,5.076702e-04,-3.349244e-02,7.856822e-01,7.028281e+00
1558,1.398330e-18,1.877746e-05,9.061431e-05,5.064045e-04,-9.782752e-02,1.089009e-01,1.377138e+01
1559,7.923120e-18,1.014432e-05,9.493277e-05,5.162534e-04,-9.547368e-01,-1.198757e+00,8.291828e+00
1560,1.397187e-18,1.015672e-05,9.844831e-05,5.185137e-04,8.657466e-02,-7.657350e-02,5.206444e+00
1561,1.335483e-17,5.214862e-06,9.952159e-05,5.085747e-04,1.414922e+00,3.286133e+00,3.242615e+00
1562,3.039069e-17,-1.381360e-05,8.187760e-05,5.081055e-04,-1.974654e+00,-3.739141e+00,2.808762e+01
1563,6.247971e-17,-4.790023e-06,8.059342e-05,5.209503e-04,6.898250e-01,3.178673e-01,6.589757e+00
1564,2.754004e-18,-1.570530e-06,8.823677e-05,5.067166e-04,-9.536168e-02,-7.439977e-01,4.953987e+00
1565,2.229865e-17,2.224200e-05,5.737484e-05,5.174512e-04,1.547117e+00,3.235272e+00,1.982861e+01
1566,6.948211e-18,2.429830e-05,5.099435e-05,5.204227e-04,1.094734e+01,-9.827617e-01,1.749907e+01
1567,3.658447e-18,1.328022e-05,6.484475e-05,5.264638e-04,-1.079529e-01,9.124837e-01,9.805953e+00
1568,5.162879e-17,1.341394e-05,6.562249e-05,5.264475e-04,-1.090606e-02,1.084619e+00,9.631729e+00
1569,3.733695e-18,1.796683e-05,6.796736e-05,5.082933e-04,-3.711330e-02,2.005131e+00,7.605240e+00
1570,5.043945e-17,1.759913e-05,6.854758e-05,5.074944e-04,-3.051086e-01,2.131777e+00,7.307155e+00
1571,2.307599e-17,4.699234e-06,4.838793e-05,5.142124e-04,-8.826203e-02,-7.671001e-01,4.781095e+00
1572,3.728843e-18,1.327054e-05,6.095733e-05,5.140483e-04,2.449884e-01,-3.796806e-02,8.153745e+00
1573,3.891865e-18,1.567469e-05,7.187491e-05,5.164868e-04,-1.271465e+00,1.408392e-01,5.927056e+00
1574,2.153324e-18,3.903542e-06,5.859455e-05,5.226342e-04,-7.103217e-02,2.001329e-01,3.336721e+00
1575,1.312427e-17,6.062548e-07,6.915327e-05,5.169051e-04,-4.356483e-01,1.004913e+00,4.748558e+00
1576,3.731000e-18,1.580703e-05,7.189911e-05,5.066188e-04,7.488861e-01,-4.658042e-01,4.445986e+00
1577,4.856271e-18,8.715773e-06,5.859535e-05,5.169897e-04,-2.293280e+00,-2.886344e-02,3.253408e+00
1578,3.057648e-17,-1.674827e-05,5.863185e-05,5.055565e-04,8.195680e-01,-7.111119e-01,1.488320e+00
1579,1.030880e-18,-1.484393e-05,7.109903e-05,5.071405e-04,2.957478e-01,9.037768e-02,4.312918e-01
1580,1.611768e-16,-1.368513e-05,4.809242e-05,5.177462e-04,-6.036244e-01,-7.338436e-01,1.067025e+01
1581,2.315434e-19,-6.638406e-06,5.351479e-05,5.116590e-04,-1.445509e-01,3.305917e-01,-9.748894e-01
1582,2.869012e-17,-8.815340e-06,6.428068e-05,5.082202e-04,-8.162012e-02,-1.602950e+00,4.405742e+00
1583,2.665182e-18,-6.249644e-06,5.079486e-05,5.051298e-04,6.046113e-01,1.550052e-02,1.079914e+01
1584,7.843249e-19,-2.468686e-06,6.471280e-05,5.177204e-04,-6.353761e-01,-9.627198e-02,1.270582e+00
1585,9.834442e-17,1.183413e-05,1.391860e-04,4.995451e-04,-7.708774e-01,-5.008782e-01,9.311868e+00
1586,1.719410e-17,1.797222e-05,1.333608e-04,4.818724e-04,2.016386e-01,-1.150900e+00,2.492744e+00
1587,6.752570e-17,2.272219e-05,1.370805e-04,4.833633e-04,7.407731e-01,-7.845052e-01,2.624977e+00
1588,9.888050e-19,1.563246e-05,1.406306e-04,4.939716e-04,-7.061899e-02,-2.516813e-01,7.620870e+00
1589,7.866857e-17,6.832127e-06,1.491364e-04,5.050985e-04,-4.381883e-02,-1.205768e+00,5.893290e+00
1590,2.996370e-18,1.563533e-05,1.406590e-04,4.857535e-04,4.140708e-01,-2.025688e-01,5.597008e+00
1591,4.100006e-18,1.096007e-05,1.421627e-04,4.910009e-04,-3.436425e-01,2.276642e-01,6.553532e+00
1592,2.918020e-18,1.323245e-05,1.398588e-04,4.873525e-04,-3.038607e-01,-8.442110e-02,5.264656e+00
1593,4.741330e-18,6.089237e-06,1.265648e-04,4.913003e-04,-3.096989e-01,-4.155192e-01,2.297926e+00
1594,2.979447e-17,1.071828e-07,1.451352e-04,4.833908e-04,7.057761e-01,1.035664e+00,2.013458e+00
1595,1.191305e-18,1.017948e-05,1.421550e-04,4.822587e-04,-5.157040e-01,6.914592e-02,2.611923e+00
1596,1.544029e-17,1.697734e-05,1.465303e-04,4.787113e-04,3.583204e-01,-1.926177e+00,1.068758e+00
1597,1.174593e-17,9.719914e-06,1.285135e-04,4.782485e-04,-9.383921e-02,3.585498e-01,2.571478e+00
1598,1.769440e-17,1.003116e-05,1.498179e-04,4.838662e-04,2.841884e-01,-2.898189e-01,1.681312e+00
1599,6.271023e-18,3.362250e-06,1.416696e-04,4.958174e-04,-8.639142e-01,-9.460392e-01,-2.637155e-02
1600,1.094005e-17,2.428438e-05,1.369803e-04,5.000071e-04,4.975342e-03,-4.018431e-02,1.864152e+00
1601,6.262337e-19,2.460995e-05,1.328158e-04,5.002369e-04,1.497051e-01,-8.760581e-02,3.302691e+00
1602,2.532857e-18,2.460950e-05,1.437487e-04,4.895959e-04,4.802438e-03,1.781029e-02,2.330138e+00
1603,2.185592e-17,-2.410111e-05,1.402752e-04,4.992050e-04,7.901793e-03,-1.329926e-01,9.373464e-01
1604,2.373923e-18,-1.478763e-05,1.281707e-04,4.926624e-04,4.804969e-01,6.848696e-02,-1.869204e+00
1605,5.456698e-18,-1.798738e-05,1.285362e-04,5.014894e-04,-1.087321e+00,7.655389e-01,2.102015e+00
1606,2.972043e-16,-6.563369e-06,1.329896e-04,5.096166e-04,3.842034e-01,-1.715498e+00,1.292394e+01
1607,1.066498e-16,-1.035182e-05,1.416879e-04,4.944239e-04,2.156881e+00,6.394030e-02,1.265983e+01
1608,2.167224e-17,-2.037681e-05,1.389889e-04,4.844886e-04,3.027984e-01,9.507005e-01,9.701480e+00
1609,3.139912e-18,-2.347154e-06,1.296881e-04,4.966641e-04,1.531466e-01,-4.385143e-03,3.488135e+00
1610,3.453162e-18,-7.814514e-06,1.492128e-04,4.951074e-04,6.457455e-02,1.399129e-01,2.792350e+00
1611,2.759248e-19,-7.423818e-06,1.308598e-04,4.877160e-04,-3.835547e-02,1.624514e+00,7.107812e+00
1612,4.512712e-18,-6.951192e-06,1.302513e-04,4.834188e-04,1.358470e+00,-4.017269e-01,4.456241e+00
1613,2.771887e-18,-1.093764e-05,1.484219e-04,4.849213e-04,-8.679535e-02,-1.235547e-01,1.572352e-01
1614,7.982732e-19,-1.992274e-05,1.378890e-04,4.791780e-04,2.953638e+00,-1.602652e-01,8.545248e+00
1615,2.606297e-19,-7.422926e-06,1.308599e-04,4.799253e-04,9.214233e-01,1.844370e+00,2.048388e+00
1616,5.464436e-19,-1.132894e-05,1.394536e-04,4.850237e-04,9.164591e-01,1.890123e+00,1.204168e+01
1617,9.483549e-18,-7.474144e-06,1.321480e-04,4.901183e-04,-1.545066e-01,7.696756e-01,6.233206e+00
1618,7.420443e-19,-7.944300e-06,1.269532e-04,4.770591e-04,1.119109e-01,-1.098787e+00,-1.382542e+00
1619,1.200943e-17,-2.422671e-05,1.358254e-04,4.984032e-04,4.363398e-02,8.345315e-01,1.674200e+00
1620,3.036835e-16,-1.694916e-06,1.245995e-04,5.154518e-04,5.535946e-01,-2.122702e-02,7.372833e+00
1621,5.102253e-16,-1.711367e-06,1.247158e-04,5.153021e-04,4.570346e-01,-7.507262e-02,7.031800e+00
1622,7.378460e-17,-1.226217e-05,1.400818e-04,5.172050e-04,-1.177947e+00,7.974590e-02,4.503140e+00
1623,2.108758e-16,-1.233683e-05,1.403098e-04,5.169192e-04,-1.188267e+00,2.376159e-01,4.422973e+00
1624,2.255588e-18,-1.171720e-05,1.242216e-04,5.242166e-04,3.799315e-01,-3.384100e-02,3.096476e+00
1625,5.371865e-17,-4.181249e-06,1.484370e-04,5.136176e-04,1.410729e+00,-3.032770e-01,7.189145e+00
1626,9.799067e-18,-2.095310e-05,1.269055e-04,5.131440e-04,1.540771e-01,-1.124039e+00,4.386890e+00
1627,8.400853e-17,1.951858e-06,1.420950e-04,5.193009e-04,-4.787807e-02,3.930563e-01,5.684666e+00
1628,5.799118e-18,1.249598e-05,1.242196e-04,5.203429e-04,-1.960934e-01,-9.944690e-02,9.564781e+00
1629,2.313469e-18,1.090332e-05,1.507049e-04,5.219916e-04,-8.003250e-01,9.139992e-02,9.006125e+00
1630,1.769880e-18,1.020985e-05,1.320889e-04,5.234831e-04,-7.198276e-02,-1.047933e-01,6.293276e+00
1631,2.814800e-18,4.687676e-06,1.468719e-04,5.264133e-04,6.114510e-02,2.568440e-01,5.230173e+00
1632,1.278825e-18,6.250525e-06,1.265637e-04,5.177044e-04,-1.160780e-01,3.293297e-02,6.262953e+00
1633,1.475230e-18,4.164377e-06,1.335016e-04,5.180719e-04,-1.613868e-01,-2.170022e-02,4.543066e+00
1634,3.179462e-18,6.243202e-06,1.265605e-04,5.104912e-04,-4.238664e-01,1.207930e-01,3.448560e+00
1635,9.909973e-19,2.349468e-06,1.359406e-04,5.252806e-04,-1.045247e-01,-1.358301e-03,2.103264e+00
1636,2.693336e-17,1.446049e-06,1.539613e-04,5.012708e-04,-9.257354e-01,-3.572261e+00,8.504854e+00
1637,2.087357e-17,1.170170e-05,1.564998e-04,5.161084e-04,-3.043854e-02,-2.623931e-01,5.803288e+00
1638,1.373367e-17,-2.778477e-07,1.531294e-04,5.154442e-04,4.345792e-01,-6.080835e-03,7.917054e+00
1639,3.359982e-18,1.015216e-05,1.515577e-04,5.090184e-04,-3.497882e-01,-2.008414e+00,4.109204e+00
1640,8.431378e-18,1.242756e-05,1.585914e-04,5.032259e-04,-4.290598e-02,-1.657833e-01,4.568184e+00
1641,1.796533e-18,3.801844e-06,1.617201e-04,5.141335e-04,1.842526e-01,-3.098844e-01,3.213482e+00
1642,3.390194e-18,1.484449e-05,1.718747e-04,5.136081e-04,-1.629499e-01,-1.573014e-01,2.707425e+00
1643,5.341784e-19,1.991854e-05,-6.559885e-05,5.048794e-04,-1.371104e+00,-2.895273e-02,-1.613193e+00
1644,3.005446e-18,1.095634e-05,-6.092815e-05,5.090525e-04,6.523581e-02,3.075982e-01,1.075477e+01
1645,3.580782e-17,1.155139e-05,-5.424021e-05,5.244771e-04,-2.310271e-01,1.042970e+00,8.146183e+00
1646,5.163068e-18,1.256300e-05,-6.012573e-05,5.169842e-04,2.826463e-01,4.233062e-01,9.303170e+00
1647,8.789800e-18,1.722561e-05,-5.183397e-05,5.057729e-04,4.102854e-01,3.220367e+00,6.436558e+00
1648,2.400310e-18,6.245489e-06,-5.702838e-05,5.196482e-04,-4.782157e-02,-1.124218e-01,5.660187e+00
1649,2.954403e-17,9.080728e-06,-6.422703e-05,5.105777e-04,3.095275e-01,1.512238e-01,4.839865e+00
1650,1.127227e-17,1.760696e-05,-6.876965e-05,5.116041e-04,2.567451e-01,4.750324e-02,5.056660e+00
1651,2.112145e-17,3.024740e-06,-5.213269e-05,5.233803e-04,-8.038298e-01,-8.247463e-01,4.791424e+00
1652,3.084135e-18,1.409171e-05,-7.105077e-05,5.021959e-04,6.594698e-01,1.061778e+00,9.932933e-01
1653,1.271548e-16,3.176768e-06,-6.638564e-05,4.916534e-04,8.468999e-01,-9.345378e-01,9.113527e+00
1654,3.157024e-18,2.033199e-05,-4.999502e-05,4.811355e-04,-2.670557e-01,-1.461404e-02,-1.970933e+00
1655,3.300319e-17,1.275488e-05,-6.872254e-05,4.884565e-04,-3.680991e-01,-1.258759e-01,2.365574e+00
1656,2.063005e-17,1.810635e-05,-5.399258e-05,4.878654e-04,-1.126323e-01,1.549541e-02,3.021665e+00
1657,3.882462e-18,7.514786e-07,-6.400530e-05,4.859184e-04,-1.037812e-01,-6.582308e-01,9.944237e+00
1658,1.074740e-17,1.190683e-05,-6.020877e-05,4.985304e-04,5.435556e-01,5.708648e-01,7.683413e+00
1659,5.436219e-17,-1.134732e-06,-5.300812e-05,4.922347e-04,-1.559224e+00,-4.123419e-01,5.436167e+00
1660,2.778061e-18,1.094025e-05,-5.936834e-05,4.912572e-04,3.468635e-02,1.326373e-01,4.308603e+00
1661,1.251391e-18,2.527007e-06,-6.383299e-05,4.813113e-04,-1.813328e+00,-3.025862e-01,7.096483e+00
1662,2.410803e-17,1.070242e-05,-5.622064e-05,4.785487e-04,4.412799e-01,6.967433e-01,2.846449e-01
1663,3.373710e-19,2.735474e-06,-7.382790e-05,4.814729e-04,-7.615838e-01,2.976698e+00,6.129696e+00
1664,4.774769e-18,6.253563e-06,-5.000292e-05,4.931997e-04,2.532639e-01,3.724272e-01,8.334118e-02
1665,1.303695e-17,2.425244e-05,-5.689816e-05,4.966192e-04,-6.732797e-03,-1.111581e-02,1.626719e+00
1666,1.231906e-18,-7.042226e-06,-7.265759e-05,4.931689e-04,6.461880e-01,4.469213e-01,4.075504e-01
1667,5.865958e-17,-6.309508e-06,-6.533293e-05,4.932340e-04,-1.666254e+00,-8.928241e-01,1.631990e+01
1668,3.294301e-17,-1.366646e-05,-6.033668e-05,4.935048e-04,2.227214e+00,-2.151066e+00,6.083023e+00
1669,2.148533e-18,-1.329835e-05,-6.952549e-05,4.974737e-04,4.602126e-02,1.380046e-01,1.121385e+01
1670,3.663743e-18,-1.088764e-05,-5.468378e-05,5.007568e-04,8.575846e-02,5.890802e-02,6.205380e+00
1671,1.497941e-18,-1.159006e-05,-6.541148e-05,4.952365e-04,4.365624e-01,3.658156e-01,5.663857e+00
1672,2.376370e-18,-1.336486e-05,-6.646574e-05,4.935081e-04,-3.365751e-01,8.288290e-02,8.099915e+00
1673,2.754766e-18,-2.734630e-06,-6.790907e-05,4.803181e-04,-2.206866e+00,-3.941797e-01,8.403110e+00
1674,1.298995e-17,-1.531685e-05,-5.488582e-05,4.822270e-04,-2.558476e+00,8.099612e-01,1.800627e+00
1675,2.682290e-18,-1.172424e-05,-7.265305e-05,4.896362e-04,3.102584e-01,-1.644704e-01,6.012610e+00
1676,3.007640e-18,-1.328059e-05,-6.404650e-05,4.803945e-04,-1.534285e-01,9.156421e-01,2.193561e+00
1677,3.176790e-18,-1.562947e-05,-6.562729e-05,4.982183e-04,5.981801e-02,-1.651769e-02,1.324268e+00
1678,1.325434e-17,-2.426251e-05,-6.739075e-05,4.841754e-04,9.369939e-04,-1.213446e-02,1.619403e+00
1679,5.680150e-17,5.857160e-06,-2.657424e-05,5.130809e-04,-1.580789e+00,-9.724911e-03,1.277531e+01
1680,1.142904e-17,1.818897e-05,-2.389570e-05,5.038528e-04,-4.568929e-01,1.040934e+00,9.668292e+00
1681,5.070433e-18,7.025690e-06,-2.500149e-05,5.032749e-04,7.237188e-02,9.391771e-02,1.050513e+01
1682,9.645590e-18,4.085188e-06,-3.167796e-05,5.038301e-04,-2.108578e-01,1.688372e+00,2.191615e+00
1683,2.792331e-18,7.824250e-06,-3.828376e-05,5.022050e-04,1.629429e-01,9.016535e-02,3.172643e+00
1684,2.467516e-18,7.029110e-06,-4.453330e-05,5.226540e-04,3.031320e-02,5.652416e-02,3.427922e+00
1685,1.518259e-17,-2.614791e-10,-4.375029e-05,4.989670e-04,-2.790141e-01,1.627855e-01,2.719275e+00
1686,3.129543e-18,1.875189e-05,-2.811133e-05,4.826331e-04,-1.259296e-01,1.876818e-01,2.187282e+00
1687,4.129002e-18,3.870753e-06,-3.202843e-05,4.986058e-04,1.521584e-01,1.776765e-01,1.798261e+00
1688,7.161079e-18,4.723087e-06,-3.593621e-05,4.876935e-04,-5.675402e-01,3.492056e+00,1.115661e+01
1689,2.890191e-18,4.684240e-06,-3.894467e-05,4.843797e-04,-9.863567e-01,3.022229e-01,9.615927e+00
1690,4.837828e-17,8.402806e-06,-2.351090e-05,4.859276e-04,-1.880050e+00,-2.439209e-01,4.917090e+00
1691,9.118757e-18,7.014015e-06,-2.500086e-05,4.958043e-04,-6.755099e-01,-2.314079e-02,8.392167e+00
1692,2.927606e-17,7.082127e-06,-2.973144e-05,4.915306e-04,-3.731025e-01,2.557359e-01,8.331102e+00
1693,4.833687e-17,1.228176e-05,-4.139555e-05,4.985943e-04,-2.446332e-01,-2.030178e+00,5.001965e+00
1694,7.026959e-17,-1.517255e-07,-4.369506e-05,4.986536e-04,-3.689342e-01,1.096495e-01,2.725389e+00
1695,2.796102e-18,1.171771e-05,-2.893899e-05,4.974601e-04,-2.716185e-01,2.892276e-01,5.501270e+00
1696,7.571572e-19,6.888834e-06,-3.739666e-05,4.884840e-04,3.642128e-01,2.817701e+00,1.224896e+01
1697,1.122886e-18,6.819407e-06,-3.962483e-05,4.847607e-04,-1.066208e-01,-6.506821e-01,8.751473e+00
1698,1.151446e-17,2.425777e-05,-2.876524e-05,4.983628e-04,1.147832e-02,-1.677687e-02,1.629397e+00
1699,3.493261e-18,-7.818211e-07,1.132811e-04,5.293073e-04,-8.264056e-01,6.946442e-01,7.230092e+00
1700,5.626733e-17,-2.845472e-07,1.130752e-04,5.289129e-04,-5.700574e-01,5.932085e-01,6.975240e+00
1701,5.575531e-18,-9.407715e-06,1.171703e-04,5.395805e-04,4.431920e-01,4.628043e-01,6.549440e+00
1702,5.272038e-17,-2.128868e-05,1.047849e-04,5.253219e-04,-9.934180e-01,-8.097862e-01,6.813417e+00
1703,6.908761e-18,-5.465461e-06,1.101590e-04,5.486497e-04,5.271678e-01,4.448184e-01,7.653394e+00
1704,2.058737e-18,-7.858885e-07,1.197228e-04,5.303642e-04,-8.460092e-02,-5.871223e-01,6.180824e+00
1705,3.482112e-17,-5.662887e-06,1.105053e-04,5.484088e-04,5.022653e-01,3.953908e-01,6.234257e+00
1706,2.472059e-18,-1.405475e-05,1.031270e-04,5.423711e-04,-8.795401e-02,2.610027e-02,4.582318e+00
1707,1.034254e-18,7.811068e-07,1.226573e-04,5.418400e-04,-2.669496e-02,1.839598e-01,2.034281e+00
1708,2.665896e-18,-2.109805e-05,1.031237e-04,5.473229e-04,-3.873136e-02,-2.451236e-02,1.349072e-01
1709,4.096927e-17,-1.299606e-05,1.094496e-04,5.128878e-04,9.659123e-02,-3.478624e-01,6.247262e+00
1710,1.789177e-16,-1.294732e-05,1.094630e-04,5.127078e-04,-2.076633e-01,-2.245128e-01,6.213244e+00
1711,3.822157e-17,-1.625818e-05,1.195818e-04,5.086617e-04,-9.422628e-01,-4.552774e-01,8.450895e+00
1712,2.810122e-17,7.361207e-06,1.189189e-04,5.494500e-04,2.139994e+00,6.734717e-01,1.426963e+01
1713,3.030061e-17,1.248060e-05,1.227106e-04,5.419489e-04,-1.317538e-01,-3.982812e-01,1.333193e+01
1714,5.575893e-17,6.556096e-06,1.252975e-04,5.449886e-04,-7.115758e-01,1.795380e+00,1.062330e+01
1715,7.446384e-18,1.812871e-05,1.247084e-04,5.398961e-04,-1.322616e-01,-1.056296e+00,5.570574e+00
1716,2.084852e-18,3.125186e-06,1.234432e-04,5.328944e-04,-2.091323e-02,-2.333036e-03,5.822899e+00
1717,2.439587e-18,1.719897e-05,1.101463e-04,5.315702e-04,-3.444106e-01,2.901894e-01,6.852436e+00
1718,1.083414e-18,1.721067e-05,1.039136e-04,5.377006e-04,3.742789e-02,-8.462112e-02,-1.973660e+00
1719,2.906412e-16,6.799349e-06,1.472069e-04,5.405441e-04,-5.295044e-01,-1.131337e+00,9.583395e+00
1720,3.742663e-16,1.308674e-05,1.312742e-04,5.325411e-04,4.573545e-01,-2.837784e-01,8.478206e+00
1721,2.186113e-17,1.312450e-05,1.477665e-04,5.392634e-04,-2.502332e+00,-9.206572e-01,6.510389e+00
1722,2.367982e-17,1.448880e-05,1.273619e-04,5.489200e-04,2.372905e-01,8.472796e-01,1.005673e+01
1723,3.160157e-17,-8.572026e-06,1.277876e-04,5.426697e-04,-1.183093e+00,4.001803e+00,1.034984e+01
1724,4.089213e-17,-1.604018e-05,1.357355e-04,5.411385e-04,-3.262806e+00,6.001206e-02,7.202974e+00
1725,6.720329e-18,-1.250590e-05,1.308214e-04,5.440999e-04,-2.479104e-02,1.710480e-01,5.615519e+00
1726,6.836688e-18,-2.062147e-05,1.367847e-04,5.363286e-04,5.804522e-01,1.271268e+00,5.816576e+00
1727,5.212151e-18,-1.580156e-06,1.484555e-04,5.324844e-04,-4.679383e-02,8.496456e-02,5.012836e+00
1728,1.413320e-18,-5.410754e-06,1.405658e-04,5.434541e-04,8.161486e-03,-7.151216e-02,3.470181e+00
1729,1.144865e-18,-5.464484e-06,1.406265e-04,5.404801e-04,-2.217448e-02,-2.655982e-02,3.280400e+00
1730,3.237863e-18,1.406290e-05,1.179665e-04,5.256985e-04,-7.033173e-01,3.780211e-01,9.714343e+00
1731,9.564042e-19,8.399413e-06,1.224700e-04,5.239608e-04,6.371744e-01,7.138979e-01,7.017319e+00
1732,7.712555e-18,1.422654e-05,1.179713e-04,5.155167e-04,-6.173483e-01,3.312445e-01,7.472093e+00
1733,6.501509e-18,9.295426e-06,1.074041e-04,5.236425e-04,-7.596434e-01,-5.953866e-01,3.954372e+00
1734,3.716977e-18,1.661339e-05,1.101617e-04,5.120221e-04,7.553036e-01,-2.255418e-01,4.396196e+00
1735,3.220879e-18,8.654646e-06,1.038940e-04,5.057407e-04,-1.940991e-01,1.390504e+00,4.353809e+00
1736,3.386823e-18,7.810791e-06,1.124995e-04,5.105359e-04,-4.180635e-01,-3.965011e-02,4.465652e+00
1737,7.907617e-18,8.593751e-06,1.218566e-04,5.047050e-04,3.503251e-01,-2.034723e-01,4.202828e+00
1738,6.319937e-18,1.850958e-05,1.078113e-04,5.191931e-04,6.922673e-01,4.169242e-01,1.535423e+00
1739,1.142991e-18,-1.279320e-04,-1.349179e-05,4.779689e-04,7.900168e-04,-3.022971e-02,-1.608051e+00
1740,5.971744e-19,-1.496071e-04,1.557019e-05,4.744748e-04,-1.651482e-01,6.063823e-01,-1.965881e+00
1741,1.878908e-17,-1.427198e-04,2.236435e-05,4.810499e-04,2.039019e-01,1.493234e+00,1.739754e+00
1742,1.214319e-18,-1.460172e-04,1.719824e-05,4.768163e-04,-1.439612e+00,4.224399e-01,-3.428117e-04
1743,7.674651e-19,-1.691405e-04,-5.859494e-06,4.740120e-04,1.188610e+00,4.846764e+00,-2.095559e+00
1744,5.519866e-19,-1.574202e-04,-1.875947e-05,4.744755e-04,-4.323664e-01,-4.532628e-01,-4.309762e+00
1745,2.460741e-19,-1.707034e-04,2.734487e-06,4.760154e-04,-1.323648e+00,-1.180160e+00,7.140990e-01
1746,5.252219e-19,-1.585644e-04,1.132838e-05,4.729026e-04,-2.278741e+00,-1.048257e+00,-9.665803e-02
1747,2.492527e-17,1.332003e-05,1.740306e-04,4.985885e-04,-6.575802e-01,3.630735e+00,8.688172e+00
1748,2.114942e-17,-9.454407e-06,1.745443e-04,4.941121e-04,4.448011e+00,3.887901e+00,1.736026e+01
1749,9.187992e-17,1.432972e-05,1.882813e-04,4.861708e-04,-2.663678e-01,-6.441194e-01,2.393508e+00
1750,2.399348e-19,-1.601196e-05,1.824241e-04,5.033257e-04,3.455381e-01,-7.556797e-01,5.169368e+00
1751,1.275213e-18,-2.030932e-05,1.843771e-04,4.854063e-04,-3.368074e-04,-2.487579e-01,-1.021224e+00
1752,2.684301e-18,7.815234e-06,1.773405e-04,4.904664e-04,5.493840e-02,-3.324287e-02,-1.561136e+00
1753,2.008949e-17,-4.167046e-06,1.843521e-04,4.878648e-04,2.816820e+00,-1.301252e+00,3.844779e+00
1754,1.098579e-18,-8.600218e-06,1.953103e-04,4.994021e-04,4.214772e-02,8.660634e-02,2.525276e+00
1755,2.627546e-17,6.350891e-06,1.881377e-04,4.837686e-04,5.983512e-01,5.485770e-01,2.555372e+00
1756,7.668643e-18,-8.599650e-06,1.914142e-04,4.896988e-04,-2.736472e-01,1.195351e-01,1.363655e+00
1757,2.792154e-18,-6.239052e-06,1.929440e-04,4.810816e-04,-1.217864e-01,-1.370290e+00,2.054043e+00
1758,2.799720e-18,2.460977e-05,1.851556e-04,4.909182e-04,4.074104e-02,1.338149e-01,2.873701e+00
1759,4.166610e-17,-6.141212e-06,1.756268e-04,5.047525e-04,-1.289289e+00,-2.808638e+00,1.777930e+01
1760,1.765173e-18,-1.437890e-06,1.852849e-04,4.904018e-04,4.019835e-01,1.009168e-01,2.267396e+00
1761,2.579260e-18,-3.832624e-06,1.789864e-04,4.989074e-04,-1.036290e+00,-1.199629e+00,1.662749e+01
1762,3.194256e-17,-9.458494e-07,1.959036e-04,4.974557e-04,1.944953e+00,3.627926e+00,9.091837e+00
1763,5.155853e-18,-5.408905e-06,1.933521e-04,4.901426e-04,-1.040254e-01,1.445610e+00,6.702248e+00
1764,3.439725e-18,1.557484e-06,1.773478e-04,4.958818e-04,-4.907473e-01,1.549677e+00,1.093019e+01
1765,3.386238e-18,3.126636e-06,1.851532e-04,5.013112e-04,-9.328339e-03,2.610338e-01,6.554562e+00
1766,1.333055e-17,1.368282e-05,1.958340e-04,4.899923e-04,1.659755e-01,-8.842449e-01,4.852496e+00
1767,4.441994e-18,1.574851e-06,1.789311e-04,4.877882e-04,1.935825e-01,2.688765e-01,8.287946e+00
1768,2.216122e-18,8.741629e-06,1.882722e-04,4.781414e-04,2.514963e-01,4.608142e-01,1.254903e+00
1769,7.785582e-18,-3.982840e-06,1.796120e-04,4.921674e-04,2.198256e-01,1.071931e+00,1.188049e+01
1770,2.480052e-18,-1.015495e-05,1.843749e-04,4.942704e-04,1.602401e-01,-1.613390e-01,6.105000e+00
1771,7.657459e-18,-1.719390e-05,1.839831e-04,4.955527e-04,4.224457e-01,-1.355950e-01,3.451209e+00
1772,5.805534e-19,-1.020916e-05,1.847646e-04,4.814854e-04,9.331568e-01,-1.545103e+00,2.393560e+00
1773,9.536863e-18,-3.829569e-06,1.796371e-04,4.845678e-04,-1.163994e+00,-1.395418e+00,8.673208e+00
1774,1.828067e-18,-2.460908e-05,1.859361e-04,4.959365e-04,-9.766862e-02,-4.310472e-02,3.180710e+00
1775,4.423254e-17,-1.795944e-05,1.647268e-04,4.968755e-04,-5.656864e-01,-1.633027e+00,4.121705e+00
1776,3.136476e-17,-1.028573e-06,1.694575e-04,4.906394e-04,-2.526324e+00,2.488711e-01,3.423263e+00
1777,3.486965e-17,-1.005822e-05,1.638416e-04,4.823003e-04,9.417998e-01,1.167564e-01,2.736866e+00
1778,5.078415e-18,-9.503359e-06,1.687505e-04,4.939141e-04,2.104423e-01,-9.931343e-02,1.176216e+01
1779,3.347349e-18,-1.016594e-05,1.687585e-04,4.990458e-04,9.050020e-01,2.219343e-02,1.450738e+01
1780,2.319695e-18,-8.653645e-06,1.657059e-04,5.014300e-04,3.901310e-01,1.065243e-01,8.826005e+00
1781,1.915961e-17,-1.247631e-05,1.626146e-04,4.953845e-04,1.801996e+00,4.133335e-01,7.379418e+00
1782,3.009411e-18,-1.097025e-05,1.640757e-04,5.029666e-04,1.633083e-02,3.239033e-01,1.143875e+01
1783,2.976491e-17,-1.241500e-06,1.640130e-04,4.982782e-04,8.887292e-01,5.532621e-02,9.692646e+00
1784,5.010015e-18,-5.666483e-06,1.663352e-04,4.809461e-04,2.992753e+00,5.461327e-01,4.462611e+00
1785,4.141774e-18,-8.577704e-06,1.648638e-04,4.978361e-04,-2.751783e-01,-4.137645e-01,1.017931e+01
1786,1.159470e-17,-1.127503e-05,1.712588e-04,4.835019e-04,2.085034e+00,1.157943e-01,1.044795e+01
1787,1.358035e-17,-5.253723e-06,1.535379e-04,4.899963e-04,-6.943132e-01,3.762176e-01,3.105567e+00
1788,2.213758e-18,-1.157072e-05,1.642079e-04,4.928291e-04,4.118205e-01,5.491334e-01,1.076759e+01
1789,5.028228e-18,-9.374210e-06,1.578155e-04,4.853756e-04,-9.748468e-02,-1.309355e-01,2.175975e+00
1790,1.067329e-18,-1.642150e-05,1.679688e-04,4.846117e-04,-3.309489e-01,-1.026811e-02,2.228094e+00
1791,1.565856e-18,-1.720075e-05,1.617088e-04,4.853953e-04,2.509918e-02,2.736072e-01,3.095948e+00
1792,1.688470e-17,-2.428419e-05,1.679416e-04,5.004601e-04,4.207292e-01,-2.917676e-01,2.759542e+00
1793,2.010164e-18,-2.218216e-06,1.640686e-04,4.871304e-04,-6.230118e-01,-1.119834e-01,3.819110e+00
1794,4.292797e-18,-2.348924e-06,1.640595e-04,4.829846e-04,-4.484391e-01,1.055576e-01,2.617726e+00
1795,5.049778e-18,-1.017703e-05,1.561286e-04,4.783951e-04,1.548742e-01,1.002399e-01,1.604015e-01
1796,8.435804e-18,-2.431496e-05,1.726405e-04,4.905239e-04,-2.647431e-02,-3.422709e-02,1.787025e+00
1797,2.388870e-18,5.457769e-06,1.664135e-04,4.811116e-04,2.696254e-01,-2.374329e-01,-2.450877e+00
1798,2.265108e-17,1.222881e-05,1.620569e-04,4.850286e-04,-5.044871e-01,1.486594e+00,1.147653e+00
1799,2.084376e-17,3.642327e-06,1.710218e-04,4.813221e-04,-4.152427e+00,-5.368074e-01,4.723740e+00
1800,5.097184e-19,1.483140e-05,1.691411e-04,4.916366e-04,-1.470870e+00,5.569425e-01,5.493533e+00
1801,3.155420e-18,1.487828e-05,1.671927e-04,4.858026e-04,6.878618e-01,-7.927979e-01,3.359439e+00
1802,2.459561e-19,5.078410e-06,1.707034e-04,4.775807e-04,-3.527429e+00,7.083570e-01,5.366139e+00
1803,4.906867e-19,3.910107e-06,1.613280e-04,4.814756e-04,-6.049763e-01,-3.702341e-02,3.105050e+00
1804,1.235019e-18,1.484291e-05,1.691397e-04,4.780341e-04,8.327386e-01,8.560983e-01,-5.906905e-02
1805,3.511366e-18,1.562923e-05,1.687444e-04,4.959241e-04,9.369676e-02,-1.938737e-01,1.909746e-01
1806,3.011805e-18,2.428851e-05,1.695299e-04,4.881281e-04,7.445264e-02,-4.164119e-02,1.370943e+00
1807,3.993862e-18,2.460929e-05,1.585960e-04,4.836091e-04,1.137825e-02,6.993459e-03,2.784592e+00
1808,7.367720e-18,-7.028446e-06,-1.429702e-04,5.211726e-04,1.467897e+00,-1.261664e+00,1.252490e+01
1809,1.967426e-17,-1.305832e-05,-1.461053e-04,5.249375e-04,1.011078e+00,-7.841323e-01,1.587246e+01
1810,6.475805e-17,-7.570254e-06,-1.435426e-04,5.211310e-04,1.652270e+00,-1.091227e+00,1.097666e+01
1811,4.936578e-17,2.460415e-06,-1.411867e-04,5.160763e-04,-1.116278e-01,2.293105e-01,6.893094e+00
1812,3.337727e-18,-3.122580e-06,-1.265586e-04,5.097331e-04,3.822588e-01,-2.870775e-01,1.140478e+01
1813,3.657794e-18,-1.324575e-05,-1.281581e-04,5.119758e-04,9.363891e-01,-8.827366e-01,6.317519e+00
1814,6.462823e-18,-1.641746e-05,-1.421532e-04,5.232303e-04,2.919248e-01,7.899895e-03,5.549998e+00
1815,1.302855e-18,-2.340141e-06,-1.335951e-04,5.214819e-04,8.035292e-02,-1.092325e-01,3.628420e+00
1816,2.677381e-18,-3.902409e-06,-1.351539e-04,5.158038e-04,5.092257e-03,-3.427812e-02,3.995261e+00
1817,1.510400e-17,-7.999304e-07,-1.400698e-04,5.233605e-04,1.101308e+00,5.839925e-01,1.544521e+00
1818,2.918992e-17,-1.619198e-05,-1.421986e-04,5.464957e-04,3.650011e-01,1.703129e-01,7.631847e+00
1819,1.724258e-17,-2.983990e-06,-1.305404e-04,5.486174e-04,9.077056e-01,-7.787658e-02,8.900367e+00
1820,2.692571e-18,-7.799082e-06,-1.304792e-04,5.316078e-04,-5.337078e-02,4.821162e-02,6.526055e+00
1821,4.340929e-18,-1.562308e-05,-1.335965e-04,5.327671e-04,2.500148e-01,2.139218e-02,6.142346e+00
1822,1.198698e-18,-2.351094e-06,-1.383088e-04,5.496788e-04,6.273009e-01,-4.015477e-01,1.704715e+01
1823,4.456142e-17,1.772915e-05,-1.417853e-04,5.138048e-04,1.184003e+00,5.433232e-01,1.932317e+00
1824,9.496105e-18,7.478523e-06,-1.257826e-04,5.065190e-04,-5.834762e-02,3.237483e-02,6.385158e+00
1825,4.112201e-18,8.333643e-06,-1.390626e-04,5.070365e-04,3.410773e-02,-7.115280e-02,2.127433e+00
1826,6.943684e-18,2.347229e-06,-1.334066e-04,5.321857e-04,2.822226e-02,-1.547115e-02,3.969961e+00
1827,4.470381e-18,3.117961e-06,-1.414030e-04,5.461529e-04,-1.883792e-01,5.827117e-02,5.110294e+00
1828,1.327877e-16,-4.029790e-06,-1.304965e-04,4.876265e-04,4.543181e-01,4.713585e-01,2.159630e+00
1829,8.686392e-17,2.365247e-05,-1.382886e-04,4.914625e-04,-1.890044e-02,1.840468e-03,7.191444e-01
1830,7.634088e-18,1.719266e-05,-1.351551e-04,4.850099e-04,1.440803e+00,-7.076109e-01,7.431667e-01
1831,7.111905e-17,1.735083e-05,-1.356963e-04,4.851928e-04,1.454250e+00,-5.934267e-01,7.840405e-01
1832,3.448795e-17,6.401519e-06,-1.381967e-04,4.810695e-04,2.357597e-01,-1.540268e-01,-3.371766e-01
1833,1.330664e-17,7.278252e-06,-1.383069e-04,4.910870e-04,-8.265628e-01,9.406442e-02,9.250950e-01
1834,5.240404e-19,2.872279e-08,-1.332031e-04,4.806889e-04,1.251627e+00,1.267603e+00,-8.232958e-01
1835,3.362685e-18,-1.327915e-05,-1.281266e-04,4.967216e-04,5.833719e-01,-5.904131e-01,1.451910e+00
1836,2.867230e-18,2.351222e-06,-1.414105e-04,4.825913e-04,2.835935e-01,-1.994623e-02,1.398888e-01
1837,4.880348e-17,3.455029e-06,-1.278004e-04,4.969415e-04,4.718847e-01,6.570848e-02,5.057280e+00
1838,2.496026e-17,2.660146e-06,-1.470432e-04,4.929425e-04,4.688221e-01,-5.250736e-01,4.298641e+00
1839,2.761748e-17,5.400163e-06,-1.432952e-04,4.825389e-04,-4.338448e-01,1.063125e+00,4.081103e+00
1840,2.324123e-18,2.337148e-06,-1.414090e-04,4.958434e-04,2.372970e-01,8.126899e-02,3.301905e+00
1841,1.605773e-18,7.817135e-06,-1.304516e-04,4.923899e-04,5.440894e-02,8.246645e-02,-6.751571e-01
1842,1.032824e-18,2.335634e-06,-1.273465e-04,4.799146e-04,5.713429e-01,4.224282e-01,-1.414743e-01
1843,1.046993e-17,2.428286e-05,-1.398790e-04,4.985496e-04,4.769461e-02,2.073390e-02,1.731268e+00
1844,2.424403e-19,-1.211187e-05,-1.480471e-04,4.822748e-04,-1.720702e+00,9.229982e-01,4.311244e+00
1845,4.314354e-18,-1.249602e-05,-1.507713e-04,4.932877e-04,2.681194e-01,4.742924e-01,9.931681e+00
1846,6.781528e-18,-1.484430e-05,-1.470492e-04,4.893926e-04,-1.019217e+00,1.280261e+00,1.000325e+01
1847,3.744345e-18,-1.327126e-05,-1.413911e-04,4.930184e-04,-9.797707e-01,-5.623981e-01,3.676128e+00
1848,2.264322e-18,-9.385934e-06,-1.498513e-04,4.863947e-04,4.576895e-02,8.952828e-01,3.485484e+00
1849,1.103102e-17,-9.434437e-06,-1.394521e-04,4.915315e-04,1.450619e-01,-5.349085e-02,3.199670e+00
1850,2.178112e-17,-4.153436e-06,-1.484599e-04,4.909935e-04,-6.278013e-01,-4.497070e-01,1.975644e+00
1851,8.086230e-18,-1.247079e-05,-1.499891e-04,4.881342e-04,-5.098423e-02,2.665524e-01,7.780437e+00
1852,1.626148e-18,-9.374386e-06,-1.351345e-04,4.838245e-04,1.678810e-01,4.926413e-01,2.898876e+00
1853,7.539140e-19,-1.642589e-05,-1.488310e-04,4.978821e-04,-2.487326e-01,-8.924336e-01,1.324420e+01
1854,5.345679e-18,-2.441150e-05,-1.429694e-04,4.867144e-04,-7.312063e-02,-1.446524e-02,2.169769e+00
1855,2.131809e-17,9.046911e-06,-1.141473e-04,5.225650e-04,-1.047850e+00,1.377971e+00,1.409994e+01
1856,6.950218e-19,1.017719e-05,1.996105e-04,4.736833e-04,-4.583526e-01,6.969437e-01,1.198651e+00
1857,1.254074e-18,1.176429e-05,2.066412e-04,4.751603e-04,-1.854090e+00,-1.599562e+00,1.918153e+00
1858,9.849723e-19,7.422223e-06,2.037502e-04,4.746722e-04,3.906739e-01,-3.149694e-01,3.032809e-01
1859,2.342436e-18,-1.266374e-05,2.046956e-04,4.747247e-04,5.576720e-01,1.438042e+00,-3.831901e+00
1860,4.042095e-19,-3.515635e-06,2.050779e-04,4.713289e-04,-1.304669e-01,-1.522249e+00,-2.568843e+00
1861,2.511202e-19,-3.516377e-06,1.808593e-04,4.744540e-04,-6.306210e-01,1.434525e+00,7.232742e-01
1862,5.298108e-19,1.566076e-05,1.910150e-04,4.768215e-04,1.195730e+00,-8.832129e-01,-1.178119e+00
1863,6.367691e-19,1.643766e-05,1.894529e-04,4.713465e-04,-4.095627e-01,-2.294041e+00,-4.318570e+00
1864,2.290191e-17,2.369644e-05,2.317702e-04,4.972441e-04,9.721103e-01,4.580941e-01,1.493119e+00
1865,6.369030e-17,2.326999e-05,2.317242e-04,4.974791e-04,1.225948e+00,2.611308e-01,1.938174e+00
1866,7.629251e-18,-2.421883e-05,2.421870e-04,4.959398e-04,3.717292e-02,-1.621114e-01,1.315322e+00
1867,3.917543e-17,-2.383023e-05,2.424060e-04,4.957317e-04,-3.209460e-02,-9.328278e-02,9.099548e-01
1868,1.211350e-16,-1.349506e-05,2.423389e-04,4.885889e-04,-1.485091e-01,5.127204e-01,6.727827e+00
1869,5.674644e-19,7.919409e-07,2.496095e-04,4.806910e-04,3.609926e-01,1.156294e-01,-3.177673e+00
1870,8.873955e-18,-1.638489e-05,2.359560e-04,4.870659e-04,-4.771562e-01,-6.366726e-01,1.283300e+00
1871,4.129228e-18,8.599643e-06,2.295483e-04,4.950732e-04,-8.884836e-02,1.978355e-01,2.701978e-01
1872,1.358211e-17,8.869928e-06,2.367426e-04,4.914634e-04,-1.057665e+00,3.348687e-02,-7.114497e-01
1873,4.208410e-18,-1.814316e-06,2.265312e-04,5.012760e-04,-1.043922e+00,1.520951e+00,8.925974e+00
1874,2.296755e-17,-9.505160e-06,2.330674e-04,5.004677e-04,1.152211e+00,1.364820e-02,7.818149e+00
1875,4.102435e-17,-9.681712e-06,2.374684e-04,4.838977e-04,-1.751374e+00,-5.665703e-01,7.925645e+00
1876,7.479182e-19,-2.148599e-05,2.496089e-04,5.014752e-04,-3.265118e+00,7.596483e-01,2.514802e+01
1877,3.756045e-17,9.590500e-07,2.299514e-04,4.857296e-04,-2.836073e+00,-1.576868e+00,5.350095e+00
1878,1.233234e-17,-1.862738e-05,2.496095e-04,4.918086e-04,-1.248833e+00,5.884673e-01,1.738482e+01
1879,1.558497e-17,-7.988985e-06,2.279878e-04,5.001397e-04,6.022161e-01,-5.210684e-01,6.044583e+00
1880,9.524913e-19,-1.313126e-05,2.334680e-04,4.892873e-04,-6.474637e-01,-4.634330e-01,4.745097e+00
1881,2.761222e-18,-1.551950e-06,2.265612e-04,4.810374e-04,6.427800e-02,2.384224e-01,2.823839e+00
1882,1.554416e-18,-1.484028e-05,2.496103e-04,4.850655e-04,-8.077314e-01,7.794698e-03,5.582859e-01
1883,1.343489e-17,-7.803855e-07,2.265591e-04,4.938961e-04,-1.584658e-01,-8.243035e-02,8.003508e+00
1884,8.751991e-18,-1.632386e-05,2.496095e-04,4.785035e-04,-2.498306e-01,3.917746e-01,6.147958e+00
1885,1.273920e-17,-5.356187e-06,2.468708e-04,4.937182e-04,-9.698566e-02,-8.346577e-02,2.428386e+00
1886,1.152602e-18,-8.580781e-06,2.289156e-04,4.853807e-04,2.378634e-01,1.835152e-01,1.763304e+00
1887,1.004814e-17,-2.420618e-05,2.492089e-04,4.908950e-04,1.520999e-01,1.548243e-03,2.346564e+00
1888,5.184556e-19,-4.713604e-06,2.496103e-04,4.908227e-04,3.726939e-02,1.547685e-01,2.174740e+00
1889,2.162494e-17,1.684170e-05,2.460393e-04,4.880098e-04,-4.447351e-01,-5.762878e-01,6.930628e+00
1890,1.339286e-18,1.563765e-05,2.496095e-04,4.919603e-04,2.421749e-01,1.186736e-01,6.715155e+00
1891,2.769135e-18,1.641157e-05,2.496107e-04,4.978773e-04,2.811143e-01,5.093547e-02,8.674489e+00
1892,3.138668e-17,5.305325e-06,2.375286e-04,4.819052e-04,-1.944271e-01,-5.252278e-01,6.578464e+00
1893,2.204567e-18,8.399104e-07,2.327544e-04,4.808966e-04,-2.822220e+00,-1.382567e+00,3.950239e+00
1894,2.415568e-19,1.171947e-06,2.332032e-04,4.791350e-04,1.803150e+00,-3.093504e+00,4.442415e+00
1895,1.413291e-17,1.639272e-05,2.405801e-04,4.780199e-04,-7.341165e-01,2.658214e-01,1.628627e+00
1896,4.172951e-18,1.252926e-05,2.265662e-04,4.964144e-04,7.635650e-02,7.235599e-02,2.025485e+00
1897,6.335172e-19,1.953190e-06,2.332031e-04,4.779486e-04,2.678664e+00,-1.043329e+00,4.233298e+00
1898,6.340822e-19,7.904201e-07,2.292968e-04,5.001446e-04,-1.855446e-02,-7.141663e-01,1.346044e+01
1899,5.300023e-19,3.906345e-07,2.285158e-04,4.950522e-04,-6.203224e-01,4.166333e-01,7.726631e+00
1900,4.828345e-18,8.099400e-07,2.297102e-04,4.928913e-04,-1.311292e-01,4.938177e-01,8.528766e+00
1901,8.421295e-19,-6.115561e-06,2.261725e-04,4.742073e-04,-7.478923e-01,-1.351146e+00,2.940306e+00
1902,2.604500e-19,-3.906875e-07,2.324219e-04,4.728883e-04,-3.038672e+00,-7.729876e-01,-1.419277e+00
1903,1.025987e-18,-2.473153e-06,2.365828e-04,4.767965e-04,-1.984350e-01,-3.116601e-01,9.418065e-01
1904,2.432005e-19,3.906398e-07,2.332031e-04,4.752313e-04,-4.841927e-01,-8.912054e-01,1.812683e+00
1905,5.665142e-19,5.079017e-06,2.386723e-04,4.748804e-04,8.555241e-01,2.150174e+00,1.678426e+00
1906,5.562027e-19,4.298491e-06,2.382592e-04,4.736762e-04,-2.004421e+00,1.529994e+00,3.344790e-02
1907,6.968713e-19,3.517008e-06,2.378905e-04,4.725466e-04,-1.496329e+00,-7.239518e-01,-2.779413e+00
1908,2.602947e-19,1.757779e-05,2.417984e-04,4.744701e-04,-4.844290e-02,6.379026e-01,-3.152597e-01
1909,2.447252e-19,1.757768e-05,2.410153e-04,4.721273e-04,1.246124e+00,1.363188e+00,-1.622517e+00
1910,1.744138e-17,-9.903006e-05,6.489976e-06,5.006853e-04,-3.248668e-01,-1.664691e+00,1.750038e+00
1911,3.828080e-17,-1.104899e-04,1.979916e-05,4.953528e-04,1.306366e+00,1.834638e+00,9.971249e+00
1912,3.392783e-18,-1.226571e-04,1.406939e-05,4.966740e-04,1.645923e-01,-1.887372e-01,7.411640e-01
1913,2.699669e-17,-1.033761e-04,1.728937e-05,5.022357e-04,2.347421e+00,1.619273e+00,1.519094e+01
1914,3.711711e-17,-1.151366e-04,1.355439e-05,4.934930e-04,1.854071e+00,3.311825e-01,1.008223e+01
1915,3.599223e-17,-1.070556e-04,8.001414e-06,4.915492e-04,6.400823e-01,1.321531e+00,8.483093e+00
1916,3.936897e-18,-1.070508e-04,1.641401e-05,4.947837e-04,2.756117e-01,-1.919449e-01,1.274247e+01
1917,8.494353e-17,-1.097049e-04,1.231469e-05,5.053303e-04,-6.457338e-01,-1.311873e+00,1.168431e+01
1918,2.611271e-18,-9.993807e-05,2.025938e-05,4.874165e-04,6.309364e-01,3.248074e-01,7.221888e+00
1919,5.284056e-18,-1.078137e-04,7.094752e-06,4.867188e-04,-9.812451e-01,-3.291657e-01,1.167616e+01
1920,4.707140e-18,-1.046852e-04,1.406125e-05,4.930990e-04,-6.455465e-02,-3.126427e-01,8.913534e+00
1921,3.721316e-18,-1.132752e-04,5.370549e-06,5.023805e-04,2.048795e-02,-3.977501e+00,2.698328e+01
1922,2.428274e-19,-1.136711e-04,5.860198e-06,4.993923e-04,-1.276274e+00,-2.410432e+00,2.402796e+01
1923,4.549218e-18,-1.093376e-04,1.409846e-05,4.863271e-04,-9.794028e-02,-2.757107e-01,4.549740e+00
1924,5.558508e-19,-1.046837e-04,1.445417e-05,4.955263e-04,1.228766e-01,-6.477534e-03,8.245503e+00
1925,3.788969e-18,-1.132007e-04,6.961622e-06,4.966939e-04,2.796762e-02,-1.039385e+00,2.047214e+01
1926,4.076291e-18,-1.162991e-04,1.346596e-05,4.887903e-04,1.559728e-01,3.659651e-01,1.205696e+01
1927,1.087441e-18,-1.118531e-04,1.698805e-05,4.947652e-04,7.347202e-01,3.789131e+00,3.130190e+00
1928,1.108262e-18,-1.070789e-04,1.679917e-05,4.889047e-04,-1.546710e+00,-2.485132e-01,9.434582e+00
1929,9.359537e-19,-1.183601e-04,1.345070e-05,4.859001e-04,1.563896e-01,4.872925e-01,1.225674e+01
1930,6.027951e-19,-1.175786e-04,1.333415e-05,4.869516e-04,5.577405e-01,-1.273641e-01,1.305278e+01
1931,2.266425e-18,-1.179537e-04,1.330197e-05,4.836741e-04,6.971175e-01,6.010773e-01,1.009266e+01
1932,2.700382e-18,-1.046854e-04,1.406492e-05,4.857499e-04,-3.883629e-01,1.033845e-01,5.433459e+00
1933,1.532237e-18,-1.071533e-04,1.679713e-05,4.831541e-04,-1.850085e-01,1.791879e-02,5.465722e+00
1934,2.672047e-18,-1.070960e-04,5.439619e-06,4.809726e-04,-1.260258e+00,1.429437e+00,6.551371e+00
1935,2.464199e-19,-1.074232e-04,1.601273e-05,4.814920e-04,9.407042e-01,-2.472344e-01,5.403418e+00
1936,4.955756e-18,-1.046857e-04,1.405683e-05,4.815368e-04,1.912410e-01,2.121141e-01,4.670665e+00
1937,2.581463e-18,-1.132915e-04,1.797182e-05,4.796183e-04,-1.494196e-01,3.874996e-01,2.661883e+00
1938,3.383897e-18,-1.038741e-04,1.011929e-05,5.022514e-04,-5.037669e-01,3.242161e-01,4.090488e-01
1939,9.323955e-18,-9.308441e-05,1.369178e-05,4.897670e-04,1.258808e+00,5.110261e-02,-2.289068e+00
1940,2.050278e-17,-8.712326e-05,1.170074e-05,4.968681e-04,-5.841032e-01,-5.020405e-01,1.937709e+01
1941,8.233241e-18,-7.610767e-05,1.395793e-05,4.942147e-04,1.600085e+00,8.012119e-01,2.923321e+00
1942,1.404492e-18,-7.656932e-05,1.250174e-05,4.814955e-04,-2.665260e-01,-8.057990e-02,-1.611702e+00
1943,5.065690e-17,-9.623891e-05,2.027033e-05,4.880436e-04,1.653611e+00,2.939836e-01,5.059127e+00
1944,7.597323e-17,-7.593652e-05,1.176928e-06,4.795965e-04,-8.760091e-01,2.345699e+00,2.780922e-01
1945,3.042285e-18,-9.218683e-05,2.379186e-06,4.950785e-04,5.878757e-03,-1.310968e-02,3.742117e+00
1946,1.294290e-17,-8.068725e-05,1.446431e-05,4.869195e-04,6.128511e-02,-2.178596e-01,3.727158e+00
1947,3.350543e-18,-9.765669e-05,4.688288e-06,4.935559e-04,2.430682e-02,-1.466146e-01,3.641942e+00
1948,2.749107e-17,-9.261064e-05,2.397011e-05,4.838978e-04,-1.448129e+00,2.035553e+00,3.418081e+00
1949,4.067320e-18,-8.827151e-05,7.644107e-06,4.927146e-04,-1.257785e-01,6.761554e-01,4.675178e+00
1950,1.059955e-18,-8.669971e-05,1.172591e-05,4.892847e-04,-5.838887e-01,-1.434878e+00,1.397704e+01
1951,2.386620e-19,-8.711029e-05,1.211097e-05,4.830452e-04,3.050300e-01,-6.850243e-01,7.812027e+00
1952,7.505375e-19,-8.710927e-05,1.132889e-05,4.814779e-04,8.947024e-01,6.432357e-01,5.850247e+00
1953,1.947627e-18,-8.678450e-05,1.333753e-05,4.764942e-04,5.980177e-01,5.327776e-01,2.966376e+00
1954,1.835986e-18,-8.655655e-05,1.160916e-05,4.784510e-04,6.396556e-01,-6.613106e-01,2.904003e+00
1955,2.176704e-17,-8.600356e-05,2.413696e-05,4.978034e-04,5.684702e-02,-8.164689e-03,1.436106e+00
1956,1.863557e-17,-9.702842e-05,-2.298801e-05,4.994245e-04,3.430188e-01,-5.153892e+00,2.065281e+01
1957,1.824972e-17,-8.460444e-05,-2.266152e-05,4.888911e-04,-2.671583e+00,-2.024570e+00,7.719562e+00
1958,1.687963e-17,-8.065126e-05,-1.603161e-05,4.994412e-04,-1.325575e+00,-9.678010e-01,6.334153e+00
1959,3.224017e-18,-9.680945e-05,-2.099020e-05,4.946907e-04,-7.725566e-01,-3.950041e+00,1.899755e+01
1960,5.138519e-19,-8.750421e-05,-1.211009e-05,4.924047e-04,-1.889442e-01,3.408322e-01,6.149874e+00
1961,1.737414e-17,-9.681475e-05,-1.652977e-05,4.832954e-04,9.700306e-02,-3.970152e-01,9.164974e+00
1962,2.415085e-18,-8.038305e-05,-1.962351e-05,4.810174e-04,-6.859464e-01,8.702879e-01,4.899576e+00
1963,3.738922e-18,-7.499955e-05,-1.406780e-05,4.974769e-04,-5.194050e-01,1.692824e-01,6.973336e+00
1964,7.797777e-18,-9.217572e-05,-1.407295e-05,5.002367e-04,8.688605e-01,6.352706e-01,6.232661e+00
1965,3.063028e-18,-8.749229e-05,-5.487295e-06,4.904206e-04,-1.320699e-01,2.914460e-01,3.011008e+00
1966,1.169133e-18,-9.683180e-05,-1.992263e-05,4.920287e-04,-1.601524e+00,-2.274512e+00,1.695845e+01
1967,4.853592e-18,-7.812611e-05,-1.172594e-05,5.004715e-04,2.265465e-01,8.319675e-01,5.023949e+00
1968,2.154715e-18,-8.750721e-05,-4.512098e-06,4.801714e-04,-3.908883e-01,2.371073e+00,1.487373e+00
1969,2.490607e-18,-9.139414e-05,-1.800649e-05,5.006255e-04,6.648811e-02,4.073391e-01,3.755506e+00
1970,1.293684e-18,-7.499484e-05,-1.406480e-05,4.830489e-04,-9.361324e-02,-1.670944e-01,1.260564e+00
1971,3.030986e-17,-1.161712e-04,4.051074e-06,5.111818e-04,-3.340379e+00,-5.278098e+00,3.095474e+01
1972,3.629676e-17,-1.271478e-04,2.881438e-06,5.064565e-04,1.049954e+00,-8.916582e-01,6.358356e+00
1973,7.462661e-18,-1.244389e-04,2.206014e-05,5.229132e-04,4.597148e-01,5.622263e-01,-1.047189e+00
1974,2.617215e-18,-1.148522e-04,4.584574e-06,5.059667e-04,-1.589193e+00,-5.216364e+00,3.027432e+01
1975,4.400549e-18,-1.039037e-04,7.335565e-06,5.249503e-04,-1.520887e-02,7.739295e-01,7.306744e+00
1976,4.524142e-18,-1.263491e-04,2.339449e-06,5.247716e-04,-6.031482e-01,-9.028310e-02,6.990856e+00
1977,1.257170e-17,-1.105722e-04,1.096724e-05,5.092503e-04,1.967906e+00,1.031774e-01,3.899132e+00
1978,4.161489e-18,-1.179685e-04,1.560338e-06,5.214357e-04,2.292223e-01,-1.756939e-02,4.053836e+00
1979,1.351278e-18,-1.054729e-04,2.350261e-06,5.123859e-04,-1.394946e-01,7.893636e-03,4.188983e+00
1980,4.212295e-18,-1.132631e-04,1.287287e-05,5.083307e-04,7.698677e-01,-1.928928e+00,6.010497e+00
1981,7.053039e-18,-1.565362e-06,-2.492185e-04,5.293645e-04,2.792189e-01,4.422395e-02,5.236124e+00
1982,3.065562e-17,-1.580087e-06,-2.489602e-04,5.293395e-04,2.323810e-01,-9.084721e-02,5.269265e+00
1983,1.950677e-17,-1.548351e-06,-2.410002e-04,5.113372e-04,1.074200e+00,-3.578925e+00,3.016135e+01
1984,3.983672e-17,6.247864e-07,-2.276722e-04,5.117393e-04,-3.066931e-01,-2.345987e-01,1.283903e+01
1985,8.257124e-17,1.582440e-06,-2.487965e-04,5.023278e-04,2.560221e-01,9.349902e-02,7.969088e+00
1986,1.126019e-16,-3.835887e-06,-2.486672e-04,5.122570e-04,-1.161701e-01,3.242503e-02,6.515422e+00
1987,2.765490e-16,1.263088e-05,-2.365959e-04,5.172602e-04,3.555799e-01,-1.174523e+00,1.689297e+01
1988,3.889780e-18,1.176956e-05,-2.312470e-04,5.255170e-04,-7.554805e-01,-4.477511e-02,2.374245e+01
1989,3.765479e-17,2.159595e-05,-2.300599e-04,5.486857e-04,4.227343e+00,5.191920e-01,3.045012e+01
1990,9.937843e-18,1.184298e-05,-2.312417e-04,5.191100e-04,1.055985e+00,-4.432420e-01,2.133978e+01
1991,3.930238e-17,3.392016e-06,-2.489925e-04,5.406795e-04,-2.589184e-01,-1.543891e-02,5.819795e+00
1992,1.311613e-16,7.624239e-06,-2.326563e-04,5.450583e-04,3.683989e-01,-4.174270e-01,1.315984e+01
1993,6.328257e-18,1.877812e-05,-2.312542e-04,5.413259e-04,3.117053e+00,5.420351e-01,2.887547e+01
1994,4.721658e-17,7.839506e-06,-2.404489e-04,5.364413e-04,-3.458236e-01,4.484475e-01,1.535628e+01
1995,2.341527e-17,1.816142e-05,-2.491363e-04,5.482275e-04,2.465312e+00,-9.527334e-02,1.182801e+01
1996,6.784878e-17,2.208749e-05,-2.489822e-04,5.290420e-04,4.248244e+00,2.151067e-03,1.072403e+01
1997,1.973855e-17,1.192431e-05,-2.433962e-04,5.227643e-04,1.813606e+00,-2.102052e+00,1.033910e+01
1998,1.624164e-17,2.331969e-06,-2.339085e-04,5.141512e-04,-5.112752e-02,-5.072889e-01,1.090430e+01
1999,1.005268e-18,7.020455e-06,-2.414038e-04,5.170136e-04,-1.103267e-01,-1.615631e-01,8.576319e+00
2000,5.099034e-19,6.643063e-06,-2.417939e-04,5.105599e-04,-9.363289e-01,-2.098040e-01,7.716932e+00
2001,3.506773e-18,1.493967e-06,-2.273520e-04,5.030600e-04,-1.049666e-01,2.728876e-01,9.387131e+00
2002,5.384535e-18,7.031297e-06,-2.414054e-04,5.013266e-04,-2.902905e-02,9.416940e-02,7.427957e+00
2003,5.465062e-18,3.247899e-06,-2.375034e-04,5.094289e-04,3.894104e-01,3.124357e-02,9.053725e+00
2004,2.601682e-18,1.016554e-05,-2.312536e-04,5.143151e-04,-1.653668e-01,-1.006053e-01,1.870519e+01
2005,3.846166e-18,1.757211e-05,-2.496099e-04,5.132305e-04,3.704369e-01,-5.247653e-02,5.821852e+00
2006,2.921003e-18,1.094726e-05,-2.445314e-04,5.120425e-04,-2.554118e-01,1.144537e-01,5.063532e+00
2007,9.306735e-18,3.581647e-06,-2.358737e-04,5.262581e-04,9.609975e-01,2.242640e-02,6.566700e+00
2008,6.788650e-18,1.094607e-05,-2.471214e-04,5.042278e-04,-1.709445e-01,1.841135e-01,4.736053e+00
2009,7.978667e-19,7.973219e-06,-2.496094e-04,5.065750e-04,9.258861e-02,-1.478350e-01,3.969701e+00
2010,2.601094e-18,1.015022e-05,-2.496109e-04,5.184923e-04,-2.001234e-01,-6.863977e-02,5.679755e+00
2011,7.276059e-18,1.706730e-05,-2.493252e-04,5.046704e-04,3.732966e-03,-1.760123e-01,4.810833e+00
2012,2.441262e-19,1.835817e-05,-2.410177e-04,5.064214e-04,-4.858887e-01,1.139137e-01,2.324651e+00
2013,4.519000e-18,1.015825e-05,-2.312596e-04,5.101706e-04,-4.783453e-01,-9.520498e-02,1.755995e+01
2014,2.990855e-19,1.210838e-05,-2.371084e-04,5.025349e-04,1.910804e+00,-1.408847e+00,1.099157e+01
2015,2.994118e-18,1.017030e-05,-2.324171e-04,5.376875e-04,2.843848e-01,-4.378848e+00,6.409061e+00
2016,4.669254e-18,1.093986e-05,-2.406324e-04,5.399587e-04,1.119637e-01,-4.071318e-02,9.668388e+00
2017,2.394289e-18,1.640296e-05,-2.398479e-04,5.403125e-04,6.866234e-02,-8.469171e-02,7.078069e+00
2018,1.990857e-18,1.088698e-05,-2.444725e-04,5.302375e-04,-4.755491e-02,1.429747e-01,6.035413e+00
2019,1.497400e-18,1.484585e-05,-2.496105e-04,5.323083e-04,-7.590898e-02,-1.329183e-01,6.889924e+00
2020,3.271635e-18,1.718507e-05,-2.460811e-04,5.308955e-04,-2.662744e-01,4.821845e-02,6.188958e+00
2021,9.700297e-17,-7.553851e-06,-2.442839e-04,5.322696e-04,7.468487e-01,1.522658e-01,1.054539e+01
2022,4.985259e-18,-3.102685e-06,-2.397628e-04,5.063950e-04,-8.428081e-02,-2.448442e+00,2.983050e+01
2023,2.347875e-17,-1.710136e-05,-2.414164e-04,5.375373e-04,-4.358731e-01,-2.106565e+00,7.210061e+00
2024,2.632675e-18,-7.036081e-06,-2.468758e-04,5.395166e-04,-9.904603e-02,-1.634773e-02,3.223014e+00
2025,3.963434e-17,-6.339034e-06,-2.268327e-04,5.141309e-04,8.036829e-01,1.200160e+00,1.592502e+01
2026,2.312089e-18,-9.376086e-06,-2.421974e-04,5.196807e-04,-8.491688e-02,-1.135466e-02,8.697397e+00
2027,3.023703e-17,-8.136314e-06,-2.273280e-04,5.230736e-04,-3.169662e-01,1.417601e+00,5.619848e+00
2028,8.716437e-18,-7.602454e-06,-2.289152e-04,5.030855e-04,-2.031281e-01,1.086960e+00,1.042539e+01
2029,2.064320e-17,-1.631285e-05,-2.459903e-04,5.218534e-04,3.024189e-01,-7.847097e-01,4.299125e+00
2030,1.369507e-17,-3.711805e-06,-2.405734e-04,5.198732e-04,8.912819e-01,-4.600819e-01,5.014992e+00
2031,3.187775e-18,-9.374400e-06,-2.421818e-04,5.029287e-04,9.144622e-02,1.433194e-02,2.731294e+00
2032,5.020542e-18,-1.642890e-05,-2.416299e-04,5.021552e-04,1.046463e+00,-1.351554e+00,-1.068417e+00
2033,1.542563e-18,-2.343863e-05,-2.496107e-04,5.158630e-04,1.103463e-01,-1.213180e-01,1.464682e+00
2034,1.079889e-18,-1.560912e-05,-2.496097e-04,5.204589e-04,1.472763e-01,-1.679081e-01,-6.811990e-02
2035,1.349996e-18,-3.893788e-06,-2.359405e-04,5.055593e-04,-2.159449e-02,-7.357496e-02,8.399056e-01
2036,2.956741e-18,-1.407877e-05,-2.265805e-04,5.020938e-04,-2.209458e-01,-6.420430e-01,-3.791898e-01
2037,6.378587e-17,-6.369029e-06,-2.046704e-04,5.195804e-04,-8.706238e-01,2.492428e-01,5.069679e+00
2038,3.408790e-18,-1.487674e-05,-2.194954e-04,5.100652e-04,-4.467927e-02,1.650867e-01,5.004781e+00
2039,4.196218e-18,-7.816814e-06,-2.156318e-04,5.047639e-04,7.931137e-02,-1.693404e-01,5.195223e+00
2040,3.887210e-18,-3.912915e-06,-2.039050e-04,5.032544e-04,-2.161957e-01,3.828580e-02,3.239862e+00
2041,2.307064e-16,-5.989456e-05,-1.246988e-05,4.933209e-04,2.615752e-01,-4.259856e-01,1.594133e+00
2042,1.413117e-18,-5.702438e-05,1.797442e-05,4.971007e-04,1.025660e-02,1.782878e-01,-2.041235e+00
2043,8.022801e-17,-5.873252e-05,5.047225e-06,4.985094e-04,2.361520e-01,4.696214e-01,1.158868e+01
2044,1.646809e-17,-5.585192e-05,1.026859e-05,4.983041e-04,9.413911e-01,-9.603915e-01,8.695019e+00
2045,6.321931e-18,-5.284131e-05,1.697727e-05,4.881251e-04,-1.650934e+00,-6.638347e-02,5.742050e+00
2046,2.526547e-17,-5.047164e-05,5.327791e-06,4.771246e-04,2.780196e+00,-2.601543e+00,1.795465e+00
2047,1.656616e-18,-5.938330e-05,3.999203e-06,4.937133e-04,8.458047e-02,3.334036e-01,1.376165e+01
2048,1.073614e-18,-5.742172e-05,8.460534e-06,5.006865e-04,4.669556e-01,-1.280694e+00,1.702604e+01
2049,2.573297e-17,-5.936457e-05,3.719877e-06,4.845042e-04,1.576435e-02,2.202007e-01,7.832488e+00
2050,1.345986e-18,-7.187171e-05,1.718700e-05,5.017840e-04,-5.617246e-02,-2.389519e-01,1.090991e-01
2051,4.079585e-18,-5.543826e-05,7.801557e-06,4.996179e-04,-6.496704e-01,-2.530336e-02,-1.350144e-01
2052,2.263606e-17,-6.913876e-05,2.413752e-05,4.973266e-04,-2.536790e-03,-2.579171e-02,1.535885e+00
2053,1.587095e-18,-7.192743e-05,-5.563544e-06,4.852520e-04,-4.708344e-01,-2.784511e+00,-8.543207e-01
2054,3.011439e-17,-6.937869e-05,-7.407624e-06,4.831869e-04,-1.828005e-01,6.818109e-01,5.137189e+00
2055,1.226704e-17,-4.964826e-05,-1.563350e-06,4.977574e-04,-3.876358e-02,-1.190276e-02,9.324305e+00
2056,2.835565e-17,-5.247089e-05,-5.465255e-06,4.810366e-04,9.934155e-01,3.801009e+00,4.575304e+00
2057,1.614593e-18,-6.170538e-05,-6.544666e-07,4.944446e-04,3.050494e-01,-5.530133e-01,7.885918e+00
2058,1.423930e-18,-5.075283e-05,-1.567494e-06,4.869177e-04,1.061501e+00,2.303326e-01,5.589846e+00
2059,2.999290e-18,-7.031136e-05,-8.602864e-06,4.895998e-04,-7.769635e-02,-3.770545e-01,-1.356639e+00
2060,2.586573e-18,-6.172181e-05,-7.719331e-07,4.880427e-04,-1.650119e-01,5.181087e-01,6.581435e+00
2061,1.848416e-18,-6.015255e-05,-2.460994e-05,4.849941e-04,-1.211425e-01,4.847520e-02,2.916339e+00
2062,1.934016e-17,-4.103354e-05,-9.142575e-06,5.144517e-04,2.354143e+00,4.476957e-01,2.174838e+01
2063,6.416554e-18,-4.530578e-05,-9.379493e-06,5.066508e-04,-3.330459e-01,4.982117e-01,1.944676e+01
2064,4.946513e-18,-3.438142e-05,-2.186643e-05,5.177315e-04,1.089262e-01,-5.912699e-01,1.807964e+01
2065,2.125462e-18,-4.832863e-05,-1.171314e-05,5.107382e-04,6.423195e-01,8.369748e-01,3.219549e+00
2066,4.258367e-18,-3.438255e-05,-1.916000e-05,5.120807e-04,3.392861e-01,3.760044e-01,1.609130e+01
2067,5.462558e-19,-4.179501e-05,-9.385245e-06,5.063508e-04,-3.442553e-01,2.872412e+00,1.048701e+01
2068,1.192302e-17,-3.437753e-05,-1.321854e-05,5.016791e-04,1.332243e-01,4.386284e-01,1.073906e+01
2069,1.590742e-16,-2.480192e-05,-1.055430e-05,5.082583e-04,-3.001692e-01,7.576176e-01,7.225971e+00
2070,1.344395e-17,-3.520065e-05,-1.402538e-05,5.125042e-04,1.066046e-02,-2.446871e-01,1.308012e+01
2071,1.685426e-17,-2.511924e-05,-7.349731e-06,5.159087e-04,-1.758599e-02,-4.447159e-01,8.978978e+00
2072,2.483421e-17,-4.755909e-05,-1.866782e-05,5.167847e-04,2.368886e+00,4.243478e-01,5.426586e+00
2073,1.148582e-17,-3.437200e-05,-1.894360e-05,5.067676e-04,-8.279391e-02,5.691621e-02,1.578990e+01
2074,7.913235e-19,-3.970386e-05,-1.653341e-05,5.025617e-04,3.304557e-01,5.211586e-01,2.491570e-02
2075,1.290791e-18,-4.218764e-05,-1.796514e-05,5.094688e-04,6.524324e-02,2.719000e-01,1.035115e+00
2076,3.071338e-17,-4.159725e-05,-9.435733e-06,4.908393e-04,-6.150136e-01,-7.914292e-02,1.361633e+01
2077,9.277583e-18,-3.594249e-05,-1.665786e-06,4.844601e-04,1.252635e+00,-1.164038e-01,1.173991e+01
2078,6.338499e-18,-4.689605e-05,-8.547110e-06,4.964272e-04,8.723681e-01,5.414970e-02,1.389282e+01
2079,3.160607e-18,-3.438738e-05,-1.798608e-05,5.006263e-04,3.410175e-01,8.032571e-01,1.376359e+01
2080,6.329540e-18,-3.437161e-05,-1.796724e-05,4.927665e-04,-6.274672e-01,-4.339201e-01,9.863591e+00
2081,4.216358e-17,-2.978431e-05,-5.677876e-06,4.909185e-04,-1.869288e+00,1.668052e+00,5.122367e+00
2082,5.010977e-18,-4.685818e-05,-4.689965e-06,4.854006e-04,1.918787e-01,-5.325433e-02,7.918124e+00
2083,2.280452e-18,-4.140084e-05,-1.170886e-05,4.967231e-04,4.195308e-01,-1.210106e-01,7.527892e+00
2084,1.104109e-17,-4.212306e-05,-1.874299e-05,4.772437e-04,-7.603394e-01,1.521079e+00,4.572678e+00
2085,1.313110e-18,-3.439255e-05,-1.175991e-05,4.947346e-04,-2.995540e-01,-2.534623e-01,8.340271e+00
2086,7.882923e-18,-3.203460e-05,-2.877719e-06,5.001748e-04,-1.976332e-01,-5.964818e-01,6.261213e+00
2087,2.630078e-18,-3.436762e-05,-9.363960e-06,4.881664e-04,8.862574e-02,8.360456e-01,4.900577e+00
2088,3.244029e-18,-4.610913e-05,-5.455205e-06,4.771581e-04,-6.176741e-01,3.057911e+00,1.009098e-01
2089,1.762756e-18,-3.712160e-05,-2.091987e-06,4.920438e-04,-4.884881e-01,3.512598e-01,1.837741e+01
2090,1.462520e-18,-3.438209e-05,-1.565642e-05,4.838345e-04,2.601173e-01,6.819439e-01,4.877835e+00
2091,2.644439e-18,-4.687047e-05,-4.629233e-06,5.013633e-04,9.045040e-02,4.181967e-01,1.335591e+01
2092,9.293993e-19,-3.448676e-05,-1.289038e-05,4.801484e-04,3.760635e-01,6.158665e-01,1.759477e+00
2093,1.175334e-18,-4.223438e-05,-8.430513e-06,4.863134e-04,2.074023e-01,6.497902e-01,1.664967e+01
2094,8.793789e-19,-4.626103e-05,-8.476988e-06,4.916116e-04,-5.686223e-02,-3.013698e-03,1.230526e+01
2095,2.433433e-19,-4.257795e-05,-8.984712e-06,4.830410e-04,-5.363878e-01,2.260481e-01,1.163217e+01
2096,2.680783e-19,-4.179693e-05,-8.984760e-06,4.838206e-04,-1.960918e+00,-5.348616e-01,1.268573e+01
2097,8.646669e-18,-4.687414e-05,-4.688328e-06,4.969773e-04,2.174297e-01,-5.086082e-01,1.270482e+01
2098,4.092779e-18,-2.578334e-05,-5.471995e-06,4.955026e-04,-1.763617e-01,1.031011e-01,4.197121e+00
2099,1.351155e-18,-2.889344e-05,-7.031980e-06,4.838127e-04,4.080328e-01,-3.082667e-01,4.576618e+00
2100,5.279694e-19,-3.632810e-05,-1.581877e-06,4.775728e-04,5.567312e-01,-8.597635e-01,5.347795e+00
2101,1.703900e-18,-4.596591e-05,-8.603882e-06,4.856036e-04,3.255806e-01,-3.583956e-01,7.779047e+00
2102,2.678827e-18,-4.137096e-05,-1.605495e-06,4.834219e-04,7.433336e-02,-3.249815e-01,9.961285e+00
2103,1.567680e-17,-4.287262e-05,-2.422017e-05,4.975082e-04,3.025742e-02,2.459713e-02,1.633677e+00
2104,4.894678e-18,-3.827534e-05,-2.460945e-05,4.900519e-04,-9.440326e-02,-1.060758e-03,2.955093e+00
2105,3.668579e-18,1.679705e-04,-8.593708e-06,5.249379e-04,-1.728147e-01,-2.437786e+00,1.145429e+01
2106,4.089967e-17,1.677996e-04,-8.924665e-06,5.253204e-04,-2.676861e-01,-2.470236e+00,1.127406e+01
2107,3.044264e-18,1.640799e-04,-1.561168e-05,5.196961e-04,4.282004e-02,1.088340e-01,1.200747e+01
2108,3.902052e-18,1.679436e-04,-4.367313e-06,5.142945e-04,-1.505083e-01,-1.018688e+00,7.335210e+00
2109,2.709791e-19,1.628908e-04,-1.601056e-05,5.117492e-04,-8.647465e-01,2.905989e-03,9.122812e+00
2110,2.643360e-18,1.609392e-04,-4.685665e-06,5.249129e-04,-4.206612e-03,-1.387551e-02,7.730298e+00
2111,8.084754e-19,1.584608e-04,-1.315448e-05,5.124918e-04,4.038856e-01,9.593558e-02,4.209489e+00
2112,1.708576e-17,1.561057e-04,-3.673334e-06,5.121936e-04,-9.539879e-01,-1.098973e+00,3.085684e+00
2113,4.559730e-18,1.710921e-04,-1.406386e-05,5.140860e-04,1.384039e-01,-3.100513e-01,3.650727e+00
2114,2.416362e-17,1.525580e-04,4.121593e-06,5.136251e-04,1.780058e+00,1.333907e+00,2.303830e+00
2115,2.932678e-17,1.587984e-04,9.988944e-06,5.188980e-04,7.346045e-01,5.501877e-02,1.779268e+01
2116,8.583677e-17,1.695373e-04,7.401545e-06,5.078648e-04,-1.453446e+00,3.491235e-03,1.146809e+01
2117,4.489865e-17,1.665158e-04,2.626802e-06,5.190154e-04,-1.394312e+00,-4.540407e-01,4.895730e+00
2118,8.461752e-18,1.608941e-04,1.652055e-05,5.202590e-04,-9.979960e-03,8.229034e-02,4.178677e+00
2119,4.058929e-18,1.546913e-04,1.490765e-05,5.088885e-04,7.055811e-01,6.207744e-01,5.090303e+00
2120,3.299933e-18,1.546859e-04,1.249293e-05,5.135964e-04,-2.649405e-01,-7.561235e-01,5.241403e+00
2121,2.360034e-18,1.703114e-04,1.718380e-05,5.113138e-04,1.669010e-01,-3.626041e-01,5.299185e+00
2122,1.183262e-17,1.687587e-04,1.797758e-05,5.170677e-04,-8.770925e-01,-6.988716e-01,4.427326e+00
2123,2.370124e-17,1.623680e-04,7.101505e-06,5.286438e-04,-2.570608e+00,-1.054445e+00,6.876766e+00
2124,3.906687e-18,1.578091e-04,4.737215e-06,5.073323e-04,3.196884e-02,-1.124560e-02,1.496139e+00
2125,3.507156e-16,1.632314e-04,-1.590388e-05,5.458433e-04,-3.855741e-01,-6.268688e-01,7.213740e+00
2126,4.503769e-18,1.632698e-04,-1.555791e-05,5.395732e-04,-3.269789e-03,8.602585e-01,1.817073e+01
2127,1.143767e-17,1.582075e-04,-7.341255e-06,5.454025e-04,-3.086022e+00,-8.162114e-01,5.138279e+00
2128,1.490088e-16,1.661078e-04,-1.245529e-06,5.360454e-04,-5.012309e-01,-2.549881e-02,7.571866e+00
2129,2.909871e-18,1.632940e-04,-1.563485e-05,5.323290e-04,-6.428105e-01,4.745057e-01,1.632082e+01
2130,2.110561e-18,1.663991e-04,-7.023894e-06,5.415554e-04,-7.232028e-03,1.865430e-01,6.904412e+00
2131,1.307471e-18,1.609365e-04,-4.685885e-06,5.397750e-04,1.950942e-01,-1.004000e-01,6.480266e+00
2132,5.520834e-18,1.679684e-04,-2.350690e-06,5.293700e-04,-4.177880e-02,2.133385e-01,9.247314e+00
2133,2.788032e-18,1.710927e-04,-1.407496e-05,5.307961e-04,8.930801e-02,1.749122e-01,4.105520e+00
2134,1.199292e-18,1.710949e-04,-1.407003e-05,5.355161e-04,-3.572117e-03,5.483630e-02,4.045804e+00
2135,2.851388e-18,1.664035e-04,-7.029724e-06,5.366088e-04,2.549039e-01,3.258065e-01,6.847008e+00
2136,2.225236e-18,1.538996e-04,-9.383910e-06,5.379396e-04,-3.694729e-01,-4.975243e-02,1.362047e+00
2137,1.388195e-17,1.675736e-04,1.874803e-05,5.341410e-04,-8.836599e-01,-9.209493e-02,6.081592e+00
2138,7.231200e-17,1.674377e-04,1.889326e-05,5.340545e-04,-6.518484e-01,-3.137294e-01,5.519730e+00
2139,1.915667e-17,1.588159e-04,7.859303e-06,5.350444e-04,1.455281e-01,-5.256318e-01,8.139472e+00
2140,2.322772e-17,1.526506e-04,1.925363e-05,5.394529e-04,5.793173e-01,6.403898e-02,6.992789e+00
2141,3.086413e-17,1.655594e-04,1.065384e-05,5.390512e-04,-1.516146e+00,-5.305412e-01,6.766966e+00
2142,1.542639e-17,1.551166e-04,1.177281e-05,5.331167e-04,3.611588e-01,-4.316529e-01,7.952417e+00
2143,8.215795e-18,1.636627e-04,4.621547e-06,5.347218e-04,8.276983e-01,1.432401e-01,6.364353e+00
2144,6.641615e-17,1.906759e-04,-1.451625e-05,5.097901e-04,1.037090e+00,8.025425e-01,8.285246e+00
2145,8.422292e-18,1.778160e-04,-1.500994e-05,5.248202e-04,-2.164929e+00,5.518614e-01,8.440302e+00
2146,1.132551e-18,1.938628e-04,-1.809070e-05,5.109454e-04,-2.782734e-02,4.900219e-01,6.815189e+00
2147,4.603383e-18,1.926619e-04,-1.171329e-05,5.219116e-04,4.263904e-01,-4.672480e-02,6.313411e+00
2148,1.301210e-17,1.841346e-04,-9.910254e-06,5.207649e-04,-4.748815e-01,1.176418e+00,4.181938e+00
2149,2.155865e-18,1.945911e-04,-6.320323e-06,5.225738e-04,-8.698112e-01,3.187624e-01,2.070776e+01
2150,2.443773e-18,1.976517e-04,-1.482959e-05,5.142976e-04,-2.329431e-01,4.676533e-01,5.189547e+00
2151,6.612018e-18,1.945292e-04,-6.249851e-06,5.128103e-04,1.268741e-02,6.291880e-02,1.625176e+01
2152,4.156520e-18,1.945353e-04,-6.250920e-06,5.185550e-04,6.512194e-02,1.864929e-01,1.780994e+01
2153,2.347461e-16,-1.354971e-04,-6.381243e-06,4.933463e-04,1.132250e+00,-3.776763e-01,3.060555e+00
2154,4.942593e-19,-1.406277e-04,-8.985347e-06,4.822626e-04,-1.204746e+00,-5.434745e-01,1.824278e+00
2155,4.726189e-17,-1.421066e-04,2.392005e-05,4.878929e-04,3.274661e-02,2.434344e-02,9.613755e-01
2156,2.377978e-17,-1.454183e-04,1.809827e-05,4.927352e-04,5.190595e-01,3.408653e-01,9.153863e+00
2157,4.833099e-18,-1.484357e-04,3.904610e-06,4.977622e-04,7.649801e-02,-2.150586e-02,5.138778e+00
2158,2.781306e-18,-1.335811e-04,1.562666e-05,4.966031e-04,6.575619e-01,-4.210622e-01,3.853938e+00
2159,4.245839e-18,-1.445337e-04,2.802483e-06,5.012914e-04,1.094691e-02,-5.287149e-01,3.620762e+00
2160,2.946530e-18,-1.398400e-04,4.692019e-06,4.974210e-04,-2.427218e-01,-6.944693e-02,4.012565e+00
2161,3.970144e-18,-1.367174e-04,-6.343030e-07,5.004622e-04,-1.204053e-01,-1.132187e+00,3.488753e+00
2162,4.158086e-18,-1.438930e-04,7.813695e-06,5.005199e-04,-2.990786e-01,1.496891e-01,5.190156e+00
2163,1.075530e-17,-1.336118e-04,1.557872e-05,4.887049e-04,8.964930e-01,8.844020e-02,3.156470e+00
2164,4.776514e-18,-1.461127e-04,1.718761e-05,4.849937e-04,-7.944548e-02,1.571616e-01,6.782072e+00
2165,2.184325e-17,-1.346920e-04,2.412758e-05,4.917719e-04,9.776522e-04,3.632986e-02,1.426199e+00
2166,1.953232e-18,-1.477675e-04,-1.329245e-05,4.980822e-04,4.139174e-01,2.063114e-01,3.289319e-02
2167,1.449820e-18,-1.367112e-04,-2.460954e-05,4.968115e-04,-7.443378e-02,-2.186924e-01,2.856182e+00
2168,3.929355e-18,-1.314031e-04,-1.019436e-05,4.914514e-04,-6.961221e-01,-2.142546e+00,8.814740e+00
2169,1.758685e-17,-1.396606e-04,-1.420128e-05,4.899917e-04,-1.689938e+00,-2.733390e+00,5.013912e+00
2170,2.371437e-18,-1.289208e-04,-7.892740e-07,4.997636e-04,2.475091e-01,-3.872005e-02,6.149646e+00
2171,4.269175e-18,-1.272555e-04,-1.443875e-05,4.908199e-04,2.043093e+00,3.805341e-01,1.320250e+01
2172,5.540148e-18,-1.320701e-04,-9.368663e-06,4.871547e-04,1.125155e+00,-2.191161e-01,7.406134e+00
2173,1.460133e-18,-1.444966e-04,-3.116340e-06,4.931514e-04,1.187555e-01,2.099880e-01,2.023922e+00
2174,2.455448e-18,-1.328099e-04,-1.481602e-05,4.803168e-04,-2.079269e-01,-1.425096e-01,2.751065e+00
2175,2.884047e-19,-1.277352e-04,-1.289388e-05,4.877328e-04,7.707159e-01,-7.809252e-01,1.056414e+01
2176,8.066730e-18,-1.273653e-04,-1.329448e-05,4.830423e-04,3.418772e-01,3.264717e-01,6.248026e+00
2177,4.171921e-18,-1.328094e-04,-1.013302e-05,4.799419e-04,3.110253e-01,2.618216e-01,1.201268e+00
2178,3.069537e-19,-1.261686e-04,-1.445546e-05,4.791496e-04,-9.607957e-01,2.335266e+00,3.758211e+00
2179,3.060514e-18,-1.335943e-04,-1.485538e-05,5.006494e-04,2.035516e-01,-6.504465e-01,1.067618e+00
2180,2.381375e-18,-1.476506e-04,-2.441041e-05,4.958290e-04,-2.483568e-01,-4.303000e-02,2.421172e+00
2181,8.605288e-19,-1.295715e-04,-1.783123e-05,5.162744e-04,-1.520710e-01,5.303477e-01,-1.418518e+00
2182,1.257402e-16,-1.349637e-04,-1.859717e-05,5.158320e-04,2.236702e-01,-1.910262e-01,5.083939e+00
2183,5.580238e-18,-1.375027e-04,-1.171862e-05,5.080165e-04,1.550382e-02,3.128110e-01,3.312512e+00
2184,2.894528e-18,-1.453113e-04,-3.125736e-06,5.074652e-04,7.002924e-02,-4.342160e-02,1.756614e-01
2185,1.688273e-18,-1.476493e-04,-1.317075e-05,5.141778e-04,4.268125e-02,-7.309776e-02,5.273955e+00
2186,6.541821e-18,-1.273099e-04,-1.056755e-05,5.156059e-04,-3.285904e-01,4.218823e-01,4.486260e+00
2187,1.520696e-18,-1.406305e-04,-9.371019e-06,5.185729e-04,-1.394018e-02,9.708895e-03,1.797617e+00
2188,1.102247e-18,-1.476505e-04,-1.327538e-05,5.275689e-04,-3.695408e-01,-2.290060e-01,5.299088e+00
2189,1.321479e-18,-1.484348e-04,3.903195e-06,5.237718e-04,-2.475476e-01,-1.822009e-01,9.970338e+00
2190,2.656149e-18,-1.343757e-04,1.562129e-05,5.278640e-04,-3.893612e-02,-1.356721e-01,1.218308e+01
2191,2.339040e-18,-1.484354e-04,3.906762e-06,5.097668e-04,4.319033e-02,6.096959e-02,9.540903e+00
2192,2.175321e-18,-1.484378e-04,3.903881e-06,5.143088e-04,1.124165e-02,-8.639875e-02,9.447402e+00
2193,6.622206e-18,-1.344579e-04,1.562354e-05,5.055262e-04,6.133660e-01,-4.820678e-02,6.349916e+00
2194,9.768507e-19,-1.374996e-04,9.368492e-06,5.185398e-04,-2.197956e-02,-5.997502e-02,7.252683e+00
2195,3.404783e-18,-1.445565e-04,8.593549e-06,5.161889e-04,8.754315e-02,-4.935635e-02,5.990268e+00
2196,9.492947e-19,-1.398430e-04,4.688361e-06,5.245319e-04,-7.989900e-02,-1.643393e-01,4.967845e+00
2197,4.526126e-18,-1.398462e-04,4.687019e-06,5.070152e-04,-6.053216e-02,-2.237274e-01,4.544260e+00
2198,4.799965e-18,-1.406092e-04,2.000651e-05,5.234542e-04,5.566908e-01,1.074593e+00,8.471173e+00
2199,2.959913e-18,-1.421830e-04,7.806453e-06,5.136039e-04,9.863615e-02,-2.175080e-01,4.193035e+00
2200,2.259944e-18,-1.398403e-04,4.688331e-06,5.128205e-04,1.077491e-02,-2.259012e-02,3.073345e+00
2201,5.003141e-17,-1.402079e-04,1.505753e-05,5.489402e-04,1.034230e+00,5.322790e-01,1.097490e+01
2202,4.411085e-16,-1.361194e-04,-1.474969e-05,5.371136e-04,-7.056460e-01,-8.945901e-01,6.313130e+00
2203,7.723639e-17,-1.359687e-04,1.648166e-05,5.422598e-04,-3.863524e-03,4.969500e-01,1.212563e+01
2204,6.715952e-17,-1.460763e-04,4.801746e-06,5.308149e-04,9.452256e-01,4.561482e-02,1.039484e+01
2205,4.353941e-18,-1.335270e-04,1.663610e-06,5.312414e-04,1.160935e-01,8.506803e-01,9.629033e+00
2206,1.224663e-18,-1.397716e-04,4.621814e-06,5.312952e-04,-8.440279e-02,-3.152416e-03,7.025489e+00
2207,3.487548e-18,-1.452609e-04,2.344202e-06,5.373760e-04,-1.524609e-01,-1.018956e-01,7.114166e+00
2208,3.834235e-18,-1.453090e-04,2.351410e-06,5.418918e-04,-1.671039e-02,3.716530e-03,5.374471e+00
2209,4.185240e-18,-1.273433e-04,4.959337e-06,5.343575e-04,4.475575e-02,-8.195007e-01,4.374558e+00
2210,1.526471e-18,-1.453150e-04,2.475761e-06,5.451919e-04,-3.511579e-02,-4.594885e-01,1.012787e+00
2211,4.409010e-18,-1.476506e-04,-1.406325e-05,5.484269e-04,3.788625e-03,-3.343205e-01,1.024653e+01
2212,4.034527e-18,-1.437494e-04,-2.567831e-06,5.402778e-04,2.200574e-02,2.283256e-01,7.786209e+00
2213,7.125566e-18,-1.429267e-04,-1.073645e-05,5.402585e-04,3.562640e-01,8.030311e-01,8.809301e+00
2214,1.732892e-17,-1.308980e-04,-3.878008e-06,5.299402e-04,-8.663060e-01,-9.780178e-01,7.022409e+00
2215,3.510919e-18,-1.476471e-04,-1.328607e-05,5.333779e-04,-6.813517e-02,-2.373768e-02,7.751588e+00
2216,2.337100e-18,-1.281296e-04,-1.563734e-05,5.380749e-04,-3.776590e-02,8.994092e-03,3.485709e+00
2217,1.293275e-18,-1.314674e-04,-1.778066e-05,5.378727e-04,-2.264316e+00,1.427115e+00,-5.267439e-01
2218,1.535859e-18,-1.265767e-04,-1.797996e-05,5.304926e-04,-3.218262e-01,9.409690e-01,2.204616e+00
2219,2.481633e-17,1.879253e-05,-2.291430e-04,4.992578e-04,2.910982e+00,-2.753330e-01,2.204438e+01
2220,3.531364e-17,2.398503e-05,-2.421731e-04,4.826087e-04,-2.791724e-02,-4.961639e-02,1.240563e+00
2221,3.015849e-18,1.641741e-05,-2.468692e-04,4.857234e-04,1.755290e-01,1.794838e-01,7.795445e-01
2222,1.634162e-17,1.055007e-05,-2.312389e-04,5.001429e-04,6.929107e-01,6.701769e-03,1.314958e+01
2223,3.956764e-17,2.847641e-06,-2.263970e-04,4.846579e-04,2.037675e+00,-9.197438e-01,3.940579e+00
2224,6.568541e-18,9.373613e-06,-2.312474e-04,4.927268e-04,2.341041e-01,-1.302311e-01,1.151150e+01
2225,2.218722e-18,2.347966e-06,-2.496095e-04,4.901674e-04,-2.959736e-02,-3.567565e-02,9.882336e+00
2226,2.428900e-17,1.231296e-05,-2.417922e-04,4.864773e-04,-7.360254e-01,-7.495968e-01,6.859940e+00
2227,5.541202e-19,1.595608e-06,-2.496094e-04,4.853682e-04,3.131173e-01,-2.531682e-01,6.440272e+00
2228,4.648459e-18,7.999646e-06,-2.273790e-04,4.862238e-04,9.797206e-01,7.251979e-02,8.312695e+00
2229,3.469528e-18,2.335279e-06,-2.496095e-04,4.972305e-04,2.895590e-01,1.163737e-01,1.333851e+01
2230,1.963287e-17,6.686931e-06,-2.391573e-04,4.897102e-04,1.936850e+00,-1.025274e+00,4.156007e+00
2231,1.496483e-18,7.840580e-06,-2.304908e-04,4.814844e-04,3.183856e-01,6.722173e-01,5.330031e+00
2232,1.191086e-17,2.177873e-05,-2.492633e-04,4.817613e-04,4.714831e-03,-4.433009e-02,2.410054e+00
2233,1.878695e-18,1.172871e-05,-2.496089e-04,4.896704e-04,7.428212e-01,-3.408089e-03,1.652234e+00
2234,2.705577e-18,6.955147e-06,-2.413025e-04,4.802471e-04,6.388461e-01,-2.586134e-01,-3.249039e-01
2235,5.701406e-18,2.436801e-05,-2.241530e-04,4.835412e-04,6.753624e-02,-3.539069e-02,1.820731e+00
2236,1.364893e-18,-2.735335e-06,-2.382816e-04,5.005345e-04,5.204274e-01,2.531871e-01,2.351243e+01
2237,3.766201e-18,-5.501984e-06,-2.398046e-04,4.815700e-04,1.787173e+00,1.833284e-01,1.406935e+00
2238,4.753708e-18,-3.071602e-06,-2.368060e-04,4.967793e-04,-1.548117e+00,1.863257e+00,2.147605e+01
2239,4.690836e-18,-3.098116e-06,-2.359198e-04,4.915755e-04,-1.433408e+00,-6.053835e-01,1.731854e+01
2240,1.106126e-17,-8.686624e-06,-2.289699e-04,4.962607e-04,2.891181e-01,2.535293e-01,1.035890e+01
2241,2.220288e-17,-5.538572e-06,-2.321529e-04,4.847791e-04,-8.377779e-01,2.995373e-01,6.107824e+00
2242,2.784027e-18,-3.146032e-06,-2.342406e-04,4.800104e-04,4.798473e-01,-2.059143e-01,7.115900e+00
2243,2.429851e-17,-9.243467e-06,-2.274593e-04,4.835206e-04,8.721093e-01,1.115365e-01,5.336532e+00
2244,1.331631e-18,-3.515927e-06,-2.358750e-04,4.878703e-04,2.752419e-01,7.659469e-01,1.525420e+01
2245,1.611362e-18,-2.361201e-06,-2.496094e-04,4.857229e-04,-4.186031e-01,-1.299820e-01,3.426255e+00
2246,6.196542e-18,-9.367102e-06,-2.422098e-04,4.932216e-04,8.699285e-02,-2.375770e-01,3.711981e+00
2247,2.143218e-17,-2.281892e-05,-2.359485e-04,4.844157e-04,-1.636312e+00,-1.658392e+00,3.030491e+00
2248,3.110194e-18,-1.172703e-05,-2.445137e-04,4.997955e-04,-1.068556e-01,1.719483e+00,3.120079e+00
2249,2.877781e-18,-3.043970e-06,-2.359394e-04,4.847131e-04,-3.543951e-02,-2.788563e-01,1.241379e+01
2250,7.940574e-19,-1.094329e-05,-2.496094e-04,4.799250e-04,5.540342e-03,-2.834427e-01,-1.230734e+00
2251,5.238847e-18,-1.096510e-05,-2.445671e-04,4.939955e-04,2.308690e-01,-2.028064e-01,2.679001e+00
2252,4.283661e-18,-1.406272e-05,-2.249367e-04,4.992544e-04,-2.462756e-01,2.517524e-01,2.472243e+00
2253,8.317083e-18,-2.430970e-05,-2.455334e-04,4.988722e-04,-5.699879e-02,-2.728332e-02,1.763805e+00
2254,2.261423e-18,-5.511186e-06,-2.397530e-04,4.856974e-04,-1.466052e-01,-1.644051e-02,1.864466e+00
2255,2.645948e-18,-5.573311e-06,-2.399070e-04,4.958399e-04,-3.439185e-01,-1.212767e+00,-3.916127e-01
2256,7.707026e-18,-2.431298e-05,-2.304729e-04,4.899441e-04,-1.133461e-01,1.838771e-02,1.793520e+00
2257,3.379989e-17,-1.345026e-05,-2.183657e-04,4.921994e-04,6.585023e-01,9.195625e-02,3.958864e+00
2258,2.579096e-18,2.032857e-05,-2.062423e-04,4.905499e-04,-1.058956e+00,-1.873167e-01,-1.683892e+00
2259,2.305602e-18,1.015815e-05,-2.070344e-04,4.966966e-04,-1.380402e-01,9.740632e-02,1.422850e+00
2260,7.637692e-18,2.421848e-05,-2.156243e-04,4.959395e-04,-4.198983e-02,5.661166e-02,1.653841e+00
2261,3.816512e-17,2.390001e-05,-2.159671e-04,4.954015e-04,-2.001485e-02,-6.625965e-02,1.302473e+00
2262,2.050101e-17,1.994683e-05,-1.981457e-04,4.934582e-04,-5.198556e-01,3.241108e-01,1.703741e+01
2263,3.013415e-17,1.595416e-05,-1.989140e-04,4.963953e-04,-2.127932e-01,7.240619e-01,1.226456e+01
2264,4.557827e-17,3.612725e-06,-2.175175e-04,4.973014e-04,6.520507e-01,-1.532576e-01,4.872927e+00
2265,2.453159e-18,7.105938e-06,-1.992904e-04,4.864417e-04,-3.523206e-01,6.766697e-01,4.173598e+00
2266,1.389939e-17,9.167212e-06,-2.219188e-04,4.938028e-04,7.795175e-01,1.058452e-01,5.979474e+00
2267,2.041081e-17,9.241784e-06,-1.999007e-04,4.810381e-04,-8.837380e-01,-1.832954e+00,2.167973e+00
2268,7.954931e-19,1.577777e-05,-1.998758e-04,4.908546e-04,-1.631449e-01,-4.181923e-02,9.547460e+00
2269,1.351945e-18,7.810141e-06,-2.210966e-04,4.838230e-04,-2.159699e-01,-1.708452e-01,2.811827e+00
2270,6.777772e-18,1.562949e-05,-1.999938e-04,4.823017e-04,3.472196e-01,8.535226e-02,4.022414e+00
2271,2.766100e-18,9.376700e-06,-2.087501e-04,4.799482e-04,6.736456e-02,5.848161e-01,5.309154e+00
2272,1.056605e-18,1.638666e-05,-2.093796e-04,4.939758e-04,-2.305958e-02,-1.000248e-01,-5.242588e-01
2273,1.652343e-18,2.460922e-05,-2.164029e-04,4.833999e-04,-8.152564e-02,-2.122854e-02,3.157356e+00
2274,7.491370e-17,-2.372676e-05,-2.045617e-04,4.912689e-04,1.501959e-02,2.516565e-02,7.941808e-01
2275,3.256623e-18,-1.332744e-05,-2.021385e-04,4.946816e-04,-3.026841e-01,-1.669552e+00,7.380898e-01
2276,4.160942e-17,-5.109089e-06,-2.174286e-04,4.901247e-04,9.649182e-01,-2.592802e+00,1.388001e+01
2277,9.214255e-19,-6.354907e-06,-2.084362e-04,4.830381e-04,-5.853286e-01,2.055250e+00,9.001151e+00
2278,9.917113e-18,-5.610421e-06,-2.195145e-04,5.005548e-04,-5.756661e-01,3.346425e-01,4.014363e+00
2279,7.737691e-18,-1.010985e-05,-2.050601e-04,4.970416e-04,9.721219e-01,1.780731e+00,4.230191e+00
2280,5.143202e-18,-8.586116e-06,-2.203117e-04,4.946832e-04,-8.683793e-01,-3.527372e-01,1.383785e+00
2281,1.919680e-18,-4.622924e-06,-2.124461e-04,4.955912e-04,-8.097133e-01,-1.403865e-01,4.622068e-01
2282,4.866405e-18,-5.892356e-06,-2.218834e-04,5.013464e-04,3.059027e-01,4.871936e-01,1.228533e+00
2283,1.345257e-17,-2.425608e-05,-2.195687e-04,4.967754e-04,1.159850e-03,-2.358196e-02,1.592044e+00
2284,3.349610e-17,-2.216199e-05,-1.901671e-04,4.822212e-04,-1.049415e+00,-5.322104e-01,8.719852e-01
2285,8.148737e-18,-5.816695e-06,-1.934972e-04,4.862485e-04,1.516433e+00,-2.139786e+00,1.128083e+01
2286,1.151543e-18,-1.574029e-06,-1.960954e-04,4.915902e-04,-3.632397e-01,1.119307e-01,7.424680e+00
2287,4.257778e-17,-2.255606e-05,-1.810337e-04,4.913564e-04,-1.919668e+00,2.858261e-01,3.824997e+00
2288,5.933282e-18,-4.619867e-06,-1.906144e-04,4.930575e-04,2.944994e+00,1.807426e-01,1.573614e+01
2289,1.234782e-18,-7.023849e-06,-1.953097e-04,4.916071e-04,-4.542892e-01,1.316845e-02,4.035944e+00
2290,3.174676e-19,-5.079023e-06,-1.917976e-04,4.900445e-04,7.706024e-01,-1.533315e+00,1.222140e+01
2291,3.912088e-18,-9.325158e-06,-1.812467e-04,4.851658e-04,3.745197e-01,2.335720e-01,9.538095e-01
2292,2.675806e-19,-6.642472e-06,-1.957037e-04,4.807022e-04,-1.696665e+00,-5.873793e+00,3.958403e+00
2293,1.620477e-18,-1.568463e-06,-1.960902e-04,4.877006e-04,-3.253626e-01,2.268198e-01,5.360860e+00
2294,2.248671e-17,-2.415303e-05,-1.954322e-04,4.977433e-04,2.721990e-02,1.466577e-02,1.440666e+00
2295,1.295945e-18,-5.471039e-06,-1.695346e-04,4.900484e-04,-1.898020e-02,-3.560392e-02,1.371893e+00
2296,1.649574e-17,-1.160931e-05,-1.679638e-04,4.943089e-04,-7.733198e-01,3.312214e-01,1.198136e+01
2297,1.428016e-18,-1.247564e-05,-1.664178e-04,5.017652e-04,-1.189923e+00,-2.115882e-01,1.324386e+01
2298,4.887292e-18,-1.521805e-05,-1.554580e-04,4.990042e-04,4.065275e-01,-5.493648e-01,9.646128e+00
2299,2.076193e-17,-5.147155e-08,-1.629853e-04,4.866958e-04,-1.366508e+00,-1.472453e+00,5.377208e+00
2300,4.000894e-17,-1.269102e-05,-1.613777e-04,4.948933e-04,7.855633e-01,-6.148490e-01,5.197586e+00
2301,4.155197e-18,-1.484927e-05,-1.710957e-04,4.993503e-04,-1.991391e-01,-5.921141e-03,2.913157e+00
2302,1.056503e-18,-1.718899e-05,-1.601429e-04,4.846205e-04,-1.330409e-01,-5.250085e-01,2.599389e+00
2303,2.723040e-19,-1.211169e-05,-1.667999e-04,4.799298e-04,-8.094161e-01,-2.194607e+00,1.092464e+01
2304,1.398993e-18,-1.088840e-05,-1.719144e-04,4.846100e-04,5.207435e-01,-4.253440e-01,-4.862249e-02
2305,2.252563e-18,-3.770090e-06,-1.696712e-04,4.818990e-04,3.357427e-01,-7.279435e-01,4.647692e-01
2306,3.197801e-17,-2.401344e-05,-1.575023e-04,4.820250e-04,1.555257e-02,2.196639e-02,1.285385e+00
2307,1.192543e-17,-2.428959e-05,-1.695356e-04,4.904814e-04,7.766475e-03,5.140288e-02,1.662581e+00
2308,2.826645e-17,1.795098e-05,-1.816452e-04,4.842941e-04,-2.710890e-01,1.225482e+00,-3.561281e-01
2309,5.448144e-17,1.325950e-05,-1.561100e-04,4.963251e-04,6.937654e-01,-1.537901e+00,2.411728e+00
2310,6.371207e-17,4.428144e-06,-1.931152e-04,4.923205e-04,5.223825e-01,1.130695e+00,7.391854e+00
2311,2.376832e-17,4.248698e-06,-1.810525e-04,4.931626e-04,-7.053269e-01,7.222380e-01,8.804970e+00
2312,7.616361e-18,5.470289e-06,-1.757812e-04,4.982222e-04,-6.603797e-01,-1.651878e-01,9.201069e+00
2313,8.564334e-17,5.400390e-06,-1.757262e-04,4.981914e-04,-6.905135e-01,-8.393527e-02,9.126358e+00
2314,3.534792e-17,1.330780e-05,-1.734531e-04,4.901681e-04,-3.832019e-01,-4.391063e-01,3.303434e+00
2315,3.339074e-18,2.017989e-05,-1.983874e-04,4.862147e-04,7.640710e-01,4.979117e-01,1.136762e+01
2316,1.428183e-18,2.032975e-05,-1.988263e-04,4.834253e-04,3.253749e-01,-1.983362e-01,8.539848e+00
2317,4.504973e-18,1.093776e-05,-1.843755e-04,4.939336e-04,-1.425728e-01,1.005432e-01,2.529136e+00
2318,4.897767e-18,5.460119e-06,-1.812292e-04,4.863352e-04,1.394244e-01,-2.953805e-01,9.743110e+00
2319,1.812323e-18,5.320882e-06,-1.959460e-04,4.873056e-04,1.423062e-01,1.068962e-01,1.069688e+01
2320,4.068191e-18,7.025364e-06,-1.914025e-04,4.845301e-04,9.474215e-03,2.023346e-01,2.376692e+00
2321,1.115147e-18,1.574526e-06,-1.972655e-04,4.927473e-04,-4.330042e-01,9.490764e-01,1.349728e+01
2322,3.100986e-19,1.953522e-06,-1.949216e-04,4.877015e-04,-4.845462e-01,4.752767e+00,1.069147e+01
2323,1.123018e-18,7.029911e-06,-1.757667e-04,4.791415e-04,5.247329e-01,-4.847830e-01,1.277773e+00
2324,2.383355e-17,2.412677e-05,-1.808155e-04,4.976851e-04,-9.566646e-03,-2.358842e-03,1.507937e+00
2325,1.071452e-17,2.427764e-05,-1.866964e-04,4.839943e-04,1.963478e-03,3.526283e-04,1.588213e+00
2326,3.560329e-17,2.398916e-05,-1.686970e-04,4.993424e-04,1.305125e-02,-2.508229e-03,1.168844e+00
2327,3.164228e-18,2.322393e-06,-1.625008e-04,4.942780e-04,-1.493383e+00,2.603503e-01,6.743597e+00
2328,8.087839e-18,1.559143e-05,-1.600964e-04,4.913582e-04,2.112681e-02,-9.466388e-02,5.988096e+00
2329,1.849702e-18,3.782933e-06,-1.656273e-04,5.011826e-04,7.379818e-02,1.256021e-01,1.666092e+01
2330,1.062042e-17,3.933046e-06,-1.656497e-04,4.951937e-04,-2.472721e-01,-6.597571e-02,1.339871e+01
2331,6.732540e-18,3.935585e-06,-1.655628e-04,4.872178e-04,-2.068759e-02,-3.535561e-01,9.291397e+00
2332,2.372304e-19,3.516183e-06,-1.660159e-04,4.900404e-04,3.290674e-01,-6.018456e-01,1.085205e+01
2333,3.133204e-19,8.202724e-06,-1.652340e-04,4.799252e-04,-3.639390e-01,-1.852515e-02,6.927091e+00
2334,2.878322e-18,1.317583e-05,1.254963e-04,4.741311e-04,6.895802e-01,-7.538479e-01,3.959353e+00
2335,2.855339e-19,1.367329e-05,1.269516e-04,4.736842e-04,-5.562941e-01,-5.457066e-01,4.865242e+00
2336,6.051651e-19,-1.836000e-05,1.457019e-04,4.733575e-04,3.180070e-01,-7.614332e-02,6.360186e+00
2337,7.785784e-19,-7.168270e-06,1.303498e-04,4.744603e-04,7.216567e-01,2.374197e+00,-5.738054e+00
2338,2.400599e-19,-6.640384e-06,1.308598e-04,4.768035e-04,7.998510e-01,5.993991e-03,-3.019172e+00
2339,6.235829e-19,-1.992238e-05,1.374867e-04,4.737015e-04,1.032034e-01,5.907114e-01,5.078802e-01
2340,2.738150e-19,-1.914023e-05,1.371088e-04,4.729167e-04,-1.500970e+00,-1.535387e+00,-9.101214e-01
2341,2.631767e-19,-1.835690e-05,1.371084e-04,4.713463e-04,-1.387813e+00,-1.263275e+00,7.033438e-01
2342,1.754194e-18,5.576253e-06,1.712268e-04,4.756521e-04,-2.598767e+00,3.045427e-01,1.233462e+00
2343,3.395135e-19,6.640091e-06,1.699218e-04,4.736768e-04,-1.359568e+00,-1.602068e+00,-2.085864e+00
2344,7.104848e-19,-2.734903e-06,1.640698e-04,4.760162e-04,5.079810e-02,1.833284e-01,-8.203658e-01
2345,3.043028e-18,-1.210916e-05,1.693549e-04,4.747154e-04,7.198043e-01,-1.780578e-01,1.953364e+00
2346,3.911029e-19,-1.210757e-05,1.691409e-04,4.713451e-04,2.075463e+00,-2.653927e+00,-2.332851e+00
2347,8.724050e-19,-3.873619e-06,1.558596e-04,4.736716e-04,-1.563188e+00,-2.772162e+00,-5.025364e+00
2348,2.780676e-18,-6.324624e-05,-1.528456e-05,4.730961e-04,-5.451777e-02,-3.241681e+00,2.289531e+00
2349,2.944961e-19,-5.664191e-05,-8.984393e-06,4.713370e-04,-3.017318e-01,6.956489e-01,3.481074e+00
2350,6.917405e-19,-6.486677e-05,-1.523603e-05,4.768167e-04,1.990020e+00,-1.952129e+00,5.833292e+00
2351,3.871977e-19,-6.210644e-05,-1.289368e-05,4.744673e-04,1.758799e+00,-8.312339e-01,5.508299e+00
2352,2.431115e-19,-5.820297e-05,-8.203011e-06,4.721136e-04,-4.207778e+00,2.590770e+00,5.476566e+00
2353,1.324944e-18,-5.393082e-05,-6.950657e-06,4.736752e-04,-8.687568e-01,3.757075e-01,2.201327e+00
2354,8.939927e-19,-9.676665e-05,-1.367267e-05,4.758136e-04,7.143866e-01,3.037912e+00,6.619445e-01
2355,2.390602e-19,-8.867456e-05,1.992396e-05,4.768126e-04,2.354380e+00,-7.216710e-01,1.407827e+00
2356,6.264381e-18,-5.470938e-06,-3.579450e-05,5.010423e-04,1.700827e-02,-2.343656e-01,-5.100867e-01
2357,2.474561e-17,-3.530708e-06,-2.540816e-05,4.776427e-04,2.150431e+00,-1.062353e+00,4.819916e+00
2358,7.495961e-18,-1.347347e-05,-4.636741e-05,4.908837e-04,7.171203e-01,1.327502e+00,5.092324e+00
2359,5.218879e-18,-1.250410e-05,-4.218899e-05,4.987144e-04,2.857811e-01,6.456356e-01,4.130850e+00
2360,2.650352e-18,-1.250617e-05,-4.841835e-05,4.780471e-04,-2.401323e-01,8.215458e-01,5.508025e-02
2361,1.761686e-18,-2.460925e-05,-4.453384e-05,4.975356e-04,-1.678094e-01,-9.866105e-02,2.816346e+00
2362,9.925190e-19,-1.249831e-05,-4.140303e-05,4.760301e-04,-2.161034e-02,1.006078e-01,-1.404628e-01
2363,3.786352e-18,-1.328091e-05,-1.484621e-05,5.005361e-04,-4.924777e-01,2.997179e+00,3.948543e+00
2364,7.603088e-17,-1.380081e-05,-1.429975e-05,5.008950e-04,-4.954611e-01,2.639386e+00,3.920275e+00
2365,4.249672e-17,-1.769843e-05,-8.885441e-06,4.809554e-04,-2.512027e+00,1.492181e+00,2.553491e+00
2366,1.541594e-18,-1.562801e-05,-2.342888e-05,4.947475e-04,2.528899e-01,1.249199e+00,1.087091e+00
2367,5.095626e-18,-2.345203e-06,-4.038888e-06,4.791174e-04,1.412948e-01,-6.432943e-01,-1.822275e+00
2368,2.994464e-17,-1.234509e-05,-4.059712e-06,5.016154e-04,-1.597517e-02,1.935144e-01,1.455167e+01
2369,1.454391e-17,-4.705701e-06,-1.574622e-05,4.956370e-04,-2.434412e-01,-1.147772e-01,8.768008e+00
2370,2.942592e-17,-1.504385e-05,-1.261663e-05,4.959315e-04,1.132813e-01,1.593534e-01,7.805633e+00
2371,3.408845e-18,-7.842715e-06,-2.107909e-05,4.818392e-04,4.416977e-01,-1.898145e+00,8.725007e+00
2372,5.455660e-18,-1.513523e-05,-4.709805e-06,4.813022e-04,8.659562e-01,5.230131e-01,6.869372e+00
2373,2.446296e-18,-3.905033e-06,-1.484573e-05,4.856955e-04,2.882744e-01,-6.512089e-02,5.294084e+00
2374,4.422089e-17,2.696587e-06,-2.070757e-05,4.914916e-04,2.257493e+00,8.497104e-01,7.955252e+00
2375,3.083205e-18,-1.560480e-05,-2.344064e-05,4.819435e-04,7.487730e-01,-8.540687e-02,4.043372e+00
2376,5.446905e-18,-3.953234e-06,-1.484480e-05,4.769921e-04,2.692640e-01,1.698762e-01,-2.145265e-01
2377,6.313191e-17,1.225426e-05,-1.430043e-05,4.963843e-04,5.167861e-01,9.853841e-01,4.676349e+00
2378,7.354726e-18,2.086014e-05,-6.240700e-06,4.841019e-04,-2.408170e+00,-8.441344e-02,7.131938e-01
2379,1.263652e-18,2.328423e-06,-2.031943e-05,4.993326e-04,-1.940663e-02,-1.547624e-01,8.092783e+00
2380,8.339404e-18,2.324690e-06,-1.258727e-05,4.921986e-04,-1.375599e-01,-1.158522e-01,5.349542e+00
2381,7.964491e-19,1.440771e-06,-2.070404e-05,4.871656e-04,3.696378e-02,9.095081e-01,1.018832e+01
2382,4.157278e-18,1.952699e-05,-1.718599e-05,4.954597e-04,-2.690932e-01,-1.350328e-01,3.077383e+00
2383,3.682091e-18,1.953339e-05,-1.718917e-05,4.873220e-04,-1.803158e-01,5.619870e-02,2.423415e+00
2384,2.944143e-18,1.326686e-05,-1.015200e-05,4.865209e-04,7.243327e-01,1.905581e-02,2.292377e+00
2385,2.623400e-17,-7.719558e-06,-4.964026e-06,4.728887e-04,-1.381839e+00,-2.469930e+00,3.840087e-03
2386,5.248137e-19,-1.914019e-05,-8.614882e-06,4.728903e-04,-3.531688e+00,-2.949374e+00,-7.997232e-01
2387,1.218802e-18,-1.249946e-05,-1.718471e-05,4.736768e-04,-2.339014e-01,-2.424105e-01,-3.579202e-01
2388,1.466994e-18,-1.793601e-05,-1.174994e-05,4.744576e-04,-2.289803e+00,-3.725272e-02,1.112620e+00
2389,9.441641e-19,-3.515911e-06,-2.357157e-05,4.734553e-04,1.433660e+00,3.098949e-01,4.589180e+00
2390,2.623232e-19,-4.297205e-06,-2.304685e-05,4.728881e-04,1.528649e+00,1.348419e-01,3.999562e+00
2391,2.495364e-19,-5.859882e-06,-2.382723e-05,4.767941e-04,1.792872e+00,1.303617e+00,5.344068e+00
2392,1.448161e-18,-7.026893e-06,-2.038940e-05,4.721063e-04,1.438893e+00,-1.725927e+00,-1.323637e+00
2393,4.747953e-19,-5.859515e-06,-6.640774e-06,4.689735e-04,6.548593e-01,-3.988583e+00,-2.664315e+00
2394,2.492363e-19,-3.554698e-05,-1.953163e-06,4.767919e-04,-1.583227e+00,7.055211e-01,4.179093e+00
2395,3.155132e-19,-4.257806e-05,-8.984588e-06,4.744593e-04,-6.724735e-01,6.732589e-01,-4.024291e-02
2396,1.434991e-18,-3.527663e-05,-1.448075e-06,4.733056e-04,5.172722e-01,6.778592e-01,-2.695364e+00
2397,4.238237e-18,-4.139629e-05,-1.562721e-06,4.759741e-04,5.984178e-01,1.531001e-01,1.410158e+00
2398,1.397219e-18,-4.607469e-05,-3.515758e-06,4.733321e-04,2.929951e+00,3.690362e+00,-1.269498e+00
2399,9.591683e-19,-3.906002e-05,1.874945e-05,4.775974e-04,3.564468e-01,7.827672e-02,8.318613e-01
2400,1.884330e-18,-4.826443e-05,1.720710e-05,4.719032e-04,1.391646e+00,-3.795218e-01,-3.539657e+00
2401,1.297568e-18,-4.315687e-05,1.196503e-05,4.730791e-04,2.402841e+00,-3.337994e-01,-5.170109e+00
2402,5.237103e-18,-4.220798e-05,1.168335e-05,4.793576e-04,9.155907e-01,1.045785e+00,2.080486e+00
2403,7.635752e-18,-4.296805e-05,1.250227e-05,4.865614e-04,-1.110276e+00,1.553762e-01,4.580351e+00
2404,5.536677e-17,-3.510992e-05,3.997942e-06,4.964755e-04,-7.667485e-01,-6.907264e-01,6.938916e+00
2405,3.129811e-18,-3.046055e-05,8.593138e-06,4.873083e-04,3.057220e-01,4.008396e-01,-4.022366e-01
2406,1.019778e-16,-4.323114e-05,4.963014e-06,4.947909e-04,1.173178e+00,4.176440e-01,7.387835e+00
2407,4.258213e-18,-4.221613e-05,1.487534e-05,4.909996e-04,-2.596797e-01,-3.669694e-01,1.087128e-01
2408,5.489151e-17,-4.261084e-05,1.249677e-05,4.866474e-04,-1.102084e+00,1.026262e-01,4.466329e+00
2409,3.586206e-18,-3.436882e-05,7.088548e-06,4.890718e-04,9.351594e-02,-1.281830e-02,6.493481e+00
2410,2.613839e-18,-3.365404e-05,1.558662e-06,4.873083e-04,8.262658e-02,-1.135249e-01,3.450807e+00
2411,3.507933e-18,-4.531520e-05,8.593523e-06,4.857546e-04,5.792556e-01,-2.631117e-01,4.059521e+00
2412,3.004267e-18,-3.827927e-05,1.876466e-05,4.990816e-04,-5.291633e-01,5.385955e-01,3.402663e+00
2413,1.107445e-18,-3.515364e-05,1.485102e-05,4.861690e-04,-1.957775e-01,-7.791665e-01,2.600411e+00
2414,1.102994e-18,-3.514623e-05,1.485213e-05,4.799312e-04,6.523519e-02,4.404435e-02,3.281978e+00
2415,1.478983e-18,-4.529635e-05,8.555396e-06,4.822584e-04,-5.996715e-01,-1.102947e+00,3.588208e+00
2416,2.685132e-17,-3.458061e-05,2.407194e-05,4.830905e-04,7.887000e-03,2.128047e-02,1.282188e+00
2417,1.613897e-17,1.661171e-06,-1.918358e-05,5.162365e-04,-4.424621e-01,2.317660e-01,2.250843e+01
2418,1.293388e-16,-1.215315e-07,-6.833449e-06,5.286389e-04,-8.059973e-01,2.349795e+00,1.361669e+01
2419,4.979048e-17,1.307837e-05,-1.597286e-05,5.074327e-04,9.811088e-01,9.715353e-01,2.792050e+00
2420,1.979556e-18,2.408742e-06,-2.024548e-05,5.069024e-04,-7.186586e-01,5.689745e-01,1.791700e+01
2421,1.161513e-17,1.432653e-06,-1.247095e-05,5.079834e-04,1.642310e-01,-2.736200e-01,9.795811e+00
2422,1.041536e-16,8.785802e-06,-4.134627e-06,5.097870e-04,-7.184153e-01,2.849433e-01,5.517092e+00
2423,3.334081e-17,2.098321e-05,-1.374398e-05,5.245363e-04,1.556201e-01,5.428898e-01,7.185073e+00
2424,5.216314e-17,9.930317e-06,-1.792703e-05,5.214837e-04,1.568443e-01,4.045024e-01,4.115449e+00
2425,1.026235e-17,4.682638e-06,-1.009523e-05,5.103784e-04,-1.869535e+00,6.611433e-01,6.761369e+00
2426,3.057138e-18,1.960113e-05,-1.718981e-05,5.168028e-04,5.026857e-02,1.458307e-01,7.165262e+00
2427,4.897012e-18,7.812797e-06,-1.406382e-05,5.116634e-04,-1.766898e-01,-3.109279e-02,7.835629e+00
2428,1.125502e-17,1.251993e-05,-2.182248e-05,5.076046e-04,-1.857215e-01,3.688684e+00,5.693846e+00
2429,2.108445e-18,1.961639e-05,-1.718388e-05,5.042335e-04,-3.145889e-01,5.578137e-02,5.412395e+00
2430,3.529464e-18,2.113508e-05,-1.252071e-05,5.136241e-04,-3.122059e-01,8.169400e-01,3.949871e+00
2431,2.546119e-18,3.125396e-06,-2.031351e-05,5.270151e-04,-5.688104e-02,4.728486e-02,3.760862e+00
2432,5.178517e-17,1.374693e-05,-9.325275e-06,5.380209e-04,-5.522785e-01,1.043366e+00,3.971713e+00
2433,5.739453e-18,7.567674e-06,-1.796895e-05,5.469088e-04,-2.206084e+00,-9.081732e-02,9.508713e+00
2434,2.453169e-17,1.438544e-06,-1.314936e-05,5.416114e-04,1.337471e+00,-1.220597e+00,4.041948e+00
2435,7.495925e-18,1.825556e-06,-1.812493e-05,5.307076e-04,-1.053065e+00,4.422391e-01,3.189925e+00
2436,1.222205e-18,8.546662e-06,-9.369229e-06,5.397382e-04,5.292503e-01,-2.060242e-01,3.820717e+00
2437,2.201877e-18,7.776953e-07,-9.375959e-06,5.478814e-04,-1.511678e-01,-1.182936e-02,6.827199e-02
2438,3.617477e-18,1.714143e-05,-2.343636e-05,5.392480e-04,6.104027e-01,1.418452e-02,1.443083e+00
2439,1.230921e-18,9.368743e-06,-5.464962e-06,5.418570e-04,1.780687e-01,9.250632e-02,-1.626101e+00
2440,2.193112e-18,-1.453255e-05,-1.029650e-05,5.264241e-04,6.768471e-01,-4.631634e-02,8.517519e+00
2441,3.387871e-18,-1.586555e-06,-1.564900e-05,5.456748e-04,-1.635455e-02,3.714669e-02,5.792998e+00
2442,8.621168e-17,-1.641038e-05,-6.081153e-06,5.340701e-04,-1.640255e-01,-3.388184e-02,4.292500e+00
2443,5.996319e-18,-1.273930e-05,-1.953923e-05,5.276409e-04,2.492863e+00,-8.062245e-03,3.987812e+00
2444,2.128641e-18,-1.874878e-05,-1.874933e-05,5.337032e-04,-5.980655e-02,-4.373166e-02,6.064431e+00
2445,3.320706e-18,-1.018567e-05,-1.793199e-05,5.477089e-04,1.246956e-01,-1.096673e+00,2.024891e+00
2446,2.463569e-18,-9.331438e-06,-1.716811e-05,5.240876e-04,8.276620e-02,1.380141e+00,1.416509e+01
2447,2.241306e-17,-5.681840e-06,-1.639579e-05,5.054031e-04,3.460306e-01,-4.378294e-01,9.665932e+00
2448,4.050604e-17,-1.194253e-05,-9.899049e-06,5.062604e-04,-5.759483e-01,1.899194e-01,3.923917e+00
2449,2.333557e-17,-8.984843e-06,-1.158077e-05,5.173465e-04,7.160811e-01,1.024457e+00,5.602143e+00
2450,2.194669e-17,-1.566441e-05,-1.482232e-05,5.222200e-04,9.507076e-01,-4.805077e-01,3.254821e+00
2451,1.081627e-17,-6.219086e-06,-1.843357e-05,5.227844e-04,-6.706507e-02,-2.031669e+00,1.334403e+00
2452,5.508801e-17,4.386493e-05,-2.382914e-05,4.912398e-04,-6.391452e-02,5.726673e-03,8.193533e-01
2453,7.728753e-17,3.711210e-05,-3.043278e-06,4.937680e-04,-7.035265e-01,1.323421e+00,5.202454e+00
2454,2.142981e-17,2.920490e-05,-1.486123e-05,4.854945e-04,-5.622095e-01,2.003044e-01,9.328607e+00
2455,2.380548e-17,3.333842e-05,1.029777e-06,4.966090e-04,-1.105932e-01,-2.035870e+00,6.957802e+00
2456,2.634779e-17,3.751417e-05,-1.015959e-05,4.892808e-04,2.010174e-01,1.834057e+00,3.998745e+00
2457,2.420499e-18,4.298050e-05,-3.897518e-06,4.974203e-04,1.279821e-01,6.491883e-02,3.147378e+00
2458,5.497990e-18,2.655882e-05,-1.120305e-07,4.977244e-04,3.341884e-01,-4.163962e-01,1.710068e+00
2459,7.792259e-18,4.514660e-05,1.387548e-06,4.859660e-04,5.712827e-02,1.275547e-02,3.783865e+00
2460,1.311067e-18,4.218852e-05,3.128985e-06,4.978123e-04,-3.414648e-02,9.191025e-02,1.411009e+00
2461,5.030870e-18,4.063450e-05,1.326601e-05,5.009109e-04,3.105175e-01,4.746991e-01,1.623798e+01
2462,1.436197e-17,4.183712e-05,9.083794e-06,4.952004e-04,-4.169968e+00,-2.209346e-01,1.741088e+01
2463,2.117153e-18,3.451173e-05,3.278399e-06,4.982203e-04,2.577452e-02,-2.108256e-01,-2.484958e+00
2464,2.357481e-18,3.359409e-05,3.904275e-06,4.903853e-04,-1.042711e-01,-8.916413e-04,5.756090e+00
2465,7.569849e-18,3.905019e-05,1.329151e-05,4.860197e-04,5.988107e-01,-2.901110e-01,6.350139e+00
2466,2.355728e-17,5.091558e-05,1.552620e-05,4.879098e-04,1.089043e+00,1.230994e-01,3.602925e+00
2467,2.001339e-18,4.371438e-05,9.666847e-06,4.907638e-04,-2.457092e+00,-4.091614e-01,1.625534e+01
2468,7.600877e-18,3.431110e-05,1.017522e-05,4.900749e-04,4.005259e-01,-7.710803e-01,2.203920e+00
2469,8.430720e-19,4.492232e-05,9.547059e-06,4.879449e-04,-2.669254e-01,2.480892e-01,1.234499e+01
2470,1.179043e-18,3.438437e-05,1.176497e-05,4.931794e-04,-8.677092e-02,4.429875e-01,-4.695653e-01
2471,2.108115e-17,3.131676e-05,6.173276e-06,4.823543e-04,3.755695e-01,-1.376355e+00,8.023277e-01
2472,1.226380e-17,2.908731e-05,2.426483e-05,4.997175e-04,9.791455e-03,1.658881e-02,1.351529e+00
2473,2.653199e-17,4.126792e-05,2.405711e-05,4.861334e-04,-7.833604e-02,-5.036428e-03,1.328875e+00
2474,3.193569e-17,6.059343e-05,-2.400858e-05,4.857273e-04,-5.282823e-03,-1.937133e-02,1.042808e+00
2475,3.428246e-17,5.613251e-05,-2.400711e-05,4.991898e-04,-6.092667e-02,-6.685594e-03,1.153623e+00
2476,2.299602e-18,7.266736e-05,-1.259323e-05,5.013300e-04,-4.738828e-01,2.202831e-01,7.046219e-01
2477,6.678208e-19,6.210937e-05,-1.628981e-06,4.806912e-04,-2.432002e-01,-8.059856e-01,3.031454e+00
2478,4.293888e-17,7.188711e-05,-3.022530e-06,4.975888e-04,-8.578609e-02,1.655097e+00,1.283740e+01
2479,1.921308e-18,5.239333e-05,-2.832063e-06,4.967166e-04,-1.257272e+00,1.291740e+00,1.280775e+01
2480,2.057662e-17,6.546389e-05,-3.762712e-06,4.859235e-04,2.439003e-01,-2.135229e+00,5.700624e+00
2481,5.083112e-18,5.469117e-05,-9.382035e-06,4.924488e-04,2.607917e-01,-1.298788e-01,8.251160e+00
2482,1.725436e-18,7.353409e-05,-3.981816e-06,4.948597e-04,-2.202761e-01,1.473712e+00,1.628392e+01
2483,9.334907e-18,6.243228e-05,-8.594192e-06,4.872880e-04,1.324500e+00,6.069239e-01,4.104706e+00
2484,4.000415e-18,7.353998e-05,-3.711468e-06,4.907412e-04,5.419432e-01,9.254964e-01,1.196426e+01
2485,7.400451e-18,7.345937e-05,-4.846729e-06,4.847098e-04,1.098315e-01,-3.591469e-01,8.251188e+00
2486,2.916831e-17,6.807701e-05,1.790595e-05,4.966495e-04,6.224035e-02,-2.801812e-01,1.198598e+01
2487,2.472186e-18,5.547673e-05,1.483474e-05,4.920009e-04,-1.973185e-01,-1.676366e-01,1.310866e+00
2488,4.906628e-18,6.640069e-05,3.126929e-06,4.971331e-04,-1.358664e-01,-1.627296e-04,2.215805e+00
2489,2.296462e-18,6.797367e-05,1.796700e-05,4.920747e-04,-8.340987e-01,1.053279e+00,1.358744e+01
2490,4.540617e-18,6.015750e-05,4.698559e-06,4.868511e-04,2.182388e-02,6.057892e-01,5.166984e+00
2491,2.361217e-18,6.171777e-05,1.934646e-06,4.947017e-04,8.534691e-04,-1.428082e-02,6.106512e+00
2492,4.477940e-18,6.326335e-05,1.555410e-06,4.838321e-04,3.287569e-01,1.251155e-01,3.362342e+00
2493,2.406126e-19,5.664028e-05,6.640538e-06,4.970574e-04,5.863506e-01,3.660684e-01,2.255252e+00
2494,2.544998e-18,6.799370e-05,1.797740e-05,4.849792e-04,5.928547e-01,5.439210e-01,7.333748e+00
2495,1.363288e-16,-5.409062e-06,1.643839e-04,5.238947e-04,4.778645e-01,1.246693e-01,1.525546e+01
2496,4.941627e-18,-1.249911e-05,1.640674e-04,5.283048e-04,1.707883e-01,-4.583139e-01,2.113143e+01
2497,2.690102e-18,-1.331005e-05,1.609336e-04,5.279095e-04,-1.729894e-01,4.742986e-02,9.216986e+00
2498,3.227688e-17,-1.139634e-05,1.638232e-04,5.185274e-04,-9.777054e-01,-1.279620e+00,1.883394e+01
2499,2.674094e-18,-4.697094e-06,1.656329e-04,5.181301e-04,2.553641e-01,9.647597e-02,1.749628e+01
2500,9.511637e-18,-1.089212e-05,1.723837e-04,5.208001e-04,-8.119385e-01,9.630064e-01,2.588870e+01
2501,4.492872e-18,-1.014660e-05,1.695407e-04,5.071333e-04,1.391829e-01,-6.791950e-01,1.782409e+01
2502,1.784787e-18,-1.101146e-05,1.641265e-04,5.095411e-04,-1.020263e+00,-7.934349e-01,1.437298e+01
2503,7.009899e-17,-1.583462e-05,1.770252e-04,5.249075e-04,9.426741e-01,-9.876430e-01,5.953377e+00
2504,2.295415e-19,-4.297425e-06,1.589820e-04,5.192766e-04,-1.238960e-01,-2.079664e-01,8.087804e+00
2505,5.285957e-18,-1.876098e-05,1.625028e-04,5.178338e-04,-2.499288e-01,1.576728e-01,7.677775e+00
2506,7.492108e-18,-8.585162e-06,1.578801e-04,5.064523e-04,2.392831e-02,1.855148e-01,9.630752e+00
2507,2.087515e-18,-2.468172e-06,1.531244e-04,5.076211e-04,-6.019407e-01,-2.546958e-01,4.461949e+00
2508,7.617079e-18,-2.100176e-05,1.665385e-04,5.207566e-04,-2.684350e-01,8.786881e-01,4.241262e+00
2509,4.529744e-18,-1.173349e-05,1.690853e-04,5.098045e-04,-9.748668e-01,4.844350e-02,5.154596e+00
2510,1.032875e-17,-4.708298e-06,1.654846e-04,5.072558e-04,2.038890e-02,-1.403350e-01,9.853879e+00
2511,4.876336e-17,-1.653965e-05,1.683071e-04,5.364293e-04,-9.121083e-01,6.242549e-01,1.792633e+01
2512,4.207576e-17,-4.242316e-06,1.592330e-04,5.317917e-04,7.020471e-01,1.574328e+00,9.552997e+00
2513,1.975933e-17,-7.881729e-06,1.696871e-04,5.372436e-04,-7.698322e-01,1.190050e+00,1.380094e+01
2514,1.087406e-18,-1.328782e-05,1.687778e-04,5.391050e-04,-4.425821e-01,-1.927863e-01,5.658866e+00
2515,4.682194e-18,-1.329020e-05,1.609317e-04,5.377344e-04,-1.755043e-03,-7.031606e-02,6.870581e+00
2516,9.879868e-19,-6.260356e-06,1.742110e-04,5.389939e-04,-1.219164e-01,-4.842866e-02,3.032976e+00
2517,1.943717e-18,-2.109325e-05,1.734403e-04,5.445005e-04,-3.707200e-02,-1.873380e-03,3.140172e-01
2518,2.677345e-17,6.788658e-06,1.624773e-04,5.314663e-04,4.518779e+00,1.099807e+00,1.510782e+01
2519,4.215978e-17,1.304695e-05,1.708391e-04,5.402632e-04,-9.238712e-01,6.685146e-01,9.323967e+00
2520,4.353965e-17,6.834892e-06,1.628440e-04,5.364963e-04,1.663296e+00,1.962671e+00,1.192290e+01
2521,1.093781e-16,8.730787e-06,1.572681e-04,5.399355e-04,1.203138e+00,-1.427932e-01,5.709220e+00
2522,1.718787e-18,1.342517e-05,1.595059e-04,5.416147e-04,-3.656486e-01,1.318516e-01,4.949846e+00
2523,4.033327e-17,1.675322e-05,1.763825e-04,5.441107e-04,-3.138894e-01,-4.152562e-01,4.429992e+00
2524,6.618076e-18,1.745693e-05,1.687487e-04,5.425081e-04,2.365442e-01,-1.559189e-02,4.754792e+00
2525,4.828242e-18,1.328204e-05,1.553495e-04,5.462007e-04,7.248005e-02,1.721945e+00,4.289263e+00
2526,5.378983e-17,-7.789446e-06,1.916989e-04,5.197754e-04,-1.263371e+00,1.097489e+00,5.253334e+00
2527,5.228042e-17,-1.015594e-05,1.843781e-04,5.098029e-04,2.641998e-01,7.842386e-01,3.660099e+00
2528,1.678722e-16,-9.985556e-06,1.844800e-04,5.096648e-04,2.331288e-01,8.691755e-01,3.574062e+00
2529,8.151752e-18,-1.974447e-05,1.819368e-04,5.065190e-04,9.046310e-01,9.084513e-01,3.250237e+00
2530,1.214725e-17,-2.081166e-05,1.933097e-04,5.109618e-04,1.885275e-01,1.062778e-01,4.086326e+00
2531,2.794594e-17,-6.322329e-06,1.958263e-04,5.245258e-04,-1.368769e+00,-2.221388e+00,5.291292e+00
2532,2.971036e-17,-1.521204e-05,1.974101e-04,5.267677e-04,3.211358e-01,2.641617e-01,6.177367e+00
2533,2.420960e-18,-8.588968e-06,1.953151e-04,5.051348e-04,-1.467794e-01,-2.979022e-02,1.285898e+00
2534,2.922386e-18,-3.906778e-06,1.929695e-04,5.043961e-04,-2.348252e-02,1.169642e-01,1.432118e+00
2535,1.129870e-17,-1.369599e-05,1.807513e-04,5.383895e-04,-3.170407e+00,4.681079e+00,3.093367e+01
2536,2.424073e-17,1.151353e-07,1.907359e-04,5.427880e-04,-1.333911e+00,1.352215e+00,7.825023e+00
2537,3.683750e-18,-1.096591e-05,1.776521e-04,5.315695e-04,1.537500e-01,3.542443e+00,2.881491e+01
2538,8.013979e-17,-5.174259e-08,1.908035e-04,5.429563e-04,-8.986655e-01,1.768182e+00,7.183983e+00
2539,4.666601e-18,3.124757e-06,1.882819e-04,5.489277e-04,1.104748e-01,4.244172e-01,6.841515e+00
2540,2.682935e-18,9.366026e-06,1.906305e-04,5.437460e-04,2.047504e-02,-8.639172e-03,2.444942e+00
2541,4.362757e-19,1.914192e-05,1.961032e-04,5.477141e-04,4.642419e-01,1.350543e-01,1.434892e+00
2542,1.033409e-17,-5.989156e-06,1.929673e-04,5.374963e-04,-1.101078e+00,4.920838e-01,7.480932e+00
2543,7.170625e-17,-6.139029e-06,1.927254e-04,5.372875e-04,-1.061750e+00,4.988490e-01,7.327195e+00
2544,5.890532e-17,-1.352176e-06,4.343763e-05,5.216375e-04,2.198318e+00,-1.785780e+00,2.689867e+01
2545,4.062720e-18,-3.153541e-06,4.609598e-05,5.146417e-04,-7.902805e-01,-3.215857e-01,2.498135e+01
2546,1.858260e-16,-1.004531e-05,3.113653e-05,5.138515e-04,-3.428223e-01,8.423181e-01,7.096460e+00
2547,1.203632e-17,-1.733388e-05,4.234610e-05,5.142635e-04,1.397081e-01,-6.019776e+00,3.132298e+01
2548,1.370757e-18,-1.569653e-05,4.378979e-05,5.056142e-04,-3.065085e-01,-4.529337e+00,2.431044e+01
2549,8.743083e-18,-1.342133e-05,3.711790e-05,5.063734e-04,-6.012153e-01,-2.213301e+00,3.901305e+00
2550,2.923034e-18,-1.994471e-09,3.515669e-05,5.066415e-04,-6.535437e-02,-1.984870e-02,1.048855e+01
2551,2.604280e-18,-7.029068e-06,4.062940e-05,5.165889e-04,1.115422e-01,5.873684e-02,5.420339e+00
2552,5.184939e-18,-1.450178e-05,3.981229e-05,5.111259e-04,5.993192e-01,-4.223289e-02,4.887447e+00
2553,2.373405e-19,-1.913788e-05,3.242319e-05,5.116972e-04,6.535639e-01,-8.551343e-01,5.299557e+00
2554,4.115702e-16,-6.131665e-06,4.122386e-05,5.354655e-04,-2.562637e-02,-4.340215e-01,8.691836e+00
2555,1.094505e-16,-2.198363e-06,3.150193e-05,5.356021e-04,-4.061197e-01,-6.662721e-01,8.224802e+00
2556,3.175537e-18,4.686187e-06,3.515142e-05,5.443848e-04,6.028570e-03,3.082529e-02,1.083519e+01
2557,5.095391e-17,2.023220e-05,2.828272e-05,5.370748e-04,2.560278e+00,-3.083175e-01,6.219820e+00
2558,4.201835e-18,4.689042e-06,4.685134e-05,5.281946e-04,-1.189167e-02,-5.870772e-01,6.103284e+00
2559,5.765591e-18,2.340819e-06,4.246164e-05,5.364239e-04,-1.289140e-03,9.951812e-01,4.462266e+00
2560,2.353598e-18,5.480179e-06,4.766196e-05,5.358454e-04,6.100673e-02,-5.895960e-02,-1.510977e+00
2561,3.445940e-18,-1.796408e-05,4.296605e-05,5.476895e-04,3.854320e-02,-4.552363e-02,7.482127e+00
2562,2.940381e-18,-3.900257e-06,3.905917e-05,5.458073e-04,-7.514352e-02,-1.459597e-01,5.078705e+00
2563,5.979948e-18,-9.314940e-06,3.346241e-05,5.381360e-04,-9.097436e-01,7.251668e-01,2.931157e+00
2564,5.033526e-17,1.519069e-05,2.790262e-05,5.242152e-04,-2.697377e-01,8.601056e-01,7.530532e+00
2565,5.891794e-17,6.380298e-06,3.611592e-05,5.062009e-04,-1.324240e+00,-6.185058e-01,6.026559e+00
2566,3.363890e-18,4.676036e-06,3.515991e-05,5.218702e-04,-2.400206e-01,-1.331368e-01,5.964270e+00
2567,2.140262e-17,7.872271e-06,2.953784e-05,5.114326e-04,-5.587043e-01,-2.863710e-02,4.196644e+00
2568,2.507730e-17,6.260043e-06,3.905118e-05,5.180018e-04,4.892132e-01,-3.472046e-01,2.503107e+00
2569,4.889703e-18,1.132884e-05,4.062156e-05,5.067150e-04,8.904964e-02,-3.162702e-02,1.140922e+00
2570,4.044907e-17,8.475694e-06,6.660563e-05,5.467215e-04,9.293625e-01,-4.294543e+00,2.915455e+01
2571,2.328183e-17,-6.729596e-06,6.297059e-05,5.372044e-04,1.054275e+00,7.845274e-01,1.543507e+01
2572,3.434464e-18,-8.674076e-06,6.246669e-05,5.398113e-04,-8.264212e-01,-2.961470e-01,3.154830e+00
2573,1.571543e-18,-8.600141e-06,6.172007e-05,5.435690e-04,4.529802e-01,3.105101e-01,1.530109e+00
2574,1.046787e-18,-3.903364e-06,5.390531e-05,5.282712e-04,-3.424065e-02,-4.774910e-02,2.567798e+00
2575,1.442888e-18,-1.099248e-05,5.864605e-05,5.453935e-04,-2.089505e-01,7.599963e-03,2.164603e+00
2576,1.018199e-18,-1.563152e-05,5.230746e-05,5.454966e-04,-2.993920e-02,-1.223489e-01,-5.792141e-01
2577,6.871227e-17,9.788114e-06,6.127870e-05,5.453341e-04,-7.716653e-01,1.054277e+00,8.234820e+00
2578,1.069754e-17,5.434761e-06,7.270524e-05,5.308060e-04,8.077251e-02,-3.019379e-01,2.225966e+01
2579,2.040007e-18,6.243909e-06,6.884849e-05,5.381590e-04,-6.008885e-01,-3.226538e+00,2.466129e+01
2580,6.989230e-18,7.043079e-06,5.546483e-05,5.358608e-04,2.066551e-01,-1.812623e-01,8.488426e+00
2581,7.534263e-17,6.184207e-06,5.631061e-05,5.363271e-04,5.241025e-01,9.795327e-01,7.861046e+00
2582,4.228255e-18,9.442403e-06,7.108363e-05,5.461788e-04,-3.171955e-02,1.130023e-01,-5.929103e-03
2583,2.598455e-18,4.791000e-06,-6.413160e-05,4.764962e-04,3.346968e+00,-7.014597e-01,3.410332e+00
2584,2.547793e-18,3.108844e-06,-5.159256e-05,4.709588e-04,-6.719884e-02,-1.019742e+00,-1.260516e+00
2585,2.660604e-19,3.906563e-07,-7.617196e-05,4.767924e-04,-2.558810e+00,-4.164538e+00,-3.374988e+00
2586,4.920561e-19,-1.757523e-05,-7.890141e-05,4.768090e-04,-7.830781e-01,-9.674686e-01,3.332469e+00
2587,4.880420e-17,1.424385e-04,-1.161038e-06,4.797901e-04,-5.370102e-01,4.668668e-01,-1.818152e+00
2588,1.426571e-18,1.343876e-04,-7.812746e-07,4.752311e-04,-1.261984e-01,-1.337423e-01,-1.936786e+00
2589,7.418059e-19,1.287721e-04,1.341843e-05,4.978695e-04,5.763928e-01,6.355918e-01,2.129565e+00
2590,7.832378e-18,1.368026e-04,4.432132e-06,4.841964e-04,-2.463657e-01,-9.917331e-01,8.341761e-01
2591,1.794178e-17,1.437937e-04,1.284763e-05,4.941940e-04,4.962923e-01,-1.679360e-01,2.212431e+00
2592,9.325578e-19,1.467618e-04,1.190197e-05,4.838317e-04,1.044351e+00,2.102294e+00,-1.035997e+00
2593,2.513661e-18,1.335657e-04,1.249786e-05,4.888282e-04,-4.848048e-01,-1.327681e-01,9.582668e+00
2594,1.856427e-17,1.288238e-04,6.890522e-06,4.901488e-04,-1.657859e-01,1.104843e-01,7.282668e+00
2595,2.442120e-17,1.335593e-04,1.223900e-05,4.960659e-04,-2.863350e-02,-2.376177e-01,8.505289e+00
2596,1.484974e-17,1.398298e-04,2.006187e-05,4.921018e-04,6.958188e-02,-2.972519e-01,6.192707e+00
2597,2.411735e-17,1.273370e-04,9.438359e-06,4.947302e-04,-1.619613e-01,-4.920006e-01,6.411273e+00
2598,1.515752e-17,1.367159e-04,1.176838e-06,4.947008e-04,6.568047e-02,-1.867896e+00,2.554897e+00
2599,1.526326e-18,1.265611e-04,9.374746e-06,5.001805e-04,5.421011e-01,-4.640078e-02,3.565270e+00
2600,3.256842e-18,1.390798e-04,7.817550e-06,4.942981e-04,-7.340413e-02,-1.033689e-04,3.323619e+00
2601,9.300313e-19,1.295491e-04,6.095163e-06,4.877123e-04,-8.788864e-01,6.970834e-01,9.852632e+00
2602,3.852309e-18,1.296913e-04,5.467845e-06,4.796977e-04,4.669346e-01,-8.316519e-01,1.383946e+00
2603,5.911669e-18,1.422842e-04,2.436641e-05,4.929353e-04,4.705098e-02,8.532587e-02,2.000989e+00
2604,3.301847e-18,1.272504e-04,2.461001e-05,4.915316e-04,2.215230e-03,3.722109e-02,2.813742e+00
2605,6.265357e-18,1.336359e-04,-7.074093e-06,4.885776e-04,-2.615462e-01,1.701540e-01,1.168640e+00
2606,1.251780e-18,1.461323e-04,-7.822152e-06,4.807025e-04,8.987417e-02,-1.859794e-01,2.708637e+00
2607,3.804454e-17,1.348485e-04,-1.596386e-06,4.830169e-04,-1.568955e+00,1.500808e+00,1.051669e+00
2608,2.558440e-17,1.402458e-04,-9.544480e-06,4.912909e-04,-1.712110e+00,2.422021e+00,7.069992e+00
2609,5.327661e-18,1.453165e-04,-7.812570e-06,4.962571e-04,-3.056313e-01,-9.057651e-02,7.177201e+00
2610,3.377228e-18,1.413593e-04,-1.017402e-05,4.969634e-04,2.981147e-01,1.266766e+00,8.060699e+00
2611,1.845570e-18,1.429078e-04,-1.009064e-05,4.842728e-04,-9.418793e-01,1.103455e+00,6.112176e+00
2612,3.044989e-17,1.399108e-04,-1.569627e-05,4.873773e-04,1.038158e+00,9.732087e-01,4.954442e+00
2613,3.705102e-18,1.414037e-04,-5.284440e-06,4.865925e-04,1.017242e-01,1.217666e+00,3.372859e+00
2614,4.544484e-17,1.300460e-04,-4.325831e-06,4.862904e-04,1.054678e+00,-1.004374e-01,2.414911e+00
2615,8.637252e-19,1.342500e-04,-9.095985e-07,4.970312e-04,-4.653239e-01,-7.387024e-01,3.232685e+00
2616,1.127625e-18,1.445258e-04,-2.356802e-06,4.962603e-04,-5.227685e-01,-4.001165e-01,5.008757e+00
2617,1.365188e-18,1.351568e-04,-7.005404e-06,4.814817e-04,-1.164509e+00,-3.915198e-01,-9.645072e-02
2618,4.754627e-18,1.343661e-04,-7.937214e-07,4.924239e-04,-3.036349e-02,-9.011593e-02,3.037519e+00
2619,1.485087e-18,1.320358e-04,-2.460914e-05,4.896939e-04,1.534737e-01,7.817102e-02,1.965682e+00
2620,1.242994e-17,1.359347e-04,-2.426714e-05,4.811683e-04,7.562428e-03,1.146114e-02,1.575754e+00
2621,2.310334e-18,1.320291e-04,-2.443848e-05,4.967199e-04,-1.312169e-01,-7.562065e-02,2.376478e+00
2622,7.271529e-17,2.454107e-04,1.533472e-06,5.165190e-04,-4.592894e-02,-1.062668e+00,1.069866e+01
2623,8.437152e-17,2.487177e-04,1.053728e-05,5.184241e-04,2.357224e-03,3.171853e-01,3.245711e+00
2624,1.694899e-17,2.492439e-04,3.928319e-06,5.098302e-04,2.933787e-01,2.207082e+00,1.678852e+01
2625,2.218109e-17,2.309897e-04,-5.189372e-07,5.251316e-04,7.391195e-01,7.550721e-01,6.603011e+00
2626,1.103318e-17,2.492195e-04,2.004814e-05,5.138485e-04,9.785655e-04,1.511651e+00,9.737593e+00
2627,7.091602e-17,2.487009e-04,2.074776e-05,5.129527e-04,-6.071389e-03,1.316734e+00,9.848523e+00
2628,7.350513e-18,2.320284e-04,2.341359e-06,5.195940e-04,4.780129e-01,-3.584999e-02,9.807901e+00
2629,7.490675e-17,2.323944e-04,2.123970e-06,5.195287e-04,3.121294e-01,-2.294538e-01,9.631753e+00
2630,1.710491e-17,2.394032e-04,1.428238e-05,5.204274e-04,-4.617457e-01,5.480166e-01,8.171838e+00
2631,1.183905e-16,2.310749e-04,-6.947948e-07,5.250078e-04,8.614018e-01,8.070766e-01,6.581709e+00
2632,4.845755e-18,2.445344e-04,4.683826e-06,5.077900e-04,-8.537627e-02,-2.253879e-01,9.286209e+00
2633,6.838004e-18,2.450925e-04,1.484586e-05,5.071536e-04,3.924843e-02,-7.161004e-01,8.856686e+00
2634,2.500774e-18,2.453211e-04,1.554751e-06,5.271097e-04,1.120411e-01,-1.377897e-01,9.029320e+00
2635,2.581400e-17,2.334339e-04,8.150831e-06,5.112843e-04,-1.228720e-01,-3.629386e-01,5.476983e+00
2636,9.746213e-18,2.492634e-04,1.239554e-05,5.109173e-04,2.544962e-02,2.830024e-01,4.611444e+00
2637,1.483579e-18,2.496097e-04,1.565314e-06,5.134756e-04,1.421118e-01,-9.788784e-02,6.215931e+00
2638,7.186978e-18,2.317181e-04,9.373390e-06,5.060992e-04,-5.333214e-02,-6.646489e-01,4.663072e+00
2639,2.273464e-18,2.273403e-04,5.458840e-06,5.066933e-04,-1.236257e-01,-1.510940e-01,5.806160e+00
2640,1.974059e-18,2.398410e-04,8.588683e-06,5.196559e-04,4.482186e-02,-1.306583e-01,1.981120e+00
2641,3.637369e-18,2.494380e-04,1.886343e-05,5.192694e-04,1.220011e-01,-3.535005e-02,2.449357e+00
2642,4.119728e-17,2.339453e-04,-1.917269e-05,5.240507e-04,2.614949e+00,-2.742285e+00,2.700113e+01
2643,1.362365e-16,2.298247e-04,1.000169e-05,5.359059e-04,-4.658171e-01,3.763159e-01,8.263354e+00
2644,8.559120e-18,2.331097e-04,-1.348735e-05,5.421621e-04,-1.351795e-02,-5.347996e-01,2.708433e+01
2645,4.255780e-18,2.328011e-04,-1.251743e-05,5.376384e-04,1.785853e-02,2.000755e-01,2.609299e+01
2646,7.105941e-18,2.309184e-04,-1.563768e-05,5.148033e-04,-9.486752e-02,-5.296926e-01,2.376898e+01
2647,5.252274e-18,2.328095e-04,-1.015842e-05,5.215572e-04,-3.417637e-02,2.529418e-01,1.996237e+01
2648,3.555608e-17,2.492518e-04,-5.145031e-06,5.289402e-04,6.900391e-01,-7.627469e-01,1.466919e+01
2649,1.104458e-17,2.328530e-04,-1.014730e-05,5.147956e-04,-7.303570e-02,1.072887e-01,1.743820e+01
2650,7.078935e-18,2.426490e-04,-3.902449e-06,5.169541e-04,-1.503592e-01,1.803416e-02,9.059334e+00
2651,2.232783e-18,2.320319e-04,-5.490529e-06,5.082679e-04,-6.691244e-02,1.385517e-01,9.723702e+00
2652,5.984377e-17,2.375941e-04,-2.997654e-06,5.081606e-04,6.903576e-01,1.440901e+00,7.702389e+00
2653,6.545872e-18,2.429744e-04,-3.916426e-06,5.100975e-04,1.213981e-01,5.277172e-03,8.346547e+00
2654,3.761473e-19,2.496083e-04,-8.982074e-06,5.230239e-04,6.577915e-01,-3.024970e+00,6.125839e+00
2655,1.079771e-17,2.492601e-04,-1.632375e-05,5.190576e-04,-5.067573e-02,-6.891122e-01,2.093411e+00
2656,1.282089e-18,2.453064e-04,-2.374413e-06,5.040331e-04,1.861471e-01,6.588460e-01,4.467999e+00
2657,7.088884e-19,2.274723e-04,-2.207755e-06,5.131432e-04,-1.700955e-01,1.099864e-01,3.124401e+00
2658,8.266465e-18,2.493448e-04,-6.283082e-06,5.207714e-04,5.601888e-02,-1.728700e-01,8.664140e+00
2659,4.407113e-18,2.320375e-04,-1.014820e-05,5.094569e-04,1.394683e-01,2.472094e-01,1.642956e+01
2660,8.465030e-18,2.429851e-04,-8.706004e-07,5.409108e-04,-6.736279e-02,8.688055e-01,1.406102e+01
2661,2.981321e-17,2.491540e-04,1.676354e-05,5.418571e-04,-5.650395e-01,4.922547e+00,1.276586e+01
2662,8.211471e-18,2.327783e-04,-1.173014e-05,5.286660e-04,2.283540e-02,2.476494e-02,2.320858e+01
2663,4.196350e-18,2.496105e-04,-1.161748e-05,5.450629e-04,4.041959e-02,-9.518218e-01,1.198212e+01
2664,2.998452e-18,2.429789e-04,-3.123569e-06,5.366303e-04,-6.171863e-02,3.620851e-01,1.309799e+01
2665,1.298059e-18,2.453199e-04,4.699737e-06,5.348214e-04,3.880955e-03,2.102373e-01,1.014946e+01
2666,7.137806e-19,2.496082e-04,-1.096966e-05,5.500477e-04,3.987043e-01,-9.570991e-01,1.655638e+01
2667,8.844861e-18,2.390777e-04,-1.893122e-05,5.307903e-04,-6.876659e-01,3.919323e-01,6.934492e+00
2668,1.260768e-17,2.492440e-04,1.161421e-05,5.453528e-04,6.867617e-02,-2.468716e-01,4.413777e+00
2669,1.404444e-18,2.496098e-04,1.565270e-06,5.293616e-04,8.218955e-02,-8.595816e-02,7.299398e+00
2670,1.855977e-17,2.424706e-04,1.635216e-05,5.345734e-04,3.069120e-01,-7.029803e-01,3.781600e+00
2671,8.093159e-18,2.343861e-04,3.902613e-06,5.398684e-04,-5.402286e-02,-1.591095e-02,9.052244e+00
2672,1.612665e-18,2.367221e-04,1.315948e-05,5.375716e-04,6.485238e-02,-7.187632e-02,4.303915e-02
2673,6.858349e-19,2.306040e-04,1.081009e-05,5.462796e-04,-2.117031e-01,-1.902440e-01,2.645193e+00
2674,1.881406e-18,2.414149e-04,1.406143e-05,5.481583e-04,-3.687404e-02,-2.484170e-02,2.399950e-02
2675,2.921557e-18,1.718194e-05,9.689338e-05,4.764131e-04,2.234587e-02,-8.257765e-01,1.416674e-01
2676,6.324320e-19,1.288984e-05,9.997788e-05,4.752452e-04,-2.137406e-01,1.509526e+00,1.123747e+01
2677,2.930038e-19,1.367234e-05,1.003905e-04,4.705658e-04,-6.398537e-01,4.559861e-01,9.327371e+00
2678,1.719592e-18,1.553355e-05,7.902489e-05,4.722879e-04,-3.787653e-01,-1.799690e+00,-4.873491e-01
2679,5.981383e-19,2.460952e-05,8.516354e-05,4.736755e-04,3.621215e-01,-1.524161e-01,2.990710e+00
2680,1.474357e-18,2.032538e-05,1.101883e-04,4.744761e-04,1.137144e+00,-2.954624e-01,-5.077622e-01
2681,3.235256e-19,5.078947e-06,1.121089e-04,4.760198e-04,5.378008e-01,3.471981e+00,2.303055e+00
2682,3.259564e-19,7.421935e-06,1.019535e-04,4.705562e-04,-4.010451e+00,6.444042e-02,-2.569212e+00
2683,5.811355e-19,5.860159e-06,1.078024e-04,4.768021e-04,-9.848911e-01,-9.668542e-01,3.125370e+00
2684,3.027421e-19,5.078931e-06,1.082040e-04,4.760174e-04,-8.665039e-01,-3.197276e-01,3.241683e+00
