droplet_id,volume,ux,uy,uz,vx,vy,vz
1,7.976985e-12,9.141090e-08,8.147308e-08,3.853661e-04,-8.074713e-03,-1.003651e-02,5.862686e+00
2,3.298322e-17,1.774590e-04,-6.347058e-06,4.821811e-04,4.570830e-01,4.896460e-01,8.516121e+00
3,1.199819e-18,1.902350e-04,1.038920e-05,4.774210e-04,5.486519e-03,6.440724e-02,8.916584e-01
4,3.605925e-19,1.878913e-04,1.210879e-05,4.728106e-04,5.323574e-01,-9.716124e-01,-2.931838e+00
5,2.535740e-19,1.894530e-04,5.078166e-06,4.767091e-04,7.876483e-01,1.882033e+00,-3.544008e+00
6,2.940929e-17,1.536052e-04,-7.610178e-06,4.811618e-04,-3.308112e-02,1.085085e+00,5.727031e-01
7,2.694435e-18,-9.379278e-06,-1.499963e-04,4.902753e-04,7.277069e-02,-8.681170e-01,3.318868e+00
8,6.579930e-18,-1.250280e-05,-1.499990e-04,4.951142e-04,4.256320e-02,-1.395004e-01,6.926772e+00
9,2.091214e-17,-4.731474e-06,-1.491210e-04,4.929720e-04,-4.980490e-01,-6.338073e-01,1.703861e+00
10,1.197203e-18,7.423180e-06,-1.757579e-04,4.802047e-04,-1.622724e-01,-7.235367e-01,-1.719810e+00
11,3.070075e-17,-2.402439e-05,-1.574937e-04,4.814860e-04,-1.320773e-02,2.478078e-02,-7.788887e-01
12,2.457271e-19,-1.757899e-05,-1.605463e-04,4.884289e-04,-1.982954e-01,1.047979e+00,6.666890e-01
13,2.548851e-19,-8.204032e-06,-1.667962e-04,4.774933e-04,1.082485e+00,-5.944440e-01,1.031279e+00
14,1.543053e-18,-1.040287e-05,-1.617858e-04,4.881059e-04,4.150544e-01,-3.571483e-01,9.764773e+00
15,1.201824e-18,-5.476739e-06,-1.695281e-04,4.915329e-04,2.772811e-02,2.214287e-01,8.954812e-01
16,2.800450e-18,-1.487173e-05,-1.710983e-04,5.020487e-04,2.243599e-02,2.807549e-01,2.678214e+00
17,3.017289e-18,-1.013171e-05,-1.633325e-04,4.895980e-04,5.871519e-01,-5.936398e-01,7.715845e+00
18,5.241331e-19,-1.054739e-05,-1.675779e-04,4.715971e-04,3.599597e+00,1.797501e+00,-3.715330e+00
19,2.394620e-19,-7.421326e-06,-1.667961e-04,4.735870e-04,-3.844962e-01,4.421145e+00,-1.346526e+00
20,2.934303e-18,1.281195e-04,-1.249266e-05,4.762693e-04,5.157946e-01,-4.014605e-01,2.984699e+00
21,1.954887e-18,1.492653e-04,-4.751028e-06,5.007852e-04,-3.336756e-01,4.328587e-01,9.360806e+00
22,2.025511e-17,1.509464e-04,-1.738218e-06,5.019299e-04,-2.240681e-01,8.786262e-01,7.182477e+00
23,4.952765e-17,1.314103e-04,-4.546452e-06,4.885536e-04,9.264772e-01,1.101974e-01,1.759282e+00
24,3.879201e-17,1.331829e-04,-9.879532e-08,4.839298e-04,-1.567290e+00,1.330240e+00,7.836013e-01
25,4.051700e-18,1.273375e-04,-7.820772e-06,4.923048e-04,7.248650e-01,2.055698e+00,1.132763e+01
26,2.648852e-17,1.386109e-04,-7.000754e-06,4.985535e-04,-1.441323e+00,2.427199e+00,6.527411e+00
27,2.102769e-17,1.364121e-04,-8.395923e-07,4.974131e-04,6.968441e-01,-1.536763e+00,2.985826e+00
28,3.344852e-17,1.409494e-04,-1.455072e-05,4.923859e-04,9.397251e-01,1.032054e+00,4.429522e+00
29,2.011032e-18,1.460851e-04,-7.815290e-06,4.841160e-04,1.391624e-01,3.004091e-03,6.305915e-01
30,2.926300e-18,1.414128e-04,-3.883815e-06,4.910672e-04,8.785604e-02,1.573363e+00,4.787379e+00
31,2.321364e-18,1.429888e-04,-1.015122e-05,4.895596e-04,1.403357e-01,-2.193050e-02,3.803688e+00
32,1.249102e-18,1.351741e-04,-7.030916e-06,4.813907e-04,3.749971e-01,-1.086789e-01,1.293930e+00
33,1.199305e-18,1.343732e-04,-7.704009e-07,5.016589e-04,-4.786144e-02,2.816791e-01,2.244101e+00
34,5.744251e-19,1.269538e-04,-1.016815e-05,4.884191e-04,6.325161e-01,1.408284e+00,6.471825e+00
35,7.389418e-18,1.273033e-04,-1.165371e-05,4.818408e-04,-1.449363e+00,-1.447122e+00,4.704297e+00
36,2.867473e-18,1.320278e-04,-2.444305e-05,4.961389e-04,-6.922517e-02,-3.108396e-02,-1.254235e+00
37,8.183999e-19,1.320315e-04,-2.460917e-05,4.884291e-04,-8.028240e-03,-2.679533e-01,-8.635876e-01
38,1.195951e-17,1.359351e-04,-2.428042e-05,4.804117e-04,-1.443613e-03,-4.958601e-02,-1.179094e+00
39,1.701517e-17,1.432093e-04,1.434723e-05,4.922344e-04,-3.715490e-01,1.745960e-01,1.704026e+01
40,1.713191e-17,1.477856e-04,9.824494e-06,4.919746e-04,5.196647e-01,-3.157263e-01,1.736021e+01
41,2.921061e-18,1.335449e-04,1.250252e-05,4.981920e-04,-4.007689e-02,9.700163e-02,7.545578e+00
42,8.498912e-18,1.499057e-04,1.326035e-05,4.912882e-04,3.434622e+00,3.614331e-01,1.134257e+01
43,1.424813e-17,1.399358e-04,2.006550e-05,4.985037e-04,-2.525365e-02,8.613659e-02,5.200777e+00
44,3.477132e-18,1.390558e-04,7.811462e-06,4.981749e-04,7.483735e-01,2.336000e-01,2.906285e+00
45,1.850029e-17,1.443827e-04,1.265313e-05,4.966101e-04,6.902414e-01,-8.438366e-02,1.849044e+00
46,2.010559e-18,1.429890e-04,1.386779e-05,4.878902e-04,-3.062852e+00,2.067374e+00,1.663200e+01
47,8.869910e-19,1.475501e-04,1.054870e-05,4.866470e-04,2.251136e-01,-9.085797e-01,1.473359e+01
48,6.513992e-19,1.503920e-04,1.475633e-05,4.946733e-04,1.540800e+00,-6.739609e-01,1.067696e+01
49,8.314086e-18,1.432184e-04,1.358597e-05,4.806237e-04,-6.781156e-01,6.913397e-02,6.249336e+00
50,1.002318e-18,1.472656e-04,1.054799e-05,4.833385e-04,1.077603e+00,-1.313740e+00,9.866495e+00
51,7.680154e-19,1.480464e-04,9.766899e-06,4.829255e-04,-2.087470e+00,-1.342057e+00,9.433162e+00
52,3.139728e-19,1.316401e-04,8.985184e-06,4.704610e-04,2.978337e-01,-8.534993e-01,-6.189250e+00
53,1.376445e-18,1.343785e-04,-7.696680e-07,4.712386e-04,-3.275070e-01,1.113048e-01,-4.660617e+00
54,2.954833e-19,1.285170e-04,-1.210922e-05,4.720335e-04,-1.878021e+00,-4.240133e-01,-3.121054e+00
55,2.465484e-18,1.321547e-05,-2.352386e-04,4.770411e-04,5.164486e-01,3.750689e-01,-1.094256e+00
56,2.251458e-18,-1.482573e-05,-2.391228e-04,4.762310e-04,3.811774e-01,1.554763e-01,2.316870e+00
57,6.901767e-18,-1.533897e-06,-2.364900e-04,4.766999e-04,9.718068e-02,2.111138e+00,-1.560967e-01
58,3.009177e-18,-1.560620e-05,-2.336354e-04,4.777952e-04,-7.012125e-01,1.725358e-01,-4.817358e-02
59,5.381805e-19,9.765413e-06,-2.386725e-04,4.748049e-04,-1.643277e+00,2.844652e+00,-1.417347e+00
60,7.454827e-19,-3.116775e-06,-2.261721e-04,4.720222e-04,8.027937e-02,3.162463e+00,-4.182066e+00
61,8.109868e-19,-1.577141e-05,-2.337436e-04,4.743706e-04,-1.413981e-01,-1.171412e-01,-1.023162e+00
62,6.843706e-19,-1.495664e-05,-2.378901e-04,4.720286e-04,-5.718871e-01,8.452603e-01,-2.445938e+00
63,2.278880e-18,2.343561e-06,-2.496093e-04,5.000713e-04,-1.687948e-01,-5.105179e-02,8.184177e+00
64,1.890306e-18,1.172403e-05,-2.496093e-04,4.911601e-04,-1.206827e+00,-5.051674e-02,9.186535e-02
65,8.374133e-18,1.483736e-05,-2.304803e-04,4.916770e-04,-2.169850e-02,-1.443663e-01,8.394252e+00
66,3.265622e-18,1.328309e-05,-2.351508e-04,4.954066e-04,4.881114e-02,1.793247e-02,9.219997e+00
67,4.041739e-18,1.328438e-05,-2.351557e-04,4.900315e-04,6.510000e-02,4.783073e-02,6.915930e+00
68,2.510196e-19,1.367317e-05,-2.347639e-04,4.985722e-04,1.799142e-01,-3.535893e-01,9.961381e+00
69,3.605940e-17,2.399241e-05,-2.421834e-04,4.817910e-04,4.014162e-05,-1.882763e-03,-1.046176e+00
70,5.210186e-18,2.438954e-05,-2.241673e-04,4.830395e-04,5.790375e-02,2.251377e-02,-5.458663e-01
71,2.969073e-18,-7.848653e-07,-1.148441e-04,4.927031e-04,1.882225e-01,6.357454e-02,5.234718e+00
72,2.130166e-18,-7.735527e-07,-1.148489e-04,5.012555e-04,-2.394808e-01,1.995642e-01,5.379838e+00
73,8.800162e-18,-1.262189e-06,-1.019092e-04,4.838592e-04,-1.777787e+00,-4.068954e-01,7.365496e+00
74,3.354901e-18,2.460947e-05,-1.117175e-04,4.892360e-04,-3.585080e-03,1.256619e-03,-6.484380e-01
75,1.149821e-18,2.310739e-06,-7.421365e-05,4.884063e-04,-4.085031e-01,-7.413838e-01,3.030953e+00
76,2.839784e-18,5.470872e-06,-9.464487e-05,4.843442e-04,5.182746e-02,1.531006e+00,1.288344e+00
77,2.679957e-17,2.417347e-05,-7.260934e-05,4.847125e-04,1.367391e-02,4.040165e-01,-5.101288e-01
78,2.448750e-19,5.079555e-06,-9.804642e-05,4.946508e-04,-6.405084e-02,-2.712822e-02,-6.244262e-02
79,2.978236e-18,1.172315e-05,-8.749966e-05,4.988999e-04,1.034129e-01,-1.396074e-01,2.610227e+00
80,1.072176e-18,8.588560e-06,-8.203388e-05,4.837324e-04,-6.115759e-02,-1.940614e-01,2.749544e+00
81,2.503968e-17,2.413350e-05,-8.749844e-05,4.940465e-04,-3.629000e-01,2.932745e-02,9.001286e-02
82,2.733088e-18,5.479931e-06,-9.764789e-05,5.020605e-04,1.721728e-02,-1.835303e-02,1.574593e+00
83,1.785485e-18,2.460932e-05,-8.984684e-05,4.856783e-04,-4.861257e-03,1.076986e-02,-2.196228e+00
84,1.537843e-17,1.219348e-04,-1.343607e-05,4.977074e-04,2.396023e+00,-1.098598e+00,2.532872e+01
85,7.236905e-19,1.128908e-04,-7.699069e-07,4.821650e-04,1.731490e+00,6.534669e+00,3.250798e+00
86,3.252229e-17,1.148262e-04,-4.564676e-06,4.808199e-04,-3.023103e+00,1.626196e+00,1.476984e-01
87,2.416416e-19,1.050785e-04,-7.422494e-06,4.915343e-04,1.729659e-01,1.764419e-01,4.328263e-02
88,5.325938e-18,1.140143e-04,-6.254249e-06,4.897863e-04,9.247128e-01,2.230604e-01,8.634202e+00
89,1.451028e-18,1.101354e-04,-2.734614e-06,4.865381e-04,-1.516319e+00,2.594369e+00,1.001294e+01
90,1.575686e-18,1.031454e-04,-5.463038e-06,4.829511e-04,-1.037303e+00,-1.237504e+00,-6.043195e-01
91,3.046949e-17,1.091797e-04,3.125291e-06,4.923077e-04,-1.145200e+00,-1.190666e+00,2.556834e+00
92,1.295088e-16,1.093844e-04,3.378087e-06,4.920638e-04,-1.060771e+00,-1.267368e+00,2.624930e+00
93,4.136772e-18,1.046844e-04,1.479526e-05,4.975462e-04,2.193597e-02,-2.356703e-02,3.259307e+00
94,2.740834e-18,1.195108e-04,1.875223e-05,4.942187e-04,-4.034828e-02,1.584471e-02,7.034893e+00
95,3.906279e-18,1.233275e-04,1.009354e-05,4.855637e-04,6.804759e-01,6.578888e-02,4.178485e+00
96,1.279030e-18,1.179659e-04,7.943999e-07,4.977622e-04,-1.727962e-01,4.170720e-01,7.493282e+00
97,3.219277e-18,1.203166e-04,1.487142e-05,4.958328e-04,-2.103486e-02,1.410161e+00,6.867663e+00
98,2.487296e-19,1.183595e-04,4.297065e-06,4.829494e-04,-2.805504e-01,-6.437944e-01,1.831675e+00
99,4.461148e-18,1.204527e-04,1.177906e-05,4.987448e-04,4.074384e-02,2.385571e-01,4.468135e+00
100,5.075426e-19,1.101728e-04,8.203786e-06,4.884144e-04,-9.711204e-01,-4.067485e-01,1.739433e+00
101,2.599603e-18,1.148334e-04,8.592265e-06,5.005680e-04,-3.798492e-03,1.374807e-02,3.315262e+00
102,4.091062e-18,1.202089e-04,1.555080e-06,4.863413e-04,-1.229368e+00,-7.259339e-01,3.627301e+00
103,7.290097e-18,1.203052e-04,1.404987e-05,4.910496e-04,5.475309e-02,1.482267e-01,1.078912e+01
104,1.040297e-17,1.226681e-04,2.114023e-05,5.028894e-04,-1.146226e+00,1.580838e+00,3.807548e+00
105,5.998433e-18,1.195286e-04,1.875361e-05,4.902943e-04,-1.510007e-02,9.660005e-03,6.584078e+00
106,3.307944e-18,1.195294e-04,1.875119e-05,4.841590e-04,-2.884266e-01,-2.694422e-01,4.359551e+00
107,3.415052e-18,1.132789e-04,2.460945e-05,4.806209e-04,-1.207614e-02,5.782821e-02,-1.409989e+00
108,4.332327e-16,1.194336e-04,3.025117e-07,5.128982e-04,4.248777e-01,-1.258241e-01,9.431511e+00
109,2.208523e-17,1.207144e-04,-1.596346e-05,5.085218e-04,-2.196459e+00,-2.765590e+00,3.301021e+01
110,5.739775e-18,1.148470e-04,-5.790723e-06,5.220848e-04,1.250610e+00,2.904238e-01,1.594635e+01
111,9.055652e-19,1.139226e-04,-5.639741e-06,5.124853e-04,-7.720367e-01,9.861162e-01,7.694684e+00
112,4.955864e-17,1.095828e-04,-1.240710e-05,5.214873e-04,-8.146476e-01,-2.549970e-01,4.656564e+00
113,7.758699e-18,1.031254e-04,-7.505387e-07,5.102814e-04,-1.999802e-02,1.795643e+00,6.812648e+00
114,4.520618e-18,1.031242e-04,-5.466585e-06,5.093609e-04,-1.936690e-01,-3.562782e-02,7.132729e+00
115,4.005583e-18,1.148402e-04,-1.797969e-05,5.241129e-04,2.839159e-02,-3.728157e-02,4.257971e+00
116,3.011070e-19,1.214820e-04,-1.523331e-05,5.039958e-04,6.596199e-01,-7.521961e-01,3.153526e+01
117,2.790910e-18,1.054720e-04,-7.036931e-06,5.128902e-04,2.816869e-01,-3.604873e-01,5.290092e+00
118,5.138471e-18,1.195210e-04,1.875683e-05,5.148115e-04,-2.395827e-02,4.906333e-01,1.757913e+01
119,1.757261e-17,1.041237e-04,1.020772e-05,5.210491e-04,-3.909791e-01,-1.654763e+00,9.356333e+00
120,3.897592e-17,1.181371e-04,1.572871e-05,5.187702e-04,-2.733296e-01,-3.199564e-01,1.305849e+01
121,5.017842e-17,1.121063e-04,6.347319e-06,5.207257e-04,-7.709415e-01,-4.856771e-01,4.247788e+00
122,8.686495e-19,1.204239e-04,1.502177e-05,5.055424e-04,-1.233639e-01,-4.241767e-01,7.202127e+00
123,7.330440e-19,1.048258e-04,1.549769e-05,5.109424e-04,-2.393731e-01,9.621717e-01,3.389279e+00
124,7.379173e-18,1.148267e-04,7.879806e-06,5.141303e-04,6.244431e-02,1.026452e-01,8.660687e+00
125,2.790551e-18,1.070352e-04,8.591470e-06,5.252151e-04,1.151304e-01,-3.592660e-01,5.844439e+00
126,4.778977e-17,1.080235e-04,1.900070e-05,5.246482e-04,1.933498e-01,7.483320e-02,4.393231e+00
127,2.906078e-17,-1.476866e-05,1.977207e-04,5.332960e-04,5.115818e-01,3.206985e-01,6.208094e+00
128,2.406762e-18,-6.245196e-06,1.992186e-04,5.463335e-04,-4.376973e-01,9.547453e-02,1.289221e+00
129,9.719973e-18,-1.077571e-05,1.735232e-04,5.473449e-04,7.610703e-02,1.061870e+00,2.469086e+01
130,1.828094e-17,-8.503037e-07,1.925821e-04,5.493562e-04,-5.903741e-01,1.742169e+00,1.331499e+01
131,3.708276e-18,-1.484912e-05,1.757832e-04,5.312609e-04,4.476709e-01,-1.022430e+00,5.720385e+00
132,6.857654e-17,-1.490697e-05,1.759425e-04,5.309993e-04,9.387532e-01,-9.874198e-01,5.738995e+00
133,8.216944e-17,-7.155105e-06,1.932649e-04,5.449509e-04,-9.656135e-01,4.949129e-01,7.292113e+00
134,1.034671e-18,-6.266413e-06,1.742177e-04,5.428929e-04,3.296906e-02,-6.488357e-02,1.967681e+00
135,2.680271e-17,-7.769329e-06,1.935521e-04,5.298699e-04,-1.362949e+00,-2.253117e+00,4.246960e+00
136,9.970049e-19,-1.014843e-05,1.851410e-04,5.452047e-04,-3.726723e-02,-1.400038e-01,1.457485e+00
137,4.981993e-18,1.873354e-05,1.749997e-04,5.217750e-04,7.469656e-02,-2.024198e-02,4.395591e+00
138,9.850626e-17,-7.751013e-06,2.281650e-04,5.261388e-04,3.246126e-01,-4.206202e-01,7.469109e+00
139,5.079012e-17,-8.986649e-06,2.168066e-04,5.387454e-04,-1.203210e+00,6.083822e-01,9.641453e+00
140,6.684630e-18,9.541780e-07,2.195116e-04,5.451970e-04,-2.755641e-01,5.951764e-02,1.254750e+01
141,2.817319e-17,-1.328077e-05,2.060386e-04,5.326775e-04,-8.093482e-01,-4.962052e-01,1.009221e+01
142,1.134594e-17,-9.806794e-06,2.021759e-04,5.476327e-04,2.921236e-01,4.603205e-01,7.534394e+00
143,6.733660e-18,-7.686154e-07,2.026956e-04,5.317167e-04,2.776681e-03,-6.873633e-01,7.307739e+00
144,3.054299e-18,-1.718819e-05,2.070308e-04,5.275169e-04,1.642481e-01,-2.131730e-02,2.581520e+00
145,3.081603e-18,-1.406009e-05,2.179666e-04,5.267346e-04,-3.287963e-01,2.697994e-01,1.926387e+00
146,4.852338e-18,3.125094e-06,1.851571e-04,5.241041e-04,-4.401560e-02,-6.258172e-02,1.050079e+01
147,4.545024e-18,3.128515e-06,1.851577e-04,5.084881e-04,-1.166880e-01,-4.868536e-02,6.249668e+00
148,3.384416e-17,1.570502e-05,2.009364e-04,5.232536e-04,1.173427e+00,-2.301583e-01,5.374250e+00
149,3.624916e-18,1.585296e-06,1.772987e-04,5.057965e-04,-1.690117e-01,-2.034277e-01,7.970389e+00
150,1.364716e-17,1.262980e-05,1.812703e-04,5.099763e-04,9.167823e-01,1.581274e-01,7.144241e+00
151,2.248747e-17,1.250652e-05,1.776941e-04,5.075131e-04,-7.587167e-01,3.410904e+00,8.087166e+00
152,5.220438e-18,1.280319e-05,1.945005e-04,5.120523e-04,-1.629314e+00,-9.694978e-01,3.583290e+00
153,1.920533e-18,1.330310e-05,1.837649e-04,5.122490e-04,-1.397231e-02,-3.668172e-01,2.940773e+00
154,2.549219e-17,1.557656e-05,1.882558e-04,5.059281e-04,9.058163e-01,5.973721e-01,2.092087e+00
155,2.956177e-18,3.115069e-06,1.914077e-04,5.113299e-04,6.419297e-01,1.623249e-01,3.351019e+00
156,7.245428e-19,3.874546e-06,1.964834e-04,5.085995e-04,1.950395e+00,6.420724e-01,1.285663e+01
157,1.156137e-17,-2.042860e-05,1.932871e-04,5.150774e-04,8.946653e-01,-1.622039e-01,3.712646e+00
158,1.734966e-18,-8.650958e-06,1.952541e-04,5.077577e-04,1.301111e-02,1.183162e-01,1.441331e+00
159,2.908452e-18,-3.911999e-06,1.929742e-04,5.059269e-04,2.532991e-03,5.166994e-02,9.684780e-01
160,1.491355e-17,5.625293e-05,-2.104182e-06,5.151753e-04,8.637898e-03,-1.067649e-01,1.100705e+01
161,3.694032e-18,4.296895e-05,1.640677e-05,5.267447e-04,1.009015e+00,1.122556e+00,1.767368e+01
162,3.103390e-17,4.260778e-05,1.664543e-05,5.271735e-04,8.581866e-01,1.145304e+00,1.716028e+01
163,3.012672e-18,4.999743e-05,1.719731e-05,5.190939e-04,-1.147022e-01,-8.882748e-02,3.326953e+00
164,2.638298e-18,3.828030e-05,3.905984e-06,5.259421e-04,6.714770e-03,-7.607491e-02,9.724668e-01
165,2.499123e-17,6.459664e-05,1.129492e-05,5.175912e-04,-9.894590e+00,2.366688e+00,3.996262e+01
166,7.742491e-17,5.547440e-05,1.747511e-05,5.288127e-04,-2.796477e-01,-2.124416e-01,5.603158e+00
167,1.645862e-18,6.913923e-05,1.030900e-05,5.031580e-04,-6.076169e+00,-1.357693e+00,3.244092e+01
168,7.145384e-18,4.845049e-05,1.052255e-05,5.496605e-04,-1.710296e+00,3.230654e+00,1.877800e+01
169,6.087510e-17,6.605811e-05,2.554102e-06,5.434455e-04,2.734893e+00,1.613488e-01,1.433169e+01
170,1.915315e-17,6.384650e-05,1.312119e-05,5.305754e-04,2.499468e+00,8.465591e-01,1.047249e+01
171,3.061896e-18,6.874781e-05,1.719726e-05,5.380665e-04,3.718940e-02,2.849033e-02,3.043228e+00
172,1.311682e-17,7.247346e-05,8.470212e-06,5.491955e-04,3.376403e-01,-5.364049e-01,9.727358e+00
173,5.328066e-18,7.185983e-05,1.483874e-05,5.469523e-04,-3.240716e-01,1.909604e-01,7.653331e+00
174,1.401988e-17,7.357424e-05,1.677172e-05,5.491266e-04,-7.541480e-01,6.405615e-03,8.270663e+00
175,1.073160e-18,7.422049e-05,-8.611827e-06,5.286121e-04,6.614995e-02,7.514830e-02,5.181041e+00
176,6.105337e-19,5.466770e-05,-5.076487e-06,5.496956e-04,-1.355611e+00,8.669472e+00,1.952881e+01
177,3.216937e-17,4.212103e-05,2.355451e-05,5.476543e-04,-4.012293e-01,7.537344e+00,1.068287e+01
178,1.863557e-17,4.146418e-05,8.316766e-06,5.416651e-04,7.798539e-01,-8.824130e-01,4.344905e+00
179,1.897163e-17,2.997414e-05,1.547640e-05,5.410192e-04,-3.067755e-01,4.641242e-01,7.951057e+00
180,1.287631e-17,3.999227e-05,1.542514e-05,5.490648e-04,8.696423e-01,7.238778e-01,9.951193e+00
181,4.768160e-18,2.890756e-05,1.874915e-05,5.458919e-04,-2.223889e-01,1.847278e-02,5.432104e+00
182,1.528034e-18,1.953321e-05,2.504853e-09,5.345780e-04,2.338459e-02,1.207508e-02,3.074631e+00
183,4.844832e-18,1.093801e-05,-4.204154e-10,5.256167e-04,8.382133e-02,-6.819341e-03,1.470661e+00
184,3.119353e-18,3.126667e-06,1.562540e-06,5.281549e-04,-7.391800e-02,8.348038e-03,-2.369854e+00
185,2.915588e-17,6.786975e-05,-9.378688e-06,5.034480e-04,-1.182709e+00,6.319094e-01,1.833126e+01
186,7.479971e-18,7.109216e-05,-9.374874e-06,5.082341e-04,1.273105e+00,2.375856e-01,6.503421e+00
187,7.424806e-17,7.061850e-05,-9.187802e-06,5.083095e-04,1.206782e+00,4.083464e-01,6.516312e+00
188,4.328494e-17,5.448176e-05,-5.833219e-06,5.199859e-04,-1.539724e-01,-2.009659e-01,1.396619e+01
189,3.356500e-18,7.344136e-05,-3.906453e-06,5.043573e-04,-3.655937e-01,-5.606077e-01,1.104189e+01
190,5.169461e-18,5.468631e-05,-9.374789e-06,5.008326e-04,3.944360e-01,-2.491946e-01,6.859479e+00
191,3.138473e-18,5.240114e-05,-1.682528e-06,5.097003e-04,-2.472483e-01,7.546061e-01,1.134538e+01
192,3.771199e-18,6.484102e-05,-1.171835e-05,5.098045e-04,3.087741e-01,-3.357537e-01,3.361367e+00
193,3.154187e-17,6.465214e-05,-1.151297e-05,5.096057e-04,1.652888e-01,-5.202803e-02,3.187635e+00
194,6.806728e-18,7.504527e-05,-8.844536e-06,5.173130e-04,5.003577e-01,2.773394e-01,5.918296e+00
195,3.432433e-17,5.607257e-05,-2.399875e-05,4.987459e-04,-1.347511e-02,-9.031269e-03,-9.010696e-01
196,6.927829e-18,5.926143e-05,-1.717897e-05,5.039239e-04,-8.641174e-02,-1.978655e-01,-1.038655e+00
197,1.127294e-18,6.172574e-05,-7.019952e-06,5.147999e-04,-3.402008e-02,-1.019997e-02,3.178950e+00
198,9.973769e-19,-3.515807e-06,-2.165668e-04,4.764075e-04,4.542934e+00,-4.837525e-01,1.065925e+00
199,1.456835e-17,-3.689757e-06,-2.120937e-04,4.792706e-04,-3.633586e-01,-2.296231e-01,2.865371e+00
200,3.344282e-18,7.888816e-06,-2.202184e-04,4.754109e-04,-1.685863e+00,1.756294e+00,3.772118e+00
201,2.512334e-19,9.766024e-06,-2.035161e-04,4.759298e-04,-2.436264e-02,-3.208315e-01,2.380510e+00
202,3.080911e-19,-1.210816e-05,-2.035177e-04,4.728068e-04,1.652209e+00,7.218705e-01,1.416144e+00
203,3.004934e-17,2.735677e-06,-2.037062e-04,4.610851e-04,1.344863e+00,-2.052117e-01,6.064153e+00
204,2.518535e-19,7.422026e-06,-2.207028e-04,4.720226e-04,6.888713e-01,3.441949e-01,-9.138339e-01
205,1.911739e-17,1.093749e-05,-1.909574e-04,4.764354e-04,-1.206330e-01,-4.149184e-01,1.153401e+00
206,8.731858e-18,5.484020e-06,-1.856973e-04,4.703421e-04,2.679095e-01,2.476875e+00,-6.730815e+00
207,1.117193e-18,1.367202e-05,-1.867259e-04,4.755601e-04,-5.357526e-01,3.927762e-01,-1.934087e+00
208,2.077376e-17,-6.235702e-06,-1.835703e-04,4.834589e-04,-1.393958e-01,-8.811376e-01,8.588937e+00
209,1.552741e-18,-6.498362e-06,-1.851052e-04,4.752077e-04,2.673144e-01,-1.199019e+00,-2.425576e-01
210,3.613369e-18,-3.876838e-06,-1.889572e-04,4.775361e-04,-2.378009e-01,-7.706599e-01,4.875324e-01
211,1.408970e-16,-1.018952e-05,6.208614e-05,4.954573e-04,2.628250e-01,-6.134212e-01,3.034231e+00
212,1.017120e-18,-9.205739e-06,4.912120e-05,4.938773e-04,-9.530555e-03,4.227169e-01,3.397608e+00
213,1.123647e-16,-2.353004e-05,6.148604e-05,4.856010e-04,-1.149257e-02,-1.377809e-01,-4.787845e-01
214,1.929058e-17,-1.860827e-05,7.101237e-05,4.924517e-04,-4.406501e-02,5.860405e-01,5.634659e+00
215,6.612270e-19,-1.054672e-05,4.921207e-05,4.993399e-04,-5.674184e-01,1.536373e-01,5.322698e+00
216,1.525474e-18,-1.716956e-05,6.872593e-05,4.892096e-04,-4.134570e-01,-1.484665e-01,6.169707e+00
217,3.148645e-18,-1.766289e-09,7.500597e-05,4.927200e-04,-4.894814e-01,-6.214554e-02,9.559040e+00
218,4.870562e-17,7.464689e-07,4.855332e-05,4.894029e-04,-3.079648e-01,-2.252047e-01,3.337904e+00
219,1.198921e-17,-2.070697e-05,6.340819e-05,4.822365e-04,-1.672684e+00,-7.288495e-01,3.132333e+00
220,6.858550e-17,-1.367145e-05,4.794948e-05,4.827552e-04,-6.668664e-02,-6.927597e-01,2.949037e+00
221,1.593120e-17,-1.617561e-05,5.452490e-05,4.807421e-04,9.376000e-01,-4.803447e-01,6.702720e-01
222,1.183940e-17,-1.822019e-05,5.208966e-05,5.008308e-04,3.287272e-02,1.208202e-01,2.327877e+00
223,3.118573e-18,-4.688111e-06,5.546422e-05,4.903383e-04,-1.488745e-01,4.718423e-02,-1.346061e+00
224,2.748216e-18,-1.641366e-05,6.093429e-05,4.880315e-04,3.226504e-01,4.695839e-02,-8.285227e-01
225,4.241721e-17,-2.727075e-07,7.309979e-05,5.028597e-04,3.827840e-02,3.742057e-01,1.211302e+01
226,4.931761e-18,-6.245376e-06,5.546994e-05,4.845213e-04,-4.245427e-02,-9.088513e-04,1.228807e+00
227,3.065949e-18,-6.268280e-06,5.395792e-05,5.019120e-04,-1.879899e-01,-6.367417e-01,4.101483e+00
228,1.367582e-18,-2.368814e-06,6.015102e-05,4.868464e-04,1.072516e-01,-2.383087e-01,2.778638e-01
229,4.737604e-18,3.099961e-07,5.937542e-05,4.903678e-04,-5.443747e-02,5.618386e-02,-1.461076e+00
230,8.074246e-18,-2.432342e-05,7.109593e-05,4.889903e-04,-2.293843e-02,-4.053898e-03,-1.216222e+00
231,2.307269e-18,-2.460959e-05,5.390531e-05,4.969721e-04,-3.314456e-02,-9.278814e-02,-9.010109e-01
232,8.229781e-17,8.215697e-06,6.890805e-05,4.960912e-04,1.360467e+00,6.716031e-01,1.390939e+01
233,3.143015e-17,8.725126e-06,6.030972e-05,4.918721e-04,-6.055604e-01,-7.982047e-01,8.525463e+00
234,5.287386e-17,8.946708e-06,6.745967e-05,4.824407e-04,7.336084e-01,-1.227239e-01,8.889039e+00
235,4.732410e-18,3.134213e-06,7.280154e-05,4.788061e-04,-1.869397e+00,1.861892e+00,4.924609e+00
236,5.063911e-17,1.698846e-05,4.940297e-05,4.793297e-04,2.860656e+00,2.952223e+00,5.835495e-01
237,1.151281e-16,1.008164e-05,7.664250e-05,5.005646e-04,-3.090136e-01,-6.843058e-01,8.950760e+00
238,2.872747e-18,1.015394e-05,6.016653e-05,4.825425e-04,-2.472730e-01,-3.258626e-02,4.940930e+00
239,9.100696e-18,4.450243e-06,7.030583e-05,4.838548e-04,9.778350e-01,3.504103e-01,7.148871e+00
240,1.540356e-17,1.763563e-05,5.277796e-05,4.760825e-04,1.354502e+00,-1.791444e+00,2.950663e-02
241,1.792862e-18,2.840200e-06,7.382805e-05,4.746135e-04,3.215088e-01,1.578997e+00,2.600080e+00
242,1.173174e-17,1.677217e-05,5.476350e-05,5.007430e-04,-9.222687e-01,-2.055138e+00,4.343671e+00
243,8.508067e-17,6.630989e-06,5.878362e-05,5.043773e-04,-5.169145e-01,-2.804586e-01,4.130174e+00
244,2.716741e-18,1.632660e-05,6.493395e-05,4.784548e-04,-4.219121e-01,3.981478e-01,-3.164707e+00
245,6.522758e-18,1.720620e-05,5.422074e-05,4.975759e-04,7.543630e-01,4.998864e-01,8.107646e+00
246,1.726662e-16,6.767114e-06,4.817822e-05,5.024385e-04,-1.001030e+00,-6.387658e-01,7.891205e+00
247,3.613081e-19,6.641029e-06,6.992273e-05,4.891920e-04,2.013691e+00,-7.621704e-01,1.075400e+01
248,1.264521e-17,2.427091e-05,6.172832e-05,4.974968e-04,3.015606e-02,-2.996586e-02,-1.055217e+00
249,7.792816e-18,7.861733e-06,4.714824e-05,4.928226e-04,-4.504071e-01,-1.520430e+00,1.973447e+01
250,3.710955e-17,1.166294e-05,3.842236e-05,4.874519e-04,-1.998434e+00,4.463718e-01,7.825845e+00
251,2.535269e-16,-9.222054e-07,3.523737e-05,4.877783e-04,-2.582234e-01,-1.331521e+00,7.946927e+00
252,1.002123e-16,7.905194e-06,2.364826e-05,4.911221e-04,7.676261e-01,1.662458e+00,5.337445e+00
253,2.880348e-17,-9.317708e-07,2.892489e-05,4.960940e-04,-2.308333e+00,7.884919e-02,7.480225e+00
254,3.082381e-18,3.084582e-06,2.812569e-05,4.919362e-04,7.389542e-01,-8.026001e-01,7.142611e+00
255,2.771191e-19,5.078283e-06,4.648483e-05,4.845091e-04,6.981148e-01,-1.378723e+00,7.751973e+00
256,1.864270e-17,3.528495e-07,2.383335e-05,4.953217e-04,2.950067e-01,5.026718e-01,1.726521e+00
257,3.553759e-18,7.885120e-06,4.833597e-05,4.884508e-04,-5.126910e-02,-6.699860e-01,1.580701e+01
258,1.307639e-18,1.333832e-05,2.420511e-05,4.930974e-04,7.486181e-01,-1.048874e-01,3.664942e+00
259,2.634440e-17,1.653526e-05,4.527158e-05,5.014569e-04,5.240060e-01,-1.171895e+00,8.384576e+00
260,2.875433e-17,1.909530e-07,3.014599e-05,4.779558e-04,7.178433e-01,3.268639e+00,7.578380e-01
261,1.537964e-18,1.564215e-05,4.688026e-05,4.892025e-04,2.003326e+00,4.470090e-01,1.222866e+00
262,2.794879e-18,2.189993e-05,4.843486e-05,4.912022e-04,1.052273e-01,3.956828e-01,1.264314e+00
263,3.716956e-18,1.013009e-05,2.887663e-05,4.984121e-04,7.488152e-02,-5.219409e-02,1.190109e-01
264,1.250403e-17,9.843434e-06,3.741856e-05,4.807471e-04,-3.202864e+00,-8.898281e-01,9.666502e+00
265,1.592286e-18,4.625374e-06,3.526794e-05,4.945122e-04,1.293078e-01,-2.077344e-01,-3.292692e-01
266,6.057660e-18,-9.171370e-07,3.366430e-05,4.778188e-04,1.607617e+00,7.885756e-01,6.917382e+00
267,3.806603e-18,2.460946e-05,3.828211e-05,4.922005e-04,4.508254e-02,4.634228e-03,-1.553210e+00
268,2.523573e-18,3.851757e-06,4.148279e-05,4.849666e-04,-4.755376e-01,2.656528e-01,-5.316192e-01
269,2.396214e-17,2.411356e-05,2.927353e-05,4.788421e-04,6.299387e-02,-2.193779e-03,-1.072954e+00
270,1.669912e-16,-5.640211e-06,4.524518e-05,4.901820e-04,1.423075e+00,2.248480e+00,7.818735e+00
271,2.079103e-17,-1.650410e-05,4.173807e-05,4.894299e-04,-1.728974e-01,5.969869e-01,1.458528e+01
272,1.664731e-17,-1.267940e-05,4.233345e-05,4.927755e-04,1.566002e+00,-1.223921e+00,1.115545e+01
273,9.205747e-17,-7.007621e-06,2.391461e-05,4.984712e-04,-1.414903e-01,-4.189727e-01,4.050966e+00
274,2.035988e-17,-1.102160e-05,2.652661e-05,4.881437e-04,1.201328e+00,1.905815e+00,2.035364e+00
275,2.192405e-18,-6.191405e-06,2.582926e-05,4.839960e-04,-5.159257e-01,-9.369291e-02,3.360140e-01
276,7.624429e-18,-2.421897e-05,3.593728e-05,4.802255e-04,3.237341e-02,-3.336673e-02,-1.044188e+00
277,3.168479e-17,-2.391798e-05,3.596765e-05,4.801833e-04,-5.203195e-02,-2.799952e-02,-9.672967e-01
278,2.389705e-17,-2.395839e-05,3.768180e-05,4.928951e-04,-1.640227e+00,-1.015352e+00,9.374372e-01
279,2.654157e-17,-1.069904e-05,2.723066e-05,4.777326e-04,8.000580e-02,-1.977000e+00,-2.649821e-01
280,1.649849e-18,-3.515744e-06,4.786610e-05,4.752485e-04,3.788814e+00,3.684565e+00,-3.931574e+00
281,4.393886e-18,-1.561865e-05,4.138958e-05,4.853039e-04,4.219954e-01,6.162335e-01,1.463023e+01
282,2.410727e-17,-2.409900e-05,3.469285e-05,4.976752e-04,-3.911387e-02,-4.089234e-02,-6.492570e-01
283,2.254131e-16,-1.972647e-04,2.991417e-06,5.239666e-04,-8.737717e-03,1.495795e-01,7.987549e+00
284,3.388504e-17,-1.990458e-04,7.903075e-06,5.077077e-04,1.436454e+00,1.011223e+00,1.464921e+01
285,2.029288e-16,-1.994117e-04,8.014982e-06,5.080489e-04,1.159636e+00,9.413562e-01,1.377572e+01
286,2.439541e-17,-1.994205e-04,4.689793e-06,5.018186e-04,1.640473e+00,1.673085e+00,1.667757e+01
287,4.886543e-19,-2.203159e-04,-3.900240e-07,5.263323e-04,-2.030657e-01,1.346110e-01,6.122238e+00
288,3.410013e-17,-2.144147e-04,-2.091144e-06,5.399367e-04,4.163047e+00,-2.894746e+00,1.556456e+01
289,1.874979e-17,-1.782806e-04,6.403104e-06,5.168538e-04,-2.107443e-01,2.998424e+00,1.592808e+01
290,1.525232e-16,-1.779962e-04,6.454900e-06,5.167563e-04,-5.812922e-02,2.428174e+00,1.554514e+01
291,5.655623e-17,-1.851550e-04,-4.707182e-07,5.073915e-04,1.326759e+00,8.155550e-01,6.998748e+00
292,8.027140e-17,-1.780011e-04,1.111754e-05,4.980755e-04,1.034355e+00,1.070441e+00,5.754785e+00
293,1.883779e-16,-1.850892e-04,-3.256471e-07,5.073600e-04,1.252170e+00,7.241759e-01,6.785194e+00
294,3.129136e-17,-1.856487e-04,1.063964e-05,5.084927e-04,-1.125678e+00,-2.416607e-01,1.866518e+01
295,2.303116e-17,-1.750733e-04,1.246207e-06,5.079539e-04,1.147464e+00,4.663906e-01,1.541438e+01
296,4.845541e-18,-1.945226e-04,7.818106e-06,5.116494e-04,-9.635389e-02,2.742636e-01,8.486047e+00
297,5.166167e-18,-1.835986e-04,6.246800e-06,5.016075e-04,-2.677165e-01,-1.752464e-01,1.354816e+01
298,1.241672e-17,-1.803267e-04,-3.266782e-08,5.214307e-04,-1.830529e-01,6.832434e-02,6.919154e+00
299,6.777480e-18,-1.835680e-04,1.013220e-05,5.046727e-04,2.737699e-01,-1.554633e+00,2.240078e+01
300,3.419624e-18,-1.859357e-04,1.718721e-05,5.167188e-04,-1.071266e-01,-1.469954e+00,2.245901e+00
301,3.160159e-18,-1.937502e-04,1.562710e-05,5.020697e-04,-2.437754e-02,6.547703e-03,2.744313e+00
302,4.074603e-18,-1.859754e-04,1.722834e-05,5.115725e-04,-4.864250e-02,1.694474e-01,5.396633e-01
303,6.131320e-18,-1.828140e-04,1.562610e-05,5.266757e-04,1.143377e-01,-3.774907e-01,2.041809e+00
304,3.639033e-17,-1.976939e-04,1.412574e-05,5.491381e-04,3.061426e-01,-3.250276e-01,1.530973e+01
305,2.747479e-17,-1.965538e-04,2.290365e-05,5.460655e-04,7.964624e-01,1.661990e+00,7.099234e+00
306,1.814249e-17,-1.803553e-04,1.781240e-05,5.312441e-04,-1.958759e+00,-6.051370e-02,6.679934e+00
307,2.795117e-18,-1.851583e-04,-1.420281e-09,5.408983e-04,3.024205e-02,-6.421623e-02,5.333112e+00
308,3.526661e-17,-1.802067e-04,-2.057830e-06,5.291104e-04,9.827390e-01,-1.698872e+00,8.124394e+00
309,3.207013e-17,-1.796912e-04,1.251065e-05,5.310109e-04,-4.546544e-01,2.933721e-01,3.723813e+00
310,2.525778e-17,-1.724508e-04,5.487607e-07,5.490782e-04,8.778536e-01,1.181237e+00,1.148550e+01
311,2.207047e-18,-1.929658e-04,2.265609e-05,5.358109e-04,-1.251887e-02,-3.146212e-02,6.363176e-01
312,2.968396e-18,-1.874979e-04,1.329030e-05,5.463847e-04,1.092039e-01,-5.186241e-02,1.803495e+00
313,3.027310e-18,-1.758316e-04,-6.259753e-06,5.259255e-04,-2.540494e+00,1.276051e-01,1.975833e+01
314,4.206198e-18,-1.741987e-04,-2.455834e-05,5.491669e-04,-5.583999e-01,-1.381256e+01,2.009896e+01
315,1.000557e-16,-1.722919e-04,-1.163186e-05,5.304989e-04,-4.128599e-01,-1.869753e-01,5.237267e+00
316,3.296305e-17,-1.539333e-04,1.424434e-06,5.308135e-04,-3.690296e-01,1.282058e+00,3.423244e+00
317,2.132181e-17,-1.485350e-04,-1.069678e-07,5.483724e-04,4.039138e-01,-1.610225e+00,7.695134e+00
318,3.553041e-18,-1.570339e-04,1.719113e-05,5.289876e-04,2.694631e-03,-5.721305e-03,6.450027e+00
319,2.345059e-19,-1.597671e-04,9.770587e-06,5.316234e-04,-6.805092e-02,8.501585e-02,4.886552e+00
320,3.329046e-17,-1.675310e-04,1.406316e-05,5.301261e-04,-8.287791e-01,1.499047e+00,3.271662e+00
321,5.971404e-18,-1.695303e-04,2.344472e-06,5.247644e-04,2.770877e-02,2.307586e-02,2.003789e+00
322,2.054950e-17,-1.692817e-04,1.626954e-05,5.380539e-04,-1.370084e-01,-7.130543e-01,3.308688e+00
323,2.667626e-18,-1.570428e-04,1.406113e-05,5.471261e-04,-1.689798e-01,2.701756e-01,3.580042e+00
324,1.278671e-18,-1.523149e-04,1.562315e-05,5.376551e-04,-6.371535e-02,1.075654e-02,-7.773022e-01
325,3.578881e-17,-1.848718e-04,-1.216040e-05,4.998530e-04,-2.572768e+00,1.186344e+00,7.480613e+00
326,1.313875e-17,-1.837740e-04,-1.533791e-05,5.102352e-04,-3.718886e-01,-2.678613e+00,1.222762e+01
327,1.163930e-18,-1.749891e-04,-6.216884e-06,5.086089e-04,-2.298482e+00,-1.694747e+00,1.106597e+01
328,3.733389e-17,-2.020269e-04,-1.235217e-05,5.038858e-04,-1.684984e+00,-2.415657e-01,4.578339e+00
329,4.198505e-17,-1.833582e-04,-2.143872e-05,5.216648e-04,-3.513944e-01,-1.095843e+00,1.505718e+00
330,3.887525e-18,-1.798515e-04,-1.250975e-05,5.059849e-04,4.305118e-01,2.699090e-02,2.308781e+00
331,5.896403e-17,-2.171878e-04,-8.495817e-06,5.412498e-04,3.721771e-01,-2.047872e-01,1.096556e+01
332,1.792072e-16,-2.169101e-04,-8.279122e-06,5.410854e-04,3.746791e-01,2.522041e-03,1.083452e+01
333,4.440176e-18,-2.187455e-04,-1.015262e-05,5.287007e-04,1.206041e-01,2.255586e-01,1.000447e+01
334,7.842361e-18,-2.257820e-04,-1.797348e-05,5.330755e-04,4.737890e-02,-7.624016e-03,3.346241e+00
335,7.741234e-18,-2.085938e-04,-9.564057e-06,5.324087e-04,-1.313180e-02,1.203752e-01,7.221889e+00
336,4.304764e-18,-1.782880e-04,-6.816201e-06,5.371249e-04,-3.331840e+00,2.963343e-02,2.238910e+01
337,6.338856e-18,-1.968739e-04,-4.689118e-06,5.446796e-04,-1.224488e-01,1.637052e-02,6.044377e+00
338,4.426248e-18,-1.992384e-04,-5.480717e-06,5.398622e-04,-9.590422e-01,-1.628932e-01,6.225191e+00
339,1.763427e-17,-1.906092e-04,-1.144574e-05,5.353313e-04,2.682770e-01,-1.115578e-01,5.185618e+00
340,1.224810e-18,-1.804644e-04,-3.908341e-06,5.428907e-04,-7.994640e-03,-3.325008e-02,2.112750e+00
341,1.592115e-18,-1.945310e-04,-9.370663e-06,5.497201e-04,-1.209642e-02,1.891931e-01,1.321685e+01
342,2.859770e-18,-1.906262e-04,-1.250319e-05,5.418596e-04,9.280957e-02,-2.518855e-01,2.359691e+00
343,4.294185e-17,-2.244825e-04,-1.100072e-05,5.048113e-04,6.927213e-01,6.533670e-01,8.760456e+00
344,2.504916e-17,-2.054073e-04,-8.617575e-06,5.001950e-04,-3.266933e-01,6.392333e-01,5.329458e+00
345,2.767766e-17,-2.151463e-04,-1.037547e-06,5.024379e-04,-1.437856e-01,1.318710e+00,6.136291e+00
346,9.890947e-18,-2.180797e-04,-1.015615e-05,5.123477e-04,5.029982e-01,-4.424008e-02,7.344089e+00
347,3.708266e-17,-2.220280e-04,-2.970377e-06,5.193338e-04,1.080189e+00,9.040865e-01,3.425108e+00
348,1.231619e-18,-2.039004e-04,-2.345530e-06,5.170633e-04,4.994578e-03,5.995669e-02,5.018068e+00
349,2.221029e-17,-2.030011e-04,-1.772929e-05,5.182359e-04,-9.627079e-02,5.716950e-01,5.037850e+00
350,1.084892e-17,-2.055637e-04,-1.419232e-05,5.110112e-04,3.714338e-01,-1.714884e-01,3.375565e+00
351,5.299461e-19,-2.132679e-04,-1.679767e-05,5.140558e-04,-2.226461e-01,-3.821876e-01,1.040459e+00
352,1.351107e-18,-2.109397e-04,-8.605260e-06,5.201899e-04,5.472191e-02,-1.226771e-02,2.741516e+00
353,5.031749e-18,-2.187491e-04,-1.014893e-05,5.240137e-04,1.976958e-01,1.858411e-01,9.205769e+00
354,4.934489e-19,-2.054774e-04,-1.367255e-05,5.063079e-04,2.436722e-01,2.297514e-01,2.315394e+00
355,5.308616e-19,-1.671981e-04,-7.421399e-06,4.759308e-04,-1.075930e+00,1.440702e+00,-2.367033e-01
356,6.432378e-19,-1.621093e-04,-2.304705e-05,4.755385e-04,1.755169e+00,-3.470946e+00,-6.259023e-02
357,1.887280e-18,-1.616012e-04,-2.188040e-05,4.780078e-04,9.293178e-01,-3.795028e-01,3.245267e+00
358,1.739060e-16,-1.621053e-04,-9.723317e-06,4.879435e-04,-6.578447e-01,-5.709779e-02,3.019410e+00
359,1.106250e-16,-1.721372e-04,-3.242020e-06,4.884635e-04,-9.433870e-01,-7.317782e-01,5.547940e+00
360,3.168813e-17,-1.511472e-04,-2.402386e-05,4.904169e-04,-4.486966e-04,-4.426869e-02,-7.999980e-01
361,4.738932e-17,-1.696114e-04,-1.311610e-05,4.958280e-04,2.480841e+00,-2.084613e+00,7.008483e+00
362,4.797233e-18,-1.521312e-04,-9.457879e-06,4.976101e-04,2.275373e+00,-2.065668e+00,4.986241e+00
363,6.047003e-17,-1.543833e-04,-7.019066e-06,4.830134e-04,2.252889e+00,-3.591870e+00,-7.344638e-03
364,2.366624e-19,-1.636732e-04,-1.836052e-05,4.938952e-04,3.533512e-01,1.948568e+00,1.246108e+00
365,5.511559e-18,-1.672528e-04,-1.170853e-05,4.995888e-04,-2.569284e-01,1.296416e+00,1.472716e+01
366,2.930210e-18,-1.578111e-04,-1.562677e-06,4.794038e-04,9.671914e-03,2.177693e-02,-3.566686e-02
367,6.981997e-18,-1.632485e-04,-2.018603e-05,4.812676e-04,-2.117527e-01,7.864087e-01,4.394116e+00
368,1.577977e-18,-1.570477e-04,-1.887162e-05,4.777354e-04,1.348951e-01,-9.534849e-02,-1.775105e+00
369,4.492993e-18,-1.585285e-04,-2.960967e-06,4.952501e-04,6.911365e-03,1.015988e+00,2.119039e+00
370,5.247010e-18,-1.570344e-04,-1.875231e-05,4.860394e-04,-2.945706e-02,-4.111149e-02,2.721786e+00
371,7.492137e-19,-1.496094e-04,-3.906600e-07,4.770113e-04,3.345939e-02,2.568675e-01,-1.502400e+00
372,2.136829e-18,-1.672258e-04,-1.090009e-05,4.920317e-04,1.218407e-02,2.613972e-01,1.112805e+01
373,1.527646e-17,-1.672200e-04,-1.068215e-05,4.848019e-04,1.818759e-01,-7.282661e-01,6.485637e+00
374,1.151533e-18,-1.672101e-04,-8.203006e-06,4.778603e-04,1.509523e-01,7.533381e-02,2.320575e+00
375,3.151294e-18,-1.609385e-04,-1.015214e-05,4.810381e-04,5.268139e-01,-3.391192e-01,1.561190e+00
376,4.645219e-17,-1.474975e-04,-1.118645e-06,4.817960e-04,1.007531e+00,1.492846e+00,-5.155035e-01
377,2.415168e-17,-1.685017e-04,1.128636e-05,4.975698e-04,-3.563079e+00,2.341053e+00,2.221438e+01
378,2.326632e-17,-1.725529e-04,1.365703e-05,4.925357e-04,3.588061e+00,3.439299e+00,1.750365e+01
379,2.241405e-17,-1.553085e-04,1.178212e-05,5.003545e-04,2.025068e+00,-5.990271e-01,1.044716e+01
380,5.016703e-17,-1.580240e-04,8.082068e-06,4.858361e-04,-9.262984e-01,-5.795821e-01,1.684019e+00
381,1.433297e-18,-1.585984e-04,1.254065e-05,4.829591e-04,-3.873841e-01,-3.663330e-01,3.991239e+00
382,1.449197e-18,-1.585524e-04,1.173175e-05,4.931008e-04,-1.125711e+00,-9.256217e-01,5.956609e+00
383,1.554119e-17,-1.509449e-04,1.577378e-05,4.888982e-04,-1.571016e-01,-1.225214e-01,5.101937e+00
384,1.856966e-17,-1.741420e-04,6.276869e-06,4.851436e-04,-6.208544e-01,-1.222599e+00,9.153335e-01
385,4.591454e-18,-1.703128e-04,2.345220e-06,4.952826e-04,-1.549788e-02,1.078003e-01,4.352233e-01
386,4.449489e-18,-1.744782e-04,1.111327e-05,4.866322e-04,-4.084320e-01,1.613206e+00,1.343474e+01
387,9.939908e-19,-1.748051e-04,9.767909e-06,4.834550e-04,-1.519108e-01,-6.926102e-01,9.104340e+00
388,1.260379e-17,-1.578439e-04,2.426935e-05,4.912460e-04,2.607516e-03,-1.278754e-02,-1.219821e+00
389,7.833314e-18,-1.492442e-04,2.431971e-05,4.846304e-04,9.589571e-02,1.538346e-02,-9.876103e-01
390,1.422406e-17,-1.771719e-04,2.426530e-05,4.776232e-04,-3.324048e-02,7.810296e-02,-1.100693e+00
391,1.807301e-17,-1.288831e-04,6.240864e-06,4.857840e-04,-6.536483e-01,-4.469615e+00,1.105014e+01
392,1.144659e-17,-1.419270e-04,2.421872e-05,4.875168e-04,-2.554874e-03,-4.706130e-02,-1.219925e+00
393,5.322901e-17,-1.424542e-04,2.378575e-05,4.857323e-04,-2.284697e-01,3.256827e-01,4.128600e-02
394,1.744524e-17,-1.353131e-04,1.175956e-05,4.808652e-04,8.810304e-01,9.367193e-01,5.382450e+00
395,3.380019e-18,-1.460945e-04,1.718592e-05,4.919229e-04,-9.127000e-02,-1.435010e-01,6.222937e+00
396,1.606575e-17,-1.462842e-04,1.363203e-05,4.787899e-04,4.252733e-01,2.407290e-01,2.343921e+00
397,9.770964e-18,-1.336451e-04,1.580430e-05,4.923273e-04,8.629460e-01,2.108010e-02,2.974110e+00
398,3.003819e-18,-1.335737e-04,1.562031e-05,5.004960e-04,2.153490e-01,-1.097414e-01,3.793026e+00
399,1.918288e-17,-1.448503e-04,1.827845e-05,5.021886e-04,6.188834e-01,1.418482e-02,8.480182e+00
400,2.995583e-19,-1.464823e-04,1.679549e-05,4.759378e-04,-3.330437e+00,-1.023919e+00,-5.950463e-01
401,2.872298e-18,-1.398487e-04,4.689082e-06,5.012413e-04,-2.022685e-01,5.506504e-02,3.639735e+00
402,4.674856e-18,-1.484486e-04,3.888357e-06,5.022156e-04,-1.337857e-01,1.362557e-02,2.903959e+00
403,2.012846e-17,-1.346694e-04,2.417339e-05,4.910044e-04,4.417144e-03,-1.007841e-03,-1.050283e+00
404,2.527174e-16,-1.342380e-04,-6.869657e-06,4.966120e-04,1.046336e+00,-2.255322e-01,3.280815e+00
405,1.897555e-17,-1.412891e-04,-1.698201e-05,4.951573e-04,-1.564111e+00,-2.471650e+00,4.376220e+00
406,2.676579e-18,-1.273396e-04,-1.327752e-05,4.935350e-04,-1.844289e-01,5.627513e-01,6.256796e+00
407,1.589693e-18,-1.328784e-04,-1.476827e-05,4.846319e-04,-4.739594e-02,7.120871e-01,4.558261e+00
408,3.428722e-18,-1.328141e-04,-1.016180e-05,4.809803e-04,-6.620065e-02,2.495051e-02,1.616629e+00
409,5.057907e-19,-1.402345e-04,-8.610958e-06,4.845137e-04,-4.987565e-01,1.228676e+00,-6.734034e-01
410,1.254961e-17,-1.231285e-04,-7.575477e-06,4.963915e-04,1.021351e+00,-9.589166e-01,2.915175e+00
411,1.341033e-18,-1.477365e-04,-1.353104e-05,4.966947e-04,2.755907e-02,3.443995e-01,-3.032740e+00
412,4.402825e-18,-1.273438e-04,-1.333027e-05,4.897416e-04,-8.830300e-02,2.842770e-01,5.411887e+00
413,2.151132e-18,-1.445978e-04,-3.175794e-06,4.925871e-04,4.079637e-01,-4.043939e-02,-2.854830e+00
414,4.006789e-18,-1.336037e-04,-1.484145e-05,5.008727e-04,-8.648022e-01,7.935328e-01,-9.911907e-01
415,3.017319e-18,-1.273726e-04,-1.330249e-05,4.841377e-04,1.619107e+00,1.455626e+00,2.231859e+00
416,2.405328e-18,-1.476174e-04,-2.443162e-05,4.953085e-04,-1.240962e-02,-8.754631e-02,-8.427435e-01
417,1.736479e-18,-1.367163e-04,-2.460953e-05,4.958509e-04,-1.893726e-01,-7.712736e-02,-2.659197e+00
418,9.680365e-17,9.653585e-06,2.359157e-04,5.445383e-04,8.325751e-01,4.921274e-01,6.216095e+00
419,7.731579e-17,9.005395e-06,2.226977e-04,5.035585e-04,-3.578977e-02,-5.034411e-01,8.616364e+00
420,2.813694e-17,2.005459e-05,2.490604e-04,5.234575e-04,1.401050e+00,1.724953e-02,1.201025e+01
421,6.913329e-17,1.025842e-05,2.487973e-04,5.454510e-04,-3.503990e-01,2.555235e-02,6.368924e+00
422,6.697412e-17,-1.629441e-09,2.488730e-04,5.274750e-04,-2.755270e-01,-6.709777e-02,7.734013e+00
423,1.388294e-16,-4.238723e-07,2.481813e-04,5.271766e-04,-4.815743e-01,-3.440953e-02,7.904098e+00
424,3.952708e-17,2.857115e-07,2.425185e-04,5.476977e-04,-3.528804e-01,1.555254e+00,9.287616e+00
425,1.176821e-18,1.250850e-05,2.281239e-04,5.301190e-04,3.715389e-01,-1.345207e-01,4.970719e+00
426,3.963650e-18,2.251487e-05,2.495566e-04,5.279803e-04,6.423405e-01,-5.998157e-02,4.521952e+00
427,1.616719e-18,1.397044e-05,2.376155e-04,5.439416e-04,-5.727860e-01,2.515740e-01,2.469769e+00
428,4.873363e-18,2.818855e-06,2.445178e-04,5.410749e-04,5.036958e-01,1.437682e-02,3.207915e+00
429,7.277810e-19,1.784147e-05,2.303322e-04,5.445594e-04,-2.233636e-01,-1.180727e-01,1.523333e+00
430,4.133327e-18,7.542719e-07,2.289605e-04,5.314486e-04,-6.370834e-01,-4.676072e-01,2.135241e+01
431,2.638821e-17,3.236098e-06,2.061395e-04,5.060181e-04,-8.654828e-01,8.189405e-01,4.002911e+00
432,3.336884e-17,2.104350e-06,2.227738e-04,5.145364e-04,-6.470128e-01,2.633183e+00,9.209287e+00
433,1.027256e-16,3.418862e-06,2.063703e-04,5.064323e-04,-3.598099e-01,5.925729e-01,3.886332e+00
434,2.741175e-17,2.499995e-06,2.124790e-04,5.198249e-04,-3.686272e+00,-1.067150e+00,1.206559e+01
435,6.168276e-18,1.172519e-05,2.164093e-04,4.997379e-04,-8.315103e-02,-7.450151e-02,5.914068e+00
436,1.208123e-18,1.173108e-05,2.164036e-04,5.094104e-04,3.443532e-01,-1.310441e-01,8.635915e+00
437,1.248425e-17,4.391801e-07,2.215485e-04,5.239759e-04,-8.423520e-01,1.687369e+00,1.003150e+01
438,3.444004e-18,-7.811148e-07,2.078113e-04,5.236297e-04,-1.325737e-03,-4.431095e-02,8.174537e+00
439,2.088950e-17,1.474405e-05,2.107620e-04,5.174810e-04,-4.677986e-02,4.076147e-01,6.605022e+00
440,5.150697e-19,1.054348e-05,2.164048e-04,5.148107e-04,8.175488e-02,2.735105e-01,5.467744e+00
441,5.984549e-18,1.872910e-05,2.207616e-04,5.129303e-04,-2.058071e-01,-6.091068e-02,2.756113e+00
442,2.034290e-17,-1.417203e-05,2.059259e-04,5.120256e-04,-1.822469e+00,-3.061160e+00,3.647924e+01
443,9.258581e-17,-1.757735e-05,2.168226e-04,5.067551e-04,2.917670e-02,7.642160e-01,9.533202e+00
444,3.463047e-18,-1.256356e-05,2.068571e-04,5.046863e-04,5.595255e-01,-1.259176e+00,3.104272e+01
445,3.732149e-17,-4.091474e-06,2.033385e-04,5.064487e-04,-1.514956e-01,-1.104294e+00,1.413176e+01
446,6.300858e-18,-1.267008e-05,2.079266e-04,4.993230e-04,-2.205484e+00,1.429876e+00,2.706561e+01
447,5.092072e-17,-1.536383e-05,2.217612e-04,5.174149e-04,-5.856312e-02,5.028834e-01,5.096192e+00
448,5.533990e-18,-2.345712e-06,2.148452e-04,4.996576e-04,-9.152904e-02,2.965170e-02,2.747596e+00
449,1.361999e-17,-2.074006e-05,2.254835e-04,5.051318e-04,-1.070444e+00,5.121188e-01,3.642802e+00
450,4.127748e-18,-2.345136e-06,2.148424e-04,5.116394e-04,8.195029e-03,4.490684e-03,4.353708e+00
451,1.845094e-17,-2.673209e-07,2.271421e-04,5.020862e-04,-1.597489e-01,-1.458399e+00,8.295330e+00
452,1.445830e-17,-2.285702e-06,2.062331e-04,5.098356e-04,1.109366e-01,2.010675e+00,3.149268e+00
453,3.198390e-18,-6.250646e-06,2.218747e-04,5.244117e-04,1.081733e-01,-8.122086e-02,3.475414e+00
454,2.058972e-17,-1.894043e-05,2.189906e-04,5.220485e-04,2.674149e-01,4.417302e-01,6.280919e-01
455,1.036960e-18,-7.033683e-06,2.085918e-04,5.094032e-04,2.808159e-01,-1.282731e-01,2.683213e+00
456,1.215000e-18,-2.361258e-06,2.148563e-04,5.163116e-04,1.711980e-02,5.177099e-02,4.279130e+00
457,1.852807e-17,-1.140303e-05,2.492177e-04,5.485981e-04,-1.333093e+00,2.351141e-01,8.547487e+00
458,5.057279e-17,-1.134923e-05,2.485285e-04,5.479981e-04,-1.036089e+00,4.812496e-01,7.595925e+00
459,4.292190e-17,-1.571874e-05,2.489902e-04,5.356902e-04,-2.775219e-01,-3.924427e-04,7.064207e+00
460,7.114386e-19,-2.414940e-05,2.496093e-04,5.271429e-04,-1.126451e+00,3.151596e-01,2.170696e+01
461,2.700739e-18,-3.908729e-06,2.398464e-04,5.290071e-04,7.618190e-02,1.001022e-01,3.275607e+00
462,4.799813e-18,-1.406263e-05,2.343847e-04,5.325197e-04,-3.602244e-02,-1.127959e-01,5.690467e+00
463,4.499600e-18,-9.372478e-06,2.328066e-04,5.443536e-04,6.950860e-03,-8.007864e-02,4.846238e+00
464,4.417351e-18,-3.907320e-06,2.336016e-04,5.349882e-04,-3.884684e-02,-3.290589e-02,-9.042958e-03
465,6.451639e-18,7.794463e-07,2.289164e-04,5.167022e-04,-2.082756e-01,1.121306e-01,1.323246e+01
466,6.732339e-19,7.847018e-07,2.496107e-04,5.170892e-04,3.130768e-02,1.992487e-01,7.340325e+00
467,8.980998e-17,2.374117e-05,2.320510e-04,4.979134e-04,-2.409101e-01,1.937866e-01,-5.148893e-03
468,4.531308e-18,8.028926e-06,2.390389e-04,5.214875e-04,4.455391e-01,-7.527459e-01,7.276379e+00
469,2.698372e-18,1.641200e-05,2.496084e-04,5.063124e-04,-1.614636e-01,-3.377127e-02,7.444712e+00
470,3.205219e-18,1.406235e-05,2.453063e-04,5.066895e-04,-7.367470e-02,3.140796e-02,2.231220e+00
471,5.180660e-19,1.289117e-05,2.281263e-04,5.132485e-04,-3.758701e-01,-3.193752e-01,2.156910e+00
472,2.863383e-18,-1.783546e-05,2.496092e-04,5.070688e-04,-6.364882e-01,4.863556e-02,1.558786e+01
473,1.617300e-18,-2.028472e-05,2.496100e-04,5.174998e-04,1.251514e+00,8.749021e-02,1.866610e+01
474,1.307603e-18,-2.232583e-05,2.496093e-04,5.208509e-04,-7.150655e-01,1.256455e-01,1.951356e+01
475,2.117666e-18,-1.880448e-05,2.496082e-04,5.127292e-04,4.445102e-03,8.190534e-02,1.811707e+01
476,2.471518e-17,-8.391931e-06,2.332412e-04,5.084865e-04,1.034886e+00,4.276735e-01,7.488217e+00
477,3.427137e-18,-2.319526e-06,2.265477e-04,5.105390e-04,9.131179e-01,-2.176123e-01,8.613006e+00
478,1.380567e-17,-7.282758e-06,2.273965e-04,5.064012e-04,8.020093e-01,-7.413423e-01,5.575129e+00
479,1.195820e-18,-7.778647e-07,2.390608e-04,5.178556e-04,1.444980e-02,-3.063586e-02,3.301669e+00
480,6.601205e-18,-1.078802e-05,2.359647e-04,5.088255e-04,1.831055e+00,5.476573e-03,3.527132e+00
481,2.705309e-18,-8.610005e-06,2.289067e-04,5.205758e-04,-4.448886e-01,9.885395e-02,8.997142e+00
482,4.804960e-19,-1.679817e-05,2.382769e-04,5.178943e-04,3.831126e-01,1.367218e-01,-1.176450e+00
483,1.106292e-15,5.783401e-05,1.355061e-05,4.392881e-04,-7.316903e-02,-1.048217e-03,5.898520e+00
484,1.515310e-16,5.767744e-05,1.349951e-05,4.391716e-04,-7.080181e-02,-4.145063e-03,5.741870e+00
485,1.820150e-17,-1.408898e-05,1.397059e-05,4.737756e-04,-1.720591e+00,-3.228009e+00,1.673430e+00
486,1.795418e-18,-1.876777e-05,1.246059e-05,4.745921e-04,2.125237e+00,-1.069507e+00,6.012849e-01
487,2.382533e-19,-1.835976e-05,1.054739e-05,4.688973e-04,1.016509e+00,-3.553863e+00,-2.207166e+00
488,1.291503e-17,-1.369556e-05,2.062250e-05,4.751480e-04,3.547074e-01,-4.750340e-01,1.365768e+00
489,2.522606e-19,-1.679645e-05,1.367152e-05,4.696764e-04,-3.870042e+00,-4.108627e+00,-4.421916e+00
490,2.844612e-18,6.374509e-08,8.667505e-06,4.762428e-04,-6.115461e-02,-3.801911e-02,-2.252571e+00
491,2.857410e-18,-1.323487e-05,3.008436e-06,4.777531e-04,1.301180e+00,-6.238321e-01,-4.335367e-01
492,2.441880e-19,-1.835880e-05,1.132859e-05,4.712443e-04,6.315301e-01,-4.087705e+00,-3.923692e+00
493,2.411425e-17,-9.369064e-06,-7.421345e-06,4.724171e-04,-1.473236e+00,-2.203379e+00,-1.013584e+00
494,4.526291e-18,-2.344694e-06,-4.109735e-06,4.765190e-04,-3.151762e-02,-3.958462e-02,-2.137962e+00
495,2.886579e-17,-1.938235e-05,-2.141410e-05,4.795898e-04,6.876099e-02,-1.446010e+00,8.336375e+00
496,7.531149e-19,-1.054659e-05,-2.582021e-05,4.743684e-04,4.973740e+00,5.951055e-01,1.120065e+00
497,1.541791e-18,-1.992189e-05,-1.947717e-05,4.702674e-04,-1.111892e+00,1.134287e+00,-2.192829e+00
498,2.690201e-19,-2.070336e-05,-1.914107e-05,4.689021e-04,-4.542051e-01,1.813108e+00,-5.719420e+00
499,8.016685e-19,-1.236634e-05,-1.733092e-05,4.728078e-04,2.588258e-01,-3.425863e-02,-1.815862e+00
500,5.828665e-19,-2.461053e-05,-1.486633e-05,4.689038e-04,2.284851e-01,-8.590798e-01,-5.237426e+00
501,2.564590e-17,-2.514260e-05,-1.439640e-05,4.769736e-04,-8.355845e-01,6.060947e-01,1.778629e+00
502,1.265958e-18,-1.798346e-05,-1.172189e-05,4.743691e-04,-9.386169e-01,-4.496704e-01,1.921785e-01
503,5.848806e-18,-3.901348e-06,-1.484567e-05,4.770949e-04,1.538207e-01,2.698107e-02,-7.260631e-01
504,1.634089e-17,-1.650694e-05,1.763327e-04,4.793020e-04,1.095536e-01,2.930934e-01,5.523055e+00
505,1.593303e-18,-1.445327e-05,1.756969e-04,4.716001e-04,3.243904e+00,-1.237082e+00,-2.760476e+00
506,3.963752e-17,-1.232503e-05,1.820489e-04,4.856425e-04,1.218974e-01,-1.225318e+00,1.241866e+01
507,2.779337e-17,-6.104271e-06,1.522194e-04,4.771825e-04,1.378076e+00,2.052149e+00,-4.632260e-01
508,4.752142e-18,-1.022700e-05,1.563479e-04,4.776408e-04,-7.897815e-02,-6.290897e-01,-3.736919e-01
509,6.786666e-18,-3.289418e-06,1.710841e-04,4.768514e-04,-4.790909e+00,4.485544e-01,-2.832171e-01
510,3.123067e-17,1.952310e-06,1.506122e-04,4.814951e-04,8.574820e-01,1.299719e-01,6.192895e+00
511,1.568630e-17,-1.851389e-04,1.187047e-05,4.924830e-04,2.652276e+00,-2.115767e+00,1.109425e+01
512,2.747266e-18,-1.863525e-04,1.562552e-05,4.874571e-04,9.123040e-01,4.925305e-01,8.367648e+00
513,3.544072e-18,-1.891391e-04,1.563144e-05,4.838870e-04,-7.937325e-01,-3.099149e-01,7.949242e+00
514,5.517429e-18,-1.773415e-04,-3.924787e-07,4.919108e-04,1.240988e-01,-2.576541e-01,8.452124e+00
515,2.021196e-17,-1.861583e-04,1.303940e-05,4.798016e-04,-8.138011e-01,-2.406991e+00,6.687458e+00
516,1.500894e-18,-1.968643e-04,1.323510e-05,4.938863e-04,-3.209080e-01,-4.132309e-01,7.251597e+00
517,1.206459e-17,-2.014569e-04,1.718162e-05,4.767282e-04,1.121221e+00,-1.174433e+00,3.564800e+00
518,7.639643e-18,-1.851164e-04,5.728497e-06,4.780426e-04,-4.042444e+00,-1.832688e+00,3.806025e+00
519,4.865158e-17,-1.826051e-04,9.228997e-06,4.877314e-04,-1.295855e+00,1.842089e-01,5.839246e+00
520,1.243549e-17,-1.944374e-04,7.843148e-06,4.985626e-04,4.038442e-02,-1.640077e-01,6.905751e+00
521,2.884511e-18,-1.834499e-04,6.294585e-06,4.843351e-04,1.281175e+00,1.008910e+00,5.318631e+00
522,7.352477e-18,-1.991167e-04,9.382116e-06,4.892707e-04,-1.082631e+00,-6.975838e-02,6.362059e+00
523,3.287179e-18,-1.836046e-04,6.232683e-06,4.911642e-04,3.505829e-01,4.733771e-01,5.907888e+00
524,3.523172e-18,-1.890664e-04,1.718604e-05,4.919337e-04,6.462754e-01,1.475513e-01,1.274791e-01
525,3.747179e-18,-1.890951e-04,1.644991e-05,4.768127e-04,3.148300e-01,2.695596e-02,3.283788e+00
526,2.650754e-18,-1.968731e-04,1.334039e-05,4.833820e-04,-1.197567e-01,8.589347e-01,2.687501e-01
527,1.054026e-18,-1.929709e-04,6.240213e-06,4.790523e-04,5.873927e-01,-5.372076e-01,1.178200e+00
528,1.142712e-18,-1.847655e-04,7.946227e-06,4.847442e-04,1.427155e+00,-1.728074e+00,5.621764e+00
529,5.585446e-19,-1.832030e-04,1.018270e-05,4.985627e-04,1.088758e-01,-1.305034e+00,1.372909e+01
530,3.596000e-18,-1.984466e-04,7.807283e-06,4.794394e-04,-1.349092e+00,2.131186e-01,-1.559437e+00
531,5.573726e-18,-1.937501e-04,7.813749e-06,4.930822e-04,6.573851e-02,-6.530376e-02,6.897658e+00
532,6.511262e-18,-1.836136e-04,7.990209e-06,4.820049e-04,5.929026e-01,4.760484e-01,4.398860e+00
533,2.110349e-18,-2.009066e-04,6.116657e-06,4.786931e-04,4.463547e-01,-5.464928e-01,-2.810727e+00
534,1.547899e-17,-1.944503e-04,2.425844e-05,4.871631e-04,-7.795611e-02,1.054841e-02,-1.065440e+00
535,6.354854e-17,-1.808318e-04,-1.404630e-05,4.875211e-04,-4.824410e-02,-1.193590e+00,7.461461e+00
536,2.875384e-17,-1.804273e-04,-2.207176e-06,4.818942e-04,1.129273e+00,2.062415e+00,6.072451e-01
537,3.046130e-17,-1.951512e-04,-1.308593e-05,4.758457e-04,1.012681e+00,-6.126740e-02,-5.266220e-01
538,1.183557e-17,-1.980572e-04,-6.280544e-06,4.792218e-04,-1.175783e-01,-6.331523e-01,4.736818e+00
539,1.143798e-17,-1.950181e-04,-2.236709e-05,4.939616e-04,1.126323e+00,-1.262312e+00,2.416029e+00
540,4.233848e-18,-1.801841e-04,-1.337424e-05,4.808812e-04,-8.764033e-01,1.772549e+00,6.940122e+00
541,2.218094e-18,-1.882833e-04,-2.442666e-05,4.951591e-04,1.617171e-01,-4.612021e-03,-2.145846e+00
542,3.864367e-19,-1.972657e-04,-3.515781e-06,4.728029e-04,5.115498e-01,3.000425e+00,-3.036010e+00
543,1.971038e-18,-1.962428e-04,-1.252120e-05,4.715030e-04,-3.083700e-01,-6.126173e-01,-1.240830e+00
544,1.892282e-18,-1.970088e-04,1.324788e-05,4.733751e-04,-1.617008e-01,-1.923136e-01,-1.795826e+00
545,3.215356e-19,-1.832031e-04,4.297182e-06,4.704594e-04,9.764732e-01,-1.895614e+00,-4.417959e+00
546,1.126065e-18,-1.832031e-04,5.078323e-06,4.720727e-04,1.216039e-01,-8.272654e-01,-3.907454e+00
547,3.275691e-19,-1.863279e-04,1.523406e-05,4.735949e-04,-1.070757e+00,8.968494e-01,-5.887580e-01
548,6.911600e-17,9.878002e-06,1.643924e-04,5.481440e-04,3.205296e+00,1.554629e+00,1.343080e+01
549,1.874210e-16,-4.550138e-06,1.637316e-04,5.402289e-04,4.807172e-01,5.905639e-01,1.391328e+01
550,3.351540e-17,-1.243827e-05,1.623109e-04,5.378665e-04,-8.612139e-01,-1.074904e+00,1.753406e+01
551,3.414488e-18,-1.249662e-05,1.640525e-04,5.493590e-04,-1.112277e-01,1.848688e-03,2.124803e+01
552,6.608960e-18,-1.563431e-06,1.485348e-04,5.380256e-04,-2.281746e-03,-2.872137e-01,5.576924e+00
553,1.089308e-18,-3.904326e-06,1.585984e-04,5.278508e-04,-4.659685e-02,-1.714121e-02,6.722057e+00
554,7.956737e-18,-2.087515e-05,1.662392e-04,5.255623e-04,-4.911114e-01,-6.664107e-01,4.441520e+00
555,5.715027e-18,-1.864631e-05,1.625652e-04,5.260918e-04,3.136367e-02,-2.229744e-01,8.104710e+00
556,1.237138e-17,-1.761855e-05,1.659890e-04,5.494239e-04,-1.842372e+00,-2.726450e+00,1.792423e+01
557,4.726413e-18,-1.327198e-05,1.609410e-04,5.452967e-04,-3.117799e-02,-4.139036e-02,7.468651e+00
558,1.190651e-18,-1.326811e-05,1.687220e-04,5.467252e-04,-1.337333e+00,-3.506197e-02,5.938596e+00
559,2.225920e-18,-2.111624e-05,1.734294e-04,5.449142e-04,-5.999355e-02,-1.817396e-01,-9.657016e-01
560,1.128870e-16,9.963691e-06,1.572024e-04,5.458886e-04,1.084679e+00,-4.415472e-02,5.674131e+00
561,6.763287e-18,1.694825e-05,1.687479e-04,5.477057e-04,3.165591e-01,-8.269873e-02,5.125762e+00
562,2.633410e-18,1.094752e-05,1.507931e-04,5.297288e-04,-1.331769e-01,-7.776119e-02,5.539098e+00
563,1.835450e-17,1.220933e-05,1.715923e-04,5.491970e-04,-8.226106e-01,8.534251e-01,1.300078e+01
564,1.170834e-16,6.317486e-06,1.462111e-04,5.486262e-04,-2.284518e+00,-9.847711e-01,1.204877e+01
565,1.241262e-18,-1.015939e-05,1.734734e-04,5.009016e-04,-8.405169e-01,4.567235e-01,8.003710e+00
566,3.322041e-18,-1.013562e-05,1.687526e-04,5.136603e-04,-1.205868e+00,-1.128604e-01,1.314437e+01
567,3.830395e-18,-9.346268e-06,1.687239e-04,5.058416e-04,1.036486e-01,4.956993e-03,1.083646e+01
568,3.344974e-18,-1.094859e-05,1.640673e-04,5.152286e-04,-5.821993e-01,-5.089740e-02,1.078990e+01
569,1.050867e-17,-4.685660e-06,1.657674e-04,5.176391e-04,-1.866527e-01,2.178983e-01,9.864682e+00
570,2.761630e-18,-1.095531e-05,1.640481e-04,5.252180e-04,-8.382505e-02,5.274667e-02,1.346358e+01
571,8.405615e-18,-8.574791e-06,1.576885e-04,5.163805e-04,-1.022040e+00,1.701948e-01,8.829324e+00
572,2.323550e-17,-1.084094e-05,1.632577e-04,5.032748e-04,1.473921e+00,3.964828e-01,7.244034e+00
573,1.390605e-17,2.728980e-07,1.531233e-04,5.237607e-04,3.123116e-01,-3.992696e-02,7.646113e+00
574,3.146552e-17,-3.682562e-07,1.640384e-04,5.084278e-04,7.348681e-01,9.212810e-03,9.509902e+00
575,2.859404e-18,-2.368750e-06,1.531236e-04,5.136409e-04,5.550984e-01,-1.187429e-01,5.887440e+00
576,5.070899e-17,-2.678070e-06,1.480666e-04,5.210631e-04,1.412626e+00,-3.317851e-01,7.065989e+00
577,2.844934e-17,4.778139e-07,1.503215e-04,5.099991e-04,-8.660427e-01,-3.404880e+00,8.205918e+00
578,1.521501e-18,-8.585030e-06,1.656561e-04,5.117231e-04,-3.540847e-01,1.283818e-02,8.858744e+00
579,8.632864e-18,-1.196165e-05,1.695362e-04,5.194609e-04,5.209524e-01,-6.352266e-02,8.800732e+00
580,1.182304e-18,-7.032185e-06,1.585921e-04,5.225093e-04,1.276099e-01,-1.387057e-01,5.240316e+00
581,4.096533e-17,-1.844880e-05,1.630692e-04,5.011359e-04,-4.246473e-01,-1.532238e+00,3.753394e+00
582,4.230132e-18,-8.599139e-06,1.648206e-04,5.087193e-04,-9.884527e-02,1.647248e-01,1.024725e+01
583,1.776641e-17,-2.415607e-05,1.676647e-04,4.995631e-04,-1.349117e-01,-7.796399e-02,-1.884993e+00
584,3.722423e-16,1.353922e-05,1.309924e-04,5.413210e-04,4.486319e-01,-2.635755e-01,8.425617e+00
585,9.992328e-16,-1.688360e-06,1.257594e-04,5.237645e-04,6.209485e-01,-5.029832e-01,8.106002e+00
586,2.816117e-16,-1.350079e-05,1.404838e-04,5.216084e-04,-1.129561e+00,2.343294e-01,4.384334e+00
587,8.422261e-17,1.853408e-06,1.424802e-04,5.251949e-04,-1.121559e-01,3.574958e-01,5.597982e+00
588,6.293146e-18,-2.055384e-05,1.368523e-04,5.426903e-04,-7.308697e-01,8.938949e-01,5.919849e+00
589,2.237367e-18,-1.173533e-05,1.242233e-04,5.281935e-04,-1.978975e-02,4.523326e-02,3.404544e+00
590,3.612925e-17,-1.939206e-05,1.357515e-04,5.485188e-04,-3.180349e+00,4.876701e-02,7.987914e+00
591,2.295209e-18,-5.458646e-06,1.406183e-04,5.462767e-04,-7.570858e-02,5.244426e-02,2.610555e+00
592,1.888291e-18,-5.356532e-06,1.406256e-04,5.431088e-04,-6.740953e-02,-7.706379e-03,1.892059e+00
593,5.752189e-18,1.250758e-05,1.242141e-04,5.297119e-04,4.732298e-01,2.327890e-01,8.608083e+00
594,1.349393e-18,6.262749e-06,1.265520e-04,5.263257e-04,-1.729475e-01,-3.546341e-02,6.596182e+00
595,9.654086e-19,2.349106e-06,1.359375e-04,5.308289e-04,-2.032213e-01,-4.687592e-02,5.135044e+00
596,7.298124e-18,1.809604e-05,1.234931e-04,5.460459e-04,6.896675e-01,-1.627993e+00,5.644399e+00
597,2.827735e-18,4.691081e-06,1.468797e-04,5.326853e-04,-4.825376e-02,-7.664128e-02,5.948257e+00
598,1.313370e-18,1.016845e-05,1.320334e-04,5.316257e-04,4.250971e-03,-5.834542e-03,6.815967e+00
599,2.468095e-19,1.835914e-05,1.300767e-04,5.475511e-04,3.479968e-01,6.655975e-01,-5.692129e-03
600,3.825161e-17,1.907332e-05,9.865288e-05,5.377002e-04,3.838570e+00,-5.195870e-01,2.490619e+01
601,5.371238e-17,-2.221131e-05,1.038911e-04,5.324106e-04,-8.707647e-01,-8.403002e-01,6.711269e+00
602,5.993848e-17,-8.732009e-07,1.137406e-04,5.362212e-04,-4.998781e-01,6.171175e-01,6.893961e+00
603,5.494649e-18,-9.375225e-06,1.171518e-04,5.465137e-04,-4.070806e-01,3.791092e-01,6.652444e+00
604,1.804608e-18,-1.400982e-05,1.030734e-04,5.468102e-04,-2.389414e-02,7.597171e-02,3.372850e+00
605,2.045474e-18,-7.368798e-07,1.195829e-04,5.370996e-04,-3.620843e-02,3.098421e-02,4.991189e+00
606,2.828084e-18,-2.109112e-05,1.031244e-04,5.471285e-04,-9.414382e-03,6.015116e-03,-9.051942e-01
607,4.314958e-18,1.407356e-05,1.179741e-04,5.354286e-04,6.901453e-01,-7.673929e-02,8.620249e+00
608,6.209229e-18,9.468539e-06,1.068604e-04,5.273146e-04,-1.100661e+00,1.042825e+00,3.701463e+00
609,2.162645e-18,3.130650e-06,1.234360e-04,5.379953e-04,-1.615923e-01,2.593236e-01,3.373330e+00
610,2.471842e-18,1.718885e-05,1.101560e-04,5.373357e-04,2.010599e-01,7.558025e-01,4.772289e+00
611,1.023866e-18,1.719947e-05,1.038999e-04,5.384502e-04,-1.141646e-01,3.502579e-03,2.927109e+00
612,1.047044e-18,7.783318e-07,1.226427e-04,5.451101e-04,9.364731e-02,-3.694447e-02,7.295104e-02
613,1.806343e-16,-5.735186e-06,2.020622e-04,4.832041e-04,7.158853e-01,1.196369e+00,3.769147e+00
614,5.056115e-18,-6.269937e-06,1.992936e-04,4.950627e-04,-3.666078e-01,5.721445e-01,7.359815e-01
615,3.874859e-17,1.764974e-06,1.985079e-04,4.906199e-04,-1.773299e+00,1.832995e+00,9.464328e+00
616,1.018005e-18,9.766941e-06,2.000059e-04,4.809933e-04,5.453687e-01,-1.713510e-01,2.714148e-01
617,3.801328e-18,6.968530e-07,1.996660e-04,4.844195e-04,-2.792042e+00,1.966506e+00,8.117233e+00
618,3.333664e-17,2.401724e-05,2.018823e-04,4.876532e-04,2.228796e-02,-1.630851e-03,-9.339417e-01
619,1.936146e-16,-3.105303e-06,1.742897e-04,4.903246e-04,-2.474219e-01,1.983687e-01,6.183109e+00
620,2.053676e-17,-7.238653e-06,1.831572e-04,4.987717e-04,8.163002e-01,7.300688e-01,1.507794e+01
621,4.233358e-18,-7.815626e-06,1.816159e-04,4.919135e-04,-4.092870e-01,-7.644613e-01,1.191545e+01
622,1.016405e-17,-1.175372e-05,1.787863e-04,4.856196e-04,5.097156e-01,4.944254e+00,7.206015e+00
623,2.036108e-18,-1.265051e-05,1.757648e-04,4.983493e-04,2.558143e-02,7.811368e-01,1.075552e+01
624,7.257153e-18,-1.720092e-05,1.835476e-04,4.991070e-04,-1.387702e-02,-8.203814e-01,2.287124e+00
625,2.254846e-17,-1.030996e-05,1.782232e-04,4.981714e-04,-1.442192e+00,-2.168725e-01,7.310163e+00
626,5.028826e-18,-5.472977e-06,1.949227e-04,4.965966e-04,-4.103952e-02,9.050417e-01,5.620153e+00
627,5.828395e-18,-4.416091e-06,1.826370e-04,4.840096e-04,4.767208e-02,7.344137e-01,5.757242e+00
628,2.182683e-17,-1.042388e-06,1.832568e-04,4.918867e-04,3.299783e+00,-9.132410e-01,3.561975e+00
629,2.883727e-18,-6.255950e-06,1.929849e-04,4.841599e-04,-1.873644e-03,-5.271215e-01,1.259942e+00
630,8.995020e-19,-9.255817e-06,1.845007e-04,4.852950e-04,-1.327495e+00,-9.970322e-01,2.628550e+00
631,1.213738e-18,-7.942107e-07,1.867136e-04,4.868438e-04,-5.617719e-03,4.757532e-01,2.376417e+00
632,1.513526e-17,-1.226314e-05,1.758082e-04,4.932148e-04,-9.473837e-01,-8.110413e-01,1.078530e+01
633,3.073688e-18,-2.677839e-06,1.960965e-04,4.934522e-04,-9.703526e-01,1.447824e-01,1.341493e+01
634,1.422960e-18,-1.037428e-05,1.778828e-04,4.825814e-04,-2.432276e+00,5.297646e+00,9.506685e+00
635,7.397666e-18,-8.551479e-06,1.913995e-04,4.909609e-04,-2.769570e-01,-2.257298e-01,8.665139e-01
636,1.135339e-18,-2.029461e-05,1.843607e-04,4.814022e-04,8.912261e-02,-3.885190e-01,-5.290951e+00
637,6.609930e-19,-8.113821e-07,1.964841e-04,4.899630e-04,3.326185e-01,8.884845e-01,1.144938e+01
638,8.503116e-18,-8.342099e-07,1.960837e-04,4.848176e-04,-2.751666e-01,-5.372027e-02,8.289745e+00
639,2.344533e-18,-2.460944e-05,1.859395e-04,4.954006e-04,-9.256264e-02,-1.554827e-02,-1.683294e+00
640,2.897497e-17,2.853435e-06,1.848120e-04,4.937548e-04,1.764349e+00,-9.768459e-01,7.303555e+00
641,1.310597e-17,1.285542e-05,1.949965e-04,4.790285e-04,8.063177e-02,-7.664399e-01,2.369217e+00
642,1.253860e-17,1.371191e-05,1.949178e-04,4.946858e-04,-1.243074e-01,-8.743441e-01,3.918692e+00
643,3.534500e-18,1.567834e-06,1.789093e-04,4.958118e-04,3.638249e-01,-5.824436e-01,7.237134e+00
644,3.515173e-18,3.925850e-06,1.969144e-04,4.788837e-04,1.004198e+00,-2.404941e-01,3.447238e+00
645,7.554693e-19,9.188908e-07,1.962148e-04,4.806058e-04,1.204327e+00,-1.010621e+00,5.491705e+00
646,1.457373e-18,7.815343e-06,1.773472e-04,4.899722e-04,-4.501847e-02,1.492578e-02,9.985471e-01
647,2.502498e-18,2.460969e-05,1.851536e-04,4.900490e-04,8.509155e-02,-6.856312e-02,-1.945880e+00
648,4.329807e-17,-1.808088e-05,1.511526e-04,4.814615e-04,-3.250661e-01,-3.706457e-01,4.973359e+00
649,3.921405e-18,-7.793214e-06,1.492409e-04,4.992071e-04,-6.317788e-02,-1.936389e-01,3.653933e+00
650,6.741722e-17,-1.396232e-05,1.478742e-04,4.937632e-04,7.528740e-01,-3.032182e-01,8.722653e+00
651,1.214947e-17,-1.081434e-05,1.709922e-04,4.933855e-04,8.568984e-01,-1.011653e+00,8.828740e+00
652,3.745510e-17,-8.839814e-06,1.477890e-04,4.876818e-04,-2.297573e+00,1.380212e+00,6.870307e+00
653,3.011064e-17,-3.699095e-06,1.696436e-04,4.942388e-04,-2.421835e+00,1.999479e-01,3.295344e+00
654,1.367804e-17,-5.856959e-06,1.540896e-04,4.930757e-04,-3.978788e-01,5.401540e-01,2.556385e+00
655,3.539751e-18,-2.304434e-06,1.640431e-04,4.854634e-04,1.086714e-01,3.409131e-01,2.741521e+00
656,4.996008e-18,-2.969083e-06,1.666045e-04,4.854696e-04,1.633180e+00,6.425970e-02,3.870581e+00
657,3.475204e-17,-8.960022e-06,1.640865e-04,4.852143e-04,9.525865e-01,2.236270e-01,2.497227e+00
658,2.366996e-18,-1.719334e-05,1.617469e-04,4.872717e-04,-3.467767e-02,-6.136358e-01,-3.525197e-01
659,4.768957e-18,-9.376085e-06,1.578126e-04,4.869738e-04,-2.782258e-02,-1.851317e-01,2.203302e+00
660,2.255542e-18,-2.413540e-06,1.640178e-04,4.910325e-04,6.705410e-01,1.475414e-02,3.488432e+00
661,4.606707e-18,3.347795e-08,1.713110e-04,4.821107e-04,-8.894409e-01,-6.160299e-01,5.062967e+00
662,8.460359e-18,-2.432932e-05,1.726539e-04,4.899370e-04,-4.116827e-02,-8.439886e-03,-1.068016e+00
663,4.372064e-18,1.559729e-05,1.687859e-04,4.976618e-04,-5.616874e-01,7.601612e-01,1.957926e+00
664,3.033639e-18,1.485948e-05,1.671895e-04,4.887503e-04,1.690914e-01,-8.559577e-01,2.313120e+00
665,2.223278e-17,1.164890e-05,1.635441e-04,4.862742e-04,-5.965316e-01,1.450498e+00,7.080693e-01
666,1.771366e-17,1.020188e-05,1.494562e-04,4.856884e-04,1.281154e-01,-3.537699e-01,1.386792e+00
667,2.559857e-17,1.642552e-05,1.520462e-04,4.761224e-04,9.243545e-01,-1.524526e+00,-1.293203e+00
668,1.828753e-18,5.633668e-06,1.712367e-04,4.771209e-04,-6.521093e-01,-3.173112e-02,-1.075154e+00
669,1.397487e-18,5.477452e-06,1.664103e-04,4.782712e-04,6.623660e-03,3.567366e-01,-1.538989e+00
670,2.326256e-18,2.442203e-05,1.695263e-04,4.865680e-04,5.908992e-02,-2.462414e-02,-2.156110e+00
671,4.034968e-18,2.460942e-05,1.585977e-04,4.827896e-04,9.353377e-03,-5.108934e-04,-1.622806e+00
672,3.076637e-19,-2.734016e-06,-2.773403e-05,4.759248e-04,-2.243457e+00,1.223475e+00,1.871747e+00
673,1.808836e-18,-1.143622e-05,-6.485348e-05,4.742381e-04,-6.616433e-01,-2.690123e+00,-7.655797e-01
674,2.547992e-19,-1.211035e-05,-6.367248e-05,4.767099e-04,-2.101714e-01,6.828396e-01,2.651624e+00
675,2.721868e-19,-1.953168e-06,-5.898440e-05,4.673328e-04,1.722807e+00,-2.175869e+00,1.476506e+00
676,4.810795e-17,-1.447082e-05,-6.869115e-05,4.823779e-04,-4.271100e-01,1.375236e+00,4.575860e+00
677,6.017974e-17,-1.917334e-05,-7.742178e-05,4.875826e-04,-1.651573e-01,2.400108e+00,7.156940e+00
678,4.270671e-18,7.289745e-07,-6.402298e-05,4.963157e-04,1.513029e-01,4.098704e-01,9.680957e+00
679,1.914272e-17,-6.166989e-06,-7.411837e-05,4.847212e-04,1.578902e-02,2.772296e-01,1.000742e+01
680,5.144905e-17,-1.317412e-05,-6.031068e-05,4.883254e-04,-3.803879e-01,1.225063e+00,8.944853e+00
681,5.345687e-17,-2.758498e-06,-5.342390e-05,4.977208e-04,-1.533332e+00,-3.984708e-01,5.125456e+00
682,3.145936e-17,-1.126602e-05,-6.242124e-05,4.998458e-04,2.327068e+00,-1.915392e+00,5.677097e+00
683,1.390837e-17,-1.805907e-05,-5.399959e-05,4.841903e-04,-2.452615e+00,9.787290e-01,1.296964e+00
684,2.468717e-18,-4.600557e-06,-7.330342e-05,4.794371e-04,1.865740e+00,1.292532e+00,4.709013e+00
685,2.854715e-18,-1.173031e-05,-7.265943e-05,4.950473e-04,2.500098e-02,6.644144e-02,2.990206e+00
686,7.634239e-18,-1.485441e-05,-6.613764e-05,5.005944e-04,-8.165959e-01,-1.032697e+00,3.112476e+00
687,1.171548e-18,-7.038549e-06,-7.266087e-05,4.938739e-04,1.264312e-01,-1.397441e-02,1.940532e+00
688,4.769527e-19,-1.289244e-05,-6.914224e-05,4.790575e-04,-6.964964e-02,1.875388e+00,6.396661e+00
689,1.264974e-17,-2.426866e-05,-6.725547e-05,4.834941e-04,-3.604901e-02,2.136067e-02,-1.006080e+00
690,4.603044e-17,-3.103331e-06,-2.783835e-05,4.820085e-04,2.483570e-02,-1.002488e+00,4.435467e+00
691,2.378103e-16,-5.939679e-06,-2.620457e-05,4.980405e-04,5.647805e-01,4.072235e-01,9.045616e+00
692,8.757083e-17,-4.507990e-07,-4.360175e-05,5.014324e-04,-3.004419e-01,6.461726e-02,2.457179e+00
693,9.991678e-19,-1.497434e-05,-2.832525e-05,4.923199e-04,3.896267e-01,-2.324683e-01,1.301170e+01
694,1.624200e-18,-1.482086e-05,-2.654915e-05,4.876383e-04,-4.541988e-01,2.023227e+00,9.078974e+00
695,2.625198e-17,1.505974e-06,-3.746016e-05,4.801659e-04,-2.603334e-01,5.126124e-01,1.687489e+00
696,7.949629e-18,-1.297481e-05,-4.495104e-05,4.964927e-04,-5.940882e-01,8.142632e-01,4.910896e+00
697,8.069902e-18,-1.437531e-05,-2.584371e-05,4.837834e-04,8.832439e-01,3.209265e-01,9.769024e+00
698,1.551746e-18,-1.250384e-05,-4.842770e-05,4.782746e-04,-5.161022e-02,-3.173979e-01,1.292383e+00
699,5.523106e-18,-5.469699e-06,-3.595932e-05,4.993477e-04,-6.587990e-02,5.527406e-01,-1.144138e+00
700,1.002522e-18,-4.688770e-06,-2.969055e-05,4.923012e-04,-9.601288e-02,-2.008382e-01,1.202483e+01
701,6.284665e-18,-1.411056e-05,-3.050510e-05,4.978664e-04,-1.186903e-01,-2.901116e+00,1.780634e+01
702,2.971248e-18,-4.721376e-06,-2.966197e-05,4.881044e-04,-8.222955e-02,-1.810144e-01,7.286237e+00
703,1.037183e-18,-1.309834e-05,-2.539104e-05,4.788003e-04,-7.560310e-01,3.839431e-01,6.245163e+00
704,1.353732e-18,-3.914326e-06,-2.568499e-05,4.774850e-04,-1.069014e+00,3.685460e+00,2.662669e+00
705,2.236150e-18,-2.460942e-05,-4.452865e-05,4.970475e-04,6.503210e-03,-1.758026e-01,-7.463162e-01
706,4.399768e-18,-2.578270e-05,-5.471616e-06,5.001496e-04,-9.808739e-02,4.328507e-02,3.524294e+00
707,1.398644e-18,-5.079017e-05,-1.561102e-06,4.923027e-04,-1.011105e+00,7.302809e-03,4.607030e+00
708,2.746181e-17,-5.154382e-05,-1.488753e-06,4.856731e-04,9.253589e-01,3.746587e+00,4.227198e+00
709,1.142433e-17,-3.984374e-05,2.602088e-07,4.999683e-04,-4.811113e-01,1.621643e+00,1.221288e+01
710,1.901867e-16,-4.109322e-05,3.014118e-06,5.014789e-04,8.014320e-01,4.066871e-01,8.277759e+00
711,2.897795e-17,-3.587803e-05,-6.252081e-06,4.937645e-04,7.531091e-01,9.618361e-02,1.220643e+01
712,2.672417e-18,-4.218264e-05,-8.591183e-06,4.980712e-04,1.488137e-01,-1.593258e-01,1.128231e+01
713,1.823614e-18,-3.766066e-05,-6.111592e-06,4.872643e-04,-5.224535e-01,4.160989e-01,8.262755e+00
714,2.389228e-18,-4.219476e-05,-8.581799e-06,4.918832e-04,-1.680149e-01,2.013825e-01,8.154133e+00
715,2.220442e-18,-3.614499e-05,-1.470320e-06,4.996810e-04,-2.358394e+00,2.404186e-01,1.506611e+01
716,4.320980e-17,-3.168625e-05,-3.915948e-06,4.962521e-04,-1.844300e+00,1.690737e+00,4.880332e+00
717,3.089082e-18,-3.593684e-05,-1.564878e-06,4.856365e-04,2.207226e-01,-1.123366e-01,6.548167e+00
718,2.738909e-18,-3.432243e-05,-9.353110e-06,4.934642e-04,-6.070555e-01,1.442043e+00,5.089828e+00
719,3.295828e-18,-3.594668e-05,-1.564516e-06,4.926895e-04,-2.793578e-01,1.361205e+00,9.463595e+00
720,1.385397e-18,-4.609907e-05,-8.591154e-06,4.938757e-04,2.209987e-01,1.180853e-01,6.181112e+00
721,3.695036e-18,-4.687196e-05,-4.687956e-06,4.934774e-04,3.516250e-01,2.933531e-02,7.484838e+00
722,1.297606e-18,-4.211599e-05,-8.649539e-06,4.759313e-04,5.550674e-01,-7.182373e-01,1.693182e+00
723,2.161123e-18,-2.895401e-05,-6.976903e-06,4.886836e-04,-1.674292e-01,-4.253047e-02,3.355221e+00
724,1.482735e-18,-4.216789e-05,-8.585052e-06,4.845113e-04,1.920002e-01,-8.848040e-01,5.666495e+00
725,3.233539e-17,-4.400216e-05,-1.183180e-05,4.778000e-04,-1.282145e+00,1.057339e+00,1.775943e+00
726,1.212683e-18,-3.439372e-05,-1.245077e-05,4.829579e-04,-6.597296e-02,4.086591e-01,1.335900e+00
727,1.329726e-18,-3.437712e-05,-1.561157e-05,4.899839e-04,-1.223126e-01,-2.367388e-01,5.150659e+00
728,9.971711e-18,-4.202674e-05,-1.733033e-05,4.815189e-04,4.623301e-01,1.448707e+00,3.820404e+00
729,4.885519e-18,-3.437216e-05,-1.798326e-05,5.024725e-04,-5.850540e-01,-4.585435e-01,7.907089e+00
730,3.386521e-18,-4.609505e-05,-3.378018e-06,4.772107e-04,1.210219e-01,5.022419e-01,-1.065166e+00
731,3.284042e-18,-4.140285e-05,-1.560124e-06,4.770716e-04,-8.579952e-01,2.352802e-02,1.639101e+00
732,1.643473e-18,-3.744651e-05,-6.372560e-06,4.842174e-04,-1.202311e+00,1.433300e+00,5.802953e+00
733,8.276012e-19,-3.789108e-05,-6.641249e-06,4.814174e-04,-4.335831e-01,2.072179e+00,4.304737e+00
734,1.678724e-17,-4.290558e-05,-2.420679e-05,4.968083e-04,2.779589e-02,2.732964e-04,-8.812488e-01
735,4.564804e-18,-3.821336e-05,-2.460947e-05,4.893115e-04,-9.787784e-03,-1.812006e-02,-1.785420e+00
736,7.304056e-17,-4.360076e-05,1.241459e-05,4.911323e-04,-6.205366e-01,6.650524e-02,3.805691e+00
737,2.386941e-17,-4.763218e-05,2.542516e-06,4.789481e-04,2.628069e+00,-2.508327e+00,1.631773e+00
738,1.727956e-18,-4.537475e-05,8.640269e-06,4.859646e-04,-5.608086e-01,-8.677519e-01,2.258537e+00
739,5.715473e-17,-3.589499e-05,3.288129e-06,5.036809e-04,-8.542182e-01,-6.263353e-01,6.707004e+00
740,3.467521e-18,-3.437527e-05,7.029867e-06,4.958210e-04,-1.128688e-02,5.289225e-01,6.238180e+00
741,6.038166e-18,-2.477333e-05,1.406773e-05,4.838796e-04,-1.946995e-01,-9.884667e-02,2.395228e+00
742,2.868877e-18,-3.360042e-05,1.563874e-06,4.904128e-04,6.561773e-01,6.867588e-02,1.536070e+00
743,1.009701e-18,-3.515738e-05,1.485922e-05,4.892038e-04,1.414092e-01,7.137602e-02,8.330973e-02
744,3.747119e-18,-4.218988e-05,1.171765e-05,4.817873e-04,5.501824e-01,1.339592e+00,1.315379e+00
745,3.033432e-18,-3.047030e-05,8.599636e-06,4.864556e-04,-9.031053e-02,-8.572737e-02,-1.853420e+00
746,2.493172e-17,-3.459172e-05,2.408648e-05,4.824897e-04,3.496751e-02,3.467738e-02,-8.872045e-01
747,1.248433e-16,-1.611475e-05,6.633444e-06,4.945069e-04,1.294771e-01,-1.400868e+00,1.149704e+01
748,4.994782e-17,-9.049644e-06,-1.251973e-06,4.969368e-04,2.637248e+00,1.172417e+00,8.157561e+00
749,2.701157e-17,-1.562537e-05,1.528016e-05,4.889812e-04,2.533188e+00,-1.207523e+00,9.700672e+00
750,1.380290e-17,-1.616806e-05,4.909233e-06,4.795502e-04,-1.520940e+00,-4.258234e+00,4.691529e+00
751,8.214313e-18,-1.678526e-05,9.972106e-06,4.843316e-04,1.899903e+00,-8.170005e-01,7.651088e+00
752,3.425202e-18,-1.889497e-05,1.508108e-05,4.808518e-04,-2.548635e-02,-1.764534e-01,5.262820e+00
753,6.502606e-19,-1.335633e-05,3.516115e-06,4.837174e-04,5.476201e-02,5.696157e-01,4.600664e+00
754,2.225457e-17,-3.247162e-06,1.135192e-05,4.877829e-04,2.638856e-01,4.848236e-01,5.474346e-01
755,1.333492e-18,-5.448690e-06,1.992195e-05,4.981205e-04,-4.370426e-01,1.310448e+00,-2.031522e+00
756,6.175992e-19,-1.914134e-05,1.411994e-05,4.774901e-04,1.005658e+00,-8.307657e-01,3.053531e+00
757,3.242657e-18,-7.814472e-06,1.874271e-05,4.950277e-04,-6.473258e-02,1.132599e-01,-2.149220e+00
758,1.563577e-18,-2.265032e-05,1.718825e-05,4.860852e-04,-1.348021e-01,-2.173955e-03,-3.980618e+00
759,4.115096e-17,-2.029232e-05,-7.340844e-06,4.835962e-04,-2.325811e+00,1.532862e+00,2.181834e+00
760,3.414196e-18,-1.561697e-05,-2.335479e-05,4.860711e-04,4.003491e-01,2.607781e-02,2.617838e+00
761,5.210511e-18,-1.445043e-05,-4.687733e-06,4.879956e-04,3.156977e-01,3.723752e-03,5.780385e+00
762,2.661258e-18,-3.904909e-06,-1.484616e-05,4.911217e-04,6.404979e-02,-4.212440e-02,4.480928e+00
763,1.451968e-18,-1.562796e-05,-2.347648e-05,4.962262e-04,-1.431931e-02,-1.130336e-01,1.284256e+00
764,4.103803e-17,1.370918e-05,-2.375706e-04,5.264492e-04,1.188567e+00,-3.239354e-01,1.298043e+01
765,1.502769e-16,1.370262e-05,-2.375330e-04,5.263289e-04,1.023932e+00,-4.242775e-01,1.348016e+01
766,4.072895e-17,3.903432e-07,-2.278240e-04,5.249577e-04,-1.715133e-01,-8.169535e-02,1.250459e+01
767,1.871396e-17,8.280490e-06,-2.267174e-04,5.144005e-04,1.660575e-01,-8.107675e-01,8.800911e+00
768,9.799669e-17,8.006195e-06,-2.266292e-04,5.145944e-04,-1.623758e-01,-4.461347e-01,8.861347e+00
769,2.339988e-17,2.180658e-05,-2.294167e-04,5.214976e-04,2.610987e+00,-2.333099e-01,2.079932e+01
770,1.436530e-17,1.156889e-05,-2.312821e-04,5.143020e-04,1.226120e+00,-1.125007e-01,1.341492e+01
771,1.512189e-17,1.561883e-06,-2.492177e-04,5.105443e-04,4.064671e-01,-1.367895e-02,7.997344e+00
772,1.995566e-18,1.640090e-05,-2.296881e-04,5.123132e-04,-2.346470e-01,-6.672981e-01,1.475846e+01
773,1.005501e-17,1.485430e-05,-2.297219e-04,5.049279e-04,4.622136e-01,5.491821e-01,1.472893e+01
774,7.034634e-17,2.022414e-06,-2.485373e-04,5.106672e-04,3.099780e-01,-1.788902e-02,8.196408e+00
775,1.719048e-17,1.312820e-05,-2.342792e-04,5.119495e-04,1.543313e-01,7.880583e-01,1.144202e+01
776,1.111779e-18,7.040543e-06,-2.413962e-04,5.201943e-04,-1.545811e-01,-2.321487e-01,7.914095e+00
777,5.489432e-18,9.394753e-06,-2.312359e-04,5.046571e-04,8.050913e-03,-3.403250e-01,1.107983e+01
778,5.529478e-18,1.097821e-05,-2.465828e-04,5.099124e-04,3.013373e-01,-4.307560e-01,4.958464e+00
779,3.484630e-18,1.785249e-05,-2.496094e-04,5.193045e-04,7.049221e-01,-2.205266e-02,5.185131e+00
780,3.283501e-18,1.093673e-05,-2.445365e-04,5.182782e-04,1.104417e+00,1.049414e-01,5.988499e+00
781,5.590565e-19,7.809379e-06,-2.496086e-04,5.124739e-04,-3.368004e-01,-1.694023e-01,3.538183e+00
782,3.298509e-18,1.561096e-06,-2.273400e-04,5.128221e-04,-1.448359e-01,4.774744e-02,8.316493e+00
783,1.769684e-17,2.352689e-06,-2.344749e-04,5.254260e-04,5.354706e-02,-5.809419e-01,1.056153e+01
784,5.879165e-18,3.352513e-06,-2.374994e-04,5.188290e-04,-1.381577e-01,-1.906742e-02,8.814578e+00
785,7.324718e-19,7.159683e-06,-2.417972e-04,5.253381e-04,-1.226812e-01,1.029620e-01,6.538774e+00
786,5.619592e-18,7.034329e-06,-2.414016e-04,5.091025e-04,-8.865708e-02,1.105757e-01,6.666064e+00
787,2.617035e-18,1.015512e-05,-2.496098e-04,5.240834e-04,4.843507e-02,4.297364e-03,5.483528e+00
788,2.553191e-19,1.835901e-05,-2.417966e-04,5.079040e-04,4.424817e-01,5.910121e-01,1.025084e+00
789,7.249491e-18,1.701858e-05,-2.493373e-04,5.095354e-04,3.155866e-02,-9.550159e-02,4.701902e+00
790,1.130742e-16,-3.913811e-06,-2.486756e-04,5.190037e-04,-1.060665e-01,6.017639e-02,6.417044e+00
791,5.016573e-17,1.716090e-05,-1.979966e-04,5.098560e-04,-5.824945e-01,5.392388e-01,1.359862e+01
792,2.092871e-16,4.198058e-06,-1.979020e-04,5.106732e-04,8.927869e-01,4.245086e-01,1.054395e+01
793,1.385982e-17,7.888429e-06,-2.040049e-04,5.047618e-04,-2.004779e+00,-5.961383e-01,1.677109e+01
794,1.477464e-17,9.969101e-06,-2.218219e-04,5.001725e-04,7.571554e-01,-8.022906e-02,5.379294e+00
795,3.301446e-17,2.243482e-05,-2.147520e-04,5.245753e-04,9.597500e-01,4.536796e-01,3.418307e+00
796,3.522108e-17,7.509971e-06,-2.190595e-04,5.240329e-04,-3.744582e-01,-2.062635e+00,7.840449e+00
797,4.600962e-17,4.326582e-06,-2.176793e-04,5.023628e-04,5.886001e-01,-2.319156e-01,4.607605e+00
798,4.732284e-18,5.469970e-06,-2.062497e-04,5.226038e-04,9.346199e-02,1.401391e-01,8.838807e+00
799,3.657773e-17,1.608730e-05,-2.128936e-04,5.061175e-04,1.528208e+00,-1.171789e-01,4.138115e+00
800,5.651911e-18,4.017227e-06,-2.117153e-04,5.225132e-04,4.905788e-01,-1.568180e-01,7.723411e+00
801,3.607020e-17,4.220801e-06,-2.200446e-04,5.279482e-04,2.779746e+00,-1.143426e+00,8.995233e+00
802,2.786721e-18,3.915040e-06,-2.117394e-04,5.144117e-04,-3.526126e-01,2.090649e-01,7.347062e+00
803,2.794122e-18,7.820210e-06,-2.140574e-04,5.121967e-04,-7.915677e-01,-7.033073e-02,2.915011e+00
804,5.899432e-17,2.667633e-06,-2.125414e-04,4.919860e-04,1.730748e+00,1.316296e+00,5.691428e+00
805,4.440842e-17,2.395416e-05,-2.158982e-04,4.950631e-04,-2.790015e-03,2.173066e-02,-7.178364e-01
806,1.983719e-18,2.036726e-05,-2.022904e-04,4.854027e-04,6.942888e-01,5.873556e-02,8.163976e+00
807,1.515417e-17,2.190749e-05,-2.042680e-04,4.910208e-04,1.398490e+00,-1.347401e+00,1.068288e+01
808,9.295596e-18,-4.488546e-07,-2.193172e-04,4.887847e-04,2.437980e+00,-1.184424e+00,6.632816e+00
809,4.643589e-17,3.556182e-06,-2.114998e-04,4.845630e-04,1.048106e+00,1.677015e+00,5.043493e+00
810,4.353125e-17,9.861176e-06,-2.056751e-04,4.932875e-04,5.136590e-01,9.255129e-01,7.545278e+00
811,2.438432e-18,7.041284e-06,-1.992145e-04,4.904317e-04,1.990975e-01,5.919296e-02,3.144700e+00
812,1.878136e-17,9.438619e-06,-2.201406e-04,4.801572e-04,1.583018e+00,3.252631e-02,6.595539e+00
813,5.005791e-18,1.562647e-05,-2.000046e-04,4.867577e-04,-2.015426e-01,-9.900935e-02,3.576743e+00
814,2.804044e-18,9.379448e-06,-2.085824e-04,4.857695e-04,3.461668e-02,5.771901e-01,4.128266e+00
815,1.903818e-17,8.371914e-06,-2.018510e-04,4.834511e-04,-8.162774e-01,-1.920519e+00,2.237013e+00
816,1.115900e-18,7.810169e-06,-2.211013e-04,4.860735e-04,-3.700708e-01,-2.758735e-01,3.543859e+00
817,3.476855e-18,2.028048e-05,-2.015282e-04,4.785627e-04,7.801140e-01,-4.484544e-01,4.117533e+00
818,1.072044e-18,1.642655e-05,-2.093700e-04,4.938900e-04,-4.798463e-01,-4.982293e-02,-2.315021e+00
819,3.839813e-19,2.070303e-05,-2.058624e-04,4.892148e-04,2.808728e+00,2.984230e+00,9.055569e-01
820,1.355979e-18,1.014887e-05,-2.070197e-04,4.993436e-04,9.761499e-01,1.795868e-01,2.744574e+00
821,1.092915e-18,1.015612e-05,-2.035152e-04,4.903197e-04,1.864018e-01,-2.954582e-01,1.112195e+01
822,4.251338e-18,1.020449e-05,-2.039398e-04,4.866202e-04,1.281584e+00,-6.414954e-01,8.009358e+00
823,8.634973e-19,1.001135e-05,-2.042971e-04,4.832212e-04,-3.180261e-01,6.401742e-01,7.961100e+00
824,1.740618e-18,2.460940e-05,-2.164086e-04,4.825424e-04,4.886037e-02,2.188173e-01,-2.221585e+00
825,6.575318e-18,2.436836e-05,-2.210488e-04,4.783007e-04,6.231731e-02,1.378565e-02,-9.573659e-01
826,8.030483e-17,2.228365e-05,-2.104902e-04,5.407885e-04,1.584221e+00,8.033913e-04,6.007235e+00
827,1.727340e-17,-1.475436e-06,-2.439351e-04,5.405150e-04,-7.323946e-01,-2.046376e+00,2.630589e+01
828,1.933075e-17,-2.015147e-06,-2.423197e-04,5.307114e-04,2.058132e+00,-2.573451e+00,1.478585e+01
829,8.621475e-18,1.257189e-05,-2.401863e-04,5.409457e-04,6.732939e-01,-3.237119e+00,1.843148e+01
830,7.980402e-18,1.286951e-05,-2.312127e-04,5.414709e-04,6.900954e-01,4.942733e-01,2.133250e+01
831,3.197412e-18,1.171031e-05,-2.312472e-04,5.493730e-04,-2.164043e-01,-1.132065e-01,2.222376e+01
832,2.041495e-17,1.376217e-05,-2.456177e-04,5.335748e-04,1.610147e+00,-2.248622e+00,1.008147e+01
833,1.607712e-18,1.016910e-05,-2.312530e-04,5.346923e-04,3.436545e-01,9.861140e-02,1.744024e+01
834,7.452446e-19,1.252919e-05,-2.386736e-04,5.339643e-04,1.722051e+00,-3.121282e-01,1.035339e+01
835,7.421924e-18,3.126279e-06,-2.492173e-04,5.464649e-04,-2.031097e-01,3.769737e-02,5.782946e+00
836,3.476732e-18,1.015437e-05,-2.312536e-04,5.282374e-04,-7.576975e-02,-8.025639e-02,1.641275e+01
837,3.175365e-17,3.101162e-06,-2.489545e-04,5.468007e-04,-2.421102e-01,-2.096308e-02,5.804542e+00
838,3.985527e-17,-1.419158e-06,-2.489982e-04,5.348206e-04,1.543424e-01,3.336912e-02,5.257356e+00
839,9.281447e-18,4.687061e-06,-2.359432e-04,5.332686e-04,1.197437e+00,-5.390368e-02,6.682273e+00
840,2.264014e-18,1.089806e-05,-2.444831e-04,5.367152e-04,6.122006e-02,-2.537986e-01,4.250530e+00
841,2.125438e-18,1.485158e-05,-2.496071e-04,5.399690e-04,-7.290284e-02,-6.241480e-02,6.523955e+00
842,2.788975e-17,-2.231106e-07,-2.250610e-04,5.388876e-04,2.619899e-01,4.303505e-01,5.560434e+00
843,3.585607e-18,1.719164e-05,-2.460901e-04,5.373910e-04,-3.070607e-02,2.691275e-02,6.564340e+00
844,2.775011e-18,1.640683e-05,-2.398439e-04,5.480261e-04,7.423565e-01,-9.946410e-01,7.396983e+00
845,4.874674e-18,1.016657e-05,-2.249971e-04,5.323965e-04,-1.593492e-01,2.095325e-01,2.264141e+00
846,5.455163e-17,6.829585e-06,-2.142805e-04,5.486746e-04,-3.881967e-02,-1.547396e+00,9.080660e+00
847,1.856676e-17,2.979096e-06,-2.217242e-04,5.345577e-04,-1.386552e+00,2.247495e-01,6.099072e+00
848,1.139535e-16,2.656005e-06,-2.212312e-04,5.346368e-04,-1.331354e+00,3.286896e-01,5.613456e+00
849,2.233597e-17,1.461294e-05,-2.160111e-04,5.448786e-04,2.628321e-01,1.647926e-01,1.078033e+01
850,1.744122e-16,-3.877179e-06,-2.126534e-04,5.420082e-04,1.102941e+00,4.517222e-01,7.560484e+00
851,1.534813e-17,5.461403e-06,-2.049096e-04,5.369057e-04,-1.265459e-01,7.742676e-02,1.111827e+01
852,4.078663e-18,1.641812e-05,-2.093724e-04,5.331331e-04,2.592745e-01,1.614983e-01,4.721611e+00
853,1.208291e-18,1.406817e-05,-2.156240e-04,5.278736e-04,5.214834e-02,-4.230978e-02,3.903256e+00
854,9.692060e-18,4.356699e-06,-1.984969e-04,5.494388e-04,2.841116e+00,-1.417303e+00,1.558975e+01
855,1.258027e-16,-9.073507e-06,1.310817e-04,5.156172e-04,-4.921871e-01,-1.210850e+00,1.256693e+01
856,1.116828e-16,-8.165608e-06,1.421360e-04,5.077118e-04,2.039324e+00,5.047850e-01,1.265160e+01
857,9.998972e-18,-2.120474e-05,1.255531e-04,5.178790e-04,5.410788e-01,-1.088003e+00,4.097859e+00
858,9.420415e-18,-6.321846e-06,1.242298e-04,5.016958e-04,1.085607e-01,-2.095589e-01,3.913461e+00
859,4.393552e-18,-1.789985e-05,1.297337e-04,5.027295e-04,-1.423077e+00,1.540966e+00,3.532277e-01
860,3.729396e-18,7.028706e-06,1.476541e-04,5.113157e-04,-4.872628e-02,-1.231892e+00,6.051782e+00
861,8.049723e-17,6.909093e-06,1.479981e-04,5.113160e-04,-8.791736e-02,-1.239855e+00,5.488278e+00
862,9.283591e-17,1.088139e-05,1.387544e-04,5.093355e-04,-8.882943e-01,-4.284757e-01,9.033782e+00
863,9.737358e-19,1.561599e-05,1.406253e-04,5.016957e-04,-1.276012e-02,2.056243e-01,3.720245e+00
864,1.262875e-18,3.907696e-06,1.335903e-04,5.232618e-04,1.162108e-01,-7.249721e-02,4.246565e+00
865,1.152360e-17,2.424917e-05,1.368376e-04,4.995383e-04,-2.096824e-02,-2.896674e-02,-9.969905e-01
866,3.146979e-18,6.256193e-06,1.265598e-04,5.143803e-04,-5.237574e-01,1.291432e-01,4.265301e+00
867,2.973104e-17,8.482993e-07,1.461554e-04,4.853627e-04,6.913784e-01,1.017974e+00,1.752230e+00
868,6.736156e-17,2.402343e-05,1.362284e-04,4.853436e-04,-7.276459e-03,-5.919975e-01,9.280969e-01
869,4.630614e-17,1.383263e-05,1.269215e-04,4.911537e-04,-1.420998e+00,-9.601920e-01,7.471650e+00
870,2.637164e-18,1.243969e-05,1.241572e-04,4.935022e-04,-3.667476e-01,-6.661490e-02,2.209396e+00
871,4.448290e-18,1.093918e-05,1.421905e-04,4.977585e-04,2.814779e-01,-1.924108e-02,5.603206e+00
872,1.987932e-17,1.269916e-05,1.340975e-04,4.844807e-04,1.373936e-01,9.331452e-01,5.323661e+00
873,1.460135e-17,1.821309e-05,1.323080e-04,4.845446e-04,2.808152e-01,-1.067410e+00,2.185802e+00
874,3.260134e-18,1.567907e-05,1.405919e-04,4.905071e-04,4.341814e-01,1.558531e-01,2.807370e+00
875,6.980370e-18,2.698160e-06,1.415374e-04,4.961543e-04,-1.272457e-01,2.062544e-01,4.586880e-01
876,2.934999e-18,1.327900e-05,1.398174e-04,4.927048e-04,-2.112619e-01,-1.156551e+00,4.304209e+00
877,1.419125e-17,1.754622e-05,1.444307e-04,4.798796e-04,5.718314e-01,-2.034070e+00,5.361140e-01
878,3.454783e-18,1.568814e-05,1.289886e-04,4.884335e-04,-1.248041e-01,-3.442895e-02,1.173089e+01
879,4.802385e-18,6.250036e-06,1.265631e-04,4.940035e-04,5.413661e-01,-3.735315e-01,3.416652e+00
880,1.569915e-18,1.009125e-05,1.421244e-04,4.836153e-04,9.083084e-02,1.790717e-01,-5.462172e-01
881,1.464614e-18,1.168442e-05,1.332036e-04,4.802359e-04,6.749094e-01,-1.480734e+00,4.873599e+00
882,9.340978e-18,2.425357e-05,1.269526e-04,4.962578e-04,3.972805e-02,1.156716e-01,-9.613723e-01
883,6.767894e-19,2.460957e-05,1.328150e-04,4.993642e-04,2.032452e-01,-2.579584e-02,-1.700147e+00
884,3.544125e-18,2.450146e-05,1.437517e-04,4.891963e-04,8.597683e-02,5.772566e-03,-3.936296e-01
885,2.866160e-18,-1.953473e-05,1.375814e-04,4.935042e-04,3.530979e-01,1.819031e+00,1.330734e+01
886,1.205127e-18,-1.092230e-05,1.398652e-04,4.970018e-04,-6.147160e-02,1.623280e-01,7.554545e+00
887,1.630064e-17,-2.014545e-05,1.401554e-04,4.945610e-04,4.142140e-01,8.078226e-01,8.932961e+00
888,2.157357e-17,-1.924876e-05,1.469806e-04,4.832541e-04,1.351682e-01,1.727862e+00,6.460096e+00
889,2.270539e-18,-6.071186e-06,1.459793e-04,4.825495e-04,1.008990e+00,-1.115977e+00,5.796320e+00
890,1.163238e-17,-8.012134e-06,1.318076e-04,4.962178e-04,-2.239208e-02,-4.150831e-01,5.812770e+00
891,1.042378e-18,-1.953739e-05,1.375021e-04,4.837462e-04,-6.114110e-01,-2.610424e-01,4.078759e+00
892,2.317955e-18,-1.093765e-05,1.398436e-04,4.841419e-04,5.377150e-02,-8.732375e-02,6.169329e-01
893,3.066871e-18,-2.337091e-06,1.296861e-04,4.996749e-04,-4.749270e-02,2.450570e-03,2.716622e+00
894,2.421612e-18,-1.718506e-05,1.257840e-04,4.934576e-04,8.266434e-02,1.046809e-01,6.689475e-02
895,1.766490e-18,-1.473981e-05,1.485190e-04,4.893363e-04,-4.605639e+00,3.786727e-01,9.337283e+00
896,8.197874e-19,-6.992341e-06,1.300784e-04,4.759305e-04,-1.363960e+00,-3.362880e+00,-1.167839e+00
897,6.666846e-18,-7.038186e-06,1.304619e-04,4.871640e-04,-2.613601e-01,-1.222572e+00,3.647137e+00
898,1.689670e-18,-1.476478e-05,1.281914e-04,4.900977e-04,-4.878485e-02,-7.739359e-02,-3.004165e+00
899,1.066295e-18,-1.092746e-05,1.398393e-04,4.938787e-04,-5.586846e-01,-3.938803e-02,7.923189e+00
900,2.167918e-18,-1.882828e-05,1.477499e-04,4.793730e-04,-9.338383e-01,3.701777e+00,7.838064e+00
901,7.034113e-19,-7.421353e-06,1.461341e-04,4.790502e-04,-2.425222e-01,-7.378273e-01,7.469981e-01
902,3.452535e-17,-2.401904e-05,1.387917e-04,4.981602e-04,3.286052e-01,-1.194409e-02,-1.029919e+00
903,2.889968e-18,-1.093357e-05,1.398407e-04,4.809632e-04,7.522581e-01,-8.232790e-02,2.370577e+00
904,3.000140e-18,-1.094303e-05,1.398349e-04,4.770817e-04,4.122608e-01,-5.446659e-01,1.820351e+00
905,2.232338e-17,1.157321e-05,1.562425e-04,5.220805e-04,-1.846626e-01,-2.746774e-01,5.471646e+00
906,2.308797e-18,3.911957e-06,1.617098e-04,5.182327e-04,-7.832655e-02,1.180831e-01,3.940116e+00
907,7.720813e-18,1.251020e-05,1.585983e-04,5.076648e-04,-1.071340e-01,3.606948e-02,3.103389e+00
908,4.361593e-18,1.487254e-05,1.718877e-04,5.155649e-04,1.328003e+00,3.816528e-01,1.272824e+00
909,1.312169e-17,-1.142737e-04,-2.301087e-05,4.743970e-04,-7.839396e-01,-7.283978e-01,-1.216043e+00
910,1.706336e-18,-1.009200e-04,-4.849076e-06,4.731949e-04,-5.774707e-01,-4.382973e-02,-3.929048e+00
911,1.505005e-18,-9.691412e-05,-9.765476e-06,4.747735e-04,4.983755e-01,2.332696e+00,-3.861662e+00
912,2.119489e-17,-8.468733e-05,-6.871720e-07,4.764476e-04,-3.378399e-01,6.700295e-01,5.512387e-01
913,2.828994e-19,-8.320314e-05,-1.172037e-06,4.720208e-04,-1.818334e+00,8.179993e-01,-1.633570e+00
914,2.969791e-19,-1.027350e-04,-2.148515e-05,4.751499e-04,3.154123e-01,-6.279023e-01,-1.372008e+00
915,4.832627e-17,-9.969840e-05,7.384568e-06,4.575333e-04,-1.110642e-01,-3.680253e-01,6.087383e+00
916,4.738883e-18,-1.187366e-04,1.327941e-05,4.711432e-04,-1.031696e-02,-4.202306e-01,-4.610286e+00
917,1.630217e-18,-9.974485e-05,5.557024e-06,4.754286e-04,1.690750e+00,1.306668e+00,-2.245600e+00
918,3.848635e-17,-1.081785e-04,1.793798e-05,4.896326e-04,-2.005899e+00,-6.088968e-01,1.264894e+01
919,7.810566e-17,-7.678745e-05,3.738238e-06,4.795128e-04,-7.908806e-01,2.656948e+00,-2.548952e-01
920,2.662632e-17,-8.351207e-05,7.377921e-06,4.791958e-04,2.996300e-01,4.714144e-01,5.668719e+00
921,1.396432e-18,-8.320294e-05,7.793867e-06,4.727926e-04,-9.823972e-01,-2.397590e-01,-1.097037e+00
922,1.083473e-16,1.604183e-04,3.429076e-06,4.914824e-04,-1.339092e-01,6.858406e-01,5.610050e+00
923,2.633368e-17,1.542093e-04,2.822077e-06,4.912239e-04,-1.713735e-02,-1.525324e+00,5.949830e+00
924,4.396165e-17,1.628678e-04,7.116866e-06,4.880273e-04,-9.280573e-02,-2.722054e+00,3.654351e+00
925,3.353460e-17,1.607222e-04,2.060389e-05,4.862694e-04,2.762576e-01,1.217772e+00,6.815404e+00
926,7.252088e-18,1.570300e-04,1.015677e-05,4.968887e-04,2.144726e-03,-4.140788e-02,5.107321e+00
927,1.918708e-17,1.657652e-04,1.577560e-05,4.889219e-04,-1.195118e+00,-3.811951e-01,5.842929e+00
928,2.178131e-18,1.570357e-04,1.016073e-05,4.872347e-04,2.970518e-01,5.195005e-02,3.249917e+00
929,5.158596e-19,1.656314e-04,1.523580e-05,4.813974e-04,-1.806159e-01,-2.873250e-02,3.982359e+00
930,4.373016e-18,1.625081e-04,1.171849e-05,4.806597e-04,-2.028759e-01,2.275377e-01,1.782289e+00
931,1.630249e-18,1.718751e-04,1.418977e-05,4.874075e-04,4.373706e-02,-2.303860e-02,-1.295759e+00
932,2.270871e-18,1.608859e-04,1.784007e-05,4.801857e-04,3.031889e-01,-1.613338e-01,3.689035e+00
933,1.623928e-17,1.683810e-04,2.007045e-05,4.796351e-04,-1.017494e+00,-8.970423e-02,2.292995e+00
934,2.104242e-18,1.531199e-04,3.776612e-06,4.804022e-04,-1.948866e-01,8.899174e-03,4.024742e-01
935,2.122386e-18,1.554643e-04,7.189555e-06,4.897404e-04,-6.583294e-01,-2.696280e-01,-3.714522e-01
936,2.414383e-19,1.613281e-04,3.909428e-07,4.876239e-04,-7.074099e-01,1.006559e+00,8.905524e+00
937,5.056832e-19,1.613281e-04,3.909459e-07,4.841304e-04,8.937786e-01,-9.379310e-01,6.101146e+00
938,2.829616e-19,1.613281e-04,1.172033e-06,4.852855e-04,-8.917799e-02,-8.722560e-01,7.133760e+00
939,1.562474e-18,1.618557e-04,7.703542e-07,4.800773e-04,6.929787e-03,-2.294725e-01,3.246849e+00
940,6.450430e-19,1.585918e-04,2.460945e-05,4.915528e-04,4.401470e-02,2.277119e-01,-1.862694e+00
941,1.102286e-17,1.540858e-04,2.425626e-05,4.833918e-04,-9.128703e-02,4.527463e-02,-1.057954e+00
942,1.883980e-17,1.616755e-04,-8.703179e-06,4.932984e-04,-2.927343e+00,-2.162375e-01,1.932547e+01
943,2.232777e-17,1.578124e-04,-1.420677e-05,4.904707e-04,-9.159209e-02,-3.739352e-01,1.137452e+01
944,2.750490e-18,1.632304e-04,-1.406003e-05,5.004630e-04,-5.969567e-01,2.960311e-01,1.190641e+01
945,6.617281e-18,1.576359e-04,-1.732685e-05,5.012649e-04,-1.440573e+00,-1.068707e+00,1.810894e+01
946,3.093118e-18,1.632994e-04,-1.406171e-05,4.943139e-04,-2.716991e-01,1.401256e-01,7.709384e+00
947,6.301471e-17,1.771665e-04,-4.244808e-06,5.002641e-04,4.439011e-01,5.711848e-01,5.034305e+00
948,3.334453e-18,1.640646e-04,-1.406471e-05,4.778808e-04,2.635898e-01,-1.683201e-01,-2.282143e-01
949,4.316952e-18,1.632818e-04,-1.567151e-06,4.994149e-04,1.674456e-03,4.630771e-02,1.127809e+00
950,7.337171e-18,1.633633e-04,-1.406345e-05,4.855520e-04,2.202490e-01,-1.321685e-01,4.018799e+00
951,2.750188e-18,1.710844e-04,-1.407784e-05,4.904259e-04,5.475226e-02,4.886457e-02,-1.179535e+00
952,3.110577e-18,1.546875e-04,-2.351579e-06,4.918667e-04,1.076215e+00,-4.915916e-01,-3.916705e-01
953,8.951492e-19,1.524804e-04,-1.549217e-05,4.837398e-04,5.410091e-02,5.547960e-01,-3.031383e-01
954,6.454950e-18,1.618148e-04,-8.439670e-06,4.846553e-04,-2.557018e+00,-4.229798e-01,1.336868e+01
955,1.441541e-17,1.687290e-04,-2.425158e-05,4.994376e-04,-1.112580e-01,1.401015e-01,1.021550e+00
956,1.827413e-17,1.569627e-04,-1.170389e-05,5.024015e-04,6.846415e-01,3.069992e-02,1.634536e+01
957,4.937693e-18,1.609359e-04,-4.688291e-06,5.023528e-04,-9.326965e-02,-7.968217e-03,3.609176e+00
958,4.480481e-18,1.578278e-04,-1.330065e-05,4.820066e-04,-1.594544e-01,5.100211e-02,7.221005e+00
959,9.966419e-18,1.912324e-04,-1.539623e-06,4.888855e-04,-1.803949e+00,-2.076066e-01,1.232254e+01
960,4.036784e-18,1.886245e-04,-3.948300e-06,4.855796e-04,-8.983599e-02,5.366988e-02,6.376429e+00
961,1.282584e-17,1.899091e-04,-1.438168e-05,4.884480e-04,-3.174349e-01,-3.157086e-01,4.938286e+00
962,4.889535e-17,1.928094e-04,-3.650963e-06,4.928662e-04,3.437355e+00,1.451607e-01,8.068979e+00
963,1.192344e-17,1.942062e-04,-6.322510e-06,4.978983e-04,-8.968708e-01,-1.954074e-01,6.301428e+00
964,1.600302e-17,2.016343e-04,-2.722841e-06,4.827379e-04,3.429087e-01,-8.438878e-01,2.510110e+00
965,2.137996e-18,1.984315e-04,-6.253640e-06,4.864844e-04,3.866929e-01,2.152796e-02,7.144181e-01
966,3.688405e-18,1.767660e-04,-1.016822e-05,4.941541e-04,-3.756159e-01,-1.234022e-01,3.396066e+00
967,2.474181e-18,1.928640e-04,-1.624246e-06,4.856934e-04,3.725341e-01,3.805939e-01,1.183309e+01
968,3.301052e-19,1.910155e-04,-1.171985e-06,4.798265e-04,-6.530392e+00,1.036540e+00,-2.005983e-01
969,1.401710e-18,1.859351e-04,1.126756e-09,4.813847e-04,-1.080151e-02,9.512889e-02,-9.317589e-01
970,1.166209e-17,1.976887e-04,-2.427546e-05,4.817282e-04,-1.406043e-01,-5.878037e-02,-1.094545e+00
971,5.546369e-18,1.960907e-04,-2.439172e-05,4.987878e-04,7.896797e-02,-3.593513e-02,-1.174783e+00
972,3.049494e-16,1.929680e-04,6.044383e-06,4.937647e-04,2.481937e-01,-5.874173e-01,8.690622e+00
973,6.129045e-18,1.929686e-04,1.641354e-05,4.833029e-04,7.554873e-04,-8.452831e-02,5.240369e+00
974,2.059075e-17,1.782096e-04,1.771239e-05,4.905837e-04,-2.013982e-01,1.286863e+00,2.808496e+00
975,3.317606e-18,1.999932e-04,2.340049e-06,4.958026e-04,5.075390e-01,8.186694e-02,7.082360e+00
976,1.240565e-18,1.773042e-04,1.408002e-05,4.884265e-04,-2.177510e-01,-1.140769e-01,4.621498e+00
977,1.245563e-18,1.812614e-04,5.489229e-06,4.930921e-04,-1.071590e-01,2.677053e-01,1.959265e+00
978,8.377078e-18,1.810690e-04,1.104045e-05,4.808375e-04,5.256628e-01,-1.533335e+00,-6.695175e-01
979,6.554121e-18,1.895688e-04,8.694330e-06,4.854478e-04,-7.380873e-01,-3.922076e-01,1.004759e+01
980,3.701494e-18,1.788631e-04,7.849760e-06,4.816597e-04,7.470876e-01,8.619849e-01,-1.877893e+00
981,2.471657e-19,1.902344e-04,8.984698e-06,4.806116e-04,-5.325037e-01,-2.456931e+00,5.675452e+00
982,3.562906e-18,1.952114e-04,2.318536e-06,4.862252e-04,4.253806e-01,-1.349954e-01,1.207369e+01
983,1.658755e-18,1.896279e-04,5.345826e-06,4.865500e-04,-6.551123e-03,-1.528506e+00,9.623234e+00
984,5.601560e-19,1.894527e-04,9.766355e-06,4.786500e-04,-1.111469e+00,2.609347e-01,2.320865e+00
985,3.982580e-18,1.953237e-04,2.336257e-06,4.797935e-04,1.679766e-01,2.782108e-01,4.329051e+00
986,2.907614e-18,1.976332e-04,1.561691e-05,4.786094e-04,-7.942405e-01,-1.053967e-01,7.730128e-01
987,1.610220e-18,1.899442e-04,5.859639e-06,4.823244e-04,1.194082e-01,-1.592703e+00,5.068348e+00
988,5.243040e-19,1.902343e-04,5.078315e-06,4.786729e-04,6.693343e-01,2.536416e+00,-2.725473e-01
989,7.496471e-18,1.820405e-04,2.431121e-05,4.848201e-04,2.919886e-02,3.063669e-02,-1.448129e+00
990,1.551465e-17,2.009249e-04,2.427511e-05,4.879151e-04,-3.388893e-02,1.983477e-03,-1.169657e+00
991,3.047192e-18,9.375785e-05,7.817594e-07,4.763522e-04,-7.021227e-02,3.347750e-02,-1.295109e+00
992,4.329592e-18,2.427211e-05,-1.567449e-05,4.752851e-04,7.962369e-01,-9.225205e-01,3.157879e+00
993,6.796302e-17,4.255014e-05,-1.523745e-05,4.785036e-04,-2.710470e-01,-2.865972e-01,6.376510e+00
994,7.826065e-18,4.767752e-05,-1.716786e-05,4.749413e-04,4.127666e-02,-4.885406e-02,1.202375e+00
995,1.111885e-17,3.691868e-05,1.484798e-05,4.724209e-04,3.476104e+00,2.893221e-01,-2.608958e+00
996,5.125031e-18,2.794844e-05,8.594864e-06,4.771977e-04,-1.276291e+00,-7.365830e-01,6.845027e+00
997,3.179065e-19,2.773479e-05,5.077727e-06,4.751455e-04,1.156985e+00,-1.843867e+00,3.206765e+00
998,2.402034e-18,5.003950e-05,1.339112e-05,4.770127e-04,-1.315028e+00,-8.145869e-01,4.258621e+00
999,2.834558e-19,4.961056e-05,1.367226e-05,4.735890e-04,1.447582e+00,1.019106e+00,7.225799e-01
1000,2.539398e-18,4.687342e-05,9.406141e-06,4.771100e-04,2.801370e-01,6.218618e-01,1.861045e+00
1001,1.352981e-17,7.768430e-06,-6.879475e-06,4.725307e-04,6.026306e-01,2.831333e-01,6.294177e-01
1002,1.318812e-17,2.153088e-05,-1.305031e-05,4.753761e-04,1.098413e+00,1.441706e+00,1.418485e+00
1003,3.914922e-19,7.421868e-06,-8.203024e-06,4.688914e-04,-1.060694e+00,-4.286474e-01,-1.852818e+00
1004,1.300624e-17,2.188634e-05,-1.014548e-05,4.816570e-04,-1.767863e+00,4.698229e-02,9.129809e+00
1005,9.144074e-19,2.196753e-05,-1.132855e-05,4.725957e-04,-1.405940e+00,-1.365020e-01,1.710447e+00
1006,3.037520e-19,2.226476e-05,-1.054722e-05,4.735847e-04,-9.897580e-01,-1.376690e+00,1.311060e+00
1007,4.682937e-18,1.562124e-06,-1.674896e-05,4.762532e-04,-3.097935e-02,2.585122e-01,-1.993339e+00
1008,1.407906e-16,2.486368e-04,2.075177e-05,5.212196e-04,-1.866321e-01,2.329105e+00,1.079451e+01
1009,1.056385e-16,2.487640e-04,9.924037e-06,5.227853e-04,1.186298e-01,7.742132e-01,5.775468e+00
1010,1.096748e-16,2.446656e-04,5.414742e-06,5.095171e-04,1.183286e+00,-1.875090e+00,1.048564e+01
1011,9.514081e-17,2.298996e-04,1.733610e-05,5.040118e-04,8.325417e-01,2.886721e+00,1.706187e+01
1012,1.519075e-18,2.496087e-04,7.768939e-07,5.182998e-04,9.372587e-02,2.440939e-01,1.421396e+01
1013,1.078737e-18,2.496089e-04,1.259850e-05,5.026383e-04,1.893683e-01,3.952090e-02,9.030472e+00
1014,7.950567e-19,2.496089e-04,7.785100e-07,5.124605e-04,2.385120e-01,-1.666337e-01,1.123777e+01
1015,3.611824e-17,2.309573e-04,1.869900e-07,5.101667e-04,1.499461e-01,9.219275e-01,7.095290e+00
1016,2.704589e-17,2.490951e-04,2.051843e-05,5.045021e-04,-7.570210e-02,1.116157e+00,1.074665e+01
1017,7.303348e-17,2.453585e-04,4.204778e-07,5.275293e-04,-1.442726e-01,-1.066271e+00,1.050651e+01
1018,4.916048e-18,2.445323e-04,4.685252e-06,5.178073e-04,-4.834857e-02,5.727060e-01,9.550323e+00
1019,1.103423e-18,2.482926e-04,6.640795e-06,5.037531e-04,3.836168e+00,-2.905215e+00,1.209330e+01
1020,1.766754e-18,2.496091e-04,7.876748e-07,5.059141e-04,5.218551e-02,-5.214611e-01,1.060271e+01
1021,4.697779e-18,2.453106e-04,1.406592e-05,5.093303e-04,3.371565e-03,9.374163e-01,9.384827e+00
1022,2.692879e-17,2.333112e-04,7.739627e-06,5.170009e-04,-9.930930e-02,-4.143648e-01,5.328556e+00
1023,5.582852e-18,2.464660e-04,1.488529e-05,5.166905e-04,1.574198e+00,1.367550e-01,8.559099e+00
1024,5.972927e-17,2.382781e-04,-1.472936e-06,5.161424e-04,6.963937e-01,1.314905e+00,7.680175e+00
1025,7.605790e-18,2.321542e-04,9.302170e-06,5.109607e-04,6.008898e-01,6.477412e-01,4.484599e+00
1026,1.461127e-18,2.273399e-04,5.476591e-06,5.132311e-04,4.718189e-03,-7.027725e-02,4.726204e+00
1027,1.532090e-18,2.343787e-04,9.387755e-06,5.055474e-04,4.484411e-02,5.239836e-02,3.981568e+00
1028,1.017457e-17,2.492735e-04,1.263586e-05,5.158731e-04,-2.539212e-02,2.104666e-01,5.028160e+00
1029,1.212637e-18,2.398459e-04,8.586262e-06,5.225059e-04,1.431779e-02,-3.477672e-02,1.255094e+00
1030,2.471347e-19,2.496132e-04,1.444933e-05,5.140243e-04,-2.113987e-01,1.588929e-01,1.033643e+01
1031,4.068866e-17,2.321864e-04,2.177055e-07,5.305476e-04,7.298844e-01,1.151433e-01,7.384061e+00
1032,1.895451e-16,2.322766e-04,8.682141e-07,5.310752e-04,7.012063e-01,4.428352e-01,7.775570e+00
1033,2.430229e-16,2.222487e-04,-1.021491e-06,5.471985e-04,-2.156523e+00,-2.532331e-01,7.644536e+00
1034,1.380522e-16,2.293390e-04,1.037382e-05,5.444288e-04,-4.668468e-01,3.392935e-01,8.013009e+00
1035,2.745653e-18,2.453165e-04,1.569679e-06,5.365157e-04,2.713324e-02,4.631586e-02,8.122561e+00
1036,1.835919e-17,2.389814e-04,1.482564e-05,5.287766e-04,-3.958439e-01,4.933674e-01,7.716077e+00
1037,2.952808e-16,2.222463e-04,-8.438201e-07,5.464670e-04,-1.969171e+00,-1.600860e-01,7.365209e+00
1038,2.246507e-18,2.453134e-04,4.684268e-06,5.465204e-04,-8.483316e-03,1.432582e-01,9.340722e+00
1039,1.102459e-17,2.343897e-04,3.905897e-06,5.477255e-04,-7.170735e-02,-3.852559e-02,6.633901e+00
1040,1.951724e-17,2.428085e-04,1.565569e-05,5.385137e-04,3.583779e-01,-5.768077e-01,3.683888e+00
1041,1.535062e-18,2.496089e-04,1.566421e-06,5.373411e-04,7.202249e-02,1.281096e-01,7.768796e+00
1042,2.950393e-18,2.493250e-04,1.139543e-05,5.498214e-04,6.862279e-01,-1.393417e-01,1.288293e+01
1043,2.229871e-18,2.413977e-04,1.405432e-05,5.487859e-04,1.277073e-01,8.126055e-02,-3.934647e-01
1044,1.108095e-18,2.367161e-04,1.328563e-05,5.362290e-04,6.170688e-04,-1.597629e-02,-2.044927e+00
1045,7.053219e-18,2.314569e-04,-1.562185e-05,5.389677e-04,6.200603e-01,-1.486087e-01,2.249494e+01
1046,5.915645e-18,2.328152e-04,-1.015965e-05,5.418594e-04,1.474601e-01,-1.516419e-01,1.916560e+01
1047,3.530443e-17,2.489516e-04,-5.970519e-06,5.440958e-04,3.252635e-01,-8.313346e-01,1.449622e+01
1048,1.144919e-17,2.327805e-04,-1.016226e-05,5.329735e-04,8.842729e-02,1.838455e-02,1.725192e+01
1049,6.442238e-18,2.433163e-04,-3.914712e-06,5.266074e-04,7.703840e-01,-2.944098e-02,9.351612e+00
1050,5.851427e-19,2.496111e-04,-1.016101e-05,5.324408e-04,2.247543e-01,-1.588523e+00,8.193444e+00
1051,9.059667e-18,2.493050e-04,-6.410131e-06,5.300358e-04,8.326034e-02,-1.972314e-01,8.750327e+00
1052,8.854515e-18,2.392472e-04,-1.818399e-05,5.386329e-04,4.771047e-01,1.182358e+00,7.806527e+00
1053,3.451256e-18,2.367123e-04,-2.210211e-05,5.500277e-04,2.596553e+00,-2.203665e+00,2.953564e+01
1054,4.682568e-18,2.320326e-04,-1.015825e-05,5.271001e-04,1.423519e-01,1.561721e-02,1.592991e+01
1055,3.118290e-17,2.421537e-04,-4.746651e-06,5.198432e-04,3.031026e-02,1.802390e+00,1.752691e+01
1056,1.213789e-18,2.414101e-04,-8.609117e-06,5.171245e-04,-6.361943e-02,3.188627e-01,1.812222e+01
1057,1.912217e-17,2.323755e-04,-2.419660e-05,4.981307e-04,1.901197e+00,-4.702691e-02,5.670524e+00
1058,1.450305e-17,2.294464e-04,-1.319337e-05,5.065845e-04,-1.719832e-01,1.269174e-01,9.905370e+00
1059,3.460206e-17,2.322886e-04,-6.458725e-06,5.052994e-04,6.519670e-01,-2.339250e-01,9.061142e+00
1060,1.018498e-17,2.304724e-04,-1.401631e-05,5.213754e-04,9.517438e-02,-1.768725e-01,1.692589e+01
1061,2.199089e-17,2.246310e-04,-1.152294e-05,4.996614e-04,-8.585022e-01,5.892737e-01,1.612278e+00
1062,2.650652e-18,2.320292e-04,-5.466844e-06,5.182832e-04,2.793997e-01,9.070605e-02,8.644430e+00
1063,1.200237e-17,2.320375e-04,-9.313029e-06,5.138274e-04,-4.535763e-01,1.707205e-01,1.183857e+01
1064,2.665141e-18,2.414051e-04,-8.606266e-06,5.021161e-04,-1.210523e-01,-3.279263e-01,1.121936e+01
1065,4.072781e-17,2.491376e-04,-1.094935e-05,5.090952e-04,1.080564e+00,1.413443e+00,5.197634e+00
1066,1.028107e-17,2.492879e-04,-6.441522e-06,5.053858e-04,2.234367e-02,3.321615e-01,6.471243e+00
1067,1.269274e-18,2.453189e-04,-2.348509e-06,5.101535e-04,1.756639e-02,-4.066852e-01,2.836308e+00
1068,1.087341e-18,2.273448e-04,-2.334905e-06,5.178595e-04,-7.880915e-03,4.730688e-02,3.048131e+00
1069,3.750768e-18,2.414031e-04,-8.595103e-06,5.124985e-04,-1.448008e-01,3.032894e-01,1.708523e+01
1070,1.052273e-17,2.492655e-04,-1.687417e-05,5.212944e-04,-2.649510e-02,-4.290326e-01,1.879544e+00
1071,5.870620e-18,2.296733e-04,-1.329760e-05,5.023944e-04,3.362218e-01,-3.137052e-01,1.143955e+01
1072,3.034267e-19,-2.304706e-05,-7.851513e-05,4.751501e-04,-3.452856e+00,-5.473576e-01,-1.363766e+00
1073,3.257360e-18,-6.241299e-06,-1.000066e-04,4.771069e-04,-4.984865e-01,4.133161e-01,-7.198411e-01
1074,2.992816e-16,-1.218154e-05,-1.139437e-04,5.068468e-04,-6.225235e-01,7.120878e-01,7.762973e+00
1075,8.065855e-18,-1.000632e-05,-1.254657e-04,4.924946e-04,4.283368e-01,-1.427257e+00,9.019861e+00
1076,2.953344e-18,-8.602422e-06,-1.093704e-04,5.005588e-04,-2.154608e-02,8.761604e-01,2.362315e+01
1077,6.391406e-17,-2.378481e-05,-1.196923e-04,4.925947e-04,-6.059642e-03,-9.547469e-04,-7.612979e-01
1078,3.217963e-17,-8.767013e-06,-1.092683e-04,4.937353e-04,2.191459e+00,-1.250751e+00,1.998500e+01
1079,7.329605e-18,-6.092560e-06,-1.000142e-04,4.879475e-04,-5.920701e-01,-3.509873e-02,6.989411e+00
1080,1.746712e-17,-1.863342e-05,-1.209017e-04,4.791085e-04,-8.420696e-01,5.465735e-01,3.659690e+00
1081,2.652965e-18,-9.334472e-06,-1.218767e-04,5.020040e-04,2.471083e-01,3.966789e-02,1.106366e+01
1082,1.212279e-17,-1.601290e-05,-1.152135e-04,4.813885e-04,-8.295672e-01,1.641556e+00,2.757725e+00
1083,5.620025e-18,-9.909412e-06,-1.069818e-04,4.855651e-04,2.782202e+00,3.454889e+00,1.187030e+01
1084,6.138952e-19,-7.422544e-06,-1.179851e-04,4.868537e-04,-1.334809e+00,-2.984713e-02,1.483257e+00
1085,1.163044e-17,-5.045876e-06,-1.179469e-04,4.763259e-04,2.514932e+00,-7.770637e-01,-7.082370e+00
1086,1.521969e-17,-1.132678e-05,-7.851503e-05,5.009009e-04,-1.157630e+00,2.013982e-01,5.310686e+00
1087,9.984218e-17,-1.152019e-05,-7.864024e-05,5.009875e-04,-1.203056e+00,2.125180e-01,5.259557e+00
1088,4.201976e-18,-2.345003e-06,-9.687076e-05,4.977817e-04,3.924353e-02,1.794352e-01,7.456486e+00
1089,1.155601e-17,-1.510371e-05,-8.349134e-05,4.950780e-04,1.727322e+00,-2.057370e-01,4.655823e+00
1090,4.589757e-17,-4.182650e-06,-8.330493e-05,4.947278e-04,-2.883936e+00,-9.213273e-01,3.988327e+00
1091,1.130094e-16,-1.244038e-05,-8.874066e-05,5.032742e-04,3.900881e-01,7.943008e-01,4.576288e+00
1092,5.721064e-19,-1.957409e-05,-7.851716e-05,4.821813e-04,-3.566859e+00,4.600392e-01,3.055191e+00
1093,2.309020e-17,-3.347229e-06,-8.730657e-05,4.834306e-04,2.860915e+00,2.135099e-01,1.016438e+00
1094,4.538952e-18,-2.348977e-06,-9.687086e-05,4.877065e-04,-1.376330e-01,1.064061e-01,4.913143e+00
1095,2.300588e-18,-9.425000e-06,-8.128922e-05,4.873822e-04,3.062238e-02,6.272036e-02,3.300630e-01
1096,5.301826e-18,-1.093775e-05,-9.543675e-05,4.924231e-04,-7.986145e-02,-2.760437e-01,3.032476e+00
1097,3.100345e-18,-2.101052e-05,-7.719110e-05,4.822820e-04,-1.714133e+00,3.110135e+00,9.857246e+00
1098,9.799145e-19,-2.070362e-05,-7.876287e-05,4.793405e-04,-3.124030e-01,-8.506091e-01,6.870149e+00
1099,3.183508e-19,-2.148535e-05,-7.929885e-05,4.782769e-04,2.851210e+00,1.861329e+00,5.195495e+00
1100,2.873884e-19,-2.226626e-05,-7.929602e-05,4.774981e-04,5.463522e-01,1.022901e+00,3.199917e+00
1101,1.179199e-17,-2.428381e-05,-8.517307e-05,4.960626e-04,-4.544210e-02,-4.952582e-02,-1.128075e+00
1102,1.228725e-18,-1.480719e-05,-1.172054e-04,4.712480e-04,-5.733836e-01,-1.132861e+00,-5.181643e+00
1103,4.955210e-19,-1.292968e-04,9.765445e-06,4.747586e-04,7.311390e-01,1.375238e+00,-1.444656e-01
1104,1.048876e-18,-1.472652e-04,1.253272e-05,4.736576e-04,-7.524672e-01,-1.887983e+00,-3.208612e+00
1105,5.717195e-19,-1.363280e-04,1.289036e-05,4.731776e-04,2.042743e-01,2.194732e+00,-5.875459e+00
1106,2.811620e-19,-1.472656e-04,1.289104e-05,4.720345e-04,-1.906186e-01,-1.385040e+00,-6.489286e+00
1107,1.526747e-18,-1.672854e-04,-6.273880e-06,4.735426e-04,1.806546e-01,4.150894e+00,-2.988683e+00
1108,2.796294e-19,-1.621090e-04,-2.382866e-05,4.743703e-04,8.273972e-01,-4.166968e+00,-2.043520e+00
1109,4.010383e-17,2.370134e-06,-8.236708e-05,5.336449e-04,-3.176310e-01,-3.692411e+00,2.051198e+01
1110,1.017198e-16,8.408760e-06,-8.070613e-05,5.320792e-04,-7.385248e-01,-4.148939e-01,1.279233e+01
1111,2.094502e-18,3.855875e-06,-7.953012e-05,5.276263e-04,1.353733e+00,-1.102578e+00,1.840101e+01
1112,8.776737e-18,1.093731e-05,-9.141844e-05,5.425107e-04,2.057014e-02,-1.199780e+00,9.767849e+00
1113,3.954611e-17,3.290389e-06,-9.880819e-05,5.255182e-04,-5.939006e-01,-1.439815e+00,6.649515e+00
1114,1.317412e-17,1.222087e-05,-8.027757e-05,5.391239e-04,-5.177821e-01,3.382118e-01,5.334143e+00
1115,2.751177e-18,1.171934e-05,-8.749991e-05,5.372319e-04,2.264117e-01,1.578841e-02,8.680227e+00
1116,9.868365e-19,5.460139e-06,-9.766062e-05,5.459024e-04,-1.107968e-01,-3.690926e-03,3.217995e+00
1117,2.809719e-18,2.031109e-05,-7.968620e-05,5.464357e-04,1.060720e-01,2.119704e-02,1.484089e+00
1118,1.806355e-17,-1.010551e-05,-1.009654e-04,5.036489e-04,-1.874574e+00,4.911109e-01,1.217293e+01
1119,2.385936e-18,1.186023e-05,-8.040401e-05,5.177925e-04,-3.703407e-01,-9.656510e-02,9.000982e+00
1120,2.727777e-17,3.012831e-06,-7.420781e-05,5.055903e-04,-1.564497e-01,-4.157361e-01,1.260543e+01
1121,1.671623e-18,3.110989e-06,-7.578899e-05,5.209500e-04,-6.700866e-01,-6.263544e-01,1.456918e+01
1122,7.193889e-17,3.230304e-06,-8.879832e-05,5.180768e-04,7.660552e-01,5.728148e-01,6.590122e+00
1123,1.151393e-18,1.172055e-05,-8.046987e-05,5.094097e-04,-3.506876e-01,1.722738e-01,5.486695e+00
1124,2.801096e-18,1.172196e-05,-8.750033e-05,5.243958e-04,2.175689e-02,-1.705145e-02,5.629411e+00
1125,2.278140e-18,5.528875e-06,-9.770329e-05,5.150399e-04,-1.191247e-01,-8.942908e-02,3.984587e+00
1126,3.963981e-18,3.120362e-06,-7.506053e-05,5.088177e-04,-3.738292e-02,2.685520e-01,4.595809e+00
1127,4.878377e-18,9.993224e-06,-8.982221e-05,5.056886e-04,-5.616969e-01,2.102552e-01,3.643616e+00
1128,2.628478e-18,1.015570e-05,-9.765662e-05,5.089932e-04,-2.659761e-01,1.078785e-01,-8.987679e-02
1129,2.808794e-18,2.109340e-05,-8.046274e-05,5.151403e-04,-4.236102e-01,2.891492e-01,-2.080130e-01
1130,4.052602e-18,6.274189e-06,-9.065068e-05,5.218773e-04,1.727646e-01,-2.247187e-01,3.177756e+00
1131,3.739592e-18,-1.327613e-05,-8.047519e-05,5.082536e-04,-3.416028e-01,9.279084e-02,2.586154e+00
1132,5.160618e-17,-1.316107e-05,-8.011861e-05,5.075963e-04,-2.952296e-01,6.413640e-02,2.463105e+00
1133,2.967629e-17,-1.191255e-05,-9.387650e-05,5.176326e-04,-3.767191e-02,1.327626e+00,5.628186e+00
1134,5.422695e-18,-3.127407e-06,-7.812612e-05,5.163477e-04,-3.047725e-01,-4.659691e-02,9.647994e+00
1135,7.245597e-18,-2.352524e-06,-9.687047e-05,5.064358e-04,-2.104187e-01,-4.017391e-02,1.082655e+01
1136,4.974647e-18,-2.340789e-06,-1.004209e-04,5.266846e-04,-1.890286e-01,-7.802624e-01,1.728011e+01
1137,2.483672e-18,-4.681153e-06,-9.062548e-05,5.175224e-04,-2.123864e-01,5.950419e-02,6.564323e+00
1138,4.057394e-18,-9.332604e-06,-8.987889e-05,5.063025e-04,-2.825572e-01,1.189897e-01,-1.177027e+00
1139,3.629659e-17,-1.979941e-05,-7.619200e-05,5.308898e-04,-1.895303e+00,-2.305979e+00,1.577350e+01
1140,1.264423e-16,-5.628247e-06,-8.028625e-05,5.364620e-04,-9.549377e-01,-5.954476e-01,1.361583e+01
1141,4.464176e-17,-1.553526e-05,-9.488904e-05,5.488884e-04,5.102852e-01,1.481408e+00,1.144162e+01
1142,1.147141e-16,-1.023546e-05,-8.562764e-05,5.402310e-04,-1.184179e+00,9.633962e-01,8.974828e+00
1143,1.032554e-17,-2.700597e-06,-8.399346e-05,5.288546e-04,-4.985609e-03,-1.867264e+00,1.260853e+01
1144,2.587966e-18,-1.485399e-05,-9.218618e-05,5.356982e-04,-5.466757e-01,-8.873840e-02,6.039834e+00
1145,1.299951e-17,-4.342230e-06,-9.659436e-05,5.278313e-04,2.979248e-01,1.191333e-01,6.797293e+00
1146,6.406600e-18,-9.133691e-06,-8.986733e-05,5.430198e-04,1.909075e-02,-8.495281e-02,3.559961e+00
1147,1.084794e-18,-9.402151e-06,-8.984502e-05,5.452057e-04,-1.412053e-01,-5.996314e-02,9.424249e-01
1148,8.466892e-17,-5.254706e-06,-6.647332e-05,5.415967e-04,2.126272e-01,-7.426516e-01,1.011666e+01
1149,3.797449e-18,-5.465292e-06,-5.234117e-05,5.190197e-04,6.413550e-01,1.309072e+00,8.215080e+00
1150,4.605276e-17,-5.159316e-06,-5.241382e-05,5.185031e-04,7.155421e-01,1.286047e+00,7.896225e+00
1151,5.950190e-17,-7.960113e-06,-6.626238e-05,5.099574e-04,-1.569590e+00,-8.069393e-01,1.577607e+01
1152,1.512442e-17,-3.905982e-06,-5.156370e-05,5.074505e-04,1.859973e-01,-8.582605e-01,6.866018e+00
1153,1.402051e-16,-3.835504e-06,-5.154028e-05,5.076913e-04,4.723453e-01,-6.862701e-01,6.577072e+00
1154,2.939760e-17,-1.721234e-05,-4.788638e-05,5.089181e-04,-9.461644e-02,1.636126e+00,6.385307e+00
1155,1.012547e-17,-1.109734e-05,-7.309845e-05,5.139322e-04,7.517734e-01,-9.888084e-01,1.029627e+01
1156,2.456426e-18,-1.172710e-05,-6.953524e-05,5.205154e-04,1.639813e-02,4.922812e-02,9.127463e+00
1157,3.213406e-18,-1.094715e-05,-5.469575e-05,5.074294e-04,-2.101311e-01,-8.664505e-02,5.659784e+00
1158,2.841250e-18,-7.921291e-07,-5.312581e-05,5.251476e-04,-2.569655e-01,6.261594e-02,8.898368e+00
1159,1.083426e-18,-1.095328e-05,-5.468478e-05,5.140382e-04,-3.754230e-01,-4.135415e-02,3.746865e+00
1160,5.306836e-18,-1.324425e-05,-5.974937e-05,5.182323e-04,-1.024443e+00,2.709122e+00,3.930114e+00
1161,4.365962e-18,-3.118765e-06,-6.327881e-05,5.133086e-04,7.227952e-01,2.203663e-02,4.143800e+00
1162,4.022288e-18,-8.212412e-07,-5.312901e-05,5.173322e-04,7.954647e-01,2.021206e-01,5.599878e+00
1163,3.564339e-18,-2.186698e-05,-5.312405e-05,5.113319e-04,3.007105e-01,-1.404328e-02,6.235229e-01
1164,1.891997e-17,4.217225e-06,-6.734254e-05,5.014275e-04,9.177948e-01,-9.846005e-01,9.159420e+00
1165,1.106318e-16,3.971205e-06,-6.731082e-05,5.009781e-04,7.974230e-01,-8.986616e-01,8.865261e+00
1166,2.135739e-17,3.754519e-06,-5.076114e-05,5.112768e-04,-2.549595e+00,7.886705e-01,2.106795e+01
1167,1.490521e-17,1.741586e-05,-7.019011e-05,5.084913e-04,2.120203e-01,2.911061e-01,2.107642e+01
1168,3.608634e-18,8.235105e-06,-5.147381e-05,5.050242e-04,4.648805e-01,-5.983966e-02,1.948159e+01
1169,2.044385e-18,5.306472e-06,-5.076263e-05,5.010999e-04,1.840825e+00,2.176072e+00,9.749737e+00
1170,7.890903e-18,1.210840e-05,-6.006681e-05,5.060805e-04,7.996635e-03,-8.347102e-01,5.885758e+00
1171,3.023904e-17,9.359850e-06,-6.405975e-05,5.156084e-04,2.110505e-01,2.289254e-01,4.853170e+00
1172,2.775213e-18,1.095757e-05,-6.092903e-05,5.189747e-04,-1.850727e-01,1.116060e+00,7.259593e+00
1173,1.224983e-17,1.776589e-05,-6.878723e-05,5.168165e-04,2.104327e-01,5.779324e-02,4.512589e+00
1174,6.163581e-18,7.822797e-06,-5.078600e-05,4.997819e-04,2.189865e-01,7.925271e-01,1.825370e+01
1175,3.176941e-18,1.401525e-05,-7.156719e-05,5.027053e-04,9.452716e-01,-8.397449e-01,-9.241369e-01
1176,6.367374e-18,1.719063e-05,-7.030865e-05,5.035750e-04,2.051946e-01,3.159766e-01,2.129053e+01
1177,1.569839e-18,6.251617e-06,-5.702748e-05,5.255797e-04,1.956360e-02,6.191773e-02,4.619028e+00
1178,6.921263e-18,1.260820e-05,-6.015689e-05,5.270153e-04,2.306844e-01,4.017647e-01,9.341410e+00
1179,4.789885e-17,-7.878280e-06,-5.330441e-05,5.388944e-04,2.232553e-02,3.192653e-01,1.016138e+01
1180,1.557794e-16,-7.927168e-06,-5.352186e-05,5.388197e-04,-4.882523e-01,7.722956e-02,1.015000e+01
1181,4.735754e-17,-1.118929e-05,-5.580064e-05,5.478880e-04,-6.275797e-01,1.981072e+00,1.357431e+01
1182,4.552884e-18,-1.172069e-05,-6.562594e-05,5.451342e-04,4.900705e-02,-8.321798e-02,8.235896e+00
1183,4.852118e-18,-2.264359e-05,-5.312661e-05,5.407873e-04,1.168263e+00,-2.472256e-01,5.888985e+00
1184,4.053706e-18,-2.343833e-06,-6.015868e-05,5.361129e-04,9.044566e-03,-1.196194e-01,5.122342e+00
1185,1.203465e-18,-7.110287e-06,-7.273010e-05,5.457791e-04,-7.607591e-02,-2.405462e-01,1.727284e+00
1186,5.121666e-16,1.039360e-05,1.596677e-05,5.128362e-04,-5.897807e-01,-6.328202e-01,1.336348e+01
1187,3.762365e-17,1.651251e-05,1.591680e-05,5.029960e-04,1.252416e+00,1.441418e+00,1.921228e+01
1188,1.432381e-17,2.042563e-05,3.863913e-06,5.035880e-04,-4.629345e+00,-2.703064e-01,1.821660e+01
1189,2.789593e-17,7.128220e-06,1.932942e-05,5.197368e-04,2.112382e+00,-1.316547e+00,3.376670e+00
1190,1.490603e-16,8.993997e-06,4.870534e-07,5.006588e-04,-1.471698e+00,-2.749281e-01,6.977562e+00
1191,2.916510e-18,2.121479e-05,1.516525e-05,5.100100e-04,4.161998e-01,-2.458824e-01,1.418643e+01
1192,2.902447e-18,2.579315e-05,1.946941e-05,5.182486e-04,-6.165038e-02,1.004570e-02,1.901526e+00
1193,6.936443e-18,2.109555e-05,1.797127e-05,5.139664e-04,-5.482226e-02,7.254748e-02,3.788898e+00
1194,8.560892e-18,5.480234e-06,2.496399e-05,5.087288e-04,5.446649e-02,4.837463e-01,3.629619e+00
1195,4.242879e-18,5.510674e-06,8.593052e-06,5.234609e-04,-1.779098e-01,-1.010402e-01,1.430088e+00
1196,4.442615e-18,2.460145e-05,8.596160e-06,5.081963e-04,-1.061356e+00,3.930945e-02,3.928533e+00
1197,3.081477e-17,3.976008e-06,1.465714e-06,5.162292e-04,-6.624889e-01,-6.499741e-01,2.010781e+00
1198,7.722217e-18,1.637951e-05,1.637575e-05,5.202412e-04,1.132702e+00,-1.201478e+00,2.515759e+01
1199,2.441822e-18,2.544557e-05,5.543620e-06,4.875331e-04,7.221292e-01,-5.844681e-01,8.734326e+00
1200,9.995310e-17,1.659796e-05,7.366291e-06,4.869347e-04,-1.874917e+00,1.267348e+00,4.211942e+00
1201,2.291187e-17,1.570704e-05,1.671982e-05,4.941282e-04,-1.007690e+00,2.528363e+00,1.411640e+01
1202,1.989945e-17,1.968757e-05,2.191862e-05,4.806899e-04,2.905628e+00,-1.238769e+00,9.639090e+00
1203,3.983738e-18,2.312349e-05,4.659692e-06,4.937628e-04,-2.776987e+00,3.299356e-01,1.258354e+01
1204,4.570795e-18,1.714110e-05,2.181042e-05,4.760510e-04,-8.644382e-02,7.403944e-01,6.913798e+00
1205,3.395054e-18,1.247103e-05,1.639355e-05,4.856834e-04,6.692539e-01,-1.757954e+00,6.143587e+00
1206,2.948818e-17,7.408531e-06,2.657682e-06,4.877284e-04,-9.950472e-01,-1.909991e+00,3.789387e+00
1207,2.440420e-18,5.460370e-06,2.266222e-05,4.762714e-04,-4.229807e-01,-1.974594e-01,4.698225e-01
1208,4.752475e-17,7.679324e-06,1.702342e-05,4.796927e-04,-3.172549e-01,1.839759e+00,-5.030156e-01
1209,1.364982e-18,1.870031e-05,1.928102e-05,4.780752e-04,3.538107e+00,-7.446243e-01,9.553624e+00
1210,2.362961e-18,2.112175e-05,2.343642e-05,4.935330e-04,-1.924596e-01,1.322009e-01,-1.463027e+00
1211,2.852636e-18,2.109630e-05,1.016259e-05,4.958118e-04,3.289380e-01,-2.841839e-01,3.156576e+00
1212,2.095253e-17,1.611975e-05,3.038388e-06,4.936513e-04,-2.652966e+00,6.271880e-01,1.487584e+00
1213,2.866873e-18,1.953681e-05,5.477801e-06,4.770834e-04,4.311149e-02,-4.503940e-02,2.848447e+00
1214,6.886886e-18,3.149899e-06,1.535978e-06,4.830457e-04,2.593316e-01,-4.420364e-01,-6.715314e-01
1215,5.870664e-17,4.967611e-06,3.541409e-05,5.124319e-04,-1.345034e+00,-6.252167e-01,5.792285e+00
1216,4.820421e-18,2.185498e-05,3.749313e-05,5.054762e-04,-6.624371e-02,1.133500e-01,4.098110e+00
1217,1.947768e-17,7.141915e-06,2.945058e-05,5.157966e-04,-7.165811e-01,-2.946099e-01,3.851566e+00
1218,3.054951e-18,3.466855e-09,3.515390e-05,5.174238e-04,-2.076740e-01,-9.856195e-02,9.601604e+00
1219,2.159254e-17,4.535748e-06,4.757174e-05,5.191902e-04,-3.221439e-01,-8.251399e-01,4.639403e+00
1220,2.318103e-17,6.740201e-06,3.862119e-05,5.205818e-04,4.645485e-01,-4.770131e-01,2.427382e+00
1221,4.751406e-18,1.048157e-05,4.062415e-05,5.082779e-04,-1.120013e+00,-4.899340e-02,8.300249e-01
1222,2.552453e-18,-1.289059e-04,-7.834467e-07,5.066287e-04,-9.623457e-05,-3.795066e-02,5.173326e+00
1223,3.426379e-18,-1.367207e-04,-7.950113e-07,5.043318e-04,4.906939e-03,-8.738729e-01,3.553845e+00
1224,3.672780e-17,-1.261561e-04,1.899462e-06,5.130912e-04,9.487438e-01,-9.177562e-01,6.063256e+00
1225,7.385020e-18,-1.507698e-04,9.604156e-06,5.129955e-04,-9.381861e-01,-1.633969e+00,3.974970e+00
1226,1.326925e-16,-1.622946e-04,-1.388476e-05,5.117959e-04,-9.147525e-01,-3.116280e+00,7.437208e+00
1227,3.520032e-17,-1.667780e-04,-1.130552e-05,5.063761e-04,3.294657e-01,2.998165e-01,1.921140e+01
1228,8.697570e-18,-1.646262e-04,-1.909261e-05,5.030179e-04,-3.339574e+00,-2.096297e-01,1.114268e+01
1229,1.314590e-18,-1.710584e-04,-7.017631e-06,5.170933e-04,-1.448530e-01,-7.972391e-01,1.525366e+01
1230,5.489161e-18,-1.718774e-04,-1.674190e-05,5.184095e-04,3.790765e-02,-2.493199e+00,1.234439e+01
1231,1.656488e-17,-1.705464e-04,-1.815060e-05,5.253406e-04,2.272142e+00,-1.807930e+00,6.723491e+00
1232,3.896883e-18,-1.695268e-04,-7.798780e-07,5.101709e-04,2.805859e-02,-6.203263e-02,2.116672e+00
1233,2.588864e-18,-1.578132e-04,-1.485779e-05,5.236360e-04,2.076754e-02,3.378771e-01,4.453568e+00
1234,1.306992e-18,-1.601591e-04,-5.469975e-06,5.209580e-04,-9.821910e-02,3.318207e-02,2.829886e+00
1235,1.215117e-18,-1.679632e-04,-7.806427e-07,5.024264e-04,5.081224e-02,-2.490575e-03,-1.372199e+00
1236,1.874429e-17,-1.642203e-04,1.453118e-05,5.165893e-04,2.695362e-01,-8.841194e-02,3.259370e+00
1237,9.830947e-17,-1.644165e-04,1.444006e-05,5.163416e-04,2.459315e-01,-3.016526e-02,3.081191e+00
1238,2.444890e-17,-1.524149e-04,1.798026e-05,5.236974e-04,-4.138996e-01,1.000903e+00,5.345118e+00
1239,3.075365e-17,-1.563202e-04,1.100655e-05,5.206710e-04,9.582823e-01,7.339976e-01,6.837315e+00
1240,7.144458e-18,-1.710824e-04,1.328680e-05,5.224694e-04,-7.933797e-01,1.028014e+00,1.172647e+00
1241,1.876841e-17,-1.345294e-04,-1.859515e-05,5.212130e-04,2.258854e-01,-1.749564e-01,5.023389e+00
1242,1.073919e-16,-1.347345e-04,-1.879046e-05,5.210129e-04,2.018820e-01,-2.335202e-01,4.788269e+00
1243,1.401273e-16,-1.229473e-04,-1.686372e-05,5.171430e-04,2.526329e+00,-2.024080e+00,1.581507e+01
1244,2.152971e-17,-1.242117e-04,-2.035555e-05,5.094167e-04,-1.376315e+00,-1.203169e+00,1.157245e+01
1245,2.761255e-17,-1.242118e-04,-8.571864e-06,5.137905e-04,5.381791e-01,-9.594183e-01,5.570853e+00
1246,4.938721e-18,-1.256677e-04,-1.593219e-05,5.034000e-04,1.803676e+00,-4.788425e-01,1.037925e+01
1247,1.728569e-18,-1.477768e-04,-1.328487e-05,5.196434e-04,-1.165655e-02,1.812780e-01,4.424712e+00
1248,3.776470e-18,-1.374264e-04,-1.174519e-05,5.121073e-04,-6.175362e-02,1.574348e-01,3.927281e+00
1249,2.494533e-18,-1.406253e-04,-9.374112e-06,5.197488e-04,-4.065622e-02,-7.743078e-02,1.930464e+00
1250,2.925645e-18,-1.453147e-04,-3.125270e-06,5.089828e-04,2.586238e-02,6.228259e-02,2.343126e-01
1251,7.081720e-18,-1.273281e-04,-9.757734e-06,5.201820e-04,-5.522185e-01,6.098288e-01,3.696222e+00
1252,1.400359e-18,-1.484373e-04,3.904720e-06,5.247958e-04,-5.190274e-02,-2.635037e-01,8.315208e+00
1253,1.463920e-18,-1.484368e-04,3.916714e-06,5.201685e-04,9.114060e-02,1.742136e-01,7.486847e+00
1254,4.760302e-18,-1.398425e-04,4.686151e-06,5.116861e-04,-2.448725e-02,3.100035e-02,4.332919e+00
1255,7.015259e-18,-1.345228e-04,1.562688e-05,5.118541e-04,4.588045e-01,1.388288e-01,5.959984e+00
1256,4.550719e-18,-1.439987e-04,7.816060e-06,5.059298e-04,6.259237e-01,-7.874829e-02,4.864554e+00
1257,2.805792e-18,-1.445308e-04,8.591486e-06,5.228936e-04,3.370307e-02,1.298618e-02,5.508103e+00
1258,7.306594e-18,-1.243648e-04,2.168268e-05,5.226590e-04,-1.139563e-01,6.363283e-01,4.645114e-01
1259,2.304926e-18,-1.398451e-04,4.683221e-06,5.175339e-04,2.751849e-02,-1.490798e-01,4.081859e+00
1260,3.419432e-18,-1.445159e-04,3.342851e-06,5.052690e-04,2.840591e-01,7.182383e-01,3.099354e+00
1261,3.083355e-18,-1.421899e-04,7.821011e-06,5.174688e-04,3.723150e-02,-1.174224e-01,3.922217e+00
1262,1.712356e-18,-1.719354e-04,-2.257477e-05,5.292707e-04,-3.872053e-01,-3.345948e+00,1.189582e+01
1263,1.186201e-17,-1.676919e-04,-2.278498e-05,5.439758e-04,1.107264e-01,4.839665e-01,7.111482e+00
1264,5.765115e-18,-1.624998e-04,-7.811011e-06,5.373136e-04,5.553522e-02,1.216931e-02,4.829243e+00
1265,9.541644e-19,-1.734395e-04,-1.485624e-05,5.399155e-04,-5.741885e-03,-4.400729e-02,-9.742267e-01
1266,4.403678e-16,-1.368361e-04,-1.566207e-05,5.436268e-04,-7.119737e-01,-8.542785e-01,6.265259e+00
1267,3.310936e-17,-1.264749e-04,1.397782e-05,5.473417e-04,5.764328e-01,3.967368e-01,8.055461e+00
1268,1.120785e-16,-1.262031e-04,1.416129e-05,5.475091e-04,3.778044e-01,5.971934e-01,7.788913e+00
1269,1.965186e-16,-1.262171e-04,-1.162227e-05,5.458459e-04,-8.018812e-01,-5.507823e-01,1.186551e+01
1270,1.841706e-17,-1.317563e-04,-4.865243e-06,5.372838e-04,-8.696470e-01,-9.255319e-01,6.991384e+00
1271,3.924950e-18,-1.476581e-04,-1.327660e-05,5.422507e-04,-1.230810e-02,5.507237e-02,7.600142e+00
1272,3.350039e-18,-1.437506e-04,-2.337484e-06,5.484873e-04,-6.416300e-03,1.184221e+00,7.173171e+00
1273,1.153946e-18,-1.476572e-04,-1.328468e-05,5.346310e-04,7.536300e-02,3.440164e-02,4.647656e+00
1274,4.928064e-18,-1.429467e-04,-1.039615e-05,5.492633e-04,-1.280676e+00,1.191168e+00,1.085112e+01
1275,1.582789e-18,-1.265611e-04,-1.796779e-05,5.346937e-04,-6.853511e-01,1.153063e-01,3.266148e+00
1276,7.662078e-17,-1.451874e-04,4.484797e-06,5.419416e-04,7.690856e-01,-4.961296e-02,9.053863e+00
1277,4.805815e-17,-1.224251e-04,1.015664e-05,5.394718e-04,-3.361970e-01,-3.269151e-01,8.682382e+00
1278,5.834846e-18,-1.405040e-04,2.018433e-05,5.315874e-04,7.033452e-02,4.251737e-01,7.099607e+00
1279,4.252043e-18,-1.264592e-04,2.396781e-06,5.317083e-04,1.008481e+00,1.928388e-01,6.220889e+00
1280,1.086918e-18,-1.375005e-04,9.382871e-06,5.286038e-04,-1.468848e-02,3.775604e-02,7.331841e+00
1281,2.843932e-18,-1.343727e-04,1.563187e-05,5.403742e-04,6.025086e-03,-1.987163e-02,1.085186e+01
1282,4.602889e-18,-1.335484e-04,1.401935e-06,5.411550e-04,-6.347038e-02,7.527850e-01,8.799908e+00
1283,1.434093e-18,-1.484365e-04,3.914093e-06,5.346285e-04,1.463210e-01,1.081692e-01,8.256482e+00
1284,1.237145e-18,-1.398421e-04,4.688710e-06,5.383838e-04,-5.533423e-01,-2.196523e-02,3.315391e+00
1285,4.972473e-18,-1.273436e-04,4.585484e-06,5.391522e-04,-1.788587e-02,1.137838e+00,4.504617e+00
1286,1.008841e-18,-1.398398e-04,4.691024e-06,5.316219e-04,-4.517357e-03,-3.623182e-02,6.356412e+00
1287,3.286347e-17,-2.436364e-04,-1.297414e-06,4.773671e-04,1.390431e+00,6.195715e-01,5.963974e+00
1288,5.687053e-17,-2.390439e-04,2.441242e-06,4.955098e-04,-4.984574e-01,-1.585007e-01,1.445026e+01
1289,1.281852e-18,-2.496097e-04,-7.910333e-07,4.887628e-04,-2.667541e-02,-8.845485e-02,-2.148688e+00
1290,3.273019e-17,-2.267243e-04,-8.361328e-06,4.844781e-04,-5.204787e-01,-1.377211e+00,5.025228e+00
1291,7.139871e-18,-2.241655e-04,-1.375859e-05,4.821036e-04,2.583059e-01,-2.955470e+00,2.696218e+00
1292,2.712618e-18,-2.163864e-04,-8.592280e-06,4.754976e-04,1.216990e-01,-8.754076e-01,1.788223e-01
1293,1.398201e-18,-2.146626e-04,-1.346508e-05,4.932430e-04,9.318318e-01,-6.930230e-01,7.093136e-01
1294,1.244387e-18,-2.117190e-04,-5.472224e-06,4.938715e-04,-6.645850e-02,-9.797823e-02,8.425902e-01
1295,5.196188e-18,-2.195096e-04,5.261334e-08,4.906489e-04,6.877301e-02,-9.512287e-02,1.705953e+00
1296,4.150569e-18,-2.170260e-04,-1.015101e-05,4.927708e-04,-1.742804e-01,6.200024e-02,2.812641e+00
1297,2.739579e-18,-2.195091e-04,-8.619455e-06,4.896308e-04,9.322750e-02,-3.605194e-01,2.001576e+00
1298,1.459974e-18,-2.109139e-04,-7.109534e-06,4.782697e-04,3.609801e-01,-8.464906e-02,-2.764164e+00
1299,3.551897e-18,-2.031240e-04,-4.685760e-06,4.895711e-04,2.589374e-02,4.838794e-02,-1.125810e+00
1300,1.143425e-17,-2.377607e-04,-6.510733e-06,4.849049e-04,4.949047e-01,1.634970e+00,6.466559e+00
1301,9.051896e-17,-2.381706e-04,-6.418113e-06,4.846588e-04,5.403081e-01,1.774650e+00,5.600532e+00
1302,2.498104e-17,-2.378715e-04,-1.805044e-05,4.782401e-04,1.540169e+00,-7.151356e-01,6.168307e+00
1303,3.178704e-18,-2.328110e-04,-1.483793e-05,5.004674e-04,-1.695808e-02,1.423434e+00,1.372769e+01
1304,3.740998e-17,-2.340850e-04,-1.228207e-05,4.864722e-04,-2.788993e+00,1.785119e+00,6.166956e+00
1305,2.129588e-17,-2.294999e-04,-1.207888e-05,4.975101e-04,4.587755e-01,-6.811440e-01,1.017589e+01
1306,4.835339e-18,-2.296824e-04,-1.093777e-05,4.868245e-04,7.656919e-02,-8.597750e-01,5.259897e+00
1307,4.197750e-17,-2.350279e-04,-2.406086e-05,4.864256e-04,-1.860284e+00,1.457684e-01,4.841610e+00
1308,2.449226e-17,-2.320173e-04,-6.145703e-06,4.788574e-04,4.647543e-01,-2.084646e+00,2.778602e+00
1309,4.137074e-18,-2.304668e-04,-4.683485e-06,4.868959e-04,-3.660166e-01,-1.225369e-01,3.617162e+00
1310,4.936126e-18,-2.304672e-04,-4.689844e-06,4.955202e-04,3.937181e-02,-1.672174e-02,8.722614e+00
1311,3.388670e-18,-2.461137e-04,-1.406348e-05,4.888324e-04,4.806999e-01,3.274935e-01,2.690398e+00
1312,1.620506e-17,-2.492641e-04,-9.081244e-06,4.961552e-04,-2.295782e-02,-1.206648e-01,3.004618e+00
1313,1.600182e-17,-2.295525e-04,-1.596677e-05,4.773402e-04,2.784307e+00,9.786425e-01,3.352671e+00
1314,5.415690e-18,-2.374985e-04,-1.961434e-06,4.989322e-04,8.274344e-02,-9.041899e-02,7.001190e+00
1315,7.912654e-18,-2.353788e-04,-8.889185e-06,4.749204e-04,1.627935e+00,6.905375e-01,-2.868898e-01
1316,3.300684e-18,-2.437494e-04,-7.811829e-06,4.942538e-04,3.067494e-01,-3.593723e-01,2.490399e+00
1317,1.334180e-18,-2.453203e-04,-2.030597e-05,4.899939e-04,-1.961588e-01,3.170679e-01,9.381337e-01
1318,2.812922e-18,-2.429828e-04,-1.640322e-05,4.841485e-04,1.522890e-01,2.829211e-01,-3.007445e+00
1319,3.495706e-18,-2.304688e-04,-4.687505e-06,5.012940e-04,7.476459e-03,-1.882919e-02,9.211617e+00
1320,2.202841e-18,-2.321754e-04,-2.260463e-05,4.808652e-04,-2.643106e+00,1.268007e-01,9.019710e+00
1321,2.241880e-18,-2.314290e-04,-2.181760e-05,4.753107e-04,1.091419e+00,-5.674940e-01,5.757127e-01
1322,2.737238e-18,-2.461041e-04,-1.327839e-05,4.841672e-04,-4.997114e-02,-1.600619e+00,1.460107e+00
1323,2.558259e-18,-2.297145e-04,-1.095369e-05,4.763435e-04,2.691238e-01,1.000609e-01,-2.312485e+00
1324,6.468526e-18,-2.300067e-04,-2.430866e-05,4.861388e-04,-7.149903e-01,-1.339816e-01,-8.165061e-01
1325,2.092749e-18,-2.014405e-04,-3.898107e-06,4.745794e-04,1.156836e+00,-6.181275e-01,-5.263239e-02
1326,2.656420e-19,-2.402344e-04,-1.172007e-06,4.704586e-04,4.552035e+00,-1.611421e+00,-1.635403e+00
1327,2.648661e-18,-2.413736e-04,7.479366e-08,4.728440e-04,2.637593e+00,1.556283e+00,4.694300e+00
1328,6.822536e-19,-2.363283e-04,-1.679618e-05,4.739938e-04,-2.340924e-01,1.287690e+00,3.365141e+00
1329,2.086355e-18,-2.258442e-04,-5.548225e-06,4.739050e-04,-2.004279e-01,1.982906e-01,-1.433272e+00
1330,3.802101e-18,1.328149e-05,-1.328145e-05,5.004917e-04,6.911302e-01,1.003035e+00,4.314885e+00
1331,5.969497e-17,1.271812e-05,-1.325833e-05,5.012002e-04,4.308807e-01,9.684308e-01,4.372577e+00
1332,3.813570e-18,7.033898e-06,-2.421833e-05,4.911355e-04,-1.326608e+00,-2.407288e-01,5.278435e+00
1333,4.756189e-17,6.545170e-06,-2.355463e-05,4.914020e-04,-1.771918e+00,-5.633085e-04,5.007075e+00
1334,2.342833e-17,2.270238e-06,-2.560190e-05,4.901435e-04,1.989854e-01,2.624167e+00,1.140781e+01
1335,4.668152e-17,4.969847e-06,-1.985462e-05,4.997103e-04,2.172476e+00,8.607717e-01,7.746801e+00
1336,1.208195e-16,2.666649e-05,-1.569495e-05,4.941594e-04,2.227769e+00,-7.703609e-02,1.020675e+01
1337,1.519821e-18,2.446962e-05,-1.632923e-05,4.998454e-04,-1.367613e+00,6.450695e-01,7.779366e+00
1338,4.258588e-18,1.953569e-05,-1.718899e-05,4.977159e-04,-1.804959e-02,-6.745131e-02,1.435051e+00
1339,5.016352e-18,2.106550e-05,-1.561502e-05,4.845724e-04,9.213793e-01,5.450721e-01,6.950391e+00
1340,3.657158e-18,1.953728e-05,-1.719538e-05,4.903597e-04,3.229627e-01,-5.932963e-01,2.098742e+00
1341,7.067277e-18,1.827986e-05,-6.265174e-06,4.850764e-04,-2.451625e+00,-1.818391e-01,3.507178e-01
1342,8.164634e-18,2.340537e-06,-1.228509e-05,4.969520e-04,-9.793109e-01,-5.253077e-02,3.738845e+00
1343,2.082352e-17,2.271289e-05,-1.089072e-05,4.938796e-04,-9.247833e-02,-4.883549e-01,1.454339e+01
1344,2.937431e-18,1.328318e-05,-1.014830e-05,4.880147e-04,9.251325e-02,-1.983444e-01,-4.746825e-01
1345,1.178744e-18,2.418029e-05,-1.485185e-05,4.899792e-04,-5.437646e-01,-7.112543e-01,1.376999e+01
1346,2.178954e-18,2.428678e-05,-1.480282e-05,4.858164e-04,8.601526e-01,-1.088044e+00,1.027524e+01
1347,2.537019e-18,2.423057e-05,-1.480554e-05,4.809955e-04,6.440292e-01,4.834501e-01,6.772373e+00
1348,3.900984e-18,1.584703e-06,-1.877664e-05,4.793511e-04,-8.307612e-02,-2.052469e-01,-2.578579e+00
1349,3.222000e-18,1.326520e-05,-1.327933e-05,4.778609e-04,-1.125498e-01,-3.538413e-02,-2.492901e+00
1350,1.969026e-17,3.181573e-05,-9.319950e-06,5.212923e-04,3.866260e+00,4.167808e+00,2.737376e+01
1351,3.149739e-17,2.453771e-05,-1.835591e-05,5.077609e-04,6.719328e-01,-1.499155e+00,1.383346e+01
1352,8.017860e-18,4.608906e-05,-1.257949e-05,5.175747e-04,-1.466892e-01,2.135936e-01,1.962975e+01
1353,1.533208e-17,4.742242e-05,-2.066247e-05,5.023300e-04,7.450857e-01,-1.249349e+00,1.774175e+01
1354,7.069959e-18,2.657761e-05,-8.870150e-06,5.155894e-04,-2.270795e-01,3.995900e+00,2.652800e+01
1355,1.075155e-17,4.696623e-05,-1.247609e-05,5.048232e-04,6.270268e-01,-3.117882e-01,1.384742e+01
1356,1.862583e-18,4.604507e-05,-1.334041e-05,5.239436e-04,2.027120e-02,2.408140e-01,1.940531e+01
1357,1.130381e-17,3.411766e-05,-2.866551e-06,5.082099e-04,-6.429117e-01,3.395499e-01,5.486117e+00
1358,8.350936e-17,3.419938e-05,-2.819221e-06,5.087020e-04,-6.575674e-01,3.682627e-01,5.391507e+00
1359,1.061018e-16,3.558722e-05,-1.529860e-06,5.000791e-04,-4.867809e-01,3.024070e-01,5.062128e+00
1360,5.391544e-19,2.773274e-05,-1.328237e-05,5.155596e-04,-2.674944e-01,-6.079404e-01,4.006655e+00
1361,2.056274e-18,3.275881e-05,-6.296977e-06,5.121648e-04,-1.308787e-01,4.894834e-02,5.057327e-01
1362,1.086839e-18,3.671119e-05,-2.333592e-06,5.186209e-04,9.429309e-02,-9.025531e-02,1.464068e+00
1363,2.817403e-18,2.812416e-05,-1.331935e-05,5.206310e-04,2.338636e-01,-1.177667e+00,3.123602e+00
1364,3.707691e-18,3.669372e-05,-7.849253e-06,5.121839e-04,2.643448e-02,2.937070e-02,1.704931e-01
1365,2.813099e-18,3.984814e-05,-1.954154e-05,5.182699e-04,-1.550115e-02,1.954254e-01,-2.542614e-01
1366,1.932169e-17,3.722374e-05,9.020768e-06,5.126777e-04,-2.859583e+00,-1.607555e-01,1.385935e+01
1367,7.552928e-18,3.046537e-05,1.249571e-05,5.159567e-04,-1.176214e+00,-1.127049e-01,5.457792e+00
1368,6.985291e-17,2.976550e-05,1.246715e-05,5.156678e-04,-1.172418e+00,-5.400830e-01,5.287834e+00
1369,2.278679e-18,4.072510e-05,9.297619e-06,5.081640e-04,-2.199347e+00,1.027075e+00,1.437083e+01
1370,5.233535e-18,4.062251e-05,1.327144e-05,5.171428e-04,3.457259e-01,-1.501284e-01,1.515932e+01
1371,8.838640e-18,4.401353e-05,8.596204e-06,5.208681e-04,-5.965998e-02,-1.392969e-01,6.684981e+00
1372,1.769417e-17,4.156827e-05,1.291727e-06,5.122099e-04,-2.819747e-01,1.134971e+00,2.655648e+00
1373,1.243054e-18,3.202028e-05,8.595360e-06,5.224851e-04,1.115825e-01,-6.131254e-02,2.151253e+00
1374,2.415654e-17,2.861647e-05,1.663574e-06,4.884490e-04,-1.262781e+00,8.227850e-01,1.764475e+01
1375,6.071132e-18,4.767526e-05,-1.815105e-05,4.955062e-04,-4.656094e-01,-8.619511e-01,1.554284e+01
1376,7.626404e-18,4.374998e-05,-2.421909e-05,4.911624e-04,-7.158266e-02,-1.572947e-02,-9.635530e-01
1377,4.437865e-17,4.372897e-05,-2.381658e-05,4.905426e-04,-4.827005e-02,-1.684795e-03,-7.634445e-01
1378,1.139402e-17,4.687231e-05,-1.192432e-05,4.939986e-04,1.633776e-01,-6.102293e-01,8.249018e+00
1379,8.940795e-18,4.529242e-05,1.485911e-06,4.893889e-04,-3.773337e-01,5.088547e-02,3.874475e+00
1380,1.299977e-18,2.883915e-05,-1.413651e-05,4.851540e-04,9.664898e-03,3.340661e-02,5.020919e+00
1381,2.866167e-17,3.781600e-05,-8.216113e-06,4.933151e-04,2.737628e-01,1.818681e+00,3.567997e+00
1382,3.443054e-18,4.687477e-05,-7.818596e-06,4.880191e-04,5.684632e-02,-1.010856e+00,7.824719e+00
1383,4.240934e-18,4.690243e-05,-3.466075e-06,4.783420e-04,-7.443067e-02,3.286686e+00,1.591693e+00
1384,1.134457e-17,3.332912e-05,-1.957024e-05,4.813205e-04,-1.224629e+00,3.771618e-01,1.028419e+00
1385,1.348331e-18,4.296965e-05,-3.911295e-06,5.001063e-04,2.998709e-02,5.217351e-03,2.023284e+00
1386,4.334828e-17,4.592267e-05,-2.395184e-05,4.805695e-04,-5.772011e-02,-3.795218e-02,-6.852066e-01
1387,5.575380e-18,2.655941e-05,-1.332445e-07,4.985851e-04,-1.612559e-03,-1.949796e-02,1.514021e+00
1388,1.629385e-18,4.756842e-05,-1.789061e-05,4.867361e-04,6.960987e-01,1.090969e-01,9.125250e+00
1389,2.594846e-19,4.726638e-05,-1.835892e-05,4.821810e-04,1.192171e+00,-2.117392e-01,4.214618e+00
1390,1.947271e-17,2.962684e-05,8.438313e-06,4.821056e-04,7.602089e-01,4.233016e-01,9.871712e+00
1391,3.611628e-18,5.077493e-05,1.411027e-05,4.811146e-04,-5.641388e-01,-7.753442e-01,6.557340e+00
1392,8.856442e-18,3.907009e-05,1.328131e-05,4.926723e-04,2.038838e-02,1.027720e-02,5.988500e+00
1393,5.283987e-17,5.376033e-05,1.220579e-05,4.844621e-04,8.131968e-01,-2.704123e-01,1.043601e+01
1394,1.359029e-18,4.450062e-05,9.401305e-06,4.993398e-04,4.064761e-01,1.581201e-01,7.037240e+00
1395,2.073199e-17,3.180511e-05,4.574493e-06,4.832362e-04,3.346970e-01,-1.431187e+00,8.214805e-01
1396,1.568294e-17,4.689340e-05,9.373030e-06,4.895242e-04,2.038645e-01,1.218023e-01,8.703622e+00
1397,1.414914e-18,3.359506e-05,3.904989e-06,4.954207e-04,-2.992749e-02,4.030508e-02,3.292787e+00
1398,1.116125e-18,3.360417e-05,2.358512e-06,4.782650e-04,-3.591726e-02,8.899886e-03,1.819985e+00
1399,8.916553e-18,3.419983e-05,9.746396e-06,4.918132e-04,1.014715e-01,-4.915251e-01,1.168186e+00
1400,3.450835e-18,3.906211e-05,1.328053e-05,4.817997e-04,2.891881e-01,-2.230127e-01,1.800926e+00
1401,2.401642e-17,4.115244e-05,2.409190e-05,4.855173e-04,-4.923809e-02,3.115982e-02,-9.184634e-01
1402,1.258095e-17,2.909299e-05,2.425456e-05,4.989318e-04,-1.292234e-02,4.060966e-02,-1.065895e+00
1403,1.308129e-18,4.219272e-05,3.122949e-06,4.977632e-04,3.649290e-02,-2.875609e-02,5.071907e-01
1404,7.157635e-17,-6.714974e-06,-2.257151e-04,5.299077e-04,2.919022e-01,1.279798e+00,1.142361e+01
1405,5.536665e-19,-4.700462e-06,-2.019516e-04,5.428631e-04,-2.185420e+00,-5.126431e+00,1.070532e+01
1406,3.173137e-17,-1.485799e-05,-2.196062e-04,5.358976e-04,5.113047e-01,2.057972e-01,1.037083e+01
1407,6.238560e-17,-7.222667e-06,-2.043452e-04,5.247874e-04,-7.609827e-01,2.846421e-01,4.973415e+00
1408,4.789890e-18,-9.377698e-06,-2.210967e-04,5.300776e-04,-7.035485e-02,-8.139692e-02,3.149737e+00
1409,1.158773e-17,-1.792331e-05,-2.251190e-04,5.379124e-04,-4.271463e-01,1.159559e+00,2.140706e+00
1410,4.708365e-18,-5.474124e-06,-2.078092e-04,5.460278e-04,-6.736387e-01,2.889905e-02,7.233654e+00
1411,1.080363e-18,-1.953863e-05,-2.148427e-04,5.415067e-04,4.051098e-02,-5.858703e-03,-1.060173e-01
1412,9.751848e-19,-1.953521e-05,-2.148429e-04,5.445210e-04,-1.088804e-01,3.922739e-02,-5.844102e-02
1413,9.927222e-17,-6.796795e-06,-2.441771e-04,5.431419e-04,6.559168e-01,2.347779e-01,1.016486e+01
1414,1.223978e-18,-2.326085e-06,-2.382909e-04,5.263573e-04,1.316453e+00,1.216795e-01,1.910613e+01
1415,1.465460e-18,-9.376740e-06,-2.421882e-04,5.278908e-04,-4.845645e-02,-2.873209e-02,4.827943e+00
1416,2.215151e-17,-1.751331e-05,-2.436266e-04,5.450305e-04,-5.341358e-01,-1.939323e+00,7.075576e+00
1417,1.806920e-17,-1.595873e-05,-2.468319e-04,5.262244e-04,3.728080e-01,-6.234554e-01,4.205865e+00
1418,5.153851e-17,-2.876380e-06,-2.409122e-04,4.996102e-04,5.625279e-02,-8.503667e-01,1.479946e+01
1419,4.928516e-18,-3.123173e-06,-2.359373e-04,4.978419e-04,-3.707571e-02,5.091541e-02,1.163335e+01
1420,1.583386e-17,-1.130535e-05,-2.340938e-04,4.884056e-04,3.265119e+00,7.211372e-01,7.607137e+00
1421,2.304394e-17,-1.098275e-05,-2.401325e-04,4.912447e-04,2.381071e+00,3.259278e-01,1.073961e+01
1422,3.206012e-18,-3.123105e-06,-2.343622e-04,4.871992e-04,1.873693e-01,-6.138889e-01,6.034246e+00
1423,2.364151e-17,-8.183477e-06,-2.273907e-04,4.890920e-04,9.557619e-01,3.469068e-02,4.888643e+00
1424,2.312271e-17,-6.257670e-06,-2.318094e-04,4.909878e-04,-5.173729e-01,5.228755e-01,5.595949e+00
1425,1.954626e-18,-2.359319e-06,-2.496094e-04,4.899544e-04,1.590763e-02,5.338538e-02,3.943720e+00
1426,1.198939e-17,-8.671998e-06,-2.447989e-04,4.967498e-04,1.405370e+00,-2.032530e+00,2.305510e+00
1427,1.593912e-18,-1.495954e-05,-2.334869e-04,4.831025e-04,8.123984e-02,-1.257273e-01,5.088081e+00
1428,2.925869e-18,-4.298173e-06,-2.399608e-04,4.839627e-04,2.577234e+00,-5.361730e-01,2.328354e+00
1429,2.627642e-19,-3.515371e-06,-2.324221e-04,4.798300e-04,3.941168e-01,-5.921711e-01,5.030313e-01
1430,2.123136e-17,-2.423585e-05,-2.371860e-04,4.862363e-04,1.613082e-01,-6.067843e-01,9.718386e-02
1431,2.118756e-18,-1.490454e-05,-2.397774e-04,4.834473e-04,2.265144e-01,1.264522e+00,6.398774e+00
1432,1.978609e-18,-1.524883e-06,-2.396887e-04,4.959187e-04,-4.453070e-01,-4.091888e-02,1.793802e+01
1433,1.466738e-17,-1.573637e-06,-2.390088e-04,4.869256e-04,-2.914790e-01,6.302492e-02,9.292292e+00
1434,2.671720e-18,-1.273889e-05,-2.407186e-04,4.879297e-04,1.975894e+00,2.547276e-01,1.304197e+01
1435,6.180378e-19,-1.171907e-06,-2.394535e-04,4.927191e-04,-4.498240e-01,-3.557014e-01,1.490635e+01
1436,2.717253e-18,-1.486825e-05,-2.390940e-04,4.789730e-04,-6.568840e-01,1.205417e+00,3.144890e+00
1437,4.737200e-18,-1.640784e-05,-2.426377e-04,5.012937e-04,1.731303e-01,-1.044778e+00,-2.133225e+00
1438,8.949662e-19,-1.420719e-06,-2.378908e-04,4.803673e-04,1.038272e+00,6.449783e-01,2.914258e+00
1439,5.869364e-18,-1.406447e-05,-2.246214e-04,5.006606e-04,1.408037e-02,7.190618e-01,-7.825691e-02
1440,8.116387e-18,-2.431983e-05,-2.455329e-04,4.982233e-04,-6.751836e-02,1.014993e-02,-1.266664e+00
1441,7.415130e-18,-2.431952e-05,-2.304228e-04,4.891952e-04,-6.735433e-02,6.120629e-03,-1.134967e+00
1442,4.358298e-17,-7.023205e-06,-2.167904e-04,4.969451e-04,1.302708e+00,-2.639641e+00,1.431979e+01
1443,3.337349e-17,-1.284592e-05,-2.181517e-04,4.963637e-04,3.516796e-01,3.268507e-01,3.489647e+00
1444,9.640656e-17,-3.475741e-06,-2.097669e-04,4.953639e-04,-8.735767e-01,-1.088895e+00,1.076501e+01
1445,1.350411e-17,-3.274631e-06,-2.079034e-04,4.870409e-04,-2.046063e-01,9.598664e-01,1.131629e+01
1446,1.156714e-18,-4.297083e-06,-2.156740e-04,4.802237e-04,2.099095e+00,9.912520e-01,5.777697e+00
1447,1.231893e-17,-6.968011e-06,-2.174772e-04,4.885767e-04,-3.239584e-01,-2.423803e+00,1.232086e+01
1448,4.650492e-18,-8.783213e-06,-2.203769e-04,4.956864e-04,4.238576e-01,-9.782894e-01,1.104166e+00
1449,5.996720e-18,-1.021080e-05,-2.027921e-04,5.014123e-04,1.002918e+00,1.854696e+00,3.412444e+00
1450,4.176149e-18,-1.329773e-05,-2.034579e-04,4.935180e-04,3.041929e-02,-7.184844e-01,-2.008532e+00
1451,1.524824e-17,-2.421912e-05,-2.046877e-04,4.903812e-04,5.706488e-03,4.364251e-02,-8.656619e-01
1452,5.760475e-17,-2.360125e-05,-2.044885e-04,4.907712e-04,-2.600121e-02,6.131562e-02,-6.570812e-01
1453,2.293366e-18,-1.953190e-06,-2.070555e-04,4.804372e-04,2.279126e-01,6.859331e-02,5.235173e+00
1454,1.336947e-17,-2.425343e-05,-2.195484e-04,4.960155e-04,-6.330149e-02,-1.464850e-02,-1.064126e+00
1455,6.451946e-18,-2.825511e-06,-2.368508e-04,5.154709e-04,-5.580640e-01,-1.185435e+00,1.478036e+01
1456,1.068108e-17,-8.670094e-06,-2.287443e-04,5.071150e-04,4.457617e-01,-1.440183e-01,9.863495e+00
1457,4.742077e-18,-3.124982e-06,-2.359289e-04,5.092933e-04,1.143014e+00,-2.840601e-01,1.633786e+01
1458,8.705499e-18,-7.845915e-06,-2.286763e-04,5.139618e-04,3.323028e-01,1.910787e-01,9.960434e+00
1459,2.474613e-18,-1.173884e-05,-2.445275e-04,5.029031e-04,-1.017111e-01,-7.429777e-02,1.911371e+00
1460,2.373419e-18,-3.126598e-06,-2.359477e-04,5.051900e-04,-1.147029e-01,7.135400e-02,1.408446e+01
1461,1.072425e-18,-1.563737e-05,-2.496088e-04,5.221733e-04,2.291872e-01,-4.874331e-02,1.061214e+00
1462,3.048430e-18,-9.381448e-06,-2.421858e-04,5.052063e-04,-1.827306e-01,-3.898627e-02,5.256175e-01
1463,1.571829e-18,-2.344116e-05,-2.496114e-04,5.175290e-04,5.861258e-02,1.193865e-02,7.641380e-01
1464,1.137526e-17,-1.311992e-05,2.493949e-04,4.751605e-04,-2.236920e+00,-3.415181e-01,-4.488157e-01
1465,1.189181e-17,-1.479454e-05,2.335814e-04,4.757677e-04,-1.055662e+00,-1.636846e+00,3.406153e-01
1466,1.191921e-17,-1.160766e-05,2.454561e-04,4.762868e-04,4.101190e-01,-9.906765e-01,2.368435e+00
1467,2.341866e-17,-1.408048e-05,2.280843e-04,4.833617e-04,-4.140795e-01,5.122095e-01,7.476339e+00
1468,7.630253e-18,5.469114e-06,2.296873e-04,4.880219e-04,-1.655590e+00,-3.093044e-01,5.893400e+00
1469,5.761421e-17,5.312466e-06,2.297369e-04,4.877304e-04,-1.731752e+00,-4.495174e-01,5.530920e+00
1470,4.229858e-17,5.898081e-06,2.366064e-04,4.895982e-04,-3.359453e-01,-8.171854e-01,4.162532e+00
1471,7.626192e-19,1.562562e-05,2.496101e-04,5.001360e-04,1.794408e-01,2.181061e-01,7.282973e+00
1472,2.176034e-17,1.627700e-05,2.455201e-04,4.951569e-04,-4.947657e-01,-2.868816e-01,6.192571e+00
1473,2.516520e-18,1.618121e-06,2.327566e-04,4.832009e-04,8.611566e-01,-3.502379e-01,4.200706e+00
1474,2.821813e-18,5.447604e-06,2.273583e-04,4.794111e-04,2.562349e-01,1.978317e+00,2.431288e+00
1475,2.095685e-18,5.617738e-06,2.384248e-04,4.809691e-04,2.486945e-01,-2.858060e-01,2.198172e+00
1476,8.180030e-19,8.985122e-06,2.308595e-04,4.806064e-04,-2.176482e+00,1.487266e+00,3.215871e+00
1477,2.028480e-17,1.568229e-06,2.399180e-04,4.772342e-04,7.062994e-01,2.965589e-01,8.082004e-01
1478,4.242021e-18,1.011307e-05,2.360059e-04,4.855356e-04,9.222067e-02,-6.106077e-01,9.611921e+00
1479,3.661917e-18,1.249932e-05,2.265653e-04,4.981761e-04,-7.295190e-01,-6.775597e-01,-2.010856e-01
1480,4.298776e-18,8.500013e-06,2.296549e-04,4.968785e-04,-2.973564e-01,8.806299e-01,1.747414e+00
1481,1.238417e-17,1.599643e-05,2.408152e-04,4.796193e-04,-3.961194e-01,2.994314e-01,9.123473e-01
1482,5.733871e-19,8.984023e-06,2.316408e-04,4.778495e-04,-1.015685e+00,2.307882e+00,-5.646844e-01
1483,6.147669e-19,1.054790e-05,2.316404e-04,4.849387e-04,-2.289963e-01,4.167295e-01,9.095321e+00
1484,1.267704e-18,9.766514e-06,2.310116e-04,4.830745e-04,-1.175765e+00,4.870996e-01,6.335046e+00
1485,2.165472e-18,1.002698e-05,2.354843e-04,4.893398e-04,8.372663e-01,-5.188251e-01,1.263717e+01
1486,1.906452e-17,-1.390618e-05,2.426560e-04,4.967768e-04,-1.305121e-01,4.309590e-01,6.654489e+00
1487,8.687245e-17,-1.371370e-05,2.426776e-04,4.968726e-04,-6.498884e-02,4.959607e-01,6.431194e+00
1488,4.394493e-17,-1.241961e-05,2.285546e-04,4.938547e-04,1.354743e+00,1.820405e-01,1.181064e+01
1489,4.443975e-17,-2.394681e-05,2.422460e-04,4.951646e-04,7.037818e-03,-6.063498e-02,-8.311597e-01
1490,3.977841e-17,-2.056945e-06,2.285236e-04,4.910032e-04,-2.852630e+00,-1.304537e+00,4.899378e+00
1491,1.719338e-17,-1.249990e-05,2.425407e-04,4.878955e-04,-8.956206e-02,-5.089642e-01,7.250624e+00
1492,2.939476e-18,-1.810098e-05,2.496091e-04,4.985425e-04,9.907085e-01,1.035495e-01,1.009270e+01
1493,3.538620e-17,-1.212891e-05,2.372947e-04,4.933458e-04,-1.985547e+00,-3.507714e-02,7.736010e+00
1494,2.838248e-18,-1.623687e-06,2.327969e-04,4.856526e-04,-1.678580e+00,1.027604e-01,5.529452e+00
1495,5.548965e-18,-9.731276e-06,2.374935e-04,4.894241e-04,-1.080469e+00,-3.850309e-01,8.981232e+00
1496,1.266639e-18,-1.350912e-05,2.338122e-04,4.937074e-04,-5.410647e-01,4.140473e-01,2.519302e+00
1497,1.188597e-17,-5.494939e-06,2.469041e-04,4.960292e-04,1.593844e-01,5.722410e-02,1.615216e+00
1498,7.768817e-18,-1.621676e-05,2.358858e-04,4.888143e-04,-2.620351e-01,5.301076e-01,1.042799e+00
1499,1.180479e-18,-8.572919e-06,2.285158e-04,4.856802e-04,3.478007e-01,-3.069854e-01,-3.357134e-01
1500,2.714687e-18,-1.564691e-06,2.265601e-04,4.848515e-04,1.679715e-01,-4.819225e-02,3.986277e+00
1501,5.859170e-18,-1.677981e-05,2.496093e-04,4.923346e-04,7.482074e-02,-6.919870e-02,7.978117e+00
1502,2.736862e-19,-4.297284e-06,2.496086e-04,4.946542e-04,-1.482411e-03,2.890036e-01,1.775290e+00
1503,1.014150e-18,-2.480793e-06,2.365743e-04,4.774887e-04,-1.447485e-01,1.134556e-01,2.251942e-01
1504,9.055361e-18,-2.419782e-05,2.492177e-04,4.909327e-04,-3.898428e-02,1.587899e-02,-6.900591e-01
1505,3.195074e-18,-1.641328e-05,2.496091e-04,4.873606e-04,1.473317e-01,-4.714154e-02,9.226273e+00
1506,7.260972e-19,-1.636767e-05,2.496105e-04,4.813993e-04,-5.665966e-01,2.645164e-01,4.663651e+00
1507,3.988863e-17,-1.651930e-05,2.167173e-04,4.840102e-04,1.526928e-01,-1.334181e+00,3.592720e+00
1508,2.120436e-17,-6.642654e-06,2.132859e-04,4.944261e-04,2.376826e+00,2.591839e+00,3.895335e+00
1509,2.970070e-18,-9.373490e-06,2.046838e-04,4.980958e-04,5.731190e-02,2.826663e-01,5.824829e+00
1510,6.353477e-17,-5.413735e-06,2.220520e-04,4.911604e-04,-2.250139e+00,1.898970e-02,3.457667e+00
1511,1.722818e-18,-1.880808e-05,2.163372e-04,4.992500e-04,-1.713321e-01,-3.988571e-01,1.013347e+01
1512,1.475244e-17,-1.325794e-05,2.126992e-04,4.910610e-04,5.529831e-02,-2.212548e+00,4.433407e+00
1513,4.467784e-17,-1.164386e-06,2.073618e-04,4.865627e-04,6.889992e-01,-6.708368e-01,6.474890e+00
1514,3.259198e-18,-1.806715e-05,2.132822e-04,4.820360e-04,2.761582e-01,-5.060862e-01,2.601845e+00
1515,2.078875e-17,-1.011096e-05,2.166459e-04,4.821514e-04,-1.214698e+00,6.451846e-02,1.075851e+00
1516,1.479255e-17,-1.591161e-05,2.022025e-04,4.776084e-04,6.204531e-01,-1.473381e+00,-1.275559e-01
1517,3.746024e-18,-1.553601e-06,2.030884e-04,4.800270e-04,3.214140e-01,1.571893e-01,5.571862e+00
1518,3.172361e-18,-7.090056e-06,2.086535e-04,4.855879e-04,-4.169779e-01,6.749304e-04,1.846262e+00
1519,7.557228e-19,-1.863011e-05,2.165440e-04,4.962356e-04,-2.413171e-01,-7.497653e-01,8.492385e+00
1520,5.044869e-18,-1.244061e-05,2.069952e-04,4.931017e-04,-1.772138e+00,-3.166449e+00,2.269809e+01
1521,1.261519e-17,-1.196512e-05,2.078766e-04,4.833754e-04,2.342418e-01,2.533761e+00,1.116498e+01
1522,3.211332e-18,-1.479363e-06,2.078882e-04,4.823257e-04,-1.008776e-01,-1.058040e+00,9.605647e+00
1523,4.927351e-19,-1.171944e-06,2.074218e-04,4.794316e-04,5.567067e-01,-3.090325e-02,4.862503e+00
1524,1.078735e-18,-1.953270e-06,2.078285e-04,4.767121e-04,9.920154e-02,-2.306063e+00,1.479835e+00
1525,2.960949e-18,-1.017486e-06,2.028176e-04,4.755379e-04,-5.371411e-02,-5.719585e-01,-5.445956e-01
1526,2.745888e-17,1.033455e-05,2.040370e-04,4.955376e-04,7.835084e-01,-2.558516e-02,8.960455e+00
1527,8.769245e-17,7.979929e-06,2.135114e-04,4.862147e-04,4.397308e-01,2.114052e+00,5.186798e+00
1528,3.077118e-18,7.814927e-06,2.039089e-04,4.903105e-04,1.294077e-01,1.090534e-01,7.321342e+00
1529,1.369914e-18,8.841965e-06,2.041218e-04,4.843053e-04,2.597137e+00,4.092027e-01,3.106758e+00
1530,3.258977e-18,5.531048e-06,2.132792e-04,4.944861e-04,3.278119e-01,-1.386716e-01,2.399570e+00
1531,1.839563e-17,2.020699e-05,2.227785e-04,4.791785e-04,1.824343e+00,7.431907e-01,1.882397e+00
1532,2.463491e-17,1.113217e-05,2.038352e-04,4.817786e-04,-9.217646e-01,-9.701282e-01,2.225446e+00
1533,1.776826e-18,9.251807e-06,2.212567e-04,4.825636e-04,1.191261e-01,3.023099e-01,3.698391e-01
1534,4.841587e-18,5.170450e-06,2.195267e-04,4.981719e-04,1.542709e+00,-1.640654e-01,3.212580e+00
1535,3.170052e-17,2.190071e-05,2.150832e-04,4.831739e-04,7.594629e-01,-5.932340e-01,-3.635080e-01
1536,2.336719e-18,6.256500e-06,2.070389e-04,4.942733e-04,-6.646607e-02,4.756134e-01,1.266171e+00
1537,3.521110e-18,3.126235e-06,2.211147e-04,4.896020e-04,-3.289248e+00,-1.163961e+00,2.004427e+00
1538,3.555549e-18,9.379032e-06,2.234398e-04,4.895958e-04,2.537480e-02,-5.731300e-01,3.387750e+00
1539,3.219306e-18,5.455524e-06,2.023667e-04,4.833819e-04,1.744976e+00,-1.511112e+00,1.809543e+00
1540,2.017109e-17,9.839316e-06,2.059740e-04,4.766615e-04,1.684196e+00,-4.414750e-01,-6.440185e-01
1541,1.277774e-18,8.203378e-06,2.136720e-04,4.747944e-04,4.584996e-02,6.918425e-01,1.673891e+00
1542,4.495732e-18,1.111101e-05,2.164831e-04,4.818393e-04,7.205060e-01,5.815242e-01,-1.484493e-01
1543,4.499231e-19,1.914164e-05,2.230460e-04,4.759319e-04,-1.631504e+00,1.402785e-01,3.973009e+00
1544,1.588655e-17,9.812906e-05,-1.767745e-05,5.283409e-04,-6.835315e-02,1.651135e-01,3.008684e+00
1545,2.797510e-16,8.123732e-05,-1.888329e-06,5.269783e-04,6.961379e-01,-9.365248e-01,9.724661e+00
1546,1.598865e-17,9.144144e-05,-1.705200e-05,5.160104e-04,-3.806460e-01,-8.753528e-01,2.446869e+01
1547,3.702520e-17,7.583554e-05,-1.126365e-05,4.990967e-04,7.351895e-01,1.293749e-01,9.480803e+00
1548,6.933620e-18,9.062800e-05,-1.562701e-05,5.019774e-04,1.738208e-02,9.106522e-03,1.673040e+01
1549,1.245158e-16,9.201281e-05,1.837059e-06,5.150199e-04,-5.059902e-01,5.959333e-01,1.039111e+01
1550,1.010569e-17,7.970114e-05,-1.789628e-05,5.200591e-04,-2.233621e-02,-2.631848e+00,1.316132e+01
1551,4.618336e-18,9.458926e-05,-2.575854e-06,5.057996e-04,-2.934628e-01,-1.895178e+00,1.052691e+01
1552,2.081195e-18,9.607628e-05,-1.245863e-06,5.255778e-04,3.231870e-01,-4.709610e-01,1.216104e+01
1553,2.115226e-18,7.970310e-05,-1.314714e-05,5.099794e-04,-2.500714e-02,-3.119810e-02,8.579436e+00
1554,5.318522e-18,8.515192e-05,-3.127118e-06,5.055231e-04,-8.531158e-02,-5.066157e-02,6.763310e+00
1555,1.504197e-18,8.519308e-05,-3.129149e-06,5.209607e-04,1.802668e-01,-1.591853e-01,8.473966e+00
1556,4.903012e-19,9.687468e-05,-7.421829e-06,5.147970e-04,-2.386974e-01,9.297396e-02,2.369884e+00
1557,1.634870e-17,9.675420e-05,-1.238986e-05,5.037248e-04,1.064717e+00,7.685258e-01,1.605434e+00
1558,5.317045e-17,8.606806e-05,-7.522583e-06,5.349651e-04,7.168523e-01,-8.597753e-01,1.280010e+01
1559,1.440137e-16,9.502100e-05,-5.599896e-06,5.381271e-04,3.617119e-01,-3.919699e-01,4.060217e+00
1560,1.352923e-18,7.890288e-05,-1.962020e-05,5.384875e-04,1.209669e-01,-1.013006e+00,1.608536e+01
1561,1.343980e-17,8.480651e-05,-2.151249e-05,5.459609e-04,-3.573183e+00,-1.187100e-01,1.015255e+01
1562,3.459816e-18,8.359314e-05,-1.875102e-05,5.411150e-04,2.340745e-02,2.160809e-01,5.807158e+00
1563,2.004683e-16,8.053251e-05,1.079776e-05,4.940187e-04,1.217732e+00,7.530028e-01,4.822209e+00
1564,2.827537e-18,8.052140e-05,4.710701e-06,5.182031e-04,-1.619530e+00,2.058341e-01,1.045140e+01
1565,2.077041e-17,8.617494e-05,4.849199e-06,5.004909e-04,-9.145448e-02,-4.661948e-01,6.793212e+00
1566,4.971579e-19,9.453236e-05,1.172121e-06,5.039740e-04,-8.524554e-02,5.156937e-01,9.028297e+00
1567,2.799225e-18,8.437368e-05,9.370130e-06,5.213283e-04,-9.964461e-03,-3.075231e-02,9.156916e-01
1568,2.938375e-18,8.906161e-05,1.329701e-05,5.159382e-04,1.775335e-01,2.261889e-01,5.235457e+00
1569,1.498384e-17,9.297594e-05,1.147500e-05,5.257532e-04,1.706124e-01,-3.418085e-01,6.440063e+00
1570,1.873868e-17,9.000279e-05,2.799853e-06,5.297622e-04,-2.841722e+00,3.441795e+00,1.342089e+01
1571,4.067808e-18,1.007880e-04,8.602501e-06,5.300900e-04,1.855322e-01,-2.300246e-02,5.637704e+00
1572,2.882613e-17,9.559680e-05,5.619950e-06,5.372087e-04,-2.715679e-02,3.339064e-01,9.174985e+00
1573,5.565907e-18,8.595404e-05,6.864707e-06,5.411270e-04,-2.414653e-01,3.732125e-01,9.137551e+00
1574,2.088914e-17,1.014504e-04,1.303874e-05,5.480569e-04,-6.413839e-01,-6.372375e-01,4.590504e+00
1575,4.564803e-18,8.594171e-05,1.484348e-05,5.362177e-04,-4.817386e-02,-3.057183e-03,5.954054e+00
1576,2.863058e-18,8.359332e-05,1.568357e-06,5.335119e-04,-2.320694e-02,-7.393802e-03,5.115906e+00
1577,3.993674e-18,9.296587e-05,1.249510e-05,5.308243e-04,-1.054805e-02,-3.964892e-01,4.850942e+00
1578,1.678381e-18,8.990665e-05,9.441811e-06,5.458579e-04,4.070038e-01,2.026706e-01,1.075657e+00
1579,1.298799e-18,9.297577e-05,1.249568e-05,5.482469e-04,2.623880e-01,1.228941e-01,3.633498e+00
1580,4.606412e-19,9.726410e-05,1.095066e-05,5.338720e-04,-9.027730e-02,-9.352316e-02,1.844717e+00
1581,9.237992e-17,9.234905e-05,1.298226e-05,4.908501e-04,-2.464874e-01,-1.984633e-01,4.841523e+00
1582,4.056803e-18,8.984379e-05,-7.918998e-07,4.993648e-04,1.621499e-01,-1.312804e+00,6.100504e+00
1583,6.258278e-18,7.657984e-05,6.364457e-06,4.937385e-04,9.594936e-01,2.632029e-01,1.170803e+01
1584,6.569039e-17,9.314438e-05,2.380448e-05,4.829204e-04,-1.038452e-01,-3.302224e-01,-5.896031e-01
1585,2.428406e-18,8.993193e-05,-6.909691e-07,4.910814e-04,1.841464e-01,1.237795e-01,4.928494e+00
1586,2.003307e-17,7.323810e-05,2.086446e-05,4.865296e-04,3.615327e-01,5.330485e-01,4.811679e+00
1587,3.623152e-18,9.444420e-05,7.788678e-07,4.917344e-04,1.687889e-01,6.191000e-01,5.049578e+00
1588,1.452100e-17,7.836990e-05,2.037835e-05,4.906446e-04,-9.639728e-01,7.096161e-01,2.263526e+00
1589,4.642151e-18,8.984242e-05,1.327484e-05,4.993438e-04,-1.561632e-01,-8.626742e-02,1.505322e+00
1590,1.303914e-18,7.673800e-05,8.358822e-06,4.979535e-04,3.097760e+00,2.946684e+00,1.561139e+01
1591,1.263862e-17,8.766521e-05,1.876800e-05,4.863741e-04,-9.198943e-02,6.915793e-02,2.020303e+00
1592,1.544963e-18,9.688822e-05,3.141294e-06,4.899675e-04,-1.683250e-01,-9.910839e-02,1.545163e+00
1593,3.570079e-17,7.268442e-05,2.400453e-05,4.904518e-04,-6.081678e-02,1.045743e-02,-8.598761e-01
1594,2.445727e-18,7.656294e-05,2.460953e-05,4.799408e-04,1.380840e-01,1.160455e-02,-1.697226e+00
1595,2.898011e-18,9.063690e-05,-1.408416e-05,4.950643e-04,1.075385e+00,1.252220e-01,1.229960e+01
1596,1.574964e-16,8.660144e-05,-6.757849e-06,4.927116e-04,-1.433892e+00,1.611395e+00,7.181518e+00
1597,1.584065e-18,9.061534e-05,-1.246443e-05,4.891995e-04,-5.295090e-01,-1.577428e+00,7.781700e+00
1598,1.219269e-18,8.538881e-05,-1.078169e-05,4.882649e-04,-2.802200e+00,-1.346121e-01,7.143875e+00
1599,3.496366e-18,7.656046e-05,-1.093996e-05,4.872536e-04,-5.903580e-01,3.837305e-01,5.164107e+00
1600,3.339242e-18,7.966453e-05,-1.004053e-05,4.974567e-04,-4.865994e-01,-2.725940e-01,6.291656e+00
1601,1.567522e-17,9.316381e-05,-1.243053e-05,4.818820e-04,-3.338426e+00,1.524293e-01,3.511080e+00
1602,4.931590e-18,7.579357e-05,-1.092782e-05,4.945924e-04,7.426163e-02,5.035552e-01,1.123308e+01
1603,2.694241e-18,9.059590e-05,-1.016239e-05,4.841081e-04,9.060642e-01,4.115817e+00,6.084504e+00
1604,4.610543e-17,7.380962e-05,-2.389102e-05,4.948684e-04,-2.106953e-02,2.238253e-03,-8.719135e-01
1605,4.592233e-18,7.734667e-05,-1.093479e-05,4.791241e-04,-5.789287e-02,5.114406e-02,2.594969e+00
1606,4.118290e-18,8.512879e-05,-3.071002e-06,4.970161e-04,1.733078e-01,2.221518e-01,3.893755e+00
1607,3.976267e-18,7.968646e-05,-8.648969e-06,4.889691e-04,-1.376546e-01,8.478265e-01,3.029725e+00
1608,7.202965e-18,9.548817e-05,-3.126500e-06,4.807433e-04,-4.880807e-01,4.406586e-02,1.174885e+00
1609,6.892851e-18,8.514564e-05,-3.164365e-06,4.807437e-04,4.237428e-01,2.861427e-01,9.511814e-01
1610,3.039749e-18,8.752629e-05,-5.456967e-06,4.865315e-04,-6.448396e-02,2.180338e+00,7.476026e+00
1611,9.903553e-17,-2.486095e-04,-1.651609e-05,5.467129e-04,-5.243979e-02,-1.560664e+00,1.112350e+01
1612,2.288063e-16,-2.392957e-04,-1.266512e-05,5.239496e-04,-2.064224e+00,-7.494837e-02,1.129901e+01
1613,2.238571e-17,-2.474610e-04,-1.964409e-05,5.377093e-04,-6.645467e+00,-9.030857e-01,2.762537e+01
1614,5.081828e-17,-2.369036e-04,-5.825936e-06,5.276266e-04,5.181673e-01,5.346880e-01,5.431692e+00
1615,1.688874e-17,-2.346562e-04,-1.516404e-05,5.080648e-04,-9.427584e-02,8.897712e-01,1.692727e+01
1616,5.797672e-17,-2.304525e-04,-5.334300e-06,5.214559e-04,9.307848e-02,1.787234e-01,1.456224e+01
1617,3.433631e-18,-2.312556e-04,-1.172840e-05,5.121031e-04,3.674318e-01,-1.377668e-01,1.390655e+01
1618,2.595324e-17,-2.490928e-04,-2.324268e-05,5.108806e-04,-5.859920e-01,-7.128765e+00,7.101334e+00
1619,1.160859e-17,-2.350246e-04,-1.171349e-05,5.199709e-04,-3.136603e+00,2.514832e-02,1.701560e+01
1620,5.027590e-18,-2.382794e-04,-1.566100e-06,5.070459e-04,4.715237e-02,-9.487648e-02,9.128929e+00
1621,5.079190e-18,-2.304702e-04,-4.687099e-06,5.109061e-04,-2.108316e-02,-3.133116e-01,1.247474e+01
1622,7.072229e-18,-2.392668e-04,-8.548113e-06,5.117514e-04,-7.020071e-01,-1.294155e+00,7.520818e+00
1623,1.558702e-17,-2.476166e-04,-8.396564e-06,5.121947e-04,-7.971395e-01,1.413414e+00,9.083778e+00
1624,3.170766e-18,-2.369740e-04,-2.375760e-06,5.138101e-04,-2.769632e-01,6.649486e-02,6.561295e+00
1625,2.000746e-17,-2.491658e-04,-7.550324e-06,5.258114e-04,-8.554596e-02,1.901925e-01,1.039685e+01
1626,9.228654e-18,-2.433349e-04,-1.442825e-07,5.147088e-04,4.132846e-01,1.093449e+00,4.991662e-01
1627,8.403378e-18,-2.311433e-04,-1.170274e-05,5.066286e-04,2.256337e-01,-1.025735e-01,1.232698e+01
1628,2.994108e-18,-2.304699e-04,-4.689202e-06,5.067332e-04,-2.864620e-03,6.238139e-02,1.059417e+01
1629,3.489531e-17,-2.286899e-04,-8.597073e-06,5.328170e-04,-7.428136e-01,2.326773e-01,1.429128e+01
1630,3.856204e-17,-2.277768e-04,-3.806936e-06,5.376094e-04,2.210193e+00,-1.205625e-01,1.595098e+01
1631,1.569512e-18,-2.496064e-04,-7.812923e-06,5.440681e-04,-9.852782e-02,1.304462e-02,9.672405e+00
1632,7.748149e-18,-2.386474e-04,-3.902874e-06,5.446387e-04,-2.463659e+00,9.222853e-02,5.597775e+00
1633,5.217779e-18,-2.493115e-04,-7.780864e-07,5.476775e-04,-4.916646e-02,4.405979e-02,5.189338e+00
1634,3.866087e-18,-2.390627e-04,-1.327748e-05,5.460943e-04,5.350137e-02,7.297823e-02,1.130786e+00
1635,1.129731e-17,-2.216127e-04,5.469226e-06,5.241605e-04,1.748580e+00,4.990536e-02,1.728140e+01
1636,1.028512e-16,-2.217423e-04,4.842208e-06,5.242619e-04,1.798128e+00,-2.501400e-01,1.671779e+01
1637,9.159550e-17,-2.486521e-04,6.930956e-06,5.363962e-04,8.326579e-02,6.224870e-01,8.585955e+00
1638,3.182215e-16,-2.144867e-04,9.117679e-06,5.247128e-04,8.894304e-01,1.517462e-01,4.667786e+00
1639,4.426437e-17,-2.046119e-04,5.163271e-06,5.173454e-04,-1.662482e+00,-7.520437e-01,1.404030e+01
1640,4.306096e-17,-2.074675e-04,1.143136e-05,5.170084e-04,-4.131678e-01,-1.141279e+00,6.451336e+00
1641,1.226372e-17,-2.212730e-04,2.318824e-06,4.997687e-04,2.584517e+00,1.416278e-01,1.022397e+01
1642,3.760151e-18,-2.195326e-04,1.484146e-05,5.159646e-04,1.031148e+00,1.108587e+00,8.946401e+00
1643,4.779026e-17,-2.195785e-04,1.552468e-05,5.160129e-04,9.166380e-01,1.130619e+00,8.406543e+00
1644,3.978893e-17,-2.096331e-04,2.926737e-06,5.171700e-04,2.767663e+00,5.969938e-01,7.747894e+00
1645,6.413350e-17,-2.173521e-04,3.752450e-06,5.020061e-04,-4.246209e-01,-1.493035e-01,5.190485e+00
1646,1.326716e-18,-2.211082e-04,9.373081e-06,5.047709e-04,1.212719e-01,-5.491007e-02,7.341214e+00
1647,9.521373e-18,-2.242368e-04,2.264438e-06,5.099735e-04,-1.400753e-02,3.836959e-01,1.029466e+01
1648,2.414246e-17,-2.080234e-04,1.157686e-05,5.020795e-04,-6.960068e-01,-2.678182e-02,3.785788e+00
1649,3.797860e-18,-2.240015e-04,8.598717e-06,5.222067e-04,3.504687e+00,-7.474853e-01,9.168236e+00
1650,1.113788e-18,-2.226508e-04,2.323781e-06,5.062902e-04,3.811453e-01,1.973310e-01,9.590911e+00
1651,5.488247e-18,-2.309764e-04,7.154701e-06,5.106125e-04,-1.809005e+00,7.003195e-01,1.140130e+01
1652,4.264998e-17,-2.363295e-04,9.177251e-06,5.159086e-04,-3.143969e+00,-1.051705e+00,1.105875e+01
1653,1.350409e-17,-2.263129e-04,1.219117e-05,5.047449e-04,-1.598198e-02,-3.191812e-01,8.563416e+00
1654,2.525566e-18,-2.437505e-04,1.953980e-05,5.075792e-04,2.941643e-02,7.978152e-01,3.704073e+00
1655,1.039498e-17,-2.465739e-04,2.187387e-05,5.158925e-04,-1.584020e+00,-2.172113e-01,2.842695e+00
1656,3.266627e-18,-2.281198e-04,1.483186e-05,5.182544e-04,-8.103948e-02,1.388042e+00,9.235003e-01
1657,1.859752e-17,-2.376311e-04,1.914349e-05,5.309988e-04,-2.609639e-01,1.374645e+00,5.422705e+00
1658,1.070657e-17,-2.492749e-04,1.504507e-05,5.365887e-04,1.559107e-02,4.996816e-01,8.594935e+00
1659,2.237492e-18,-2.496067e-04,2.341497e-05,5.445447e-04,-8.062006e-02,-8.002462e-02,8.351301e+00
1660,5.237112e-18,-2.309020e-04,2.346133e-06,5.386601e-04,-5.763646e-02,2.300702e-02,5.965202e+00
1661,2.387067e-18,-2.280988e-04,1.485961e-05,5.426357e-04,-3.436481e-01,-6.464832e-02,-1.600734e+00
1662,1.840697e-17,-2.098432e-04,6.405292e-06,5.393753e-04,-9.111540e-01,-1.234366e+00,8.475796e+00
1663,8.860149e-17,-2.097062e-04,6.417924e-06,5.390396e-04,-9.509197e-01,-1.230755e+00,8.337712e+00
1664,3.239152e-17,-2.028349e-04,1.227741e-05,5.325143e-04,8.208928e-01,5.882913e-01,9.085028e+00
1665,2.170765e-18,-2.226421e-04,9.371491e-06,5.463757e-04,-4.909806e-01,-2.310104e-01,3.298636e+00
1666,3.701467e-18,9.388792e-06,1.000330e-04,5.158407e-04,-9.300208e-01,5.892356e-01,1.913845e+01
1667,2.755385e-16,-2.009559e-06,9.758281e-05,5.207919e-04,1.679743e+00,7.827208e-01,7.784135e+00
1668,2.121385e-17,7.877031e-06,1.000070e-04,5.022918e-04,-3.960743e-02,-1.402152e-01,1.132126e+01
1669,7.619012e-17,3.376380e-06,8.455841e-05,5.471026e-04,-5.024515e-01,-1.092007e+00,1.234893e+01
1670,3.559502e-18,1.633395e-05,9.732205e-05,5.301350e-04,2.264982e+00,-7.707594e-01,1.939582e+01
1671,5.313838e-17,1.811840e-05,7.929705e-05,5.326695e-04,1.757952e-01,7.637240e-01,6.586819e+00
1672,7.492526e-18,2.487455e-06,8.670284e-05,5.264582e-04,4.086963e-01,-3.112528e-01,1.052156e+01
1673,8.558238e-18,1.016357e-05,9.347295e-05,5.248001e-04,4.327833e-01,-1.330936e+00,7.922994e+00
1674,4.814866e-17,-1.116574e-06,7.532839e-05,5.397764e-04,3.014380e-01,2.720427e-01,4.704830e+00
1675,2.263854e-17,8.288616e-06,7.591169e-05,5.431275e-04,2.572288e-01,-9.419646e-01,8.444471e+00
1676,2.828161e-17,1.485720e-06,8.283522e-05,5.332638e-04,-3.651900e-01,4.682497e-01,1.397928e+01
1677,1.096443e-16,1.357774e-05,9.674908e-05,5.195979e-04,9.808941e-01,-6.342965e-01,1.477101e+01
1678,9.566135e-18,7.036509e-06,9.501826e-05,5.418473e-04,-1.246150e-02,3.598783e-01,6.441025e+00
1679,2.073525e-18,7.762656e-07,9.765272e-05,5.372513e-04,-5.209191e-01,-1.748447e-01,1.179607e-01
1680,1.028507e-18,1.015832e-05,8.436883e-05,5.474687e-04,3.485105e-01,-2.121944e-01,-1.977848e-01
1681,6.116239e-17,-4.104518e-06,8.097341e-05,5.277800e-04,6.444991e-01,3.635811e-01,6.545493e+00
1682,2.945645e-17,-1.574283e-05,7.799117e-05,5.366551e-04,-1.730018e+00,-3.576439e+00,2.671934e+01
1683,4.248991e-18,-1.174378e-05,8.039145e-05,5.283229e-04,1.023996e-01,-2.112360e+00,2.359544e+01
1684,1.474836e-17,-1.015843e-05,8.750215e-05,5.320185e-04,-5.516669e-01,-4.025426e-03,7.826660e+00
1685,4.153175e-17,-8.804809e-06,9.614323e-05,5.366946e-04,1.265962e+00,-6.182785e-01,9.425707e+00
1686,8.616198e-17,-1.056852e-05,8.750090e-05,5.316824e-04,-3.362413e-01,1.208798e-01,7.476131e+00
1687,4.929887e-19,-6.269555e-06,7.460986e-05,5.444012e-04,7.962977e-02,1.593873e-01,5.683272e+00
1688,1.357278e-17,-2.308640e-05,8.706296e-05,5.352192e-04,-1.106146e+00,1.464608e+00,6.820132e+00
1689,5.070043e-18,-1.015695e-05,8.548105e-05,5.379009e-04,2.985574e-02,5.593848e-01,2.579836e+00
1690,2.780541e-17,-1.007890e-05,7.646876e-05,5.424398e-04,6.481492e-01,4.244092e-01,6.359053e+00
1691,1.357448e-17,-1.392261e-05,7.960010e-05,5.445372e-04,-1.822687e-01,-8.169060e-02,6.695096e+00
1692,6.193978e-18,-1.160485e-05,8.449948e-05,5.209157e-04,-8.364858e-02,-9.290922e-01,2.146010e+01
1693,3.186308e-17,-1.035038e-05,7.724366e-05,5.060520e-04,8.510788e-01,-5.441171e-01,9.070251e+00
1694,3.538997e-17,-9.769837e-06,8.367674e-05,5.040239e-04,2.251658e-01,1.258215e+00,1.782203e+01
1695,1.049270e-18,-1.172209e-05,8.515074e-05,5.132961e-04,-6.825251e-01,-1.039976e-01,1.467987e+01
1696,1.506937e-17,-1.469324e-05,7.312680e-05,5.085652e-04,1.021539e-01,2.491000e+00,4.553918e+00
1697,2.871375e-17,-7.772422e-06,7.954778e-05,5.098291e-04,8.564958e-01,3.855755e-01,7.904627e+00
1698,2.716943e-18,-1.561687e-06,8.828856e-05,5.119688e-04,-2.317345e-02,-6.031873e-01,3.760053e+00
1699,5.314211e-18,-1.960042e-06,7.968705e-05,5.044883e-04,2.311285e-01,-9.657955e-03,2.409983e+00
1700,1.626113e-18,-1.165579e-05,8.598955e-05,5.002443e-04,-3.692091e-01,-6.198036e-01,1.046774e+01
1701,5.338501e-18,-6.959138e-06,8.679689e-05,5.060104e-04,9.289261e-01,8.921020e-01,3.527106e+00
1702,3.281996e-17,1.744632e-05,9.161902e-05,5.213911e-04,-5.844368e-01,1.214420e-02,1.100251e+01
1703,6.674824e-17,1.453024e-05,9.123432e-05,4.986145e-04,-3.554154e-01,-5.127626e-01,4.282363e+00
1704,1.907976e-17,5.415503e-06,7.791761e-05,5.175534e-04,5.795998e-02,-2.149285e-01,1.299548e+01
1705,1.503847e-18,5.470905e-06,7.734165e-05,5.248216e-04,-3.579895e-02,-1.637082e-01,1.213880e+01
1706,2.796042e-17,2.102590e-06,8.876016e-05,5.005645e-04,-5.040994e-01,3.891622e-01,4.740398e+00
1707,6.526298e-18,4.689096e-06,7.812728e-05,5.027234e-04,3.905320e-02,1.278200e-01,9.154011e+00
1708,1.424961e-18,1.013573e-05,9.844291e-05,5.248025e-04,2.202436e-02,1.366294e-01,6.511115e+00
1709,2.773023e-18,2.335439e-06,8.281521e-05,5.237512e-04,2.437253e-01,-1.053211e-01,9.633982e+00
1710,4.535294e-18,2.343397e-06,8.281594e-05,5.094284e-04,-3.922029e-02,1.900310e-01,6.459273e+00
1711,3.240849e-18,7.842547e-07,9.240105e-05,5.052582e-04,2.775277e-02,-4.426169e-01,1.354427e-01
1712,1.330936e-16,4.413293e-07,1.088498e-04,5.205922e-04,7.216414e-01,-3.586201e-01,1.499311e+01
1713,7.590514e-18,3.906313e-06,1.085939e-04,5.012753e-04,-4.238763e-01,8.264391e-01,1.014706e+01
1714,4.253585e-17,1.219791e-05,1.157700e-04,5.146181e-04,4.377173e+00,9.322591e-02,2.491421e+01
1715,5.265654e-18,7.449626e-06,1.155710e-04,5.043090e-04,2.832456e-01,1.422193e+00,2.023023e+01
1716,6.080885e-17,4.205190e-06,1.090579e-04,5.014049e-04,-2.810014e-01,6.401163e-01,1.005404e+01
1717,1.684984e-17,7.017066e-06,1.031039e-04,5.117944e-04,9.390862e-01,2.523640e+00,3.750410e+00
1718,9.362178e-19,1.420586e-05,1.170328e-04,5.070943e-04,3.478393e-01,-3.625642e-01,5.710658e+00
1719,4.626376e-18,7.810431e-06,1.124987e-04,5.148543e-04,2.479467e-02,-3.964293e-02,3.805500e+00
1720,6.470194e-18,8.574426e-07,1.224304e-04,5.026798e-04,-1.183590e+00,9.508953e-01,2.844443e+00
1721,2.593833e-18,1.718337e-05,1.101515e-04,5.043222e-04,9.685020e-01,5.071207e-02,1.224955e+00
1722,3.010696e-18,4.689361e-06,1.093859e-04,5.082374e-04,-6.996082e-02,-6.598915e-01,5.679087e+00
1723,7.879535e-18,1.406382e-05,1.179671e-04,5.234409e-04,6.076296e-01,6.450432e-01,7.704288e+00
1724,7.425760e-18,8.589936e-06,1.219654e-04,5.094106e-04,4.970265e-02,-3.027773e-01,4.396180e+00
1725,4.286825e-18,1.610121e-05,1.101541e-04,5.159813e-04,1.798811e-01,-3.283721e-02,2.863471e+00
1726,6.444225e-18,1.852391e-05,1.078087e-04,5.202539e-04,5.516623e-02,1.443581e-01,1.215577e+00
1727,5.251176e-17,-1.327921e-05,1.093728e-04,5.190631e-04,-3.280571e-01,-1.771128e-01,6.336569e+00
1728,1.660900e-16,-1.313801e-05,1.091867e-04,5.191787e-04,-1.684549e-01,-2.662393e-01,6.023825e+00
1729,3.743688e-17,-1.726363e-05,1.190524e-04,5.172984e-04,-8.135617e-01,-4.497407e-01,8.053996e+00
1730,1.594939e-18,-2.411065e-06,1.117802e-04,5.038648e-04,-1.564020e-01,-8.633098e-02,6.986333e+00
1731,4.447541e-16,1.032153e-05,-6.718162e-05,5.449182e-04,-3.076572e-01,2.310160e-01,8.369918e+00
1732,4.265894e-17,1.600811e-05,-7.032939e-05,5.393779e-04,6.401272e-01,-8.359653e-01,1.331476e+01
1733,3.446421e-17,1.142756e-05,-5.317930e-05,5.330017e-04,-3.249230e-02,9.781805e-01,7.993011e+00
1734,2.093575e-17,2.188557e-06,-5.300031e-05,5.283649e-04,-8.158075e-01,-7.152228e-01,4.781370e+00
1735,3.407236e-18,9.376135e-06,-5.702851e-05,5.395572e-04,-1.827518e-01,2.422265e-02,6.895713e+00
1736,7.977669e-19,1.417364e-05,-7.281604e-05,5.452088e-04,2.033876e-01,-1.610623e-01,9.497358e-01
1737,1.927374e-17,1.084928e-05,-2.345437e-05,5.471360e-04,1.128575e+00,8.579980e-01,1.664170e+01
1738,5.650956e-17,4.141320e-06,-2.652312e-05,5.262569e-04,-1.554205e+00,9.549931e-02,1.250304e+01
1739,1.280196e-17,3.433940e-07,-2.658622e-05,5.475508e-04,6.254557e-01,-1.699789e-01,7.387389e+00
1740,4.649692e-18,7.813225e-06,-3.827844e-05,5.451228e-04,6.326412e-02,1.002965e-02,5.824496e+00
1741,2.938689e-18,1.171711e-05,-4.218476e-05,5.320156e-04,-3.145429e-01,-2.171522e-01,4.497132e+00
1742,1.340006e-18,1.328420e-05,-3.905944e-05,5.338949e-04,6.791186e-03,-9.656647e-03,4.242277e+00
1743,2.441919e-18,1.568805e-06,-2.420914e-05,5.334954e-04,-4.156416e-02,-3.778245e-01,-5.071678e-01
1744,2.701342e-18,7.034408e-06,-4.453100e-05,5.267511e-04,-1.512381e-02,1.464992e-02,3.088961e+00
1745,4.779097e-17,-7.873818e-06,-3.767654e-05,5.372787e-04,-2.166148e-01,-1.559183e-01,4.108051e+00
1746,1.512562e-16,-7.932949e-06,-3.794679e-05,5.371956e-04,-2.144194e-01,-1.364621e-01,4.170027e+00
1747,1.395182e-17,-2.477135e-05,-2.488272e-05,5.406537e-04,-8.929850e+00,-5.629477e+00,1.462156e+01
1748,5.012517e-18,-1.250274e-05,-4.277880e-05,5.282742e-04,9.022456e-03,-2.210843e-02,5.499095e+00
1749,3.548221e-17,2.128217e-05,-1.144886e-05,5.102059e-04,-7.640891e-01,-1.275234e+00,2.284168e+01
1750,3.340131e-17,2.116756e-05,-1.298599e-05,5.321057e-04,1.911462e-01,7.822513e-01,7.102890e+00
1751,2.914813e-17,1.136554e-06,-1.864699e-05,5.368768e-04,-6.591391e-01,1.688523e-01,1.424536e+01
1752,2.927035e-18,2.334709e-06,-2.030655e-05,5.258636e-04,2.640922e-03,3.274761e-01,1.633009e+01
1753,1.294316e-16,-9.871164e-07,-4.407935e-06,5.427084e-04,-7.933090e-01,2.299136e+00,1.341816e+01
1754,5.222582e-17,1.006276e-05,-1.749607e-05,5.257993e-04,1.163959e-01,4.172371e-01,4.135644e+00
1755,5.067176e-17,1.322112e-05,-8.263456e-06,5.421637e-04,-5.192911e-01,1.002534e+00,3.868464e+00
1756,2.727559e-17,2.796593e-06,-1.432622e-05,5.459102e-04,1.304531e+00,-1.225513e+00,4.038772e+00
1757,1.602637e-18,9.363739e-06,-5.344724e-06,5.393572e-04,2.166028e-01,1.788539e-01,-2.719666e+00
1758,1.687682e-18,8.749051e-06,-9.395763e-06,5.426568e-04,8.301891e-02,-9.445456e-02,-1.257463e+00
1759,4.652295e-18,1.720197e-05,-2.343696e-05,5.414171e-04,5.802455e-02,-4.344004e-02,1.745301e+00
1760,2.253529e-18,7.781463e-07,-9.372996e-06,5.477579e-04,4.167233e-03,8.328793e-03,1.258707e+00
1761,5.012222e-17,1.399682e-05,-1.491339e-05,5.103296e-04,7.581930e-01,9.144997e-01,2.769518e+00
1762,1.234036e-17,1.756340e-05,-2.271155e-05,5.133394e-04,-6.501353e-01,1.243241e+00,8.499646e+00
1763,4.459313e-17,-1.546841e-06,-2.579631e-05,5.170850e-04,-9.959177e-01,9.262279e-01,4.479545e+00
1764,2.305891e-17,2.292255e-06,-1.146416e-05,5.178184e-04,-6.034141e-01,-6.321522e-03,8.114283e+00
1765,1.032121e-16,8.140135e-06,-3.788711e-06,5.154235e-04,-6.219392e-01,2.714578e-01,5.342837e+00
1766,1.121763e-17,1.246621e-05,-1.767977e-05,5.138411e-04,5.477528e-01,4.328259e+00,4.635856e+00
1767,1.351746e-18,2.344792e-06,-2.030845e-05,5.078037e-04,7.296582e-03,1.137568e-01,5.881090e+00
1768,7.888836e-18,6.642306e-06,-2.500199e-05,5.040124e-04,-1.442541e-01,-1.679118e-01,7.654819e+00
1769,4.937105e-18,7.030585e-06,-2.499465e-05,5.140556e-04,-2.251541e-01,-6.681396e-02,9.942262e+00
1770,1.940787e-18,1.958011e-05,-1.724007e-05,5.248795e-04,-1.281556e-01,-3.251383e-01,6.654562e+00
1771,5.399533e-18,7.809291e-06,-1.406145e-05,5.201419e-04,1.932094e-01,9.339750e-03,8.219482e+00
1772,2.007188e-18,2.264408e-05,-1.190863e-05,5.060549e-04,-6.698440e-01,-2.038088e+00,2.345468e+01
1773,1.649016e-18,1.954711e-05,-1.718863e-05,5.101486e-04,3.845432e-01,-7.631473e-02,3.930678e+00
1774,3.429063e-18,2.107746e-05,-1.250353e-05,5.174706e-04,5.017215e-01,-1.300792e+00,4.134916e+00
1775,1.237701e-16,6.144384e-06,-3.167513e-05,5.046524e-04,-1.014713e+00,1.814593e+00,1.134553e+01
1776,5.073522e-17,1.199092e-05,-4.349582e-05,5.037368e-04,-3.950211e-01,-1.977181e+00,4.538351e+00
1777,7.787658e-18,1.722650e-05,-4.810356e-05,5.125047e-04,-1.945289e-02,3.352204e+00,5.557084e+00
1778,1.930903e-18,1.171554e-05,-2.879553e-05,5.014747e-04,-9.729700e-01,-3.620492e-01,1.759248e+00
1779,2.985361e-18,7.824872e-06,-3.831948e-05,5.051188e-04,2.732557e-01,-6.491797e-01,2.946846e+00
1780,7.373012e-18,1.273429e-04,9.373711e-06,5.493558e-04,2.101717e-01,-8.466326e-01,1.243119e+01
1781,5.343843e-17,1.272729e-04,9.356637e-06,5.490094e-04,2.305792e-01,-7.756388e-01,1.157589e+01
1782,6.563928e-17,1.465854e-04,3.782647e-06,5.484649e-04,7.553840e-01,-1.835124e+00,1.034861e+01
1783,6.024621e-17,1.476822e-04,-2.339070e-06,5.378119e-04,6.241852e-01,7.560040e-01,1.111397e+01
1784,5.655604e-17,1.302458e-04,1.729152e-05,5.478996e-04,-8.639866e-01,1.824714e+00,1.103236e+01
1785,5.960226e-18,1.414286e-04,-7.711748e-07,5.283030e-04,-3.744260e-01,-2.861672e-01,9.964203e+00
1786,6.469726e-18,1.404983e-04,5.460305e-06,5.450310e-04,2.943287e-01,-1.332293e-01,1.079039e+01
1787,1.228731e-17,1.382548e-04,8.600575e-06,5.470898e-04,5.998564e-01,5.632818e-02,1.265586e+01
1788,2.746269e-16,1.357873e-04,-1.907272e-06,5.243207e-04,6.955749e-01,-6.331155e-01,7.679982e+00
1789,2.739005e-18,1.335965e-04,6.248543e-06,5.306116e-04,-1.072248e-02,5.855682e-01,5.622581e+00
1790,2.723016e-18,1.249991e-04,9.389015e-06,5.388729e-04,5.896144e-02,-9.511837e-02,2.853769e+00
1791,1.109364e-18,1.445236e-04,1.485981e-05,5.437236e-04,7.267364e-02,9.214057e-02,7.153850e-01
1792,2.086523e-17,1.515689e-04,2.538215e-06,5.143387e-04,5.226862e-01,-2.498034e-01,1.488768e+01
1793,5.800421e-18,1.414082e-04,-7.804931e-07,5.159819e-04,-8.106677e-03,-3.122334e-02,8.942590e+00
1794,3.349245e-17,1.501738e-04,-9.515426e-07,5.187500e-04,1.671883e+00,3.042896e+00,9.790953e+00
1795,5.098525e-17,1.365074e-04,7.058978e-06,5.221481e-04,-1.482411e+00,-1.952331e-01,7.900734e+00
1796,2.686573e-17,1.335489e-04,1.179431e-05,5.049850e-04,5.499177e-02,-3.891390e-01,7.937709e+00
1797,4.155747e-18,1.514290e-04,3.906722e-06,5.036476e-04,9.729366e-01,-5.534456e-01,1.165861e+01
1798,1.038788e-18,1.414013e-04,-7.827245e-07,5.047435e-04,3.030861e-02,-1.078589e-01,2.522414e+00
1799,2.092893e-18,1.343738e-04,-7.855490e-07,5.074413e-04,-1.378971e-02,7.724021e-02,-4.873198e-01
1800,5.454710e-18,1.343607e-04,1.244232e-05,5.132936e-04,6.468661e-02,-2.295494e-01,4.441570e+00
1801,2.686103e-17,1.484778e-04,6.566761e-06,5.167317e-04,6.194821e-02,-1.256538e+00,7.712128e+00
1802,3.042478e-18,1.468768e-04,1.403506e-05,5.244333e-04,2.380200e-02,4.926294e-02,4.136452e+00
1803,2.947470e-18,1.398396e-04,1.172425e-05,5.105821e-04,-6.519090e-02,-1.923846e-01,4.061134e+00
1804,2.627852e-18,1.289082e-04,1.564113e-05,5.106190e-04,-1.882491e-03,2.560611e-02,-3.780457e-01
1805,2.424306e-18,1.437503e-04,3.132582e-06,5.067444e-04,1.336088e-02,-1.220086e-01,2.715790e-01
1806,6.246785e-17,1.514237e-04,-1.061787e-05,5.372674e-04,-2.939152e-01,-2.093793e-01,6.189961e+00
1807,2.035587e-16,1.514759e-04,-1.084417e-05,5.370055e-04,-2.707263e-01,-2.776405e-01,6.064197e+00
1808,5.994608e-18,1.396618e-04,-3.942340e-06,5.345806e-04,-1.130814e+00,1.554766e+00,1.332991e+01
1809,2.200484e-17,1.424487e-04,-5.989320e-06,5.430441e-04,7.809865e-01,-1.357898e-01,9.236647e+00
1810,1.173911e-16,1.426227e-04,-6.394736e-06,5.425772e-04,5.603886e-01,5.958683e-01,9.418192e+00
1811,6.663809e-18,1.351390e-04,-9.513709e-06,5.293409e-04,1.133024e+00,-5.233737e-01,9.706849e+00
1812,4.587710e-18,1.453103e-04,-4.878039e-06,5.306806e-04,-1.607194e-02,-4.948860e-01,9.185309e+00
1813,1.301530e-17,1.488000e-04,-1.537994e-05,5.267309e-04,-2.343025e-01,2.021095e-01,4.565730e+00
1814,1.242911e-18,1.382774e-04,-1.249562e-05,5.384816e-04,9.387000e-04,1.678906e-01,2.959905e+00
1815,2.238208e-18,1.421354e-04,-8.642880e-06,5.471470e-04,-4.520902e-01,-3.584724e-01,-2.748240e-01
1816,9.603629e-19,1.281258e-04,-1.484666e-05,5.459715e-04,-5.010223e-03,1.008160e-01,1.340557e+00
1817,4.072450e-18,1.429643e-04,-1.022119e-05,5.115097e-04,9.432120e-01,-5.620997e-01,7.531993e+00
1818,1.355253e-17,1.295078e-04,-8.771167e-06,5.118305e-04,-3.877917e-01,2.903451e-01,5.629589e+00
1819,1.786567e-17,1.516355e-04,-5.044939e-06,5.096261e-04,3.746499e-01,-1.861016e+00,8.849770e+00
1820,5.148667e-18,1.453085e-04,-7.815019e-06,5.031879e-04,-3.222366e-01,-1.627003e-01,5.862271e+00
1821,3.295233e-18,1.413572e-04,-1.014477e-05,5.050711e-04,-1.980156e-01,-4.672377e-01,6.667043e+00
1822,1.100230e-18,1.445310e-04,-2.354951e-06,5.024364e-04,-2.677788e-02,-1.588453e-01,2.517343e+00
1823,3.601630e-18,1.203132e-04,1.875159e-05,5.411295e-04,2.272609e-01,-5.906991e-01,2.774036e+01
1824,3.025322e-18,1.195346e-04,1.877025e-05,5.358288e-04,5.557763e-01,-1.861272e-01,2.570603e+01
1825,3.202548e-18,1.195719e-04,1.870392e-05,5.296044e-04,-2.035329e-01,-9.315522e-01,2.281034e+01
1826,6.630886e-18,1.218954e-04,1.970994e-05,5.497261e-04,7.684041e-01,-1.711902e-01,3.250104e+01
1827,3.322877e-17,1.121865e-04,1.051227e-05,5.361468e-04,4.099455e-01,-5.315149e-01,6.712076e+00
1828,2.584790e-17,1.077441e-04,7.039403e-06,5.410380e-04,1.274367e+00,-5.212964e-01,8.655600e+00
1829,2.774007e-18,1.124995e-04,-1.223662e-10,5.395422e-04,1.253690e-02,-3.299235e-02,5.921648e+00
1830,2.902970e-18,1.124991e-04,-1.034094e-09,5.371997e-04,8.684140e-03,3.726308e-03,5.756535e+00
1831,2.054053e-18,1.186859e-04,2.195495e-05,5.465630e-04,-4.434916e-01,-2.650367e-01,9.661956e-01
1832,1.965853e-18,1.196378e-04,1.563038e-06,5.456884e-04,1.211653e-01,1.069009e-01,6.187763e-01
1833,2.436480e-17,1.149035e-04,-4.481545e-06,5.338001e-04,-1.914317e-01,-2.356763e+00,1.453629e+01
1834,6.240797e-18,1.023162e-04,-1.251504e-05,5.497473e-04,-3.109186e-01,-1.240522e-01,1.622666e+01
1835,2.802484e-17,1.187563e-04,-8.821803e-06,5.405931e-04,-5.416259e+00,-2.788073e-01,1.297155e+01
1836,1.966567e-18,1.147783e-04,-1.178456e-05,5.345842e-04,1.211329e+00,-3.233462e+00,1.802208e+01
1837,1.862951e-17,1.106771e-04,-1.922334e-05,5.484348e-04,-1.206172e+00,5.453253e-01,7.867406e+00
1838,2.635001e-17,-2.510908e-05,-9.484371e-06,5.157100e-04,-6.503999e-01,6.705301e-01,7.531144e+00
1839,1.374211e-16,-2.501526e-05,-9.866296e-06,5.158953e-04,-8.377101e-02,6.902000e-01,7.073698e+00
1840,1.173692e-16,-1.446002e-05,-1.176313e-05,5.048590e-04,-2.111935e-01,1.964534e+00,5.110862e+00
1841,2.947566e-17,-1.241414e-05,-3.868821e-06,5.161997e-04,3.884793e-02,2.745913e-01,1.363637e+01
1842,6.700983e-17,-2.682531e-05,1.382868e-06,5.183827e-04,1.792268e-01,-8.005353e-03,8.967764e+00
1843,2.052883e-17,-5.294975e-06,-1.667937e-05,5.151885e-04,5.718566e-01,-1.778374e-01,9.111395e+00
1844,2.507204e-17,-8.281433e-06,-1.038080e-05,5.232569e-04,7.113443e-01,1.008228e+00,5.524941e+00
1845,1.346931e-17,-4.943789e-06,-1.540699e-05,5.047092e-04,-1.849258e-01,7.816648e-02,8.127507e+00
1846,3.987868e-17,-1.236334e-05,-9.740581e-06,5.103319e-04,-3.977734e-01,1.586601e-01,3.789374e+00
1847,1.819212e-17,-2.518957e-05,-7.571588e-06,5.251819e-04,-2.321788e-01,-1.660701e-01,8.664010e+00
1848,1.064302e-17,-6.192943e-06,-2.064286e-05,5.241831e-04,-9.650949e-02,-1.827663e+00,1.618442e+00
1849,2.048403e-17,-1.472855e-05,-1.534799e-05,5.256294e-04,1.013058e+00,-4.265892e-01,3.189679e+00
1850,3.442233e-17,-1.723921e-05,1.911308e-06,5.264280e-04,2.242894e-01,2.777518e-01,4.910970e+00
1851,1.260722e-16,-1.010398e-05,-1.988253e-06,5.342622e-04,-1.629882e-01,4.475598e-01,6.338063e+00
1852,8.821642e-17,-1.662878e-05,-6.154949e-06,5.385527e-04,-1.850393e-01,-6.898874e-02,4.267113e+00
1853,1.597034e-18,-2.578096e-05,-6.253549e-06,5.383647e-04,-1.293241e-01,-2.789876e-01,7.232022e+00
1854,1.562669e-18,-9.373873e-06,-1.717860e-05,5.383757e-04,1.184897e+00,5.384802e-01,1.150989e+01
1855,2.754221e-18,-1.407772e-05,-1.016859e-05,5.350098e-04,-1.272222e+00,1.788479e-01,7.281463e+00
1856,6.929035e-18,-1.051914e-05,-1.952934e-05,5.323557e-04,1.572807e+00,-9.524042e-02,4.350259e+00
1857,1.311573e-18,-1.875110e-05,-1.874982e-05,5.383927e-04,-4.332944e-02,-4.392581e-02,1.234730e+00
1858,2.263769e-17,-1.201498e-05,-3.525949e-05,5.159162e-04,2.108705e+00,-6.077193e+00,2.614900e+01
1859,1.069380e-16,-6.715527e-06,-4.058827e-05,5.168578e-04,-4.205493e-01,5.723529e-01,4.178167e+00
1860,3.732769e-17,-1.463343e-05,-2.892157e-05,5.169370e-04,6.166366e-01,-6.734187e-01,4.719553e+00
1861,2.921577e-18,-1.413982e-05,-3.343625e-05,5.097486e-04,1.111705e+00,-3.883315e+00,2.223440e+01
1862,5.982388e-18,-1.415146e-05,-3.192193e-05,5.062851e-04,1.062554e+00,-3.498863e+00,2.326644e+01
1863,5.433166e-18,-1.951926e-05,-4.353384e-05,5.071027e-04,8.461726e-01,-1.475452e+00,2.883991e+00
1864,1.431180e-18,-1.563878e-05,-2.969837e-05,5.248016e-04,-1.468053e-01,-1.054404e-01,5.232793e+00
1865,4.658989e-18,-1.248813e-05,-4.219444e-05,5.110614e-04,-8.410820e-01,-5.032898e-01,4.917913e+00
1866,5.239367e-18,-1.249975e-05,-4.219384e-05,5.031812e-04,-4.445238e-02,-6.282740e-01,2.833325e+00
1867,8.952698e-17,-9.506913e-06,1.442967e-05,5.442098e-04,1.796694e+00,9.890683e-01,7.698046e+00
1868,5.150033e-18,-1.562018e-05,9.546789e-06,5.315426e-04,7.250048e-02,5.551772e-01,1.670227e+01
1869,5.763200e-18,-1.562489e-05,9.497597e-06,5.488931e-04,-3.615024e-01,-7.084979e-01,2.751145e+01
1870,3.631959e-17,-2.214990e-05,2.706263e-05,5.481382e-04,1.280154e+00,2.670580e+00,8.177536e+00
1871,1.188184e-18,-2.343131e-05,9.377860e-06,5.459039e-04,-5.317135e-02,-1.337305e-02,7.545033e+00
1872,5.251798e-18,-7.812631e-06,1.942456e-05,5.295013e-04,-1.869736e-02,7.139453e-02,6.986887e+00
1873,3.159631e-18,-1.171856e-05,7.814022e-06,5.274727e-04,8.432632e-02,-1.703534e-01,3.711256e+00
1874,1.497247e-18,-1.172934e-05,7.819130e-06,5.338655e-04,-2.480552e-01,1.142803e-02,2.725769e+00
1875,3.208746e-17,-3.261806e-06,1.739165e-05,5.485699e-04,-3.586326e-01,1.085761e+00,8.280943e+00
1876,1.428741e-18,-1.868617e-05,1.556589e-05,5.413035e-04,2.997816e-03,-3.568491e-02,-1.382921e+00
1877,1.653148e-16,-1.451805e-05,5.629972e-06,5.170338e-04,2.463702e+00,-1.017566e+00,1.198608e+01
1878,4.239079e-17,-6.218187e-06,1.579948e-05,5.193730e-04,2.529395e+00,5.908300e+00,2.037587e+01
1879,1.848146e-18,-1.568082e-05,1.098847e-05,5.108274e-04,-1.214095e+00,-1.638338e-01,1.552249e+01
1880,3.165137e-18,-1.087957e-05,1.065443e-05,5.138331e-04,-9.838243e-01,8.433894e-01,1.800849e+01
1881,1.643872e-17,-1.174669e-05,9.300261e-06,5.044919e-04,-3.985676e-01,1.961409e+00,1.260281e+01
1882,5.840487e-18,-2.186881e-05,9.757287e-06,5.121885e-04,-8.235767e-01,-1.451343e+00,1.257688e+01
1883,2.920751e-17,-1.248345e-05,1.557413e-05,5.191387e-04,1.352508e-01,-3.359181e-01,5.889215e+00
1884,1.179971e-17,-1.633528e-05,1.534322e-05,5.121406e-04,-5.474273e-01,-2.845568e+00,-6.430333e-01
1885,2.649987e-19,-1.523368e-05,2.733536e-06,5.232405e-04,-3.968997e-01,-5.802242e+00,7.408117e+00
1886,6.717483e-18,-2.561951e-05,1.642220e-05,5.156283e-04,-1.607056e+00,-2.848390e-01,8.955382e-01
1887,2.775432e-19,-6.210749e-05,1.601750e-05,4.743728e-04,-8.370934e-02,-3.998387e+00,1.896936e+00
1888,1.958722e-18,-6.328945e-05,-1.886834e-05,4.749514e-04,-9.441231e-01,-3.116855e+00,3.685555e-01
1889,1.077118e-18,-6.992151e-05,-1.799797e-05,4.744311e-04,7.615235e-01,5.180675e-01,1.503734e+00
1890,8.126875e-19,-6.914027e-05,-1.757851e-05,4.720101e-04,-2.369847e+00,2.216150e-01,-1.714734e+00
1891,2.708958e-19,-6.992143e-05,-1.757837e-05,4.704647e-04,-1.171437e+00,1.099711e+00,-4.157155e+00
1892,3.268216e-19,-5.429757e-05,-5.859538e-06,4.728053e-04,-1.669300e+00,3.056089e+00,-4.044618e+00
1893,4.564579e-16,-4.940978e-05,1.819030e-06,5.283282e-04,2.571195e-02,-2.586776e-02,9.696596e+00
1894,1.379571e-18,-4.376741e-05,-7.811448e-07,5.186288e-04,-2.331304e+00,-1.624164e+00,1.504847e+01
1895,3.201456e-17,-4.411447e-05,1.055018e-05,5.169624e-04,8.407077e-01,-3.453596e-01,1.127187e+01
1896,1.860557e-18,-4.123402e-05,-6.297315e-07,5.097268e-04,5.368172e-01,1.065031e+00,7.945628e+00
1897,3.777431e-17,-3.417409e-05,1.501539e-05,5.094055e-04,3.529386e-01,3.643661e-02,6.127458e+00
1898,3.958755e-17,-3.542326e-05,3.590346e-06,5.171774e-04,2.017441e-02,-1.429823e-01,2.457454e+00
1899,7.216259e-18,-3.283160e-05,1.327917e-05,5.130886e-04,6.045562e-02,2.914230e-01,2.736722e+00
1900,2.462313e-18,-3.827781e-05,1.875495e-05,5.028159e-04,2.801547e-01,8.493030e-02,4.557262e-01
1901,5.651863e-18,-4.694483e-05,2.507302e-06,5.451435e-04,-5.008128e+00,1.881110e+00,3.059837e+01
1902,1.114713e-17,-4.634560e-05,3.107736e-06,5.492700e-04,-4.968757e+00,1.520775e+00,2.712688e+01
1903,5.974872e-17,-3.138868e-05,5.075952e-06,5.361039e-04,8.170279e-02,1.154333e-01,5.226655e+00
1904,3.875272e-17,-4.546737e-05,1.298458e-05,5.373272e-04,-3.591879e-01,2.236011e-01,6.663576e+00
1905,2.703255e-18,-3.828497e-05,1.873019e-05,5.296442e-04,-7.588577e-02,5.141198e-01,7.012915e+00
1906,4.908568e-18,-3.281811e-05,1.328155e-05,5.308192e-04,-2.764035e-01,-8.267244e-02,7.078428e+00
1907,1.812832e-18,-3.828534e-05,1.887108e-05,5.351977e-04,-6.124800e-03,4.389559e-01,1.403533e+00
1908,1.116035e-18,-3.828330e-05,1.875602e-05,5.422152e-04,4.348078e-02,-2.809824e-01,3.873048e+00
1909,1.232618e-18,-4.138143e-05,1.644724e-05,5.376937e-04,5.541693e-01,4.945586e-01,2.297569e+00
1910,1.414372e-18,-3.593075e-05,4.687470e-06,5.383787e-04,-2.197499e-02,-4.268420e-02,1.183451e+00
1911,6.756604e-17,-4.961583e-05,-3.722844e-06,5.100114e-04,-5.042593e-01,1.310504e+00,8.236556e+00
1912,3.479812e-17,-4.206596e-05,-9.384252e-06,5.052311e-04,-4.215592e-01,3.982751e-01,1.316339e+01
1913,2.387756e-18,-3.741785e-05,-1.647963e-06,5.112063e-04,1.216017e+00,6.587405e-01,1.622182e+01
1914,3.068089e-18,-4.930105e-05,-1.542396e-06,5.145683e-04,-2.775523e-01,-2.332404e-01,8.422121e+00
1915,5.344654e-18,-4.712821e-05,-8.619215e-06,5.105844e-04,-5.253253e-01,4.796718e-01,1.260377e+01
1916,1.007050e-17,-3.436148e-05,-1.260139e-05,5.132421e-04,-3.436825e-01,5.909022e-01,1.052012e+01
1917,9.654979e-18,-3.434406e-05,-1.847750e-05,5.231828e-04,-8.100025e-02,6.096787e-01,1.561747e+01
1918,1.394939e-18,-3.437991e-05,-1.168537e-05,5.047760e-04,-3.572197e-01,1.214109e-01,7.344963e+00
1919,9.990687e-19,-4.139924e-05,-8.580575e-06,5.171218e-04,-1.455287e-01,-1.552663e+00,6.840901e+00
1920,6.979311e-18,-3.203374e-05,-3.300488e-06,5.069012e-04,-1.276473e-01,6.135307e-01,5.824330e+00
1921,3.204208e-18,-3.437641e-05,-1.798135e-05,5.144117e-04,-8.002125e-01,-2.499504e-01,1.162569e+01
1922,5.306922e-18,-4.531263e-05,-9.380107e-06,5.263145e-04,-2.568515e-01,-4.422567e-01,1.841091e+01
1923,2.355570e-17,-4.507648e-05,-1.797538e-05,5.225299e-04,2.308207e+00,6.231600e-01,5.234916e+00
1924,1.144148e-17,-3.515843e-05,-1.404877e-05,5.265224e-04,-1.427249e-01,1.197250e-01,1.307801e+01
1925,1.030712e-18,-4.199283e-05,-1.817051e-05,5.100123e-04,-3.415678e-02,-1.585714e-03,-1.782022e+00
1926,2.758010e-18,-4.613594e-05,-8.590197e-06,5.058787e-04,5.407902e-01,-8.811071e-02,1.167029e+01
1927,2.900774e-18,-4.845062e-05,-1.173388e-05,5.128562e-04,-9.590096e-02,-3.400479e-01,2.153931e-01
1928,1.083571e-18,-3.985516e-05,-1.641852e-05,5.024710e-04,1.140481e-01,-2.724699e-01,-1.266259e+00
1929,5.150153e-16,-3.551890e-05,-7.935785e-06,5.354970e-04,-3.061397e-01,3.205861e-01,1.220856e+01
1930,3.418784e-18,-3.437255e-05,-1.875434e-05,5.289941e-04,-1.943283e-02,-1.461797e+00,1.587284e+01
1931,8.470878e-18,-3.278878e-05,-2.125745e-06,5.329304e-04,3.025518e-01,-3.763974e+00,1.148163e+01
1932,4.379946e-18,-3.435038e-05,-2.184779e-05,5.356064e-04,7.975922e-02,3.837927e-01,1.698022e+01
1933,3.776855e-18,-5.174096e-05,-5.283740e-06,5.496538e-04,3.164373e+00,-1.405749e-01,1.932287e+01
1934,2.666047e-18,-4.453572e-05,-6.248087e-06,5.492450e-04,-8.441203e-01,3.655904e-02,3.626743e+00
1935,5.252507e-17,-5.679573e-05,1.034605e-05,5.351657e-04,1.141264e+00,2.851292e-02,2.626601e+01
1936,7.249092e-18,-7.091605e-05,-1.320194e-05,5.249187e-04,-3.871809e-01,-3.789759e+00,1.386337e+01
1937,5.080027e-18,-7.109204e-05,-1.473895e-05,5.346301e-04,-1.224718e-01,-3.544982e+00,1.469635e+01
1938,3.365224e-18,-7.109262e-05,-1.561902e-06,5.304816e-04,-5.011804e-02,8.750787e-03,7.347861e+00
1939,4.209352e-18,-5.468514e-05,-2.030757e-05,5.482652e-04,-4.197137e-02,-8.373910e-01,5.711539e+00
1940,3.267181e-18,-7.109643e-05,-1.560723e-06,5.349834e-04,-2.757427e-02,8.050362e-02,3.976974e+00
1941,1.464501e-18,-7.109258e-05,-1.560276e-06,5.398620e-04,-1.496407e-01,1.519670e-02,1.085497e+00
1942,2.927609e-18,-5.310230e-05,-9.371487e-06,5.470813e-04,7.471201e-01,-1.026548e+00,1.306740e+00
1943,3.660878e-17,-6.765019e-05,7.818588e-06,5.363913e-04,-6.872879e-01,7.958444e-01,6.436632e+00
1944,1.495090e-16,-6.781223e-05,8.106416e-06,5.364892e-04,-8.557584e-01,6.084111e-01,6.477618e+00
1945,1.781841e-18,-6.019131e-05,8.450270e-06,5.258021e-04,1.928467e+00,-3.011656e-01,8.576635e+00
1946,3.334218e-18,-6.561590e-05,1.249920e-05,5.267468e-04,-4.167745e+00,1.258338e+00,1.283497e+01
1947,2.246524e-17,-7.594938e-05,1.367709e-05,5.275658e-04,2.615574e-01,1.541251e+00,3.821198e+00
1948,4.015298e-18,-7.526505e-05,1.804077e-05,5.495241e-04,2.364399e+00,-3.836066e-01,1.488654e+01
1949,1.279116e-18,-6.875033e-05,1.718553e-05,5.497603e-04,-5.229309e-03,2.932785e-02,9.631643e+00
1950,7.460343e-18,-6.015404e-05,1.093862e-05,5.490640e-04,1.092299e-03,-1.363168e+00,9.206974e+00
1951,2.532350e-18,-7.282309e-05,1.189608e-05,5.351588e-04,-1.297929e-02,6.604563e-02,3.639513e+00
1952,4.510930e-18,-6.874976e-05,1.718819e-05,5.459127e-04,-4.199150e-02,1.788339e-01,7.345669e+00
1953,1.053962e-18,-1.941919e-05,1.369192e-04,4.728197e-04,-1.174330e+00,-2.213686e+00,-4.294296e+00
1954,2.195794e-18,1.637914e-05,1.086943e-04,4.725839e-04,-3.971512e-01,-5.852146e-01,2.295759e+00
1955,3.710801e-19,2.734385e-06,1.003906e-04,4.681168e-04,-4.446603e-01,3.069728e+00,-3.606299e+00
1956,1.230241e-18,1.405066e-05,1.147984e-04,4.743713e-04,4.273379e-01,5.286618e-02,-1.644172e+00
1957,2.507657e-19,1.523477e-05,1.144518e-04,4.712499e-04,1.923431e-01,2.784689e-02,-4.746727e+00
1958,2.362147e-16,5.693130e-05,-6.322855e-06,4.932913e-04,1.533880e+00,-1.716528e+00,3.981980e+00
1959,4.310044e-17,7.210199e-05,-1.849965e-06,4.965903e-04,-1.370133e-01,-5.835170e-02,9.752958e+00
1960,1.095116e-18,6.955417e-05,-1.013808e-05,4.977802e-04,-4.635123e-01,-5.888971e-01,1.382191e+01
1961,7.312988e-17,6.841435e-05,-4.076899e-06,4.912343e-04,7.995035e-01,6.748476e-01,7.081654e+00
1962,3.091013e-17,6.899120e-05,-1.372878e-05,4.802816e-04,-1.128462e+00,1.781964e+00,6.954523e+00
1963,2.966128e-18,6.172202e-05,1.177442e-06,4.999602e-04,-4.389910e-02,-5.644237e-01,2.901226e+00
1964,8.728783e-18,6.384173e-05,-8.648750e-06,4.913719e-04,1.561091e+00,-1.111375e-01,3.393896e+00
1965,1.621486e-17,6.244465e-05,-4.550034e-06,4.783292e-04,-5.217499e-01,4.037012e+00,1.152485e+00
1966,1.235181e-17,6.961253e-05,-6.550635e-06,4.877502e-04,-5.853729e-01,2.795238e+00,9.350423e+00
1967,2.998954e-18,7.033847e-05,-5.078502e-06,4.833180e-04,1.290374e-02,2.143045e+00,1.050725e+01
1968,5.268078e-19,6.210986e-05,-1.589301e-06,4.829448e-04,-2.767255e-01,1.628239e-03,6.832102e-01
1969,1.433185e-18,7.070310e-05,-4.297043e-06,4.778511e-04,9.514095e-01,3.686850e+00,1.597969e+00
1970,5.389630e-18,7.343667e-05,-4.652449e-06,4.912648e-04,3.942283e-01,-1.337284e-01,7.262365e+00
1971,3.162775e-17,6.056521e-05,-2.403654e-05,4.848473e-04,-3.043365e-02,-2.199399e-02,-1.065082e+00
1972,1.048378e-17,7.266912e-05,-3.177030e-06,4.765363e-04,-1.755077e-01,3.974115e-01,-2.400387e+00
1973,2.864552e-18,6.950445e-05,-1.012167e-05,4.941059e-04,-5.858091e-01,-1.427749e+00,1.128080e+01
1974,3.154614e-18,7.264001e-05,2.986444e-08,4.910924e-04,-1.144276e+00,1.888411e+00,1.016874e+01
1975,2.307564e-18,6.634212e-05,-5.368209e-06,4.848415e-04,-2.338409e-01,-3.946868e-01,6.041478e+00
1976,5.755548e-19,6.835887e-05,1.210985e-05,4.700375e-04,9.210009e-01,-1.870941e+00,1.670024e+00
1977,5.586474e-19,5.507864e-05,1.289085e-05,4.723911e-04,3.421052e-01,-2.595526e+00,-9.140766e-01
1978,1.766728e-18,6.601529e-05,9.654957e-06,4.694656e-04,2.600010e-02,1.951674e-01,-2.566289e+00
1979,8.359147e-19,6.656267e-05,8.203367e-06,4.671084e-04,-2.339887e+00,-2.796410e+00,-5.635193e+00
1980,5.124462e-17,5.348735e-05,1.408425e-05,4.974146e-04,8.316960e-01,-9.480662e-01,1.034724e+01
1981,3.793382e-18,6.793147e-05,1.792246e-05,4.916523e-04,-2.598782e-02,-3.575370e-01,4.706829e+00
1982,4.467438e-18,6.329090e-05,1.564302e-06,4.869154e-04,1.232515e-02,-8.724416e-03,2.840958e+00
1983,5.056998e-18,6.641226e-05,3.124658e-06,4.993546e-04,1.784949e-01,-2.778305e-02,1.914828e+00
1984,4.665191e-18,6.015502e-05,4.678640e-06,4.912491e-04,4.974534e-02,4.609156e-01,2.845191e+00
1985,3.011358e-18,5.358381e-05,8.565425e-06,4.813012e-04,6.708587e-03,-4.320943e-01,1.009451e+01
1986,1.322866e-18,5.160007e-05,1.410192e-05,4.931015e-04,1.909270e+00,8.538868e-01,1.315319e+01
1987,5.230138e-19,5.429684e-05,8.203331e-06,4.771075e-04,-4.883313e-01,2.381688e+00,4.382016e+00
1988,1.554742e-18,6.796374e-05,1.717039e-05,4.790588e-04,-5.944289e-03,3.027691e-01,1.211015e+00
1989,4.123870e-18,-1.077425e-05,4.929064e-05,5.070598e-04,-3.882277e-01,4.456496e-01,1.123824e+01
1990,9.110212e-17,-1.542459e-05,4.766406e-05,5.242182e-04,8.588317e-01,-6.474574e-01,6.451402e+00
1991,6.762597e-18,-1.039833e-05,4.801741e-05,5.105154e-04,8.659309e-01,-1.293445e+00,1.147246e+01
1992,2.331007e-18,-6.303044e-06,5.072942e-05,5.142736e-04,-2.532454e-01,2.656420e-01,6.129632e+00
1993,4.127512e-17,-1.058080e-05,3.174438e-05,5.212687e-04,-2.265142e-01,9.704939e-01,7.450627e+00
1994,2.739252e-17,-4.862159e-06,4.622473e-05,5.243769e-04,-4.472816e-01,-2.973020e-01,1.929553e+01
1995,1.432645e-16,-1.026845e-05,3.195587e-05,5.211332e-04,-2.745927e-01,6.206143e-01,6.800802e+00
1996,1.350894e-18,-4.709058e-06,4.608174e-05,5.170949e-04,-1.400174e-01,1.743881e-01,1.529988e+01
1997,1.210518e-17,-4.074068e-06,4.608473e-05,5.057321e-04,7.868566e-01,3.003930e-01,1.225505e+01
1998,1.055810e-18,-1.157211e-05,4.470679e-05,5.209735e-04,-7.327066e-01,-9.062416e-01,1.575957e+01
1999,8.297589e-18,-1.305804e-05,3.431609e-05,5.104433e-04,-7.280805e-01,-2.868353e+00,3.603986e+00
2000,4.739948e-18,-1.361444e-05,3.985033e-05,5.167341e-04,9.305184e-01,2.310919e-01,4.981757e+00
2001,1.578468e-18,-7.034878e-06,4.062644e-05,5.225069e-04,-5.020333e-02,1.890771e-01,4.359134e+00
2002,6.574550e-17,-1.282534e-05,4.700838e-05,5.352469e-04,-2.580022e+00,-6.981967e-01,1.623776e+01
2003,4.723045e-16,-5.212601e-06,4.088378e-05,5.450037e-04,2.345080e-01,-6.186357e-01,1.079593e+01
2004,1.284326e-17,-1.687232e-05,3.607094e-05,5.456962e-04,4.338763e-01,-5.820417e+00,2.875159e+01
2005,3.393561e-18,-3.119610e-06,4.608205e-05,5.395038e-04,5.922997e-01,6.977096e-02,2.210055e+01
2006,1.372278e-18,-1.560726e-05,3.944954e-05,5.311733e-04,-1.169972e+00,-2.660707e+00,2.099176e+01
2007,1.099718e-16,-2.659859e-06,3.081655e-05,5.441033e-04,-3.692714e-01,-6.438088e-01,8.112333e+00
2008,6.955025e-18,-9.168532e-06,3.319348e-05,5.417632e-04,-2.259601e-01,-5.155052e-01,4.142801e+00
2009,5.255674e-17,1.491617e-05,2.874271e-05,5.320446e-04,-2.965428e-01,7.887793e-01,7.381826e+00
2010,3.758166e-18,2.265686e-05,2.734099e-05,5.433540e-04,3.334602e+00,-2.753751e-01,6.320096e+00
2011,4.699792e-17,2.287287e-05,2.793150e-05,5.435536e-04,3.256732e+00,-2.677671e-01,6.152095e+00
2012,5.359934e-18,4.816392e-06,4.696440e-05,5.342927e-04,-1.284078e+00,-1.194883e+00,2.176013e+00
2013,4.724933e-18,4.691138e-06,3.515581e-05,5.286007e-04,6.862139e-02,2.940097e-01,6.629604e+00
2014,2.046044e-18,-3.905357e-06,5.390624e-05,5.304584e-04,1.141406e-01,-1.228267e-01,2.936701e+00
2015,6.086664e-19,-5.478809e-06,6.367088e-05,5.496573e-04,4.169607e+00,2.291634e+00,2.182412e+01
2016,1.150212e-18,-1.093555e-05,5.858682e-05,5.459318e-04,-7.567117e-02,-2.686307e-02,-6.881996e-01
2017,1.381775e-17,3.891985e-07,7.017229e-05,5.218284e-04,-1.973550e-01,9.883039e-01,4.674675e+00
2018,2.883192e-17,-8.718153e-06,6.259277e-05,5.127926e-04,2.162646e-01,-1.543640e+00,4.150012e+00
2019,1.887391e-17,-1.698114e-05,6.586986e-05,5.074437e-04,4.331908e-01,1.667995e+00,6.921930e+00
2020,4.951796e-19,-7.419469e-06,5.429637e-05,5.136435e-04,1.426652e-01,3.824299e-01,1.847312e+00
2021,2.965145e-17,-1.566230e-05,5.794282e-05,5.071978e-04,9.970629e-01,-5.799868e-01,1.234847e+00
2022,7.007667e-18,-3.876941e-06,5.306935e-05,5.029624e-04,-3.942859e-02,-9.693550e-02,1.068447e+00
2023,1.004028e-18,-2.330588e-06,6.485235e-05,5.186334e-04,-4.696527e-02,9.985160e-02,-1.945224e-01
2024,3.497644e-17,6.494851e-06,7.010161e-05,5.069362e-04,-2.320319e+00,1.258107e+00,1.970235e+01
2025,2.105457e-17,1.579941e-05,5.503833e-05,5.105680e-04,-1.538818e+00,1.493867e+00,1.070354e+01
2026,5.760375e-17,1.732834e-05,7.061524e-05,5.150084e-04,-1.211940e-01,1.717942e+00,6.941675e+00
2027,3.518313e-18,1.558248e-05,7.190383e-05,5.227935e-04,3.936629e-01,-6.988887e-02,5.798159e+00
2028,3.046524e-18,1.328253e-05,6.094778e-05,5.220850e-04,-6.200180e-02,3.644075e-01,6.663650e+00
2029,4.951654e-18,6.656267e-06,5.859563e-05,5.199903e-04,-1.560960e+00,-2.237658e-02,2.243583e+00
2030,1.981939e-17,5.862745e-06,7.265336e-05,5.388705e-04,5.093818e-01,-8.718527e-01,1.696076e+01
2031,4.462046e-18,2.442416e-05,6.070920e-05,5.378369e-04,1.277111e+01,3.297802e+00,1.920360e+01
2032,1.101949e-17,6.515005e-06,5.702988e-05,5.443160e-04,4.772807e-01,1.013005e+00,7.877550e+00
2033,7.426809e-17,6.774914e-06,5.713328e-05,5.445188e-04,4.245351e-01,8.211187e-01,7.809407e+00
2034,5.385346e-17,1.337307e-05,6.667682e-05,5.364567e-04,-3.737522e-02,1.028991e+00,9.529557e+00
2035,7.937915e-18,5.452204e-06,7.302369e-05,5.481272e-04,-3.246420e-01,-9.648959e-01,1.734789e+01
2036,1.284424e-18,3.915002e-06,5.859945e-05,5.271095e-04,6.175332e-02,5.147574e-02,2.286602e+00
2037,4.556105e-18,9.370135e-06,7.109705e-05,5.474048e-04,-5.135088e-02,1.475994e-02,1.520914e+00
2038,1.463310e-18,1.679714e-05,2.757175e-05,4.728815e-04,-5.692093e-02,2.604144e+00,1.363881e+01
2039,6.769052e-19,1.679758e-05,2.695281e-05,4.701633e-04,-1.844019e+00,1.002386e+00,7.601914e+00
2040,1.959837e-18,-1.501872e-05,4.760008e-05,4.722980e-04,-3.193670e-01,3.229012e-01,-5.377315e+00
2041,3.574493e-19,-3.907144e-07,3.398440e-05,4.743604e-04,1.335181e+00,-5.028261e-01,1.419391e+00
2042,5.350169e-19,-1.679607e-05,6.874057e-05,4.743741e-04,-3.281290e-01,-6.072423e-01,-5.557159e+00
2043,4.927688e-17,2.024722e-04,3.443935e-07,5.025119e-04,6.281567e-01,-5.459359e-01,5.562051e+00
2044,7.520283e-18,2.117189e-04,-3.117434e-06,5.025743e-04,-2.976346e-02,6.319487e-02,3.099226e+00
2045,4.234817e-17,2.117656e-04,-6.172260e-06,4.789547e-04,3.810553e-01,2.130276e+00,1.648643e+00
2046,2.669686e-17,2.106028e-04,-2.421892e-05,4.958492e-04,-6.569964e-02,3.500404e-03,-8.291392e-01
2047,2.052541e-17,2.196546e-04,-1.484815e-05,4.887949e-04,2.063546e-01,-4.258085e-01,3.767795e+00
2048,8.336747e-17,2.105296e-04,-2.330703e-05,4.956512e-04,-8.921029e-03,4.103250e-03,-5.439234e-01
2049,2.042774e-17,2.048333e-04,-1.650178e-05,4.839865e-04,-1.244326e+00,-1.475433e-01,2.200363e+00
2050,2.110135e-18,2.070446e-04,-1.015715e-05,4.856858e-04,-2.620880e-01,-3.877077e-02,-6.983106e-01
2051,1.126189e-18,2.140598e-04,-7.036371e-06,4.907534e-04,-1.938445e-01,3.348729e-02,3.253876e-01
2052,2.945769e-18,2.156486e-04,-1.644479e-05,4.817867e-04,1.125283e-01,-4.561609e-02,-2.480768e+00
2053,2.419929e-18,2.147205e-04,-1.479495e-05,4.794383e-04,-9.753637e-01,9.422238e-02,-4.925125e-01
2054,7.182879e-19,2.324210e-04,-2.110090e-05,4.915534e-04,2.489751e+00,4.692969e-01,8.963373e+00
2055,5.281414e-18,2.406265e-04,-8.594712e-06,4.821551e-04,8.407104e-02,-8.363449e-02,4.371643e+00
2056,1.651379e-18,2.496092e-04,7.814265e-07,4.950569e-04,6.741832e-02,-1.220352e-04,5.291579e+00
2057,4.740871e-18,2.453137e-04,-2.339593e-06,4.946414e-04,3.104409e-02,1.175676e-01,3.424659e+00
2058,2.743773e-18,2.296838e-04,-1.250215e-05,4.910989e-04,-1.744473e-01,-3.210241e-01,4.984276e+00
2059,3.376364e-18,2.257748e-04,7.794858e-06,4.856663e-04,-4.733410e-01,-5.564698e-01,3.143994e+00
2060,9.575915e-18,2.301771e-04,-1.952603e-05,4.838843e-04,1.842406e+00,3.795427e-01,6.237973e+00
2061,2.633444e-18,2.429846e-04,-5.461952e-06,4.856468e-04,-2.154632e-01,3.048383e-01,1.663784e+00
2062,1.445576e-18,2.496091e-04,-8.563068e-06,4.911587e-04,-2.785901e-01,-9.601440e-01,4.371803e+00
2063,6.207638e-18,2.413926e-04,-8.576572e-06,4.978858e-04,-6.136935e-02,-2.707192e-01,1.010810e+01
2064,1.736096e-17,2.491885e-04,-1.077231e-05,4.761877e-04,-2.033104e-01,1.825689e-01,2.184263e+00
2065,8.344208e-19,2.321436e-04,-3.286426e-06,4.868504e-04,8.884884e-02,-1.025047e+00,1.002194e+00
2066,1.343943e-17,2.490736e-04,-2.411593e-05,4.882205e-04,-6.155628e-02,-1.044634e-01,-1.698841e-01
2067,2.344594e-18,2.496090e-04,-2.187792e-05,4.924481e-04,-1.262912e-02,2.993090e-01,-2.487740e+00
2068,1.217728e-17,2.417803e-04,-1.747297e-05,4.767361e-04,-1.339933e+00,-5.855551e-01,7.083031e-01
2069,9.981998e-18,2.412555e-04,-8.588196e-06,4.906703e-04,-5.072191e-01,-4.263105e-01,7.718422e+00
2070,5.973773e-18,2.296890e-04,-1.273991e-05,4.859149e-04,-1.427917e-01,-9.919933e-01,2.357982e+00
2071,6.734590e-18,2.242315e-04,2.357248e-06,4.856225e-04,-1.611152e+00,1.102607e-01,3.316185e-01
2072,3.076651e-18,2.496093e-04,7.813552e-07,4.911686e-04,-8.126840e-03,-8.404401e-02,5.602506e+00
2073,3.352345e-18,2.496094e-04,7.830354e-07,4.849809e-04,-3.889298e-02,5.328752e-03,4.045733e+00
2074,6.734346e-17,2.036473e-04,1.484013e-05,4.893804e-04,-3.222937e-01,-6.960242e-01,4.952532e+00
2075,5.359306e-17,2.137683e-04,1.225633e-05,4.959096e-04,6.152652e-01,3.857740e-01,9.683920e+00
2076,5.083640e-17,2.218823e-04,1.500071e-05,4.995264e-04,-4.362452e-01,1.001511e+00,2.531991e+00
2077,3.740101e-18,2.128260e-04,1.019951e-05,4.887204e-04,-9.420924e-02,-1.998720e-02,7.706682e+00
2078,7.618720e-18,2.195313e-04,8.595282e-06,4.888051e-04,-8.015705e-01,-6.128128e-01,4.909776e+00
2079,7.733289e-17,2.190586e-04,8.954240e-06,4.885872e-04,-6.891606e-01,-5.351843e-01,4.708607e+00
2080,6.139415e-17,2.136149e-04,1.738408e-05,4.868151e-04,2.616268e-02,9.585070e-02,8.096835e+00
2081,5.032622e-17,2.027998e-04,5.321286e-06,4.848450e-04,-1.031025e-01,-7.461459e-01,1.968283e+00
2082,1.664749e-18,2.123478e-04,1.016682e-05,4.824326e-04,4.947607e-01,8.541076e-01,3.140611e+00
2083,2.886427e-18,2.054611e-04,1.719508e-05,4.755615e-04,-1.934998e-01,-2.341336e-01,-1.108133e+00
2084,2.416032e-19,2.089829e-04,2.070428e-05,4.759355e-04,-1.377421e-01,9.112128e-01,2.167276e+00
2085,1.147445e-17,2.087576e-04,2.127594e-05,4.829666e-04,-5.138216e-01,3.345010e-01,3.954170e+00
2086,2.523478e-17,2.214837e-04,1.123738e-05,4.762923e-04,1.017321e+00,1.668859e+00,1.108154e+00
2087,1.854796e-18,2.139978e-04,1.567130e-05,5.023688e-04,-1.249747e-01,-3.453680e-01,9.529408e+00
2088,3.873685e-18,2.124883e-04,1.015694e-05,4.751667e-04,-5.783510e-01,-2.036665e-01,-1.645683e+00
2089,2.525257e-18,2.062509e-04,2.460930e-05,4.828669e-04,-7.551887e-04,1.602926e-02,-1.625748e+00
2090,2.092741e-17,2.335167e-04,1.048560e-05,4.959696e-04,-1.854574e+00,-1.851274e+00,2.322984e+01
2091,5.717997e-18,2.350909e-04,1.252698e-05,4.883966e-04,-5.188341e-01,1.187429e+00,1.749985e+01
2092,4.204086e-18,2.459839e-04,8.041553e-06,4.990666e-04,2.656222e+00,-2.928881e+00,1.132462e+01
2093,2.170975e-18,2.279552e-04,1.249124e-05,4.952145e-04,-2.363478e-01,2.079159e+00,9.359641e+00
2094,6.659756e-17,2.286350e-04,1.235097e-05,4.852757e-04,-8.594454e-01,8.554325e-02,9.661567e+00
2095,3.402944e-18,2.496098e-04,1.718780e-05,4.962240e-04,6.557487e-02,-5.913046e-02,9.442019e+00
2096,2.337044e-18,2.280748e-04,9.332001e-06,4.928110e-04,6.244760e-02,-9.208188e-01,9.535626e+00
2097,5.359877e-18,2.281384e-04,7.689142e-06,4.805350e-04,3.669533e-01,7.642791e-01,3.013542e+00
2098,4.247364e-17,2.452627e-04,4.034233e-06,4.782486e-04,1.302296e+00,1.439032e+00,-6.949149e-02
2099,1.775506e-18,2.305785e-04,1.635358e-05,4.984311e-04,6.719189e-01,4.229488e+00,1.728411e+01
2100,1.595726e-18,2.265571e-04,1.561915e-05,4.884220e-04,-7.830639e-02,5.723528e-01,6.805492e+00
2101,2.822361e-17,2.342535e-04,2.593139e-06,4.942361e-04,-4.123821e-01,5.375050e-02,1.829408e+00
2102,1.834148e-18,2.452371e-04,1.334260e-05,4.906481e-04,3.590410e-01,-1.002157e-01,3.006378e+00
2103,1.474853e-17,2.345701e-04,1.249557e-05,4.799699e-04,1.733793e-01,-7.247283e-01,1.015576e+01
2104,2.079134e-17,2.480692e-04,2.191671e-05,4.803679e-04,2.169694e+00,1.548914e+00,2.009536e+00
2105,6.640338e-18,2.471635e-04,1.330001e-05,4.877949e-04,2.354020e+00,4.160382e-01,5.838145e+00
2106,1.544675e-18,2.281352e-04,8.631584e-06,4.852953e-04,-4.173337e-01,-2.443816e-01,4.332672e+00
2107,6.262613e-19,2.496102e-04,7.024697e-06,4.798330e-04,1.049681e-01,-7.748909e-01,2.275545e+00
2108,5.040252e-18,2.421841e-04,8.591870e-06,4.891304e-04,-4.403264e-01,1.300916e-01,3.297964e+00
2109,1.508078e-18,2.496097e-04,1.015163e-05,4.864172e-04,4.533618e-02,-1.278247e-01,3.219060e+00
2110,1.982648e-18,2.496094e-04,1.719285e-05,4.798385e-04,6.653152e-02,9.707973e-03,1.930983e+00
2111,2.550775e-18,2.276445e-04,1.558381e-05,4.798205e-04,3.651553e+00,8.454079e-01,3.856967e+00
2112,4.752962e-18,2.257823e-04,1.563314e-05,4.750798e-04,-1.130727e-01,3.441715e-01,1.136900e+00
2113,6.624678e-18,2.413649e-04,2.435793e-05,4.979426e-04,-5.185569e-02,3.181033e-02,-8.975636e-01
2114,7.618993e-18,-3.906541e-06,-1.812496e-04,4.942617e-04,9.132275e-01,1.129120e+00,1.332581e+01
2115,5.892028e-17,-4.531367e-06,-1.816016e-04,4.945949e-04,1.029355e+00,6.382606e-01,1.356789e+01
2116,1.002614e-17,-5.561168e-06,-1.919221e-04,4.991509e-04,-1.942735e-01,2.398988e+00,1.106865e+01
2117,1.239178e-18,-1.563016e-06,-1.960838e-04,5.001044e-04,-3.324122e-02,4.021551e-02,5.015248e+00
2118,7.340617e-19,-7.028268e-06,-1.988278e-04,4.891943e-04,-2.011677e-01,-1.061030e+00,3.677162e+00
2119,4.536139e-17,-2.406319e-05,-1.808672e-04,4.940968e-04,2.084531e-01,8.130507e-02,9.733473e-01
2120,2.751764e-18,-1.561952e-06,-1.961010e-04,4.935481e-04,1.261284e-01,5.437156e-02,3.955753e+00
2121,1.269650e-18,-7.098000e-06,-1.952613e-04,4.977764e-04,-9.288711e-01,2.898462e-01,2.924405e+00
2122,1.428771e-17,-7.205149e-06,-1.879571e-04,4.798268e-04,1.567414e+00,-7.639162e-01,4.996527e-01
2123,2.988360e-17,-2.386432e-05,-1.906338e-04,4.823880e-04,-1.813309e+00,-2.801715e-01,2.724928e-02
2124,2.261687e-17,-2.411038e-05,-1.953887e-04,4.969893e-04,-1.122206e-02,1.265720e-02,-9.103363e-01
2125,3.807979e-18,5.468307e-06,-1.914066e-04,5.005048e-04,8.435471e-01,7.477644e-01,6.883159e+00
2126,6.426228e-17,4.907915e-06,-1.920855e-04,5.000109e-04,5.547386e-01,1.237996e+00,7.360387e+00
2127,7.622777e-18,1.171896e-05,-1.890620e-04,4.849075e-04,-2.490661e-02,-7.707870e-01,2.210848e+00
2128,6.314214e-17,1.260635e-05,-1.890004e-04,4.846517e-04,-2.633060e-01,-3.773374e-01,3.023183e+00
2129,1.386015e-18,2.032020e-05,-1.984321e-04,5.001448e-04,1.566950e-01,1.506432e-01,1.003802e+01
2130,2.874573e-17,1.763329e-05,-1.803989e-04,4.839989e-04,-2.298912e-01,1.203622e+00,-7.671279e-01
2131,3.863214e-18,2.028230e-05,-1.984684e-04,4.939960e-04,-1.598337e-01,-8.525793e-01,8.127346e+00
2132,4.940886e-18,5.469547e-06,-1.812505e-04,4.954331e-04,-1.334175e-02,-1.244742e-01,7.050031e+00
2133,4.700182e-18,1.093355e-05,-1.843721e-04,4.961698e-04,-1.048749e-02,2.835384e-02,1.562170e+00
2134,2.587487e-17,3.447367e-06,-1.801178e-04,5.021588e-04,-7.425352e-01,9.887293e-01,8.528521e+00
2135,3.198249e-18,6.252664e-06,-1.960975e-04,4.801813e-04,2.256380e-02,9.217147e-02,1.512875e+00
2136,2.766546e-18,2.031329e-05,-1.975588e-04,4.906063e-04,3.444796e-01,-1.854691e-01,7.426107e+00
2137,3.083247e-18,7.036867e-06,-1.913997e-04,4.864667e-04,-1.602772e-01,-2.015424e-01,1.133625e+00
2138,4.352699e-18,2.031890e-05,-1.976601e-04,4.845391e-04,1.507898e-01,-1.525444e-01,4.428353e+00
2139,3.463084e-18,2.031524e-05,-1.976540e-04,4.786588e-04,-5.449790e-01,-1.390191e-01,3.541803e+00
2140,2.406230e-17,2.409545e-05,-1.808219e-04,4.969721e-04,2.649611e-02,-1.581520e-03,-8.374154e-01
2141,1.042763e-17,2.428233e-05,-1.867209e-04,4.832406e-04,3.465475e-02,2.041976e-02,-1.245998e+00
2142,5.601437e-17,-4.443764e-06,-2.197693e-04,5.043436e-04,9.243624e-01,-1.342879e+00,1.049915e+01
2143,3.518016e-18,-1.489212e-05,-2.195561e-04,5.147014e-04,-2.631505e-01,3.764340e-02,2.908631e+00
2144,3.236370e-18,-7.816884e-06,-2.156165e-04,5.090083e-04,-1.983570e-01,-1.324746e-01,3.200203e+00
2145,2.985745e-18,-3.910457e-06,-2.039073e-04,5.066912e-04,9.275363e-02,1.883094e-02,2.836090e+00
2146,1.244055e-16,5.838663e-06,-1.758240e-04,5.074861e-04,-6.687580e-01,-1.445668e+00,1.005053e+01
2147,1.948378e-16,-4.533269e-06,-1.802568e-04,5.225248e-04,6.982364e-01,5.072271e-01,6.857390e+00
2148,7.444603e-18,-2.343610e-06,-1.914064e-04,5.259498e-04,-2.841884e-01,-1.223148e+00,9.730432e+00
2149,1.110021e-16,-1.425396e-06,-1.911073e-04,5.256404e-04,2.615024e-01,-1.090886e+00,1.241123e+01
2150,6.768904e-18,-2.312914e-06,-1.906233e-04,5.093702e-04,2.139608e+00,-3.551697e-02,1.469994e+01
2151,5.034849e-17,-2.274686e-05,-1.831620e-04,5.146813e-04,-2.799289e+00,1.527637e-01,3.267474e+00
2152,3.641137e-17,-1.084937e-05,-1.882411e-04,5.162362e-04,-2.563597e-01,4.997929e-01,4.698714e+00
2153,3.740402e-18,-9.406955e-06,-1.812771e-04,5.079737e-04,-3.308701e-02,9.637938e-02,5.734089e+00
2154,3.354082e-18,-3.124950e-06,-1.843860e-04,5.113059e-04,7.640266e-02,-7.278443e-01,6.971253e+00
2155,3.364980e-18,-1.094415e-05,-1.914012e-04,5.090480e-04,-2.121086e-02,-2.077861e-01,2.315501e+00
2156,1.228872e-17,-2.027922e-05,-1.900593e-04,5.234560e-04,-4.020330e-01,-5.945939e-02,3.614172e+00
2157,6.227087e-18,-1.202632e-05,-1.781102e-04,5.135043e-04,8.659771e-01,6.403266e-01,9.834730e-01
2158,3.519921e-18,-9.343963e-06,-1.952779e-04,5.096955e-04,-8.173221e-02,-1.164493e-01,1.248136e+00
2159,3.706193e-17,4.640936e-06,-1.889776e-04,5.179055e-04,-1.330405e+00,-4.951320e-01,7.613410e+00
2160,2.481951e-17,2.046763e-05,-1.858367e-04,5.208592e-04,-3.479907e-01,1.126123e+00,4.062602e+00
2161,3.051986e-18,1.171936e-05,-1.875011e-04,5.213950e-04,-5.687692e-02,-1.071347e-02,1.333705e+00
2162,4.863240e-18,1.404767e-05,-1.945309e-04,5.132212e-04,-1.335362e-01,8.490775e-02,-6.641344e-01
2163,1.242133e-16,1.305158e-05,-1.732957e-04,5.281198e-04,3.316450e-01,-1.621358e-01,6.165992e+00
2164,2.039391e-17,-8.075840e-06,-1.385713e-04,4.784642e-04,4.709983e+00,-2.281484e+00,-3.099355e-01
2165,1.499089e-18,-8.984308e-06,-1.339843e-04,4.754791e-04,-2.407023e-01,-1.465527e+00,5.266978e-01
2166,7.401000e-19,1.445364e-05,-1.269538e-04,4.739960e-04,4.813846e-01,1.458610e+00,-2.467692e+00
2167,7.530016e-17,1.878646e-05,-1.362420e-04,4.861272e-04,1.358067e+00,-5.776632e-01,6.132029e-01
2168,4.853707e-17,3.886155e-06,-1.277190e-04,5.021223e-04,4.447896e-01,9.716041e-02,4.827965e+00
2169,8.751854e-17,2.363701e-05,-1.382907e-04,4.909579e-04,2.395401e-02,1.429482e-02,-6.067464e-01
2170,2.531838e-17,3.071305e-06,-1.476965e-04,4.973712e-04,2.501579e-01,-6.161329e-01,3.846838e+00
2171,2.332296e-18,2.332945e-06,-1.414146e-04,4.996686e-04,1.807985e-02,4.882324e-02,3.242686e+00
2172,1.856877e-17,1.184483e-05,-1.471218e-04,4.793271e-04,-1.563575e+00,-6.887634e-01,2.347357e+00
2173,2.906077e-17,4.797902e-06,-1.422659e-04,4.865264e-04,-2.031201e-01,7.520818e-01,3.657827e+00
2174,8.672206e-19,-1.219214e-07,-1.329661e-04,4.813848e-04,4.900453e-01,1.544872e-01,3.419382e-01
2175,3.639017e-17,6.495252e-06,-1.384204e-04,4.807873e-04,1.315909e-01,-1.226002e-01,-4.479708e-01
2176,1.340762e-17,6.320557e-06,-1.382935e-04,4.919852e-04,-9.679281e-01,-7.226871e-02,4.471763e-01
2177,9.816040e-19,2.338098e-06,-1.273392e-04,4.798275e-04,-4.606990e-02,1.844055e-01,-5.853066e-02
2178,1.533787e-18,7.817362e-06,-1.304939e-04,4.907548e-04,-9.321820e-02,-8.202012e-01,-5.943652e-02
2179,9.456336e-18,2.428020e-05,-1.398592e-04,4.978641e-04,2.059232e-02,-8.613909e-03,-1.085917e+00
2180,6.900619e-18,-1.483059e-05,-1.464541e-04,4.993448e-04,1.368527e-01,2.954947e-01,8.080538e+00
2181,3.834764e-17,-1.107228e-05,-1.322607e-04,4.825875e-04,-1.743974e+00,-1.216232e+00,4.150674e+00
2182,1.189097e-17,-9.381681e-06,-1.395981e-04,4.945706e-04,3.257642e-02,-3.468829e-01,2.334867e+00
2183,4.187018e-18,-1.330075e-05,-1.414249e-04,4.962570e-04,-8.259601e-02,2.722944e-01,2.307049e+00
2184,2.662700e-18,-9.368092e-06,-1.351553e-04,4.864985e-04,-1.615704e-01,-4.180136e-01,3.104030e+00
2185,2.905334e-18,-1.326667e-05,-1.281015e-04,4.982492e-04,-8.420547e-02,3.190357e-01,2.148460e-01
2186,1.948375e-17,-2.015468e-05,-1.454062e-04,4.812771e-04,1.197845e+00,5.887165e-01,2.326963e+00
2187,5.206692e-18,-2.442092e-05,-1.429716e-04,4.860757e-04,-5.872680e-02,-2.021194e-02,-8.153533e-01
2188,7.826782e-18,1.961290e-04,1.333600e-06,5.076567e-04,-5.658536e-01,-3.432189e-01,2.183046e+01
2189,1.493180e-18,1.921444e-04,7.998010e-07,5.055074e-04,-3.490424e-02,-6.343106e-01,8.598199e+00
2190,2.579893e-17,1.979273e-04,3.944020e-06,5.144489e-04,8.854365e-01,8.768026e-01,2.371523e+01
2191,2.847119e-17,1.833834e-04,3.669458e-06,5.122019e-04,-5.596364e-01,3.139284e-02,9.204624e+00
2192,3.761388e-17,1.773453e-04,7.295686e-06,5.203070e-04,-1.416083e+00,-8.291819e-01,1.028836e+01
2193,1.228902e-17,1.799566e-04,1.134818e-05,5.110982e-04,-8.844715e-01,-6.108628e-01,8.730970e+00
2194,5.017611e-18,1.828128e-04,5.469955e-06,5.054403e-04,3.058011e-02,2.768078e-01,8.693889e+00
2195,1.398996e-17,1.731802e-04,1.550276e-05,5.104891e-04,4.666430e-01,-1.338298e-01,3.831444e+00
2196,2.186223e-17,1.897448e-04,1.397494e-05,5.039240e-04,-2.037465e+00,-7.291558e-01,4.097528e+00
2197,7.815445e-18,1.853376e-04,5.724669e-06,5.242396e-04,-5.761617e-01,-1.698630e+00,5.516764e+00
2198,3.454385e-18,1.812630e-04,2.292273e-06,5.150665e-04,-3.255233e-01,-6.077525e-01,2.837276e+00
2199,1.497109e-16,1.714631e-04,8.906815e-06,5.262637e-04,-2.381555e-01,-5.622694e-01,1.003034e+01
2200,3.235128e-18,1.765768e-04,1.093993e-05,5.036240e-04,6.493579e-01,-1.418526e-01,3.271672e+00
2201,5.205913e-19,1.960782e-04,1.173086e-06,5.031973e-04,-1.311244e+00,-3.934673e-01,1.778889e+01
2202,7.516343e-18,1.679700e-04,7.029733e-06,5.198114e-04,-1.696029e+00,3.014844e-01,1.169639e+01
2203,7.793540e-17,1.680300e-04,7.477668e-06,5.197471e-04,-1.349096e+00,1.246677e-01,1.132658e+01
2204,3.771132e-18,1.656191e-04,2.415311e-05,5.080795e-04,-1.309744e-01,5.547144e+00,1.549174e+01
2205,8.711978e-18,1.579308e-04,1.013768e-05,5.201668e-04,-5.784889e-01,2.079615e-01,1.327560e+01
2206,1.314435e-18,1.570334e-04,1.015990e-05,5.063219e-04,1.267884e-01,3.740949e-01,7.447681e+00
2207,4.534420e-17,1.651185e-04,2.068495e-06,5.240905e-04,-1.264142e+00,-4.653141e-01,4.825399e+00
2208,2.392643e-17,1.545256e-04,5.458362e-06,5.161075e-04,1.734784e+00,1.172781e+00,2.342532e+00
2209,1.783806e-18,1.703132e-04,1.732759e-05,5.173653e-04,-2.067769e-02,-1.104066e-01,5.324297e+00
2210,2.834246e-18,1.733128e-04,1.240109e-05,5.203551e-04,-1.854650e+00,-5.103263e-01,5.567341e+00
2211,8.956016e-18,1.609337e-04,1.640253e-05,5.249248e-04,-1.399985e-01,-4.581418e-01,4.428018e+00
2212,1.107783e-17,1.679252e-04,1.757395e-05,5.217496e-04,-9.243057e-01,-3.071613e-01,3.986887e+00
2213,5.608670e-18,1.670774e-04,2.344319e-06,5.062734e-04,-2.072245e-01,-1.185896e-02,5.063456e+00
2214,3.562025e-18,1.546914e-04,1.483010e-05,5.144484e-04,-6.407836e-01,1.503876e+00,4.493157e+00
2215,3.398007e-18,1.546808e-04,1.251328e-05,5.190631e-04,3.578313e-01,-8.887781e-01,4.625791e+00
2216,3.529401e-18,1.578144e-04,4.690608e-06,5.097839e-04,-2.496558e-02,4.685945e-02,1.959860e+00
2217,1.438056e-16,2.048298e-04,7.998299e-06,5.054950e-04,-1.792283e+00,6.422065e-01,8.727348e+00
2218,3.256728e-17,2.126189e-04,1.333526e-05,5.141582e-04,-4.092538e-01,-8.760281e-01,1.103046e+01
2219,1.400120e-18,2.140683e-04,1.563126e-05,5.078858e-04,-1.947718e-01,8.846021e-02,8.315813e+00
2220,2.196590e-18,2.069906e-04,8.670080e-06,5.198882e-04,3.291974e-01,-6.686623e-01,1.058854e+01
2221,2.824576e-17,2.059659e-04,1.458054e-05,5.213524e-04,-5.171470e-01,1.558182e+00,9.219833e+00
2222,1.628110e-17,2.097822e-04,5.301701e-06,5.264930e-04,-4.056548e-01,-2.065452e+00,1.588653e+01
2223,1.070960e-18,2.226665e-04,1.170607e-05,5.248003e-04,4.268993e-02,-4.542878e-01,3.838011e+00
2224,3.388398e-18,2.023390e-04,4.693136e-06,5.166948e-04,-2.201743e-01,-4.129503e-01,2.358540e+00
2225,1.658363e-18,2.221630e-04,2.461004e-05,5.029932e-04,-1.048280e+00,1.341152e+01,3.130430e+00
2226,2.572130e-17,1.960965e-04,1.529503e-05,5.435722e-04,-1.890635e+00,1.701675e-01,5.420976e+00
2227,1.132688e-16,1.960018e-04,1.534317e-05,5.435429e-04,-1.872154e+00,1.036512e-01,5.372619e+00
2228,5.611302e-16,1.879374e-04,-3.192380e-06,5.340730e-04,-2.322552e-01,2.992560e-01,8.779208e+00
2229,4.875754e-17,1.812499e-04,1.026012e-05,5.481425e-04,-1.150446e+00,-4.161350e-01,8.577007e+00
2230,1.064273e-18,1.867078e-04,3.110122e-06,5.383731e-04,4.830675e-01,1.393066e-01,6.963975e+00
2231,2.225377e-16,2.028465e-04,2.509566e-06,5.442448e-04,2.013879e-02,3.578887e-01,8.640039e+00
2232,2.681203e-18,1.960972e-04,8.604181e-06,5.335549e-04,2.390568e-01,9.371007e-02,6.323061e+00
2233,1.772571e-18,1.953049e-04,9.990923e-06,5.469402e-04,-6.169128e-02,1.769907e-01,3.357994e+00
2234,3.870115e-18,1.921624e-04,1.174371e-05,5.355672e-04,4.598066e-06,4.947615e-02,3.273861e+00
2235,2.813212e-18,1.789010e-04,1.562422e-05,5.456204e-04,-5.310417e-02,5.678284e-02,1.540139e+00
2236,3.762298e-17,2.151734e-04,8.861277e-06,5.336137e-04,4.539379e-01,-5.336783e-01,5.036838e+00
2237,1.022462e-18,2.210870e-04,4.690774e-06,5.398660e-04,-8.889389e-02,-3.052778e-02,3.901950e+00
2238,2.926833e-18,2.218733e-04,1.251651e-05,5.395939e-04,1.680152e-02,-4.739310e-02,3.907974e+00
2239,8.642300e-17,1.667427e-04,1.854764e-05,5.398234e-04,-6.402876e-01,-2.922775e-01,5.579774e+00
2240,5.550562e-17,1.595488e-04,8.201563e-06,5.365858e-04,-7.977902e-01,-4.168918e-01,1.255473e+01
2241,1.518885e-17,1.555668e-04,1.141221e-05,5.415384e-04,2.927762e-01,-2.069871e-01,7.857667e+00
2242,1.844742e-17,1.587890e-04,7.185462e-06,5.434733e-04,1.063105e-01,-6.552604e-01,8.116797e+00
2243,1.055955e-17,1.646961e-04,4.767370e-06,5.416700e-04,7.588111e-01,1.486380e-01,6.686510e+00
2244,2.930500e-17,1.640391e-04,1.002258e-05,5.461578e-04,-1.423744e+00,-6.448952e-01,6.736377e+00
2245,1.536901e-16,1.656864e-04,-1.267998e-06,5.438407e-04,-4.283280e-01,7.697005e-02,7.701777e+00
2246,2.512376e-17,1.531788e-04,1.932438e-05,5.467816e-04,4.280194e-01,1.306548e-02,6.921903e+00
2247,2.733328e-19,2.269530e-04,5.077541e-06,4.751482e-04,-1.724036e+00,1.412246e+00,2.375270e+00
2248,6.490787e-19,2.339846e-04,1.289059e-05,4.724268e-04,2.439249e-01,-5.122834e-01,-7.256644e-01
2249,2.519252e-19,2.269527e-04,1.132770e-05,4.704660e-04,-1.948728e+00,-4.886027e-01,-4.183712e+00
2250,1.306787e-18,2.124866e-04,-7.813286e-06,4.735885e-04,6.481014e-01,1.140701e+00,-1.112227e+00
2251,2.824284e-19,2.035157e-04,-1.171977e-06,4.735827e-04,1.216814e-01,2.600828e+00,-5.173119e+00
2252,5.789403e-19,2.113277e-04,1.601531e-05,4.739755e-04,-1.428279e+00,2.155345e+00,-3.865977e+00
2253,8.180074e-18,1.936191e-05,7.671598e-05,4.724206e-04,-5.184022e-01,1.491448e+00,-2.400855e+00
2254,3.369591e-17,2.504522e-06,8.947476e-05,4.777908e-04,-1.271195e+00,-1.065971e+00,7.041681e-01
2255,1.742758e-18,8.700943e-06,8.945336e-05,4.750481e-04,1.266353e+00,-1.592163e+00,3.671564e+00
2256,4.893631e-17,9.431044e-06,9.154039e-05,4.796582e-04,-2.717197e+00,6.817101e-01,7.453711e+00
2257,2.653217e-19,2.734848e-06,8.710942e-05,4.735845e-04,5.735131e-01,-6.861015e-02,-8.701376e-01
2258,9.946335e-19,3.236647e-06,8.554702e-05,4.699060e-04,-7.270594e-01,-3.548945e+00,-9.210742e+00
2259,1.817769e-18,6.275272e-06,7.984771e-05,4.761681e-04,8.960627e-01,-7.885328e-01,-2.368812e-01
2260,5.478062e-19,3.515687e-06,8.632803e-05,4.716116e-04,8.289850e-02,-3.278182e+00,-4.739921e+00
2261,3.109079e-19,2.734388e-06,8.789093e-05,4.743652e-04,-1.931042e-01,-3.773888e-01,2.143794e+00
2262,1.994436e-18,1.289051e-05,8.594233e-05,4.722101e-04,-7.324510e-01,-1.289733e+00,-4.570928e+00
2263,3.598297e-19,1.992407e-05,7.773455e-05,4.689064e-04,2.957442e-01,1.882255e+00,-4.310488e+00
2264,5.144182e-19,2.460929e-05,8.515373e-05,4.728035e-04,1.629496e-02,-2.410818e-02,-1.314011e+00
2265,1.387987e-18,-1.367191e-05,9.882788e-05,4.747814e-04,-2.931562e+00,4.303994e+00,-3.373940e+00
2266,3.990367e-19,-1.288977e-05,9.882773e-05,4.767096e-04,-4.914028e-01,1.509347e+00,1.407318e+00
2267,6.072577e-19,-1.329119e-05,9.101558e-05,4.704678e-04,-1.075891e+00,2.263097e+00,-3.415060e+00
2268,1.598915e-18,-1.317077e-05,9.179622e-05,4.718319e-04,8.799944e-01,-2.882720e-01,-4.229532e+00
2269,8.166364e-19,-3.157676e-06,1.175783e-04,4.735848e-04,7.315978e-01,-2.453388e+00,-2.159145e+00
2270,1.191164e-16,-1.655425e-05,-1.254132e-04,5.425149e-04,-1.382723e+00,5.430776e-01,1.122203e+01
2271,1.053095e-17,-3.823234e-06,-1.258191e-04,5.304594e-04,-1.615353e-01,1.069953e+00,1.337218e+01
2272,2.385279e-19,-5.085821e-06,-1.246117e-04,5.323508e-04,2.267414e-01,7.571438e-01,1.436629e+01
2273,3.616760e-18,-7.826756e-06,-1.250048e-04,5.364891e-04,-7.341601e-01,-4.250882e-01,7.400827e+00
2274,1.002957e-17,7.678868e-06,-1.257792e-04,5.127687e-04,2.453344e-01,-4.032965e-02,5.531674e+00
2275,1.436891e-18,7.824173e-06,-1.257553e-04,5.039838e-04,-2.201231e-01,-2.567041e-01,4.141390e+00
2276,4.591211e-18,7.036839e-06,-1.257794e-04,5.451720e-04,-5.541230e-04,-4.058178e-02,1.233418e+01
2277,2.947171e-18,-1.641069e-05,-1.499941e-04,5.228515e-04,-5.745682e-01,-1.627282e-01,1.691719e+01
2278,5.179292e-18,-1.250063e-05,-1.507759e-04,5.031715e-04,-1.652032e-01,6.547991e-02,9.541098e+00
2279,3.559764e-18,-3.125316e-06,-1.265637e-04,5.213112e-04,5.429476e-02,6.321966e-02,1.081765e+01
2280,1.138708e-18,-1.640826e-05,-1.492028e-04,5.117110e-04,-1.428823e-01,-6.975746e-01,1.047686e+01
2281,3.920100e-18,-1.334329e-05,-1.281275e-04,5.184150e-04,5.021552e-01,7.149563e-01,5.457476e+00
2282,3.826358e-18,-3.899199e-06,-1.351569e-04,5.201111e-04,-3.403013e-02,8.138760e-03,3.061165e+00
2283,2.242228e-18,-2.350025e-06,-1.335924e-04,5.259109e-04,5.012610e-02,-2.759204e-03,3.396173e+00
2284,6.391866e-17,1.901249e-06,-1.406155e-04,5.236177e-04,2.229445e-01,3.370264e-01,5.547665e+00
2285,7.295341e-17,-5.873913e-06,-1.445955e-04,5.326223e-04,1.567606e+00,-1.040723e+00,1.086944e+01
2286,6.321751e-18,2.345138e-06,-1.335693e-04,5.368413e-04,3.679578e-02,6.785005e-01,4.265300e+00
2287,8.349266e-17,-1.532840e-05,-1.498195e-04,5.412292e-04,-2.137269e+00,-1.768093e+00,1.051066e+01
2288,1.134991e-17,-1.641128e-05,-1.492572e-04,5.292073e-04,1.083734e-02,8.730402e-01,1.926523e+01
2289,7.031087e-18,-1.639635e-05,-1.421491e-04,5.298102e-04,9.567118e-02,6.998350e-03,6.459096e+00
2290,5.262169e-18,-1.575171e-05,-1.335946e-04,5.392948e-04,3.961938e-01,5.227431e-03,6.190614e+00
2291,2.920052e-18,-7.813813e-06,-1.304623e-04,5.388280e-04,6.497665e-02,-1.891320e-02,5.847870e+00
2292,4.422475e-17,1.891183e-05,-1.411502e-04,5.159087e-04,9.977111e-01,5.205098e-01,1.719302e+00
2293,3.607420e-18,8.524548e-06,-1.390649e-04,5.092489e-04,-4.611195e-01,-1.468111e-03,1.401314e+00
2294,2.267119e-17,1.067501e-05,-1.059933e-04,5.059367e-04,-4.341838e-02,-9.020472e-01,2.044598e+00
2295,9.465774e-17,1.042247e-05,-1.060222e-04,5.057830e-04,-2.892229e-01,-6.759662e-01,2.020146e+00
2296,5.636355e-18,1.082921e-05,-1.179549e-04,5.094242e-04,1.268910e-01,-4.060853e-04,6.634903e+00
2297,5.895378e-17,-5.325791e-06,-1.185816e-04,5.096665e-04,3.398775e+00,5.927799e-01,1.516969e+01
2298,6.132239e-17,-5.311484e-06,-1.069953e-04,5.189286e-04,-2.420887e+00,2.022569e-01,8.954176e+00
2299,9.455684e-17,-1.484653e-05,-1.037588e-04,5.200332e-04,-2.861782e-03,-3.769105e-01,4.596681e+00
2300,4.041583e-18,-1.810520e-06,-1.116837e-04,5.112676e-04,-2.673033e+00,4.564988e-02,1.109839e+01
2301,1.731633e-17,-7.108786e-06,-1.156042e-04,5.188805e-04,1.377622e+00,4.138528e-01,3.321206e+00
2302,1.079074e-18,-7.030527e-06,-1.180135e-04,5.147847e-04,-8.942223e-02,1.024052e-01,2.993507e+00
2303,3.554143e-18,-1.560694e-06,-1.171859e-04,5.182121e-04,-1.798626e-02,9.289553e-02,5.501611e-01
2304,1.825606e-16,7.316908e-06,-1.174145e-04,5.367304e-04,-3.829061e-01,-1.365449e-01,6.507208e+00
2305,1.894633e-16,-1.309032e-06,-1.044446e-04,5.475138e-04,-1.161009e-02,-6.084875e-01,8.458364e+00
2306,2.510945e-17,-3.051518e-06,-1.059030e-04,5.353626e-04,-1.634127e-02,-2.869355e+00,2.004655e+01
2307,4.384613e-18,-8.583524e-06,-1.216723e-04,5.472037e-04,8.818508e-01,3.251680e-02,1.686421e+01
2308,5.003398e-18,-6.260410e-06,-1.234295e-04,5.324297e-04,-4.176841e-01,4.294872e-01,1.617850e+01
2309,2.506217e-17,-5.574655e-06,-1.132357e-04,5.470294e-04,8.000300e-01,-1.053688e+00,5.498819e+00
2310,1.415455e-18,-1.719329e-05,-1.179685e-04,5.309087e-04,-2.717868e-02,1.769873e-03,2.245138e+00
2311,3.037111e-18,-7.812256e-07,-1.125012e-04,5.432137e-04,-7.522995e-02,-1.005621e-01,6.740808e+00
2312,2.313714e-18,-1.250199e-05,-1.070346e-04,5.478147e-04,-2.307771e-01,-2.269042e-01,-7.780545e-01
2313,2.264540e-17,2.145204e-05,-6.816850e-05,4.956365e-04,4.755570e+00,3.858939e+00,1.959328e+01
2314,2.939749e-17,8.820853e-06,-5.588960e-05,4.912218e-04,5.232097e-01,3.309053e+00,1.769169e+01
2315,1.341714e-18,2.287392e-06,-6.405748e-05,4.915247e-04,-8.721034e-02,4.270319e-01,8.945544e+00
2316,3.526374e-18,8.586809e-06,-5.079908e-05,4.911393e-04,-1.660756e+00,-1.204177e+00,1.249357e+01
2317,2.002693e-18,7.874541e-06,-6.412197e-05,4.791492e-04,2.030763e+00,-2.738844e-01,1.967204e+00
2318,1.870460e-17,1.801567e-05,-5.398392e-05,4.910378e-04,-8.337581e-02,4.851074e-02,2.311952e+00
2319,3.203729e-17,1.236869e-05,-6.884741e-05,4.911370e-04,-3.708925e-01,-6.777821e-02,2.101977e+00
2320,2.819450e-18,1.094002e-05,-5.937803e-05,4.935349e-04,1.730976e-01,-1.612585e-01,2.067403e-01
2321,2.291792e-18,8.596139e-06,-5.080551e-05,4.872815e-04,-6.222294e-01,3.955974e-01,1.115594e+01
2322,5.795417e-18,1.982610e-05,-7.084543e-05,4.890113e-04,4.160443e+00,-4.759066e-01,1.411025e+01
2323,1.369180e-18,8.842127e-06,-5.085880e-05,4.849866e-04,-5.716210e-02,-1.278415e+00,9.578412e+00
2324,1.329178e-18,8.692387e-06,-5.068926e-05,4.812215e-04,-5.160658e-01,-3.990193e-01,7.210476e+00
2325,3.038435e-18,2.032883e-05,-5.000072e-05,4.802043e-04,-3.776469e-01,7.421033e-03,-1.869261e+00
2326,1.289726e-17,2.426150e-05,-5.696762e-05,4.959366e-04,6.067137e-02,1.555412e-02,-1.015451e+00
2327,1.331247e-16,9.777971e-06,-3.537319e-05,4.851772e-04,-1.503445e+00,8.235831e-01,6.536162e+00
2328,6.887644e-18,9.636233e-06,-3.593103e-05,4.975096e-04,5.466614e-02,5.184352e-02,1.248434e+01
2329,3.379657e-18,4.756376e-06,-3.907510e-05,4.949515e-04,-3.643215e-01,-3.709093e-01,9.277577e+00
2330,6.786637e-19,6.640920e-06,-3.986838e-05,4.938700e-04,-1.602623e+00,1.452819e-01,7.725114e+00
2331,2.719030e-18,1.874191e-05,-2.810776e-05,4.857733e-04,3.186757e-01,-1.462598e-01,1.477456e+00
2332,4.623208e-18,7.036543e-06,-4.142186e-05,4.798259e-04,-5.492523e-01,1.052148e-01,1.431638e+00
2333,1.064865e-17,2.429477e-05,-2.875654e-05,4.976533e-04,4.155241e-02,2.685525e-02,-1.178243e+00
2334,2.440622e-17,6.182705e-06,-5.026361e-05,4.716670e-04,-7.327404e-01,-1.647042e+00,3.888913e-01
2335,9.497571e-19,1.003621e-05,-5.009609e-05,4.649950e-04,1.429683e+00,-1.319166e+00,-7.811125e+00
2336,6.936692e-19,9.765429e-06,-5.507836e-05,4.700437e-04,4.238529e-01,-1.461192e+00,-3.769041e-01
2337,3.089050e-19,9.766209e-06,-5.429680e-05,4.689012e-04,3.288486e-01,-8.738267e-01,-2.850580e+00
2338,1.310410e-18,1.007348e-05,-5.351581e-05,4.667072e-04,-1.860342e+00,8.246078e-01,-8.060467e+00
2339,1.130290e-17,-2.462341e-04,1.660367e-05,4.736574e-04,-8.872351e-02,-4.989298e-01,4.579788e-01
2340,2.301135e-17,-2.373107e-04,2.304803e-06,4.849075e-04,-9.078731e-02,-1.706955e-01,1.031515e+01
2341,6.369660e-18,-2.177749e-04,1.485604e-05,4.760656e-04,-1.513892e-01,1.095724e-02,6.282574e+00
2342,2.929005e-19,-2.199234e-04,1.601559e-05,4.751536e-04,-3.026264e+00,1.337327e+00,1.081312e+00
2343,4.356468e-19,-2.207041e-04,1.679588e-05,4.743694e-04,-5.663021e+00,3.087233e+00,-2.260633e+00
2344,2.717021e-17,-2.220226e-04,6.255662e-06,4.721105e-04,1.950074e+00,1.659696e+00,-3.985686e+00
2345,2.044270e-18,-2.017549e-04,1.861191e-05,4.736062e-04,1.491981e-01,-2.267639e-01,3.716761e+00
2346,5.198228e-19,-2.011718e-04,1.914063e-05,4.708345e-04,-6.614580e-01,2.902605e-01,-1.291778e+00
2347,3.597565e-19,-2.011725e-04,1.836004e-05,4.689099e-04,3.145706e-01,-3.294645e-01,-2.640453e+00
2348,9.836546e-19,-2.181640e-04,1.679566e-05,4.668927e-04,-4.151126e-02,1.355881e+00,-6.844106e+00
2349,2.498053e-18,-2.015914e-04,2.452452e-06,4.768583e-04,1.296309e-01,2.466564e-01,-3.538165e+00
2350,1.703971e-16,-2.273459e-04,8.530538e-06,4.945888e-04,5.390218e-01,-9.877606e-01,8.190328e+00
2351,9.877587e-19,-2.014757e-04,2.927865e-06,4.954275e-04,-5.781270e-01,3.137099e-01,9.844645e+00
2352,2.753190e-18,-2.251050e-04,7.755573e-06,4.818392e-04,1.997177e+00,-1.188340e-01,4.812878e+00
2353,5.090773e-18,-2.186902e-04,9.356729e-06,4.937675e-04,-3.152061e-01,7.662336e-02,4.449470e+00
2354,5.481553e-17,-2.259450e-04,2.394419e-05,4.952642e-04,-3.789971e-01,-8.291146e-02,4.199845e+00
2355,3.500364e-18,-2.226584e-04,9.378794e-06,4.802192e-04,1.114931e+00,1.138208e-01,2.640273e+00
2356,1.277439e-17,-2.017294e-04,2.921216e-06,4.889266e-04,-5.487242e-01,-1.879365e-01,6.552368e+00
2357,9.695309e-19,-2.248694e-04,2.460968e-05,4.881512e-04,1.876872e-01,4.269179e-01,-1.298867e+00
2358,1.139892e-18,-2.015148e-04,2.320905e-06,4.852890e-04,-1.498773e-01,-6.493342e-01,6.732200e+00
2359,1.633351e-18,-2.015701e-04,2.203893e-06,4.824038e-04,-2.974797e-01,-2.450743e-01,3.739957e+00
2360,1.959838e-18,-2.496095e-04,5.405781e-06,4.804024e-04,2.637708e-02,2.648957e-01,3.552548e+00
2361,4.166157e-18,-2.257820e-04,2.346469e-06,4.899492e-04,-1.340379e-01,-1.466562e-02,5.780846e+00
2362,1.728559e-17,-2.281940e-04,1.229575e-05,4.785369e-04,1.024857e+00,-2.520873e+00,2.522449e+00
2363,2.852626e-18,-2.265642e-04,1.018510e-05,4.864402e-04,1.093979e-01,1.697383e+00,7.019074e+00
2364,2.699901e-17,-2.488336e-04,2.392693e-05,4.899071e-04,-1.762821e-01,-2.069667e-01,-1.277922e-02
2365,8.917255e-18,-2.288139e-04,2.453575e-05,4.893636e-04,-1.074926e+00,2.327743e-01,2.681074e+00
2366,6.615694e-17,-2.486569e-04,6.838834e-06,4.871938e-04,3.955027e-01,-9.952724e-01,1.642270e+00
2367,2.089554e-18,-2.344358e-04,1.023448e-05,4.777920e-04,6.142489e-01,1.090882e-01,-1.484191e+00
2368,3.178231e-18,-2.305005e-04,2.358184e-06,4.973768e-04,2.773700e-01,2.196802e-03,1.656560e+00
2369,1.454639e-18,-2.496099e-04,1.407261e-05,4.833916e-04,-1.374172e-01,5.439369e-02,-6.594784e-01
2370,2.988552e-18,-2.437520e-04,1.563367e-06,4.911852e-04,1.538105e-02,-2.476537e-02,-3.434083e-01
2371,1.064053e-17,-2.451003e-04,1.488617e-05,4.847260e-04,-2.148103e-01,4.062748e-01,-8.321977e-01
2372,1.189512e-17,-2.404910e-04,2.424219e-05,4.902499e-04,8.449086e-02,2.445131e-02,-9.916499e-01
2373,1.425669e-18,-2.476389e-04,2.460948e-05,4.826062e-04,1.809114e-01,1.244209e-01,-2.602396e+00
2374,3.111980e-18,-2.492735e-04,2.460945e-05,4.800140e-04,-4.698150e-02,-1.569790e-02,-1.858619e+00
2375,9.461377e-18,-5.859754e-05,9.378747e-06,5.013004e-04,-6.064542e-01,1.362444e-01,9.660271e+00
2376,1.357795e-17,-6.246281e-05,7.876662e-07,5.143232e-04,-3.385016e+00,-3.352634e-02,2.481999e+00
2377,4.992792e-18,-7.500125e-05,-1.406301e-05,5.040659e-04,-1.585903e-01,-4.456075e-01,5.859453e+00
2378,2.559920e-19,-7.461209e-05,-1.132629e-05,5.047674e-04,6.065143e-02,-4.325232e-01,5.078976e-01
2379,1.317294e-18,-6.172717e-05,-7.740647e-07,5.024300e-04,8.878601e-02,-3.481632e-01,5.364692e+00
2380,5.226408e-18,-7.500176e-05,-1.810520e-05,5.039821e-04,7.732758e-02,1.335592e-01,1.379297e+00
2381,1.129548e-17,-5.807311e-05,5.469966e-06,5.102932e-04,1.391424e+00,1.313003e+00,1.068929e+01
2382,1.033608e-16,-5.763274e-05,6.193043e-06,5.099764e-04,4.905037e-01,-5.357506e-01,1.126254e+01
2383,2.572544e-18,-5.862264e-05,9.306783e-06,5.237934e-04,9.239470e-01,7.343638e-01,2.200999e+01
2384,4.606292e-18,-5.859414e-05,9.364506e-06,5.208959e-04,-9.950025e-01,-5.698999e-02,2.154166e+01
2385,1.779911e-17,-6.394416e-05,4.459617e-06,5.175483e-04,3.761647e-01,-3.896154e-01,3.728909e+00
2386,2.393591e-18,-6.875174e-05,1.719551e-05,5.129210e-04,-4.295128e-02,-9.969512e-03,3.571792e+00
2387,5.194912e-18,-6.874485e-05,9.714911e-06,5.074684e-04,-1.139692e-02,-1.212064e+00,2.304282e+00
2388,1.798686e-17,-8.228511e-05,6.965939e-06,5.021995e-04,-3.347183e-01,-3.292786e+00,1.646279e+01
2389,4.873307e-17,-1.009042e-04,1.980653e-05,5.159916e-04,1.127551e+00,9.857904e-01,1.161521e+01
2390,6.260622e-17,-9.854997e-05,3.862510e-06,5.271345e-04,3.460942e-01,1.031478e+00,1.289010e+01
2391,2.036518e-17,-8.758867e-05,1.123120e-05,5.161399e-04,-5.100674e-01,-4.942353e-01,1.796325e+01
2392,1.013174e-18,-8.672142e-05,1.172383e-05,5.047836e-04,6.330240e-01,4.102931e-01,1.115894e+01
2393,5.728977e-17,-8.690617e-05,3.351472e-06,5.115564e-04,2.772648e-01,-8.759981e-01,6.013994e+00
2394,4.953333e-18,-9.922149e-05,4.097276e-09,5.154431e-04,-4.100404e-01,8.497551e-02,1.067369e+01
2395,1.129511e-17,-9.188747e-05,1.611876e-05,5.056868e-04,-1.030546e+00,-1.935842e-01,3.230149e+00
2396,1.954351e-17,-8.432297e-05,1.513823e-05,5.204864e-04,-1.931676e-01,-7.800653e-01,2.931413e+00
2397,1.699467e-17,-9.931346e-05,4.700885e-06,5.024454e-04,-3.541678e-01,-1.654920e+00,1.425813e+00
2398,6.895069e-18,-9.450105e-05,2.458275e-05,5.031607e-04,1.611849e-01,8.764657e+00,5.923062e+00
2399,2.481395e-18,-8.672142e-05,5.472606e-06,5.259360e-04,3.505752e-02,-6.047957e-03,6.408696e+00
2400,5.410776e-17,-8.732190e-05,-1.162923e-05,5.170525e-04,-2.321003e-02,5.687751e-01,9.903604e+00
2401,1.898139e-17,-9.753591e-05,-2.078082e-05,5.096749e-04,-1.656987e-01,-6.697039e-01,2.003038e+01
2402,4.417961e-16,-1.024547e-04,-5.530621e-06,5.012700e-04,1.132010e+00,5.226316e-01,8.673053e+00
2403,6.628512e-18,-9.170874e-05,-1.405904e-05,5.069097e-04,6.660164e-01,1.398325e-01,5.514922e+00
2404,3.521454e-17,-7.842099e-05,-1.234951e-05,5.231669e-04,7.450394e-02,5.365959e-01,6.183639e+00
2405,3.778346e-16,-9.205802e-05,-4.534313e-06,5.303740e-04,1.160982e-01,-5.379245e-01,8.826474e+00
2406,1.425706e-17,-8.202190e-05,-1.683966e-05,5.057137e-04,-1.304498e+00,-5.393129e-01,5.393061e+00
2407,1.124811e-18,-8.671191e-05,-4.677385e-06,5.194232e-04,-3.926118e-02,6.219009e-02,6.438565e+00
2408,3.747750e-18,-7.820216e-05,-1.167598e-05,5.059511e-04,6.696114e-01,-1.475166e-01,3.874534e+00
2409,2.808266e-18,-9.218690e-05,-1.484542e-05,5.222112e-04,5.511909e-02,5.113744e-01,6.300884e+00
2410,2.301191e-18,-9.139006e-05,-1.796603e-05,5.028341e-04,-1.080890e-01,-8.757885e-02,1.835118e-02
2411,1.130657e-18,-9.842612e-05,-1.250499e-05,5.009098e-04,3.559838e-01,1.547919e-01,-2.029091e+00
2412,9.916747e-18,-9.688647e-05,-2.033263e-05,5.029052e-04,6.543556e-02,1.394946e-03,1.729216e+01
2413,1.173066e-16,-5.846477e-05,1.143018e-05,4.920978e-04,7.767359e-01,8.374364e-02,1.139568e+01
2414,1.751831e-17,-6.148147e-05,1.740005e-05,4.907313e-04,-3.573742e+00,2.616418e-01,1.693799e+01
2415,2.594595e-19,-5.586043e-05,8.203071e-06,4.954371e-04,1.595895e+00,8.667891e-01,1.020260e+01
2416,9.793108e-18,-5.373141e-05,8.664167e-06,4.921740e-04,4.782595e+00,-1.327931e+00,1.093266e+01
2417,5.542595e-18,-5.449697e-05,1.704152e-05,4.947614e-04,-1.243765e+00,-4.707879e-01,5.912165e+00
2418,4.063423e-18,-5.854885e-05,8.317218e-06,4.845639e-04,-6.732854e-01,1.061024e+00,7.346470e+00
2419,3.154263e-17,-6.044504e-05,1.635780e-05,4.821021e-04,1.097579e+00,-7.074316e-01,1.102225e+01
2420,7.142070e-18,-7.391311e-05,1.392797e-05,4.975355e-04,2.047671e+00,1.515965e-01,1.910841e+00
2421,3.442949e-19,-5.507833e-05,8.204082e-06,4.946553e-04,2.547957e+00,-6.758296e-01,9.917425e+00
2422,8.958259e-19,-5.642780e-05,1.079710e-05,4.790551e-04,6.629119e-02,1.523651e+00,3.414079e+00
2423,1.655565e-18,-5.937596e-05,3.905826e-06,4.993289e-04,-1.188068e-01,-3.991004e-02,6.276022e+00
2424,1.435113e-18,-5.712769e-05,1.820938e-05,4.951860e-04,6.540686e-01,1.526291e-01,-1.927599e+00
2425,5.325884e-18,-5.937444e-05,3.909305e-06,4.957987e-04,-3.739125e-02,-2.205263e-01,6.434459e+00
2426,1.726827e-17,-5.936729e-05,3.922341e-06,4.901830e-04,-1.737786e-02,1.819294e-01,7.576914e+00
2427,7.781644e-19,-7.200884e-05,1.732890e-05,5.001408e-04,5.011486e-02,4.402033e-02,-3.208836e+00
2428,2.290167e-17,-6.915293e-05,2.410414e-05,4.966991e-04,-7.466198e-04,4.961092e-02,-8.240872e-01
2429,2.399097e-16,-5.958913e-05,-1.290668e-05,4.950713e-04,2.524734e-01,-3.713487e-01,1.499118e+00
2430,3.524788e-17,-6.969921e-05,-6.903652e-06,4.877906e-04,2.574454e-02,4.088274e-01,3.501545e+00
2431,1.570343e-17,-6.753350e-05,-1.769715e-05,4.802152e-04,1.333806e+00,-3.676931e-01,7.614912e+00
2432,2.971903e-18,-6.171718e-05,-7.815234e-07,4.950318e-04,-7.548045e-02,1.660972e-01,6.109144e+00
2433,8.749229e-19,-6.470143e-05,-1.654922e-05,4.837379e-04,-7.805992e-01,1.270912e+00,2.840386e+00
2434,1.283213e-18,-7.500610e-05,-1.406499e-05,4.837394e-04,-1.007640e-01,1.961237e-02,-3.283979e-01
2435,2.321726e-18,-6.015209e-05,-2.460951e-05,4.845535e-04,-3.593571e-02,1.574006e-02,-2.788576e-01
2436,4.171076e-17,-5.926412e-05,-4.371475e-06,5.139160e-04,3.080050e-01,-1.107806e+00,1.129174e+01
2437,2.524253e-18,-5.233470e-05,-1.172784e-05,5.043438e-04,8.342750e-01,-5.894070e-02,8.514208e-01
2438,1.226870e-18,-5.234467e-05,-1.172407e-05,5.202031e-04,-9.265722e-02,-8.236905e-03,-1.391251e+00
2439,3.349959e-17,-1.193427e-04,-8.906835e-07,5.407228e-04,-2.716383e+00,-4.201918e+00,2.673457e+01
2440,2.900898e-18,-1.148189e-04,-8.230557e-07,5.371918e-04,-2.525329e-01,-4.479674e+00,2.750135e+01
2441,1.030811e-16,-1.095908e-04,1.261789e-06,5.259320e-04,7.705996e-01,-5.903247e-01,7.690064e+00
2442,5.638464e-17,-1.083072e-04,1.152734e-06,5.479668e-04,1.188978e+00,-8.873323e-01,7.569935e+00
2443,8.061654e-18,-1.220248e-04,-5.488684e-06,5.383403e-04,5.461638e-01,-8.632773e-02,7.014426e+00
2444,1.650929e-17,-1.084767e-04,1.397912e-05,5.363975e-04,2.194505e+00,2.254760e+00,9.121619e+00
2445,5.050487e-18,-1.039059e-04,7.411743e-06,5.320145e-04,4.910584e-02,-9.718232e-03,6.303628e+00
2446,1.077861e-18,-1.031250e-04,2.345345e-06,5.353734e-04,-4.557706e-02,-4.510360e-02,3.074824e+00
2447,1.085684e-18,-1.078117e-04,1.797183e-05,5.414894e-04,9.747027e-03,-2.866151e-02,1.407772e+00
2448,7.047434e-17,-1.134172e-04,-3.276002e-06,5.220393e-04,-6.889288e-01,1.593229e+00,9.537188e+00
2449,8.145180e-18,-1.203222e-04,-1.728990e-05,5.091765e-04,4.765636e-02,-4.920642e-01,1.414921e+01
2450,8.422098e-17,-1.045205e-04,-1.187612e-05,5.140789e-04,9.631420e-03,2.427775e-01,1.182962e+00
2451,2.228719e-18,-1.229289e-04,-2.451918e-05,5.045637e-04,5.235626e-01,-9.556480e+00,1.027925e+01
2452,4.617428e-17,-1.163735e-04,-1.198868e-05,5.005414e-04,1.870221e+00,-3.351457e-01,5.692470e+00
2453,2.365175e-18,-1.101513e-04,-1.329396e-05,5.051875e-04,2.246638e-01,1.045631e-01,7.050211e+00
2454,1.164252e-17,-1.069043e-04,-9.483001e-06,4.995278e-04,-6.188458e-01,-6.433166e-01,1.372401e+01
2455,4.785496e-18,-1.101665e-04,-1.213765e-05,5.113475e-04,-1.865014e-01,-8.446700e-02,7.412533e+00
2456,5.099943e-18,-1.187470e-04,-6.252429e-06,5.170375e-04,-3.205448e-01,-8.135254e-02,4.785372e+00
2457,4.283180e-18,-1.054714e-04,-3.909528e-06,5.209949e-04,2.089668e-02,1.003334e-02,5.098533e+00
2458,2.308319e-18,-1.078150e-04,-1.797861e-05,5.175023e-04,-1.872369e-03,3.435070e-01,-3.853136e-01
2459,1.504173e-17,-1.101557e-04,1.093674e-05,5.167484e-04,-9.209745e-02,-1.114843e+00,1.028789e+01
2460,3.052827e-17,-1.122809e-04,4.939673e-06,5.177147e-04,3.073181e-01,-1.357688e+00,2.313186e+01
2461,1.412829e-18,-1.077434e-04,4.697093e-06,5.109327e-04,2.609351e+00,1.658881e+00,1.993760e+01
2462,4.272213e-17,-1.136699e-04,1.366196e-05,5.038590e-04,1.740642e+00,4.747050e-03,1.049892e+01
2463,8.983145e-17,-1.101462e-04,1.092133e-05,5.166851e-04,-1.462836e-01,-1.166153e+00,1.002291e+01
2464,5.333042e-18,-1.046686e-04,1.404529e-05,5.023164e-04,-2.233198e-01,1.735948e-01,7.978511e+00
2465,1.577414e-18,-1.125112e-04,6.995902e-06,5.055364e-04,4.324416e-01,-1.047453e+00,1.449244e+01
2466,4.799831e-17,-1.066377e-04,9.028922e-06,5.005402e-04,4.051147e-01,1.202285e+00,9.106929e+00
2467,4.550684e-17,-1.091109e-04,2.175735e-05,5.054507e-04,1.241005e+00,1.860871e+00,9.078137e+00
2468,4.929077e-18,-1.070321e-04,1.641542e-05,5.078290e-04,2.191342e-01,-4.136447e-01,1.122899e+01
2469,1.800086e-18,-1.054725e-04,2.448717e-06,5.168944e-04,-1.865728e-03,-4.500928e-02,3.254883e+00
2470,3.762384e-18,-1.038463e-04,1.020877e-05,5.033209e-04,1.665505e-01,3.189290e-01,7.155793e-01
2471,4.398999e-17,-8.437530e-05,6.250595e-06,5.477899e-04,3.431277e-01,-1.044801e-01,1.220884e+01
2472,1.585327e-16,-8.428894e-05,6.591035e-06,5.471395e-04,3.457029e-01,-1.352241e-01,1.152381e+01
2473,3.894358e-17,-8.941749e-05,2.963968e-06,5.387436e-04,1.965486e+00,-2.089593e-01,1.343829e+01
2474,3.042463e-18,-7.812268e-05,-6.047815e-09,5.402111e-04,2.481728e-02,4.355403e-02,8.994731e+00
2475,9.587429e-19,-9.609615e-05,1.874381e-05,5.475000e-04,4.018823e-02,-1.586322e-01,-3.719301e-01
2476,8.848751e-17,-8.221072e-05,-9.261683e-06,5.406848e-04,-3.682375e-01,4.738999e-01,7.801008e+00
2477,2.377646e-18,-8.985519e-05,-1.485318e-05,5.455858e-04,-1.114653e-01,1.430057e-03,1.101195e+01
2478,4.595345e-18,-8.750094e-05,-1.171847e-05,5.429481e-04,-6.955739e-02,6.277182e-04,1.280056e+01
2479,8.192016e-18,-9.053498e-05,-2.443109e-05,5.465659e-04,-3.828099e-01,-1.282122e+01,1.066336e+01
2480,4.579402e-17,-9.096845e-05,-3.828986e-06,5.448468e-04,1.801325e-01,1.471588e+00,4.126940e+00
2481,4.449802e-18,-8.359172e-05,-4.683176e-06,5.293483e-04,-2.099410e-02,1.669090e-01,4.963651e+00
2482,2.727958e-18,-8.244081e-05,-1.421396e-06,5.496388e-04,-4.446331e-01,-1.000375e-01,1.822555e+01
2483,2.283064e-18,-9.687550e-05,-9.382161e-06,5.418470e-04,1.178377e-02,-9.820667e-02,4.237237e+00
2484,1.970698e-18,-7.968776e-05,-1.806527e-05,5.299562e-04,1.012017e-02,9.206855e-02,6.020679e-02
2485,4.301868e-17,1.655612e-04,-1.332109e-05,5.236419e-04,4.542194e+00,3.784171e-02,2.202616e+01
2486,2.375857e-16,2.020201e-04,-1.278166e-05,5.441502e-04,1.134635e-01,-2.807626e-01,8.183843e+00
2487,5.483517e-17,2.010439e-04,-9.671818e-06,5.364947e-04,-4.131152e-01,3.998272e-02,1.235153e+01
2488,1.400254e-17,1.837140e-04,-8.669791e-06,5.252281e-04,-6.358488e-01,1.335715e+00,4.176350e+00
2489,5.511244e-18,1.945463e-04,-6.235695e-06,5.294480e-04,-7.753991e-03,-7.143061e-02,1.600448e+01
2490,8.974769e-18,1.754349e-04,-1.503613e-05,5.336786e-04,-1.938202e+00,1.386765e-01,8.218498e+00
2491,5.506318e-18,1.928308e-04,-1.172403e-05,5.278694e-04,-2.322257e-01,-1.188331e-01,5.091170e+00
2492,1.186295e-18,1.937512e-04,-1.798262e-05,5.385077e-04,-3.845444e-03,-9.926696e-02,2.280923e+00
2493,2.264632e-18,1.765568e-04,-1.015787e-05,5.387733e-04,-1.884233e-03,1.710739e-01,-1.020907e+00
2494,1.035197e-18,2.007739e-04,-6.248390e-06,5.459671e-04,9.954492e-03,2.570300e-01,9.882553e-01
2495,4.561867e-17,1.675434e-04,-1.135507e-05,5.369754e-04,-2.749951e-01,-2.318533e+00,1.120173e+01
2496,3.054121e-17,1.681992e-04,-1.230036e-05,5.324486e-04,5.676296e+00,1.202080e+00,2.095686e+01
2497,3.259102e-18,1.640702e-04,-1.562674e-05,5.320408e-04,-5.343665e-02,2.365304e-02,1.157903e+01
2498,2.449599e-18,1.711782e-04,-1.415004e-05,5.364241e-04,1.309684e-01,-3.260142e-01,6.054468e+00
2499,2.002585e-18,1.609380e-04,-4.597662e-06,5.317989e-04,8.064486e-03,9.754008e-02,4.726538e+00
2500,3.113053e-18,1.664134e-04,-7.040111e-06,5.440888e-04,1.679853e-01,3.367972e-01,6.454992e+00
2501,1.323925e-18,1.609350e-04,-4.686254e-06,5.474080e-04,1.495921e-02,-2.599593e-02,6.257122e+00
2502,2.809762e-18,1.632813e-04,-1.561609e-05,5.493549e-04,2.249671e-01,2.183709e-01,1.597891e+01
2503,1.984336e-18,1.663410e-04,-6.962731e-06,5.492211e-04,-1.108769e-01,2.522542e-01,7.322915e+00
2504,1.258634e-18,1.710927e-04,-1.407087e-05,5.399149e-04,-1.890578e-02,-2.895318e-02,2.912145e+00
2505,2.205992e-17,2.184884e-04,-4.951362e-06,5.304585e-04,2.570097e-01,-1.210555e+00,8.604502e+00
2506,1.231754e-16,2.184247e-04,-5.275482e-06,5.305188e-04,9.373621e-02,-1.214302e+00,8.685512e+00
2507,1.483115e-17,2.124445e-04,-9.756108e-06,5.243554e-04,-1.090761e-01,7.318311e-01,6.566533e+00
2508,1.258747e-17,2.145128e-04,-6.617818e-06,5.484651e-04,1.751041e+00,1.483698e+00,1.555461e+01
2509,8.643007e-18,2.062855e-04,-2.160157e-06,5.368272e-04,1.469384e-01,1.002198e+00,1.130869e+01
2510,1.037758e-17,2.117189e-04,-3.132754e-06,5.329603e-04,-2.292069e-02,1.961445e-03,1.091331e+01
2511,4.032274e-18,2.070293e-04,-1.328717e-05,5.278937e-04,-1.960718e-02,9.911511e-02,6.046200e+00
2512,3.685381e-18,2.163955e-04,-1.875332e-05,5.423111e-04,-1.214761e-02,7.491659e-02,1.761661e+00
2513,2.637587e-18,2.124979e-04,-1.171891e-05,5.403489e-04,1.584774e-01,-8.445573e-01,1.585061e+00
2514,1.097937e-17,1.987214e-04,-4.217541e-06,5.152339e-04,7.804366e-01,2.952166e+00,1.012402e+01
2515,3.758085e-18,2.055462e-04,-1.015185e-05,5.118662e-04,1.342946e+00,4.454226e-02,9.496460e+00
2516,7.489521e-18,2.009651e-04,-1.002358e-05,5.100421e-04,-2.069659e+00,-7.747512e-01,6.623483e+00
2517,1.109966e-17,2.083849e-04,-5.461693e-06,5.126957e-04,3.373600e-01,8.949338e-02,6.975274e+00
2518,5.514625e-18,2.195295e-04,-3.123933e-06,5.186072e-04,-1.865824e-01,-2.793530e-01,7.488946e+00
2519,2.817750e-18,2.195343e-04,-3.128719e-06,5.090622e-04,1.548825e-01,3.726298e-02,2.490244e+00
2520,3.956791e-18,2.140697e-04,-7.021973e-06,5.125146e-04,2.409413e-01,-9.067402e-02,3.542522e+00
2521,2.788915e-18,2.195300e-04,-3.127972e-06,5.052203e-04,-2.656252e-02,4.810776e-02,3.073979e+00
2522,3.763398e-18,1.601532e-04,-1.640237e-05,5.113478e-04,-2.161955e+00,2.623339e+00,2.010407e+01
2523,1.000059e-16,1.589412e-04,-1.544891e-05,5.092357e-04,-5.155633e-01,-4.703798e-01,1.818020e+01
2524,2.445695e-18,1.703131e-04,-1.874685e-05,5.028656e-04,2.916204e-02,-7.945232e-01,7.442809e+00
2525,8.609840e-17,1.763312e-04,-1.335941e-05,5.101589e-04,1.173084e+00,7.969801e-02,5.147696e+00
2526,7.162736e-19,1.587191e-04,-1.341466e-05,5.186728e-04,-2.957599e-01,8.458780e-02,4.771925e+00
2527,3.402763e-18,1.679691e-04,-4.912042e-06,5.222586e-04,-3.039231e-02,7.866351e-01,6.960657e+00
2528,3.989537e-18,1.710963e-04,-1.391504e-05,5.183201e-04,-9.588226e-02,-1.085615e-01,3.516548e+00
2529,1.671234e-17,1.551489e-04,-4.719934e-06,5.154776e-04,-8.304320e-01,-9.645818e-01,3.068394e+00
2530,2.394039e-17,1.935023e-04,-5.388928e-06,5.159567e-04,1.860533e-01,-4.215845e+00,1.605213e+01
2531,1.422044e-18,1.921498e-04,-1.171648e-06,5.097107e-04,6.148017e-01,-5.183653e-01,1.305447e+01
2532,1.204703e-17,1.945498e-04,-6.250591e-06,5.099760e-04,-7.446566e-02,-5.509437e-02,9.902802e+00
2533,7.523317e-18,1.914085e-04,-1.328130e-05,5.182725e-04,1.165822e+00,1.030982e+00,8.223222e+00
2534,5.685629e-17,1.917639e-04,-1.370056e-05,5.184756e-04,9.683265e-01,7.711105e-01,8.062055e+00
2535,1.306460e-18,1.937271e-04,-1.715059e-05,5.186390e-04,-4.916251e-01,2.995912e+00,5.564381e+00
2536,1.939968e-17,1.839778e-04,-7.726194e-06,5.065471e-04,6.719792e-01,-1.493199e+00,4.151285e+00
2537,2.764230e-18,1.976597e-04,-1.484672e-05,5.197943e-04,-2.142389e-01,1.441037e-01,4.392160e+00
2538,5.293971e-18,1.914035e-04,-1.171756e-05,5.043858e-04,7.602507e-02,9.312782e-02,2.824669e+00
2539,9.117981e-19,-1.210961e-05,2.441394e-04,4.705375e-04,8.835427e-01,1.597900e+00,-5.145090e+00
2540,3.134934e-19,-1.132885e-05,2.449204e-04,4.689072e-04,-4.391868e-02,2.460210e+00,-4.374036e+00
2541,2.711562e-19,-1.289024e-05,2.496103e-04,4.704627e-04,1.301372e+00,2.143648e-01,-9.994562e-01
2542,2.233172e-18,-1.413938e-05,2.282486e-04,4.709706e-04,4.016663e-02,5.201655e-01,-3.667300e+00
2543,4.648881e-19,1.172083e-06,2.378906e-04,4.704583e-04,2.369366e+00,-1.449240e+00,-6.270046e+00
2544,2.644430e-19,3.906794e-07,2.019532e-04,4.743636e-04,1.683858e+00,-3.553982e+00,-4.861830e+00
2545,1.469573e-18,8.203718e-06,2.133813e-04,4.708329e-04,-2.206867e+00,1.962394e+00,-3.584411e+00
2546,7.270560e-19,9.765657e-06,2.066406e-04,4.716380e-04,-1.216233e-01,5.662686e-01,-1.362488e+00
2547,4.880004e-19,-1.565481e-06,2.074219e-04,4.712399e-04,1.091622e+00,-4.762586e-01,-6.694509e+00
2548,8.102617e-17,2.420935e-06,-1.755684e-04,5.358729e-04,2.073889e-01,9.998487e-01,7.760889e+00
2549,2.793771e-16,-2.759677e-06,-1.630368e-04,5.336230e-04,8.550799e-01,-8.595024e-01,7.389942e+00
2550,6.488025e-16,-2.578916e-06,-1.626811e-04,5.343687e-04,-2.418276e-02,-2.434310e-01,8.845272e+00
2551,2.271355e-16,2.623738e-06,-1.754760e-04,5.359965e-04,2.573709e-01,7.868356e-01,7.266109e+00
2552,9.297305e-18,3.127925e-06,-1.656429e-04,5.300952e-04,-5.006265e-02,-4.360933e-01,2.020283e+01
2553,1.084038e-16,6.821611e-06,-1.587970e-04,5.379520e-04,-3.382405e-01,-5.901511e-01,9.121316e+00
2554,2.538960e-18,1.563104e-05,-1.718778e-04,5.425597e-04,-2.229954e-02,-3.524231e-03,5.598142e+00
2555,1.975064e-17,1.500483e-05,-1.663145e-04,5.382490e-04,1.496590e+00,-6.687787e-01,5.798753e+00
2556,1.193446e-18,9.378359e-06,-1.531268e-04,5.316253e-04,1.625132e-02,1.398812e-02,5.913495e+00
2557,3.010127e-18,3.908778e-06,-1.656244e-04,5.251323e-04,1.763373e-01,1.356663e-01,1.849929e+01
2558,3.169203e-18,1.015364e-05,-1.562489e-04,5.440952e-04,4.265049e-01,1.833953e-01,4.249633e+00
2559,9.651467e-19,1.327869e-05,-1.554634e-04,5.474668e-04,-6.239367e-02,-1.227727e-01,2.793505e+00
2560,7.530781e-19,1.340929e-05,-1.553292e-04,5.459592e-04,-9.962387e-02,-3.409955e-02,1.949339e+00
2561,1.210081e-18,3.911583e-06,-1.523473e-04,5.285927e-04,2.277872e-02,-7.699539e-02,1.189372e+00
2562,2.577681e-17,-6.589392e-06,-1.742186e-04,5.434897e-04,-4.488334e-01,6.634316e-01,5.481251e+00
2563,1.395093e-16,-7.031759e-06,-1.741464e-04,5.436707e-04,-3.875143e-01,5.835174e-01,5.527001e+00
2564,2.447481e-18,-1.722983e-05,-1.579338e-04,5.457207e-04,1.066635e-01,-3.020920e+00,2.287248e+01
2565,1.457205e-16,-1.898971e-05,-1.693095e-04,5.426337e-04,-1.465089e+00,-1.626212e+00,1.280057e+01
2566,2.426149e-17,-1.370357e-05,-1.589845e-04,5.274242e-04,-4.907621e-01,3.145669e+00,1.714426e+01
2567,3.330932e-18,-1.329344e-05,-1.625188e-04,5.358007e-04,-4.964652e-01,-3.206662e+00,1.691752e+01
2568,4.298489e-18,-1.485001e-05,-1.710925e-04,5.347322e-04,-7.249679e-03,-3.088281e-03,9.937239e+00
2569,9.361105e-18,-8.024856e-06,-1.533369e-04,5.494436e-04,1.934390e+00,4.073719e-01,2.012245e+01
2570,7.759411e-19,-1.158877e-05,-1.712453e-04,5.369056e-04,-2.642784e-02,-1.802504e-01,3.791806e+00
2571,3.231771e-18,3.914743e-06,-1.656247e-04,5.136217e-04,8.808879e-02,2.840672e-02,1.369634e+01
2572,1.917974e-17,1.428218e-05,-1.677794e-04,5.128128e-04,-5.542942e-01,-1.739766e+00,9.098507e+00
2573,1.518357e-18,3.905218e-06,-1.656260e-04,5.194171e-04,7.076086e-02,9.043583e-02,1.514466e+01
2574,2.360461e-17,6.924358e-06,-1.562868e-04,5.077667e-04,-8.084763e-01,-2.204866e+00,1.995201e+00
2575,3.578818e-18,1.329628e-05,-1.593718e-04,5.090183e-04,-6.356637e-01,-9.969577e-01,2.169512e+00
2576,1.174909e-18,8.603621e-06,-1.664177e-04,5.186591e-04,-6.738730e-02,1.607875e-01,4.252440e-01
2577,4.571338e-18,1.015728e-05,-1.640615e-04,5.102881e-04,5.934886e-02,-7.502983e-02,-1.924105e+00
2578,7.315886e-18,3.907395e-06,-1.656236e-04,5.074490e-04,-5.052093e-02,-4.354411e-02,1.205726e+01
2579,1.388908e-16,5.408190e-06,-1.953231e-04,5.330969e-04,2.222074e+00,4.223954e-02,1.584720e+01
2580,3.167204e-17,2.052513e-05,-1.884304e-04,5.429686e-04,1.687324e+00,-1.424217e+00,9.221646e+00
2581,1.543948e-17,5.189668e-06,-1.843682e-04,5.338998e-04,4.423572e-01,-9.465544e-01,6.927458e+00
2582,6.656274e-18,1.601162e-05,-1.921858e-04,5.489744e-04,1.754141e+00,-5.555183e-02,6.126258e+00
2583,2.850408e-18,7.018562e-06,-1.836025e-04,5.493252e-04,1.759586e-01,-4.674814e-04,9.834801e+00
2584,8.917829e-18,-1.251174e-05,-1.818717e-04,5.287376e-04,-1.534681e-01,2.527692e-01,4.556355e+00
2585,5.088090e-18,-2.187547e-05,-1.921846e-04,5.361790e-04,-3.020496e-01,1.171133e-01,2.512211e+00
2586,5.516591e-18,-1.015749e-05,-1.819032e-04,5.467276e-04,1.879051e-02,9.652233e-02,4.568182e+00
2587,2.716043e-18,-1.796151e-05,-1.875003e-04,5.494420e-04,5.183150e-02,-1.490499e-01,9.546356e+00
2588,3.397548e-17,-1.084926e-05,-1.547765e-04,5.092777e-04,-8.584537e-01,1.348984e-01,1.007071e+01
2589,1.480821e-16,-1.057746e-05,-1.549351e-04,5.092419e-04,-8.284220e-01,-3.213258e-01,9.599105e+00
2590,4.304517e-17,-1.144582e-05,-1.693594e-04,5.071351e-04,-6.372765e-01,-3.062551e+00,1.502684e+01
2591,1.633209e-18,-1.250488e-05,-1.664117e-04,5.155993e-04,-5.600912e-01,2.062382e-01,1.033920e+01
2592,8.363338e-18,-2.516709e-06,-1.710916e-04,5.174858e-04,1.537745e+00,6.956107e-02,5.730005e+00
2593,5.079235e-18,-1.565450e-06,-1.718763e-04,5.054967e-04,1.671209e-03,-2.692527e-02,2.301429e+00
2594,4.020712e-17,1.437538e-05,1.035952e-04,4.938258e-04,8.033914e-01,1.243825e+00,1.378795e+01
2595,1.637208e-18,5.389569e-06,1.153597e-04,4.980358e-04,-1.066730e-01,-3.484363e-01,1.410943e+01
2596,2.936953e-19,1.445382e-05,1.035151e-04,4.907656e-04,3.216437e+00,-5.529443e+00,1.313413e+01
2597,1.235252e-18,4.707585e-06,1.093981e-04,4.930905e-04,5.393317e-01,-1.626427e-01,7.555088e+00
2598,3.146459e-17,-4.518893e-07,9.889402e-05,4.928888e-04,-1.566381e+00,1.198551e+00,2.514352e+00
2599,3.041617e-17,1.040634e-05,1.079708e-04,4.797428e-04,6.041651e-01,-5.096453e-02,1.641952e+00
2600,4.178486e-18,3.977804e-06,1.156392e-04,4.854953e-04,-5.289614e-01,9.509565e-01,1.097178e+01
2601,3.391316e-18,4.692676e-06,1.109196e-04,4.880412e-04,-1.176613e-01,6.704295e-01,6.560116e+00
2602,2.826063e-18,1.331164e-05,1.148582e-04,4.794619e-04,-9.571440e-02,-8.992071e-01,2.473370e+00
2603,1.704780e-17,1.746412e-05,1.053665e-04,4.959918e-04,-2.825969e-01,1.376182e+00,4.019043e-01
2604,4.080817e-17,2.402599e-05,1.020604e-04,4.919719e-04,-4.264222e-01,-6.390854e-02,-7.709352e-01
2605,1.343164e-18,3.907204e-07,1.148380e-04,4.786536e-04,-1.439170e+00,1.638914e+00,2.618798e+00
2606,6.089461e-19,1.327801e-05,1.019518e-04,4.860817e-04,-1.130979e+00,5.466584e-01,1.041240e+01
2607,3.369405e-18,7.813889e-06,1.210992e-04,4.849369e-04,3.620452e-01,1.244584e-01,1.106355e+00
2608,2.548381e-18,1.338172e-05,1.024317e-04,4.804628e-04,6.683646e-01,-1.888845e-01,5.006893e+00
2609,1.723063e-18,8.391187e-07,1.195868e-04,4.830555e-04,-1.119722e+00,1.175569e+00,-2.247034e+00
2610,5.065994e-17,-2.121330e-06,1.074758e-04,4.932783e-04,-5.606003e-04,-6.561051e-01,6.537857e+00
2611,5.447983e-17,-4.085558e-06,1.216432e-04,4.871719e-04,6.315004e-02,-1.145356e+00,6.841158e+00
2612,5.258746e-18,-2.334382e-06,1.115851e-04,4.992580e-04,-1.761459e-01,1.557814e-01,7.725771e+00
2613,1.305854e-18,-1.406247e-05,1.210940e-04,5.001334e-04,1.407622e-01,-3.190296e-01,1.378138e+00
2614,2.153701e-18,-2.217809e-06,1.218760e-04,4.964154e-04,1.506873e-01,9.149560e-03,1.150290e+00
2615,2.823351e-18,-6.248565e-06,1.156296e-04,4.982230e-04,3.494611e-03,-1.919377e-02,-3.009004e-01
2616,1.320966e-18,-7.818698e-06,9.921864e-05,4.837334e-04,-1.904447e-01,6.394332e-02,-2.349934e+00
2617,1.259833e-18,-1.719181e-05,1.007901e-04,4.829641e-04,-3.124176e-04,6.517967e-03,-5.389860e+00
2618,1.459099e-18,-2.958638e-06,1.193108e-04,4.788801e-04,-1.792280e+00,-8.954793e-03,2.875026e+00
2619,3.294708e-18,-2.346193e-06,1.164003e-04,4.895748e-04,1.735208e-01,1.488953e+00,9.479725e-01
2620,2.413077e-17,-2.411172e-05,9.738087e-05,4.942111e-04,9.610904e-03,1.239277e-01,-5.501941e-01
2621,5.250036e-18,-9.376572e-06,1.179590e-04,4.860196e-04,2.325968e-02,-3.285044e-01,-6.464547e-01
2622,1.753926e-17,-2.418432e-05,1.020986e-04,4.984503e-04,-1.090834e-02,2.279083e-02,-9.481821e-01
2623,6.229035e-18,2.187358e-05,8.516998e-05,4.992961e-04,6.692660e-01,1.018468e+00,7.491023e+00
2624,2.775547e-17,1.631226e-05,7.804152e-05,4.943360e-04,-5.615683e-02,-1.441171e+00,8.921658e+00
2625,3.049659e-17,1.149987e-05,8.719903e-05,4.817000e-04,-1.450991e+00,1.287832e-01,5.437578e+00
2626,2.492997e-18,8.592768e-06,7.812587e-05,4.872259e-04,-1.537925e-01,5.552890e-01,4.990708e+00
2627,2.202100e-18,-2.684555e-09,7.641154e-05,4.881623e-04,-8.826564e-02,-2.823528e-01,6.757178e+00
2628,6.134205e-19,1.568287e-05,8.086029e-05,4.845198e-04,-6.665737e-01,6.998956e-01,1.490775e+00
2629,9.263946e-18,8.805465e-06,7.881677e-05,4.810343e-04,-3.068679e-01,-8.571413e-01,2.120165e+00
2630,3.243964e-18,1.450256e-05,8.035485e-05,4.818713e-04,-2.043491e+00,-4.716020e-02,2.587138e+00
2631,5.099801e-18,2.343538e-06,9.341587e-05,4.872296e-04,2.283499e-02,2.530318e+00,1.809150e+00
2632,1.330998e-18,1.874646e-05,9.061903e-05,4.829641e-04,8.727351e-02,-2.997025e-01,1.789966e+00
2633,2.664680e-18,-4.279088e-09,8.011635e-05,4.819835e-04,5.513917e-01,1.513628e+00,3.327254e+00
2634,1.432778e-18,1.720646e-05,9.685457e-05,4.774953e-04,-5.117761e-02,-7.209737e-02,4.831193e-01
2635,2.662107e-19,1.054800e-05,9.726636e-05,4.852974e-04,-3.155536e+00,-5.840810e-01,3.298788e+00
2636,3.955173e-18,1.568830e-05,8.285295e-05,4.812970e-04,1.536732e-01,4.213467e-01,-5.721404e+00
2637,3.047972e-18,2.460956e-05,9.218932e-05,4.892513e-04,4.558331e-02,-1.333488e-02,-7.781119e-01
2638,2.398524e-18,2.460941e-05,7.812477e-05,4.883224e-04,3.902077e-02,-1.943524e-03,-2.016572e+00
2639,1.049858e-18,-9.976466e-06,8.214376e-05,4.969991e-04,1.618881e+00,1.986512e-02,1.397673e+01
2640,1.391030e-17,-1.172930e-05,9.685077e-05,4.886046e-04,5.235796e-01,-1.242424e+00,1.421804e+01
2641,2.955507e-17,-1.514540e-05,9.157587e-05,4.875369e-04,-1.361579e+00,-7.367636e-01,7.939791e+00
2642,2.159116e-18,-1.186650e-05,7.954498e-05,4.973366e-04,-5.823531e-01,-5.501306e-01,9.997519e+00
2643,1.524151e-17,-7.813183e-06,8.046893e-05,4.825604e-04,-1.397809e+00,2.389719e+00,2.033928e+00
2644,1.012678e-16,-7.836211e-06,8.084616e-05,4.829018e-04,-7.393961e-01,2.022090e+00,2.021949e+00
2645,4.620436e-18,-1.094226e-05,8.672084e-05,4.830667e-04,3.846135e-02,-4.424608e-02,6.056136e+00
2646,2.126953e-18,-8.493504e-06,8.906325e-05,4.971783e-04,1.083337e-01,1.480107e-02,3.039253e+00
2647,3.357845e-19,-1.210956e-05,9.882910e-05,4.774922e-04,4.081051e-01,-1.169241e+00,3.507781e+00
2648,1.487233e-18,-1.407153e-05,9.374585e-05,4.977928e-04,1.521868e-01,-5.326446e-02,1.668455e+00
2649,6.703550e-18,-1.167630e-05,9.683916e-05,4.827745e-04,1.047850e-01,5.035869e-01,1.090535e+01
2650,1.812992e-17,-1.172795e-05,8.593296e-05,4.934027e-04,-2.441736e-01,-1.685396e-01,9.227076e+00
2651,1.013449e-18,-1.155030e-05,9.804705e-05,4.787682e-04,1.250119e+00,3.155161e-02,5.696262e+00
2652,1.026480e-18,-9.978355e-06,8.182318e-05,4.909465e-04,-6.641866e-01,-4.785700e-01,9.260649e+00
2653,2.368938e-18,-2.460958e-05,9.687495e-05,4.852031e-04,-5.424461e-02,2.823327e-02,-1.370564e+00
2654,5.244652e-19,-1.289204e-05,9.137896e-05,4.821784e-04,-3.176504e-01,5.702141e-01,7.943261e+00
2655,2.403652e-19,-1.367342e-05,9.179682e-05,4.813926e-04,-1.349190e+00,-5.323288e-02,7.120932e+00
2656,2.053710e-17,-2.414975e-05,8.481896e-05,4.880800e-04,-1.869675e-02,3.245104e-02,-1.039819e+00
2657,1.170470e-17,-2.427476e-05,8.966196e-05,4.977269e-04,-1.410311e-02,-5.043163e-03,-1.125605e+00
2658,5.024856e-17,-9.452886e-05,2.055752e-05,4.935876e-04,2.003791e+00,3.005999e-01,4.993636e+00
2659,2.450363e-17,-8.946560e-05,3.844610e-06,4.976169e-04,-1.447263e+00,3.923009e-01,2.286980e+01
2660,4.477659e-18,-8.285421e-05,1.167173e-05,4.898850e-04,2.827714e-01,-4.342419e-01,8.371623e+00
2661,8.920524e-19,-8.657902e-05,1.186597e-05,4.977862e-04,6.603174e-01,7.511284e-01,6.975063e+00
2662,4.231535e-18,-8.825099e-05,7.579115e-06,4.982079e-04,1.106513e+00,-8.549179e-01,4.702094e+00
2663,3.010877e-18,-8.671843e-05,1.172124e-05,4.903750e-04,4.227607e-01,-1.031052e-01,5.984834e+00
2664,6.467589e-18,-8.673466e-05,1.145568e-05,4.805254e-04,-1.008012e-01,-8.815563e-01,1.886797e+00
2665,1.197653e-17,-8.033509e-05,1.430679e-05,4.907650e-04,1.501012e-01,-3.903057e-01,3.144542e+00
2666,4.162580e-18,-9.765885e-05,4.688168e-06,4.969971e-04,2.768239e-02,4.683919e-02,2.637954e+00
2667,3.013076e-18,-9.220677e-05,2.300112e-06,4.988940e-04,-3.476014e-01,-1.367539e+00,3.377789e+00
2668,6.202714e-19,-8.204864e-05,8.204167e-06,4.993399e-04,-1.195520e-01,-3.588910e+00,1.722766e+01
2669,1.131453e-18,-7.695185e-05,1.249279e-05,4.794415e-04,-7.948599e-02,1.402699e-01,-3.248188e+00
2670,2.927018e-17,-9.347083e-05,2.400315e-05,4.846902e-04,-4.331068e-01,1.527264e-02,2.724537e-03
2671,9.723485e-18,-9.316603e-05,1.447478e-05,4.867784e-04,4.654576e-02,8.801219e-01,-3.212912e+00
2672,8.308451e-18,-8.280772e-05,1.223869e-05,4.846105e-04,5.986257e-02,6.915031e-02,8.326806e+00
2673,2.164710e-17,-8.594100e-05,2.416494e-05,4.970794e-04,-3.962403e-03,6.117675e-03,-8.992161e-01
2674,9.857949e-18,-1.117124e-04,7.041957e-06,4.987269e-04,-4.560235e-01,-5.904012e-01,1.235331e+01
2675,5.209346e-18,-1.096764e-04,2.430365e-06,4.965050e-04,1.667963e+00,-3.703822e+00,1.091357e+01
2676,4.634022e-18,-1.179799e-04,1.327780e-05,4.962843e-04,2.256449e-01,-2.505192e-01,1.004599e+01
2677,8.584041e-18,-1.117279e-04,3.763434e-06,4.894076e-04,-7.189167e-02,-2.967165e+00,4.231383e+00
2678,8.000595e-18,-1.202352e-04,1.360257e-08,4.992056e-04,-6.992103e-03,-1.171315e-01,6.196408e+00
2679,4.942762e-18,-1.046876e-04,1.406384e-05,4.867634e-04,-2.598832e-02,-4.116070e-03,3.874924e+00
2680,4.794473e-18,-1.093769e-04,1.407179e-05,4.916619e-04,7.241862e-01,3.484919e-01,5.617195e+00
2681,1.302935e-18,-1.070312e-04,1.642588e-05,4.993561e-04,4.447180e-01,-1.234693e-01,7.456918e+00
2682,2.931887e-18,-1.046833e-04,1.406806e-05,4.927154e-04,-3.857332e-01,-2.353582e-01,6.444753e+00
2683,2.986614e-18,-1.070218e-04,5.465356e-06,4.880532e-04,2.223048e-01,-9.538404e-02,5.717496e+00
2684,1.230455e-18,-1.132807e-04,1.796467e-05,4.821836e-04,4.095712e-01,4.846119e-01,2.454856e+00
2685,1.663169e-18,-1.058592e-04,-4.299130e-09,4.895752e-04,3.682877e+00,1.167044e-02,9.065614e+00
2686,1.468176e-18,-1.050781e-04,1.261395e-08,4.958493e-04,4.781973e+00,3.034208e-01,1.587879e+01
2687,1.340111e-18,-1.054969e-04,6.787358e-09,4.923031e-04,4.665377e+00,3.473162e-01,1.091680e+01
2688,8.369086e-19,-1.074218e-04,-1.165214e-07,4.850401e-04,1.618157e+00,1.051894e-01,4.344166e+00
2689,2.684865e-17,-1.060459e-04,2.353220e-05,4.793473e-04,-1.678872e+00,1.608693e+00,3.344532e-01
2690,1.421312e-18,-1.066405e-04,7.627557e-08,4.870037e-04,3.437684e+00,-7.133845e-01,6.279954e+00
2691,3.405840e-18,-1.226544e-04,1.406289e-05,4.973950e-04,2.527734e-01,1.438246e-01,-1.407181e+00
2692,9.103917e-18,-9.609278e-05,-1.947440e-05,4.915916e-04,6.848871e-01,1.512698e-01,1.109386e+01
2693,2.415796e-17,-9.661526e-05,-1.470840e-05,4.879408e-04,2.562385e+00,-1.440739e+00,6.444867e+00
2694,4.318472e-18,-9.694011e-05,-1.659567e-05,4.927247e-04,-3.061668e-01,-2.120690e-01,7.863033e+00
2695,3.191667e-18,-8.750143e-05,-5.458826e-06,4.934795e-04,-1.542697e-01,-4.487815e-01,8.375449e-01
2696,4.867130e-19,-8.749899e-05,-1.132932e-05,4.977880e-04,8.143629e-02,-3.209533e-01,3.637590e+00
2697,2.780261e-18,-1.007902e-04,-5.465912e-06,4.802103e-04,-5.973457e-01,6.510009e-01,7.054478e-01
2698,1.595982e-18,-8.053369e-05,-1.946326e-05,4.867452e-04,3.607876e-01,-6.794929e-02,2.601132e+00
2699,1.865612e-17,-8.681660e-05,-2.428916e-05,4.940761e-04,-1.225775e+00,2.246658e-02,1.684564e+00
2700,2.668093e-18,-8.750935e-05,-2.331788e-06,4.817767e-04,2.219412e-01,2.061576e+00,-1.657028e-01
2701,1.406119e-18,-9.618249e-05,-1.961099e-05,4.776409e-04,6.343365e-01,3.066817e-01,3.088829e+00
2702,5.087016e-19,-9.609703e-05,-1.992267e-05,4.860905e-04,1.217377e-01,3.599833e-01,9.639562e+00
2703,2.514356e-18,-9.611753e-05,-1.951555e-05,4.840983e-04,-4.426507e-01,6.310948e-01,8.406869e+00
2704,1.840314e-17,-1.055754e-04,-2.025716e-05,4.842944e-04,-3.346755e+00,4.738867e-01,1.150369e+01
2705,5.147924e-17,-1.061765e-04,-7.992690e-06,4.916051e-04,6.115732e-01,1.425359e+00,8.956259e+00
2706,2.394153e-19,-1.230452e-04,-1.679661e-05,4.931031e-04,-2.690043e-01,2.925101e-01,3.613742e+00
2707,5.042700e-18,-1.234406e-04,-1.563610e-06,4.929993e-04,-1.852156e-01,-1.100825e-01,1.897932e+00
2708,3.809722e-18,-1.226139e-04,-1.080296e-05,4.958881e-04,2.033946e-01,1.986653e+00,6.753753e+00
2709,2.145822e-18,-1.100685e-04,-1.323025e-05,4.880394e-04,-4.389505e-02,3.688565e-01,3.367582e+00
2710,6.269489e-18,-1.023439e-04,-5.465167e-06,4.856313e-04,2.041289e-01,-1.284648e+00,2.856271e+00
2711,3.223610e-18,-1.195303e-04,-1.096719e-05,4.864812e-04,2.022827e-01,-6.259805e-01,2.201578e+00
2712,5.621235e-18,-1.210954e-04,-1.562497e-05,4.798208e-04,9.446416e-02,-9.418483e-02,1.315579e+00
2713,1.877099e-18,-1.032558e-04,-2.032790e-05,4.793473e-04,-2.634449e+00,2.298755e-01,9.812000e+00
2714,1.214236e-18,-1.118563e-04,-1.577644e-05,4.860857e-04,-6.215798e-01,-4.416949e-01,-2.948752e+00
