droplet_id,volume,ux,uy,uz,vx,vy,vz
1,4.050075e-16,4.382708e-05,-6.522564e-06,5.419371e-04,-5.421881e-01,4.671151e-01,1.298905e+01
2,7.195062e-17,6.555618e-05,-7.339947e-06,5.490094e-04,-2.263574e+00,-3.950264e-01,1.337145e+01
3,7.986893e-12,3.867465e-08,6.334035e-08,3.872766e-04,-2.855313e-03,-4.087892e-04,8.332952e-01
4,3.705480e-17,7.676495e-05,-1.994173e-05,5.266009e-04,-6.224048e-01,-5.122815e+00,2.067362e+01
5,4.672929e-18,5.468678e-05,-3.129366e-06,5.483351e-04,-3.822022e-02,-3.321726e-02,7.565968e+00
6,1.329132e-18,7.186479e-05,-1.250869e-05,5.319958e-04,-8.473304e-02,6.622173e-03,7.677872e+00
7,3.009531e-18,5.937413e-05,-1.718567e-05,5.287931e-04,3.420249e-02,6.230001e-03,4.934707e+00
8,4.727584e-18,5.937632e-05,-1.719027e-05,5.349144e-04,1.416113e-02,-3.329264e-01,4.235182e+00
9,2.668103e-18,6.249765e-05,-1.406086e-05,5.381712e-04,3.119175e-02,-8.516094e-02,3.052765e+00
10,4.335538e-17,6.985688e-05,1.309520e-05,5.472729e-04,4.659145e+00,1.154968e+00,1.600025e+01
11,7.324645e-18,6.454391e-05,8.517748e-06,5.368126e-04,3.235926e+00,-8.403887e-01,1.420375e+01
12,9.335483e-19,4.999620e-05,1.797397e-05,5.320066e-04,-3.156319e-02,7.034343e-02,2.737688e+00
13,5.099780e-18,4.050579e-05,1.639239e-05,5.464711e-04,9.536082e-02,-1.140552e-02,6.135379e+00
14,2.240973e-18,4.614656e-05,-1.320787e-05,5.022085e-04,-1.436653e+00,-1.252257e+00,2.255368e+01
15,2.135801e-18,3.281574e-05,-6.249489e-06,5.106867e-04,6.171702e-02,-2.305668e-02,8.753970e-01
16,1.026708e-18,3.671325e-05,-2.344459e-06,5.163113e-04,5.444073e-04,6.142474e-02,1.117443e+00
17,3.409031e-18,3.671737e-05,-7.818703e-06,5.114381e-04,-1.075746e-01,2.994734e-01,6.040653e-01
18,3.581704e-18,3.981906e-05,-1.949697e-05,5.178063e-04,2.198482e-01,-2.264985e-01,4.291200e-01
19,4.221580e-18,4.062430e-05,-1.093121e-05,5.298987e-04,3.523418e-01,-1.093300e-01,1.301118e+01
20,3.554077e-18,2.426206e-05,-9.363461e-06,5.463917e-04,-1.066178e-01,3.284974e-01,5.519101e+00
21,1.007945e-18,3.359952e-05,-1.797756e-05,5.470406e-04,1.013610e-02,-2.584247e-02,2.487844e+00
22,3.357866e-17,7.633808e-05,6.568887e-06,5.162325e-04,-2.242780e+00,-5.584610e-01,1.079972e+01
23,1.866331e-17,6.119172e-05,1.222211e-05,5.198770e-04,2.694762e+00,1.015014e+00,1.082321e+01
24,1.716753e-17,5.625170e-05,-1.698534e-06,5.045100e-04,4.150039e-02,-6.081444e-01,9.633419e+00
25,5.408742e-18,7.187910e-05,1.360249e-05,5.029370e-04,9.864681e-02,-7.883950e-01,7.978716e-01
26,2.305212e-18,6.798795e-05,8.583434e-06,5.030836e-04,3.602753e-01,1.657598e-01,7.551157e-02
27,4.287348e-18,3.593738e-05,9.373414e-06,5.072061e-04,-1.749555e-01,-1.510143e-01,4.190199e+00
28,1.694808e-18,3.196784e-05,8.528868e-06,5.190576e-04,3.917428e-01,4.420095e-01,3.639540e+00
29,2.894892e-18,2.579654e-05,1.957902e-05,5.152365e-04,7.913810e-01,-6.264736e-01,2.882183e+00
30,2.401660e-18,3.828172e-05,3.901390e-06,5.242769e-04,3.671315e-02,-1.887968e-03,1.120723e+00
31,2.570766e-19,5.078069e-06,-1.417971e-04,4.785193e-04,-2.149327e+00,1.967575e+00,1.337033e+00
32,2.059551e-17,-2.125157e-05,-1.459905e-04,4.786583e-04,1.350071e+00,6.274722e-01,2.496606e+00
33,2.563118e-17,6.980969e-06,-1.070528e-04,4.799041e-04,2.055601e-01,-6.147483e-01,2.553468e+00
34,7.605034e-18,1.169458e-05,-1.076679e-04,4.811940e-04,-1.211297e+00,2.478116e-01,7.640184e+00
35,1.650283e-18,1.196098e-05,-1.075415e-04,4.755050e-04,-1.139180e+00,4.475691e-01,8.196613e-01
36,3.456492e-19,1.953057e-06,-1.011719e-04,4.722717e-04,-1.861137e+00,-2.655179e+00,-1.042108e+00
37,3.071820e-19,-9.765321e-06,-1.230470e-04,4.785210e-04,5.574350e-01,-6.223043e-01,8.385784e+00
38,5.026352e-18,1.405718e-05,2.591051e-05,4.786093e-04,1.231700e-01,-6.831184e-01,1.392856e+00
39,4.040667e-18,2.193334e-06,2.815772e-05,4.778992e-04,-3.949666e-03,6.636111e-01,4.258452e+00
40,9.697513e-17,7.180744e-06,2.195445e-05,4.855726e-04,9.062696e-01,1.713402e+00,5.586979e+00
41,2.404463e-18,1.330452e-05,2.425884e-05,4.889982e-04,1.544163e-01,5.114274e-01,4.240701e+00
42,3.892544e-18,1.016432e-05,2.890473e-05,4.972102e-04,4.064720e-02,-1.429232e-01,1.044525e+00
43,1.315933e-18,4.686266e-06,3.515771e-05,4.917482e-04,-4.544224e-02,-3.803432e-02,2.544270e+00
44,2.703151e-18,3.938278e-06,4.143528e-05,4.851719e-04,6.211959e-01,6.181608e-01,-7.935784e-01
45,2.896881e-17,1.401371e-06,2.889435e-05,4.883376e-04,-2.249500e+00,1.779949e-01,8.064465e+00
46,5.174286e-18,2.186287e-05,3.749346e-05,4.996510e-04,1.850517e-01,-7.990682e-03,6.516504e+00
47,3.186250e-18,2.188593e-05,4.843971e-05,4.882931e-04,4.704944e-01,8.518505e-01,3.348946e+00
48,2.697877e-18,3.192043e-06,2.803394e-05,4.836456e-04,-1.571091e+00,1.303814e+00,8.562205e+00
49,5.627291e-19,1.679878e-05,4.882821e-05,4.820240e-04,7.020924e-01,6.447879e-01,7.571976e+00
50,2.161890e-18,-1.021191e-05,4.926792e-05,5.008363e-04,-1.793889e-01,-7.851253e-02,1.012188e+01
51,6.474488e-19,-1.211681e-05,4.924701e-05,4.902115e-04,3.636460e+00,-7.305935e-01,9.192407e+00
52,1.540390e-18,-1.043220e-05,4.913039e-05,4.881586e-04,1.168038e+00,-7.809626e-02,5.193641e+00
53,2.417208e-17,-4.680797e-06,4.631557e-05,5.053010e-04,-7.984498e-01,1.924795e-01,1.884589e+01
54,2.628768e-18,-6.275562e-06,2.577201e-05,4.835827e-04,-4.052540e-01,4.099620e-01,7.042471e-01
55,2.620993e-18,-2.265628e-05,1.719010e-05,4.874766e-04,6.186524e-01,1.630130e-02,-9.719064e-01
56,1.889501e-17,-3.661913e-06,1.082379e-05,4.865840e-04,4.870337e-01,4.546673e-01,1.919514e+00
57,7.608963e-19,-5.078442e-06,1.965736e-05,4.992579e-04,-1.488394e-02,-2.465065e-01,-2.900862e-02
58,6.822775e-18,-2.188201e-05,1.123134e-05,4.986444e-04,8.716348e-01,-1.164798e+00,1.426800e+01
59,4.493752e-18,-1.637960e-05,9.401166e-06,5.041345e-04,3.004683e-01,-2.759298e-01,1.868627e+01
60,5.266762e-18,-1.163747e-05,7.763937e-06,4.996000e-04,1.001437e+00,-5.569071e-01,3.002591e+00
61,6.161097e-18,-2.475443e-05,1.406188e-05,4.814746e-04,-7.375673e-01,9.441716e-02,2.648481e+00
62,2.981511e-18,-7.823732e-06,1.874846e-05,4.944992e-04,6.706592e-03,-1.812182e-01,1.602370e+00
63,2.574917e-18,-1.335502e-05,4.639881e-06,4.914077e-04,2.096633e-01,-4.401447e-01,1.543548e+00
64,7.406521e-18,-2.392559e-05,1.637964e-05,5.145122e-04,-2.009397e+00,-8.443405e-02,1.057059e+00
65,3.025510e-17,-1.265106e-05,1.577180e-05,5.131227e-04,4.246934e-01,-3.847784e-01,6.144380e+00
66,2.086863e-18,-7.812484e-06,2.043334e-05,5.236506e-04,-4.410886e-02,-8.926973e-02,7.568011e+00
67,3.447897e-17,-1.746882e-05,1.638272e-06,5.215231e-04,2.502485e-01,2.661390e-01,4.856037e+00
68,3.134895e-18,-1.171259e-05,7.810469e-06,5.227033e-04,-1.815343e-01,-1.425817e-01,5.340602e+00
69,2.778999e-18,-7.811051e-06,1.935089e-05,5.208841e-04,3.845120e-01,-9.090035e-01,9.286369e+00
70,1.240945e-16,-9.898345e-06,-2.441368e-06,5.279096e-04,-1.977319e-01,4.288228e-01,6.467558e+00
71,1.228530e-18,-1.461151e-04,1.720555e-05,4.761844e-04,-1.851501e+00,1.326363e-01,5.535900e-01
72,6.299622e-19,-1.281136e-04,-1.367169e-05,4.777443e-04,-4.681298e-01,3.588897e-01,-1.993795e+00
73,6.139085e-19,-1.496093e-04,1.561977e-05,4.738406e-04,9.433783e-02,8.833656e-01,-2.860219e+00
74,1.808725e-17,-1.426761e-04,2.236340e-05,4.812010e-04,1.590716e-02,1.429935e+00,1.816514e+00
75,2.441258e-19,-1.496096e-04,1.523449e-05,4.769629e-04,3.460735e-01,-6.609745e-01,1.538166e+00
76,3.373428e-19,-1.589855e-04,1.132734e-05,4.730589e-04,-2.216111e+00,-1.237137e+00,2.847731e-01
77,2.351734e-18,-1.583770e-04,1.162060e-05,4.803868e-04,1.417739e+00,1.542686e+00,6.273035e+00
78,3.109768e-18,-1.751240e-04,-2.487788e-06,4.793088e-04,-2.274619e-01,-3.564350e-01,3.326253e+00
79,7.418119e-19,-1.691405e-04,-5.487899e-06,4.738347e-04,9.280629e-01,4.939949e+00,-2.266715e+00
80,2.404748e-19,-1.605478e-04,-9.764609e-06,4.785200e-04,1.597936e+00,1.372359e-01,5.142033e+00
81,9.017957e-19,-1.572126e-04,-1.865688e-05,4.738401e-04,-5.375255e-01,-3.638034e-01,-5.204853e+00
82,2.111314e-17,-1.915853e-04,1.574739e-06,5.423577e-04,-1.798642e+00,2.155180e-01,1.243583e+01
83,3.565190e-17,-1.792426e-04,1.215308e-05,5.273455e-04,-4.984606e-01,4.226540e-01,3.731349e+00
84,3.264773e-17,-1.728588e-04,-1.993617e-05,5.295996e-04,-1.301862e+00,-5.056446e+00,2.039189e+01
85,2.532041e-17,-1.973629e-04,2.128045e-05,5.389310e-04,8.520387e-01,1.632153e+00,7.151468e+00
86,3.127659e-18,-1.906254e-04,1.016205e-05,5.466277e-04,1.117955e-01,1.429237e-03,7.260015e+00
87,1.078757e-18,-1.953102e-04,8.060723e-07,5.496569e-04,1.879810e-02,1.969102e-02,1.110761e+01
88,1.432099e-18,-1.929670e-04,2.279267e-05,5.358615e-04,-9.961021e-02,-2.125414e-01,4.162034e+00
89,1.107423e-18,-1.929581e-04,2.265803e-05,5.334624e-04,-4.440945e-02,-2.609347e-02,2.409471e+00
90,3.719464e-18,-1.875011e-04,1.327497e-05,5.449467e-04,3.872198e-02,2.581375e-01,1.294174e+00
91,1.377957e-17,-2.203148e-04,5.473216e-06,5.472796e-04,-1.648327e+00,2.408223e+00,1.403538e+01
92,1.058647e-16,-2.203255e-04,5.501204e-06,5.474688e-04,-1.588079e+00,2.328035e+00,1.385801e+01
93,1.063297e-16,-2.087886e-04,7.619949e-06,5.307739e-04,-9.877931e-01,-1.251878e+00,8.420508e+00
94,4.247696e-18,-2.054646e-04,1.328596e-05,5.495561e-04,7.108330e-04,1.297765e-01,1.509900e+01
95,1.957924e-18,-2.227209e-04,9.387538e-06,5.444087e-04,3.780705e-01,2.087425e-01,1.407806e+00
96,4.404993e-18,-1.742935e-04,-7.081589e-06,5.125019e-04,-4.639086e+00,-1.432196e+00,2.629958e+01
97,7.526055e-19,-1.943852e-04,7.686573e-06,5.034361e-04,-1.757937e-03,1.373691e-01,1.053631e+01
98,1.790729e-17,-1.783796e-04,1.793794e-05,5.243484e-04,-2.084867e+00,-1.332543e-01,6.995027e+00
99,6.958792e-18,-1.804675e-04,9.705908e-06,5.057574e-04,-9.009677e-03,1.461527e-01,5.356916e+00
100,3.090864e-18,-1.858956e-04,1.731360e-05,5.133071e-04,1.626855e-01,1.020130e+00,3.104516e+00
101,5.221350e-18,-1.828071e-04,1.562105e-05,5.246854e-04,1.567665e-02,-2.361781e-01,2.160465e+00
102,4.389956e-18,-1.859451e-04,1.717870e-05,5.095067e-04,6.311689e-01,-8.956627e-02,2.938719e+00
103,1.118636e-16,-2.235128e-04,5.123642e-06,5.075117e-04,1.680368e+00,-1.541806e-01,1.708657e+01
104,3.206948e-17,-2.186575e-04,8.311720e-07,5.243086e-04,4.260802e+00,-2.989361e+00,1.591243e+01
105,3.912453e-17,-2.124039e-04,2.286618e-06,5.093798e-04,2.856397e+00,7.841828e-01,7.969605e+00
106,4.291171e-17,-2.070570e-04,1.262270e-05,5.102995e-04,-4.628171e-01,-1.113691e+00,6.658381e+00
107,4.224130e-18,-2.254481e-04,8.582979e-06,5.129116e-04,8.596998e-01,-3.793129e-01,9.812885e+00
108,1.036104e-18,-2.202811e-04,-7.987662e-07,5.163221e-04,7.604569e-02,2.354729e-01,9.037230e+00
109,1.849088e-17,-2.247739e-04,2.255604e-05,5.175909e-04,2.521506e-01,1.690228e+00,6.423277e+00
110,1.669836e-17,-2.042213e-04,1.221295e-05,5.242634e-04,1.231145e-01,-6.683826e-01,7.737302e+00
111,1.060155e-17,-2.022684e-04,1.062081e-05,5.220808e-04,4.521157e-01,2.488803e+00,1.053120e+01
112,2.553051e-18,-2.453005e-04,-2.031417e-05,4.890322e-04,-1.370906e-01,2.351172e-01,1.011824e+00
113,1.245618e-18,-2.496096e-04,-7.827352e-07,4.898614e-04,-1.315233e-01,-1.495309e-02,-1.036057e+00
114,5.284807e-18,-2.382595e-04,-1.581996e-06,4.976434e-04,-5.404281e-02,-6.765852e-02,9.364911e+00
115,1.191138e-17,-2.324698e-04,-1.171811e-05,5.030988e-04,-2.093079e+00,4.160023e-01,1.698059e+01
116,7.316666e-18,-2.384749e-04,-7.609982e-06,5.028700e-04,-1.246002e+00,-1.360959e+00,9.613112e+00
117,5.284686e-18,-2.375188e-04,-2.574236e-06,4.913890e-04,1.591161e-01,1.275710e+00,8.170789e+00
118,1.555027e-17,-2.468046e-04,-9.869695e-06,5.026496e-04,-8.189339e-01,1.346392e+00,9.669002e+00
119,7.693136e-18,-2.242221e-04,-1.229766e-05,4.792741e-04,5.566853e-01,-1.179811e-01,2.523196e+00
120,4.018358e-18,-2.437587e-04,-7.810517e-06,4.917257e-04,-1.427228e-01,2.242853e-01,2.981267e+00
121,3.295623e-18,-2.460334e-04,-1.401891e-05,4.844889e-04,-3.795492e-01,2.584776e-01,3.618437e+00
122,8.169567e-18,-2.304691e-04,-4.666586e-06,4.891275e-04,1.714765e-02,-2.486773e-02,9.079668e+00
123,2.802869e-18,-2.303993e-04,-4.671448e-06,4.817993e-04,-3.637463e-02,8.112957e-02,5.882308e+00
124,2.021340e-18,-2.461086e-04,-1.328356e-05,4.806695e-04,-4.345205e-01,1.196612e+00,3.695081e+00
125,6.328833e-18,-2.297380e-04,-2.432796e-05,4.868197e-04,-1.973127e-02,-5.680499e-02,1.586022e+00
126,9.883798e-18,-2.242157e-04,2.353091e-06,4.988696e-04,4.045614e-01,1.039491e+00,1.274132e+01
127,1.038665e-17,-2.232219e-04,2.264282e-06,4.893356e-04,2.773769e+00,2.958142e-01,1.104894e+01
128,7.682447e-19,-2.256384e-04,2.735881e-06,4.834776e-04,-2.732335e+00,-1.789609e+00,7.762836e+00
129,2.465586e-19,-2.253905e-04,1.954028e-06,4.824112e-04,-1.302896e+00,-9.425903e-01,6.780892e+00
130,2.450225e-19,-2.253908e-04,2.735597e-06,4.816335e-04,-1.418451e+00,-4.132199e-01,6.188762e+00
131,4.736964e-17,-2.489511e-04,7.621248e-06,4.868036e-04,-1.093598e-02,-1.045548e+00,8.582098e-01
132,1.130016e-17,-2.452678e-04,1.479268e-05,4.845972e-04,5.305110e-01,-4.001225e-01,2.443291e-01
133,2.367137e-18,-2.366358e-04,7.106733e-06,4.811622e-04,6.523789e-01,5.425822e-01,-1.568778e+00
134,2.825417e-18,-2.437502e-04,1.567556e-06,4.906552e-04,2.474387e-02,4.436912e-02,8.671911e-01
135,2.444817e-18,-2.491540e-04,2.460935e-05,4.802578e-04,-3.126079e-01,1.119927e-01,3.011698e+00
136,8.295527e-19,-2.292977e-04,7.706994e-06,4.814144e-04,2.636899e+00,6.625508e-01,1.317262e+01
137,1.548255e-18,-2.327391e-04,1.289271e-05,4.859066e-04,1.685970e+00,-2.522989e+00,1.092735e+01
138,1.734763e-17,-2.491397e-04,7.257880e-06,4.812362e-04,-5.504601e-03,5.137491e-01,4.259384e+00
139,2.639853e-17,-2.489587e-04,2.353594e-05,4.891405e-04,6.465852e-01,1.254353e+00,2.495482e+00
140,1.505327e-18,-2.496094e-04,1.406663e-05,4.828054e-04,-3.436944e-02,-3.281357e-01,1.986654e+00
141,1.149207e-17,-2.405524e-04,2.426336e-05,4.909080e-04,6.119502e-02,4.602513e-03,1.737273e+00
142,3.105398e-18,-2.304780e-04,2.354473e-06,4.959952e-04,1.676013e+00,-2.238644e-01,1.003240e+00
143,1.425882e-18,-2.475940e-04,2.460946e-05,4.835982e-04,1.811420e-01,2.526120e-01,3.116638e+00
144,3.192525e-19,-2.253908e-04,-5.859396e-06,4.761777e-04,-1.399294e+00,-2.062909e+00,7.846054e+00
145,3.070372e-19,-2.308595e-04,-1.601556e-05,4.769622e-04,-4.707321e+00,1.330936e+00,5.886695e+00
146,1.063092e-18,-2.253905e-04,-5.078100e-06,4.729679e-04,1.773845e-01,-2.966362e+00,2.387425e-01
147,2.861043e-19,-2.441409e-04,-2.734188e-06,4.769592e-04,2.923256e+00,3.730411e+00,-7.993239e-01
148,4.721158e-18,-2.305457e-04,-4.774196e-06,4.754121e-04,-7.365543e-01,-2.237387e-01,-1.745217e-01
149,6.580925e-19,-2.316407e-04,-4.296850e-06,4.726550e-04,2.150099e+00,-2.245938e+00,2.399125e+00
150,5.112384e-17,1.109121e-04,1.042626e-05,4.782742e-04,3.606251e-01,4.924985e-01,-7.728874e-01
151,1.548396e-16,1.103572e-04,4.648086e-06,4.893742e-04,-9.810165e-01,-1.348992e+00,2.621655e+00
152,2.723536e-18,1.218594e-04,-2.032369e-05,4.984387e-04,1.024107e-01,1.841526e-01,8.816381e-01
153,2.619187e-17,1.226108e-04,7.060929e-06,4.929984e-04,5.062819e-01,-6.245569e-01,2.656865e+00
154,1.171833e-17,1.236209e-04,1.963020e-05,4.986218e-04,-1.097500e+00,1.481266e+00,3.831821e+00
155,8.042870e-17,1.201999e-04,1.054376e-05,4.858286e-04,-3.505822e-01,-1.854574e-01,6.902942e+00
156,1.660340e-18,1.149263e-04,-3.231115e-06,4.962925e-04,-7.338946e-01,-1.182140e+00,1.143684e+01
157,4.458837e-18,1.031238e-04,-5.475743e-06,5.010060e-04,-1.267174e-01,-3.193291e-01,9.093395e+00
158,7.625967e-19,1.045470e-04,-7.169571e-06,4.878712e-04,-1.128567e-01,4.195150e-03,3.228543e+00
159,4.493508e-18,1.202198e-04,1.761917e-06,4.828793e-04,1.730577e+00,-8.250928e-01,3.704162e+00
160,4.872330e-18,1.046859e-04,1.483692e-05,4.932706e-04,5.009857e-02,-1.757327e-01,4.334668e+00
161,2.396727e-18,1.148431e-04,8.595077e-06,4.952991e-04,-1.614521e-01,-2.574280e-01,5.083173e+00
162,1.540955e-18,1.195090e-04,1.875788e-05,5.003800e-04,-5.204865e-01,-3.844260e-01,2.171297e+01
163,5.604647e-18,1.194838e-04,1.876349e-05,4.962052e-04,-5.722130e-01,-2.242390e-01,1.917766e+01
164,7.086513e-19,1.203018e-04,1.523630e-05,4.949056e-04,-9.637491e-01,-6.994064e-02,7.900963e+00
165,2.433464e-19,1.199206e-04,1.836118e-05,4.917940e-04,-1.649595e+00,2.317114e-01,1.487871e+01
166,3.506445e-18,1.230466e-04,1.016273e-05,4.805883e-04,5.185320e-01,1.015721e+00,5.584953e+00
167,4.475619e-18,1.203315e-04,1.174068e-05,4.944039e-04,2.188579e-02,6.299928e-01,4.115666e+00
168,8.438602e-18,1.193776e-04,1.888471e-05,4.824684e-04,5.764265e-01,-2.036707e-01,7.085666e+00
169,3.603805e-19,1.222659e-04,8.984115e-06,4.777401e-04,4.212284e-01,-2.853860e+00,-1.169381e+00
170,9.918049e-18,1.188615e-04,7.846272e-07,4.950975e-04,-1.007547e+00,-7.406037e-02,1.500289e+01
171,2.840822e-18,1.203265e-04,1.489850e-05,4.890834e-04,1.173707e-01,5.000296e-02,6.255873e+00
172,2.412445e-19,1.175779e-04,4.297628e-06,4.800766e-04,2.231173e+00,8.505827e-01,4.507428e+00
173,7.035772e-19,1.183590e-04,7.906462e-07,4.878547e-04,-3.200342e-01,-7.283723e-01,9.177781e+00
174,3.550916e-18,1.132808e-04,2.460952e-05,4.810728e-04,-1.916923e-02,2.148909e-02,3.463871e+00
175,2.405298e-19,1.097653e-04,8.985920e-06,4.847601e-04,1.129040e+00,-9.606757e-01,2.171182e+00
176,1.757461e-17,1.212192e-04,1.979638e-05,5.189780e-04,6.358216e-01,4.824835e-02,3.288273e+01
177,4.886817e-18,1.203215e-04,1.875440e-05,5.125574e-04,4.696772e-01,1.244983e+00,3.005985e+01
178,1.188280e-16,1.067869e-04,-4.400923e-07,5.164095e-04,9.781627e-01,2.921997e-01,6.057231e+00
179,3.242821e-16,1.070319e-04,-1.029170e-06,5.161934e-04,4.779548e-01,3.301286e-01,7.934416e+00
180,4.884945e-17,1.128737e-04,6.788934e-06,5.164204e-04,-7.957752e-01,-4.527507e-01,4.321949e+00
181,2.124312e-17,1.151918e-04,-1.308763e-06,5.200726e-04,-2.106318e-01,-3.101491e+00,1.412245e+01
182,2.848713e-18,1.195267e-04,1.875464e-05,5.084459e-04,1.087528e+00,1.990998e-01,2.769781e+01
183,1.802922e-17,1.044723e-04,1.190654e-05,5.113722e-04,-2.476926e-01,-1.583892e+00,9.848204e+00
184,6.976898e-18,1.148551e-04,7.861797e-06,5.050409e-04,-2.995561e-01,-4.700545e-01,9.178410e+00
185,3.367835e-18,1.007571e-04,8.510356e-06,5.233333e-04,1.580178e-01,6.083272e-01,7.180026e+00
186,7.218909e-19,1.048177e-04,1.576074e-05,5.042424e-04,8.387187e-02,3.090156e-01,6.051379e+00
187,7.151244e-18,1.155726e-04,1.763590e-05,5.123558e-04,-8.043751e-02,-8.718440e-01,3.152864e+00
188,4.661622e-17,1.077594e-04,1.890820e-05,5.201548e-04,2.519413e-01,1.675909e-01,4.535938e+00
189,3.528773e-18,1.196015e-04,1.869359e-05,5.050063e-04,-7.588903e-01,-1.100256e+00,2.586934e+01
190,2.403949e-18,1.070197e-04,8.585806e-06,5.190298e-04,-1.043468e-01,1.964843e-01,5.494499e+00
191,2.918688e-17,1.117537e-04,1.098379e-05,5.293724e-04,4.423042e-01,-4.759379e-01,6.820678e+00
192,2.644542e-18,1.147550e-04,-6.468730e-06,5.106574e-04,1.548519e+00,4.402845e-02,2.110037e+01
193,1.851347e-18,1.149411e-04,-8.536945e-06,5.140370e-04,-9.612637e-01,-4.166827e+00,2.212363e+01
194,5.000095e-17,1.103319e-04,-1.214010e-05,5.167467e-04,-8.312760e-01,-3.579558e-01,4.695721e+00
195,6.580375e-18,1.148574e-04,-5.218539e-06,5.057081e-04,-5.856393e-01,-5.461048e-01,1.693409e+01
196,2.721956e-17,1.242410e-04,-8.531536e-06,5.274891e-04,-5.692374e+00,-3.676815e-01,1.332637e+01
197,3.579384e-18,1.148476e-04,-1.797224e-05,5.194221e-04,1.829689e-02,-1.015179e-01,4.694174e+00
198,2.526386e-18,1.054809e-04,-7.029729e-06,5.076388e-04,2.253482e-01,1.925666e-02,4.555493e+00
199,1.649300e-17,9.813334e-05,-1.788130e-05,5.252043e-04,2.029844e-02,2.649762e-01,3.149153e+00
200,3.695544e-17,-1.774168e-05,-7.383755e-05,5.148935e-04,-2.101371e+00,-2.436299e+00,1.637258e+01
201,9.632137e-18,-1.148419e-05,-7.200477e-05,5.027804e-04,6.771175e-01,-1.160429e+00,1.115866e+01
202,1.542716e-16,-4.281225e-06,-5.081389e-05,5.009296e-04,3.942165e-01,-7.732836e-01,6.842946e+00
203,1.651743e-18,-7.767072e-07,-5.312638e-05,5.155409e-04,3.923690e-01,1.950714e-02,9.158616e+00
204,2.512898e-18,-1.170717e-05,-6.953971e-05,5.099924e-04,-2.004018e-01,-1.655823e-01,9.425671e+00
205,7.501520e-19,-1.079402e-05,-5.481992e-05,5.080256e-04,6.679030e-02,-1.426539e-01,5.432156e+00
206,3.113874e-17,-1.711495e-05,-4.958250e-05,5.021409e-04,-3.144012e-01,1.764968e+00,6.919046e+00
207,4.239195e-18,-3.130054e-06,-6.328312e-05,5.086477e-04,4.078472e-01,-1.329400e-01,5.082028e+00
208,5.710466e-18,-9.642815e-06,-8.985571e-05,5.368926e-04,-1.777767e-01,7.744035e-02,6.565486e+00
209,8.113610e-18,1.094177e-05,-9.034161e-05,5.326154e-04,6.063457e-02,-9.492069e-01,1.004870e+01
210,2.559419e-18,1.171578e-05,-8.749637e-05,5.279573e-04,-1.303606e-01,1.925335e-01,8.892094e+00
211,1.310363e-17,1.289863e-05,-8.080355e-05,5.336836e-04,-4.651272e-01,1.591779e-01,5.344689e+00
212,9.232003e-19,5.473795e-06,-9.764131e-05,5.412149e-04,1.015824e-02,-6.270661e-02,4.255500e+00
213,1.964117e-16,6.968048e-06,-7.098364e-05,5.419515e-04,-1.521441e-01,1.028400e+00,6.908245e+00
214,2.628696e-18,2.031540e-05,-7.968827e-05,5.452813e-04,-1.474432e-02,1.774414e-02,1.907982e+00
215,4.176034e-17,1.500455e-05,-6.913225e-05,5.263028e-04,1.132116e+00,-1.222025e+00,1.321859e+01
216,6.190041e-18,1.263419e-05,-6.011591e-05,5.173710e-04,1.150505e-01,4.883334e-01,9.258480e+00
217,2.726566e-17,3.108336e-06,-7.393406e-05,4.936904e-04,2.242384e-01,-4.220380e-01,1.284665e+01
218,2.256554e-18,6.245585e-06,-5.703155e-05,5.198258e-04,-1.808554e-02,-8.859486e-02,5.277059e+00
219,7.372224e-18,8.588763e-06,-8.124471e-05,5.190294e-04,-1.563200e+00,7.107430e-01,1.630702e+01
220,9.332239e-17,9.252701e-06,-8.028462e-05,5.193395e-04,-7.469609e-01,-5.714019e-01,1.291326e+01
221,2.416367e-18,1.015211e-05,-9.765554e-05,5.076941e-04,-1.950026e-01,-1.160036e-01,5.504870e-01
222,1.557399e-18,3.366430e-06,-7.712093e-05,5.077546e-04,5.174308e-01,-2.402149e+00,1.991048e+01
223,3.826750e-17,3.850352e-06,-9.732923e-05,5.187321e-04,-6.683986e-01,-1.490173e+00,6.821879e+00
224,2.515868e-18,1.172405e-05,-8.046505e-05,5.068291e-04,9.483097e-01,1.696235e+00,1.176460e+01
225,2.679102e-18,1.171925e-05,-8.749628e-05,5.183272e-04,-3.454093e-02,-1.395772e-02,6.753065e+00
226,5.814007e-18,9.916333e-06,-8.984417e-05,5.017743e-04,1.309549e-01,-4.283401e-02,3.847412e+00
227,2.443199e-18,5.455719e-06,-9.765908e-05,5.098898e-04,-1.043371e-01,-1.218979e-01,5.168520e+00
228,1.757183e-18,3.246081e-06,-7.606581e-05,5.045073e-04,-2.355810e+00,1.150926e-01,1.598731e+01
229,3.292996e-18,6.244975e-06,-9.062894e-05,5.190151e-04,-1.327348e-01,2.091221e-01,3.322043e+00
230,2.856991e-18,2.109232e-05,-8.048010e-05,5.144915e-04,-3.480247e-01,3.954453e-01,-4.839543e-01
231,4.616194e-18,9.334507e-05,-1.088126e-05,4.772332e-04,-2.459974e+00,2.023309e-01,4.577924e-01
232,7.321419e-19,8.710942e-05,-1.054706e-05,4.765054e-04,3.295291e-01,3.522043e+00,-1.478594e+00
233,1.309436e-18,7.851560e-05,-1.094571e-05,4.734285e-04,2.209475e+00,-6.989492e-01,-3.043587e+00
234,3.183742e-19,8.789048e-05,-5.859774e-06,4.785186e-04,-8.027849e-01,1.727546e+00,6.073726e+00
235,3.122327e-19,8.789102e-05,-5.078266e-06,4.777378e-04,4.371875e-01,-2.397729e+00,4.907688e+00
236,2.524233e-19,7.695318e-05,5.078265e-06,4.707105e-04,-5.446365e+00,-1.655376e-01,3.912431e+00
237,2.487053e-19,9.414062e-05,1.601579e-05,4.761834e-04,-9.417221e-02,9.424930e-01,6.972266e-01
238,6.957019e-19,9.335847e-05,1.631075e-05,4.738410e-04,-7.254600e-01,-5.433447e-02,-2.444541e+00
239,5.797951e-19,9.375970e-05,1.523432e-05,4.785253e-04,-2.379691e-01,-2.919936e+00,4.941061e+00
240,3.109457e-18,9.372005e-05,7.827215e-07,4.773439e-04,3.094780e-01,4.864935e-01,-2.010363e+00
241,2.932034e-19,9.179615e-05,1.367178e-05,4.769650e-04,6.021175e-01,1.687868e+00,1.479180e+00
242,2.317224e-18,6.802403e-05,1.713422e-05,4.782640e-04,2.505060e-01,3.753813e-01,1.505492e+00
243,2.484234e-19,6.835974e-05,1.445214e-05,4.699349e-04,6.043691e-01,-7.518683e-01,-3.426436e+00
244,3.233432e-19,7.226549e-05,2.070307e-05,4.738395e-04,-2.802012e-01,9.996216e-01,2.836016e+00
245,6.273437e-17,1.514805e-04,-1.033206e-05,5.309084e-04,-2.765562e-01,-2.569722e-01,6.268050e+00
246,5.742062e-17,1.470943e-04,-3.066216e-06,5.266702e-04,5.773665e-01,6.631061e-01,1.133974e+01
247,3.858682e-18,1.301768e-04,8.959999e-07,5.496611e-04,2.255733e+00,1.315796e+00,1.560648e+01
248,1.398053e-16,1.420311e-04,-6.808748e-06,5.332599e-04,6.106579e-01,5.045529e-01,9.568276e+00
249,1.976151e-16,1.517814e-04,-1.055999e-05,5.308676e-04,-3.034889e-01,-2.707886e-01,6.184827e+00
250,1.041518e-18,1.382717e-04,-1.250576e-05,5.342138e-04,-8.990005e-02,-1.233371e-02,3.974967e+00
251,2.519597e-18,1.421878e-04,-8.594029e-06,5.459009e-04,1.731099e-01,-1.426888e-01,2.853938e+00
252,1.784265e-18,1.281191e-04,-1.484220e-05,5.466126e-04,-2.677720e-02,3.075160e-02,-1.303293e+00
253,6.679054e-17,1.351535e-04,-1.302606e-06,5.169568e-04,7.605089e-01,-3.511171e-01,7.909065e+00
254,5.072619e-18,1.409273e-04,-3.969559e-06,5.205605e-04,-1.512777e+00,-1.415948e+00,1.444358e+01
255,4.882440e-18,1.452721e-04,-4.972832e-06,5.212724e-04,1.498440e-01,9.824434e-01,9.279148e+00
256,2.098215e-16,1.350546e-04,-1.221177e-06,5.165694e-04,7.451345e-01,-8.182663e-01,7.721378e+00
257,3.296194e-17,1.484032e-04,-4.046292e-06,5.087941e-04,1.805216e+00,3.117736e+00,1.006405e+01
258,5.145449e-18,1.414541e-04,-7.959033e-07,5.177643e-04,-2.411271e-01,6.046721e-01,1.102070e+01
259,6.644135e-18,1.348754e-04,-9.278223e-06,5.190518e-04,-2.243034e-01,9.901492e-01,1.090972e+01
260,5.717828e-18,1.414044e-04,-7.800762e-07,5.068910e-04,2.937347e-01,-7.644675e-02,8.921743e+00
261,4.804092e-18,1.429458e-04,-1.013527e-05,5.034356e-04,-9.791914e-01,1.057811e+00,7.735343e+00
262,1.195931e-17,1.300701e-04,-8.963258e-06,5.057483e-04,-4.148385e-01,-1.363515e-01,6.292585e+00
263,1.339429e-17,1.489318e-04,-1.583639e-05,5.219905e-04,-3.198918e-01,3.673544e-01,4.783369e+00
264,2.119690e-18,1.343747e-04,-7.773036e-07,5.052934e-04,2.936394e-02,4.395571e-02,4.136505e+00
265,3.562142e-18,1.398874e-04,1.166849e-05,5.066336e-04,6.091003e-01,9.018863e-02,3.224838e+00
266,1.553474e-18,1.289074e-04,1.562171e-05,5.103457e-04,1.661496e-01,6.715415e-02,5.874957e-01
267,5.029820e-17,1.380396e-04,7.258816e-06,5.141892e-04,-1.536224e+00,-1.625451e-01,8.076027e+00
268,2.749150e-17,1.484124e-04,7.876999e-06,5.088270e-04,9.564339e-02,-1.312155e+00,8.030947e+00
269,2.896035e-18,1.335951e-04,6.259649e-06,5.236012e-04,-8.561351e-02,1.322524e+00,7.415685e+00
270,5.545455e-18,1.343947e-04,1.255574e-05,5.087813e-04,2.476203e-01,-9.283901e-03,4.674148e+00
271,2.795921e-18,1.468755e-04,1.404395e-05,5.205868e-04,3.127916e-02,-3.890317e-01,2.545471e+00
272,2.488629e-18,1.437506e-04,3.124866e-06,5.052889e-04,-4.457603e-02,-4.262924e-02,1.536258e+00
273,5.049504e-17,1.424022e-04,-1.131328e-06,4.795940e-04,-5.275774e-01,4.504291e-01,-1.808634e+00
274,3.832090e-17,1.347495e-04,-1.487243e-06,4.830615e-04,-1.578557e+00,1.482957e+00,9.619043e-01
275,5.498098e-19,1.289143e-04,1.367431e-05,4.980202e-04,3.483741e-01,2.949146e-01,2.319741e+00
276,1.905008e-18,1.266720e-04,9.374350e-06,5.001364e-04,3.913581e-01,-5.756277e-02,2.842699e+00
277,7.852074e-18,1.367658e-04,4.327493e-06,4.840518e-04,-7.016608e-01,-9.466943e-01,1.081629e+00
278,1.723234e-17,1.437923e-04,1.281705e-05,4.942363e-04,4.986948e-01,-1.657762e-01,2.222759e+00
279,1.357459e-18,1.492073e-04,1.639617e-05,4.995890e-04,-5.492567e-01,-3.808730e-01,1.566861e+00
280,1.693763e-17,1.517587e-04,3.379643e-06,4.991686e-04,-2.692354e-01,-1.141518e+00,1.676018e+01
281,3.122953e-18,1.492205e-04,1.543094e-06,4.990989e-04,1.280431e+00,7.013292e-01,1.026411e+01
282,2.306354e-17,1.335679e-04,1.218065e-05,4.965438e-04,-2.575760e-02,-2.524300e-01,8.496542e+00
283,5.327742e-19,1.468694e-04,1.211305e-05,4.831991e-04,1.770570e+00,2.562143e+00,-5.270796e-01
284,2.740630e-18,1.335509e-04,1.249290e-05,4.890877e-04,1.928556e-01,-2.042578e-02,9.534407e+00
285,1.960941e-17,1.287997e-04,6.869105e-06,4.904604e-04,-1.907399e-01,1.390721e-01,7.362074e+00
286,1.524164e-17,1.398322e-04,2.006089e-05,4.923586e-04,8.527014e-02,-2.176638e-01,6.096169e+00
287,2.459002e-17,1.273355e-04,9.406289e-06,4.950907e-04,-1.690778e-01,-4.970189e-01,6.391840e+00
288,1.530909e-17,1.367021e-04,1.095557e-06,4.948266e-04,8.332071e-02,-1.860210e+00,2.553914e+00
289,3.197253e-18,1.390742e-04,7.817314e-06,4.944583e-04,-3.044080e-01,-7.662152e-02,3.820664e+00
290,5.642601e-19,1.292966e-04,6.209032e-06,4.878690e-04,-8.890033e-01,6.736058e-01,1.025358e+01
291,3.398816e-18,1.296990e-04,5.456260e-06,4.796809e-04,-3.442204e-02,-3.453349e-02,1.013483e+00
292,5.842579e-18,1.421920e-04,2.436196e-05,4.930468e-04,-9.396944e-04,7.497229e-02,1.692188e+00
293,3.254420e-18,1.272501e-04,2.460954e-05,4.916766e-04,3.347150e-02,-4.564225e-03,2.119474e+00
294,5.299753e-18,1.336348e-04,-7.078805e-06,4.883691e-04,-1.273904e-01,1.202246e-02,8.783483e-01
295,1.248656e-18,1.461272e-04,-7.826636e-06,4.808613e-04,-3.118715e-01,1.615066e-02,3.099299e+00
296,1.768683e-17,1.512731e-04,-3.043375e-06,5.005501e-04,4.594639e-01,-2.121674e+00,9.290464e+00
297,4.485327e-17,1.300922e-04,-4.340229e-06,4.863251e-04,1.071452e+00,-9.694868e-02,2.413333e+00
298,1.977475e-17,1.511383e-04,-2.917506e-06,4.944840e-04,-1.570447e-01,1.087999e+00,7.511870e+00
299,2.608717e-17,1.401059e-04,-9.400965e-06,4.916026e-04,-1.705712e+00,2.398621e+00,7.049069e+00
300,5.341800e-18,1.453125e-04,-7.813323e-06,4.964479e-04,-3.466055e-01,-8.590556e-02,7.164368e+00
301,2.969309e-18,1.413630e-04,-1.009433e-05,4.974985e-04,2.107692e-01,8.102024e-01,8.263484e+00
302,1.168051e-18,1.427647e-04,-9.950843e-06,4.845654e-04,-1.231123e-01,1.679094e-01,5.691711e+00
303,3.031512e-17,1.399388e-04,-1.561806e-05,4.875761e-04,1.014774e+00,9.607311e-01,4.960791e+00
304,4.238207e-18,1.414042e-04,-5.130413e-06,4.866959e-04,1.278965e-02,1.078751e+00,3.263347e+00
305,8.905005e-19,1.342579e-04,-9.314486e-07,4.971901e-04,-4.421299e-01,-6.879968e-01,4.338582e+00
306,8.061946e-19,1.443916e-04,-2.484274e-06,4.964202e-04,-1.325032e-01,-6.507252e-03,5.174603e+00
307,1.260315e-18,1.351266e-04,-7.017566e-06,4.816398e-04,-6.819911e-01,-6.915352e-01,-4.184459e-02
308,2.947514e-18,1.492131e-04,-4.713562e-06,4.913881e-04,1.000251e+00,1.266094e-01,8.507483e+00
309,4.543068e-18,1.343412e-04,-8.210697e-07,4.925179e-04,-1.185837e-01,-1.867467e-01,3.178246e+00
310,1.468254e-18,1.320367e-04,-2.460947e-05,4.898446e-04,-2.767450e-01,3.824654e-01,2.823391e+00
311,1.275806e-17,1.359330e-04,-2.425440e-05,4.812403e-04,1.312934e-02,1.219809e-02,1.539443e+00
312,2.295619e-18,1.320313e-04,-2.444126e-05,4.967998e-04,-1.108839e-01,-8.523626e-02,2.897785e+00
313,2.242838e-17,-7.633632e-05,1.208413e-05,5.235846e-04,2.687524e-01,1.701533e+00,3.872834e+00
314,2.175963e-16,-8.470014e-05,6.591149e-06,5.362889e-04,3.859316e-01,-1.194353e-01,1.148126e+01
315,3.734641e-17,-9.132589e-05,3.246350e-06,5.253435e-04,1.958929e+00,-1.990948e-01,1.364991e+01
316,2.737664e-17,-8.281423e-05,1.875039e-05,5.487468e-04,1.492710e-01,2.634156e+00,1.369025e+01
317,7.021953e-17,-8.302757e-05,1.915378e-05,5.483623e-04,1.709095e-01,2.491089e+00,1.266274e+01
318,1.489569e-18,-9.304315e-05,-6.918834e-07,5.441123e-04,3.005858e-01,-1.645128e-01,9.828653e+00
319,1.482981e-17,-8.175726e-05,-1.183038e-06,5.380483e-04,-7.304018e-01,-1.718328e-01,1.261398e+01
320,9.779683e-18,-7.777897e-05,1.783077e-05,5.400006e-04,2.625701e+00,-3.297995e-01,1.001103e+01
321,2.847879e-18,-7.813365e-05,1.383659e-08,5.301911e-04,1.555870e-01,-1.652075e-01,9.523288e+00
322,1.066047e-18,-8.202139e-05,3.124811e-06,5.426442e-04,-2.129973e-02,-1.098285e-01,1.493504e+00
323,2.841928e-17,-8.760353e-05,-1.601621e-06,5.473485e-04,-3.791884e-01,2.515269e-01,7.435200e+00
324,6.276632e-17,-9.893076e-05,2.813743e-06,5.142173e-04,3.160473e-01,1.168735e+00,1.314077e+01
325,5.060170e-17,-9.458513e-05,2.408107e-05,5.003132e-04,1.008689e-01,5.482390e-01,6.834472e+00
326,3.784303e-16,-9.214877e-05,-4.011024e-06,5.216056e-04,1.114088e-01,-5.855854e-01,8.871468e+00
327,5.003678e-18,-9.920834e-05,-4.208712e-09,5.042250e-04,1.629347e-01,-2.100801e-01,1.132159e+01
328,5.682012e-17,-8.724556e-05,4.175345e-06,5.053865e-04,2.968279e-01,-7.822705e-01,6.204367e+00
329,2.204791e-18,-8.671558e-05,5.464310e-06,5.183248e-04,1.647475e-01,7.201068e-02,6.974533e+00
330,1.744633e-17,-9.987585e-05,2.081553e-05,5.060206e-04,-1.282262e+00,4.856952e-01,6.813457e+00
331,1.260041e-17,-9.100777e-05,1.666898e-05,5.019616e-04,-8.537598e-01,-2.061669e-01,3.862127e+00
332,1.737726e-17,-8.402021e-05,1.587040e-05,5.175127e-04,-3.936854e-01,-5.762448e-01,3.044548e+00
333,2.961272e-17,-1.163119e-04,3.790577e-06,5.127909e-04,-3.365464e+00,-5.283693e+00,3.099343e+01
334,2.840767e-17,-1.032147e-04,1.744164e-05,5.030778e-04,2.330815e+00,1.613069e+00,1.513241e+01
335,3.597902e-17,-1.271237e-04,2.826338e-06,5.067213e-04,1.048318e+00,-8.856908e-01,6.343629e+00
336,9.845146e-17,-1.098180e-04,1.206905e-05,5.063830e-04,-2.863134e-01,-1.116303e+00,1.064119e+01
337,7.175908e-18,-1.244233e-04,2.207084e-05,5.226364e-04,7.046957e-01,2.720830e-01,-8.571948e-01
338,9.859818e-17,-1.101952e-04,1.778984e-06,5.188071e-04,7.436139e-01,-5.020967e-01,7.027084e+00
339,2.222175e-18,-1.148563e-04,4.209324e-06,5.074892e-04,-1.190078e+00,-4.838423e+00,3.030642e+01
340,4.941493e-18,-1.039041e-04,7.125656e-06,5.253075e-04,-3.413438e-02,6.137848e-01,6.653972e+00
341,1.683952e-17,-1.107933e-04,1.169739e-05,5.270922e-04,2.396275e+00,2.338070e+00,9.426864e+00
342,3.064524e-18,-1.133682e-04,5.141410e-06,5.036782e-04,2.443621e-03,-3.070445e+00,2.676037e+01
343,4.188044e-18,-1.262921e-04,2.340963e-06,5.250549e-04,-8.145313e-01,1.008716e-01,7.077339e+00
344,4.175590e-18,-1.179625e-04,1.560348e-06,5.215871e-04,1.283907e-01,5.287296e-03,3.857570e+00
345,1.219366e-18,-1.054759e-04,2.347006e-06,5.125298e-04,-2.917755e-02,-1.150616e-01,4.211309e+00
346,3.602378e-18,-1.131967e-04,1.271681e-05,5.084882e-04,8.692711e-01,-2.073850e+00,5.797107e+00
347,3.054870e-18,-1.039108e-04,1.015648e-05,5.022680e-04,-6.528887e-02,3.102302e-02,5.089989e-01
348,1.544936e-16,-1.265699e-04,1.345794e-05,5.402196e-04,3.638775e-01,6.957250e-01,7.495565e+00
349,5.781191e-17,-1.094655e-04,2.054869e-06,5.409349e-04,1.246277e+00,-8.937110e-01,7.139440e+00
350,4.727647e-17,-1.221351e-04,1.049876e-05,5.307544e-04,-3.230532e-01,-3.075693e-01,8.833309e+00
351,1.054950e-17,-1.214959e-04,5.060863e-06,5.490522e-04,5.116736e-01,-4.976591e-01,1.077028e+01
352,9.832253e-19,-1.031230e-04,2.351265e-06,5.298233e-04,-5.591287e-03,-7.756236e-02,5.868576e+00
353,1.215351e-18,-1.078130e-04,1.797293e-05,5.406317e-04,-2.721928e-02,-9.049124e-03,2.155337e-01
354,7.127438e-17,-1.127123e-04,-4.900499e-06,5.124989e-04,-6.497237e-01,1.681943e+00,9.779207e+00
355,9.436477e-18,-1.226560e-04,-1.564184e-05,5.235706e-04,-3.124561e-02,-4.585139e-01,2.039371e+01
356,1.438253e-16,-1.255151e-04,-1.486899e-05,5.012527e-04,2.573753e+00,-2.132637e+00,1.620054e+01
357,8.534673e-17,-1.045965e-04,-1.217819e-05,5.126759e-04,6.416896e-02,2.688781e-01,1.188312e+00
358,1.578407e-18,-1.226424e-04,-9.374399e-06,5.042074e-04,-1.201109e-01,2.913740e+00,9.822905e+00
359,4.673602e-18,-1.101598e-04,-1.284552e-05,5.036399e-04,-3.009469e-01,1.186824e-01,8.074969e+00
360,2.659346e-17,-1.250075e-04,-7.511172e-06,5.084417e-04,7.664356e-01,-1.450225e+00,5.179349e+00
361,5.174084e-18,-1.187539e-04,-6.240948e-06,5.118008e-04,-1.886520e-02,-1.714680e-01,5.248611e+00
362,4.158574e-18,-1.054904e-04,-3.900536e-06,5.155834e-04,1.234894e-01,-2.072523e-02,5.436855e+00
363,1.025682e-16,-1.256274e-04,-1.281252e-05,5.312000e-04,-1.269813e+00,-3.713163e-01,1.534420e+01
364,1.422642e-18,-1.078103e-04,-1.794885e-05,5.156743e-04,3.501887e-02,1.375627e-01,1.927311e+00
365,1.043979e-16,-1.141041e-04,-9.687507e-06,5.475111e-04,2.624321e+00,-7.302692e-01,1.276558e+01
366,4.900770e-17,-1.183845e-04,-2.740931e-06,5.464240e-04,-1.794879e-01,-3.784086e-01,7.529861e+00
367,8.441189e-17,-1.257083e-04,-8.798935e-06,5.394008e-04,-1.852665e-01,-5.824196e-01,6.472259e+00
368,8.220161e-18,-1.217258e-04,-5.484320e-06,5.310568e-04,-3.803213e-01,-7.503012e-03,6.936059e+00
369,5.549298e-19,1.054740e-05,-2.617199e-05,4.695292e-04,1.203682e+00,3.299462e-01,-2.347224e+00
370,2.459847e-17,1.550040e-06,-3.788377e-05,4.781193e-04,6.238312e-02,4.368900e-01,2.121708e+00
371,4.124708e-18,7.071344e-06,-4.143995e-05,4.776776e-04,8.242328e-01,3.188219e-01,2.481142e+00
372,1.516931e-17,-2.507385e-10,-4.375032e-05,4.991245e-04,-2.635111e-01,1.644555e-01,2.709452e+00
373,7.104771e-17,-1.845195e-07,-4.369300e-05,4.987357e-04,-3.647825e-01,9.807926e-02,2.713407e+00
374,1.105154e-18,-1.249941e-05,-4.140364e-05,4.761819e-04,-3.227965e-02,6.119414e-04,-1.087851e-02
375,2.582940e-18,-1.250969e-05,-4.841097e-05,4.780979e-04,4.410654e-02,8.143034e-02,2.569977e-01
376,2.462437e-17,-3.426967e-06,-2.547341e-05,4.778808e-04,2.105715e+00,-1.237295e+00,4.846921e+00
377,5.046072e-18,-1.962784e-05,-4.156802e-05,5.029181e-04,-7.489547e-01,-2.461015e+00,4.830656e+00
378,5.239291e-18,-5.469380e-06,-3.567845e-05,5.008173e-04,1.970557e-02,-3.581460e-01,-9.769926e-01
379,6.840628e-18,-1.338665e-05,-4.629785e-05,4.910361e-04,9.535104e-01,1.498599e+00,5.067297e+00
380,5.242193e-18,-1.250298e-05,-4.218573e-05,4.988506e-04,2.867674e-01,3.861326e-01,4.346077e+00
381,1.766791e-18,-2.460946e-05,-4.453438e-05,4.976950e-04,-1.222453e-01,-1.354000e-02,2.079659e+00
382,3.515758e-18,1.629351e-06,-1.582874e-05,4.738562e-04,-2.051902e-01,3.486603e+00,-5.615235e+00
383,2.623617e-18,3.961220e-06,-7.655327e-07,4.718689e-04,8.745997e-01,5.692069e-01,-2.564713e+00
384,2.755353e-18,1.312947e-05,-1.328649e-05,4.785067e-04,-8.808176e-01,-8.582591e-02,2.340955e-01
385,8.735717e-18,1.530119e-06,-1.809273e-05,4.794558e-04,8.481995e-01,1.061575e-01,-1.291730e+00
386,1.155795e-18,1.857056e-05,-1.574871e-05,4.738335e-04,5.094011e+00,-3.451847e-01,2.722836e+00
387,6.574788e-17,7.810005e-05,8.844456e-06,4.924751e-04,3.092497e+00,7.878889e-01,3.051510e+00
388,8.555659e-17,9.198773e-05,6.604981e-07,5.031038e-04,-8.123265e-01,5.261038e-01,1.385365e+01
389,1.680757e-17,9.568551e-05,-1.316338e-05,5.016341e-04,1.069240e+00,6.361989e-01,1.891783e+00
390,7.714697e-19,8.034210e-05,-1.547891e-05,4.816491e-04,1.550404e-02,3.251202e-01,9.563626e-03
391,4.484655e-17,7.379753e-05,-2.387146e-05,4.955432e-04,6.177287e-02,1.296862e-02,1.293851e+00
392,4.087113e-17,7.516907e-05,-1.139853e-05,4.886139e-04,6.854761e-01,1.537157e-01,1.004378e+01
393,5.015542e-18,9.453735e-05,-5.566258e-07,4.942458e-04,-1.588233e+00,-1.922053e+00,1.215186e+01
394,2.589312e-18,7.973451e-05,-1.295342e-05,4.987079e-04,7.744421e-02,-1.149513e+00,1.183751e+01
395,3.527624e-18,7.968649e-05,-9.983404e-06,4.897509e-04,1.287526e-02,-1.915250e-01,7.533272e+00
396,3.162928e-18,8.983137e-05,-8.044620e-07,4.921562e-04,5.166675e-02,-1.850827e+00,7.113466e+00
397,2.458428e-18,8.984033e-05,-7.934622e-07,4.859137e-04,1.845922e-01,2.270803e-01,4.358763e+00
398,5.213675e-18,8.515444e-05,-3.124451e-06,4.987279e-04,-4.364707e-02,9.676342e-03,7.148021e+00
399,2.253167e-18,7.661298e-05,-1.088545e-05,4.800830e-04,4.668809e-01,1.521396e-01,6.489952e+00
400,4.081818e-18,7.968124e-05,-8.578998e-06,4.847350e-04,-1.158128e-01,-8.081070e-01,4.672060e+00
401,3.958580e-19,8.789041e-05,-6.641323e-06,4.800777e-04,-9.438844e-01,-1.322369e-01,7.699796e+00
402,1.249826e-18,8.515447e-05,-3.123415e-06,4.917548e-04,-5.478236e-02,-4.016803e-02,5.465806e+00
403,2.817574e-18,8.514761e-05,-3.119116e-06,4.858821e-04,-3.336558e-01,1.974701e-01,4.067102e+00
404,9.887616e-17,8.131617e-05,1.231696e-05,4.880117e-04,-6.093949e-01,-7.315571e-01,2.187036e+00
405,8.548255e-17,9.247402e-05,1.325629e-05,4.855813e-04,-1.784169e-01,-1.387901e-01,5.278547e+00
406,7.627595e-18,9.374992e-05,2.421886e-05,4.836038e-04,1.212884e-01,1.149259e+00,1.770006e+00
407,1.711798e-17,8.744852e-05,1.867432e-05,4.833537e-04,2.644853e-01,5.568229e-02,2.933422e+00
408,1.764552e-17,7.943410e-05,1.970989e-05,4.873660e-04,-1.058978e+00,5.652847e-01,3.317671e+00
409,2.009763e-17,8.632708e-05,5.390694e-06,4.934105e-04,-1.141150e-01,-3.872138e-01,7.440330e+00
410,5.248046e-17,9.351715e-05,2.346633e-05,4.834685e-04,-3.785696e-01,1.977020e+00,9.563874e-01
411,2.577558e-18,9.686972e-05,3.116860e-06,4.875126e-04,1.498328e-01,1.066244e-02,2.415908e+00
412,3.752901e-17,7.276043e-05,2.400453e-05,4.912174e-04,-2.316350e-02,2.721067e-02,1.054954e+00
413,3.094832e-18,9.299097e-05,1.249287e-05,4.906108e-04,1.433318e+00,-3.375671e-01,1.958745e+00
414,5.556731e-18,8.984199e-05,1.328069e-05,4.968285e-04,3.740963e-02,-1.826216e-01,2.556760e+00
415,5.221026e-19,9.414099e-05,7.703208e-07,4.909647e-04,1.369020e+00,-6.089413e-01,1.161930e+01
416,2.399087e-18,7.656443e-05,2.444811e-05,4.803988e-04,-1.680217e-01,2.022430e-01,2.805922e+00
417,3.759775e-18,8.960024e-05,2.437435e-05,4.819876e-04,2.483204e+00,-3.707603e-01,1.760083e+00
418,3.164600e-17,6.061213e-05,-2.402084e-05,4.857630e-04,-4.943296e-03,-4.737158e-02,1.077783e+00
419,5.852098e-18,5.922147e-05,-1.720203e-05,5.038677e-04,3.372081e-01,-5.789551e-01,5.852644e-01
420,3.441915e-17,5.613274e-05,-2.401243e-05,4.992665e-04,-6.356547e-02,-3.206127e-02,1.162354e+00
421,1.800917e-18,7.256305e-05,-1.259037e-05,5.012719e-04,-5.149691e-01,4.261012e-01,1.005303e+00
422,4.312328e-17,7.184020e-05,-2.932367e-06,4.981283e-04,6.040799e-03,1.646075e+00,1.285199e+01
423,6.114121e-19,6.210954e-05,-1.649675e-06,4.808520e-04,-1.769669e-01,4.378727e-01,2.190021e+00
424,2.050457e-18,5.250603e-05,-2.735301e-06,4.976166e-04,-2.417945e+00,1.312518e+00,1.256199e+01
425,7.957828e-17,6.934898e-05,-9.519084e-06,5.015585e-04,1.407838e+00,2.972636e-01,6.711380e+00
426,5.452883e-18,5.470927e-05,-9.399813e-06,4.929866e-04,-1.197992e-01,1.088758e-01,8.395008e+00
427,7.023105e-19,7.382852e-05,-3.909606e-06,4.956447e-04,-6.264403e-01,1.665030e+00,1.654053e+01
428,9.342334e-18,6.246553e-05,-8.589979e-06,4.874485e-04,1.418432e+00,3.151770e-01,4.309760e+00
429,4.632476e-18,7.355116e-05,-3.704129e-06,4.915801e-04,-3.962136e-01,-7.665492e-02,1.205816e+01
430,2.431122e-19,5.273418e-05,-4.297774e-06,4.925368e-04,7.339449e-01,-1.582574e+00,5.836063e+00
431,6.286296e-18,7.353233e-05,-4.829828e-06,4.851109e-04,2.187147e-01,5.735811e-01,8.280297e+00
432,5.427870e-18,5.359575e-05,-5.609997e-06,5.036353e-04,3.622290e-02,-1.410969e+00,1.741154e+01
433,3.058188e-17,6.810852e-05,1.789197e-05,4.971688e-04,3.783215e-02,-1.861136e-01,1.197864e+01
434,1.355571e-18,5.546437e-05,1.483973e-05,4.917893e-04,-1.914775e-01,4.124738e-02,1.475955e+00
435,5.058306e-18,6.639880e-05,3.126427e-06,4.972542e-04,1.033979e-02,-1.353371e-02,2.378634e+00
436,2.359352e-18,6.794555e-05,1.799862e-05,4.929685e-04,-5.691148e-01,5.844722e-01,1.407962e+01
437,3.846139e-18,6.171781e-05,1.934734e-06,4.951895e-04,2.147394e-02,-1.736707e-01,6.287435e+00
438,4.804443e-18,6.013891e-05,4.759115e-06,4.870534e-04,-2.891149e-02,5.078633e-01,4.836572e+00
439,4.510072e-18,6.327270e-05,1.558911e-06,4.839681e-04,4.648098e-01,1.664628e-01,3.355622e+00
440,2.512701e-18,6.798983e-05,1.799317e-05,4.851666e-04,-5.735819e-01,3.299005e-01,7.132827e+00
441,1.121541e-15,5.655295e-05,1.347261e-05,4.431810e-04,1.289920e-01,3.635691e-02,7.504561e-01
442,1.693714e-16,5.722535e-05,1.355724e-05,4.424432e-04,2.299238e-01,-3.999637e-02,5.057120e-01
443,6.596394e-17,-7.466503e-06,-1.719656e-04,4.555652e-04,-2.424848e-01,1.241190e-01,8.903236e-01
444,1.695997e-17,-1.709258e-05,5.498396e-05,4.795833e-04,8.368607e-01,-4.659613e-01,1.159137e+00
445,1.831667e-18,-5.539826e-06,6.241565e-05,4.721592e-04,-6.578009e-01,1.842636e+00,-1.772565e+00
446,1.286032e-17,-1.970974e-05,6.321828e-05,4.789584e-04,-7.357769e-01,4.599728e-01,3.169464e+00
447,1.396197e-18,-1.720103e-05,6.876050e-05,4.754009e-04,-2.046932e-01,-8.812532e-02,1.821628e+00
448,9.967892e-17,-6.779510e-06,7.850830e-05,4.809561e-04,-5.698500e-01,2.079349e+00,1.388841e+00
449,2.471736e-17,-1.157774e-05,8.595426e-05,4.849054e-04,5.346563e-01,9.377446e-01,1.038852e+01
450,5.642949e-18,-1.091142e-05,8.662278e-05,4.756281e-04,1.547191e+00,4.852153e-01,2.610854e+00
451,1.468833e-18,-5.558623e-06,7.570969e-05,4.771058e-04,2.690136e+00,2.354763e+00,4.169814e+00
452,1.645160e-18,1.718719e-05,9.686918e-05,4.761856e-04,7.029308e-02,-9.359685e-01,7.481653e-01
453,2.736181e-19,1.289018e-05,9.961000e-05,4.753978e-04,-1.704118e+00,4.032284e-01,1.082509e+01
454,2.999863e-19,1.289094e-05,1.003909e-04,4.761792e-04,3.674276e-01,2.399435e+00,1.151022e+01
455,2.962638e-19,1.367249e-05,1.003905e-04,4.714950e-04,1.496672e-01,-7.604748e-01,9.707818e+00
456,6.836363e-18,1.545140e-05,8.042946e-05,4.788416e-04,-5.159945e-01,-1.348088e+00,7.628507e+00
457,3.403564e-19,1.523449e-05,8.007829e-05,4.746195e-04,-1.521536e+00,2.220221e+00,2.343678e+00
458,1.719330e-18,1.551026e-05,7.896525e-05,4.724220e-04,-2.933199e-01,-1.257779e+00,-8.856077e-01
459,5.671875e-19,2.460939e-05,8.514621e-05,4.738385e-04,2.887535e-01,-6.544051e-01,3.007082e+00
460,4.519341e-17,2.394737e-05,-2.158978e-04,4.955990e-04,-1.551203e-02,-3.697588e-02,1.370216e+00
461,1.157263e-18,1.640717e-05,-2.093771e-04,4.933560e-04,1.664235e-02,3.488672e-02,-8.698849e-02
462,1.510421e-18,2.030379e-05,-2.062500e-04,4.902400e-04,-1.215868e+00,-3.129644e-01,-1.177809e+00
463,3.221071e-16,3.324134e-06,-1.974551e-04,5.062924e-04,1.388255e+00,5.015632e-01,1.289161e+01
464,1.988356e-18,1.010607e-05,-2.070760e-04,4.967413e-04,-7.920228e-02,6.047415e-02,2.023152e+00
465,2.210933e-17,1.988860e-05,-1.981028e-04,4.943336e-04,-6.058306e-01,3.489811e-01,1.693173e+01
466,2.901611e-17,1.596499e-05,-1.989134e-04,4.969361e-04,-2.184250e-01,6.711661e-01,1.223109e+01
467,4.002370e-17,1.443701e-05,-2.128364e-04,5.013129e-04,1.738564e+00,8.405363e-02,4.605039e+00
468,3.907736e-17,2.954511e-06,-2.265049e-04,4.848149e-04,2.006990e+00,-9.088838e-01,3.920473e+00
469,4.573623e-17,3.642238e-06,-2.175090e-04,4.975232e-04,6.474713e-01,-1.678932e-01,4.873950e+00
470,2.573507e-18,7.055817e-06,-1.992333e-04,4.866514e-04,-4.956555e-01,6.710703e-01,4.536416e+00
471,1.458491e-17,9.238176e-06,-2.219331e-04,4.940722e-04,7.717213e-01,8.779095e-02,5.942591e+00
472,3.047320e-18,7.819302e-06,-2.210914e-04,4.772996e-04,1.072845e-01,2.200242e-01,3.366255e+00
473,2.022195e-17,9.205199e-06,-1.999960e-04,4.810804e-04,-8.545979e-01,-1.880221e+00,2.154063e+00
474,5.701057e-19,1.602165e-05,-1.999880e-04,4.910061e-04,-5.296192e-01,3.345332e-02,9.380070e+00
475,1.258323e-18,7.802085e-06,-2.211030e-04,4.839790e-04,-7.469410e-02,-1.018512e-01,2.521413e+00
476,6.917018e-18,1.563629e-05,-1.999927e-04,4.824157e-04,4.496405e-01,-6.416996e-02,4.092905e+00
477,2.806437e-18,9.377466e-06,-2.085978e-04,4.804154e-04,2.343450e-02,5.921433e-01,5.630554e+00
478,1.652128e-18,2.460943e-05,-2.164058e-04,4.835731e-04,7.073829e-03,-2.669788e-02,3.258671e+00
479,5.820404e-18,2.434284e-05,-2.242064e-04,4.836593e-04,6.524494e-02,-1.680580e-01,1.627448e+00
480,7.424351e-18,2.434558e-05,-2.211278e-04,4.789484e-04,4.665344e-02,-2.266830e-02,1.893440e+00
481,2.838873e-17,1.791235e-05,-1.815449e-04,4.842727e-04,-2.734410e-01,1.212612e+00,-3.869943e-01
482,3.584865e-17,1.327064e-05,-1.734679e-04,4.902320e-04,-3.912330e-01,-4.086981e-01,3.299092e+00
483,7.021533e-17,1.274795e-05,-1.886049e-04,4.813534e-04,-2.707544e-02,-3.141772e-01,3.151592e+00
484,9.305033e-17,5.395051e-06,-1.757404e-04,4.986603e-04,-7.033708e-01,-1.072525e-01,9.126167e+00
485,6.350031e-17,4.467484e-06,-1.930717e-04,4.926973e-04,5.085903e-01,1.037227e+00,7.429393e+00
486,2.438268e-17,4.230764e-06,-1.810447e-04,4.934612e-04,-8.139715e-01,9.082483e-01,8.808455e+00
487,6.261668e-19,1.597176e-06,-1.941404e-04,4.886376e-04,-9.977603e-01,2.596995e+00,8.936443e+00
488,5.413827e-18,2.035376e-05,-1.985043e-04,4.858037e-04,5.439900e-01,-3.390496e-01,1.015782e+01
489,4.924739e-18,5.472941e-06,-1.812524e-04,4.870592e-04,-3.134710e-01,-1.269172e-01,9.486755e+00
490,4.440771e-18,1.093486e-05,-1.843724e-04,4.940350e-04,-1.255649e-01,6.195913e-02,2.205552e+00
491,1.612925e-18,5.390197e-06,-1.960122e-04,4.877393e-04,5.203544e-01,-4.990108e-01,1.031110e+01
492,1.618585e-18,2.040406e-05,-1.972653e-04,4.818277e-04,1.071832e+00,-9.306979e-01,8.329372e+00
493,3.895344e-18,7.029901e-06,-1.913983e-04,4.846610e-04,1.237213e-01,2.037052e-03,2.152618e+00
494,5.365818e-18,2.028031e-05,-1.977502e-04,4.778929e-04,-1.883949e-01,-2.064260e+00,4.087064e+00
495,1.296536e-18,3.915088e-06,-1.757669e-04,4.785186e-04,-1.495901e-01,9.020743e-01,2.007526e+00
496,1.024519e-18,1.469192e-06,-1.974531e-04,4.933086e-04,-1.069248e-01,8.305861e-01,1.343119e+01
497,3.318703e-18,6.249522e-06,-1.960971e-04,4.789040e-04,1.709090e-01,-5.455571e-01,1.881493e+00
498,1.123763e-18,7.068247e-06,-1.757912e-04,4.785192e-04,1.106195e+00,-1.791874e-01,1.868171e+00
499,2.377493e-17,2.411371e-05,-1.808104e-04,4.977955e-04,-4.073174e-02,3.139892e-03,1.440383e+00
500,1.046445e-17,2.428586e-05,-1.867425e-04,4.840634e-04,3.381872e-02,-6.120543e-03,1.615048e+00
501,2.271133e-17,-2.361143e-06,-1.897691e-04,5.031304e-04,4.698934e+00,2.619189e-01,2.270374e+01
502,3.313754e-17,-2.224725e-05,-1.901864e-04,4.822439e-04,-1.053995e+00,-5.485345e-01,8.627113e-01
503,2.276653e-17,-2.413361e-05,-1.954217e-04,4.978540e-04,2.631771e-02,1.659896e-02,1.388394e+00
504,1.522929e-17,-8.722985e-06,-1.872510e-04,4.789457e-04,1.633101e+00,-6.882229e-01,6.882438e-01
505,7.824052e-18,-5.564704e-06,-1.931466e-04,4.879182e-04,2.948159e+00,-1.577715e+00,1.180289e+01
506,4.462699e-17,-2.273797e-05,-1.810429e-04,4.915692e-04,-1.977481e+00,2.514952e-01,3.906237e+00
507,1.085431e-18,-1.577327e-06,-1.960912e-04,4.925307e-04,1.081030e-01,1.198109e-03,7.630402e+00
508,6.509087e-19,-6.640927e-06,-1.949215e-04,4.828614e-04,6.975355e-01,-3.737057e+00,8.542196e+00
509,1.449000e-18,-7.107993e-06,-1.952461e-04,4.918969e-04,-3.474277e-01,-4.765368e-02,4.747881e+00
510,4.070428e-19,-5.859971e-06,-1.949217e-04,4.839782e-04,1.438369e+00,-2.265400e+00,1.022246e+01
511,6.522361e-18,-4.511986e-06,-1.906322e-04,4.939022e-04,2.328168e+00,1.167697e-01,1.571558e+01
512,2.969916e-19,-7.422153e-06,-1.957026e-04,4.816384e-04,-1.065317e+00,-4.411414e+00,5.893098e+00
513,2.960445e-18,-9.373910e-06,-1.812532e-04,5.022497e-04,4.616152e-02,-5.045430e-02,5.458759e+00
514,3.251409e-18,-3.122795e-06,-1.843752e-04,5.038041e-04,2.500372e-02,8.780813e-01,8.635495e+00
515,2.686726e-17,-1.314973e-05,-1.741605e-04,4.781171e-04,8.691641e-01,-5.217408e-01,1.346392e+00
516,3.494603e-18,-9.370949e-06,-1.812473e-04,4.851470e-04,-3.586441e-01,-2.903637e-01,7.524483e-01
517,2.561375e-18,-1.572075e-06,-1.960877e-04,4.881802e-04,-1.593754e-01,6.784424e-02,5.616611e+00
518,4.148610e-18,-3.899953e-06,-1.893552e-04,4.773830e-04,-7.769493e-02,8.516511e-01,-3.159518e-01
519,1.502222e-17,1.563008e-06,-2.492184e-04,5.030206e-04,-4.852296e-02,1.399901e-01,8.020711e+00
520,7.079792e-17,1.616166e-06,-2.487408e-04,5.024072e-04,3.721560e-01,1.893642e-01,8.243243e+00
521,2.594906e-17,1.895068e-05,-2.291837e-04,5.003992e-04,2.856384e+00,-2.872004e-01,2.193811e+01
522,6.692663e-18,1.094457e-05,-2.471224e-04,5.043889e-04,-2.925033e-02,1.922375e-01,4.981929e+00
523,1.053888e-16,1.276423e-05,-2.368296e-04,4.944473e-04,-1.541974e-01,1.474777e+00,8.487991e+00
524,2.134260e-18,1.178324e-05,-2.496093e-04,4.896722e-04,2.804473e-01,-1.980943e-03,2.250026e+00
525,3.505769e-17,2.397328e-05,-2.421837e-04,4.827397e-04,-1.084433e-02,-5.420071e-02,1.267545e+00
526,2.902923e-18,1.641773e-05,-2.468697e-04,4.852336e-04,-1.495381e-01,1.271837e-01,5.217038e-01
527,1.551412e-17,1.057745e-05,-2.312451e-04,5.008295e-04,7.162190e-01,-1.435423e-02,1.320050e+01
528,5.494696e-18,9.378156e-06,-2.312501e-04,4.933241e-04,3.189792e-01,-3.865990e-01,1.146169e+01
529,1.147124e-16,8.083378e-06,-2.260969e-04,5.056711e-04,4.748099e-02,-5.589148e-01,8.847320e+00
530,2.573272e-17,1.512242e-05,-2.302122e-04,4.873998e-04,-1.548305e-01,-3.427015e-01,1.245274e+01
531,2.874786e-18,7.021087e-06,-2.412161e-04,4.800755e-04,1.412952e+00,-8.011550e-01,-5.552434e-01
532,2.279305e-18,2.343800e-06,-2.496094e-04,4.909070e-04,-1.415177e-01,2.281153e-02,9.747783e+00
533,2.473081e-17,1.227259e-05,-2.418157e-04,4.867226e-04,-7.436005e-01,-7.273372e-01,6.846388e+00
534,3.069709e-18,1.552304e-06,-2.273377e-04,5.037791e-04,1.153501e-01,2.496244e-01,9.709112e+00
535,5.850117e-19,1.601388e-06,-2.496094e-04,4.855276e-04,-7.022388e-02,-2.882899e-01,5.875212e+00
536,5.193143e-18,7.030085e-06,-2.414033e-04,5.015316e-04,-5.789003e-03,2.756544e-02,7.359147e+00
537,4.600086e-18,8.122743e-06,-2.273752e-04,4.866397e-04,8.510895e-01,2.661870e-01,8.457735e+00
538,1.922168e-17,6.802499e-06,-2.391968e-04,4.898763e-04,1.895021e+00,-1.010560e+00,4.167419e+00
539,1.425685e-18,7.834730e-06,-2.304700e-04,4.816406e-04,1.305945e-01,6.271813e-01,5.475958e+00
540,1.100555e-17,2.179883e-05,-2.492761e-04,4.817962e-04,2.256681e-02,-2.911998e-02,2.441349e+00
541,3.474398e-17,4.699607e-06,-2.375981e-04,4.758855e-04,-9.009126e-01,-1.626806e+00,2.146141e-01
542,2.496603e-19,1.210913e-05,-2.371091e-04,5.026905e-04,2.230548e+00,-1.657031e+00,9.688078e+00
543,5.674396e-18,1.797862e-05,-2.422272e-04,4.777071e-04,2.118086e-01,-6.714946e-01,7.747368e-01
544,1.804093e-18,-5.063034e-05,-1.561735e-06,4.872980e-04,5.268790e-01,2.115334e-01,5.988768e+00
545,4.043813e-17,-4.954095e-05,-5.804883e-06,5.038899e-04,-4.414256e-01,1.759468e+00,6.429529e+00
546,1.283199e-17,-4.973557e-05,-1.563296e-06,4.981798e-04,-1.121079e-01,1.912653e-02,9.462769e+00
547,7.666851e-17,-7.595657e-05,1.318614e-06,4.795498e-04,-8.749964e-01,2.290684e+00,2.139514e-01
548,7.638512e-18,-7.604954e-05,1.409844e-05,4.942838e-04,1.724299e+00,7.130525e-01,3.192894e+00
549,2.134122e-18,-5.702546e-05,1.797600e-05,4.968587e-04,-2.283398e-01,-7.016462e-02,-2.374534e+00
550,2.039653e-18,-7.187629e-05,1.718568e-05,5.015265e-04,1.081763e-02,-1.493336e-01,-4.132535e-01
551,6.757656e-18,-6.874793e-05,1.058053e-05,5.041998e-04,4.610772e-02,-8.504908e-01,3.253327e+00
552,7.871660e-17,-5.870541e-05,5.061857e-06,4.990548e-04,1.928979e-01,4.985894e-01,1.159858e+01
553,1.271730e-18,-6.169303e-05,-7.981628e-07,4.948556e-04,2.104222e-01,-4.637404e-01,7.143660e+00
554,2.055194e-17,-5.557286e-05,9.608375e-06,4.986372e-04,7.383077e-01,-6.925310e-01,6.531803e+00
555,2.550570e-18,-6.172372e-05,-7.666977e-07,4.882324e-04,-8.319069e-03,3.043742e-02,6.177483e+00
556,9.511537e-19,-5.742232e-05,8.463056e-06,5.015696e-04,6.272125e-01,-1.546722e+00,1.701843e+01
557,1.490828e-18,-5.664023e-05,1.018940e-05,5.015474e-04,4.433913e-01,-3.130475e+00,1.083225e+01
558,6.166420e-18,-5.287906e-05,1.697026e-05,4.882853e-04,-1.860469e+00,1.201937e-01,6.130533e+00
559,2.458725e-17,-5.024811e-05,5.200511e-06,4.772318e-04,2.743110e+00,-2.626152e+00,1.746411e+00
560,1.971320e-18,-5.944587e-05,3.848740e-06,4.944652e-04,-8.021249e-02,1.741392e-01,1.394346e+01
561,2.635283e-17,-5.937792e-05,3.749620e-06,4.847957e-04,-8.319457e-02,8.899596e-02,7.819427e+00
562,2.141337e-17,-6.917082e-05,2.415268e-05,4.974210e-04,-7.287791e-03,-2.292202e-02,1.546486e+00
563,4.184923e-17,-6.015492e-05,-1.257247e-05,4.935185e-04,7.738763e-01,-4.904606e-01,1.418633e+00
564,1.877918e-16,-5.978817e-05,-1.248073e-05,4.932684e-04,1.401890e-01,-4.152999e-01,1.634779e+00
565,2.956773e-18,-7.031444e-05,-8.610968e-06,4.891075e-04,-3.656666e-02,-9.299012e-02,-1.683061e+00
566,1.574366e-18,-7.182241e-05,-5.742097e-06,4.850286e-04,-3.518911e-02,-2.527547e+00,-9.270683e-01
567,3.068966e-17,-6.937901e-05,-7.385676e-06,4.833704e-04,-1.956190e-01,6.946357e-01,5.164902e+00
568,2.660058e-18,-5.234043e-05,-1.171782e-05,5.030460e-04,-3.843341e-01,-3.088521e-01,1.415081e+00
569,4.075544e-17,-5.968659e-05,-3.342639e-06,5.023862e-04,3.944356e-01,-1.166511e+00,1.180598e+01
570,2.832078e-17,-5.239476e-05,-5.294482e-06,4.812044e-04,9.322507e-01,3.837094e+00,4.572189e+00
571,4.787037e-18,-7.499944e-05,-1.406292e-05,4.978881e-04,-2.363868e-01,3.374795e-01,6.593057e+00
572,5.365404e-18,-7.502108e-05,-1.759268e-05,5.018589e-04,3.668550e-02,-4.019919e-01,2.803578e+00
573,1.310774e-18,-7.500099e-05,-1.407048e-05,4.832028e-04,-8.123272e-02,-1.411411e-01,1.536116e+00
574,1.851168e-18,-6.015307e-05,-2.460951e-05,4.851555e-04,-1.184733e-01,-2.498954e-02,3.211281e+00
575,2.518234e-18,-6.321745e-05,-1.557612e-05,4.729729e-04,-9.728285e-01,-3.591829e+00,2.454510e+00
576,2.762394e-19,-5.664051e-05,-8.984773e-06,4.714938e-04,5.343804e-01,3.410466e-01,4.832427e+00
577,7.902448e-19,-6.469645e-05,-1.547771e-05,4.769622e-04,1.284594e+00,-2.411583e+00,6.799398e+00
578,4.065440e-19,-6.210802e-05,-1.289201e-05,4.746154e-04,2.188652e+00,2.804023e-01,6.275319e+00
579,5.515428e-19,-6.012096e-05,-6.640994e-06,4.722730e-04,-1.153723e+00,3.888411e+00,6.307651e+00
580,1.222822e-18,-5.395823e-05,-6.958476e-06,4.738338e-04,-1.112917e+00,-5.620573e-01,1.855725e+00
581,5.822775e-17,5.729974e-06,-2.658018e-05,5.137189e-04,-1.580813e+00,5.658151e-02,1.277750e+01
582,1.744733e-17,1.659972e-06,-1.914461e-05,5.174233e-04,-4.352383e-01,2.123214e-01,2.243608e+01
583,5.023124e-17,1.313906e-05,-1.594156e-05,5.074760e-04,9.831449e-01,9.863923e-01,2.775674e+00
584,3.153858e-17,4.662915e-06,2.086942e-06,5.140866e-04,-6.239597e-01,-6.753346e-01,2.159714e+00
585,2.150463e-18,2.346294e-06,-2.021422e-05,5.079169e-04,-9.413585e-01,1.170622e-01,1.786198e+01
586,1.303353e-16,-1.606995e-07,-6.665740e-06,5.293431e-04,-7.964582e-01,2.350974e+00,1.362275e+01
587,1.217005e-17,1.441424e-06,-1.249556e-05,5.084635e-04,2.709465e-01,-2.953736e-01,9.708579e+00
588,4.980794e-18,7.029660e-06,-2.499856e-05,5.041279e-04,3.977422e-01,1.386681e-01,1.050122e+01
589,1.037654e-16,8.781301e-06,-4.121127e-06,5.100604e-04,-6.824549e-01,2.964398e-01,5.544471e+00
590,1.273244e-17,1.820416e-05,-2.376949e-05,5.042267e-04,-4.383120e-01,9.921523e-01,9.480520e+00
591,3.282151e-17,2.101718e-05,-1.374596e-05,5.248978e-04,1.689098e-01,5.788519e-01,7.188536e+00
592,5.235415e-17,9.945928e-06,-1.790200e-05,5.216675e-04,1.561375e-01,4.002684e-01,4.112638e+00
593,4.416681e-17,-4.644952e-07,-2.669953e-05,5.125338e-04,-1.103758e+00,8.271034e-01,4.510672e+00
594,9.376680e-18,4.621054e-06,-1.005772e-05,5.107586e-04,-1.781786e+00,4.258408e-01,6.637343e+00
595,2.633290e-18,1.953979e-05,-1.718779e-05,5.174616e-04,-1.533801e-01,1.014095e-01,7.345708e+00
596,5.931090e-18,7.813279e-06,-1.406346e-05,5.120626e-04,-9.542938e-02,2.363432e-02,8.064091e+00
597,1.036552e-17,1.256540e-05,-2.154798e-05,5.079010e-04,-1.955992e-01,3.548542e+00,5.653676e+00
598,2.560857e-18,1.952841e-05,-1.718099e-05,5.045128e-04,-2.590387e-01,5.846633e-03,5.544314e+00
599,3.276975e-18,2.110032e-05,-1.248306e-05,5.136808e-04,-8.214689e-01,5.324430e-01,3.779907e+00
600,2.580284e-18,3.123883e-06,-2.031139e-05,5.271638e-04,-4.732802e-02,2.380988e-02,4.138248e+00
601,5.227445e-18,1.097565e-05,-2.549190e-10,5.250731e-04,-1.542282e-01,-1.706646e-02,1.041528e+00
602,1.605052e-16,-2.484202e-05,-1.053005e-05,5.085953e-04,-2.339157e-01,7.013149e-01,7.241115e+00
603,3.837406e-17,-1.971382e-05,-2.284093e-05,5.259291e-04,-5.645973e+00,-2.577078e+00,1.514972e+01
604,2.974531e-17,-1.239105e-05,-4.070536e-06,5.023189e-04,1.904563e-02,2.527389e-01,1.449881e+01
605,1.912631e-18,-9.339869e-06,-1.704780e-05,5.248202e-04,-4.108213e-01,8.876319e-01,1.392605e+01
606,2.172112e-17,-5.728419e-06,-1.640647e-05,5.058404e-04,4.189918e-01,-3.518262e-01,9.657192e+00
607,8.098540e-17,-1.381971e-05,-1.414399e-05,5.010212e-04,-4.974786e-01,2.695805e+00,3.895731e+00
608,1.631119e-17,-2.508464e-05,-7.348996e-06,5.163602e-04,-3.378046e-02,-4.538465e-01,8.931038e+00
609,2.246262e-18,-1.443371e-05,-1.021462e-05,5.267684e-04,5.643904e-01,2.689588e-01,7.602603e+00
610,2.403358e-17,-8.931235e-06,-1.149192e-05,5.175669e-04,7.163489e-01,1.014045e+00,5.603431e+00
611,4.042794e-17,-1.195711e-05,-9.892894e-06,5.064058e-04,-5.602084e-01,1.835019e-01,3.942328e+00
612,2.215764e-17,-1.562889e-05,-1.484439e-05,5.223552e-04,9.497300e-01,-4.632321e-01,3.250350e+00
613,1.109191e-17,-6.257169e-06,-1.863714e-05,5.227363e-04,-1.007386e-01,-2.104952e+00,1.272508e+00
614,6.148609e-18,-1.253215e-05,-1.951408e-05,5.278727e-04,2.480144e+00,-1.180516e-01,4.153957e+00
615,2.336516e-19,-1.835946e-05,-3.516124e-06,5.033671e-04,-3.972714e-02,-1.391334e-01,2.593388e+00
616,2.196950e-16,-2.422632e-05,-7.634941e-06,5.475043e-04,1.157905e+00,-1.517537e+00,1.225286e+01
617,1.038974e-16,-2.566655e-06,-2.211274e-06,5.456828e-04,2.486894e-01,2.246517e-01,7.901714e+00
618,1.417071e-17,-2.422382e-05,-5.994678e-06,5.386925e-04,3.247980e-01,2.024380e-01,1.262070e+01
619,1.355341e-17,-4.005458e-07,-2.656738e-05,5.401402e-04,6.239557e-01,2.485833e-01,7.224775e+00
620,2.649689e-18,-2.576165e-05,-6.240461e-06,5.294502e-04,-1.482831e-01,-1.110897e-01,8.798237e+00
621,4.266850e-18,-1.562415e-06,-1.562234e-05,5.460725e-04,-1.243443e-01,5.970887e-02,5.340974e+00
622,8.802399e-17,-1.641964e-05,-6.075983e-06,5.342658e-04,-1.666151e-01,-3.566834e-02,4.300818e+00
623,1.278266e-18,-1.874942e-05,-1.874998e-05,5.341625e-04,-9.481038e-02,-6.647186e-02,5.431790e+00
624,3.016016e-18,-1.015668e-05,-1.793472e-05,5.478105e-04,3.282673e-02,-1.365247e+00,1.963053e+00
625,1.781586e-17,9.625763e-06,-2.435106e-05,5.302336e-04,1.223733e+00,1.050395e+00,1.722287e+01
626,5.113470e-17,1.370902e-05,-9.259461e-06,5.382141e-04,-5.534943e-01,1.036603e+00,3.968369e+00
627,5.223854e-18,7.453594e-06,-1.797081e-05,5.473731e-04,-2.110027e+00,-5.957836e-02,9.444663e+00
628,2.042750e-18,9.373292e-06,-5.461603e-06,5.415356e-04,-6.038630e-02,-4.371652e-02,-2.150737e+00
629,8.821156e-18,1.624869e-05,-9.251980e-07,5.329824e-04,-6.362889e-01,-5.517805e-01,6.695268e+00
630,2.567878e-17,1.483244e-06,-1.318351e-05,5.417857e-04,1.332957e+00,-1.210057e+00,4.047378e+00
631,2.115698e-18,1.952776e-05,3.935133e-09,5.300376e-04,-2.319552e-01,-3.234783e-02,5.111885e+00
632,7.346524e-18,1.803225e-06,-1.809104e-05,5.308954e-04,-1.232539e+00,6.996368e-01,3.093921e+00
633,1.172300e-18,8.565595e-06,-9.374746e-06,5.397960e-04,5.534656e-01,-1.756913e-01,3.855438e+00
634,1.456387e-18,1.567050e-06,-2.422377e-05,5.332917e-04,-1.495923e-01,-3.919291e-01,-6.366731e-01
635,2.178617e-18,7.730983e-07,-9.375488e-06,5.478746e-04,-5.787152e-02,-1.389130e-03,-2.014434e-01
636,3.622580e-18,1.715080e-05,-2.343558e-05,5.393134e-04,9.948887e-01,2.758144e-02,1.750298e+00
637,1.696305e-16,1.271009e-05,8.898613e-06,5.293278e-04,-1.499966e+00,1.149309e-01,6.727755e+00
638,1.322858e-17,4.255492e-06,1.757965e-05,5.364792e-04,-2.343782e+00,-1.787014e+00,8.627199e+00
639,3.808407e-18,3.127630e-06,1.562789e-06,5.289242e-04,3.461086e-03,-1.401409e-02,-1.004842e-01
640,2.420638e-17,2.278408e-05,1.690497e-05,5.306452e-04,1.128420e-01,-3.976818e-01,8.022756e+00
641,2.407722e-18,1.639646e-05,2.498942e-05,5.330218e-04,1.043720e-01,1.470848e-02,3.735072e+00
642,2.848372e-18,2.187032e-05,2.345907e-06,5.379644e-04,-1.067195e-01,3.334247e-01,3.638567e+00
643,2.938323e-17,-1.815186e-04,-4.239989e-06,4.810948e-04,1.055837e+00,2.068902e+00,8.404174e-01
644,4.987020e-17,-1.826873e-04,-1.330296e-05,4.935773e-04,-1.790883e+00,4.185941e-01,9.369774e+00
645,6.880530e-18,-1.750199e-04,-3.534189e-08,4.930769e-04,7.028062e-01,7.827669e-01,1.415303e+01
646,3.616636e-17,-2.003325e-04,-1.207600e-05,4.989129e-04,-1.724717e+00,-4.321723e-01,5.096423e+00
647,1.168050e-17,-1.963076e-04,-2.132833e-05,4.913250e-04,1.369688e+00,-8.330763e-01,2.708879e+00
648,1.175707e-17,-1.812737e-04,-1.117227e-05,4.816549e-04,3.376147e-01,-4.467738e-01,6.894321e+00
649,1.579203e-18,-1.811163e-04,-1.158468e-05,4.882842e-04,1.704910e-01,3.273810e-01,1.101513e+01
650,5.191879e-18,-1.772816e-04,1.620186e-07,4.826256e-04,-2.678576e-01,-4.810048e-01,9.426736e+00
651,2.192687e-18,-1.882790e-04,-2.460954e-05,4.964603e-04,2.552779e-02,3.308553e-02,2.522829e+00
652,6.006873e-17,-1.994632e-04,1.132150e-05,4.931287e-04,-9.924980e-01,-3.967388e-01,1.448044e+01
653,1.126557e-17,-1.770706e-04,1.242643e-06,4.922238e-04,1.781156e+00,6.469299e-01,1.691670e+01
654,1.654476e-17,-1.735128e-04,7.523777e-06,4.839172e-04,-4.472285e-01,-1.130027e+00,1.045388e+00
655,1.182196e-16,-1.795416e-04,9.525128e-06,4.885001e-04,1.789437e-01,1.022151e+00,5.952287e+00
656,4.525706e-18,-1.890524e-04,1.719053e-05,4.902970e-04,1.839055e-01,-6.194641e-02,1.236924e+00
657,2.711695e-18,-1.836014e-04,6.090353e-06,4.881254e-04,7.080271e-01,-1.518263e+00,1.396636e+01
658,3.512202e-18,-1.945646e-04,7.843545e-06,5.010141e-04,-2.702701e-01,-5.902085e-02,1.102105e+01
659,8.169377e-19,-1.931123e-04,6.117312e-06,4.777394e-04,-5.204485e-01,7.900318e-02,2.716064e+00
660,2.299797e-18,-1.969471e-04,1.320127e-05,4.844886e-04,-7.302267e-01,-5.621399e-01,8.808220e+00
661,7.316941e-19,-1.834656e-04,6.641875e-06,4.860551e-04,-4.646307e-01,-5.706680e-01,1.275298e+01
662,8.092894e-19,-1.988279e-04,9.769561e-06,4.870698e-04,1.039191e+00,8.108869e-01,1.338078e+01
663,1.572028e-18,-1.832028e-04,5.860028e-06,4.820395e-04,-1.580437e-01,3.493803e-01,9.252491e+00
664,8.009485e-19,-1.839840e-04,6.641533e-06,4.824292e-04,2.268946e-02,2.272453e-01,9.682847e+00
665,4.821683e-18,-1.983608e-04,8.113772e-06,4.770294e-04,2.743665e+00,-1.941886e+00,2.874259e+00
666,5.969559e-18,-1.988250e-04,9.333281e-06,4.820372e-04,-4.904626e-01,-3.441792e-01,7.109710e+00
667,1.006292e-18,-1.835809e-04,6.259125e-06,4.777407e-04,5.004434e-01,-1.841092e-01,5.557632e+00
668,3.371286e-18,-1.937492e-04,1.563274e-05,4.991778e-04,2.158829e-01,1.272315e-01,2.507122e+00
669,2.823420e-18,-1.968809e-04,1.328939e-05,4.797081e-04,-9.004486e-01,8.177658e-01,4.078707e+00
670,1.421910e-17,-1.945843e-04,7.815896e-06,4.915987e-04,1.608073e-01,2.122567e-01,6.627318e+00
671,2.535817e-18,-2.006522e-04,5.339497e-06,4.811381e-04,7.587536e-01,-2.387140e+00,5.454490e+00
672,5.223115e-18,-2.007788e-04,6.359125e-06,4.772176e-04,-4.151105e-02,1.325066e-02,2.692669e+00
673,9.303892e-19,-1.774759e-04,6.367635e-07,4.886326e-04,1.444913e-01,1.250280e+00,1.621048e+01
674,6.480152e-18,-1.937491e-04,7.810481e-06,4.858670e-04,-1.916658e-02,-3.798439e-02,7.429598e+00
675,2.024377e-18,-1.765701e-04,1.080070e-05,4.775364e-04,-4.975962e-01,-7.160330e-01,3.478985e-02
676,2.468805e-19,-1.839835e-04,6.641579e-06,4.792990e-04,-3.610463e-01,-2.574087e-01,7.266150e+00
677,1.710945e-17,-1.942990e-04,2.424392e-05,4.879971e-04,-6.992825e-02,-1.999823e-02,1.551740e+00
678,3.735187e-17,-2.150727e-04,1.435228e-05,4.833136e-04,-1.744711e+00,-1.568224e+00,2.572997e+00
679,6.199299e-17,-2.169469e-04,3.619457e-06,4.966989e-04,-4.532305e-01,2.396645e-01,5.322872e+00
680,9.923224e-19,-2.148350e-04,5.473017e-06,4.793007e-04,1.888075e-01,3.253774e-01,1.125473e+00
681,1.452014e-18,-2.117170e-04,1.093766e-05,4.948975e-04,3.587803e-01,-2.873948e-02,5.401731e-01
682,2.427197e-17,-2.073528e-04,1.157950e-05,4.977556e-04,-7.068328e-01,8.376799e-02,4.198728e+00
683,6.103255e-18,-2.195283e-04,-3.357160e-10,4.882855e-04,-2.719679e-01,4.815849e-02,2.401096e+00
684,2.171862e-18,-2.210450e-04,9.423347e-06,4.953978e-04,5.252909e-01,3.117721e-02,8.176900e+00
685,6.409479e-19,-2.230478e-04,2.735453e-06,4.952626e-04,1.553808e+00,-6.915918e-01,1.388895e+01
686,4.870977e-18,-2.187544e-04,9.374402e-06,4.879783e-04,-3.129752e-01,-1.545669e-01,6.005568e+00
687,3.001353e-19,-2.019530e-04,1.953875e-06,4.878616e-04,2.758004e-01,5.872201e+00,4.000753e+00
688,5.267258e-19,-2.230468e-04,9.765754e-06,4.773523e-04,9.581211e-01,-6.160155e-01,4.430964e+00
689,2.785943e-17,-2.102614e-04,-3.468413e-07,4.766562e-04,-1.130918e-01,-2.862356e-01,-6.570316e-01
690,4.571289e-18,-2.031262e-04,-4.688166e-06,4.894146e-04,8.087780e-02,-1.888038e-01,4.483311e-01
691,1.550152e-18,-2.109375e-04,-7.005613e-06,4.816388e-04,5.596281e-02,-3.736893e-01,-2.716642e+00
692,2.076283e-18,-2.147919e-04,-1.333341e-05,4.920732e-04,-2.537422e-03,1.759359e-01,1.645546e+00
693,1.251250e-18,-2.117217e-04,-5.467840e-06,4.917621e-04,4.033758e-02,9.863706e-03,1.158227e+00
694,2.548672e-17,-2.152421e-04,-1.900482e-06,4.960804e-04,1.525387e-01,5.971430e-01,6.408248e+00
695,2.546898e-17,-2.049692e-04,-9.321399e-06,4.944602e-04,-3.095707e-01,5.608039e-01,5.778230e+00
696,2.828937e-18,-2.195327e-04,-8.570005e-06,4.859487e-04,1.355784e+00,-5.235061e-01,3.777720e+00
697,4.623940e-18,-2.171755e-04,-1.016481e-05,4.887254e-04,3.946416e-01,-2.467184e-01,4.568726e+00
698,8.910905e-18,-2.184700e-04,-1.014384e-05,5.042628e-04,2.906158e-01,3.964989e-02,8.298936e+00
699,5.072734e-19,-2.050780e-04,-1.328045e-05,5.026922e-04,-2.574004e-01,1.397009e-02,3.648865e+00
700,1.786814e-16,-9.607499e-06,-1.547517e-04,4.994173e-04,-1.204085e+00,-6.886116e-02,9.827664e+00
701,5.561672e-17,1.332146e-05,-1.561832e-04,4.963961e-04,6.868682e-01,-1.517941e+00,2.403088e+00
702,3.566249e-17,2.399747e-05,-1.687026e-04,4.994300e-04,3.808258e-02,1.435150e-03,1.185622e+00
703,1.009529e-16,4.960258e-06,-1.601352e-04,5.001514e-04,4.617395e-01,7.132890e-02,2.661071e+00
704,2.128019e-17,1.489112e-05,-1.659429e-04,5.030668e-04,-4.545419e-01,-1.829830e+00,9.772765e+00
705,3.203887e-18,2.304501e-06,-1.624972e-04,4.944801e-04,-8.168755e-01,2.416200e-01,7.252354e+00
706,2.138037e-17,-1.352237e-07,-1.630804e-04,4.869431e-04,-1.444263e+00,-1.457049e+00,5.409551e+00
707,7.884271e-18,1.570751e-05,-1.600937e-04,4.916860e-04,3.216859e-02,-1.282475e-01,5.698039e+00
708,1.398338e-18,3.897234e-06,-1.656228e-04,5.018740e-04,-8.039602e-02,-9.498293e-02,1.636152e+01
709,3.239877e-18,7.781268e-07,-1.593681e-04,4.788939e-04,6.141906e-01,-9.388127e-01,3.418992e+00
710,9.880923e-18,3.845800e-06,-1.656831e-04,4.957560e-04,-3.552094e-01,-1.632353e-02,1.328574e+01
711,5.751860e-18,3.932703e-06,-1.656305e-04,4.875463e-04,2.839110e-03,-2.003380e-01,9.163142e+00
712,2.707650e-19,8.203713e-06,-1.652341e-04,4.800822e-04,-4.282412e-01,-1.410324e-01,6.633839e+00
713,1.258921e-18,-1.642847e-05,-1.491477e-04,4.988094e-04,2.035566e-01,-1.138758e+00,1.336680e+01
714,1.995824e-17,-4.179829e-06,-1.484625e-04,4.910501e-04,-6.290895e-01,-4.553028e-01,1.982126e+00
715,1.618474e-17,-1.155513e-05,-1.679826e-04,4.948802e-04,-8.733350e-01,-8.741081e-02,1.213754e+01
716,1.226649e-18,-5.471572e-06,-1.695350e-04,4.902046e-04,7.846109e-02,-7.674366e-02,1.525037e+00
717,1.568234e-18,-1.249997e-05,-1.664073e-04,5.026897e-04,-1.451674e+00,-8.500320e-02,1.314707e+01
718,1.858396e-18,-1.077986e-05,-1.720136e-04,4.844140e-04,4.057091e-01,-3.081984e-01,-6.867306e-01
719,5.007303e-18,-1.523473e-05,-1.554710e-04,4.992181e-04,7.803395e-01,-3.266946e-01,9.775290e+00
720,3.958559e-17,-1.265783e-05,-1.613540e-04,4.950953e-04,8.202378e-01,-6.005863e-01,5.240796e+00
721,3.525247e-17,-1.447994e-05,-1.587442e-04,4.785152e-04,3.863656e-01,-6.105539e-01,2.484792e+00
722,3.948977e-18,-1.485431e-05,-1.710997e-04,4.994765e-04,-8.978903e-02,-1.342266e-02,2.663375e+00
723,1.064994e-18,-1.719020e-05,-1.601669e-04,4.847715e-04,-1.108108e-01,-4.499501e-01,3.661157e+00
724,2.137288e-18,-9.384926e-06,-1.498514e-04,4.865440e-04,2.553442e-01,4.236033e-01,3.926648e+00
725,3.749339e-18,-1.249665e-05,-1.507127e-04,4.939873e-04,-1.321118e-01,-1.145976e-01,9.883526e+00
726,1.814324e-17,-3.723642e-06,-1.637137e-04,4.791393e-04,1.247087e-01,-5.495929e-01,2.293164e+00
727,8.629360e-18,-1.249950e-05,-1.499826e-04,4.884737e-04,-1.776160e-01,-1.015492e-01,7.863106e+00
728,2.578705e-19,-1.211088e-05,-1.667974e-04,4.800818e-04,-5.847139e-01,-1.187703e+00,1.037646e+01
729,4.866613e-18,-1.560747e-06,-1.718742e-04,5.027131e-04,-4.707325e-02,-8.820932e-03,2.758524e+00
730,2.280673e-18,-3.767396e-06,-1.696758e-04,4.820104e-04,5.328852e-02,3.249911e-03,2.699564e-01
731,3.201174e-17,-2.400789e-05,-1.574782e-04,4.821516e-04,-9.200529e-03,2.513404e-02,1.279738e+00
732,1.208865e-17,-2.428105e-05,-1.695597e-04,4.905802e-04,-5.118193e-03,3.663709e-02,1.646954e+00
733,4.505897e-17,-1.633191e-05,-1.620850e-04,5.246387e-04,-1.138922e+00,-5.081399e+00,1.931677e+01
734,2.005254e-16,-5.036812e-06,-1.583157e-04,5.179668e-04,7.580754e-01,-1.098536e+00,1.144495e+01
735,1.731152e-16,-2.860745e-06,-1.634416e-04,5.287675e-04,3.932139e-02,-2.082216e-01,4.641620e+00
736,1.989031e-18,-1.718983e-05,-1.540633e-04,5.211253e-04,-1.364404e-01,-3.523519e+00,2.458162e+01
737,5.297488e-16,-2.323920e-06,-1.633154e-04,5.279779e-04,4.324398e-01,-3.820225e-01,7.786049e+00
738,2.012454e-17,-1.662428e-05,-1.558874e-04,5.262901e-04,4.058488e-01,-4.842343e+00,2.688096e+01
739,2.157495e-17,-1.337367e-05,-1.623373e-04,5.098147e-04,-6.726579e-01,3.650745e+00,1.865131e+01
740,7.414768e-18,3.126972e-06,-1.656270e-04,5.099020e-04,9.050535e-02,9.274829e-01,2.012086e+01
741,2.523279e-17,7.633783e-06,-1.539666e-04,5.054587e-04,-6.456539e-01,-2.356653e+00,2.173905e+00
742,1.409998e-17,7.032687e-06,-1.578115e-04,5.287512e-04,-5.376566e-01,-4.427226e-01,9.357955e+00
743,9.409382e-17,7.202844e-06,-1.582318e-04,5.288932e-04,-3.684632e-01,-6.708615e-01,9.200092e+00
744,8.937949e-18,3.447261e-06,-1.656400e-04,5.221121e-04,3.487170e-01,2.153315e-01,2.860081e+01
745,4.478394e-18,1.015948e-05,-1.640632e-04,5.118072e-04,1.542253e-02,1.399042e-02,-1.030329e+00
746,1.254922e-16,1.271389e-05,-1.731384e-04,5.219173e-04,3.747330e-01,-2.052508e-01,6.273298e+00
747,1.180996e-18,9.371945e-06,-1.531213e-04,5.231896e-04,-3.044081e-02,-2.543434e-02,6.940710e+00
748,3.179723e-18,3.147360e-06,-1.656226e-04,5.167828e-04,-7.933885e-01,2.391287e-01,2.456200e+01
749,3.060128e-16,2.322238e-06,-1.763633e-04,5.285733e-04,1.891323e-01,9.100011e-01,7.501248e+00
750,3.050132e-18,3.904885e-06,-1.656354e-04,5.053816e-04,3.307067e-01,4.422766e-02,1.911088e+01
751,1.539757e-18,8.583882e-06,-1.662758e-04,5.177004e-04,-2.224421e-01,6.695217e-03,1.403161e+00
752,3.634900e-18,1.334296e-05,-1.592893e-04,5.068916e-04,1.779849e-01,-6.383507e-01,1.721895e+00
753,2.058972e-18,3.910465e-06,-1.523507e-04,5.272888e-04,-1.074431e-01,6.499592e-02,1.557381e+00
754,3.387267e-18,-1.332378e-05,-1.592431e-04,5.183543e-04,-9.676909e-01,-3.506772e+00,1.770753e+01
755,1.306569e-17,-1.640327e-05,-1.500471e-04,5.098905e-04,-2.549162e-03,7.172619e-01,2.003164e+01
756,4.610489e-18,-1.484375e-05,-1.710961e-04,5.243187e-04,1.643297e-02,-5.960264e-03,1.013605e+01
757,7.753186e-18,-4.167646e-06,-1.710937e-04,5.115011e-04,1.559540e+00,-9.553793e-03,5.917212e+00
758,1.468494e-18,-1.148139e-05,-1.616266e-04,5.123747e-04,1.052446e+00,1.781050e-01,6.491982e+00
759,2.727486e-18,-1.635650e-05,-1.499759e-04,5.046048e-04,1.114937e-01,-3.242661e-01,1.845774e+01
760,6.548855e-17,4.533052e-06,1.083985e-04,4.913516e-04,-4.620563e-01,5.508914e-01,1.011534e+01
761,1.331821e-18,-7.812032e-06,9.922036e-05,4.855340e-04,2.182885e-01,1.077603e-03,-3.528533e-01
762,2.162731e-18,-1.718993e-05,1.256839e-04,4.919863e-04,1.848628e-01,-4.746286e-02,1.239134e+00
763,2.921524e-17,1.015434e-05,1.083253e-04,4.778521e-04,3.131358e-01,-5.614911e-01,1.836649e+00
764,1.921701e-17,1.596820e-05,1.266425e-04,4.874194e-04,-3.197124e-01,-1.318065e+00,2.443129e+00
765,2.703244e-18,4.681562e-06,1.094161e-04,5.037535e-04,-1.172200e-01,-1.576653e-01,2.923426e+00
766,3.655550e-18,7.815113e-06,1.211521e-04,4.833805e-04,-9.771201e-02,1.929042e-01,1.587388e+00
767,1.772918e-17,1.771477e-05,1.038300e-04,4.952926e-04,-2.296728e-01,1.541146e+00,5.123013e-01
768,1.033724e-17,2.427644e-05,1.268125e-04,4.970122e-04,1.815010e-02,1.430101e-01,1.736211e+00
769,2.423798e-17,2.407861e-05,1.042093e-04,4.929823e-04,-2.806211e-02,-6.458679e-01,2.286960e+00
770,1.353046e-18,7.788673e-07,1.195126e-04,4.839654e-04,5.205734e-02,-6.722637e-02,-2.579379e-01
771,1.991632e-18,4.514062e-06,1.108740e-04,4.802885e-04,5.991275e-01,1.481142e+00,7.772149e+00
772,7.628401e-19,4.832057e-06,1.097654e-04,4.829357e-04,1.168114e+00,-3.787450e-01,8.756702e+00
773,7.546651e-18,6.117134e-07,1.221546e-04,4.995469e-04,-4.049181e-01,4.808265e-01,3.402899e+00
774,2.954744e-18,1.250815e-05,1.242153e-04,4.906143e-04,-2.256186e-01,-1.776048e-01,3.961328e+00
775,1.330582e-16,-3.134925e-07,1.092065e-04,5.056424e-04,7.521809e-01,-3.095949e-01,1.528584e+01
776,2.252345e-18,1.162601e-05,1.055170e-04,4.828645e-04,-1.038286e+00,9.413263e-01,3.589275e+00
777,1.591589e-18,1.413024e-05,1.171222e-04,5.004815e-04,5.728295e-02,-1.124610e-01,4.183066e+00
778,8.695997e-19,4.528203e-06,1.082035e-04,4.857786e-04,-6.681722e-01,1.172646e+00,1.314566e+01
779,3.227702e-18,1.724762e-05,1.101503e-04,5.025780e-04,2.861658e-01,7.310678e-02,1.604722e+00
780,1.507695e-17,2.421966e-05,9.930439e-05,4.913984e-04,-1.963349e-02,4.823969e-01,1.510937e+00
781,2.417657e-18,-1.719426e-05,1.007867e-04,4.867563e-04,-7.743454e-02,3.367236e-02,-7.717828e-01
782,1.723554e-17,-2.419306e-05,1.020784e-04,4.990848e-04,-5.231621e-02,2.271036e-02,1.516721e+00
783,5.204006e-18,-9.374431e-06,1.179706e-04,4.862704e-04,-8.219917e-03,-4.760287e-01,-2.521669e-01
784,4.538753e-17,-1.990302e-06,1.074480e-04,4.867311e-04,-2.917105e-01,-4.421759e-02,6.445647e+00
785,1.449566e-18,-2.282373e-06,1.116407e-04,4.939536e-04,4.305490e-01,-3.304628e-01,1.048708e+01
786,1.172649e-18,-1.406680e-05,1.210910e-04,4.964602e-04,7.270041e-02,3.727345e-01,3.993217e+00
787,2.059423e-18,-2.203183e-06,1.218798e-04,4.946327e-04,5.140732e-01,1.311703e-01,3.135819e+00
788,9.960617e-18,-6.228318e-06,1.242210e-04,4.972180e-04,-1.183214e-01,-2.669815e-01,4.624491e+00
789,2.943931e-18,-6.249670e-06,1.156253e-04,4.975939e-04,4.066361e-02,-8.008184e-02,1.543934e+00
790,3.748181e-18,-2.300699e-06,1.116557e-04,4.902549e-04,1.218750e-01,-1.135238e+00,8.933698e+00
791,3.776580e-18,-2.303532e-06,1.116626e-04,4.858041e-04,-2.090545e+00,3.644435e-01,8.550642e+00
792,3.233407e-18,-2.348677e-06,1.164162e-04,4.882299e-04,-6.301425e-01,1.642769e+00,1.418705e+00
793,4.354122e-18,-1.405238e-05,1.226379e-04,4.785009e-04,3.233489e-01,3.486912e-01,-6.995186e-01
794,8.168088e-16,-1.677610e-06,1.246711e-04,5.156906e-04,4.670703e-01,-5.924760e-02,7.163314e+00
795,5.451766e-17,-2.134275e-05,1.047620e-04,5.256743e-04,-9.875940e-01,-8.170039e-01,6.791249e+00
796,1.379310e-17,5.326024e-06,9.964187e-05,5.086839e-04,1.423202e+00,3.287013e+00,3.269465e+00
797,5.062989e-18,1.249494e-05,1.242207e-04,5.208758e-04,-1.816302e-01,-1.579480e-01,9.366594e+00
798,4.206001e-18,1.406051e-05,1.179721e-04,5.261775e-04,-7.110920e-01,3.105255e-01,9.224331e+00
799,8.653866e-18,1.407211e-05,1.179729e-04,5.159655e-04,-5.614628e-01,1.600271e-01,7.530827e+00
800,1.035929e-18,8.589360e-06,1.226609e-04,5.246596e-04,4.256272e-01,3.826155e-01,7.297206e+00
801,6.818560e-18,9.306989e-06,1.073346e-04,5.238197e-04,-5.789651e-01,-6.650815e-01,3.587661e+00
802,3.673132e-18,1.661408e-05,1.101573e-04,5.121824e-04,5.808759e-01,-1.824511e-01,4.623975e+00
803,3.249871e-18,8.593030e-06,1.039866e-04,5.058969e-04,-4.129335e-01,1.408820e+00,4.305139e+00
804,3.380712e-18,7.811396e-06,1.124992e-04,5.106949e-04,-3.951221e-03,-1.801350e-02,5.020565e+00
805,7.829030e-18,8.595409e-06,1.218464e-04,5.048550e-04,3.360924e-01,-1.631015e-01,4.004712e+00
806,5.959871e-17,-3.519618e-07,1.131135e-04,5.292923e-04,-5.784608e-01,6.002890e-01,6.979106e+00
807,6.083442e-18,1.851285e-05,1.078148e-04,5.192762e-04,9.058073e-01,3.025919e-01,1.146972e+00
808,2.198078e-16,-1.295357e-05,1.094603e-04,5.129958e-04,-1.922565e-01,-2.159431e-01,6.219870e+00
809,2.776103e-16,-3.704007e-06,9.677210e-05,5.130141e-04,1.733600e+00,8.272269e-01,7.860041e+00
810,3.887219e-17,-1.630089e-05,1.195865e-04,5.089976e-04,-1.081969e+00,-5.580420e-01,8.388183e+00
811,2.169421e-18,-1.170454e-05,1.242196e-04,5.243228e-04,2.425685e-01,-4.724221e-02,2.778962e+00
812,4.866278e-18,-2.493127e-04,-7.827721e-07,5.424895e-04,-9.987509e-02,-1.565043e-02,4.802731e+00
813,9.672591e-19,-2.335905e-04,7.946536e-07,5.454560e-04,-6.120460e-02,1.615359e-01,-5.980590e-01
814,9.093307e-17,-2.486639e-04,6.354627e-06,5.277776e-04,-6.533321e-02,5.951096e-01,8.757003e+00
815,9.774223e-18,-2.492830e-04,1.454690e-05,5.279314e-04,5.985691e-03,5.723277e-01,8.871378e+00
816,4.719577e-18,-2.315645e-04,2.358101e-06,5.322246e-04,-3.566465e-01,4.805438e-01,6.431027e+00
817,2.211253e-19,-2.496079e-04,5.079996e-06,5.348312e-04,-1.815118e-01,-2.233332e-01,4.820194e+00
818,2.069527e-18,-2.281127e-04,1.486415e-05,5.424702e-04,-5.603948e-01,1.527469e-01,-3.998826e-01
819,1.495136e-17,-2.324249e-04,1.516118e-05,5.430734e-04,-4.390962e+00,-6.576077e-01,8.981231e+00
820,2.184486e-18,-2.496077e-04,2.343713e-05,5.356449e-04,-1.069336e-01,9.553905e-01,8.972164e+00
821,8.594959e-18,-2.477521e-04,1.476363e-05,5.445613e-04,-4.612624e-01,-6.490847e-01,1.036621e+01
822,4.826864e-18,-2.367137e-04,8.981885e-06,5.494678e-04,6.125908e-01,-5.431573e-01,1.363883e+01
823,2.010887e-17,-2.375742e-04,1.780971e-05,5.254470e-04,-8.263695e-02,1.526667e+00,5.552443e+00
824,2.362542e-17,-2.333189e-04,-4.068580e-08,5.404805e-04,1.287131e-01,1.104745e+00,2.021627e+01
825,7.824018e-18,-2.257817e-04,-1.796936e-05,5.291881e-04,1.665326e-02,4.809516e-02,3.935199e+00
826,1.484235e-18,-2.496083e-04,-7.815129e-06,5.330898e-04,-1.464495e-01,4.142668e-02,1.093167e+01
827,1.001241e-16,-2.486503e-04,-1.493852e-05,5.357502e-04,1.547727e-01,-1.596064e+00,1.120003e+01
828,7.655119e-18,-2.357463e-04,-3.916179e-06,5.390438e-04,-2.912964e+00,-3.877019e-02,5.416380e+00
829,3.680051e-18,-2.390647e-04,-1.327930e-05,5.455541e-04,-2.198590e-02,-5.645921e-02,5.866560e-01
830,2.401119e-16,-2.173618e-04,-8.283313e-06,5.303387e-04,3.668384e-01,-8.412206e-02,1.093588e+01
831,3.692321e-17,-2.230608e-04,-3.999078e-06,5.158492e-04,1.047724e+00,1.050520e+00,3.250224e+00
832,4.640309e-19,-2.242198e-04,-8.984484e-06,5.102768e-04,-5.786787e-02,2.431139e-01,9.493932e+00
833,5.507089e-19,-2.132836e-04,-1.757274e-05,5.134084e-04,7.894028e-02,3.571820e-01,8.459953e-01
834,4.344163e-18,-2.187527e-04,-1.014015e-05,5.185556e-04,9.146390e-02,-2.623288e-01,1.029684e+01
835,7.992437e-18,-2.085815e-04,-9.289536e-06,5.250431e-04,3.796815e-04,3.210341e-01,7.331480e+00
836,2.238212e-18,-2.109393e-04,-8.581735e-06,5.160777e-04,-2.514532e-01,1.165843e-01,4.809978e+00
837,2.182986e-17,-2.027778e-04,-1.818434e-05,5.129072e-04,-2.067737e-01,3.572273e-01,5.351977e+00
838,1.088020e-17,-2.054277e-04,-1.382135e-05,5.071123e-04,2.362900e-01,-9.520176e-02,3.677306e+00
839,1.629376e-18,-2.039004e-04,-2.228530e-06,5.112454e-04,3.521181e-02,-8.751385e-03,5.269721e+00
840,4.865009e-18,-2.187474e-04,-1.014797e-05,5.140827e-04,7.670725e-02,-6.821995e-02,1.061456e+01
841,3.890125e-17,-2.300290e-04,-3.714102e-06,5.216233e-04,2.263108e+00,-1.064601e-01,1.622931e+01
842,2.146438e-16,-2.373460e-04,-1.244569e-05,5.130000e-04,-1.968353e+00,-1.093689e-01,1.137410e+01
843,5.841992e-17,-2.305416e-04,-5.488789e-06,5.068878e-04,1.078493e-01,1.711627e-01,1.478586e+01
844,2.201416e-17,-2.405488e-04,-1.876789e-05,5.093251e-04,-7.084979e+00,-9.645491e-01,2.940444e+01
845,3.617052e-17,-2.279629e-04,-8.792872e-06,5.185290e-04,-7.588786e-01,9.215911e-02,1.451465e+01
846,1.023580e-18,-2.343734e-04,-3.124865e-06,5.261732e-04,-5.329776e-01,-5.884678e-02,1.217366e+01
847,8.506577e-18,-2.440597e-04,-7.630823e-07,5.140129e-04,7.213490e-01,1.362946e+00,4.570324e-01
848,2.003310e-17,-2.492489e-04,-7.754240e-06,5.153435e-04,2.710797e-02,5.919001e-02,1.068205e+01
849,3.542970e-18,-2.368702e-04,-2.338403e-06,5.054007e-04,1.068516e+00,6.258512e-02,9.619939e+00
850,5.029049e-17,-2.373629e-04,-6.289721e-06,5.221846e-04,5.612055e-01,4.241932e-01,5.428746e+00
851,7.139332e-18,-2.343858e-04,-1.014264e-05,5.173721e-04,5.760564e-02,-8.126438e-02,2.741399e+00
852,1.062904e-17,-2.449473e-04,2.177640e-05,5.126595e-04,-1.524216e+00,8.483863e-02,2.690575e+00
853,3.086102e-18,-2.281230e-04,1.487534e-05,5.167655e-04,-8.717121e-02,-8.281352e-01,8.493717e-01
854,2.752974e-17,-2.150043e-04,-1.649696e-05,5.493955e-04,8.547883e-01,1.047821e+00,1.334142e+01
855,6.960281e-17,-2.043223e-04,-1.114070e-05,5.435996e-04,-4.234310e-01,1.022150e+00,9.378898e+00
856,5.348019e-18,-2.226565e-04,-1.405932e-05,5.486822e-04,4.030087e-02,-9.822605e-02,8.592401e+00
857,1.495404e-18,2.253907e-04,1.559689e-05,4.699220e-04,-2.233130e+00,4.480545e-01,-9.601351e-01
858,7.947161e-18,2.261493e-04,1.550945e-05,4.746441e-04,2.789269e-01,-5.632450e-01,2.858278e+00
859,1.190998e-17,2.092003e-04,2.119037e-05,4.785590e-04,-2.871854e-01,-3.936148e-01,4.584060e+00
860,5.023036e-19,2.082029e-04,2.148458e-05,4.750226e-04,8.680395e-01,-1.080362e+00,4.046444e+00
861,2.639982e-19,2.082024e-04,2.070235e-05,4.730607e-04,1.540718e+00,-1.780396e+00,2.279034e+00
862,2.662900e-19,2.089843e-04,2.148415e-05,4.707154e-04,1.565596e+00,3.246746e-02,1.584097e+00
863,3.169895e-18,2.054643e-04,1.719512e-05,4.742090e-04,-1.183016e+00,1.644316e+00,1.496125e+00
864,1.488095e-17,2.012128e-04,-1.797566e-06,4.798050e-04,4.330823e-01,-1.048384e+00,3.214857e+00
865,2.708092e-19,2.027346e-04,-7.422312e-06,4.761810e-04,-8.494630e-01,1.758660e+00,1.540803e+00
866,2.627262e-19,2.027343e-04,-1.171853e-06,4.753949e-04,1.843295e+00,-1.644840e+00,-9.682587e-01
867,1.090021e-16,2.105806e-04,-2.357515e-05,4.963534e-04,-1.490964e-02,5.228929e-02,6.815273e-01
868,1.844715e-18,2.140796e-04,-6.902299e-06,4.806431e-04,5.051355e-01,7.447960e-01,-4.216343e+00
869,9.800714e-19,2.140660e-04,-7.026137e-06,4.902103e-04,1.107728e-01,2.614913e-01,3.991368e-01
870,3.181724e-18,2.156293e-04,-1.641234e-05,4.836082e-04,2.060406e-01,8.182529e-03,-3.133250e+00
871,2.281899e-17,2.254970e-04,-1.190988e-05,4.975331e-04,-8.661153e-01,4.271206e-01,1.954658e+00
872,5.360166e-17,2.192715e-04,3.258931e-07,4.849437e-04,-1.523732e+00,9.499285e-01,1.264901e+00
873,1.963704e-18,2.149323e-04,-1.477253e-05,4.802077e-04,-2.816887e-02,6.069380e-01,-1.537392e+00
874,1.017469e-18,2.070449e-04,-1.015582e-05,4.855403e-04,-3.858367e-01,-5.397459e-02,4.134706e-01
875,5.083819e-17,2.019002e-04,8.850452e-07,4.968744e-04,6.082662e-01,-4.777398e-01,5.717423e+00
876,4.282470e-18,2.055565e-04,-1.008770e-05,5.006274e-04,-2.868444e-01,7.530572e-01,1.155980e+01
877,6.837758e-18,2.027656e-04,-1.005728e-05,5.024247e-04,-1.649830e+00,-1.068057e+00,7.571988e+00
878,6.625783e-18,2.117190e-04,-3.091227e-06,4.991394e-04,1.520691e-02,2.805557e-02,4.052015e+00
879,1.884987e-17,2.194097e-04,-1.439776e-05,4.842896e-04,1.723619e-01,-4.007517e-01,4.531621e+00
880,2.288709e-17,2.061582e-04,-1.642153e-05,4.811916e-04,-1.336594e+00,-1.226718e-01,2.738050e+00
881,2.920060e-18,2.195310e-04,-3.125488e-06,5.007433e-04,5.092138e-02,-8.567440e-04,4.778524e+00
882,1.146526e-17,1.979106e-04,-2.428562e-05,4.824986e-04,-4.800209e-01,5.018173e-02,1.793017e+00
883,8.103325e-17,2.197912e-04,9.464798e-06,4.836533e-04,-7.224159e-01,-6.259828e-01,4.967329e+00
884,5.099259e-17,2.223478e-04,1.392915e-05,4.965352e-04,-4.577129e-01,1.095261e+00,2.804009e+00
885,1.376981e-16,2.065413e-04,7.321077e-06,4.967387e-04,-1.819738e+00,8.251152e-01,8.528322e+00
886,5.338214e-19,2.242157e-04,5.863090e-06,4.839741e-04,-4.685773e-01,-6.245078e-02,-9.864785e-01
887,3.303629e-18,2.257826e-04,7.817379e-06,4.827948e-04,6.201910e-01,4.373621e-01,3.258217e+00
888,6.704131e-17,2.038512e-04,1.547368e-05,4.840691e-04,-3.247141e-01,-7.154459e-01,5.212166e+00
889,5.181526e-17,2.029558e-04,6.119799e-06,4.825776e-04,-1.161543e-01,-7.089464e-01,2.227125e+00
890,6.887558e-18,2.258650e-04,2.346646e-06,4.840747e-04,-1.669136e+00,-7.630514e-02,2.073024e+00
891,1.418254e-18,2.140634e-04,1.564428e-05,4.964690e-04,1.410073e-01,-2.856692e-01,1.046241e+01
892,1.049658e-18,1.992115e-04,1.641566e-05,4.972472e-04,-3.050172e-01,1.478321e-01,5.533960e+00
893,3.183848e-17,2.130746e-04,1.409641e-05,5.027989e-04,-4.159160e-01,-6.609612e-01,1.150823e+01
894,3.732733e-18,2.000255e-04,2.278387e-06,4.886979e-04,-1.041098e+00,-3.399816e-01,6.509562e+00
895,1.546575e-17,2.234318e-04,2.276450e-05,5.013181e-04,-1.020836e+00,9.219768e-01,2.538915e+00
896,2.600587e-18,2.140620e-04,1.564699e-05,4.914767e-04,-4.738971e-01,-3.893844e-01,9.353838e+00
897,5.088014e-19,2.070108e-04,6.640520e-06,5.003301e-04,-1.133474e+00,-3.573783e+00,1.489037e+00
898,1.620426e-17,2.010191e-04,2.422294e-05,4.887298e-04,-3.386053e-02,3.373079e-02,1.414939e+00
899,8.495144e-19,2.058592e-04,1.702086e-05,4.806388e-04,4.171052e-01,-3.443150e-01,7.989227e+00
900,2.258117e-18,2.141263e-04,1.546968e-05,4.870298e-04,-4.074668e-01,-3.414830e-01,5.259459e+00
901,4.669684e-18,2.078884e-04,8.643747e-06,4.926755e-04,2.049019e-01,-2.425810e-01,1.637927e+01
902,1.900021e-18,2.062500e-04,2.460941e-05,4.836043e-04,-1.187251e-01,-4.939694e-02,3.221728e+00
903,8.731539e-17,2.365340e-05,-1.382881e-04,4.914838e-04,-1.399298e-02,7.763541e-04,7.707699e-01
904,1.322103e-16,-4.000309e-06,-1.304629e-04,4.876986e-04,4.425305e-01,5.187707e-01,2.146302e+00
905,7.627949e-18,1.718865e-05,-1.351564e-04,4.851622e-04,1.357933e+00,-6.879161e-01,7.909703e-01
906,5.683024e-18,-1.043883e-05,-1.235731e-04,4.829921e-04,-3.626448e-01,-2.540307e+00,9.481917e+00
907,7.028750e-17,1.742354e-05,-1.357588e-04,4.851110e-04,1.451288e+00,-6.091077e-01,7.714783e-01
908,2.572580e-18,7.818998e-06,-1.304503e-04,4.922005e-04,-2.530347e-02,-2.529950e-01,-1.371071e+00
909,3.576369e-17,6.414464e-06,-1.382045e-04,4.809178e-04,1.414982e-01,-1.573410e-01,-3.263935e-01
910,4.931720e-19,2.734746e-06,-1.273344e-04,4.792982e-04,-3.672566e-01,1.788337e-01,-3.871352e-01
911,7.950355e-18,1.714884e-05,-1.261183e-04,4.971908e-04,-6.527019e-03,1.144230e+00,-1.909890e-01
912,1.333848e-17,7.255586e-06,-1.382848e-04,4.909973e-04,-8.549778e-01,9.026691e-02,9.686377e-01
913,8.566848e-19,1.668472e-07,-1.327068e-04,4.800734e-04,8.279830e-01,1.563106e+00,1.727795e-01
914,3.370764e-18,-1.327608e-05,-1.281306e-04,4.968393e-04,-5.636362e-04,-3.022457e-01,2.007947e+00
915,2.710523e-18,7.818083e-06,-1.257717e-04,4.836717e-04,1.724214e-02,3.458044e-01,5.137693e-01
916,2.581701e-18,2.426727e-06,-1.414094e-04,4.822670e-04,2.418157e-01,1.133537e-01,-2.084122e-02
917,4.875840e-17,3.469961e-06,-1.277818e-04,4.971403e-04,4.719893e-01,9.266477e-02,5.068113e+00
918,2.382100e-18,7.814332e-06,-1.257836e-04,4.983838e-04,-1.615640e-01,-8.679101e-02,4.763396e+00
919,2.468882e-17,2.675558e-06,-1.470550e-04,4.931041e-04,4.576715e-01,-5.316303e-01,4.302251e+00
920,2.771636e-17,5.394566e-06,-1.432408e-04,4.826990e-04,-4.599555e-01,1.021965e+00,4.203347e+00
921,2.312239e-18,2.350021e-06,-1.414031e-04,4.960086e-04,3.361088e-01,2.033215e-01,4.346983e+00
922,1.068189e-17,2.427225e-05,-1.398540e-04,4.986123e-04,5.385182e-02,1.165997e-02,1.617666e+00
923,2.399638e-19,-1.211245e-05,-1.480472e-04,4.824240e-04,-4.679330e-01,2.073418e+00,4.822791e+00
924,6.014837e-18,-1.489632e-05,-1.469404e-04,4.897877e-04,-9.056978e-01,1.302027e+00,1.010034e+01
925,3.113573e-18,-1.341625e-05,-1.414707e-04,4.930919e-04,-9.815286e-01,-9.520899e-01,3.351605e+00
926,1.117392e-17,-9.354043e-06,-1.394540e-04,4.916425e-04,1.252549e-01,-6.455035e-02,3.059067e+00
927,1.685038e-17,-5.776599e-06,-1.263807e-04,4.843244e-04,1.103915e-01,-2.230657e+00,3.596529e+00
928,2.069497e-18,-9.371095e-06,-1.350280e-04,4.837680e-04,1.398301e-01,6.035279e-02,2.340533e+00
929,5.502141e-18,-2.438470e-05,-1.429172e-04,4.868363e-04,-7.851845e-02,-3.863133e-02,1.772178e+00
930,1.958432e-16,-1.387466e-05,-1.168783e-04,4.992850e-04,-6.282446e-01,9.275323e-01,7.466975e+00
931,1.498353e-17,1.054410e-05,-1.050815e-04,5.034409e-04,-7.262855e-03,-6.371347e-01,2.079944e+00
932,6.880313e-17,-2.375449e-05,-1.196702e-04,4.933717e-04,-3.119728e-02,-1.395533e-02,7.596563e-01
933,5.216609e-17,-8.327071e-06,-1.193483e-04,4.945370e-04,2.406466e+00,1.222402e+00,1.556137e+01
934,9.153988e-17,-7.740274e-06,-1.113274e-04,5.035652e-04,1.817779e-02,1.079388e-01,2.786859e+00
935,1.804298e-17,-8.207969e-06,-1.013524e-04,4.910346e-04,-2.025868e+00,2.763266e-01,1.322226e+01
936,1.788441e-18,-7.198223e-07,-1.149020e-04,4.944054e-04,-2.703854e-01,1.438781e-01,8.010534e+00
937,3.529150e-18,-7.889652e-07,-1.148545e-04,4.871121e-04,-1.498165e-02,6.686927e-03,5.144838e+00
938,1.997686e-18,-8.987188e-06,-1.219228e-04,4.889266e-04,6.369955e-01,1.151372e+00,1.388311e+01
939,2.307235e-18,-1.009172e-05,-1.180593e-04,4.899112e-04,2.059872e+00,3.193143e-01,1.618011e+01
940,2.884893e-17,2.404260e-05,-1.213551e-04,4.994385e-04,4.107701e-02,-5.080531e-02,1.109604e+00
941,4.026054e-18,1.820682e-05,-1.117239e-04,4.969417e-04,-1.027790e+00,-8.984952e-01,6.223439e-01
942,1.002094e-16,1.069953e-05,-1.053110e-04,5.035768e-04,-1.834902e-01,-7.795278e-01,2.131605e+00
943,4.048560e-18,1.838775e-06,-1.116750e-04,4.991661e-04,-3.821068e+00,6.064750e-01,1.296184e+01
944,3.713903e-18,2.460942e-05,-1.117230e-04,4.896699e-04,-2.952854e-03,7.075371e-02,3.171367e+00
945,2.921558e-17,1.032765e-05,-1.054925e-04,4.896685e-04,-2.185287e+00,1.590498e+00,1.207246e+01
946,2.548916e-17,2.868146e-06,-1.195761e-04,4.959414e-04,1.631677e+00,-1.699722e+00,6.647794e+00
947,1.017066e-18,4.493518e-06,-1.116144e-04,4.886471e-04,-4.763658e-01,-1.314731e+00,5.429819e+00
948,5.496008e-17,1.204610e-05,-9.958599e-05,4.912782e-04,-1.573593e+00,-6.776185e-01,4.150515e+00
949,5.201269e-18,1.095944e-05,-1.179974e-04,5.020637e-04,-2.495535e-01,1.733929e-01,7.492314e+00
950,4.507641e-19,1.054969e-05,-1.066401e-04,4.855429e-04,-1.053768e-02,1.055250e+00,1.071481e+01
951,2.974901e-18,7.685246e-07,-1.234386e-04,4.976273e-04,-3.582909e-01,-6.684010e-02,-2.161436e-01
952,3.164360e-19,1.133000e-05,-1.074221e-04,4.847631e-04,6.446032e-01,-5.151324e-01,1.010486e+01
953,3.541022e-17,1.334512e-05,-9.784109e-05,4.958945e-04,4.647458e-01,4.904668e-01,2.480843e+00
954,4.573233e-18,5.967805e-06,-1.117158e-04,4.828046e-04,-1.861443e-03,1.887939e-01,3.646924e+00
955,2.698398e-18,1.088987e-05,-1.210126e-04,4.834798e-04,-1.054789e-01,-2.237131e-01,2.096014e+00
956,3.600182e-17,-1.093121e-05,-2.437874e-04,4.780658e-04,1.150669e+00,7.897755e-01,2.775458e-01
957,5.609359e-19,-7.421930e-06,-2.277343e-04,4.773245e-04,1.923055e+00,5.971434e-01,2.406733e+00
958,8.402315e-19,1.314383e-05,-2.347659e-04,4.756734e-04,7.969935e-01,4.841875e-01,-5.660182e-01
959,6.029040e-19,-3.095299e-06,-2.308595e-04,4.738339e-04,-3.279029e-01,4.503714e+00,-6.225116e-01
960,2.241441e-17,2.345623e-06,-2.039079e-04,4.619815e-04,3.788733e-01,-3.331641e-01,1.178404e+00
961,4.368017e-18,1.121674e-05,-2.000051e-04,4.726078e-04,-2.501732e+00,-4.490233e-01,-1.609659e+00
962,1.277546e-18,9.370939e-06,-2.085628e-04,4.722755e-04,9.092682e-03,1.689323e-01,3.590205e-01
963,2.765166e-19,-5.078386e-06,-2.121092e-04,4.746151e-04,7.582309e-01,-3.994701e+00,9.127673e+00
964,2.694188e-19,-1.171797e-06,-2.050782e-04,4.761757e-04,1.548910e-01,-3.157878e+00,6.243145e+00
965,2.567759e-19,-3.906233e-07,-2.035156e-04,4.738323e-04,2.974904e+00,-1.648153e-01,4.303569e+00
966,7.486831e-17,1.027300e-04,-1.209405e-05,5.418326e-04,-4.483030e-01,-3.319648e-01,9.444483e+00
967,5.774391e-18,8.259364e-05,-8.458805e-06,5.442167e-04,-1.132067e+00,-1.918184e+00,1.540828e+01
968,2.092504e-17,1.020083e-04,1.352129e-05,5.435494e-04,-6.523005e-01,-6.773457e-01,4.591522e+00
969,8.958969e-18,8.431649e-05,-5.470709e-06,5.391328e-04,-6.728238e-01,6.318068e-03,1.869924e+01
970,1.438276e-16,9.459170e-05,-5.182720e-06,5.340905e-04,4.699397e-01,-4.047802e-01,4.066089e+00
971,1.358338e-17,8.863173e-05,-2.134574e-05,5.357052e-04,-3.848460e+00,-3.253312e-01,1.042740e+01
972,1.773536e-17,7.941418e-05,-4.293024e-06,5.491193e-04,-4.115932e+00,1.664327e+00,1.146504e+01
973,3.028631e-18,8.359874e-05,-1.876124e-05,5.353427e-04,-1.068045e-02,-2.280556e-01,5.780554e+00
974,3.676636e-18,8.515733e-05,-7.025725e-06,5.220616e-04,8.968963e-01,-9.338222e-01,1.304896e+01
975,4.881309e-17,8.535205e-05,-6.622771e-06,5.222060e-04,7.133102e-01,-8.770837e-01,1.295851e+01
976,5.587905e-17,7.984174e-05,-7.865398e-07,5.173418e-04,1.359082e+00,-9.998417e-01,8.405551e+00
977,1.938808e-16,7.999162e-05,-6.138319e-07,5.175884e-04,9.248379e-01,-1.072054e+00,9.211547e+00
978,1.355765e-18,7.876553e-05,-1.744071e-05,5.200755e-04,4.964847e-01,-2.594097e+00,1.745389e+01
979,1.886376e-17,9.301035e-05,-7.502933e-07,5.161467e-04,-2.991469e+00,3.525125e+00,1.378874e+01
980,2.542851e-17,8.509488e-05,-3.834537e-06,5.152430e-04,-3.928845e-02,2.814863e-01,1.486144e+01
981,1.342476e-17,7.967589e-05,-1.523314e-05,5.061651e-04,-7.655871e-02,-2.878965e+00,1.403117e+01
982,2.072072e-18,9.609594e-05,-2.180418e-06,5.116003e-04,1.893953e+00,1.625416e+00,1.379049e+01
983,2.718368e-19,9.648040e-05,-7.421307e-06,5.064989e-04,7.162383e-01,1.555051e-01,8.490414e+00
984,4.946370e-19,7.421874e-05,-8.202625e-06,5.216335e-04,-8.791863e-04,-1.151319e-01,6.524718e+00
985,7.568183e-18,7.512786e-05,-8.769119e-06,5.116275e-04,3.311310e-01,9.576568e-02,5.563243e+00
986,1.477155e-18,8.514120e-05,-3.135338e-06,5.095043e-04,3.935104e-01,2.484542e-01,1.169668e+01
987,2.968344e-18,8.281464e-05,4.727046e-06,5.068263e-04,-2.739338e+00,-4.237803e-01,1.217196e+01
988,2.847846e-17,9.573378e-05,5.371601e-06,5.280217e-04,-1.266166e-01,3.430333e-01,9.272115e+00
989,1.467077e-17,9.294333e-05,1.199877e-05,5.190277e-04,-1.104189e-01,-3.828339e-01,6.807747e+00
990,3.031243e-18,9.297215e-05,1.248346e-05,5.257936e-04,-1.557118e-02,-5.262655e-01,4.597816e+00
991,2.580933e-18,8.905434e-05,1.326644e-05,5.108076e-04,1.964831e-01,-7.525569e-02,3.614892e+00
992,2.659775e-18,9.684092e-05,3.140817e-06,5.068193e-04,-7.315995e-01,-4.517923e-01,5.567266e+00
993,3.000649e-17,9.372412e-05,2.455167e-06,5.083754e-04,3.809637e-01,9.127626e-01,2.365882e+00
994,2.660721e-18,8.437356e-05,9.365698e-06,5.198016e-04,-4.242434e-02,7.022387e-02,1.269932e+00
995,3.305608e-17,9.632991e-05,3.642166e-06,5.432747e-04,1.742849e+00,-1.282845e+00,1.029103e+01
996,5.014600e-18,8.593246e-05,7.035000e-06,5.319744e-04,-1.817172e-01,-9.124781e-01,9.130804e+00
997,1.203138e-18,9.298236e-05,1.250912e-05,5.427297e-04,8.304776e-03,-8.707138e-03,5.054615e+00
998,3.239104e-18,8.594121e-05,1.484475e-05,5.302415e-04,4.167437e-01,6.607581e-02,6.065065e+00
999,2.521664e-18,8.359222e-05,1.566244e-06,5.287140e-04,4.629378e-03,2.212852e-02,3.596363e+00
1000,9.376751e-19,9.765539e-05,1.094291e-05,5.334040e-04,3.781716e-02,-1.317709e-02,1.391295e+00
1001,4.562574e-18,8.593580e-05,1.484933e-05,5.463583e-04,2.029618e-02,7.776774e-03,4.453995e+00
1002,1.524520e-18,8.978517e-05,9.432856e-06,5.426376e-04,-5.060235e-01,-3.369371e-03,3.228437e+00
1003,2.085631e-17,1.117744e-04,-1.971536e-05,5.405227e-04,-1.201972e+00,5.390143e-01,7.924298e+00
1004,4.134009e-18,1.124991e-04,-4.832549e-10,5.333969e-04,-3.141859e-03,1.795203e-02,5.796117e+00
1005,2.371016e-18,1.187514e-04,-1.874634e-05,5.494840e-04,6.449672e-02,1.098086e-01,6.244728e+00
1006,2.445041e-18,1.124981e-04,2.152409e-09,5.294996e-04,-6.387779e-02,1.055289e-01,7.149121e+00
1007,3.981435e-18,5.316775e-05,-6.701520e-06,5.115563e-04,-1.145917e+00,-8.143016e-01,1.757543e+01
1008,3.658397e-17,6.466989e-05,-1.147435e-05,5.061385e-04,-1.324659e-01,-1.236415e-01,3.332406e+00
1009,1.504296e-17,5.378677e-05,-3.623121e-06,5.068255e-04,-1.713579e-01,2.129798e-01,1.499239e+01
1010,1.930664e-17,5.547504e-05,-7.355497e-06,5.058785e-04,-2.933585e-01,2.383095e-01,1.305460e+01
1011,3.714144e-17,6.946213e-05,-6.483735e-06,5.112949e-04,4.121878e-01,9.008834e-02,7.233276e+00
1012,9.677609e-19,6.172684e-05,-7.036601e-06,5.102994e-04,1.190278e-01,1.515601e-01,3.556973e+00
1013,3.035807e-16,1.278810e-04,9.511194e-06,5.437854e-04,-6.637994e-01,-3.356199e-01,7.362116e+00
1014,2.644285e-17,1.063000e-04,7.600651e-06,5.323339e-04,1.411571e+00,-4.605073e-01,8.758727e+00
1015,2.550977e-17,1.061957e-04,1.099477e-05,5.488623e-04,-1.378279e-01,6.138578e-01,1.017496e+01
1016,3.257777e-18,1.250315e-04,9.430426e-06,5.341836e-04,-2.851958e-02,-7.285718e-02,5.480796e+00
1017,2.233209e-18,1.195304e-04,1.566736e-06,5.444132e-04,-1.748858e-02,-4.907045e-02,-1.337894e-01
1018,2.261609e-18,1.187599e-04,2.187870e-05,5.453601e-04,-1.050140e-01,2.112451e-02,2.074527e+00
1019,6.790223e-19,5.496211e-06,-1.800781e-04,4.714923e-04,-1.001124e+00,-8.823681e-01,-2.179385e+00
1020,1.464451e-18,2.005647e-05,-1.977416e-04,4.719248e-04,8.859051e-01,-2.347492e-01,-5.129229e+00
1021,2.397337e-19,1.367217e-05,-1.871097e-04,4.753995e-04,-1.125508e+00,-9.671714e-01,1.996057e+00
1022,1.011136e-18,1.523492e-05,-1.868369e-04,4.716990e-04,7.405779e-01,-1.336410e+00,-1.754792e+00
1023,1.370725e-18,-1.875399e-05,-1.828077e-04,4.754045e-04,2.192511e-01,-2.477966e-01,-1.829264e-01
1024,9.533947e-19,-3.780569e-06,-1.615433e-04,4.730535e-04,3.619543e-01,2.534072e-01,7.260766e-01
1025,1.847380e-18,-1.189518e-05,-1.653554e-04,4.738627e-04,8.969162e-01,-9.874897e-01,8.739596e-01
1026,3.823300e-18,-3.907184e-06,1.929703e-04,5.042274e-04,3.254127e-02,2.057590e-02,1.444472e+00
1027,1.464350e-16,-6.663821e-06,2.004909e-04,4.809209e-04,8.722705e-01,1.748070e+00,9.081803e-01
1028,5.327905e-18,-6.249434e-06,1.995828e-04,4.937031e-04,1.533428e-01,-2.249276e-01,1.343270e+00
1029,9.328304e-17,1.431000e-05,1.882623e-04,4.862133e-04,-3.097741e-01,-6.572314e-01,2.362136e+00
1030,3.432003e-17,2.401389e-05,2.018665e-04,4.883439e-04,3.327079e-02,1.063623e-02,1.129637e+00
1031,2.831919e-18,-3.902118e-06,1.789135e-04,4.998422e-04,-1.221077e+00,-1.975592e+00,1.631608e+01
1032,2.055319e-17,-9.292134e-06,1.748340e-04,4.949448e-04,4.411070e+00,3.845349e+00,1.744040e+01
1033,1.123921e-18,-2.032191e-05,1.843716e-04,4.855565e-04,1.019112e-01,-2.184950e-01,-1.423255e+00
1034,1.571201e-18,7.815944e-06,1.773413e-04,4.902085e-04,6.916228e-02,3.579892e-02,-8.421088e-01
1035,2.484041e-17,1.329783e-05,1.742253e-04,4.990519e-04,-6.693000e-01,3.619358e+00,8.669333e+00
1036,2.015791e-17,-3.989159e-06,1.843089e-04,4.880142e-04,2.802500e+00,-1.310971e+00,3.876834e+00
1037,1.164263e-18,-8.596392e-06,1.953131e-04,4.995585e-04,3.562453e-02,4.687895e-02,3.198233e+00
1038,2.668801e-17,6.352951e-06,1.881397e-04,4.838366e-04,6.188004e-01,5.438740e-01,2.527897e+00
1039,2.570200e-17,1.470313e-05,1.876857e-04,5.033426e-04,1.083248e+00,5.127702e-01,2.328009e+00
1040,6.896674e-18,-8.544238e-06,1.914069e-04,4.895769e-04,-2.638428e-01,9.332817e-02,1.591497e+00
1041,2.744065e-18,-6.243360e-06,1.929288e-04,4.811989e-04,-2.698864e-01,-1.008224e+00,3.043851e+00
1042,3.257329e-17,-8.460416e-07,1.961012e-04,4.978970e-04,1.946245e+00,3.630012e+00,9.085616e+00
1043,2.339755e-18,2.460948e-05,1.851570e-04,4.910780e-04,7.085341e-02,1.041214e-01,2.694806e+00
1044,1.252811e-18,-1.378785e-06,1.851857e-04,4.903419e-04,4.147533e-01,-2.260152e-02,2.438162e+00
1045,1.192644e-16,-6.220689e-06,1.753871e-04,4.858758e-04,2.053253e-01,6.353412e-01,7.822645e+00
1046,4.280698e-18,1.551844e-06,1.773573e-04,4.964219e-04,-4.025448e-01,1.183032e+00,1.048064e+01
1047,5.195592e-18,-5.448403e-06,1.934003e-04,4.904407e-04,6.083002e-02,1.445570e+00,6.814681e+00
1048,4.511370e-18,3.125711e-06,1.851589e-04,5.017802e-04,-2.648480e-02,2.132944e-01,6.303027e+00
1049,2.638654e-18,6.304817e-06,1.989353e-04,4.848304e-04,-4.229951e+00,-2.096353e-01,1.111922e+01
1050,1.231011e-17,1.371055e-05,1.957053e-04,4.901675e-04,1.384234e-01,-8.796898e-01,4.787098e+00
1051,1.194125e-17,1.167482e-05,1.812413e-04,5.026237e-04,1.067002e+00,-2.622278e-02,7.440757e+00
1052,3.454854e-18,1.570676e-06,1.789277e-04,4.882624e-04,-2.440143e-01,-7.324774e-01,8.575057e+00
1053,1.277201e-18,1.014908e-05,1.999966e-04,4.777402e-04,1.439659e+00,-6.697218e-01,3.461468e+00
1054,2.767410e-18,8.649374e-06,1.882814e-04,4.781421e-04,-4.229382e-01,4.965427e-01,1.058107e+00
1055,8.564395e-18,-3.925221e-06,1.796831e-04,4.929693e-04,4.006369e-01,5.430021e-01,1.188416e+01
1056,2.518483e-18,-1.015160e-05,1.843711e-04,4.945132e-04,-9.816120e-02,-2.131400e-02,6.938065e+00
1057,7.581888e-18,-1.719171e-05,1.839771e-04,4.956661e-04,6.467632e-01,-1.687613e-01,3.329683e+00
1058,6.880913e-19,-1.017416e-05,1.847655e-04,4.816424e-04,1.287275e+00,-1.179604e+00,3.086651e+00
1059,9.263550e-18,-3.839108e-06,1.795173e-04,4.850445e-04,-8.112470e-01,-1.175022e+00,8.626198e+00
1060,1.822195e-18,-2.460947e-05,1.859372e-04,4.961045e-04,-1.070869e-01,6.680113e-02,3.749246e+00
1061,4.370394e-17,-1.800453e-05,1.646117e-04,4.969657e-04,-5.432776e-01,-1.631947e+00,4.116346e+00
1062,3.101641e-17,-1.209101e-06,1.694466e-04,4.907908e-04,-2.514143e+00,2.493905e-01,3.429073e+00
1063,3.555394e-17,-9.980427e-06,1.638633e-04,4.823634e-04,1.006285e+00,1.966204e-01,2.753260e+00
1064,3.415961e-18,-7.814196e-06,1.492174e-04,4.952569e-04,-1.178095e-02,2.326560e-01,3.468452e+00
1065,1.385821e-17,-5.305202e-06,1.535292e-04,4.900939e-04,-6.849825e-01,3.818007e-01,3.075375e+00
1066,3.373814e-18,-1.015452e-05,1.687547e-04,4.999246e-04,1.172014e+00,-1.007062e-01,1.450208e+01
1067,4.091564e-18,-9.520083e-06,1.687485e-04,4.945483e-04,5.028343e-01,-3.109770e-02,1.204318e+01
1068,1.939874e-18,-8.685847e-06,1.656511e-04,5.020862e-04,5.738557e-01,-1.070513e-01,8.890389e+00
1069,2.719661e-17,1.396481e-06,1.538715e-04,5.015425e-04,-8.409036e-01,-3.601378e+00,8.513294e+00
1070,1.966871e-17,-1.240145e-05,1.626497e-04,4.957249e-04,1.777267e+00,4.671197e-01,7.418265e+00
1071,3.082971e-18,-1.094548e-05,1.640726e-04,5.038122e-04,1.538262e-01,-1.643465e-01,1.174420e+01
1072,3.074507e-17,-1.158372e-06,1.639876e-04,4.987573e-04,8.861014e-01,1.057352e-02,9.863137e+00
1073,1.586353e-18,-1.152420e-05,1.642554e-04,4.934933e-04,1.389538e-01,3.375363e-01,1.111959e+01
1074,4.028815e-18,-5.444292e-06,1.663799e-04,4.811709e-04,3.194394e+00,1.432010e+00,4.847125e+00
1075,4.568280e-18,-8.587238e-06,1.648063e-04,4.982344e-04,2.955609e-02,-2.871105e-01,1.009856e+01
1076,2.426934e-19,-1.055286e-05,1.738286e-04,4.902126e-04,2.255462e+00,2.099472e-01,1.271419e+01
1077,8.590097e-19,-1.055159e-05,1.730468e-04,4.890851e-04,1.540113e+00,1.893426e-01,1.187465e+01
1078,4.952346e-18,-9.375898e-06,1.578139e-04,4.854874e-04,-1.022630e-01,-1.007107e-01,1.981165e+00
1079,1.070993e-17,-1.122162e-05,1.710919e-04,4.836148e-04,1.728213e+00,-1.667246e-02,1.038117e+01
1080,1.073164e-18,-1.642906e-05,1.679660e-04,4.847692e-04,-1.105216e-02,4.548015e-02,2.864709e+00
1081,2.530484e-18,-1.719369e-05,1.617141e-04,4.852126e-04,1.130053e-01,4.928082e-01,2.069453e+00
1082,2.410950e-19,-5.078220e-06,1.730466e-04,4.777403e-04,4.086949e+00,4.554483e-01,4.661155e+00
1083,1.613070e-17,-2.428021e-05,1.679140e-04,5.005841e-04,4.367790e-01,-3.047117e-01,2.677633e+00
1084,4.852728e-19,-1.132806e-05,1.691407e-04,4.773448e-04,2.279362e+00,7.900630e-01,4.146189e+00
1085,1.953188e-18,-2.236001e-06,1.640640e-04,4.872933e-04,-9.625078e-01,-1.708187e-01,4.391862e+00
1086,3.744505e-18,-2.409270e-06,1.640619e-04,4.829779e-04,-1.807589e-01,1.138561e-01,2.154076e+00
1087,4.546525e-18,-1.015384e-05,1.559366e-04,4.781588e-04,5.687665e-02,2.763074e-01,-3.610645e-01
1088,8.359106e-18,-2.431417e-05,1.726202e-04,4.905547e-04,-1.756991e-02,-5.963456e-03,1.892931e+00
1089,4.372084e-18,1.563385e-05,1.687414e-04,4.957737e-04,-3.545205e-02,-3.538723e-02,6.421796e-01
1090,1.354581e-18,5.473441e-06,1.664016e-04,4.808602e-04,3.694241e-01,-2.923140e-01,-2.157515e+00
1091,2.397722e-17,1.221543e-05,1.621273e-04,4.851053e-04,-5.033902e-01,1.469447e+00,1.149482e+00
1092,2.072369e-17,3.361692e-06,1.709462e-04,4.814471e-04,-4.532755e+00,-3.925584e-01,4.868649e+00
1093,5.534416e-19,1.445700e-05,1.695372e-04,4.917858e-04,-4.424970e-01,1.101116e-01,4.601021e+00
1094,3.178140e-18,1.487917e-05,1.671785e-04,4.859418e-04,-3.597304e-01,-7.692363e-01,3.268290e+00
1095,7.825916e-17,6.839250e-06,1.490694e-04,5.053326e-04,-2.411067e-02,-1.228039e+00,5.885272e+00
1096,8.280159e-18,1.241897e-05,1.585867e-04,5.033737e-04,-7.043205e-02,-3.118456e-03,4.365250e+00
1097,1.734341e-17,1.005733e-05,1.497736e-04,4.838954e-04,2.480837e-01,-3.276508e-01,1.684921e+00
1098,2.547439e-19,3.516704e-06,1.613281e-04,4.816349e-04,-1.401456e-01,4.330736e-01,4.500766e+00
1099,7.209641e-19,1.486277e-05,1.691401e-04,4.777461e-04,5.142316e-01,7.965573e-01,8.720914e-01
1100,2.981170e-18,2.429008e-05,1.695278e-04,4.882714e-04,6.263626e-02,2.719110e-02,1.560926e+00
1101,3.928361e-18,2.460943e-05,1.585953e-04,4.837618e-04,-1.443439e-02,6.368093e-02,2.309260e+00
1102,1.316303e-16,3.879237e-06,2.056744e-04,5.023069e-04,-5.023596e-01,6.159875e-01,3.981588e+00
1103,3.440027e-17,2.781111e-06,2.201548e-04,5.051654e-04,-6.361856e-01,2.671141e+00,9.440383e+00
1104,7.622754e-18,-1.015658e-05,2.242186e-04,4.781286e-04,-1.382620e+00,-5.387060e-01,3.813539e-01
1105,8.169867e-17,-9.791789e-06,2.247991e-04,4.776059e-04,-8.550497e-01,1.970200e-01,1.162020e+00
1106,1.278172e-18,9.388071e-06,2.210331e-04,4.793036e-04,-4.658824e-01,-1.516093e+00,2.269743e+00
1107,6.681459e-17,7.202268e-06,2.109392e-04,4.835125e-04,4.107570e-01,2.731597e+00,3.141453e+00
1108,3.316715e-17,2.105326e-05,2.156255e-04,4.832554e-04,9.504498e-01,-5.474558e-01,-1.053101e-01
1109,7.594223e-17,8.980076e-06,2.232194e-04,4.945351e-04,1.800849e-01,-5.556155e-01,9.091898e+00
1110,2.391085e-17,9.491126e-06,2.040239e-04,4.860650e-04,8.465933e-01,-7.840189e-05,9.903742e+00
1111,1.759837e-18,1.158805e-05,2.163904e-04,4.985552e-04,-3.440295e-02,1.880525e-01,9.241280e+00
1112,3.667615e-18,6.403746e-06,2.210075e-04,4.852942e-04,-3.381677e+00,9.663335e-01,5.147038e+00
1113,2.830233e-18,5.392337e-06,2.132219e-04,4.904611e-04,-6.165091e-01,2.207190e-01,5.029754e+00
1114,2.882615e-18,5.352548e-06,2.022284e-04,4.795115e-04,-1.404353e+00,-4.081028e-02,4.623103e+00
1115,4.890204e-18,4.292459e-06,2.195330e-04,4.944740e-04,4.107336e-01,-4.409149e-03,3.354073e+00
1116,2.218753e-17,1.205274e-05,2.048404e-04,4.789343e-04,-7.244346e-01,-1.033481e+00,2.906305e+00
1117,1.325877e-18,6.250087e-06,2.070321e-04,4.917637e-04,-2.776826e-02,-7.580844e-01,2.835740e+00
1118,5.253723e-18,1.171699e-05,2.163987e-04,4.929131e-04,2.597205e-01,2.081167e-01,6.976040e+00
1119,2.303793e-18,7.800385e-06,2.038747e-04,4.813508e-04,-3.932303e-01,5.779849e-01,9.214507e+00
1120,4.138648e-18,9.380044e-06,2.234392e-04,4.846852e-04,1.595313e-01,1.021602e-01,5.611209e+00
1121,4.586932e-18,1.057105e-05,2.164012e-04,4.805013e-04,-2.465082e-02,-1.594332e-01,1.316217e+00
1122,1.639191e-17,-1.957117e-05,2.250641e-04,5.012612e-04,-1.481897e+00,4.195898e-01,4.352779e+00
1123,1.040965e-16,-1.365541e-05,2.422375e-04,4.901323e-04,-1.064864e-01,5.921986e-01,6.745710e+00
1124,2.974959e-18,1.405163e-05,2.453195e-04,5.038953e-04,-3.177434e-01,1.691420e-01,1.190051e+00
1125,1.906690e-17,2.390650e-05,2.320313e-04,4.973517e-04,5.248979e-01,1.627637e-01,1.243331e+00
1126,6.837028e-17,2.332476e-05,2.316693e-04,4.975733e-04,1.285288e+00,3.634245e-01,1.988327e+00
1127,1.409827e-17,8.777312e-06,2.367427e-04,4.913574e-04,-1.118276e+00,1.120276e-02,-6.793977e-01
1128,7.626370e-18,-2.421894e-05,2.421876e-04,4.961025e-04,3.553300e-02,-1.856421e-01,1.315119e+00
1129,3.863222e-17,-2.385026e-05,2.423938e-04,4.958057e-04,-5.942521e-02,-8.855890e-02,9.605209e-01
1130,6.673216e-19,7.931645e-07,2.496093e-04,4.800746e-04,-2.202959e-01,1.160581e-01,-2.047402e+00
1131,9.413877e-18,-1.649719e-05,2.358495e-04,4.870358e-04,-4.461751e-01,-5.907853e-01,1.230806e+00
1132,5.039242e-18,8.596367e-06,2.295709e-04,4.949962e-04,-1.478353e-01,2.459520e-01,8.455083e-01
1133,4.044055e-18,-1.869361e-06,2.266007e-04,5.015613e-04,-8.638673e-01,1.142823e+00,8.594442e+00
1134,2.281125e-17,-9.457732e-06,2.330682e-04,5.007883e-04,1.135696e+00,-1.268328e-02,7.824173e+00
1135,3.963729e-17,-9.810207e-06,2.374588e-04,4.843860e-04,-1.794493e+00,-4.564077e-01,8.024582e+00
1136,9.932288e-19,-2.148446e-05,2.496092e-04,5.027809e-04,-3.086581e+00,7.402312e-01,2.454747e+01
1137,3.688343e-17,7.744114e-07,2.298715e-04,4.859490e-04,-2.889777e+00,-1.539289e+00,5.315527e+00
1138,2.245358e-17,-1.741577e-05,2.496094e-04,4.864402e-04,-7.465294e-01,4.167683e-01,1.149770e+01
1139,1.570809e-17,-7.919294e-06,2.279541e-04,5.003450e-04,6.086237e-01,-5.128851e-01,6.056838e+00
1140,8.868762e-19,-1.316171e-05,2.334418e-04,4.894459e-04,-8.912247e-01,-4.843576e-02,4.361264e+00
1141,2.652467e-18,-1.551967e-06,2.265681e-04,4.811877e-04,-1.277090e-01,1.574737e-01,3.470559e+00
1142,1.280594e-17,-7.836862e-07,2.265557e-04,4.943763e-04,6.400643e-03,-6.277258e-02,8.010004e+00
1143,1.548028e-17,-1.246930e-05,2.431961e-04,4.806935e-04,-8.076787e-03,-2.104237e-01,6.885241e+00
1144,1.235353e-17,-5.415920e-06,2.468682e-04,4.937817e-04,-1.885952e-01,-6.030116e-02,2.183027e+00
1145,1.253926e-18,-8.361102e-06,2.289915e-04,4.850601e-04,-1.882735e-01,-1.050407e-01,1.188918e+00
1146,1.002963e-17,-2.418410e-05,2.491904e-04,4.910415e-04,1.816797e-01,-1.903445e-02,2.203447e+00
1147,5.410752e-19,-4.702864e-06,2.496095e-04,4.909789e-04,3.604315e-01,1.867009e-01,2.623279e+00
1148,2.091610e-17,1.680771e-05,2.459732e-04,4.882651e-04,-4.621091e-01,-5.137601e-01,6.911805e+00
1149,1.406088e-18,1.564059e-05,2.496093e-04,4.921769e-04,-1.163675e-01,1.717047e-01,7.154535e+00
1150,3.431447e-18,1.641434e-05,2.496095e-04,4.983780e-04,1.030604e-01,-5.461016e-02,8.672204e+00
1151,3.107846e-17,5.287434e-06,2.375377e-04,4.820126e-04,-1.581421e-01,-6.084946e-01,6.531955e+00
1152,2.561169e-18,6.615070e-07,2.326280e-04,4.807142e-04,-2.425181e+00,-8.755113e-01,3.806356e+00
1153,1.406054e-17,1.630281e-05,2.405553e-04,4.779780e-04,-6.680044e-01,2.621077e-01,1.690004e+00
1154,4.389637e-18,1.250834e-05,2.265461e-04,4.964327e-04,9.981648e-02,1.854926e-01,1.989718e+00
1155,9.060542e-19,1.953258e-06,2.329935e-04,4.782220e-04,1.770599e+00,-2.362889e+00,4.601559e+00
1156,3.951836e-18,8.461359e-07,2.289095e-04,5.036351e-04,8.509749e-01,-1.138725e+00,1.350302e+01
1157,1.161938e-18,7.825336e-07,2.289319e-04,5.010804e-04,2.491759e-02,-7.725889e-01,1.344556e+01
1158,5.491923e-19,3.905776e-07,2.285159e-04,4.952857e-04,-5.773206e-01,2.263128e-01,7.587315e+00
1159,5.199375e-18,7.720968e-07,2.298265e-04,4.932646e-04,3.436509e-01,1.533510e-01,8.487498e+00
1160,2.092995e-16,1.115354e-07,2.483117e-04,5.194258e-04,-4.641149e-01,1.848779e-01,7.954609e+00
1161,1.242553e-16,1.981116e-06,2.291607e-04,5.220930e-04,1.860184e-01,-1.604170e+00,1.306599e+01
1162,1.227599e-17,1.751194e-06,2.262204e-04,5.130112e-04,4.392543e-01,-1.070139e+00,1.505820e+01
1163,2.845033e-17,1.865925e-05,2.491106e-04,5.111969e-04,1.523716e+00,-1.972817e-01,1.243083e+01
1164,4.701780e-18,7.255617e-06,2.391674e-04,5.131555e-04,9.076965e-01,-5.130271e-01,8.864177e+00
1165,1.156923e-18,7.766703e-07,2.496099e-04,5.083361e-04,8.054977e-03,-1.177469e-01,7.653958e+00
1166,8.398657e-19,1.233106e-05,2.282375e-04,5.231643e-04,1.068073e-01,-7.791892e-02,5.563848e+00
1167,3.786446e-18,2.211346e-05,2.496095e-04,5.235933e-04,5.488115e-01,-2.574653e-02,4.540979e+00
1168,4.850711e-18,7.408714e-07,2.289528e-04,5.116401e-04,9.552060e-01,3.985290e-01,1.935118e+01
1169,1.133846e-18,1.246899e-05,2.281277e-04,5.110584e-04,1.257527e-01,2.233189e-01,2.650413e+00
1170,1.424068e-17,-2.305354e-05,2.493072e-04,5.084488e-04,-5.209834e+00,-2.014293e-01,2.801467e+01
1171,1.482646e-17,-7.809519e-06,2.289067e-04,5.182541e-04,3.238263e-01,-6.696404e-01,7.617456e+00
1172,8.376957e-17,-8.146543e-06,2.285751e-04,5.187214e-04,2.539227e-01,-3.925703e-01,7.547770e+00
1173,4.410891e-17,-1.538035e-05,2.489698e-04,5.285999e-04,-2.609335e-01,2.251634e-02,7.200675e+00
1174,2.324117e-18,-8.588192e-06,2.289090e-04,5.114773e-04,1.148252e-01,7.974814e-02,8.408519e+00
1175,4.718097e-18,-1.405890e-05,2.343651e-04,5.262727e-04,3.408158e-02,-3.278182e-01,6.978688e+00
1176,7.009297e-18,-1.075950e-05,2.359370e-04,5.055527e-04,-6.373562e-01,2.240179e-01,3.241620e+00
1177,2.355930e-18,-3.902325e-06,2.398412e-04,5.257817e-04,6.369619e-03,-5.817843e-02,3.125960e+00
1178,2.617303e-19,-1.925777e-04,-1.601560e-05,4.730593e-04,-5.892056e-01,4.265057e-02,-3.687195e+00
1179,1.766236e-18,-1.952335e-04,-1.065973e-05,4.741330e-04,-1.266834e+00,-3.191994e+00,-2.470276e+00
1180,1.733915e-18,-1.812196e-04,-8.984655e-06,4.741513e-04,1.241928e+00,1.290897e-01,6.812980e-01
1181,5.633546e-19,-1.811985e-04,-8.203479e-06,4.722753e-04,5.389019e-01,3.473315e+00,-1.635428e+00
1182,2.219317e-18,-1.967713e-04,1.327419e-05,4.732457e-04,1.795946e-01,2.091310e-01,1.105164e+00
1183,1.069741e-18,-1.800784e-04,7.421540e-06,4.738623e-04,-8.410967e-01,3.643742e-01,3.136135e+00
1184,8.796699e-19,-1.808597e-04,8.203266e-06,4.742173e-04,-2.659457e+00,-3.276030e-01,4.553173e+00
1185,2.807907e-18,-2.164403e-04,-8.562604e-06,4.750138e-04,9.307969e-01,1.217775e+00,3.640189e-01
1186,2.813862e-18,-2.015968e-04,-3.927675e-06,4.741971e-04,-8.450215e-01,-9.161034e-01,-7.499976e-01
1187,2.229201e-18,-2.226149e-04,9.339035e-06,4.756961e-04,1.478419e+00,-7.831984e-01,4.254208e+00
1188,4.200303e-17,-1.120267e-04,7.752236e-06,4.889144e-04,-3.128254e-01,-2.347517e+00,1.878897e+01
1189,1.818731e-17,-9.901238e-05,6.402049e-06,5.007301e-04,-3.282172e-01,-1.672182e+00,1.749847e+00
1190,4.136773e-18,-1.226511e-04,1.406713e-05,4.964492e-04,7.508278e-02,-2.322544e-01,7.824145e-01
1191,3.851007e-17,-1.149990e-04,1.358738e-05,4.939423e-04,1.869756e+00,2.982747e-01,1.010371e+01
1192,3.766213e-17,-1.069734e-04,8.068894e-06,4.918756e-04,6.488940e-01,1.344624e+00,8.617882e+00
1193,3.912753e-17,-1.104053e-04,1.989924e-05,4.958026e-04,1.336528e+00,1.865493e+00,9.924196e+00
1194,4.889679e-18,-1.070583e-04,1.642533e-05,4.954161e-04,2.945597e-01,-8.512616e-02,1.268284e+01
1195,9.053400e-17,-1.071111e-04,-1.171953e-06,4.979666e-04,1.287834e-01,-2.041988e+00,3.378280e+00
1196,6.435520e-18,-1.046879e-04,1.403686e-05,4.938210e-04,-1.033147e-01,-2.039224e-01,8.691279e+00
1197,2.760706e-18,-9.982063e-05,2.030962e-05,4.878771e-04,1.062657e+00,3.446759e-01,7.190389e+00
1198,4.635726e-18,-1.078650e-04,7.129803e-06,4.873660e-04,-5.228972e-01,-8.021707e-01,1.213154e+01
1199,8.988412e-18,-1.202687e-04,1.327519e-08,4.925349e-04,-1.969947e-01,-4.661023e-01,6.851974e+00
1200,6.105477e-19,-1.136717e-04,5.859973e-06,4.999213e-04,-6.706867e-01,-1.965202e+00,2.203760e+01
1201,3.180315e-18,-1.131798e-04,6.840846e-06,4.978853e-04,-1.202792e+00,-1.301994e-01,2.024552e+01
1202,4.552160e-18,-1.093414e-04,1.409441e-05,4.864927e-04,-5.759944e-01,-7.116162e-01,4.901409e+00
1203,5.159335e-18,-1.164619e-04,1.346362e-05,4.892476e-04,2.466298e-02,-1.076709e+00,1.223229e+01
1204,9.961353e-19,-1.118803e-04,1.703231e-05,4.949144e-04,1.339976e+00,4.563494e+00,3.139037e+00
1205,6.343848e-18,-1.069107e-04,2.396740e-05,4.787804e-04,-2.860431e-01,-4.286357e-01,1.056711e-01
1206,1.890364e-17,-1.041772e-04,2.191752e-05,4.792819e-04,-7.902955e-01,1.108597e+00,1.249725e+00
1207,9.154791e-19,-1.072058e-04,1.654010e-05,4.894510e-04,-1.124029e-01,-7.369086e-01,9.311281e+00
1208,8.744368e-19,-1.183589e-04,1.367430e-05,4.863799e-04,-5.048666e-02,-4.668749e-01,1.238167e+01
1209,2.062773e-18,-1.177919e-04,1.324461e-05,4.844076e-04,-8.321595e-02,-3.501791e-01,1.039337e+01
1210,2.744600e-18,-1.046944e-04,1.406661e-05,4.859432e-04,-3.846393e-02,-8.076171e-02,5.978187e+00
1211,1.297477e-18,-1.072630e-04,1.679732e-05,4.833314e-04,-4.558005e-01,-3.233578e-01,5.458136e+00
1212,1.989998e-18,-1.071861e-04,5.607140e-06,4.812496e-04,-1.751182e-01,5.435908e-01,6.679307e+00
1213,2.781010e-18,-1.070080e-04,1.637556e-05,4.773248e-04,-2.902601e-01,-3.279372e-01,2.616613e+00
1214,4.968038e-18,-1.046840e-04,1.405983e-05,4.816937e-04,1.077721e-01,2.221096e-01,4.749802e+00
1215,2.566359e-18,-1.132936e-04,1.798218e-05,4.797112e-04,4.600647e-03,9.599751e-02,2.234538e+00
1216,2.380577e-16,-9.973057e-05,-7.970447e-06,4.916525e-04,2.466601e-01,1.596866e+00,7.777659e+00
1217,5.391844e-18,-1.239014e-04,-2.020651e-05,4.924912e-04,7.813777e-01,-4.873048e+00,1.328588e+01
1218,1.671144e-18,-1.117313e-04,-1.562043e-05,4.886737e-04,-1.466099e+00,2.829764e-01,-2.242373e+00
1219,2.921450e-17,-1.108993e-04,-1.580841e-05,4.786845e-04,-3.711791e-01,1.620276e+00,4.640406e+00
1220,4.783619e-17,-1.183261e-04,-1.164445e-05,4.945817e-04,1.939542e+00,-3.158459e-01,5.938300e+00
1221,1.589354e-17,-1.169182e-04,-1.421087e-05,4.796223e-04,-6.492474e-01,8.955599e-01,-2.215299e-01
1222,2.116427e-17,-1.178893e-04,-3.885178e-06,4.885061e-04,1.825071e-01,1.373475e-02,2.464744e+00
1223,2.640503e-17,-1.227335e-04,-1.885252e-05,4.974546e-04,-1.505000e+00,-1.848169e+00,1.163640e+01
1224,1.672435e-17,-1.002668e-04,-1.153304e-05,4.811411e-04,3.993307e+00,-3.013054e+00,6.717764e+00
1225,2.987431e-17,-1.057721e-04,-7.362746e-06,4.945424e-04,6.059975e-01,4.187513e-01,9.830880e+00
1226,7.414104e-18,-1.203194e-04,-1.704343e-05,4.943830e-04,-1.387594e-01,1.035962e+00,1.503043e+01
1227,4.631969e-18,-1.226576e-04,-1.284561e-05,4.882790e-04,9.190068e-01,2.315252e+00,7.672368e+00
1228,2.124621e-18,-1.101403e-04,-1.327362e-05,4.968432e-04,-1.720999e-01,1.216317e-01,7.696367e+00
1229,3.549583e-17,-1.055802e-04,-9.767378e-06,4.849153e-04,2.662697e-01,2.882727e+00,6.263691e+00
1230,2.709248e-19,-1.027354e-04,-9.766956e-06,4.831980e-04,1.286680e+00,-1.826132e+00,5.139121e+00
1231,5.719198e-19,-1.238295e-04,-1.639926e-05,4.839832e-04,-8.338695e-02,-2.017660e+00,7.752167e+00
1232,7.421165e-18,-1.109536e-04,-5.473660e-06,4.970029e-04,1.387143e-01,-2.631270e-01,4.331031e+00
1233,1.362192e-17,-1.241714e-04,-6.565782e-06,4.934994e-04,1.116531e+00,-1.029016e+00,2.841193e+00
1234,1.169359e-18,-1.062445e-04,-7.838429e-06,4.909892e-04,4.202604e-02,-6.247636e-02,1.109943e+01
1235,3.099426e-18,-1.088760e-04,-2.451282e-06,4.942824e-04,3.338247e+00,-1.972101e-01,6.146391e+00
1236,9.003394e-19,-1.064273e-04,-1.210985e-05,4.806349e-04,-2.802027e-01,1.671072e+00,7.081333e+00
1237,3.409449e-18,-1.195062e-04,-1.093359e-05,4.835828e-04,-4.580715e-01,-2.129049e-01,3.571051e+00
1238,4.906069e-18,-1.234349e-04,-1.557024e-06,4.902980e-04,2.779996e-02,3.619680e-02,2.736283e+00
1239,7.226964e-18,-1.210821e-04,-1.562489e-05,4.777490e-04,3.852705e-01,-9.187436e-02,1.670276e+00
1240,1.930505e-18,-1.102997e-04,-1.338478e-05,4.851933e-04,-4.281128e-01,5.369296e-01,1.790841e+00
1241,8.620752e-18,-9.295083e-05,1.363773e-05,4.896098e-04,1.114437e+00,1.852883e-01,-2.442979e+00
1242,1.442244e-18,-7.664204e-05,1.243966e-05,4.809950e-04,-2.482942e-03,-1.508592e-01,-1.614147e+00
1243,2.100884e-17,-8.714763e-05,1.170738e-05,4.978214e-04,-5.547089e-01,-4.659535e-01,1.938886e+01
1244,2.144726e-17,-8.595308e-05,2.413205e-05,4.978705e-04,5.303411e-02,1.118282e-02,1.426712e+00
1245,4.882425e-17,-9.618319e-05,2.026467e-05,4.882368e-04,1.682533e+00,2.281644e-01,5.014730e+00
1246,2.812667e-17,-9.272848e-05,2.404072e-05,4.840878e-04,-1.390378e+00,1.584380e+00,3.341496e+00
1247,3.032689e-18,-9.218728e-05,2.368956e-06,4.952436e-04,-1.631489e-02,-4.008793e-01,4.282494e+00
1248,1.303094e-17,-8.066194e-05,1.447380e-05,4.870365e-04,7.935762e-02,-2.322208e-01,3.644853e+00
1249,3.329812e-18,-9.765651e-05,4.687856e-06,4.937011e-04,2.230385e-02,3.264876e-02,3.065862e+00
1250,3.989287e-18,-8.827461e-05,7.668133e-06,4.928885e-04,1.395149e-01,9.826471e-01,5.508958e+00
1251,1.251949e-18,-8.671770e-05,1.169077e-05,4.902256e-04,-5.193712e-01,-9.413280e-01,1.404776e+01
1252,4.488980e-18,-8.650694e-05,1.241464e-05,4.778512e-04,5.850561e-01,-2.963627e-02,3.064225e+00
1253,1.873673e-17,-9.703041e-05,-2.332923e-05,5.005870e-04,3.547576e-01,-4.643809e+00,2.024876e+01
1254,1.089029e-18,-9.843828e-05,-1.248826e-05,5.034595e-04,-3.945975e-02,2.856930e-02,-9.078843e-01
1255,1.820638e-17,-8.468681e-05,-2.277012e-05,4.893677e-04,-2.650474e+00,-1.992949e+00,7.645857e+00
1256,1.639886e-17,-8.074170e-05,-1.617319e-05,4.996837e-04,-1.321473e+00,-9.687170e-01,6.348491e+00
1257,2.898477e-18,-9.688402e-05,-2.112301e-05,4.957354e-04,-5.167154e-01,-4.321148e+00,1.874401e+01
1258,1.044100e-18,-8.750658e-05,-1.173318e-05,4.925618e-04,-8.213115e-02,6.903192e-01,5.655770e+00
1259,2.643822e-18,-8.045141e-05,-1.955015e-05,4.812265e-04,-1.347219e+00,1.564804e+00,5.319906e+00
1260,7.778220e-18,-9.206538e-05,-1.402056e-05,5.004631e-04,8.560395e-01,5.787844e-01,6.401464e+00
1261,3.046571e-18,-8.749719e-05,-5.475772e-06,4.905755e-04,-2.990981e-01,6.111819e-01,3.825833e+00
1262,6.377922e-19,-9.688758e-05,-1.992476e-05,4.925785e-04,-1.703229e+00,-1.975310e+00,1.657855e+01
1263,5.204354e-18,-7.811158e-05,-1.171092e-05,5.006743e-04,1.786502e-01,7.694592e-01,5.595657e+00
1264,1.659876e-18,-8.757667e-05,-4.423117e-06,4.803215e-04,9.116450e-02,2.181820e+00,1.968582e+00
1265,2.468577e-18,-9.138849e-05,-1.798960e-05,5.007434e-04,3.804012e-01,3.121438e-01,3.209749e+00
1266,5.307634e-19,-9.686760e-05,-1.445361e-05,4.777432e-04,1.956906e-01,9.369789e-02,4.357509e+00
1267,1.969566e-17,-1.418700e-05,2.236000e-04,5.426606e-04,5.098898e-01,-1.877611e+00,1.034434e+01
1268,1.549439e-17,2.222312e-06,2.265817e-04,5.357171e-04,-1.358029e-01,4.804649e-02,2.066449e+01
1269,1.721625e-17,1.106850e-05,2.245410e-04,5.337906e-04,1.799682e+00,-2.421660e-02,9.178087e+00
1270,5.919331e-17,-1.063279e-05,2.439917e-04,5.486522e-04,1.230692e-01,1.358494e+00,9.166041e+00
1271,8.318892e-17,-1.008530e-05,2.487234e-04,5.418003e-04,-1.235751e+00,-2.426078e-01,6.836245e+00
1272,3.784794e-17,6.353367e-07,2.409166e-04,5.384190e-04,-4.832112e-01,1.572204e+00,9.474740e+00
1273,9.671698e-17,8.827688e-06,2.354457e-04,5.383319e-04,8.953151e-01,4.860104e-01,6.311001e+00
1274,6.502579e-17,4.273285e-06,2.424502e-04,5.478919e-04,-3.013730e-01,4.477329e-02,5.654519e+00
1275,9.472605e-18,3.653827e-06,2.293421e-04,5.420095e-04,3.363470e+00,8.112666e-01,1.024784e+01
1276,1.404677e-17,1.093730e-05,2.492196e-04,5.388623e-04,-3.258473e-01,3.212619e-02,6.515879e+00
1277,5.383882e-17,1.049536e-05,2.485328e-04,5.391470e-04,-3.408947e-01,7.823749e-03,6.424257e+00
1278,2.634177e-18,1.318092e-05,2.496107e-04,5.464129e-04,2.972588e-01,8.793723e-02,4.586306e+00
1279,4.148460e-18,3.149545e-06,2.445463e-04,5.377003e-04,8.943791e-01,-3.596984e-01,3.184695e+00
1280,1.022401e-18,1.799291e-05,2.304786e-04,5.413780e-04,3.758750e-02,-4.017365e-02,3.093250e+00
1281,2.385809e-18,1.407245e-05,2.374965e-04,5.403703e-04,-3.778426e-02,8.601811e-02,3.809065e+00
1282,6.127769e-19,1.088291e-05,2.496105e-04,5.478568e-04,3.466103e-01,1.834758e-01,-3.637501e-01
1283,4.619384e-18,-9.372203e-06,2.328185e-04,5.391866e-04,3.796565e-03,-1.967024e-01,4.898153e+00
1284,2.010134e-18,-3.902499e-06,2.336108e-04,5.352694e-04,4.616831e-02,1.826508e-02,6.601588e-01
1285,1.182388e-18,-3.908223e-06,2.336076e-04,5.334253e-04,-6.471020e-02,-3.376616e-02,-1.091766e-02
1286,2.941347e-17,-1.405674e-05,2.015596e-04,5.137243e-04,-4.011658e-01,-8.575657e-01,9.005414e+00
1287,1.443298e-16,-1.350977e-05,2.017790e-04,5.130812e-04,-1.319437e-01,-7.006249e-01,9.568878e+00
1288,5.038636e-17,-1.527381e-05,2.212740e-04,5.121467e-04,-1.954677e-01,5.327789e-01,5.236947e+00
1289,1.359796e-17,-2.491587e-06,2.043245e-04,5.064476e-04,6.177728e-02,1.839128e+00,3.296323e+00
1290,5.346671e-17,-7.776787e-06,2.161995e-04,5.291039e-04,-1.256330e+00,5.950353e-01,9.736018e+00
1291,2.842302e-17,-1.243364e-05,2.063903e-04,5.225013e-04,-8.807050e-01,-4.933602e-01,1.035751e+01
1292,4.162448e-18,-7.824173e-07,2.078110e-04,5.162783e-04,-9.592151e-02,-5.428610e-02,6.067073e+00
1293,6.790473e-18,-7.789288e-07,2.037164e-04,5.245304e-04,4.995963e-02,-9.621238e-01,7.169833e+00
1294,1.714994e-18,-2.399644e-06,2.148935e-04,5.121054e-04,6.030765e-01,-2.403478e-01,3.855314e+00
1295,3.728394e-18,-2.343672e-06,2.148439e-04,5.064349e-04,-4.563794e-03,-5.302060e-02,5.209211e+00
1296,3.134981e-18,-6.246797e-06,2.218752e-04,5.212794e-04,-1.309126e-01,-5.997391e-02,2.641794e+00
1297,4.710897e-19,-7.033786e-06,2.089828e-04,5.072650e-04,2.341699e-01,-4.726089e-02,3.177093e+00
1298,2.730396e-18,-1.718027e-05,2.070331e-04,5.243207e-04,2.042391e-01,5.777395e-02,3.580545e+00
1299,2.822622e-18,-1.405080e-05,2.179652e-04,5.243544e-04,2.607621e-01,-1.223140e-01,2.112323e+00
1300,2.272437e-17,-1.937973e-05,2.187648e-04,5.212780e-04,3.861987e-01,2.465581e-01,5.814575e-01
1301,2.755483e-17,6.229602e-06,2.135329e-04,5.076140e-04,-3.733784e+00,-1.104980e+00,1.243620e+01
1302,2.721825e-18,7.852613e-06,2.171827e-04,5.250827e-04,-4.451444e-01,1.163809e-01,1.340381e+01
1303,1.805914e-16,1.633307e-05,1.961829e-04,5.259034e-04,4.052195e-01,5.346159e-01,6.128578e+00
1304,1.318461e-17,1.347717e-06,2.199351e-04,5.137135e-04,-7.160139e-01,1.661069e+00,1.035814e+01
1305,5.109467e-18,1.564520e-06,2.195405e-04,5.246565e-04,-2.619231e-01,-4.244738e-01,1.185896e+01
1306,2.529761e-19,1.132930e-05,2.160143e-04,5.042180e-04,3.039759e-02,-2.320043e-02,8.995684e+00
1307,2.131082e-17,1.467177e-05,2.102140e-04,5.105889e-04,2.198727e-01,5.483808e-01,7.013537e+00
1308,3.471831e-17,1.450855e-05,2.011524e-04,5.177764e-04,1.267462e+00,-9.190369e-02,5.464474e+00
1309,6.569969e-18,1.879568e-05,2.211210e-04,5.096238e-04,-6.396355e-02,8.886380e-01,2.828031e+00
1310,2.222587e-18,-6.247535e-06,1.992134e-04,5.429260e-04,-2.528488e-02,-1.315668e-02,4.422115e+00
1311,6.618460e-18,8.756165e-07,2.195282e-04,5.325630e-04,-7.092086e-01,4.172814e-02,1.261241e+01
1312,2.525614e-18,-2.209929e-09,2.195299e-04,5.496541e-04,1.291487e-01,1.456744e-02,2.051469e+01
1313,1.150469e-17,-1.047503e-05,2.026104e-04,5.400299e-04,4.272050e-01,-4.288435e-01,7.449794e+00
1314,9.615160e-19,-1.797119e-05,2.070310e-04,5.399003e-04,-1.799928e-01,-1.078686e-02,-3.000210e-01
1315,2.791754e-17,2.070659e-05,2.015646e-04,5.423866e-04,3.283644e-01,-5.873770e-01,4.208198e+00
1316,1.204677e-16,2.101657e-05,2.015478e-04,5.420378e-04,3.250364e-01,-5.502212e-01,4.029973e+00
1317,3.450432e-17,1.250740e-05,2.154756e-04,5.426739e-04,1.153692e+00,1.193660e-01,5.717834e+00
1318,8.008757e-18,2.399830e-06,2.230555e-04,5.453904e-04,-3.237296e-02,-3.155537e+00,1.958756e+01
1319,2.719736e-18,1.093793e-05,2.171831e-04,5.366131e-04,1.353038e-01,1.944898e-01,1.658272e+01
1320,3.739209e-17,9.541557e-06,2.065702e-04,5.477213e-04,-1.870098e-01,-3.454937e-01,8.474537e+00
1321,5.152354e-18,1.094571e-05,2.202704e-04,5.428867e-04,-1.819069e+00,-2.858562e-04,1.154107e+01
1322,4.168892e-18,7.278737e-06,2.203008e-04,5.299364e-04,-2.617978e+00,4.764763e-03,1.074010e+01
1323,1.146388e-16,1.256163e-05,2.152657e-04,5.427382e-04,1.087336e+00,-1.896238e-01,5.902108e+00
1324,4.203244e-18,2.030176e-05,2.210940e-04,5.364262e-04,-5.726691e-01,3.288163e-02,6.529957e+00
1325,2.509544e-17,1.557626e-05,2.094080e-04,5.359725e-04,2.092572e-01,4.385776e-01,7.897072e+00
1326,1.660611e-17,9.771459e-06,2.110152e-04,5.368092e-04,6.699730e-02,-6.651772e-01,5.660953e+00
1327,1.125939e-18,2.112431e-05,2.210984e-04,5.399257e-04,-8.747263e-01,3.180275e-02,3.381251e+00
1328,2.268633e-18,1.636837e-05,2.226088e-04,5.394374e-04,2.508194e-01,2.741881e-01,3.174865e+00
1329,4.631139e-17,-1.567913e-04,8.175251e-06,4.840671e-04,-1.289505e+00,-3.079212e-01,1.515229e+00
1330,2.120465e-18,-1.679658e-04,-7.809344e-07,5.022425e-04,-1.063879e-01,-3.946547e-02,1.218767e+00
1331,2.372693e-17,-1.572779e-04,1.241076e-05,4.892775e-04,2.080171e+00,-4.077120e-01,1.141268e+01
1332,1.502212e-17,-1.507578e-04,1.597380e-05,4.836052e-04,-1.082902e-01,-2.613291e-02,5.249182e+00
1333,1.183099e-18,-1.694690e-04,-7.907000e-07,4.878542e-04,9.176312e-01,3.863133e-01,2.537731e+00
1334,1.115584e-18,-1.589850e-04,1.211063e-05,4.840791e-04,-6.202072e-03,-9.030974e-01,1.024637e+01
1335,5.485976e-19,-1.496093e-04,1.601745e-05,4.804936e-04,-1.872660e+00,-8.994246e-01,7.096385e+00
1336,4.882751e-18,-1.703106e-04,2.352553e-06,4.933868e-04,-2.303694e-02,-1.906787e-01,1.677536e+00
1337,1.347249e-17,-1.578377e-04,2.424303e-05,4.921532e-04,-1.598544e-03,1.351975e-02,1.480059e+00
1338,8.696882e-18,-1.492086e-04,2.428617e-05,4.854829e-04,4.793741e-03,1.073841e-01,1.891759e+00
1339,1.749846e-16,-1.614229e-04,-9.714254e-06,4.847657e-04,-6.917737e-01,-4.681111e-02,3.057383e+00
1340,7.126649e-19,-1.722659e-04,-6.280128e-06,4.940986e-04,-2.779499e+00,1.308878e+00,1.422073e+01
1341,8.550522e-19,-1.634114e-04,-1.601636e-05,4.920128e-04,-3.701287e-01,6.636676e-01,-1.366259e+00
1342,1.332703e-18,-1.713331e-04,-7.240110e-06,4.986051e-04,-6.310828e-01,-1.485003e+00,1.837203e+01
1343,2.874261e-17,-1.487825e-04,-2.578935e-06,4.830713e-04,1.018961e+00,1.266265e+00,7.601067e-01
1344,3.812562e-18,-1.507813e-04,-2.421924e-05,4.914148e-04,2.422311e-02,1.114707e-01,1.441175e+00
1345,2.901543e-17,-1.511714e-04,-2.399495e-05,4.911276e-04,-9.850933e-03,-4.868937e-02,1.239656e+00
1346,5.208751e-19,-1.671893e-04,-1.601729e-05,4.847714e-04,-1.171826e-01,-5.029833e-01,-1.106810e+00
1347,1.209924e-16,-1.613952e-04,-1.037249e-05,5.035242e-04,-9.623334e-01,-3.772026e+00,8.366912e+00
1348,1.573077e-17,-1.611416e-04,-1.871841e-05,4.906299e-04,-3.549469e+00,-5.467819e-01,1.261936e+01
1349,4.228505e-17,-1.719902e-04,-1.098839e-05,4.888362e-04,2.209675e+00,-2.365497e+00,6.641043e+00
1350,5.630196e-18,-1.545946e-04,-7.404998e-06,4.911819e-04,2.388594e+00,-1.820642e+00,6.896398e+00
1351,2.449488e-19,-1.722656e-04,-3.516981e-06,4.956435e-04,2.704472e-01,-8.375025e-01,6.724033e+00
1352,4.156151e-18,-1.585997e-04,-4.070548e-06,4.922054e-04,1.507280e+00,1.866556e+00,3.553408e+00
1353,2.886020e-17,-1.697755e-04,-6.244823e-06,4.830528e-04,-2.920702e-01,1.712095e+00,7.252572e+00
1354,5.151612e-18,-1.569966e-04,-1.873458e-05,4.819605e-04,2.343539e-01,1.745904e-01,4.776115e+00
1355,2.637077e-19,-1.707025e-04,-7.422279e-06,4.800864e-04,5.459191e+00,1.991380e+00,6.673493e+00
1356,3.001283e-18,-1.726773e-04,-6.259783e-06,5.045084e-04,-3.677360e+00,4.659681e-02,2.233572e+01
1357,2.001369e-18,-1.718816e-04,-1.814762e-05,5.151180e-04,-1.286642e-03,-4.899904e+00,1.410829e+01
1358,7.669500e-18,-1.629486e-04,-1.362069e-05,5.092436e-04,4.758044e-02,2.336810e-01,1.506752e+00
1359,6.806143e-18,-1.718730e-04,-1.367461e-05,5.050137e-04,-1.136705e-01,-3.131907e+00,1.370554e+01
1360,3.743139e-18,-1.718765e-04,-1.600823e-05,5.103761e-04,-1.024355e-01,-3.276742e+00,1.387604e+01
1361,3.288962e-17,-1.536074e-04,6.143835e-08,5.273107e-04,-2.579458e-01,1.289682e+00,3.569338e+00
1362,1.163466e-17,-1.732227e-04,-1.599099e-05,5.205093e-04,3.218749e+00,-2.146377e+00,4.862501e+00
1363,2.497250e-18,-1.578014e-04,-1.483872e-05,5.197961e-04,2.316262e-01,-2.453291e-02,4.727932e+00
1364,2.787786e-18,-1.695374e-04,-7.879879e-07,5.075712e-04,-7.982219e-01,1.371954e-01,2.371036e+00
1365,1.108266e-18,-1.601538e-04,-5.459909e-06,5.163716e-04,-4.980304e-02,1.006139e-02,3.818052e+00
1366,4.441888e-18,-1.578202e-04,-1.484596e-05,5.102940e-04,-1.483618e-01,-7.156365e-02,4.131045e-02
1367,2.757465e-17,-1.534538e-04,1.035764e-05,5.470463e-04,2.057016e+00,-2.853962e-01,1.562162e+01
1368,1.383598e-17,-1.551312e-04,-2.191637e-05,5.478414e-04,-3.733901e-01,1.338485e-01,4.514879e+00
1369,1.153958e-17,-1.679730e-04,-2.256733e-05,5.368247e-04,5.351498e-01,3.489947e-01,6.935717e+00
1370,4.848958e-18,-1.624994e-04,-7.827235e-06,5.319813e-04,-1.888299e-02,-1.997553e-01,5.621670e+00
1371,6.916534e-18,-1.664081e-04,2.344386e-06,5.443912e-04,-1.962068e-01,7.523935e-01,8.454898e+00
1372,6.112283e-17,-1.662147e-04,2.696328e-06,5.445260e-04,-1.978817e-01,8.117888e-01,8.309252e+00
1373,2.205850e-17,-1.490316e-04,1.541240e-06,5.408454e-04,5.029020e-01,-1.637369e+00,7.534915e+00
1374,1.854669e-18,-1.571474e-04,1.407024e-05,5.429186e-04,-6.336290e-01,1.752816e-01,4.441847e+00
1375,3.247730e-17,-1.666633e-04,1.249090e-05,5.268036e-04,-8.758449e-01,1.592126e+00,3.291633e+00
1376,1.055136e-18,-1.523394e-04,1.562799e-05,5.370495e-04,-3.317072e-02,1.481047e-02,1.261075e+00
1377,1.906883e-17,-1.691243e-04,1.705513e-05,5.345876e-04,-9.645329e-02,-7.494545e-01,3.359760e+00
1378,1.199810e-16,-1.646595e-04,1.447789e-05,5.131331e-04,2.694890e-01,-1.257650e-03,3.198478e+00
1379,7.622152e-18,-1.711630e-04,1.330687e-05,5.209629e-04,-6.398220e-01,-1.076258e+00,9.718801e-01
1380,3.158384e-17,-1.573193e-04,1.027544e-05,5.136722e-04,1.020647e+00,8.889665e-01,7.107107e+00
1381,2.261094e-17,-1.520317e-04,1.706557e-05,5.182148e-04,-5.050994e-01,1.153930e+00,5.491068e+00
1382,3.646310e-18,-1.570658e-04,1.715986e-05,5.228956e-04,4.431809e-01,2.356311e-01,6.168665e+00
1383,7.669720e-18,-1.507790e-04,1.091854e-05,5.087058e-04,5.451859e-01,-1.552056e+00,4.066032e+00
1384,5.844190e-18,-1.695310e-04,2.342123e-06,5.223634e-04,3.323876e-02,1.972605e-02,2.508566e+00
1385,1.531200e-18,2.055391e-05,1.102391e-04,4.743397e-04,7.794492e-01,-1.291945e+00,-8.750511e-01
1386,8.311902e-19,1.289046e-05,1.248806e-04,4.751313e-04,2.845459e-01,-1.534625e+00,3.710578e+00
1387,2.455593e-18,1.341459e-05,1.258195e-04,4.739634e-04,1.307051e+00,-5.426699e-01,4.431937e+00
1388,3.139027e-19,5.859565e-06,1.074221e-04,4.769590e-04,-6.629037e-01,-6.219623e-01,3.409790e+00
1389,3.268203e-19,5.078465e-06,1.082035e-04,4.761777e-04,2.103412e-01,-3.766207e-01,3.634110e+00
1390,9.699679e-19,-7.720726e-06,1.271462e-04,4.769616e-04,1.968488e-02,-3.423783e-01,-4.610272e-01
1391,3.109789e-19,-1.836017e-05,1.457024e-04,4.738373e-04,-9.683475e-01,-2.091062e-01,6.500688e+00
1392,5.460134e-19,-7.060901e-06,1.308593e-04,4.738362e-04,-1.636579e-01,8.859011e-01,-6.543408e+00
1393,2.409891e-19,-6.640561e-06,1.308595e-04,4.769594e-04,-1.122047e+00,-2.097964e+00,-2.462147e+00
1394,1.111117e-18,-1.971923e-05,1.372927e-04,4.734453e-04,-5.747097e-01,-1.986209e-02,-4.164446e-02
1395,1.215306e-17,9.733664e-06,1.285132e-04,4.783167e-04,-9.051077e-02,3.367529e-01,2.519274e+00
1396,1.411478e-17,1.699891e-05,1.463928e-04,4.787028e-04,4.435339e-01,-1.952440e+00,1.112577e+00
1397,1.020411e-16,1.858793e-05,6.003748e-06,4.824345e-04,-1.900574e+00,1.208913e+00,4.042201e+00
1398,3.470000e-18,1.252884e-05,1.638874e-05,4.780030e-04,-4.894689e-01,-2.287132e+00,7.587618e+00
1399,7.554144e-17,9.918705e-06,1.859562e-05,5.023815e-04,-3.391478e-01,-8.664969e-01,1.144495e+01
1400,2.704099e-17,5.149439e-06,2.065100e-05,5.160763e-04,2.126936e+00,-1.314276e+00,3.635936e+00
1401,3.800498e-16,1.050269e-05,1.619148e-05,4.998983e-04,-2.486025e-01,-1.054937e+00,1.323942e+01
1402,1.105166e-17,2.198610e-05,2.422492e-05,5.250783e-04,-3.698566e-01,-1.625015e-02,8.337005e+00
1403,6.847606e-18,2.109228e-05,1.796491e-05,5.095170e-04,-1.451510e-02,-1.133408e-01,4.400815e+00
1404,8.362749e-18,5.462390e-06,2.469866e-05,5.050852e-04,-3.314881e-01,7.571753e-02,3.685220e+00
1405,5.119323e-18,2.263139e-05,1.012568e-05,5.215583e-04,4.253383e-01,7.793771e-01,5.729668e+00
1406,4.570995e-18,5.464821e-06,8.592836e-06,5.219066e-04,-4.738595e-03,-3.902753e-02,1.328047e+00
1407,2.859424e-18,1.093738e-05,8.590638e-06,5.074961e-04,-3.695763e-03,-9.725311e-02,1.958384e+00
1408,2.089260e-18,1.975995e-05,1.397654e-05,4.937796e-04,1.343450e+00,2.607775e+00,1.732988e+01
1409,1.493312e-16,1.050392e-05,7.782123e-07,4.936238e-04,-1.532452e+00,-2.347277e-01,7.340076e+00
1410,7.255194e-18,2.944767e-06,1.439634e-06,4.844159e-04,-1.463174e-02,-2.926523e-02,-1.119024e+00
1411,2.639907e-19,1.992164e-05,1.601986e-05,4.909895e-04,-1.052664e+00,6.834255e+00,1.400772e+01
1412,2.866614e-18,5.478792e-06,1.406845e-05,4.850559e-04,-3.697013e-01,-1.669638e-01,-5.675966e-01
1413,2.703508e-17,8.469018e-06,4.613525e-06,4.836149e-04,-1.102853e+00,-1.984006e+00,4.239130e+00
1414,2.273090e-17,1.874524e-05,2.272060e-06,4.920539e-04,-2.638449e+00,7.541837e-01,1.847045e+00
1415,2.737336e-18,2.112657e-05,1.012458e-05,4.928923e-04,-1.411076e-01,-6.670138e-02,2.444575e+00
1416,2.690127e-18,2.109856e-05,2.342666e-05,4.928804e-04,3.413126e-01,-4.695281e-01,1.331749e+00
1417,3.190506e-19,1.132866e-05,1.367269e-05,4.855151e-04,-2.208146e-01,-3.594727e+00,1.223164e+01
1418,2.517864e-19,1.054758e-05,1.445423e-05,4.847373e-04,-6.106693e-01,-3.320454e+00,7.489370e+00
1419,5.810054e-17,-1.242318e-06,4.333919e-05,5.230566e-04,2.210415e+00,-1.794690e+00,2.682324e+01
1420,3.055738e-18,2.445970e-05,5.100848e-05,5.212513e-04,1.318964e+01,-1.000278e+00,1.729719e+01
1421,5.457854e-18,1.138882e-05,4.062026e-05,5.066114e-04,-6.186967e-03,9.999064e-03,1.407102e+00
1422,5.053130e-17,1.519517e-05,2.796610e-05,5.245947e-04,-2.674135e-01,8.524663e-01,7.516009e+00
1423,5.912747e-17,6.293426e-06,3.606926e-05,5.064616e-04,-1.310244e+00,-6.284597e-01,6.029422e+00
1424,4.451296e-18,4.676622e-06,3.515605e-05,5.222895e-04,4.319888e-02,-9.450257e-02,5.528824e+00
1425,2.649916e-18,-1.243143e-09,3.515740e-05,5.069001e-04,4.845849e-02,9.217172e-03,9.723824e+00
1426,2.313225e-17,4.699826e-06,4.836755e-05,5.143815e-04,-1.091578e-01,-7.688587e-01,4.804570e+00
1427,2.107199e-17,7.848538e-06,2.953087e-05,5.116013e-04,-5.655946e-01,-4.363143e-02,4.181636e+00
1428,4.190154e-18,4.689248e-06,4.685232e-05,5.284180e-04,8.933129e-03,-3.866415e-01,6.087539e+00
1429,2.401272e-17,6.281484e-06,3.901788e-05,5.180785e-04,4.867320e-01,-3.601315e-01,2.506376e+00
1430,1.592788e-18,5.541874e-06,2.258489e-05,4.747245e-04,6.455271e-01,-5.831720e-02,1.978449e+00
1431,6.439367e-17,2.212760e-05,-2.489794e-04,5.295548e-04,4.540627e+00,3.354047e-02,1.075486e+01
1432,2.755367e-16,1.263810e-05,-2.366768e-04,5.180380e-04,3.152081e-01,-1.163788e+00,1.688889e+01
1433,3.896643e-18,1.166956e-05,-2.312495e-04,5.267171e-04,-8.218027e-01,-1.485973e-01,2.343469e+01
1434,1.655515e-17,2.181300e-05,-2.300349e-04,5.496031e-04,4.244930e+00,5.511048e-01,3.154503e+01
1435,6.465239e-18,1.902932e-05,-2.312491e-04,5.429103e-04,2.933080e+00,3.473542e-01,2.891950e+01
1436,2.756523e-17,7.815436e-06,-2.328176e-04,5.459616e-04,4.002320e-01,-5.388128e-01,1.300149e+01
1437,1.045232e-16,7.614871e-06,-2.326652e-04,5.456884e-04,3.548762e-01,-3.920973e-01,1.316273e+01
1438,4.686191e-17,7.802572e-06,-2.404103e-04,5.372377e-04,-3.913190e-01,4.393387e-01,1.536931e+01
1439,2.126062e-17,1.830836e-05,-2.491217e-04,5.486968e-04,2.386885e+00,-2.734936e-01,1.233333e+01
1440,3.823957e-17,3.336284e-06,-2.490104e-04,5.410008e-04,-2.570496e-01,-2.226751e-02,5.802340e+00
1441,1.009586e-16,-4.789013e-07,-2.243164e-04,5.458357e-04,1.061846e-01,-8.715591e-01,6.161601e+00
1442,2.787564e-18,1.017468e-05,-2.327918e-04,5.381275e-04,1.202511e-01,-4.610570e+00,6.924258e+00
1443,4.634373e-18,1.093752e-05,-2.406336e-04,5.406744e-04,1.816710e-01,-3.525792e-02,9.540432e+00
1444,3.823458e-17,-1.586420e-06,-2.490186e-04,5.295994e-04,2.432479e-01,-5.155733e-02,5.263508e+00
1445,2.058361e-18,1.484613e-05,-2.496086e-04,5.327725e-04,-3.868495e-02,-8.014590e-02,6.944522e+00
1446,2.405472e-18,1.640704e-05,-2.398535e-04,5.404124e-04,9.466545e-02,-1.025595e-01,6.633465e+00
1447,1.746829e-18,1.093366e-05,-2.444149e-04,5.307856e-04,3.453145e-02,-6.127169e-02,6.204245e+00
1448,8.606115e-18,3.594307e-06,-2.358999e-04,5.268211e-04,1.018830e+00,2.719304e-02,6.498599e+00
1449,4.222670e-18,1.718969e-05,-2.460863e-04,5.312579e-04,-6.497296e-03,-2.417636e-01,5.765400e+00
1450,2.863899e-17,-5.351433e-07,-2.255342e-04,5.332260e-04,2.277714e-01,3.957504e-01,5.690937e+00
1451,1.313600e-16,4.042280e-06,-2.216443e-04,5.289658e-04,-1.362409e+00,3.100153e-01,5.727401e+00
1452,4.742047e-18,1.016357e-05,-2.250026e-04,5.305575e-04,-1.047056e-01,-7.270910e-02,8.084702e-01
1453,1.986515e-17,-1.475687e-06,-2.412637e-04,5.129676e-04,1.062997e+00,-3.572317e+00,3.002107e+01
1454,4.040142e-17,6.073801e-07,-2.276969e-04,5.124341e-04,-2.934196e-01,-2.357673e-01,1.281695e+01
1455,1.003457e-17,1.190554e-05,-2.312510e-04,5.202458e-04,9.900348e-01,-4.787222e-01,2.133349e+01
1456,2.693852e-18,1.016529e-05,-2.312538e-04,5.152512e-04,-5.095946e-01,2.472963e-03,1.844491e+01
1457,2.057088e-17,1.202103e-05,-2.435187e-04,5.232534e-04,1.735124e+00,-2.174816e+00,1.038530e+01
1458,1.600195e-17,2.311907e-06,-2.339197e-04,5.146722e-04,-3.326638e-02,-5.441424e-01,1.090720e+01
1459,1.137568e-16,-3.840240e-06,-2.486765e-04,5.125421e-04,-5.712204e-02,5.585073e-03,6.499149e+00
1460,5.842416e-18,3.342093e-06,-2.375022e-04,5.101484e-04,3.808702e-02,1.056024e-01,9.005905e+00
1461,1.082135e-18,7.025088e-06,-2.414081e-04,5.171535e-04,-6.258855e-02,-1.523340e-01,8.211089e+00
1462,8.193024e-19,6.865991e-06,-2.415505e-04,5.110863e-04,-2.157074e-01,-1.727538e-01,7.530198e+00
1463,3.764787e-18,1.757635e-05,-2.496094e-04,5.133951e-04,3.615499e-01,-4.584441e-02,5.866154e+00
1464,2.988718e-18,1.094309e-05,-2.445270e-04,5.122180e-04,-4.836395e-01,1.283618e-01,5.666692e+00
1465,5.480107e-19,8.201611e-06,-2.496087e-04,5.068524e-04,-5.933552e-01,-1.851937e-01,4.695268e+00
1466,2.601318e-18,1.014959e-05,-2.496111e-04,5.186343e-04,-1.286942e-01,-5.901935e-02,5.683266e+00
1467,7.718946e-18,1.709198e-05,-2.493214e-04,5.048891e-04,3.561759e-03,-1.701900e-01,4.716038e+00
1468,4.562485e-18,1.015041e-05,-2.312604e-04,5.110707e-04,-4.715588e-01,-3.045816e-02,1.751862e+01
1469,1.727245e-17,5.477142e-06,-2.023414e-04,5.451294e-04,4.415280e-01,1.347676e+00,1.015823e+01
1470,1.440602e-16,5.475065e-06,-2.022201e-04,5.454192e-04,4.875338e-01,6.000625e-01,1.040075e+01
1471,2.268747e-17,1.427638e-05,-2.162820e-04,5.340001e-04,2.258184e-01,2.208177e-01,1.095974e+01
1472,9.052857e-17,6.698352e-06,-2.127419e-04,5.429469e-04,1.209107e-01,-1.601563e+00,6.321108e+00
1473,4.149292e-17,1.982375e-06,-1.982856e-04,5.411380e-04,2.162296e+00,6.586102e-02,8.493076e+00
1474,6.997864e-18,2.109294e-05,-2.101591e-04,5.345656e-04,7.413514e-01,5.495881e-02,6.241516e+00
1475,7.549707e-17,2.154374e-05,-2.105036e-04,5.347660e-04,6.953332e-01,3.280998e-02,6.082665e+00
1476,3.514584e-18,1.645344e-05,-2.093767e-04,5.274849e-04,-1.462887e-01,-1.087196e-01,5.868892e+00
1477,1.527274e-17,5.516457e-06,-2.049522e-04,5.257207e-04,9.086704e-02,3.232296e-02,1.133462e+01
1478,3.263294e-17,1.486117e-06,-2.188548e-04,5.188308e-04,2.813598e+00,-1.228126e+00,9.338945e+00
1479,3.398810e-17,7.832928e-06,-2.169457e-04,5.162537e-04,-2.457402e-01,-2.117825e+00,7.854027e+00
1480,4.892500e-18,5.466134e-06,-2.062509e-04,5.140857e-04,6.968185e-02,-2.393763e-02,8.186821e+00
1481,4.935435e-18,3.902172e-06,-2.117198e-04,5.141299e-04,-2.591176e-02,4.454877e-01,8.714559e+00
1482,3.261214e-18,3.904278e-06,-2.117213e-04,5.065161e-04,-9.256883e-02,5.265252e-02,7.012199e+00
1483,3.817727e-18,8.151063e-06,-2.140667e-04,5.076606e-04,-5.651583e-01,9.273010e-03,5.159023e+00
1484,1.016476e-18,1.405675e-05,-2.156300e-04,5.224536e-04,1.011617e-01,1.651759e-02,5.216900e+00
1485,3.485274e-17,2.147931e-05,-2.152422e-04,5.209934e-04,1.011626e+00,4.429993e-01,3.487033e+00
1486,2.427725e-17,1.655584e-04,2.206009e-05,4.963420e-04,6.313114e-01,3.455161e+00,1.724810e+01
1487,5.254910e-18,1.515181e-04,3.935682e-06,4.912199e-04,1.089114e+00,-2.656613e-01,1.289964e+01
1488,1.026666e-17,1.675659e-04,1.498174e-05,4.832943e-04,-7.868931e-01,6.290369e-01,4.743283e+00
1489,4.319572e-17,1.627435e-04,9.427457e-06,4.845039e-04,1.236537e-01,-2.148922e+00,3.555164e+00
1490,2.495822e-18,1.719012e-04,1.410064e-05,5.015220e-04,-4.387938e-01,1.934945e-02,8.649358e+00
1491,8.608904e-18,1.655885e-04,1.723739e-05,4.824796e-04,-2.888452e-01,-3.451725e-01,6.668183e+00
1492,1.323322e-18,1.570561e-04,1.016328e-05,4.964476e-04,-1.721466e-01,-9.315875e-02,9.577190e+00
1493,2.402322e-17,1.540750e-04,4.319891e-06,4.851161e-04,1.803442e-01,-1.576200e+00,6.451216e+00
1494,5.965023e-18,1.671887e-04,2.342254e-06,5.006685e-04,9.553405e-02,1.297569e-02,5.822681e+00
1495,1.738604e-17,1.728869e-04,1.243999e-05,4.780866e-04,7.453313e-01,3.813226e+00,-1.451622e+00
1496,4.633611e-18,1.656264e-04,2.056676e-05,4.910278e-04,-5.857548e-02,3.500770e+00,1.740682e+01
1497,1.102209e-18,1.718607e-04,1.408617e-05,4.863247e-04,-1.063250e-01,4.016645e-01,1.909699e+00
1498,1.123687e-18,1.570234e-04,1.015245e-05,4.824240e-04,4.769250e-01,1.617346e-01,4.215748e+00
1499,2.828441e-18,1.554074e-04,7.060570e-06,4.883918e-04,-4.990721e-01,4.333217e-01,1.821186e+00
1500,2.425334e-19,1.652331e-04,1.523305e-05,4.777416e-04,6.775158e-01,-2.924009e+00,3.480528e+00
1501,4.831282e-19,1.656279e-04,1.601644e-05,4.793051e-04,6.135089e-01,9.284506e-01,5.204157e+00
1502,2.127887e-18,1.535156e-04,3.832741e-06,4.772940e-04,-1.867155e-01,-3.111990e-01,1.860368e+00
1503,2.857042e-19,1.628892e-04,1.211095e-05,4.800804e-04,-1.685855e+00,-8.084562e-01,2.984035e+00
1504,1.444501e-18,1.621093e-04,1.181240e-05,4.787079e-04,-1.008238e+00,-8.013928e-01,2.717636e+00
1505,6.554813e-18,1.570598e-04,1.018987e-05,4.905051e-04,2.293314e-01,1.150454e-01,6.919700e+00
1506,1.030274e-17,1.541148e-04,2.428679e-05,4.841386e-04,-3.035848e-02,1.735283e-02,1.635315e+00
1507,6.727157e-19,1.585966e-04,2.460944e-05,4.910258e-04,1.722447e-02,3.954428e-01,4.139050e+00
1508,4.501736e-18,1.762627e-04,-1.015857e-05,4.921690e-04,6.618040e-02,-5.903068e-02,3.592378e-01
1509,5.900878e-17,1.733920e-04,-1.216966e-05,5.052925e-04,1.870437e+00,-6.203855e-02,4.293645e+00
1510,3.129069e-18,1.710821e-04,-1.405602e-05,4.906524e-04,5.373007e-02,1.918534e-01,1.018277e-01
1511,2.997435e-18,1.609359e-04,-4.684163e-06,4.998944e-04,3.464432e-02,-2.021160e-01,1.148038e+00
1512,1.310027e-17,1.689052e-04,-2.322033e-05,4.957381e-04,-3.451941e-01,-2.583009e+00,7.125193e+00
1513,2.740755e-18,1.702824e-04,-1.872927e-05,4.937009e-04,9.062672e-01,-1.631616e-01,9.903124e+00
1514,4.976809e-19,1.738283e-04,-7.035868e-06,4.878690e-04,-1.748463e-01,-8.363632e-02,5.864998e+00
1515,4.955826e-19,1.519525e-04,-1.563461e-05,4.832042e-04,6.841356e-01,1.143261e-01,-1.534006e+00
1516,5.509243e-17,1.762869e-04,-4.717685e-06,4.944290e-04,6.119685e-01,7.476723e-01,5.939691e+00
1517,2.606902e-18,1.609375e-04,-4.699446e-06,4.960151e-04,1.712604e-02,-1.154497e-01,6.021311e+00
1518,5.143142e-19,1.636711e-04,-1.562224e-05,4.949102e-04,-2.016096e-01,3.908045e-01,3.497177e+00
1519,4.219517e-19,1.621094e-04,-1.367195e-05,4.886684e-04,-2.951001e-01,7.496321e-01,1.555308e+01
1520,3.486744e-18,1.546593e-04,-2.294473e-06,4.930172e-04,-5.095337e-01,-6.772994e-01,-1.010925e+00
1521,3.351476e-18,1.632814e-04,-1.562700e-06,4.983603e-04,-2.834378e-03,-6.065688e-02,2.033348e+00
1522,2.791929e-18,1.554742e-04,-2.346589e-06,4.750382e-04,-3.996355e-01,5.011945e-01,-8.428347e-01
1523,2.220627e-17,1.537588e-04,1.426703e-05,4.740655e-04,5.941549e-01,-2.161128e-01,-2.054924e+00
1524,1.196140e-18,1.656193e-04,1.367226e-05,4.750062e-04,-6.776752e-02,-3.410721e+00,-2.124421e+00
1525,1.203833e-18,1.625243e-04,1.171956e-05,4.746191e-04,-2.279875e-01,3.638270e-01,-2.783107e+00
1526,2.641809e-19,1.652354e-04,1.445212e-05,4.769604e-04,5.370705e-01,-2.268866e+00,1.880711e+00
1527,5.427257e-19,1.527344e-04,3.515672e-06,4.741981e-04,-2.250309e-01,-4.638658e-01,1.327934e-01
1528,2.974174e-16,-6.503306e-06,1.329090e-04,5.103276e-04,3.948762e-01,-1.709228e+00,1.291904e+01
1529,9.826294e-17,1.176971e-05,1.392056e-04,4.999709e-04,-7.005474e-01,-5.119880e-01,9.318880e+00
1530,7.369351e-17,-1.226290e-05,1.400824e-04,5.173458e-04,-1.192783e+00,6.173650e-02,4.502538e+00
1531,2.113810e-16,-1.243739e-05,1.403066e-04,5.171161e-04,-1.179172e+00,2.619991e-01,4.406743e+00
1532,5.173387e-17,-4.094983e-06,1.484050e-04,5.139623e-04,1.425675e+00,-2.991028e-01,7.187187e+00
1533,9.426944e-18,-2.092062e-05,1.268859e-04,5.133025e-04,-2.385136e-02,-1.213463e+00,4.277166e+00
1534,8.469954e-17,1.943100e-06,1.421076e-04,5.195490e-04,-5.203810e-02,4.086078e-01,5.694523e+00
1535,1.552292e-18,1.093319e-05,1.507668e-04,5.224235e-04,-7.504847e-01,5.302214e-01,8.228104e+00
1536,2.193378e-18,6.250591e-06,1.265621e-04,5.182244e-04,-1.325676e-01,6.175782e-02,6.667469e+00
1537,1.127160e-18,1.015414e-05,1.320249e-04,5.239258e-04,-6.814092e-02,-1.278375e-01,5.901115e+00
1538,2.738140e-18,4.689522e-06,1.468774e-04,5.265633e-04,4.456320e-02,2.294302e-01,4.716590e+00
1539,1.631862e-18,4.065164e-06,1.335935e-04,5.183904e-04,-8.468625e-01,8.059453e-01,4.390850e+00
1540,3.153747e-18,6.239267e-06,1.265628e-04,5.106413e-04,-8.313599e-02,1.205266e-01,4.272168e+00
1541,1.015791e-18,2.343297e-06,1.359396e-04,5.254036e-04,-1.652325e-01,-3.500074e-02,2.900209e+00
1542,3.759219e-16,1.310556e-05,1.312629e-04,5.329635e-04,4.519606e-01,-2.945207e-01,8.470638e+00
1543,3.074817e-17,-8.636645e-06,1.279964e-04,5.432512e-04,-1.187969e+00,3.995722e+00,1.034162e+01
1544,8.409759e-17,6.850139e-06,1.471314e-04,5.409936e-04,-4.992490e-01,-1.129970e+00,9.594754e+00
1545,2.070336e-16,6.733594e-06,1.471471e-04,5.410660e-04,-5.517284e-01,-1.125729e+00,9.581876e+00
1546,3.926655e-17,-1.619774e-05,1.357553e-04,5.414672e-04,-3.273820e+00,4.431626e-02,7.208174e+00
1547,6.654011e-18,-1.250916e-05,1.308312e-04,5.442274e-04,-1.260891e-01,1.798091e-01,5.679768e+00
1548,6.187790e-18,-2.056955e-05,1.368009e-04,5.366191e-04,7.279087e-01,7.844015e-01,5.992634e+00
1549,5.024084e-18,-1.564350e-06,1.484371e-04,5.326501e-04,-2.784076e-02,-1.222114e-02,4.949812e+00
1550,2.091007e-18,-5.469879e-06,1.406252e-04,5.437797e-04,-3.277527e-02,7.983671e-02,3.796303e+00
1551,2.119954e-18,-5.466774e-06,1.406271e-04,5.408742e-04,-3.228564e-02,-2.196286e-02,3.477390e+00
1552,5.639705e-17,6.530826e-06,1.253882e-04,5.455440e-04,-7.028671e-01,1.801278e+00,1.062580e+01
1553,3.019733e-17,1.248021e-05,1.227063e-04,5.426828e-04,-1.309717e-01,-4.015601e-01,1.333297e+01
1554,2.086367e-17,1.298652e-05,1.477016e-04,5.395827e-04,-2.747676e+00,-9.218069e-01,6.567454e+00
1555,1.737495e-17,1.451471e-05,1.273970e-04,5.492181e-04,1.979733e-01,8.329181e-01,1.135041e+01
1556,7.693348e-18,1.816527e-05,1.247040e-04,5.402588e-04,-3.995941e-01,-1.023838e+00,5.644641e+00
1557,7.118112e-17,-3.265079e-07,1.741400e-04,5.059949e-04,5.383121e-01,-4.253782e-01,1.278599e+01
1558,3.200649e-17,6.862099e-06,1.719579e-04,5.280145e-04,9.586510e-01,-2.757153e-01,5.250900e+00
1559,1.085324e-16,6.980050e-06,1.720823e-04,5.280925e-04,9.729162e-01,-1.909816e-01,5.209135e+00
1560,1.420971e-17,-2.139063e-07,1.531289e-04,5.158486e-04,4.431693e-01,1.256343e-02,7.933734e+00
1561,2.104664e-17,1.169975e-05,1.564797e-04,5.163411e-04,-2.850285e-02,-3.195659e-01,5.785084e+00
1562,3.604922e-18,1.017460e-05,1.515279e-04,5.092280e-04,-3.471271e-02,-1.826058e+00,3.636471e+00
1563,4.966150e-18,1.874564e-05,1.749984e-04,5.170987e-04,-4.188576e-01,1.147660e-01,4.573947e+00
1564,2.173237e-18,3.906694e-06,1.617129e-04,5.144093e-04,1.705092e-01,-1.499529e-01,3.980284e+00
1565,3.385185e-18,1.484271e-05,1.718726e-04,5.137339e-04,-4.609186e-01,-3.148530e-01,2.046976e+00
1566,4.241127e-17,1.299228e-05,1.709109e-04,5.407554e-04,-9.059257e-01,6.775441e-01,9.322339e+00
1567,4.313322e-17,6.948790e-06,1.628915e-04,5.370706e-04,1.676449e+00,1.954144e+00,1.191932e+01
1568,2.668086e-17,6.997326e-06,1.625033e-04,5.322419e-04,4.513095e+00,1.096551e+00,1.512136e+01
1569,4.193780e-17,1.671287e-05,1.763444e-04,5.443161e-04,-3.195842e-01,-4.192602e-01,4.431832e+00
1570,1.096069e-16,8.801255e-06,1.572656e-04,5.401917e-04,1.197161e+00,-1.433548e-01,5.709190e+00
1571,2.040986e-18,1.333926e-05,1.594480e-04,5.417819e-04,-7.549916e-01,-2.767639e-01,5.010288e+00
1572,6.644404e-18,1.751442e-05,1.687477e-04,5.427658e-04,1.405885e-01,-4.992473e-02,4.795350e+00
1573,4.528438e-18,1.328558e-05,1.554801e-04,5.462808e-04,7.130942e-02,1.540929e+00,4.227929e+00
1574,1.739593e-17,1.798936e-05,1.333116e-04,4.818720e-04,1.971352e-01,-1.105087e+00,2.464917e+00
1575,5.681852e-18,3.241695e-06,1.415163e-04,4.957431e-04,-1.146198e+00,-1.182755e+00,3.446937e-01
1576,6.530422e-17,2.277787e-05,1.370493e-04,4.834826e-04,9.381009e-01,-7.844893e-01,2.707602e+00
1577,1.144091e-18,1.562465e-05,1.406182e-04,4.941307e-04,-2.308808e-01,-2.415352e-01,6.964599e+00
1578,3.066649e-18,1.564295e-05,1.406445e-04,4.859345e-04,4.323267e-01,-8.096013e-01,6.049873e+00
1579,3.413451e-18,1.093112e-05,1.421901e-04,4.913885e-04,-1.774260e-02,1.874877e-01,7.038460e+00
1580,2.901846e-18,1.323015e-05,1.398480e-04,4.875191e-04,6.678894e-01,-1.193366e+00,5.104712e+00
1581,2.944856e-17,1.128549e-07,1.451730e-04,4.834779e-04,7.082795e-01,1.027857e+00,2.006545e+00
1582,1.807278e-18,1.020763e-05,1.421143e-04,4.820818e-04,-6.376885e-01,4.056416e-01,2.211528e+00
1583,4.295175e-18,6.108598e-06,1.265620e-04,4.913218e-04,2.470408e-01,-2.511078e-01,2.672402e+00
1584,1.111493e-17,2.425610e-05,1.369137e-04,5.000869e-04,-1.364572e-02,-3.318950e-02,1.718429e+00
1585,5.996690e-19,2.460976e-05,1.328101e-04,5.003994e-04,1.375794e-01,-8.363155e-02,2.307398e+00
1586,3.227353e-18,2.455164e-05,1.437774e-04,4.898130e-04,-5.983577e-02,2.662555e-02,2.955789e+00
1587,2.385751e-18,-1.477722e-05,1.281753e-04,4.922911e-04,1.891124e-01,2.261512e-02,-2.204513e+00
1588,2.661389e-18,-1.094716e-05,1.484175e-04,4.844516e-04,-3.830530e-01,-1.429993e-01,-2.043489e-01
1589,2.170449e-17,-2.410898e-05,1.402601e-04,4.992433e-04,-1.365251e-02,-1.769930e-01,9.751711e-01
1590,5.227247e-18,-1.797934e-05,1.285456e-04,5.015470e-04,-8.167674e-01,8.645061e-01,2.056229e+00
1591,1.088971e-16,-1.020207e-05,1.416718e-04,4.950706e-04,2.172762e+00,1.102830e-01,1.268213e+01
1592,1.971359e-17,-2.045535e-05,1.392039e-04,4.851685e-04,4.109290e-01,1.068707e+00,9.513265e+00
1593,5.779340e-19,-1.992228e-05,1.371090e-04,4.827569e-04,-1.393019e+00,6.312341e-01,1.299468e+01
1594,3.145296e-18,-2.341573e-06,1.296867e-04,4.968082e-04,2.013169e-01,-7.238761e-02,2.930463e+00
1595,1.077074e-18,-1.914124e-05,1.375075e-04,4.812763e-04,-6.594893e-02,-5.147081e-01,1.131397e+01
1596,3.252220e-18,-6.843715e-06,1.302294e-04,4.837008e-04,-7.059743e-01,-4.583755e-01,4.538046e+00
1597,4.948462e-19,-7.422074e-06,1.308595e-04,4.804617e-04,1.386594e+00,1.228381e+00,2.923426e+00
1598,2.512920e-19,-1.054752e-05,1.394533e-04,4.855410e-04,-3.423052e-01,3.175035e-01,1.256808e+01
1599,5.026120e-19,-1.054796e-05,1.402342e-04,4.843534e-04,1.051781e+00,-1.523574e+00,1.015807e+01
1600,1.020454e-17,-7.468140e-06,1.321887e-04,4.903382e-04,-2.000592e-01,5.519416e-01,6.130278e+00
1601,5.883990e-19,-6.641741e-06,1.316405e-04,4.866495e-04,3.381969e-01,1.280005e+00,6.114400e+00
1602,1.194072e-17,-2.422482e-05,1.358397e-04,4.985417e-04,2.142980e-02,9.086447e-01,1.685329e+00
1603,5.635305e-19,6.196226e-06,1.699217e-04,4.738362e-04,-1.159255e+00,-6.152553e-01,-1.513724e+00
1604,1.169459e-18,5.256540e-06,1.714844e-04,4.759460e-04,-2.060916e+00,-1.279520e+00,1.650025e+00
1605,3.529678e-19,5.859381e-06,1.707033e-04,4.746161e-04,-1.927458e+00,1.118096e+00,-5.001127e-01
1606,3.552538e-19,-5.859626e-06,1.628908e-04,4.722730e-04,-1.028265e+00,-1.131901e+00,-2.836724e+00
1607,7.140356e-19,-2.734603e-06,1.640769e-04,4.761769e-04,9.257514e-01,-3.404680e-01,-1.137920e+00
1608,3.124332e-18,-1.216951e-05,1.693430e-04,4.743256e-04,-4.239426e-01,1.043572e+00,1.473020e+00
1609,2.686184e-19,-1.210949e-05,1.691405e-04,4.707136e-04,1.878381e+00,-2.102419e+00,-2.924763e+00
1610,1.440675e-18,-3.902369e-06,1.555371e-04,4.730532e-04,-1.720930e+00,-3.619766e+00,-5.506508e+00
1611,1.286263e-16,3.175489e-06,-6.646360e-05,4.920706e-04,8.305662e-01,-8.847750e-01,9.126171e+00
1612,3.020802e-18,2.032697e-05,-5.000061e-05,4.812022e-04,-8.191643e-01,2.594610e-03,-1.332066e+00
1613,2.023591e-17,1.808849e-05,-5.400839e-05,4.879428e-04,-8.177379e-02,-1.703839e-02,3.009670e+00
1614,3.194008e-17,1.268762e-05,-6.877065e-05,4.884284e-04,-3.255696e-01,-1.403151e-01,2.330061e+00
1615,4.635877e-18,7.494807e-07,-6.405334e-05,4.863409e-04,1.470261e-01,-7.756622e-01,9.942062e+00
1616,1.192018e-17,1.196882e-05,-6.013246e-05,4.988587e-04,4.909615e-01,5.418237e-01,7.639638e+00
1617,5.418665e-17,-1.271766e-06,-5.304284e-05,4.924629e-04,-1.529328e+00,-4.403734e-01,5.427121e+00
1618,2.783110e-18,1.094022e-05,-5.936897e-05,4.914003e-04,-1.869691e-02,-1.571847e-01,3.537089e+00
1619,1.006578e-18,2.424135e-06,-6.388724e-05,4.816333e-04,-1.729664e+00,-8.314072e-01,6.916264e+00
1620,2.595507e-17,2.270381e-05,-7.329052e-05,4.843911e-04,1.368836e+00,7.655360e-01,9.930760e-01
1621,6.329274e-19,2.735344e-06,-7.382831e-05,4.819702e-04,-2.620693e+00,1.198747e+00,6.476419e+00
1622,2.285188e-17,1.076702e-05,-5.620147e-05,4.783707e-04,4.657803e-01,7.123631e-01,3.588410e-01
1623,4.620649e-18,6.257813e-06,-4.999955e-05,4.932101e-04,1.511170e-01,6.300441e-01,-9.862542e-02
1624,1.226641e-17,2.426424e-05,-5.694222e-05,4.967060e-04,3.955608e-03,3.015355e-03,1.655442e+00
1625,2.568359e-17,1.486237e-05,-9.290504e-05,4.822854e-04,1.541504e+00,-6.582501e-02,9.079266e-01
1626,6.225678e-17,1.165191e-05,-8.080446e-05,4.911223e-04,1.306899e+00,-1.019607e+00,5.913583e+00
1627,2.283749e-17,2.291065e-05,-8.749421e-05,4.923261e-04,2.445546e+00,-5.677999e-02,3.166725e+00
1628,2.040702e-17,1.658294e-05,-8.100167e-05,4.828201e-04,-3.444989e-01,2.068408e+00,4.645825e+00
1629,4.652256e-17,-1.212560e-06,-8.238805e-05,4.905535e-04,-2.961827e+00,-9.986589e-01,4.294210e+00
1630,1.373131e-18,1.173983e-05,-9.843595e-05,4.847590e-04,-8.953712e-01,-6.040200e-01,4.755790e+00
1631,1.841282e-18,1.650257e-05,-9.064843e-05,4.846683e-04,6.336539e-01,-9.567049e-02,-1.204842e+00
1632,2.574649e-19,1.132971e-05,-8.085916e-05,4.972314e-04,2.156303e-01,1.081587e+00,2.064370e+00
1633,8.714135e-19,5.594660e-06,-9.751690e-05,4.909793e-04,2.531246e-01,5.309586e-01,2.817453e+00
1634,3.248249e-18,1.172211e-05,-8.750253e-05,4.960444e-04,-6.423601e-02,-2.377769e-01,3.383436e+00
1635,2.708235e-18,5.465166e-06,-9.765228e-05,4.991291e-04,2.634759e-01,-3.781715e-01,2.805109e+00
1636,5.123531e-19,8.984502e-06,-8.205507e-05,4.793008e-04,7.634275e-01,8.282954e-01,3.828418e+00
1637,2.566669e-19,1.211280e-05,-8.085938e-05,4.956726e-04,-2.084640e-01,-1.025177e+00,1.869929e-01
1638,2.408388e-18,5.467721e-06,-9.566602e-05,4.824172e-04,1.167066e-01,4.952781e-01,1.656066e+00
1639,1.132463e-18,1.012425e-05,-8.242226e-05,4.828233e-04,1.259616e+00,-1.096626e+00,6.855262e+00
1640,2.414096e-18,1.482537e-05,-7.816045e-05,4.943724e-04,3.138039e-01,3.389708e-01,2.334085e+00
1641,1.747095e-18,2.460929e-05,-8.983775e-05,4.867251e-04,-5.961846e-02,-8.099863e-01,1.982304e+00
1642,1.203497e-16,-1.029494e-05,-7.880799e-05,4.954571e-04,-1.299433e+00,1.780379e-01,5.447821e+00
1643,1.141807e-17,-1.328189e-05,-8.932237e-05,4.981500e-04,4.478687e-01,1.598043e+00,5.141149e+00
1644,1.029143e-16,-1.278040e-05,-8.975623e-05,4.984443e-04,3.173873e-01,8.552478e-01,4.695517e+00
1645,2.453098e-17,-6.277857e-06,-8.743807e-05,4.820893e-04,2.878840e+00,4.508616e-02,1.376562e+00
1646,5.277493e-18,-1.094219e-05,-9.536836e-05,4.896372e-04,4.877178e-02,-6.268922e-01,2.777605e+00
1647,7.019160e-18,-2.344266e-06,-9.687657e-05,4.952863e-04,-4.374697e-01,1.742865e-01,1.154877e+01
1648,2.051404e-17,-1.941595e-05,-8.097093e-05,4.821910e-04,5.854666e-01,3.053334e+00,4.193046e+00
1649,1.045864e-17,-1.674424e-05,-8.374361e-05,4.894932e-04,1.443778e+00,2.340788e-02,5.665385e+00
1650,2.387834e-17,-1.769017e-05,-7.771073e-05,4.825281e-04,-1.183896e-01,-4.846208e-01,5.113821e+00
1651,1.726486e-18,-9.314723e-06,-8.131495e-05,4.848691e-04,2.820132e-01,2.898507e-01,3.682084e+00
1652,4.269785e-18,-2.340887e-06,-9.688158e-05,4.893832e-04,5.496075e-02,-1.792948e-01,8.838168e+00
1653,4.437399e-18,-2.340767e-06,-9.686122e-05,4.824788e-04,4.978921e-02,2.438178e-01,5.361929e+00
1654,1.190792e-17,-2.428977e-05,-8.515757e-05,4.969025e-04,1.087771e-02,5.267024e-03,1.662162e+00
1655,5.861869e-17,-6.425573e-06,-6.541014e-05,4.940146e-04,-1.668649e+00,-8.779476e-01,1.642073e+01
1656,1.396640e-17,-1.548781e-05,-5.484677e-05,4.822435e-04,-2.607456e+00,8.374740e-01,1.766826e+00
1657,1.085265e-18,-7.018797e-06,-7.264246e-05,4.933237e-04,5.067986e-01,2.572125e-01,1.356440e-01
1658,3.287302e-17,-1.351352e-05,-6.042866e-05,4.937216e-04,2.243496e+00,-2.127226e+00,6.087158e+00
1659,1.389066e-18,-1.328902e-05,-6.952946e-05,4.980149e-04,3.262918e-01,4.907683e-03,1.096927e+01
1660,4.237205e-18,-1.093720e-05,-5.468415e-05,5.010809e-04,4.042420e-02,-1.942487e-03,6.003641e+00
1661,1.267374e-18,-1.149573e-05,-6.544506e-05,4.955152e-04,2.832775e-01,2.404240e-01,5.517107e+00
1662,3.145067e-18,-1.338128e-05,-6.648743e-05,4.939889e-04,3.819195e-02,7.288964e-02,8.117918e+00
1663,2.618794e-18,-1.171638e-05,-7.265938e-05,4.898179e-04,2.192932e-01,-1.848301e-01,6.240778e+00
1664,3.096509e-18,-1.328779e-05,-6.404436e-05,4.804863e-04,-6.207434e-01,1.016534e+00,1.427466e+00
1665,4.044374e-18,-1.562902e-05,-6.562553e-05,4.979989e-04,8.389935e-02,-4.581928e-02,1.302927e+00
1666,1.309703e-17,-2.426615e-05,-6.731950e-05,4.842736e-04,-1.090091e-02,-2.300257e-02,1.612476e+00
1667,5.138636e-18,-9.383868e-06,1.171886e-04,5.398811e-04,7.478115e-01,4.884182e-01,6.468199e+00
1668,2.116279e-18,-7.866239e-07,1.195298e-04,5.308523e-04,-6.409298e-03,-5.505483e-01,6.448685e+00
1669,3.694321e-17,-5.608346e-06,1.104707e-04,5.486356e-04,5.184869e-01,4.111267e-01,7.264450e+00
1670,2.437813e-18,-1.406102e-05,1.031274e-04,5.424373e-04,-1.389751e-01,-2.679679e-03,3.910817e+00
1671,9.329863e-19,7.808203e-07,1.226658e-04,5.418847e-04,-1.275097e-02,1.087164e-01,2.405570e+00
1672,3.534981e-18,-2.109694e-05,1.031256e-04,5.470787e-04,5.382576e-02,-5.775018e-03,3.290157e-01
1673,9.246609e-18,7.428081e-06,1.189975e-04,5.497115e-04,2.204246e+00,5.374501e-01,1.556361e+01
1674,1.267008e-18,3.125179e-06,1.234426e-04,5.333538e-04,5.490616e-02,-1.310767e-01,5.212280e+00
1675,2.133769e-18,1.714728e-05,1.102001e-04,5.318039e-04,-4.504210e-01,4.688980e-01,5.883418e+00
1676,1.082084e-18,1.720978e-05,1.039086e-04,5.377734e-04,-4.636140e-02,-1.504376e-01,-1.441600e+00
1677,2.853563e-17,1.803646e-05,9.148766e-05,5.103133e-04,-5.652546e-01,2.629555e-01,1.122575e+01
1678,3.419678e-17,1.988521e-06,8.488264e-05,5.412358e-04,3.831255e-01,-6.436973e-02,8.575084e+00
1679,8.573856e-19,5.617012e-06,7.408078e-05,5.246686e-04,3.616117e-01,-5.440827e-01,1.728353e+01
1680,2.955424e-17,1.922661e-05,7.380051e-05,5.420908e-04,-1.507516e-01,5.815394e-01,1.236562e+01
1681,1.035127e-18,6.226306e-06,8.831886e-05,5.476083e-04,-1.540071e-01,8.969850e-01,1.172157e+01
1682,2.883278e-17,1.744278e-06,8.235580e-05,5.191786e-04,-3.526442e-01,5.678035e-01,1.429861e+01
1683,2.531965e-19,3.903179e-07,9.570135e-05,5.072016e-04,8.664679e-01,1.950420e+00,-4.976747e-01
1684,1.682350e-17,5.053620e-06,7.367429e-05,5.214016e-04,1.214351e+00,-9.677820e-01,1.772291e+01
1685,1.467062e-18,5.467100e-06,7.734193e-05,5.110419e-04,-1.034168e-01,5.448234e-01,1.353225e+01
1686,7.798611e-18,2.508378e-06,8.671574e-05,5.159506e-04,5.555332e-02,4.749714e-01,1.047775e+01
1687,1.674722e-18,2.344686e-06,8.280967e-05,5.125532e-04,-1.018050e-01,-2.204093e-01,1.149557e+01
1688,1.783522e-17,5.298606e-06,7.809124e-05,5.043417e-04,5.570122e-02,-2.078324e-01,1.341470e+01
1689,4.607884e-18,2.340015e-06,8.281132e-05,5.025907e-04,-1.184166e-02,-2.717414e-01,7.270788e+00
1690,5.135276e-17,1.795343e-05,7.851602e-05,5.260111e-04,1.920542e-01,7.755812e-01,6.699833e+00
1691,1.767262e-18,1.888185e-05,9.062120e-05,5.070855e-04,-2.418715e-01,1.671015e-02,1.406315e+01
1692,9.396721e-18,1.015549e-05,9.490114e-05,5.166545e-04,-4.148584e-01,-1.259927e+00,8.274587e+00
1693,1.363860e-18,1.016287e-05,9.844616e-05,5.186468e-04,-3.484158e-02,-1.460320e-01,4.821443e+00
1694,2.616771e-18,6.990813e-07,9.181995e-05,5.034010e-04,8.433030e-02,6.583942e-01,2.530883e+00
1695,2.401632e-17,5.934636e-06,8.326529e-05,5.426418e-04,-1.058001e+00,1.648386e+00,7.694960e+00
1696,4.006623e-17,4.206840e-06,8.592451e-05,5.359315e-04,-4.480074e-01,-1.805918e+00,1.016960e+01
1697,5.734226e-18,5.470416e-06,7.421787e-05,5.379511e-04,-3.357475e-01,-1.762528e-01,4.945844e+00
1698,2.270667e-17,7.945751e-06,7.675134e-05,5.346735e-04,2.538745e-01,-7.669435e-01,8.326312e+00
1699,1.112705e-17,2.347661e-06,8.613736e-05,5.308209e-04,7.485739e-04,4.834156e-03,1.515522e+01
1700,7.646719e-18,1.884175e-05,9.768570e-05,5.487747e-04,-3.047390e-01,-6.407229e-01,6.755023e+00
1701,8.666915e-18,7.051565e-06,9.487947e-05,5.353274e-04,-2.575239e-02,1.247517e-01,6.234732e+00
1702,7.946817e-18,5.122341e-06,9.605906e-05,5.490582e-04,-8.676468e-01,-5.852467e-01,8.110508e+00
1703,4.945793e-17,-1.368883e-06,7.504651e-05,5.350514e-04,3.213233e-01,2.939322e-01,4.701476e+00
1704,1.113873e-18,7.825802e-07,9.765059e-05,5.347749e-04,-1.559180e-01,-1.072363e-02,2.105683e+00
1705,9.785283e-19,1.015799e-05,8.438752e-05,5.462617e-04,-5.128483e-02,8.243109e-02,2.533285e+00
1706,3.142627e-17,-1.388704e-05,8.163737e-05,5.095722e-04,-1.942532e+00,-3.758427e+00,2.809114e+01
1707,1.467951e-17,-1.015191e-05,8.750170e-05,5.243261e-04,-4.297762e-01,3.225303e-02,7.912056e+00
1708,8.730855e-17,-1.007980e-05,8.737476e-05,5.242038e-04,-3.897236e-01,9.679694e-02,7.588311e+00
1709,2.973709e-17,-8.604461e-06,7.904835e-05,5.016140e-04,8.457893e-01,4.785376e-01,8.304733e+00
1710,9.313094e-18,-1.178234e-05,8.347674e-05,5.005828e-04,1.064212e+00,-2.727930e-01,2.417195e+01
1711,6.322679e-17,-4.737120e-06,8.059870e-05,5.212612e-04,6.803729e-01,3.167041e-01,6.592703e+00
1712,4.108033e-17,-9.923654e-06,9.665732e-05,5.271946e-04,1.234615e+00,-6.014848e-01,9.573816e+00
1713,6.721375e-18,-7.034521e-06,8.671879e-05,5.018742e-04,2.667824e-02,8.692366e-03,3.915608e+00
1714,2.417142e-18,-1.610557e-06,8.818834e-05,5.069153e-04,-6.009588e-02,-1.996385e-01,4.328785e+00
1715,1.327452e-17,-2.200705e-05,8.545370e-05,5.282953e-04,-1.203029e+00,1.616369e+00,6.945543e+00
1716,5.157916e-17,-1.681571e-05,9.454681e-05,5.473222e-04,-8.611274e-01,1.540274e+00,7.594296e+00
1717,1.355579e-17,-1.386899e-05,7.974235e-05,5.379251e-04,-8.080588e-02,1.433925e-01,6.508589e+00
1718,2.753576e-17,-1.074048e-05,7.582389e-05,5.360554e-04,7.091526e-01,4.883908e-01,6.383680e+00
1719,7.890506e-18,-9.546221e-06,9.437460e-05,5.494910e-04,1.014833e+00,3.260848e+00,1.309729e+01
1720,4.781494e-18,-1.015639e-05,8.401010e-05,5.351586e-04,-3.185015e-03,1.109720e+00,2.563885e+00
1721,9.668621e-18,-2.641987e-05,1.245779e-05,4.748923e-04,-2.258041e+00,-1.860451e+00,1.365961e+00
1722,3.561757e-19,-1.523462e-05,2.734393e-06,4.699196e-04,-4.216961e+00,-1.697916e-01,-8.330624e-01
1723,2.411024e-17,9.083360e-06,3.045402e-05,4.727302e-04,-1.371553e-02,-1.947215e+00,-1.505832e+00
1724,1.927575e-17,1.633086e-05,5.415992e-05,4.756589e-04,1.518409e+00,-1.372932e+00,2.670513e-01
1725,3.401590e-19,9.765929e-06,5.976593e-05,4.777406e-04,2.009314e+00,-1.423691e+00,7.376697e+00
1726,5.025320e-19,1.054693e-05,5.976555e-05,4.750182e-04,4.154355e-01,1.825476e+00,2.757074e+00
1727,5.403292e-19,1.018916e-05,6.054670e-05,4.761794e-04,1.462305e+00,1.135723e+00,4.897624e+00
1728,5.749401e-19,1.054723e-05,5.820305e-05,4.718656e-04,-2.983607e-01,-2.493713e+00,-4.667236e+00
1729,1.909304e-18,-1.118233e-04,-1.222712e-05,4.749155e-04,4.912252e-01,4.968939e+00,-6.990470e-01
1730,9.265630e-19,-1.105470e-04,-1.835910e-05,4.690436e-04,1.591104e+00,3.807240e-01,-4.409087e+00
1731,2.700890e-19,-1.105465e-04,-1.757807e-05,4.738420e-04,8.703598e-01,2.009185e+00,4.026184e+00
1732,4.787939e-19,-1.105471e-04,-1.757746e-05,4.711066e-04,-1.430262e-01,9.710319e-01,-1.583264e+00
1733,5.588371e-17,-9.911000e-05,7.227874e-06,4.586075e-04,-4.970209e-01,2.232153e-01,5.778263e-01
1734,6.886829e-18,-1.187583e-04,1.328608e-05,4.746248e-04,-6.249005e-01,4.787851e-01,-1.405927e+00
1735,1.502349e-18,-1.027347e-04,5.452439e-06,4.749403e-04,2.997657e+00,1.003297e+00,1.549568e+00
1736,2.600010e-19,-1.097653e-04,1.132772e-05,4.769616e-04,-2.625390e+00,-2.868722e+00,3.481620e+00
1737,5.381519e-19,-9.683938e-05,-1.367178e-05,4.761818e-04,1.607318e+00,3.171372e+00,1.283069e+00
1738,5.761460e-19,-9.683946e-05,-1.289035e-05,4.753993e-04,9.073994e-01,3.686061e+00,-3.148481e-01
1739,4.497165e-18,-3.907493e-06,-1.257785e-04,5.369103e-04,1.002086e-01,-1.654219e-02,1.895366e+01
1740,2.721768e-18,-1.465301e-05,-1.258689e-04,5.438604e-04,-3.972066e+00,9.160169e-01,1.898028e+01
1741,3.516497e-18,-1.484581e-05,-1.257838e-04,5.280241e-04,-3.026788e+00,1.716296e-01,1.484577e+01
1742,4.664478e-17,-1.506710e-05,-1.255900e-04,5.281382e-04,-3.122928e+00,4.117016e-01,1.397731e+01
1743,6.544992e-17,2.362763e-06,-1.249901e-04,5.414704e-04,-6.027717e-01,-5.139427e-02,1.215464e+01
1744,6.321561e-17,-1.335094e-05,-1.487685e-04,5.324072e-04,-3.022140e+00,-1.951194e+00,8.733264e+00
1745,6.348382e-17,-1.512893e-05,-1.263853e-04,5.338087e-04,-2.420517e-01,1.016967e+00,9.278800e+00
1746,1.938739e-17,-1.301569e-05,-1.461666e-04,5.257747e-04,1.005229e+00,-7.730756e-01,1.582511e+01
1747,7.319995e-17,-7.454606e-06,-1.435501e-04,5.217010e-04,1.659552e+00,-1.088215e+00,1.108917e+01
1748,9.403517e-18,-3.915213e-06,-1.263932e-04,5.171216e-04,7.107915e-02,1.605271e-01,1.332267e+01
1749,4.586821e-18,-3.121471e-06,-1.265650e-04,5.102683e-04,2.588722e-01,-2.321160e-01,1.109761e+01
1750,4.894746e-17,2.448934e-06,-1.411653e-04,5.164407e-04,-1.076601e-01,2.313207e-01,6.892434e+00
1751,6.569626e-18,-1.640274e-05,-1.421614e-04,5.237189e-04,-2.634993e-01,5.509603e-02,5.651661e+00
1752,3.445050e-18,-1.325932e-05,-1.281360e-04,5.122053e-04,1.320512e-01,-7.237974e-01,6.751500e+00
1753,2.813770e-18,-3.935457e-06,-1.351240e-04,5.160382e-04,-2.296563e-02,-8.903428e-02,3.814507e+00
1754,2.176384e-18,-2.334705e-06,-1.336012e-04,5.219637e-04,5.118390e-02,-6.891305e-02,4.463167e+00
1755,1.493343e-17,-7.287694e-07,-1.400001e-04,5.233476e-04,1.088675e+00,6.405849e-01,1.600501e+00
1756,3.041655e-17,-1.613429e-05,-1.421783e-04,5.469573e-04,3.382902e-01,1.535902e-01,7.638875e+00
1757,1.437676e-17,-2.991321e-06,-1.305024e-04,5.489894e-04,9.214446e-01,-4.859243e-02,1.004556e+01
1758,2.701883e-18,-7.809733e-06,-1.304758e-04,5.323597e-04,-1.371266e-01,8.233079e-02,6.898386e+00
1759,3.803094e-18,-7.830950e-06,-1.249336e-04,5.292808e-04,4.018993e-01,-5.546810e-01,7.100507e+00
1760,4.380642e-18,-1.561852e-05,-1.335978e-04,5.334264e-04,4.434588e-01,1.174097e-02,5.908207e+00
1761,5.283994e-18,7.045631e-06,-1.257742e-04,5.323365e-04,-1.674279e-01,-1.814240e-01,1.249281e+01
1762,6.889990e-18,2.347532e-06,-1.334149e-04,5.323138e-04,-2.923350e-02,-2.309970e-01,3.978729e+00
1763,4.200844e-18,3.118142e-06,-1.413997e-04,5.462717e-04,-1.232764e-02,4.148125e-02,5.317615e+00
1764,4.538017e-18,-8.742061e-06,-1.217545e-04,5.296427e-04,7.924751e-01,-4.381742e-01,1.791370e+01
1765,2.851244e-17,-1.242912e-06,-1.153925e-04,5.474477e-04,-7.044550e-01,2.846132e-02,7.222711e+00
1766,2.623158e-17,-6.351639e-06,-1.121099e-04,5.414135e-04,7.686443e-01,-1.102423e+00,5.551223e+00
1767,3.686808e-18,-7.835625e-07,-1.124983e-04,5.361285e-04,-4.354348e-02,4.924225e-02,6.508076e+00
1768,2.031850e-18,-1.714456e-05,-1.179262e-04,5.279258e-04,9.503583e-02,3.686128e-02,2.863915e+00
1769,1.134462e-18,-1.250052e-05,-1.070216e-04,5.476763e-04,-4.830794e-02,2.899035e-02,7.015700e-01
1770,6.141168e-17,-2.675447e-06,-1.072330e-04,5.099043e-04,-2.541782e+00,4.727768e-01,9.536673e+00
1771,2.456723e-17,-2.997409e-06,-1.030058e-04,5.151281e-04,-1.076917e-01,-2.979334e+00,2.083669e+01
1772,1.489431e-17,-1.484282e-05,-1.031250e-04,5.152589e-04,3.060405e-02,-3.582242e-01,4.869540e+00
1773,5.216434e-18,-6.248297e-06,-1.234435e-04,5.163662e-04,1.384083e-01,4.566998e-02,1.647171e+01
1774,9.395046e-19,-7.027800e-06,-1.179646e-04,5.103230e-04,2.443840e-01,1.176767e-01,2.499209e+00
1775,8.019368e-17,-1.488441e-05,-1.034227e-04,5.152995e-04,-3.137473e-02,-5.045986e-01,4.701560e+00
1776,1.476754e-17,-8.383473e-06,-1.161051e-04,5.155151e-04,1.328256e+00,5.744376e-01,3.308668e+00
1777,4.812986e-18,-1.565423e-06,-1.171850e-04,5.170435e-04,-5.386035e-02,3.667329e-03,1.312855e+00
1778,4.482393e-17,1.777759e-05,-1.417773e-04,5.138546e-04,1.178342e+00,5.522066e-01,1.924210e+00
1779,1.053546e-17,7.579300e-06,-1.257822e-04,5.068149e-04,1.358026e-02,4.145492e-02,6.351760e+00
1780,4.172401e-18,8.360687e-06,-1.390634e-04,5.071121e-04,9.948436e-02,-3.635639e-02,1.803083e+00
1781,2.144011e-17,8.943967e-06,-1.140634e-04,5.232581e-04,-1.025533e+00,1.321283e+00,1.408208e+01
1782,2.453874e-17,7.478357e-06,-1.175264e-04,5.315255e-04,-2.157714e-01,-1.281050e-01,5.493775e+00
1783,2.124960e-18,7.034114e-06,-1.195350e-04,5.486443e-04,2.645619e-02,-3.985405e-02,6.237786e+00
1784,1.359332e-16,7.493484e-06,-1.179572e-04,5.312146e-04,-1.866871e-01,-1.141175e-01,5.450402e+00
1785,3.193514e-18,7.035146e-06,-1.195321e-04,5.461812e-04,-2.765410e-02,-8.441812e-03,4.959173e+00
1786,2.926868e-17,1.588379e-04,9.984739e-06,5.198013e-04,6.989108e-01,8.754259e-02,1.774576e+01
1787,2.228539e-17,1.718777e-04,9.374710e-06,5.159937e-04,1.635633e-01,-5.736695e-01,1.062884e+01
1788,8.670424e-17,1.694424e-04,7.393531e-06,5.084126e-04,-1.446975e+00,3.911361e-02,1.147932e+01
1789,1.296076e-16,1.716465e-04,9.489824e-06,5.161104e-04,-1.648424e-01,-5.031072e-01,1.021509e+01
1790,2.424101e-17,1.526985e-04,4.234552e-06,5.137094e-04,1.775914e+00,1.324032e+00,2.293362e+00
1791,7.349861e-18,1.576994e-04,1.016044e-05,5.059515e-04,5.531688e-01,-1.216600e-01,1.422397e+01
1792,4.593498e-17,1.664215e-04,2.590770e-06,5.192223e-04,-1.386444e+00,-4.612617e-01,4.894454e+00
1793,3.029786e-18,1.758328e-04,1.253225e-05,5.137188e-04,-3.414164e+00,-1.849475e+00,6.542017e+00
1794,1.196801e-17,1.687174e-04,1.794976e-05,5.172425e-04,-8.660668e-01,-7.083763e-01,4.380826e+00
1795,8.598172e-18,1.609036e-04,1.654610e-05,5.204277e-04,2.242738e-02,-5.468532e-02,4.191204e+00
1796,4.009633e-18,1.546965e-04,1.491002e-05,5.090474e-04,7.087583e-01,-1.205865e-02,5.493193e+00
1797,3.306684e-18,1.546846e-04,1.248519e-05,5.137528e-04,5.819241e-02,-2.349696e-01,5.779040e+00
1798,2.355145e-18,1.703179e-04,1.717353e-05,5.115126e-04,1.607385e-02,-1.320574e-01,5.731732e+00
1799,1.271479e-17,1.736110e-04,1.605281e-05,5.072228e-04,-3.504751e-01,-1.528703e-01,3.013506e+00
1800,2.559739e-17,1.621594e-04,7.061481e-06,5.289722e-04,-2.532128e+00,-1.033367e+00,6.899974e+00
1801,4.551376e-18,1.578104e-04,4.691350e-06,5.073154e-04,5.664388e-02,-3.915583e-02,1.722586e+00
1802,4.593493e-17,1.677432e-04,-8.992794e-06,5.258429e-04,-2.607398e-01,-2.451830e+00,1.128477e+01
1803,3.298517e-18,1.641348e-04,-1.555831e-05,5.202094e-04,-3.829971e-01,-1.772526e-01,1.158887e+01
1804,3.350191e-18,1.679468e-04,-4.485110e-06,5.145572e-04,2.516235e-01,-1.218857e+00,6.689078e+00
1805,2.541640e-18,1.609384e-04,-4.685446e-06,5.251249e-04,-1.605886e-02,5.359738e-02,7.100393e+00
1806,7.461944e-19,1.584872e-04,-1.313832e-05,5.126373e-04,6.783146e-01,-2.153693e-01,4.500926e+00
1807,1.780741e-17,1.560389e-04,-3.721264e-06,5.122802e-04,-9.784254e-01,-1.105404e+00,3.080897e+00
1808,4.499821e-18,1.710961e-04,-1.406486e-05,5.142079e-04,1.624597e-01,-2.717937e-01,3.822836e+00
1809,3.506822e-16,1.632117e-04,-1.591311e-05,5.462054e-04,-3.773538e-01,-6.210726e-01,7.303561e+00
1810,1.478176e-16,1.660797e-04,-1.238163e-06,5.364264e-04,-4.924134e-01,-6.783780e-03,7.578579e+00
1811,8.546793e-17,1.674351e-04,1.883616e-05,5.343332e-04,-6.692520e-01,-2.639015e-01,5.640569e+00
1812,2.850847e-18,1.632774e-04,-1.562312e-05,5.331683e-04,-5.714912e-01,5.981746e-01,1.597001e+01
1813,4.373039e-18,1.632911e-04,-1.559599e-05,5.403964e-04,-6.311728e-02,9.306322e-01,1.793418e+01
1814,1.121300e-17,1.581297e-04,-7.369871e-06,5.456616e-04,-3.153912e+00,-8.055734e-01,5.150446e+00
1815,1.896348e-18,1.609889e-04,-4.735993e-06,5.400968e-04,1.051509e-01,-7.465140e-02,6.878066e+00
1816,1.960879e-18,1.663560e-04,-6.972510e-06,5.417347e-04,-1.654802e-01,4.060271e-01,6.531016e+00
1817,4.600394e-18,1.679674e-04,-2.347476e-06,5.298232e-04,7.910662e-03,1.984215e-01,9.054647e+00
1818,2.076690e-18,1.710933e-04,-1.406630e-05,5.359574e-04,-1.885661e-02,6.347167e-03,4.902970e+00
1819,2.820192e-18,1.710903e-04,-1.406648e-05,5.309339e-04,-2.120502e-01,5.726664e-01,4.508608e+00
1820,3.765392e-18,1.664104e-04,-7.015917e-06,5.370325e-04,5.295379e-01,2.908488e-01,6.617787e+00
1821,2.207862e-18,1.538919e-04,-9.384277e-06,5.380248e-04,1.037216e-01,3.296638e-03,2.880264e+00
1822,1.926896e-17,1.588015e-04,7.842892e-06,5.353783e-04,1.103860e-01,-5.306497e-01,8.165655e+00
1823,1.501502e-17,1.551165e-04,1.173272e-05,5.335834e-04,3.781730e-01,-4.489404e-01,7.914435e+00
1824,2.639523e-17,1.526847e-04,1.925798e-05,5.398237e-04,5.573683e-01,6.143648e-02,6.980804e+00
1825,8.854628e-18,1.636511e-04,4.599038e-06,5.349675e-04,8.172138e-01,2.617529e-01,6.402025e+00
1826,3.009963e-17,1.654948e-04,1.062975e-05,5.393347e-04,-1.519885e+00,-5.423929e-01,6.771072e+00
1827,9.165384e-17,1.454892e-04,5.314914e-06,5.404298e-04,1.091563e+00,-1.634276e+00,8.700586e+00
1828,3.476176e-17,1.370633e-04,1.853961e-05,5.482519e-04,6.890779e-01,4.291496e+00,1.245833e+01
1829,1.902447e-17,1.368137e-04,4.335905e-06,5.480930e-04,2.708836e-01,2.508772e+00,1.213966e+01
1830,5.640617e-17,1.311548e-04,1.542816e-05,5.369486e-04,-9.340959e-01,1.887170e+00,1.113465e+01
1831,6.819717e-18,1.406237e-04,5.468121e-06,5.339764e-04,4.726940e-01,-1.617403e-01,1.086799e+01
1832,1.111182e-17,1.377294e-04,8.604647e-06,5.344857e-04,4.144515e-01,7.350642e-02,1.271015e+01
1833,2.233167e-19,1.441430e-04,1.524493e-05,5.406017e-04,4.500429e-01,-3.435782e-01,3.394718e+00
1834,1.757057e-18,-2.477148e-06,2.365756e-04,4.765478e-04,-3.715345e-01,-3.328784e-01,7.019075e-01
1835,2.439450e-19,-8.203029e-06,2.378905e-04,4.769597e-04,-1.199225e+00,2.475607e-02,2.862014e+00
1836,5.008298e-19,-5.859141e-06,2.257676e-04,4.738354e-04,-1.213875e+00,-1.186930e+00,2.995239e+00
1837,2.524301e-19,-6.640387e-06,2.261724e-04,4.746178e-04,-6.966745e-01,-1.782622e+00,3.752283e+00
1838,2.745555e-19,-3.906571e-07,2.324219e-04,4.730516e-04,-3.548241e+00,-6.295979e-01,-9.354106e-01
1839,2.491148e-19,-1.953266e-06,2.144531e-04,4.785183e-04,-3.028937e-01,6.538799e-02,1.242641e+00
1840,3.377915e-17,-1.598273e-05,2.183046e-04,4.801202e-04,-2.805446e-01,-1.475514e+00,3.585619e+00
1841,1.508948e-17,-1.642044e-05,2.037003e-04,4.773308e-04,5.247015e-01,-1.514028e+00,3.472099e-01
1842,5.561978e-18,-3.528481e-06,2.064591e-04,4.787124e-04,2.126856e+00,5.850145e-01,5.370489e+00
1843,2.669512e-18,-1.259807e-05,2.047757e-04,4.742831e-04,8.015872e-01,1.164259e+00,-4.275964e+00
1844,7.295229e-18,-1.757669e-06,2.031204e-04,4.758117e-04,-1.944778e-01,4.138994e-01,2.548088e+00
1845,2.793419e-19,-3.515768e-06,2.042968e-04,4.777389e-04,-6.892800e-01,1.296085e+00,4.478470e+00
1846,2.479229e-19,-3.515612e-06,2.066406e-04,4.753961e-04,2.424168e+00,2.150043e+00,4.553912e+00
1847,3.590094e-18,-1.902557e-05,2.163714e-04,4.808395e-04,4.461075e-01,-8.636321e-01,6.821616e+00
1848,3.248490e-18,-1.797487e-05,2.130886e-04,4.789805e-04,1.503284e+00,-2.830133e-01,3.532884e+00
1849,6.427691e-17,-3.166880e-06,2.220119e-04,4.874734e-04,-2.316213e+00,1.201323e-01,3.752162e+00
1850,3.862721e-17,-3.843833e-06,2.046570e-04,4.920884e-04,-1.285209e-01,-1.261322e+00,1.481020e+01
1851,2.017997e-17,-8.745374e-06,2.165559e-04,4.806420e-04,-1.352789e+00,1.996368e-01,1.462705e+00
1852,1.278045e-17,-4.011265e-06,2.039169e-04,4.874049e-04,-1.462507e-01,-3.217393e+00,1.459841e+01
1853,2.095016e-17,-9.063265e-06,2.107209e-04,4.902717e-04,2.376863e+00,2.775938e+00,4.281176e+00
1854,2.970176e-18,-7.048998e-06,2.085980e-04,4.843594e-04,6.053487e-01,-5.762428e-01,8.159701e-01
1855,8.261233e-17,-1.738896e-05,2.163771e-04,4.976426e-04,-3.037923e-01,4.308704e-01,9.372518e+00
1856,3.506303e-18,-9.395281e-06,2.047757e-04,4.919309e-04,1.858180e-01,6.098245e-01,5.739073e+00
1857,1.240101e-17,-1.329059e-05,2.148271e-04,4.862704e-04,-2.387400e-01,-2.115389e+00,4.771267e+00
1858,7.485963e-18,-1.798976e-05,2.130418e-04,4.922371e-04,2.850971e-01,9.915142e-01,1.223696e+01
1859,5.012934e-18,-2.346810e-06,2.148425e-04,4.960905e-04,3.078061e-02,1.953077e-02,3.413628e+00
1860,7.535519e-19,-7.151944e-06,2.084510e-04,4.979953e-04,1.427181e-03,4.461614e-02,3.659307e+00
1861,2.101120e-18,-1.888984e-05,2.165709e-04,4.896795e-04,5.965847e-01,-9.612985e-02,1.262291e+01
1862,1.253856e-18,-1.835964e-05,2.167965e-04,4.855257e-04,4.521409e-01,-7.979956e-01,9.859423e+00
1863,7.767582e-19,-1.914142e-05,2.160156e-04,4.863446e-04,-2.644496e-01,-1.170783e+00,1.089093e+01
1864,5.910995e-19,-4.680819e-06,2.058597e-04,4.816373e-04,1.280279e+00,1.254830e+00,4.567268e+00
1865,8.058206e-19,-1.784644e-05,2.131391e-04,4.863328e-04,-1.157649e+00,-1.747780e-01,8.437696e+00
1866,1.202108e-16,-5.010986e-05,-4.841624e-06,5.394377e-04,-1.115948e+00,-5.066984e-01,1.463000e+01
1867,2.194800e-17,-6.787830e-05,-1.810062e-05,5.466935e-04,1.652365e+00,-7.272504e+00,2.688464e+01
1868,6.409202e-17,-4.808161e-05,-2.372002e-06,5.180354e-04,-1.132341e+00,2.042014e+00,1.269343e+01
1869,1.387798e-18,-4.945240e-05,-1.656024e-06,5.105181e-04,5.562519e-01,3.157085e-01,9.631346e+00
1870,5.246641e-18,-7.108218e-05,-1.110907e-05,5.186614e-04,-2.084445e-01,-3.847606e+00,1.662047e+01
1871,6.924623e-18,-7.106932e-05,-9.191188e-06,5.104121e-04,7.488016e-01,-4.304128e+00,1.486625e+01
1872,2.034467e-18,-5.234216e-05,-1.171241e-05,5.220531e-04,8.975211e-02,1.066225e-01,-1.734801e+00
1873,3.615370e-18,-4.916869e-05,-1.558999e-06,5.050779e-04,-4.139955e-01,-3.267939e-01,9.597549e+00
1874,4.080896e-18,-7.109825e-05,-1.561741e-06,5.230859e-04,-2.608987e-01,-9.791308e-02,6.677138e+00
1875,1.392746e-17,-5.913052e-05,7.821659e-07,5.118270e-04,-3.296087e+00,2.867556e-02,2.218219e+00
1876,1.643117e-16,-5.326791e-05,1.911687e-06,5.249611e-04,6.566206e-01,1.554072e+00,5.737890e+00
1877,9.171820e-18,-7.055658e-05,-1.453709e-05,5.333489e-04,-1.157759e-01,-5.820065e+00,2.308146e+01
1878,3.135058e-18,-5.469093e-05,-2.030170e-05,5.417042e-04,-7.216377e-03,1.229866e+00,7.145075e+00
1879,3.942894e-18,-7.108901e-05,-1.567943e-06,5.311211e-04,1.579349e-02,-7.338502e-02,3.795059e+00
1880,2.458699e-18,-7.109078e-05,-1.560337e-06,5.359520e-04,-1.793764e-01,1.174718e-02,4.584017e+00
1881,2.745352e-18,-5.314192e-05,-9.375858e-06,5.458620e-04,1.837134e-01,3.275786e-02,1.751236e+00
1882,3.865008e-17,-8.778414e-05,-1.312901e-05,5.061644e-04,-1.353069e-01,7.241153e-01,1.059037e+01
1883,2.810198e-18,-9.217833e-05,-1.483470e-05,5.138144e-04,-4.390345e-01,5.980509e-01,9.530006e+00
1884,3.563905e-17,-7.852295e-05,-1.291017e-05,5.168386e-04,1.137690e-01,4.581056e-01,6.281440e+00
1885,1.218631e-17,-8.632032e-05,-9.776036e-06,5.095543e-04,7.070623e-01,9.199709e-02,8.657459e+00
1886,4.278634e-18,-8.359282e-05,-4.689531e-06,5.239682e-04,7.413845e-02,3.258291e-02,5.305758e+00
1887,1.793870e-17,-9.242573e-05,-1.408311e-05,5.493292e-04,-2.819610e-01,3.565201e+00,1.528507e+01
1888,4.250582e-18,-8.749918e-05,-1.171931e-05,5.297517e-04,-1.321577e-02,-1.091669e-01,1.352247e+01
1889,4.154984e-17,-9.054940e-05,-2.060694e-05,5.359781e-04,7.504226e-02,-4.080631e+00,1.076578e+01
1890,2.676161e-18,-8.750218e-05,-1.174234e-05,5.360852e-04,5.903951e-04,-2.065138e-01,1.428194e+01
1891,1.051908e-17,-8.203813e-05,-9.640701e-06,5.328522e-04,-4.121503e-01,5.904858e-01,7.890917e+00
1892,7.907092e-17,-8.181894e-05,-9.734585e-06,5.329039e-04,-3.927666e-01,4.261633e-01,7.817339e+00
1893,1.338397e-18,-8.984459e-05,-1.484022e-05,5.327675e-04,-2.838241e-01,-6.250428e-02,1.234153e+01
1894,4.318598e-17,-9.101741e-05,-4.937561e-06,5.405421e-04,1.826104e-01,1.087361e+00,4.265169e+00
1895,1.874056e-18,-9.158920e-05,-1.169634e-05,5.411180e-04,2.891673e-01,6.680090e+00,5.308787e+00
1896,1.925325e-18,-9.687961e-05,-9.389344e-06,5.373840e-04,-4.450596e-03,5.647912e-03,4.242707e+00
1897,2.422575e-18,-7.969157e-05,-1.797645e-05,5.280145e-04,-8.245455e-03,4.955867e-04,2.947438e+00
1898,1.722676e-16,-6.717201e-05,7.239876e-06,5.303363e-04,-3.341830e-01,1.046629e+00,5.530372e+00
1899,4.265727e-17,-5.781920e-05,1.047038e-05,5.096471e-04,1.105120e+00,6.407940e-02,2.640640e+01
1900,9.947150e-18,-6.448078e-05,9.030351e-06,5.260126e-04,-6.462249e+00,-3.306924e+00,1.862140e+01
1901,2.106564e-16,-4.708735e-05,3.207038e-06,5.144477e-04,-1.165835e-01,-1.955307e+00,1.147976e+01
1902,2.838855e-18,-6.116082e-05,1.241096e-05,5.129259e-04,-3.880347e+00,-5.329732e-01,1.434744e+01
1903,2.040225e-18,-6.107235e-05,8.576181e-06,5.169458e-04,-3.388415e-01,3.317772e-01,8.321981e+00
1904,1.748237e-17,-6.434996e-05,4.899334e-06,5.136980e-04,4.018688e-01,-4.354859e-01,3.872958e+00
1905,1.321056e-18,-6.874608e-05,1.718974e-05,5.073295e-04,4.620400e-02,-4.099647e-02,5.320781e+00
1906,3.482661e-18,-5.077918e-05,1.328344e-05,5.494634e-04,-5.539263e-01,-1.074554e+00,1.314551e+01
1907,2.761410e-17,-5.078414e-05,1.258836e-05,5.490738e-04,9.886702e-03,-8.559825e-01,1.165645e+01
1908,8.165425e-17,-6.668082e-05,6.700316e-06,5.450281e-04,-8.198016e-01,-8.735202e-01,7.420003e+00
1909,2.533108e-18,-6.874738e-05,1.719604e-05,5.416724e-04,2.445573e-02,9.705931e-02,8.093636e+00
1910,8.601445e-18,-6.015055e-05,1.194172e-05,5.410886e-04,3.056791e-02,-9.320446e-01,7.927168e+00
1911,5.571104e-18,-5.367890e-05,4.695427e-06,5.462989e-04,7.679374e-01,3.544751e-02,5.201367e+00
1912,3.062516e-18,-7.269994e-05,1.177053e-05,5.312249e-04,-2.996467e-01,3.086222e-01,2.966274e+00
1913,4.407544e-18,-6.874379e-05,1.718687e-05,5.377802e-04,1.780900e-01,-2.259394e-01,8.104737e+00
1914,4.508161e-19,-6.172063e-05,2.149405e-05,5.441877e-04,-3.606801e-02,1.479947e+00,1.527215e+00
1915,9.802027e-18,-1.791958e-05,-2.261395e-04,5.357658e-04,-5.428166e-01,1.057333e+00,1.908961e+00
1916,3.988569e-17,-6.284639e-06,-2.267796e-04,5.149373e-04,8.005365e-01,1.206037e+00,1.591208e+01
1917,2.988053e-17,-8.165585e-06,-2.272788e-04,5.233211e-04,-3.120838e-01,1.416437e+00,5.610901e+00
1918,3.464068e-17,-1.525091e-05,-2.197263e-04,5.254414e-04,2.395394e-01,1.589362e-02,1.073366e+01
1919,6.328022e-17,-6.402853e-06,-2.046476e-04,5.197549e-04,-8.541676e-01,2.568438e-01,5.067109e+00
1920,3.623978e-18,-1.484816e-05,-2.195196e-04,5.102915e-04,1.101853e-01,-5.614546e-04,4.814545e+00
1921,4.239980e-18,-7.815473e-06,-2.156346e-04,5.049381e-04,1.259641e-01,-6.127089e-02,4.946128e+00
1922,4.339250e-18,-9.381722e-06,-2.210966e-04,5.268258e-04,-7.373986e-02,-1.446357e-01,3.463376e+00
1923,3.791727e-18,-3.917707e-06,-2.039047e-04,5.033933e-04,-5.476669e-03,1.124841e-02,3.180554e+00
1924,2.494646e-16,-3.872630e-06,-1.978114e-04,5.379407e-04,-1.156257e+00,-4.207104e-01,2.188492e+01
1925,3.499011e-17,-5.004886e-06,-2.131217e-04,5.344664e-04,6.986422e-01,3.672218e-01,7.868866e+00
1926,1.404794e-16,-4.945630e-06,-2.131172e-04,5.344727e-04,1.144519e+00,5.034655e-01,7.565095e+00
1927,4.912294e-18,-5.355691e-06,-2.078125e-04,5.390377e-04,-1.062391e+00,-4.795262e-03,7.216750e+00
1928,9.736682e-19,-1.953232e-05,-2.148528e-04,5.392181e-04,-1.505959e-01,1.803714e-01,2.347607e+00
1929,9.145097e-19,-1.954194e-05,-2.148490e-04,5.435185e-04,-8.430459e-02,-4.778393e-03,2.555007e-02
1930,7.625931e-18,-2.421907e-05,-2.046876e-04,4.914156e-04,2.479915e-02,1.951540e-02,1.204406e+00
1931,6.756339e-17,-2.366843e-05,-2.045485e-04,4.913226e-04,-2.126882e-02,2.535583e-02,7.807145e-01
1932,3.365727e-17,-1.343661e-05,-2.183655e-04,4.922893e-04,6.697126e-01,9.185830e-02,3.940763e+00
1933,4.013363e-17,-5.072310e-06,-2.175484e-04,4.909328e-04,1.121998e+00,-2.678740e+00,1.390405e+01
1934,2.775101e-18,-4.679961e-06,-2.124982e-04,4.953227e-04,-1.088572e+00,-1.720540e-01,-6.342511e-02
1935,1.138679e-18,-6.255907e-06,-2.082030e-04,4.836491e-04,-2.536152e-01,1.612913e+00,9.127830e+00
1936,7.745823e-18,-1.005775e-05,-2.049766e-04,4.971661e-04,8.176125e-01,1.943134e+00,4.019052e+00
1937,9.951731e-18,-5.625900e-06,-2.195234e-04,5.006718e-04,-5.743432e-01,2.950011e-01,4.003588e+00
1938,4.190338e-18,-1.406449e-05,-2.249364e-04,4.993632e-04,-2.023537e-01,3.102530e-01,2.088795e+00
1939,3.166640e-18,-1.330808e-05,-2.023548e-04,4.945229e-04,-3.442685e-03,-1.737708e+00,-3.295661e-01
1940,4.855599e-18,-8.592031e-06,-2.203148e-04,4.947655e-04,-1.059554e+00,-2.390758e-01,9.813620e-01
1941,4.827120e-18,-5.898448e-06,-2.218754e-04,5.014760e-04,3.347763e-01,8.344714e-01,1.452782e+00
1942,1.294507e-17,-2.427167e-05,-2.195753e-04,4.968620e-04,-1.219849e-02,-9.777741e-03,1.622828e+00
1943,1.096108e-18,-2.919745e-06,-2.381861e-04,5.018740e-04,2.193537e-01,-3.062404e-01,2.300838e+01
1944,4.952230e-18,-1.636611e-05,-2.416340e-04,5.020313e-04,6.979579e-01,-1.094946e+00,-5.753859e-01
1945,1.254951e-18,-1.094234e-05,-2.496092e-04,4.797628e-04,8.456147e-02,-1.373730e-01,-1.713362e+00
1946,2.901147e-18,-1.407346e-05,-2.266006e-04,5.015872e-04,2.724155e-01,-5.858278e-01,-1.024718e+00
1947,5.715350e-19,-1.171708e-05,-2.496089e-04,4.941191e-04,1.708491e-02,-6.953371e-02,-2.289767e+00
1948,3.584318e-18,-5.406363e-06,-2.398206e-04,4.814665e-04,1.726365e+00,3.743269e-01,1.631814e+00
1949,4.766624e-18,-3.145669e-06,-2.367042e-04,4.979155e-04,-1.208521e+00,1.584580e+00,2.141535e+01
1950,4.832230e-18,-3.125902e-06,-2.359298e-04,4.924852e-04,-1.394530e+00,-8.084030e-01,1.721845e+01
1951,1.116180e-17,-8.627203e-06,-2.289804e-04,4.967352e-04,3.534821e-01,2.480359e-01,1.035512e+01
1952,2.276103e-17,-5.569368e-06,-2.321322e-04,4.850207e-04,-8.393652e-01,3.492873e-01,6.103515e+00
1953,2.822067e-18,-3.066837e-06,-2.343227e-04,4.803538e-04,-2.115217e-02,-7.420118e-01,7.096929e+00
1954,2.160016e-17,-2.288596e-05,-2.360309e-04,4.845694e-04,-1.733001e+00,-1.683480e+00,3.083746e+00
1955,2.328882e-17,-9.220929e-06,-2.274491e-04,4.837229e-04,8.911392e-01,9.550366e-02,5.310634e+00
1956,1.344491e-18,-3.372184e-06,-2.358510e-04,4.889574e-04,7.964195e-01,3.865583e-01,1.524492e+01
1957,1.575423e-18,-2.364462e-06,-2.496093e-04,4.858824e-04,-3.006796e-02,-1.816471e-01,3.988545e+00
1958,8.725174e-18,-7.671483e-06,-2.288982e-04,5.034860e-04,-2.795953e-01,8.496173e-01,1.049750e+01
1959,1.152188e-17,-1.010920e-05,-2.433452e-04,4.936756e-04,2.876279e-01,-2.556410e-01,3.069477e+00
1960,2.946397e-18,-1.172734e-05,-2.444937e-04,4.999357e-04,2.632473e-01,5.656269e-01,3.445143e+00
1961,3.706588e-18,-3.098906e-06,-2.359720e-04,4.852154e-04,-2.436518e-01,-1.076706e-01,1.240238e+01
1962,3.190008e-18,-9.374109e-06,-2.421878e-04,5.030605e-04,-7.576557e-03,-2.758969e-01,3.321802e+00
1963,8.405356e-18,-2.428350e-05,-2.455802e-04,4.989401e-04,-1.152622e-01,-4.068692e-02,1.689221e+00
1964,1.965087e-18,-5.456779e-06,-2.397140e-04,4.857546e-04,4.879640e-01,-2.376846e-01,1.807114e+00
1965,2.477115e-18,-5.550459e-06,-2.399232e-04,4.959432e-04,5.098966e-01,-7.126690e-01,5.607202e-01
1966,7.803523e-18,-2.430401e-05,-2.305107e-04,4.900645e-04,-1.326101e-01,-3.417274e-04,1.638552e+00
1967,4.861666e-18,-3.124380e-06,-2.398518e-04,5.080192e-04,-1.313086e-01,-2.575252e+00,2.973033e+01
1968,1.925575e-18,-2.343557e-05,-2.496107e-04,5.157123e-04,9.991597e-02,-1.583741e-01,1.560162e+00
1969,1.440711e-18,-9.376696e-06,-2.421970e-04,5.202055e-04,5.574281e-02,8.264235e-02,8.155063e+00
1970,2.071543e-17,-1.630267e-05,-2.460116e-04,5.220031e-04,3.263058e-01,-7.843651e-01,4.298116e+00
1971,1.252209e-17,-3.643771e-06,-2.406369e-04,5.201332e-04,8.143446e-01,-4.744243e-01,4.975010e+00
1972,6.336549e-19,-1.561986e-05,-2.496090e-04,5.201825e-04,-8.449414e-02,-2.629302e-01,4.977349e-01
1973,2.269836e-18,-3.900567e-06,-2.359401e-04,5.052993e-04,-4.732699e-01,4.189798e-02,1.221704e+00
1974,1.058199e-17,-7.553609e-06,-2.445311e-04,5.329042e-04,6.502035e-01,1.630503e-01,1.064370e+01
1975,8.565550e-17,-7.536518e-06,-2.442411e-04,5.328185e-04,7.619437e-01,1.508474e-01,1.051754e+01
1976,2.314136e-17,-1.709751e-05,-2.415106e-04,5.379536e-04,-4.373244e-01,-2.107381e+00,7.199039e+00
1977,3.481586e-18,-7.037669e-06,-2.468766e-04,5.398975e-04,-5.352971e-02,-1.858768e-02,3.266918e+00
1978,6.182612e-18,-1.562434e-05,9.396459e-06,5.293450e-04,3.976464e-01,-1.245910e-01,3.185386e+01
1979,5.039371e-18,-1.562743e-05,9.374549e-06,5.398528e-04,3.744214e-01,1.021480e+00,3.631700e+01
1980,1.212386e-17,-1.796810e-05,4.309831e-06,5.407977e-04,-1.377539e-02,2.673942e-02,1.024481e+01
1981,4.879791e-18,-1.640774e-05,9.382605e-06,5.490141e-04,-1.554861e-01,2.999406e-01,4.401465e+01
1982,9.030706e-17,-1.127900e-05,1.340728e-05,5.365372e-04,1.811181e+00,1.034768e+00,7.735485e+00
1983,3.743934e-17,-2.330091e-05,2.450846e-05,5.400483e-04,5.611359e-01,2.429830e+00,8.188955e+00
1984,4.659914e-18,-1.561948e-05,9.401518e-06,5.348010e-04,5.465014e-01,4.001779e-01,3.400464e+01
1985,4.032194e-17,-2.810258e-06,1.619616e-05,5.422999e-04,-4.274405e-01,1.188806e+00,6.524381e+00
1986,1.186390e-18,-2.344056e-05,9.378468e-06,5.369175e-04,-1.762380e-02,2.231704e-02,7.366712e+00
1987,2.582525e-18,-1.172708e-05,7.813556e-06,5.286819e-04,2.072187e-01,5.386371e-02,5.830870e+00
1988,1.378416e-18,-1.875320e-05,1.563602e-05,5.419731e-04,7.288032e-02,-5.792716e-02,-8.018867e-01
1989,2.517450e-17,-4.209310e-05,8.225285e-07,5.184867e-04,-5.154702e+00,2.276034e+00,3.300195e+01
1990,3.988767e-17,-3.536932e-05,3.818541e-06,5.147180e-04,-1.281160e-01,-1.837177e-01,2.390219e+00
1991,8.224389e-18,-3.280453e-05,-1.036687e-06,5.223357e-04,-2.439069e-01,-1.319729e-01,1.062264e+01
1992,3.154408e-17,-4.494216e-05,1.084910e-05,5.053190e-04,8.298502e-01,-1.256141e-01,1.179212e+01
1993,6.000663e-18,-4.153268e-05,6.632951e-07,5.134583e-04,-4.121915e+00,2.233953e+00,3.405327e+01
1994,4.325642e-18,-3.280668e-05,1.328052e-05,5.230399e-04,-1.930238e-01,-8.569081e-02,8.642059e+00
1995,2.694944e-18,-3.827824e-05,1.877749e-05,5.206290e-04,-4.939322e-01,-3.456168e-01,9.113518e+00
1996,3.988315e-17,-3.461603e-05,1.495450e-05,5.027957e-04,2.839841e-01,2.523788e-01,6.525369e+00
1997,7.001168e-18,-3.285808e-05,1.328621e-05,5.087018e-04,2.067741e-01,3.487886e-02,4.599733e+00
1998,2.212236e-18,-4.092014e-05,3.912702e-07,5.055050e-04,-3.454659e+00,-3.966368e-01,2.163814e+01
1999,5.793106e-19,-4.023443e-05,-3.907848e-07,5.029933e-04,-5.308738e+00,-1.971956e-01,1.948582e+01
2000,3.828389e-17,-4.502933e-05,1.277709e-05,5.306047e-04,-4.164640e-01,2.415595e-01,6.740765e+00
2001,1.610950e-17,-3.049642e-05,7.928862e-06,5.288902e-04,1.034255e+00,-1.538106e+00,7.649522e+00
2002,1.691263e-18,-3.833560e-05,1.881713e-05,5.367308e-04,9.397924e-02,-4.220468e-01,6.802599e+00
2003,1.340855e-18,-3.829782e-05,1.875335e-05,5.298282e-04,1.681236e-01,-2.424642e-01,6.780700e+00
2004,9.789915e-19,-4.141531e-05,1.641113e-05,5.334596e-04,-2.727174e-01,-1.293665e-01,4.573153e+00
2005,4.173984e-17,-3.195049e-05,3.638595e-06,5.317925e-04,-2.072780e-01,9.308756e-01,3.971436e+00
2006,2.662706e-18,-4.452558e-05,3.126738e-06,5.451434e-04,-1.202753e-01,3.957314e-03,2.998531e+00
2007,2.540840e-18,-3.594287e-05,4.692314e-06,5.365887e-04,-4.079126e-02,-6.842232e-02,1.633402e+00
2008,3.932461e-17,-3.443808e-05,-9.302532e-06,5.278578e-04,-1.715891e+00,4.825898e-01,9.947814e+00
2009,5.882791e-17,-3.485964e-05,-7.121313e-06,5.206183e-04,1.174858e+00,-6.577722e-01,1.274796e+01
2010,3.910419e-16,-3.494888e-05,-8.251483e-06,5.238897e-04,-6.409656e-01,3.424714e-01,1.178497e+01
2011,1.786650e-17,-4.083791e-05,-9.167624e-06,5.156383e-04,2.319004e+00,4.444869e-01,2.172718e+01
2012,6.423548e-18,-4.530598e-05,-9.376094e-06,5.076144e-04,-2.620749e-01,3.256983e-01,1.940237e+01
2013,5.019862e-18,-3.437797e-05,-2.187321e-05,5.186374e-04,2.762188e-01,-9.140884e-01,1.802830e+01
2014,2.614212e-18,-4.840803e-05,-1.169784e-05,5.107453e-04,2.616957e-01,5.482595e-01,2.463270e+00
2015,1.262312e-17,-3.519960e-05,-1.402991e-05,5.131213e-04,5.962648e-02,-2.857408e-01,1.305457e+01
2016,4.173210e-18,-3.437978e-05,-1.915063e-05,5.129456e-04,2.355316e-01,3.058909e-01,1.598548e+01
2017,8.810019e-19,-4.157688e-05,-9.208351e-06,5.065024e-04,3.695620e-01,2.487100e+00,1.056914e+01
2018,1.217996e-17,-3.438484e-05,-1.315394e-05,5.022395e-04,2.183693e-01,4.306412e-01,1.072020e+01
2019,2.429945e-17,-4.745547e-05,-1.862033e-05,5.169855e-04,2.384584e+00,4.565740e-01,5.437783e+00
2020,1.090313e-17,-3.437274e-05,-1.888983e-05,5.075691e-04,-6.861841e-02,6.926359e-02,1.580357e+01
2021,2.490326e-18,-4.683443e-05,-4.579462e-06,5.021869e-04,-9.206406e-02,2.892301e-01,1.362376e+01
2022,5.452447e-19,-3.945295e-05,-1.639195e-05,5.027046e-04,-3.594802e-01,1.657547e-01,1.381953e-01
2023,1.037002e-18,-4.218393e-05,-1.795266e-05,5.096202e-04,6.268023e-02,2.285211e-02,2.954696e-01
2024,2.961464e-17,-3.856625e-05,-2.349253e-05,5.450387e-04,-9.035204e-01,-6.039345e+00,2.267607e+01
2025,4.542200e-17,-3.744380e-05,-9.085389e-06,5.366421e-04,4.720871e+00,-3.113097e+00,1.871990e+01
2026,6.110233e-18,-3.514911e-05,-1.638981e-05,5.334339e-04,-3.298140e-01,-4.091020e-01,1.879845e+01
2027,1.134998e-18,-4.296245e-05,-5.479181e-06,5.283736e-04,1.572323e+00,1.612098e+00,1.420523e+01
2028,2.759442e-17,-3.584929e-05,-1.249374e-05,5.477344e-04,-7.760415e-01,8.315937e-02,3.540065e+00
2029,3.567301e-18,-4.453341e-05,-6.248350e-06,5.475531e-04,4.550060e-02,3.284584e-03,1.479475e+00
2030,1.063658e-16,1.907537e-04,-3.200305e-06,5.240311e-04,-8.233912e-02,1.219571e+00,8.468048e+00
2031,3.232236e-16,1.895459e-04,-2.202678e-06,5.247623e-04,-2.348174e-01,3.422729e-01,9.257806e+00
2032,5.570915e-17,2.015039e-04,-9.757404e-06,5.241487e-04,-4.628842e-01,8.666311e-03,1.253922e+01
2033,1.022815e-16,1.828219e-04,-6.585086e-06,5.276188e-04,-4.278054e-01,-9.508083e-01,7.740730e+00
2034,6.730301e-17,1.907668e-04,-1.444503e-05,5.101614e-04,1.027092e+00,7.755704e-01,8.272019e+00
2035,8.848691e-18,1.777220e-04,-1.495998e-05,5.253777e-04,-2.157470e+00,5.860040e-01,8.293648e+00
2036,1.113535e-17,1.980050e-04,-7.371353e-06,5.048931e-04,6.065465e-01,3.261870e+00,1.055936e+01
2037,5.853277e-18,1.927988e-04,-1.170179e-05,5.222937e-04,3.999563e-01,9.876489e-03,6.101476e+00
2038,1.958336e-17,1.833651e-04,-6.167750e-06,5.019999e-04,7.171838e-01,-1.557524e+00,4.538782e+00
2039,3.004425e-17,1.784604e-04,-1.586468e-05,5.036035e-04,8.074656e-02,8.286360e-02,7.462073e+00
2040,1.063158e-18,1.938644e-04,-1.807564e-05,5.110953e-04,-1.803649e-01,7.481885e-01,6.955190e+00
2041,2.384790e-19,1.933584e-04,-1.757541e-05,5.118556e-04,1.479393e-02,2.031359e-01,8.170435e+00
2042,1.256015e-17,1.841048e-04,-9.828559e-06,5.209188e-04,-4.275446e-01,1.163591e+00,4.170384e+00
2043,2.366838e-18,1.976462e-04,-1.481580e-05,5.144648e-04,-7.580361e-02,3.187946e-01,5.332757e+00
2044,6.596164e-18,1.945296e-04,-6.249225e-06,5.136710e-04,8.866973e-02,5.397429e-02,1.624240e+01
2045,4.124397e-18,1.945368e-04,-6.247979e-06,5.194921e-04,2.759721e-02,1.716434e-01,1.787687e+01
2046,1.158230e-17,1.808079e-04,1.193850e-05,5.021014e-04,-6.773524e-01,3.427715e-01,9.154001e+00
2047,3.751656e-17,1.786441e-04,8.082681e-06,5.098417e-04,-1.356371e+00,-6.935397e-01,1.054180e+01
2048,2.807893e-17,1.838677e-04,3.822469e-06,5.028271e-04,-3.156842e-01,-3.145843e-01,9.680899e+00
2049,2.703343e-18,1.961394e-04,8.627605e-06,5.259437e-04,-8.702481e-01,-3.125560e-01,7.215318e+00
2050,8.235095e-18,1.851865e-04,7.362096e-06,5.186114e-04,-8.367164e-01,-1.326229e+00,5.804236e+00
2051,3.336534e-18,1.812510e-04,2.345340e-06,5.113879e-04,-5.118160e-03,4.931479e-02,4.597316e+00
2052,2.240440e-16,2.028019e-04,2.176133e-06,5.356598e-04,3.335297e-02,3.589031e-01,8.695036e+00
2053,4.928636e-17,1.824457e-04,1.059991e-05,5.401341e-04,-1.210054e+00,-2.923452e-01,8.253553e+00
2054,1.389308e-16,1.978694e-04,1.517969e-05,5.381849e-04,-1.916404e+00,1.912988e-01,5.467401e+00
2055,7.186382e-18,1.810184e-04,2.339304e-06,5.447267e-04,7.559799e-01,-7.079737e-02,8.025965e+00
2056,1.149059e-18,1.866808e-04,3.119458e-06,5.305189e-04,-1.040046e-01,2.725506e-02,6.689769e+00
2057,3.335610e-18,1.789085e-04,1.562870e-05,5.433907e-04,-3.384508e-02,8.251857e-02,2.556069e+00
2058,3.889163e-18,1.921824e-04,1.171787e-05,5.320955e-04,2.044057e-02,-5.877457e-02,3.370727e+00
2059,9.487032e-19,1.953178e-04,1.016997e-05,5.448203e-04,-2.203112e-02,-2.517156e-02,1.280358e+00
2060,2.206649e-17,2.184914e-04,-4.164112e-06,5.217561e-04,4.287017e-01,-1.531366e+00,9.051935e+00
2061,1.212716e-16,2.182577e-04,-3.968541e-06,5.218781e-04,1.169561e-01,-1.215501e+00,8.728841e+00
2062,8.120401e-18,2.062099e-04,-3.121242e-06,5.252710e-04,2.359204e-01,9.671302e-01,1.147235e+01
2063,8.618746e-18,2.117173e-04,-3.119198e-06,5.212437e-04,-3.416651e-02,-3.441047e-02,1.148454e+01
2064,1.431647e-17,2.126218e-04,-1.056697e-05,5.177395e-04,-1.292252e-01,7.251133e-01,6.663641e+00
2065,1.214108e-17,2.078853e-04,-5.472027e-06,5.054537e-04,4.480152e-01,1.665069e-02,7.333723e+00
2066,1.055384e-18,2.117263e-04,-3.122927e-06,5.268980e-04,-5.360252e-02,5.568265e-02,5.713638e+00
2067,3.514922e-18,2.070296e-04,-1.328235e-05,5.209371e-04,-5.356498e-02,6.500348e-02,6.337424e+00
2068,2.717606e-18,2.195250e-04,-3.130770e-06,5.046083e-04,1.770295e-01,9.873660e-02,4.849337e+00
2069,5.490348e-18,2.195344e-04,-3.122748e-06,5.110286e-04,-4.660908e-05,2.697774e-03,7.507708e+00
2070,3.652018e-18,2.140916e-04,-6.998382e-06,5.078893e-04,2.372746e-01,1.239256e-01,4.327671e+00
2071,1.617651e-17,2.102192e-04,7.296774e-06,5.101789e-04,-5.027307e-01,-1.937748e+00,1.681721e+01
2072,2.354438e-17,2.063968e-04,1.236898e-05,5.112917e-04,-4.190683e-01,2.745738e+00,1.115093e+01
2073,1.716571e-18,2.069701e-04,8.859420e-06,5.075792e-04,-1.673222e+00,9.463519e-01,1.181840e+01
2074,3.219342e-18,2.023454e-04,4.684510e-06,5.136926e-04,-3.353155e-01,-2.594930e-01,2.644538e+00
2075,3.357995e-18,2.062513e-04,1.560762e-05,5.152683e-04,8.665792e-02,-1.123528e+00,2.306899e+00
2076,1.082491e-18,2.226688e-04,1.173350e-05,5.201516e-04,4.149551e-01,3.364742e-01,4.769581e+00
2077,3.549423e-17,2.146334e-04,9.306804e-06,5.284262e-04,5.437373e-01,-4.461507e-01,5.125456e+00
2078,3.648246e-17,1.893132e-04,-1.919526e-05,5.458424e-04,-3.893029e-02,-8.255572e-01,1.116152e+01
2079,2.367031e-16,2.018925e-04,-1.254249e-05,5.359576e-04,1.007134e-01,-2.715755e-01,8.279557e+00
2080,1.136039e-18,1.937456e-04,-1.798137e-05,5.320590e-04,-3.159982e-02,6.728182e-02,7.781636e+00
2081,1.362746e-17,1.792403e-04,-9.065320e-06,5.311670e-04,-1.194894e-01,8.342660e-01,6.452160e+00
2082,2.337628e-18,1.765618e-04,-1.017383e-05,5.345364e-04,-3.295092e-02,2.784562e-02,5.451786e+00
2083,2.154928e-18,1.984417e-04,-1.018612e-05,5.452176e-04,-5.598209e-02,-1.615926e-01,2.287083e+00
2084,1.068517e-18,2.007826e-04,-6.268761e-06,5.469445e-04,5.496185e-02,-1.385614e-01,1.032088e+00
2085,9.561343e-16,2.209899e-04,-1.930205e-06,5.413264e-04,-1.020779e-02,4.805838e-01,7.886871e+00
2086,1.220044e-17,2.219912e-04,1.212337e-05,5.482862e-04,9.050593e-02,5.230973e-01,5.251722e+00
2087,2.669174e-18,2.218699e-04,1.250862e-05,5.345303e-04,-2.168486e-02,2.122039e-01,5.719649e+00
2088,7.730935e-19,-1.295919e-04,-1.780966e-05,5.164123e-04,-1.841513e-01,1.775506e-01,-1.851146e+00
2089,2.424234e-18,-1.406307e-04,-9.372417e-06,5.183918e-04,5.892415e-02,1.774741e-02,1.153328e+00
2090,1.253610e-16,-1.349633e-04,-1.860690e-05,5.160100e-04,2.366708e-01,-2.062199e-01,5.060022e+00
2091,5.549019e-18,-1.375022e-04,-1.171267e-05,5.081582e-04,2.793182e-02,1.754794e-01,3.672153e+00
2092,2.782020e-18,-1.453087e-04,-3.126309e-06,5.075644e-04,5.525037e-02,-2.843830e-02,1.105811e+00
2093,2.169519e-18,-1.476512e-04,-1.327584e-05,5.145111e-04,-1.690949e-01,-1.982430e-01,5.373629e+00
2094,6.286920e-18,-1.273042e-04,-1.053824e-05,5.157872e-04,-9.603368e-01,3.999152e-01,4.702787e+00
2095,1.404043e-18,-1.477851e-04,-1.328163e-05,5.281792e-04,-5.855780e-02,-1.237636e-01,5.722432e+00
2096,5.089888e-18,-1.404617e-04,2.009752e-05,5.237499e-04,1.892294e-01,1.118702e+00,8.055437e+00
2097,1.336669e-18,-1.484415e-04,3.900176e-06,5.238972e-04,-1.570480e-01,-7.776842e-02,9.710844e+00
2098,2.747446e-18,-1.343757e-04,1.561813e-05,5.281239e-04,-7.325333e-03,-8.837811e-02,1.192199e+01
2099,1.475741e-18,-1.484347e-04,3.904880e-06,5.102550e-04,5.725349e-02,3.810384e-02,8.418525e+00
2100,1.406779e-18,-1.484382e-04,3.900267e-06,5.147996e-04,-9.520969e-03,-8.392483e-02,8.007999e+00
2101,5.840596e-18,-1.342653e-04,1.562349e-05,5.057478e-04,4.549991e-01,-8.784904e-02,6.141630e+00
2102,3.140261e-18,-1.445810e-04,8.622412e-06,5.164387e-04,-4.689486e-03,1.470555e-01,5.922240e+00
2103,6.985391e-19,-1.399711e-04,4.551973e-06,5.254103e-04,5.743090e-02,-1.000248e-01,4.899140e+00
2104,4.544177e-18,-1.398465e-04,4.686194e-06,5.071772e-04,-6.967245e-03,-1.155068e-01,4.254155e+00
2105,2.909102e-18,-1.421814e-04,7.805321e-06,5.137416e-04,5.006559e-02,-8.058809e-02,3.628084e+00
2106,2.257725e-18,-1.398393e-04,4.691910e-06,5.129525e-04,-5.976327e-02,8.212534e-02,3.367520e+00
2107,3.434096e-17,-1.401506e-04,1.507380e-05,5.491946e-04,9.353235e-01,5.474072e-01,1.193220e+01
2108,4.419698e-16,-1.361579e-04,-1.481176e-05,5.374435e-04,-7.100314e-01,-8.943313e-01,6.309025e+00
2109,7.916959e-17,-1.359902e-04,1.653064e-05,5.429393e-04,1.239010e-02,4.172804e-01,1.215744e+01
2110,6.691178e-17,-1.460366e-04,4.804883e-06,5.313530e-04,9.612002e-01,9.347511e-02,1.037969e+01
2111,4.938493e-18,-1.335690e-04,1.708534e-06,5.318755e-04,-4.216052e-01,5.453609e-01,9.483782e+00
2112,1.203228e-18,-1.398468e-04,4.694157e-06,5.319856e-04,-2.356549e-01,1.469580e-01,6.619322e+00
2113,4.302786e-18,-1.453107e-04,2.344517e-06,5.376406e-04,-1.219559e-01,-7.294440e-03,6.881740e+00
2114,2.914103e-18,-1.453024e-04,2.346966e-06,5.422901e-04,1.091930e-01,2.803056e-01,5.810808e+00
2115,4.092464e-18,-1.273432e-04,4.937737e-06,5.344602e-04,5.857116e-02,-1.094224e+00,4.291419e+00
2116,1.487659e-18,-1.453153e-04,2.442117e-06,5.452320e-04,2.482682e-03,-7.484663e-01,1.254051e+00
2117,4.474185e-18,-1.476518e-04,-1.406379e-05,5.490513e-04,-7.298995e-02,-1.134951e-01,1.081150e+01
2118,4.029314e-18,-1.437494e-04,-2.625363e-06,5.408293e-04,5.085649e-03,4.835502e-01,8.031055e+00
2119,3.488765e-18,-1.476513e-04,-1.328499e-05,5.341257e-04,-2.913062e-02,5.595752e-02,8.098833e+00
2120,6.637130e-18,-1.429421e-04,-1.064284e-05,5.406370e-04,-9.274238e-02,6.473878e-01,8.797738e+00
2121,1.853265e-17,-1.309569e-04,-3.940767e-06,5.302514e-04,-8.508956e-01,-9.661375e-01,7.033647e+00
2122,3.187628e-18,-1.281307e-04,-1.564052e-05,5.384836e-04,-1.741407e-02,-4.316107e-02,3.491520e+00
2123,7.188329e-19,-1.316370e-04,-1.789623e-05,5.378000e-04,-2.801236e+00,2.082910e+00,-2.097788e-01
2124,1.879633e-18,-1.265906e-04,-1.788250e-05,5.307812e-04,-7.013896e-01,3.589966e-01,2.778477e+00
2125,2.327558e-16,-1.354358e-04,-6.402394e-06,4.934453e-04,1.119094e+00,-3.681799e-01,3.064366e+00
2126,5.785530e-19,-1.406646e-04,-8.985314e-06,4.824218e-04,-6.054960e-01,3.139090e-01,2.557036e+00
2127,1.340462e-18,-1.476513e-04,-1.328459e-05,4.980182e-04,4.731424e-01,3.043608e-01,1.336432e-01
2128,1.461897e-18,-1.367132e-04,-2.460957e-05,4.969547e-04,-1.102615e-01,-1.656028e-01,2.447434e+00
2129,4.065343e-18,-1.315258e-04,-1.029465e-05,4.919140e-04,-1.133630e+00,-1.930936e+00,9.087478e+00
2130,1.750802e-17,-1.397706e-04,-1.437769e-05,4.902128e-04,-1.670564e+00,-2.728039e+00,5.021576e+00
2131,2.485206e-18,-1.290247e-04,-8.269837e-07,5.002091e-04,3.159687e-01,4.545635e-02,6.124057e+00
2132,3.963416e-18,-1.272587e-04,-1.456593e-05,4.917872e-04,1.275060e+00,-2.434066e-01,1.264754e+01
2133,5.394499e-18,-1.320262e-04,-9.375212e-06,4.875002e-04,6.954092e-01,-5.018299e-01,7.433918e+00
2134,3.401928e-18,-1.367204e-04,-7.963719e-07,5.006772e-04,-1.634969e-01,-1.176339e+00,4.252726e+00
2135,1.844503e-18,-1.443977e-04,-3.112366e-06,4.930911e-04,-6.510937e-01,-3.244169e-02,1.167535e+00
2136,2.400919e-18,-1.328173e-04,-1.482123e-05,4.804343e-04,-1.607299e-01,2.794815e-01,3.739218e+00
2137,7.991264e-18,-1.272923e-04,-1.326487e-05,4.833360e-04,2.897670e-01,5.672494e-01,6.164018e+00
2138,4.087138e-18,-1.328087e-04,-1.013506e-05,4.800234e-04,2.678633e-02,-2.268267e-01,9.885642e-01
2139,3.426733e-19,-1.261713e-04,-1.445413e-05,4.793011e-04,-1.307235e+00,2.448146e+00,3.356349e+00
2140,3.180919e-18,-1.335864e-04,-1.485378e-05,5.007333e-04,-2.646886e-01,-8.643199e-01,1.023939e+00
2141,2.366858e-18,-1.476556e-04,-2.440915e-05,4.959973e-04,-2.044498e-01,-8.341085e-02,2.846891e+00
2142,4.837207e-17,-1.421271e-04,2.389941e-05,4.879666e-04,3.073628e-02,5.230579e-02,9.834189e-01
2143,2.561971e-17,-1.453831e-04,1.808069e-05,4.930727e-04,5.027777e-01,3.234271e-01,9.267751e+00
2144,4.875174e-18,-1.484359e-04,3.906366e-06,4.979392e-04,5.813181e-02,1.249439e-01,4.868309e+00
2145,2.727205e-18,-1.334247e-04,1.561975e-05,4.964695e-04,4.250932e-01,-4.289117e-01,3.667570e+00
2146,4.236678e-18,-1.445317e-04,2.786357e-06,5.014478e-04,5.457880e-02,-3.602455e-01,4.047877e+00
2147,2.916579e-18,-1.398479e-04,4.687410e-06,4.975928e-04,2.387758e-02,-6.940117e-02,4.840995e+00
2148,4.387694e-18,-1.439434e-04,7.836934e-06,5.007403e-04,1.615391e-01,8.517585e-02,5.291495e+00
2149,1.046258e-17,-1.336125e-04,1.558719e-05,4.887800e-04,8.996080e-01,9.864093e-02,3.226049e+00
2150,3.960632e-18,-1.461008e-04,1.719334e-05,4.854782e-04,6.580979e-01,7.455805e-02,6.622425e+00
2151,2.184525e-17,-1.347123e-04,2.413735e-05,4.918432e-04,-4.377521e-03,3.685609e-02,1.391938e+00
2152,1.901932e-17,-1.078191e-05,6.296898e-05,4.917011e-04,3.332855e-01,-1.639519e+00,2.770289e+00
2153,1.162487e-16,-2.353078e-05,6.167891e-05,4.860451e-04,-6.918832e-03,-2.200493e-01,8.665392e-01
2154,1.172675e-16,-1.042379e-05,6.271767e-05,4.923062e-04,2.841525e-01,-5.473406e-01,3.324693e+00
2155,5.637935e-18,-2.405567e-10,5.937497e-05,4.910136e-04,-1.023848e+00,2.012390e-03,-5.574487e-01
2156,1.333700e-18,-2.341529e-06,6.015971e-05,4.870856e-04,2.178135e-01,-1.927016e-01,-1.279074e+00
2157,2.416267e-18,-2.348431e-06,6.484366e-05,4.921187e-04,9.798727e-02,2.488489e-02,-1.245009e-01
2158,2.640110e-18,-1.641764e-05,6.093627e-05,4.860131e-04,-7.356909e-02,-3.946341e-01,2.542827e+00
2159,1.418620e-17,-1.798218e-05,5.202270e-05,4.972980e-04,-5.078138e-01,1.782852e-01,3.614725e+00
2160,3.337074e-18,-6.253141e-06,5.382931e-05,4.965799e-04,-8.261736e-03,-2.385013e-01,6.274022e+00
2161,2.508795e-17,-1.718978e-05,6.418175e-05,4.998805e-04,1.804145e-03,1.735478e+00,7.722173e+00
2162,2.417386e-17,-1.830201e-05,7.039365e-05,4.860123e-04,-4.309755e-01,5.915342e-01,6.381933e+00
2163,1.391982e-17,-1.478344e-05,7.048187e-05,5.030595e-04,-4.914667e-02,2.862442e+00,6.083083e+00
2164,8.599238e-18,-2.431452e-05,7.110983e-05,4.898697e-04,-9.562690e-02,3.366461e-02,1.570762e+00
2165,4.736080e-18,-6.248182e-06,5.546706e-05,4.825323e-04,-1.963086e-03,-7.232141e-02,2.499575e+00
2166,2.170982e-18,-1.718749e-05,6.874905e-05,4.812765e-04,5.652296e-02,-3.790097e-02,6.339980e+00
2167,2.913290e-18,-4.684095e-06,5.548371e-05,4.898578e-04,2.097192e-01,-4.004848e-04,1.073323e+00
2168,7.339076e-18,-3.908929e-06,5.309997e-05,5.012826e-04,3.252290e-01,2.320690e-01,1.170119e+00
2169,4.244167e-18,-2.344964e-06,7.265805e-05,5.026058e-04,1.756447e-02,-1.674786e-02,2.021308e-01
2170,1.889164e-18,-2.460955e-05,5.390628e-05,4.976676e-04,3.405264e-02,3.193086e-01,3.251234e+00
2171,1.218327e-18,9.409807e-06,5.546029e-05,5.018920e-04,2.398264e-01,5.213843e-01,-1.778752e+00
2172,1.304638e-17,1.761902e-05,5.678863e-05,4.956942e-04,-8.041844e-01,-2.117087e+00,4.960662e+00
2173,2.963055e-18,1.639995e-05,6.484933e-05,4.804668e-04,1.211056e-01,-4.319386e-02,-1.770002e+00
2174,2.284203e-17,1.736375e-05,5.365443e-05,4.995169e-04,-1.448915e+00,1.449673e+00,1.154551e+01
2175,1.138324e-17,7.031431e-06,5.911485e-05,5.001964e-04,-5.697594e-01,-4.446693e-01,4.574739e+00
2176,7.101655e-17,7.111693e-06,5.925693e-05,4.999702e-04,-3.835891e-01,-4.882375e-01,4.485615e+00
2177,3.194378e-17,9.222899e-06,6.095338e-05,4.830223e-04,-5.539171e-01,-7.106575e-01,8.943522e+00
2178,7.501051e-18,1.719936e-05,5.350322e-05,4.887644e-04,-3.315415e-01,4.836527e-01,8.601483e+00
2179,1.244858e-17,2.425274e-05,6.175631e-05,4.982709e-04,3.240065e-03,-2.614577e-03,1.645709e+00
2180,3.168725e-18,1.559591e-05,8.284194e-05,4.859679e-04,-6.723251e-01,4.941975e-01,-5.495087e+00
2181,7.724939e-19,1.184830e-05,9.702526e-05,4.839850e-04,2.281934e-01,3.147662e-01,1.446246e+00
2182,3.147809e-17,1.155832e-06,9.764795e-05,4.900995e-04,-1.646529e+00,1.381957e+00,2.806883e+00
2183,2.445454e-17,1.253029e-05,8.984982e-05,4.950716e-04,-8.916371e-02,-7.175733e-02,3.718452e+00
2184,2.613404e-17,1.639617e-05,7.927430e-05,4.851595e-04,-2.655437e-02,-1.393391e+00,9.406439e+00
2185,2.630668e-17,2.546651e-06,8.830243e-05,4.955872e-04,-4.397299e-01,6.172846e-01,5.232555e+00
2186,3.142870e-18,2.188107e-05,8.552134e-05,4.916564e-04,-2.395456e-01,-2.082292e-01,6.135217e+00
2187,3.796812e-17,1.657580e-05,9.287783e-05,4.932077e-04,-6.112723e-01,-7.142900e-01,5.180383e+00
2188,5.053329e-19,4.297731e-06,7.814317e-05,5.018711e-04,1.035951e+00,-2.102396e-02,1.689647e+01
2189,1.643525e-18,2.272481e-05,8.508212e-05,4.888093e-04,-3.251966e-01,8.528567e-01,9.956371e+00
2190,6.677351e-18,2.346007e-06,9.101959e-05,4.847586e-04,6.494515e-02,2.422855e+00,2.682776e+00
2191,5.720495e-19,2.298242e-06,9.101555e-05,4.800774e-04,4.671729e-01,1.629134e-01,1.380363e+00
2192,1.433613e-18,1.875116e-05,9.060964e-05,4.800888e-04,-1.787016e-01,-2.053296e-01,3.509514e+00
2193,6.913214e-18,4.687893e-06,7.812433e-05,4.936279e-04,-8.909847e-03,1.893405e-02,9.372098e+00
2194,1.823870e-18,2.460949e-05,7.812358e-05,4.890741e-04,9.153843e-02,7.330648e-02,3.362883e+00
2195,1.856433e-18,2.460939e-05,9.218712e-05,4.898521e-04,7.715538e-02,-8.373292e-02,2.118984e+00
2196,1.615439e-18,-1.398784e-05,9.367752e-05,4.955645e-04,-7.394373e-02,-1.631240e-01,2.793417e+00
2197,3.309707e-17,-1.099973e-05,7.779880e-05,4.967672e-04,5.740097e-01,-5.542170e-01,9.250615e+00
2198,2.722878e-18,-1.179632e-05,7.961631e-05,4.882927e-04,2.248982e-01,-5.579703e-01,7.078821e+00
2199,2.791116e-19,-1.054967e-05,7.929964e-05,4.831931e-04,3.141353e+00,2.917939e+00,6.381729e+00
2200,5.201710e-18,-2.944887e-06,7.968684e-05,5.011396e-04,1.151951e+00,-3.275247e-02,3.383748e+00
2201,1.546782e-18,-8.593023e-06,8.906589e-05,4.933311e-04,8.584537e-02,-3.568438e-01,3.774612e+00
2202,2.906840e-19,-1.211003e-05,8.554603e-05,4.941229e-04,1.705616e+00,-7.156040e-01,1.748416e+01
2203,2.526050e-17,-2.409514e-05,9.726176e-05,4.944443e-04,-6.405374e-03,2.636975e-01,2.344113e+00
2204,2.790932e-18,-2.446861e-05,9.687541e-05,4.856388e-04,-2.290293e-01,9.803557e-03,3.187256e+00
2205,2.124133e-17,-2.412479e-05,8.477216e-05,4.888887e-04,-8.021140e-02,1.318358e-01,1.343267e+00
2206,1.294513e-17,-2.425816e-05,8.959930e-05,4.985172e-04,-6.158067e-02,1.652497e-02,1.543017e+00
2207,2.753541e-17,1.112861e-05,-1.760368e-04,5.493577e-04,-2.727100e+00,-8.578922e-02,1.362198e+01
2208,3.109895e-17,1.877305e-05,-1.869792e-04,5.336174e-04,1.780198e+00,-1.476906e+00,9.446544e+00
2209,6.436308e-18,1.373198e-05,-1.921936e-04,5.429899e-04,2.439380e+00,2.610601e-03,5.772178e+00
2210,5.645570e-18,5.620267e-06,-1.837011e-04,5.292566e-04,-3.050287e-01,3.471665e-01,4.539622e+00
2211,4.772035e-18,7.024262e-06,-1.835903e-04,5.434104e-04,-4.520526e-01,-1.316662e-01,6.229332e+00
2212,9.482681e-17,-1.836289e-05,-1.703491e-04,5.323048e-04,-1.460590e+00,3.497419e-02,1.007905e+01
2213,3.109405e-18,9.378124e-06,-1.562501e-04,5.487046e-04,-1.983035e-02,-1.079276e-02,6.224049e+00
2214,1.968760e-17,1.351204e-05,-1.656591e-04,5.323945e-04,1.546071e+00,-5.655058e-01,5.906765e+00
2215,2.228089e-18,1.563622e-05,-1.718791e-04,5.367633e-04,-8.810040e-02,3.866452e-02,5.351398e+00
2216,3.265694e-18,1.020892e-05,-1.562489e-04,5.393809e-04,-4.358032e-02,-7.955398e-03,4.932165e+00
2217,4.495410e-19,3.901041e-06,-1.675718e-04,5.341288e-04,2.876409e-02,-3.814997e-01,4.260549e+00
2218,8.962344e-19,1.327817e-05,-1.554553e-04,5.448403e-04,-1.043111e-02,1.924938e-02,3.164018e+00
2219,4.411575e-19,1.367421e-05,-1.554633e-04,5.434353e-04,2.732329e-02,7.603652e-02,1.873468e+00
2220,1.275324e-18,8.083491e-07,-1.734310e-04,5.390175e-04,7.456484e-02,1.565677e-01,1.301258e+00
2221,2.104508e-17,-1.006908e-05,-1.537078e-04,5.325666e-04,1.996139e+00,3.525318e-01,1.786807e+01
2222,2.772108e-17,-6.255967e-06,-1.750025e-04,5.387004e-04,-5.855103e-01,9.654317e-01,5.074047e+00
2223,1.315886e-16,-6.409402e-06,-1.747486e-04,5.381508e-04,-4.764034e-01,6.027768e-01,5.464031e+00
2224,8.109974e-18,-9.865969e-06,-1.648446e-04,5.468872e-04,-7.963999e-01,3.363816e-02,5.631254e+00
2225,5.444577e-18,-1.485380e-05,-1.733159e-04,5.469400e-04,1.021305e+00,-3.690956e-01,4.385582e+00
2226,2.899335e-18,-1.485255e-05,-1.719133e-04,5.359211e-04,-2.071351e-01,-2.262265e-01,5.381862e+00
2227,5.506383e-19,-1.171531e-05,-1.706920e-04,5.327107e-04,-5.202231e-01,-1.547997e-01,4.240558e+00
2228,4.199527e-18,-1.173884e-05,-1.742824e-04,5.359035e-04,-2.323215e-01,-4.002496e-01,5.265156e+00
2229,2.911533e-18,-1.093944e-05,-1.601516e-04,5.480545e-04,-1.538422e-01,3.694245e-01,3.434468e+00
2230,2.394395e-17,-1.082909e-05,-1.920816e-04,5.471898e-04,-2.043353e-02,3.085153e-01,7.857115e+00
2231,9.319713e-17,-1.094461e-05,-1.922152e-04,5.466434e-04,4.990486e-02,2.130569e-01,7.769894e+00
2232,5.638099e-18,-1.015147e-05,-1.818205e-04,5.420797e-04,-1.382255e-02,-8.161052e-01,4.391456e+00
2233,7.056731e-19,-1.959036e-06,-1.949220e-04,5.294325e-04,-3.096446e+00,-5.877745e+00,1.161260e+01
2234,4.231454e-18,-1.797568e-05,-1.875064e-04,5.469742e-04,-7.000363e-02,-1.127710e-01,2.410181e+00
2235,4.830969e-18,-2.187606e-05,-1.921854e-04,5.334846e-04,-4.225930e-01,1.312521e-02,2.790795e+00
2236,2.592310e-17,2.097921e-05,-1.868493e-04,5.165303e-04,-3.947871e-01,1.146707e+00,4.229208e+00
2237,4.036701e-18,1.411167e-05,-1.945280e-04,5.136168e-04,1.081228e-01,1.931962e-02,-5.437669e-01
2238,1.353725e-17,3.443942e-06,-1.923512e-04,5.223138e-04,8.713560e-01,-1.639788e+00,1.014545e+01
2239,9.599413e-17,-1.745273e-06,-1.900805e-04,5.159429e-04,-7.117039e-01,-1.488383e+00,9.939079e+00
2240,3.886877e-17,5.986849e-06,-1.884796e-04,5.102603e-04,-1.363199e+00,-6.788414e-01,7.691595e+00
2241,7.555724e-18,5.069152e-06,-1.843739e-04,5.247127e-04,-5.822099e-01,-3.160166e-01,9.603755e+00
2242,3.062680e-18,1.171366e-05,-1.875003e-04,5.190781e-04,1.760619e-01,7.029570e-03,3.288397e+00
2243,4.421932e-17,-5.212567e-06,-1.806064e-04,5.153470e-04,7.723852e-01,5.680958e-01,7.032800e+00
2244,1.536911e-16,-5.239477e-06,-1.808411e-04,5.157382e-04,7.264216e-01,5.224911e-01,6.880007e+00
2245,5.441119e-17,-2.210852e-05,-1.832407e-04,5.110085e-04,-5.230403e-01,1.005249e-01,3.396563e+00
2246,3.965018e-17,-1.061705e-05,-1.887380e-04,5.113589e-04,-2.945379e-01,4.830161e-01,4.846956e+00
2247,8.018027e-18,-1.248666e-05,-1.823067e-04,5.242559e-04,-6.514518e-02,1.334892e-01,4.545909e+00
2248,3.408158e-18,-1.093889e-05,-1.914002e-04,5.045993e-04,-6.051725e-02,1.066928e-01,6.188211e+00
2249,1.168641e-17,-2.037991e-05,-1.897953e-04,5.198426e-04,8.792330e-02,-4.465999e-01,3.462671e+00
2250,7.740414e-18,-1.249143e-05,-1.781411e-04,5.123552e-04,6.984553e-01,-3.282511e-01,1.316003e+00
2251,3.383087e-18,-9.374720e-06,-1.953088e-04,5.084000e-04,-9.240501e-02,-1.299760e-01,1.943327e+00
2252,6.215501e-19,1.570647e-05,1.910149e-04,4.761849e-04,2.800881e-01,-9.594081e-02,-5.872813e-01
2253,5.451798e-19,1.640131e-05,1.894539e-04,4.707178e-04,-3.213668e-01,-2.236453e+00,-4.926165e+00
2254,6.915059e-19,1.016342e-05,1.996097e-04,4.738361e-04,-3.569071e-01,1.201649e-01,7.982539e-01
2255,2.563264e-19,1.132785e-05,2.066402e-04,4.753990e-04,-9.545380e-01,-2.573055e+00,2.231661e+00
2256,3.300257e-19,1.210967e-05,2.066406e-04,4.746205e-04,-2.505261e+00,-9.322691e-01,1.447218e+00
2257,7.283315e-19,7.422332e-06,2.038245e-04,4.746177e-04,7.846264e-01,-2.343176e-01,3.115407e-01
2258,2.969772e-19,4.297526e-06,2.386718e-04,4.738371e-04,-1.846549e+00,-2.172225e-01,5.909039e-01
2259,7.826732e-19,3.516154e-06,2.378908e-04,4.726187e-04,-1.332912e+00,-2.917569e-01,-2.721938e+00
2260,3.698992e-19,1.757903e-05,2.417961e-04,4.738420e-04,-4.715073e-01,6.081667e-01,-4.042783e-01
2261,1.472992e-18,-4.585109e-05,-3.364655e-06,4.732935e-04,2.330480e+00,3.789252e+00,-1.452880e+00
2262,1.072988e-17,-4.216746e-05,-1.869326e-05,4.773795e-04,-9.099265e-01,1.348264e+00,4.479884e+00
2263,2.709324e-19,-3.632816e-05,-1.953155e-06,4.777337e-04,8.499907e-01,-7.582782e-03,5.479578e+00
2264,6.014554e-19,-4.257816e-05,-8.984422e-06,4.742023e-04,-2.201580e-01,4.349487e-01,-1.693131e-01
2265,9.439842e-19,-3.511071e-05,-1.391142e-06,4.730485e-04,1.087317e+00,1.048205e-01,-3.158031e+00
2266,3.251056e-18,-4.138622e-05,-1.557889e-06,4.757977e-04,2.930590e-01,1.513065e-01,1.011843e+00
2267,3.310976e-18,-4.614168e-05,-5.339675e-06,4.770366e-04,-4.262737e-01,2.657536e+00,7.043113e-01
2268,1.009194e-18,-3.904231e-05,1.875247e-05,4.777454e-04,1.937831e-01,4.544928e-02,8.819258e-01
2269,1.645784e-18,-4.301719e-05,1.196305e-05,4.725555e-04,2.567205e+00,-9.982045e-01,-5.686377e+00
2270,4.694556e-18,-4.218130e-05,1.174537e-05,4.793159e-04,1.076834e+00,5.148249e-01,2.306864e+00
2271,7.630549e-18,-4.296764e-05,1.250180e-05,4.867103e-04,-1.095385e+00,1.379060e-01,4.470703e+00
2272,5.547754e-17,-3.515528e-05,3.904362e-06,4.968010e-04,-8.381382e-01,-6.728700e-01,6.897090e+00
2273,5.527901e-17,-4.266571e-05,1.253393e-05,4.867930e-04,-1.083302e+00,1.113621e-01,4.452499e+00
2274,4.169019e-18,-3.045465e-05,8.604702e-06,4.870959e-04,1.907404e-01,3.456813e-01,-3.447580e-01
2275,1.140408e-17,-4.296951e-05,4.949287e-06,4.949995e-04,1.297376e+00,4.811164e-01,7.761536e+00
2276,8.855262e-17,-4.320724e-05,5.017232e-06,4.950860e-04,1.125251e+00,3.842077e-01,7.335734e+00
2277,4.527218e-18,-4.219308e-05,1.484144e-05,4.909396e-04,-6.206553e-02,-8.643551e-02,-2.162069e-01
2278,9.246749e-17,-4.013721e-05,-3.486310e-09,4.911460e-04,-4.318394e-01,1.034551e-01,9.825226e+00
2279,4.102693e-18,-3.437035e-05,7.036228e-06,4.894328e-04,-4.720780e-02,-5.450664e-02,6.334443e+00
2280,2.604432e-18,-3.364199e-05,1.555593e-06,4.874594e-04,2.858097e-01,-3.472417e-02,3.598881e+00
2281,3.479056e-18,-4.532077e-05,8.587248e-06,4.859186e-04,3.385297e-01,-8.709052e-01,4.721467e+00
2282,2.841202e-18,-3.828970e-05,1.876106e-05,4.991846e-04,-3.854697e-01,1.208366e-01,4.415392e+00
2283,1.135813e-18,-3.515884e-05,1.482865e-05,4.863257e-04,-1.483228e-01,-5.930542e-01,3.935566e+00
2284,1.005664e-18,-3.514254e-05,1.485403e-05,4.800833e-04,-1.013521e-01,-1.163254e-01,3.168881e+00
2285,1.622339e-18,-4.525195e-05,8.479666e-06,4.822985e-04,-7.235296e-01,-5.012750e-01,3.020503e+00
2286,2.681162e-17,-3.457037e-05,2.407344e-05,4.832002e-04,8.807831e-03,5.139688e-02,1.249238e+00
2287,3.054165e-17,-4.160836e-05,-9.439879e-06,4.914398e-04,-5.948581e-01,7.713842e-02,1.376110e+01
2288,3.883378e-18,-3.441046e-05,-1.799546e-05,5.012500e-04,5.429236e-01,9.654625e-01,1.343007e+01
2289,8.105266e-18,-3.584341e-05,-1.601576e-06,4.859467e-04,8.832012e-01,6.867641e-01,1.233093e+01
2290,6.192360e-18,-4.686123e-05,-8.577498e-06,4.971850e-04,7.797509e-01,-5.664751e-01,1.384191e+01
2291,5.303147e-18,-3.437897e-05,-1.797293e-05,4.933250e-04,-2.106618e-01,-1.853194e-01,9.761860e+00
2292,1.479424e-18,-3.446326e-05,-1.182962e-05,4.950224e-04,-2.833087e-02,2.331577e-01,8.595302e+00
2293,4.262630e-17,-2.986814e-05,-5.596823e-06,4.911049e-04,-1.881706e+00,1.665456e+00,5.128865e+00
2294,4.739620e-18,-4.686046e-05,-4.690333e-06,4.856333e-04,-1.923056e-01,2.212714e-02,8.052451e+00
2295,2.238545e-18,-4.139560e-05,-1.171668e-05,4.975906e-04,2.702700e-01,-3.655533e-01,8.147236e+00
2296,4.933374e-18,-2.578669e-05,-5.471338e-06,4.959534e-04,-4.434780e-02,4.169312e-02,4.436087e+00
2297,7.180475e-18,-3.203639e-05,-2.946872e-06,5.004349e-04,1.445445e-01,-6.804569e-01,6.458699e+00
2298,2.309082e-18,-3.432779e-05,-9.305029e-06,4.883742e-04,-2.902013e-02,4.486692e-01,4.308263e+00
2299,1.145632e-18,-4.630137e-05,-8.413373e-06,4.923808e-04,2.187199e-01,1.808918e-01,1.243804e+01
2300,1.579187e-18,-3.726449e-05,-2.111033e-06,4.930608e-04,-8.089373e-01,5.949268e-01,1.822360e+01
2301,1.398821e-18,-3.437215e-05,-1.563550e-05,4.839855e-04,2.507096e-01,9.311935e-01,4.792874e+00
2302,7.195310e-19,-3.436431e-05,-1.289072e-05,4.800803e-04,5.813941e-01,4.949630e-01,2.678433e+00
2303,1.064250e-18,-4.229956e-05,-8.449119e-06,4.870946e-04,3.712839e-01,1.255615e-01,1.636152e+01
2304,8.310033e-18,-4.687175e-05,-4.690870e-06,4.978160e-04,7.237463e-02,-2.804541e-01,1.253771e+01
2305,1.238016e-18,-2.888449e-05,-7.041157e-06,4.839699e-04,3.190611e-02,-2.401001e-01,4.566576e+00
2306,5.194502e-19,-3.632824e-05,-1.953790e-06,4.804654e-04,-8.983714e-01,1.175900e+00,8.442629e+00
2307,1.991876e-18,-4.602387e-05,-8.659672e-06,4.860014e-04,-3.939729e-01,-1.864537e-03,7.853775e+00
2308,2.119943e-18,-4.130031e-05,-1.596457e-06,4.837669e-04,-4.957276e-01,-1.238220e-01,9.665835e+00
2309,1.592248e-17,-4.289177e-05,-2.421361e-05,4.976321e-04,2.562227e-02,3.670281e-02,1.607900e+00
2310,4.877480e-18,-3.827737e-05,-2.460942e-05,4.902108e-04,-7.622843e-02,-1.407450e-02,2.823927e+00
2311,4.105951e-17,-1.778829e-05,-8.792654e-06,4.810150e-04,-2.576255e+00,1.438799e+00,2.525118e+00
2312,1.436508e-18,-1.562429e-05,-2.339909e-05,4.948936e-04,1.602725e-01,7.497060e-01,9.057831e-01
2313,4.079026e-18,-2.341459e-06,-4.055538e-06,4.788357e-04,1.167455e-01,-2.903675e-01,-2.305968e+00
2314,1.394252e-17,-4.669114e-06,-1.573976e-05,4.960610e-04,-2.267241e-01,-2.229992e-02,8.782656e+00
2315,2.982408e-17,-1.505102e-05,-1.259718e-05,4.963964e-04,1.372361e-01,1.142655e-01,7.984685e+00
2316,3.473213e-18,-7.822510e-06,-2.110566e-05,4.820338e-04,9.390504e-01,-1.536701e+00,8.750258e+00
2317,5.176713e-18,-1.498871e-05,-4.680722e-06,4.816467e-04,9.522457e-01,2.265650e-01,6.737484e+00
2318,2.402895e-18,-3.896249e-06,-1.484743e-05,4.858900e-04,1.116970e-01,8.090080e-03,5.557877e+00
2319,3.306135e-18,-1.556890e-05,-2.346788e-05,4.821638e-04,1.902275e-01,9.138349e-02,3.642606e+00
2320,5.143333e-18,-3.911143e-06,-1.483987e-05,4.769527e-04,2.912335e-01,1.251092e-01,3.483375e-02
2321,6.305516e-17,1.227994e-05,-1.421699e-05,4.965807e-04,5.318739e-01,9.995273e-01,4.689300e+00
2322,7.482608e-18,2.070101e-05,-6.251119e-06,4.840114e-04,-2.400698e+00,-1.327892e-01,9.169256e-01
2323,1.341143e-18,2.337733e-06,-2.031901e-05,4.994885e-04,1.652652e-01,-1.011513e-01,7.627138e+00
2324,4.422048e-17,2.809309e-06,-2.067645e-05,4.918814e-04,2.260438e+00,8.122688e-01,7.956824e+00
2325,9.085326e-18,6.995871e-06,-2.500154e-05,4.960966e-04,-5.761185e-01,4.730049e-02,8.374961e+00
2326,4.900468e-17,8.302686e-06,-2.352110e-05,4.860933e-04,-1.887293e+00,-2.356134e-01,5.006465e+00
2327,8.634772e-18,2.333924e-06,-1.263372e-05,4.924057e-04,2.813349e-01,-7.145907e-02,5.197522e+00
2328,3.424064e-18,1.949280e-05,-1.716577e-05,4.953869e-04,-6.974644e-02,-1.255247e-01,2.544063e+00
2329,4.693784e-18,1.952973e-05,-1.719055e-05,4.872156e-04,-3.017591e-01,8.220679e-03,2.814033e+00
2330,2.962476e-18,1.329175e-05,-1.015399e-05,4.866600e-04,1.647807e+00,1.330748e-01,2.653687e+00
2331,1.270622e-18,1.534898e-06,-2.029766e-05,4.878363e-04,-1.200113e-02,9.815547e-01,9.781290e+00
2332,2.570558e-17,-7.859011e-06,-5.101541e-06,4.729319e-04,-1.388643e+00,-2.455702e+00,1.579474e-02
2333,3.318860e-19,-1.992154e-05,-8.984099e-06,4.722689e-04,-2.420425e+00,-1.632893e+00,-2.832440e-01
2334,1.198916e-18,-1.250778e-05,-1.719080e-05,4.738311e-04,-2.038430e-01,-2.280363e-01,-4.600597e-01
2335,1.651564e-18,-1.804755e-05,-1.180387e-05,4.744923e-04,-2.688778e+00,4.849858e-01,5.590046e-01
2336,4.162391e-19,-2.734528e-06,-2.382817e-05,4.746069e-04,1.492712e+00,-1.643238e+00,5.505549e+00
2337,8.894860e-19,-3.515754e-06,-2.353838e-05,4.735971e-04,1.573338e+00,4.058492e-01,4.569610e+00
2338,9.957245e-19,-6.296813e-06,-6.640748e-06,4.693640e-04,-3.517347e-03,-3.116063e+00,-1.767908e+00
2339,1.469050e-18,-7.002073e-06,-2.070308e-05,4.719650e-04,1.670794e+00,-1.633186e+00,-1.900178e+00
2340,9.556570e-18,4.081157e-06,-3.163716e-05,5.038443e-04,-3.473976e-01,1.735449e+00,2.152687e+00
2341,2.826444e-18,1.874765e-05,-2.811156e-05,4.827391e-04,-6.701529e-02,-2.196425e-02,2.688511e+00
2342,6.899317e-18,4.683902e-06,-3.564559e-05,4.881991e-04,-8.354628e-01,3.266172e+00,1.129974e+01
2343,4.108625e-18,3.885394e-06,-3.202401e-05,4.986959e-04,8.242469e-01,5.561432e-02,1.788464e+00
2344,3.176218e-18,4.681206e-06,-3.899542e-05,4.849964e-04,-9.769996e-01,-8.357419e-02,9.751836e+00
2345,2.844339e-17,7.081168e-06,-2.970925e-05,4.919929e-04,-3.650092e-01,2.254891e-01,8.323761e+00
2346,4.759381e-17,1.228667e-05,-4.150687e-05,4.987420e-04,-2.616458e-01,-2.023681e+00,5.017835e+00
2347,2.776525e-18,1.170820e-05,-2.892175e-05,4.976242e-04,4.888410e-02,6.724841e-01,4.915194e+00
2348,2.654860e-19,7.423144e-06,-3.711008e-05,4.886457e-04,1.044965e-02,3.099281e+00,1.172036e+01
2349,9.049486e-19,6.868715e-06,-3.968710e-05,4.855319e-04,-9.665721e-02,-9.076041e-01,8.450104e+00
2350,2.875678e-18,7.823930e-06,-3.828110e-05,5.023225e-04,-4.781355e-03,8.413644e-02,2.733190e+00
2351,1.144666e-17,2.425711e-05,-2.876491e-05,4.985010e-04,5.566504e-03,-2.744540e-02,1.609106e+00
2352,4.210976e-17,2.439975e-04,2.589208e-06,4.780320e-04,1.242084e+00,1.505016e+00,1.213644e-01
2353,1.895966e-17,2.459531e-04,2.032256e-05,4.782315e-04,2.268647e+00,1.477630e+00,2.385586e+00
2354,1.623031e-17,2.433503e-04,-1.665389e-05,4.758750e-04,-7.328972e-01,-5.658030e-01,1.012321e+00
2355,3.391255e-18,2.430698e-04,-5.451417e-06,4.766673e-04,2.874801e-01,-4.180095e-01,-4.969901e-01
2356,2.791529e-17,2.411053e-04,-8.523924e-06,4.839060e-04,-3.764471e-01,-6.269729e-01,1.024100e+01
2357,6.230532e-19,2.496094e-04,7.062955e-06,4.777414e-04,3.485127e-01,-1.376606e-01,1.012059e+00
2358,1.387641e-18,2.277343e-04,4.930491e-06,4.705890e-04,5.058569e-01,-5.659119e+00,-4.502095e+00
2359,2.921332e-18,2.279767e-04,7.679145e-06,4.758361e-04,5.771510e-01,-4.940935e-01,4.578817e+00
2360,6.420541e-19,2.277343e-04,5.859519e-06,4.726448e-04,1.844671e+00,-3.094022e+00,3.725089e-01
2361,1.441734e-18,2.281165e-04,8.984445e-06,4.781284e-04,4.033579e-02,1.557517e+00,5.573838e+00
2362,2.803599e-19,2.277346e-04,6.640501e-06,4.738360e-04,1.427437e+00,-2.266171e+00,3.024495e+00
2363,4.050614e-19,2.464837e-04,1.835901e-05,4.746211e-04,-7.575478e-02,9.593637e-01,-9.736666e-01
2364,3.533996e-19,2.261718e-04,1.679725e-05,4.683725e-04,7.661524e-01,2.013710e+00,-1.742506e+00
2365,7.211457e-19,2.496094e-04,2.734338e-06,4.726758e-04,2.304242e-01,3.614037e-01,-4.338457e+00
2366,1.475802e-18,2.496093e-04,1.718502e-05,4.773318e-04,-3.844842e-02,1.830899e-01,3.198335e+00
2367,2.690066e-17,2.415722e-04,-6.979476e-06,4.997738e-04,5.121866e-01,1.863223e+00,2.112656e+01
2368,2.036168e-18,2.496094e-04,7.860493e-07,4.948958e-04,8.175265e-02,8.029768e-01,1.159934e+01
2369,1.906613e-17,2.454442e-04,-1.257405e-05,5.042157e-04,9.720427e-01,1.942695e-01,1.094274e+00
2370,1.381109e-18,2.496095e-04,7.724822e-07,4.991334e-04,-2.363947e-02,6.491354e-02,1.371592e+01
2371,2.400749e-18,2.430545e-04,-5.423349e-06,4.843470e-04,3.177354e-01,1.237990e-02,7.791174e-01
2372,2.895227e-18,2.468722e-04,-1.170194e-05,4.820979e-04,2.064255e-01,1.321398e+00,5.618010e-01
2373,1.596283e-18,2.496093e-04,7.710909e-07,5.030063e-04,1.107779e-01,3.743115e-01,1.588065e+01
2374,2.380905e-18,2.496093e-04,-2.188395e-05,4.948547e-04,7.564602e-02,1.812510e-01,-1.699172e+00
2375,3.406477e-17,2.315870e-04,-6.165058e-06,4.959258e-04,6.922625e-01,-3.935108e-01,9.433832e+00
2376,1.093049e-17,2.492998e-04,-6.950634e-06,4.987292e-04,6.106357e-02,5.814127e-01,6.940581e+00
2377,1.968407e-17,2.297708e-04,-1.326774e-05,4.940837e-04,-1.774986e-01,-1.627645e-01,1.074274e+01
2378,2.158245e-17,2.304827e-04,-2.100380e-06,5.020560e-04,2.265308e-02,1.812463e+00,7.748412e+00
2379,1.493944e-18,2.496094e-04,-8.590808e-06,4.859309e-04,4.226893e-02,4.503087e-01,5.445794e+00
2380,1.306363e-17,2.490359e-04,-2.420126e-05,4.874308e-04,4.258159e-01,5.603923e-01,3.803300e+00
2381,4.562094e-18,2.453131e-04,-2.345889e-06,4.903028e-04,-1.143231e-02,-1.641370e-02,4.729227e+00
2382,1.920551e-17,2.492315e-04,-1.167102e-05,5.038050e-04,-1.488903e-01,1.765998e+00,8.901237e+00
2383,2.448564e-19,2.410159e-04,-8.984927e-06,4.933384e-04,5.424810e-01,-1.555601e+00,1.801072e+01
2384,1.114971e-17,2.304675e-04,-1.404657e-05,5.043958e-04,-3.927549e-02,1.349940e-01,1.667744e+01
2385,7.081709e-19,2.320333e-04,-2.734763e-06,4.839721e-04,-1.072207e+00,2.915179e-01,3.494245e+00
2386,7.642125e-18,2.297092e-04,-1.222998e-05,4.831613e-04,-2.450524e-01,-2.188933e-01,4.304119e+00
2387,1.116711e-17,2.320334e-04,-9.378481e-06,5.017643e-04,3.184616e-02,-5.694588e-02,1.202651e+01
2388,7.844520e-18,2.496094e-04,7.790115e-07,4.841198e-04,6.165718e-02,-1.025514e-01,5.764490e+00
2389,2.862984e-17,2.490106e-04,1.934032e-05,4.937034e-04,1.282370e-01,1.197795e+00,1.121512e+01
2390,8.898817e-17,2.440932e-04,7.399340e-06,4.994180e-04,1.100276e+00,-2.025968e+00,1.059968e+01
2391,2.786201e-17,2.345863e-04,2.467888e-06,4.921250e-04,-5.398429e-01,1.398830e-01,2.172096e+00
2392,5.793582e-17,2.490432e-04,1.749447e-05,5.060155e-04,-7.867181e-01,1.750344e+00,1.292048e+01
2393,4.881270e-18,2.453240e-04,1.406138e-05,4.988571e-04,-1.840570e-01,-8.238686e-01,1.104604e+01
2394,1.461962e-17,2.402312e-04,6.362417e-06,4.968750e-04,6.846451e-01,-2.787495e-01,9.187269e+00
2395,4.237264e-18,2.283196e-04,1.031411e-05,4.829639e-04,1.761833e+00,1.014658e+00,1.077677e+01
2396,1.509842e-18,2.496094e-04,1.249048e-05,4.929866e-04,1.117252e-01,-7.653303e-01,8.480008e+00
2397,2.298488e-18,2.454441e-04,1.343804e-05,4.859391e-04,2.590143e-01,-6.356168e-01,4.902705e+00
2398,2.835568e-18,2.343744e-04,9.372857e-06,5.007121e-04,3.560427e-03,-3.426355e-02,5.653644e+00
2399,7.514799e-19,2.285158e-04,8.203425e-06,4.797092e-04,6.487292e-01,-1.199809e-01,7.660143e+00
2400,1.690623e-18,2.496095e-04,1.016324e-05,4.828028e-04,1.331062e-01,3.910707e-01,4.189545e+00
2401,5.150095e-18,2.421801e-04,8.595032e-06,4.847708e-04,-3.742470e-01,-2.862786e-01,4.415480e+00
2402,3.702912e-18,2.432406e-04,1.154744e-05,4.862971e-04,2.204080e+00,-3.323794e+00,1.278673e+01
2403,5.675074e-19,2.496094e-04,1.408200e-05,5.003628e-04,3.915957e-01,3.018409e-01,1.186903e+01
2404,1.561106e-18,2.433591e-04,1.331488e-05,4.804814e-04,1.858238e+00,-2.285739e+00,9.758304e+00
2405,1.172121e-17,2.316577e-04,1.177551e-06,5.047997e-04,-2.007936e-02,-4.448653e-02,6.564268e+00
2406,4.343623e-18,2.496095e-04,1.719337e-05,4.865620e-04,-2.710710e-02,-1.482317e-01,1.021566e+01
2407,8.145223e-19,2.433595e-04,1.055022e-05,4.897667e-04,4.162360e+00,-3.314119e+00,1.307573e+01
2408,4.975829e-18,2.453458e-04,1.327625e-05,4.816419e-04,9.061614e-01,-4.054008e-01,4.758069e+00
2409,7.322370e-18,2.413883e-04,2.432733e-05,4.986993e-04,-5.575880e-02,1.454015e-01,1.793077e+00
2410,1.388195e-16,1.219050e-05,-3.110633e-05,5.439201e-04,-1.037342e-01,-6.151399e-01,1.084792e+01
2411,3.170480e-18,2.105335e-05,-3.987778e-05,5.466184e-04,1.016084e+00,1.502292e-01,7.307803e+00
2412,1.285016e-18,1.327873e-05,-3.906079e-05,5.276568e-04,1.226406e-01,-1.773666e-01,7.100972e+00
2413,4.136570e-18,7.815589e-06,-3.828001e-05,5.390546e-04,4.511904e-01,-1.447610e-02,6.103779e+00
2414,2.399795e-18,1.172009e-05,-4.218225e-05,5.272515e-04,-1.424637e-03,1.918914e-02,5.573034e+00
2415,3.054237e-17,4.882142e-06,-3.925782e-05,5.487696e-04,1.588685e-01,1.863356e-01,8.326612e+00
2416,2.361445e-18,7.031513e-06,-4.453294e-05,5.227967e-04,-1.634068e-03,-3.599622e-02,3.532260e+00
2417,3.122682e-16,1.211180e-05,-6.586425e-05,5.354102e-04,-3.237126e-01,-7.365872e-02,8.236537e+00
2418,2.912715e-18,9.379927e-06,-5.703626e-05,5.324059e-04,1.545665e-01,-1.245820e-02,6.865859e+00
2419,2.150814e-16,-1.470953e-05,-4.310875e-05,5.453394e-04,-8.963484e-01,3.290437e-01,1.087314e+01
2420,6.862045e-17,-1.422200e-05,-3.085748e-05,5.489817e-04,-1.484111e-01,5.534799e-01,1.302461e+01
2421,1.479977e-17,-6.252440e-06,-4.140283e-05,5.121934e-04,-6.415813e-01,7.352582e-01,4.178960e+00
2422,9.103554e-17,-6.281351e-06,-4.112367e-05,5.126797e-04,-4.683029e-01,5.585179e-01,4.302417e+00
2423,5.168105e-18,-1.249007e-05,-4.284597e-05,5.223972e-04,1.465104e-01,-2.343170e-01,6.058038e+00
2424,3.910702e-17,-1.530943e-05,-2.825578e-05,5.118484e-04,5.665445e-01,-7.261372e-01,4.950846e+00
2425,2.005139e-18,-1.556844e-05,-2.962888e-05,5.189331e-04,1.450620e-01,2.355590e-01,5.633349e+00
2426,5.035562e-18,-1.248333e-05,-4.212680e-05,5.063553e-04,9.806172e-01,-8.970130e-01,4.762086e+00
2427,7.894594e-18,-1.156278e-05,-4.773102e-05,5.489284e-04,-4.107983e-01,2.505020e+00,1.714972e+01
2428,7.549653e-17,-3.167107e-06,-3.376461e-05,5.469572e-04,-1.375524e+00,-3.495022e-02,6.617486e+00
2429,4.065480e-18,-6.254895e-06,-2.655403e-05,5.468025e-04,2.726441e-01,-1.407841e-01,5.562608e+00
2430,1.997416e-16,-7.660869e-06,-3.775810e-05,5.330596e-04,-2.408974e-01,-1.221972e-01,4.169685e+00
2431,1.415742e-16,-7.991185e-06,-6.399541e-05,5.485764e-04,1.029098e-01,1.026532e-01,1.113890e+01
2432,1.399294e-17,-5.479316e-06,-6.562584e-05,5.316198e-04,1.851147e-01,-9.131779e-01,1.039214e+01
2433,4.664833e-17,-1.067526e-05,-5.783658e-05,5.343185e-04,-5.982264e-01,2.063664e+00,1.375704e+01
2434,7.192492e-17,-5.414581e-06,-6.570155e-05,5.314982e-04,1.982511e-01,-8.373542e-01,1.020631e+01
2435,4.495881e-18,-1.172188e-05,-6.561864e-05,5.363569e-04,2.631712e-01,2.441961e-01,8.731006e+00
2436,1.168127e-17,-1.562682e-05,-6.129523e-05,5.458125e-04,2.064844e-02,-5.271842e-01,5.983975e+00
2437,4.302623e-18,-2.270390e-05,-5.315554e-05,5.348197e-04,2.792139e-01,1.242825e-01,6.300740e+00
2438,3.882068e-18,-2.349923e-06,-6.012599e-05,5.305542e-04,5.745799e-01,-2.987775e-01,5.077456e+00
2439,3.799676e-18,3.671978e-05,-2.343661e-06,4.944622e-04,-9.760255e-01,1.502398e+00,5.273233e+00
2440,7.277686e-17,3.707568e-05,-2.984132e-06,4.939748e-04,-6.683256e-01,1.312379e+00,5.188831e+00
2441,2.623078e-17,4.125931e-05,2.405715e-05,4.862242e-04,-7.522017e-02,4.397754e-02,1.336810e+00
2442,1.480542e-17,4.162748e-05,9.108952e-06,4.960811e-04,-4.193619e+00,-1.664766e-01,1.749944e+01
2443,2.014974e-17,3.132650e-05,6.107674e-06,4.822930e-04,4.008494e-01,-1.404208e+00,8.346461e-01
2444,1.169231e-18,4.218843e-05,3.131738e-06,4.979711e-04,-2.458124e-02,4.736104e-04,8.863239e-01
2445,2.543155e-17,3.341751e-05,1.024370e-06,4.969669e-04,-9.608467e-02,-1.978670e+00,6.365152e+00
2446,1.592903e-17,4.674191e-05,9.383373e-06,4.815312e-04,-4.079568e-01,1.614898e+00,7.981453e+00
2447,1.450354e-18,4.336015e-05,9.463090e-06,4.921298e-04,-2.273969e+00,-1.751948e+00,1.613488e+01
2448,2.329087e-18,3.359032e-05,3.905225e-06,4.905824e-04,-3.228533e-02,4.788455e-02,5.587315e+00
2449,7.772395e-18,3.906262e-05,1.327753e-05,4.862870e-04,4.342034e-01,-3.214824e-02,6.494383e+00
2450,7.417471e-18,4.510925e-05,1.396659e-06,4.861117e-04,2.459364e-01,1.697658e-01,3.424708e+00
2451,8.400137e-18,3.428556e-05,1.017667e-05,4.900948e-04,4.670220e-01,-7.676385e-01,1.938024e+00
2452,2.546957e-19,4.414041e-05,9.769065e-06,4.894322e-04,2.991424e-01,-8.546800e-01,1.449436e+01
2453,5.312490e-18,2.656121e-05,-1.200695e-07,4.977423e-04,4.280320e-01,-2.332571e-01,1.104119e+00
2454,6.427245e-19,4.492204e-05,9.768664e-06,4.883028e-04,4.635801e-01,-1.067130e+00,1.177777e+01
2455,5.804710e-19,3.437533e-05,1.211095e-05,4.925567e-04,-9.927719e-02,2.955467e-01,-8.509474e-01
2456,1.158078e-17,2.911641e-05,2.428649e-05,4.998113e-04,1.287149e-04,2.168966e-02,1.414652e+00
2457,4.269987e-18,3.907913e-05,1.328175e-05,4.785634e-04,2.004949e-01,-6.610606e-02,2.870528e+00
2458,5.453046e-17,4.383385e-05,-2.384717e-05,4.912773e-04,-6.402419e-02,-1.934100e-02,8.735930e-01
2459,4.487823e-17,4.593037e-05,-2.394045e-05,4.811568e-04,-3.654837e-02,1.423678e-03,1.102029e+00
2460,2.172116e-17,2.917704e-05,-1.483857e-05,4.858962e-04,-5.981868e-01,2.536159e-01,9.359390e+00
2461,2.725223e-17,3.752984e-05,-1.006824e-05,4.894410e-04,2.342926e-01,1.854739e+00,4.006479e+00
2462,1.227238e-17,3.459192e-05,-1.976490e-05,4.793113e-04,-1.147641e+00,-2.463148e-02,1.938860e+00
2463,2.408234e-18,4.297793e-05,-3.897317e-06,4.975524e-04,-1.260613e-01,-2.598547e-02,2.667952e+00
2464,1.282052e-18,2.887577e-05,-1.407710e-05,4.785185e-04,-8.115799e-01,3.368812e-02,5.060109e+00
2465,3.000147e-19,2.695332e-05,7.421952e-06,4.730489e-04,-1.835838e-01,1.423515e+00,6.111585e+00
2466,1.063258e-17,3.352302e-05,1.483701e-05,4.744045e-04,3.644794e+00,1.644428e-01,-2.064601e+00
2467,1.014571e-18,4.726538e-05,9.765510e-06,4.741945e-04,2.750828e-01,-6.076974e-01,8.261789e-01
2468,9.566868e-19,4.679197e-05,9.570071e-06,4.714947e-04,7.943554e-01,-3.372419e-01,-2.801450e+00
2469,1.107117e-18,3.359226e-05,2.310680e-06,4.769523e-04,-5.126885e-02,-2.926213e-01,1.814979e+00
2470,5.672886e-19,3.750236e-05,-7.422010e-06,4.722713e-04,2.654970e-01,5.896122e-01,-6.257388e-01
2471,2.197716e-17,4.386977e-05,-1.427418e-05,4.738876e-04,5.640413e-01,9.201242e-01,3.708804e-01
2472,1.101749e-18,3.672434e-05,-9.934969e-06,4.669902e-04,-2.809466e-01,1.703915e-01,-4.424223e+00
2473,1.315586e-17,4.298746e-05,-1.995147e-05,4.697374e-04,-2.569102e-01,8.467912e-02,-7.625826e+00
2474,1.357576e-16,-5.376668e-06,1.643971e-04,5.247096e-04,4.680049e-01,1.303361e-01,1.527377e+01
2475,2.777328e-18,-1.330645e-05,1.609362e-04,5.280911e-04,4.121655e-01,2.328147e-02,8.943375e+00
2476,3.330962e-17,-1.145335e-05,1.637665e-04,5.195015e-04,-1.011481e+00,-1.267192e+00,1.882545e+01
2477,2.664404e-18,-4.685539e-06,1.656393e-04,5.190541e-04,5.772739e-01,2.777779e-01,1.720156e+01
2478,4.225197e-17,-6.223059e-06,1.754569e-04,5.056713e-04,-1.291514e+00,-2.782416e+00,1.772671e+01
2479,9.629706e-18,-1.102342e-05,1.725231e-04,5.221728e-04,-6.855434e-01,1.053559e+00,2.586125e+01
2480,4.550303e-18,-1.013723e-05,1.695270e-04,5.080286e-04,6.486345e-01,-8.001507e-01,1.780835e+01
2481,1.582887e-18,-1.096876e-05,1.640514e-04,5.103452e-04,-3.269394e-01,-7.141467e-01,1.433217e+01
2482,8.458424e-18,-8.607976e-06,1.578321e-04,5.069793e-04,2.139886e-01,6.330998e-02,9.582116e+00
2483,1.175405e-18,-7.032163e-06,1.585944e-04,5.133439e-04,1.602982e-01,-2.861669e-01,9.243730e+00
2484,6.993054e-17,-1.579617e-05,1.769606e-04,5.251618e-04,1.042736e+00,-9.743735e-01,5.914555e+00
2485,1.153370e-18,-3.916222e-06,1.585973e-04,5.194108e-04,-5.044157e-02,-3.070622e-01,7.013729e+00
2486,5.018838e-18,-1.876368e-05,1.625047e-04,5.180171e-04,1.860393e-01,1.256845e-01,7.647938e+00
2487,7.354725e-18,-2.099799e-05,1.666658e-04,5.209161e-04,-6.047705e-01,6.682332e-01,4.166716e+00
2488,2.027814e-18,-2.477131e-06,1.531186e-04,5.077612e-04,-3.811117e-02,-1.688435e-01,3.989222e+00
2489,4.417152e-18,-1.175736e-05,1.690862e-04,5.099602e-04,-9.509448e-01,7.685277e-02,5.162561e+00
2490,1.055740e-17,-4.681978e-06,1.655584e-04,5.078513e-04,-7.155278e-02,7.222583e-02,9.686573e+00
2491,5.009076e-17,-1.660250e-05,1.683477e-04,5.373769e-04,-8.396330e-01,5.319850e-01,1.785659e+01
2492,2.023534e-17,-7.916367e-06,1.697294e-04,5.379766e-04,-7.208774e-01,1.187716e+00,1.380513e+01
2493,5.406499e-18,-1.249799e-05,1.640623e-04,5.294861e-04,-6.525368e-03,-7.576688e-01,2.102611e+01
2494,4.346519e-17,-4.201296e-06,1.593372e-04,5.322647e-04,7.141277e-01,1.563336e+00,9.551945e+00
2495,5.027030e-18,-1.330630e-05,1.609157e-04,5.382269e-04,2.470737e-01,2.782386e-01,6.988864e+00
2496,1.381366e-18,-1.342540e-05,1.688782e-04,5.395148e-04,-1.475504e-01,-5.630965e-01,6.406240e+00
2497,1.958830e-18,-2.109663e-05,1.734381e-04,5.445148e-04,-5.509515e-02,-5.562883e-02,-1.824348e-02
2498,1.035991e-16,-6.352389e-08,1.908801e-04,5.432809e-04,-1.012545e+00,1.649984e+00,7.319923e+00
2499,7.147565e-17,4.939696e-06,1.833217e-04,5.275685e-04,-5.983234e-01,7.280574e-02,1.465680e+01
2500,4.360370e-18,3.129578e-06,1.882857e-04,5.489999e-04,1.069998e-01,3.105199e-01,8.090782e+00
2501,2.670481e-18,9.373976e-06,1.906304e-04,5.437856e-04,2.859840e-01,-1.959407e-02,1.813113e+00
2502,4.428159e-19,1.914099e-05,1.961059e-04,5.484361e-04,1.720153e-01,-2.043118e-01,9.731025e-01
2503,1.113683e-17,-1.381766e-05,1.808899e-04,5.400546e-04,-3.215945e+00,4.666234e+00,3.082841e+01
2504,3.541184e-18,-1.094068e-05,1.779435e-04,5.331239e-04,2.619566e-02,3.741788e+00,2.863824e+01
2505,1.027065e-17,-5.988649e-06,1.929674e-04,5.375654e-04,-9.405585e-01,4.206053e-01,7.479702e+00
2506,6.997984e-17,-6.226261e-06,1.927687e-04,5.377208e-04,-1.083798e+00,5.023409e-01,7.324453e+00
2507,2.976933e-17,-1.520876e-05,1.974335e-04,5.270240e-04,3.276182e-01,2.583735e-01,6.156364e+00
2508,5.806522e-18,1.386772e-05,1.945219e-04,5.081191e-04,-1.143610e+00,8.095919e-01,3.382728e+00
2509,1.399686e-18,3.119672e-06,1.851441e-04,5.216333e-04,1.886710e-01,-1.438689e-01,1.196346e+01
2510,4.923228e-18,3.126042e-06,1.851572e-04,5.132842e-04,-2.714595e-01,-1.190091e-01,1.136943e+01
2511,2.579833e-18,3.148005e-06,1.913973e-04,5.069106e-04,1.506808e-02,1.253563e-01,4.403824e+00
2512,1.309864e-18,1.327402e-05,1.836027e-04,5.080561e-04,7.368641e-02,-2.176139e-01,3.154643e+00
2513,5.243530e-17,-7.853474e-06,1.917631e-04,5.200090e-04,-1.263540e+00,1.094390e+00,5.250249e+00
2514,5.226809e-17,-1.015638e-05,1.843787e-04,5.099496e-04,2.546935e-01,7.880147e-01,3.628276e+00
2515,1.678763e-16,-9.979067e-06,1.845616e-04,5.097865e-04,2.284316e-01,8.657670e-01,3.577486e+00
2516,7.413231e-18,-1.967504e-05,1.820383e-04,5.065947e-04,1.050335e+00,9.474352e-01,3.350577e+00
2517,1.165219e-17,-2.077959e-05,1.933397e-04,5.110995e-04,1.359543e-01,7.365190e-02,3.994556e+00
2518,2.764466e-17,-6.369395e-06,1.956956e-04,5.247955e-04,-1.376251e+00,-2.213038e+00,5.296101e+00
2519,1.478162e-18,-8.597624e-06,1.953105e-04,5.049707e-04,1.840457e-02,3.560061e-03,2.000596e+00
2520,1.094357e-16,-2.224480e-06,3.145453e-05,5.360098e-04,-3.921647e-01,-6.281424e-01,8.225859e+00
2521,1.307708e-17,5.882223e-07,6.914666e-05,5.170779e-04,-4.012852e-01,1.016580e+00,4.760235e+00
2522,1.340687e-17,-1.733439e-05,4.213966e-05,5.159042e-04,1.578269e-01,-6.046167e+00,3.096336e+01
2523,4.130627e-16,-6.128437e-06,4.119241e-05,5.359096e-04,-4.063618e-02,-4.381999e-01,8.690655e+00
2524,1.471572e-18,-1.582845e-05,4.352253e-05,5.070920e-04,3.123794e-01,-4.069626e+00,2.422696e+01
2525,1.598792e-16,-1.372607e-05,4.805104e-05,5.182716e-04,-6.209519e-01,-7.397996e-01,1.068029e+01
2526,2.534539e-18,-1.796424e-05,4.296482e-05,5.480607e-04,-4.002385e-02,-8.473649e-03,7.349150e+00
2527,3.802416e-18,-3.900803e-06,3.905730e-05,5.462071e-04,-4.997593e-02,-9.888994e-02,5.112633e+00
2528,5.783885e-18,-9.376787e-06,3.348558e-05,5.383087e-04,-1.031259e+00,1.061955e+00,2.598036e+00
2529,3.435452e-18,-3.145150e-06,4.609005e-05,5.159374e-04,-3.739577e-01,-1.918633e-01,2.479676e+01
2530,1.881759e-16,-1.007916e-05,3.119129e-05,5.141643e-04,-3.411780e-01,7.810653e-01,7.091963e+00
2531,8.603631e-18,-1.346653e-05,3.707755e-05,5.064837e-04,-3.082248e-01,-2.263897e+00,3.823816e+00
2532,2.609893e-18,-7.031205e-06,4.063146e-05,5.167697e-04,-1.117967e-02,4.334508e-02,5.203093e+00
2533,4.982405e-18,-1.445518e-05,3.983930e-05,5.113487e-04,5.568324e-01,6.454331e-01,5.180048e+00
2534,2.371854e-19,-1.913823e-05,3.164258e-05,5.118377e-04,1.928371e-01,9.623507e-02,5.328879e+00
2535,2.970973e-17,-1.666335e-05,5.859420e-05,5.055188e-04,8.450894e-01,-7.313488e-01,1.461707e+00
2536,1.166370e-18,-3.830892e-06,5.382941e-05,5.282484e-04,1.691020e-03,-4.251826e-02,2.020975e+00
2537,1.079532e-18,-7.022830e-06,5.390172e-05,5.110581e-04,-4.170567e-02,-7.831644e-02,8.113657e-02
2538,2.838012e-17,-8.810076e-06,6.417795e-05,5.083980e-04,-8.127488e-02,-1.598476e+00,4.398740e+00
2539,2.702960e-18,-6.241630e-06,5.078941e-05,5.054066e-04,6.644207e-01,-2.843537e-01,1.071717e+01
2540,1.087116e-18,-2.542081e-06,6.465778e-05,5.172646e-04,-7.202782e-01,-5.013310e-01,1.594215e+00
2541,2.720251e-17,-6.921036e-06,6.292545e-05,5.382502e-04,8.296101e-01,6.357376e-01,1.381530e+01
2542,1.985400e-18,-8.573904e-06,6.173068e-05,5.437528e-04,5.833422e-01,1.477551e-03,2.331635e+00
2543,1.425126e-18,-1.099435e-05,5.864508e-05,5.454235e-04,-1.999990e-01,-1.999914e-02,8.804613e-01
2544,4.886500e-19,-1.562923e-05,5.194947e-05,5.455203e-04,5.436262e-02,8.032821e-01,-1.407370e+00
2545,3.976204e-17,8.510631e-06,6.629773e-05,5.482722e-04,9.637067e-01,-4.314470e+00,2.921509e+01
2546,8.270219e-17,6.290573e-06,5.629419e-05,5.367295e-04,4.941872e-01,8.863452e-01,7.899865e+00
2547,1.052738e-17,5.319678e-06,7.262039e-05,5.318299e-04,1.855632e-01,-3.094764e-01,2.229398e+01
2548,2.396002e-18,6.195411e-06,6.867895e-05,5.395524e-04,-2.547445e-01,-2.999131e+00,2.442615e+01
2549,6.895598e-18,1.015553e-05,6.171765e-05,5.459051e-04,-8.481080e-01,1.496265e+00,8.227962e+00
2550,6.172113e-17,9.684110e-06,6.128811e-05,5.457285e-04,-7.763014e-01,1.004003e+00,8.268564e+00
2551,5.328178e-17,1.342113e-05,6.563215e-05,5.269386e-04,-1.743319e-02,1.062727e+00,9.635474e+00
2552,3.992864e-18,9.381818e-06,7.110895e-05,5.461852e-04,-2.387375e-02,1.149518e-01,-1.728540e-01
2553,2.278795e-17,2.235146e-05,5.761798e-05,5.184371e-04,1.503766e+00,3.241096e+00,1.982390e+01
2554,3.732926e-18,1.796698e-05,6.796758e-05,5.084479e-04,-3.188063e-02,1.955632e+00,7.553991e+00
2555,5.068582e-17,1.759582e-05,6.862965e-05,5.077912e-04,-3.079059e-01,2.138076e+00,7.302590e+00
2556,2.961873e-18,1.328299e-05,6.094672e-05,5.145687e-04,2.610145e-01,-2.468860e-01,8.478813e+00
2557,3.408187e-18,1.560951e-05,7.187871e-05,5.167995e-04,-1.356341e+00,-6.609502e-02,6.293786e+00
2558,2.106304e-18,3.899741e-06,5.860177e-05,5.227855e-04,-6.891324e-02,1.178705e-01,3.825453e+00
2559,4.197885e-18,1.588276e-05,7.183868e-05,5.068355e-04,1.244581e+00,-7.129440e-01,5.036612e+00
2560,4.362213e-18,8.566413e-06,5.859236e-05,5.171097e-04,-2.272015e+00,-1.048044e-01,3.010333e+00
2561,5.328821e-17,2.042041e-05,2.823722e-05,5.373683e-04,2.538100e+00,-3.043248e-01,6.218963e+00
2562,4.234069e-18,4.686200e-06,3.515071e-05,5.448330e-04,4.788969e-02,9.723951e-02,1.043575e+01
2563,5.444255e-18,2.339388e-06,4.246513e-05,5.368195e-04,4.946150e-02,8.201389e-01,4.335719e+00
2564,2.359704e-18,5.480948e-06,4.766068e-05,5.358953e-04,-8.553912e-02,-1.626623e-02,-1.656764e+00
2565,1.794690e-17,-1.354761e-05,-7.614437e-05,4.726757e-04,1.451463e+00,6.512929e-01,-4.132948e+00
2566,3.883824e-19,3.906282e-07,-7.617189e-05,4.769555e-04,-2.259488e+00,-3.918438e+00,-3.146424e+00
2567,2.400019e-19,-1.757755e-05,-7.929752e-05,4.769616e-04,-6.623904e-01,-7.259188e-01,4.310334e+00
2568,2.217767e-18,5.065980e-06,-6.418201e-05,4.766793e-04,3.064517e+00,-1.872791e-02,2.972835e+00
2569,1.491683e-18,3.101539e-06,-5.160703e-05,4.707094e-04,-3.843960e-01,-9.626390e-01,-9.513993e-01
2570,1.054051e-18,1.240272e-04,9.123145e-07,4.738319e-04,2.418752e+00,8.875277e-02,-7.188074e+00
2571,1.967914e-18,1.344157e-04,-8.212522e-07,4.749095e-04,-4.896007e-01,1.949567e-01,-2.491009e+00
2572,3.388541e-19,1.113280e-04,1.054703e-05,4.746176e-04,3.097376e+00,-1.691679e+00,3.754998e+00
2573,2.454846e-19,1.199217e-04,1.835918e-05,4.769643e-04,-1.490588e+00,1.321007e+00,2.182802e+00
2574,9.683141e-19,1.199221e-04,1.890520e-05,4.748238e-04,4.988687e-01,-7.577061e-01,-1.249372e-01
2575,7.436190e-17,2.454444e-04,1.479706e-06,5.170458e-04,-6.833829e-02,-1.072744e+00,1.066771e+01
2576,2.583291e-17,2.311386e-04,-5.561640e-07,5.254335e-04,8.330365e-01,8.542164e-01,6.557589e+00
2577,2.652384e-18,2.453226e-04,1.554190e-06,5.273220e-04,1.111322e-02,-5.382537e-02,8.780852e+00
2578,1.971370e-16,2.316373e-04,5.323538e-07,5.231012e-04,6.416987e-01,3.416224e-01,7.876254e+00
2579,9.489356e-18,2.327807e-04,-1.171112e-05,5.298625e-04,6.443073e-02,-1.123509e-01,2.325026e+01
2580,4.075619e-17,2.340380e-04,-1.933057e-05,5.254302e-04,2.644933e+00,-2.737332e+00,2.690917e+01
2581,3.093101e-17,2.490843e-04,1.711268e-05,5.425249e-04,-6.182663e-01,4.881620e+00,1.273086e+01
2582,1.370244e-16,2.297851e-04,1.002807e-05,5.363098e-04,-4.262282e-01,3.701674e-01,8.253531e+00
2583,3.630026e-17,2.492883e-04,-5.161044e-06,5.297371e-04,2.270894e-01,-7.395502e-01,1.466715e+01
2584,4.175350e-18,2.496106e-04,-1.164418e-05,5.457984e-04,4.630478e-02,-9.952421e-01,1.197049e+01
2585,8.559946e-18,2.331295e-04,-1.351415e-05,5.436151e-04,-7.798709e-02,-3.895972e-01,2.697425e+01
2586,5.106038e-18,2.328099e-04,-1.015894e-05,5.224771e-04,-3.456411e-02,2.827733e-01,1.991880e+01
2587,8.557203e-18,2.429843e-04,-8.432281e-07,5.416730e-04,-3.227543e-02,8.999768e-01,1.405536e+01
2588,3.352942e-18,2.328093e-04,-1.251687e-05,5.389052e-04,4.505765e-01,1.786203e-01,2.598487e+01
2589,7.137023e-18,2.309140e-04,-1.565821e-05,5.159301e-04,-1.101464e-01,-4.725951e-01,2.368213e+01
2590,1.044125e-17,2.328591e-04,-1.015583e-05,5.156015e-04,-1.151061e-01,-1.192447e-02,1.747714e+01
2591,6.380008e-18,2.426774e-04,-3.902435e-06,5.172624e-04,-3.888218e-02,-1.719041e-01,9.196967e+00
2592,2.372962e-18,2.320294e-04,-5.482225e-06,5.084748e-04,-5.943651e-02,5.042683e-01,9.233277e+00
2593,5.973492e-17,2.376136e-04,-2.932022e-06,5.085082e-04,6.289230e-01,1.493751e+00,7.739346e+00
2594,6.500709e-18,2.429773e-04,-3.912512e-06,5.103491e-04,1.824815e-01,-7.028858e-02,8.138920e+00
2595,2.801745e-19,2.496081e-04,-8.983164e-06,5.231482e-04,4.352370e-01,-3.061780e+00,6.253668e+00
2596,1.094183e-17,2.492781e-04,-1.633993e-05,5.190976e-04,6.629818e-03,-6.739259e-01,2.069492e+00
2597,1.213559e-18,2.453131e-04,-2.347294e-06,5.041876e-04,2.053947e-01,8.300703e-01,4.974435e+00
2598,2.339344e-19,2.269522e-04,-1.952107e-06,5.132826e-04,2.042363e-01,-3.416212e-01,3.577356e+00
2599,8.638417e-18,2.493579e-04,-6.288533e-06,5.212011e-04,6.033417e-02,-1.498148e-01,8.701573e+00
2600,4.423672e-18,2.320418e-04,-1.015109e-05,5.103702e-04,1.709700e-01,5.037607e-02,1.643268e+01
2601,3.022154e-18,2.429805e-04,-3.115720e-06,5.374078e-04,3.088688e-02,1.948429e-01,1.310341e+01
2602,1.379239e-18,2.453208e-04,4.694560e-06,5.356293e-04,2.111854e-02,-1.514700e-01,9.933619e+00
2603,8.866286e-18,2.390467e-04,-1.896664e-05,5.310921e-04,-8.016831e-01,6.611006e-01,6.915750e+00
2604,1.329830e-17,2.492556e-04,1.157795e-05,5.455901e-04,8.193811e-02,-2.396915e-01,4.444699e+00
2605,1.405616e-18,2.496099e-04,1.561403e-06,5.294979e-04,1.240626e-01,-2.343581e-01,6.772440e+00
2606,1.834615e-17,2.424497e-04,1.634064e-05,5.347143e-04,2.980464e-01,-7.451037e-01,3.748493e+00
2607,8.439571e-18,2.343845e-04,3.902441e-06,5.402088e-04,-3.459967e-02,9.911963e-03,9.039950e+00
2608,6.437133e-19,2.345171e-04,4.036037e-06,5.441614e-04,-1.042199e-01,2.255717e-02,1.692817e-01
2609,2.067110e-18,2.367241e-04,1.326950e-05,5.374854e-04,2.973816e-02,1.369923e-01,-5.002792e-01
2610,6.605141e-19,2.306010e-04,1.080649e-05,5.470111e-04,-3.625166e-01,6.321519e-02,2.417568e+00
2611,1.874566e-18,2.414119e-04,1.406122e-05,5.481628e-04,-4.911526e-02,-2.072707e-02,-7.143010e-02
2612,8.184705e-17,2.487564e-04,2.072300e-05,5.135494e-04,-4.517973e-02,1.351279e+00,9.814119e+00
2613,1.788466e-17,2.492555e-04,4.028387e-06,5.106508e-04,2.607533e-01,2.326882e+00,1.662865e+01
2614,8.452256e-17,2.487179e-04,1.054122e-05,5.185269e-04,5.193591e-03,2.947708e-01,3.254708e+00
2615,1.604158e-17,2.393746e-04,1.432401e-05,5.207443e-04,-4.547867e-01,5.226385e-01,8.152611e+00
2616,4.921002e-18,2.445312e-04,4.689378e-06,5.080483e-04,-9.909372e-02,-2.282254e-01,9.280218e+00
2617,6.376104e-18,2.451028e-04,1.483505e-05,5.076114e-04,2.537238e-01,-5.480380e-01,8.998574e+00
2618,2.560546e-17,2.334534e-04,8.139704e-06,5.114867e-04,-1.357317e-01,-3.704022e-01,5.468073e+00
2619,1.023366e-17,2.492645e-04,1.244524e-05,5.111213e-04,1.321307e-02,2.795026e-01,4.607804e+00
2620,1.524497e-18,2.496097e-04,1.555766e-06,5.136549e-04,6.519356e-02,-4.251056e-01,6.089042e+00
2621,6.948452e-18,2.317231e-04,9.355338e-06,5.062971e-04,1.391619e-02,-6.309260e-01,4.575857e+00
2622,2.165624e-18,2.273389e-04,5.455225e-06,5.068750e-04,-1.429988e-02,-3.836201e-02,5.447487e+00
2623,1.050927e-18,2.398463e-04,8.583712e-06,5.194297e-04,1.091409e-01,-8.603445e-02,2.289021e+00
2624,3.904164e-18,2.494046e-04,1.882509e-05,5.193194e-04,1.595849e-01,-1.219754e-01,2.164113e+00
2625,1.441223e-17,2.141046e-04,-7.119360e-06,5.342715e-04,7.239668e-02,1.628003e-02,1.362051e+01
2626,8.186258e-18,2.203044e-04,-1.491688e-05,5.486098e-04,-8.991918e-02,-2.111134e-01,1.159041e+01
2627,9.225165e-19,2.109424e-04,-1.586863e-06,5.496842e-04,1.914867e-02,3.101936e-03,1.074229e+01
2628,1.332277e-18,2.124997e-04,-1.172439e-05,5.370627e-04,1.395459e-02,1.530963e-01,4.258034e+00
2629,3.661550e-18,2.164072e-04,-1.875314e-05,5.399696e-04,-6.191881e-02,-2.115178e-02,1.774750e+00
2630,4.425482e-17,1.885418e-04,6.774560e-06,4.645939e-04,1.016089e+00,3.924429e-01,1.801431e+00
2631,1.505087e-17,1.852984e-04,1.999716e-05,4.761350e-04,-5.939150e-01,1.001922e-01,-8.193527e-01
2632,3.332408e-18,1.876127e-04,-3.977527e-06,4.784734e-04,2.422659e+00,-1.172165e+00,7.008037e+00
2633,2.016377e-18,1.855469e-04,-3.912984e-06,4.741607e-04,-7.081024e-02,5.488688e-02,-1.767801e+00
2634,3.284262e-18,1.976695e-04,1.561453e-05,4.781328e-04,-6.371269e-01,2.901658e-01,1.618434e+00
2635,3.223724e-18,1.931360e-04,1.646458e-05,4.778222e-04,1.775303e+00,1.103134e-01,6.463810e+00
2636,3.563075e-18,1.937430e-04,9.447187e-06,4.777193e-04,-1.916319e-02,4.160989e-02,2.692437e+00
2637,4.644005e-17,1.893221e-04,-3.858746e-06,4.846490e-04,3.530264e+00,6.195188e-02,8.326629e+00
2638,2.066681e-18,1.859925e-04,-6.385643e-08,4.827308e-04,8.608419e-02,5.882088e-02,-1.289080e+00
2639,6.130924e-18,1.785179e-04,-6.248848e-06,5.000573e-04,9.574695e-01,-5.835955e-01,8.642838e-01
2640,1.142246e-17,1.945386e-04,-6.249296e-06,5.005006e-04,8.831613e-02,-2.242489e-01,9.302390e+00
2641,1.261615e-17,1.898441e-04,-1.398167e-05,4.827345e-04,2.485904e-01,-1.922891e-01,5.839905e+00
2642,5.213434e-18,1.914063e-04,-1.171903e-05,5.006892e-04,-7.373904e-02,-1.420158e-01,3.905083e+00
2643,1.281074e-18,1.983952e-04,-6.244567e-06,4.831951e-04,8.636779e-01,-1.625023e-01,3.830055e+00
2644,2.438293e-19,1.957030e-04,-6.641910e-06,4.972159e-04,6.454021e-02,8.853676e-02,9.939679e+00
2645,1.170205e-17,1.951588e-04,-6.358284e-06,4.913091e-04,-7.916925e-01,3.171632e-01,6.471545e+00
2646,5.537056e-18,1.960926e-04,-2.440796e-05,4.994074e-04,9.222729e-03,-1.681692e-01,1.793227e+00
2647,3.802899e-18,1.796541e-04,1.572750e-05,4.892177e-04,8.181857e-01,3.376959e-01,-2.731259e+00
2648,5.172943e-17,1.941148e-04,8.168367e-06,4.917965e-04,-9.292838e-01,-6.564253e-01,3.528115e+00
2649,1.020333e-17,1.812510e-04,1.237297e-05,4.806948e-04,-2.277684e-01,-1.211633e+00,4.466622e-01
2650,3.412069e-18,1.788977e-04,7.814301e-06,4.828472e-04,-1.634677e+00,1.264874e+00,-8.274527e-01
2651,6.250327e-18,1.828070e-04,5.468057e-06,4.960465e-04,3.071906e-01,1.877139e-01,9.712605e+00
2652,2.574150e-17,1.929465e-04,1.374844e-05,4.842907e-04,5.785870e-01,-2.380496e+00,9.530521e+00
2653,2.042285e-18,1.764513e-04,1.093387e-05,4.982068e-04,2.715485e-02,-2.453538e-02,6.274939e+00
2654,6.641404e-19,1.949221e-04,1.488160e-05,4.863211e-04,-2.398408e+00,-5.323765e-01,4.915527e+00
2655,2.109419e-17,1.916979e-04,1.462214e-05,4.991962e-04,-2.013942e+00,-6.240693e-01,4.764489e+00
2656,1.811121e-17,1.778386e-04,1.709994e-05,4.865606e-04,1.524483e-02,8.695172e-01,5.213421e+00
2657,1.933164e-18,1.813246e-04,5.414378e-06,4.867650e-04,2.760078e-01,-1.836241e-02,7.544738e+00
2658,1.164952e-18,1.773456e-04,1.404216e-05,4.816451e-04,2.890960e-01,-9.584550e-01,6.351847e+00
2659,2.895449e-18,1.976923e-04,1.014047e-05,4.913390e-04,-9.862100e-01,-2.971502e+00,8.282934e+00
2660,8.825079e-18,1.820412e-04,2.433758e-05,4.856897e-04,-1.309761e-02,7.070711e-02,1.801820e+00
