droplet_id,volume,ux,uy,uz,vx,vy,vz
1,1.063359e-16,-3.359051e-05,5.581200e-06,5.203301e-04,-7.100773e-02,1.015016e-01,8.201320e+00
2,7.063614e-18,-2.466794e-05,1.641413e-05,5.150695e-04,-1.823623e+00,-3.357591e-02,9.539335e-01
3,2.161638e-16,-3.843568e-05,-9.300255e-07,5.279790e-04,-1.254632e-01,2.826429e-01,1.264391e+01
4,4.804333e-18,-3.437709e-05,-2.186836e-05,5.254945e-04,-3.233529e-02,5.765651e-01,1.728510e+01
5,7.958468e-18,-3.280658e-05,-1.160584e-06,5.263253e-04,-3.206466e-02,-3.510396e-01,1.048309e+01
6,3.931109e-16,-3.544954e-05,-8.072760e-06,5.279412e-04,-3.147870e-01,2.426609e-01,1.231946e+01
7,4.684025e-18,-3.281321e-05,1.328465e-05,5.262420e-04,-2.222436e-01,-1.004293e-01,8.059427e+00
8,5.441793e-18,-4.366120e-05,1.239226e-06,5.259306e-04,-5.422511e+00,1.673033e+00,3.136864e+01
9,3.956824e-18,-4.219144e-05,-8.165198e-08,5.134297e-04,-3.465008e+00,3.206108e-01,2.073163e+01
10,1.093140e-18,-4.199413e-05,-3.896853e-07,5.083092e-04,-3.004845e+00,-8.047575e-01,1.681789e+01
11,7.988265e-12,4.806745e-08,4.570699e-08,3.855457e-04,-7.347795e-03,-1.079838e-02,5.906113e+00
12,3.061702e-17,-4.461926e-05,1.075591e-05,5.099836e-04,8.796197e-01,-2.278507e-01,1.155661e+01
13,2.886474e-18,-3.826688e-05,1.874086e-05,5.244912e-04,-1.924210e-01,8.253370e-01,8.365225e+00
14,3.945368e-17,-3.542851e-05,3.711318e-06,5.156677e-04,-7.115765e-02,-1.789024e-01,2.405088e+00
15,4.009304e-17,-3.446580e-05,1.501118e-05,5.056342e-04,3.229415e-01,1.288941e-01,6.332726e+00
16,1.031613e-16,-4.269356e-05,5.172112e-06,4.979505e-04,1.138207e+00,3.863634e-01,7.221249e+00
17,1.240747e-18,-3.828504e-05,1.874809e-05,5.009589e-04,-3.362005e-01,-4.101673e-01,3.542947e+00
18,6.766603e-18,-3.269264e-05,1.327971e-05,5.108392e-04,-3.023302e-01,-1.793329e-02,4.100457e+00
19,9.074916e-17,-4.029332e-05,1.564948e-07,4.946732e-04,-1.660750e-01,4.103719e-01,9.402824e+00
20,1.730681e-18,-4.145927e-05,-1.179490e-05,5.008294e-04,2.062886e-01,-5.945296e-01,6.801653e+00
21,6.746706e-19,-4.145371e-05,-8.204003e-06,5.117565e-04,9.553429e-02,-1.686956e-01,9.369829e+00
22,1.313200e-18,-4.927060e-05,-1.516038e-06,5.147933e-04,2.311994e-01,5.338839e-01,9.253659e+00
23,1.658818e-17,-2.512603e-05,-7.415596e-06,5.198584e-04,-8.774287e-02,-2.976722e-01,8.818342e+00
24,7.678020e-18,-3.203561e-05,-3.367352e-06,5.031681e-04,-2.549928e-01,-5.523713e-01,6.062840e+00
25,2.816227e-18,-4.845952e-05,-1.175190e-05,5.121557e-04,-3.032389e-01,7.132764e-01,1.407460e+00
26,1.155595e-18,-4.218664e-05,-1.798973e-05,5.094524e-04,1.659658e-02,-1.163159e-01,1.001482e+00
27,1.971094e-17,-2.273138e-05,-8.088360e-06,5.494283e-04,3.624496e-01,-3.674519e+00,1.551915e+01
28,6.586301e-18,-3.523455e-05,-1.640805e-05,5.404958e-04,5.276960e-01,2.791176e-01,1.834952e+01
29,3.663246e-18,-4.451712e-05,-6.254335e-06,5.481172e-04,5.802133e-01,-2.234910e-01,9.859620e-01
30,1.810311e-17,-3.606929e-05,-1.245364e-05,5.489754e-04,-7.053489e-01,1.598792e-01,7.927061e+00
31,1.412600e-18,-3.828397e-05,1.875543e-05,5.331604e-04,2.505542e-01,4.623154e-01,5.684435e+00
32,1.130931e-18,-4.139120e-05,1.643720e-05,5.354444e-04,-5.247453e-02,1.903941e-01,4.126635e+00
33,3.705567e-17,-2.291659e-05,2.543459e-05,5.431364e-04,1.203902e+00,2.602317e+00,8.130880e+00
34,1.112615e-18,-3.828787e-05,1.877467e-05,5.392099e-04,3.731055e-02,1.183454e-01,5.844942e+00
35,2.980218e-18,-4.452727e-05,3.125602e-06,5.463114e-04,-9.028889e-02,9.582980e-02,2.544607e+00
36,2.570358e-18,-3.593952e-05,4.687033e-06,5.372920e-04,-7.776015e-02,-2.112067e-02,8.043527e-01
37,3.329939e-18,-6.311817e-05,1.255469e-05,5.183820e-04,-4.201287e+00,7.144157e-01,1.354122e+01
38,2.341292e-18,-6.095651e-05,8.485500e-06,5.206831e-04,1.651854e-01,-5.658210e-01,9.011211e+00
39,6.004527e-18,-5.862594e-05,9.373480e-06,5.151522e-04,-6.186503e-01,-9.451529e-01,2.926356e+01
40,1.738728e-17,-6.425737e-05,4.769416e-06,5.152536e-04,3.505049e-01,-4.344614e-01,3.787723e+00
41,1.304041e-18,-7.187380e-05,1.719202e-05,5.017405e-04,7.357486e-02,-2.974807e-02,-1.140911e+00
42,3.813337e-18,-5.865199e-05,9.359919e-06,5.099994e-04,2.973002e-01,1.589823e+00,2.223662e+01
43,2.678452e-18,-5.851773e-05,9.331979e-06,5.068193e-04,8.130832e-01,-2.190119e+00,2.201981e+01
44,6.927825e-18,-5.860170e-05,9.431236e-06,5.025644e-04,5.886577e-01,-3.269850e-01,2.121153e+01
45,2.583271e-18,-6.874866e-05,1.718728e-05,5.448476e-04,2.490931e-03,-1.626345e-02,7.659566e+00
46,5.187160e-19,-6.171919e-05,2.070486e-05,5.430094e-04,-2.491808e-01,1.011504e+00,-2.085708e+00
47,2.557168e-18,-1.147759e-04,2.253373e-06,5.191558e-04,2.783662e-01,-4.937027e+00,2.909590e+01
48,4.159150e-18,-1.069910e-04,1.635956e-05,5.003261e-04,1.560611e-01,7.207849e-02,1.206766e+01
49,3.538547e-17,-1.267723e-04,2.511755e-06,5.092600e-04,9.791584e-01,-9.469919e-01,6.188799e+00
50,2.258161e-18,-1.078057e-04,-1.796725e-05,5.167709e-04,-3.325414e-03,4.574207e-02,1.610757e-01
51,5.053101e-18,-1.235814e-04,-2.190719e-05,4.977197e-04,1.603996e+00,-4.629864e+00,1.202951e+01
52,2.825061e-19,-1.238287e-04,-1.602109e-05,4.884721e-04,4.172386e-01,-2.341294e+00,4.560724e+00
53,1.119910e-18,-1.101588e-04,-1.328200e-05,5.001679e-04,-5.382237e-01,3.244930e-03,6.726206e+00
54,9.091561e-18,-1.203338e-04,1.784114e-09,4.951248e-04,7.564994e-02,9.522775e-02,6.563786e+00
55,1.909979e-18,-1.101455e-04,-1.332841e-05,4.863751e-04,-3.367709e-01,2.762721e-01,1.196168e+00
56,6.006501e-19,-1.003912e-04,-4.645764e-06,4.759596e-04,2.377273e-01,-9.161060e-03,-3.342027e+00
57,1.567272e-18,-1.116991e-04,-1.565033e-05,4.876810e-04,3.223936e-02,-2.834820e-01,-2.921735e+00
58,2.987618e-19,-1.003901e-04,-5.080054e-06,4.798668e-04,1.617759e+00,1.638343e-01,1.980307e+00
59,2.555947e-19,-1.011714e-04,-5.079045e-06,4.790867e-04,3.109539e+00,-1.201292e+00,1.138138e+00
60,2.645852e-19,-1.011711e-04,-5.859567e-06,4.775249e-04,6.875345e-01,6.300752e-01,-9.244336e-01
61,2.583457e-19,-1.011727e-04,-4.297484e-06,4.751795e-04,6.127140e-01,-2.822508e-01,-2.666773e+00
62,6.501371e-19,-1.097677e-04,-1.757791e-05,4.669628e-04,4.752552e-01,8.154669e-01,-5.557609e+00
63,5.574572e-19,-1.113270e-04,-1.835847e-05,4.724764e-04,1.087323e+00,-5.440394e-01,-2.791476e+00
64,2.666374e-19,-1.113290e-04,-1.835536e-05,4.697307e-04,7.235396e-01,1.452217e+00,-3.150532e+00
65,5.156572e-18,1.253782e-05,1.242189e-04,5.243207e-04,5.618867e-02,-1.172424e-01,9.292954e+00
66,9.788263e-17,1.144003e-05,1.389975e-04,5.037316e-04,-8.915050e-01,-3.771505e-01,9.178326e+00
67,8.505256e-17,1.920907e-06,1.422355e-04,5.217809e-04,-8.285818e-02,4.133377e-01,5.640426e+00
68,2.173788e-18,6.255367e-06,1.265691e-04,5.213561e-04,-1.204951e-01,-1.438336e-02,6.828336e+00
69,3.120125e-18,6.253726e-06,1.265627e-04,5.121267e-04,-3.402866e-02,1.555844e-02,2.699060e+00
70,1.664846e-18,4.048770e-06,1.335836e-04,5.204346e-04,-3.287201e-02,2.631017e-01,4.152609e+00
71,1.145979e-17,2.425534e-05,1.368438e-04,4.995031e-04,4.122520e-03,-3.404211e-02,-9.159076e-01
72,2.000940e-18,1.015753e-05,1.320285e-04,5.267109e-04,5.047579e-02,2.761099e-02,6.374459e+00
73,2.737125e-18,4.693128e-06,1.468766e-04,5.289563e-04,6.738035e-02,7.938241e-02,4.915777e+00
74,1.109514e-18,2.339830e-06,1.359387e-04,5.271006e-04,-8.805966e-02,2.164020e-02,2.613753e+00
75,3.121361e-17,-9.102329e-06,1.295177e-04,5.471951e-04,-1.111730e+00,3.949211e+00,1.025184e+01
76,2.366790e-18,-1.170934e-05,1.242154e-04,5.259929e-04,4.971391e-01,-1.538811e-01,2.556069e+00
77,3.942717e-17,-1.749313e-05,1.357304e-04,5.442667e-04,-3.202979e+00,4.082318e-02,7.164405e+00
78,5.473996e-18,-2.016323e-05,1.367111e-04,5.391756e-04,2.931377e-01,-1.375421e+00,5.784038e+00
79,6.056465e-18,-1.253140e-05,1.308235e-04,5.466141e-04,-2.149630e-01,-2.731607e-01,5.622326e+00
80,5.844338e-18,-1.564069e-06,1.483321e-04,5.346223e-04,-2.177859e-02,-1.510521e-01,5.112666e+00
81,1.346534e-18,-5.466514e-06,1.406239e-04,5.451753e-04,4.713002e-02,5.106165e-02,2.010640e+00
82,1.425210e-18,-5.466844e-06,1.406246e-04,5.421689e-04,-5.623651e-02,-9.957165e-03,1.128217e+00
83,3.033188e-17,-1.181931e-05,1.632767e-04,5.266253e-04,-9.951387e-01,-1.340638e+00,1.865086e+01
84,4.709813e-18,1.875119e-05,1.749999e-04,5.188159e-04,6.608892e-01,-1.186462e-02,5.033274e+00
85,2.681653e-18,-8.621718e-06,1.656287e-04,5.060007e-04,-2.146247e-02,2.591918e-01,9.184274e+00
86,3.165138e-18,-1.094318e-05,1.640595e-04,5.083226e-04,-6.805803e-01,4.922988e-01,1.090260e+01
87,7.635113e-18,-2.121894e-05,1.666569e-04,5.226965e-04,-1.222264e-01,-1.582454e-01,4.567456e+00
88,1.909496e-17,-2.403630e-05,1.677793e-04,5.002107e-04,5.696140e-01,-1.981991e-01,-1.124025e+00
89,1.128299e-18,-3.909637e-06,1.585881e-04,5.225193e-04,-1.471712e-01,-1.580680e-01,6.230313e+00
90,2.766878e-18,-2.354617e-06,1.531272e-04,5.098042e-04,-8.199123e-01,-1.569238e-01,4.971367e+00
91,4.475285e-18,-8.591109e-06,1.648388e-04,5.024893e-04,-6.639156e-01,-6.310869e-01,9.604815e+00
92,7.091678e-17,-1.549151e-05,1.765796e-04,5.275230e-04,8.628301e-01,-1.021663e+00,5.699659e+00
93,3.217100e-18,-4.606075e-05,-4.431434e-06,4.775011e-04,-3.389910e-01,2.010984e+00,5.151856e-01
94,1.083985e-18,-4.204303e-05,-8.773367e-06,4.751874e-04,3.588680e-01,3.561857e-01,8.208058e-01
95,2.603917e-18,-3.515930e-05,-1.558865e-06,4.724157e-04,1.483445e-01,5.643545e-02,-3.491275e+00
96,3.381972e-18,-4.140929e-05,-1.564102e-06,4.763531e-04,6.513945e-01,-2.759360e-02,-1.269056e-01
97,4.470557e-18,-3.600476e-05,-1.639058e-06,4.931615e-04,-3.455913e-01,-3.879343e-01,1.345705e+01
98,1.422633e-18,-5.078001e-05,-1.563713e-06,4.899953e-04,1.021602e+00,-1.262843e-02,3.240859e+00
99,2.299894e-18,-3.437472e-05,-1.174550e-05,4.990265e-04,-5.373516e-01,-1.077226e-01,7.575163e+00
100,4.745591e-18,-4.687121e-05,-4.689174e-06,4.890970e-04,9.424325e-01,-3.001364e-02,7.320862e+00
101,1.252596e-18,-4.608645e-05,-8.606679e-06,4.892325e-04,8.963418e-02,-6.056829e-02,6.594287e+00
102,5.397904e-18,-3.436947e-05,-1.796977e-05,4.970792e-04,-4.011939e-01,-2.858339e-01,9.089810e+00
103,2.800998e-18,-3.437453e-05,-9.384680e-06,4.904079e-04,6.973539e-02,8.584968e-01,3.415855e+00
104,4.319329e-18,-2.578318e-05,-5.476610e-06,4.978165e-04,-1.086696e-01,6.356132e-02,4.060605e+00
105,8.949864e-19,-3.449742e-05,-1.210886e-05,4.819953e-04,-1.472938e-01,6.267149e-01,1.091214e+00
106,2.558255e-18,-3.592363e-05,-1.540806e-06,4.903319e-04,-1.769896e-01,4.460375e-01,1.300311e+01
107,2.821593e-18,-4.612427e-05,-8.576120e-06,4.981824e-04,1.897710e-02,-5.280055e-02,1.240480e+01
108,3.109514e-18,-3.591828e-05,-1.571346e-06,4.865104e-04,-5.992405e-01,1.445769e+00,1.020631e+01
109,1.638628e-18,-4.219144e-05,-8.598301e-06,4.900071e-04,1.397252e-01,1.848036e-01,1.204984e+01
110,1.439693e-18,-4.216927e-05,-8.611246e-06,4.861056e-04,-1.000293e-01,-1.307724e-01,8.920223e+00
111,1.667922e-18,-4.141792e-05,-1.588924e-06,4.884328e-04,4.116387e-01,-4.852887e-01,1.199832e+01
112,3.275108e-18,-3.594753e-05,-1.619790e-06,4.815696e-04,-2.608558e-01,2.812536e-01,6.484791e+00
113,1.662073e-17,-4.293910e-05,-2.419852e-05,4.968495e-04,2.764040e-02,-2.429086e-02,-8.255874e-01
114,4.276619e-18,-3.828195e-05,-2.460952e-05,4.894140e-04,-4.841285e-03,-2.607601e-03,-1.691039e+00
115,4.511838e-19,-6.132981e-05,-1.289118e-05,4.775271e-04,1.155514e+00,1.328110e-01,3.914308e+00
116,2.828996e-18,-6.172488e-05,-7.728920e-07,4.911782e-04,-5.060392e-02,3.469198e-02,6.257477e+00
117,3.915873e-19,-5.976670e-05,-5.079295e-06,4.775225e-04,-2.624666e-01,-9.649951e-01,4.689777e+00
118,7.513838e-17,-7.621060e-05,2.213888e-06,4.796236e-04,-8.654151e-01,2.283324e+00,-6.867441e-02
119,3.030833e-18,-7.031812e-05,-8.608119e-06,4.887848e-04,-2.851397e-01,-4.651815e-01,-3.485609e+00
120,1.257772e-18,-5.388539e-05,-7.064493e-06,4.743995e-04,5.902200e-01,5.995903e-01,-6.311984e-01
121,3.613038e-19,2.035155e-04,-3.905737e-07,4.751761e-04,-8.443903e-01,6.381784e-01,9.204216e-02
122,1.880356e-18,2.055203e-04,1.723329e-05,4.752937e-04,4.648649e-01,-6.734682e-01,1.840589e+00
123,6.558023e-19,2.082042e-04,2.148402e-05,4.747965e-04,3.181979e-01,-1.095918e+00,1.573218e+00
124,2.657930e-19,2.121083e-04,1.054559e-05,4.744102e-04,-1.901063e+00,-1.272653e+00,-1.989302e+00
125,7.030233e-19,2.269534e-04,5.077937e-06,4.739466e-04,-1.551855e+00,-1.318449e-01,7.888466e-01
126,5.499148e-19,2.324231e-04,1.445301e-05,4.700976e-04,-7.157416e-01,-1.357848e+00,4.639949e-01
127,3.269090e-19,2.457061e-04,1.914520e-05,4.759758e-04,-1.290889e+00,1.215327e+00,4.033090e-01
128,2.549972e-19,2.269510e-04,1.523684e-05,4.767513e-04,3.035562e-01,-1.329576e+00,1.905738e+00
129,6.021938e-19,2.496102e-04,7.045732e-06,4.783054e-04,-1.543807e-01,-1.827737e-01,4.539492e-01
130,5.303341e-19,2.496101e-04,7.763081e-07,4.892218e-04,-4.823823e-04,-5.019751e-02,6.260219e+00
131,3.107563e-18,2.496094e-04,7.829624e-07,4.824838e-04,1.493226e-02,-8.218752e-03,4.561488e+00
132,1.737228e-18,2.496096e-04,7.800512e-07,4.869240e-04,1.020400e-01,1.037661e-01,5.439338e+00
133,6.399029e-18,2.413039e-04,2.438684e-05,4.979779e-04,8.468029e-02,7.055169e-02,-9.007988e-01
134,2.623113e-17,2.344408e-06,-2.041351e-04,4.603884e-04,6.574203e-01,-4.052760e-01,5.730418e+00
135,1.580526e-18,1.445303e-05,-2.082039e-04,4.689324e-04,-5.690818e-01,-5.935552e-01,-5.255411e+00
136,3.648398e-17,1.369313e-05,-2.090094e-04,4.741531e-04,-6.464792e-01,-1.054845e+00,-2.267077e+00
137,2.676943e-19,1.992141e-05,-2.003935e-04,4.728469e-04,-1.208186e+00,3.509683e+00,-2.771853e+00
138,2.445540e-18,2.817158e-06,-2.138547e-04,4.744032e-04,1.858160e+00,1.915819e-01,-5.972170e-01
139,5.706404e-19,-1.054766e-05,-2.046461e-04,4.705020e-04,1.247261e-01,1.602469e+00,1.447929e+00
140,2.678247e-19,-1.132905e-05,-2.050801e-04,4.712845e-04,-1.669233e+00,2.281801e+00,2.298509e+00
141,2.562691e-19,-8.984049e-06,-2.066415e-04,4.689341e-04,2.140215e+00,-2.430158e+00,-1.459662e+00
142,6.575047e-19,-9.765649e-06,-2.055508e-04,4.697203e-04,1.498744e+00,1.811589e-02,-7.984534e-01
143,1.768133e-18,2.004934e-05,-2.025941e-04,4.800880e-04,2.377349e+00,-3.873335e-01,9.622877e+00
144,1.711712e-18,2.460939e-05,-2.164090e-04,4.825914e-04,1.715205e-02,3.807417e-01,-2.344999e+00
145,5.352247e-18,2.440045e-05,-2.242293e-04,4.829943e-04,1.256411e-01,8.119149e-02,-1.070671e+00
146,7.521701e-18,2.433671e-05,-2.210935e-04,4.783206e-04,1.288851e-01,-3.776827e-02,-8.757827e-01
147,4.088207e-17,-4.703648e-06,-2.185250e-04,4.962244e-04,1.041770e+00,-2.725925e+00,1.377118e+01
148,7.320931e-19,-5.860290e-06,-2.079246e-04,4.876646e-04,2.032277e+00,-2.021456e-01,8.588099e+00
149,3.321195e-17,-1.317704e-05,-2.182923e-04,4.941227e-04,6.011103e-01,2.126295e-01,3.731074e+00
150,7.775627e-18,-2.406444e-06,-2.187212e-04,4.844887e-04,3.640656e+00,-6.617995e-01,6.811846e+00
151,7.264183e-18,-9.927090e-06,-2.042448e-04,4.989650e-04,-6.075248e-01,1.822904e+00,3.797451e+00
152,4.800029e-18,-8.549011e-06,-2.203159e-04,4.952146e-04,7.810623e-01,-5.682719e-02,3.850420e-01
153,6.951551e-18,-1.404722e-05,-2.255507e-04,5.005338e-04,-1.334335e-01,8.992689e-01,1.447205e-02
154,1.523374e-17,-2.421950e-05,-2.046881e-04,4.904145e-04,8.224394e-03,1.545188e-02,-8.056964e-01
155,5.746867e-17,-2.361020e-05,-2.045131e-04,4.908846e-04,-3.344390e-02,4.515551e-02,-5.863378e-01
156,1.456264e-17,-5.849801e-06,-2.198967e-04,5.023282e-04,-7.021528e-02,2.180545e+00,2.332130e+00
157,3.471729e-18,-1.322585e-05,-2.027399e-04,4.944536e-04,-1.534922e-01,-7.125759e-01,-1.652511e+00
158,2.730985e-18,-4.663549e-06,-2.124945e-04,4.957802e-04,7.343384e-01,-4.716351e-02,6.212525e-01
159,1.334499e-17,-2.425062e-05,-2.195317e-04,4.961290e-04,-6.284641e-02,2.045392e-03,-1.001512e+00
160,7.788559e-18,-3.563519e-06,-1.906367e-04,5.000838e-04,2.005077e+00,5.246272e-02,1.522071e+01
161,1.947082e-16,-4.976820e-06,-1.805960e-04,5.183870e-04,7.051280e-01,5.252063e-01,6.868852e+00
162,3.175711e-18,-9.376948e-06,-1.812534e-04,5.044201e-04,-8.478105e-02,-2.132269e-02,5.207449e+00
163,3.870511e-17,-1.069656e-05,-1.885680e-04,5.133405e-04,-2.706849e-01,5.044009e-01,4.739602e+00
164,1.200781e-17,-2.026489e-05,-1.899228e-04,5.213799e-04,2.350149e-01,-2.920210e-01,3.664273e+00
165,3.239523e-18,-3.130057e-06,-1.843819e-04,5.067650e-04,2.926174e-02,-9.333739e-01,7.292821e+00
166,6.296254e-18,-1.211686e-05,-1.781081e-04,5.128794e-04,4.376551e-01,4.815628e-01,9.827306e-01
167,3.408640e-18,-1.094273e-05,-1.914044e-04,5.067702e-04,-3.684953e-01,-6.099485e-03,4.577195e+00
168,3.317308e-18,-9.383349e-06,-1.953180e-04,5.090652e-04,-9.112459e-02,-1.183286e-01,6.872884e-01
169,3.835409e-17,5.465011e-06,-1.886885e-04,5.132820e-04,-1.399185e+00,-5.896943e-01,7.612214e+00
170,4.139525e-17,2.805826e-06,-1.982878e-04,5.444359e-04,2.396309e+00,-2.608021e-01,8.904441e+00
171,4.634523e-18,5.423171e-06,-1.834284e-04,5.311914e-04,8.329093e-01,-1.894318e-01,5.028680e+00
172,6.189919e-18,1.461278e-05,-1.921888e-04,5.453229e-04,2.452957e+00,-7.648966e-03,5.714892e+00
173,7.465127e-18,4.804608e-06,-1.844789e-04,5.284651e-04,-8.034185e-01,1.390669e-02,9.090508e+00
174,5.004173e-18,7.025666e-06,-1.835936e-04,5.459240e-04,-5.503097e-01,1.539763e-01,6.210348e+00
175,3.024332e-17,-8.289386e-06,-2.267455e-04,5.255637e-04,-3.460809e-01,1.344487e+00,5.620493e+00
176,4.602777e-18,-5.744533e-06,-2.078099e-04,5.418140e-04,4.154840e-01,-4.540713e-02,7.188515e+00
177,4.899050e-17,-1.418106e-05,-6.958200e-05,4.795429e-04,-4.283406e-01,1.403575e+00,4.808420e+00
178,2.496911e-19,-1.757789e-05,-8.867114e-05,4.712895e-04,-1.276085e+00,1.211491e+00,-3.043669e+00
179,3.484521e-19,1.835882e-05,-7.304299e-05,4.712947e-04,-2.034919e+00,3.168022e+00,1.742430e+00
180,1.303824e-17,8.623866e-06,-5.070044e-05,4.797467e-04,-6.070450e-01,-1.388456e+00,9.760934e+00
181,1.269779e-17,-1.526166e-05,7.631146e-06,4.765808e-04,-1.509817e+00,-4.415120e+00,4.674138e+00
182,1.249611e-17,-1.387167e-05,2.081508e-05,4.742780e-04,7.470243e-01,-4.810474e-01,1.725812e+00
183,2.775108e-19,-1.367268e-05,2.226567e-05,4.697272e-04,-9.320713e-01,7.951632e-01,-8.834694e-01
184,3.226817e-18,-3.156916e-09,8.575575e-06,4.771089e-04,-4.841401e-02,-2.310378e-01,-1.963685e+00
185,4.230785e-18,-1.332505e-05,3.085007e-06,4.765937e-04,-4.068045e-01,1.558431e-01,4.410124e+00
186,2.862108e-19,-1.835952e-05,1.132661e-05,4.751848e-04,5.294716e-01,6.385157e-01,1.608738e+00
187,2.429182e-19,-1.445227e-05,2.148399e-05,4.658150e-04,-2.643971e-01,-1.473679e-01,-6.521184e+00
188,6.787060e-17,-4.301412e-05,1.267092e-05,4.888473e-04,-9.684252e-01,1.447937e-02,3.906859e+00
189,8.476712e-18,-2.729850e-05,1.184289e-05,4.756632e-04,-2.391967e+00,-2.013319e+00,5.651543e-01
190,1.332459e-18,-4.302950e-05,1.171609e-05,4.697230e-04,-1.154711e+00,-2.565823e-02,-7.869576e+00
191,2.550473e-17,-4.921209e-05,4.122149e-06,4.779528e-04,2.747082e+00,-2.588009e+00,1.641283e+00
192,3.382833e-18,-3.437271e-05,7.032396e-06,4.919559e-04,-2.623232e-02,-3.008419e-01,5.662661e+00
193,2.206714e-18,-3.346875e-05,1.564570e-06,4.889902e-04,1.382720e+00,9.791245e-03,1.987699e+00
194,5.148557e-18,-4.219693e-05,1.170175e-05,4.806295e-04,-2.492082e-01,7.162429e-01,2.100027e+00
195,4.808421e-18,-4.501736e-05,8.582100e-06,4.877916e-04,1.295381e+00,7.504758e-02,4.570652e+00
196,4.961784e-19,-3.944832e-05,1.874776e-05,4.783227e-04,3.481339e-01,8.707157e-02,-5.789089e-01
197,4.844715e-18,-2.528589e-05,1.406690e-05,4.826101e-04,3.192801e-01,-6.801575e-02,2.538690e+00
198,1.101849e-18,-3.515997e-05,1.484473e-05,4.884585e-04,9.194044e-02,-8.031766e-04,1.290047e+00
199,1.381832e-18,-4.529285e-05,8.637959e-06,4.837670e-04,-2.438770e-01,-5.746888e-01,2.715548e+00
200,2.875718e-18,-3.046054e-05,8.608743e-06,4.872595e-04,-8.363814e-02,-2.187180e-01,-1.048881e+00
201,2.618137e-17,-3.461303e-05,2.408024e-05,4.825907e-04,2.784395e-02,2.786573e-02,-8.380988e-01
202,5.049299e-17,-1.062273e-05,-1.951803e-06,4.918904e-04,2.628936e+00,1.162566e+00,8.372913e+00
203,1.324283e-17,-1.265222e-05,7.381110e-06,4.943024e-04,-3.932253e-01,2.842459e+00,1.288540e+01
204,3.815890e-18,-7.032314e-06,2.421954e-05,4.958487e-04,-1.229383e-01,-4.899880e-01,4.398307e+00
205,8.697077e-17,-6.885555e-06,2.420339e-05,4.959921e-04,-1.387117e-01,-3.935805e-01,4.173282e+00
206,1.766130e-18,-1.573516e-05,1.100889e-05,5.000112e-04,3.544547e-01,-1.008277e-01,1.653222e+01
207,2.558264e-17,-1.310334e-05,4.061038e-06,4.856207e-04,-1.962153e-01,-3.036102e-01,1.153110e+01
208,9.989409e-17,-1.730695e-05,8.642961e-06,4.872513e-04,2.526976e-01,-1.354659e+00,1.114382e+01
209,6.401637e-18,-6.866973e-06,9.480151e-06,4.966315e-04,5.537776e-01,-5.281989e-01,7.502128e+00
210,8.602981e-18,-1.101200e-05,8.873303e-06,5.016068e-04,8.194477e-01,1.795546e+00,1.209649e+01
211,1.971068e-17,-1.174453e-05,2.532894e-05,4.866798e-04,1.184228e+00,1.976419e+00,2.497941e+00
212,2.152891e-17,2.065062e-07,2.355436e-05,4.942796e-04,2.073618e-01,5.066790e-01,1.791208e+00
213,3.688469e-17,-6.449025e-06,1.829153e-06,4.999720e-04,1.750822e+00,1.306845e+00,3.397350e+00
214,3.368704e-18,-7.810833e-06,1.880846e-05,4.952718e-04,-2.333051e-01,9.662545e-03,5.649097e-01
215,1.134775e-17,-6.118978e-06,1.628832e-05,4.832355e-04,2.617009e-01,-6.239795e-01,1.237145e+00
216,1.484090e-18,-6.235653e-06,2.578264e-05,4.837610e-04,-5.161998e-02,1.667744e-01,-4.336262e-01
217,1.445274e-18,-2.268710e-05,1.719393e-05,4.876818e-04,6.102335e-02,8.207217e-02,-5.877042e-01
218,2.369234e-17,-3.537095e-06,1.101523e-05,4.874818e-04,2.676585e-01,5.120142e-01,2.227341e-01
219,7.408338e-19,-1.289098e-05,3.515812e-06,4.795307e-04,-1.133792e+00,5.866404e-01,6.247039e+00
220,8.833292e-19,-5.316084e-06,1.940533e-05,4.993454e-04,2.394420e-01,9.229546e-04,-1.337336e+00
221,1.626502e-17,9.815073e-05,-1.781921e-05,5.265986e-04,-2.420323e-02,1.008400e-01,3.062672e+00
222,7.431827e-17,1.025299e-04,-1.225032e-05,5.454418e-04,-4.167809e-01,-3.381554e-01,9.405357e+00
223,4.406889e-16,1.071983e-04,-7.485929e-07,5.191482e-04,5.974076e-01,3.259892e-01,7.382870e+00
224,8.278958e-17,1.196022e-04,-7.071127e-08,5.069145e-04,-1.969951e-01,-5.727687e-01,8.984984e+00
225,3.361929e-16,1.191261e-04,4.606568e-07,5.074180e-04,5.749806e-01,-1.912861e-02,9.314983e+00
226,2.838989e-18,1.147836e-04,-6.365195e-06,5.191219e-04,5.167065e-01,5.989330e-01,2.026706e+01
227,3.765041e-18,1.101557e-04,-1.171706e-05,5.190982e-04,-7.211816e-01,-1.830636e-01,4.792505e+00
228,4.414714e-17,1.099821e-04,-1.228932e-05,5.186004e-04,-8.171022e-01,-3.205589e-01,4.632809e+00
229,2.148091e-18,1.147332e-04,-9.933024e-06,5.224381e-04,1.037355e+00,-3.154757e+00,2.010831e+01
230,5.900443e-18,1.148108e-04,-5.238436e-06,5.121338e-04,1.253949e+00,-4.271104e-01,1.647739e+01
231,7.343656e-19,1.140370e-04,-5.861422e-06,5.063370e-04,1.794253e+00,-8.041046e-01,1.181258e+01
232,2.123276e-17,1.151053e-04,-2.380046e-06,5.254533e-04,-1.614450e-01,-3.019208e+00,1.395253e+01
233,3.499372e-18,1.031267e-04,-5.467235e-06,5.044113e-04,-2.194440e-01,-2.171268e-01,8.228114e+00
234,7.498151e-18,1.031257e-04,-1.917656e-06,5.062638e-04,-1.559168e-02,1.750154e+00,6.987981e+00
235,3.310501e-18,1.148438e-04,-1.804078e-05,5.212456e-04,3.287889e-02,5.935665e-02,4.552822e+00
236,2.645936e-18,1.054681e-04,-7.044713e-06,5.098312e-04,3.139248e-02,-1.502841e-01,4.661844e+00
237,8.361531e-18,1.184605e-04,8.056436e-07,5.008605e-04,-5.596397e-01,3.321700e-01,1.550586e+01
238,2.719714e-17,1.220966e-04,-8.605816e-06,5.326236e-04,-5.593068e+00,-3.724741e-01,1.316576e+01
239,4.332693e-18,1.124994e-04,-2.287338e-10,5.360183e-04,5.962362e-03,4.463177e-02,5.668946e+00
240,1.997792e-17,1.113220e-04,-1.950099e-05,5.435330e-04,-1.167500e+00,5.577275e-01,7.863778e+00
241,2.829238e-18,1.124990e-04,8.035077e-10,5.327691e-04,-4.095056e-02,6.564843e-02,7.026473e+00
242,1.429906e-16,1.422461e-04,-6.617381e-06,5.368949e-04,5.820203e-01,5.281130e-01,9.456863e+00
243,6.789323e-17,1.355024e-04,-1.214751e-06,5.195680e-04,8.132899e-01,-6.645363e-01,7.696695e+00
244,2.065176e-16,1.353511e-04,-1.606850e-06,5.196668e-04,7.193512e-01,-6.547787e-01,7.721416e+00
245,5.964199e-17,1.472896e-04,-2.801070e-06,5.309951e-04,6.470871e-01,7.539606e-01,1.121074e+01
246,6.992160e-18,1.402580e-04,-4.265313e-06,5.260105e-04,-5.876628e-01,-5.346311e-02,1.389368e+01
247,2.641144e-16,1.516084e-04,-1.062777e-05,5.332898e-04,-2.816400e-01,-2.712931e-01,6.192138e+00
248,1.239138e-18,1.382792e-04,-1.250922e-05,5.362269e-04,1.268405e-01,-9.840479e-02,2.101121e+00
249,1.386335e-18,1.421845e-04,-8.585617e-06,5.466899e-04,-5.863164e-02,-3.221747e-02,9.803520e-01
250,1.072786e-18,1.281256e-04,-1.484758e-05,5.459766e-04,-2.035230e-02,1.267734e-01,5.074296e-01
251,1.824344e-17,1.514236e-04,-3.855956e-06,5.041558e-04,3.620399e-01,-2.086731e+00,9.012957e+00
252,5.911891e-18,1.414329e-04,-7.346020e-07,5.220086e-04,3.369934e-01,5.765643e-02,1.074098e+01
253,2.977500e-18,1.413965e-04,-1.016126e-05,5.005888e-04,9.766734e-01,1.074371e+00,6.853456e+00
254,6.747607e-18,1.347576e-04,-9.079602e-06,5.229839e-04,9.272708e-02,9.650645e-02,1.010434e+01
255,3.367938e-17,1.490780e-04,-2.839143e-06,5.127154e-04,1.798810e+00,3.079145e+00,9.921098e+00
256,1.336652e-17,1.298176e-04,-8.902342e-06,5.084240e-04,-4.636747e-01,5.371473e-02,5.887849e+00
257,4.959976e-18,1.414004e-04,-7.845277e-07,5.102322e-04,-1.888027e-01,-4.432980e-02,8.625262e+00
258,5.160706e-18,1.453121e-04,-4.517500e-06,5.248656e-04,-5.325144e-02,3.522208e-01,8.925278e+00
259,1.291598e-17,1.488829e-04,-1.564917e-05,5.240635e-04,-2.331574e-01,4.587778e-01,4.535275e+00
260,4.079227e-18,1.429742e-04,-1.022492e-05,5.065919e-04,1.066375e+00,-4.292902e-01,7.830789e+00
261,1.174677e-18,1.343769e-04,-7.842827e-07,5.070880e-04,6.766613e-02,-4.444188e-02,6.497937e-01
262,1.052870e-18,1.414022e-04,-7.858032e-07,5.024597e-04,1.002265e-01,-8.557523e-02,2.470946e+00
263,1.471738e-17,1.460925e-04,4.689368e-06,5.440301e-04,1.370331e+00,-1.400810e+00,8.568542e+00
264,7.495439e-17,1.458906e-04,4.758968e-06,5.436686e-04,9.653500e-01,-1.667032e+00,8.599239e+00
265,2.894846e-16,1.276102e-04,9.388189e-06,5.464862e-04,-6.100068e-01,-3.583762e-01,7.571365e+00
266,5.517317e-17,1.308200e-04,1.615604e-05,5.412202e-04,-9.202649e-01,1.869685e+00,1.105949e+01
267,1.089537e-17,1.380246e-04,8.593903e-06,5.393884e-04,4.244548e-01,7.382716e-03,1.266546e+01
268,6.610046e-18,1.407606e-04,5.471400e-06,5.382695e-04,-2.339474e-01,5.927315e-02,1.082662e+01
269,2.983588e-18,1.250083e-04,9.403998e-06,5.365420e-04,-7.444946e-02,-3.369981e-02,6.026651e+00
270,2.913086e-18,1.335934e-04,6.262644e-06,5.267189e-04,-4.274751e-02,-2.950253e-01,7.671255e+00
271,1.015306e-18,1.445266e-04,1.485317e-05,5.422178e-04,-1.323305e-01,1.209733e-01,2.451361e+00
272,2.053395e-17,1.513663e-04,2.832260e-06,5.051501e-04,2.652234e-01,-4.895821e-01,1.517011e+01
273,2.433073e-17,1.335417e-04,1.200756e-05,4.999166e-04,1.276517e-03,-3.125234e-01,8.175055e+00
274,5.046414e-17,1.374514e-04,7.223332e-06,5.172828e-04,-1.498537e+00,-1.831277e-01,7.952156e+00
275,2.714937e-17,1.484424e-04,7.384828e-06,5.120870e-04,1.141923e-01,-1.365302e+00,7.841651e+00
276,1.941802e-18,1.492510e-04,1.634311e-05,5.004696e-04,-5.995376e-01,-4.910795e-01,1.821094e+00
277,5.460375e-18,1.343783e-04,1.238689e-05,5.109022e-04,-1.387525e-01,2.377891e-01,4.354704e+00
278,1.320525e-18,1.265463e-04,9.381795e-06,5.017116e-04,2.592909e-01,7.861883e-02,1.401078e+00
279,2.321671e-18,1.437483e-04,3.126557e-06,5.060051e-04,-1.291376e-02,-1.908969e-02,5.018938e-01
280,2.576528e-18,1.288989e-04,1.562992e-05,5.106315e-04,8.899826e-02,1.797275e-01,-6.564569e-01
281,3.034712e-18,1.468773e-04,1.407103e-05,5.221646e-04,-3.346752e-02,-8.537214e-01,3.292166e+00
282,2.829385e-18,1.398507e-04,1.172890e-05,5.083237e-04,3.130509e-01,3.312868e-01,3.664845e+00
283,1.777828e-17,1.215998e-04,1.969231e-05,5.312408e-04,5.973951e-01,-9.200457e-02,3.208446e+01
284,2.720528e-17,1.069619e-04,7.304106e-06,5.357174e-04,1.384817e+00,-4.924340e-01,8.769741e+00
285,2.987817e-17,1.119234e-04,1.084992e-05,5.319917e-04,4.308365e-01,-5.154980e-01,6.739763e+00
286,3.546210e-18,1.007065e-04,8.587830e-06,5.261484e-04,-3.956991e-01,1.568233e-02,6.485649e+00
287,2.166359e-17,1.017096e-04,1.332614e-05,5.453173e-04,-5.401570e-01,-6.297947e-01,4.567752e+00
288,1.701680e-18,1.188679e-04,2.187573e-05,5.458837e-04,1.196726e-02,1.161472e-02,-3.144548e-01
289,2.425588e-18,1.195254e-04,1.560536e-06,5.447936e-04,-8.528919e-02,4.859017e-02,-3.641303e-01
290,1.000405e-16,-1.025036e-05,8.745827e-05,5.271506e-04,-4.109544e-01,7.238732e-02,7.583084e+00
291,6.137867e-17,-4.501278e-06,8.074592e-05,5.238056e-04,6.531668e-01,3.460331e-01,6.560929e+00
292,4.221120e-17,-9.540186e-06,9.649179e-05,5.308850e-04,1.246831e+00,-5.823002e-01,9.489269e+00
293,2.377708e-19,-6.645177e-06,7.460967e-05,5.399050e-04,2.109542e-01,1.712974e-01,5.646903e+00
294,2.969635e-17,-1.043206e-05,7.611677e-05,5.384929e-04,6.724847e-01,5.006292e-01,6.387442e+00
295,1.423790e-17,-1.386341e-05,7.973471e-05,5.403951e-04,-7.797321e-02,-8.256848e-02,6.570307e+00
296,1.308414e-17,-2.236523e-05,8.605632e-05,5.309674e-04,-1.215408e+00,1.604034e+00,6.830018e+00
297,4.660491e-17,-1.252748e-06,7.515116e-05,5.368938e-04,2.888185e-01,2.614657e-01,4.691858e+00
298,1.443253e-17,-1.714732e-05,9.512961e-05,5.493936e-04,-7.303064e-01,1.568717e+00,1.274570e+01
299,5.463288e-18,-1.015987e-05,8.463282e-05,5.363117e-04,-7.407232e-03,1.297077e+00,2.515475e+00
300,1.126261e-18,7.744206e-07,9.764904e-05,5.361108e-04,-1.279245e-02,1.370880e-02,1.832237e+00
301,1.816917e-17,5.623255e-06,7.325435e-05,5.283714e-04,7.740921e-01,-1.013626e+00,1.727658e+01
302,2.945091e-17,1.918969e-05,7.403686e-05,5.468810e-04,-7.125902e-02,6.003409e-01,1.230694e+01
303,1.772088e-17,5.497867e-06,7.310173e-05,5.402057e-04,2.087253e-01,-5.316778e-02,1.649240e+01
304,2.236833e-17,8.027262e-06,7.655051e-05,5.379645e-04,3.652599e-01,-7.672418e-01,8.296854e+00
305,9.279650e-17,-1.591020e-05,4.807797e-05,5.203370e-04,7.946690e-01,-6.568060e-01,6.419160e+00
306,2.635766e-18,-1.016223e-05,4.922737e-05,5.051765e-04,-2.530202e-01,8.579424e-02,1.025206e+01
307,6.485597e-17,-1.121368e-05,4.744064e-05,5.252926e-04,-2.558493e+00,-6.922069e-01,1.659432e+01
308,1.432323e-17,-1.470787e-05,7.158514e-05,5.056034e-04,5.616021e-02,2.717081e+00,4.948443e+00
309,2.884262e-18,-6.263559e-06,5.079786e-05,5.098290e-04,2.425391e-02,-3.489578e-01,9.649203e+00
310,2.915814e-17,-1.633271e-05,5.833877e-05,5.064146e-04,1.016043e+00,-6.534681e-01,1.328576e+00
311,1.449027e-17,4.463936e-07,6.956363e-05,5.190275e-04,-2.775261e-01,1.077461e+00,4.703651e+00
312,2.304077e-17,-1.715006e-05,6.488203e-05,5.030064e-04,1.339348e-01,1.690346e+00,7.321892e+00
313,3.029571e-17,-8.845591e-06,6.360308e-05,5.101947e-04,1.375414e-02,-1.593723e+00,4.222196e+00
314,7.320449e-18,-3.901987e-06,5.315311e-05,5.018910e-04,1.278954e-02,3.319014e-02,1.569738e+00
315,9.986531e-19,-2.346239e-06,6.485345e-05,5.178851e-04,-7.101510e-01,-8.786967e-01,3.790994e-01
316,5.084938e-18,-2.344266e-06,7.265407e-05,5.027961e-04,-1.522134e-03,-2.356539e-02,-2.028798e-02
317,2.382317e-19,-7.418592e-06,5.351570e-05,5.117434e-04,1.039045e-01,-1.532992e-01,1.283591e+00
318,8.367914e-17,6.430505e-06,5.661156e-05,5.397298e-04,4.468525e-01,8.861190e-01,7.858616e+00
319,5.461723e-17,9.423188e-06,6.173279e-05,5.485369e-04,-8.851064e-01,1.033268e+00,9.865848e+00
320,1.974959e-18,6.245071e-06,6.738170e-05,5.491577e-04,-6.494911e-01,-2.144693e+00,2.380807e+01
321,2.187890e-17,2.285318e-05,5.878148e-05,5.260637e-04,1.498814e+00,3.241609e+00,1.953278e+01
322,2.739875e-17,-6.569931e-06,6.316963e-05,5.435216e-04,9.828721e-01,6.706352e-01,1.321163e+01
323,1.033886e-18,-3.915714e-06,5.390795e-05,5.293855e-04,-6.763309e-02,6.794089e-02,1.093968e+00
324,2.215547e-18,-1.093256e-05,5.858950e-05,5.455890e-04,-1.067421e-01,-5.744850e-02,7.904933e-01
325,1.048289e-18,-1.562679e-05,5.235584e-05,5.444468e-04,4.358258e-02,-4.998332e-02,3.696821e-01
326,5.409408e-17,1.340096e-05,6.602826e-05,5.306433e-04,-3.212931e-02,1.055604e+00,9.584278e+00
327,4.022571e-18,9.376721e-06,7.110457e-05,5.460396e-04,4.520379e-02,-9.825823e-02,1.007899e+00
328,1.506663e-18,-1.560045e-05,4.179852e-05,5.167360e-04,-1.127574e+00,-3.243396e+00,2.298818e+01
329,2.598001e-17,-4.603128e-06,4.636093e-05,5.126460e-04,-2.330891e-01,5.079236e-04,1.904797e+01
330,3.403777e-18,-3.110061e-06,4.608959e-05,5.252398e-04,1.894283e-01,-8.734572e-01,2.369766e+01
331,1.247571e-18,-1.132574e-05,4.455074e-05,5.098222e-04,1.965957e+00,-3.159569e+00,1.833816e+01
332,5.680434e-18,-1.158834e-05,4.742568e-05,5.018316e-04,1.859354e+00,1.704988e-01,1.418070e+01
333,1.846117e-16,-1.015969e-05,3.148537e-05,5.169581e-04,-2.701562e-01,7.690563e-01,6.977379e+00
334,7.311113e-18,-1.345617e-05,3.616364e-05,5.084710e-04,1.005734e+00,-2.655839e+00,3.237065e+00
335,1.306119e-17,-1.713002e-05,3.979841e-05,5.275409e-04,4.873635e-01,-6.030863e+00,3.015115e+01
336,2.731617e-18,1.133136e-09,3.515702e-05,5.112234e-04,-2.621878e-01,8.205902e-02,8.995694e+00
337,4.293373e-18,-1.420458e-05,3.971795e-05,5.135366e-04,1.547976e+00,3.999205e-01,5.478519e+00
338,2.670304e-18,-7.029642e-06,4.062447e-05,5.191071e-04,1.527652e-01,-7.203727e-02,4.174123e+00
339,1.330381e-18,-4.691181e-06,4.611823e-05,5.055594e-04,-5.594644e-01,-4.423273e-02,1.651359e+01
340,2.435362e-19,-2.304653e-05,4.491978e-05,5.025043e-04,-1.803830e-01,-6.612607e-01,1.475743e+00
341,1.387945e-16,7.513719e-06,4.878803e-05,4.998065e-04,-6.200667e-01,-5.859196e-01,5.000033e+00
342,5.929211e-17,5.779978e-06,3.584802e-05,5.089018e-04,-1.318995e+00,-6.334553e-01,5.896832e+00
343,1.923420e-17,4.673158e-06,4.801154e-05,5.162975e-04,-1.713152e-01,-8.255559e-01,4.752311e+00
344,8.669757e-18,5.458923e-06,2.476056e-05,5.065432e-04,-2.467244e-01,2.308903e-01,3.559990e+00
345,3.711050e-18,4.663339e-06,3.518307e-05,5.243739e-04,9.878959e-04,-5.351451e-02,5.954232e+00
346,2.370136e-17,6.414985e-06,3.895514e-05,5.190826e-04,4.870154e-01,-4.143267e-01,2.468676e+00
347,1.973796e-17,7.686730e-06,2.951876e-05,5.134118e-04,-6.831367e-01,-1.274094e-01,3.928479e+00
348,4.790763e-18,1.124754e-05,4.062307e-05,5.074976e-04,-1.074539e+00,1.244831e-02,1.062173e+00
349,5.107666e-18,2.187500e-05,3.749888e-05,5.018136e-04,-2.391315e-02,-2.174155e-01,5.881295e+00
350,5.221578e-17,1.511297e-05,2.829192e-05,5.274882e-04,-2.972277e-01,8.140270e-01,7.442515e+00
351,2.688697e-18,4.622713e-06,4.930779e-05,5.036797e-04,-1.357509e-01,4.502051e-01,-8.197722e-01
352,3.765869e-18,1.796894e-05,6.952929e-05,5.113738e-04,-1.507348e-01,2.367278e+00,6.999161e+00
353,5.632350e-17,1.739827e-05,6.953669e-05,5.106468e-04,-1.904684e-01,1.778797e+00,7.004251e+00
354,8.369106e-17,6.920184e-06,5.902648e-05,5.018687e-04,-4.463810e-01,-3.926993e-01,4.331722e+00
355,1.904566e-17,1.673123e-05,5.411835e-05,5.040351e-04,-1.608343e+00,1.438527e+00,1.104534e+01
356,4.178400e-18,1.565617e-05,7.189979e-05,5.193011e-04,1.307938e+00,5.694318e-02,5.441579e+00
357,2.198300e-18,3.904642e-06,5.859264e-05,5.244699e-04,-1.255683e-01,-2.963817e-02,3.507054e+00
358,3.133763e-18,1.328682e-05,6.093926e-05,5.175883e-04,2.067320e-01,3.947474e-01,7.481023e+00
359,3.500024e-18,7.796424e-06,5.858977e-05,5.183104e-04,-2.305971e+00,8.667296e-02,2.068206e+00
360,7.313025e-19,9.265177e-06,5.586132e-05,5.017158e-04,-2.224636e+00,1.525512e+00,-1.710457e+00
361,4.352379e-18,2.502691e-05,4.669690e-06,4.853123e-04,-3.536064e+00,-1.207544e-01,1.356977e+01
362,8.042158e-18,2.736464e-05,4.793630e-06,4.756941e-04,1.254057e-02,-2.844476e+00,5.683602e+00
363,7.781225e-17,3.679623e-05,-2.440279e-06,4.960264e-04,-7.313655e-01,1.356817e+00,5.145398e+00
364,1.808329e-18,4.436419e-05,9.498809e-06,4.935259e-04,-9.515718e-01,9.099116e-01,1.083560e+01
365,1.503606e-17,2.334854e-05,4.017264e-06,4.920539e-04,-4.688927e+00,-1.772161e-01,1.925668e+01
366,1.920375e-18,4.227181e-05,9.292414e-06,4.984621e-04,-3.022078e+00,1.267234e+00,1.521860e+01
367,2.647263e-17,3.343130e-05,3.114373e-07,4.993679e-04,6.710365e-02,-2.206379e+00,5.577265e+00
368,1.734431e-17,4.686717e-05,9.368184e-06,4.846217e-04,4.222839e-01,2.600130e-01,7.600545e+00
369,8.282737e-18,3.900718e-05,1.326879e-05,4.888692e-04,-1.670350e-01,-4.113979e-01,6.243661e+00
370,1.472142e-17,3.994827e-05,9.141125e-06,5.027519e-04,-4.159371e+00,-2.053270e-01,1.691467e+01
371,7.946737e-18,4.539624e-05,1.573528e-06,4.875415e-04,4.345530e-01,1.145183e-01,2.928922e+00
372,2.442532e-18,3.358566e-05,3.912254e-06,4.927883e-04,-5.834464e-02,1.310188e-01,3.807823e+00
373,4.494570e-18,3.905543e-05,1.328949e-05,4.799012e-04,8.976895e-02,3.595995e-02,2.615186e+00
374,4.877776e-17,5.271968e-05,1.452936e-05,4.912069e-04,1.483295e+00,-6.162399e-01,1.082033e+01
375,3.796901e-18,2.656175e-05,9.374449e-10,4.981667e-04,-1.335922e-01,4.616315e-01,7.384405e-01
376,2.068008e-17,3.144243e-05,5.482267e-06,4.827851e-04,4.974717e-01,-1.416477e+00,7.024116e-01
377,8.060314e-18,3.458487e-05,9.866228e-06,4.909870e-04,-1.524116e-01,-3.505088e-01,1.926275e+00
378,2.696743e-19,2.617218e-05,7.421903e-06,4.759600e-04,9.114337e-01,-1.835808e+00,4.445980e+00
379,1.070589e-18,3.360195e-05,2.328242e-06,4.775184e-04,-6.904421e-02,-3.106646e-01,-1.085095e-01
380,2.514780e-17,4.121835e-05,2.409429e-05,4.856028e-04,-5.990651e-02,5.373536e-02,-8.267847e-01
381,2.632704e-18,2.567072e-05,5.596114e-06,4.814574e-04,-3.148697e+00,1.103316e+00,9.969374e+00
382,2.258863e-18,4.689064e-05,9.390592e-06,4.755601e-04,-6.285673e-01,1.487817e+00,1.672869e+00
383,1.271784e-17,2.910767e-05,2.425669e-05,4.989981e-04,-2.311834e-03,5.748131e-02,-1.100090e+00
384,1.198323e-18,4.219112e-05,3.124043e-06,4.977943e-04,-1.094405e-01,8.927172e-02,-1.003198e+00
385,2.630322e-17,2.404536e-05,-1.738707e-05,4.990091e-04,9.411711e-01,-1.600537e+00,1.441327e+01
386,8.812051e-17,2.443416e-05,-1.593570e-05,4.876537e-04,3.133511e+00,-3.150868e-01,1.065725e+01
387,1.622349e-17,4.698144e-05,-1.975806e-05,4.914237e-04,7.829518e-01,-1.429839e+00,1.869193e+01
388,2.321443e-17,2.889191e-05,-1.476596e-05,4.896853e-04,-8.593209e-01,2.271346e-01,8.725895e+00
389,6.164302e-18,2.657631e-05,-1.133713e-05,4.989770e-04,4.246072e-01,3.773108e+00,2.756944e+01
390,5.370770e-17,4.381576e-05,-2.387361e-05,4.907014e-04,-9.898826e-02,-2.930958e-03,-7.940645e-01
391,2.856818e-18,4.687726e-05,-5.926177e-06,4.772535e-04,1.687892e-03,4.222639e+00,1.678301e+00
392,2.073381e-18,2.891913e-05,-1.407356e-05,4.810307e-04,-6.331461e-01,-2.781736e-01,4.190227e+00
393,2.477199e-18,4.695772e-05,-8.365808e-06,4.832016e-04,-1.311606e-01,1.373004e+00,8.100656e+00
394,2.771724e-17,3.760461e-05,-9.354513e-06,4.910801e-04,2.926603e-01,1.844804e+00,3.771064e+00
395,1.225277e-17,3.406767e-05,-1.970656e-05,4.805387e-04,-1.114728e+00,6.217545e-02,1.345127e+00
396,5.739181e-18,4.759337e-05,-1.812644e-05,4.861484e-04,1.332481e+00,1.250943e+00,1.648806e+01
397,4.512780e-17,4.596107e-05,-2.392371e-05,4.805486e-04,-5.850152e-02,-2.222933e-02,-6.289955e-01
398,1.230796e-18,4.297083e-05,-3.901093e-06,4.985779e-04,-8.673174e-02,-5.943057e-02,1.791819e+00
399,1.070083e-17,4.688617e-05,-1.138281e-05,4.885642e-04,2.851676e-01,-9.875623e-01,1.005222e+01
400,1.169972e-17,4.653865e-05,-1.250324e-05,4.968821e-04,5.865571e-01,-3.623277e-01,1.393018e+01
401,9.280923e-19,2.460814e-05,-1.601918e-05,4.940067e-04,-5.781207e-01,-1.521390e+00,1.122306e+01
402,7.526852e-19,4.726718e-05,-1.757866e-05,4.814438e-04,3.565794e+00,3.230789e-01,1.241335e+01
403,3.709355e-18,2.419473e-05,-1.397027e-05,4.831205e-04,-1.052839e+00,2.204292e+00,1.485620e+01
404,4.964197e-18,2.452845e-05,-1.490546e-05,4.787045e-04,-2.628017e-01,9.952194e-01,9.905402e+00
405,9.106653e-18,4.770737e-05,-1.751504e-05,4.737484e-04,-8.145484e-02,5.763550e-01,8.883419e-01
406,1.102103e-17,3.497136e-05,1.483927e-05,4.739098e-04,3.470132e+00,-1.414134e-01,-2.482296e+00
407,5.253135e-19,2.773469e-05,6.640510e-06,4.708840e-04,-6.061751e-01,1.158581e+00,-1.026681e+00
408,1.417767e-18,4.681296e-05,8.984412e-06,4.700789e-04,-8.921202e-01,-8.460120e-01,-4.832713e+00
409,3.998942e-18,2.403115e-05,-1.584683e-05,4.733845e-04,-5.343446e-01,-2.039324e-01,2.140667e+00
410,1.168053e-18,3.673422e-05,-1.017756e-05,4.642413e-04,-5.533800e-01,-1.522683e-01,-7.122914e+00
411,2.013952e-17,-1.757319e-04,8.407903e-07,4.985115e-04,1.119834e+00,6.583277e-01,1.526242e+01
412,1.014212e-16,-1.714267e-04,-2.821690e-06,4.851121e-04,-9.630287e-01,-8.668633e-01,5.534340e+00
413,3.053095e-18,-1.750280e-04,-2.349800e-06,4.810496e-04,-1.525412e+00,-3.741188e-01,5.211841e+00
414,8.176870e-17,-1.785795e-04,1.048083e-05,4.944515e-04,1.150834e+00,1.261474e+00,6.214071e+00
415,1.668935e-17,-1.737391e-04,7.041623e-06,4.845351e-04,-6.204608e-01,-1.170771e+00,9.308900e-01
416,1.376779e-17,-1.771512e-04,2.426814e-05,4.777404e-04,-2.960768e-02,4.298839e-02,-9.775784e-01
417,5.657983e-17,-1.859903e-04,-7.828620e-07,5.031978e-04,1.346860e+00,1.058842e+00,7.157702e+00
418,1.871411e-16,-1.858435e-04,-8.422106e-07,5.031394e-04,1.234062e+00,7.253922e-01,6.847209e+00
419,7.060082e-18,-1.773407e-04,-1.054415e-07,4.865308e-04,-2.865717e-01,-1.273606e+00,9.276562e+00
420,3.610759e-17,-1.833822e-04,-1.290286e-05,4.951892e-04,-2.565187e+00,1.387421e+00,7.630700e+00
421,2.936907e-17,-1.810855e-04,-3.441293e-06,4.815013e-04,1.086941e+00,2.039593e+00,6.998935e-01
422,1.425711e-17,-1.834411e-04,-1.363608e-05,5.025065e-04,-4.043972e-01,-2.646739e+00,1.289581e+01
423,1.266441e-18,-1.777344e-04,7.639402e-07,4.957829e-04,-3.974182e-02,5.625746e-01,1.807602e+01
424,1.047574e-17,-1.957249e-04,-2.162469e-05,4.925276e-04,1.110046e+00,-1.164378e+00,2.795247e+00
425,3.471835e-17,-2.010293e-04,-1.217540e-05,5.009878e-04,-1.735429e+00,-3.202918e-01,4.842612e+00
426,2.152484e-18,-1.882832e-04,-2.442595e-05,4.957568e-04,-2.653993e-01,7.525209e-03,-1.479651e+00
427,2.913296e-17,-1.849743e-04,1.076608e-05,4.969248e-04,-1.201773e+00,-1.703351e-01,1.915833e+01
428,1.429929e-17,-1.869442e-04,1.337528e-05,4.855305e-04,2.709319e+00,-2.335994e+00,1.141804e+01
429,4.840588e-18,-1.835867e-04,6.298414e-06,4.929716e-04,4.276186e-01,3.761235e-01,1.351761e+01
430,1.278132e-17,-1.945450e-04,7.757383e-06,4.941859e-04,1.523726e-01,-2.895544e-02,6.855556e+00
431,1.393112e-18,-1.816417e-04,7.779607e-06,4.756402e-04,-3.510610e+00,-2.619713e-01,1.897711e+00
432,5.570197e-17,-1.819649e-04,9.223751e-06,4.850740e-04,-1.342689e+00,5.899977e-01,8.127681e+00
433,1.583611e-18,-1.968449e-04,1.329360e-05,4.884659e-04,6.964627e-02,-1.076234e+00,7.604884e+00
434,3.123361e-18,-2.007744e-04,4.951689e-06,4.829363e-04,-6.406969e-01,-2.746951e+00,6.604521e+00
435,8.116788e-18,-1.989188e-04,9.363927e-06,4.852697e-04,6.733730e-02,-1.691886e-01,6.548398e+00
436,2.917368e-18,-1.968572e-04,1.326640e-05,4.818298e-04,-1.991614e-01,7.574830e-01,2.865222e+00
437,5.257807e-18,-1.892292e-04,1.604727e-05,4.772621e-04,-9.766426e-01,1.921462e-01,5.958023e+00
438,3.991895e-18,-1.982074e-04,7.896344e-06,4.793048e-04,3.223804e-01,-1.035156e+00,2.375359e+00
439,1.669406e-17,-1.765517e-04,1.398471e-05,4.753000e-04,3.410414e-01,-5.959656e-01,-1.437120e+00
440,3.143392e-18,-1.937507e-04,1.562413e-05,5.005344e-04,1.272885e-01,2.533178e-01,2.607147e+00
441,2.520648e-19,-1.933583e-04,6.641556e-06,4.790870e-04,-9.300419e-02,-2.794541e-01,-9.666933e-01
442,5.536322e-17,-1.997101e-04,1.109020e-05,4.986217e-04,-4.178019e-01,-8.419688e-01,1.436735e+01
443,1.784020e-18,-1.871086e-04,1.557895e-05,4.820583e-04,1.603067e+00,-3.664562e-02,9.876182e+00
444,3.639335e-18,-1.890591e-04,1.718895e-05,4.911950e-04,8.193081e-01,1.022413e-01,7.019337e-01
445,2.805848e-18,-1.836866e-04,6.246693e-06,4.864303e-04,-1.284287e-01,-2.317806e-01,8.880013e+00
446,2.463608e-19,-1.878917e-04,1.601747e-05,4.806699e-04,1.578695e+00,-3.035086e+00,9.744884e+00
447,9.029627e-19,-1.996095e-04,1.034023e-05,4.928710e-04,-5.307739e-01,-1.093097e-01,1.447134e+01
448,3.389889e-18,-1.835552e-04,6.241868e-06,4.810744e-04,-2.014823e-01,-4.738702e-01,5.283280e+00
449,6.987270e-18,-1.937506e-04,7.813274e-06,4.887623e-04,4.848325e-02,2.890534e-02,7.035886e+00
450,1.774382e-18,-2.007812e-04,6.235735e-06,4.790635e-04,4.735135e-01,2.012805e-01,1.915994e+00
451,6.382446e-19,-1.785152e-04,8.616172e-06,4.907876e-04,-3.579196e-01,-2.755816e+00,9.964995e+00
452,1.625559e-17,-1.943894e-04,2.423426e-05,4.872336e-04,-8.370492e-02,2.478294e-02,-9.765255e-01
453,6.066254e-17,-1.557732e-04,-4.768561e-06,4.829709e-04,2.289782e+00,-3.684650e+00,1.156694e-01
454,7.322288e-19,-1.734638e-04,-6.640757e-06,5.001501e-04,-3.201415e+00,-3.104095e-01,1.227456e+01
455,1.722673e-16,-1.616858e-04,-9.679623e-06,4.861079e-04,-6.835213e-01,-4.291264e-02,3.052922e+00
456,3.819263e-18,-1.507816e-04,-2.421864e-05,4.911956e-04,2.132575e-02,1.032578e-02,-7.841914e-01
457,2.791181e-17,-1.511873e-04,-2.400539e-05,4.903829e-04,-3.770349e-03,-5.706780e-02,-7.362605e-01
458,5.968381e-18,-1.536205e-04,-8.212893e-06,4.938975e-04,1.969456e+00,-1.703588e+00,5.992356e+00
459,4.358004e-17,-1.712725e-04,-1.182086e-05,4.916754e-04,2.307174e+00,-2.374887e+00,6.666724e+00
460,1.318563e-17,-1.625131e-04,-1.885910e-05,4.956180e-04,-3.484962e+00,-3.703505e-01,1.180048e+01
461,2.635737e-19,-1.722652e-04,-3.515464e-06,4.985790e-04,5.728886e-01,-1.462004e-01,6.354128e+00
462,4.773734e-18,-1.585791e-04,-3.541225e-06,4.935149e-04,-1.036682e+00,6.622567e-01,2.525818e+00
463,5.300556e-18,-1.570330e-04,-1.874883e-05,4.837594e-04,1.293667e-01,9.387963e-02,4.049726e+00
464,1.598804e-18,-1.695236e-04,-7.847576e-07,4.889695e-04,6.505609e-01,-6.339578e-02,8.042313e-03
465,5.130965e-19,-1.585690e-04,-1.054652e-05,4.962491e-04,-4.815897e-01,-1.907533e+00,6.428676e-01
466,6.392095e-19,-1.631794e-04,-1.679819e-05,4.923720e-04,4.024278e-01,-2.896892e+00,8.844790e-01
467,3.160954e-18,-1.609510e-04,-1.015593e-05,4.794822e-04,7.634896e-01,2.644064e-01,3.178123e+00
468,1.315061e-18,-1.730471e-04,-2.354816e-06,4.809851e-04,-4.412779e+00,-3.445136e+00,9.410052e+00
469,2.358112e-18,-1.570081e-04,-1.874660e-05,4.779561e-04,-9.773870e-02,-2.038184e-02,-4.249171e-01
470,1.442523e-18,-1.578840e-04,-1.626525e-06,4.792247e-04,-2.454472e-02,7.206718e-01,1.527270e+00
471,2.413943e-17,-1.564722e-04,1.219206e-05,4.937477e-04,2.041611e+00,-5.663542e-01,1.085379e+01
472,1.671727e-18,-1.591058e-04,1.164715e-05,4.884548e-04,2.572336e-01,1.807063e+00,8.750608e+00
473,4.505912e-17,-1.573331e-04,8.103523e-06,4.848041e-04,-1.232336e+00,-2.830726e-01,1.451113e+00
474,1.738029e-17,-1.509350e-04,1.589099e-05,4.858322e-04,-3.090422e-01,-4.398549e-02,5.500695e+00
475,7.521018e-18,-1.492356e-04,2.431416e-05,4.848484e-04,-2.282642e-02,4.545150e-02,-1.235880e+00
476,4.380300e-18,-1.703336e-04,2.367044e-06,4.940852e-04,-9.201274e-03,-3.645568e-01,1.899566e+00
477,1.966929e-18,-1.588812e-04,1.153415e-05,4.840258e-04,8.614512e-01,-1.105971e+00,7.481332e+00
478,1.279828e-18,-1.502127e-04,1.582593e-05,4.792480e-04,3.298946e-01,-4.301701e-01,3.156644e+00
479,1.238449e-18,-1.585857e-04,1.246995e-05,4.798748e-04,1.032316e+00,2.300360e-01,4.402776e+00
480,1.221018e-17,-1.578449e-04,2.428533e-05,4.913518e-04,-1.255550e-02,-4.074978e-03,-1.175437e+00
481,1.167762e-15,5.739857e-05,1.411301e-05,4.396891e-04,-3.072499e-02,-2.304409e-03,5.883792e+00
482,1.513362e-16,5.725408e-05,1.315935e-05,4.398473e-04,1.479726e-01,-9.116617e-02,5.696967e+00
483,1.467523e-16,9.914694e-06,6.961474e-07,4.964437e-04,-1.600855e+00,-2.579164e-01,7.180637e+00
484,2.480243e-18,5.476396e-06,2.264512e-05,4.755743e-04,5.200632e-01,-3.205462e-01,2.654394e-01
485,2.067145e-18,3.782497e-06,-7.929934e-07,4.706817e-04,8.708725e-01,5.846963e-01,-4.247638e+00
486,8.677177e-19,1.992181e-05,5.858977e-06,4.752737e-04,-1.518436e+00,-7.952268e-02,2.171931e+00
487,2.165717e-17,1.777121e-05,2.472241e-06,4.927660e-04,-2.649612e+00,7.332365e-01,1.548903e+00
488,9.704206e-17,1.781962e-05,6.542358e-06,4.843609e-04,-1.975786e+00,1.361697e+00,4.156434e+00
489,4.619420e-16,1.029036e-05,1.620601e-05,5.053433e-04,-3.405768e-01,-9.154252e-01,1.286997e+01
490,3.203195e-18,2.034461e-05,1.487148e-05,5.005153e-04,1.594746e+00,2.003341e+00,1.603347e+01
491,1.019359e-16,7.449591e-06,2.259793e-05,4.878309e-04,7.103565e-01,1.684808e+00,5.392014e+00
492,3.367828e-18,1.247404e-05,1.641349e-05,4.810546e-04,6.459571e-01,1.704967e+00,7.577459e+00
493,2.663716e-17,7.994963e-06,3.851922e-06,4.853445e-04,-1.012522e+00,-1.958914e+00,3.999406e+00
494,4.244262e-18,1.406324e-05,2.564362e-05,4.794302e-04,-4.561131e-01,6.235666e-01,1.402022e+00
495,2.504997e-18,1.330319e-05,2.424796e-05,4.903909e-04,-3.968845e-01,3.763737e-01,2.937884e+00
496,2.663112e-18,2.109574e-05,2.344245e-05,4.934892e-04,6.663335e-01,-3.250501e-01,4.318605e-02
497,2.634423e-18,2.112041e-05,1.013641e-05,4.942810e-04,3.359807e-01,-3.353939e-01,2.384884e+00
498,6.696137e-18,3.219432e-06,1.568109e-06,4.838208e-04,-1.256880e-01,4.080712e-01,-1.563169e+00
499,2.709505e-18,5.424837e-06,1.403608e-05,4.849542e-04,3.231414e-01,-3.602158e-01,-1.253141e+00
500,2.788190e-17,2.411081e-06,8.845700e-05,4.976178e-04,-4.032272e-01,5.545250e-01,4.909375e+00
501,1.183084e-16,1.027788e-05,7.707125e-05,4.952015e-04,-3.723293e-01,-6.744459e-01,8.946530e+00
502,3.097328e-17,5.381239e-07,9.817041e-05,4.912585e-04,-1.643361e+00,1.218773e+00,2.644873e+00
503,3.893952e-18,-1.173713e-05,8.601082e-05,4.964603e-04,8.535071e-01,9.455632e-01,1.283940e+01
504,2.976799e-17,5.998334e-08,7.279162e-05,4.953545e-04,-9.139655e-02,6.001140e-01,1.315239e+01
505,2.969788e-17,-9.659271e-06,8.249196e-05,4.927103e-04,4.355444e-01,1.449406e+00,1.832821e+01
506,1.444491e-18,-1.732374e-08,7.851569e-05,4.794473e-04,-5.449319e-01,2.961609e+00,4.163162e+00
507,1.159300e-18,-1.154974e-09,7.695316e-05,4.826103e-04,-5.016262e-02,1.136727e+00,7.239953e+00
508,2.889852e-18,-1.172985e-05,7.969878e-05,4.911922e-04,-1.202007e+00,8.772514e-01,7.590006e+00
509,2.902429e-18,-8.595354e-06,8.906697e-05,4.950954e-04,-1.729528e-01,-5.688197e-02,2.403599e+00
510,3.090905e-17,-1.079528e-05,7.758943e-05,5.005618e-04,6.235355e-01,-5.399783e-01,9.093263e+00
511,2.239383e-18,-4.796768e-08,7.493074e-05,4.862341e-04,7.929070e-01,-2.692190e-01,9.947665e+00
512,1.406481e-18,-1.406166e-05,9.376393e-05,4.970452e-04,1.744826e-01,-2.433279e-01,1.803327e+00
513,1.883815e-17,-1.172163e-05,8.596727e-05,4.888872e-04,2.628384e-01,-7.842214e-01,9.746499e+00
514,2.391199e-17,-2.410952e-05,9.728900e-05,4.940178e-04,-3.643572e-03,1.920808e-01,-1.484587e-01
515,1.421160e-18,-1.718873e-05,1.007954e-04,4.861229e-04,-6.670367e-02,-2.335683e-01,-4.330861e+00
516,8.403575e-19,-1.188880e-05,8.504804e-05,5.017208e-04,5.819897e-01,2.822401e-01,1.633213e+01
517,5.736191e-19,2.080099e-08,7.617142e-05,4.837540e-04,6.581838e-01,1.799189e+00,7.741770e+00
518,1.064827e-18,-1.092182e-05,8.595124e-05,4.829905e-04,-5.800900e-01,7.281333e-01,8.724857e+00
519,5.518626e-18,-2.576035e-06,7.968808e-05,5.025980e-04,1.328527e+00,-6.798357e-03,3.357663e+00
520,1.813818e-18,-2.460992e-05,9.687660e-05,4.849471e-04,-9.322102e-02,-1.946937e-02,-1.769168e+00
521,4.206531e-18,-1.093148e-05,8.669240e-05,4.792917e-04,1.378771e-01,5.506281e-01,5.932527e+00
522,2.155141e-17,-2.415101e-05,8.481187e-05,4.882227e-04,-8.511270e-03,8.114408e-02,-9.613768e-01
523,1.304514e-18,-7.818885e-06,9.922082e-05,4.853307e-04,1.927600e-01,-2.758693e-03,-2.097029e+00
524,1.213716e-17,-2.426724e-05,8.966322e-05,4.978567e-04,7.151276e-03,3.586647e-03,-1.062332e+00
525,1.739113e-17,-2.420126e-05,1.020776e-04,4.984999e-04,-2.557369e-03,2.906705e-02,-8.867488e-01
526,2.782979e-17,1.635742e-05,7.885758e-05,4.889538e-04,-5.937882e-03,-1.371812e+00,9.152538e+00
527,3.928419e-17,1.620047e-05,9.258924e-05,4.954316e-04,-9.365162e-01,-8.662704e-01,5.096037e+00
528,4.333105e-17,1.384448e-05,1.027701e-04,4.847832e-04,9.144015e-01,1.529063e+00,1.334353e+01
529,5.668299e-18,4.688461e-06,7.812495e-05,4.970209e-04,-1.433933e-02,6.674358e-02,9.108970e+00
530,3.016650e-18,2.187067e-05,8.531232e-05,4.945687e-04,-4.590902e-01,-1.518209e+00,7.206710e+00
531,5.422026e-18,2.346646e-06,9.185993e-05,4.858312e-04,9.615327e-03,2.568739e+00,1.878094e+00
532,1.384984e-18,1.874856e-05,9.063199e-05,4.822224e-04,-5.955002e-02,-2.419960e-01,2.467797e+00
533,2.589906e-17,1.254920e-05,8.985265e-05,4.966932e-04,2.469440e-01,1.394323e-01,3.401311e+00
534,2.466214e-18,1.718747e-05,9.688628e-05,4.770858e-04,-2.842688e-01,-7.015956e-01,2.430015e-01
535,1.878918e-18,2.280863e-05,8.512318e-05,4.926117e-04,-4.242038e-01,1.431678e-01,1.030058e+01
536,1.007859e-18,1.553160e-05,8.085946e-05,4.863323e-04,-1.271434e+00,-6.091053e-01,1.062342e+01
537,3.261769e-18,1.560670e-05,8.287469e-05,4.842992e-04,-9.379625e-02,6.028363e-01,-4.762274e+00
538,7.688503e-19,6.641715e-06,7.974457e-05,4.759659e-04,-4.205596e-01,-2.051462e+00,3.086582e-01
539,5.701178e-19,1.566899e-05,8.085738e-05,4.822185e-04,4.025569e-01,-8.901589e-01,5.429157e+00
540,2.282303e-18,1.474242e-05,8.039250e-05,4.790419e-04,-5.613144e-02,-2.087612e+00,5.236460e+00
541,2.804639e-19,1.601543e-05,8.085766e-05,4.806583e-04,8.960067e-02,-1.022057e+00,4.321665e+00
542,1.117743e-18,8.604960e-06,7.809740e-05,4.845483e-04,-6.132546e-02,-9.678103e-03,3.914996e+00
543,7.980186e-18,8.569870e-06,7.885162e-05,4.797984e-04,-1.028980e+00,1.274804e+00,1.706860e+00
544,2.982156e-18,2.460961e-05,9.218824e-05,4.892134e-04,1.271256e-02,3.099354e-02,-1.516770e+00
545,4.015534e-17,2.416400e-05,1.020523e-04,4.918221e-04,5.599598e-02,-3.732635e-02,-4.684552e-01
546,2.429074e-18,2.460933e-05,7.812455e-05,4.883796e-04,4.654778e-02,-2.230622e-02,-1.982920e+00
547,6.887937e-17,4.416935e-06,1.086094e-04,4.951890e-04,-3.733528e-01,6.013160e-01,1.022791e+01
548,4.487346e-17,-2.060495e-06,1.074603e-04,4.892653e-04,-1.499279e-01,3.751175e-03,6.283406e+00
549,2.318086e-18,-2.336152e-06,1.117060e-04,4.982173e-04,1.696338e-01,-2.282856e-01,9.414813e+00
550,5.381423e-17,-4.043097e-06,1.222274e-04,4.827628e-04,-7.762135e-02,-1.313695e+00,6.966848e+00
551,9.713785e-18,-6.292700e-06,1.242487e-04,4.992232e-04,-1.919789e-01,-3.601790e-02,4.372527e+00
552,2.697391e-18,-1.719864e-05,1.257710e-04,4.927663e-04,1.732061e-01,-8.074747e-02,-1.374914e-01
553,2.971963e-18,-6.253132e-06,1.156203e-04,4.981905e-04,1.044258e-02,8.310016e-02,-1.837011e-01
554,3.233338e-18,-2.339628e-06,1.163924e-04,4.888168e-04,-3.607665e-01,9.900789e-01,7.958303e-01
555,1.130436e-18,-1.406190e-05,1.210990e-04,4.978279e-04,8.540122e-02,2.178726e-02,3.338257e+00
556,2.696391e-18,-2.356531e-06,1.218699e-04,4.958975e-04,6.591882e-01,6.276468e-02,1.011138e+00
557,8.022222e-18,6.491271e-07,1.222681e-04,5.009429e-04,9.630775e-01,2.185101e-01,3.249635e+00
558,4.937087e-18,-2.350651e-06,1.117206e-04,4.938958e-04,3.625806e-01,8.785988e-01,8.432019e+00
559,4.344627e-18,-2.317770e-06,1.109153e-04,4.891413e-04,1.383076e+00,-3.673036e+00,8.295500e+00
560,5.494443e-18,-9.377866e-06,1.179718e-04,4.861123e-04,-1.339550e-02,1.778844e-01,-4.394135e-01
561,3.766714e-18,-1.410041e-05,1.226875e-04,4.786130e-04,4.846797e-01,-6.843015e-01,-9.019740e-01
562,3.087142e-18,4.653962e-06,1.111799e-04,4.838417e-04,5.783209e-01,8.790835e-02,7.347682e+00
563,3.974278e-19,9.765962e-06,1.027353e-04,4.845520e-04,-2.378700e+00,4.302825e+00,1.074110e+01
564,1.725653e-17,1.581221e-05,1.262447e-04,4.886734e-04,-2.654641e-01,-1.389801e+00,2.182442e+00
565,1.229798e-18,4.668721e-06,1.094110e-04,4.868827e-04,8.177431e-01,7.393734e-01,7.585538e+00
566,1.160273e-18,6.234821e-06,1.078342e-04,4.783056e-04,2.876196e+00,-4.005410e-01,2.869924e+00
567,1.703540e-17,1.757260e-05,1.044470e-04,4.958445e-04,-2.262278e-01,1.507405e+00,2.870972e-01
568,2.996123e-17,1.025952e-05,1.080890e-04,4.787371e-04,3.451586e-01,-4.304483e-01,1.617789e+00
569,2.964512e-18,1.250798e-05,1.242135e-04,4.919821e-04,1.479161e-01,5.693572e-01,1.767692e+00
570,1.773569e-18,1.196336e-05,1.053443e-04,4.848562e-04,2.824515e+00,-1.322135e+00,4.801164e+00
571,3.446430e-18,7.816433e-06,1.210993e-04,4.841457e-04,1.776777e-01,-1.660156e-01,8.188797e-01
572,9.401116e-18,2.425351e-05,1.268531e-04,4.963130e-04,5.355526e-02,1.350278e-01,-9.319795e-01
573,1.791010e-18,6.735678e-07,1.195288e-04,4.839670e-04,6.944043e-02,-2.326748e-01,-1.078595e-01
574,1.662491e-17,1.095155e-05,1.215896e-04,4.753939e-04,7.810373e-01,-2.338545e+00,4.944129e-01
575,5.132360e-17,1.422267e-04,-9.956376e-07,4.790043e-04,-4.713211e-01,4.445481e-01,-1.949741e+00
576,1.717931e-17,1.275864e-04,-1.111720e-05,4.795538e-04,-6.426712e-01,1.029653e+00,6.423207e+00
577,1.707547e-18,1.345101e-04,-7.806241e-07,4.738533e-04,7.413522e-02,-2.005562e-01,-3.632460e+00
578,5.104397e-17,1.111183e-04,1.058628e-05,4.781254e-04,5.035704e-01,3.759107e-01,-6.875172e-01
579,6.872164e-19,1.214847e-04,7.422110e-06,4.764125e-04,-1.950421e+00,-3.046906e+00,-4.079019e+00
580,1.211443e-18,1.193082e-04,1.855674e-05,4.753819e-04,-1.535158e+00,2.213122e-01,-1.730282e+00
581,4.838592e-17,4.964551e-05,8.520429e-06,5.423641e-04,-1.830008e+00,3.203510e+00,1.407418e+01
582,2.744787e-18,4.999859e-05,1.797873e-05,5.381012e-04,-2.370194e-03,9.561116e-03,6.675080e-01
583,2.529864e-16,5.515939e-05,-6.905427e-06,5.277501e-04,2.853604e-01,-1.658745e+00,1.821546e+01
584,1.970598e-17,6.231164e-05,1.252996e-05,5.240920e-04,2.533509e+00,8.934161e-01,1.065158e+01
585,7.685782e-17,5.561501e-05,1.761109e-05,5.253927e-04,-2.789839e-01,-1.709150e-01,5.644746e+00
586,4.673413e-17,7.190456e-05,-2.410287e-06,5.031513e-04,-1.465268e-01,1.637151e+00,1.283500e+01
587,3.140287e-17,6.811985e-05,1.776371e-05,5.018262e-04,-5.841905e-02,-1.993075e-01,1.199188e+01
588,3.148993e-17,7.548303e-05,6.275422e-06,5.204321e-04,-2.206770e+00,-5.772329e-01,1.068277e+01
589,5.752771e-17,5.457353e-05,3.212967e-06,5.091403e-04,1.496187e+00,1.723704e-01,9.363476e+00
590,1.595795e-17,5.626301e-05,-1.964016e-06,5.084516e-04,-4.591590e-02,-4.683912e-01,1.069970e+01
591,7.300134e-18,7.187300e-05,6.865991e-06,5.141554e-04,5.915523e-02,-8.682279e-01,7.419256e+00
592,2.037618e-18,7.187455e-05,1.472725e-05,5.073458e-04,5.370811e-05,1.351190e+00,1.785246e+00
593,3.120324e-18,4.999678e-05,1.719250e-05,5.167701e-04,9.341669e-02,-5.549548e-02,3.316808e+00
594,5.694770e-18,7.186862e-05,1.293276e-05,5.035312e-04,-2.020283e-02,-9.001305e-01,6.520562e-01
595,1.217089e-18,6.797037e-05,8.590557e-06,5.032580e-04,1.520338e-01,1.355128e-01,-3.393349e-02
596,3.881817e-18,5.296873e-05,-7.193982e-06,5.183396e-04,1.168333e-01,-8.792981e-01,1.706612e+01
597,4.152150e-17,5.461376e-05,-5.741373e-06,5.114401e-04,-1.798373e-02,-7.168616e-02,1.376946e+01
598,3.564431e-17,6.464569e-05,-1.149868e-05,5.077074e-04,-5.008516e-02,-1.132776e-01,3.231249e+00
599,2.873392e-18,5.235283e-05,-1.995262e-06,5.022575e-04,1.375599e+00,5.846128e-01,1.126719e+01
600,8.138975e-17,6.986987e-05,-9.426094e-06,5.043527e-04,1.355554e+00,3.059086e-01,6.586357e+00
601,3.891379e-17,6.964784e-05,-6.442058e-06,5.141216e-04,3.827552e-01,1.234541e-01,7.170798e+00
602,6.670011e-18,7.506810e-05,-8.496644e-06,5.140046e-04,-4.862054e-01,3.908668e-01,5.521007e+00
603,1.049173e-18,7.421743e-05,-8.587022e-06,5.248337e-04,-2.099932e-02,9.816741e-03,5.599124e+00
604,4.957126e-19,6.172747e-05,-7.423284e-06,5.125172e-04,1.125994e-01,3.613648e-01,2.740001e+00
605,3.450412e-17,5.608060e-05,-2.399932e-05,4.987818e-04,-5.028092e-02,-9.906704e-03,-8.396452e-01
606,6.125147e-18,5.943575e-05,-1.718628e-05,5.044314e-04,-5.292007e-02,-5.589872e-02,-6.033927e-01
607,4.526649e-19,7.226654e-05,-1.210854e-05,5.024950e-04,-2.418156e+00,3.508183e+00,2.705558e+00
608,2.031075e-16,5.465725e-05,-4.973834e-06,5.474453e-04,-1.026597e+00,8.784070e-01,1.773070e+01
609,3.411162e-17,7.651570e-05,-2.187511e-05,5.343996e-04,-6.339961e-01,-5.037517e+00,2.048937e+01
610,1.347988e-18,7.187043e-05,-1.251453e-05,5.354296e-04,-1.146739e-01,-8.716211e-02,7.579274e+00
611,3.222125e-18,5.937490e-05,-1.718832e-05,5.305563e-04,1.722767e-02,7.475958e-02,4.422594e+00
612,4.548523e-18,5.937215e-05,-1.710507e-05,5.366051e-04,3.086591e-02,-5.921397e-01,4.477629e+00
613,2.921996e-18,6.249809e-05,-1.406258e-05,5.396407e-04,2.278837e-02,-7.070943e-02,2.470670e+00
614,6.198243e-17,6.438153e-05,2.501458e-06,5.346776e-04,2.790356e+00,1.151635e-01,1.441739e+01
615,6.920046e-18,6.591621e-05,8.613520e-06,5.422339e-04,3.135202e+00,1.101644e+00,1.404633e+01
616,2.330448e-17,7.401875e-05,1.662223e-05,5.472061e-04,-7.091177e-01,2.233360e-01,3.261644e+00
617,3.901272e-18,6.875308e-05,1.718954e-05,5.361726e-04,5.715969e-03,-2.246021e-02,3.128158e+00
618,2.208154e-17,7.234377e-05,8.663613e-06,5.465023e-04,2.451285e-01,-4.763395e-01,4.671030e+00
619,4.911679e-18,7.187566e-05,1.483903e-05,5.430517e-04,-2.099933e-02,2.992609e-01,5.467836e+00
620,1.601232e-18,5.703143e-05,7.811819e-06,5.496966e-04,8.805074e-03,-6.462117e-02,1.324486e+01
621,2.712956e-16,8.079373e-05,-1.286614e-06,5.210876e-04,7.831890e-01,-9.890586e-01,9.717088e+00
622,1.653324e-18,7.895466e-05,-1.865742e-05,5.272497e-04,3.201359e-01,-1.894265e+00,1.702840e+01
623,1.012507e-17,8.414765e-05,-5.467443e-06,5.462374e-04,-2.279879e-01,-1.390484e-02,1.846621e+01
624,5.087964e-17,8.561881e-05,-7.023291e-06,5.271218e-04,7.469819e-01,-8.727949e-01,1.289437e+01
625,1.390794e-17,8.712405e-05,-2.142439e-05,5.397538e-04,-3.758435e+00,-2.342909e-01,1.033200e+01
626,2.934566e-17,9.492184e-05,-5.274044e-06,5.353988e-04,3.431657e-01,-3.907535e-01,3.885350e+00
627,1.141631e-16,9.474376e-05,-5.423216e-06,5.357680e-04,4.514824e-01,-4.153499e-01,4.102245e+00
628,4.377415e-18,8.358646e-05,-1.874967e-05,5.376615e-04,-6.222608e-02,3.447181e-02,5.190554e+00
629,1.696788e-18,8.200379e-05,-9.144902e-06,5.497165e-04,-8.670674e-01,-3.704247e-01,1.831380e+01
630,1.244637e-16,9.236172e-05,1.472147e-06,5.087025e-04,-5.866803e-01,5.809797e-01,1.046126e+01
631,2.960648e-17,9.694454e-05,3.166069e-06,5.471710e-04,1.676115e+00,-1.238107e+00,1.029344e+01
632,2.930643e-17,9.568024e-05,5.448320e-06,5.315441e-04,-8.593464e-02,3.455791e-01,9.233965e+00
633,5.206752e-18,8.594111e-05,7.038648e-06,5.354176e-04,-1.003062e-01,1.041023e+00,9.091480e+00
634,3.235991e-18,9.296788e-05,1.250537e-05,5.274991e-04,1.734994e-02,-7.217921e-01,4.505446e+00
635,2.900571e-18,8.359467e-05,1.565444e-06,5.305015e-04,6.774768e-02,1.440027e-02,3.089291e+00
636,4.495593e-18,8.593751e-05,1.484486e-05,5.324626e-04,-2.053493e-01,4.934309e-02,5.482003e+00
637,4.961221e-18,8.593821e-05,1.484262e-05,5.482758e-04,-1.003910e-02,8.011188e-02,4.329280e+00
638,1.006199e-18,9.767671e-05,1.095090e-05,5.338782e-04,3.642851e-01,-1.026831e-01,1.279369e+00
639,1.411980e-18,9.296595e-05,1.250210e-05,5.452284e-04,-1.770105e-01,7.076549e-02,3.924426e+00
640,1.345435e-18,8.984985e-05,9.379228e-06,5.437040e-04,-1.850396e-01,6.997518e-02,2.513818e+00
641,1.860577e-17,9.188583e-05,6.805219e-07,5.214485e-04,-3.001750e+00,3.479381e+00,1.360938e+01
642,3.039345e-18,8.200860e-05,4.682314e-06,5.113816e-04,-2.511660e+00,9.927242e-01,1.098085e+01
643,1.525139e-17,9.290342e-05,1.177328e-05,5.217536e-04,3.176795e-02,-5.153222e-01,6.581751e+00
644,2.918060e-18,8.907228e-05,1.328937e-05,5.129167e-04,-1.290726e-02,-2.254591e-01,4.984416e+00
645,2.490644e-18,8.437223e-05,9.372882e-06,5.205357e-04,-1.151365e-02,1.000872e-01,1.471026e+00
646,1.712343e-17,1.479818e-06,-1.902672e-05,5.258303e-04,-4.786699e-01,2.334958e-01,2.184950e+01
647,5.175826e-17,9.998403e-06,-1.773390e-05,5.232779e-04,1.457244e-01,4.262255e-01,4.075400e+00
648,1.289365e-16,-4.998289e-07,-5.791431e-06,5.345178e-04,-8.152079e-01,2.328486e+00,1.352620e+01
649,1.827998e-17,1.015635e-05,-2.403477e-05,5.367802e-04,1.122195e+00,9.753342e-01,1.695542e+01
650,3.621171e-18,2.422035e-05,-3.909079e-06,5.417643e-04,2.798961e-01,-2.270021e-01,7.451030e+00
651,5.361146e-17,2.462734e-05,-3.509915e-06,5.423278e-04,4.494122e-01,-1.809149e-01,7.354366e+00
652,4.679378e-17,2.700119e-05,-4.503134e-06,5.252151e-04,-9.787728e-02,-8.345770e-01,4.693641e+00
653,3.453638e-17,2.098138e-05,-1.351866e-05,5.277026e-04,2.291554e-01,8.617497e-01,7.145648e+00
654,9.749997e-18,1.618172e-05,-1.038739e-06,5.356766e-04,4.319080e-01,1.434864e-01,6.616152e+00
655,2.757762e-18,3.128807e-06,-2.031305e-05,5.289352e-04,2.383985e-01,-2.590485e-01,4.674423e+00
656,2.579191e-18,1.953497e-05,3.864860e-09,5.319429e-04,-2.907574e-01,-2.375177e-02,4.756301e+00
657,1.260847e-17,-1.980542e-07,-2.646129e-05,5.429723e-04,6.856082e-01,2.722434e-02,7.275394e+00
658,2.632958e-17,1.944740e-06,-1.357815e-05,5.434279e-04,1.384399e+00,-1.239568e+00,4.030838e+00
659,5.230661e-17,1.354992e-05,-8.901842e-06,5.397644e-04,-5.389649e-01,1.024452e+00,3.921046e+00
660,7.855439e-17,-2.502049e-06,-2.116947e-06,5.482307e-04,1.709896e-01,4.001763e-01,9.381642e+00
661,8.154877e-18,1.255212e-06,-1.779512e-05,5.322372e-04,-9.073050e-01,9.794123e-02,2.845405e+00
662,4.939743e-18,1.094158e-05,-1.467654e-09,5.254930e-04,3.854453e-02,-1.632218e-02,4.677441e-01
663,3.627801e-18,2.424634e-05,-9.352604e-06,5.484070e-04,1.324443e-01,2.359324e-01,4.306234e+00
664,1.691049e-18,8.431062e-06,-9.367320e-06,5.418980e-04,-3.390816e-01,-6.383966e-03,4.769560e+00
665,1.250894e-18,9.370057e-06,-5.465280e-06,5.406421e-04,-1.093366e-01,-1.229024e-01,-2.517967e+00
666,3.821756e-18,1.724900e-05,-2.343605e-05,5.401225e-04,-6.692151e-01,-3.801175e-02,1.953877e+00
667,1.790322e-18,1.567982e-06,-2.409806e-05,5.332894e-04,9.607241e-02,-7.293922e-02,4.257325e-01
668,2.262356e-18,7.810499e-07,-9.371595e-06,5.476956e-04,-6.362999e-02,6.989046e-03,-1.355905e+00
669,5.659502e-17,5.144019e-06,-2.656015e-05,5.186471e-04,-1.565772e+00,3.099739e-02,1.261284e+01
670,2.855054e-18,2.354699e-06,-2.031734e-05,5.150992e-04,-3.268434e-01,3.865066e-01,1.719580e+01
671,6.351313e-17,1.244504e-05,-1.386562e-05,4.984383e-04,4.746808e-01,1.013160e+00,4.511301e+00
672,1.130300e-17,8.073240e-06,-3.906160e-06,5.123376e-04,-1.029250e+00,5.234372e-01,5.308154e+00
673,9.252183e-17,8.606410e-06,-3.973987e-06,5.121047e-04,-6.015370e-01,2.732792e-01,5.491238e+00
674,1.017925e-17,3.889848e-06,-1.008708e-05,5.133917e-04,-2.170574e+00,-5.836538e-01,6.505427e+00
675,1.351785e-18,2.339733e-06,-2.031655e-05,5.032109e-04,7.013349e-02,-3.079923e-01,6.562442e+00
676,1.191969e-17,1.678336e-06,-1.255547e-05,5.123305e-04,5.932484e-01,2.678733e-01,9.554081e+00
677,5.774429e-18,7.778579e-06,-1.406265e-05,5.149584e-04,-3.715002e-02,-1.729385e-02,7.894405e+00
678,4.476279e-17,-9.579728e-07,-2.628875e-05,5.143705e-04,-1.078353e+00,8.532658e-01,4.448445e+00
679,1.284364e-17,1.789031e-05,-2.337916e-05,5.080493e-04,-6.987058e-01,1.119523e+00,8.918319e+00
680,5.201442e-18,7.031171e-06,-2.499958e-05,5.078718e-04,2.148993e-01,6.715333e-02,9.822407e+00
681,1.149900e-17,1.238309e-05,-2.016757e-05,5.104512e-04,-1.267404e-01,3.605357e+00,5.714916e+00
682,2.698319e-18,1.954313e-05,-1.719646e-05,5.204740e-04,1.567622e-01,-3.701257e-01,6.948080e+00
683,4.862269e-17,1.351104e-05,-1.553433e-05,5.087023e-04,9.224319e-01,1.021827e+00,2.678988e+00
684,3.193528e-17,4.437493e-06,1.771607e-06,5.150042e-04,-6.398552e-01,-6.249994e-01,2.095486e+00
685,2.870127e-18,1.953255e-05,-1.718755e-05,5.067244e-04,-7.214889e-01,9.542971e-02,5.213315e+00
686,3.886678e-18,2.104482e-05,-1.254969e-05,5.154636e-04,2.347733e-01,-2.262520e-01,2.983206e+00
687,1.062561e-16,4.463746e-05,-9.787975e-06,5.473383e-04,-1.353383e+00,-1.719090e+00,2.016846e+01
688,2.935990e-17,4.168380e-05,-1.437410e-05,5.230255e-04,-2.946888e+00,-1.829930e-01,2.978032e+01
689,2.059358e-17,2.930949e-05,-1.187122e-05,5.043994e-04,3.927592e+00,4.208245e+00,2.838743e+01
690,1.809520e-18,4.615371e-05,-1.321702e-05,5.108779e-04,-4.644353e-01,-7.526041e-01,2.105806e+01
691,7.726479e-18,4.612408e-05,-1.231773e-05,5.056098e-04,-5.098582e-01,1.364096e-01,2.002905e+01
692,1.501452e-17,3.437408e-05,-3.124675e-06,5.051563e-04,-7.964288e-01,3.447671e-01,5.570460e+00
693,7.778678e-17,3.465688e-05,-3.061352e-06,5.054562e-04,-6.303221e-01,4.491606e-01,5.451801e+00
694,3.491724e-18,3.904989e-05,-1.092466e-05,5.206055e-04,-6.692058e-02,2.964692e-01,9.788063e+00
695,1.049559e-18,2.734267e-05,-1.328472e-05,5.124974e-04,-1.826427e-01,2.027843e-01,3.591833e+00
696,4.149703e-17,3.774222e-05,-1.521502e-05,5.254691e-04,1.335540e+00,-6.643520e-01,8.681053e+00
697,3.047778e-18,2.812678e-05,-1.330317e-05,5.182989e-04,4.014342e-01,-5.543873e-01,3.483711e+00
698,1.781321e-17,4.181133e-05,5.703045e-07,5.106000e-04,-2.736306e-01,1.169874e+00,2.703452e+00
699,4.500010e-18,3.672397e-05,-7.823588e-06,5.117687e-04,-4.552788e-02,-1.871276e-01,6.134694e-01
700,9.981994e-19,3.672443e-05,-2.347615e-06,5.171142e-04,1.045895e-01,-1.165664e-01,-2.483905e-01
701,1.271873e-18,3.281622e-05,-6.250279e-06,5.109485e-04,3.139689e-02,8.015080e-02,6.323101e-01
702,2.683744e-18,3.985254e-05,-1.954000e-05,5.182844e-04,-7.029753e-02,1.034676e-01,2.925750e-02
703,3.414448e-18,4.062313e-05,-1.094157e-05,5.350387e-04,2.941224e-01,-9.225798e-02,1.295582e+01
704,1.473917e-17,2.851216e-05,-1.132993e-05,5.467076e-04,-5.450354e-01,5.096128e-01,4.309107e+00
705,8.366358e-17,2.856384e-05,-1.119115e-05,5.469511e-04,-4.386662e-01,3.968141e-01,4.289221e+00
706,5.923887e-18,3.985559e-05,-9.649490e-06,5.468591e-04,9.961937e-01,-1.550810e+00,7.775792e+00
707,1.056871e-18,3.359317e-05,-1.797099e-05,5.475424e-04,-3.541798e-02,9.041115e-03,1.982993e+00
708,7.726439e-17,3.048890e-05,1.290787e-05,5.124569e-04,-1.186293e+00,-6.200940e-01,5.346350e+00
709,6.607689e-17,3.528728e-05,1.177670e-05,5.266606e-04,-4.884510e-01,1.591515e-01,7.220200e+00
710,3.265998e-17,4.215979e-05,1.577842e-05,5.165329e-04,7.952361e-01,1.251583e+00,1.765490e+01
711,5.248261e-18,4.062059e-05,1.328313e-05,5.078893e-04,5.083155e-01,-1.125057e+00,1.553752e+01
712,9.085549e-18,4.371233e-05,8.631403e-06,5.165971e-04,5.670259e-01,-6.432413e-02,6.394834e+00
713,3.348212e-18,3.593690e-05,9.375196e-06,5.090486e-04,-7.776743e-01,-4.289335e-01,4.427837e+00
714,1.377953e-18,3.202767e-05,8.982861e-06,5.112960e-04,1.941281e-01,9.057649e-01,5.286001e+00
715,2.972740e-18,2.578118e-05,1.950035e-05,5.167305e-04,2.769030e-01,7.539659e-01,2.288184e+00
716,4.367506e-18,2.533579e-05,8.620305e-06,5.061448e-04,-1.018118e+00,-1.429040e-01,2.711135e+00
717,1.171304e-18,3.203950e-05,8.600364e-06,5.209678e-04,3.865188e-01,2.842261e-01,2.010116e+00
718,2.578864e-18,3.828021e-05,3.902853e-06,5.252121e-04,1.308507e-01,1.179649e-01,5.001125e-01
719,6.743808e-17,4.232667e-05,2.239594e-05,5.413029e-04,-2.619416e-01,1.735644e+00,1.056864e+01
720,2.540234e-17,2.285584e-05,1.667878e-05,5.337399e-04,6.082468e-02,-4.474457e-01,8.001733e+00
721,1.957284e-17,3.031725e-05,1.506505e-05,5.359711e-04,-3.930638e-01,6.623306e-01,7.981352e+00
722,1.494132e-17,3.936464e-05,1.504930e-05,5.439393e-04,9.226804e-01,6.917329e-01,8.563591e+00
723,1.873265e-17,4.100275e-05,8.849198e-06,5.388249e-04,6.238143e-01,-9.483658e-01,4.710163e+00
724,4.849397e-18,2.889686e-05,1.875309e-05,5.422756e-04,-1.262665e-01,1.737721e-02,5.454785e+00
725,5.290470e-18,4.073114e-05,1.640247e-05,5.489379e-04,-1.125566e-01,1.569602e-01,6.305461e+00
726,2.229893e-17,-7.755378e-06,1.827412e-04,4.893034e-04,7.857506e-01,5.517012e-01,1.553880e+01
727,3.062982e-18,-1.323578e-05,1.757657e-04,4.958491e-04,7.586026e-01,-2.282982e+00,2.251590e+01
728,7.618952e-18,-5.469679e-06,1.750006e-04,4.880518e-04,3.126387e-01,2.375692e+00,8.728286e+00
729,1.340950e-16,2.230473e-06,1.960972e-04,4.909373e-04,-1.341566e+00,-1.448183e+00,1.180162e+01
730,2.173380e-17,-1.395935e-05,1.788345e-04,5.014896e-04,-4.415762e-01,3.223102e+00,2.590783e+01
731,1.268727e-16,-5.885736e-06,1.759117e-04,4.889568e-04,3.854257e-01,2.843955e-01,7.683404e+00
732,5.123491e-18,-5.465536e-06,1.941181e-04,4.929066e-04,1.725582e-01,1.454753e+00,5.662479e+00
733,2.143522e-17,-2.867341e-06,1.838379e-04,4.896656e-04,2.694759e+00,-1.168408e+00,3.624131e+00
734,8.887649e-18,-3.923356e-06,1.796709e-04,4.974381e-04,3.616386e-02,-2.991163e-02,1.180101e+01
735,2.416352e-18,-1.014473e-05,1.843711e-04,4.973619e-04,8.747324e-02,-8.261286e-02,5.617347e+00
736,2.716833e-18,-6.246963e-06,1.930017e-04,4.825442e-04,-2.741770e-02,3.381682e-02,3.013465e+00
737,3.317438e-17,-1.093946e-07,1.974333e-04,5.014216e-04,1.996591e+00,3.545498e+00,8.956948e+00
738,7.842621e-18,-8.632180e-06,1.914216e-04,4.904514e-04,1.633929e-01,1.148139e-01,9.241270e-01
739,7.902051e-19,-9.766019e-06,1.845143e-04,4.835292e-04,1.997477e+00,-1.534597e+00,2.977268e+00
740,7.500116e-18,-1.719328e-05,1.839595e-04,4.971253e-04,-1.287650e-02,-3.565240e-01,3.192525e+00
741,1.286598e-18,-3.515437e-06,1.804667e-04,4.802649e-04,5.471987e-01,2.337625e-01,4.129488e+00
742,1.096209e-18,-8.602829e-06,1.953113e-04,5.017152e-04,-1.180687e-01,4.246367e-02,1.530005e+00
743,3.187072e-18,-7.609472e-06,1.825579e-04,4.840160e-04,-1.045703e-01,-1.968273e+00,1.222781e+01
744,2.735647e-17,1.542809e-06,1.854106e-04,4.891768e-04,2.319215e+00,-1.019593e+00,7.714562e+00
745,5.075426e-19,-7.762124e-07,1.871098e-04,4.845360e-04,-1.701790e+00,-1.001064e+00,5.064882e+00
746,5.044904e-18,-6.264536e-06,1.995231e-04,4.943016e-04,8.637626e-02,-1.010057e+00,4.624548e-01
747,1.278632e-18,-2.032443e-05,1.843953e-04,4.845623e-04,-3.104339e-02,-1.726310e-01,-3.871300e+00
748,2.369566e-18,-2.460948e-05,1.859375e-04,4.955036e-04,-7.764352e-02,-6.865191e-02,-1.089852e+00
749,6.587934e-17,-1.443213e-05,1.480799e-04,4.884345e-04,7.708544e-01,-4.211736e-01,8.928281e+00
750,2.306765e-17,-1.171048e-05,1.630090e-04,4.988807e-04,1.518809e+00,3.791983e-01,7.501828e+00
751,4.919887e-18,-1.084104e-05,1.718875e-04,4.900496e-04,-1.717974e+00,1.524997e+00,8.400026e+00
752,9.292362e-19,-9.767701e-06,1.736057e-04,4.941325e-04,-7.966266e-01,-8.698507e-01,1.152094e+01
753,3.416994e-18,-7.816261e-06,1.492182e-04,4.966439e-04,-1.578525e-01,2.509548e-01,3.741922e+00
754,4.096045e-18,-9.221463e-06,1.687516e-04,4.990559e-04,-3.870389e-01,-8.949336e-02,1.117973e+01
755,2.979021e-17,-2.157386e-06,1.695271e-04,4.921267e-04,-2.495420e+00,2.478164e-01,3.363879e+00
756,1.466682e-17,-5.581864e-06,1.537260e-04,4.913690e-04,-6.082235e-01,4.881455e-01,2.756609e+00
757,2.771290e-17,-7.029652e-06,1.509462e-04,4.774378e-04,1.470613e+00,2.199243e+00,-7.697234e-01
758,3.066137e-18,-1.260651e-05,1.695211e-04,4.752205e-04,2.280389e-01,7.205546e-01,8.966093e-01
759,1.442882e-18,-2.323852e-06,1.640646e-04,4.892168e-04,-9.101881e-02,-7.576353e-02,3.602379e+00
760,3.434685e-17,-9.608387e-06,1.639053e-04,4.836057e-04,1.044589e+00,2.289293e-01,2.558942e+00
761,5.776356e-18,-4.457452e-06,1.664398e-04,4.830382e-04,2.317577e+00,-9.318568e-01,4.070521e+00
762,2.498138e-18,-1.719147e-05,1.617310e-04,4.864607e-04,-8.110706e-03,5.297104e-01,1.067207e+00
763,7.726269e-18,-1.129116e-05,1.711056e-04,4.864364e-04,2.152537e-01,1.355588e+00,1.062040e+01
764,5.149148e-18,-9.376365e-06,1.578133e-04,4.861122e-04,-2.639883e-02,-6.752795e-02,1.410408e+00
765,3.100256e-19,-1.210977e-05,1.699202e-04,4.775338e-04,-2.727424e+00,-1.344633e+00,-2.579060e-01
766,4.965193e-18,-1.015925e-05,1.563939e-04,4.782433e-04,4.539066e-02,6.273441e-01,-9.665326e-01
767,3.938300e-18,-2.297726e-06,1.640246e-04,4.839007e-04,-2.088476e-01,-1.556518e-01,2.271908e+00
768,8.967624e-18,-2.432327e-05,1.726931e-04,4.899496e-04,-7.072873e-02,-1.354384e-02,-1.043701e+00
769,1.065378e-18,-1.093942e-05,1.398305e-04,4.907916e-04,3.922733e-01,3.742352e-01,1.047011e+01
770,1.826620e-17,-2.036236e-05,1.396455e-04,4.889202e-04,3.649112e-01,1.196156e+00,9.311723e+00
771,2.819017e-18,1.316443e-05,1.260056e-04,4.757171e-04,1.364816e-01,3.370829e+00,3.712786e+00
772,2.904013e-18,1.315469e-05,1.398552e-04,4.898239e-04,2.312366e-01,1.411533e+00,4.010279e+00
773,2.148247e-17,1.263959e-05,1.334961e-04,4.811725e-04,2.125823e-01,1.052704e+00,5.511825e+00
774,6.521057e-17,2.329674e-05,1.367197e-04,4.840769e-04,1.957755e+00,-8.286851e-01,2.097100e+00
775,2.355197e-17,-1.935101e-05,1.460955e-04,4.792256e-04,1.146748e-01,1.581350e+00,6.674563e+00
776,1.010863e-17,-7.562988e-06,1.322757e-04,4.926962e-04,-8.844481e-01,-3.458465e-01,5.825307e+00
777,1.122621e-18,1.563783e-05,1.406266e-04,4.978235e-04,2.141679e-01,-1.362321e-01,5.388104e+00
778,4.603275e-18,1.093617e-05,1.421871e-04,4.939344e-04,-1.390128e-01,1.409333e-02,6.012779e+00
779,1.918133e-17,1.010050e-05,1.496312e-04,4.847990e-04,1.493056e-01,-2.613271e-01,1.456372e+00
780,3.007329e-18,-2.346225e-06,1.296887e-04,4.981501e-04,1.279717e-01,-2.201615e-02,2.977628e+00
781,6.871903e-18,2.813603e-06,1.411774e-04,4.960377e-04,-4.640656e-01,-7.286755e-02,-1.438638e-01
782,3.076380e-18,1.563319e-05,1.406422e-04,4.880949e-04,2.440508e-01,-1.315822e-01,3.815372e+00
783,1.221607e-17,9.742717e-06,1.285245e-04,4.792054e-04,-1.765972e-01,3.157787e-01,2.364732e+00
784,1.082892e-18,-1.054729e-05,1.398469e-04,4.872562e-04,4.072185e-01,6.561321e-02,8.457554e+00
785,2.961612e-17,4.500785e-07,1.454988e-04,4.842251e-04,7.191833e-01,1.001451e+00,1.878264e+00
786,1.305118e-18,1.017564e-05,1.421711e-04,4.829896e-04,-2.109999e-01,-3.479551e-01,7.066288e-01
787,1.571979e-17,1.724049e-05,1.456887e-04,4.794313e-04,4.916775e-01,-1.866072e+00,9.098698e-01
788,1.624599e-17,1.806534e-05,1.329315e-04,4.830694e-04,2.438244e-01,-1.054793e+00,2.305353e+00
789,5.472803e-18,6.359776e-06,1.265670e-04,4.924136e-04,6.640582e-02,-5.621543e-02,2.718943e+00
790,3.178458e-18,-1.950791e-05,1.374920e-04,4.857610e-04,4.555201e-01,-2.827708e-01,1.102770e+01
791,5.649434e-19,1.210920e-05,1.339843e-04,4.763218e-04,-1.700355e+00,-5.705450e-01,1.025998e+00
792,6.334042e-19,2.460951e-05,1.328097e-04,4.993962e-04,2.742758e-01,-2.218679e-02,-1.268803e+00
793,2.997732e-18,2.460955e-05,1.437536e-04,4.891672e-04,4.511964e-02,-8.227120e-03,-9.886717e-01
794,1.508058e-18,-1.485003e-05,1.281255e-04,4.915821e-04,-1.427206e-01,-1.984292e-01,-2.422117e+00
795,1.360533e-18,-1.869008e-05,1.457017e-04,4.751269e-04,-1.373191e+00,2.640769e+00,5.775809e+00
796,8.720472e-19,-6.856301e-06,1.314064e-04,4.892275e-04,-3.159603e-01,-2.189101e+00,6.456933e+00
797,1.340787e-18,-1.950217e-05,1.375171e-04,4.798948e-04,4.467728e-01,-1.774822e-01,4.429627e+00
798,5.575368e-18,-6.909230e-06,1.305152e-04,4.847260e-04,-3.700857e-01,-8.290371e-01,3.774228e+00
799,2.781908e-19,-1.054653e-05,1.394537e-04,4.837665e-04,4.837038e-01,-6.525005e-02,3.303210e+00
800,6.103440e-19,-6.640256e-06,1.308598e-04,4.770728e-04,-6.011435e-01,2.168476e+00,-1.729772e+00
801,5.137000e-19,-1.054794e-05,1.398548e-04,4.814269e-04,-2.626780e-01,-5.036075e-01,2.501217e+00
802,2.463719e-19,-1.054696e-05,1.402356e-04,4.798708e-04,4.578948e-01,-2.863302e-01,1.294156e+00
803,1.859295e-18,-1.076713e-05,1.397884e-04,4.768654e-04,-6.855018e-01,3.411989e-01,-7.540526e-01
804,8.727309e-19,-7.938170e-06,1.271995e-04,4.767479e-04,-8.581829e-02,-1.332575e+00,-2.079642e+00
805,3.355429e-17,-2.413843e-05,1.388113e-04,4.983537e-04,2.850732e-02,1.401255e-01,-9.561275e-01
806,2.085997e-18,-1.159470e-05,1.484170e-04,4.851347e-04,-3.729345e+00,1.116808e-01,1.688234e+00
807,2.667890e-19,5.976460e-05,-1.601490e-05,4.744157e-04,9.416326e-02,9.337249e-01,-3.011064e+00
808,1.326333e-17,7.274880e-05,-2.820941e-06,4.761105e-04,-2.018236e-01,-8.197326e-01,-2.817530e-01
809,3.601353e-17,7.205480e-05,-1.351550e-06,4.904843e-04,-1.749077e-01,-5.706238e-01,1.037113e+01
810,7.415745e-17,6.792445e-05,-4.478304e-06,4.868940e-04,8.475925e-01,8.070843e-01,7.218806e+00
811,3.704829e-17,7.542673e-05,-1.134216e-05,4.931631e-04,8.190231e-01,2.471863e-01,9.747296e+00
812,3.525942e-17,7.270113e-05,2.400621e-05,4.905455e-04,-4.425392e-02,2.080495e-02,-8.483945e-01
813,3.277537e-18,7.344966e-05,-3.890853e-06,4.973927e-04,2.630974e-01,7.194669e-01,1.228919e+01
814,5.258439e-18,5.469029e-05,-9.377923e-06,4.962236e-04,1.566888e-01,1.160813e-02,7.645983e+00
815,2.168312e-17,7.285085e-05,2.047169e-05,4.834918e-04,5.005897e-01,4.117170e-01,5.179597e+00
816,4.489856e-18,6.327495e-05,1.560957e-06,4.852983e-04,-2.455670e-02,-3.054171e-02,2.727560e+00
817,4.607148e-18,6.015751e-05,4.703659e-06,4.889210e-04,6.938456e-03,-4.520117e-01,3.775274e+00
818,2.747723e-18,6.798018e-05,1.797961e-05,4.881171e-04,3.952674e-01,3.647316e-01,5.701894e+00
819,3.630917e-18,6.172147e-05,1.756988e-06,4.975144e-04,1.477976e-01,-1.093651e+00,4.927758e+00
820,8.040150e-18,6.290289e-05,-8.597241e-06,4.891850e-04,1.229202e+00,4.844276e-01,3.742062e+00
821,5.427585e-19,6.210873e-05,-1.570101e-06,4.821971e-04,-3.473821e-01,-1.396802e+00,2.342988e+00
822,4.667722e-17,7.379963e-05,-2.387916e-05,4.949671e-04,-6.042674e-03,-5.106466e-02,-8.246255e-01
823,4.544378e-18,7.576955e-05,-1.095184e-05,4.876886e-04,-3.326457e-01,-8.189476e-01,1.021613e+01
824,2.489346e-18,7.286410e-05,-9.656728e-07,4.844525e-04,-1.484264e+00,1.982981e+00,9.541287e+00
825,3.128702e-18,7.344578e-05,-4.003520e-06,4.921371e-04,4.835763e-02,2.132551e+00,7.853064e+00
826,1.620711e-18,6.628796e-05,-5.214625e-06,4.811211e-04,6.687746e-01,2.330607e+00,6.206858e+00
827,1.114902e-18,7.362850e-05,-4.695674e-06,4.893918e-04,-2.584566e-02,-1.782217e-01,8.602628e+00
828,4.796275e-18,7.344509e-05,-4.756289e-06,4.863345e-04,-8.186685e-02,-4.907300e-01,7.152536e+00
829,7.781744e-19,7.304669e-05,-1.953977e-06,4.864936e-04,-8.483239e-01,2.007364e-01,1.092450e+01
830,3.166585e-17,6.059991e-05,-2.405008e-05,4.849940e-04,-2.886566e-03,-2.296960e-02,-1.017376e+00
831,4.790215e-18,6.639824e-05,3.125568e-06,4.984638e-04,-1.873410e-01,2.582049e-02,1.661644e+00
832,2.810274e-18,6.796603e-05,1.717876e-05,4.787356e-04,2.794450e-01,-3.640696e-01,-7.380301e-01
833,3.180890e-17,-1.733628e-04,-2.181285e-05,5.373105e-04,-1.238282e+00,-4.953494e+00,2.018602e+01
834,3.694597e-18,-1.960941e-04,1.172708e-05,5.403206e-04,5.546209e-01,1.709137e+00,1.769527e+01
835,1.032180e-16,-1.959000e-04,1.226431e-05,5.412388e-04,-1.427301e+00,2.210920e+00,1.546169e+01
836,1.706685e-17,-1.791551e-04,1.791932e-05,5.270711e-04,-2.023774e+00,-1.128030e-01,6.830583e+00
837,6.761376e-17,-1.730498e-04,-1.648084e-07,5.458073e-04,9.624798e-01,1.200462e+00,6.676200e+00
838,2.596253e-17,-1.969402e-04,2.192642e-05,5.417367e-04,7.549119e-01,1.586846e+00,7.147368e+00
839,2.114480e-17,-1.922875e-04,1.664632e-06,5.471149e-04,-1.735491e+00,2.330678e-01,1.234811e+01
840,2.839310e-18,-1.851609e-04,3.400942e-10,5.372254e-04,-1.642506e-01,-1.071796e-01,6.169827e+00
841,5.308517e-18,-1.828103e-04,1.562594e-05,5.255700e-04,-2.994880e-02,1.354167e-01,2.084611e+00
842,3.531571e-17,-1.794361e-04,1.230466e-05,5.287674e-04,-4.841057e-01,3.794810e-01,3.713776e+00
843,2.813816e-18,-1.906237e-04,1.015702e-05,5.493685e-04,2.458833e-02,-4.641028e-03,9.927988e+00
844,7.396425e-19,-1.928280e-04,2.278596e-05,5.377024e-04,6.788782e-02,4.454402e-02,3.233061e+00
845,2.233935e-18,-1.929647e-04,2.265800e-05,5.350228e-04,-1.770907e-02,-1.340766e-02,1.712259e+00
846,2.985787e-18,-1.875005e-04,1.326757e-05,5.456329e-04,-1.732321e-02,-1.564968e-01,1.035050e+00
847,9.805643e-17,-1.720201e-04,-1.146568e-05,5.272455e-04,-4.922102e-01,-2.106426e-01,5.299151e+00
848,9.254312e-17,-2.009193e-04,-2.611689e-06,5.478994e-04,2.895338e+00,-7.498199e-01,7.942492e+00
849,3.007648e-17,-1.801225e-04,-4.781476e-07,5.241192e-04,2.492187e-01,-1.762201e+00,8.249570e+00
850,6.255124e-18,-1.836937e-04,-3.999644e-06,5.243680e-04,3.396281e+00,4.852398e-01,6.927408e+00
851,4.678878e-18,-1.993488e-04,-5.473860e-06,5.354004e-04,6.630219e-01,1.116461e-01,7.476637e+00
852,1.802358e-17,-1.907646e-04,-1.140903e-05,5.321390e-04,3.628532e-01,-8.473038e-02,5.225495e+00
853,5.488157e-18,-1.945327e-04,-9.489365e-06,5.466924e-04,-2.633293e-02,-8.753857e-02,5.032155e+00
854,6.298326e-18,-1.968711e-04,-4.691634e-06,5.410731e-04,1.460773e-01,-4.916281e-02,5.725546e+00
855,2.074389e-18,-1.804688e-04,-3.914006e-06,5.410371e-04,3.514494e-02,-1.297499e-01,1.682197e+00
856,2.651118e-18,-1.906270e-04,-1.250382e-05,5.403902e-04,3.751352e-03,-1.070165e-02,1.316368e+00
857,2.408756e-16,-2.172366e-04,-8.313377e-06,5.345030e-04,3.850733e-01,-7.191391e-02,1.091365e+01
858,3.357889e-17,-2.170227e-04,-3.218749e-07,5.303255e-04,4.231439e+00,-2.903341e+00,1.575847e+01
859,6.792479e-17,-2.045052e-04,-1.078751e-05,5.471374e-04,-4.192264e-01,1.018414e+00,9.365269e+00
860,7.316240e-18,-2.257921e-04,-1.796043e-05,5.306339e-04,-2.374000e-02,1.001317e-02,3.603690e+00
861,7.805683e-18,-2.085938e-04,-9.162591e-06,5.278820e-04,5.943650e-02,-3.122174e-01,7.135482e+00
862,3.192131e-16,-2.150501e-04,9.039556e-06,5.218676e-04,9.001262e-01,1.278845e-01,4.666026e+00
863,3.093936e-17,-2.033581e-04,1.186536e-05,5.269439e-04,7.500524e-01,6.631570e-01,9.081774e+00
864,1.059238e-16,-2.091136e-04,7.156813e-06,5.339905e-04,-9.744386e-01,-1.250117e+00,8.383688e+00
865,2.148642e-18,-2.226673e-04,9.374687e-06,5.448838e-04,-1.976577e-02,-8.109711e-01,-6.820905e-01
866,6.168883e-18,-1.718725e-04,-1.487938e-05,5.104860e-04,-7.517225e-02,-3.078281e+00,1.319556e+01
867,1.434159e-18,-1.711835e-04,-7.118508e-06,5.061926e-04,2.118107e+00,2.351434e+00,1.741655e+01
868,1.128492e-17,-1.617203e-04,-1.223795e-05,5.077828e-04,-1.325874e+00,-2.707663e+00,8.954566e+00
869,3.049747e-18,-1.741961e-04,-6.259111e-06,5.129096e-04,-3.338002e+00,-3.890139e-01,2.102546e+01
870,1.166762e-16,-1.618889e-04,-1.177802e-05,5.070475e-04,-8.367814e-01,-3.391475e+00,7.601922e+00
871,1.450185e-18,-1.718684e-04,-2.024767e-05,5.209901e-04,-2.813001e-01,-4.088034e+00,1.300378e+01
872,1.168007e-17,-1.721710e-04,-1.680282e-05,5.225729e-04,3.022195e+00,-1.720609e+00,4.602869e+00
873,3.416555e-18,-1.718775e-04,-1.720756e-05,5.159927e-04,-9.531417e-02,-3.079731e+00,1.366936e+01
874,2.149028e-18,-1.601606e-04,-5.465143e-06,5.183120e-04,-7.449604e-02,4.617537e-02,3.032295e+00
875,1.456126e-18,-1.578083e-04,-1.484494e-05,5.217501e-04,6.969075e-02,4.426428e-02,2.975072e+00
876,3.758174e-18,-1.695264e-04,-7.834588e-07,5.086968e-04,-2.117177e-01,3.521535e-02,2.363714e+00
877,1.416059e-18,-1.680372e-04,-7.173353e-07,5.025859e-04,-1.486944e-01,-7.961625e-02,-4.301874e-01
878,3.357126e-18,-1.578052e-04,-1.486163e-05,5.105919e-04,2.372099e-01,-3.240029e-01,1.363395e-01
879,3.380933e-17,-1.976531e-04,1.475048e-06,5.197142e-04,1.052983e-02,1.961674e-01,6.105532e+00
880,1.398502e-16,-1.975654e-04,1.633195e-06,5.198400e-04,1.989717e-01,4.736584e-01,6.051808e+00
881,3.860212e-18,-1.758629e-04,-7.329784e-06,5.223621e-04,-4.020006e+00,2.504600e-01,2.446326e+01
882,3.381536e-17,-1.780393e-04,4.774196e-06,5.072238e-04,1.389994e-01,2.968849e+00,1.593597e+01
883,1.291093e-16,-1.778858e-04,4.732679e-06,5.072141e-04,-1.079377e-02,2.733719e+00,1.605767e+01
884,4.690088e-17,-1.963095e-04,7.291149e-06,5.165017e-04,-2.542817e-01,-4.259138e-01,1.466708e+01
885,4.691437e-18,-1.945296e-04,7.817903e-06,5.056732e-04,-2.094982e-02,1.344466e-01,1.031656e+01
886,1.053995e-17,-1.803390e-04,6.717529e-10,5.171793e-04,3.355654e-02,5.835775e-02,6.775674e+00
887,3.932803e-18,-1.794999e-04,-1.250461e-05,5.043426e-04,-2.604575e-01,-6.383589e-02,2.329176e+00
888,4.130099e-17,-1.831570e-04,-2.073330e-05,5.207438e-04,-1.999112e-01,-1.116722e+00,1.590228e+00
889,3.200751e-18,-1.859688e-04,1.714111e-05,5.150723e-04,1.949517e-01,-1.313241e+00,3.581503e+00
890,6.467871e-18,-1.805221e-04,9.499505e-06,5.080655e-04,-5.011705e-01,-1.357384e+00,5.412698e+00
891,3.674354e-18,-1.859762e-04,1.722177e-05,5.106791e-04,-5.099976e-01,2.230863e-01,1.628916e+00
892,1.266807e-17,1.850445e-04,2.003792e-05,4.759418e-04,2.813584e-01,-2.645554e-01,-7.315963e-01
893,5.929026e-17,1.892724e-04,7.340994e-06,4.630707e-04,5.022846e-01,1.027655e+00,6.217450e+00
894,3.090541e-19,1.902344e-04,8.202457e-06,4.720565e-04,-9.540339e-01,-1.721378e-01,-3.629276e+00
895,2.747784e-19,1.902345e-04,7.421692e-06,4.712763e-04,-5.226569e-01,-3.967897e+00,-1.364075e+00
896,2.521217e-19,1.910153e-04,8.985006e-06,4.720558e-04,-8.789679e-02,2.095382e-02,-2.266453e+00
897,2.101649e-18,1.862292e-04,-3.892979e-06,4.730574e-04,7.544098e-01,1.091973e+00,-3.409911e+00
898,1.333281e-18,1.617810e-04,3.906396e-07,4.757809e-04,-3.067616e-01,4.984538e-01,-1.288218e+00
899,2.505386e-19,1.644522e-04,-1.445248e-05,4.767511e-04,-1.419454e+00,-1.814280e-01,6.023821e-01
900,2.672975e-18,1.554893e-04,-2.373553e-06,4.747795e-04,-3.293939e-01,2.215674e-01,-2.264292e+00
901,1.985154e-18,1.655676e-04,1.244649e-05,4.754892e-04,-5.401749e-02,-3.320076e+00,-1.833863e+00
902,1.828449e-17,1.732111e-04,1.393785e-05,4.777319e-04,7.264119e-01,3.710769e+00,-1.601655e+00
903,1.748523e-17,1.690089e-04,2.015524e-05,4.787842e-04,-7.770331e-01,-3.180725e-01,1.567464e+00
904,1.437100e-18,1.625727e-04,1.180628e-05,4.729733e-04,3.566342e-02,4.942882e-01,-4.492901e+00
905,2.170854e-17,1.539318e-04,1.418334e-05,4.736152e-04,4.663912e-01,-2.121558e-01,-2.751551e+00
906,2.362192e-18,1.532328e-04,3.709300e-06,4.760451e-04,1.394598e-02,3.530472e-01,5.170566e-01
907,1.642754e-17,-8.193583e-05,8.852983e-06,4.922188e-04,-2.659103e-02,-3.092769e+00,1.652007e+01
908,1.720670e-17,-9.735550e-05,-2.035025e-05,4.970675e-04,-1.893527e-01,-8.335055e-01,2.067176e+01
909,1.047865e-18,-8.672116e-05,1.170558e-05,4.907934e-04,-2.439093e-01,-4.810773e-01,9.687686e+00
910,1.292789e-18,-8.667905e-05,1.175354e-05,4.962617e-04,-8.295582e-01,-7.708796e-01,1.215885e+01
911,5.244790e-17,-9.569809e-05,2.034190e-05,4.905066e-04,1.853855e+00,2.444691e-01,5.043767e+00
912,4.558110e-18,-8.829946e-05,8.119024e-06,4.950808e-04,1.026941e-01,3.096171e-02,4.971601e+00
913,1.230241e-17,-8.052342e-05,1.445876e-05,4.886342e-04,2.595915e-01,-2.203129e-01,3.475391e+00
914,3.024139e-18,-9.218651e-05,2.317789e-06,4.966677e-04,-3.210007e-02,-5.009333e-02,2.454712e+00
915,3.359466e-18,-9.765602e-05,4.687978e-06,4.950732e-04,2.181330e-02,-5.883843e-02,3.174886e+00
916,1.588881e-18,-7.670633e-05,1.251266e-05,4.811920e-04,-1.873008e-01,-6.343969e-03,-2.312646e+00
917,7.602194e-18,-7.537084e-05,1.434093e-05,4.958441e-04,1.892200e+00,-3.513597e-01,2.959186e+00
918,2.798015e-17,-9.309881e-05,2.417646e-05,4.840954e-04,-8.538860e-01,-2.487302e-01,4.685040e-01
919,1.133339e-17,-8.293134e-05,1.204274e-05,4.806383e-04,4.030953e-01,-5.568574e-01,7.914296e+00
920,1.130805e-18,-8.222111e-05,1.015008e-05,4.882495e-04,-3.136541e-01,-2.454120e+00,1.619430e+01
921,9.790248e-18,-9.275845e-05,1.372254e-05,4.886967e-04,-4.179232e-01,7.210591e-01,-3.230750e+00
922,4.016546e-17,-9.454169e-05,2.416165e-05,5.012503e-04,5.811283e-02,1.673129e+00,4.156582e+00
923,2.800121e-19,-8.164028e-05,1.210981e-05,4.853399e-04,1.163094e-01,-1.297418e+00,1.029937e+01
924,1.318198e-18,-8.647151e-05,1.180029e-05,4.856245e-04,2.199970e-02,-1.904913e-01,6.288324e+00
925,4.907480e-18,-8.661610e-05,1.208303e-05,4.793335e-04,3.819533e-01,-9.447221e-01,2.082989e+00
926,2.165746e-17,-8.594577e-05,2.416716e-05,4.971164e-04,1.585261e-02,-4.204307e-03,-8.585794e-01
927,1.987980e-18,-8.749701e-05,-3.296647e-06,4.811690e-04,-2.365742e-01,1.698927e+00,4.787145e-01
928,1.767238e-17,-8.572212e-05,-2.352604e-05,4.917799e-04,-2.419753e+00,-2.429253e+00,6.169823e+00
929,4.202865e-18,-9.684487e-05,-2.239446e-05,5.027122e-04,-8.780119e-01,-3.897132e+00,1.827315e+01
930,1.116398e-18,-9.707130e-05,-1.211001e-05,4.764647e-04,2.962417e-01,2.704770e+00,-8.190470e-01
931,3.150275e-18,-8.749430e-05,-5.475013e-06,4.919566e-04,-7.400817e-02,4.799723e-01,1.988424e+00
932,1.921052e-18,-8.033394e-05,-1.969629e-05,4.834001e-04,-6.104954e-01,1.668128e-01,5.212624e+00
933,2.429542e-18,-9.684996e-05,-1.810347e-05,4.920502e-04,3.182678e-01,-1.659368e+00,1.188536e+01
934,4.938995e-18,-9.689104e-05,-1.639950e-05,4.877175e-04,1.919458e-02,1.018845e+00,8.222311e+00
935,1.823970e-17,-8.125105e-05,-1.646253e-05,5.023499e-04,-1.279323e+00,-8.171112e-01,5.781829e+00
936,6.088062e-18,-9.685747e-05,-1.562619e-05,4.837373e-04,3.333036e-01,-2.784511e-01,7.694337e+00
937,2.004853e-17,-8.450620e-05,-1.120379e-06,4.758241e-04,-3.369117e-01,7.059384e-01,5.005483e-01
938,7.497177e-18,-9.692043e-05,-2.039380e-05,4.917285e-04,6.104503e-01,-1.513414e+00,2.039837e+01
939,1.899498e-18,-9.141272e-05,-1.812525e-05,5.020028e-04,-6.479807e-02,-4.500557e-02,4.983345e-01
940,1.490830e-17,-9.597086e-05,-1.943885e-05,4.823102e-04,-4.688932e-02,2.368715e+00,1.057236e+01
941,3.806712e-17,-1.143178e-04,1.364476e-05,4.980583e-04,1.779111e+00,2.550859e-01,9.849325e+00
942,1.392935e-18,-1.099097e-04,4.848257e-06,4.968605e-04,3.620960e+00,-2.131735e+00,2.214248e+01
943,4.438222e-17,-1.068814e-04,8.349369e-06,4.949243e-04,4.671302e-01,1.180002e+00,8.974440e+00
944,6.687486e-18,-1.046844e-04,1.406104e-05,4.973295e-04,-1.792821e-02,2.081360e-02,8.084803e+00
945,9.028562e-19,-1.071757e-04,1.655359e-05,4.939208e-04,-8.707536e-01,-5.344569e-02,8.344190e+00
946,2.708879e-18,-1.046891e-04,1.406297e-05,4.887892e-04,-1.048526e-01,8.408059e-02,5.815181e+00
947,2.397842e-18,-1.015091e-04,5.454861e-06,4.755501e-04,2.572844e+00,4.025169e-01,-7.634780e-01
948,2.922080e-18,-1.070408e-04,5.487855e-06,4.841406e-04,-3.740863e-01,4.263607e-01,6.548293e+00
949,4.954377e-18,-1.093800e-04,1.406310e-05,4.885188e-04,7.106871e-01,7.456702e-01,4.801498e+00
950,2.310760e-18,-1.132871e-04,1.797459e-05,4.810784e-04,2.558255e-03,1.389432e-01,1.073426e+00
951,2.618097e-17,-1.051582e-04,2.273569e-05,4.791931e-04,-1.003679e+00,9.920347e-01,5.496908e-01
952,3.120943e-18,-1.226653e-04,1.406498e-05,4.973931e-04,1.200633e-01,2.391900e-01,1.327725e+00
953,4.870346e-18,-1.164356e-04,1.323568e-05,4.943857e-04,-4.032285e-01,1.646949e+00,1.341315e+01
954,4.558384e-18,-1.179802e-04,1.328024e-05,4.899991e-04,-3.716330e-01,1.930059e-01,1.100280e+01
955,8.916187e-18,-1.120105e-04,7.650827e-06,4.908723e-04,7.720830e-01,-2.201265e+00,1.280762e+01
956,2.010177e-18,-1.125159e-04,6.739973e-06,4.956302e-04,-7.553146e-01,-2.885331e-02,1.584177e+01
957,5.077039e-18,-1.046901e-04,1.406239e-05,4.838158e-04,1.994679e-01,6.270553e-02,4.513418e+00
958,5.215210e-17,-9.863855e-05,8.156931e-06,4.568247e-04,-9.520222e-02,-3.441525e-01,5.866378e+00
959,5.175860e-18,-1.187059e-04,1.325986e-05,4.739495e-04,-4.474909e-02,2.234379e-03,-4.418311e+00
960,1.942367e-16,-4.766715e-06,-1.587823e-04,5.223625e-04,7.291500e-01,-1.079822e+00,1.139185e+01
961,7.161923e-16,-2.284257e-06,-1.635252e-04,5.309196e-04,2.520172e-01,-3.555588e-01,7.368982e+00
962,1.930027e-17,1.474713e-05,-1.665494e-04,5.070653e-04,-5.682553e-01,-1.788452e+00,9.462860e+00
963,3.062874e-17,9.320222e-06,-1.723850e-04,4.993065e-04,-1.128420e-01,-4.941650e+00,1.238984e+01
964,9.971492e-17,5.115496e-06,-1.601140e-04,5.012973e-04,4.220325e-01,7.124070e-02,2.595129e+00
965,9.166266e-18,3.125410e-06,-1.654813e-04,5.175591e-04,-1.189192e-01,-4.630063e-02,2.034732e+01
966,2.396644e-17,7.298531e-06,-1.548302e-04,5.065811e-04,-6.726970e-01,-2.293963e+00,2.091317e+00
967,1.058474e-18,8.600232e-06,-1.664012e-04,5.186862e-04,3.900350e-02,4.723637e-02,7.795332e-01
968,4.405759e-18,1.320857e-05,-1.594807e-04,5.079874e-04,-1.139464e+00,-1.226314e-02,1.901751e+00
969,3.669687e-17,2.401110e-05,-1.687001e-04,4.989094e-04,-8.701083e-03,1.833367e-04,-8.564317e-01
970,3.009814e-18,3.913767e-06,-1.656270e-04,5.129561e-04,-1.117329e-01,-1.672597e-01,1.867933e+01
971,1.586315e-18,3.901090e-06,-1.656226e-04,5.086530e-04,-3.332757e-02,-4.686541e-02,1.566256e+01
972,2.563108e-18,3.907956e-06,-1.656183e-04,5.050887e-04,-2.153637e-01,-1.587633e-01,1.432400e+01
973,6.759592e-18,3.921918e-06,-1.656142e-04,4.992236e-04,-1.583213e-01,9.184001e-02,1.269386e+01
974,2.358550e-19,3.516432e-06,-1.652338e-04,5.024712e-04,-3.748564e-02,2.237748e-01,1.347815e+01
975,3.364628e-18,1.017219e-05,-1.640606e-04,5.113749e-04,-1.343587e-01,-1.079290e-02,-1.809054e+00
976,1.085749e-18,9.380271e-06,-1.531231e-04,5.263734e-04,2.368085e-02,-1.128634e-02,6.684969e+00
977,3.024549e-18,3.137352e-06,-1.656222e-04,5.266790e-04,6.290762e-01,2.533074e-01,2.423418e+01
978,3.836676e-18,-1.323031e-05,-1.604785e-04,5.252454e-04,-4.020155e-01,-3.096023e+00,1.721110e+01
979,2.123260e-17,-9.291600e-06,-1.535392e-04,5.394756e-04,1.957432e+00,3.781846e-01,1.764844e+01
980,1.462904e-17,-1.876259e-05,-1.703115e-04,5.358308e-04,-1.534710e+00,1.508357e-01,1.009434e+01
981,7.904119e-17,-1.896234e-05,-1.703358e-04,5.362203e-04,-1.435534e+00,7.385184e-03,1.000643e+01
982,1.074493e-16,7.032943e-06,-1.584110e-04,5.323901e-04,-3.473775e-01,-6.114943e-01,9.172107e+00
983,1.539321e-18,4.041971e-06,-1.681017e-04,5.365311e-04,-3.291940e-01,2.922825e-01,4.298097e+00
984,2.001584e-17,1.406564e-05,-1.658078e-04,5.347177e-04,1.498898e+00,-6.770253e-01,5.870798e+00
985,1.442904e-18,1.563482e-05,-1.718768e-04,5.391900e-04,2.002759e-02,-6.184461e-03,4.581849e+00
986,4.098101e-18,1.015152e-05,-1.562490e-04,5.414183e-04,-1.848382e-01,-6.370024e-02,4.125457e+00
987,1.027567e-18,1.328139e-05,-1.554634e-04,5.459646e-04,-1.582517e-02,-1.005777e-02,3.240882e+00
988,2.219779e-18,3.909503e-06,-1.523428e-04,5.282253e-04,-8.609180e-02,1.244775e-01,4.040332e-01
989,1.283516e-18,7.917956e-07,-1.734363e-04,5.398507e-04,3.072530e-01,2.006008e-01,3.915030e-01
990,2.387012e-19,3.942777e-07,-1.652312e-04,5.421068e-04,9.733774e-02,2.083780e-01,-1.102191e-01
991,9.594775e-19,1.328118e-05,-1.554662e-04,5.444649e-04,-1.859650e-02,-1.046695e-02,1.778336e+00
992,2.046165e-17,-1.647179e-05,-1.577441e-04,5.364074e-04,4.490553e-01,-4.693522e+00,2.640380e+01
993,4.592806e-17,-1.676898e-05,-1.640153e-04,5.319437e-04,-1.114911e+00,-5.035655e+00,1.913113e+01
994,2.136731e-18,-1.719723e-05,-1.556505e-04,5.306762e-04,-1.533515e-01,-3.129851e+00,2.373005e+01
995,4.085594e-18,-1.484720e-05,-1.710925e-04,5.285821e-04,1.762064e-02,-1.897477e-02,1.033928e+01
996,6.103104e-17,-1.452308e-05,-1.494777e-04,5.358383e-04,-3.015257e+00,-1.872916e+00,8.679573e+00
997,2.514481e-18,-1.502630e-05,-1.719580e-04,5.377422e-04,-1.102055e+00,-2.549847e-01,3.157861e+00
998,7.799603e-19,-1.183718e-05,-1.709354e-04,5.346591e-04,-2.962101e-01,2.945052e-01,2.447122e+00
999,7.403788e-18,-1.020443e-05,-1.648467e-04,5.490840e-04,-7.317566e-01,1.988896e-02,7.700307e+00
1000,2.663908e-18,-1.093423e-05,-1.601621e-04,5.493835e-04,1.264872e-02,3.705090e-02,7.514731e+00
1001,6.192144e-17,2.116983e-06,-1.249804e-04,5.460931e-04,-6.272623e-01,-4.688568e-02,1.207511e+01
1002,4.917815e-17,3.604333e-06,-1.277527e-04,4.991532e-04,4.579597e-01,9.468328e-02,4.926068e+00
1003,1.991958e-18,7.869973e-06,-1.257204e-04,5.005734e-04,-1.797876e-01,-1.819627e-01,4.935808e+00
1004,4.910287e-17,2.427399e-06,-1.410802e-04,5.191192e-04,-1.057795e-01,2.372953e-01,6.791489e+00
1005,4.446861e-17,1.827030e-05,-1.415501e-04,5.148504e-04,1.091667e+00,5.729239e-01,1.822542e+00
1006,1.363105e-17,-3.740480e-07,-1.396924e-04,5.240775e-04,9.527156e-01,6.249831e-01,1.640684e+00
1007,3.550709e-18,8.426288e-06,-1.390601e-04,5.081913e-04,1.039785e+00,-5.050943e-03,2.274727e+00
1008,8.669758e-18,7.538440e-06,-1.257842e-04,5.093905e-04,1.427262e-01,-3.930344e-02,5.940688e+00
1009,3.682527e-18,-1.641430e-05,-1.257801e-04,5.327811e-04,-2.444564e+00,-6.228319e-03,1.450635e+01
1010,1.110158e-16,-1.567033e-05,-1.257284e-04,5.357181e-04,-1.500760e+00,6.975709e-01,1.124198e+01
1011,1.871848e-17,-1.257707e-05,-1.464585e-04,5.318644e-04,9.151510e-01,-8.230408e-01,1.565414e+01
1012,7.013502e-17,-6.880271e-06,-1.439205e-04,5.259331e-04,1.606385e+00,-1.083170e+00,1.096358e+01
1013,5.671161e-18,-3.907643e-06,-1.257807e-04,5.441036e-04,-2.409545e-03,1.137831e-01,1.831447e+01
1014,5.647851e-18,7.035938e-06,-1.257790e-04,5.373071e-04,-6.302084e-02,-3.360102e-02,1.232269e+01
1015,3.047811e-18,-7.819668e-06,-1.304709e-04,5.350454e-04,1.661594e-01,2.704592e-01,7.240331e+00
1016,4.046272e-18,-7.825202e-06,-1.250600e-04,5.321504e-04,-9.108162e-01,1.172183e-01,6.925699e+00
1017,7.037671e-18,-1.640401e-05,-1.421846e-04,5.257639e-04,-1.965704e-01,-1.651367e-03,5.639908e+00
1018,5.808288e-18,-1.541987e-05,-1.335958e-04,5.355356e-04,-2.492022e-02,1.599615e-02,5.810101e+00
1019,6.212545e-18,2.347384e-06,-1.338008e-04,5.339402e-04,4.482708e-02,-3.434914e-01,4.204824e+00
1020,3.322200e-18,3.121709e-06,-1.414058e-04,5.485378e-04,3.341549e-02,-5.930837e-02,5.405996e+00
1021,1.428832e-17,-1.607824e-05,-1.421752e-04,5.493082e-04,9.734485e-01,6.284114e-01,1.148437e+01
1022,2.131606e-18,-1.630880e-05,-1.499953e-04,5.119143e-04,9.129933e-01,4.458731e-01,1.713984e+01
1023,1.154270e-17,-1.640178e-05,-1.498383e-04,5.174897e-04,2.230925e-01,8.046375e-01,1.966006e+01
1024,9.961852e-18,-3.868588e-06,-1.262906e-04,5.224686e-04,-1.823164e-01,3.329281e-01,1.319275e+01
1025,4.557414e-18,-3.129446e-06,-1.265590e-04,5.147188e-04,2.432754e-01,-2.238669e-01,1.056441e+01
1026,4.350255e-18,-1.328424e-05,-1.281153e-04,5.148474e-04,3.177264e-01,7.177980e-01,5.943009e+00
1027,1.283092e-18,-1.643797e-05,-1.491954e-04,5.040454e-04,2.935326e-01,1.516954e+00,1.120587e+01
1028,3.737589e-18,-3.906478e-06,-1.351552e-04,5.178682e-04,-1.257093e-01,6.224209e-02,3.646593e+00
1029,1.293230e-18,-2.339482e-06,-1.335959e-04,5.240453e-04,5.646520e-02,-4.828893e-02,3.131033e+00
1030,4.117992e-18,1.203077e-04,1.869477e-05,5.238182e-04,5.092334e-02,-3.920272e-01,2.887235e+01
1031,4.964138e-17,1.125672e-04,6.638141e-06,5.181051e-04,-7.392363e-01,-4.642899e-01,4.260153e+00
1032,4.807763e-18,1.195301e-04,1.874946e-05,5.039634e-04,-9.098549e-01,-7.424565e-02,1.833304e+01
1033,1.072703e-18,1.196439e-04,1.854466e-05,5.094533e-04,3.972535e-02,-1.605188e+00,2.016201e+01
1034,2.994750e-17,1.192842e-04,1.541250e-05,5.099262e-04,-6.002904e-01,1.772295e-01,1.571191e+01
1035,7.023992e-18,1.148056e-04,7.690517e-06,5.086489e-04,-1.773267e-01,7.705122e-02,8.802783e+00
1036,9.141227e-18,1.231234e-04,2.009734e-05,5.003737e-04,-6.572836e-01,1.652166e+00,4.180888e+00
1037,4.721259e-17,1.078689e-04,1.895709e-05,5.218619e-04,2.237702e-01,1.082825e-01,4.484741e+00
1038,1.640092e-17,1.044445e-04,1.119098e-05,5.152797e-04,-3.697105e-01,-1.616427e+00,9.656597e+00
1039,2.619300e-18,1.070266e-04,8.599133e-06,5.213695e-04,9.836868e-02,-4.050653e-02,5.374494e+00
1040,4.975036e-19,1.046969e-04,1.522988e-05,5.071381e-04,2.771399e-01,7.086348e-01,5.283040e+00
1041,2.234701e-18,1.194340e-04,1.876196e-05,5.192585e-04,-6.621909e-02,3.452087e-01,2.611989e+01
1042,7.874204e-18,1.156378e-04,1.736629e-05,5.139651e-04,5.930160e-02,-1.407798e+00,3.156002e+00
1043,2.329699e-18,1.196402e-04,1.863984e-05,5.148218e-04,7.102508e-01,7.306580e-01,2.441131e+01
1044,2.143455e-17,1.511545e-04,-2.398764e-06,4.974434e-04,-1.708185e-01,1.059074e+00,7.320599e+00
1045,4.577915e-17,1.305454e-04,-4.343239e-06,4.873531e-04,1.106580e+00,-7.944574e-03,2.222177e+00
1046,1.913695e-17,1.253721e-04,-8.165538e-06,4.893428e-04,-1.889299e+00,4.295082e+00,1.470549e+01
1047,2.591242e-17,1.395486e-04,-8.536057e-06,4.943759e-04,-1.541410e+00,2.475370e+00,6.800188e+00
1048,3.140545e-17,1.403659e-04,-1.522313e-05,4.896450e-04,9.826811e-01,1.035799e+00,4.707334e+00
1049,5.261379e-18,1.453147e-04,-7.812090e-06,4.993350e-04,2.591422e-02,-2.490339e-02,6.458542e+00
1050,3.715092e-17,1.341247e-04,-9.531009e-07,4.834455e-04,-1.597993e+00,1.529724e+00,8.257927e-01
1051,2.717383e-18,1.491612e-04,-4.780819e-06,4.950309e-04,-7.248072e-01,1.618618e-01,8.655242e+00
1052,1.634889e-18,1.462216e-04,-7.817657e-06,4.824382e-04,3.924323e-02,-7.984779e-02,1.751323e+00
1053,1.526983e-17,1.367235e-04,3.574685e-07,4.958168e-04,-9.280017e-02,-1.918286e+00,2.263085e+00
1054,1.025843e-18,1.445231e-04,-2.350646e-06,4.993587e-04,9.226777e-02,1.750902e-01,3.673148e+00
1055,1.282918e-18,1.429575e-04,-1.014842e-05,4.868904e-04,-2.131834e-01,5.097330e-01,3.993875e+00
1056,1.253494e-18,1.343772e-04,-8.012041e-07,4.993531e-04,-2.737290e-02,-4.596088e-01,2.609540e+00
1057,3.263725e-18,1.414050e-04,-4.674159e-06,4.880576e-04,8.167582e-02,1.348049e+00,4.043064e+00
1058,3.663323e-18,1.343785e-04,-8.561841e-07,4.943866e-04,4.726257e-02,-1.304249e-01,5.136465e+00
1059,5.455332e-18,1.336342e-04,-7.076004e-06,4.888701e-04,3.869650e-02,-1.195627e-01,-6.476185e-01
1060,2.780271e-18,1.320267e-04,-2.445236e-05,4.961681e-04,-3.448320e-02,-9.905800e-02,-1.375843e+00
1061,1.217987e-18,1.351543e-04,-7.053053e-06,4.814257e-04,-6.194485e-01,-4.356697e-01,-4.210515e-01
1062,1.424574e-18,1.320393e-04,-2.460937e-05,4.888228e-04,-3.107422e-01,-7.532756e-02,-2.656472e+00
1063,1.179290e-17,1.359352e-04,-2.427556e-05,4.804829e-04,-2.082635e-03,-2.559996e-02,-1.115990e+00
1064,1.988668e-17,1.287587e-04,6.896316e-06,4.934103e-04,-2.681025e-01,1.654526e-01,7.450706e+00
1065,2.407240e-17,1.273022e-04,9.335131e-06,4.976301e-04,-1.853947e-01,-4.932470e-01,6.151372e+00
1066,1.443168e-17,1.398539e-04,2.003278e-05,4.949970e-04,9.734776e-02,1.391856e-02,5.757142e+00
1067,1.945173e-18,1.335382e-04,1.254855e-05,4.930433e-04,-9.060989e-01,-3.090515e-02,7.903302e+00
1068,3.411190e-18,1.390657e-04,7.813109e-06,4.958582e-04,1.106598e+00,3.659773e-02,3.132731e+00
1069,8.020386e-18,1.366135e-04,3.936915e-06,4.846914e-04,4.237813e-01,-1.264386e+00,1.286584e+00
1070,1.574376e-17,1.439789e-04,1.273998e-05,4.954783e-04,6.584753e-01,-1.310651e-01,1.989272e+00
1071,2.958531e-19,1.285169e-04,1.367213e-05,4.993895e-04,9.051106e-01,1.953058e-01,1.472618e+00
1072,3.456193e-18,1.296912e-04,5.461690e-06,4.802413e-04,8.303852e-03,-3.421289e-01,3.442073e-01
1073,5.546310e-18,1.421318e-04,2.440976e-05,4.923276e-04,5.472477e-02,1.860336e-01,-1.136194e+00
1074,2.971397e-18,1.273448e-04,2.460980e-05,4.908840e-04,1.662354e-02,-3.697094e-02,-5.484681e-02
1075,1.566446e-16,1.100207e-04,4.139986e-06,4.904549e-04,-1.072349e+00,-1.358136e+00,2.690764e+00
1076,8.526084e-17,1.201025e-04,1.052890e-05,4.886408e-04,-3.419090e-01,-3.227275e-01,6.921841e+00
1077,5.012213e-19,1.191431e-04,1.875394e-05,4.978382e-04,1.972760e-01,-1.074997e-01,1.267143e+01
1078,5.666429e-19,1.207056e-04,1.485765e-05,4.993854e-04,2.378810e-01,1.075720e+00,7.265979e+00
1079,2.959823e-18,1.203182e-04,1.487310e-05,4.919419e-04,5.518587e-02,7.225814e-01,5.960293e+00
1080,2.381540e-18,1.148450e-04,8.598064e-06,4.981311e-04,-3.670153e-02,1.318665e-01,4.915184e+00
1081,5.041624e-18,1.201814e-04,1.170962e-05,4.962996e-04,-1.231085e-01,4.294673e-01,4.091801e+00
1082,1.070835e-16,1.002632e-04,-2.316873e-06,4.912301e-04,-6.576472e-01,-1.598481e-01,3.909427e+00
1083,2.679642e-17,1.227042e-04,6.947234e-06,4.943058e-04,4.660612e-01,-6.028881e-01,2.488811e+00
1084,1.256479e-18,1.195188e-04,1.874342e-05,4.954876e-04,-8.167888e-01,1.446755e-01,1.152866e+01
1085,9.618418e-19,1.181011e-04,9.388369e-07,4.915540e-04,5.672243e-01,-7.354039e-01,7.576409e+00
1086,4.825714e-18,1.046855e-04,1.485275e-05,4.948099e-04,-4.738071e-02,-4.565863e-01,4.258749e+00
1087,4.479559e-18,1.205680e-04,1.502284e-06,4.845130e-04,5.790646e-02,1.689935e-01,3.381628e+00
1088,2.395925e-19,1.175783e-04,3.515724e-06,4.822002e-04,8.834635e-01,1.577022e+00,3.611715e-01
1089,4.393145e-18,1.234507e-04,1.015275e-05,4.829790e-04,6.952745e-01,2.275663e-01,4.842450e+00
1090,1.184934e-18,1.195143e-04,1.876803e-05,4.908169e-04,-1.017356e+00,7.625954e-02,7.816329e+00
1091,1.098058e-18,1.195237e-04,1.873902e-05,4.884706e-04,5.870367e-01,2.066643e-01,7.717123e+00
1092,3.480118e-18,1.196222e-04,1.869142e-05,4.853865e-04,-2.560104e-03,4.717265e-01,6.874942e+00
1093,3.280808e-18,1.195429e-04,1.869830e-05,4.810276e-04,4.841104e-01,4.060570e-01,4.932690e+00
1094,3.368356e-18,1.132813e-04,2.460952e-05,4.806478e-04,-1.882901e-02,1.875254e-02,-1.278891e+00
1095,5.571351e-18,-1.562772e-05,9.264108e-06,5.413847e-04,-9.448365e-03,2.115086e-01,3.132690e+01
1096,4.594753e-18,-1.563463e-05,9.350698e-06,5.474183e-04,-2.098718e-02,-9.551611e-02,3.300562e+01
1097,6.215217e-18,-1.560441e-05,9.257063e-06,5.323138e-04,-5.438256e-01,5.383033e-02,2.762989e+01
1098,4.012388e-18,-1.171668e-05,7.816053e-06,5.248271e-04,-2.775291e-02,1.286931e-01,4.961166e+00
1099,1.259495e-16,-1.000184e-05,-2.280904e-06,5.303764e-04,-2.057452e-01,4.416673e-01,6.377122e+00
1100,1.194156e-17,-1.796691e-05,4.372903e-06,5.447600e-04,3.119079e-02,4.256494e-03,1.055482e+01
1101,8.883695e-17,-1.056906e-05,1.379424e-05,5.394878e-04,1.804185e+00,1.024778e+00,7.722699e+00
1102,2.008180e-18,-2.342678e-05,9.379921e-06,5.402626e-04,-4.300199e-02,2.768853e-02,7.853737e+00
1103,3.959500e-17,-2.957208e-06,1.669511e-05,5.448144e-04,-4.236666e-01,1.147870e+00,6.486507e+00
1104,1.546795e-18,-7.749783e-06,2.058296e-05,5.267681e-04,3.002919e-02,-1.404322e-02,6.000496e+00
1105,2.569224e-18,-1.173723e-05,7.818257e-06,5.312152e-04,-4.845826e-02,-8.638128e-03,5.899526e+00
1106,1.441687e-18,-1.881594e-05,1.569709e-05,5.420729e-04,7.255306e-02,-9.676429e-02,-8.566370e-01
1107,4.301005e-17,-7.817644e-06,1.211621e-05,5.067674e-04,2.621776e+00,5.976162e+00,2.088559e+01
1108,1.636617e-16,-1.599432e-05,6.275361e-06,5.096986e-04,2.343140e+00,-9.943107e-01,1.216333e+01
1109,5.192038e-18,-1.564104e-05,9.031543e-06,5.210037e-04,2.284998e-01,2.373280e-02,1.726825e+01
1110,6.530175e-18,-2.187725e-05,1.062668e-05,5.041577e-04,-7.524731e-01,-1.152186e+00,1.357983e+01
1111,2.918996e-17,-1.253860e-05,1.567082e-05,5.155278e-04,2.423139e-01,-3.115546e-01,6.022349e+00
1112,2.431517e-19,-1.601655e-05,7.417903e-06,5.178928e-04,1.380986e-01,-4.890767e+00,1.394768e+01
1113,3.478285e-17,-1.737129e-05,1.763025e-06,5.234494e-04,2.571107e-01,2.634294e-01,4.853585e+00
1114,1.083845e-17,-1.617825e-05,1.719690e-05,5.125002e-04,7.665232e-02,-3.102800e+00,-4.005653e-01
1115,3.249034e-18,-7.818496e-06,1.951839e-05,5.244310e-04,6.558607e-02,-7.968565e-01,7.969647e+00
1116,8.261650e-18,-4.796202e-06,2.802056e-06,5.033275e-04,-3.907330e-01,-1.512349e+00,2.435306e-01
1117,1.720638e-16,1.214774e-05,8.935815e-06,5.319015e-04,-1.487941e+00,8.440420e-02,6.680456e+00
1118,1.099827e-17,2.171355e-05,2.421538e-05,5.282743e-04,-3.334245e-01,3.127910e-02,8.265398e+00
1119,1.238814e-17,3.446164e-06,1.684083e-05,5.398193e-04,-2.318849e+00,-1.848864e+00,8.586237e+00
1120,3.098399e-18,2.186916e-05,2.349290e-06,5.395127e-04,-2.363787e-01,3.901601e-01,3.044865e+00
1121,1.459585e-18,1.641850e-05,2.498601e-05,5.346494e-04,8.952010e-02,-3.203525e-02,2.712589e+00
1122,3.088259e-18,3.127778e-06,1.562365e-06,5.289283e-04,-1.454580e-01,8.665676e-02,-1.032589e+00
1123,6.169407e-18,2.265138e-05,1.015929e-05,5.237573e-04,1.780959e-01,-2.765426e-01,5.300723e+00
1124,2.706780e-17,5.896916e-06,2.019731e-05,5.175309e-04,2.101947e+00,-1.340277e+00,3.435209e+00
1125,6.448766e-18,2.111335e-05,1.798786e-05,5.115695e-04,-2.155264e-01,-7.485519e-02,4.090137e+00
1126,3.094180e-18,1.094031e-05,8.605806e-06,5.082467e-04,1.015778e-01,-4.315761e-01,1.060123e+00
1127,3.676795e-18,5.467569e-06,8.597187e-06,5.225174e-04,-3.337041e-03,-3.966580e-02,1.350519e+00
1128,4.107260e-16,-6.124739e-06,4.104221e-05,5.392342e-04,-2.984986e-02,-4.396471e-01,8.652491e+00
1129,1.095730e-16,-2.394325e-06,3.117344e-05,5.391782e-04,-3.951188e-01,-6.294264e-01,8.179921e+00
1130,5.727344e-17,-3.752913e-07,4.265206e-05,5.331746e-04,2.180345e+00,-1.822315e+00,2.647904e+01
1131,6.518648e-18,-9.589258e-06,3.376143e-05,5.393899e-04,2.874599e-01,-1.411751e-01,3.225743e+00
1132,2.993948e-18,-3.904883e-06,3.905681e-05,5.484868e-04,-1.765283e-02,-3.320159e-02,5.059585e+00
1133,5.034896e-17,2.137359e-05,2.810438e-05,5.397743e-04,2.485459e+00,-3.024010e-01,6.190872e+00
1134,4.284452e-18,4.688575e-06,3.515301e-05,5.488580e-04,1.286131e-01,1.802790e-02,9.947105e+00
1135,4.384148e-18,4.693335e-06,4.689304e-05,5.308883e-04,-3.223799e-02,7.781699e-01,5.616129e+00
1136,6.674901e-18,2.346916e-06,4.257930e-05,5.384239e-04,-1.117680e-01,2.126039e-01,4.265612e+00
1137,3.074918e-18,5.476643e-06,4.766335e-05,5.354351e-04,3.059766e-02,5.587649e-02,-1.134785e+00
1138,1.688246e-16,9.868030e-05,-1.352165e-05,4.866144e-04,1.684713e+00,-3.623815e-01,1.813395e+00
1139,2.585597e-18,1.218713e-04,-2.031261e-05,4.989457e-04,9.862445e-02,3.164847e-01,-1.214146e+00
1140,2.553713e-18,1.031295e-04,-5.451169e-06,4.833971e-04,-1.261835e-02,-1.074567e-01,-9.451708e-01
1141,1.509413e-16,8.754199e-05,-7.789857e-06,4.882811e-04,-1.421485e+00,1.669055e+00,7.343797e+00
1142,9.989070e-17,8.105076e-05,1.205397e-05,4.891655e-04,-6.264146e-01,-7.732163e-01,2.254194e+00
1143,9.007173e-18,9.057787e-05,-1.566889e-05,4.914504e-04,-1.095071e-01,4.177816e-01,1.727830e+01
1144,1.250309e-18,8.754554e-05,-1.096801e-05,4.829948e-04,-4.113608e+00,7.460612e-01,7.508456e+00
1145,1.572971e-17,9.137798e-05,-1.642098e-05,5.010751e-04,-2.798903e-01,-1.135500e+00,2.474318e+01
1146,2.123864e-18,9.077421e-05,-1.405593e-05,4.866692e-04,1.114406e+00,-7.698448e-01,1.282670e+01
1147,4.710488e-18,9.455642e-05,-1.249942e-06,4.989726e-04,5.728082e-01,-1.824279e+00,1.160304e+01
1148,3.258737e-18,8.984077e-05,-7.587030e-07,4.950651e-04,-4.483479e-01,6.199603e-01,6.580895e+00
1149,2.461752e-18,8.752725e-05,-6.939224e-06,4.822063e-04,1.753932e+00,1.779660e+00,6.542307e+00
1150,3.175551e-18,7.968685e-05,-1.017877e-05,4.927550e-04,-5.574448e-03,-4.451215e-01,6.865473e+00
1151,3.427853e-18,9.071876e-05,-1.294618e-05,4.824182e-04,2.392204e-01,2.176553e+00,8.522600e+00
1152,3.554647e-18,8.513033e-05,-3.097951e-06,4.932800e-04,-8.432811e-03,-4.738794e-02,5.833029e+00
1153,2.645278e-18,8.984597e-05,-7.787016e-07,4.880622e-04,2.577511e-02,5.143052e-02,4.465846e+00
1154,6.600115e-18,8.515490e-05,-3.126769e-06,4.803197e-04,-9.169417e-02,4.011619e-02,9.386931e-01
1155,3.360039e-18,7.969140e-05,-8.596843e-06,4.865170e-04,-1.238206e-01,1.146184e+00,3.501979e+00
1156,2.414728e-19,8.085884e-05,-1.601423e-05,4.814372e-04,-3.628228e-01,-2.334538e-01,-3.495840e+00
1157,6.179959e-18,8.515709e-05,-3.125387e-06,5.013677e-04,1.777015e-01,-3.193309e-02,6.834637e+00
1158,1.352176e-18,8.752445e-05,-8.984662e-06,4.771095e-04,-7.765123e-01,1.057626e+00,-8.738517e-01
1159,1.575582e-17,9.613363e-05,-1.290608e-05,5.026499e-04,1.077935e+00,7.639567e-01,1.681977e+00
1160,6.235460e-18,9.563845e-05,-3.140395e-06,4.800953e-04,3.148279e-01,6.107347e-02,9.387881e-01
1161,3.242345e-18,7.657218e-05,-1.094686e-05,4.834034e-04,1.315681e-01,-3.235739e-01,6.433527e+00
1162,4.667868e-18,7.736860e-05,-1.091515e-05,4.778355e-04,-3.633167e-01,-6.317067e-02,1.811935e+00
1163,2.849283e-18,8.510942e-05,-3.166292e-06,4.872811e-04,1.118044e-01,-1.063717e+00,3.279587e+00
1164,7.623607e-18,9.218716e-05,1.328329e-05,4.880628e-04,5.386472e-02,1.736340e-01,4.705395e+00
1165,7.971512e-17,9.245307e-05,1.314819e-05,4.879881e-04,-1.560547e-01,-8.086649e-02,4.803944e+00
1166,1.143868e-17,9.348974e-05,2.421891e-05,4.828618e-04,-2.057551e-01,1.329172e-02,-6.529615e-01
1167,5.519444e-17,9.322175e-05,2.390990e-05,4.828275e-04,-1.815149e-01,2.367112e-01,-4.715530e-01
1168,2.042032e-17,8.625193e-05,5.287535e-06,4.962428e-04,-9.777718e-02,-6.086615e-01,7.063021e+00
1169,2.587062e-18,9.687644e-05,3.129844e-06,4.887835e-04,-6.227929e-02,-4.055006e-02,2.639040e+00
1170,1.581837e-17,7.894582e-05,1.996479e-05,4.889817e-04,-1.085622e+00,6.162098e-01,2.891276e+00
1171,5.583994e-18,8.984714e-05,1.327905e-05,4.982272e-04,-1.497721e-01,7.685917e-02,2.080729e+00
1172,1.110033e-18,9.449589e-05,8.133774e-07,4.962313e-04,2.573013e-01,-3.561215e-01,1.000234e+01
1173,1.510637e-17,8.753401e-05,1.870102e-05,4.847937e-04,2.258220e-01,6.477871e-02,2.925666e+00
1174,3.001780e-18,9.373109e-05,1.294622e-05,4.834246e-04,2.364348e-01,-3.480213e+00,8.596955e+00
1175,5.501051e-19,9.374671e-05,1.601616e-05,4.775416e-04,3.742703e-01,5.049607e-02,1.765515e+00
1176,2.984616e-18,9.438859e-05,6.367371e-07,4.883557e-04,-1.969719e-01,2.037375e-01,5.813150e+00
1177,2.214449e-18,9.385325e-05,7.727301e-07,4.769418e-04,-6.676154e-02,2.016209e-01,-5.224464e-01
1178,3.082356e-19,9.101591e-05,1.288959e-05,4.775386e-04,-4.245364e-01,-7.428370e-01,-1.419886e+00
1179,2.425497e-18,7.656597e-05,2.460964e-05,4.799220e-04,9.345226e-02,-2.844475e-02,1.836933e-01
1180,1.275512e-17,7.963975e-05,-1.620550e-05,5.117855e-04,6.311831e-02,-2.778419e+00,1.360206e+01
1181,1.905650e-18,9.601772e-05,-1.481820e-06,5.172211e-04,-1.235829e+00,1.571993e+00,1.298542e+01
1182,2.437160e-18,8.515211e-05,-3.130132e-06,5.144337e-04,2.443044e-01,1.451677e-01,1.150002e+01
1183,2.849959e-18,7.968444e-05,-1.333056e-05,5.036897e-04,2.920004e-01,-1.116829e-01,1.110930e+01
1184,9.683139e-17,-1.014836e-05,2.248037e-04,4.780953e-04,-1.134562e+00,1.474472e-01,9.783836e-01
1185,9.855330e-19,-2.475221e-06,2.365837e-04,4.767398e-04,-5.766024e-01,-1.444225e-01,6.859176e-01
1186,1.471585e-17,-7.818021e-06,2.435402e-04,4.728544e-04,4.428349e-02,-2.287669e+00,-1.114964e+00
1187,2.507585e-19,-5.859452e-06,2.433593e-04,4.697096e-04,-9.707769e-02,3.992827e-01,-3.081653e+00
1188,1.663106e-17,-1.621655e-05,2.031189e-04,4.777286e-04,4.519243e-01,-1.510377e+00,1.165500e-01
1189,2.906858e-18,-1.248443e-05,2.046685e-04,4.724069e-04,-7.841759e-01,-1.169570e+00,-7.559994e+00
1190,3.742164e-18,-1.604886e-06,2.032363e-04,4.753123e-04,-1.025232e-01,-1.488442e-01,1.384446e+00
1191,1.142261e-17,-3.906969e-06,2.221365e-04,4.890919e-04,-2.439583e+00,1.935218e-01,3.822804e+00
1192,3.963369e-17,-3.935009e-06,2.040942e-04,4.976697e-04,-2.769342e-01,-1.276820e+00,1.445411e+01
1193,7.632966e-18,-1.796812e-05,2.164069e-04,4.997922e-04,-1.468354e+00,-1.339168e+00,1.091752e+01
1194,8.379612e-17,-1.744861e-05,2.163931e-04,5.012130e-04,9.817386e-02,9.048713e-01,9.323224e+00
1195,1.296207e-17,-4.147022e-06,2.025969e-04,4.931431e-04,-5.163620e-01,-3.398935e+00,1.442722e+01
1196,2.167602e-17,-8.149300e-06,2.116773e-04,4.919899e-04,2.399735e+00,2.734612e+00,4.078226e+00
1197,1.432427e-17,-1.335613e-05,2.140854e-04,4.882932e-04,1.099874e-01,-2.155944e+00,4.549243e+00
1198,5.172437e-17,-4.058491e-06,2.219937e-04,4.889844e-04,-2.241711e+00,5.304565e-02,3.506283e+00
1199,3.648679e-17,-1.636730e-05,2.174933e-04,4.819580e-04,-1.526482e-01,-1.381753e+00,3.484788e+00
1200,9.003111e-19,-1.783143e-05,2.131412e-04,4.900236e-04,-5.848270e-01,2.970010e-01,6.122538e+00
1201,2.521101e-19,-7.423554e-06,2.082021e-04,5.001509e-04,-2.119537e-01,9.772846e-02,2.141398e+00
1202,4.377235e-18,-1.796936e-05,2.132271e-04,4.806197e-04,-2.751915e-01,4.311315e-01,2.765983e+00
1203,1.973081e-17,-9.321306e-06,2.165879e-04,4.813766e-04,-1.255099e+00,1.743117e-01,1.181273e+00
1204,3.214276e-18,-9.387675e-06,2.046685e-04,4.942902e-04,-1.619749e-01,1.760482e-01,5.575881e+00
1205,3.006117e-18,-1.600734e-06,2.031569e-04,4.782732e-04,1.036690e+00,-6.607698e-02,2.038032e+00
1206,4.376485e-18,-2.348637e-06,2.148390e-04,4.978020e-04,2.589249e-02,3.146696e-02,3.150574e+00
1207,2.544965e-18,-1.874204e-05,2.164084e-04,4.928298e-04,4.449559e-01,-7.946747e-01,1.072908e+01
1208,1.594387e-18,-1.901408e-05,2.163320e-04,4.957844e-04,-6.332212e-01,-1.207554e-01,1.293235e+01
1209,1.466128e-17,-2.010056e-05,2.252415e-04,5.029000e-04,-1.265758e+00,4.465585e-01,3.956115e+00
1210,2.640820e-18,-1.876146e-05,2.163914e-04,4.896938e-04,5.649755e-01,-2.500828e-01,9.207479e+00
1211,2.776325e-18,-7.034334e-06,2.085805e-04,4.849310e-04,3.674831e-01,-5.961012e-02,5.471616e-01
1212,2.309226e-18,-1.870241e-05,2.164448e-04,4.801484e-04,5.526874e-01,7.825612e-01,6.889646e+00
1213,1.247633e-16,2.029838e-06,2.285894e-04,5.271513e-04,2.377355e-01,-1.449746e+00,1.305561e+01
1214,2.067821e-16,-4.853612e-08,2.483929e-04,5.224793e-04,-4.310377e-01,1.138730e-01,7.906046e+00
1215,1.213512e-17,1.946146e-06,2.259276e-04,5.187096e-04,4.722571e-01,-8.489803e-01,1.467587e+01
1216,1.138770e-18,1.249632e-05,2.281281e-04,5.263572e-04,-4.316585e-01,8.153785e-02,5.083041e+00
1217,3.910137e-18,2.230518e-05,2.495608e-04,5.255099e-04,4.078211e-01,4.571361e-02,4.266483e+00
1218,3.816781e-17,4.816857e-07,2.415617e-04,5.420804e-04,-4.037408e-01,1.627006e+00,9.382092e+00
1219,9.785016e-17,9.119967e-06,2.356037e-04,5.407587e-04,8.790027e-01,4.939323e-01,6.291507e+00
1220,2.242012e-17,4.235879e-06,2.425088e-04,5.493159e-04,-2.544360e-01,-6.615453e-02,1.083722e+01
1221,8.216672e-17,-1.056998e-05,2.486771e-04,5.443873e-04,-1.232315e+00,7.974435e-02,6.781911e+00
1222,6.727093e-17,1.050030e-05,2.487111e-04,5.415290e-04,-3.389134e-01,2.674142e-01,6.407065e+00
1223,9.882996e-18,4.994036e-06,2.297589e-04,5.460542e-04,3.127700e+00,9.871125e-01,1.041160e+01
1224,1.752171e-17,1.169989e-05,2.245134e-04,5.373277e-04,1.758061e+00,-5.148990e-02,9.129003e+00
1225,5.080810e-18,3.155573e-06,2.445781e-04,5.391606e-04,-7.985415e-01,-2.618211e-01,3.338954e+00
1226,1.539235e-17,2.145150e-06,2.265793e-04,5.435287e-04,8.991890e-03,-3.904642e-02,2.075033e+01
1227,3.495036e-18,1.315663e-05,2.496083e-04,5.481314e-04,1.983048e+00,-6.053882e-03,3.433608e+00
1228,1.837927e-18,1.419272e-05,2.376225e-04,5.418769e-04,-1.648948e-01,1.768102e-01,3.175163e+00
1229,4.629177e-18,-1.406309e-05,2.343798e-04,5.293002e-04,-1.149191e-03,-2.200553e-01,6.775603e+00
1230,4.294046e-17,-1.549611e-05,2.489635e-04,5.314216e-04,-2.928182e-01,7.450738e-03,7.143121e+00
1231,3.499609e-18,-3.906898e-06,2.398459e-04,5.271401e-04,1.126113e-02,1.588575e-02,2.739761e+00
1232,4.482285e-18,-9.372772e-06,2.328108e-04,5.413687e-04,-4.648729e-02,-4.510334e-01,4.981447e+00
1233,2.032991e-18,-3.906378e-06,2.335991e-04,5.358124e-04,-2.489762e-02,-2.205241e-02,3.539801e-01
1234,1.861405e-18,-3.852603e-06,2.336564e-04,5.336238e-04,-5.257371e-02,-4.074875e-02,-3.838688e-01
1235,7.124141e-18,-7.944137e-07,2.033417e-04,5.271877e-04,2.938909e-02,-1.220823e+00,6.867361e+00
1236,6.767483e-18,6.481547e-07,2.195279e-04,5.375215e-04,2.297096e-01,-2.969862e-01,1.249824e+01
1237,2.603031e-17,2.087350e-05,2.014519e-04,5.438204e-04,3.347692e-01,-5.483713e-01,4.177882e+00
1238,1.227448e-16,2.111467e-05,2.013448e-04,5.436895e-04,3.227024e-01,-5.744476e-01,4.013374e+00
1239,1.286519e-16,3.660835e-06,2.058991e-04,5.039382e-04,-5.134562e-01,6.483404e-01,3.938769e+00
1240,3.243780e-17,2.524680e-06,2.211545e-04,5.088550e-04,-7.220663e-01,2.669908e+00,9.300178e+00
1241,1.263249e-17,1.100185e-06,2.206415e-04,5.177650e-04,-8.285948e-01,1.594742e+00,1.005381e+01
1242,7.387431e-17,8.999158e-06,2.230054e-04,4.981536e-04,4.308363e-02,-5.141069e-01,8.841871e+00
1243,2.096683e-17,1.476946e-05,2.103696e-04,5.134024e-04,9.741689e-02,5.468669e-01,6.782251e+00
1244,2.720015e-17,4.771743e-06,2.131875e-04,5.123976e-04,-3.711573e+00,-1.135299e+00,1.228102e+01
1245,3.269830e-18,-7.787746e-07,2.078133e-04,5.190223e-04,5.484768e-02,1.301835e-01,6.693753e+00
1246,3.396008e-17,1.497924e-05,2.010772e-04,5.200079e-04,1.249712e+00,-1.841632e-01,5.406303e+00
1247,1.257683e-18,1.171134e-05,2.164005e-04,5.024933e-04,-3.534562e-01,2.360628e-02,8.222410e+00
1248,6.591574e-18,1.873511e-05,2.213422e-04,5.110820e-04,2.454625e-01,-1.864896e-01,2.996548e+00
1249,1.814102e-16,1.647943e-05,1.963368e-04,5.282259e-04,3.635442e-01,5.062006e-01,6.084557e+00
1250,1.509198e-16,1.296353e-05,2.152923e-04,5.449326e-04,1.105488e+00,-1.561290e-01,6.099109e+00
1251,5.026321e-18,1.566484e-06,2.195372e-04,5.293154e-04,4.816282e-01,1.438854e-02,1.188085e+01
1252,4.957420e-18,1.053304e-05,2.203389e-04,5.472064e-04,-4.026966e-01,1.137096e-01,1.126731e+01
1253,3.372743e-18,6.245972e-06,2.203083e-04,5.342448e-04,-2.869930e+00,-1.720271e-01,1.094309e+01
1254,2.822917e-18,7.820658e-06,2.171814e-04,5.305209e-04,8.960015e-01,1.363325e-02,1.302421e+01
1255,2.491219e-17,1.561099e-05,2.095152e-04,5.389145e-04,1.952675e-01,4.759073e-01,7.858125e+00
1256,1.679420e-17,9.736644e-06,2.107996e-04,5.389935e-04,8.117293e-02,-7.235716e-01,5.692851e+00
1257,5.684038e-19,2.148880e-05,2.210950e-04,5.415234e-04,1.273159e-02,4.072482e-02,2.566386e+00
1258,2.417328e-18,1.641073e-05,2.226561e-04,5.410884e-04,1.065491e-01,4.077935e-02,3.616806e+00
1259,3.834623e-18,2.027524e-05,2.210938e-04,5.390030e-04,9.340369e-03,1.893691e-01,5.481088e+00
1260,5.120865e-19,9.403937e-06,2.066392e-04,5.497183e-04,-1.943078e-01,-6.997318e-01,1.780447e+01
1261,5.394187e-17,-8.269240e-06,2.164470e-04,5.328195e-04,-1.233307e+00,5.697621e-01,9.712219e+00
1262,1.881414e-17,-1.401207e-05,2.228581e-04,5.465798e-04,5.682868e-01,-1.855370e+00,1.023717e+01
1263,2.879001e-17,-1.268748e-05,2.062576e-04,5.264954e-04,-8.624405e-01,-4.661060e-01,1.020757e+01
1264,3.598902e-18,-1.719157e-05,2.070329e-04,5.256090e-04,-1.174321e-02,2.997222e-02,3.145832e+00
1265,2.383355e-18,-6.245722e-06,1.992100e-04,5.447410e-04,5.336144e-02,-3.388867e-02,4.550422e+00
1266,2.701173e-18,-1.407607e-05,2.179746e-04,5.252935e-04,-2.377994e-03,-1.309947e-01,1.692807e+00
1267,1.106757e-17,-1.026311e-05,2.022869e-04,5.430206e-04,6.410892e-01,-6.237268e-01,7.429218e+00
1268,3.748585e-17,-1.359689e-05,2.015610e-04,5.169155e-04,-2.132106e-01,-8.876150e-01,9.761863e+00
1269,1.358698e-16,-1.368521e-05,2.014848e-04,5.169150e-04,-2.119835e-01,-7.474077e-01,9.338855e+00
1270,9.722277e-17,-7.935635e-06,2.284353e-04,5.216024e-04,2.961493e-01,-4.329328e-01,7.497724e+00
1271,5.001521e-17,-1.530721e-05,2.214482e-04,5.143435e-04,-1.571342e-01,5.270318e-01,5.134030e+00
1272,4.067301e-18,-2.347917e-06,2.148418e-04,5.086152e-04,1.515491e-04,1.027685e-02,4.869984e+00
1273,4.014940e-18,-6.251766e-06,2.218786e-04,5.225550e-04,9.888313e-03,-2.115249e-02,2.730882e+00
1274,1.063787e-18,-2.337638e-06,2.148426e-04,5.140344e-04,3.280258e-01,-1.500132e-01,2.894588e+00
1275,1.389391e-17,-2.447780e-06,2.050801e-04,5.078937e-04,1.510814e-01,1.773997e+00,3.200080e+00
1276,1.086749e-18,-7.039982e-06,2.085965e-04,5.086626e-04,5.918663e-02,-3.827492e-02,1.573102e+00
1277,2.011720e-17,-1.922068e-05,2.188016e-04,5.215319e-04,4.098555e-01,3.065714e-01,6.260634e-01
1278,1.267693e-17,1.676311e-06,-3.905956e-05,4.697586e-04,-3.130200e+00,-7.342636e-01,-5.910377e+00
1279,1.034998e-18,-3.905935e-07,-2.792545e-05,4.764358e-04,-4.942709e-01,-3.015505e+00,6.570278e+00
1280,3.718724e-18,1.631289e-06,-1.451006e-05,4.714915e-04,-2.517645e-01,2.660162e+00,-6.617238e+00
1281,4.707328e-18,1.593868e-06,-1.690932e-05,4.771581e-04,-2.696835e-02,5.465947e-01,-1.592442e+00
1282,2.382028e-19,2.382513e-05,-1.445129e-05,4.751856e-04,-9.647563e-01,4.476774e-01,5.422591e+00
1283,3.552971e-19,2.070238e-05,-1.601604e-05,4.712791e-04,4.971110e-01,5.171973e-01,-2.207570e+00
1284,5.672501e-19,2.070325e-05,-1.679655e-05,4.693098e-04,2.126181e+00,1.145302e+00,-6.011506e+00
1285,3.156241e-19,3.516036e-06,-1.445318e-05,4.697056e-04,1.076678e+00,1.172992e+00,-5.569902e+00
1286,5.227421e-17,7.654239e-06,-2.363008e-05,4.882498e-04,-1.753269e+00,-1.076714e-02,5.105996e+00
1287,4.589292e-17,3.541904e-06,-2.037888e-05,4.948616e-04,2.228401e+00,7.998540e-01,7.898954e+00
1288,8.555698e-18,6.762356e-06,-2.499930e-05,4.993653e-04,-3.536074e-01,-1.584779e-01,7.974476e+00
1289,8.551298e-18,2.352284e-06,-1.254070e-05,4.943458e-04,-7.554568e-01,4.296987e-01,4.644458e+00
1290,4.750586e-18,1.952693e-05,-1.719165e-05,4.885624e-04,-1.316537e-01,-2.969306e-01,3.050761e+00
1291,3.412980e-18,1.952887e-05,-1.718669e-05,4.966284e-04,-1.238285e-01,-7.333808e-02,1.252742e+00
1292,3.388779e-18,1.323298e-05,-1.020260e-05,4.875697e-04,2.227322e-01,2.946304e-02,1.204731e+00
1293,7.689181e-18,1.987998e-05,-6.249658e-06,4.845555e-04,-2.487278e+00,-1.780398e-01,8.246227e-01
1294,4.410744e-18,1.571104e-06,-1.875202e-05,4.807165e-04,7.456275e-02,-4.004705e-01,-2.293448e+00
1295,3.858654e-18,2.087230e-05,-1.517962e-05,4.801206e-04,8.867899e-01,-8.671284e-01,6.221359e+00
1296,3.109036e-18,1.329585e-05,-1.330667e-05,4.786861e-04,9.297683e-01,4.964627e-01,-1.535087e+00
1297,3.548147e-19,1.523150e-05,1.917950e-04,4.759826e-04,1.062935e-01,-9.501401e-01,-3.803683e+00
1298,2.594604e-19,1.601625e-05,1.878920e-04,4.681584e-04,-3.597772e-01,-2.822615e+00,-7.693154e+00
1299,1.381686e-17,1.279390e-05,1.956253e-04,4.774576e-04,2.114167e-01,-6.896628e-01,2.438374e+00
1300,2.994084e-19,1.289149e-05,1.972650e-04,4.689538e-04,6.792410e-02,1.437509e-01,-5.797236e+00
1301,1.573342e-17,1.914803e-05,2.225746e-04,4.778207e-04,1.735137e+00,-5.302780e-03,1.801894e+00
1302,1.640236e-18,7.877910e-06,2.041757e-04,4.754724e-04,-1.602040e-01,6.280815e-01,-8.756976e-02
1303,3.871279e-19,5.077900e-06,2.277348e-04,4.767454e-04,5.462884e-01,-3.815471e+00,3.519135e-01
1304,1.211366e-18,3.121238e-06,2.378905e-04,4.715986e-04,-1.764330e+00,3.851817e-02,-4.460546e+00
1305,3.584071e-19,1.679634e-05,2.410152e-04,4.736308e-04,-1.109105e+00,7.621632e-01,-3.709117e+00
1306,2.468585e-19,-1.836270e-05,1.449230e-04,4.736333e-04,1.068314e+00,4.563312e+00,3.207452e+00
1307,1.282011e-18,-7.015963e-06,1.304412e-04,4.720575e-04,-3.406920e-01,1.482123e+00,-6.146937e+00
1308,1.994481e-18,-8.670627e-06,1.398526e-04,4.723017e-04,3.589032e+00,-4.366419e-01,-6.375672e+00
1309,1.927039e-18,-1.954224e-05,1.376168e-04,4.746187e-04,2.958184e-02,5.914263e-01,-1.091074e+00
1310,8.789907e-19,1.076258e-05,1.230470e-04,4.702128e-04,1.502967e+00,1.012353e+00,-5.994191e+00
1311,1.044686e-18,2.017447e-05,1.103119e-04,4.744156e-04,-9.380686e-02,-2.538884e-01,-9.230823e-01
1312,1.249347e-16,-5.036322e-06,-7.991613e-05,5.281499e-04,-9.684023e-01,-6.016601e-01,1.369742e+01
1313,1.007098e-16,8.879424e-06,-8.046745e-05,5.242766e-04,-7.824478e-01,-4.157423e-01,1.292043e+01
1314,1.132534e-16,-9.511257e-06,-8.624782e-05,5.347541e-04,-1.209303e+00,1.002812e+00,9.005333e+00
1315,9.802873e-17,-1.560311e-05,-9.467395e-05,5.445339e-04,1.309709e-01,-1.806142e-01,9.002881e+00
1316,4.445407e-17,5.384173e-06,-9.116023e-05,5.458317e-04,-1.316053e+00,-8.748590e-01,1.050320e+01
1317,7.369312e-18,1.094135e-05,-9.091872e-05,5.363928e-04,1.379715e-02,-9.158999e-01,1.009421e+01
1318,1.389189e-17,1.277624e-05,-8.060986e-05,5.357780e-04,-5.407517e-01,2.863923e-01,5.334097e+00
1319,2.933913e-18,1.172082e-05,-8.750147e-05,5.313238e-04,-2.057891e-01,8.599150e-02,8.800891e+00
1320,5.588980e-18,-9.591600e-06,-8.990606e-05,5.394289e-04,6.498135e-01,-1.202779e-01,6.628803e+00
1321,2.966414e-18,-1.483542e-05,-9.218244e-05,5.312605e-04,1.505913e-01,9.055831e-02,7.752573e+00
1322,2.325201e-16,-1.299720e-06,-1.042309e-04,5.435267e-04,-3.368171e-02,-3.138510e-01,7.394924e+00
1323,1.234918e-18,-9.375966e-06,-8.984172e-05,5.444608e-04,1.898861e-02,1.586511e-01,1.947320e+00
1324,1.151920e-18,5.470246e-06,-9.766421e-05,5.436455e-04,1.681395e-01,-7.176009e-02,3.366050e+00
1325,2.746200e-18,2.031371e-05,-7.968826e-05,5.456870e-04,9.041012e-03,-8.658648e-03,2.966085e-01
1326,4.893176e-18,-2.300538e-06,-9.986222e-05,5.156073e-04,-6.828746e-02,-1.325906e+00,1.821702e+01
1327,1.096138e-17,-2.626740e-06,-8.272925e-05,5.210748e-04,-2.741678e-01,-2.168886e+00,1.282714e+01
1328,3.503701e-17,-1.851265e-05,-7.473198e-05,5.212043e-04,-1.946070e+00,-2.400797e+00,1.612908e+01
1329,1.072551e-16,-1.273098e-05,-8.932777e-05,5.004267e-04,3.462958e-01,9.429447e-01,4.648963e+00
1330,3.125163e-17,-1.190897e-05,-9.471703e-05,5.141841e-04,-6.181232e-02,1.434202e+00,5.745708e+00
1331,3.942220e-17,2.570979e-06,-8.004252e-05,5.209918e-04,-2.837128e-01,-3.754492e+00,2.077636e+01
1332,1.390248e-17,-4.642684e-06,-9.663087e-05,5.236041e-04,4.688879e-01,6.435132e-02,6.899933e+00
1333,6.169029e-18,-3.130839e-06,-7.812643e-05,5.106167e-04,2.463347e-01,-8.972339e-02,9.886396e+00
1334,6.692721e-18,-2.342523e-06,-9.687458e-05,4.997391e-04,-3.059628e-01,3.322499e-02,1.134362e+01
1335,5.650978e-17,-1.297840e-05,-8.018222e-05,5.061686e-04,-3.824336e-01,7.177585e-03,2.492232e+00
1336,1.499222e-18,-4.695957e-06,-9.062426e-05,5.132760e-04,-7.730962e-03,3.363494e-02,6.705345e+00
1337,4.340503e-18,-9.375132e-06,-8.984535e-05,5.056087e-04,-8.795202e-02,2.323755e-01,1.528219e+00
1338,7.218495e-17,2.772971e-06,-8.912965e-05,5.140148e-04,8.023661e-01,5.866791e-01,6.617151e+00
1339,3.897550e-17,3.595787e-06,-9.793304e-05,5.214845e-04,-5.874408e-01,-1.463426e+00,6.703868e+00
1340,2.609349e-18,5.470188e-06,-9.765951e-05,5.005415e-04,1.129246e-01,-9.285378e-02,2.911284e+00
1341,1.789846e-18,3.023794e-06,-7.568944e-05,5.108333e-04,4.499125e-01,-3.630867e-01,1.557235e+01
1342,2.667121e-18,1.172466e-05,-8.050094e-05,5.114369e-04,8.120622e-01,6.835543e-01,1.056089e+01
1343,1.154712e-18,1.172678e-05,-8.048115e-05,5.048144e-04,2.738774e-01,-3.682248e-01,6.409573e+00
1344,2.611357e-18,5.466827e-06,-9.766155e-05,5.121190e-04,-1.638637e-01,-4.286296e-02,3.955365e+00
1345,5.749538e-18,1.011330e-05,-8.986133e-05,5.033932e-04,6.074831e-01,1.633295e-02,3.891563e+00
1346,1.599612e-18,1.172268e-05,-8.749973e-05,5.210006e-04,-1.998222e-01,-6.733843e-02,5.320294e+00
1347,4.337260e-18,6.247044e-06,-9.062412e-05,5.202179e-04,1.161038e-02,3.372271e-02,2.815149e+00
1348,2.901983e-18,2.106453e-05,-8.049191e-05,5.151012e-04,-1.526902e-01,4.015097e-01,3.181101e-01
1349,2.156476e-18,3.912070e-06,-7.823899e-05,5.157760e-04,2.159742e+00,-2.633067e+00,1.923347e+01
1350,3.208019e-17,3.196306e-06,-7.416444e-05,4.987338e-04,-4.774355e-01,1.884058e-01,1.225656e+01
1351,2.322452e-18,1.016065e-05,-9.764435e-05,5.083125e-04,-7.981204e-02,1.307556e-02,-4.816973e-02
1352,2.834147e-16,-1.204235e-05,-1.147833e-04,5.031493e-04,-4.410004e-01,7.716599e-01,5.839130e+00
1353,1.603078e-16,7.400897e-06,-1.179469e-04,5.333587e-04,-2.082931e-01,-1.407086e-01,5.432662e+00
1354,4.667745e-18,-8.448030e-06,-1.220385e-04,5.366158e-04,1.438826e-01,-1.899127e-01,1.778944e+01
1355,6.084988e-17,-3.753544e-06,-1.071212e-04,5.134051e-04,-2.487094e+00,3.425870e-01,9.053745e+00
1356,3.705698e-18,3.579292e-07,-1.117372e-04,5.039784e-04,-3.570457e+00,5.417024e-01,1.133875e+01
1357,5.800399e-17,-7.365923e-06,-1.189400e-04,5.003766e-04,3.240190e+00,6.571386e-01,1.572200e+01
1358,2.118768e-17,8.588376e-06,-1.135144e-04,5.285570e-04,-1.079183e+00,1.331331e+00,1.385520e+01
1359,9.531675e-17,-1.484140e-05,-1.035168e-04,5.172343e-04,-5.273512e-03,-4.320709e-01,4.651471e+00
1360,2.439889e-17,-3.061858e-06,-1.040696e-04,5.229744e-04,-4.215155e-02,-2.936736e+00,2.047598e+01
1361,4.958073e-18,-6.254000e-06,-1.234309e-04,5.226038e-04,-4.015398e-01,-1.459884e-02,1.644132e+01
1362,4.501747e-18,-1.563176e-06,-1.171859e-04,5.177617e-04,-8.689635e-02,4.099569e-02,8.818361e-01
1363,1.806232e-18,-1.729418e-05,-1.179683e-04,5.292021e-04,-1.358819e-03,1.270756e-02,1.420799e+00
1364,3.077184e-18,-7.794411e-07,-1.125015e-04,5.387676e-04,8.506844e-02,4.892944e-02,6.707619e+00
1365,2.644250e-17,-6.189352e-06,-1.125008e-04,5.435718e-04,8.008525e-01,-1.024969e+00,5.513892e+00
1366,1.628835e-17,-7.906619e-06,-1.159123e-04,5.169199e-04,1.288896e+00,4.766119e-01,3.235679e+00
1367,2.450186e-18,6.996672e-06,-1.195716e-04,5.479129e-04,6.576924e-02,3.403220e-02,5.230491e+00
1368,6.282335e-18,-1.517057e-06,-1.152763e-04,5.494730e-04,-6.555009e-01,-2.224210e-01,1.383807e+01
1369,1.217307e-18,-1.249932e-05,-1.070359e-04,5.482411e-04,2.536179e-02,3.928392e-02,1.297783e-02
1370,7.401718e-19,-2.324220e-04,-1.914021e-05,4.701324e-04,-1.283803e+00,-4.276903e+00,-1.912975e+00
1371,1.363751e-17,-2.315167e-04,-1.661299e-05,4.752403e-04,3.253397e+00,8.866127e-01,3.213648e+00
1372,4.519086e-18,-2.428095e-04,-2.407347e-06,4.753946e-04,-4.614305e-01,-2.718412e-01,-2.162922e+00
1373,2.488169e-17,-2.323867e-04,-4.762639e-06,4.771773e-04,6.569054e-01,-2.185732e+00,2.685877e+00
1374,2.482789e-19,-2.449220e-04,-1.953059e-06,4.689279e-04,3.151775e+00,1.495663e+00,5.966692e+00
1375,8.946382e-19,-2.256075e-04,-5.077851e-06,4.739126e-04,5.271240e-01,-9.707335e-01,4.575689e-01
1376,6.689369e-19,-2.316412e-04,-1.445359e-05,4.716472e-04,9.637586e-01,1.109112e+00,-6.747186e-01
1377,1.647414e-17,-2.288519e-04,1.387918e-05,4.769802e-04,9.934660e-01,-2.488749e+00,2.669400e+00
1378,6.474532e-17,-1.349721e-04,-6.664060e-06,4.947546e-04,1.166784e+00,-4.039267e-01,3.083635e+00
1379,1.145022e-17,-1.419269e-04,2.421852e-05,4.875497e-04,-2.463790e-02,-2.290191e-02,-9.387318e-01
1380,3.524864e-17,-1.421929e-04,2.380314e-05,4.873923e-04,2.858284e-02,2.708568e-03,-7.164475e-01
1381,4.714003e-18,-1.460951e-04,1.719171e-05,4.883608e-04,2.410162e-01,2.752208e-01,5.728269e+00
1382,9.862300e-18,-1.336613e-04,1.559339e-05,4.903767e-04,-1.153256e+00,2.365956e-01,3.340396e+00
1383,2.349665e-17,-1.452376e-04,1.817679e-05,4.968103e-04,5.785875e-01,3.032206e-01,8.957706e+00
1384,3.016158e-18,-1.336001e-04,1.563313e-05,4.982093e-04,1.050869e+00,-3.649796e-01,3.119822e+00
1385,3.555036e-18,-1.484388e-04,3.906902e-06,4.997564e-04,-7.925340e-02,1.016172e-02,4.049050e+00
1386,1.608696e-18,-1.398450e-04,4.688573e-06,4.993618e-04,8.489165e-02,2.531436e-02,2.830361e+00
1387,8.756086e-19,-1.459405e-04,1.731122e-05,4.767597e-04,1.180659e+00,-2.756340e-01,-1.123443e+00
1388,1.783156e-17,-1.428197e-04,2.287205e-05,4.816429e-04,-1.575505e-01,1.223357e+00,1.987390e+00
1389,2.069324e-17,-1.346734e-04,2.415428e-05,4.910952e-04,5.296474e-03,-1.912629e-02,-9.595200e-01
1390,1.751485e-16,-1.349713e-04,-6.619871e-06,4.946941e-04,1.039266e+00,-3.000247e-01,3.121436e+00
1391,4.572048e-18,-1.267943e-04,-1.518682e-05,4.967218e-04,1.686953e+00,-8.196989e-01,1.175222e+01
1392,1.798478e-17,-1.403033e-04,-1.552670e-05,4.922873e-04,-1.548241e+00,-2.611662e+00,4.725974e+00
1393,4.157563e-18,-1.327909e-04,-1.012911e-05,4.804671e-04,3.983825e-02,-7.354948e-02,2.302630e-01
1394,2.131156e-18,-1.444679e-04,-3.073397e-06,4.933988e-04,-2.301934e-01,1.690844e-01,-1.041321e+00
1395,1.466463e-18,-1.328098e-04,-1.487440e-05,4.822155e-04,-1.564829e-01,2.955741e-01,3.266872e+00
1396,2.697747e-19,-1.402339e-04,-8.984271e-06,4.837671e-04,-5.471566e-01,-6.004218e-01,1.157416e+00
1397,5.625311e-18,-1.319788e-04,-9.481035e-06,4.906980e-04,7.541848e-01,2.550020e-01,8.194142e+00
1398,3.420431e-18,-1.367203e-04,-7.702283e-07,5.020771e-04,-5.126882e-02,1.222005e+00,2.635608e+00
1399,3.278684e-18,-1.336031e-04,-1.483606e-05,5.013069e-04,2.499393e-01,1.039563e+00,1.359378e-01
1400,6.521545e-18,-1.273107e-04,-1.322907e-05,4.880514e-04,-9.663553e-01,-3.340572e-02,6.542090e+00
1401,1.007489e-18,-1.282278e-04,-1.343114e-05,4.775392e-04,-1.081052e+00,-1.014057e+00,-3.074237e+00
1402,3.033865e-18,-1.275006e-04,-1.321103e-05,4.820971e-04,-8.112768e-01,-1.305086e+00,3.000593e+00
1403,1.211073e-18,-1.476553e-04,-1.328294e-05,4.978187e-04,1.867677e-01,1.384861e-01,-1.837642e+00
1404,2.388013e-18,-1.476156e-04,-2.443680e-05,4.953293e-04,-1.221280e-01,-1.180356e-01,-8.650668e-01
1405,1.595257e-18,-1.367184e-04,-2.460945e-05,4.966019e-04,-9.530161e-03,-1.377040e-01,-1.887136e+00
1406,1.149381e-16,8.091865e-06,-2.263252e-04,5.092034e-04,-3.294423e-02,-5.516934e-01,8.899944e+00
1407,1.947056e-17,1.260736e-05,-2.443955e-04,5.272444e-04,1.690932e+00,-2.166112e+00,1.032457e+01
1408,1.979954e-16,1.302968e-05,-2.373114e-04,5.186770e-04,1.099069e+00,-5.499162e-01,1.380012e+01
1409,2.559790e-17,2.011185e-05,-2.292651e-04,5.087179e-04,2.695894e+00,-2.746682e-01,2.118445e+01
1410,8.616815e-17,1.753995e-06,-2.487242e-04,5.056902e-04,3.056151e-01,3.208626e-01,8.220494e+00
1411,3.205764e-17,-2.057325e-06,-2.418226e-04,5.233915e-04,8.437777e-01,-2.285802e+00,1.937761e+01
1412,2.662056e-18,1.017059e-05,-2.312464e-04,5.229064e-04,-2.752460e-01,-1.069415e-01,1.825298e+01
1413,4.053451e-17,5.060576e-07,-2.277394e-04,5.172910e-04,-2.523558e-01,-1.932824e-01,1.267404e+01
1414,1.648406e-17,2.314709e-06,-2.341527e-04,5.188815e-04,2.199168e-02,-5.239788e-01,1.070462e+01
1415,9.635311e-17,1.257802e-05,-2.364572e-04,4.993321e-04,-2.372338e-01,1.655019e+00,8.087455e+00
1416,2.432746e-18,1.642422e-05,-2.296529e-04,5.021196e-04,-6.067484e-01,-5.431151e-01,1.620916e+01
1417,3.226381e-18,1.559188e-06,-2.273485e-04,5.074547e-04,-4.126325e-01,1.369652e-01,9.282209e+00
1418,1.325355e-17,1.088282e-05,-2.312544e-04,5.060640e-04,7.982987e-01,-4.031803e-02,1.340087e+01
1419,5.864994e-18,2.919568e-06,-2.375012e-04,5.134333e-04,-5.962279e-01,-3.135309e-02,8.975167e+00
1420,7.703832e-18,1.704094e-05,-2.493501e-04,5.066638e-04,-7.078963e-02,-1.388751e-01,4.763806e+00
1421,7.747218e-19,7.948400e-06,-2.496087e-04,5.088928e-04,4.153178e-01,-2.458296e-02,4.722194e+00
1422,2.426322e-19,6.639311e-06,-2.417954e-04,5.148375e-04,-5.794625e-01,-1.818600e-01,6.876878e+00
1423,2.634698e-18,1.015342e-05,-2.496098e-04,5.209738e-04,-1.311083e-01,-3.135186e-02,5.545317e+00
1424,1.247175e-18,7.027962e-06,-2.414085e-04,5.209898e-04,-1.382248e-03,-1.017257e-01,6.961134e+00
1425,4.677474e-18,7.036090e-06,-2.414082e-04,5.048096e-04,5.367733e-02,-2.437443e-02,7.039595e+00
1426,3.128672e-18,1.094556e-05,-2.445354e-04,5.144893e-04,6.656931e-01,4.951790e-01,5.911402e+00
1427,4.453952e-18,1.017043e-05,-2.312477e-04,5.178993e-04,-1.333106e-01,-8.693959e-03,1.687782e+01
1428,7.246503e-18,1.093718e-05,-2.469191e-04,5.065581e-04,1.818281e-01,6.102518e-01,4.958850e+00
1429,3.650650e-18,1.759535e-05,-2.496080e-04,5.156986e-04,2.438339e-01,-6.083900e-02,5.709907e+00
1430,1.132248e-16,-3.845226e-06,-2.486622e-04,5.150782e-04,-1.180889e-01,-3.459196e-03,6.452663e+00
1431,6.502331e-19,1.210916e-05,-2.371092e-04,5.037123e-04,-1.773064e+00,2.711669e+00,5.784658e+00
1432,4.162088e-18,-3.121973e-06,-2.407892e-04,5.191194e-04,3.162559e-01,-2.223161e+00,2.814017e+01
1433,8.575948e-19,-2.735237e-06,-2.381523e-04,5.115307e-04,1.517676e-01,9.641723e-01,2.168961e+01
1434,4.034872e-17,-5.943101e-06,-2.262579e-04,5.210843e-04,7.724303e-01,1.171849e+00,1.568697e+01
1435,1.114415e-17,-8.579644e-06,-2.288862e-04,5.009404e-04,-2.694979e-01,2.938400e-01,1.007097e+01
1436,8.935541e-18,-7.742363e-06,-2.289991e-04,5.077559e-04,-4.826705e-01,-7.325828e-01,1.014701e+01
1437,1.937412e-17,-1.619125e-05,-2.463075e-04,5.237378e-04,3.766470e-01,-8.040274e-01,4.222730e+00
1438,5.710437e-18,-3.262916e-06,-2.363118e-04,5.059968e-04,1.446432e+00,-1.844165e-01,1.542684e+01
1439,2.467403e-18,-9.379767e-06,-2.421908e-04,5.237011e-04,2.614594e-02,-2.765523e-03,8.380664e+00
1440,2.780936e-18,-1.175489e-05,-2.445357e-04,5.013305e-04,6.051958e-01,1.746986e+00,2.625052e+00
1441,3.203428e-18,-9.382358e-06,-2.421883e-04,5.044185e-04,-3.400274e-02,-1.223707e-01,1.798666e+00
1442,1.435392e-18,-2.344089e-05,-2.496079e-04,5.167508e-04,-1.118106e-01,-1.162144e-01,2.117511e+00
1443,6.223478e-19,-1.562861e-05,-2.496063e-04,5.210257e-04,3.219138e-02,-2.896097e-01,1.072732e+00
1444,4.583679e-18,-1.642285e-05,-2.419046e-04,5.021197e-04,4.898647e-01,-1.573339e+00,-1.784986e+00
1445,3.871923e-18,-3.086886e-06,-2.359034e-04,4.989017e-04,6.529156e-01,2.160800e-01,1.699557e+01
1446,2.297450e-17,-8.677095e-06,-2.274109e-04,4.860174e-04,8.818468e-01,9.699190e-02,5.156478e+00
1447,1.167908e-17,-9.750643e-06,-2.436086e-04,4.950677e-04,1.869859e+00,-1.430785e+00,2.466227e+00
1448,3.512909e-18,-3.124297e-06,-2.344512e-04,4.831598e-04,2.430368e-01,-2.932633e-01,6.727148e+00
1449,2.236815e-17,-5.885169e-06,-2.320099e-04,4.873597e-04,-7.419121e-01,3.825149e-01,5.889950e+00
1450,1.638679e-18,-2.348172e-06,-2.496095e-04,4.872668e-04,-8.858675e-01,-8.823135e-02,3.779474e+00
1451,2.169082e-17,-2.386361e-05,-2.366273e-04,4.851395e-04,-2.254383e+00,-1.452279e+00,2.180658e+00
1452,2.942462e-18,-5.529349e-06,-2.398186e-04,4.965029e-04,-5.728992e-01,-6.851062e-01,1.399830e+00
1453,5.446658e-19,-7.421958e-06,-2.281195e-04,4.783066e-04,-1.434641e-01,-1.688708e+00,2.498586e+00
1454,1.427878e-18,-3.131348e-06,-2.359280e-04,4.954642e-04,1.609684e-01,3.231840e-02,1.472035e+01
1455,5.410701e-19,-1.172853e-05,-2.496089e-04,4.931479e-04,-2.996104e-02,-2.118520e-01,-4.298876e+00
1456,4.001263e-18,-5.063373e-06,-2.398343e-04,4.825844e-04,2.758637e-01,2.069971e-02,1.921506e+00
1457,4.817911e-18,-3.126580e-06,-2.359395e-04,4.906824e-04,1.108185e-02,-1.375292e-01,1.226798e+01
1458,1.325661e-18,-1.093646e-05,-2.496090e-04,4.787019e-04,-1.756435e-01,-6.286432e-02,-3.878423e+00
1459,8.779529e-18,-2.430633e-05,-2.455895e-04,4.983691e-04,-8.502507e-02,-2.114893e-02,-1.138969e+00
1460,8.026721e-18,-2.431689e-05,-2.304285e-04,4.893015e-04,-6.963570e-02,-8.300207e-04,-1.001635e+00
1461,3.772655e-18,-7.031082e-06,-2.039064e-04,5.221391e-04,-9.057835e-01,5.658808e-01,5.162948e+00
1462,5.774430e-17,-6.755502e-06,-2.045684e-04,5.217251e-04,-7.991172e-01,2.617767e-01,4.992696e+00
1463,3.721665e-18,-7.817369e-06,-2.156789e-04,5.069165e-04,3.634709e-02,-2.629588e-01,3.967269e+00
1464,3.500543e-18,-1.487496e-05,-2.194938e-04,5.124035e-04,-8.012970e-02,5.042678e-02,3.875077e+00
1465,4.015297e-18,-3.913405e-06,-2.039056e-04,5.048265e-04,2.714140e-03,2.226133e-02,2.978661e+00
1466,3.548923e-17,2.571922e-06,-2.192881e-04,5.224034e-04,2.758478e+00,-1.284166e+00,9.210382e+00
1467,3.380197e-17,7.721441e-06,-2.177311e-04,5.192864e-04,-2.607141e-01,-2.099862e+00,7.761660e+00
1468,5.435950e-18,4.007094e-06,-2.117166e-04,5.178397e-04,-4.605454e-01,3.000266e-01,8.265833e+00
1469,1.175756e-18,1.406375e-05,-2.156255e-04,5.248389e-04,9.278524e-02,6.683592e-02,4.357006e+00
1470,2.677361e-18,3.879122e-06,-2.116828e-04,5.098020e-04,6.894942e-02,3.105124e-02,7.069848e+00
1471,4.720466e-18,5.471321e-06,-2.062487e-04,5.172358e-04,-2.170920e-02,-5.952036e-02,8.033110e+00
1472,3.001990e-18,7.781756e-06,-2.140628e-04,5.098442e-04,-6.003051e-01,6.003667e-02,4.458377e+00
1473,3.263691e-17,2.184545e-05,-2.150761e-04,5.224961e-04,9.677473e-01,4.745674e-01,3.469465e+00
1474,7.380573e-18,-1.507828e-04,1.048257e-05,5.103370e-04,-7.095970e-01,-1.412816e+00,4.079337e+00
1475,2.671948e-18,-1.289070e-04,-7.840331e-07,5.028600e-04,1.907668e-01,1.649361e-01,5.389886e+00
1476,1.391193e-18,-1.484418e-04,3.909386e-06,5.186536e-04,6.318315e-02,4.576676e-03,8.020025e+00
1477,6.886664e-18,-1.342769e-04,1.565150e-05,5.082165e-04,-6.467061e-01,1.581836e-01,6.111510e+00
1478,1.388411e-18,-1.484365e-04,3.924025e-06,5.140292e-04,4.101069e-02,-3.538945e-02,8.296551e+00
1479,4.124085e-18,-1.436064e-04,7.813701e-06,5.029223e-04,-1.744528e-02,2.099573e-01,4.873680e+00
1480,9.771844e-19,-1.375000e-04,9.376069e-06,5.225261e-04,2.507998e-02,-1.553270e-02,6.763413e+00
1481,4.437450e-18,-1.398417e-04,4.695702e-06,5.087574e-04,-1.426853e-02,-1.264318e-01,4.319099e+00
1482,4.042974e-18,-1.445277e-04,2.766805e-06,5.029051e-04,-1.295931e-01,2.736694e-01,2.723586e+00
1483,2.819994e-18,-1.421870e-04,7.817867e-06,5.152584e-04,1.198867e-01,-1.389028e-01,2.698347e+00
1484,2.751628e-18,-1.445376e-04,8.597661e-06,5.190767e-04,-4.212670e-01,5.030481e-01,5.793637e+00
1485,2.218501e-18,-1.398484e-04,4.686160e-06,5.143932e-04,-4.435034e-02,1.366001e-01,3.710521e+00
1486,5.179878e-18,-1.407155e-04,2.050553e-05,5.269845e-04,-9.585098e-01,-3.726481e-02,7.714832e+00
1487,1.238904e-16,-1.349029e-04,-1.857252e-05,5.181730e-04,2.790740e-01,-2.052804e-01,4.857131e+00
1488,5.557825e-18,-1.374970e-04,-1.171657e-05,5.101382e-04,-1.868036e-02,-4.020614e-02,3.048159e+00
1489,5.549635e-18,-1.273266e-04,-1.030053e-05,5.178424e-04,2.498893e-01,1.006651e+00,4.152859e+00
1490,1.650255e-18,-1.476577e-04,-1.341074e-05,5.169053e-04,-5.829594e-02,-5.000515e-01,3.920408e+00
1491,2.889434e-18,-1.453138e-04,-3.123364e-06,5.082417e-04,-3.891344e-03,5.938180e-02,1.169918e+00
1492,2.568736e-18,-1.406298e-04,-9.377090e-06,5.191041e-04,5.472996e-03,-1.705822e-02,-3.059086e-02
1493,3.598106e-19,-1.300780e-04,-1.835582e-05,5.163845e-04,-3.350570e+00,-1.437400e+00,-6.565313e-01
1494,3.389335e-17,-1.569052e-04,1.059450e-05,5.164826e-04,1.010909e+00,7.367062e-01,6.953607e+00
1495,1.877068e-17,-1.645326e-04,1.453200e-05,5.144688e-04,3.327049e-01,-3.870560e-02,3.219833e+00
1496,9.918666e-17,-1.645454e-04,1.447011e-05,5.144875e-04,2.495316e-01,-2.585216e-02,3.145608e+00
1497,2.361468e-17,-1.522407e-04,1.728858e-05,5.205331e-04,-4.739908e-01,1.088003e+00,5.461921e+00
1498,8.639960e-18,-1.712173e-04,1.296046e-05,5.217552e-04,5.521873e-01,-1.014827e-01,1.138033e+00
1499,3.562862e-18,-1.570378e-04,1.718746e-05,5.252073e-04,4.714216e-01,1.072681e-01,5.890941e+00
1500,5.886288e-18,-1.695305e-04,2.343076e-06,5.233130e-04,1.636656e-02,2.049836e-02,2.216509e+00
1501,3.190656e-17,-1.670551e-04,1.315324e-05,5.280899e-04,-8.407104e-01,1.568921e+00,3.279126e+00
1502,2.578682e-17,-1.266741e-04,1.396006e-05,5.426822e-04,4.655381e-01,5.323854e-01,7.239730e+00
1503,1.276840e-16,-1.264340e-04,1.369105e-05,5.431663e-04,3.110823e-01,6.797052e-01,7.466296e+00
1504,4.401505e-16,-1.364160e-04,-1.514560e-05,5.398474e-04,-7.178520e-01,-8.635584e-01,6.273872e+00
1505,1.873805e-16,-1.259586e-04,-1.115471e-05,5.392333e-04,-7.862956e-01,-4.434878e-01,1.136898e+01
1506,2.149586e-18,-1.343782e-04,1.554185e-05,5.333357e-04,-6.454791e-02,-8.548239e-02,1.185401e+01
1507,6.630766e-17,-1.456405e-04,4.790055e-06,5.353529e-04,8.654574e-01,4.801728e-03,1.029970e+01
1508,1.377188e-18,-1.484360e-04,3.906142e-06,5.286082e-04,-1.987924e-01,-1.454559e-02,9.154649e+00
1509,3.666041e-18,-1.437503e-04,-2.275567e-06,5.438372e-04,7.806735e-03,4.857923e-01,7.588895e+00
1510,1.430582e-18,-1.477869e-04,-1.328450e-05,5.303900e-04,1.151402e-01,-1.260412e-01,5.033273e+00
1511,2.098126e-17,-1.488469e-04,8.254732e-07,5.437824e-04,4.713135e-01,-1.660127e+00,7.528543e+00
1512,1.816187e-17,-1.312446e-04,-4.303894e-06,5.329802e-04,-8.032620e-01,-9.279957e-01,7.018732e+00
1513,4.926562e-18,-1.335905e-04,1.686908e-06,5.354268e-04,5.864634e-01,-9.402232e-01,9.309120e+00
1514,4.832727e-18,-1.267292e-04,2.349382e-06,5.278062e-04,-1.827822e-01,-2.942054e-02,6.418077e+00
1515,6.695893e-18,-1.430219e-04,-1.054929e-05,5.441919e-04,9.050044e-02,3.534482e-01,8.750832e+00
1516,5.548320e-18,-1.273447e-04,4.432787e-06,5.362468e-04,1.371898e-02,-3.510501e-01,4.215882e+00
1517,2.603437e-18,-1.265455e-04,-1.799596e-05,5.320859e-04,-4.885448e-01,6.332636e-01,2.733442e+00
1518,1.215403e-18,-1.398433e-04,4.687210e-06,5.346644e-04,-1.702981e-01,7.221266e-02,6.353915e+00
1519,2.935778e-18,-1.476593e-04,-1.328825e-05,5.373077e-04,5.276004e-02,-7.246191e-02,8.200873e+00
1520,6.361951e-17,-1.359401e-04,1.686952e-05,5.469747e-04,2.661501e-02,1.242292e+00,1.342633e+01
1521,9.937927e-19,-1.398467e-04,4.695536e-06,5.271094e-04,-3.043347e-02,-3.159148e-02,4.346520e+00
1522,4.349802e-18,-1.453248e-04,2.384750e-06,5.444836e-04,-9.484084e-02,-2.361555e-02,2.362361e+00
1523,3.454435e-18,-1.453137e-04,2.344693e-06,5.402755e-04,-4.663926e-02,2.731331e-03,6.670102e+00
1524,2.650842e-18,-1.281399e-04,-1.566118e-05,5.403119e-04,2.682854e-01,2.912821e-01,3.864936e+00
1525,6.755686e-17,-1.663322e-04,2.991911e-06,5.476791e-04,-1.823903e-01,8.321876e-01,8.297110e+00
1526,3.445616e-17,-1.536961e-04,5.623864e-07,5.286957e-04,-3.159385e-01,1.371040e+00,3.481754e+00
1527,1.880150e-17,-1.691451e-04,1.661453e-05,5.358771e-04,-1.051449e-01,-7.683850e-01,3.388181e+00
1528,2.585038e-18,-1.570135e-04,1.405795e-05,5.448334e-04,-4.877599e-01,4.711476e-02,4.961805e+00
1529,1.233377e-18,-1.523456e-04,1.563888e-05,5.376708e-04,-1.373720e-01,1.742181e-02,-1.553607e-02
1530,5.686344e-18,-1.624989e-04,-7.815721e-06,5.342816e-04,-4.313133e-02,-3.625213e-01,5.746066e+00
1531,1.242271e-17,-1.677727e-04,-2.254960e-05,5.396575e-04,2.497473e-01,-3.892581e-01,7.043193e+00
1532,6.383685e-18,-1.552155e-04,-2.181701e-05,5.494225e-04,-5.758102e-01,1.754025e-01,9.943628e+00
1533,7.117990e-19,-1.733132e-04,-1.498806e-05,5.406676e-04,4.652785e-02,1.414125e-01,-2.759508e-01
1534,1.028908e-18,-1.734359e-04,-1.484597e-05,5.429159e-04,-5.050389e-02,1.037242e-02,-2.086077e+00
1535,1.386312e-16,-5.163924e-06,1.644543e-04,5.304384e-04,4.700022e-01,1.763825e-01,1.530215e+01
1536,4.328770e-17,-3.884836e-06,1.598865e-04,5.359961e-04,7.456312e-01,1.566615e+00,9.532977e+00
1537,1.993096e-17,-8.160849e-06,1.701863e-04,5.431710e-04,-7.150669e-01,1.087880e+00,1.365170e+01
1538,2.657562e-17,-1.666115e-05,1.672317e-04,5.404851e-04,-1.573574e+00,-2.097197e+00,1.565725e+01
1539,3.649599e-18,-1.249981e-05,1.640633e-04,5.373159e-04,2.149302e-01,8.717584e-01,2.056287e+01
1540,9.864138e-18,-1.112763e-05,1.729824e-04,5.319115e-04,3.223227e-01,8.972494e-01,2.541209e+01
1541,2.549257e-17,-1.706134e-05,1.700661e-04,5.477390e-04,1.821187e-01,3.614208e+00,1.931169e+01
1542,3.046312e-18,-1.329190e-05,1.609401e-04,5.320048e-04,-2.309867e-01,7.279237e-02,9.477014e+00
1543,4.696662e-18,-1.328481e-05,1.609321e-04,5.407959e-04,7.370594e-02,-2.474030e-01,7.235929e+00
1544,6.910680e-19,-6.128651e-06,1.743530e-04,5.414054e-04,-3.531014e-01,-1.930033e-01,2.938312e+00
1545,9.006859e-19,-1.311824e-05,1.688894e-04,5.422078e-04,-4.126937e-01,1.280566e-02,6.052929e+00
1546,9.716577e-19,-2.109711e-05,1.734402e-04,5.445187e-04,4.904041e-02,1.007359e-03,-3.012545e-01
1547,4.082007e-17,1.274996e-05,1.712400e-04,5.443583e-04,-8.481971e-01,6.517471e-01,9.271398e+00
1548,1.408913e-16,7.309067e-06,1.719614e-04,5.300813e-04,9.448252e-01,-1.964613e-01,5.186708e+00
1549,1.469348e-17,9.377031e-06,1.570276e-04,5.425869e-04,1.307734e+00,-1.432294e-01,5.769276e+00
1550,6.989027e-17,8.034178e-06,1.633853e-04,5.402443e-04,2.926833e+00,1.673663e+00,1.320647e+01
1551,9.527045e-17,9.216391e-06,1.572363e-04,5.423849e-04,1.164496e+00,-1.031253e-01,5.713404e+00
1552,4.094827e-17,1.658306e-05,1.762076e-04,5.459994e-04,-3.498190e-01,-4.371675e-01,4.421210e+00
1553,5.261778e-18,1.327951e-05,1.558718e-04,5.480148e-04,-3.316695e-02,7.882984e-01,4.269352e+00
1554,1.161211e-18,1.289419e-05,1.594631e-04,5.435492e-04,-1.742572e+00,-4.278421e-01,3.912892e+00
1555,6.525206e-18,1.744077e-05,1.687520e-04,5.445998e-04,-4.750773e-01,2.875015e-02,4.917120e+00
1556,3.515823e-18,-1.093733e-05,1.794822e-04,5.441333e-04,1.455425e-01,3.447715e+00,2.767248e+01
1557,7.113595e-17,4.713305e-06,1.833010e-04,5.331049e-04,-6.451035e-01,8.539624e-03,1.448037e+01
1558,1.102369e-17,-2.554340e-07,1.914073e-04,5.457530e-04,-9.205577e-01,1.646900e+00,7.260350e+00
1559,9.413108e-17,-4.313176e-07,1.915209e-04,5.461198e-04,-9.671656e-01,1.675772e+00,7.255918e+00
1560,8.087899e-17,-6.553927e-06,1.929690e-04,5.405264e-04,-1.030087e+00,4.867687e-01,7.318510e+00
1561,2.885310e-17,-1.501287e-05,1.975922e-04,5.294594e-04,4.008048e-01,2.986400e-01,6.144363e+00
1562,1.394653e-18,3.126767e-06,1.851526e-04,5.271215e-04,1.884660e-01,1.326675e-01,1.130041e+01
1563,2.668090e-17,-6.965776e-06,1.948243e-04,5.268392e-04,-1.342476e+00,-2.176725e+00,5.211015e+00
1564,7.150678e-19,1.235934e-05,1.905043e-04,5.459700e-04,-7.408850e-02,6.455981e-02,2.612323e+00
1565,3.664529e-18,9.364068e-06,1.906280e-04,5.445225e-04,4.913255e-02,-9.069864e-03,1.595740e+00
1566,3.025227e-17,4.070668e-06,1.963612e-04,5.042107e-04,-8.562865e-02,4.928406e-01,1.640507e+01
1567,2.168889e-16,-9.911054e-06,1.848141e-04,5.113582e-04,2.232766e-01,8.556289e-01,3.538339e+00
1568,3.452871e-18,1.567659e-06,1.773240e-04,5.005142e-04,-8.931351e-02,-1.995364e-01,1.007683e+01
1569,2.919715e-18,-3.895954e-06,1.789569e-04,5.059553e-04,-6.233316e-01,5.862908e-01,1.527148e+01
1570,3.841333e-18,3.147809e-06,1.851794e-04,5.176024e-04,-6.586065e-02,8.135481e-02,1.100597e+01
1571,5.474753e-17,-8.317788e-06,1.921293e-04,5.220695e-04,-1.236344e+00,1.064754e+00,5.212682e+00
1572,1.194593e-17,1.184597e-05,1.812544e-04,5.056773e-04,1.060082e+00,-1.646595e-02,7.209906e+00
1573,1.271681e-17,-2.073151e-05,1.933079e-04,5.129115e-04,3.416553e-01,8.043715e-03,3.734954e+00
1574,3.905190e-18,3.175102e-06,1.851582e-04,5.042453e-04,6.941297e-02,7.003013e-02,6.348958e+00
1575,7.186278e-18,-1.918657e-05,1.823594e-04,5.082759e-04,4.413051e-01,-6.335892e-03,3.043319e+00
1576,1.415206e-18,-8.609009e-06,1.953101e-04,5.063447e-04,6.780037e-02,-1.083236e-02,1.847251e+00
1577,2.802207e-18,-3.910155e-06,1.929684e-04,5.051802e-04,1.908142e-01,5.692284e-02,1.058606e+00
1578,2.951563e-18,3.118295e-06,1.913996e-04,5.090538e-04,6.463474e-01,8.030482e-02,3.785472e+00
1579,2.674366e-17,1.494442e-05,1.878883e-04,5.045090e-04,1.007997e+00,5.426094e-01,2.228780e+00
1580,2.114949e-18,1.324374e-05,1.836780e-04,5.099269e-04,-1.544143e-01,9.688846e-01,3.066828e+00
1581,5.682450e-18,1.358617e-05,1.944819e-04,5.097256e-04,-1.302490e+00,-5.454840e-01,3.710325e+00
1582,1.456759e-17,-2.262937e-04,1.238473e-05,4.994015e-04,-1.031733e-01,-3.407631e-01,8.898736e+00
1583,6.413484e-17,-2.171361e-04,3.733455e-06,4.988453e-04,-4.874505e-01,1.630346e-01,5.213598e+00
1584,2.708622e-17,-2.152060e-04,-1.622433e-06,4.986459e-04,1.445371e-01,6.391335e-01,6.236865e+00
1585,3.240186e-18,-2.257468e-04,2.379685e-06,4.858151e-04,-7.832530e-01,-6.514341e-01,6.397942e+00
1586,4.597530e-17,-2.233048e-04,7.797029e-06,4.897614e-04,7.847079e-01,-1.048063e+00,7.440479e+00
1587,3.670700e-17,-2.157018e-04,1.366809e-05,4.846083e-04,-1.839385e+00,-1.569110e+00,2.511619e+00
1588,2.425661e-18,-2.210921e-04,9.378130e-06,4.990286e-04,5.319594e-01,4.722991e-02,7.049859e+00
1589,1.284083e-17,-2.224065e-04,2.323883e-06,4.936027e-04,1.583265e+00,-3.150069e-01,1.024967e+01
1590,4.920919e-18,-2.187506e-04,9.373288e-06,4.906868e-04,-2.785757e-01,-1.125270e-01,5.096188e+00
1591,2.442399e-17,-2.077300e-04,1.162357e-05,4.997855e-04,-6.834244e-01,-1.343774e-02,3.980682e+00
1592,1.398413e-18,-2.117390e-04,1.093794e-05,4.954801e-04,1.313370e-01,4.845140e-02,6.953482e-01
1593,5.347652e-18,-2.195283e-04,3.116955e-10,4.892006e-04,-4.373355e-01,-2.040018e-02,2.075351e+00
1594,8.715816e-19,-2.228014e-04,2.493073e-06,4.993602e-04,-7.142527e-01,-5.625412e-01,1.100422e+01
1595,2.760446e-19,-2.222663e-04,8.985086e-06,4.868918e-04,-4.426307e-02,-8.243110e-01,1.312727e+01
1596,9.833751e-18,-2.242151e-04,2.347214e-06,5.035392e-04,-3.685193e-01,4.024052e-01,1.146805e+01
1597,4.504671e-18,-2.226926e-04,9.380816e-06,4.782920e-04,-8.122682e-01,3.014869e-01,3.671991e+00
1598,2.714552e-17,-2.102794e-04,-5.137032e-07,4.764637e-04,-1.195082e-01,-2.450526e-01,-8.225057e-01
1599,1.522516e-17,-2.292966e-04,1.015949e-05,4.896198e-04,5.743861e-01,-1.917440e+00,7.983735e+00
1600,6.562680e-17,-2.489843e-04,7.352749e-06,4.860938e-04,2.210569e-01,-6.994704e-01,1.833336e+00
1601,1.055537e-16,-2.293643e-04,9.726410e-06,4.896597e-04,6.381574e-01,-1.149599e+00,8.289529e+00
1602,2.133653e-18,-2.265409e-04,1.001530e-05,4.824295e-04,-8.733791e-02,-5.789472e-01,5.749288e+00
1603,2.780917e-17,-2.487763e-04,2.397137e-05,4.892493e-04,-4.745382e-02,7.026846e-01,6.889147e-01
1604,2.251176e-18,-2.269532e-04,7.726892e-06,4.787911e-04,2.765131e+00,1.733762e-01,5.045368e+00
1605,1.005462e-17,-2.450533e-04,1.467019e-05,4.851140e-04,1.758420e-01,4.107981e-02,-4.924581e-01
1606,2.319692e-18,-2.343831e-04,1.015308e-05,4.779326e-04,-3.565217e-01,8.650934e-02,-3.244949e-01
1607,7.391058e-19,-2.277340e-04,7.735059e-06,4.837708e-04,1.488073e+00,1.043298e-01,9.570326e+00
1608,3.497434e-18,-2.305611e-04,2.356838e-06,4.964287e-04,-1.321718e+00,4.469724e-02,1.184820e+00
1609,2.512595e-18,-2.367050e-04,7.019979e-06,4.809889e-04,9.784644e-01,5.197381e-01,-1.183657e+00
1610,7.615092e-19,-2.496101e-04,-7.604661e-07,4.892207e-04,-3.089335e-02,5.697756e-01,-1.172626e+00
1611,5.775600e-19,-2.292957e-04,7.770930e-06,4.868843e-04,-1.872029e+00,-9.334893e-01,1.204814e+01
1612,1.538873e-18,-2.496110e-04,1.406865e-05,4.833702e-04,-1.191051e-01,-2.169776e-01,-3.271838e-01
1613,3.049846e-18,-2.437497e-04,1.569202e-06,4.911841e-04,3.408521e-02,6.473847e-02,-5.868467e-01
1614,1.732600e-18,-2.496096e-04,5.464552e-06,4.779155e-04,-5.698789e-02,-2.222843e-01,3.375468e+00
1615,1.239183e-17,-2.405188e-04,2.423266e-05,4.902777e-04,6.263169e-02,1.303909e-02,-9.152827e-01
1616,1.050006e-18,-2.475294e-04,2.460986e-05,4.827715e-04,-1.220278e-01,3.098111e-01,-1.840921e+00
1617,3.012507e-18,-2.492773e-04,2.460953e-05,4.800394e-04,-1.002878e-01,-5.203266e-02,-1.807773e+00
1618,3.294491e-17,-2.264206e-04,-7.522606e-06,4.812938e-04,-5.200751e-01,-1.392076e+00,5.230766e+00
1619,9.493199e-18,-2.259010e-04,-8.570188e-06,4.987405e-04,-9.417223e-01,-1.406003e-01,7.973302e+00
1620,2.271422e-18,-2.164771e-04,-8.645779e-06,4.754835e-04,-4.800476e-01,5.329377e-01,4.397243e-01
1621,3.161189e-17,-2.243177e-04,-1.196232e-05,4.997447e-04,3.924987e-01,1.957034e-02,9.097794e+00
1622,2.650941e-17,-2.051614e-04,-9.041431e-06,4.967921e-04,-3.407486e-01,6.040493e-01,5.603958e+00
1623,7.535029e-18,-2.241207e-04,-1.249936e-05,4.805685e-04,-2.374943e-01,-1.169589e+00,2.217521e+00
1624,4.040327e-18,-2.172410e-04,-1.016053e-05,4.905729e-04,-4.890894e-01,-1.325027e-01,3.499439e+00
1625,2.706089e-18,-2.196342e-04,-8.468675e-06,4.878901e-04,4.977501e-01,1.746222e-03,3.784149e+00
1626,1.186528e-18,-2.117195e-04,-5.466740e-06,4.923439e-04,-1.232390e-02,4.800393e-02,1.336307e+00
1627,2.288959e-18,-2.148479e-04,-1.328678e-05,4.927919e-04,9.667102e-02,8.857294e-02,-3.224060e-02
1628,1.513706e-18,-2.109357e-04,-7.027210e-06,4.806418e-04,1.601074e-01,1.468274e-01,-4.051952e+00
1629,3.471971e-18,-2.031240e-04,-4.689516e-06,4.896160e-04,4.569965e-02,-9.822344e-02,-6.891276e-01
1630,1.709757e-17,-2.347504e-04,-1.576423e-05,4.973978e-04,1.312655e-01,8.744860e-01,1.680489e+01
1631,5.806635e-18,-2.375014e-04,-1.989368e-06,4.944288e-04,-1.806624e-01,4.503916e-01,7.290550e+00
1632,3.741907e-17,-2.323569e-04,-1.350494e-05,4.826326e-04,-3.072998e+00,2.016113e+00,6.215552e+00
1633,3.205408e-18,-2.327967e-04,-1.483177e-05,4.912525e-04,-2.306758e-01,-1.932599e+00,1.369145e+01
1634,1.974961e-17,-2.296404e-04,-1.169793e-05,4.916013e-04,5.504892e-01,-8.787585e-01,9.927020e+00
1635,1.569739e-17,-2.492591e-04,-9.000456e-06,4.943138e-04,-6.978594e-02,-1.429693e-01,3.086195e+00
1636,4.869253e-18,-2.382795e-04,-1.561871e-06,5.010070e-04,-1.836719e-03,-5.403771e-02,9.002742e+00
1637,3.184965e-18,-2.461157e-04,-1.407828e-05,4.864867e-04,8.399332e-01,4.436538e-01,4.150895e+00
1638,2.586533e-18,-2.304690e-04,-4.687971e-06,4.996696e-04,-9.914274e-03,-5.578064e-02,1.178440e+01
1639,1.393395e-18,-2.452978e-04,-2.032156e-05,4.900347e-04,-6.016988e-03,2.033629e-01,3.267159e-01
1640,3.160293e-18,-2.437523e-04,-7.807377e-06,4.927719e-04,-2.306478e-01,2.061220e-01,1.694678e+00
1641,6.741320e-18,-2.312493e-04,-1.171398e-05,4.989791e-04,-7.534944e-01,6.924130e-02,1.255210e+01
1642,2.406785e-18,-2.296858e-04,-1.093293e-05,4.873452e-04,1.304315e-01,-1.873354e-01,1.145841e+01
1643,4.442931e-18,-2.304695e-04,-4.687192e-06,4.954310e-04,-1.701671e-02,3.621029e-02,9.873166e+00
1644,3.772209e-18,-2.295338e-04,-1.084190e-05,4.831810e-04,-6.182215e-01,-3.787217e-01,6.462032e+00
1645,2.862807e-18,-2.460708e-04,-1.327671e-05,4.826150e-04,-5.130721e-01,-1.364239e+00,2.395585e+00
1646,2.519321e-18,-2.429086e-04,-1.649132e-05,4.864026e-04,-7.774653e-01,1.671043e-01,-3.402296e+00
1647,5.781933e-18,-2.304695e-04,-4.688439e-06,4.903569e-04,8.553510e-03,-1.754634e-02,8.239359e+00
1648,3.265928e-18,-2.304687e-04,-4.684680e-06,4.841761e-04,2.025669e-01,2.392709e-02,4.446104e+00
1649,6.132188e-18,-2.296826e-04,-2.435617e-05,4.861286e-04,8.492055e-02,-1.363659e-01,-7.986090e-01
1650,5.367197e-19,2.460919e-05,8.518373e-05,4.728357e-04,4.447900e-01,-4.264172e-02,-2.430731e+00
1651,2.414782e-19,3.907631e-07,8.085939e-05,4.743950e-04,2.404431e+00,6.494930e+00,-5.994450e+00
1652,1.917163e-18,-1.086384e-05,8.644674e-05,4.736068e-04,3.995181e-02,-8.856830e-01,-1.637773e+00
1653,3.506973e-18,-1.490135e-05,5.154961e-05,4.718532e-04,-1.867241e-01,-3.029293e-01,-6.750201e+00
1654,1.886063e-18,-1.726587e-05,6.867294e-05,4.764094e-04,-7.383184e-01,1.127122e-02,4.388391e-02
1655,2.789251e-19,-1.582032e-04,-1.171854e-06,4.712705e-04,-1.617783e+00,3.142571e+00,-6.211479e+00
1656,9.713754e-19,-1.572250e-04,-1.914006e-05,4.710666e-04,4.062967e-01,-1.233503e-01,-9.085813e+00
1657,8.829454e-19,-1.493897e-04,1.549452e-05,4.728555e-04,1.225165e+00,-3.696521e-01,-4.804556e+00
1658,2.765289e-17,-2.332449e-04,3.818295e-07,5.477929e-04,1.459341e-01,8.348479e-01,1.681007e+01
1659,3.866624e-17,-2.292248e-04,-3.731524e-06,5.278140e-04,2.252611e+00,-9.221215e-02,1.609456e+01
1660,9.862306e-17,-2.485956e-04,-1.554876e-05,5.399931e-04,5.213061e-02,-1.579087e+00,1.113867e+01
1661,1.835191e-17,-2.492181e-04,6.403466e-06,5.309781e-04,2.019128e-02,6.080839e-01,8.809665e+00
1662,7.233941e-17,-2.485511e-04,6.603442e-06,5.311094e-04,2.035894e-04,5.943075e-01,8.689794e+00
1663,5.022765e-17,-2.371671e-04,-6.091287e-06,5.242880e-04,5.397101e-01,4.490545e-01,5.434096e+00
1664,1.116291e-17,-2.492757e-04,1.475901e-05,5.313004e-04,-6.772718e-02,5.325800e-01,8.732709e+00
1665,1.715051e-17,-2.341158e-04,1.489781e-05,5.464649e-04,-4.243237e+00,-6.944542e-01,8.835909e+00
1666,8.227228e-18,-2.475735e-04,1.459281e-05,5.485717e-04,9.677403e-01,3.032784e-01,1.056321e+01
1667,3.550934e-17,-2.282900e-04,-8.715600e-06,5.240745e-04,-6.912990e-01,1.709500e-01,1.441659e+01
1668,2.279471e-18,-2.496065e-04,2.341670e-05,5.392040e-04,-8.326841e-02,-6.021304e-01,8.833232e+00
1669,5.546471e-18,-2.315020e-04,2.336833e-06,5.348070e-04,6.425994e-01,7.886822e-02,6.427650e+00
1670,2.029063e-17,-2.376100e-04,1.827975e-05,5.276064e-04,-1.164421e-01,1.427035e+00,5.482171e+00
1671,5.257225e-19,-2.496033e-04,4.691097e-06,5.376683e-04,-2.146598e-01,8.417266e-02,4.624509e+00
1672,2.277614e-18,-2.280935e-04,1.486311e-05,5.426327e-04,2.107465e-01,2.092667e-01,-7.714206e-02
1673,5.007483e-19,-2.339862e-04,-3.130105e-06,5.316493e-04,-2.853469e-01,-5.204810e-02,1.171490e+01
1674,1.513015e-18,-2.496077e-04,-7.815009e-06,5.373646e-04,-1.366361e-01,-3.525967e-03,1.045038e+01
1675,7.911914e-18,-2.370326e-04,-3.893294e-06,5.412939e-04,-2.512380e+00,-2.037773e-01,5.502268e+00
1676,4.677194e-18,-2.492725e-04,-7.800547e-07,5.444600e-04,-8.673390e-02,1.925119e-02,4.942407e+00
1677,2.755650e-18,-2.390662e-04,-1.328366e-05,5.456262e-04,7.179409e-02,7.684077e-02,3.355351e-02
1678,2.224434e-17,-2.431241e-04,-1.909772e-05,5.205701e-04,-6.949901e+00,-8.647296e-01,2.846351e+01
1679,2.210806e-16,-2.379882e-04,-1.238403e-05,5.174428e-04,-1.983146e+00,-1.161916e-01,1.099103e+01
1680,4.077954e-17,-2.343169e-04,9.834983e-06,5.092570e-04,-3.192539e+00,-9.922482e-01,1.122661e+01
1681,5.668488e-17,-2.489004e-04,-2.224001e-05,5.066447e-04,-4.042549e-01,-2.305355e+00,7.199858e+00
1682,7.457995e-19,-2.243494e-04,-8.728694e-06,5.140453e-04,-1.002861e-01,-6.485759e-02,7.922266e+00
1683,4.660249e-18,-2.394051e-04,-1.718695e-05,5.114090e-04,-4.324283e+00,-2.330607e-01,2.304475e+01
1684,1.099239e-16,-2.228482e-04,5.049545e-06,5.140302e-04,1.784481e+00,-2.291499e-01,1.691660e+01
1685,5.689559e-17,-2.305162e-04,-5.409461e-06,5.126132e-04,1.005873e-01,1.676908e-01,1.465674e+01
1686,1.256145e-17,-2.333887e-04,-1.171433e-05,5.098310e-04,-2.374408e+00,-1.850736e-01,1.674238e+01
1687,1.597160e-17,-2.471083e-04,-9.328640e-06,5.065123e-04,-8.548751e-01,1.412826e+00,9.336514e+00
1688,5.850015e-18,-2.371029e-04,-1.642994e-05,5.068290e-04,-2.757641e+00,5.079860e-01,2.125804e+01
1689,7.784842e-18,-2.386815e-04,-8.156412e-06,5.067993e-04,-5.882601e-01,-4.936965e-01,9.094036e+00
1690,3.744922e-18,-2.365145e-04,-2.346275e-06,5.091066e-04,1.885996e-01,-3.132505e-02,8.559538e+00
1691,4.317632e-18,-2.253544e-04,8.603152e-06,5.166919e-04,7.191395e-01,-1.969531e-01,9.201404e+00
1692,4.488422e-18,-2.312366e-04,-1.171903e-05,5.032217e-04,1.008724e+00,-2.824132e-02,1.389191e+01
1693,1.987176e-17,-2.491735e-04,-7.632236e-06,5.195128e-04,1.347594e-01,7.706935e-02,1.054955e+01
1694,6.257544e-18,-2.300766e-04,6.978454e-06,5.033881e-04,-1.353165e+00,-1.266136e+00,1.237514e+01
1695,3.215208e-18,-2.437497e-04,1.953238e-05,5.044689e-04,2.191465e-03,-5.495276e-01,4.320713e+00
1696,1.558642e-17,-2.247561e-04,2.320043e-05,5.202372e-04,3.500478e-01,1.882911e+00,6.364427e+00
1697,1.157125e-17,-2.456655e-04,2.179615e-05,5.141657e-04,-1.469699e+00,3.494440e-01,2.885056e+00
1698,3.004546e-18,-2.281179e-04,1.484230e-05,5.174655e-04,2.759075e-02,1.285034e+00,1.535512e+00
1699,8.637224e-18,-2.435148e-04,-3.988250e-07,5.142758e-04,8.830389e-01,3.987561e-01,8.706123e-01
1700,5.039415e-18,-2.304682e-04,-4.690253e-06,5.032158e-04,1.618099e-01,1.562704e-01,1.244683e+01
1701,3.638197e-17,-2.226569e-04,-3.594282e-06,5.172584e-04,1.104776e+00,9.523976e-01,3.301163e+00
1702,4.010330e-17,-2.113082e-04,2.583539e-06,5.124392e-04,2.862185e+00,6.826415e-01,7.834852e+00
1703,4.401433e-17,-2.035516e-04,5.734361e-06,5.087428e-04,-1.672743e+00,-7.957866e-01,1.425284e+01
1704,5.270487e-17,-2.201344e-04,1.481450e-05,5.108379e-04,1.007530e+00,1.255346e+00,8.527721e+00
1705,8.128022e-19,-2.201843e-04,-6.345830e-07,5.209556e-04,-3.799154e-01,-3.699052e-01,7.842553e+00
1706,3.783531e-18,-2.070340e-04,1.171410e-05,5.129197e-04,-2.710318e-01,-1.283977e+00,6.846392e+00
1707,3.961637e-17,-2.072580e-04,1.216989e-05,5.130961e-04,-4.323146e-01,-1.174094e+00,6.532263e+00
1708,4.526606e-18,-2.187532e-04,-1.014928e-05,5.224695e-04,3.779756e-02,-4.484050e-02,9.897789e+00
1709,8.910498e-18,-2.183992e-04,-1.016243e-05,5.078113e-04,3.553734e-01,-1.618827e-01,7.892447e+00
1710,2.252934e-18,-2.039020e-04,-2.344929e-06,5.136394e-04,-2.301587e-01,1.754429e-01,4.985553e+00
1711,2.337995e-18,-2.109368e-04,-8.590951e-06,5.183315e-04,-3.361958e-01,2.724643e-01,3.933176e+00
1712,1.033838e-17,-2.054157e-04,-1.390279e-05,5.087773e-04,-3.980987e-01,-2.855036e-01,3.759495e+00
1713,2.322146e-17,-2.028736e-04,-1.799429e-05,5.152274e-04,-1.323373e-01,4.592400e-01,5.204268e+00
1714,4.950877e-18,-2.187529e-04,-1.015953e-05,5.179490e-04,3.066607e-03,-4.537649e-02,1.000049e+01
1715,2.434881e-19,-2.050799e-04,-1.367063e-05,5.048097e-04,-2.885769e-01,7.562624e-02,1.715527e+00
1716,2.040337e-16,-7.673475e-06,-5.357497e-05,5.326447e-04,-3.520175e-01,1.050241e-01,1.017814e+01
1717,8.697549e-17,-5.356047e-06,-6.599995e-05,5.354464e-04,1.961985e-01,-7.930811e-01,1.017587e+01
1718,1.961370e-16,6.861716e-06,-7.060620e-05,5.446980e-04,-1.276043e-01,1.021981e+00,6.908936e+00
1719,3.117474e-16,1.199529e-05,-6.589590e-05,5.385847e-04,-3.517819e-01,-1.306367e-01,8.243441e+00
1720,4.808432e-17,-1.084518e-05,-5.701449e-05,5.395752e-04,-6.211816e-01,2.022751e+00,1.366317e+01
1721,4.085845e-17,1.546897e-05,-6.958267e-05,5.313815e-04,1.015768e+00,-1.249280e+00,1.315112e+01
1722,2.012939e-17,2.633585e-06,-5.238310e-05,5.254312e-04,-8.746187e-01,-8.298127e-01,4.766871e+00
1723,3.481355e-17,1.146388e-05,-5.379529e-05,5.280156e-04,-1.310972e-01,1.093784e+00,8.105236e+00
1724,3.838955e-18,-2.349197e-06,-6.004453e-05,5.327697e-04,2.439124e-01,-2.742718e-01,5.286836e+00
1725,4.232403e-18,9.383315e-06,-5.703443e-05,5.353605e-04,1.236934e-01,6.696442e-02,6.560852e+00
1726,9.456489e-19,1.406458e-05,-7.265996e-05,5.437313e-04,1.399116e-02,4.210046e-02,4.663833e-01
1727,4.497031e-18,-1.171648e-05,-6.562683e-05,5.398796e-04,2.004865e-01,1.694029e-01,8.493417e+00
1728,1.167741e-17,-1.562475e-05,-6.148363e-05,5.480661e-04,-1.855462e-02,-6.910284e-01,6.024683e+00
1729,4.451636e-18,-2.260948e-05,-5.309921e-05,5.371110e-04,-6.386704e-02,-3.692070e-01,6.320318e+00
1730,2.346035e-19,-6.647381e-06,-7.226774e-05,5.451697e-04,-4.258139e-01,-1.991613e-01,2.411138e-01
1731,8.346485e-18,1.707499e-05,-5.034939e-05,5.087515e-04,-1.534708e-01,3.266116e+00,6.241604e+00
1732,1.163013e-16,-1.543998e-05,-4.342014e-05,5.477857e-04,-1.541820e+00,-5.799720e-01,1.291854e+01
1733,3.962925e-17,-2.178206e-05,-2.375072e-05,5.316533e-04,-5.515796e+00,-2.491337e+00,1.495371e+01
1734,3.677037e-17,-7.816344e-06,-3.765543e-05,5.345788e-04,-2.846347e-01,-1.291472e-01,4.150065e+00
1735,3.764371e-17,-3.693720e-06,-3.380100e-05,5.488460e-04,-1.291996e+00,-5.987746e-02,1.002800e+01
1736,1.620838e-16,-7.769639e-06,-3.784873e-05,5.347130e-04,-2.081045e-01,-1.244874e-01,4.171182e+00
1737,5.315527e-18,-1.250719e-05,-4.309739e-05,5.248337e-04,2.688464e-02,-4.446059e-01,5.835781e+00
1738,4.088543e-18,-6.250963e-06,-2.655811e-05,5.489123e-04,1.387601e-01,-8.954258e-02,5.958353e+00
1739,1.033519e-16,1.217138e-05,-3.125814e-05,5.464884e-04,-1.200648e+00,-3.299925e-01,1.116215e+01
1740,2.181722e-18,1.327888e-05,-3.905892e-05,5.305485e-04,8.654096e-02,-1.276538e-01,6.296208e+00
1741,2.667797e-18,1.172982e-05,-4.218282e-05,5.290679e-04,2.760483e-01,1.849307e-01,3.993956e+00
1742,4.575842e-18,7.808404e-06,-3.828019e-05,5.413688e-04,8.850067e-02,3.840275e-02,5.728264e+00
1743,2.747170e-18,2.106417e-05,-3.984542e-05,5.494133e-04,-4.224232e-01,-2.753997e-02,8.352206e+00
1744,2.260593e-17,-4.166292e-06,-5.130123e-05,5.033672e-04,4.207202e-01,-9.456379e-01,6.921296e+00
1745,1.316790e-16,-4.122449e-06,-5.107360e-05,5.036434e-04,4.783170e-01,-6.778745e-01,6.700923e+00
1746,2.663061e-18,1.102149e-05,-6.091921e-05,5.137616e-04,3.416506e-01,-7.050120e-01,9.871008e+00
1747,7.085680e-18,1.239231e-05,-6.016307e-05,5.210638e-04,-5.373663e-01,1.123733e-01,9.274627e+00
1748,3.042726e-17,9.185451e-06,-6.413112e-05,5.127354e-04,2.369429e-01,1.542618e-01,4.830763e+00
1749,9.793874e-18,1.206848e-05,-5.989198e-05,5.018838e-04,2.257104e-01,1.549075e-01,7.274160e+00
1750,1.210657e-17,1.764201e-05,-6.871846e-05,5.140378e-04,1.516378e-01,-1.298574e-01,4.820261e+00
1751,4.355540e-18,1.402572e-05,-7.076502e-05,5.028868e-04,5.011264e-01,-5.403898e-01,-4.399508e-01
1752,1.554023e-18,6.248790e-06,-5.703533e-05,5.225085e-04,2.623834e-03,-1.359470e-01,4.498854e+00
1753,5.719421e-19,1.913486e-05,-6.563812e-05,5.048220e-04,5.540269e-02,9.048463e-02,-1.214987e+00
1754,3.227309e-17,-1.716612e-05,-4.897793e-05,5.047473e-04,-1.976928e-01,1.703416e+00,6.613859e+00
1755,1.675593e-18,-7.790140e-07,-5.312580e-05,5.194254e-04,7.860210e-02,-6.134484e-02,8.344731e+00
1756,4.963806e-18,-7.786536e-07,-5.312748e-05,5.139957e-04,-1.593180e-01,-7.064505e-02,6.461201e+00
1757,1.121619e-17,-6.509735e-06,-4.088398e-05,5.144373e-04,-4.047406e-01,6.223249e-01,4.355180e+00
1758,9.524063e-17,-6.474135e-06,-4.098684e-05,5.142874e-04,-4.992945e-01,5.919272e-01,4.194703e+00
1759,8.650652e-17,-2.874820e-07,-4.365477e-05,4.998957e-04,-3.162513e-01,9.921698e-02,2.569288e+00
1760,4.042834e-17,-1.504678e-05,-2.849138e-05,5.140058e-04,6.166470e-01,-6.854004e-01,4.806997e+00
1761,2.367778e-18,-1.562411e-05,-2.968288e-05,5.214258e-04,1.775726e-01,1.064612e-01,5.032328e+00
1762,5.129064e-18,-1.250356e-05,-4.220043e-05,5.009300e-04,-9.622347e-02,-2.361062e-01,3.821997e+00
1763,5.435791e-18,-1.952355e-05,-4.232477e-05,5.048846e-04,9.258451e-01,-2.152616e+00,4.445153e+00
1764,4.236153e-18,-1.250372e-05,-4.232966e-05,5.083439e-04,-1.044277e+00,7.964550e-01,4.230269e+00
1765,5.156972e-18,-5.467497e-06,-3.609349e-05,5.004730e-04,-7.411392e-02,-4.894730e-01,-2.414338e+00
1766,9.729442e-17,7.283586e-06,-3.280196e-05,4.973305e-04,-1.144885e+00,1.657999e+00,1.258647e+01
1767,4.689893e-17,1.216596e-05,-4.223247e-05,5.008880e-04,-3.358568e-01,-1.990368e+00,4.787907e+00
1768,2.622978e-18,7.033471e-06,-4.453192e-05,5.244609e-04,-7.066192e-02,2.981375e-02,3.828220e+00
1769,9.451487e-18,3.781685e-06,-3.086507e-05,5.047911e-04,2.983658e-02,1.867759e+00,2.113327e+00
1770,2.923546e-18,7.807691e-06,-3.829439e-05,5.036910e-04,2.640929e-01,5.633608e-03,1.757788e+00
1771,1.828814e-16,-1.014695e-05,-1.547951e-04,5.033566e-04,-8.716505e-01,-1.678085e-01,9.793213e+00
1772,1.045715e-16,1.015195e-05,-1.677949e-04,4.867933e-04,-6.856961e-01,-6.550305e-01,7.822776e+00
1773,8.913967e-19,4.044749e-06,-1.756457e-04,4.798633e-04,2.770224e-01,5.804219e-01,8.421029e-01
1774,1.122519e-18,7.027873e-06,-1.757804e-04,4.798679e-04,4.861996e-01,-4.181660e-02,7.991560e-01
1775,5.502399e-17,1.351564e-05,-1.567459e-04,4.976099e-04,6.669323e-01,-1.486492e+00,2.257696e+00
1776,9.095696e-18,1.562395e-05,-1.601528e-04,4.940273e-04,7.749002e-02,7.407168e-02,5.635428e+00
1777,3.144277e-18,2.339407e-06,-1.625260e-04,4.973790e-04,-4.085141e-01,-3.511343e-01,6.713165e+00
1778,2.023690e-17,-7.492477e-07,-1.635445e-04,4.889863e-04,-1.420676e+00,-1.471697e+00,5.331242e+00
1779,3.783857e-17,1.306987e-05,-1.736807e-04,4.916864e-04,-4.005112e-01,-4.466409e-01,3.143368e+00
1780,3.169631e-18,7.594574e-07,-1.593679e-04,4.802428e-04,8.830691e-02,6.821374e-01,3.897906e+00
1781,4.926248e-19,1.563343e-05,-1.597674e-04,4.790900e-04,-2.116860e-01,-3.463026e-01,-6.469287e-01
1782,1.499124e-18,1.178921e-05,-1.663250e-04,4.817121e-04,-4.058510e-02,2.227409e+00,1.056278e+01
1783,8.116533e-18,3.906605e-06,-1.656266e-04,4.914808e-04,-1.355809e-01,4.949026e-02,8.879357e+00
1784,5.394962e-18,-1.250057e-05,-1.507372e-04,4.975891e-04,-1.640212e-01,1.015512e-01,9.729691e+00
1785,1.598333e-17,-1.212536e-05,-1.679888e-04,4.995298e-04,-1.225288e+00,-1.138978e-01,1.098089e+01
1786,4.111277e-17,-1.231156e-05,-1.615727e-04,4.973665e-04,7.683302e-01,-6.084644e-01,5.150558e+00
1787,3.574075e-17,-1.431821e-05,-1.590962e-04,4.798440e-04,4.465829e-01,-7.164894e-01,2.380169e+00
1788,2.038043e-17,-3.640241e-06,-1.639021e-04,4.802177e-04,1.758626e-01,-4.509148e-01,2.155550e+00
1789,2.036740e-17,-4.480669e-06,-1.486574e-04,4.919298e-04,-5.278969e-01,-6.007881e-01,1.842608e+00
1790,2.754769e-17,-1.268306e-05,-1.742088e-04,4.787479e-04,1.034345e+00,-1.744659e-01,1.375129e+00
1791,3.089150e-17,-2.403004e-05,-1.575028e-04,4.814450e-04,-1.399396e-02,2.666886e-02,-7.160411e-01
1792,1.033211e-18,-1.718027e-05,-1.601680e-04,4.869013e-04,-1.016866e-01,-4.155672e-01,2.709200e+00
1793,2.262911e-18,-3.858655e-06,-1.698012e-04,4.822190e-04,4.380031e-01,2.918175e-01,-1.510119e-01
1794,2.180490e-18,-9.382618e-06,-1.501262e-04,4.882347e-04,-1.136465e-02,-1.336941e+00,2.606707e+00
1795,1.937011e-18,-5.417962e-06,-1.695834e-04,4.910924e-04,-1.558548e-01,1.847371e-01,-1.155237e-02
1796,2.955454e-18,-1.496448e-05,-1.712041e-04,5.005051e-04,-9.718420e-01,-4.662977e-01,2.119264e+00
1797,2.106025e-18,-1.008235e-05,-1.644531e-04,4.892566e-04,-3.045139e+00,-1.716776e+00,1.846815e+01
1798,1.420776e-17,-1.032898e-05,-1.622025e-04,4.808516e-04,2.785091e-01,4.627373e-01,8.105056e+00
1799,6.080907e-19,-8.982966e-06,-1.667965e-04,4.756522e-04,3.340517e-02,9.189715e-01,3.780954e+00
1800,6.866805e-19,-1.132819e-05,-1.707029e-04,4.786792e-04,-1.548214e+00,-1.236848e+00,7.220413e+00
1801,2.482558e-18,-1.506625e-05,-1.693275e-04,4.787117e-04,9.202472e-01,-2.061567e+00,7.056605e+00
1802,7.980479e-18,-1.250286e-05,-1.499992e-04,4.907928e-04,-2.185926e-02,-7.323772e-02,7.400271e+00
1803,3.607890e-19,-1.133021e-05,-1.667962e-04,4.822108e-04,3.032678e-01,1.007233e+00,6.969859e+00
1804,1.148131e-17,-2.428008e-05,-1.694931e-04,4.898734e-04,-3.114401e-02,5.965268e-02,-1.110683e+00
1805,1.522014e-17,1.796943e-05,-1.359354e-04,4.857349e-04,1.421521e+00,-5.927643e-01,8.090160e-01
1806,2.881145e-17,5.123934e-06,-1.428960e-04,4.843614e-04,-5.425228e-01,9.914421e-01,3.963997e+00
1807,7.942198e-18,-1.044444e-05,-1.242985e-04,4.868920e-04,-9.500719e-02,-1.781264e+00,8.924195e+00
1808,7.163271e-18,-1.483249e-05,-1.465206e-04,4.939181e-04,7.101110e-01,4.757406e-01,9.243725e+00
1809,1.046187e-17,-9.345723e-06,-1.394787e-04,4.930119e-04,-7.303040e-03,-1.097099e-01,2.571978e+00
1810,4.229249e-18,-1.330308e-05,-1.414416e-04,4.946796e-04,-7.035769e-01,-4.712592e-01,2.705806e+00
1811,2.009132e-17,-2.083087e-05,-1.458787e-04,4.798891e-04,1.214657e+00,6.082757e-01,2.378864e+00
1812,3.942602e-18,-1.328192e-05,-1.281164e-04,4.978699e-04,3.239446e-01,-2.975746e-02,1.561592e+00
1813,2.693482e-18,-9.369699e-06,-1.351759e-04,4.849309e-04,3.767022e-01,-1.887539e-01,1.140879e+00
1814,9.060959e-19,-1.582940e-07,-1.329664e-04,4.806366e-04,1.353128e-01,-4.072481e-01,1.685463e-01
1815,5.218655e-18,-2.442060e-05,-1.429684e-04,4.861147e-04,-8.603389e-02,-2.741549e-02,-8.979664e-01
1816,8.864334e-17,2.362727e-05,-1.382910e-04,4.910110e-04,3.321162e-02,9.270271e-03,-5.717043e-01
1817,2.466919e-17,2.805653e-06,-1.472988e-04,4.950215e-04,3.840010e-01,-6.006248e-01,4.112252e+00
1818,5.876019e-17,1.797322e-05,-1.358926e-04,4.857480e-04,1.385759e+00,-6.281370e-01,6.210184e-01
1819,1.805718e-17,1.284244e-05,-1.470510e-04,4.780822e-04,-1.344261e+00,-2.465549e-02,1.812894e+00
1820,1.343512e-17,6.805932e-06,-1.382629e-04,4.915731e-04,-8.454256e-01,1.993522e-02,8.712923e-01
1821,1.299677e-18,2.353168e-06,-1.413950e-04,4.977967e-04,2.336753e-01,1.438974e-01,2.538486e+00
1822,1.504783e-18,2.734444e-06,-1.414661e-04,4.826321e-04,2.507567e+00,-1.148828e+00,2.101779e+00
1823,2.823203e-18,7.816268e-06,-1.257913e-04,4.841881e-04,6.520512e-02,2.160914e-01,-8.125216e-01
1824,5.331689e-19,2.734841e-06,-1.273306e-04,4.798602e-04,-9.520352e-02,1.956550e-01,-4.793115e-01
1825,3.312553e-17,6.458624e-06,-1.383070e-04,4.810311e-04,1.581086e-01,-1.594976e-01,-4.597570e-01
1826,1.530740e-18,7.818307e-06,-1.304559e-04,4.915690e-04,1.416667e-01,5.740927e-02,-1.628477e+00
1827,6.372085e-18,1.719363e-05,-1.254495e-04,4.973050e-04,7.970584e-02,1.376476e+00,-8.950997e-01
1828,9.703490e-18,2.426957e-05,-1.398470e-04,4.979438e-04,1.277985e-02,-1.014304e-02,-1.010758e+00
1829,2.391296e-17,-1.340624e-05,-1.609643e-04,5.167778e-04,-4.810682e-01,3.254760e+00,1.734097e+01
1830,5.325965e-19,-1.366984e-05,-1.531096e-04,5.094442e-04,5.931082e-01,-4.577526e-01,8.326515e+00
1831,2.595849e-18,-1.247559e-05,-1.663996e-04,5.083192e-04,5.005155e-02,-1.700984e-01,1.270298e+01
1832,7.825188e-18,-3.517243e-06,-1.710941e-04,5.140116e-04,1.442332e+00,-1.654231e-02,5.716532e+00
1833,5.045001e-18,-1.563345e-06,-1.718709e-04,5.039862e-04,-2.995582e-02,1.436895e-01,2.360449e+00
1834,2.626272e-17,1.600612e-06,-3.771812e-05,4.790236e-04,-2.348269e-01,4.769525e-01,1.915195e+00
1835,6.698776e-19,3.906238e-07,-2.773440e-05,4.778969e-04,-6.060591e-01,-1.443461e+00,8.835109e+00
1836,5.533328e-18,7.812387e-06,-5.074387e-05,4.882263e-04,7.778449e-01,1.345268e+00,1.878314e+01
1837,2.274079e-17,2.155484e-06,-2.717448e-05,4.830671e-04,-2.461127e-02,2.565970e+00,1.149934e+01
1838,2.076364e-17,5.390272e-06,-5.129885e-05,4.981644e-04,-2.752288e+00,8.614774e-01,2.183325e+01
1839,7.305766e-18,4.681920e-06,-3.439205e-05,4.925034e-04,6.797709e-01,3.529697e+00,1.135092e+01
1840,2.608022e-18,1.172772e-05,-2.887799e-05,4.998057e-04,-6.748642e-02,-2.384641e-01,2.980022e+00
1841,3.142307e-18,1.874451e-05,-2.811763e-05,4.841597e-04,-4.091175e-01,3.898764e-01,2.444895e+00
1842,4.721688e-18,6.963480e-06,-4.143079e-05,4.787660e-04,1.330110e+00,1.681594e-01,1.655161e+00
1843,3.138780e-18,4.666263e-06,-3.903668e-05,4.887921e-04,1.829851e-01,7.948539e-01,9.110093e+00
1844,9.924119e-19,6.640966e-06,-4.003201e-05,4.889261e-04,1.049908e-01,2.559687e-01,7.090326e+00
1845,1.521567e-18,8.354358e-06,-3.611757e-05,4.937259e-04,-1.032201e+00,6.746454e-01,1.709999e+01
1846,1.455860e-18,6.160766e-06,-4.960906e-05,4.942825e-04,-1.811401e+00,-2.935957e+00,7.305806e+00
1847,2.914500e-18,2.042190e-05,-5.003859e-05,4.805956e-04,5.923307e-01,-5.468413e-02,-6.599539e-01
1848,5.909163e-18,9.308009e-06,-3.594675e-05,4.894324e-04,-1.155709e+00,6.968268e-01,1.292402e+01
1849,3.379390e-18,3.768175e-06,-3.188144e-05,4.993938e-04,6.631270e-01,3.791488e-01,1.103163e+00
1850,1.084792e-17,2.428197e-05,-2.878422e-05,4.977239e-04,3.373393e-02,1.717563e-02,-1.062240e+00
1851,2.240619e-17,1.721742e-05,-7.031070e-05,4.940073e-04,2.821350e-01,3.031594e-01,2.148545e+01
1852,3.664575e-18,7.759679e-06,-5.160759e-05,4.922673e-04,1.553305e+00,-1.894857e+00,2.056132e+01
1853,1.254933e-16,3.505616e-06,-6.678073e-05,4.955800e-04,8.504160e-01,-9.196386e-01,8.992186e+00
1854,4.552589e-18,7.783372e-07,-6.405648e-05,4.900981e-04,-9.223021e-01,6.547931e-01,9.571925e+00
1855,2.030221e-17,1.804997e-05,-5.399976e-05,4.895021e-04,-8.592418e-02,1.603298e-02,2.664646e+00
1856,2.952934e-18,6.284783e-06,-6.401753e-05,4.779191e-04,2.706823e+00,-4.348941e-01,1.239308e+00
1857,1.487057e-18,2.595657e-06,-6.414475e-05,4.848045e-04,-8.987005e-01,1.066313e+00,7.141333e+00
1858,6.106976e-19,2.735326e-06,-7.425967e-05,4.845415e-04,-5.688751e-01,1.632113e+00,4.920414e+00
1859,3.059495e-17,1.253753e-05,-6.878596e-05,4.896854e-04,-3.400622e-01,-7.073792e-02,2.214003e+00
1860,2.830378e-17,2.339691e-05,-7.295282e-05,4.845231e-04,2.188724e+00,7.039204e-01,6.137568e-01
1861,2.841151e-18,1.094193e-05,-5.937556e-05,4.927640e-04,8.487364e-02,-1.636033e-01,1.187697e+00
1862,5.514180e-17,-1.830012e-06,-5.316049e-05,4.945742e-04,-1.567223e+00,-4.252538e-01,5.225609e+00
1863,1.315736e-17,2.425420e-05,-5.694776e-05,4.959489e-04,4.523013e-02,1.656269e-02,-9.338548e-01
1864,5.988286e-17,-7.053321e-06,-6.571712e-05,5.002628e-04,-1.602877e+00,-8.892673e-01,1.613988e+01
1865,3.333454e-17,-1.273831e-05,-6.122699e-05,4.962663e-04,2.224255e+00,-2.035381e+00,5.825205e+00
1866,3.486636e-18,-1.304964e-05,-6.635295e-05,4.975703e-04,-1.241510e+00,-1.008794e+00,6.130928e+00
1867,1.363009e-17,-1.652361e-05,-5.449083e-05,4.831587e-04,-2.570164e+00,7.705753e-01,1.707442e+00
1868,3.539915e-18,-1.172171e-05,-7.265857e-05,4.923905e-04,-6.368877e-02,-2.148840e-02,4.921547e+00
1869,3.095492e-18,-1.564647e-05,-6.560956e-05,4.989864e-04,-2.812698e-01,2.803947e-01,2.148209e+00
1870,1.167467e-18,-7.020317e-06,-7.264979e-05,4.931298e-04,5.989953e-01,2.092960e-01,-3.729407e-01
1871,1.289799e-17,-2.425990e-05,-6.728778e-05,4.834974e-04,-1.553892e-02,-1.352209e-03,-9.389034e-01
1872,5.133086e-17,-5.687597e-06,-5.324751e-05,5.136856e-04,7.115212e-01,1.322170e+00,7.959142e+00
1873,1.035496e-17,-1.132943e-05,-7.233514e-05,5.072340e-04,3.168715e-01,-1.135852e+00,1.081309e+01
1874,2.190391e-18,-1.177243e-05,-6.958567e-05,5.143492e-04,-1.498361e-01,-1.692152e-01,9.054504e+00
1875,1.375501e-18,-1.327853e-05,-6.952852e-05,5.024960e-04,-1.864775e-01,2.930907e-01,9.295051e+00
1876,5.548100e-18,-1.323910e-05,-6.143572e-05,5.158403e-04,-3.095551e-01,2.763911e+00,3.643133e+00
1877,3.434540e-18,-3.124599e-06,-6.327814e-05,5.105846e-04,-2.412293e-01,-1.042015e-01,4.448151e+00
1878,3.385176e-18,-1.093632e-05,-5.468805e-05,5.036465e-04,3.221707e-02,-2.400324e-02,5.924746e+00
1879,3.336809e-18,-2.185835e-05,-5.312306e-05,5.105913e-04,1.018130e-01,-2.018822e-02,6.482888e-01
1880,1.178418e-16,1.898950e-04,-2.151222e-06,5.278456e-04,-1.814551e-01,9.124907e-01,8.750451e+00
1881,3.173952e-16,1.897208e-04,-2.313784e-06,5.281467e-04,-2.869500e-01,4.362204e-01,9.293830e+00
1882,5.461341e-17,2.013124e-04,-9.716494e-06,5.289387e-04,-4.739458e-01,4.669953e-02,1.244882e+01
1883,1.472982e-17,1.828111e-04,-7.033247e-06,5.305106e-04,-7.168793e-01,-1.213615e+00,8.068251e+00
1884,8.656824e-18,1.769130e-04,-1.467415e-05,5.286166e-04,-2.212811e+00,-7.473837e-02,8.159622e+00
1885,1.057359e-16,1.820527e-04,-7.196148e-06,5.311222e-04,-2.304615e-01,-5.860278e-01,7.380872e+00
1886,2.377140e-16,2.019526e-04,-1.264651e-05,5.391248e-04,1.300743e-01,-2.514094e-01,8.256051e+00
1887,1.435904e-18,1.937514e-04,-1.811076e-05,5.359888e-04,-5.479421e-02,2.214833e-01,7.859248e+00
1888,2.319110e-18,1.765611e-04,-1.017797e-05,5.372185e-04,1.193860e-01,1.532184e-02,5.980959e+00
1889,1.665055e-17,1.892440e-04,-1.949664e-05,5.494325e-04,-1.383320e-01,-1.152490e+00,1.424338e+01
1890,2.205967e-18,1.984414e-04,-1.016871e-05,5.456773e-04,2.109780e-01,-2.272550e-01,9.789845e-01
1891,1.035011e-18,2.007843e-04,-6.252137e-06,5.459721e-04,-8.003154e-03,2.822631e-01,6.717104e-01
1892,5.872513e-18,1.930075e-04,-1.172251e-05,5.247646e-04,3.397383e-01,6.402528e-02,5.592720e+00
1893,1.439583e-16,2.183568e-04,-4.504981e-06,5.252280e-04,1.505463e-01,-1.216099e+00,8.734295e+00
1894,7.088359e-18,2.117181e-04,-3.124769e-06,5.259328e-04,-7.724020e-02,-2.282535e-02,1.196261e+01
1895,9.510176e-16,2.209935e-04,-1.745257e-06,5.443186e-04,-3.351846e-02,4.962236e-01,7.905287e+00
1896,2.228170e-16,2.028273e-04,2.274083e-06,5.389630e-04,1.666207e-02,3.691455e-01,8.643075e+00
1897,7.934038e-18,2.063329e-04,-2.790287e-06,5.296246e-04,-1.784505e-01,6.886623e-01,1.162711e+01
1898,1.389140e-17,2.141418e-04,-7.009010e-06,5.395354e-04,4.341574e-02,2.976695e-01,1.392057e+01
1899,2.316369e-19,2.121081e-04,-3.519002e-06,5.301071e-04,-2.570530e-01,-1.758554e-01,6.997119e+00
1900,2.002358e-18,2.124986e-04,-1.162368e-05,5.390280e-04,1.239414e-02,2.088413e-01,3.623768e+00
1901,3.192955e-18,2.163999e-04,-1.880889e-05,5.409805e-04,9.376526e-03,2.575020e-02,2.055582e+00
1902,3.583091e-17,2.148714e-04,9.136649e-06,5.304413e-04,5.234087e-01,-4.506299e-01,5.095732e+00
1903,1.383502e-16,1.971560e-04,1.524679e-05,5.403070e-04,-1.884833e+00,1.613613e-01,5.435240e+00
1904,2.617818e-18,2.218724e-04,1.251094e-05,5.366339e-04,8.043327e-03,5.899556e-02,4.384440e+00
1905,5.044709e-17,1.819998e-04,1.050279e-05,5.432385e-04,-1.205103e+00,-3.499046e-01,8.155384e+00
1906,7.361540e-18,1.814318e-04,2.356465e-06,5.478316e-04,5.859947e-01,6.864902e-03,8.109173e+00
1907,1.223250e-18,1.866941e-04,3.125002e-06,5.338884e-04,-7.466950e-01,-3.131210e-01,6.450370e+00
1908,2.704132e-18,1.961024e-04,8.605613e-06,5.290305e-04,-3.964648e-01,-3.119105e-01,6.935734e+00
1909,3.233742e-18,1.921852e-04,1.172537e-05,5.335381e-04,2.994801e-03,1.380284e-01,2.608511e+00
1910,3.365771e-18,1.789049e-04,1.562238e-05,5.444663e-04,-7.415116e-03,-1.255484e-03,1.893567e+00
1911,1.128903e-18,1.953181e-04,1.015493e-05,5.451963e-04,-7.439930e-02,3.027554e-02,1.006486e+00
1912,1.847385e-17,2.310980e-04,-1.543273e-07,5.279274e-04,9.566760e-01,9.615909e-01,5.519874e+00
1913,2.071895e-16,2.318931e-04,6.442080e-07,5.261594e-04,6.134181e-01,2.406509e-01,7.895381e+00
1914,1.368256e-16,2.296254e-04,1.015402e-05,5.394939e-04,-4.539854e-01,3.604947e-01,8.200492e+00
1915,7.129129e-18,2.309253e-04,-1.560689e-05,5.249138e-04,3.155556e-01,-1.970216e-01,2.315965e+01
1916,3.110341e-17,2.490013e-04,1.892440e-05,5.473211e-04,1.403103e-02,4.842671e+00,1.263499e+01
1917,9.117955e-18,2.328594e-04,-1.172120e-05,5.386855e-04,2.813082e-02,1.896906e-01,2.313405e+01
1918,4.108412e-17,2.349961e-04,-2.039292e-05,5.355922e-04,2.654295e+00,-2.603508e+00,2.656292e+01
1919,3.522393e-18,2.328096e-04,-1.250053e-05,5.487543e-04,-8.629289e-01,1.283126e-01,2.547695e+01
1920,3.601890e-17,2.490408e-04,-5.445476e-06,5.352200e-04,-1.053042e+00,-7.920527e-01,1.456438e+01
1921,8.956667e-18,2.493303e-04,-6.326053e-06,5.246544e-04,7.295193e-02,-1.453122e-01,8.685657e+00
1922,5.236549e-18,2.328167e-04,-1.016138e-05,5.301179e-04,-1.806713e-03,3.426432e-01,1.948043e+01
1923,6.817542e-18,2.429746e-04,-4.840761e-07,5.469606e-04,-1.011956e-01,6.826616e-01,1.396206e+01
1924,3.134799e-18,2.429742e-04,-3.129584e-06,5.426658e-04,1.665049e-02,2.006824e-01,1.283100e+01
1925,1.410862e-18,2.453180e-04,4.695620e-06,5.400387e-04,-1.208534e-02,-1.269461e-01,9.540165e+00
1926,2.651068e-18,2.453237e-04,1.554734e-06,5.312297e-04,6.104306e-02,-1.438679e-01,8.781594e+00
1927,5.608622e-19,2.496093e-04,-1.018725e-05,5.263626e-04,4.239635e-01,-1.699859e+00,6.045782e+00
1928,1.853242e-18,2.496095e-04,1.562920e-06,5.324666e-04,1.225389e-01,-1.147077e-01,6.689297e+00
1929,8.579158e-18,2.388603e-04,-1.846298e-05,5.339401e-04,-2.134592e-01,6.796157e-01,7.408444e+00
1930,1.526813e-18,2.496102e-04,-1.209684e-05,5.498460e-04,4.714226e-01,-6.109102e-01,1.622927e+01
1931,1.499092e-17,2.425924e-04,1.609065e-05,5.361662e-04,3.641814e-01,-7.816323e-01,3.715661e+00
1932,1.322643e-17,2.492668e-04,1.149664e-05,5.473037e-04,4.625856e-02,-2.199268e-01,4.460050e+00
1933,9.515588e-18,2.343821e-04,3.908271e-06,5.437072e-04,4.348943e-02,-2.399650e-02,6.703084e+00
1934,2.107532e-18,2.367191e-04,1.327529e-05,5.373579e-04,-4.421904e-03,1.932187e-01,-1.403740e+00
1935,1.032023e-18,2.304682e-04,1.093800e-05,5.460111e-04,-2.853214e-01,-1.990638e-01,-1.630596e+00
1936,9.320569e-19,2.414043e-04,1.406156e-05,5.483732e-04,8.215674e-03,-1.620757e-03,1.592964e-01
1937,1.410129e-18,7.929723e-05,-1.095033e-05,4.731666e-04,1.331213e+00,-5.052537e-01,-3.342304e+00
1938,9.185791e-19,9.358510e-05,1.624810e-05,4.728531e-04,1.349178e+00,-2.080418e-01,-5.643825e+00
1939,2.296988e-18,-9.310644e-06,-1.715562e-05,5.303927e-04,1.367265e+00,5.478275e-01,1.277008e+01
1940,8.827474e-17,-1.650297e-05,-6.112400e-06,5.359974e-04,-1.666004e-01,-6.160105e-02,4.271680e+00
1941,2.206370e-18,-1.875237e-05,-1.875293e-05,5.365165e-04,2.811620e-03,4.830686e-03,5.742065e+00
1942,1.626651e-18,-1.404721e-05,-1.016518e-05,5.301000e-04,1.404686e+00,-2.560743e-01,7.037622e+00
1943,5.606996e-18,-1.154061e-05,-1.955389e-05,5.294811e-04,2.047257e+00,-3.185487e-02,4.277715e+00
1944,4.446564e-18,-1.562660e-06,-1.562100e-05,5.481255e-04,-8.388441e-02,4.818397e-02,5.062315e+00
1945,3.412895e-18,-1.015308e-05,-1.798293e-05,5.488631e-04,-4.921066e-02,-4.378797e-01,2.942971e+00
1946,1.150714e-16,-1.428776e-05,-1.298064e-05,5.018530e-04,-3.784876e-01,2.101150e+00,4.964500e+00
1947,2.917381e-17,-1.237159e-05,-3.946741e-06,5.077926e-04,4.318835e-02,2.606415e-01,1.408420e+01
1948,2.141977e-17,-5.499709e-06,-1.652075e-05,5.095990e-04,4.437154e-01,-4.022901e-01,9.333743e+00
1949,4.073792e-17,-1.214824e-05,-9.828650e-06,5.080231e-04,-4.670341e-01,1.306145e-01,3.832494e+00
1950,2.048929e-17,-1.528257e-05,-1.497873e-05,5.236458e-04,1.011640e+00,-5.136363e-01,3.198324e+00
1951,2.481272e-17,-8.632955e-06,-1.101819e-05,5.198275e-04,6.672358e-01,9.555076e-01,5.533397e+00
1952,4.841785e-19,-1.835973e-05,-3.903814e-06,5.047703e-04,1.548911e-01,-1.288324e-03,5.353651e-01
1953,1.061995e-17,-6.251251e-06,-1.932583e-05,5.233448e-04,1.343724e-01,-2.085519e+00,1.473177e+00
1954,9.863682e-19,-1.172140e-06,-2.773444e-05,4.743695e-04,-2.039184e+00,-2.418739e-01,2.509001e+00
1955,2.378488e-17,-8.429818e-06,-6.105750e-06,4.729970e-04,-1.509084e+00,-2.380501e+00,-7.760596e-01
1956,1.734239e-18,-1.780546e-05,-1.185234e-05,4.747890e-04,1.303721e+00,3.352230e-01,-1.422771e+00
1957,1.203471e-18,-1.250376e-05,-1.718436e-05,4.736247e-04,-2.347558e-01,-7.458656e-02,-1.972988e+00
1958,2.612748e-19,-5.859577e-06,-2.148426e-05,4.704939e-04,2.872918e+00,-2.335428e+00,-4.486231e+00
1959,3.973313e-19,-1.913972e-05,-8.202581e-06,4.720548e-04,2.278004e-01,-8.542170e-01,-3.745902e+00
1960,4.503511e-19,-6.640805e-06,-7.421953e-06,4.673614e-04,-3.291068e+00,1.401457e+00,-5.576195e+00
1961,5.858039e-18,-3.908967e-06,-1.484262e-05,4.771648e-04,9.772224e-02,3.418335e-02,-4.554850e-01
1962,4.244345e-17,-1.879787e-05,-8.219466e-06,4.821836e-04,-2.423656e+00,1.493403e+00,2.327586e+00
1963,3.559100e-18,-7.771187e-06,-2.104569e-05,4.855753e-04,-3.165198e-01,1.095154e+00,7.991795e+00
1964,5.384893e-18,-1.452186e-05,-4.691498e-06,4.842660e-04,5.825454e-01,-1.037092e-01,5.928331e+00
1965,1.392190e-17,-4.820069e-06,-1.568609e-05,4.994850e-04,-1.842230e-01,2.277282e-01,8.451245e+00
1966,3.403892e-18,-1.563482e-05,-2.344173e-05,4.841613e-04,1.365511e+00,-2.588839e-01,2.961780e+00
1967,2.636562e-18,-3.902598e-06,-1.484789e-05,4.880682e-04,-5.927930e-02,-8.200298e-02,4.955083e+00
1968,1.425766e-18,-1.563091e-05,-2.347638e-05,4.954888e-04,2.156581e-01,-6.055552e-01,7.732756e-01
1969,3.685469e-18,-2.317721e-06,-3.825304e-06,4.779231e-04,-4.951072e-02,4.866454e-01,-3.032988e+00
1970,8.363121e-18,-1.297220e-05,-4.571491e-05,4.933420e-04,3.542789e-01,8.867151e-01,4.990411e+00
1971,1.460250e-18,-1.251070e-05,-4.842904e-05,4.783075e-04,-7.728272e-02,5.027795e-01,-5.700092e-01
1972,2.284435e-18,-2.460926e-05,-4.452912e-05,4.970679e-04,-3.240707e-02,-1.942387e-01,-6.336082e-01
1973,1.708702e-18,-9.659557e-06,4.928219e-05,4.904770e-04,1.511847e+00,-6.627951e-01,4.430885e+00
1974,1.221870e-18,-1.087835e-05,4.922642e-05,4.946943e-04,2.061770e+00,-4.274831e-01,7.529619e+00
1975,3.550015e-18,-1.101136e-05,4.921376e-05,4.995572e-04,-3.426871e-01,1.186999e+00,1.166735e+01
1976,3.809829e-18,-1.328238e-05,4.921981e-05,4.802562e-04,-4.742606e-01,-1.041946e+00,2.779612e+00
1977,5.814771e-17,-1.335410e-05,4.890767e-05,4.810514e-04,-2.844841e-01,-1.000831e+00,2.188603e+00
1978,3.981060e-17,6.363342e-07,4.950631e-05,4.868961e-04,4.490079e-01,-3.749934e-01,4.721078e+00
1979,2.623929e-19,-1.055113e-05,4.961247e-05,4.861119e-04,1.133242e+00,7.096939e-01,9.643407e-01
1980,1.619925e-17,-1.365713e-05,4.320964e-05,4.857883e-04,1.384257e+00,-1.269873e+00,1.163918e+01
1981,2.957723e-17,4.854680e-07,2.888468e-05,4.914374e-04,-2.279088e+00,1.206369e-01,7.767872e+00
1982,6.189928e-18,-1.500161e-05,4.521229e-05,4.795969e-04,9.389643e-01,4.769449e-02,7.824402e+00
1983,9.898532e-18,1.576132e-06,4.607524e-05,4.884587e-04,-1.177921e+00,-1.710563e-01,-1.153872e-01
1984,7.621100e-18,-2.421912e-05,3.593706e-05,4.802582e-04,4.800494e-02,1.583291e-02,-9.995390e-01
1985,2.813528e-17,-1.073345e-05,2.839814e-05,4.778500e-04,3.226975e-02,-1.995143e+00,-1.174589e-01
1986,2.325057e-17,-2.282208e-05,3.831083e-05,4.920602e-04,-1.186020e+00,-1.268145e+00,1.881310e+00
1987,2.874567e-17,-2.265114e-07,2.819057e-05,4.777290e-04,6.619560e-01,2.725681e+00,-1.591091e-01
1988,2.476681e-17,-2.410201e-05,3.471028e-05,4.975292e-04,7.435920e-03,2.213855e-02,-4.105832e-01
1989,3.128787e-17,-2.389620e-05,3.596388e-05,4.803704e-04,-6.971702e-02,1.714245e-02,-9.193407e-01
1990,1.526204e-17,-4.641222e-06,4.609151e-05,4.982598e-04,8.199791e-01,2.133615e-01,1.227713e+01
1991,1.555765e-18,-5.398755e-06,4.361578e-05,4.792215e-04,5.458732e-01,2.188141e+00,6.320017e+00
1992,4.982564e-17,1.520249e-05,4.758200e-05,4.790514e-04,2.836814e+00,3.017181e+00,7.192358e-01
1993,3.265455e-17,9.038255e-06,6.073718e-05,4.865066e-04,-5.393585e-01,-6.407864e-01,8.833508e+00
1994,2.845990e-18,1.013587e-05,6.011921e-05,4.793412e-04,1.063179e+00,-1.144272e-01,5.479076e+00
1995,1.430210e-17,1.733462e-05,5.597762e-05,4.978577e-04,-7.438301e-01,-2.048763e+00,4.747541e+00
1996,9.613526e-19,8.708686e-06,4.936228e-05,4.829875e-04,-1.344178e+00,-2.388049e+00,2.476589e+00
1997,6.826659e-18,1.719037e-05,5.361248e-05,4.925165e-04,4.698201e-01,8.614868e-01,8.203226e+00
1998,1.624869e-17,1.680940e-05,5.370116e-05,4.761203e-04,1.369465e+00,-1.442666e+00,1.529235e-01
1999,6.355982e-18,-1.958960e-08,7.346550e-05,4.907582e-04,3.036346e-01,-2.268563e-01,1.451594e+01
2000,4.201643e-18,-1.890757e-07,5.937596e-05,4.910864e-04,5.317640e-01,1.699060e-02,-3.250864e-01
2001,2.755187e-18,1.640168e-05,6.484911e-05,4.802246e-04,4.604258e-01,-4.160190e-01,-2.750605e+00
2002,1.275375e-17,2.426661e-05,6.173759e-05,4.975053e-04,5.034528e-02,-1.689048e-02,-9.833664e-01
2003,1.131428e-16,-2.354475e-05,6.159148e-05,4.856207e-04,3.816682e-03,-1.902187e-01,-3.939738e-01
2004,1.396293e-16,-1.036127e-05,6.244869e-05,4.935707e-04,2.764699e-01,-5.524759e-01,3.108882e+00
2005,2.249983e-17,-1.838558e-05,7.059469e-05,4.888373e-04,-2.828218e-01,6.443376e-01,6.058174e+00
2006,1.307983e-17,-2.002675e-05,6.349357e-05,4.805097e-04,-7.936635e-01,1.710988e-01,3.077915e+00
2007,2.485884e-18,-1.713567e-05,6.869353e-05,4.848503e-04,1.338664e-01,-2.170990e-01,6.290139e+00
2008,1.339535e-17,-1.807292e-05,5.206150e-05,4.990841e-04,-2.406815e-01,1.610077e-01,3.111270e+00
2009,4.897014e-18,-6.247207e-06,5.546479e-05,4.836987e-04,1.433554e-01,2.244986e-02,1.630349e+00
2010,3.272886e-18,-6.257329e-06,5.392525e-05,4.989966e-04,-2.862347e-01,-5.349040e-01,5.174969e+00
2011,1.566113e-17,-1.670846e-05,5.478516e-05,4.803868e-04,9.188397e-01,-4.209726e-01,8.729093e-01
2012,2.818466e-18,-1.641584e-05,6.095199e-05,4.873091e-04,-4.231998e-01,-7.414622e-02,4.095435e-01
2013,3.037626e-18,-4.688368e-06,5.547361e-05,4.903930e-04,1.539264e-01,1.649039e-01,-9.180195e-01
2014,2.291328e-18,-2.343954e-06,6.484801e-05,4.919491e-04,2.352046e-02,-4.997155e-03,-1.767259e+00
2015,1.260466e-18,-2.317621e-06,6.015073e-05,4.868776e-04,5.043800e-01,-1.731843e-01,-7.934376e-01
2016,8.695763e-18,-2.435086e-05,7.109614e-05,4.891253e-04,-1.201211e-01,2.869275e-02,-1.201751e+00
2017,2.328124e-18,-2.460970e-05,5.390709e-05,4.969613e-04,-5.784760e-02,-6.262390e-02,-1.166105e+00
2018,2.856360e-17,1.628357e-05,4.602973e-05,4.962164e-04,4.610159e-01,-1.297007e+00,8.836905e+00
2019,2.587432e-18,3.067492e-06,2.816958e-05,4.871270e-04,1.185085e+00,-1.316244e+00,7.579479e+00
2020,5.575229e-19,1.640293e-05,4.882903e-05,4.853410e-04,1.105190e+00,-3.551645e-01,3.782571e+00
2021,2.330596e-17,1.316799e-05,3.923494e-05,4.841194e-04,-6.622587e-01,3.675436e-02,1.404624e+00
2022,3.575094e-18,1.012998e-05,2.887528e-05,4.979418e-04,7.729822e-02,-7.118823e-02,1.095285e+00
2023,2.988442e-18,2.186807e-05,4.842450e-05,4.896612e-04,7.105210e-01,3.412815e-02,1.829858e+00
2024,3.259644e-18,3.863477e-06,4.135637e-05,4.852321e-04,8.691887e-02,4.105458e-02,-8.800349e-01
2025,1.314513e-18,4.692558e-06,3.515727e-05,4.931146e-04,-1.237570e-01,5.380985e-02,2.680736e+00
2026,1.818573e-18,1.432805e-05,4.679035e-05,4.895314e-04,1.784515e+00,3.298372e-01,-1.223688e+00
2027,3.662628e-18,2.460943e-05,3.827699e-05,4.922000e-04,1.189824e-02,-1.639363e-02,-1.755308e+00
2028,2.293913e-17,2.409753e-05,2.927791e-05,4.790462e-04,4.048083e-02,-3.984865e-02,-1.003265e+00
2029,5.669146e-17,1.740680e-04,-1.212784e-05,5.071835e-04,1.866866e+00,-3.997929e-02,4.204088e+00
2030,1.495164e-16,1.716215e-04,9.264903e-06,5.200991e-04,-1.781952e-01,-5.390623e-01,1.018698e+01
2031,1.223324e-17,1.733387e-04,1.602855e-05,5.086866e-04,-2.938528e-01,-2.545652e-01,2.885214e+00
2032,2.534235e-18,1.748311e-04,1.243621e-05,5.164459e-04,-2.315129e+00,1.098147e+00,6.331313e+00
2033,3.305878e-18,1.641292e-04,-1.562219e-05,5.249783e-04,6.899136e-01,8.861873e-03,1.139038e+01
2034,2.233931e-16,1.632062e-04,-1.581513e-05,5.478462e-04,-3.826324e-01,-1.010713e+00,8.988758e+00
2035,2.552949e-17,1.657413e-04,-1.447588e-06,5.393962e-04,-5.415382e-01,9.285579e-03,7.441356e+00
2036,1.221413e-16,1.659216e-04,-1.236309e-06,5.393606e-04,-4.554202e-01,5.836187e-03,7.533770e+00
2037,3.027913e-18,1.632846e-04,-1.563961e-05,5.396165e-04,-3.903271e-01,-1.113840e-01,1.567742e+01
2038,4.516452e-17,1.676501e-04,-9.906955e-06,5.301467e-04,-2.632031e-01,-2.421583e+00,1.119520e+01
2039,2.145457e-18,1.710929e-04,-1.407023e-05,5.380083e-04,5.053870e-02,-2.584474e-02,4.387852e+00
2040,1.148998e-17,1.568344e-04,-7.567659e-06,5.476398e-04,-2.901394e+00,-8.817493e-01,5.242496e+00
2041,1.289281e-18,1.609417e-04,-4.690903e-06,5.429169e-04,6.556652e-02,-2.446240e-02,6.683345e+00
2042,2.690022e-18,1.609361e-04,-4.691961e-06,5.282851e-04,9.417461e-03,9.233886e-02,6.676290e+00
2043,3.152571e-18,1.665214e-04,-7.095945e-06,5.398098e-04,6.992938e-01,5.974352e-01,6.584611e+00
2044,2.256662e-18,1.663928e-04,-7.020307e-06,5.448088e-04,1.653532e-01,-1.027049e-01,6.967733e+00
2045,2.929741e-18,1.710962e-04,-1.408073e-05,5.328085e-04,-2.775500e-01,-1.006602e-01,4.967076e+00
2046,1.348720e-18,1.539437e-04,-9.375398e-06,5.391453e-04,1.680573e-01,4.299239e-02,1.187288e+00
2047,5.687721e-18,1.679775e-04,-2.345355e-06,5.334864e-04,6.665135e-03,-4.171639e-01,9.207470e+00
2048,7.022663e-17,1.635456e-04,-1.315162e-05,5.142509e-04,5.125980e+00,2.386871e-01,2.176251e+01
2049,4.515712e-17,1.659334e-04,2.374653e-06,5.210759e-04,-1.347884e+00,-4.839930e-01,4.852466e+00
2050,2.782562e-18,1.609375e-04,-4.691049e-06,5.006067e-04,3.619986e-02,-7.400903e-02,2.702287e+00
2051,1.823958e-17,1.556494e-04,-4.087401e-06,5.136408e-04,-9.668757e-01,-1.068889e+00,2.998620e+00
2052,3.573836e-18,1.679610e-04,-4.881513e-06,5.175854e-04,-1.291259e-02,-4.554711e-01,7.138622e+00
2053,3.977019e-18,1.710954e-04,-1.391924e-05,5.160304e-04,4.858816e-02,-3.319454e-01,3.363002e+00
2054,2.984312e-17,1.591260e-04,9.986905e-06,5.265138e-04,5.912772e-01,1.067994e-01,1.754556e+01
2055,8.613640e-17,1.671379e-04,1.876072e-05,5.364790e-04,-7.021341e-01,-2.646838e-01,5.514367e+00
2056,2.980640e-17,1.648513e-04,1.035953e-05,5.420168e-04,-1.515650e+00,-5.915914e-01,6.781249e+00
2057,1.852717e-17,1.587943e-04,7.628975e-06,5.386675e-04,7.598634e-02,-6.209843e-01,8.117930e+00
2058,2.674816e-17,1.611842e-04,6.707517e-06,5.316915e-04,-2.464725e+00,-1.030744e+00,6.874973e+00
2059,1.632397e-17,1.553024e-04,1.156153e-05,5.366396e-04,3.963834e-01,-3.439684e-01,7.907488e+00
2060,9.663507e-18,1.642529e-04,4.729670e-06,5.375694e-04,8.156050e-01,-1.856416e-02,6.614734e+00
2061,2.289340e-17,1.529782e-04,1.925139e-05,5.425690e-04,4.507179e-01,4.567282e-02,6.966879e+00
2062,8.621029e-17,1.688956e-04,7.424366e-06,5.128532e-04,-1.408516e+00,3.589966e-02,1.143453e+01
2063,2.425382e-17,1.657800e-04,2.345573e-05,5.024005e-04,6.367620e-01,3.989073e+00,1.581920e+01
2064,1.258792e-18,1.570342e-04,1.015954e-05,5.009395e-04,-2.051249e-01,-3.133420e-02,8.187871e+00
2065,8.880550e-18,1.579575e-04,1.017298e-05,5.117482e-04,3.988615e-01,4.770694e-02,1.383221e+01
2066,1.102147e-17,1.683619e-04,1.766708e-05,5.191968e-04,-6.970773e-01,-2.091269e-01,4.322888e+00
2067,9.279341e-18,1.609401e-04,1.632922e-05,5.221985e-04,1.210406e-01,7.813589e-02,4.376099e+00
2068,1.356288e-18,1.703171e-04,1.720918e-05,5.140789e-04,6.669270e-02,1.549779e-01,5.026338e+00
2069,1.955408e-18,1.719756e-04,1.405675e-05,5.053811e-04,5.165242e-02,1.164029e+00,7.093732e+00
2070,5.747665e-18,1.671868e-04,2.344215e-06,5.028783e-04,1.668667e-01,2.091471e-01,5.493272e+00
2071,3.851208e-18,1.546583e-04,1.481092e-05,5.113023e-04,-5.433700e-01,1.330187e+00,5.558668e+00
2072,3.386680e-18,1.546799e-04,1.251156e-05,5.160192e-04,-8.103486e-02,-4.651424e-01,4.913170e+00
2073,2.362032e-17,1.533302e-04,4.675939e-06,5.147231e-04,1.770792e+00,1.247070e+00,2.263622e+00
2074,3.386522e-18,1.578105e-04,4.684515e-06,5.082765e-04,-1.143097e-01,-1.424627e-01,2.394928e+00
2075,2.278998e-18,1.634114e-04,-1.409116e-05,4.921288e-04,1.427351e+00,2.536182e-01,1.223670e+01
2076,5.483064e-17,1.765540e-04,-4.428658e-06,4.967799e-04,6.630326e-01,7.695004e-01,5.679115e+00
2077,6.584493e-18,1.616409e-04,8.923578e-07,4.804090e-04,4.851975e-02,-5.323675e-01,6.036855e+00
2078,2.949686e-18,1.702998e-04,-1.874419e-05,4.974875e-04,-9.490593e-01,5.511449e-01,8.102070e+00
2079,1.395306e-17,1.687547e-04,-2.422428e-05,4.973847e-04,-2.833299e-01,-1.480785e+00,4.240009e+00
2080,4.239428e-18,1.765739e-04,-1.015626e-05,4.926472e-04,5.486553e-01,1.504434e-01,1.718589e+00
2081,3.003408e-18,1.632572e-04,-1.408052e-05,4.888442e-04,4.576496e-02,9.396775e-02,1.074225e+01
2082,4.804929e-19,1.738295e-04,-7.031519e-06,4.900094e-04,-8.845549e-02,1.985667e-02,4.458319e+00
2083,2.559771e-18,1.609368e-04,-4.694125e-06,4.982364e-04,-1.547819e-02,1.604881e-01,3.577290e+00
2084,3.377676e-18,1.632808e-04,-1.560020e-06,4.989723e-04,4.262760e-03,4.846036e-02,4.038660e-01
2085,8.636322e-18,1.634425e-04,-1.405380e-05,4.827487e-04,-6.987208e-01,-5.823329e-02,5.187164e+00
2086,3.048795e-18,1.710821e-04,-1.407155e-05,4.911476e-04,6.367519e-02,1.729020e-02,-1.502293e+00
2087,7.976287e-19,1.521986e-04,-1.549118e-05,4.837835e-04,1.136129e-01,9.497058e-02,-7.301130e-01
2088,7.373954e-19,1.644516e-04,-1.392837e-05,4.780449e-04,-9.372781e-03,-9.587157e-01,3.009174e+00
2089,3.115076e-18,1.546966e-04,-2.317332e-06,4.926854e-04,7.638142e-01,1.521485e-01,-2.247864e+00
2090,2.854516e-18,-1.968884e-04,1.326685e-05,4.740326e-04,3.127994e-02,4.317969e-01,-4.283773e-01
2091,2.659712e-19,-1.761722e-04,1.132792e-05,4.705043e-04,1.106875e-01,-1.797199e+00,-4.860827e+00
2092,5.328349e-19,-1.886724e-04,1.601482e-05,4.732133e-04,-9.209211e-01,3.147093e-01,9.490675e-01
2093,2.643717e-19,-1.894522e-04,1.601607e-05,4.720664e-04,2.852005e-01,6.311745e-01,-3.237222e+00
2094,8.904946e-19,-1.902336e-04,1.624527e-05,4.700138e-04,-2.870509e-01,4.638345e-01,-5.865721e+00
2095,6.319244e-19,-1.855470e-04,2.734834e-06,4.725269e-04,-2.988470e-01,1.952008e+00,-3.730963e+00
2096,3.818956e-19,-1.847657e-04,1.953305e-06,4.712711e-04,-5.060045e-01,1.377751e+00,-4.465213e+00
2097,3.048456e-19,-1.863280e-04,2.735232e-06,4.736165e-04,1.125309e+00,1.753238e+00,-3.038013e+00
2098,2.408615e-19,-1.925779e-04,-1.523477e-05,4.705019e-04,-8.232794e-02,5.575407e-01,-7.299269e+00
2099,2.063406e-18,-2.019053e-04,-3.872605e-06,4.743989e-04,-1.784898e-01,-4.511757e-01,8.246597e-02
2100,2.702866e-19,-2.152341e-04,1.367235e-05,4.689386e-04,6.461728e-01,4.682894e-01,3.496713e+00
2101,9.531935e-19,-2.121096e-04,1.289065e-05,4.666780e-04,2.622314e+00,2.323976e+00,-6.072116e-01
2102,4.448730e-19,-2.144531e-04,1.367191e-05,4.681555e-04,7.210951e-01,-7.873645e-01,1.377658e+00
2103,3.331581e-18,1.485066e-05,1.671936e-04,4.872804e-04,8.919985e-01,-6.484586e-01,1.927751e+00
2104,3.441993e-18,1.563311e-05,1.687432e-04,4.966534e-04,3.074461e-01,-6.282680e-01,1.631156e+00
2105,7.528377e-19,4.033194e-06,1.615803e-04,4.837613e-04,-2.777095e-01,1.308910e-01,1.708746e+00
2106,2.232563e-17,1.195784e-05,1.626277e-04,4.857639e-04,-5.531930e-01,1.453750e+00,9.909041e-01
2107,1.511008e-18,1.493115e-05,1.696667e-04,4.784768e-04,7.455423e-01,-4.539377e-01,-1.291620e+00
2108,1.611694e-18,5.390335e-06,1.664844e-04,4.799880e-04,4.972324e-01,-5.282238e-01,-3.550087e+00
2109,3.137557e-19,5.077854e-06,1.707026e-04,4.767448e-04,1.611735e+00,-6.633966e-01,1.307277e+00
2110,4.901097e-19,5.859547e-06,1.714844e-04,4.763453e-04,1.118606e+00,-8.579178e-01,1.101914e+00
2111,2.611170e-19,1.523606e-05,1.699243e-04,4.939238e-04,-2.996929e-01,-3.061223e-01,4.800856e+00
2112,2.906962e-18,2.429974e-05,1.695259e-04,4.872757e-04,1.470887e-01,1.635213e-01,-2.195221e+00
2113,4.017305e-18,2.460950e-05,1.586040e-04,4.828262e-04,3.240178e-03,3.174148e-02,-1.760037e+00
2114,3.374955e-19,5.078426e-06,1.699219e-04,4.736193e-04,-5.227100e-01,6.714786e-01,-9.880641e-01
2115,4.961820e-19,-5.079183e-06,1.636720e-04,4.700979e-04,7.955342e-01,-1.091503e+00,-6.456564e+00
2116,1.410328e-18,-4.462790e-06,1.544350e-04,4.699246e-04,-1.546551e+00,-2.948041e+00,-1.028903e+01
2117,7.576430e-19,-1.952851e-06,1.640405e-04,4.751772e-04,1.323778e+00,-1.218187e+00,-4.106928e+00
2118,4.498333e-18,1.563471e-06,1.789193e-04,4.914718e-04,4.658770e-01,5.444822e-01,7.387332e+00
2119,1.645856e-18,1.000510e-05,2.000089e-04,4.793346e-04,2.948885e-01,-3.224650e-01,2.972409e+00
2120,2.609001e-17,6.515079e-06,1.883068e-04,4.849429e-04,5.685960e-01,5.630605e-01,2.390290e+00
2121,8.594097e-17,1.417381e-05,1.880525e-04,4.873052e-04,-3.098878e-01,-5.661417e-01,2.231810e+00
2122,1.295074e-17,1.369303e-05,1.955150e-04,4.923059e-04,2.842997e-03,-9.571572e-01,4.285167e+00
2123,2.556559e-18,7.816096e-06,1.773398e-04,4.904023e-04,5.530789e-02,7.346946e-02,-1.922103e+00
2124,3.365274e-17,2.401799e-05,2.018538e-04,4.877914e-04,2.516891e-02,1.413565e-02,-8.847729e-01
2125,6.319323e-19,3.911060e-06,1.964846e-04,4.993645e-04,1.184572e+00,-2.699325e-01,1.333144e+01
2126,6.212136e-19,3.912612e-06,1.949220e-04,4.884432e-04,-2.887858e-01,1.750210e+00,1.029258e+01
2127,1.888278e-18,2.460997e-05,1.851559e-04,4.904111e-04,6.947641e-02,-3.390419e-03,-2.187471e+00
2128,9.660038e-17,-7.261483e-06,-2.442270e-04,5.368557e-04,7.065187e-01,1.553167e-01,1.046432e+01
2129,7.864650e-17,1.203693e-05,-2.365728e-04,5.401216e-04,-1.432214e+00,-2.821251e+00,2.448721e+01
2130,7.311652e-18,7.029134e-06,-2.328105e-04,5.493900e-04,1.039530e+00,-4.396903e-01,1.680817e+01
2131,3.137693e-17,7.471700e-06,-2.328349e-04,5.491914e-04,6.501717e-01,-4.871903e-01,1.567710e+01
2132,7.426142e-18,-1.562331e-06,-2.492178e-04,5.313058e-04,1.897533e-01,8.597554e-02,5.253022e+00
2133,3.271503e-17,-1.493610e-06,-2.489419e-04,5.316890e-04,2.273249e-01,-1.818487e-02,5.251547e+00
2134,2.323759e-17,-1.725065e-05,-2.422908e-04,5.406897e-04,-4.370071e-01,-2.019004e+00,7.132779e+00
2135,2.642165e-18,-7.033447e-06,-2.468857e-04,5.412310e-04,-1.026067e-01,-2.084234e-01,3.073294e+00
2136,8.822202e-18,1.217565e-05,-2.312464e-04,5.283732e-04,7.898069e-01,3.167627e-01,2.125968e+01
2137,3.899112e-17,3.242669e-06,-2.489927e-04,5.432265e-04,-2.591802e-01,-6.666049e-03,5.778265e+00
2138,5.179893e-17,8.023072e-06,-2.403285e-04,5.431408e-04,-4.378007e-01,3.631856e-01,1.450600e+01
2139,3.845239e-18,1.178962e-05,-2.312525e-04,5.356347e-04,-9.508460e-02,2.061730e-01,2.259098e+01
2140,3.786820e-17,2.291687e-05,-2.489756e-04,5.335967e-04,7.264685e+00,-3.818240e-01,1.062394e+01
2141,2.501014e-18,1.094119e-05,-2.445229e-04,5.335542e-04,3.485058e-03,5.605692e-02,6.493930e+00
2142,9.139236e-18,4.097613e-06,-2.359424e-04,5.293622e-04,1.034710e+00,-4.643984e-02,6.449807e+00
2143,4.442198e-18,1.718940e-05,-2.460990e-04,5.333535e-04,-5.212196e-02,-1.108073e-01,5.963944e+00
2144,2.086319e-18,1.485126e-05,-2.496081e-04,5.355859e-04,1.416580e-02,-5.912045e-02,6.913218e+00
2145,2.728527e-18,1.641676e-05,-2.398461e-04,5.434890e-04,2.703823e-01,-5.210781e-01,7.196606e+00
2146,7.752090e-17,-8.008168e-06,-1.718447e-04,4.540020e-04,-3.261796e-01,-4.673526e-01,6.804348e+00
2147,1.181513e-18,-1.401713e-05,-1.570058e-04,4.736317e-04,1.276816e-01,-1.514844e+00,-2.402834e+00
2148,2.849374e-19,-1.367351e-05,-1.691395e-04,4.728555e-04,4.071093e+00,3.780022e-01,-1.622385e+00
2149,6.707605e-18,-5.466635e-06,-1.929690e-04,4.926412e-04,-2.173854e+00,2.404820e+00,1.004745e+01
2150,2.844856e-18,-1.566638e-06,-1.960945e-04,4.903592e-04,-2.088904e-01,-1.023348e-01,5.505408e+00
2151,1.234345e-18,-1.565479e-06,-1.960922e-04,4.954563e-04,-2.623906e-01,7.276313e-02,6.146505e+00
2152,4.374774e-17,-2.362516e-05,-1.810069e-04,4.926023e-04,-2.246445e+00,1.639390e-01,3.109060e+00
2153,1.347569e-18,-7.031310e-06,-1.969457e-04,4.853283e-04,-1.781637e-01,-2.970938e+00,5.750350e+00
2154,5.868876e-19,-4.662910e-06,-1.941405e-04,4.907826e-04,2.226818e+00,1.386519e+00,1.416455e+01
2155,2.007784e-18,-7.106219e-06,-1.953665e-04,4.943584e-04,-2.837983e-01,-2.572195e-02,4.540378e+00
2156,4.025099e-18,-3.898924e-06,-1.888148e-04,4.774174e-04,-6.669923e-03,3.655940e-01,-3.697456e-01
2157,1.524362e-17,-8.163990e-06,-1.875357e-04,4.794100e-04,1.562216e+00,-7.270839e-01,6.240263e-01
2158,3.520437e-18,-9.373360e-06,-1.812494e-04,4.857089e-04,-3.735929e-01,-3.501621e-01,3.984877e-01
2159,1.219073e-18,-4.825119e-06,-1.949216e-04,4.897563e-04,3.142274e+00,1.491594e+00,1.460424e+01
2160,2.855659e-17,-2.267696e-05,-1.904239e-04,4.823297e-04,-1.180945e+00,-5.240344e-01,6.659281e-01
2161,2.245302e-17,-2.412475e-05,-1.953806e-04,4.970646e-04,-4.847208e-03,1.500293e-02,-8.769310e-01
2162,7.251896e-17,1.270610e-05,-1.887681e-04,4.829284e-04,-2.921654e-01,-4.827160e-01,2.998485e+00
2163,6.425592e-17,4.665894e-06,-1.926831e-04,4.955772e-04,5.582084e-01,1.140418e+00,7.279928e+00
2164,2.520343e-17,3.897244e-06,-1.806646e-04,4.968719e-04,-8.283213e-01,9.326812e-01,8.775930e+00
2165,2.305037e-18,2.031308e-05,-1.984404e-04,4.927014e-04,-1.466171e-01,-8.681035e-01,1.102609e+01
2166,6.158934e-19,1.555789e-06,-1.933594e-04,4.931159e-04,9.831417e-01,2.931761e+00,8.710399e+00
2167,5.070683e-18,5.474556e-06,-1.812501e-04,4.907339e-04,-8.591037e-02,-1.829784e-01,8.760854e+00
2168,2.187618e-18,5.535486e-06,-1.961699e-04,4.920624e-04,1.708866e-01,-4.003466e-01,9.712874e+00
2169,4.585759e-18,1.094075e-05,-1.843739e-04,4.947828e-04,-6.714331e-02,1.891351e-02,1.947341e+00
2170,2.871035e-17,1.788666e-05,-1.811672e-04,4.843181e-04,-2.979966e-01,1.207962e+00,-5.734574e-01
2171,4.036064e-18,7.035744e-06,-1.913981e-04,4.853430e-04,9.256846e-02,7.770596e-02,1.637737e+00
2172,3.337664e-18,6.248309e-06,-1.960843e-04,4.794795e-04,-2.870267e-02,-2.364470e-01,-2.375241e-01
2173,3.534108e-18,2.035215e-05,-1.984546e-04,4.887783e-04,-2.947578e-01,-5.626234e-01,8.659839e+00
2174,2.525538e-18,2.033217e-05,-1.976296e-04,4.857230e-04,-7.581879e-01,8.825568e-01,8.278914e+00
2175,2.619875e-19,1.992374e-05,-1.980483e-04,4.830018e-04,-3.519900e-03,-1.041422e-01,6.586268e+00
2176,2.480983e-19,1.992171e-05,-1.980439e-04,4.806532e-04,8.282322e-01,8.494876e-02,4.733385e+00
2177,3.251360e-18,2.027753e-05,-1.976378e-04,4.768279e-04,1.982009e-02,-5.831451e-01,2.624862e+00
2178,1.157187e-18,1.346884e-05,-1.865031e-04,4.757662e-04,-8.458989e-01,-1.078682e+00,-3.545532e-01
2179,2.399882e-17,2.410562e-05,-1.807964e-04,4.970299e-04,1.024963e-02,5.543010e-03,-7.918347e-01
2180,1.036003e-17,2.429357e-05,-1.867281e-04,4.833449e-04,4.337278e-02,-2.847039e-02,-1.224224e+00
2181,1.009443e-18,-1.876752e-05,-1.828130e-04,4.752007e-04,1.220599e-01,-1.469623e-01,-2.380069e+00
2182,1.895513e-18,2.017212e-05,-1.976568e-04,4.701711e-04,-8.914870e-01,-5.635342e-01,-6.355932e+00
2183,5.904773e-19,1.523374e-05,-1.867518e-04,4.712952e-04,1.393097e+00,-6.412808e-01,-5.509283e+00
2184,1.354902e-16,-2.590623e-08,1.091091e-04,5.114668e-04,7.381477e-01,-3.539614e-01,1.515681e+01
2185,2.504911e-18,-7.808743e-07,1.195363e-04,5.334625e-04,-5.610738e-02,-1.988363e-01,6.452527e+00
2186,2.957336e-17,1.243335e-05,1.226243e-04,5.477360e-04,-1.276594e-01,-4.052087e-01,1.324999e+01
2187,6.183085e-17,-5.647448e-07,1.133467e-04,5.319777e-04,-5.351704e-01,5.965339e-01,6.969434e+00
2188,8.500880e-19,8.465116e-06,1.225252e-04,5.278527e-04,2.956138e-01,3.189175e-01,6.609735e+00
2189,5.116495e-18,9.311888e-06,1.068390e-04,5.253878e-04,1.355835e+00,-1.109419e+00,3.373894e+00
2190,3.380011e-18,1.407414e-05,1.179660e-04,5.297716e-04,4.498672e-01,2.741130e-01,9.144819e+00
2191,2.113416e-18,3.127319e-06,1.234424e-04,5.357142e-04,7.014793e-03,-3.375247e-02,5.905032e+00
2192,2.445970e-18,1.719756e-05,1.101621e-04,5.343796e-04,-2.402928e-01,3.999940e-01,4.934879e+00
2193,4.778958e-19,1.758460e-05,1.039067e-04,5.369549e-04,3.868442e-01,-5.113639e-02,4.617828e-01
2194,1.486117e-16,1.409327e-05,9.759547e-05,5.138900e-04,1.696519e+00,-4.517671e-01,1.757539e+01
2195,3.754555e-18,9.389011e-06,1.000450e-04,5.037264e-04,-7.714415e-01,3.963452e-01,2.013049e+01
2196,1.363392e-17,5.857115e-06,1.009869e-04,5.100869e-04,1.306633e+00,3.205040e+00,3.129949e+00
2197,2.267042e-18,1.407231e-05,1.171844e-04,5.028525e-04,1.358085e-01,-2.658697e-02,4.419652e+00
2198,8.244594e-18,8.568573e-06,1.218609e-04,5.065723e-04,-1.097907e-01,3.503318e-01,4.472584e+00
2199,2.870852e-18,8.633568e-06,1.039195e-04,5.075080e-04,1.397008e-01,1.195374e+00,3.055855e+00
2200,4.530889e-18,1.657538e-05,1.101582e-04,5.140593e-04,-4.936221e-01,-1.637564e-01,3.848797e+00
2201,7.249651e-18,1.374631e-05,1.179534e-04,5.187638e-04,-8.548816e-02,3.528053e-01,7.528054e+00
2202,4.542837e-18,7.814567e-06,1.124992e-04,5.125166e-04,-2.679287e-01,4.199083e-03,4.009494e+00
2203,2.813792e-18,4.695549e-06,1.093770e-04,5.051607e-04,-2.313213e-01,6.958485e-01,3.924319e+00
2204,6.063783e-18,1.899924e-05,1.078088e-04,5.195944e-04,-2.157236e-01,1.292355e-01,1.201833e+00
2205,3.038649e-18,1.718140e-05,1.101502e-04,5.036654e-04,2.300024e-01,-1.637318e-01,-9.358759e-02
2206,5.348337e-17,-2.162755e-05,1.044321e-04,5.283024e-04,-9.470871e-01,-8.099311e-01,6.729472e+00
2207,5.144507e-18,-9.374423e-06,1.171862e-04,5.422543e-04,-7.716640e-01,-1.061981e-01,6.665352e+00
2208,2.524636e-18,-1.406418e-05,1.031252e-04,5.441703e-04,1.125155e-02,-5.826990e-02,3.232654e+00
2209,3.723809e-18,-2.109069e-05,1.031242e-04,5.474583e-04,2.802426e-02,-1.647833e-02,-1.830876e-01
2210,4.050328e-17,-1.670154e-05,1.193192e-04,5.124623e-04,-8.963589e-01,-4.378199e-01,8.176598e+00
2211,2.166213e-16,-1.302667e-05,1.093840e-04,5.154614e-04,-1.953145e-01,-2.373685e-01,6.154777e+00
2212,2.794380e-16,-3.042965e-06,9.707613e-05,5.160626e-04,1.715943e+00,8.035136e-01,7.813706e+00
2213,3.939886e-17,4.045202e-06,8.523717e-05,5.398871e-04,-4.878077e-01,-1.816445e+00,1.013409e+01
2214,5.799964e-17,3.496750e-06,8.451023e-05,5.450936e-04,-4.365953e-01,6.873485e-01,8.576449e+00
2215,2.799300e-17,1.587882e-06,8.260785e-05,5.245801e-04,-3.353766e-01,4.938437e-01,1.417741e+01
2216,5.293244e-17,1.801103e-05,7.881384e-05,5.285892e-04,1.796267e-01,7.747628e-01,6.635494e+00
2217,8.644382e-18,7.038702e-06,9.487184e-05,5.378765e-04,-1.365723e-01,1.821974e-01,6.403992e+00
2218,1.117950e-17,2.325791e-06,8.613968e-05,5.364720e-04,-2.861092e-01,-1.899138e-01,1.597569e+01
2219,1.076449e-18,1.013702e-05,8.438109e-05,5.474750e-04,-2.000443e-01,2.231620e-01,5.346966e-01
2220,1.895505e-17,5.350377e-06,7.805223e-05,5.095090e-04,9.669337e-02,-2.118742e-01,1.325437e+01
2221,2.567570e-18,5.476821e-06,7.733796e-05,5.166856e-04,-3.009959e-02,2.363635e-01,1.299828e+01
2222,3.236744e-17,1.786836e-05,9.158393e-05,5.147150e-04,-6.731529e-01,1.301566e-01,1.125498e+01
2223,6.841532e-18,2.244803e-06,8.670349e-05,5.200660e-04,-4.308770e-01,-3.570034e-01,1.050397e+01
2224,2.728494e-18,2.342260e-06,8.281116e-05,5.174477e-04,-1.289229e-01,4.848393e-02,1.099863e+01
2225,4.484421e-18,2.346416e-06,8.281584e-05,5.054617e-04,5.766019e-03,3.059052e-01,6.459153e+00
2226,1.005044e-17,1.016597e-05,9.439998e-05,5.199246e-04,1.153890e-01,-1.300360e+00,8.139907e+00
2227,2.854708e-18,7.789949e-07,9.221754e-05,5.044370e-04,-9.848818e-02,1.288511e+00,1.262624e+00
2228,1.442476e-18,1.016949e-05,9.844076e-05,5.209729e-04,1.160895e-03,4.428097e-03,4.648990e+00
2229,3.069665e-17,-1.461193e-05,8.022365e-05,5.201860e-04,-1.823009e+00,-3.663058e+00,2.739624e+01
2230,4.689834e-18,-1.172123e-05,8.173633e-05,5.133960e-04,5.295256e-01,-1.696042e+00,2.481350e+01
2231,5.227401e-18,-1.164267e-05,8.458584e-05,5.073986e-04,-1.287020e+00,8.186734e-01,2.259771e+01
2232,3.075368e-17,-8.296900e-06,7.926023e-05,5.049680e-04,8.783406e-01,4.234760e-01,8.124284e+00
2233,2.929331e-18,-1.564700e-06,8.830484e-05,5.090115e-04,-8.649801e-02,-6.747571e-01,4.595212e+00
2234,5.808313e-18,-7.033681e-06,8.672044e-05,5.036308e-04,1.088989e-01,3.287405e-02,3.771569e+00
2235,8.918327e-18,-7.047217e-05,-1.680812e-05,5.421373e-04,5.260448e-01,-5.555626e+00,2.245150e+01
2236,4.523962e-18,-7.108619e-05,-1.268772e-05,5.250470e-04,1.773826e-01,-3.693264e+00,1.595066e+01
2237,3.193481e-18,-7.109665e-05,-1.562158e-06,5.259659e-04,-1.275054e-01,-8.911378e-02,6.946647e+00
2238,2.567511e-18,-7.109382e-05,-1.563247e-06,5.380450e-04,-2.102032e-01,2.314726e-02,4.104387e+00
2239,3.600839e-18,-5.468694e-05,-2.037504e-05,5.443120e-04,-8.738637e-03,-1.131373e+00,6.093352e+00
2240,4.276439e-18,-7.109201e-05,-1.562572e-06,5.324643e-04,1.591928e-03,-4.837420e-02,3.685598e+00
2241,2.911708e-18,-5.314591e-05,-9.372704e-06,5.463319e-04,-6.980101e-01,1.975557e-02,7.894692e-01
2242,8.727818e-17,-8.196626e-05,-9.548224e-06,5.359593e-04,-3.911683e-01,4.712620e-01,7.805390e+00
2243,8.971503e-17,-9.219349e-05,-4.035905e-06,5.248988e-04,-1.570537e-01,-5.011964e-01,8.920577e+00
2244,2.903367e-16,-9.205440e-05,-4.251026e-06,5.250277e-04,1.502629e-01,-5.818586e-01,8.878261e+00
2245,4.456313e-18,-8.749668e-05,-1.172193e-05,5.347574e-04,5.632465e-02,-7.023842e-02,1.330486e+01
2246,2.364740e-18,-8.985174e-05,-1.484879e-05,5.380696e-04,-2.568432e-02,3.147277e-02,1.167812e+01
2247,2.047351e-18,-9.301727e-05,-7.304517e-07,5.483868e-04,1.557666e-01,-3.014958e-01,9.813185e+00
2248,4.038401e-17,-9.054284e-05,-2.217858e-05,5.400989e-04,7.995094e-02,-4.039978e+00,1.068750e+01
2249,3.015288e-18,-8.750086e-05,-1.171368e-05,5.418920e-04,-1.547914e-02,-4.301017e-01,1.395124e+01
2250,1.480048e-17,-8.204988e-05,-1.208812e-06,5.428908e-04,-7.081217e-01,-1.730515e-01,1.240353e+01
2251,1.428867e-18,-9.142034e-05,-8.984663e-06,5.432909e-04,-1.371997e+00,6.054952e+00,5.191386e+00
2252,3.090795e-18,-7.812827e-05,8.057494e-09,5.342582e-04,1.222564e-01,-8.689246e-03,9.755514e+00
2253,4.036636e-18,-8.357179e-05,-4.712712e-06,5.262036e-04,-4.748203e-02,-1.775125e-01,4.898364e+00
2254,2.439077e-18,-7.968841e-05,-1.798254e-05,5.290989e-04,-1.953652e-02,-4.230006e-02,2.165966e+00
2255,4.189088e-17,-9.095542e-05,-4.515340e-06,5.421878e-04,1.629208e-01,1.077613e+00,4.234549e+00
2256,1.354866e-18,-9.687745e-05,-9.386855e-06,5.391852e-04,-3.201889e-03,1.714854e-02,3.663694e+00
2257,6.455954e-18,-8.792905e-05,-1.576950e-06,5.494838e-04,-1.546012e-01,4.045993e-01,1.399144e+01
2258,2.317325e-19,-9.258085e-05,-4.292258e-06,5.451511e-04,8.919276e-01,-5.175104e-01,-3.594906e-02
2259,6.884577e-18,-7.111962e-05,-1.075401e-05,5.162968e-04,-9.407485e-01,-4.075269e+00,1.428095e+01
2260,4.033068e-17,-5.953804e-05,-3.680808e-06,5.069211e-04,3.572175e-01,-1.164678e+00,1.156878e+01
2261,5.052290e-18,-7.500334e-05,-1.761281e-05,5.028909e-04,7.497990e-03,-5.338807e-01,1.917221e+00
2262,2.897322e-19,-7.460593e-05,-1.054418e-05,5.040331e-04,-2.907547e-01,3.506864e-01,1.584347e-01
2263,1.270843e-18,-5.226938e-05,-1.163653e-05,5.211354e-04,-8.621436e-02,-4.559794e-01,-2.974301e+00
2264,2.655461e-18,-5.236637e-05,-1.172852e-05,5.036523e-04,-4.499952e-01,-3.560757e-01,-9.760545e-02
2265,5.341584e-17,-8.736399e-05,-1.202129e-05,5.110177e-04,7.750009e-02,5.710139e-01,9.894746e+00
2266,1.933325e-18,-9.693258e-05,-2.460739e-05,5.074064e-04,1.020989e+00,-1.297285e+01,1.695089e+01
2267,3.671899e-17,-7.846611e-05,-1.271110e-05,5.193891e-04,9.475532e-02,5.045354e-01,6.204197e+00
2268,5.309490e-18,-7.817488e-05,-1.175041e-05,5.028586e-04,-2.260423e-01,6.472675e-01,5.142962e+00
2269,2.541889e-18,-9.214384e-05,-1.490962e-05,5.176686e-04,1.907160e-01,1.596333e-01,8.572434e+00
2270,5.129103e-19,-8.672882e-05,-5.078269e-06,5.132899e-04,-1.250044e-01,7.956851e-02,6.374672e+00
2271,8.438972e-18,-9.182273e-05,-1.393030e-05,5.032634e-04,2.321871e-01,-3.561640e-01,6.037036e+00
2272,1.239000e-18,-9.843203e-05,-1.250553e-05,5.024981e-04,2.683822e-02,-1.122978e-01,-3.018389e+00
2273,5.500267e-17,-8.453121e-05,6.617509e-06,5.403091e-04,3.507997e-01,-1.444321e-01,1.140720e+01
2274,1.625277e-16,-8.457229e-05,6.518834e-06,5.407465e-04,3.751360e-01,-1.102362e-01,1.143586e+01
2275,3.620131e-17,-9.062672e-05,3.144678e-06,5.304916e-04,1.958826e+00,-2.202627e-01,1.355412e+01
2276,1.002142e-17,-7.688729e-05,1.789346e-05,5.438805e-04,2.612816e+00,6.853582e-01,1.001397e+01
2277,1.580468e-18,-8.199887e-05,3.149477e-06,5.425184e-04,2.129029e-02,2.214164e-01,1.048436e+00
2278,3.766300e-18,-8.671880e-05,3.907206e-06,5.082640e-04,4.732821e-01,-8.222227e-01,6.331691e+00
2279,5.187458e-17,-8.712255e-05,3.875800e-06,5.078239e-04,3.015503e-01,-8.145525e-01,6.051805e+00
2280,9.426146e-18,-1.226460e-04,-1.567785e-05,5.312887e-04,3.610872e-01,3.528270e-01,2.022845e+01
2281,4.689676e-17,-1.222395e-04,1.042349e-05,5.341399e-04,-3.055764e-01,-3.389829e-01,8.772709e+00
2282,3.228656e-17,-1.183981e-04,-2.843598e-06,5.487948e-04,-1.653381e-01,-3.586839e-01,1.016761e+01
2283,4.363662e-18,-1.132367e-04,-9.329230e-06,5.497563e-04,4.762998e+00,-1.071223e+00,1.875971e+01
2284,5.845479e-17,-1.090444e-04,1.721854e-06,5.437097e-04,1.189993e+00,-8.797145e-01,7.076147e+00
2285,1.715086e-17,-1.098837e-04,1.256442e-05,5.306678e-04,2.310928e+00,2.280199e+00,9.331907e+00
2286,1.070865e-18,-1.031225e-04,2.344151e-06,5.323879e-04,7.606109e-02,-4.048194e-02,4.758512e+00
2287,5.582389e-18,-1.039098e-04,7.318845e-06,5.279808e-04,-3.728088e-03,1.310596e-01,6.150398e+00
2288,1.489646e-18,-1.078152e-04,1.797108e-05,5.409721e-04,9.763230e-02,-8.763218e-02,2.667860e-01
2289,7.798904e-18,-1.220945e-04,-5.474021e-06,5.338865e-04,-3.508605e-01,2.985190e-02,6.913100e+00
2290,2.010378e-17,-8.741929e-05,1.156316e-05,5.052516e-04,-4.740575e-01,-4.901115e-01,1.863568e+01
2291,1.370432e-18,-8.671384e-05,5.465199e-06,5.217646e-04,1.502005e-02,-4.303649e-02,6.669031e+00
2292,1.268747e-17,-9.127601e-05,1.652187e-05,5.039525e-04,-1.036509e+00,-4.450294e-01,3.296750e+00
2293,1.904707e-17,-8.419167e-05,1.565013e-05,5.186338e-04,-3.151829e-01,-6.305346e-01,2.993278e+00
2294,5.035347e-17,2.020986e-04,6.538097e-07,4.991283e-04,6.541877e-01,-5.427315e-01,5.572131e+00
2295,6.306958e-18,1.828090e-04,5.464385e-06,4.997428e-04,7.039608e-02,2.588624e-01,9.340863e+00
2296,1.618935e-18,1.920906e-04,-5.098013e-07,5.013768e-04,-7.752217e-01,-1.151279e+00,1.341756e+01
2297,5.642969e-18,1.929534e-04,1.644745e-05,4.796102e-04,6.799123e-01,1.140976e-01,5.542360e+00
2298,5.850563e-17,1.939243e-04,7.948590e-06,4.933717e-04,-1.128061e+00,-8.657553e-01,3.659990e+00
2299,1.326162e-18,1.812491e-04,5.471448e-06,4.900057e-04,-3.605839e-01,-2.425231e-01,4.016488e+00
2300,2.508231e-17,1.784032e-04,1.700642e-05,4.888684e-04,4.520880e-02,9.594077e-01,2.697656e+00
2301,1.869223e-18,1.766291e-04,1.099378e-05,5.008391e-04,8.096220e-01,8.755251e-02,5.050163e+00
2302,1.094818e-18,1.992256e-04,1.641432e-05,4.993981e-04,-4.668203e-02,1.114873e-01,3.591500e+00
2303,9.312033e-18,1.812527e-04,1.180965e-05,4.810884e-04,1.748429e-01,-1.391294e+00,-6.498889e-02
2304,2.093882e-17,1.908955e-04,1.431943e-05,5.013365e-04,-1.994563e+00,-6.022019e-01,4.473860e+00
2305,4.011238e-18,2.000040e-04,2.367768e-06,4.915574e-04,1.083187e+00,-6.890402e-01,6.980725e+00
2306,3.319126e-18,1.976729e-04,1.561210e-05,4.786839e-04,2.541337e-01,-3.954838e-01,2.056336e-02
2307,5.117925e-19,1.769525e-04,1.445478e-05,4.849714e-04,3.749620e-01,4.153017e-01,4.493192e+00
2308,3.539478e-18,1.788960e-04,7.829427e-06,4.826148e-04,1.505370e+00,-9.620936e-01,-2.178124e+00
2309,1.362593e-18,1.859441e-04,-1.434509e-08,4.821964e-04,-2.840504e-02,7.453637e-02,-2.242347e+00
2310,8.475361e-18,1.820263e-04,2.429300e-05,4.850056e-04,6.948530e-03,7.080205e-02,-1.314843e+00
2311,1.555127e-17,2.009861e-04,2.426244e-05,4.880480e-04,-3.792056e-02,-1.431910e-02,-1.107079e+00
2312,5.495573e-18,1.516778e-04,3.913314e-06,4.962402e-04,-5.657654e-01,6.194036e-01,1.224662e+01
2313,2.731863e-17,1.541562e-04,3.778569e-06,4.875302e-04,1.533975e-01,-1.461924e+00,6.227600e+00
2314,4.241469e-17,1.628098e-04,8.584585e-06,4.859737e-04,1.881113e-01,-2.319337e+00,3.417550e+00
2315,1.023550e-16,1.604806e-04,3.121301e-06,4.880030e-04,-2.567635e-01,5.606984e-01,5.748092e+00
2316,1.981385e-17,1.664190e-04,1.607789e-05,4.853224e-04,-8.006773e-01,-3.718880e-02,5.571237e+00
2317,2.400432e-18,1.531823e-04,3.853978e-06,4.795235e-04,-2.746521e-01,-3.415231e-01,1.928839e+00
2318,1.095753e-18,1.570357e-04,1.016623e-05,4.845463e-04,1.838623e-01,7.781607e-02,3.096265e+00
2319,7.352564e-18,1.570252e-04,1.015198e-05,4.931439e-04,9.999914e-03,-1.355068e-02,5.804800e+00
2320,4.857763e-18,1.656533e-04,2.206209e-05,4.978799e-04,-5.046779e-02,3.393359e+00,1.673236e+01
2321,1.103000e-18,1.718809e-04,1.404172e-05,4.868986e-04,-2.886330e-01,5.227360e-01,-7.264780e-02
2322,2.694805e-18,1.555853e-04,7.028868e-06,4.895311e-04,-1.696403e-01,-2.658973e-01,1.193066e+00
2323,5.312092e-19,1.656299e-04,1.445354e-05,4.790927e-04,3.736626e-01,8.799475e-01,2.679822e+00
2324,6.526516e-19,1.621092e-04,1.171773e-06,4.841588e-04,1.678240e+00,-1.200988e+00,1.083408e+01
2325,3.712570e-18,1.625812e-04,1.172557e-05,4.797236e-04,-3.587274e-01,-1.788195e-01,2.053829e+00
2326,6.384951e-19,1.585889e-04,2.460975e-05,4.908035e-04,4.185245e-02,-3.847702e-02,6.712020e-01
2327,1.079640e-17,1.541382e-04,2.426686e-05,4.834507e-04,-6.654571e-02,4.082978e-02,-1.027575e+00
2328,4.710683e-17,1.906869e-04,-3.739991e-06,4.878666e-04,3.623353e+00,1.080836e-01,8.208736e+00
2329,1.273493e-17,1.899540e-04,-1.423899e-05,4.852160e-04,9.907994e-02,-5.479345e-01,5.537107e+00
2330,1.713441e-17,2.013837e-04,-2.110969e-06,4.810779e-04,3.711774e-01,-1.041113e+00,2.762241e+00
2331,1.133828e-17,1.948691e-04,-6.168139e-06,4.940087e-04,-9.100754e-01,4.571952e-02,6.488297e+00
2332,1.680577e-18,1.983102e-04,-6.249670e-06,4.851053e-04,-7.310210e-01,1.199559e-03,1.998548e+00
2333,7.108139e-19,1.894529e-04,-3.849734e-06,4.829809e-04,1.273809e+00,-3.051100e-01,6.647539e+00
2334,2.038094e-18,1.880668e-04,-4.076777e-06,4.808929e-04,1.997784e+00,-1.809035e-01,6.600790e+00
2335,5.151810e-18,1.792147e-04,-6.251893e-06,5.005429e-04,1.270696e+00,5.630306e-01,5.897465e-02
2336,4.313293e-18,1.914015e-04,-1.172490e-05,5.024839e-04,-8.619389e-02,4.263896e-02,3.462890e+00
2337,1.185185e-17,1.977525e-04,-2.426023e-05,4.817866e-04,-2.807310e-01,-6.265668e-02,-8.875631e-01
2338,5.432057e-18,1.959831e-04,-2.436359e-05,4.987823e-04,2.945648e-02,-5.721845e-02,-5.835080e-01
2339,1.524292e-17,2.058592e-04,7.422717e-06,5.001569e-04,-1.804969e+00,7.243597e-01,8.807280e+00
2340,1.271980e-16,2.059754e-04,7.589097e-06,5.001745e-04,-1.845149e+00,6.276081e-01,8.769252e+00
2341,5.477946e-17,2.186859e-04,6.596252e-07,4.854561e-04,-1.470667e+00,8.835866e-01,1.090918e+00
2342,7.604740e-18,2.195315e-04,8.594412e-06,4.857198e-04,-7.653466e-01,-7.161696e-01,5.447592e+00
2343,7.087628e-17,2.195235e-04,9.320439e-06,4.857462e-04,-6.996354e-01,-6.335525e-01,4.771726e+00
2344,5.006718e-17,2.222214e-04,1.433469e-05,4.979670e-04,-4.747911e-01,1.053840e+00,2.664836e+00
2345,6.765782e-17,2.037818e-04,1.525509e-05,4.863109e-04,-2.829767e-01,-7.110998e-01,5.069324e+00
2346,5.341030e-17,2.134199e-04,1.192350e-05,4.898597e-04,6.702724e-01,6.084610e-01,9.983945e+00
2347,2.704160e-18,2.140659e-04,1.564751e-05,4.958372e-04,-3.865873e-01,4.634351e-01,8.976170e+00
2348,2.666511e-18,2.128851e-04,1.006107e-05,4.834989e-04,2.423986e-01,6.785242e-01,7.826274e+00
2349,1.432994e-18,2.139798e-04,1.570066e-05,5.016044e-04,-1.382137e-02,2.676139e-01,9.480268e+00
2350,4.995445e-17,2.029202e-04,5.803713e-06,4.836317e-04,-8.713584e-02,-7.341399e-01,2.064877e+00
2351,1.342181e-17,2.090459e-04,2.095818e-05,4.803364e-04,-3.699732e-01,1.814324e-02,4.609729e+00
2352,5.907736e-19,2.238264e-04,6.271764e-06,4.845461e-04,4.762115e-01,5.527177e-01,-6.209150e-01
2353,1.392583e-17,2.230363e-04,2.321420e-05,5.020914e-04,-1.100576e+00,1.416408e+00,2.122830e+00
2354,4.917916e-19,2.210986e-04,8.985918e-06,5.017156e-04,-3.389753e-01,-3.060238e-01,-1.092226e+00
2355,2.560926e-18,2.062488e-04,2.460918e-05,4.829136e-04,3.974894e-02,1.047775e-02,-1.632819e+00
2356,2.286830e-17,2.251201e-04,-1.178260e-05,4.983809e-04,-7.749305e-01,4.875349e-01,1.848351e+00
2357,1.508406e-17,2.304538e-04,-2.412484e-05,4.922360e-04,4.576490e+00,-1.953069e+00,1.506685e+01
2358,3.321551e-17,2.318311e-04,-6.303931e-06,4.996243e-04,7.109791e-01,-2.945205e-01,9.197080e+00
2359,5.574274e-19,2.320322e-04,-2.735310e-06,4.861024e-04,-6.413510e-01,2.259607e-02,1.347823e+00
2360,1.250401e-17,2.295760e-04,-1.327422e-05,5.005403e-04,-4.702213e-01,2.265908e-01,9.768351e+00
2361,2.475205e-18,2.296903e-04,-1.250515e-05,4.881291e-04,4.740500e-01,3.180242e-01,4.535585e+00
2362,1.316412e-17,2.491251e-04,-2.404163e-05,4.876750e-04,1.608407e-01,3.989347e-02,6.866760e-01
2363,3.003465e-18,2.468378e-04,-1.143641e-05,4.827570e-04,1.225138e-01,2.780889e-01,-3.934297e-01
2364,1.456866e-18,2.496090e-04,-8.599271e-06,4.880720e-04,-3.653100e-01,1.007635e+00,4.242336e+00
2365,4.726337e-18,2.453126e-04,-2.345483e-06,4.923025e-04,-5.271283e-03,4.025114e-02,4.160694e+00
2366,1.063168e-17,2.492927e-04,-6.728481e-06,5.013841e-04,-6.160653e-02,4.524393e-01,6.713943e+00
2367,1.325520e-17,2.427195e-04,-1.699622e-05,4.763629e-04,-1.642891e+00,-9.548596e-01,4.276779e-01
2368,1.819365e-18,2.299459e-04,-2.256336e-05,4.874966e-04,4.167843e+00,-2.298462e+00,1.367624e+01
2369,2.537179e-18,2.414042e-04,-8.592992e-06,5.009378e-04,5.268730e-03,-1.342453e+00,1.838285e+01
2370,2.418012e-18,2.496085e-04,-2.187500e-05,4.938838e-04,8.217288e-02,-1.967546e-01,-2.261784e+00
2371,1.945845e-17,2.413875e-04,-8.624037e-06,4.890787e-04,-5.075629e-01,-4.985942e-01,1.003347e+01
2372,8.609409e-18,2.296888e-04,-1.327795e-05,4.954500e-04,-3.597377e-01,-2.883716e-01,1.133110e+01
2373,2.427634e-18,2.430462e-04,-5.398143e-06,4.848911e-04,1.769602e-02,-1.863650e-01,-1.678742e-01
2374,5.964390e-18,2.296879e-04,-1.215926e-05,4.840754e-04,-2.766453e-02,-2.131358e-01,2.952327e+00
2375,4.743447e-18,2.406039e-04,-8.625395e-06,4.793377e-04,9.114780e-02,-1.706655e-01,5.017481e+00
2376,3.152525e-18,2.429514e-04,-5.389899e-06,4.763550e-04,-6.113228e-02,1.558109e+00,-2.396376e+00
2377,1.788133e-17,2.194949e-04,-1.462838e-05,4.862834e-04,2.176679e-01,-3.975005e-01,4.216724e+00
2378,2.123786e-17,2.055896e-04,-1.641658e-05,4.825628e-04,-1.310714e+00,-1.543516e-01,2.441030e+00
2379,2.670538e-17,2.106033e-04,-2.421874e-05,4.958820e-04,-4.113393e-02,4.678772e-02,-7.903965e-01
2380,8.396569e-17,2.105337e-04,-2.333938e-05,4.957612e-04,-7.853544e-03,8.836182e-02,-5.288169e-01
2381,1.057934e-18,2.140644e-04,-7.026225e-06,4.907848e-04,1.024884e-01,1.882505e-01,2.650565e-01
2382,7.318068e-18,2.117187e-04,-3.124616e-06,5.007309e-04,-1.193509e-02,-6.141797e-02,2.987652e+00
2383,2.484410e-18,2.156669e-04,-1.646493e-05,4.827570e-04,1.382030e-01,2.477200e-01,-2.133123e+00
2384,2.215903e-18,2.147365e-04,-1.486612e-05,4.800865e-04,2.029343e-01,1.271866e+00,-9.790042e-01
2385,1.199367e-18,2.070158e-04,-1.016286e-05,4.853305e-04,-4.864053e-01,-1.118266e-02,-3.492326e-01
2386,2.725257e-19,2.386733e-04,-8.202056e-06,4.751854e-04,-9.214615e-01,-8.923813e-01,2.165678e+00
2387,6.866145e-19,2.363286e-04,-8.632757e-06,4.704999e-04,-5.070535e+00,8.280243e-03,-6.129381e+00
2388,6.617884e-19,-5.585881e-05,1.054633e-05,4.762869e-04,1.411838e+00,3.959599e-01,3.059706e+00
2389,6.535181e-19,-5.742191e-05,6.640008e-06,4.771496e-04,-3.902579e-01,-1.373370e+00,2.010883e+00
2390,2.565601e-17,-5.768146e-05,8.753699e-06,4.899585e-04,1.903086e+00,7.845238e-01,1.103908e+01
2391,2.433157e-17,-5.746270e-05,1.223539e-05,4.807804e-04,-2.187889e+00,3.225551e-01,7.602705e+00
2392,5.386657e-18,-5.355075e-05,1.724584e-05,4.912082e-04,-1.392992e+00,1.100327e+00,5.909018e+00
2393,1.255352e-18,-5.703928e-05,1.796572e-05,4.962697e-04,-1.623904e-01,-7.297806e-02,-1.793709e+00
2394,1.340686e-18,-5.937112e-05,3.911474e-06,4.954606e-04,-6.921107e-02,2.428220e-01,8.188950e+00
2395,2.561040e-17,-5.937934e-05,3.796357e-06,4.871384e-04,1.437177e-03,1.237117e-01,7.493632e+00
2396,4.382669e-18,-5.856792e-05,7.826984e-06,4.800845e-04,-8.971843e-01,7.703197e-01,6.427132e+00
2397,2.272863e-17,-6.914532e-05,2.409694e-05,4.967091e-04,7.377079e-03,6.512049e-02,-7.580071e-01
2398,5.983008e-19,-9.648323e-05,-1.992203e-05,4.739905e-04,1.861529e+00,-8.119423e-01,-8.573978e-01
2399,2.632568e-19,-8.242303e-05,1.289127e-05,4.728550e-04,4.072564e-01,-1.408701e+00,-1.388192e+00
2400,1.911119e-18,-1.903011e-05,-1.463665e-04,4.697573e-04,9.435267e-01,-9.480069e-01,-8.785356e+00
2401,2.509636e-19,-2.070303e-05,-1.457025e-04,4.736292e-04,-1.108670e+00,3.888116e-01,-4.355910e+00
2402,6.767808e-19,1.523482e-05,-1.464841e-04,4.732116e-04,1.723250e+00,1.056971e+00,-3.912756e+00
2403,2.576950e-19,1.445519e-05,-1.464843e-04,4.744127e-04,1.939207e+00,1.441373e+00,-4.791081e-01
2404,2.420918e-19,-1.445574e-05,-1.167947e-04,4.759794e-04,2.990590e+00,3.454943e-01,3.962763e-01
2405,5.811706e-19,-1.523565e-05,-1.175760e-04,4.747848e-04,1.611875e+00,-8.081682e-01,-1.913239e+00
2406,4.769060e-19,1.171693e-06,-1.019531e-04,4.712718e-04,6.265451e-02,6.598051e-01,-4.039237e+00
2407,2.489158e-19,1.171777e-06,-1.011719e-04,4.720533e-04,3.172596e-01,-1.131817e+00,-1.843208e+00
2408,2.866429e-18,1.185624e-05,-1.077781e-04,4.766857e-04,1.066808e-01,4.425860e-01,1.400621e+00
2409,6.345695e-17,6.396587e-06,2.300103e-04,4.843075e-04,-1.864152e+00,-4.457078e-01,5.671668e+00
2410,1.908209e-17,2.421838e-05,2.314062e-04,4.977559e-04,1.976652e-01,4.546334e-01,2.231992e-01
2411,1.967857e-17,1.653558e-05,2.458030e-04,4.913346e-04,-4.766201e-01,-4.654972e-01,6.629977e+00
2412,1.334779e-18,1.562952e-05,2.496092e-04,4.950819e-04,3.172705e-03,8.288199e-02,6.695381e+00
2413,5.798350e-18,8.312770e-07,2.295040e-04,4.968696e-04,5.316663e-02,-4.230224e-01,8.681444e+00
2414,2.855509e-17,5.174360e-06,2.371682e-04,4.851325e-04,-2.700489e-01,-6.941890e-01,6.559591e+00
2415,2.380846e-18,-1.469706e-07,2.327917e-04,4.826090e-04,-2.376685e+00,-9.207915e-01,4.144432e+00
2416,4.011389e-17,-3.309739e-07,2.293441e-04,4.879338e-04,-2.863726e+00,-1.350743e+00,5.088142e+00
2417,1.494651e-17,1.613855e-05,2.407022e-04,4.788390e-04,-3.671312e-01,2.466637e-01,1.274873e+00
2418,6.980567e-17,2.361210e-05,2.320003e-04,4.973130e-04,6.637276e-01,4.734246e-01,4.269154e-01
2419,2.413847e-19,1.835767e-05,2.316425e-04,4.978403e-04,5.678019e-01,-1.070044e-01,2.016370e+00
2420,1.420316e-17,8.362764e-06,2.367331e-04,4.912234e-04,-1.181167e+00,-5.994986e-02,-9.482114e-01
2421,2.684210e-18,1.641036e-05,2.496095e-04,5.016933e-04,5.621809e-01,-1.271226e-01,7.997083e+00
2422,3.344833e-18,1.254378e-05,2.266006e-04,4.974368e-04,-6.792279e-01,-2.361616e-01,1.021212e+00
2423,5.062316e-18,8.596012e-06,2.297994e-04,4.955855e-04,2.057540e-02,-1.921865e-01,1.736307e+00
2424,1.373852e-18,5.859677e-06,2.280696e-04,4.782725e-04,-6.622047e-01,-1.031397e+00,2.343874e+00
2425,6.322568e-19,7.846975e-07,2.496093e-04,4.790796e-04,-6.546627e-02,2.380903e-01,-3.732398e+00
2426,2.901475e-18,1.586358e-06,2.328374e-04,4.802454e-04,1.057043e+00,-4.779152e-01,3.885318e+00
2427,5.588231e-19,5.859893e-06,2.383074e-04,4.798665e-04,-6.011394e-01,4.949832e-01,4.631314e+00
2428,7.975285e-19,5.590979e-06,2.378905e-04,4.777835e-04,6.816359e-01,1.075963e-02,2.745335e+00
2429,1.074301e-17,-7.817997e-07,2.265623e-04,4.973351e-04,4.465226e-02,3.099544e-01,7.724432e+00
2430,3.086167e-18,7.776002e-06,2.038673e-04,4.851119e-04,1.193152e-01,1.719881e-02,8.109421e+00
2431,2.504812e-17,9.865319e-06,2.040039e-04,4.899315e-04,8.897890e-01,2.873971e-02,9.414886e+00
2432,6.531285e-17,7.335065e-06,2.119950e-04,4.848289e-04,3.819115e-01,2.659016e+00,2.986420e+00
2433,4.220360e-18,5.119400e-06,2.211649e-04,4.875159e-04,-2.990668e+00,-8.483499e-01,4.149894e+00
2434,6.072702e-18,1.172271e-05,2.164111e-04,4.958567e-04,-1.105215e-01,-1.495502e-01,6.418542e+00
2435,4.863213e-18,9.377582e-06,2.234432e-04,4.868740e-04,1.094628e-02,1.301218e-01,4.668464e+00
2436,2.450122e-17,1.174900e-05,2.044664e-04,4.803292e-04,-7.746472e-01,-1.093605e+00,2.637886e+00
2437,2.870189e-18,5.456321e-06,2.023580e-04,4.811175e-04,1.467659e+00,-1.614288e+00,3.335552e+00
2438,3.705660e-18,5.459139e-06,2.132678e-04,4.923520e-04,-7.150979e-01,-1.201671e-01,4.049261e+00
2439,3.306294e-17,2.143368e-05,2.154347e-04,4.834039e-04,8.701249e-01,-5.214248e-01,-2.598286e-01
2440,2.313429e-18,6.249534e-06,2.070389e-04,4.927423e-04,-9.757630e-02,1.509651e-01,4.352131e-01
2441,4.634121e-18,4.371472e-06,2.195248e-04,4.958575e-04,1.348067e+00,2.958835e-01,3.195133e+00
2442,4.674151e-18,1.053171e-05,2.164656e-04,4.812208e-04,3.246613e-01,-8.988908e-02,6.415535e-01
2443,1.228948e-18,9.387118e-06,2.211252e-04,4.806476e-04,-3.096364e-01,1.603084e+00,2.389256e+00
2444,1.686767e-18,7.925586e-06,2.039623e-04,4.811451e-04,1.123736e+00,2.530374e-01,5.104886e+00
2445,1.041902e-16,-1.369588e-05,2.424026e-04,4.928963e-04,-7.367739e-02,4.224532e-01,6.607727e+00
2446,4.517443e-17,-2.394060e-05,2.422852e-04,4.952463e-04,-3.057074e-02,-9.354467e-02,-7.514631e-01
2447,3.242091e-17,-1.083617e-05,2.373617e-04,4.885698e-04,-1.994961e+00,-1.243064e-01,8.048017e+00
2448,1.605600e-17,-1.250826e-05,2.429272e-04,4.836123e-04,1.798462e-01,-9.213014e-01,6.919068e+00
2449,2.814895e-18,-1.564206e-06,2.265656e-04,4.825789e-04,-3.791231e-01,7.479321e-03,2.741207e+00
2450,2.551501e-18,-1.885695e-05,2.496095e-04,5.015018e-04,1.163246e+00,3.989112e-01,1.823072e+01
2451,1.255947e-17,-5.454765e-06,2.467922e-04,4.948157e-04,-1.548305e-01,-1.363255e-02,2.065708e+00
2452,1.227219e-18,-1.329170e-05,2.335804e-04,4.915781e-04,-8.483164e-01,-1.906571e-01,2.952757e+00
2453,3.912924e-18,-1.624416e-05,2.496090e-04,4.875293e-04,-1.204475e+00,4.775799e-01,8.183812e+00
2454,9.264332e-18,-1.663171e-05,2.356647e-04,4.878775e-04,1.654481e-01,7.457637e-02,1.438394e+00
2455,2.662578e-18,-1.812586e-05,2.496086e-04,4.971436e-04,8.964790e-01,3.379442e-01,1.619505e+01
2456,9.335670e-18,-2.417541e-05,2.492105e-04,4.906723e-04,-5.668254e-02,-8.490144e-03,-4.013755e-01
2457,1.404835e-17,-7.725049e-06,2.277621e-04,5.028606e-04,6.241024e-01,-5.940342e-01,5.865729e+00
2458,5.614087e-18,-8.908839e-06,2.375315e-04,4.838121e-04,-9.422930e-01,-1.354564e+00,8.817183e+00
2459,2.575694e-19,-1.289354e-05,2.441421e-04,4.900230e-04,-5.811105e-01,1.113515e+00,9.951473e+00
2460,2.385508e-19,-4.296983e-06,2.496089e-04,4.931278e-04,4.872956e-01,3.593910e-01,2.047612e+00
2461,1.119321e-18,-8.588771e-06,2.289203e-04,4.853270e-04,1.927040e-01,2.206201e-01,-9.934995e-01
2462,2.944882e-18,-1.797837e-05,2.496097e-04,4.919918e-04,-7.290676e-01,1.996031e-01,1.157791e+01
2463,4.117915e-18,-1.643967e-05,2.496092e-04,4.827771e-04,-3.388183e-01,7.558442e-02,8.405203e+00
2464,8.332507e-19,-8.203050e-06,2.376116e-04,4.777707e-04,-3.240469e+00,-1.459241e+00,-8.420376e-01
2465,5.091775e-19,-1.642054e-05,2.496087e-04,4.775265e-04,1.691973e-01,1.697425e-01,4.272747e+00
2466,1.034259e-18,-2.281259e-05,2.496083e-04,5.123087e-04,-2.064842e+00,1.800843e-01,2.303307e+01
2467,1.523713e-18,-2.460865e-05,2.494521e-04,5.186788e-04,-1.472178e+01,9.302246e-01,2.615749e+01
2468,4.114409e-18,5.743862e-07,2.289546e-04,5.190207e-04,-1.254132e-01,2.831003e-01,1.935651e+01
2469,2.768891e-17,1.918901e-05,2.490808e-04,5.161484e-04,1.465445e+00,4.959049e-03,1.229530e+01
2470,2.329484e-17,-9.041868e-06,2.330185e-04,5.038812e-04,1.209274e+00,6.213859e-02,7.612637e+00
2471,6.215696e-18,8.020226e-07,2.289280e-04,5.084084e-04,4.880399e-01,1.990927e-01,1.349047e+01
2472,4.997337e-18,7.435579e-06,2.390472e-04,5.167340e-04,5.094999e-01,4.243567e-02,8.696468e+00
2473,1.118271e-18,-7.777035e-07,2.390622e-04,5.140251e-04,-4.969049e-02,1.022812e-02,5.305325e+00
2474,1.723094e-18,-2.053450e-05,2.496096e-04,5.052731e-04,-3.695721e-01,4.426180e-01,1.937247e+01
2475,3.426074e-18,-2.361732e-06,2.265396e-04,5.051515e-04,-1.654827e+00,-3.599139e-01,8.807326e+00
2476,6.588147e-18,-1.096922e-05,2.359364e-04,5.070939e-04,-6.614918e-01,-1.759814e-01,3.112862e+00
2477,1.295978e-18,-2.179761e-05,2.496109e-04,5.082626e-04,-1.053267e+00,3.877046e-01,2.025728e+01
2478,2.455200e-18,-8.602609e-06,2.289083e-04,5.151124e-04,-3.529627e-02,6.134606e-02,8.379294e+00
2479,1.160563e-18,7.850113e-07,2.496100e-04,5.113296e-04,-8.300877e-02,-2.176306e-01,6.916592e+00
2480,1.141193e-18,1.250507e-05,2.281181e-04,5.125183e-04,1.457876e-01,3.029373e-02,1.481727e+00
2481,3.015893e-18,1.407204e-05,2.453062e-04,5.051711e-04,-1.787356e-01,2.007727e-01,2.113002e+00
2482,6.816923e-19,1.015586e-05,5.664044e-05,4.705006e-04,9.384733e-01,-3.366184e+00,-5.857071e+00
2483,3.334572e-19,-1.523497e-05,4.726491e-05,4.736166e-04,1.060833e+00,1.807839e+00,-3.723461e+00
2484,6.650819e-19,-1.523517e-05,4.648450e-05,4.748349e-04,3.753933e+00,7.119387e-01,-1.388799e-01
2485,5.351368e-19,-3.106526e-06,-2.292970e-04,4.736162e-04,1.475746e-01,4.653802e+00,-2.506225e+00
2486,2.308777e-18,2.344628e-06,-2.496094e-04,4.946022e-04,-1.052625e-01,-3.261721e-02,9.009888e+00
2487,8.992159e-18,2.323602e-05,-2.294525e-04,4.855937e-04,2.698169e+00,9.965550e-01,1.170725e+01
2488,2.462729e-17,1.189951e-05,-2.421240e-04,4.896296e-04,-7.625588e-01,-6.601982e-01,6.654885e+00
2489,5.510125e-18,9.372734e-06,-2.312472e-04,4.978051e-04,2.935271e-01,-3.276108e-02,1.103932e+01
2490,1.641902e-17,7.546400e-06,-2.396135e-04,4.915431e-04,1.851384e+00,-1.006695e+00,3.993486e+00
2491,8.551673e-18,2.019185e-05,-2.313157e-04,4.799104e-04,-4.394625e-01,6.019188e-01,6.552566e+00
2492,2.229609e-18,7.747153e-06,-2.305344e-04,4.842428e-04,3.332443e-01,2.138173e-01,4.113697e+00
2493,1.007021e-17,1.502461e-05,-2.297047e-04,4.965208e-04,-5.590153e-01,1.411972e-01,1.403283e+01
2494,5.747329e-19,1.575143e-06,-2.496086e-04,4.884443e-04,4.810708e-01,-3.393700e-01,4.251455e+00
2495,3.684926e-17,4.349165e-06,-2.382410e-04,4.761298e-04,-8.957267e-01,-1.635233e+00,1.683270e-01
2496,3.805051e-18,8.351937e-06,-2.273500e-04,4.897544e-04,8.953444e-01,2.763181e-01,7.064631e+00
2497,2.136493e-18,1.166897e-05,-2.496093e-04,4.905564e-04,-1.619320e-01,-1.470356e-01,1.244374e+00
2498,2.823364e-18,1.640243e-05,-2.468877e-04,4.857838e-04,1.822868e-01,5.851927e-02,-2.955707e-01
2499,6.829247e-18,1.798179e-05,-2.425473e-04,4.782611e-04,3.083034e-01,-2.615425e-01,4.372150e-01
2500,1.219073e-17,2.182213e-05,-2.492601e-04,4.825432e-04,1.077994e-01,1.147839e-03,2.156937e+00
2501,1.990766e-18,1.489785e-05,-2.304328e-04,4.920613e-04,2.922233e-01,2.599720e-01,1.409604e+01
2502,3.116585e-19,1.835630e-05,-2.324201e-04,4.759761e-04,-1.373309e+00,-2.506923e+00,3.156397e+00
2503,9.190143e-18,1.483075e-05,-2.304786e-04,4.866498e-04,-4.176902e-01,5.801776e-01,8.628053e+00
2504,8.844327e-19,1.367154e-05,-2.347657e-04,4.955185e-04,2.305978e-01,6.407947e-01,1.435460e+01
2505,4.910314e-19,1.367228e-05,-2.355469e-04,4.935439e-04,9.076971e-01,7.923325e-01,1.302346e+01
2506,4.867247e-19,1.289155e-05,-2.347661e-04,4.935324e-04,5.309532e-01,4.884161e-01,1.338011e+01
2507,2.430348e-19,1.367157e-05,-2.355463e-04,4.900162e-04,-5.098743e-01,3.882323e-01,9.713783e+00
2508,2.431061e-19,1.289128e-05,-2.347661e-04,4.900194e-04,-3.925904e-01,-2.017130e-01,9.781409e+00
2509,3.071475e-18,1.328176e-05,-2.351525e-04,4.867122e-04,6.857716e-02,8.549070e-02,7.372568e+00
2510,1.766737e-18,1.311782e-05,-2.352858e-04,4.771197e-04,-3.190359e-01,-1.309824e+00,-4.936526e-01
2511,3.498242e-17,2.399621e-05,-2.421788e-04,4.819211e-04,-9.798547e-03,-3.485949e-02,-1.018551e+00
2512,2.777507e-19,1.757589e-05,-2.332016e-04,4.751986e-04,-2.989632e+00,-3.103031e+00,3.764580e-01
2513,1.625178e-17,2.100340e-04,6.503868e-06,5.165436e-04,-4.836935e-01,-1.992146e+00,1.637704e+01
2514,2.724498e-17,2.062440e-04,1.342749e-05,5.157280e-04,-4.755638e-01,1.935017e+00,9.881012e+00
2515,3.313797e-17,2.128392e-04,1.385859e-05,5.074454e-04,-4.224106e-01,-7.757107e-01,1.120427e+01
2516,1.404072e-18,2.070312e-04,8.593286e-06,5.125207e-04,-6.354447e-01,1.373204e+00,1.078245e+01
2517,3.666239e-18,2.023539e-04,4.752333e-06,5.150085e-04,-1.056449e-01,2.435898e-01,2.890662e+00
2518,1.191351e-18,2.226524e-04,1.174502e-05,5.225155e-04,-1.365019e-03,1.715749e-01,3.344020e+00
2519,8.445446e-17,2.487352e-04,2.109873e-05,5.175230e-04,-3.398919e-01,1.300727e+00,9.282781e+00
2520,1.915498e-17,2.492968e-04,4.664436e-06,5.169457e-04,-1.892836e-01,2.485652e+00,1.558703e+01
2521,7.348914e-17,2.454023e-04,1.034094e-06,5.211289e-04,-9.047803e-02,-1.060569e+00,1.058272e+01
2522,9.826455e-19,2.496087e-04,1.406622e-05,5.059563e-04,6.549732e-02,3.224789e-01,1.157568e+01
2523,1.617049e-18,2.496088e-04,7.685727e-07,5.090286e-04,8.420261e-02,-3.363686e-01,1.522025e+01
2524,7.505171e-18,2.492192e-04,1.796902e-05,5.105980e-04,-4.021593e-01,1.858876e+00,1.356615e+01
2525,5.190271e-17,2.487318e-04,1.817529e-05,5.111004e-04,-5.100328e-01,1.703545e+00,1.282156e+01
2526,5.864086e-17,2.378781e-04,-2.372068e-06,5.114575e-04,5.876013e-01,1.490734e+00,7.602880e+00
2527,8.267954e-17,2.487053e-04,1.059872e-05,5.198592e-04,-5.997197e-03,2.611226e-01,3.258958e+00
2528,5.026018e-18,2.445328e-04,4.689523e-06,5.117447e-04,-7.488471e-02,2.599559e-01,9.122827e+00
2529,4.634137e-18,2.453141e-04,1.407845e-05,5.032416e-04,1.658836e-01,2.350248e-01,1.009377e+01
2530,1.709795e-17,2.391548e-04,1.452393e-05,5.238950e-04,-3.586156e-01,4.870719e-01,7.990022e+00
2531,3.424757e-17,2.309307e-04,-4.804578e-07,5.057923e-04,1.391535e-01,1.094946e+00,7.190036e+00
2532,1.024047e-17,2.492745e-04,1.249780e-05,5.129705e-04,7.768970e-03,2.665231e-01,4.619327e+00
2533,2.618998e-18,2.343770e-04,9.377855e-06,5.029411e-04,8.768124e-03,-3.159151e-02,3.731836e+00
2534,5.978262e-18,2.456348e-04,1.484677e-05,5.112234e-04,1.116036e+00,-2.128816e-01,9.026140e+00
2535,2.294741e-18,2.273274e-04,5.455398e-06,5.097668e-04,-1.391164e-01,-3.516141e-02,5.550911e+00
2536,2.635171e-17,2.334088e-04,7.869122e-06,5.137030e-04,-1.290258e-01,-3.491213e-01,5.407899e+00
2537,6.827436e-18,2.317320e-04,9.379195e-06,5.080587e-04,2.387570e-01,6.097102e-01,4.646304e+00
2538,1.340117e-18,2.496096e-04,7.724788e-07,5.044340e-04,9.093579e-02,1.003918e-01,1.211118e+01
2539,1.128632e-18,2.398472e-04,8.590648e-06,5.209901e-04,5.049873e-02,-4.112680e-02,1.844343e+00
2540,2.640765e-17,2.417796e-04,-6.258519e-06,5.078820e-04,4.479981e-01,1.860476e+00,2.058708e+01
2541,1.139901e-17,2.328070e-04,-1.015611e-05,5.223505e-04,-2.443560e-01,-2.570685e-02,1.738067e+01
2542,1.252283e-17,2.320366e-04,-9.420901e-06,5.066105e-04,-9.494117e-02,1.101989e-01,1.204923e+01
2543,1.006292e-17,2.304703e-04,-1.406693e-05,5.112455e-04,-6.386833e-02,1.078568e-02,1.675255e+01
2544,7.514908e-18,2.426892e-04,-3.921216e-06,5.209470e-04,4.480307e-01,1.357521e-01,8.835199e+00
2545,4.294071e-17,2.476597e-04,-1.181478e-05,5.061057e-04,1.660337e+00,1.119301e+00,4.673297e+00
2546,1.927844e-18,2.320307e-04,-5.571082e-06,5.123194e-04,-4.875958e-02,1.479412e-02,8.512789e+00
2547,2.464633e-19,2.269511e-04,-1.951494e-06,5.155417e-04,2.109869e-01,-3.660796e-01,2.880356e+00
2548,5.995977e-18,2.429790e-04,-3.918211e-06,5.136681e-04,3.520896e-01,-3.947705e-01,7.773352e+00
2549,1.151235e-18,2.453132e-04,-2.337418e-06,5.071075e-04,3.118620e-01,6.918910e-01,3.586901e+00
2550,1.707966e-18,2.413991e-04,-8.727387e-06,5.038227e-04,-1.361898e-01,-1.029806e+00,1.992843e+01
2551,1.034332e-17,2.492822e-04,-1.653633e-05,5.200565e-04,5.030396e-02,-6.111204e-01,1.958928e+00
2552,4.758360e-18,2.320300e-04,-1.015732e-05,5.171207e-04,1.608081e-01,2.936699e-02,1.625282e+01
2553,6.556911e-17,1.912110e-04,-1.414449e-05,5.135172e-04,9.930944e-01,7.964684e-01,8.173541e+00
2554,3.886095e-18,2.055441e-04,-1.011677e-05,5.054866e-04,2.372514e-01,1.210336e+00,1.039041e+01
2555,8.231846e-18,2.019962e-04,-1.028902e-05,5.055789e-04,-1.689446e+00,4.879893e-01,7.431837e+00
2556,3.890747e-18,2.070291e-04,-1.328229e-05,5.240053e-04,7.235187e-02,6.544921e-02,6.614191e+00
2557,1.154762e-17,2.080209e-04,-5.468596e-06,5.083025e-04,4.331689e-01,-1.364823e-01,7.087074e+00
2558,1.499763e-17,2.125166e-04,-1.033273e-05,5.202945e-04,-1.763423e-01,9.373366e-01,6.525708e+00
2559,5.587932e-18,2.195322e-04,-3.124513e-06,5.140187e-04,1.541784e-01,-1.474841e-01,7.440677e+00
2560,2.752007e-18,2.195214e-04,-3.135845e-06,5.067912e-04,6.326613e-03,-8.048498e-02,4.272086e+00
2561,3.218384e-18,2.140549e-04,-7.041861e-06,5.098269e-04,3.274447e-01,5.490977e-01,4.674863e+00
2562,3.103925e-18,2.195294e-04,-3.128757e-06,5.028787e-04,5.547903e-02,-9.804197e-02,3.526146e+00
2563,2.222916e-17,1.933240e-04,-2.750639e-06,5.059484e-04,3.404099e-01,-4.235582e+00,1.649905e+01
2564,6.373168e-18,1.945317e-04,-6.250291e-06,5.198425e-04,1.617287e-01,1.200704e-01,1.600284e+01
2565,2.901166e-17,1.784862e-04,-1.577639e-05,5.067773e-04,1.268236e-01,1.443215e-01,7.218499e+00
2566,1.176391e-17,1.945670e-04,-6.245235e-06,5.041799e-04,7.733704e-02,-1.268743e-01,9.263449e+00
2567,1.080238e-17,1.981454e-04,-5.948722e-06,5.089545e-04,6.853185e-01,3.005473e+00,1.038943e+01
2568,1.988405e-17,1.835843e-04,-6.695797e-06,5.038332e-04,6.888065e-01,-1.568715e+00,4.334434e+00
2569,2.615736e-18,1.976517e-04,-1.484607e-05,5.166971e-04,-6.903490e-02,5.752067e-02,5.181209e+00
2570,1.220832e-18,1.937894e-04,-1.799171e-05,5.148345e-04,5.265664e-02,-8.266207e-01,6.085894e+00
2571,1.265332e-17,1.839834e-04,-9.434403e-06,5.226172e-04,-5.011105e-01,1.332331e+00,4.202222e+00
2572,2.882428e-17,1.837093e-04,3.742963e-06,5.066010e-04,-4.541819e-01,-2.437389e-01,9.478399e+00
2573,3.584338e-17,1.782106e-04,7.710240e-06,5.139967e-04,-1.392926e+00,-7.491041e-01,1.041137e+01
2574,1.213213e-17,1.804442e-04,1.175378e-05,5.058818e-04,-8.954429e-01,-6.288078e-01,8.980738e+00
2575,8.593777e-18,1.849857e-04,6.662870e-06,5.210045e-04,3.358881e-01,-1.330890e+00,5.779059e+00
2576,3.362743e-18,1.812516e-04,2.343863e-06,5.128913e-04,5.509584e-02,1.784860e-01,3.317935e+00
2577,4.043916e-17,1.971389e-06,-1.022249e-04,4.936507e-04,-1.416591e+00,-7.664132e-01,1.159565e+01
2578,1.574804e-17,2.977985e-07,-1.014496e-04,4.819496e-04,-9.548600e-01,7.317513e-01,6.391022e+00
2579,2.795784e-18,7.451031e-07,-1.234606e-04,4.981342e-04,3.131959e-02,3.473444e-03,4.866094e-01
2580,1.300363e-18,-7.821962e-07,-1.148420e-04,4.977931e-04,-2.645170e-01,1.875586e-01,5.502524e+00
2581,2.794666e-18,-7.829706e-07,-1.148431e-04,4.896141e-04,1.744091e-01,-5.073334e-03,5.287631e+00
2582,3.015892e-17,9.521155e-06,-1.049316e-04,4.943316e-04,-2.208631e+00,1.497803e+00,1.165643e+01
2583,2.590095e-17,7.017267e-06,-1.071889e-04,4.810635e-04,2.626520e-01,-5.460424e-01,2.425362e+00
2584,2.571344e-17,3.421695e-06,-1.202535e-04,4.985253e-04,1.678623e+00,-1.626533e+00,6.479989e+00
2585,4.805547e-18,1.173012e-05,-1.078275e-04,4.861627e-04,6.605958e-01,-1.539006e+00,7.502901e+00
2586,1.562317e-18,3.818532e-06,-1.116265e-04,4.914273e-04,-2.337389e+00,-1.699489e-02,4.091970e+00
2587,1.392118e-18,2.098635e-06,-1.014928e-04,4.897150e-04,-3.011421e-01,2.715363e+00,1.251178e+01
2588,4.463208e-18,6.154288e-06,-1.117301e-04,4.843644e-04,9.877259e-01,2.032106e-01,2.493929e+00
2589,2.600364e-18,1.098762e-05,-1.211691e-04,4.842655e-04,-2.169900e-01,-8.278459e-02,1.068684e+00
2590,9.378434e-17,1.223301e-05,-9.897484e-05,4.945185e-04,-8.324477e-01,-1.697968e-01,3.389480e+00
2591,2.823236e-17,2.404458e-05,-1.213733e-04,4.988243e-04,3.547398e-02,-2.587064e-02,-9.262074e-01
2592,3.950670e-18,1.780030e-05,-1.116459e-04,4.974723e-04,7.575353e-01,3.400295e-01,-1.214296e+00
2593,1.185497e-16,1.062215e-05,-1.055795e-04,5.045684e-04,-2.067016e-01,-7.397987e-01,2.046926e+00
2594,3.458890e-19,1.054744e-05,-1.066417e-04,4.884564e-04,3.190421e-01,-1.725378e+00,6.831820e+00
2595,4.121420e-18,1.176625e-05,-1.077628e-04,4.825921e-04,-1.319188e+00,-5.492838e-01,7.404238e+00
2596,3.789904e-18,2.460942e-05,-1.117187e-04,4.890947e-04,1.337191e-02,3.320533e-03,-1.259442e+00
2597,6.754941e-17,1.213335e-05,-8.126791e-05,4.936703e-04,1.220257e+00,-9.706345e-01,6.067212e+00
2598,1.267056e-18,1.180156e-05,-9.819469e-05,4.873482e-04,-4.309740e-01,2.865567e-02,4.938299e+00
2599,1.228902e-18,1.012835e-05,-8.204331e-05,4.861117e-04,1.695013e-01,-1.296109e+00,5.748118e+00
2600,2.005020e-17,1.647337e-05,-8.017666e-05,4.848761e-04,-3.451010e-01,1.959669e+00,4.386074e+00
2601,2.686460e-17,1.558456e-05,-9.275708e-05,4.830419e-04,1.293987e+00,-1.047061e-01,4.138174e-01
2602,2.494294e-17,2.392908e-05,-8.755389e-05,4.930439e-04,2.208079e+00,2.325291e-02,1.932051e+00
2603,2.403646e-19,8.202587e-06,-8.164011e-05,4.814266e-04,8.076487e-01,5.878981e-01,3.402385e+00
2604,2.662234e-19,8.984971e-06,-8.242329e-05,4.814268e-04,8.182771e-01,7.837291e-01,3.429910e+00
2605,4.590211e-17,-2.432027e-06,-8.271090e-05,4.922839e-04,-2.906466e+00,-9.303219e-01,4.128865e+00
2606,2.543030e-18,1.492430e-05,-7.805795e-05,4.951761e-04,4.230937e-02,-1.685864e-01,5.724485e-01
2607,7.363177e-19,5.597598e-06,-9.752468e-05,4.923440e-04,4.472262e-01,2.863314e-01,1.389897e+00
2608,3.298194e-18,1.172578e-05,-8.749410e-05,4.974486e-04,3.951852e-03,-5.418893e-02,1.767311e+00
2609,2.990578e-18,5.471243e-06,-9.529270e-05,4.833559e-04,1.171992e-01,1.035120e+00,7.563518e-01
2610,1.771370e-18,1.158986e-05,-8.047278e-05,4.975920e-04,1.519248e-01,2.595452e-01,-1.197678e+00
2611,1.731080e-18,2.460931e-05,-8.982991e-05,4.857215e-04,4.074927e-02,-4.352269e-01,-2.368414e+00
2612,1.781017e-17,-8.929368e-06,-1.012547e-04,4.960324e-04,-1.973906e+00,3.798990e-01,1.275993e+01
2613,6.505650e-17,-2.378971e-05,-1.196746e-04,4.926954e-04,2.025187e-02,-5.611647e-03,-7.610969e-01
2614,2.673998e-18,-9.323509e-06,-1.219009e-04,4.942799e-04,-9.201799e-01,1.290734e-01,1.307804e+01
2615,4.843092e-18,-6.041459e-06,-1.000004e-04,4.851359e-04,6.586995e-01,3.949145e-01,5.796053e+00
2616,2.502242e-19,-7.422777e-06,-1.175781e-04,4.861045e-04,2.554325e+00,-6.456269e-02,1.654248e+00
2617,1.016965e-17,-1.548373e-05,-1.161226e-04,4.796430e-04,-1.164745e+00,1.891004e+00,2.895747e+00
2618,1.048039e-18,-1.484120e-05,-1.046908e-04,4.869026e-04,-8.315908e-02,-3.600682e-02,-3.645546e+00
2619,1.713994e-18,-6.191453e-06,-9.991990e-05,4.820855e-04,-4.149887e-01,2.055322e-01,5.455840e+00
2620,1.903791e-17,-1.109353e-05,-7.859349e-05,4.980579e-04,-1.073686e+00,4.036754e-01,5.759781e+00
2621,1.026693e-16,-1.076428e-05,-7.878072e-05,4.977673e-04,-1.245730e+00,2.054059e-01,5.322076e+00
2622,1.082062e-17,-1.607548e-05,-8.363289e-05,4.920534e-04,1.397940e+00,5.632027e-01,5.251317e+00
2623,4.472442e-17,-1.835192e-05,-7.876957e-05,4.844927e-04,2.072626e-01,1.033159e+00,4.730670e+00
2624,3.470909e-18,-2.341167e-06,-9.687841e-05,4.927352e-04,1.248203e-01,-3.302271e-01,8.182853e+00
2625,4.463329e-18,-2.340624e-06,-9.688026e-05,4.846076e-04,1.093694e-01,2.832426e-01,4.900582e+00
2626,2.651180e-18,-9.378927e-06,-8.126377e-05,4.865385e-04,2.487700e-01,-1.673172e-01,2.042827e+00
2627,2.311298e-17,-5.205411e-06,-8.739943e-05,4.827502e-04,2.925629e+00,1.480483e-01,1.172597e+00
2628,5.272316e-18,-1.094064e-05,-9.542582e-05,4.908957e-04,3.789651e-02,6.334017e-01,3.071605e+00
2629,5.697802e-19,-1.794737e-05,-7.851609e-05,4.791026e-04,-1.110345e+00,-6.059886e-01,3.183544e+00
2630,1.152182e-17,-2.427497e-05,-8.514187e-05,4.961437e-04,-4.170351e-02,-6.566520e-03,-1.075397e+00
2631,4.806459e-18,1.094077e-05,-1.179706e-04,5.049284e-04,2.487144e-01,1.864735e-01,7.242012e+00
