droplet_id,volume,mass,ux,uy,uz,vx,vy,vz
1,7.413001e-17,7.390762e-14,1.030192e-04,-1.187192e-05,5.359986e-04,-5.150029e-01,-2.933891e-01,9.505843e+00
7,4.349459e-18,4.336410e-15,1.101835e-04,-1.795671e-05,5.462568e-04,-1.552262e+00,5.461151e-02,6.389704e+00
13,4.098096e-17,4.085802e-14,1.063079e-04,1.054369e-05,5.446423e-04,-1.243528e-01,7.336458e-01,7.640131e+00
19,2.019994e-17,2.013934e-14,1.125225e-04,-2.008112e-05,5.355637e-04,-1.171903e+00,5.223970e-01,8.034626e+00
25,2.499369e-18,2.491871e-15,1.187512e-04,-1.875106e-05,5.466466e-04,1.409745e-02,-7.940492e-02,4.859085e+00
31,1.769896e-17,1.764587e-14,1.241593e-04,-1.468987e-05,5.483763e-04,3.677544e+00,-1.757641e+00,1.018931e+01
37,2.494919e-18,2.487434e-15,1.195379e-04,1.563397e-06,5.450201e-04,4.479627e-02,4.826152e-02,-1.363597e+00
43,2.332674e-17,2.325676e-14,1.023716e-04,1.404681e-05,5.407344e-04,-6.182534e-01,-6.662739e-01,4.542408e+00
49,2.618107e-16,2.610253e-13,1.318726e-04,2.083767e-06,5.462385e-04,2.894944e-02,1.478824e+00,9.189363e+00
55,4.172976e-18,4.160457e-15,1.124998e-04,-1.052060e-09,5.297512e-04,1.301896e-02,-4.874278e-02,6.343367e+00
61,2.784149e-17,2.775797e-14,1.054915e-04,7.798613e-06,5.268644e-04,1.468008e+00,-3.902387e-01,8.814250e+00
67,1.669131e-18,1.664124e-15,1.281720e-04,-1.490190e-05,5.473962e-04,-2.713166e-01,2.066650e-01,1.036079e+00
73,2.213812e-15,2.207170e-12,1.321004e-04,-1.480832e-06,5.213417e-04,1.893048e-01,-2.071812e-01,7.501969e+00
79,2.756189e-18,2.747920e-15,1.125002e-04,-6.253548e-11,5.250897e-04,1.518615e-01,-2.133710e-01,6.741257e+00
85,2.270875e-18,2.264062e-15,1.187479e-04,2.187541e-05,5.439527e-04,-3.670867e-01,1.884763e-02,2.536003e+00
91,2.797076e-17,2.788685e-14,1.278663e-04,-8.331043e-06,5.191280e-04,-5.817126e+00,-3.145250e-01,1.362291e+01
97,4.904207e-17,4.889494e-14,1.107818e-04,-1.199893e-05,5.138007e-04,-8.099601e-01,-3.535105e-01,4.771916e+00
103,1.946785e-18,1.940945e-15,1.382733e-04,-1.249962e-05,5.317209e-04,2.865210e-02,-1.328145e-02,5.067996e+00
109,5.297419e-17,5.281527e-14,1.425327e-04,-8.844965e-06,5.332545e-04,-7.118352e-01,7.343840e-01,3.576875e+00
115,2.477792e-18,2.470358e-15,1.421903e-04,-8.593406e-06,5.451568e-04,-4.116079e-02,8.565325e-03,1.472648e+00
121,3.584054e-18,3.573302e-15,1.148468e-04,-1.797364e-05,5.163973e-04,1.302823e-01,3.176423e-02,4.382006e+00
127,3.182367e-17,3.172820e-14,1.115640e-04,1.132787e-05,5.252038e-04,4.378541e-01,-5.139033e-01,6.849429e+00
133,2.595578e-18,2.587792e-15,1.007757e-04,8.568805e-06,5.189730e-04,5.537747e-01,-2.937622e-01,7.364534e+00
139,1.968909e-17,1.963002e-14,1.367521e-04,2.797883e-06,5.406265e-04,2.257157e-01,2.525305e+00,1.220546e+01
145,2.673356e-18,2.665336e-15,1.249997e-04,9.377626e-06,5.295252e-04,2.076624e-02,-2.109963e-02,7.249265e+00
151,8.414417e-17,8.389174e-14,1.411529e-04,-6.063439e-06,5.237336e-04,1.477186e+00,3.976909e-01,1.337995e+01
157,6.576115e-19,6.556387e-16,1.399769e-04,-8.461305e-06,5.490297e-04,-1.369678e-01,-3.681305e-01,2.455622e+00
163,2.192280e-17,2.185703e-14,1.153130e-04,7.227117e-07,5.113133e-04,-1.639688e-01,-3.237785e+00,1.439669e+01
169,2.589395e-18,2.581627e-15,1.390580e-04,1.719104e-05,5.480682e-04,-2.592234e-02,4.527866e-02,1.881141e-02
175,2.946507e-18,2.937667e-15,1.070730e-04,8.547040e-06,5.157313e-04,-4.775306e-02,-6.703712e-02,4.856069e+00
181,6.962648e-18,6.941760e-15,1.404612e-04,5.447721e-06,5.269811e-04,-1.998959e-01,-1.198845e-01,1.112350e+01
187,2.395733e-18,2.388545e-15,1.054784e-04,-7.024682e-06,5.046029e-04,3.223750e-01,-8.677978e-02,5.596338e+00
193,5.206538e-17,5.190918e-14,1.133712e-04,7.125873e-06,5.137300e-04,-8.251002e-01,-4.761400e-01,4.304154e+00
199,3.265701e-18,3.255904e-15,1.335962e-04,5.237659e-06,5.198786e-04,-2.028203e-02,1.593380e+00,5.327202e+00
205,3.207526e-18,3.197903e-15,1.366247e-04,-1.020239e-05,5.122232e-04,-5.301601e-01,-6.413763e-01,1.123554e+01
211,3.246467e-18,3.236728e-15,1.343381e-04,-9.341868e-06,5.119830e-04,3.095884e-01,1.168040e-01,1.112085e+01
217,3.709615e-17,3.698486e-14,1.122075e-04,-5.059609e-06,5.031812e-04,-2.569865e+00,-5.402379e-01,2.071177e+01
223,1.312284e-17,1.308347e-14,1.494044e-04,-1.601184e-05,5.189617e-04,-6.339797e-01,1.856882e-01,4.972233e+00
229,2.227446e-18,2.220763e-15,1.539242e-04,-9.385855e-06,5.366544e-04,-2.150035e-01,-5.424942e-02,3.050652e+00
235,1.390931e-18,1.386758e-15,1.515149e-04,-1.132736e-05,5.493871e-04,4.127028e+00,3.215939e+00,7.832933e+00
241,1.282727e-17,1.278879e-14,1.301185e-04,-8.641865e-06,5.018104e-04,-4.576401e-01,-6.033775e-01,6.719118e+00
247,1.017484e-17,1.014432e-14,1.149825e-04,-5.643614e-06,4.968375e-04,-9.544189e-01,-2.005749e+00,2.204823e+01
253,1.204262e-17,1.200649e-14,1.599796e-04,-6.681295e-06,5.423505e-04,-3.130940e+00,-8.094358e-01,5.127007e+00
259,7.163401e-18,7.141911e-15,1.154877e-04,1.837333e-05,5.098949e-04,1.381069e-01,-7.121575e-01,3.964606e+00
265,5.740901e-17,5.723678e-14,1.466331e-04,-3.544045e-06,5.196581e-04,6.102467e-01,6.347082e-01,1.141166e+01
271,1.567554e-18,1.562851e-15,1.218720e-04,-2.030522e-05,4.972948e-04,-2.117702e-02,5.968779e-04,1.897826e+00
277,3.281330e-18,3.271486e-15,1.453150e-04,-7.004563e-06,5.152509e-04,2.109988e-01,3.717874e+00,7.960278e+00
283,4.451209e-18,4.437855e-15,1.632946e-04,-1.583941e-05,5.289953e-04,3.855987e-01,-4.458321e-01,1.897750e+01
289,1.137630e-18,1.134217e-15,1.507732e-04,1.562851e-05,5.483582e-04,4.516879e-01,1.939464e-01,2.560641e+00
295,1.661579e-17,1.656595e-14,1.046102e-04,1.293120e-05,5.050646e-04,-5.775025e-02,-1.549605e+00,1.022934e+01
301,7.817818e-18,7.794365e-15,1.031254e-04,-3.516751e-06,4.987752e-04,3.195281e-02,1.530838e+00,7.571788e+00
307,3.330611e-18,3.320619e-15,1.031230e-04,-5.480549e-06,4.953093e-04,1.283283e-01,-5.944763e-02,9.433938e+00
313,1.792497e-18,1.787120e-15,1.320317e-04,-2.460950e-05,4.969143e-04,-6.703539e-02,-6.405569e-03,3.567483e+00
319,2.062649e-18,2.056462e-15,1.609448e-04,-4.696011e-06,5.352499e-04,-8.619816e-02,6.412844e-02,7.182203e+00
325,2.098191e-18,2.091897e-15,1.290114e-04,1.561239e-05,5.097821e-04,-8.850290e-02,-3.235495e-01,1.118023e+00
331,1.487158e-16,1.482697e-13,1.663923e-04,-1.229409e-06,5.317828e-04,-5.032021e-01,-4.351793e-02,7.638822e+00
337,1.157773e-18,1.154300e-15,1.343752e-04,-7.790451e-07,5.026650e-04,1.059607e-02,1.365822e-01,5.098915e+00
343,6.236041e-17,6.217333e-14,1.112782e-04,-6.717736e-06,4.932669e-04,8.569232e-01,2.157742e+00,4.717950e+00
355,8.225429e-19,8.200752e-16,1.048084e-04,1.547505e-05,4.988361e-04,3.418505e-01,-6.815000e-01,7.993654e+00
361,3.451645e-17,3.441290e-14,1.472639e-04,-5.936366e-06,5.025521e-04,1.831185e+00,3.177231e+00,1.029809e+01
367,5.496802e-18,5.480312e-15,1.430489e-04,-1.005959e-05,4.980430e-04,1.374560e+00,8.529569e-02,9.123177e+00
373,7.898608e-19,7.874912e-16,1.451742e-04,-3.774256e-06,5.126023e-04,1.240951e-01,-1.659741e-01,1.278918e+01
379,6.072096e-18,6.053879e-15,1.411658e-04,-3.741226e-06,5.117232e-04,-7.060432e-01,1.004289e+00,1.429443e+01
385,2.745716e-18,2.737479e-15,1.633102e-04,-1.563111e-05,5.227958e-04,-2.656333e-01,8.152892e-01,1.698168e+01
391,5.049761e-17,5.034612e-14,1.390196e-04,7.384308e-06,5.091614e-04,-1.570229e+00,-1.237635e-01,8.143883e+00
397,2.109631e-18,2.103302e-15,1.710889e-04,-1.406796e-05,5.331400e-04,-1.057781e-01,-4.399530e-02,4.318348e+00
403,3.637636e-18,3.626723e-15,1.468787e-04,1.405849e-05,5.187642e-04,-3.106772e-02,1.952550e-01,3.095195e+00
409,1.157865e-17,1.154392e-14,1.242351e-04,1.879510e-05,4.960942e-04,-1.278356e+00,1.438511e+00,3.951923e+00
421,7.814709e-19,7.791265e-16,1.045539e-04,-6.910220e-06,4.863430e-04,-1.878007e-01,1.152202e-01,2.337267e+00
427,2.617466e-18,2.609614e-15,1.413428e-04,-1.007171e-05,4.922696e-04,-1.041229e+00,1.194600e+00,7.914633e+00
433,3.191899e-17,3.182323e-14,1.394919e-04,-1.619884e-05,4.844438e-04,9.138385e-01,9.755174e-01,4.936423e+00
439,3.117766e-18,3.108412e-15,1.640748e-04,-1.561586e-05,5.122846e-04,-2.479219e-01,4.658995e-01,1.319686e+01
445,1.828379e-17,1.822894e-14,1.587115e-04,8.147000e-06,5.303097e-04,1.140265e-01,-6.182484e-01,8.181390e+00
451,2.475898e-17,2.468470e-14,1.523464e-04,1.916458e-05,5.354594e-04,5.481717e-01,5.117115e-02,7.048564e+00
457,5.809093e-18,5.791665e-15,1.148513e-04,7.697732e-06,4.987755e-04,-2.282594e-01,5.753228e-01,1.071756e+01
463,2.396756e-18,2.389566e-15,1.265555e-04,9.373629e-06,4.976964e-04,-3.380858e-01,-1.240582e-01,3.623816e+00
469,5.554665e-18,5.538001e-15,1.343597e-04,1.252108e-05,5.054515e-04,4.525430e-01,-5.832979e-01,5.768673e+00
475,5.587309e-18,5.570547e-15,1.414310e-04,-7.595069e-07,5.108809e-04,-3.075346e-01,-2.675198e-01,1.033207e+01
481,2.905862e-17,2.897144e-14,1.212244e-04,-7.184823e-06,4.804970e-04,-4.302333e+00,1.334459e+00,5.372007e-02
487,1.136736e-16,1.133326e-13,1.094017e-04,6.120939e-06,4.890800e-04,8.739628e-02,-1.479424e+00,1.094522e+00
493,3.392059e-18,3.381883e-15,1.397409e-04,1.171859e-05,5.048233e-04,-3.377421e-01,4.397324e-01,3.249723e+00
505,5.760743e-18,5.743461e-15,1.414010e-04,-7.819271e-07,5.015401e-04,-7.348837e-02,3.230927e-02,8.801056e+00
511,2.414071e-19,2.406829e-16,1.589909e-04,-1.289012e-05,5.096102e-04,1.119635e-01,-5.150872e-02,4.834409e+00
517,5.204176e-18,5.188563e-15,1.453156e-04,-7.815241e-06,4.918382e-04,-1.723274e-01,5.389670e-02,7.530674e+00
523,9.886770e-19,9.857109e-16,1.321293e-04,-2.460949e-05,4.900839e-04,-4.033057e-02,-2.431591e-01,3.119062e+00
529,1.279954e-17,1.276114e-14,1.359332e-04,-2.425402e-05,4.813036e-04,1.217077e-02,3.549681e-05,1.524094e+00
535,2.341632e-18,2.334607e-15,1.609381e-04,-4.682563e-06,5.212512e-04,-6.216400e-02,1.051827e-01,5.952294e+00
541,9.995326e-18,9.965340e-15,1.632663e-04,4.768790e-06,5.309753e-04,1.230541e+00,-1.749599e-01,6.247858e+00
547,1.362418e-17,1.358331e-14,1.550748e-04,1.206735e-05,5.286493e-04,2.658378e-01,-4.163428e-01,8.069456e+00
553,1.224225e-18,1.220553e-15,1.664075e-04,-7.037812e-06,5.370228e-04,1.136493e-01,-8.119371e-04,6.927680e+00
559,5.682534e-18,5.665486e-15,1.335941e-04,-7.036021e-06,4.874957e-04,5.565942e-01,-7.496605e-01,1.909429e+00
565,4.528399e-18,4.514814e-15,1.239292e-04,2.440611e-06,4.936812e-04,-5.538773e-01,5.039473e-02,1.046999e+01
571,1.713163e-17,1.708024e-14,1.148395e-04,-3.221541e-06,4.839749e-04,4.017460e-01,3.057526e+00,1.046836e+01
577,3.123294e-18,3.113924e-15,1.664069e-04,-6.971531e-06,5.329143e-04,9.433058e-02,-4.967504e-01,6.042715e+00
583,3.641701e-18,3.630776e-15,1.046873e-04,1.483998e-05,4.898697e-04,7.460283e-02,-2.112119e-01,6.365611e+00
589,3.386111e-18,3.375953e-15,1.546930e-04,1.249639e-05,5.107334e-04,-5.373604e-01,3.149219e-01,4.449963e+00
595,2.509654e-17,2.502125e-14,1.412463e-04,-1.092778e-05,4.872338e-04,-1.840334e+00,2.417797e+00,7.236854e+00
601,1.618812e-17,1.613955e-14,1.566065e-04,-3.050533e-06,5.103764e-04,-9.787357e-01,-1.086812e+00,3.152362e+00
607,2.807158e-17,2.798737e-14,1.664017e-04,1.093390e-05,5.351878e-04,-1.558230e+00,-5.000839e-01,6.767843e+00
613,2.703197e-17,2.695088e-14,1.199124e-04,1.504098e-05,4.940762e-04,-6.438760e-01,3.256932e-01,1.606944e+01
619,2.478472e-17,2.471036e-14,1.515840e-04,3.387023e-06,5.122409e-04,1.787958e+00,1.412608e+00,2.311538e+00
625,2.495701e-17,2.488214e-14,1.637663e-04,7.730505e-06,5.246788e-04,-2.588889e+00,-1.014288e+00,6.899377e+00
631,4.452254e-17,4.438897e-14,1.294630e-04,-4.258453e-06,4.847738e-04,1.159825e+00,-2.164070e-01,2.534617e+00
637,1.171726e-18,1.168211e-15,1.343619e-04,-7.696590e-07,4.948899e-04,-1.558767e-01,1.802694e-01,3.765931e+00
643,2.634199e-18,2.626296e-15,1.710931e-04,-1.407688e-05,5.280482e-04,6.448430e-02,-1.152524e-01,5.147741e+00
649,3.908786e-18,3.897060e-15,1.273685e-04,2.456099e-05,4.916358e-04,1.109374e-02,4.019634e-02,2.293757e+00
655,3.549347e-18,3.538699e-15,1.547024e-04,1.485778e-05,5.061719e-04,5.612298e-01,9.930489e-01,4.790070e+00
661,2.687703e-17,2.679639e-14,1.483820e-04,8.676982e-06,5.038377e-04,6.722803e-02,-1.359602e+00,8.242482e+00
667,2.408385e-19,2.401160e-16,1.519543e-04,-1.523745e-05,4.847986e-04,-4.052696e-01,-1.231829e-02,-2.052736e+00
673,1.090471e-18,1.087199e-15,1.371092e-04,-1.736259e-05,4.814524e-04,3.349704e-01,9.903666e-01,7.764356e+00
679,4.553345e-17,4.539685e-14,1.679767e-04,-7.460015e-06,5.187792e-04,-2.935675e-01,-2.482455e+00,1.140239e+01
685,4.608651e-18,4.594825e-15,1.679659e-04,-2.340416e-06,5.239899e-04,-6.565638e-02,-1.100359e-01,9.302386e+00
691,4.988137e-18,4.973173e-15,1.201677e-04,1.171528e-05,4.922303e-04,5.893202e-02,3.326123e-01,3.145360e+00
697,4.954940e-19,4.940075e-16,1.289125e-04,1.289281e-05,4.964910e-04,-3.067419e-01,-1.132673e-01,2.257051e+00
703,2.616069e-17,2.608221e-14,1.223076e-04,7.419235e-06,4.913768e-04,4.307354e-01,-4.210967e-01,2.628701e+00
709,1.649405e-17,1.644456e-14,1.366903e-04,2.225831e-06,4.931520e-04,-4.025952e-02,-1.829213e+00,2.730909e+00
715,2.429114e-18,2.421827e-15,1.437461e-04,3.122142e-06,5.045235e-04,1.392900e-01,4.485587e-02,1.400113e+00
721,7.294633e-18,7.272749e-15,1.808938e-04,2.346679e-06,5.396351e-04,-4.256609e-01,1.637200e-02,8.129154e+00
727,5.869081e-18,5.851473e-15,1.421946e-04,2.435525e-05,4.928324e-04,-1.020963e-02,1.268954e-01,2.233674e+00
733,2.298946e-18,2.292049e-15,1.491612e-04,1.634032e-05,4.985663e-04,1.145799e+00,3.044513e-01,1.150987e+00
739,2.925198e-17,2.916423e-14,1.584064e-04,1.000802e-05,5.086788e-04,7.372010e-01,-4.548039e-02,1.827534e+01
745,7.802921e-18,7.779512e-15,1.609479e-04,1.640944e-05,5.178790e-04,-1.532478e-02,-4.566616e-01,3.889125e+00
751,2.594427e-18,2.586644e-15,1.031163e-04,-5.464772e-06,4.812299e-04,1.205848e-02,-5.499379e-01,3.630062e+00
757,2.615209e-19,2.607363e-16,1.417966e-04,-1.171657e-06,4.972247e-04,-2.132957e-01,4.520978e-01,6.068956e+00
763,5.755801e-17,5.738534e-14,1.722207e-04,-1.209481e-05,5.025533e-04,1.910064e+00,-9.284701e-02,4.411197e+00
769,1.364805e-17,1.360710e-14,1.690721e-04,-2.176711e-05,4.908364e-04,-3.668655e-01,-2.462217e+00,7.805781e+00
775,5.128373e-19,5.112988e-16,1.628906e-04,-1.562092e-05,4.910445e-04,4.222707e-01,1.000482e-01,6.802195e+00
781,1.827836e-17,1.822352e-14,1.509075e-04,-1.709289e-06,4.946854e-04,5.340733e-01,-2.214144e+00,9.548264e+00
787,2.045104e-17,2.038968e-14,1.513627e-04,-3.523514e-06,4.897756e-04,-9.681479e-02,1.176768e+00,7.689264e+00
793,2.863316e-18,2.854726e-15,1.492514e-04,-4.690319e-06,4.859762e-04,7.058005e-01,-3.397438e-01,8.790740e+00
799,3.019872e-18,3.010812e-15,1.609367e-04,-4.688040e-06,4.991631e-04,-3.168199e-02,2.790116e-03,1.991598e+00
805,2.437176e-17,2.429864e-14,1.335518e-04,1.231102e-05,4.912347e-04,-6.130712e-02,-1.405588e-01,8.925005e+00
811,2.573886e-17,2.566164e-14,1.273819e-04,9.852404e-06,4.910060e-04,-1.115978e-01,-6.093839e-01,6.600990e+00
817,4.833767e-18,4.819266e-15,1.343706e-04,-8.219478e-07,4.908364e-04,-7.710478e-02,-1.140580e-02,2.975745e+00
823,2.926243e-18,2.917464e-15,1.788366e-04,1.562514e-05,5.407451e-04,9.743475e-02,4.743897e-02,4.267126e+00
829,9.303486e-18,9.275576e-15,1.867117e-04,3.161723e-06,5.481550e-04,7.253914e-02,1.025443e-01,1.421708e+01
835,3.582450e-17,3.571703e-14,1.893278e-04,-1.872014e-05,5.389735e-04,1.107552e-02,-8.582045e-01,1.128870e+01
841,2.290312e-18,2.283441e-15,1.765650e-04,-1.016499e-05,5.316488e-04,-3.370371e-02,6.173110e-02,4.141349e+00
847,1.607314e-17,1.602492e-14,1.434881e-04,1.301388e-05,4.927718e-04,5.298972e-01,-2.271365e-01,2.472346e+00
853,1.781922e-17,1.776576e-14,1.398243e-04,2.017423e-05,4.884723e-04,6.171510e-02,-2.702738e-01,6.591027e+00
859,1.175672e-17,1.172145e-14,1.691490e-04,1.825493e-05,5.143153e-04,-5.821708e-01,3.763229e-02,4.453823e+00
865,4.509346e-18,4.495818e-15,1.578111e-04,4.691159e-06,5.066040e-04,-3.459024e-02,6.319204e-02,7.268963e-01
871,3.341612e-18,3.331587e-15,1.546914e-04,-2.350506e-06,4.937115e-04,-4.255991e-02,2.625103e-01,-1.104222e+00
877,9.083567e-18,9.056316e-15,1.792086e-04,-1.476279e-05,5.201881e-04,-2.275094e+00,-8.458897e-01,8.011992e+00
883,4.610310e-17,4.596479e-14,1.672760e-04,2.787889e-06,5.161616e-04,-1.380441e+00,-3.846588e-01,4.965262e+00
889,2.515558e-18,2.508011e-15,1.148480e-04,8.588676e-06,4.914256e-04,5.623034e-01,2.492041e-01,6.255983e+00
895,2.848162e-18,2.839618e-15,1.390463e-04,7.814229e-06,4.921201e-04,-1.075150e+00,4.148678e-02,4.572159e+00
901,1.740623e-17,1.735401e-14,1.288277e-04,6.840113e-06,4.859909e-04,-1.307064e-01,-1.127356e-02,7.571037e+00
907,1.507979e-17,1.503455e-14,1.793000e-04,-9.621390e-06,5.271622e-04,-2.716520e-01,8.039129e-01,6.611256e+00
913,5.645133e-19,5.628198e-16,1.046999e-04,1.445325e-05,4.754349e-04,1.755200e-02,-2.330421e-01,-9.159568e-01
919,1.868514e-18,1.862908e-15,1.085617e-04,2.192244e-06,4.858016e-04,4.827452e-01,-1.490703e-01,4.990441e-01
925,3.729923e-17,3.718733e-14,1.681918e-04,1.757850e-05,5.285657e-04,8.189284e-01,-2.409081e-01,9.686436e+00
931,4.538190e-17,4.524576e-14,1.675393e-04,2.017509e-05,5.327042e-04,-1.874815e+00,-2.710557e-01,2.257906e+00
937,1.348487e-18,1.344441e-15,1.703019e-04,1.716968e-05,5.081007e-04,-1.547948e-01,-2.505661e-01,4.523135e+00
943,4.521969e-18,4.508403e-15,1.710879e-04,-1.406734e-05,5.119859e-04,-2.195797e-01,-3.685284e-01,3.452254e+00
949,3.136610e-17,3.127200e-14,1.784027e-04,-1.596802e-05,4.990932e-04,-2.514618e-02,1.239475e-01,7.652487e+00
955,3.512671e-18,3.502133e-15,1.679666e-04,-3.670125e-06,5.092909e-04,4.112776e-02,-1.533840e+00,8.669636e+00
961,3.211095e-18,3.201462e-15,1.703450e-04,-1.871766e-05,4.875596e-04,9.694319e-01,4.754088e-01,1.032587e+01
967,3.103088e-18,3.093779e-15,1.711072e-04,-1.406254e-05,4.906182e-04,-3.414528e-01,1.489492e-01,1.269370e+00
973,9.280675e-19,9.252833e-16,1.431173e-04,-1.030447e-05,4.801127e-04,-2.217742e+00,2.679668e+00,7.386734e+00
979,1.234241e-18,1.230538e-15,1.461288e-04,-7.813917e-06,4.793332e-04,9.439560e-01,-6.599035e-01,1.892702e+00
985,8.263556e-19,8.238766e-16,1.446797e-04,-2.207979e-06,4.933381e-04,6.045027e-01,1.379573e-01,4.514466e+00
991,1.525867e-18,1.521289e-15,1.352278e-04,-7.132588e-06,4.817949e-04,-7.107293e-01,4.784828e-02,-3.371013e-01
997,8.763141e-19,8.736851e-16,1.175781e-04,3.908785e-07,4.816079e-04,1.823710e+00,4.883347e-01,8.982162e+00
1003,3.125820e-18,3.116443e-15,1.132848e-04,2.460954e-05,4.809711e-04,-9.245051e-02,5.915659e-02,3.315579e+00
1009,7.253196e-19,7.231436e-16,1.097655e-04,8.985687e-06,4.852089e-04,1.448411e+00,-8.556664e-02,4.141817e+00
1015,3.383700e-18,3.373549e-15,1.632809e-04,-1.563378e-06,4.968315e-04,8.633432e-02,1.613884e-01,3.170025e+00
1021,3.059428e-18,3.050250e-15,1.554623e-04,-7.813695e-06,4.836084e-04,7.670895e-01,2.618279e-01,-2.205978e+00
1027,3.282379e-18,3.272532e-15,1.414186e-04,-6.238313e-06,4.843736e-04,-2.693097e-01,2.348879e+00,4.734425e+00
1033,2.648569e-18,2.640623e-15,1.609362e-04,-4.688070e-06,4.929422e-04,-5.344176e-02,-2.763272e-03,5.225716e+00
1039,5.394977e-18,5.378792e-15,1.343554e-04,-7.918614e-07,4.854840e-04,3.320486e-02,-5.587028e-02,1.329689e+00
1045,1.020963e-18,1.017900e-15,1.183594e-04,5.778009e-07,4.791362e-04,2.742342e+00,1.046881e+00,5.250023e+00
1051,3.796072e-17,3.784684e-14,1.155425e-04,3.814935e-06,4.836204e-04,-3.752680e+00,-1.500419e+00,7.091939e+00
1057,6.079053e-19,6.060816e-16,1.160156e-04,-2.734348e-06,4.774296e-04,-1.137054e-01,2.791517e+00,3.286652e+00
1063,4.958874e-17,4.943997e-14,1.831612e-04,1.076891e-05,5.349776e-04,-1.075156e+00,-3.146560e-01,8.439862e+00
1069,1.941682e-18,1.935857e-15,1.984932e-04,-1.023197e-05,5.446256e-04,-3.276701e-02,-3.787718e-02,1.694962e+00
1075,2.342109e-16,2.335083e-13,2.018456e-04,-1.234458e-05,5.308434e-04,7.574965e-02,-3.062727e-01,8.224101e+00
1081,1.298844e-17,1.294947e-14,1.202214e-04,1.429587e-05,4.810802e-04,1.194029e+00,-6.615101e-01,6.228909e+00
1087,5.040592e-17,5.025470e-14,1.106810e-04,1.026111e-05,4.783606e-04,3.750942e-01,3.468640e-01,-2.796629e-01
1093,7.022890e-19,7.001821e-16,1.585867e-04,2.460940e-05,4.910578e-04,7.265653e-02,4.434501e-01,3.483928e+00
1099,3.337130e-18,3.327119e-15,1.492228e-04,1.584191e-06,4.921631e-04,-1.957788e-01,5.009540e-01,1.148544e+01
1105,3.265777e-17,3.255980e-14,1.359452e-04,-2.681116e-06,4.815957e-04,-1.731151e+00,1.692180e+00,1.855181e+00
1111,2.055292e-18,2.049126e-15,1.953200e-04,1.015201e-05,5.438044e-04,-6.397274e-02,1.242931e-01,3.138425e+00
1117,5.144090e-19,5.128658e-16,1.027344e-04,-7.541550e-07,4.738643e-04,1.279983e+00,-3.738896e-01,-1.529061e+00
1123,1.188627e-18,1.185061e-15,1.937483e-04,-1.797005e-05,5.262216e-04,-3.012642e-02,8.518609e-02,8.239514e+00
1129,9.824300e-18,9.794827e-15,1.541923e-04,2.428835e-05,4.841960e-04,-3.669505e-02,3.617856e-02,1.595598e+00
1135,1.295141e-17,1.291255e-14,1.737328e-04,1.642573e-05,5.050586e-04,-2.003206e-01,-6.409206e-01,3.159422e+00
1141,2.348239e-16,2.341194e-13,1.712704e-04,8.965279e-06,5.067171e-04,-6.562246e-01,-3.309491e-01,1.081817e+01
1147,5.400311e-18,5.384110e-15,1.578148e-04,1.015239e-05,4.980564e-04,7.090352e-02,-3.071861e-01,1.364735e+01
1153,2.326096e-18,2.319118e-15,1.570125e-04,1.015603e-05,4.945795e-04,-1.969277e-01,7.703330e-02,1.334218e+01
1159,6.710412e-17,6.690281e-14,1.901064e-04,-1.492677e-05,5.049250e-04,1.007309e+00,7.477222e-01,8.400991e+00
1165,5.912151e-19,5.894415e-16,1.722654e-04,-2.070398e-05,4.820243e-04,1.839078e+00,-6.600108e-01,6.415425e+00
1171,4.957902e-17,4.943028e-14,1.427249e-04,-1.373610e-06,4.806791e-04,-5.814976e-01,4.489211e-01,-1.744929e+00
1177,1.048368e-16,1.045223e-13,1.830632e-04,-5.995182e-06,5.228362e-04,-3.682682e-01,-9.654527e-01,7.751318e+00
1183,5.253004e-19,5.237245e-16,1.300787e-04,6.641399e-06,4.828271e-04,-3.054916e-01,5.103617e-01,7.744204e+00
1189,8.452272e-18,8.426915e-15,1.367342e-04,5.127949e-06,4.833945e-04,-8.460006e-01,-1.023476e+00,1.274156e+00
1195,1.558223e-18,1.553548e-15,1.191407e-04,2.735018e-06,4.796230e-04,8.153063e-01,-1.847810e-01,6.108419e+00
1201,9.894352e-19,9.864669e-16,2.007827e-04,-6.267096e-06,5.462355e-04,6.719378e-03,-2.229330e-01,-1.401064e+00
1207,2.802852e-18,2.794443e-15,1.335651e-04,1.250329e-05,4.836463e-04,-8.701818e-01,-2.616707e-01,8.165974e+00
1213,1.176010e-18,1.172482e-15,1.867701e-04,3.126940e-06,5.254272e-04,-1.355524e-01,-1.465958e-01,7.329607e+00
1219,5.464900e-18,5.448505e-15,1.671874e-04,2.346641e-06,4.972469e-04,2.896816e-02,1.230455e-01,5.600490e+00
1225,1.572508e-17,1.567790e-14,1.519298e-04,3.948404e-06,4.884543e-04,-1.358469e-01,-9.298766e-01,1.756967e+01
1231,5.543216e-18,5.526587e-15,1.960924e-04,-2.441435e-05,4.994368e-04,1.435399e-02,-1.695433e-01,1.957144e+00
1237,4.528114e-18,4.514530e-15,1.768807e-04,-1.016501e-05,4.921684e-04,-3.678545e-01,-1.209088e-01,-1.887781e-01
1243,5.488039e-17,5.471574e-14,1.758726e-04,-5.171228e-06,4.908450e-04,5.685830e-01,6.092739e-01,6.156208e+00
1249,3.932953e-19,3.921154e-16,1.496095e-04,2.736125e-06,4.839984e-04,1.462240e+00,7.369505e-01,5.114619e+00
1255,1.354013e-17,1.349951e-14,1.846834e-04,-1.053198e-05,5.183104e-04,-8.841895e-01,4.251233e-01,4.178818e+00
1261,5.198634e-19,5.183038e-16,1.292973e-04,5.859954e-06,4.812545e-04,4.339016e-01,-8.041603e-01,6.158093e+00
1267,5.980163e-19,5.962222e-16,1.296189e-04,5.859851e-06,4.785505e-04,6.128741e-01,1.005407e+00,1.274858e+00
1273,5.568453e-19,5.551747e-16,1.398437e-04,2.226509e-05,4.785568e-04,9.675048e-02,-2.413351e-01,1.342255e+00
1279,2.445530e-19,2.438193e-16,1.472653e-04,1.133169e-05,4.847929e-04,-2.269826e-02,5.542434e-01,1.174543e-01
1285,3.223181e-18,3.213511e-15,1.765799e-04,1.250058e-05,5.099494e-04,9.843701e-01,2.654509e-02,5.937292e+00
1291,7.296591e-19,7.274701e-16,1.566400e-04,1.002936e-05,4.905069e-04,3.445709e-01,2.561958e-02,9.548043e+00
1297,1.384714e-16,1.380559e-13,1.990673e-04,1.505272e-05,5.347996e-04,-1.945671e+00,2.051846e-01,5.488482e+00
1303,7.952036e-17,7.928179e-14,1.854243e-04,1.805069e-06,5.202324e-04,-2.695375e-01,-9.960315e-01,9.527699e+00
1309,1.562219e-18,1.557532e-15,1.937199e-04,-1.791893e-05,5.066836e-04,5.541427e-03,6.395065e-01,6.947859e+00
1315,6.113144e-18,6.094805e-15,1.777374e-04,-6.252674e-06,4.990826e-04,1.133067e+00,-3.251128e-01,1.743708e+00
1321,8.148425e-17,8.123980e-14,1.605688e-04,3.167577e-06,4.835717e-04,-5.005132e-01,-3.698641e-01,2.282094e+00
1327,2.668496e-18,2.660491e-15,1.554838e-04,7.006157e-06,4.871325e-04,-4.834619e-01,-1.971751e-01,2.296878e+00
1333,3.375271e-16,3.365145e-13,1.910844e-04,-3.757643e-06,5.187897e-04,-3.427719e-01,9.101747e-01,8.663000e+00
1339,1.347435e-18,1.343393e-15,1.343746e-04,-7.778046e-07,4.754263e-04,-3.870815e-01,5.245086e-01,5.804485e-01
1345,3.183036e-19,3.173487e-16,1.292970e-04,5.078044e-06,4.777710e-04,2.734937e+00,9.063383e-01,1.296297e+00
1351,1.211356e-18,1.207721e-15,1.177570e-04,1.115299e-05,4.791614e-04,2.347539e-01,5.431838e-01,8.051345e+00
1357,2.011138e-18,2.005105e-15,1.461847e-04,1.165485e-05,4.796784e-04,-2.059104e-01,2.105477e-01,-2.330491e-03
1363,1.538349e-18,1.533734e-15,1.719128e-04,1.408066e-05,4.957126e-04,4.544723e-01,1.020581e+00,9.388761e+00
1369,5.536421e-18,5.519812e-15,1.570825e-04,1.021972e-05,4.854801e-04,4.517218e-01,-2.993544e-01,7.823185e+00
1375,4.264177e-18,4.251384e-15,1.914010e-04,-1.172056e-05,4.980209e-04,5.868198e-02,2.606290e-01,4.061816e+00
1381,5.456297e-19,5.439928e-16,1.746092e-04,-7.028765e-06,4.840046e-04,-6.511433e-02,-5.170308e-01,5.501462e+00
1387,3.553550e-18,3.542889e-15,1.518137e-04,4.051678e-06,4.822285e-04,-9.145252e-01,9.027596e-01,1.438467e+01
1393,4.501117e-18,4.487613e-15,1.932735e-04,-1.170677e-05,5.175765e-04,-6.778304e-01,3.037394e-01,8.228999e+00
1399,2.700937e-18,2.692835e-15,2.164003e-04,-1.875624e-05,5.388974e-04,-3.840808e-02,-7.803987e-03,1.637953e+00
1405,8.887191e-18,8.860530e-15,2.203126e-04,-1.492264e-05,5.413820e-04,1.374718e-01,2.400061e-02,1.142052e+01
1411,1.569081e-18,1.564374e-15,1.609373e-04,1.875625e-05,4.801227e-04,2.939680e-01,9.464016e-02,-1.104094e+00
1417,2.954534e-18,2.945671e-15,1.921851e-04,1.171807e-05,5.302157e-04,2.125819e-02,-1.308977e-01,3.278038e+00
1423,2.226995e-16,2.220314e-13,2.027673e-04,1.931449e-06,5.303244e-04,9.606003e-03,3.534136e-01,8.690172e+00
1429,2.074766e-17,2.068542e-14,1.828399e-04,-5.105812e-06,4.990864e-04,6.441105e-01,-1.629336e+00,4.730227e+00
1435,3.330157e-18,3.320166e-15,1.812495e-04,2.346454e-06,5.091388e-04,-5.798856e-02,1.502609e-02,3.681777e+00
1441,2.032600e-17,2.026502e-14,1.544130e-04,5.647620e-06,4.815733e-04,3.477678e-01,-1.908203e+00,5.301665e+00
1447,2.552914e-18,2.545255e-15,1.976522e-04,-1.483844e-05,5.114814e-04,1.529269e-01,1.134211e-01,4.736042e+00
1453,3.582936e-18,3.572187e-15,2.117217e-04,-5.477985e-06,5.490358e-04,-7.954990e-03,-7.202683e-02,7.853466e+00
1459,8.321791e-18,8.296825e-15,1.850462e-04,8.130913e-06,5.146961e-04,7.121753e-01,-1.052640e+00,6.420844e+00
1465,3.687207e-18,3.676146e-15,2.062496e-04,1.656112e-05,5.137403e-04,2.316039e-03,-1.801088e+00,2.406837e+00
1471,1.282241e-17,1.278394e-14,2.218177e-04,1.171393e-05,5.450214e-04,-4.572578e-02,8.591776e-01,5.168997e+00
1477,2.929033e-17,2.920246e-14,1.840508e-04,3.996449e-06,4.967705e-04,-2.709487e-01,-2.532076e-01,1.007740e+01
1483,2.779893e-18,2.771554e-15,1.554717e-04,-2.339974e-06,4.757666e-04,7.217150e-01,6.465582e-03,-1.758051e-01
1489,5.581842e-17,5.565097e-14,2.018673e-04,-9.728327e-06,5.164146e-04,-5.544201e-01,-5.208528e-02,1.271291e+01
1495,2.385283e-18,2.378127e-15,2.109374e-04,-1.563691e-06,5.457833e-04,-5.277924e-03,-1.919647e-02,6.415062e+00
1501,9.489346e-16,9.460878e-13,2.209489e-04,-2.214166e-06,5.365055e-04,-1.607456e-02,4.529610e-01,7.940744e+00
1507,4.966271e-19,4.951372e-16,1.203172e-04,1.289062e-05,4.746500e-04,-9.500591e-02,7.982967e-01,-1.279405e+00
1513,2.333391e-17,2.326391e-14,1.929734e-04,1.490749e-05,4.961627e-04,-1.979526e+00,-5.679084e-01,5.105206e+00
1519,3.574639e-17,3.563916e-14,1.795144e-04,8.468683e-06,5.032553e-04,-1.364961e+00,-7.468456e-01,1.078150e+01
1525,1.110382e-18,1.107051e-15,1.570431e-04,1.016017e-05,4.793340e-04,-1.198340e+00,-5.237899e-01,5.262233e+00
1531,2.620579e-18,2.612717e-15,1.945254e-04,-6.240634e-06,5.076712e-04,1.248090e-01,-4.562551e-01,1.889777e+01
1537,3.268013e-18,3.258209e-15,2.069943e-04,-1.322790e-05,5.170861e-04,4.614692e-01,-5.139444e-01,6.391281e+00
1543,1.963325e-18,1.957435e-15,2.124976e-04,-1.184747e-05,5.325585e-04,-9.468586e-03,9.451692e-02,7.648018e+00
1549,1.275363e-18,1.271537e-15,1.203079e-04,1.289070e-05,4.726779e-04,2.916105e-01,-5.408913e-01,-4.442968e+00
1555,1.118295e-17,1.114940e-14,1.811973e-04,1.158643e-05,4.960875e-04,-7.014143e-01,-4.471414e-01,9.838447e+00
1561,2.822548e-18,2.814081e-15,1.961303e-04,8.577333e-06,5.213402e-04,1.245927e+00,7.702234e-01,7.228386e+00
1567,1.395018e-18,1.390833e-15,1.719705e-04,1.381517e-05,4.843263e-04,-3.264012e-01,6.822656e-01,2.924437e+00
1573,1.105014e-17,1.101699e-14,1.680605e-04,1.467325e-05,4.804271e-04,-9.297197e-01,-4.178087e-01,4.692657e+00
1579,3.155174e-18,3.145709e-15,1.767886e-04,1.093983e-05,4.936583e-04,-4.939205e-01,1.566336e-02,7.242325e+00
1585,5.083021e-18,5.067772e-15,1.796881e-04,1.562468e-05,4.909571e-04,2.151435e-01,-5.271924e-01,-2.509314e+00
1591,1.760427e-17,1.755146e-14,1.777048e-04,1.657218e-05,4.831528e-04,1.342304e-01,9.673382e-01,5.552201e+00
1597,6.787112e-18,6.766751e-15,1.945292e-04,-6.257819e-06,5.033652e-04,2.091279e-02,3.358952e-01,1.678886e+01
1603,1.647382e-18,1.642440e-15,1.945323e-04,-6.249900e-06,5.103454e-04,-1.452002e-01,8.217875e-02,1.982446e+01
1609,1.228566e-17,1.224881e-14,1.984204e-04,-2.427252e-05,4.822375e-04,-1.202160e+00,-1.595576e-01,2.079570e+00
1615,2.422677e-18,2.415409e-15,1.945712e-04,-6.191815e-06,5.143391e-04,6.613828e-02,9.815263e-01,2.083253e+01
1621,2.679091e-19,2.671054e-16,1.363286e-04,8.984086e-06,4.738690e-04,8.364342e-01,6.826092e-01,-1.416876e+00
1627,9.606193e-18,9.577374e-15,1.820407e-04,2.430794e-05,4.857725e-04,-1.047483e-02,4.871054e-02,1.723093e+00
1633,2.293182e-18,2.286302e-15,1.992360e-04,1.642567e-05,4.929644e-04,6.949190e-01,1.084020e-01,6.796735e+00
1639,4.340848e-19,4.327825e-16,2.164046e-04,6.646200e-06,5.369999e-04,7.346041e-02,3.904979e-01,4.661968e+00
1645,2.527317e-18,2.519736e-15,2.218709e-04,1.248283e-05,5.309732e-04,1.318954e-02,1.664589e-01,4.688127e+00
1651,3.741331e-17,3.730107e-14,2.143224e-04,9.617267e-06,5.253426e-04,5.366312e-01,-4.384263e-01,5.161393e+00
1657,4.381860e-19,4.368715e-16,2.304632e-04,1.133027e-05,5.456051e-04,6.417659e-02,-1.884071e-01,1.569238e+00
1663,1.105289e-16,1.101973e-13,2.105735e-04,-2.355674e-05,4.963820e-04,-1.380460e-02,-1.361665e-01,6.818069e-01
1669,6.327828e-18,6.308845e-15,1.828124e-04,5.468022e-06,4.899288e-04,-9.718555e-03,-1.797468e-02,1.002998e+01
1675,1.079340e-17,1.076102e-14,1.944574e-04,-6.268468e-06,4.947693e-04,6.328252e-02,2.891068e-01,9.965739e+00
1681,5.150936e-19,5.135483e-16,2.027347e-04,-1.796684e-05,4.980703e-04,-7.183045e-01,-4.377411e-02,-2.214444e+00
1687,1.403310e-17,1.399100e-14,2.139475e-04,-6.996991e-06,5.257089e-04,1.002213e-01,-1.533890e-01,1.369034e+01
1693,3.026454e-17,3.017374e-14,2.383889e-04,-1.964329e-05,5.418380e-04,3.021885e+00,-4.384057e+00,3.373922e+01
1699,1.701467e-17,1.696363e-14,2.010317e-04,2.422054e-05,4.888878e-04,-4.409321e-02,3.627770e-02,1.402804e+00
1705,2.513701e-17,2.506160e-14,2.068320e-04,1.063992e-05,5.042377e-04,-5.995880e-01,2.912294e+00,1.142900e+01
1711,3.317564e-18,3.307611e-15,2.023512e-04,4.681852e-06,5.114498e-04,4.672378e-01,-1.337514e-02,4.442518e+00
1717,1.364581e-16,1.360487e-13,2.300799e-04,9.808118e-06,5.312568e-04,-4.557574e-01,3.827445e-01,8.332241e+00
1723,1.292838e-17,1.288959e-14,1.975069e-04,-9.300560e-06,4.981008e-04,7.833971e-01,3.432225e+00,1.080039e+01
1729,1.000079e-17,9.970783e-15,1.956968e-04,-6.171605e-06,4.868867e-04,-4.325914e-01,-5.269074e-01,7.611057e+00
1735,2.843843e-19,2.835311e-16,1.957041e-04,-6.644170e-06,4.910167e-04,-8.325076e-01,-3.549703e-02,1.024831e+01
1741,1.642640e-17,1.637712e-14,1.724365e-04,1.005114e-05,4.789519e-04,6.462904e-01,3.973029e+00,-1.395968e+00
1747,5.237524e-18,5.221811e-15,1.786361e-04,8.061201e-06,4.828428e-04,1.055537e+00,-1.009483e+00,1.099200e+00
1753,1.488556e-18,1.484091e-15,1.811782e-04,5.213715e-06,4.827491e-04,-2.346326e-01,8.760466e-01,6.090102e+00
1759,1.383901e-17,1.379750e-14,2.127514e-04,-1.114739e-05,5.134228e-04,-1.203203e-01,8.226088e-01,6.795272e+00
1765,1.998675e-18,1.992679e-15,2.367177e-04,1.327917e-05,5.375038e-04,1.542991e-01,-7.354993e-02,-1.018159e-01
1771,3.296847e-18,3.286956e-15,1.914057e-04,-4.681966e-06,4.867272e-04,-4.858832e-01,-4.899371e-01,-9.940002e-01
1777,4.208751e-18,4.196125e-15,2.055245e-04,-1.015943e-05,4.943091e-04,7.262147e-02,-9.108229e-02,9.007457e+00
1783,2.304795e-18,2.297880e-15,1.859339e-04,1.287764e-08,4.836066e-04,4.822102e-02,-2.605217e-01,-3.284518e-01
1789,1.451705e-16,1.447350e-13,2.181872e-04,-3.258015e-06,5.164451e-04,2.263254e-01,-1.301571e+00,8.815987e+00
1795,1.096992e-18,1.093701e-15,2.117156e-04,-3.119905e-06,5.216447e-04,-1.323056e-01,-8.863606e-02,7.293253e+00
1801,2.407903e-18,2.400679e-15,2.357695e-04,-1.816107e-05,5.387700e-04,1.025816e+00,-2.853830e+00,3.493091e+01
1807,8.980429e-19,8.953487e-16,1.542970e-04,6.640565e-06,4.746612e-04,-1.792147e+00,2.547549e-01,-1.454032e+00
1813,1.697432e-17,1.692340e-14,1.857042e-04,1.996867e-05,4.768500e-04,-5.305027e-01,1.724300e-01,-7.575110e-01
1819,5.395174e-17,5.378988e-14,1.946725e-04,8.575193e-06,4.895577e-04,-9.467865e-01,-6.848844e-01,3.604344e+00
1825,1.289557e-16,1.285688e-13,2.075265e-04,6.775525e-06,4.916917e-04,-1.678825e+00,1.026347e+00,8.848877e+00
1831,2.450780e-19,2.443428e-16,1.550784e-04,7.421691e-06,4.738690e-04,-1.398102e+00,1.393880e+00,-1.742376e+00
1837,2.194515e-18,2.187932e-15,2.414226e-04,1.406039e-05,5.481699e-04,7.247606e-03,-6.297275e-03,1.934379e+00
1843,6.928248e-18,6.907464e-15,2.036657e-04,-1.024653e-05,4.976836e-04,-1.803161e+00,7.186255e-01,7.776928e+00
1849,8.035343e-18,8.011237e-15,2.062823e-04,-3.525855e-06,5.179045e-04,4.151898e-01,5.431406e-01,1.186061e+01
1855,2.934649e-19,2.925845e-16,1.769524e-04,1.445258e-05,4.785538e-04,2.876228e-01,-1.399001e+00,3.959587e+00
1861,1.121163e-17,1.117799e-14,1.812480e-04,1.309990e-05,4.803598e-04,-2.385630e-02,-9.554832e-01,6.920536e-01
1867,1.621265e-17,1.616402e-14,2.241198e-04,2.217769e-05,4.997242e-04,-1.088641e+00,1.036736e+00,2.560767e+00
1873,2.596443e-17,2.588654e-14,2.132769e-04,1.455127e-05,4.956391e-04,-4.753939e-01,-6.561202e-01,1.169095e+01
1879,1.010970e-18,1.007937e-15,2.226586e-04,1.174429e-05,5.179101e-04,2.746612e-04,-1.433400e-01,4.190148e+00
1885,1.714582e-17,1.709439e-14,2.423282e-04,1.680845e-05,5.323974e-04,2.153638e-01,-8.100559e-01,3.749612e+00
1891,1.157112e-17,1.153641e-14,2.076284e-04,-5.469628e-06,5.007953e-04,3.477623e-01,1.381181e-01,7.725706e+00
1897,1.877431e-17,1.871799e-14,2.069824e-04,-1.630583e-05,4.796258e-04,-1.440646e+00,-1.835879e-01,2.724410e+00
1903,4.120661e-17,4.108299e-14,2.324068e-04,-1.758899e-05,5.085130e-04,2.645687e+00,-2.867749e+00,2.771511e+01
1909,1.021016e-17,1.017953e-14,2.328107e-04,-1.174145e-05,5.157863e-04,-1.817181e-01,1.773009e-01,2.309640e+01
1915,3.748130e-18,3.736886e-15,2.327598e-04,-1.253919e-05,5.227133e-04,8.413951e-01,2.899744e-01,2.711948e+01
1921,8.625863e-18,8.599985e-15,2.389904e-04,-1.861164e-05,5.268958e-04,1.271250e+00,-7.715344e-01,6.634075e+00
1927,8.141753e-18,8.117328e-15,2.326698e-04,-1.312976e-05,5.268365e-04,7.434362e-01,1.577861e-01,2.772639e+01
1933,1.194448e-18,1.190865e-15,1.957027e-04,1.486588e-05,4.820480e-04,-8.389258e-01,1.398424e+00,7.773301e+00
1939,2.081898e-18,2.075653e-15,1.881975e-04,1.320518e-05,4.780904e-04,4.424313e-01,5.970111e-01,-3.274995e+00
1945,1.672827e-17,1.667809e-14,2.104773e-04,8.487482e-06,4.995938e-04,-4.011573e-01,-1.765734e+00,1.743711e+01
1951,6.781644e-17,6.761299e-14,2.041500e-04,1.591682e-05,4.805717e-04,-3.228066e-01,-3.779382e-01,5.384082e+00
1957,4.693822e-19,4.679741e-16,1.550779e-04,6.640341e-06,4.730877e-04,7.959055e-01,5.455166e-01,-2.111779e+00
1963,3.125266e-18,3.115890e-15,2.140597e-04,-7.033219e-06,5.046077e-04,-4.682297e-02,-1.532439e-02,6.324974e+00
1969,7.903157e-19,7.879447e-16,2.068850e-04,-1.029024e-05,4.847924e-04,1.425566e-01,5.005865e-01,2.339788e+00
1975,1.405882e-16,1.401665e-13,2.305500e-04,-1.078952e-06,5.212292e-04,8.757178e-01,7.048441e-01,6.712197e+00
1981,2.482713e-19,2.475265e-16,1.769535e-04,1.367152e-05,4.777737e-04,-2.917892e-01,-1.708945e+00,1.444224e+00
1987,3.272630e-18,3.262812e-15,1.976906e-04,1.170897e-05,4.859818e-04,7.906356e-02,-3.052696e+00,8.763799e+00
1993,4.998090e-17,4.983096e-14,2.014845e-04,1.159619e-06,4.933135e-04,5.847433e-01,-4.251953e-01,5.791523e+00
1999,2.423282e-18,2.416012e-15,2.062499e-04,2.460941e-05,4.833835e-04,3.275393e-02,-5.984496e-02,3.329917e+00
2005,1.371437e-18,1.367323e-15,2.140897e-04,1.564526e-05,4.926042e-04,-1.395209e-01,2.272922e-01,1.401503e+01
2011,2.228529e-18,2.221844e-15,2.343918e-04,3.901813e-06,5.388557e-04,3.017452e-02,-2.128200e-01,3.299654e+00
2017,1.806488e-17,1.801068e-14,2.396666e-04,1.406162e-05,5.156227e-04,-4.717602e-01,4.836619e-01,8.409199e+00
2023,1.065085e-18,1.061890e-15,2.343938e-04,3.910982e-06,5.434696e-04,-6.737245e-04,-2.437414e-02,2.363964e+00
2029,1.182155e-18,1.178609e-15,1.984404e-04,-6.244902e-06,4.801089e-04,1.664296e+00,4.576259e-01,4.355865e+00
2035,3.209366e-18,3.199738e-15,2.156302e-04,-1.642459e-05,4.851808e-04,3.004203e-02,-8.264336e-02,-1.445974e+00
2041,2.952206e-18,2.943349e-15,2.117160e-04,-3.128266e-06,5.129155e-04,7.488607e-02,8.400231e-03,1.112998e+01
2047,4.627630e-18,4.613747e-15,2.117119e-04,-3.123229e-06,5.157129e-04,7.115690e-02,2.573418e-02,1.036580e+01
2053,5.061154e-18,5.045971e-15,2.328232e-04,-1.015439e-05,5.103293e-04,-1.274606e-01,-3.426836e-01,2.057209e+01
2059,2.494388e-18,2.486905e-15,2.496115e-04,-1.065314e-05,5.438259e-04,8.935089e-02,4.479085e-01,1.192714e+01
2065,4.367233e-18,4.354131e-15,1.976698e-04,1.560352e-05,4.769766e-04,3.900611e-01,-4.276329e-01,3.001273e+00
2071,8.058137e-19,8.033963e-16,2.142071e-04,1.523508e-05,4.897313e-04,-3.878652e-01,8.145621e-01,1.087588e+01
2077,3.675068e-18,3.664043e-15,2.142429e-04,1.539082e-05,4.837275e-04,3.282751e-01,4.676103e-01,7.376767e+00
2083,9.695135e-19,9.666049e-16,2.210988e-04,8.596798e-06,5.011446e-04,-7.952288e-02,-1.296953e-02,9.233552e-01
2089,3.063013e-17,3.053824e-14,2.489005e-04,1.405781e-05,5.346915e-04,2.173971e+00,4.939566e+00,1.285858e+01
2095,1.405383e-17,1.401167e-14,2.492887e-04,1.168705e-05,5.428483e-04,-1.666169e-01,-1.740023e-01,4.358568e+00
2101,9.752256e-19,9.722999e-16,2.140632e-04,-7.032158e-06,4.902420e-04,1.184286e-02,1.186181e-01,1.732371e-01
2107,4.400732e-17,4.387530e-14,1.874908e-04,6.907351e-06,4.638350e-04,8.428340e-01,-3.053167e-01,9.926183e-01
2113,6.454526e-18,6.435162e-15,2.195592e-04,-3.155798e-06,5.064933e-04,-9.615153e-02,8.121981e-02,7.535326e+00
2119,1.069408e-17,1.066200e-14,2.326843e-04,-1.011217e-05,5.046286e-04,2.847717e-01,1.845896e-01,1.810415e+01
2125,1.043107e-17,1.039977e-14,2.493215e-04,-1.584921e-05,5.177964e-04,6.677413e-01,-6.817167e-01,2.150445e+00
2131,4.853395e-17,4.838835e-14,2.030698e-04,6.606331e-06,4.813462e-04,-2.851163e-01,-7.295768e-01,2.057495e+00
2137,5.151200e-17,5.135746e-14,2.227027e-04,1.320892e-05,4.947141e-04,-4.860726e-01,1.163437e+00,2.952482e+00
2143,2.519716e-17,2.512157e-14,2.335206e-04,8.427355e-06,5.081149e-04,-1.821272e-01,-4.015944e-01,5.545575e+00
2149,1.909272e-18,1.903545e-15,2.398445e-04,8.588575e-06,5.183252e-04,-1.801147e-01,-4.992045e-02,2.418473e+00
2155,6.307688e-18,6.288765e-15,2.343691e-04,3.897573e-06,5.331526e-04,7.571653e-02,-1.326952e-02,1.156716e+01
2161,4.791496e-18,4.777121e-15,2.492690e-04,4.451770e-06,5.498819e-04,4.014549e-01,5.774559e-01,1.503226e+01
2167,3.368245e-18,3.358141e-15,1.999990e-04,2.355486e-06,4.851599e-04,-1.212762e-01,7.733002e-01,6.184659e+00
2173,2.454106e-18,2.446744e-15,2.148379e-04,-1.485488e-05,4.813326e-04,7.563044e-01,-6.881779e-01,-1.267358e+00
2179,2.334938e-17,2.327933e-14,2.259332e-04,-1.225027e-05,4.963801e-04,-7.690258e-01,3.594994e-01,1.934323e+00
2185,4.031518e-18,4.019424e-15,2.496091e-04,-1.131211e-05,5.383937e-04,5.358329e-02,-7.142263e-01,1.225599e+01
2191,1.377832e-18,1.373699e-15,2.429915e-04,-1.001225e-08,5.441871e-04,1.882885e-01,1.618340e-01,1.443535e+01
2197,1.028837e-18,1.025751e-15,1.810568e-04,1.337382e-05,4.738714e-04,-1.342203e+00,-7.823338e-01,-3.844968e+00
2203,4.807458e-18,4.793035e-15,2.078138e-04,8.579151e-06,4.848144e-04,-2.250507e-01,-1.103223e+00,1.138710e+01
2209,6.566169e-18,6.546471e-15,2.117332e-04,-3.081362e-06,4.965132e-04,-1.299873e-02,-1.040045e-01,4.517223e+00
2215,2.305409e-18,2.298493e-15,2.273626e-04,5.476364e-06,5.030816e-04,-2.677829e-01,-1.397550e-01,6.227462e+00
2221,8.167312e-18,8.142811e-15,2.319785e-04,9.375156e-06,5.030125e-04,-5.106695e-01,-2.207459e-01,5.407926e+00
2227,8.373956e-17,8.348834e-14,2.322146e-04,2.274626e-06,5.141193e-04,3.391066e-01,-1.354093e-01,9.551270e+00
2233,3.464839e-18,3.454444e-15,2.494782e-04,1.875437e-05,5.180093e-04,1.853584e-01,9.929186e-02,9.351948e-01
2239,1.337158e-18,1.333146e-15,2.140654e-04,-7.025474e-06,4.840110e-04,-1.055828e-02,2.400553e-01,-2.397050e+00
2245,1.881033e-17,1.875390e-14,2.192939e-04,-1.413760e-05,4.813185e-04,1.260211e-03,-3.751108e-01,4.914667e+00
2251,2.605652e-18,2.597835e-15,2.195369e-04,-3.120854e-06,5.014452e-04,1.274875e-02,-4.890750e-03,5.903406e+00
2257,8.065664e-18,8.041467e-15,2.429822e-04,-1.433163e-06,5.327942e-04,-4.101495e-02,1.120320e+00,1.442251e+01
2263,1.790725e-18,1.785353e-15,2.078974e-04,4.802586e-06,4.862228e-04,-2.603314e-01,1.104159e+00,1.146076e+01
2269,7.595290e-18,7.572505e-15,2.414475e-04,2.433664e-05,4.987588e-04,7.001855e-02,1.166465e-01,1.871063e+00
2275,8.190933e-17,8.166361e-14,2.486880e-04,1.991861e-05,5.075508e-04,1.817093e-01,1.397451e+00,9.907929e+00
2281,8.384561e-17,8.359408e-14,2.486905e-04,1.030943e-05,5.164851e-04,5.791110e-02,3.048771e-01,3.268268e+00
2287,2.748315e-18,2.740070e-15,2.453020e-04,1.571553e-06,5.212720e-04,1.530203e-01,-1.245406e-01,9.839190e+00
2293,1.371754e-18,1.367639e-15,2.453156e-04,4.669979e-06,5.284106e-04,-3.852579e-02,3.018746e-01,9.986085e+00
2299,3.691454e-18,3.680380e-15,2.283600e-04,-1.503746e-05,4.901859e-04,5.354164e+00,-4.500102e-02,4.122196e+00
2305,3.742206e-18,3.730979e-15,2.195323e-04,-3.128295e-06,4.972156e-04,-2.639100e-02,4.305003e-02,6.360907e+00
2311,2.427686e-18,2.420403e-15,2.320464e-04,-5.451156e-06,5.023454e-04,2.615071e-01,-1.214793e+00,9.641910e+00
2317,2.401804e-18,2.394599e-15,2.140606e-04,1.561883e-05,4.781398e-04,9.565223e-02,4.643220e-01,5.314651e+00
2323,2.486472e-18,2.479013e-15,2.321434e-04,-1.054784e-05,4.993150e-04,-4.681161e-01,-2.721225e-02,1.555654e+01
2329,7.479581e-18,7.457143e-15,2.493677e-04,-6.206457e-06,5.156020e-04,-4.978711e-04,9.477586e-03,9.062261e+00
2335,3.511261e-17,3.500727e-14,2.472081e-04,-4.743096e-06,5.206775e-04,5.532566e+00,-6.897840e-01,1.439982e+01
2341,1.870296e-17,1.864685e-14,2.453545e-04,-1.270783e-05,5.034334e-04,1.594725e-01,1.456252e-01,1.292037e+00
2347,2.999611e-18,2.990612e-15,2.429826e-04,-3.130816e-06,5.287888e-04,-3.030125e-01,4.649112e-01,1.352377e+01
2353,6.156831e-19,6.138360e-16,2.050779e-04,1.679727e-05,4.718744e-04,7.463402e-01,1.777490e+00,-3.254711e-01
2359,2.807736e-18,2.799313e-15,2.343738e-04,9.372565e-06,4.976225e-04,1.412442e-02,-3.262554e-04,5.655749e+00
2365,6.942848e-18,6.922019e-15,2.453498e-04,1.483643e-05,5.022085e-04,-4.283378e-01,-1.623226e-01,8.621039e+00
2371,1.504510e-18,1.499997e-15,2.496095e-04,1.567941e-06,5.258034e-04,3.095774e-02,6.367407e-02,4.937107e+00
2377,5.384839e-17,5.368685e-14,2.201769e-04,-2.341620e-07,4.840935e-04,-1.554437e+00,9.745997e-01,1.408008e+00
2383,2.980204e-17,2.971263e-14,2.311932e-04,-5.806181e-06,4.901983e-04,6.798023e-01,-5.176851e-01,9.157289e+00
2389,2.207039e-17,2.200418e-14,2.303910e-04,-3.053150e-06,4.972003e-04,1.202162e-01,1.777211e+00,7.858520e+00
2395,1.085473e-17,1.082217e-14,2.320299e-04,-9.352241e-06,4.939449e-04,-1.260873e-01,-4.781464e-02,1.325896e+01
2401,5.785245e-17,5.767889e-14,2.371950e-04,-3.875887e-06,5.036450e-04,5.705547e-01,1.632056e+00,7.910379e+00
2407,5.450964e-18,5.434611e-15,2.432747e-04,-3.904500e-06,5.113570e-04,-7.283816e-01,-1.843496e-01,9.986499e+00
2413,9.170949e-19,9.143436e-16,2.496083e-04,-6.880428e-06,5.189046e-04,1.097706e+00,-1.566961e+00,6.779067e+00
2419,1.042558e-18,1.039430e-15,2.181453e-04,2.734409e-06,4.712861e-04,3.893462e+00,-2.281301e+00,-6.071912e+00
2425,1.467700e-18,1.463297e-15,2.023607e-04,6.224501e-06,4.777712e-04,1.515117e+00,-4.721291e-01,5.875722e+00
2431,1.188882e-17,1.185315e-14,2.316498e-04,1.184516e-06,5.003690e-04,-2.111054e-01,1.781490e-02,7.127404e+00
2437,5.644510e-18,5.627577e-15,2.429905e-04,-3.857381e-06,5.052420e-04,7.725768e-01,3.696060e-01,8.651274e+00
2443,1.064712e-18,1.061518e-15,2.242337e-04,6.262088e-06,4.855637e-04,2.831921e-01,6.778025e-02,-1.005904e+00
2449,5.980871e-17,5.962928e-14,2.486519e-04,1.647837e-05,4.980782e-04,2.838810e+00,1.680429e+00,1.294484e+01
2455,5.126310e-18,5.110931e-15,2.445254e-04,4.683357e-06,5.018947e-04,1.640327e-01,-2.837359e-01,1.031236e+01
2461,1.294855e-17,1.290970e-14,2.491924e-04,-2.379130e-05,4.854187e-04,-9.259399e-01,-2.293033e+00,5.440303e+00
2467,2.520290e-18,2.512729e-15,2.496094e-04,-2.187990e-05,4.957285e-04,4.792024e-02,-2.510711e-01,-1.048918e+00
2473,1.968132e-17,1.962227e-14,2.492255e-04,-1.275102e-05,4.983967e-04,-2.169965e-02,1.608252e+00,9.144060e+00
2479,9.258369e-19,9.230594e-16,2.186498e-04,-1.132795e-05,4.744282e-04,5.331755e-01,7.907351e-01,-3.310166e+00
2485,3.280046e-17,3.270206e-14,2.492793e-04,1.826922e-05,4.853870e-04,-4.610262e-01,1.106738e+00,1.085603e+01
2491,9.329119e-18,9.301132e-15,2.492831e-04,1.216467e-05,5.082204e-04,8.220591e-02,3.910132e-01,4.581304e+00
2497,7.252086e-17,7.230330e-14,2.454853e-04,2.144696e-06,5.104588e-04,-5.245791e-02,-1.079223e+00,1.077763e+01
2503,1.698612e-18,1.693516e-15,2.319483e-04,-7.296301e-06,4.866962e-04,5.302167e-02,-1.707517e+00,1.245388e+01
2509,4.845356e-18,4.830820e-15,2.453176e-04,1.407496e-05,4.917990e-04,8.394466e-01,-8.404047e-01,1.230426e+01
2515,6.625368e-17,6.605492e-14,2.439385e-04,7.651211e-06,4.951821e-04,6.784108e-01,-1.055789e+00,8.070502e+00
2521,1.497781e-18,1.493288e-15,2.319284e-04,-3.653575e-06,4.813698e-04,2.349201e-01,2.871750e+00,4.888382e+00
2527,6.452110e-18,6.432754e-15,2.268657e-04,2.345119e-06,4.830611e-04,-1.802859e+00,2.729052e-01,2.015268e+00
2533,2.779631e-17,2.771292e-14,2.350677e-04,2.395829e-06,4.907446e-04,-7.102181e-01,2.134788e-01,2.268460e+00
2539,1.497293e-18,1.492801e-15,2.444164e-04,1.322522e-05,4.745207e-04,1.437766e+00,-6.476286e-01,1.845973e+00
2545,2.348139e-18,2.341095e-15,2.422477e-04,9.431376e-06,4.907422e-04,1.160697e-01,3.322005e-01,9.340289e+00
2551,3.337713e-18,3.327700e-15,2.257821e-04,7.815040e-06,4.812551e-04,-6.388460e-01,-7.044461e-01,2.660517e+00
2557,1.407695e-17,1.403472e-14,2.399092e-04,6.659193e-06,4.912508e-04,6.891218e-01,-3.393672e-01,9.151931e+00
2563,2.463037e-19,2.455648e-16,2.496096e-04,1.836355e-05,4.918262e-04,-4.588062e-02,-1.584959e+00,6.809287e+00
2569,3.206977e-19,3.197356e-16,2.207031e-04,3.906193e-07,4.762081e-04,1.074888e+00,1.629356e+00,-5.564935e-01
2575,2.864373e-19,2.855780e-16,2.285155e-04,-1.953017e-06,4.777714e-04,1.446880e+00,-3.298380e-01,6.591057e-01
2581,1.644376e-18,1.639442e-15,2.496087e-04,1.457246e-06,5.096875e-04,2.957868e-03,-2.003490e-02,6.376974e+00
2587,4.332584e-17,4.319586e-14,2.431882e-04,1.638370e-06,4.779046e-04,1.263990e+00,1.496039e+00,1.795848e-01
2593,2.463012e-19,2.455623e-16,2.496094e-04,1.171888e-06,4.754282e-04,9.916301e-01,8.739558e-01,4.370533e-01
2599,3.048984e-18,3.039837e-15,2.453164e-04,1.322363e-05,4.826101e-04,1.298225e-01,6.883949e-02,5.421701e+00
2605,2.717739e-19,2.709585e-16,2.496091e-04,1.758283e-05,4.910438e-04,4.938981e-02,-1.210091e+00,7.113069e+00
2611,4.219408e-18,4.206750e-15,2.468780e-04,-1.211589e-05,4.813280e-04,2.031273e-01,1.015792e-01,2.226099e+00
2617,1.020509e-17,1.017448e-14,2.493360e-04,-7.248440e-06,4.943924e-04,-4.938052e-01,5.448841e-01,7.037348e+00
2623,6.248654e-19,6.229908e-16,2.496095e-04,7.050992e-06,4.777733e-04,3.732539e-01,7.960180e-01,-2.055233e-01
2629,9.821073e-18,9.791610e-15,2.496094e-04,7.948216e-07,4.827809e-04,4.058570e-01,5.127990e-01,7.874843e+00
2635,5.034427e-18,5.019324e-15,2.421895e-04,8.589116e-06,4.823960e-04,-3.069259e-01,5.284177e-01,3.945897e+00
2641,6.207767e-19,6.189144e-16,2.496094e-04,1.402642e-05,4.925956e-04,4.302236e-01,-2.046122e-01,1.040441e+01
2647,2.398520e-18,2.391325e-15,2.496092e-04,1.554215e-06,5.035431e-04,-1.417214e-01,-2.335375e-01,5.805034e+00
2653,1.355969e-18,1.351901e-15,2.452293e-04,-2.094127e-06,5.016021e-04,-1.237155e-01,-1.033167e+00,4.758791e+00
2659,4.251017e-18,4.238264e-15,2.453174e-04,1.327076e-05,4.785785e-04,1.700092e-01,-3.957959e-01,4.491156e+00
2665,4.082577e-18,4.070330e-15,2.430227e-04,-5.414712e-06,4.768464e-04,-1.949256e-03,6.570589e-01,-1.457225e-01
2671,1.040609e-18,1.037487e-15,2.496094e-04,1.236346e-05,4.881598e-04,3.809053e-01,-1.122765e-01,7.852757e+00
2677,1.533445e-17,1.528845e-14,2.493492e-04,2.804810e-06,4.996847e-04,-6.982904e-01,2.836166e+00,1.932835e+01
2683,4.635406e-18,4.621500e-15,2.453120e-04,-2.345080e-06,4.879630e-04,-7.089645e-04,-2.805119e-02,3.701121e+00
2689,1.445990e-18,1.441652e-15,2.496094e-04,7.597842e-07,4.929402e-04,1.567360e-01,-4.438248e-01,1.663052e+01
2695,1.698034e-18,1.692940e-15,2.496091e-04,1.016833e-05,4.804983e-04,1.331232e-01,-7.058527e-02,4.522549e+00
2701,2.388219e-18,2.381054e-15,2.430594e-04,-5.418678e-06,4.835923e-04,-1.269119e-01,-6.638770e-01,1.019931e+00
2707,1.445043e-18,1.440708e-15,2.496093e-04,-8.609250e-06,4.828153e-04,1.396674e-01,-3.649903e-01,5.802628e+00
2713,1.325478e-18,1.321502e-15,9.118464e-05,1.270224e-05,4.744700e-04,-1.427788e+00,1.771954e+00,-2.303054e+00
2719,1.690166e-18,1.685096e-15,8.343248e-05,3.132424e-06,4.733457e-04,-7.716462e-02,-4.356933e-03,-2.144364e+00
2725,2.465140e-19,2.457745e-16,7.539020e-05,1.992280e-05,4.730906e-04,-7.580215e-01,3.456124e+00,2.338274e+00
2731,9.498404e-19,9.469909e-16,8.654108e-05,1.785514e-05,4.738713e-04,-7.230798e-01,-1.138726e+00,-5.323988e-01
2737,5.782482e-19,5.765134e-16,9.179653e-05,1.210900e-05,4.766517e-04,-1.051213e-01,2.724532e+00,1.055650e+00
2,3.566427e-16,3.555728e-13,-1.225374e-05,-3.990797e-05,5.362955e-04,-1.995077e-01,-1.001991e-01,1.081291e+01
4,3.496034e-17,3.485546e-14,9.410651e-06,-7.813275e-05,5.144984e-04,-1.768297e-01,7.316860e-01,7.275051e+00
5,1.205332e-17,1.201716e-14,-1.051086e-04,4.761067e-06,5.490808e-04,-1.453160e+00,-3.847192e-01,1.423539e+01
6,9.275419e-17,9.247593e-14,1.520258e-06,2.288267e-04,5.376133e-04,-6.785925e-01,-6.278964e-01,5.457798e+00
8,3.030787e-18,3.021694e-15,-6.252340e-06,-2.656318e-05,5.429912e-04,-2.683448e-01,2.393880e-01,5.845144e+00
9,9.594908e-18,9.566124e-15,5.476210e-06,7.267547e-05,5.181758e-04,9.122227e-01,-4.066086e-01,2.249693e+01
10,3.298199e-18,3.288305e-15,2.031187e-05,-7.968908e-05,5.442670e-04,6.732899e-03,-4.222017e-05,1.513983e+00
11,1.808686e-17,1.803260e-14,-1.111290e-04,1.397404e-08,5.490234e-04,-3.685760e-01,9.610684e-01,1.148038e+01
12,8.673537e-17,8.647516e-14,-1.095024e-05,2.434167e-04,5.448168e-04,4.791428e-01,9.840754e-01,7.170714e+00
14,9.254752e-16,9.226987e-13,-8.375390e-06,-4.885896e-05,5.400953e-04,-3.669060e-01,3.350758e-01,7.909695e+00
15,2.124490e-18,2.118116e-15,6.246330e-06,7.052564e-05,5.236635e-04,-1.323284e+00,-2.692087e+00,2.569333e+01
16,3.269432e-18,3.259623e-15,2.109309e-05,-8.053035e-05,5.143590e-04,-1.591125e-01,3.589633e-01,2.977905e-01
17,5.712127e-17,5.694991e-14,-1.102687e-04,2.650719e-06,5.365291e-04,1.292031e+00,-9.593130e-01,7.207977e+00
18,3.862380e-17,3.850792e-14,1.015562e-06,2.399271e-04,5.326216e-04,-4.768214e-01,1.686291e+00,9.518076e+00
20,1.353313e-17,1.349253e-14,-9.615689e-07,-2.664964e-05,5.356497e-04,8.552519e-01,-1.258203e-01,7.305200e+00
21,1.338456e-17,1.334441e-14,9.804049e-07,6.840572e-05,5.140704e-04,-5.244062e-01,1.164684e+00,4.784101e+00
22,1.260820e-16,1.257038e-13,-4.080749e-06,-7.928473e-05,5.144090e-04,-1.046022e+00,-6.841115e-01,1.386015e+01
23,1.723268e-17,1.718098e-14,-1.219078e-04,5.140611e-06,5.446709e-04,5.217164e-01,-3.874323e-01,7.678007e+00
24,4.390572e-18,4.377400e-15,2.371554e-06,2.445485e-04,5.349553e-04,1.679537e+00,1.814556e-02,4.048774e+00
26,2.427460e-18,2.420178e-15,-1.561391e-05,-2.969950e-05,5.152595e-04,5.656036e-02,-2.124217e-01,5.893203e+00
27,1.074218e-18,1.070995e-15,-2.352871e-06,6.483385e-05,5.163666e-04,-9.318662e-02,-3.166223e-01,8.200623e-01
28,6.710722e-17,6.690590e-14,9.224968e-06,-8.590195e-05,5.108200e-04,-1.070711e+00,-1.103527e+00,1.605198e+01
29,1.193474e-18,1.189893e-15,-1.077315e-04,1.789452e-05,5.419446e-04,-2.373855e-02,-3.523727e-02,-1.886173e-01
30,4.766909e-17,4.752608e-14,2.026721e-06,2.272273e-04,5.438979e-04,-7.743191e-01,8.486645e-01,2.553637e+01
32,3.995899e-17,3.983911e-14,-1.570211e-05,-2.775074e-05,5.087251e-04,5.484189e-01,-8.029972e-01,5.050489e+00
33,2.523727e-18,2.516156e-15,-1.797805e-05,4.296527e-05,5.431177e-04,-1.499277e-01,-1.619496e-01,8.170178e+00
34,1.301797e-17,1.297891e-14,1.314540e-05,-8.079569e-05,5.303031e-04,-6.360675e-01,6.184051e-02,5.465734e+00
35,7.696912e-16,7.673822e-13,-1.255729e-04,-8.233595e-06,5.296769e-04,-4.777198e-01,-9.597256e-01,8.586621e+00
36,1.246055e-16,1.242317e-13,3.705890e-06,2.287434e-04,5.302950e-04,4.450865e-01,2.334165e-01,7.320877e+00
38,4.547968e-18,4.534324e-15,-2.263784e-05,-5.313421e-05,5.312868e-04,1.212844e+00,3.449150e-01,4.953267e+00
39,2.939756e-18,2.930937e-15,8.355451e-07,9.092459e-05,5.016278e-04,-2.019152e-01,1.025287e+00,2.915895e+00
40,2.859074e-18,2.850497e-15,1.172288e-05,-8.750043e-05,5.221071e-04,9.425116e-02,9.907425e-02,9.090485e+00
41,4.992532e-17,4.977555e-14,-1.182630e-04,-2.524330e-06,5.417566e-04,-1.773017e-01,-3.739997e-01,7.576596e+00
42,7.013020e-17,6.991981e-14,1.071131e-05,2.488922e-04,5.346209e-04,-3.481000e-01,-7.144106e-01,6.506536e+00
44,2.403112e-18,2.395902e-15,3.123768e-06,-2.031325e-05,5.242779e-04,1.025812e-02,-2.105495e-02,4.039910e+00
45,4.621950e-18,4.608084e-15,3.959958e-06,7.209019e-05,5.134091e-04,-9.776532e-01,7.486037e-01,1.064150e+01
46,4.203989e-18,4.191377e-15,6.241503e-06,-9.061796e-05,5.170758e-04,-3.653254e-02,7.009211e-02,3.118709e+00
47,2.212261e-19,2.205625e-16,-1.082025e-04,-3.842761e-07,5.383191e-04,-2.464984e-01,-5.797686e-02,4.233713e+00
48,1.011308e-18,1.008275e-15,-9.363736e-06,2.496115e-04,5.446321e-04,3.807339e-03,1.478172e-01,1.173492e+00
50,5.300388e-18,5.284487e-15,-1.247393e-05,-4.321764e-05,5.177628e-04,4.580390e-01,3.917676e-01,7.618191e+00
51,2.932427e-18,2.923630e-15,5.518005e-06,4.763001e-05,5.368465e-04,5.468475e-02,-8.208799e-02,-1.210151e+00
52,7.829745e-18,7.806256e-15,1.093464e-05,-8.965916e-05,5.262185e-04,5.019782e-02,-1.104117e+00,1.027316e+01
53,2.188628e-16,2.182062e-13,-1.258327e-04,5.220605e-06,5.312848e-04,-7.350906e-02,5.902045e-01,1.112101e+01
54,8.194155e-17,8.169573e-14,-9.282964e-06,2.488765e-04,5.374731e-04,-1.301836e+00,-1.652458e-01,6.980064e+00
56,8.301627e-18,8.276722e-15,-1.182243e-05,-4.902846e-05,5.383536e-04,-2.271762e-01,1.973790e+00,1.727553e+01
57,1.036068e-18,1.032960e-15,-3.905516e-06,5.390680e-05,5.262012e-04,-4.497614e-02,5.555311e-02,3.675093e+00
58,1.063389e-17,1.060198e-14,-2.029074e-06,-8.075016e-05,5.080321e-04,-1.393350e-01,-2.158654e+00,1.304717e+01
59,1.988286e-18,1.982321e-15,-1.335930e-04,5.957279e-06,5.497155e-04,1.985931e-02,6.749858e-02,1.199493e+01
60,1.883905e-18,1.878253e-15,-3.900387e-06,2.336084e-04,5.352426e-04,2.626391e-02,2.972259e-02,1.553330e+00
62,1.502696e-16,1.498188e-13,1.177425e-05,-3.056892e-05,5.377427e-04,3.989841e-01,-7.831626e-01,1.110155e+01
63,3.711546e-18,3.700412e-15,-3.894091e-06,3.906016e-05,5.426694e-04,1.720113e-01,2.320321e-01,5.476200e+00
64,1.507586e-16,1.503063e-13,-5.694106e-07,-9.506259e-05,5.190269e-04,-8.871053e-01,8.300004e-01,7.166388e+00
65,6.919929e-19,6.899169e-16,-1.040456e-04,-1.655977e-05,5.456372e-04,-2.048928e-01,-3.885328e-01,-5.075007e-01
66,1.126758e-18,1.123378e-15,1.093411e-05,2.496105e-04,5.481894e-04,-3.302114e-02,5.827980e-02,4.551261e-01
68,2.781980e-19,2.773634e-16,-2.460910e-05,-3.710959e-05,5.035442e-04,-3.687181e+00,-5.949423e-03,1.063189e+01
69,4.058712e-18,4.046536e-15,-1.797789e-05,3.983557e-05,5.469899e-04,3.446369e-02,4.469392e-02,1.214923e+01
70,2.650465e-18,2.642513e-15,1.172394e-05,-8.749952e-05,5.138950e-04,-1.043594e-04,-3.532977e-02,6.729106e+00
71,1.695229e-17,1.690143e-14,-1.123166e-04,1.022141e-05,5.211267e-04,2.556700e+00,2.368280e+00,9.611130e+00
72,2.120871e-18,2.114509e-15,-3.911603e-06,2.336054e-04,5.330660e-04,-2.935441e-02,-1.422410e-02,3.567309e-01
74,2.730032e-19,2.721842e-16,-2.460934e-05,-3.632826e-05,5.027747e-04,-9.923651e-02,-1.359956e+00,9.624422e+00
76,1.825150e-17,1.819675e-14,6.447767e-06,-8.043831e-05,5.494819e-04,-9.653268e-02,-2.429804e+00,1.334099e+01
77,4.658654e-18,4.644678e-15,-1.039071e-04,6.660226e-06,5.205844e-04,1.410449e-02,4.515740e-01,7.814049e+00
78,8.475960e-18,8.450532e-15,1.656239e-06,2.286857e-04,5.356894e-04,3.449772e+00,1.018843e+00,1.065715e+01
80,2.073548e-18,2.067327e-15,1.405737e-05,-2.734826e-05,5.430652e-04,-1.913615e-01,-8.212516e-02,1.013640e+00
81,5.647978e-16,5.631034e-13,-8.501800e-06,4.481239e-05,5.252397e-04,-5.372116e-02,-5.714207e-01,7.655430e+00
82,4.465779e-17,4.452382e-14,6.669879e-06,-9.032381e-05,5.352397e-04,-1.363067e+00,-8.446759e-01,1.068020e+01
83,4.615050e-17,4.601205e-14,-1.219329e-04,1.072201e-05,5.252544e-04,-3.278303e-01,-2.957041e-01,8.957696e+00
84,3.298845e-18,3.288949e-15,-8.594725e-06,2.289045e-04,5.490324e-04,-3.651414e-02,3.722248e-03,7.400193e+00
86,8.620655e-18,8.594793e-15,-1.932195e-05,-3.994034e-05,5.002184e-04,4.906757e-02,-2.755684e+00,4.692687e+00
87,1.136547e-18,1.133137e-15,-1.483560e-05,7.108615e-05,5.065632e-04,-1.045896e-01,9.721613e-02,7.103215e-01
88,7.002916e-17,6.981907e-14,1.993417e-06,-8.971231e-05,5.072379e-04,8.052414e-01,5.654875e-01,6.810415e+00
89,4.572211e-18,4.558495e-15,-1.273450e-04,4.597298e-06,5.318789e-04,3.893648e-03,1.179462e+00,4.226486e+00
90,2.299345e-18,2.292447e-15,1.406412e-05,2.374999e-04,5.382820e-04,-1.922126e-01,1.400092e-01,3.020392e+00
92,4.549850e-17,4.536200e-14,1.835100e-07,-2.711809e-05,5.097316e-04,-1.038260e+00,8.328216e-01,4.584109e+00
93,5.194381e-18,5.178797e-15,-2.345672e-06,7.265639e-05,5.023252e-04,4.614141e-02,-6.659642e-03,2.005324e-01
94,4.550203e-17,4.536552e-14,4.609759e-06,-9.990824e-05,5.157273e-04,-5.716112e-01,-1.355259e+00,7.528141e+00
95,3.641793e-16,3.630868e-13,-1.334522e-04,-3.433743e-06,5.393736e-04,4.156301e-01,1.856471e-01,9.014822e+00
96,2.431077e-18,2.423784e-15,1.328993e-05,2.496115e-04,5.435505e-04,1.114328e+00,7.032020e-02,4.472361e+00
98,1.825956e-17,1.820478e-14,9.010866e-06,-2.502547e-05,5.195723e-04,1.189455e+00,1.033642e+00,1.761698e+01
99,2.050395e-18,2.044244e-15,3.900561e-06,5.859773e-05,5.205520e-04,8.359794e-02,-4.841593e-02,2.818273e+00
100,1.281731e-17,1.277886e-14,-5.045190e-06,-9.658298e-05,5.164491e-04,3.819448e-01,3.855954e-02,7.190834e+00
101,7.250611e-17,7.228859e-14,-1.361115e-04,1.630154e-05,5.356779e-04,3.390400e-02,5.798197e-01,1.147467e+01
102,4.228126e-18,4.215442e-15,-9.376789e-06,2.328198e-04,5.357168e-04,2.525949e-02,-5.872365e-01,5.237774e+00
104,7.133392e-17,7.111992e-14,-4.800793e-06,-5.134175e-05,5.263848e-04,-4.064799e-01,4.821355e-01,5.154415e+00
105,6.415160e-18,6.395914e-15,2.353527e-06,4.181967e-05,5.340990e-04,2.060477e-01,1.269516e-01,3.960268e+00
106,4.134066e-18,4.121663e-15,1.562558e-05,-9.609462e-05,5.491036e-04,-1.949265e-02,1.649778e-02,6.253489e+00
107,7.314401e-18,7.292458e-15,-1.240498e-04,2.175726e-05,5.231789e-04,-8.002779e-01,-2.249627e-01,-8.381976e-01
108,2.484731e-17,2.477277e-14,1.248450e-05,2.227096e-04,5.480874e-04,1.029891e-01,2.204640e+00,2.583843e+01
110,1.083992e-16,1.080740e-13,-5.947570e-06,-4.156561e-05,5.099262e-04,-5.406800e-01,6.116950e-01,4.305001e+00
111,3.321206e-18,3.311243e-15,1.560999e-05,7.187075e-05,5.130522e-04,-6.184354e-01,3.401765e-02,6.503919e+00
112,2.590014e-18,2.582244e-15,1.014784e-05,-9.765608e-05,5.076307e-04,-1.589460e-03,-7.001920e-02,1.477761e+00
113,7.838903e-18,7.815387e-15,-1.217802e-04,-5.469648e-06,5.268608e-04,4.050324e-01,8.331523e-02,6.647333e+00
114,5.504850e-18,5.488335e-15,-1.230164e-07,2.195321e-04,5.492776e-04,-2.208330e-01,5.270785e-02,2.045723e+01
118,5.729614e-18,5.712425e-15,-9.152992e-06,-8.984351e-05,5.326656e-04,-1.632919e-01,1.512530e-03,6.554327e+00
119,3.355082e-18,3.345017e-15,-1.179396e-04,1.588182e-06,5.189067e-04,3.214741e-02,1.081196e-02,4.690328e+00
120,2.249880e-19,2.243130e-16,1.836661e-05,2.308639e-04,5.384997e-04,2.215264e-01,2.785328e-01,5.053820e+00
122,3.946072e-17,3.934234e-14,7.612492e-06,-4.832360e-05,5.488457e-04,-1.697143e+00,-2.182088e+00,1.452145e+01
123,9.238797e-17,9.211081e-14,-1.726497e-06,4.778122e-05,5.266854e-04,6.419104e-02,1.591723e+00,9.139407e+00
124,2.148232e-18,2.141787e-15,-4.745871e-06,-9.067778e-05,5.047115e-04,-1.036935e-01,-8.563852e-02,7.458144e+00
125,1.923203e-16,1.917433e-13,-1.191678e-04,-8.926963e-06,5.251765e-04,-1.163850e-02,-3.407830e-01,4.339352e+00
126,8.754962e-18,8.728697e-15,1.099961e-08,2.195362e-04,5.394470e-04,-1.175961e-01,-5.015067e-03,1.732385e+01
128,2.762837e-17,2.754548e-14,-1.166739e-05,-6.010292e-05,5.236520e-04,3.388625e-02,2.729924e+00,1.665436e+01
129,4.148638e-18,4.136192e-15,4.692365e-06,3.515072e-05,5.383177e-04,-3.087551e-02,1.858090e-02,1.071551e+01
130,1.053300e-18,1.050141e-15,5.470332e-06,-9.765675e-05,5.369493e-04,-2.510654e-02,1.421012e-01,6.381458e+00
131,8.452516e-18,8.427159e-15,-1.398434e-04,4.689298e-06,5.466127e-04,-1.305987e-02,-2.194886e-03,1.596315e+01
132,1.985154e-17,1.979199e-14,-1.462298e-05,2.249301e-04,5.362502e-04,6.288041e-01,-1.959923e+00,1.046175e+01
134,6.637684e-18,6.617771e-15,-1.172294e-05,-5.889669e-05,5.190032e-04,-2.557162e-01,8.046913e+00,1.722959e+01
135,4.678331e-18,4.664296e-15,4.686330e-06,3.515016e-05,5.462142e-04,-2.287842e-01,6.401615e-02,1.284376e+01
137,9.874551e-17,9.844928e-14,-1.106306e-04,2.073761e-06,5.144616e-04,7.711650e-01,-4.978559e-01,7.081753e+00
138,2.165313e-19,2.158817e-16,1.758635e-05,2.300815e-04,5.384949e-04,2.343142e-01,2.002879e-01,5.024607e+00
140,1.511279e-16,1.506745e-13,2.833648e-06,-6.339697e-05,5.472969e-04,-1.026439e+00,-1.024625e+00,1.193354e+01
141,1.606569e-17,1.601749e-14,-1.474979e-05,6.864610e-05,4.993695e-04,4.898170e-02,2.937393e+00,6.392066e+00
143,4.470925e-18,4.457512e-15,-1.262676e-04,2.342286e-06,5.212670e-04,4.501262e-01,7.437906e-02,5.512543e+00
144,7.949435e-18,7.925586e-15,2.439397e-06,2.252424e-04,5.333264e-04,-2.937329e-01,-3.534344e+00,1.951045e+01
146,5.839335e-18,5.821817e-15,-5.468094e-06,-3.595319e-05,5.011314e-04,-2.633026e-02,6.069502e-01,-4.234047e-02
148,7.737339e-18,7.714127e-15,-1.046195e-05,-9.453375e-05,5.103537e-04,3.826326e-01,-6.112125e-02,6.020867e+00
149,1.931166e-17,1.925373e-14,-9.903898e-05,2.048503e-05,5.017496e-04,-1.319036e+00,4.780218e-01,7.243127e+00
150,3.365297e-18,3.355201e-15,-3.905816e-06,2.398430e-04,5.239885e-04,-2.298376e-01,-2.463431e-03,1.772865e+00
152,5.259793e-17,5.244014e-14,9.874384e-06,-1.815844e-05,5.190623e-04,1.772897e-01,4.022908e-01,4.119285e+00
153,3.647717e-18,3.636774e-15,4.682135e-06,4.694694e-05,5.237574e-04,4.528621e-02,9.266990e-01,7.752797e+00
154,2.829625e-18,2.821136e-15,-1.480936e-05,-9.218640e-05,5.228685e-04,5.054511e-02,1.091653e-01,8.710292e+00
155,3.782632e-18,3.771284e-15,-1.453082e-04,2.344505e-06,5.383725e-04,2.530753e-02,9.154810e-03,5.868820e+00
156,2.605045e-18,2.597230e-15,1.650833e-05,2.227578e-04,5.376698e-04,6.878633e-01,6.416497e-01,1.839073e+00
158,1.436544e-17,1.432234e-14,-8.256902e-06,-5.740972e-05,5.291106e-04,-1.445675e+00,1.027080e+00,9.617173e+00
159,2.558989e-17,2.551312e-14,-1.723239e-05,6.324350e-05,4.950253e-04,4.707909e-02,1.763060e+00,8.138117e+00
160,2.411178e-16,2.403945e-13,-1.245586e-06,-1.040898e-04,5.361054e-04,-8.373852e-02,-2.751371e-01,7.414536e+00
161,5.559752e-18,5.543072e-15,-1.343491e-04,1.560811e-05,5.317176e-04,6.593420e-02,2.338826e-01,2.003544e+01
162,4.871512e-18,4.856898e-15,1.255158e-05,2.202971e-04,5.356932e-04,-3.182284e+00,3.434500e-01,1.083165e+01
164,1.867462e-18,1.861859e-15,-2.460947e-05,-4.453263e-05,4.976970e-04,-1.220218e-02,3.728990e-02,3.490308e+00
165,4.817647e-18,4.803194e-15,4.393203e-06,8.831987e-05,4.947108e-04,3.223856e-01,1.649845e+00,3.167212e+00
166,1.639544e-16,1.634625e-13,7.347069e-06,-1.177936e-04,5.275446e-04,-1.625829e-01,-7.270155e-02,5.391320e+00
167,2.317423e-18,2.310471e-15,-1.078139e-04,-1.796958e-05,5.152734e-04,1.298545e-01,-1.636878e-01,-5.912596e-01
168,1.493320e-16,1.488840e-13,1.187995e-05,2.153928e-04,5.391245e-04,1.167484e+00,-7.893155e-02,5.767462e+00
170,4.900476e-18,4.885774e-15,-1.250436e-05,-4.219347e-05,5.028013e-04,7.413616e-02,-7.005525e-02,6.303795e+00
171,2.298689e-18,2.291793e-15,5.368365e-06,7.733924e-05,5.020949e-04,-3.537461e-02,-8.354456e-01,1.431842e+01
172,9.901013e-17,9.871310e-14,-1.570768e-05,-9.443651e-05,5.354507e-04,1.208619e-01,-1.076781e-01,9.304853e+00
173,4.042048e-18,4.029922e-15,-1.054438e-04,-3.909729e-06,5.118954e-04,5.375251e-01,-8.151754e-02,5.042205e+00
174,3.007892e-16,2.998868e-13,5.320941e-07,2.303761e-04,5.219043e-04,-6.793732e-01,3.608611e-01,7.897620e+00
176,2.498432e-18,2.490937e-15,7.024850e-06,-4.452646e-05,5.205436e-04,3.277117e-02,-4.205694e-02,2.576689e+00
177,1.003613e-18,1.000602e-15,-7.038692e-06,5.390973e-05,5.118442e-04,9.632531e-02,-1.446761e-01,-9.979261e-01
179,1.352600e-17,1.348542e-14,-1.117218e-04,1.108593e-05,5.065952e-04,2.164320e+00,-9.674186e-03,4.226157e+00
180,1.564998e-17,1.560303e-14,2.198125e-06,2.265627e-04,5.231502e-04,7.662625e-03,5.796179e-02,2.035654e+01
182,2.974548e-18,2.965624e-15,7.825756e-06,-3.827746e-05,5.352357e-04,3.448198e-01,6.586443e-02,5.826246e+00
184,2.045070e-17,2.038935e-14,9.549979e-06,-1.149526e-04,5.144955e-04,-9.085009e-01,1.526846e+00,1.451227e+01
185,3.339879e-18,3.329859e-15,-1.133605e-04,1.330244e-05,5.043492e-04,6.177159e-02,9.038463e-01,6.861506e+00
186,7.343842e-17,7.321810e-14,-1.289767e-05,2.286271e-04,5.335906e-04,2.193275e-01,2.973981e-01,8.742686e+00
188,2.134630e-19,2.128226e-16,-7.429452e-06,-7.226360e-05,5.440920e-04,1.044794e-01,-1.061465e-01,-4.349549e-01
189,4.034184e-18,4.022082e-15,1.548617e-05,7.187962e-05,5.038353e-04,1.120348e+00,1.580725e-01,5.130808e+00
190,2.312568e-18,2.305630e-15,5.461757e-06,-9.765804e-05,5.068599e-04,4.238286e-02,-3.987997e-03,5.266489e+00
191,1.255953e-18,1.252185e-15,-1.452315e-04,2.270183e-06,5.434624e-04,6.542754e-02,1.837298e-02,2.816969e+00
192,1.700915e-17,1.695812e-14,9.906943e-06,2.245251e-04,5.280493e-04,1.894678e+00,4.507663e-02,9.132323e+00
194,5.437155e-18,5.420843e-15,-1.250403e-05,-4.218620e-05,4.964639e-04,-1.738892e-01,4.837575e-01,4.627658e+00
195,3.576068e-18,3.565340e-15,1.131653e-05,3.555456e-05,5.497830e-04,7.982198e-01,-5.031734e-01,1.889973e+01
196,2.031764e-18,2.025668e-15,-9.375685e-06,-8.984680e-05,5.417275e-04,-1.720434e-01,1.228408e-01,2.590679e+00
197,1.832278e-17,1.826781e-14,-1.303485e-04,-3.370394e-06,5.258528e-04,-8.734724e-01,-9.831645e-01,7.089022e+00
198,5.459433e-17,5.443055e-14,-6.984548e-06,2.159101e-04,5.230440e-04,-1.443699e+00,5.800541e-01,9.921707e+00
200,1.135822e-18,1.132415e-15,1.330496e-05,-3.905305e-05,5.232177e-04,4.127154e-03,3.072413e-01,5.784797e+00
201,1.425249e-18,1.420973e-15,-2.343581e-06,6.484772e-05,4.925655e-04,-7.211699e-02,-9.380427e-02,-9.898498e-01
202,2.345204e-17,2.338169e-14,-1.290577e-05,-9.657276e-05,5.068621e-04,5.970310e-01,1.741901e+00,6.741014e+00
203,4.280705e-18,4.267863e-15,-1.437512e-04,-2.150331e-06,5.355274e-04,3.271454e-02,-7.861889e-01,8.242103e+00
204,4.710967e-18,4.696834e-15,-1.405574e-05,2.343677e-04,5.217875e-04,9.606873e-02,3.929468e-01,7.458877e+00
206,3.053671e-17,3.044510e-14,-1.690092e-05,-5.069987e-05,4.977278e-04,-3.724707e-01,1.789576e+00,7.117479e+00
207,2.548713e-19,2.541067e-16,1.679690e-05,8.632941e-05,4.941683e-04,7.957886e-02,1.272849e-01,9.441765e-01
208,9.613589e-17,9.584749e-14,-1.485206e-05,-1.030206e-04,5.123044e-04,-2.249373e-03,-5.002456e-01,4.853384e+00
209,4.426822e-18,4.413542e-15,-1.453140e-04,2.342303e-06,5.334046e-04,5.342432e-02,-5.088557e-02,6.554074e+00
210,3.145749e-18,3.136311e-15,-6.249606e-06,2.218711e-04,5.190210e-04,-7.960971e-02,4.855160e-03,4.382024e+00
213,2.881408e-18,2.872764e-15,1.640838e-05,2.501325e-05,5.466192e-04,1.617883e-01,2.830435e-01,9.463923e+00
214,3.188622e-17,3.179056e-14,1.432657e-05,-1.228845e-04,5.488278e-04,1.528735e+00,5.232649e-01,9.777003e+00
215,4.538486e-18,4.524870e-15,-1.570329e-04,1.718672e-05,5.484805e-04,1.095950e-02,-1.692512e-01,9.218802e+00
216,6.373723e-18,6.354602e-15,8.090936e-07,2.195260e-04,5.246579e-04,7.130252e-01,-4.186793e-01,1.271392e+01
218,1.005264e-17,1.002248e-14,1.583912e-05,-3.922392e-05,5.470199e-04,-5.210701e-01,3.437606e-02,1.319153e+01
219,1.062006e-18,1.058820e-15,-2.263865e-05,4.454692e-05,5.019861e-04,5.517752e-01,-7.664676e-01,-8.651625e-01
220,2.021894e-18,2.015828e-15,6.825019e-06,-1.256666e-04,5.330192e-04,-2.057389e+00,4.761892e-01,1.589741e+01
221,7.713327e-18,7.690187e-15,-1.453287e-04,-3.936927e-06,5.491033e-04,-1.851432e-01,-2.418697e-02,1.023775e+01
222,1.268250e-16,1.264445e-13,-2.007749e-06,2.336502e-04,5.114932e-04,5.654254e-01,-2.965080e-01,8.835939e+00
224,1.035648e-17,1.032541e-14,3.858846e-06,-3.278486e-05,5.024287e-04,5.115746e-01,1.844724e+00,2.126074e+00
225,3.032809e-18,3.023710e-15,1.325934e-05,6.094814e-05,5.092249e-04,-4.328689e-02,-1.340744e-01,8.769599e+00
226,5.902775e-18,5.885067e-15,7.030325e-06,-1.195325e-04,5.433978e-04,3.680141e-02,-6.336643e-02,6.183960e+00
227,1.966515e-18,1.960616e-15,-1.265754e-04,-1.785874e-05,5.300871e-04,1.470697e-01,1.258408e+00,-3.671415e-01
228,9.255976e-19,9.228208e-16,-1.796807e-05,2.070344e-04,5.399104e-04,-5.509961e-02,1.088802e-02,-4.745084e-02
230,1.611425e-17,1.606591e-14,1.985605e-06,-1.938121e-05,5.034843e-04,-5.429865e-01,2.571550e-01,2.349786e+01
231,3.836164e-17,3.824656e-14,-2.563892e-06,1.544896e-05,5.382891e-04,-4.768032e-01,1.208217e+00,6.544205e+00
233,3.791131e-18,3.779758e-15,-1.335582e-04,1.526241e-06,5.257103e-04,-1.540038e-01,-8.270024e-01,1.032149e+01
234,6.981472e-18,6.960528e-15,-1.251444e-05,2.024432e-04,5.475186e-04,2.849526e-01,4.858762e-01,9.889359e+00
236,5.884227e-17,5.866575e-14,6.749574e-06,-2.658095e-05,5.057914e-04,-1.608215e+00,2.490278e-02,1.302260e+01
237,2.276652e-18,2.269822e-15,-1.875420e-05,1.563287e-05,5.430199e-04,-1.263021e-01,2.756365e-01,3.570930e-01
238,2.733172e-17,2.724973e-14,-7.796408e-07,-1.154080e-04,5.428689e-04,-7.471791e-01,-2.227229e-02,7.214753e+00
239,1.222726e-18,1.219058e-15,-1.398461e-04,4.689817e-06,5.276728e-04,9.705915e-02,1.644946e-02,5.949345e+00
240,1.210893e-16,1.207260e-13,1.821702e-06,2.301717e-04,5.141923e-04,2.194886e-01,-1.746796e+00,1.301396e+01
242,2.644123e-18,2.636191e-15,1.170190e-05,-4.218855e-05,5.236013e-04,3.550403e-01,1.233526e-01,4.656158e+00
243,4.033897e-18,4.021795e-15,1.466615e-07,5.937386e-05,4.913384e-04,7.660227e-01,-3.575848e-02,-2.352102e-01
244,5.784825e-17,5.767471e-14,2.656262e-06,-1.250196e-04,5.340074e-04,-6.082524e-01,1.813150e-01,1.206981e+01
245,1.170697e-18,1.167185e-15,-1.523291e-04,1.562954e-05,5.356646e-04,-1.716192e-01,2.106866e-02,2.930032e+00
246,4.039211e-18,4.027094e-15,2.032124e-05,2.210947e-04,5.320126e-04,7.211169e-01,-4.001244e-02,7.151363e+00
248,1.147272e-18,1.143831e-15,-1.094491e-05,-5.467407e-05,5.034818e-04,-1.053547e-01,7.812433e-02,6.242275e+00
249,4.377299e-18,4.364167e-15,-1.092442e-05,5.861257e-05,4.934242e-04,-1.837939e-01,-2.288767e-01,7.094159e-02
250,4.738742e-18,4.724525e-15,-3.903908e-06,-1.257807e-04,5.246941e-04,-1.468339e-01,8.695868e-03,1.965147e+01
251,3.968636e-18,3.956730e-15,-1.039013e-04,1.015585e-05,5.019949e-04,-8.134263e-02,-7.806750e-02,2.259117e-01
252,4.191665e-18,4.179090e-15,2.148529e-05,2.495648e-04,5.207538e-04,9.246119e-01,3.525738e-02,4.709013e+00
254,4.343562e-18,4.330531e-15,-1.331015e-05,-6.462612e-05,5.122764e-04,-8.804785e-01,3.067120e+00,3.692916e+00
255,2.321761e-18,2.314796e-15,2.460952e-05,7.812494e-05,4.888536e-04,8.068194e-02,-5.473526e-04,3.519086e+00
256,5.191656e-17,5.176081e-14,-6.739625e-06,-1.018352e-04,5.457853e-04,2.961984e-01,5.577240e-02,5.468016e+00
257,6.372428e-17,6.353311e-14,-9.906612e-05,1.997678e-06,5.061533e-04,2.260538e-01,1.325697e+00,1.318567e+01
258,1.177954e-17,1.174420e-14,-1.056966e-05,2.024940e-04,5.353894e-04,2.563701e-01,4.905563e-01,7.582824e+00
260,1.239711e-18,1.235992e-15,-1.171426e-05,-6.210871e-05,5.169189e-04,9.690981e-01,5.373911e+00,1.396499e+01
261,1.463641e-17,1.459250e-14,-1.702645e-05,4.595397e-05,4.960712e-04,-9.522067e-02,-6.005658e+00,3.214036e+01
262,2.599007e-17,2.591210e-14,-7.018002e-06,-1.115125e-04,5.379934e-04,9.071095e-01,-1.054425e+00,5.600402e+00
263,2.304919e-18,2.298004e-15,-1.054631e-04,2.346179e-06,5.098772e-04,4.833753e-02,1.186174e-01,3.947648e+00
264,1.434891e-18,1.430587e-15,-6.251208e-06,1.992177e-04,5.390660e-04,-6.745542e-02,-5.807443e-03,5.797130e+00
266,4.411570e-18,4.398336e-15,-1.173046e-05,-6.562266e-05,5.306466e-04,-2.870588e-01,-8.440496e-02,9.168844e+00
267,5.320823e-19,5.304860e-16,-2.460955e-05,3.671164e-05,5.027752e-04,-1.179681e-01,-7.191001e-01,5.290335e+00
268,4.494752e-17,4.481268e-14,1.705055e-05,-1.420782e-04,5.126082e-04,1.224550e+00,5.698866e-01,2.019038e+00
269,2.742955e-18,2.734726e-15,-1.281240e-04,-1.563331e-05,5.353848e-04,-2.337633e-01,2.618895e-01,5.199749e+00
270,1.995995e-16,1.990007e-13,1.153637e-05,2.067612e-04,5.317589e-04,1.965687e-01,-2.924720e-01,4.428194e+00
272,8.667222e-17,8.641220e-14,-5.534313e-06,-6.514936e-05,5.252507e-04,1.880481e-01,-8.349579e-01,1.032639e+01
273,9.037472e-19,9.010360e-16,4.519001e-06,7.801752e-05,4.917898e-04,4.137494e-01,1.760679e-01,1.445156e+01
274,1.616746e-17,1.611896e-14,-9.224991e-06,-1.164825e-04,5.134503e-04,1.349179e+00,6.497021e-01,3.325034e+00
275,4.348304e-18,4.335259e-15,-1.226591e-04,1.406351e-05,4.957205e-04,-9.945895e-02,-1.035863e-01,1.593103e+00
276,3.759623e-17,3.748345e-14,9.660139e-06,2.067553e-04,5.425040e-04,-1.950098e-01,-3.724385e-01,8.511763e+00
279,1.236889e-17,1.233179e-14,2.426728e-05,6.175119e-05,4.982141e-04,4.803475e-03,3.542663e-02,1.707071e+00
280,1.603352e-18,1.598542e-15,3.888705e-06,-1.522144e-04,5.256620e-04,-4.671503e-01,2.650942e-01,2.717811e+00
281,2.220070e-18,2.213409e-15,-1.312400e-04,-1.799489e-05,5.381115e-04,2.702647e-01,-5.272222e-01,-1.075112e+00
282,1.068647e-18,1.065441e-15,1.245637e-05,2.281093e-04,5.194157e-04,-5.657224e-01,-6.203403e-03,4.616756e+00
284,3.197350e-18,3.187757e-15,3.892347e-06,-3.203468e-05,4.975854e-04,-2.056988e+00,-6.227193e-02,2.114196e+00
285,3.012276e-18,3.003239e-15,4.679602e-06,4.921664e-05,5.007460e-04,-2.691462e-01,2.968901e-02,3.785827e+00
286,5.869280e-18,5.851672e-15,1.092389e-05,-1.179477e-04,4.975500e-04,3.611918e-02,-7.494703e-02,8.123616e+00
287,2.814784e-18,2.806340e-15,-1.343711e-04,1.562901e-05,5.199385e-04,1.256760e-02,3.627424e-02,1.307220e+01
288,1.493769e-17,1.489288e-14,9.726344e-06,2.114066e-04,5.332133e-04,-1.458694e-02,-7.323343e-01,5.632942e+00
290,3.064958e-17,3.055763e-14,2.106239e-05,-1.391534e-05,5.204215e-04,6.530461e-02,3.204922e-01,7.229328e+00
291,6.763455e-18,6.743164e-15,4.634292e-06,7.811349e-05,4.870940e-04,1.582808e-01,-2.134419e-02,1.010006e+01
292,2.353887e-18,2.346825e-15,-1.718867e-05,-1.179706e-04,5.265820e-04,2.766855e-02,-2.827163e-02,3.157989e+00
293,5.042500e-18,5.027373e-15,-1.187499e-04,-6.251749e-06,5.087565e-04,1.400888e-02,4.213503e-01,4.629612e+00
294,2.785871e-18,2.777514e-15,-1.404479e-05,2.179822e-04,5.228092e-04,3.818372e-01,2.278564e-01,3.127790e+00
296,4.782758e-18,4.768410e-15,7.818554e-06,-1.406020e-05,5.079263e-04,-8.211885e-02,-8.541697e-02,6.600111e+00
297,1.312104e-17,1.308168e-14,5.754186e-06,1.878186e-05,5.310913e-04,-2.398563e+00,-1.994671e+00,8.675451e+00
298,2.169568e-18,2.163060e-15,-1.251070e-05,-1.070333e-04,5.480712e-04,-1.315623e-01,3.630594e-02,7.395435e-02
299,7.966831e-19,7.942930e-16,-1.264174e-04,-1.261948e-05,5.262169e-04,1.420882e-01,1.594869e-01,2.052831e+00
300,2.735215e-18,2.727010e-15,1.092480e-05,2.171839e-04,5.257477e-04,-7.533247e-01,-3.617980e-01,1.744440e+01
302,1.207990e-17,1.204366e-14,1.404785e-06,-1.239364e-05,5.023940e-04,-8.879202e-02,2.376049e-02,9.867992e+00
303,2.774321e-17,2.765998e-14,-4.013242e-06,4.393758e-06,5.465944e-04,7.265855e-01,-5.729565e-01,9.478659e+00
304,5.320020e-18,5.304060e-15,-8.892263e-06,-1.221503e-04,5.179074e-04,-1.796958e-01,5.801601e-01,1.940017e+01
305,2.565677e-17,2.557980e-14,-1.047121e-04,1.645010e-05,4.935226e-04,2.370366e+00,1.858241e+00,1.569120e+01
306,4.736655e-18,4.722445e-15,6.659149e-06,2.390151e-04,5.082196e-04,5.570203e-01,4.081544e-02,7.561697e+00
308,9.609930e-18,9.581100e-15,5.663698e-06,-1.034101e-05,5.063756e-04,-1.614358e+00,-4.006357e-01,7.156093e+00
309,2.419976e-18,2.412716e-15,1.640789e-05,2.499516e-05,5.302262e-04,-6.326810e-02,-2.234599e-02,4.763103e+00
310,2.271442e-17,2.264628e-14,2.908863e-06,-1.081911e-04,4.983997e-04,-6.217390e+00,2.711475e+00,1.831488e+01
311,5.188681e-18,5.173115e-15,-1.407189e-04,1.992194e-05,5.192045e-04,-7.458680e-01,1.839159e-01,6.488934e+00
312,2.227498e-17,2.220815e-14,-1.958315e-05,2.186370e-04,5.207746e-04,3.663284e-01,2.012445e-01,6.447663e-01
314,4.808478e-17,4.794052e-14,1.255503e-05,-1.656363e-05,5.057101e-04,1.000717e+00,9.503811e-01,2.825834e+00
315,2.507536e-17,2.500013e-14,2.276084e-05,1.714526e-05,5.257584e-04,1.275453e-01,-2.666200e-01,8.101013e+00
316,9.052518e-19,9.025361e-16,1.328997e-05,-1.554667e-04,5.420159e-04,1.168180e-01,8.157597e-02,1.745836e+00
317,2.524890e-18,2.517316e-15,-1.570288e-04,1.408043e-05,5.395834e-04,-5.309693e-01,8.915402e-02,4.813678e+00
318,4.060664e-18,4.048482e-15,9.094277e-06,2.203447e-04,5.228663e-04,-2.621034e+00,-3.997210e-01,1.117781e+01
321,6.646577e-18,6.626638e-15,-1.303706e-05,3.856156e-05,5.038609e-04,-4.285294e-02,-2.320270e+00,4.770074e+00
322,9.490156e-19,9.461685e-16,1.327996e-05,-1.554597e-04,5.434345e-04,-4.446857e-02,2.289464e-03,3.336100e+00
323,2.616192e-17,2.608344e-14,-1.547168e-04,1.047637e-05,5.374118e-04,2.080836e+00,-1.785185e-01,1.588517e+01
324,3.687682e-18,3.676619e-15,1.403355e-05,2.452776e-04,5.036047e-04,-4.657566e-01,-3.797085e-03,2.790700e-01
326,1.206133e-18,1.202514e-15,-1.249921e-05,-4.139545e-05,4.769927e-04,1.157586e-01,-4.965426e-02,-7.291950e-01
327,1.250593e-18,1.246842e-15,-2.344157e-05,9.380132e-06,5.312164e-04,5.511587e-02,-7.732096e-02,7.566565e+00
328,3.983066e-18,3.971117e-15,3.124931e-06,-1.414109e-04,5.432697e-04,-3.296556e-01,-1.298512e-01,5.360148e+00
329,6.718088e-17,6.697934e-14,-1.465845e-04,4.839161e-06,5.249042e-04,9.987353e-01,-7.569737e-04,1.054773e+01
330,1.051057e-18,1.047904e-15,-7.930642e-07,2.390606e-04,5.057150e-04,2.255999e-01,3.589703e-02,8.553803e+00
332,3.005933e-18,2.996916e-15,1.952138e-05,-1.717433e-05,5.122471e-04,4.719246e-01,-5.259117e-01,8.115215e+00
333,2.495128e-17,2.487642e-14,-2.410942e-05,3.458966e-05,4.974251e-04,1.249945e-01,1.884052e-01,2.548547e+00
334,3.921024e-18,3.909261e-15,1.016825e-05,-1.562545e-04,5.362693e-04,5.863467e-02,-6.690802e-03,5.342315e+00
335,1.147965e-18,1.144522e-15,-1.398468e-04,4.684074e-06,5.209164e-04,1.074654e-02,4.406459e-02,6.364143e+00
336,8.175814e-17,8.151287e-14,-5.524747e-06,1.924581e-04,5.331896e-04,-1.099708e+00,5.177397e-01,7.334763e+00
338,2.351706e-18,2.344650e-15,-1.244795e-05,-4.838811e-05,4.780188e-04,6.211149e-02,1.136938e+00,9.683813e-01
339,1.435945e-16,1.431637e-13,8.137801e-06,4.946612e-05,4.945319e-04,-5.888685e-01,-7.223503e-01,5.256517e+00
340,8.446321e-18,8.420982e-15,1.719522e-05,-1.269498e-04,4.969251e-04,4.299051e-01,1.127946e+00,5.758124e-01
341,3.740553e-17,3.729331e-14,-1.277774e-04,3.389318e-06,5.027654e-04,1.080314e+00,-8.821619e-01,6.509867e+00
342,6.669153e-18,6.649145e-15,-1.064293e-05,2.359354e-04,5.033366e-04,-7.598446e-02,-2.431160e-01,3.457106e+00
344,3.272621e-17,3.262803e-14,-1.496459e-05,-5.909913e-05,4.898843e-04,2.335724e+00,-2.240597e+00,6.272509e+00
345,1.729782e-18,1.724593e-15,-2.350215e-06,6.027795e-05,4.876720e-04,2.154251e-02,-1.661524e-01,8.109555e-01
346,9.708712e-18,9.679586e-15,7.769310e-06,-1.257789e-04,5.026944e-04,-5.754985e-01,-2.987496e-05,6.628946e+00
347,5.333181e-18,5.317181e-15,-1.343392e-04,1.562364e-05,5.014326e-04,-4.127553e-01,-5.882717e-02,6.917407e+00
348,2.250265e-17,2.243514e-14,1.541349e-05,2.092414e-04,5.310085e-04,2.837327e-01,4.573945e-01,8.047947e+00
350,1.127161e-17,1.123780e-14,1.250376e-05,-2.384431e-05,5.043465e-04,3.166187e-01,3.648165e+00,5.951731e+00
351,2.334638e-18,2.327634e-15,-1.014696e-05,4.922178e-05,4.945423e-04,2.710539e-01,-5.998478e-02,1.050443e+01
352,1.083456e-16,1.080206e-13,7.413588e-06,-1.577565e-04,5.232039e-04,-4.230396e-01,-6.699401e-01,9.305045e+00
353,1.717730e-18,1.712577e-15,-1.115807e-04,1.653691e-05,4.928317e-04,1.384936e+00,-9.674865e-01,5.147763e+00
354,5.028566e-18,5.013480e-15,1.568444e-06,2.195324e-04,5.171538e-04,-3.810470e-01,6.220249e-01,1.209844e+01
356,8.564980e-18,8.539285e-15,7.171372e-06,-2.501172e-05,4.909972e-04,5.072746e-01,-1.691591e-01,8.342218e+00
357,5.084266e-19,5.069013e-16,1.174005e-05,9.726444e-05,4.832316e-04,8.484085e-02,-8.878505e-02,1.753835e+00
359,7.606961e-18,7.584140e-15,-1.429176e-04,-1.129993e-05,5.352868e-04,-8.128063e-01,5.045832e-01,8.730876e+00
360,7.059302e-18,7.038124e-15,-7.783813e-07,2.043187e-04,5.201278e-04,-2.611621e-01,-1.026985e+00,6.672819e+00
362,2.486966e-17,2.479505e-14,7.173967e-06,-2.981972e-05,4.872305e-04,-4.161476e-01,2.293132e-01,7.907901e+00
363,1.911000e-18,1.905267e-15,2.259685e-05,8.509667e-05,4.825944e-04,6.822880e-01,-9.697470e-01,9.359228e+00
364,2.083693e-18,2.077442e-15,-2.339317e-06,-1.335878e-04,5.197319e-04,-9.525225e-02,9.402415e-02,3.201722e+00
365,3.430875e-17,3.420582e-14,-1.274951e-04,-1.152608e-05,5.231942e-04,1.405932e-01,-7.727368e-01,6.606575e+00
366,9.564269e-18,9.535576e-15,-2.184155e-06,1.878773e-04,5.416291e-04,-5.973155e-02,1.707646e+00,5.601661e+00
368,1.204576e-17,1.200962e-14,2.425737e-05,-2.876597e-05,4.984611e-04,-2.376195e-02,-1.998610e-02,1.606738e+00
369,2.913878e-18,2.905137e-15,1.717316e-05,9.689395e-05,4.765457e-04,-1.477142e-01,-8.680804e-01,-2.005682e-02
370,4.263873e-18,4.251081e-15,9.375781e-06,-1.562453e-04,5.448112e-04,1.642953e-01,1.174373e-01,6.352081e+00
371,1.429648e-17,1.425359e-14,-9.881320e-05,7.494758e-06,4.995676e-04,-3.520591e-01,-1.676203e+00,1.842661e+00
372,5.841457e-17,5.823933e-14,2.381848e-05,2.325635e-04,4.974378e-04,-1.608773e-02,-8.057213e-02,7.636397e-01
374,3.139373e-18,3.129955e-15,-1.561836e-05,-6.562602e-05,4.976230e-04,-5.488881e-02,3.300694e-02,7.631837e-01
375,9.840722e-17,9.811200e-14,-6.531380e-06,7.733316e-05,4.801748e-04,-5.234068e-01,1.930514e+00,1.213058e+00
376,9.940721e-18,9.910899e-15,-3.905743e-06,-1.264983e-04,5.089706e-04,-2.284625e-02,3.462937e-01,1.333991e+01
377,2.194498e-17,2.187915e-14,-1.346906e-04,2.412885e-05,4.918346e-04,-8.190190e-03,4.073606e-02,1.440844e+00
378,3.100227e-18,3.090926e-15,-1.725565e-05,2.070256e-04,5.223840e-04,2.943725e-02,-9.403664e-02,1.682729e+00
380,4.319877e-18,4.306918e-15,-3.129151e-06,-6.327704e-05,5.049878e-04,-2.696464e-01,-3.783614e-02,5.525226e+00
381,5.169594e-18,5.154085e-15,1.153649e-05,4.061984e-05,5.057470e-04,-3.086259e-01,3.685093e-03,1.417813e+00
382,4.058555e-18,4.046379e-15,8.714459e-06,-1.390624e-04,5.056135e-04,-1.086945e+00,4.155895e-02,2.692666e+00
383,4.619681e-18,4.605822e-15,-1.476616e-04,-1.406551e-05,5.427256e-04,2.883963e-01,-4.472125e-01,1.041157e+01
384,2.685059e-18,2.677004e-15,7.847255e-06,2.171836e-04,5.160247e-04,-6.901618e-01,-2.017732e-01,1.422964e+01
386,3.743455e-18,3.732225e-15,2.102244e-05,-1.247924e-05,5.108233e-04,-3.005170e-01,1.294146e-02,5.067466e+00
387,4.571878e-18,4.558163e-15,2.713424e-06,2.188226e-05,5.166846e-04,1.383439e+00,5.035520e-04,3.418754e+00
388,8.715843e-17,8.689695e-14,2.365758e-05,-1.382878e-04,4.914883e-04,-8.721010e-03,-1.734028e-02,7.777321e-01
389,5.894031e-18,5.876349e-15,-1.272863e-04,-1.084289e-05,5.130818e-04,-1.377074e-01,8.662215e-01,3.980775e+00
390,1.036089e-18,1.032981e-15,3.915004e-07,2.286926e-04,5.114532e-04,-7.241205e-01,4.976734e-01,2.200662e+01
392,1.386294e-17,1.382135e-14,-1.391634e-05,-5.530998e-05,4.808860e-04,-2.584179e+00,6.520319e-01,1.892760e+00
393,8.381884e-19,8.356738e-16,2.208201e-06,9.155587e-05,4.785503e-04,-1.029807e+00,3.138124e+00,3.538673e+00
394,4.898719e-17,4.884022e-14,2.532700e-06,-1.413142e-04,5.121520e-04,-1.101534e-01,2.487421e-01,7.011164e+00
395,2.655041e-17,2.647076e-14,-1.255242e-04,-6.522540e-06,5.052716e-04,8.383327e-01,-1.518826e+00,5.139014e+00
396,4.734320e-17,4.720117e-14,-2.389714e-05,2.424260e-04,4.958791e-04,-3.793182e-02,-9.521441e-02,1.034345e+00
398,2.676675e-17,2.668645e-14,6.883791e-06,-3.830948e-05,4.853277e-04,1.249131e-01,3.921656e+00,1.094843e+01
399,1.404004e-17,1.399792e-14,1.811927e-05,5.818272e-05,4.925600e-04,-7.617862e-01,-2.183714e+00,5.086668e+00
400,6.341885e-17,6.322859e-14,-1.141698e-05,-1.475413e-04,5.270440e-04,-3.073631e+00,-2.070584e+00,8.823516e+00
401,2.849280e-18,2.840732e-15,-1.335953e-04,1.562170e-05,4.937885e-04,1.365973e+00,-3.024673e-01,5.002432e+00
402,5.653783e-18,5.636822e-15,3.122316e-06,1.882810e-04,5.457525e-04,3.033255e-02,-4.307913e-01,5.595506e+00
404,4.761765e-17,4.747480e-14,1.247948e-05,-4.025011e-05,4.956259e-04,-2.285284e-01,-2.050968e+00,5.213675e+00
405,1.106831e-17,1.103510e-14,-1.796323e-05,4.457236e-06,5.344220e-04,7.655087e-02,-3.832493e-01,1.001128e+01
406,4.272817e-18,4.259998e-15,3.132240e-06,-1.187545e-04,4.949049e-04,2.748574e-01,-4.512377e-02,1.439069e+00
408,6.659473e-18,6.639495e-15,1.875052e-05,2.207642e-04,5.079254e-04,-2.640548e-01,4.384447e-01,3.200752e+00
410,1.577596e-17,1.572863e-14,1.848306e-05,-2.442313e-05,4.980490e-04,-3.382065e-01,1.174472e+00,1.046585e+01
411,2.223198e-17,2.216528e-14,4.014840e-06,2.141501e-05,5.130146e-04,1.964818e+00,-1.678311e+00,4.430770e+00
412,9.152738e-17,9.125280e-14,-7.765943e-06,-1.114134e-04,5.017941e-04,5.892794e-02,1.250265e-01,2.876474e+00
413,7.926548e-18,7.902768e-15,-1.226646e-04,-1.566089e-05,5.107880e-04,1.577949e-01,3.645569e-01,2.075698e+01
414,3.028047e-17,3.018963e-14,-1.538122e-05,1.972711e-04,5.231860e-04,2.728566e-01,2.562862e-01,6.214365e+00
416,2.800397e-18,2.791995e-15,1.953557e-05,-1.718531e-05,5.014845e-04,-7.454485e-02,1.612930e-01,5.123547e+00
417,1.419970e-18,1.415710e-15,1.875054e-05,9.061129e-05,4.785550e-04,1.582795e-01,-1.437904e-01,2.481405e+00
418,3.398380e-18,3.388185e-15,4.663565e-06,-1.117323e-04,4.906491e-04,-4.172687e+00,1.484261e+00,1.408334e+01
419,2.667550e-18,2.659548e-15,-1.000537e-04,2.030928e-05,4.836783e-04,-7.936152e-01,-7.456476e-02,6.453075e+00
420,2.374084e-18,2.366962e-15,-8.592502e-06,2.289075e-04,5.054380e-04,-3.990111e-01,4.615784e-02,8.819787e+00
422,1.812933e-18,1.807494e-15,-1.167069e-05,-6.945592e-05,5.043488e-04,7.918416e-01,2.467292e-01,8.701715e+00
423,2.084987e-17,2.078732e-14,8.305322e-06,2.951265e-05,5.090471e-04,-6.432697e-01,1.477105e-01,4.243537e+00
424,3.573346e-18,3.562625e-15,-3.908621e-06,-1.351614e-04,5.132924e-04,2.996521e-02,4.351050e-02,4.431084e+00
425,4.321576e-18,4.308611e-15,-1.071235e-04,1.659132e-05,4.861183e-04,-1.652212e+00,-1.191830e+00,1.166916e+01
426,8.417415e-19,8.392163e-16,1.235266e-05,2.279826e-04,5.088055e-04,-1.757609e-01,2.083002e-01,2.790433e+00
428,2.262901e-18,2.256112e-15,1.176922e-05,-2.875800e-05,4.934545e-04,-5.376341e-01,-6.325351e-02,6.878641e+00
429,5.378624e-18,5.362489e-15,2.188761e-05,3.751970e-05,4.958395e-04,3.448908e-02,-2.010237e-01,7.079176e+00
430,2.737030e-18,2.728819e-15,-7.804117e-06,-1.304612e-04,5.272579e-04,7.818514e-02,-4.910275e-02,8.106216e+00
431,1.939221e-17,1.933403e-14,-1.038101e-04,2.148093e-05,4.782670e-04,-4.822752e-01,5.589317e-01,1.804211e+00
432,1.071109e-18,1.067895e-15,-2.339846e-06,2.148369e-04,5.095232e-04,-2.802239e-02,9.378012e-02,4.794683e+00
434,6.151965e-19,6.133509e-16,-5.860513e-06,-2.539090e-05,4.797168e-04,4.957309e-01,-1.341134e+00,9.303444e+00
435,2.589754e-17,2.581984e-14,-2.196199e-05,3.962512e-05,4.897714e-04,-8.723635e-01,-1.265399e+00,2.384521e+00
436,6.152565e-16,6.134107e-13,-3.303033e-06,-1.625501e-04,5.255189e-04,5.330616e-01,-3.632372e-01,5.047048e+00
437,1.389320e-17,1.385152e-14,-1.550509e-04,-2.186736e-05,5.450083e-04,-1.951381e-01,-2.459612e-01,4.476323e+00
438,1.031390e-17,1.028296e-14,1.576115e-06,2.195299e-04,5.071023e-04,6.102363e-02,-2.890012e-01,1.003111e+01
440,2.225568e-17,2.218891e-14,1.204718e-06,-3.816619e-05,4.767107e-04,2.286105e-01,3.897562e-01,2.206527e+00
441,1.850372e-18,1.844821e-15,-1.634046e-05,6.099855e-05,4.839116e-04,-1.223308e-02,-2.736779e-01,4.096614e+00
442,2.250344e-18,2.243593e-15,1.562367e-05,-1.718691e-04,5.338134e-04,2.828180e-02,-1.560069e-02,4.035087e+00
443,3.955975e-18,3.944107e-15,-1.476750e-04,-1.326256e-05,5.287162e-04,1.317148e-01,2.044366e-03,7.949162e+00
444,3.294774e-18,3.284889e-15,-7.816186e-07,2.078125e-04,5.114347e-04,3.383115e-01,7.937727e-02,8.327187e+00
446,5.400100e-17,5.383900e-14,-2.872398e-07,-5.277156e-05,4.890732e-04,-1.541977e+00,-3.971971e-01,5.551065e+00
447,2.918260e-18,2.909506e-15,1.640106e-05,6.485423e-05,4.812882e-04,-2.739362e-01,8.730272e-02,-1.009799e+00
448,7.028091e-17,7.007006e-14,-2.375078e-05,-1.196349e-04,4.934537e-04,-6.750435e-02,-1.413616e-02,7.679965e-01
449,3.277263e-17,3.267432e-14,-1.534888e-04,-7.332586e-07,5.250318e-04,-1.790653e-01,1.349337e+00,3.594266e+00
450,2.639618e-18,2.631699e-15,7.776792e-07,2.281333e-04,5.068879e-04,8.109808e-01,-3.055576e+00,1.657732e+01
452,1.340564e-17,1.336542e-14,-2.427360e-05,-6.735365e-05,4.843083e-04,2.752302e-03,-2.565209e-02,1.589014e+00
453,4.754089e-18,4.739827e-15,-6.249407e-06,5.547117e-05,4.815582e-04,4.272017e-01,7.389887e-02,2.309652e+00
454,1.265963e-16,1.262165e-13,-1.545088e-05,-1.178758e-04,4.968200e-04,-3.012270e-01,7.661489e-01,2.564959e+00
455,1.090695e-17,1.087423e-14,-1.335947e-04,1.554056e-05,4.868625e-04,3.938873e-01,-2.053265e-02,3.498521e+00
456,3.076817e-18,3.067587e-15,9.309916e-06,1.906285e-04,5.422515e-04,1.348646e-01,1.794658e-02,2.341872e+00
458,8.486206e-18,8.460747e-15,1.719144e-05,-5.351039e-05,5.020950e-04,-3.070530e-01,3.100922e+00,6.929784e+00
459,2.198286e-18,2.191691e-15,-5.454970e-06,6.075779e-05,4.733577e-04,1.785015e-01,2.113269e+00,-1.619397e+00
460,6.270758e-17,6.251945e-14,-1.497587e-05,-1.269584e-04,5.280790e-04,-2.044130e-01,1.053160e+00,9.293344e+00
461,2.231779e-18,2.225084e-15,-1.398344e-04,4.689772e-06,5.099352e-04,-2.076393e-01,1.430075e-02,6.038335e+00
462,1.618232e-17,1.613377e-14,-1.864328e-05,2.248426e-04,4.987062e-04,-1.535065e+00,2.481144e-01,4.471160e+00
464,2.813976e-18,2.805535e-15,7.942745e-06,-3.046262e-05,4.834483e-04,9.432365e-02,-1.542100e+00,1.033274e+01
465,4.169434e-18,4.156926e-15,-1.097444e-05,4.921155e-05,4.895477e-04,-1.890581e-01,-2.261518e-01,8.780323e+00
466,2.493688e-18,2.486207e-15,-1.174629e-05,-1.255253e-04,5.310554e-04,-5.079735e+00,1.587625e-01,2.104772e+01
467,2.960570e-18,2.951689e-15,-1.421743e-04,7.809601e-06,5.107329e-04,-7.284857e-02,4.252749e-01,5.944403e+00
470,4.614582e-18,4.600738e-15,6.250418e-06,-4.999955e-05,4.932260e-04,-3.908723e-02,3.906214e-01,3.219714e-01
471,5.784624e-18,5.767270e-15,2.522801e-06,9.192244e-05,4.734470e-04,-1.145283e+00,2.615423e+00,-3.823278e-01
472,2.561408e-18,2.553723e-15,7.815703e-06,-1.304804e-04,4.929442e-04,2.294349e-02,3.534738e-01,-1.550287e-01
473,3.001755e-18,2.992750e-15,-1.446283e-04,8.682959e-06,5.127047e-04,2.772629e-02,-2.166561e-01,5.385735e+00
474,1.259272e-18,1.255494e-15,-2.109447e-05,1.734351e-04,5.441842e-04,3.884074e-02,4.276705e-02,-2.770050e-01
478,4.427884e-18,4.414600e-15,-3.126426e-06,-1.265632e-04,5.033641e-04,2.147162e-02,3.787727e-01,1.144750e+01
479,8.782825e-17,8.756476e-14,-1.072337e-04,1.107807e-07,4.958441e-04,1.179555e-01,-2.086760e+00,3.440075e+00
480,3.225128e-18,3.215452e-15,1.641181e-05,2.496097e-04,4.929189e-04,9.930423e-04,-5.144737e-02,9.025200e+00
482,7.298401e-18,7.276506e-15,7.758509e-06,-2.486449e-05,4.804730e-04,-6.836969e-02,-8.892524e-01,5.752874e+00
483,1.066424e-16,1.063224e-13,-2.738147e-06,-2.374913e-06,5.408209e-04,2.793079e-01,2.458687e-01,7.955010e+00
484,3.347887e-18,3.337844e-15,1.014593e-05,-1.640621e-04,5.122873e-04,-1.316060e-01,-8.771900e-02,-4.638928e-01
485,4.685477e-18,4.671421e-15,-1.086168e-04,8.598536e-06,4.934834e-04,-1.383526e-02,-3.298143e-01,7.433837e-01
486,2.761196e-18,2.752912e-15,2.661378e-06,2.172998e-04,5.079133e-04,-2.478120e+00,1.285670e+00,1.082639e+01
488,1.508781e-18,1.504255e-15,-1.161478e-05,-6.568393e-05,4.916897e-04,5.110953e-01,1.725144e-01,5.826070e+00
489,5.763499e-17,5.746208e-14,7.142412e-06,3.649887e-05,5.026935e-04,-1.315686e+00,-6.204022e-01,6.178182e+00
490,2.865603e-18,2.857006e-15,7.819151e-07,-1.234366e-04,4.976809e-04,1.192830e-02,1.020209e-01,-3.153737e-01
491,3.008518e-18,2.999492e-15,-1.046483e-04,1.403140e-05,4.870442e-04,-2.626312e-01,-2.176335e-01,9.840970e+00
492,9.419548e-19,9.391289e-16,1.250446e-05,1.906397e-04,5.413453e-04,-3.635610e-02,1.398818e-01,4.138678e+00
494,9.493752e-18,9.465271e-15,-1.212836e-05,-7.125971e-05,4.954766e-04,3.896423e-01,-1.335457e+00,1.169768e+01
495,6.842108e-18,6.821582e-15,2.109074e-05,1.796655e-05,5.065254e-04,-2.570766e-02,-2.537550e-02,4.740716e+00
496,1.016673e-18,1.013623e-15,5.861997e-06,-1.116032e-04,4.845279e-04,-1.860519e+00,8.759500e-01,7.149008e+00
497,1.857717e-18,1.852144e-15,-1.046914e-04,1.404821e-05,4.894761e-04,-2.485010e-01,1.754874e-01,1.179072e+01
498,2.210309e-17,2.203678e-14,-1.019757e-05,2.331318e-04,4.959037e-04,1.186122e+00,-1.571513e-01,8.068504e+00
500,2.849992e-18,2.841442e-15,-1.332730e-05,-6.643487e-05,4.884387e-04,6.619221e-01,5.513189e-01,8.879027e+00
501,9.736677e-19,9.707467e-16,1.497836e-05,4.595442e-05,4.925940e-04,4.197945e-03,-1.021564e-01,-2.152890e+00
502,2.379209e-17,2.372072e-14,6.856996e-06,-1.066841e-04,4.783830e-04,2.589438e-01,-6.841054e-01,2.582244e+00
503,2.274786e-17,2.267961e-14,-1.516801e-04,1.627375e-05,5.146931e-04,-4.897604e-01,1.239281e+00,5.584290e+00
504,1.562867e-17,1.558178e-14,1.236929e-06,2.275770e-04,5.029329e-04,3.745013e-01,-4.327840e-01,1.487628e+01
506,2.062722e-18,2.056534e-15,-1.322899e-05,-6.958446e-05,4.907416e-04,-8.577332e-01,3.258483e-01,1.045642e+01
507,1.388800e-17,1.384634e-14,1.686992e-05,5.337771e-05,4.922139e-04,-1.482978e-01,1.137136e+00,1.223640e+01
509,1.441003e-18,1.436680e-15,-1.406184e-04,-9.372115e-06,5.172204e-04,-4.219269e-02,2.276099e-02,2.169304e+00
510,3.603782e-17,3.592971e-14,-1.220424e-05,1.747902e-04,5.451835e-04,-1.683976e+00,3.512604e+00,2.163038e+01
512,8.793395e-18,8.767014e-15,2.345865e-06,-1.245690e-05,4.890144e-04,-5.082890e-01,-2.299610e-01,5.532577e+00
513,3.612357e-18,3.601520e-15,2.187017e-05,2.344053e-06,5.355114e-04,3.168652e-01,4.925222e-02,3.946358e+00
514,4.953753e-19,4.938892e-16,-1.445610e-05,-1.046922e-04,4.879215e-04,-2.652591e-01,-1.957686e-01,1.169438e+00
515,9.623349e-19,9.594479e-16,-1.476638e-04,-1.328351e-05,5.247229e-04,8.312035e-02,9.638370e-02,5.907240e+00
516,1.812551e-16,1.807114e-13,1.612763e-05,1.958432e-04,5.220479e-04,3.623625e-01,4.569914e-01,6.241799e+00
518,1.474077e-16,1.469655e-13,1.145194e-05,9.289882e-07,4.891366e-04,-1.503524e+00,-1.923962e-01,7.442201e+00
519,1.588403e-17,1.583638e-14,-1.766613e-05,5.533045e-05,4.786776e-04,9.289907e-01,-4.308422e-01,1.238422e+00
520,5.447958e-18,5.431614e-15,-6.246724e-06,-1.234382e-04,5.064902e-04,-3.193087e-01,3.502684e-01,1.647885e+01
521,1.920432e-17,1.914670e-14,-1.690245e-04,1.738889e-05,5.324670e-04,-5.566444e-02,-7.070384e-01,3.350134e+00
522,2.809997e-17,2.801567e-14,2.088241e-05,2.296512e-04,4.950030e-04,1.624809e+00,1.302277e-01,3.460797e+00
524,3.101422e-18,3.092118e-15,-1.328328e-05,-6.408663e-05,4.789448e-04,-4.270867e-01,-5.964134e-02,3.210076e+00
525,6.685554e-19,6.665497e-16,-8.203071e-06,7.460946e-05,4.735338e-04,3.592142e-01,7.523145e-01,2.558102e-01
526,1.409328e-16,1.405100e-13,1.092791e-05,-1.760417e-04,5.452040e-04,-7.364541e-01,-1.222504e-01,9.470245e+00
527,6.861141e-17,6.840557e-14,-1.660347e-04,2.153078e-06,5.393384e-04,-2.178155e-01,7.689318e-01,8.491317e+00
528,2.178501e-17,2.171966e-14,1.703631e-05,2.462323e-04,4.840210e-04,-4.944532e-01,-2.446868e-01,6.972294e+00
530,3.327704e-17,3.317721e-14,9.503997e-06,-2.320199e-05,4.836251e-04,-2.386133e+00,-4.028439e-01,4.989723e+00
531,1.700014e-18,1.694914e-15,3.862384e-09,3.515944e-05,5.010845e-04,2.015199e-01,-8.408942e-02,9.120064e+00
532,7.996293e-17,7.972304e-14,1.654439e-05,-1.352932e-04,4.845651e-04,1.424521e+00,-5.937209e-01,8.486495e-01
533,5.397117e-18,5.380926e-15,-1.101137e-04,-1.241720e-05,4.977926e-04,-6.568691e-01,-1.001971e+00,9.779480e+00
534,1.399428e-17,1.395230e-14,9.534788e-06,2.366393e-04,4.917056e-04,-1.120960e+00,1.022387e-01,-6.979741e-01
536,2.513539e-17,2.505998e-14,9.987730e-06,-3.111767e-05,4.779186e-04,-1.081484e+00,-2.948311e-01,4.179761e+00
537,6.265348e-18,6.246552e-15,2.035216e-05,5.197564e-05,4.928293e-04,-1.923303e+00,1.265801e+00,1.120241e+01
538,1.790156e-18,1.784785e-15,7.704377e-06,-1.257860e-04,4.951241e-04,-6.742808e-02,4.304323e-02,6.186850e+00
540,1.418284e-17,1.414029e-14,-8.257331e-06,2.282810e-04,4.964702e-04,5.026648e-01,-4.729591e-01,6.256173e+00
542,3.410416e-18,3.400185e-15,1.952987e-05,-1.718320e-05,4.937350e-04,3.206992e-01,1.245875e-01,3.551026e+00
543,3.253062e-18,3.243303e-15,2.460954e-05,3.828131e-05,4.926460e-04,3.969496e-02,-7.381230e-02,3.189936e+00
544,4.780060e-17,4.765720e-14,3.196816e-06,-1.277958e-04,4.940124e-04,4.549374e-01,8.233056e-02,5.217998e+00
545,2.312664e-18,2.305726e-15,-9.149337e-05,-1.804822e-05,4.983836e-04,-1.013776e-01,-6.315569e-01,4.028716e+00
546,8.375041e-17,8.349916e-14,-1.570052e-05,1.776018e-04,5.213768e-04,3.348623e-01,-1.880449e-01,9.668274e+00
548,2.957547e-18,2.948675e-15,1.092469e-05,-6.095488e-05,5.031002e-04,-4.395017e-01,-6.277107e-01,1.031792e+01
549,1.719146e-16,1.713988e-13,1.363189e-05,8.817035e-06,5.251832e-04,-1.535071e+00,1.487037e-01,6.774671e+00
550,4.502728e-19,4.489220e-16,3.910338e-06,-1.675807e-04,5.319975e-04,-3.809290e-02,-4.371268e-01,4.412063e+00
551,4.426678e-18,4.413398e-15,-1.398385e-04,4.689596e-06,5.041152e-04,-2.012638e-01,-2.587185e-02,5.197533e+00
552,1.878977e-17,1.873340e-14,1.454536e-05,2.099489e-04,5.061460e-04,2.836534e-01,6.185832e-01,7.292065e+00
554,6.457778e-17,6.438405e-14,1.194363e-05,-1.489789e-05,4.936165e-04,5.758946e-01,1.085776e+00,4.787574e+00
555,3.697985e-19,3.686891e-16,-7.422059e-06,7.460957e-05,4.746483e-04,2.706217e-01,2.086352e+00,3.329189e+00
556,2.252253e-17,2.245496e-14,-1.119910e-05,-1.538521e-04,5.214265e-04,1.968479e+00,2.850989e-01,1.829587e+01
557,2.566379e-18,2.558680e-15,-1.289252e-04,-7.656226e-07,4.960674e-04,-6.927992e-01,-4.691757e-01,6.379982e+00
558,1.279730e-18,1.275890e-15,1.563462e-05,2.496095e-04,4.875795e-04,5.168863e-01,1.566011e-01,7.505788e+00
560,1.060133e-18,1.056952e-15,-7.044137e-06,-7.244393e-05,4.931735e-04,-4.089816e-01,-2.480710e-01,8.363888e-01
561,1.369869e-18,1.365759e-15,-8.984525e-06,7.475113e-05,4.714966e-04,-6.859218e-01,-7.540304e-01,-5.049292e+00
562,2.393304e-17,2.386125e-14,7.870699e-06,-1.524573e-04,5.040914e-04,-5.082186e-01,-2.445354e+00,2.311711e+00
563,4.899495e-17,4.884797e-14,-1.421606e-04,2.390532e-05,4.880069e-04,3.457794e-02,5.175389e-02,9.921902e-01
564,4.503610e-18,4.490100e-15,8.587085e-06,2.296906e-04,4.948034e-04,2.489969e-01,1.238421e-01,9.193978e-01
566,8.324742e-19,8.299768e-16,7.175179e-06,-3.945378e-05,4.814053e-04,-1.181772e-01,3.268182e+00,1.169345e+01
567,9.963715e-18,9.933824e-15,2.155646e-06,4.610236e-05,4.877083e-04,-3.774987e-01,-6.138532e-04,9.314166e-01
568,4.308523e-18,4.295597e-15,1.331923e-05,-1.595383e-04,5.052670e-04,-1.484164e+00,4.710302e-01,3.054053e+00
569,8.147393e-18,8.122951e-15,-1.507782e-04,1.173603e-05,5.061353e-04,2.964100e-01,-1.406120e+00,4.550829e+00
570,5.456203e-17,5.439835e-14,-7.050861e-06,1.910484e-04,5.167226e-04,-1.316824e+00,1.133862e+00,5.318133e+00
572,3.497729e-18,3.487236e-15,-1.011931e-05,-6.091124e-05,4.780489e-04,5.657383e-02,2.128066e-01,2.920055e+00
573,8.428109e-18,8.402825e-15,1.722685e-05,5.305350e-05,4.838622e-04,-1.074185e-02,8.184085e-01,8.435058e+00
574,1.229031e-16,1.225344e-13,1.248313e-05,-1.729943e-04,5.179930e-04,3.773772e-01,-2.299483e-01,6.333969e+00
575,9.146311e-18,9.118873e-15,-1.202668e-04,1.987961e-08,4.882270e-04,3.123612e-01,-3.988125e-03,7.258286e+00
576,1.034140e-17,1.031038e-14,-1.625005e-05,2.360534e-04,4.863746e-04,-3.101973e-01,2.826302e-01,9.914886e-01
578,1.218481e-17,1.214826e-14,2.426250e-05,-5.694119e-05,4.967171e-04,2.444339e-04,1.258763e-03,1.633054e+00
579,3.799373e-18,3.787974e-15,3.122244e-06,1.564905e-06,5.289387e-04,-3.354716e-02,6.680086e-03,3.442941e-01
580,2.179215e-17,2.172677e-14,1.518576e-06,-1.185947e-04,4.912038e-04,2.076126e+00,-1.906795e+00,8.361916e+00
581,2.393471e-18,2.386291e-15,-1.132692e-04,1.796529e-05,4.781821e-04,2.739872e-01,4.128660e-01,2.543805e+00
582,3.872064e-17,3.860448e-14,-2.106340e-06,1.734925e-04,5.488163e-04,-5.841194e-01,6.216206e-01,1.026509e+01
584,4.312666e-18,4.299728e-15,1.099519e-05,-2.182559e-05,4.864282e-04,5.990231e-01,4.539024e-01,-2.262858e+00
585,3.724975e-18,3.713800e-15,5.467897e-06,8.593038e-06,5.207931e-04,-1.304442e-02,-6.797581e-03,1.131906e+00
586,3.118044e-18,3.108690e-15,1.093445e-05,-1.210962e-04,4.820564e-04,-4.458155e-01,-1.343613e+00,2.789212e+00
587,1.824493e-17,1.819019e-14,-1.758373e-04,4.724265e-06,5.490745e-04,-3.025563e-01,9.381820e-01,1.034229e+01
588,3.435639e-17,3.425332e-14,1.369027e-05,2.011690e-04,5.142855e-04,1.342004e+00,-1.268304e-01,5.569236e+00
590,3.386997e-18,3.376836e-15,-1.166821e-05,-7.271623e-05,4.862522e-04,-5.611475e-02,-7.504307e-03,5.302228e+00
591,3.860868e-18,3.849285e-15,1.016167e-05,2.890424e-05,4.964028e-04,2.260872e-02,-5.673048e-03,1.798281e+00
592,2.622639e-18,2.614771e-15,6.641603e-06,-1.116597e-04,4.802115e-04,-1.075434e+00,-4.195801e-01,5.066368e+00
593,7.690215e-18,7.667145e-15,-9.263651e-05,-1.402143e-05,4.966431e-04,3.156266e-01,-9.639929e-01,6.525769e+00
594,3.555410e-18,3.544744e-15,1.250463e-05,2.265677e-04,4.953068e-04,1.282232e-01,9.768095e-01,2.039664e+00
596,1.524810e-17,1.520236e-14,-1.281195e-05,-7.031083e-05,4.767977e-04,-8.019043e-01,6.432329e-03,1.904117e+00
598,5.072079e-18,5.056863e-15,-1.552749e-05,-1.335926e-04,5.298958e-04,-8.526707e-02,-3.072580e-02,4.852158e+00
599,5.148123e-18,5.132678e-15,-1.233851e-04,-1.596300e-06,4.887513e-04,-1.647855e-01,-9.508049e-02,2.682855e+00
600,1.616302e-16,1.611453e-13,-1.357299e-05,2.022769e-04,5.074845e-04,-9.323364e-02,-8.690172e-01,9.636029e+00
602,2.866629e-18,2.858029e-15,1.874912e-05,-2.811403e-05,4.812231e-04,1.189451e-01,5.698197e-01,3.181797e+00
603,9.263911e-17,9.236119e-14,-6.799207e-06,2.467379e-05,4.915153e-04,-1.247360e-01,-4.966045e-01,4.385537e+00
604,7.399934e-17,7.377734e-14,-8.456107e-06,-1.428317e-04,5.147641e-04,1.768469e+00,-1.114956e+00,1.136835e+01
605,5.140572e-18,5.125151e-15,-1.093597e-04,1.407121e-05,4.839731e-04,5.712110e-02,3.864791e-01,4.224971e+00
606,3.810748e-18,3.799316e-15,-2.341486e-06,2.148443e-04,5.026714e-04,8.720220e-03,2.047399e-02,5.444582e+00
608,2.117554e-17,2.111202e-14,1.825607e-05,-5.405427e-05,4.859761e-04,-1.258121e-01,4.663889e-02,3.172773e+00
609,5.690263e-19,5.673192e-16,-1.679673e-05,6.914065e-05,4.710818e-04,9.464444e-01,-8.956198e-01,-4.712194e+00
610,5.207517e-17,5.191894e-14,1.288095e-05,-1.552248e-04,4.947680e-04,7.409775e-01,-1.559161e+00,2.566099e+00
611,4.559447e-18,4.545769e-15,-1.570100e-04,1.717860e-05,5.187718e-04,-2.047604e-01,-3.292360e-01,6.615834e+00
612,3.867918e-18,3.856315e-15,-8.307370e-07,2.265963e-04,4.963495e-04,-2.018827e+00,1.075456e+00,7.833980e+00
614,1.118339e-17,1.114984e-14,1.136936e-05,-6.041504e-05,4.941726e-04,5.862970e-01,-5.507030e-02,7.822348e+00
615,3.794489e-17,3.783106e-14,2.769765e-07,4.955632e-05,4.821591e-04,3.550608e-01,-7.981709e-02,4.757887e+00
616,3.595309e-17,3.584523e-14,2.399584e-05,-1.686885e-04,4.993322e-04,4.515144e-02,-6.500572e-03,1.318027e+00
617,1.419399e-18,1.415141e-15,-1.484284e-04,3.900195e-06,5.171222e-04,-2.177154e-01,-1.279950e-02,1.045101e+01
618,1.307103e-16,1.303182e-13,4.193706e-06,2.052495e-04,4.998145e-04,-5.440163e-01,6.381102e-01,4.040211e+00
620,2.069303e-18,2.063095e-15,-3.925324e-06,-5.168380e-05,4.694063e-04,5.235580e-01,-2.368978e-01,-5.544054e+00
621,2.631397e-19,2.623503e-16,5.078107e-06,9.570334e-05,4.699621e-04,-2.711257e+00,-1.761423e+00,-5.094547e+00
622,3.253145e-17,3.243385e-14,1.764270e-05,-1.861163e-04,5.277744e-04,1.912947e+00,-1.442158e+00,9.595003e+00
623,2.797555e-18,2.789163e-15,-1.453102e-04,-3.127602e-06,5.068419e-04,-4.666502e-02,-8.186292e-02,1.564231e+00
624,2.857321e-17,2.848749e-14,8.569703e-06,2.141963e-04,4.998277e-04,-3.781295e+00,-1.109901e+00,1.279409e+01
626,2.495163e-18,2.487678e-15,7.421955e-06,-4.118704e-05,4.765001e-04,-7.278951e-01,-2.005957e+00,4.444045e+00
627,5.015867e-19,5.000819e-16,2.460935e-05,8.516979e-05,4.746519e-04,2.767983e-01,7.714947e-02,1.755990e+00
628,9.314612e-19,9.286668e-16,-9.203338e-07,-1.146869e-04,4.894438e-04,8.876424e-01,-3.828537e-01,8.136237e+00
629,2.810978e-18,2.802545e-15,-1.874974e-04,1.330108e-05,5.445269e-04,-5.602272e-02,-3.299798e-01,1.230805e+00
630,3.253876e-17,3.244114e-14,3.145914e-06,2.184435e-04,4.993038e-04,-5.868714e-01,2.731045e+00,9.567996e+00
632,6.684905e-19,6.664850e-16,7.422308e-06,-4.023453e-05,4.797018e-04,1.204491e+00,1.912471e+00,8.488276e+00
633,2.876875e-18,2.868245e-15,1.325508e-05,4.688329e-05,4.898488e-04,-2.164604e+00,3.871982e-01,-1.005066e-01
634,2.915010e-17,2.906265e-14,-1.639298e-05,-1.422309e-04,5.421911e-04,4.225760e-01,1.766411e-01,7.752463e+00
635,3.430406e-17,3.420115e-14,-1.661569e-04,1.149078e-05,5.246785e-04,-8.476814e-01,1.663563e+00,3.311567e+00
636,7.650548e-18,7.627596e-15,1.022486e-06,2.292455e-04,4.920958e-04,-5.560501e-01,-7.174584e-01,1.097264e+01
638,3.137232e-18,3.127820e-15,2.033387e-05,-4.999616e-05,4.820848e-04,8.140261e-02,5.712276e-02,-9.125222e-01
639,2.863601e-18,2.855010e-15,2.186937e-05,4.843865e-05,4.852803e-04,1.411541e+00,8.955566e-01,5.439648e+00
640,3.909981e-18,3.898251e-15,-1.320050e-05,-1.281334e-04,5.082648e-04,5.914266e-01,3.384386e-01,6.549632e+00
641,6.219740e-17,6.201081e-14,-1.340434e-04,-1.991909e-05,5.103193e-04,1.637499e+00,-5.830692e-01,6.817985e+00
642,1.553383e-18,1.548723e-15,-1.482980e-05,2.496095e-04,4.852357e-04,6.406285e-01,2.022888e-01,-9.122680e-01
644,1.501416e-18,1.496912e-15,3.162572e-06,-5.158530e-05,4.715220e-04,-5.737019e-01,-8.593340e-01,-1.144554e-01
645,2.336955e-17,2.329944e-14,1.577545e-05,4.713455e-05,4.864970e-04,7.846858e-01,-1.239751e+00,1.038523e+01
646,1.268597e-17,1.264791e-14,7.661791e-06,-1.382902e-04,4.904066e-04,-7.866269e-01,-4.736981e-02,9.808789e-01
647,6.199357e-17,6.180759e-14,-1.361583e-04,-1.705266e-05,5.153106e-04,-1.142882e+00,1.064708e-01,3.452656e+00
648,5.354999e-19,5.338934e-16,-4.691957e-06,2.496098e-04,4.894526e-04,-1.054627e+00,1.815320e-01,2.250077e+00
650,3.004372e-19,2.995358e-16,6.641173e-06,-4.179670e-05,4.746448e-04,8.650971e-01,6.977147e-01,1.784109e+00
651,6.061619e-18,6.043434e-15,2.265434e-05,1.014978e-05,5.181516e-04,-7.807894e-01,-4.922342e-01,5.636332e+00
652,6.207385e-18,6.188763e-15,-1.640941e-05,-1.420951e-04,5.201098e-04,3.528344e-03,-1.769878e-01,6.032690e+00
653,2.858739e-17,2.850163e-14,-1.219400e-04,-1.772383e-05,4.901228e-04,-1.336677e+00,-2.059424e+00,1.196613e+01
654,9.030660e-18,9.003568e-15,-2.421519e-05,2.491893e-04,4.905020e-04,-5.086165e-02,-1.587853e-01,2.518183e+00
656,1.238701e-16,1.234985e-13,2.641238e-06,-6.590652e-05,4.865211e-04,9.549275e-01,-9.877198e-01,9.036964e+00
657,8.336219e-18,8.311210e-15,1.651623e-05,-4.011447e-07,5.289884e-04,6.676087e-01,-5.262188e-01,6.658259e+00
658,1.946894e-16,1.941053e-13,-5.499536e-06,-1.576600e-04,5.109490e-04,7.735154e-01,-1.103311e+00,1.152036e+01
659,4.409196e-17,4.395969e-14,-8.772819e-05,-1.355941e-05,4.995847e-04,-3.995163e-02,6.185971e-01,1.082831e+01
660,5.000484e-17,4.985482e-14,-1.597064e-05,1.677723e-04,5.263049e-04,-1.022599e+00,9.438878e-01,1.796411e+01
662,5.187833e-18,5.172269e-15,1.133986e-06,-6.379567e-05,4.791929e-04,-4.961843e-01,-1.217762e+00,9.277876e+00
663,8.225549e-19,8.200872e-16,-1.133259e-05,4.908800e-05,4.853060e-04,1.986245e-01,-5.530446e-01,5.397048e+00
664,1.290748e-18,1.286876e-15,8.345534e-06,-1.664947e-04,5.161300e-04,2.529241e-01,-1.034465e-01,2.704370e+00
665,1.107415e-18,1.104093e-15,-1.101564e-04,-1.308668e-05,4.919862e-04,-7.571576e-01,-9.907838e-01,7.787612e+00
666,1.332875e-17,1.328877e-14,-2.123046e-05,1.931880e-04,5.083441e-04,4.153984e-01,2.149470e-01,4.208604e+00
668,2.487977e-18,2.480513e-15,1.022565e-05,-2.339516e-05,4.789144e-04,1.072115e+00,-6.805348e-02,6.493301e+00
669,4.067530e-17,4.055327e-14,-2.398045e-05,3.591790e-05,4.810543e-04,9.482059e-04,7.462041e-02,9.930871e-01
670,2.753502e-18,2.745241e-15,7.815263e-06,-1.257787e-04,4.835279e-04,5.267204e-02,-2.549514e-01,1.533663e+00
671,5.310922e-18,5.294989e-15,-9.921987e-05,2.779209e-09,4.972554e-04,-3.637087e-01,-2.362187e-01,1.161791e+01
672,1.164473e-18,1.160980e-15,-1.327799e-05,1.687609e-04,5.348942e-04,6.129222e-01,1.573872e-01,6.196502e+00
674,3.557910e-18,3.547237e-15,1.953103e-05,-1.719056e-05,4.859476e-04,2.639192e-02,-3.547078e-02,2.184902e+00
675,8.291781e-19,8.266906e-16,1.172029e-06,5.087892e-05,4.787911e-04,1.050336e+00,-9.427152e-01,7.100594e+00
676,2.490027e-18,2.482557e-15,-7.885329e-07,-1.148294e-04,4.835913e-04,6.098785e-01,2.237369e-01,5.551951e+00
677,2.775785e-18,2.767458e-15,-1.398486e-04,4.688826e-06,4.944931e-04,-9.743041e-02,-1.117657e-03,5.860542e+00
678,5.482204e-18,5.465758e-15,-1.432095e-05,1.976548e-04,5.088585e-04,8.793640e-02,-1.232417e-01,2.503631e+00
680,1.967816e-18,1.961913e-15,1.093697e-05,-5.948668e-05,4.881130e-04,8.939608e-02,-1.555962e-01,6.183795e+00
681,1.023484e-17,1.020413e-14,1.590878e-05,6.302048e-05,4.723157e-04,-9.626757e-02,1.196509e-01,-2.887423e+00
682,5.267820e-17,5.252017e-14,1.263488e-05,-1.840844e-04,5.486485e-04,-3.838978e-01,9.462575e-01,9.502620e+00
683,3.347124e-18,3.337083e-15,-1.367187e-04,-7.859505e-07,4.983776e-04,2.541672e-01,1.885882e-01,4.397666e+00
684,7.884780e-19,7.861125e-16,-9.764661e-06,2.050818e-04,5.068931e-04,-1.345931e+00,-2.213446e-01,1.334233e+01
686,2.855676e-18,2.847109e-15,1.327519e-05,-1.015068e-05,4.851222e-04,-4.816674e-02,3.844042e-02,2.934963e+00
687,1.286848e-18,1.282988e-15,4.688748e-06,3.515495e-05,4.909999e-04,8.692700e-02,-8.977011e-02,1.913674e-01
688,1.853820e-17,1.848258e-14,-1.364818e-05,-1.456463e-04,5.159136e-04,1.039290e+00,-8.343845e-01,1.630928e+01
689,4.767727e-18,4.753424e-15,-1.437458e-04,7.814329e-06,4.973486e-04,5.486041e-01,-9.829282e-02,5.730809e+00
690,5.063548e-19,5.048358e-16,-6.641370e-06,2.085995e-04,5.042305e-04,-3.050116e-01,-1.542307e-01,4.444715e+00
692,1.894042e-18,1.888360e-15,4.234696e-06,-7.709885e-07,4.738462e-04,-5.976867e-01,-1.439490e-01,-2.109174e+00
694,1.894559e-17,1.888875e-14,1.542306e-05,-1.646454e-04,4.968081e-04,-5.749413e-01,-2.187039e+00,1.113853e+01
695,1.314548e-17,1.310605e-14,-1.247837e-04,-5.868229e-06,4.917653e-04,1.084203e+00,-1.009737e+00,3.033715e+00
696,7.112713e-17,7.091375e-14,5.303713e-06,1.832715e-04,5.185379e-04,-5.777282e-01,2.088768e-01,1.488468e+01
698,3.616186e-19,3.605337e-16,6.640579e-06,-4.101542e-05,4.738637e-04,5.693695e-01,3.234848e+00,1.131349e+00
699,2.385703e-18,2.378546e-15,8.583078e-06,4.920777e-05,4.804990e-04,1.315980e-02,8.124104e-02,2.745966e+00
700,1.163797e-18,1.160306e-15,1.407829e-05,-1.664622e-04,5.003935e-04,-3.974657e-01,-2.549610e-01,5.350695e-01
701,7.418726e-18,7.396470e-15,-1.109317e-04,-5.472573e-06,4.939744e-04,-2.753241e-02,-2.692686e-01,5.158630e+00
702,1.477361e-17,1.472929e-14,-2.473315e-06,2.032528e-04,5.044490e-04,-9.409391e-02,1.860051e+00,3.222773e+00
704,2.372098e-17,2.364982e-14,1.027251e-05,-5.654812e-05,4.781222e-04,7.379484e-01,7.890042e-01,3.393658e-01
705,1.908157e-17,1.902433e-14,1.532997e-05,5.502400e-05,4.754908e-04,1.536678e+00,-1.385501e+00,4.386785e-01
706,1.834359e-17,1.828856e-14,3.348885e-06,-1.687028e-04,5.221421e-04,1.737527e-01,-5.558053e-01,6.729615e+00
707,2.163863e-17,2.157372e-14,-1.179374e-04,-3.844214e-06,4.869394e-04,2.286499e-01,-7.844080e-03,2.592145e+00
708,6.463448e-17,6.444057e-14,-1.669413e-05,2.166433e-04,4.933224e-04,-9.616216e-01,1.109300e-01,6.217943e+00
710,1.016278e-18,1.013229e-15,9.765581e-06,-2.725738e-05,4.720576e-04,1.601594e+00,4.566713e+00,-1.249972e+00
711,2.550354e-17,2.542703e-14,2.409165e-05,2.931635e-05,4.797516e-04,6.736707e-02,-3.616198e-02,1.185068e+00
712,3.059264e-16,3.050086e-13,2.207882e-06,-1.768934e-04,5.239114e-04,1.855502e-01,9.036034e-01,7.518896e+00
713,4.478113e-18,4.464678e-15,-1.046701e-04,1.407945e-05,4.793822e-04,6.607185e-02,-4.619469e-02,4.799159e+00
714,9.936596e-19,9.906786e-16,-1.312665e-05,2.334756e-04,4.863566e-04,-1.149687e-02,-7.496789e-01,4.678313e+00
716,3.408578e-18,3.398352e-15,1.408552e-05,-7.185224e-05,5.015309e-04,-3.048754e-01,1.854780e+00,1.559117e+00
718,3.993084e-18,3.981105e-15,-1.094903e-05,-1.601487e-04,5.456202e-04,6.035829e-02,-6.897123e-02,3.691461e+00
719,1.846147e-18,1.840609e-15,-1.074220e-04,1.679733e-05,4.789022e-04,-1.421403e+00,-1.266359e+00,4.463944e+00
720,4.106376e-17,4.094056e-14,1.684241e-05,1.766612e-04,5.415697e-04,-2.978578e-01,-4.505614e-01,4.462419e+00
722,6.823356e-18,6.802886e-15,2.227401e-05,-6.250900e-06,4.836036e-04,-2.421772e+00,2.150736e-01,9.139787e-01
723,2.477538e-17,2.470106e-14,1.372761e-05,3.943794e-05,4.821094e-04,-6.569804e-01,-2.110441e-01,1.624974e+00
724,1.745450e-18,1.740214e-15,6.681736e-07,-1.734457e-04,5.378112e-04,-3.418898e-01,5.496455e-01,2.425005e+00
725,4.679259e-18,4.665221e-15,-1.624994e-04,-7.815300e-06,5.283514e-04,3.829671e-02,-4.151840e-01,6.248977e+00
726,6.481049e-19,6.461606e-16,-6.121835e-06,1.740910e-04,5.369477e-04,-1.016016e-01,1.244902e-01,3.618926e+00
728,2.572183e-19,2.564467e-16,7.421515e-06,-3.554709e-05,4.707371e-04,5.375120e-01,-8.836458e-01,-3.382751e-01
729,1.261603e-18,1.257818e-15,-1.640490e-05,3.982292e-05,4.785545e-04,1.679859e-02,-1.064672e-01,1.516066e-01
730,1.158389e-18,1.154914e-15,2.353342e-06,-1.414082e-04,4.933439e-04,-8.708943e-03,-2.023664e-02,4.361582e+00
731,5.032273e-17,5.017176e-14,-1.194721e-04,-1.139934e-05,4.908798e-04,1.987688e+00,-3.051227e-01,6.107226e+00
732,3.704842e-18,3.693728e-15,-1.159542e-05,2.055745e-04,5.029600e-04,-1.561942e+00,-1.140751e+00,1.129820e+01
734,3.066694e-19,3.057494e-16,-1.367074e-05,-6.523316e-05,4.723099e-04,4.084236e-01,-5.699299e-01,-7.984278e-01
735,2.790716e-18,2.782344e-15,3.904104e-06,4.140481e-05,4.859167e-04,-8.903089e-02,1.478157e-01,-3.395444e-01
736,1.330244e-16,1.326253e-13,-4.289141e-06,-1.307418e-04,4.862630e-04,4.802231e-01,4.491927e-01,2.335002e+00
737,2.758790e-18,2.750513e-15,-1.226351e-04,-1.155393e-05,4.980406e-04,-3.892589e-03,3.075266e+00,8.937254e+00
738,5.013218e-18,4.998178e-15,-2.344685e-06,2.148429e-04,4.937724e-04,2.602986e-02,5.529398e-02,3.603110e+00
740,2.996670e-18,2.987680e-15,1.330721e-05,-1.326840e-05,4.781857e-04,9.288439e-01,4.739493e-01,7.834964e-01
741,3.054369e-18,3.045206e-15,1.093449e-05,8.597902e-06,5.067981e-04,-2.285633e-02,2.212215e-02,5.513618e-01
742,1.009057e-16,1.006030e-13,4.653708e-06,-1.601660e-04,4.984629e-04,5.027433e-01,4.295414e-02,2.639245e+00
743,1.531739e-18,1.527144e-15,-1.117607e-04,-1.563729e-05,4.902652e-04,-1.018820e+00,3.433032e-01,-2.095929e+00
744,1.427557e-16,1.423274e-13,6.348141e-06,1.721868e-04,5.248388e-04,9.688052e-01,-2.535368e-01,5.244510e+00
746,6.773110e-19,6.752791e-16,1.601535e-05,-1.553024e-05,4.715208e-04,1.402837e+00,5.816835e-01,8.523601e-01
748,2.532246e-17,2.524649e-14,2.113581e-05,-1.875666e-04,5.137924e-04,-2.345195e-01,1.095447e+00,4.416598e+00
749,1.354347e-17,1.350284e-14,-1.578370e-04,2.424194e-05,4.921800e-04,-5.240820e-03,1.843399e-02,1.490049e+00
750,4.853223e-19,4.838663e-16,-1.250978e-05,2.246095e-04,4.925865e-04,7.482195e-02,-3.570080e-01,6.283322e+00
752,3.363053e-17,3.352964e-14,1.291499e-05,-6.864687e-05,4.870032e-04,-3.515258e-01,-1.802721e-01,2.454669e+00
753,1.054101e-18,1.050939e-15,-1.094637e-05,4.882757e-05,4.813058e-04,-4.766229e-01,1.644713e-01,1.476770e+00
754,8.294486e-18,8.269603e-15,-9.321145e-06,-1.648441e-04,5.434522e-04,-1.245545e+00,-3.088614e-02,5.381598e+00
755,2.268636e-17,2.261830e-14,-1.457000e-04,1.802927e-05,4.875991e-04,5.971394e-01,2.449053e-01,9.245786e+00
756,7.514730e-17,7.492186e-14,8.849994e-06,2.236046e-04,4.886918e-04,1.317766e-01,-5.382397e-01,8.984343e+00
758,9.470359e-19,9.441948e-16,1.679698e-05,-1.575862e-05,4.725459e-04,1.349985e+00,-4.103531e-01,2.788003e+00
759,3.069663e-17,3.060454e-14,4.982267e-06,2.478924e-06,5.127220e-04,-6.220412e-01,-6.904420e-01,2.217042e+00
760,3.396724e-18,3.386534e-15,-1.328680e-05,-1.281276e-04,4.953135e-04,5.767549e-01,-5.180012e-01,3.125478e+00
761,2.286131e-18,2.279273e-15,-1.484267e-04,3.905551e-06,5.045863e-04,4.213959e-02,-1.429734e-01,8.687544e+00
762,5.957959e-19,5.940085e-16,7.895459e-07,2.496096e-04,4.824416e-04,-1.587705e-01,1.742565e-01,-1.052936e+00
764,3.264451e-19,3.254657e-16,-5.078170e-06,-7.226560e-05,4.723037e-04,1.584259e+00,-2.032196e+00,-1.299283e+00
765,2.742872e-17,2.734643e-14,-1.064297e-05,3.044381e-05,4.772899e-04,-1.011126e-01,-2.035042e+00,3.061708e-01
766,1.633863e-18,1.628961e-15,1.562153e-05,-1.601535e-04,4.910454e-04,-1.509587e-01,-7.967083e-01,-2.684260e+00
767,3.301031e-17,3.291128e-14,-1.578377e-04,9.685623e-06,5.091551e-04,7.929816e-01,1.142300e+00,7.269091e+00
768,8.565681e-18,8.539983e-15,-1.986374e-05,1.817412e-04,5.044941e-04,-1.245480e-01,1.176659e-01,4.005562e+00
770,6.660748e-18,6.640766e-15,7.482992e-06,-6.389802e-05,4.737494e-04,2.994450e+00,6.645428e-01,2.007321e+00
771,3.022061e-19,3.012995e-16,1.171872e-06,5.117185e-05,4.738639e-04,-9.208128e-01,-4.539309e-01,2.372395e+00
772,1.381018e-18,1.376875e-15,6.248168e-06,-1.843785e-04,5.231980e-04,-1.036125e-01,-1.072560e-01,8.065773e+00
773,1.218429e-16,1.214774e-13,-1.648115e-04,1.448214e-05,5.110460e-04,2.826802e-01,2.306863e-02,3.266830e+00
774,5.744149e-19,5.726917e-16,1.097475e-05,2.167976e-04,4.964837e-04,3.406879e-01,-2.901487e-01,1.200473e+01
776,2.765749e-17,2.757452e-14,2.187315e-05,-7.360390e-05,4.836565e-04,1.272278e+00,8.255234e-01,1.028244e+00
777,2.422146e-19,2.414879e-16,1.680044e-05,4.960967e-05,4.832370e-04,1.379681e+00,-5.859158e-01,1.308371e+01
778,3.732388e-18,3.721191e-15,5.489676e-06,-1.835682e-04,5.268109e-04,-6.088320e-01,3.766914e-01,4.530009e+00
779,6.990583e-17,6.969611e-14,-1.740644e-04,-1.399481e-06,5.390853e-04,9.766571e-01,1.228237e+00,6.766834e+00
780,1.171380e-17,1.167865e-14,-8.120089e-07,2.265701e-04,4.892215e-04,7.825754e-02,-3.216379e-02,8.113212e+00
782,6.163716e-19,6.145225e-16,1.757897e-05,-1.564699e-05,4.738657e-04,4.158053e+00,1.821609e-01,5.867344e+00
783,2.500673e-19,2.493171e-16,1.679802e-05,4.882835e-05,4.808951e-04,-5.140349e-01,4.468771e-01,9.379643e+00
784,4.645675e-18,4.631738e-15,7.031929e-06,-1.835904e-04,5.391836e-04,-6.446117e-01,-4.038898e-02,6.232288e+00
785,4.862031e-18,4.847445e-15,-1.375199e-04,-1.174365e-05,5.060259e-04,1.891516e-02,1.347555e-01,3.958295e+00
786,1.383877e-18,1.379725e-15,3.126926e-06,1.851614e-04,5.125864e-04,-2.435553e-01,2.891630e-01,1.427415e+01
788,2.368257e-16,2.361152e-13,7.577787e-05,-3.161721e-06,5.473056e-04,-2.769378e-01,-1.225797e+00,1.244321e+01
790,6.543160e-18,6.523530e-15,1.207661e-05,-1.921892e-04,5.392212e-04,2.603681e+00,-1.898037e-02,5.987324e+00
791,1.586693e-18,1.581933e-15,-1.483790e-04,3.957759e-06,5.094152e-04,-1.172224e-01,1.274958e-01,7.669176e+00
792,2.835057e-18,2.826551e-15,3.130090e-06,1.914082e-04,5.038053e-04,-1.736234e-01,1.664510e-01,5.535972e+00
794,8.051389e-18,8.027234e-15,7.636899e-05,-8.572957e-06,5.466605e-04,-1.257060e+00,1.819599e-01,1.209511e+01
795,3.293758e-17,3.283877e-14,2.750301e-06,2.863406e-05,4.823224e-04,-2.038726e+00,2.150872e-01,8.029801e+00
796,1.494444e-16,1.489961e-13,-5.989963e-06,-1.755128e-04,5.352028e-04,-4.941765e-01,8.879452e-01,5.144737e+00
797,1.174480e-18,1.170956e-15,-1.476681e-04,-1.326631e-05,5.111050e-04,-7.311603e-02,8.947656e-02,4.907695e+00
798,2.554995e-18,2.547330e-15,-8.593877e-06,1.953115e-04,5.038165e-04,3.720416e-01,-8.277939e-02,3.251593e+00
800,4.710447e-17,4.696315e-14,8.275780e-05,-9.091098e-06,5.433114e-04,-4.351887e-02,-1.413992e+00,2.599854e+01
801,1.745497e-18,1.740261e-15,-6.326578e-06,2.583212e-05,4.823292e-04,-5.260311e-01,-5.812230e-01,2.705442e+00
802,2.593501e-17,2.585721e-14,2.364226e-06,-1.468583e-04,4.905260e-04,5.003129e-01,-4.311105e-01,4.470392e+00
803,1.415706e-17,1.411459e-14,-1.945422e-04,1.252574e-05,5.493542e-04,-1.630425e-01,-1.079150e+00,1.515390e+01
804,4.151271e-17,4.138818e-14,1.363238e-05,1.705448e-04,5.349648e-04,-9.322824e-01,5.907994e-01,9.424746e+00
806,2.868852e-18,2.860245e-15,8.358522e-05,-1.875166e-05,5.481283e-04,-2.038516e-01,1.878906e-01,9.842800e+00
807,3.419995e-19,3.409735e-16,1.679705e-05,5.429686e-05,4.723103e-04,2.633681e-01,2.472541e-01,-1.230869e+00
808,2.797517e-18,2.789124e-15,-1.484145e-05,-1.718662e-04,5.317394e-04,-5.954252e-01,1.742826e-01,6.056835e+00
809,4.061291e-17,4.049107e-14,-1.072503e-04,6.840671e-06,4.841602e-04,7.159439e-01,1.131909e+00,9.381729e+00
810,8.799417e-19,8.773019e-16,3.910029e-07,2.296237e-04,4.861110e-04,-1.514952e-01,-7.609102e-01,7.447617e+00
812,1.891615e-17,1.885940e-14,8.700838e-05,-1.518432e-06,5.436961e-04,-6.199057e-01,-3.002051e+00,1.495094e+01
813,2.180113e-17,2.173572e-14,-2.270092e-06,3.287276e-05,4.785391e-04,-1.926577e+00,1.480602e+00,2.271339e+00
814,4.613187e-18,4.599348e-15,1.562893e-05,-1.601639e-04,4.880523e-04,1.868269e-01,-2.840909e-01,8.066642e+00
815,5.810848e-17,5.793415e-14,-1.051069e-04,-8.385563e-06,4.837434e-04,1.894226e+00,-9.706666e-01,8.426383e+00
816,1.108277e-18,1.104952e-15,-8.608773e-06,2.289048e-04,4.840113e-04,-4.052814e-02,-5.100989e-02,2.577143e+00
818,1.331415e-17,1.327421e-14,9.573212e-05,3.096759e-06,5.486916e-04,1.157310e+00,-2.527066e-02,6.842891e+00
819,2.420811e-17,2.413549e-14,8.991771e-06,3.182431e-05,4.735756e-04,4.246818e-02,-2.338968e+00,-1.354293e+00
820,2.398386e-17,2.391191e-14,2.412034e-05,-1.807978e-04,4.977300e-04,-6.677410e-02,1.020183e-02,1.484315e+00
821,6.450009e-18,6.430659e-15,-1.202461e-04,-1.727314e-05,4.855910e-04,-1.872144e+00,-1.109351e+00,1.351412e+01
822,2.202853e-16,2.196245e-13,-1.018520e-05,1.839513e-04,5.075400e-04,2.169708e-01,8.707401e-01,3.617233e+00
824,2.490812e-17,2.483339e-14,7.471998e-05,1.640566e-05,5.439398e-04,-8.074854e-01,2.941905e-01,3.299350e+00
825,2.384648e-17,2.377494e-14,-2.120593e-06,2.487037e-05,4.778684e-04,1.617587e+00,3.590250e+00,-5.129441e-01
826,3.003653e-17,2.994642e-14,1.064991e-05,-1.509378e-04,4.821180e-04,-2.784733e-01,-1.812176e-01,-4.781368e-01
827,1.810188e-18,1.804758e-15,-1.101671e-04,-1.317414e-05,4.834445e-04,-2.145790e-01,-2.336213e-01,3.036924e+00
828,1.998530e-17,1.992535e-14,-7.551654e-06,1.690048e-04,5.293297e-04,-3.235798e-01,1.039090e+00,1.410389e+01
830,5.683567e-18,5.666517e-15,8.358471e-05,-7.197882e-06,5.347248e-04,-2.407433e+00,-1.060349e+00,1.583896e+01
831,2.484243e-18,2.476790e-15,-7.108390e-05,-1.561844e-06,5.330681e-04,-2.152141e-01,-1.160490e-01,4.485530e+00
832,8.115707e-18,8.091360e-15,5.461320e-06,-1.844095e-04,5.187974e-04,-9.153861e-01,-2.014433e-01,9.740767e+00
833,2.580828e-17,2.573086e-14,-1.056777e-04,-1.274746e-05,4.800952e-04,-5.604833e-01,3.769070e+00,5.768728e+00
834,7.820690e-18,7.797228e-15,-2.114634e-05,1.660526e-04,5.180237e-04,-5.441525e-01,2.796543e-01,4.645197e+00
836,3.162665e-18,3.153177e-15,8.358930e-05,-1.874431e-05,5.324731e-04,9.040890e-02,3.213712e-01,4.695350e+00
837,9.305593e-19,9.277676e-16,-7.111057e-05,-1.558011e-06,5.496695e-04,-1.998529e-01,5.720391e-02,8.244409e+00
838,2.975368e-18,2.966442e-15,1.171637e-05,-1.875044e-04,5.168663e-04,9.140260e-02,-5.212560e-02,3.946100e+00
839,2.352370e-16,2.345313e-13,-1.361094e-04,-6.177630e-06,4.914906e-04,1.055383e+00,-3.810243e-01,3.114926e+00
840,4.615536e-18,4.601689e-15,-1.327858e-05,1.609353e-04,5.335273e-04,-9.150816e-02,-1.438434e-02,7.381985e+00
842,2.312835e-18,2.305897e-15,8.985122e-05,9.379743e-06,5.409972e-04,-3.454056e-01,3.976411e-02,2.589620e+00
843,4.270571e-18,4.257759e-15,-7.109490e-05,-1.560915e-06,5.276461e-04,3.413795e-03,-3.897575e-02,5.759673e+00
844,4.949775e-19,4.934926e-16,1.953422e-06,-1.273424e-04,4.801071e-04,-2.681511e-01,-9.296677e-01,1.276041e+00
845,8.183198e-18,8.158648e-15,-1.491578e-04,2.429532e-05,4.854288e-04,-5.948415e-03,1.315887e-01,1.777882e+00
846,2.811668e-19,2.803233e-16,1.211108e-05,2.167972e-04,4.933712e-04,7.857941e-02,-7.026551e-01,9.288678e+00
848,4.424407e-18,4.411133e-15,8.593695e-05,1.485036e-05,5.435372e-04,7.596510e-03,-6.839569e-02,4.359422e+00
849,8.153950e-17,8.129489e-14,-6.620271e-05,7.210268e-06,5.404536e-04,-8.188793e-01,-8.867155e-01,7.443588e+00
850,1.557156e-17,1.552485e-14,-5.536677e-06,-1.254631e-04,4.825764e-04,-9.399503e-01,-1.209139e+00,2.524455e+00
851,3.280693e-18,3.270851e-15,-1.098216e-04,-2.329416e-06,4.916539e-04,9.668378e-02,1.294802e-01,2.959873e+00
852,4.642170e-18,4.628244e-15,3.591126e-06,2.195182e-04,4.921871e-04,1.063822e+00,-2.592006e-02,3.899888e+00
854,1.401828e-16,1.397623e-13,9.429896e-05,-4.886751e-06,5.316686e-04,5.202867e-01,-4.859526e-01,3.994760e+00
855,2.218146e-17,2.211492e-14,-6.880056e-05,-1.349276e-05,5.298249e-04,1.643882e+00,-7.589954e+00,2.787592e+01
856,3.411101e-17,3.400868e-14,6.421414e-06,-1.381686e-04,4.811042e-04,-2.422531e-02,-1.949014e-01,-4.354384e-01
857,1.209357e-18,1.205729e-15,-1.601648e-04,-5.473597e-06,5.141160e-04,-5.653613e-02,-4.295539e-02,2.734906e+00
858,6.205303e-17,6.186687e-14,-1.719833e-06,2.219665e-04,4.852079e-04,-2.411802e+00,1.955732e-01,3.734529e+00
860,8.834317e-18,8.807814e-15,8.467143e-05,-5.474269e-06,5.274415e-04,5.145058e-02,-6.133255e-02,1.910776e+01
861,2.415724e-18,2.408476e-15,-6.874443e-05,1.718794e-05,5.360732e-04,-9.546287e-02,-1.779037e-01,8.031357e+00
862,3.880245e-18,3.868604e-15,-1.172322e-05,-1.742207e-04,5.329355e-04,4.850061e-02,-1.295216e-01,4.425733e+00
863,3.277059e-17,3.267228e-14,-1.789232e-04,1.183974e-05,5.249729e-04,-6.101842e-01,6.359410e-01,3.744584e+00
864,2.554546e-18,2.546883e-15,5.465787e-06,1.968716e-04,4.984296e-04,3.545941e-02,-6.140327e-03,1.373695e+00
866,3.187817e-17,3.178253e-14,9.524839e-05,4.472237e-06,5.368980e-04,1.740132e+00,-1.290003e+00,1.039958e+01
867,9.143983e-18,9.116551e-15,-7.005919e-05,-1.076008e-05,5.186821e-04,-3.176375e-01,-6.190291e+00,2.387039e+01
868,7.415298e-18,7.393052e-15,-7.801132e-06,-1.712366e-04,5.309037e-04,7.356524e-02,-2.165204e-01,7.983134e+00
869,1.827642e-17,1.822159e-14,-1.770841e-04,1.806210e-05,5.198841e-04,-2.081892e+00,-7.402188e-02,7.121013e+00
870,3.288595e-18,3.278729e-15,-3.905330e-06,1.930271e-04,5.036419e-04,4.578701e-02,-1.156652e-02,7.239550e-01
872,3.766113e-17,3.754814e-14,7.712453e-05,-1.678283e-05,5.135608e-04,-6.550672e-01,-5.315676e+00,2.120858e+01
873,7.593880e-17,7.571098e-14,-4.981209e-05,-4.469739e-06,5.347702e-04,-1.890910e+00,-2.535703e-01,8.813575e+00
874,9.452081e-17,9.423725e-14,-1.748087e-05,-1.703927e-04,5.261191e-04,-1.480068e+00,2.824218e-02,1.017104e+01
875,1.367516e-17,1.363414e-14,-8.663966e-05,-9.899373e-06,5.036605e-04,8.074500e-01,1.560633e-01,9.476511e+00
876,3.222733e-19,3.213065e-16,-2.460975e-05,2.496095e-04,4.863697e-04,-1.919482e-01,2.674776e-01,5.799383e+00
878,2.797370e-18,2.788978e-15,8.359589e-05,1.559904e-06,5.258101e-04,-1.754758e-01,7.276849e-02,4.957190e+00
879,3.746442e-18,3.735202e-15,-5.468878e-05,-2.011107e-05,5.369276e-04,-2.150681e-02,-4.473501e-01,7.587109e+00
880,2.246217e-17,2.239478e-14,-3.872281e-06,-1.482975e-04,4.897238e-04,-5.882014e-01,-3.702217e-01,2.050798e+00
881,3.846802e-18,3.835262e-15,-1.336004e-04,-1.500238e-05,4.999343e-04,5.032352e-02,3.467252e-01,1.954820e+00
882,1.256169e-18,1.252400e-15,-2.338467e-06,2.367200e-04,4.762091e-04,2.659167e-01,-6.688124e-02,1.748736e-01
884,5.142078e-18,5.126652e-15,8.591551e-05,6.968670e-06,5.262549e-04,-3.424324e-01,3.958311e-01,9.167418e+00
885,3.264877e-18,3.255083e-15,-7.265298e-05,1.170457e-05,5.291296e-04,-2.059832e-02,2.145521e-01,3.180203e+00
886,2.128990e-17,2.122603e-14,-1.697416e-05,-1.527868e-04,5.092585e-04,2.137695e-01,-4.974103e+00,2.778970e+01
887,3.193169e-18,3.183590e-15,-1.445349e-04,3.346948e-06,4.985473e-04,1.088941e-01,-5.241502e-01,4.144818e+00
888,3.157743e-19,3.148270e-16,-1.054767e-05,2.355468e-04,4.801205e-04,-1.810887e+00,3.169916e-01,9.750625e+00
890,1.431144e-17,1.426851e-14,9.099060e-05,-2.100429e-05,5.291997e-04,-3.890031e+00,-5.244442e-01,1.061099e+01
891,1.761109e-16,1.755826e-13,-6.698335e-05,6.579687e-06,5.269419e-04,-3.354044e-01,1.068142e+00,5.518919e+00
892,2.816810e-18,2.808359e-15,1.562521e-05,-1.601470e-04,4.851738e-04,-6.910147e-02,2.255728e-01,8.301132e+00
893,2.062124e-18,2.055937e-15,-1.457030e-04,1.679793e-05,4.825538e-04,-2.716899e+00,1.323248e+00,9.271284e+00
894,6.877290e-18,6.856659e-15,1.446123e-05,1.945449e-04,5.058516e-04,-2.657070e-01,3.477364e-01,3.929341e+00
896,1.994316e-16,1.988333e-13,7.831316e-05,-3.340998e-07,5.126355e-04,2.216619e+00,-7.559494e-01,7.405299e+00
897,6.006597e-18,5.988577e-15,-5.419528e-05,4.699056e-06,5.431243e-04,-2.994456e-04,-2.433392e-02,5.335479e+00
898,4.592474e-18,4.578697e-15,1.406722e-05,-1.945291e-04,5.141391e-04,-1.056862e-01,-3.665563e-02,-8.564381e-01
899,5.701119e-19,5.684016e-16,-1.074220e-04,1.679708e-05,4.750701e-04,9.068680e-01,-9.796662e-01,8.834859e-01
900,3.710753e-17,3.699621e-14,2.053232e-05,2.159792e-04,4.832234e-04,9.794294e-01,-5.725413e-01,-2.130273e-02
902,1.312741e-18,1.308803e-15,9.296551e-05,1.250943e-05,5.384779e-04,-1.190512e-01,7.464949e-02,6.438850e+00
903,2.741782e-18,2.733557e-15,-5.310455e-05,-9.374443e-06,5.451532e-04,-2.351364e-01,-1.840461e-02,1.608087e+00
904,9.267861e-18,9.240058e-15,-9.377274e-06,-1.393693e-04,4.894906e-04,1.988685e-01,-1.075829e-01,3.223539e+00
905,8.007793e-18,7.983770e-15,-1.708738e-04,1.325408e-05,5.205284e-04,1.435705e-01,1.076542e+00,6.479383e-01
906,2.457033e-19,2.449662e-16,-7.421972e-06,2.082024e-04,4.949126e-04,2.887101e-01,3.306134e-01,4.969241e+00
908,5.291959e-17,5.276083e-14,8.489035e-05,-6.139739e-06,5.141568e-04,8.074919e-01,-8.987406e-01,1.307620e+01
909,4.105968e-18,4.093650e-15,-6.874511e-05,1.718568e-05,5.326861e-04,-3.011460e-02,2.649845e-01,8.918472e+00
910,4.545968e-19,4.532330e-16,-1.210911e-05,-1.710919e-04,5.284298e-04,1.606340e-01,-5.571692e-02,7.333108e+00
911,4.054956e-18,4.042791e-15,-1.929665e-04,2.265586e-05,5.324144e-04,1.046999e-02,-1.220375e-02,3.877733e+00
912,3.033983e-17,3.024881e-14,-1.582447e-05,2.191352e-04,4.779552e-04,-2.210305e-02,-1.259692e+00,3.613568e+00
914,1.582239e-17,1.577492e-14,9.815826e-05,-1.810467e-05,5.231793e-04,1.037597e-01,2.855854e-01,3.036012e+00
915,4.025267e-18,4.013192e-15,-7.110477e-05,-1.566131e-06,5.178815e-04,-1.515570e-01,-7.128073e-02,8.404613e+00
916,4.551064e-17,4.537410e-14,-1.563298e-05,-1.589807e-04,5.126088e-04,-1.151014e+00,-5.108568e+00,1.972903e+01
917,3.075975e-18,3.066747e-15,-1.906284e-04,1.016352e-05,5.417292e-04,-1.045601e-01,-2.991089e-02,7.878935e+00
918,6.523954e-19,6.504382e-16,1.172716e-06,2.285156e-04,4.851012e-04,-5.251140e-01,-1.550783e+00,7.734183e+00
920,4.259186e-18,4.246408e-15,8.595277e-05,1.484145e-05,5.270567e-04,6.707088e-01,-2.765009e-02,4.589582e+00
921,1.638621e-16,1.633706e-13,-5.371140e-05,9.743208e-07,5.214158e-04,7.067215e-01,1.604062e+00,5.711281e+00
922,2.764829e-18,2.756534e-15,-1.714222e-05,-1.515319e-04,5.046662e-04,-2.353665e-01,-4.470567e+00,2.580982e+01
923,1.690463e-17,1.685391e-14,-7.978672e-05,-1.574353e-05,4.953103e-04,-1.568159e+00,-8.815116e-01,7.476270e+00
924,1.535669e-18,1.531062e-15,-1.561256e-06,2.265593e-04,4.793283e-04,7.874925e-01,1.329651e-01,2.607383e+00
926,3.264714e-17,3.254920e-14,7.775294e-05,6.914538e-06,5.094618e-04,-2.258789e+00,-6.074504e-01,1.104875e+01
927,8.453498e-18,8.428138e-15,-6.015946e-05,1.253656e-05,5.360433e-04,-1.835458e-02,-1.326231e+00,7.908604e+00
928,1.149112e-17,1.145664e-14,-1.638411e-05,-1.500610e-04,4.976873e-04,5.319518e-01,-2.725117e+00,2.059540e+01
929,1.725662e-18,1.720486e-15,-8.136362e-05,-1.461753e-05,4.983028e-04,-1.206025e+00,6.434618e-01,4.742185e+00
930,6.956425e-18,6.935556e-15,1.683223e-05,1.687464e-04,5.396326e-04,6.826204e-01,-3.890068e-02,4.307658e+00
932,2.540587e-18,2.532965e-15,8.437684e-05,9.378293e-06,5.183574e-04,4.220189e-02,-2.611984e-02,2.077479e+00
933,3.584986e-18,3.574231e-15,-4.453194e-05,3.135402e-06,5.433810e-04,-1.834762e-02,3.906216e-02,2.357286e+00
934,1.913645e-16,1.907904e-13,-9.126275e-06,-1.544383e-04,4.928883e-04,-1.203046e+00,-1.245725e-01,9.597191e+00
935,2.130446e-18,2.124054e-15,-1.578601e-04,-1.489549e-05,5.177139e-04,-1.965255e-01,-1.374159e-02,1.977123e+00
936,4.124105e-18,4.111733e-15,-1.093509e-05,1.753859e-04,5.144963e-04,1.053365e-01,3.654484e+00,3.056100e+01
938,2.996393e-17,2.987404e-14,9.584742e-05,5.118139e-06,5.222271e-04,-2.083105e-01,3.241876e-01,9.338869e+00
939,4.517977e-17,4.504423e-14,-4.882595e-05,-4.679442e-06,5.230531e-04,3.226845e-01,-8.091854e-01,2.504292e+01
940,3.699173e-18,3.688076e-15,-1.330909e-05,-1.565771e-04,5.068789e-04,-1.665452e+00,-3.739102e+00,1.879472e+01
941,5.311423e-18,5.295488e-15,-1.828136e-04,1.562327e-05,5.232226e-04,5.293325e-03,-1.519780e-01,2.232838e+00
942,2.041217e-17,2.035094e-14,-1.049940e-05,2.088612e-04,4.874578e-04,2.449077e+00,2.878138e+00,4.563310e+00
944,6.629200e-19,6.609312e-16,9.778879e-05,1.107278e-05,5.312966e-04,-9.013714e-02,1.783161e-01,4.377230e+00
945,1.213047e-17,1.209408e-14,-6.095273e-05,1.956919e-05,5.466293e-04,-3.996702e-02,-1.059238e+00,9.104339e+00
946,8.271878e-17,8.247062e-14,2.108436e-05,-2.105408e-04,5.309891e-04,6.954824e-01,8.355507e-02,6.130613e+00
947,2.624705e-17,2.616831e-14,-1.978466e-04,2.033084e-05,5.344444e-04,9.829160e-01,1.594617e+00,7.261323e+00
948,4.999159e-18,4.984162e-15,3.132471e-06,1.851523e-04,5.057765e-04,2.908937e-01,1.561449e-01,1.247532e+01
950,2.972986e-18,2.964067e-15,9.609838e-05,-6.245221e-06,5.258575e-04,-9.119649e-02,-1.272962e-01,9.088232e+00
951,5.417805e-19,5.401552e-16,-6.169990e-05,2.071146e-05,5.420794e-04,-7.237283e-03,-1.168655e+00,2.348480e+00
952,8.782576e-18,8.756228e-15,5.467397e-06,-1.921802e-04,5.465715e-04,4.848539e-02,-2.715643e+00,1.214279e+01
953,5.956503e-18,5.938634e-15,-1.695292e-04,2.343648e-06,5.208293e-04,2.321898e-02,2.170782e-02,2.648277e+00
954,4.345745e-17,4.332708e-14,5.902429e-06,1.616603e-04,5.297849e-04,1.676268e+00,2.030469e+00,1.194424e+01
956,7.288332e-18,7.266467e-15,7.493238e-05,-8.605986e-06,5.079265e-04,-4.024157e-01,6.646682e-01,5.525753e+00
957,3.673354e-18,3.662334e-15,-4.453160e-05,-6.248579e-06,5.461799e-04,-1.054595e-01,2.366743e-02,1.803137e+00
958,6.403912e-19,6.384700e-16,3.907333e-07,-1.324219e-04,4.805118e-04,9.551563e-01,-1.668433e+00,7.627523e-01
959,2.488033e-18,2.480569e-15,-8.743791e-05,-5.539944e-06,4.881757e-04,1.886707e-02,-6.278552e-01,4.797622e+00
960,1.306035e-17,1.302117e-14,-1.328282e-05,2.162475e-04,4.833254e-04,-3.116094e-01,-2.013970e+00,4.918902e+00
962,3.073829e-18,3.064607e-15,9.297810e-05,1.247999e-05,5.228160e-04,1.272548e-01,-7.644822e-01,4.565951e+00
963,1.217107e-18,1.213455e-15,-5.232983e-05,-1.170866e-05,5.232001e-04,1.305809e-01,2.429705e-02,-6.680539e-01
964,4.939583e-18,4.924764e-15,-1.488323e-05,-1.735706e-04,5.439919e-04,6.329565e-01,7.001332e-02,5.149390e+00
965,1.656611e-18,1.651641e-15,-1.367174e-04,-2.460957e-05,4.976978e-04,-1.558208e-01,-5.434300e-02,1.612182e+00
966,2.610129e-18,2.602298e-15,8.399226e-07,2.277344e-04,4.826495e-04,-5.954461e-01,-1.929139e+00,7.768519e+00
968,1.409829e-18,1.405600e-15,7.888961e-05,-1.552964e-05,5.080890e-04,-1.006596e+00,-3.691694e+00,1.859654e+01
969,5.188628e-18,5.173063e-15,-7.107461e-05,-8.478065e-06,5.079997e-04,8.593830e-01,-4.636969e+00,1.771694e+01
970,3.676490e-17,3.665460e-14,6.827850e-06,-1.879904e-04,5.054209e-04,-1.370137e+00,-6.768803e-01,7.823204e+00
971,3.602876e-19,3.592067e-16,-1.238275e-04,-1.523985e-05,4.902560e-04,2.708162e-01,-1.060314e+00,7.301681e+00
972,7.600179e-19,7.577378e-16,-8.581577e-06,2.285154e-04,4.777738e-04,-1.965902e-01,-1.879115e+00,1.810995e-01
974,4.485260e-17,4.471804e-14,8.362746e-05,1.229209e-06,5.090943e-04,-3.583832e+00,-2.015435e+00,1.611831e+01
975,6.732633e-17,6.712435e-14,-4.998097e-05,1.261769e-05,5.443306e-04,-9.411001e-01,-7.667555e-02,9.220081e+00
976,1.226419e-18,1.222740e-15,1.562238e-05,-1.601940e-04,4.769956e-04,-7.293870e-01,1.943453e-01,3.403838e+00
977,1.381830e-17,1.377684e-14,-8.311176e-05,-2.148846e-05,4.839417e-04,-2.725188e+00,-2.199331e+00,8.434261e+00
978,4.951005e-18,4.936152e-15,1.328813e-05,1.545815e-04,5.434489e-04,2.087671e-02,1.990613e+00,4.220638e+00
980,1.831457e-17,1.825962e-14,9.488716e-05,-2.918421e-06,5.075758e-04,-2.990818e+00,3.520323e+00,1.415825e+01
981,1.652245e-17,1.647288e-14,-6.462459e-05,5.224695e-06,5.113062e-04,5.386704e-01,-4.859888e-01,3.922355e+00
982,1.570732e-16,1.566020e-13,5.185931e-06,-2.025786e-04,5.390548e-04,5.121118e-01,6.684959e-01,1.038610e+01
984,2.354214e-18,2.347151e-15,-2.460953e-05,1.859371e-04,4.958509e-04,-8.774359e-02,-5.647822e-02,3.520492e+00
986,2.677739e-17,2.669705e-14,8.488227e-05,-3.901229e-06,5.061755e-04,4.173606e-01,1.488262e-01,1.484855e+01
987,2.355695e-18,2.348628e-15,-3.593782e-05,4.696083e-06,5.359173e-04,5.084881e-02,-5.344825e-02,9.444970e-01
988,5.679337e-18,5.662299e-15,-2.435270e-05,-1.429712e-04,4.867003e-04,-9.546157e-02,1.457100e-02,2.228777e+00
989,2.505444e-19,2.497928e-16,-8.710926e-05,-1.210961e-05,4.886987e-04,-1.470358e-01,-1.246771e+00,6.201749e+00
990,4.021080e-18,4.009017e-15,1.160449e-05,2.162395e-04,4.876580e-04,8.909668e-02,4.501131e-01,7.734478e+00
992,1.367882e-17,1.363779e-14,9.302407e-05,1.212903e-05,5.146661e-04,-5.804556e-02,-2.304095e-01,6.937529e+00
993,2.787153e-17,2.778792e-14,-3.521008e-05,-1.251921e-05,5.455329e-04,-8.771634e-01,6.322247e-02,3.560017e+00
994,3.063000e-18,3.053811e-15,-1.328127e-05,-1.414319e-04,4.906418e-04,2.033747e-01,4.489676e-01,4.168326e+00
995,1.594088e-17,1.589306e-14,-1.165350e-04,-1.479416e-05,4.797665e-04,-5.589615e-01,9.131900e-01,-2.406248e-01
996,2.164669e-17,2.158175e-14,-7.914696e-06,2.165164e-04,4.796504e-04,-1.333898e+00,2.092348e-01,1.669629e+00
998,3.325632e-17,3.315656e-14,9.348367e-05,1.903475e-06,5.069107e-04,3.988916e-01,9.612885e-01,2.258674e+00
999,3.888277e-17,3.876612e-14,-3.786335e-05,-2.173059e-05,5.311636e-04,-1.200799e+00,-2.778355e+00,2.299031e+01
1000,2.639828e-17,2.631908e-14,-1.315812e-05,-1.296834e-04,4.756694e-04,-1.697897e-01,-1.901095e-01,-1.157019e+00
1001,2.204759e-18,2.198145e-15,-1.100925e-04,-1.320737e-05,4.788848e-04,5.443867e-01,1.192799e+00,1.349805e+00
1002,1.298166e-16,1.294272e-13,-5.528439e-06,1.645409e-04,5.152955e-04,4.411950e-01,-1.066967e-01,1.577471e+01
1004,2.652649e-18,2.644691e-15,8.905732e-05,1.329372e-05,5.077584e-04,1.059206e-01,3.624697e-02,4.530357e+00
1005,7.580969e-18,7.558226e-15,-7.107501e-05,-6.631233e-06,5.011234e-04,8.703534e-02,-4.277298e+00,1.565223e+01
1006,2.317265e-18,2.310313e-15,2.250577e-06,-1.414577e-04,4.821497e-04,-1.258765e+00,-1.076364e-01,6.285388e-02
1007,3.577225e-18,3.566493e-15,-1.484368e-04,3.906364e-06,4.945118e-04,-7.908536e-02,1.196686e-01,6.228926e+00
1008,2.553905e-19,2.546243e-16,-9.765792e-06,2.371092e-04,4.777729e-04,-5.989150e-01,1.270175e+00,9.802339e+00
1010,2.669191e-18,2.661183e-15,9.687878e-05,3.127235e-06,5.038408e-04,1.260360e-01,6.188113e-02,3.783741e+00
1011,1.503011e-17,1.498502e-14,-5.704730e-05,7.746545e-07,5.104061e-04,-3.309290e+00,-4.203232e-03,2.217402e+00
1012,4.656711e-18,4.642741e-15,-1.484339e-05,-1.710967e-04,5.176712e-04,-3.704417e-02,-2.925397e-02,9.782143e+00
1013,5.521762e-19,5.505197e-16,-1.094199e-04,1.289160e-05,4.754344e-04,-8.064440e-01,-1.508603e+00,1.120469e+00
1014,2.589585e-18,2.581816e-15,7.027035e-07,2.296155e-04,4.750891e-04,2.055684e-01,5.527245e-02,-7.982525e-01
1016,4.708387e-18,4.694262e-15,2.890407e-05,1.875043e-05,5.370113e-04,5.676131e-02,2.597231e-02,4.796462e+00
1017,5.276373e-17,5.260544e-14,-4.722763e-05,-3.714050e-06,5.102905e-04,-1.515306e+00,2.078966e+00,1.238871e+01
1018,4.012420e-17,4.000383e-14,1.355668e-05,-1.731991e-04,4.881928e-04,-3.816775e-01,-4.708406e-01,3.459084e+00
1019,2.951112e-18,2.942259e-15,-1.057612e-04,1.658073e-05,4.716429e-04,1.687078e+00,-5.225031e-02,-5.571056e+00
1020,3.484486e-17,3.474032e-14,2.401356e-05,2.018335e-04,4.883821e-04,1.861766e-02,1.743482e-02,1.143160e+00
1022,1.932659e-17,1.926861e-14,3.058058e-05,1.452658e-05,5.279583e-04,-4.445135e-01,6.486475e-01,8.275667e+00
1023,2.400222e-17,2.393022e-14,-4.880919e-05,-1.878369e-05,5.136239e-04,2.439014e+00,3.121722e-01,5.684766e+00
1024,9.295889e-17,9.268002e-14,5.836308e-06,-1.756838e-04,4.929799e-04,-7.353332e-01,-1.426885e-01,9.226337e+00
1025,1.076939e-17,1.073709e-14,-1.682278e-04,-2.278464e-05,5.325361e-04,2.169417e-01,-4.523014e-01,6.931552e+00
1026,5.098224e-18,5.082929e-15,1.874331e-05,1.750014e-04,5.141116e-04,-1.308322e-01,-5.960412e-03,4.952463e+00
1028,4.687599e-18,4.673536e-15,4.063345e-05,1.641147e-05,5.427819e-04,3.558225e-01,1.556138e-02,5.902567e+00
1029,4.519506e-18,4.505947e-15,-4.062021e-05,7.032805e-06,5.483052e-04,-3.962768e-02,-4.933500e-02,6.229055e+00
1030,4.954786e-18,4.939921e-15,-1.566301e-06,-1.718766e-04,5.011862e-04,5.949760e-02,8.755019e-02,2.468671e+00
1031,3.786376e-18,3.775017e-15,-1.578169e-04,-1.477675e-05,5.101760e-04,1.476084e-01,2.959973e-02,1.880795e-01
1032,2.169515e-18,2.163006e-15,1.328014e-05,1.593813e-04,5.382175e-04,2.707037e-01,2.495525e-02,5.288413e+00
1034,3.410848e-18,3.400615e-15,2.573069e-05,1.948039e-05,5.130650e-04,8.990510e-01,-1.963346e+00,3.634754e+00
1035,4.522624e-17,4.509056e-14,-4.037895e-05,-7.200982e-06,5.250667e-04,4.788707e+00,-3.234234e+00,1.905404e+01
1036,1.948858e-16,1.943011e-13,-5.689463e-06,-1.810837e-04,5.113973e-04,7.534389e-01,5.454126e-01,6.978544e+00
1037,1.005640e-16,1.002623e-13,-1.715149e-04,-1.130090e-05,5.218658e-04,-4.944919e-01,-2.737432e-01,5.349492e+00
1038,1.102094e-16,1.098787e-13,8.065596e-06,1.573653e-04,5.366800e-04,1.214707e+00,-1.543576e-01,5.716745e+00
1040,6.805836e-17,6.785418e-14,4.258269e-05,2.079640e-05,5.307050e-04,-2.312912e-01,1.595194e+00,1.071968e+01
1041,3.768546e-17,3.757241e-14,-4.482385e-05,1.266730e-05,5.264423e-04,-4.174757e-01,1.790649e-01,6.846682e+00
1042,1.938894e-18,1.933077e-15,-9.373309e-06,-1.350050e-04,4.818701e-04,1.190517e-03,6.999731e-01,3.542645e+00
1043,2.060167e-18,2.053987e-15,-1.444533e-04,-3.066860e-06,4.914887e-04,8.328596e-01,2.555284e-01,3.648283e+00
1044,7.852942e-18,7.829383e-15,-1.719029e-05,1.839886e-04,4.933953e-04,-1.619247e-01,-8.837900e-03,3.846209e+00
1046,1.774058e-17,1.768736e-14,4.142935e-05,1.088416e-05,5.465725e-04,-6.247960e-01,-8.246077e-01,7.319319e+00
1047,1.147941e-18,1.144497e-15,-6.108808e-05,8.469845e-06,5.126468e-04,-5.991313e-01,5.675181e-02,4.799992e+00
1048,1.210743e-18,1.207111e-15,-1.170236e-05,-1.617000e-04,5.080876e-04,-2.223815e-01,5.163049e-01,6.200195e+00
1049,2.706508e-18,2.698388e-15,-1.953144e-04,7.850015e-07,5.458153e-04,4.686907e-02,4.394875e-01,5.806593e+00
1050,3.861624e-17,3.850039e-14,-1.425670e-05,1.357282e-04,5.370594e-04,-3.322913e+00,3.198076e-02,7.280638e+00
1052,1.240015e-17,1.236295e-14,2.917751e-05,2.427911e-05,4.999696e-04,-3.193787e-02,7.146401e-02,1.080031e+00
1053,1.036303e-17,1.033194e-14,-6.033145e-05,1.127464e-05,5.141975e-04,-6.828175e+00,-3.367414e+00,1.949598e+01
1054,2.722174e-18,2.714007e-15,2.120485e-06,-1.625062e-04,4.902061e-04,3.516135e-02,4.731437e-01,7.119387e+00
1055,2.417424e-18,2.410172e-15,-1.476624e-04,-1.331602e-05,4.976844e-04,-6.821714e-02,-4.520395e-01,2.747142e-01
1056,6.446025e-18,6.426687e-15,-2.059802e-05,1.367523e-04,5.328489e-04,-3.337022e-01,-5.956391e-01,6.157969e+00
1058,6.050329e-18,6.032178e-15,3.981184e-05,9.427170e-06,5.360450e-04,2.466222e-01,-4.963275e-01,4.573609e+00
1059,2.017719e-18,2.011666e-15,-4.842203e-05,-1.753180e-06,5.135692e-04,3.659779e+00,-1.968794e+00,1.588177e+01
1060,7.871003e-18,7.847390e-15,-5.092081e-06,-1.710957e-04,5.078780e-04,1.400106e+00,-4.076607e-02,6.123505e+00
1061,9.383484e-18,9.355334e-15,-2.054668e-04,1.320314e-05,5.424815e-04,5.220264e-02,-1.469108e-01,1.185307e+01
1062,2.844904e-18,2.836370e-15,-1.327455e-05,1.609355e-04,5.221661e-04,-3.429926e-01,9.544949e-02,8.826020e+00
1066,9.683281e-17,9.654231e-14,-1.262943e-06,-1.891784e-04,5.097778e-04,-6.906524e-01,-1.453447e+00,1.001132e+01
1067,8.695163e-19,8.669078e-16,-1.804756e-04,-3.908603e-06,5.383544e-04,6.903867e-02,4.579046e-02,1.959903e+00
1068,4.834770e-19,4.820266e-16,-1.405896e-05,1.980475e-04,4.964948e-04,7.575376e-01,-2.575072e-01,1.282052e+00
1070,1.556521e-17,1.551852e-14,3.835608e-05,1.432643e-05,5.352790e-04,1.060224e+00,7.570989e-01,8.742168e+00
1071,4.181237e-17,4.168694e-14,-3.180856e-05,3.113899e-06,5.293396e-04,-2.225762e-01,8.917928e-01,3.877487e+00
1072,3.150511e-18,3.141059e-15,1.640272e-05,-2.093740e-04,5.229182e-04,-1.372790e-01,-5.650353e-02,7.182133e+00
1073,4.725376e-17,4.711200e-14,-1.729568e-04,-1.626998e-05,5.169357e-04,2.995976e-02,-4.392035e+00,1.657431e+01
1074,3.575554e-18,3.564827e-15,-7.089656e-06,2.086327e-04,4.840566e-04,-9.687660e-01,7.118039e-01,5.559345e-01
1076,9.725178e-17,9.696003e-14,2.899300e-05,-1.159859e-05,5.426054e-04,-4.422369e-01,3.949014e-01,4.311397e+00
1077,4.193877e-17,4.181296e-14,-5.983796e-05,-2.567059e-06,4.950101e-04,3.752801e-01,-1.124103e+00,1.209716e+01
1078,1.496786e-17,1.492296e-14,2.921729e-06,-1.912387e-04,5.159118e-04,7.728992e-01,-1.793257e+00,1.014296e+01
1079,1.260702e-18,1.256920e-15,-1.398423e-04,-1.874836e-05,4.965104e-04,1.121558e+00,3.978524e-02,4.079094e+00
1080,3.084887e-18,3.075632e-15,-9.406122e-06,2.047174e-04,4.882665e-04,-4.979739e-01,5.780421e-01,6.438786e+00
1082,4.715858e-17,4.701711e-14,4.464203e-05,3.982092e-06,5.401892e-04,-2.019219e-01,-1.138027e+00,1.302891e+01
1083,2.683390e-16,2.675339e-13,-2.507807e-05,-7.256648e-06,5.407687e-04,1.072252e+00,-9.358164e-01,1.198365e+01
1084,4.193188e-17,4.180609e-14,6.355972e-07,-1.983720e-04,5.359628e-04,2.059803e+00,2.377771e-01,8.202558e+00
1085,1.221338e-18,1.217674e-15,-1.226376e-04,-1.565437e-05,4.847968e-04,-6.831237e-01,7.471001e-01,7.365036e+00
1086,2.026689e-18,2.020609e-15,6.203880e-06,2.069732e-04,4.897470e-04,-2.041268e-01,-1.918877e-01,2.161755e+00
1088,2.715864e-18,2.707716e-15,2.110167e-05,2.343880e-05,4.921154e-04,-1.548168e-01,-2.917930e-01,2.048843e+00
1089,1.383854e-18,1.379703e-15,-7.187328e-05,1.719259e-05,5.011858e-04,1.352387e-01,-3.114314e-01,8.471623e-01
1090,2.064575e-18,2.058381e-15,-1.650838e-05,-1.496094e-04,4.914673e-04,2.318946e+00,-1.228131e+00,1.781819e+01
1091,6.286834e-18,6.267973e-15,-7.800954e-05,-1.171983e-05,4.974077e-04,-2.108812e-02,-4.932432e-01,5.204868e+00
1092,1.286877e-18,1.283017e-15,1.328093e-05,1.835838e-04,5.065549e-04,8.100143e-03,-7.539741e-02,2.287662e+00
1094,7.672043e-17,7.649027e-14,3.173720e-05,1.349246e-05,5.067234e-04,-1.205061e+00,-5.508019e-01,5.565051e+00
1095,1.356112e-18,1.352044e-15,-6.875198e-05,1.718080e-05,5.042849e-04,1.353025e-02,-1.212271e-02,4.854567e+00
1096,8.970758e-17,8.943846e-14,6.607831e-06,-2.117755e-04,5.390681e-04,1.745068e-01,-1.606483e+00,6.354289e+00
1097,4.586712e-17,4.572951e-14,-1.560410e-04,8.446857e-06,4.831468e-04,-1.262237e+00,-4.979254e-01,1.431555e+00
1098,2.890906e-18,2.882233e-15,5.500153e-06,2.133023e-04,4.875188e-04,-1.557187e+00,1.962048e-01,4.413153e+00
1100,6.575609e-17,6.555882e-14,3.584443e-05,1.161876e-05,5.193486e-04,-5.625739e-01,2.299284e-01,7.349815e+00
1101,7.149018e-18,7.127571e-15,-6.874740e-05,1.132315e-05,5.019907e-04,-9.052200e-02,-6.884066e-01,4.003732e+00
1102,5.668132e-18,5.651128e-15,-1.015809e-05,-1.817654e-04,5.390847e-04,-5.618340e-04,6.525663e-02,4.830563e+00
1103,5.411488e-19,5.395254e-16,-1.457035e-04,1.716097e-05,4.754340e-04,-1.335409e+00,8.868870e-01,-2.601195e-01
1104,3.272448e-17,3.262631e-14,-2.077339e-06,1.938737e-04,4.921957e-04,2.052069e+00,3.680917e+00,9.285036e+00
1106,4.609590e-18,4.595761e-15,5.078156e-05,1.015775e-05,5.486708e-04,9.520297e-02,-7.199705e-02,8.274339e+00
1107,1.803285e-16,1.797875e-13,-6.142995e-05,-1.161616e-05,4.925014e-04,7.045347e-01,-6.687831e-01,1.511298e+00
1108,3.838088e-17,3.826574e-14,-1.049742e-05,-1.423826e-04,4.799127e-04,2.409242e+00,-4.838808e-01,2.169186e+00
1109,1.213040e-16,1.209401e-13,-1.608101e-04,-8.080237e-06,4.983808e-04,-1.033015e+00,-3.853646e+00,8.564818e+00
1110,2.817159e-17,2.808708e-14,4.091797e-06,1.617985e-04,5.229223e-04,4.626074e+00,1.095765e+00,1.526140e+01
1113,1.076612e-18,1.073382e-15,-4.141844e-05,1.640378e-05,5.298783e-04,6.346511e-01,6.317236e-01,6.500873e+00
1114,3.449518e-18,3.439169e-15,1.093727e-05,-1.843729e-04,4.921966e-04,1.270989e-01,-2.091133e-02,3.907268e+00
1115,3.273468e-18,3.263648e-15,-1.851551e-04,4.065680e-09,5.311802e-04,1.355651e-01,-3.562853e-02,4.614101e+00
1116,1.199590e-18,1.195992e-15,-8.604041e-06,1.953075e-04,4.980300e-04,1.797622e-01,-1.172380e-01,2.931465e+00
1118,2.586003e-19,2.578245e-16,3.163976e-05,8.981725e-06,5.163813e-04,1.226142e-01,1.667438e-01,4.579229e+00
1119,3.352921e-18,3.342862e-15,-5.155946e-05,3.902898e-06,5.129370e-04,1.059945e-01,3.871905e-01,2.678276e+00
1120,2.883160e-17,2.874510e-14,1.804388e-05,-1.823253e-04,4.844079e-04,-2.285393e-01,1.287263e+00,-2.684962e-01
1121,2.104952e-17,2.098637e-14,-1.905334e-04,1.448015e-06,5.346319e-04,-1.818753e+00,1.922991e-01,1.262308e+01
1122,6.079576e-18,6.061337e-15,-6.251788e-06,1.992441e-04,4.926427e-04,1.745997e-01,8.412186e-01,1.631240e+00
1124,1.128052e-17,1.124667e-14,4.146684e-05,1.004496e-05,5.322789e-04,3.209770e-02,-1.413102e+00,6.087615e+00
1125,3.158621e-17,3.149145e-14,-5.004437e-05,-7.291114e-06,5.005318e-04,-6.307854e-02,1.332573e+00,3.584096e+00
1126,2.191576e-17,2.185002e-14,-1.298126e-05,-1.645869e-04,4.982926e-04,-7.295942e-01,3.657313e+00,1.947985e+01
1127,8.987863e-17,8.960899e-14,-1.949590e-04,1.042334e-05,5.263817e-04,-1.522755e+00,2.380766e+00,1.548812e+01
1128,6.517947e-19,6.498393e-16,-9.765536e-06,2.363280e-04,4.750646e-04,4.926660e-01,1.795113e+00,6.377119e+00
1130,2.456576e-18,2.449206e-15,5.000022e-05,1.796980e-05,5.352842e-04,1.702931e-02,-1.284185e-01,3.526331e+00
1131,6.989115e-18,6.968148e-15,-3.513316e-05,-1.650655e-05,5.215613e-04,-3.474101e-01,2.830152e-01,1.962829e+01
1132,1.081017e-17,1.077774e-14,2.427782e-05,-1.867139e-04,4.841294e-04,3.407971e-02,2.025665e-02,1.623491e+00
1133,1.251871e-18,1.248115e-15,-1.050782e-04,5.440413e-06,4.738308e-04,4.397240e+00,1.025194e+00,8.811253e-01
1134,1.866302e-17,1.860703e-14,-2.403234e-05,1.682099e-04,4.998512e-04,-1.883278e+00,-7.224256e-01,2.840061e+00
1136,5.337818e-18,5.321805e-15,3.984441e-05,-9.381471e-06,5.402697e-04,9.130691e-02,1.629295e-01,6.334208e+00
1137,6.684251e-19,6.664198e-16,-3.060034e-05,-2.476680e-06,5.489657e-04,-8.078241e-02,-9.444968e-02,2.667841e+00
1138,3.409531e-17,3.399302e-14,2.087297e-05,-2.155267e-04,5.187692e-04,1.063161e+00,4.509263e-01,3.494061e+00
1139,2.827818e-18,2.819335e-15,-1.476533e-04,-2.444147e-05,4.958412e-04,-1.212873e-01,-1.223074e-01,2.662075e+00
1140,4.438399e-18,4.425084e-15,-1.876870e-05,1.625623e-04,5.139113e-04,8.097421e-02,-1.766264e-01,6.554459e+00
1143,2.239277e-17,2.232559e-14,-6.915475e-05,2.414256e-05,4.973231e-04,1.987046e-03,-2.098269e-02,1.554956e+00
1144,2.399112e-18,2.391914e-15,-1.554196e-06,-1.929356e-04,5.250660e-04,2.367484e-01,5.834999e-01,3.739968e+00
1145,7.253777e-18,7.232015e-15,-1.208799e-04,-1.565729e-05,4.767245e-04,-3.513578e-01,-2.919168e-01,1.057170e+00
1146,5.097081e-18,5.081790e-15,-1.249819e-05,1.640601e-04,5.164400e-04,1.986572e-01,-8.878216e-01,2.195213e+01
1148,2.344629e-18,2.337595e-15,1.328017e-05,2.418987e-05,4.859698e-04,-1.448114e-02,-1.344130e-02,3.989244e+00
1149,2.875286e-18,2.866660e-15,-5.240426e-05,-1.179185e-05,5.021908e-04,-2.997132e-01,-2.677533e-01,2.091286e+00
1150,4.022767e-16,4.010699e-13,-9.564277e-07,-1.969299e-04,5.171069e-04,-3.641300e-01,-1.952297e-01,1.952157e+01
1151,5.194931e-19,5.179346e-16,-1.394525e-04,-1.874791e-05,4.926076e-04,-6.506461e-02,7.820483e-02,2.924260e+00
1152,2.421775e-18,2.414510e-15,-5.474588e-06,1.406226e-04,5.380782e-04,1.779142e-01,-3.350855e-03,5.203551e+00
1154,4.867909e-19,4.853305e-16,3.204689e-05,8.201793e-06,5.156203e-04,-1.134681e-01,2.243292e-01,4.043888e+00
1155,2.906252e-18,2.897533e-15,-4.845078e-05,-1.171142e-05,5.091728e-04,-1.191490e+00,-4.466256e-01,2.923390e+00
1156,1.548675e-18,1.544029e-15,4.688236e-06,-2.054702e-04,5.341802e-04,7.453057e-02,1.601676e-02,1.277394e+01
1157,2.924554e-19,2.915781e-16,-1.222666e-04,-1.445690e-05,4.840128e-04,-5.756665e-01,2.336466e+00,8.463439e+00
1158,2.168129e-18,2.161624e-15,-5.475984e-06,1.406197e-04,5.423259e-04,1.269345e-01,-6.133114e-02,3.477377e+00
1160,4.912936e-17,4.898197e-14,2.712880e-05,-3.610727e-06,5.203881e-04,-1.022989e-01,-9.430636e-01,4.878845e+00
1161,6.885053e-19,6.864398e-16,-4.258089e-05,-5.859237e-06,5.181650e-04,2.572928e-02,1.104764e+00,1.484197e+01
1162,3.107307e-18,3.097985e-15,-1.716992e-05,-1.406141e-04,4.750382e-04,2.367719e-01,-1.695030e-02,3.548308e-01
1163,3.614087e-18,3.603244e-15,-1.194379e-04,-1.092373e-05,4.815165e-04,3.816475e-01,-3.385544e-01,3.011635e+00
1164,2.764758e-17,2.756464e-14,1.401076e-05,1.874333e-04,5.019274e-04,1.131715e+00,4.766580e-01,2.557334e+00
1166,4.299846e-17,4.286947e-14,6.690325e-05,1.226132e-05,5.373340e-04,4.606351e+00,1.479212e+00,1.628725e+01
1167,5.423947e-18,5.407675e-15,-4.921610e-05,-1.566355e-06,5.071285e-04,-4.244970e-01,2.225013e-01,1.540051e+01
1168,1.150010e-16,1.146560e-13,-1.093964e-05,-1.923641e-04,5.420269e-04,4.189272e-02,2.274642e-01,7.809986e+00
1170,9.510889e-19,9.482356e-16,9.765810e-06,2.220363e-04,4.780233e-04,-1.590180e+00,-2.148964e+00,3.447693e+00
1172,4.601091e-18,4.587287e-15,5.468673e-05,-3.127963e-06,5.440279e-04,-1.863157e-02,-2.469071e-02,7.120933e+00
1173,1.355383e-18,1.351317e-15,-4.919729e-05,-1.575590e-06,5.026646e-04,2.342571e-01,4.881099e-02,1.212185e+01
1174,4.161706e-17,4.149221e-14,-1.311960e-05,-1.610009e-04,4.919173e-04,8.114092e-01,-6.670347e-01,5.190438e+00
1175,2.779607e-18,2.771268e-15,-1.117488e-04,-1.322378e-05,4.750827e-04,4.973581e-01,-4.397413e-01,1.498788e-01
1176,4.401946e-18,4.388740e-15,8.495722e-06,2.210336e-04,4.815531e-04,-2.916191e+00,2.086672e+00,6.380054e+00
1178,4.434695e-18,4.421391e-15,2.684323e-05,8.592616e-06,5.014961e-04,-1.496863e+00,3.217878e-03,5.923986e+00
1179,4.841200e-16,4.826677e-13,-3.463579e-05,-8.292852e-06,5.166110e-04,-4.434266e-01,9.041884e-02,1.176149e+01
1180,1.341039e-17,1.337016e-14,5.472017e-06,-2.049259e-04,5.184927e-04,-2.751065e-01,6.451546e-02,1.132287e+01
1181,2.918819e-19,2.910063e-16,-1.050775e-04,-1.288977e-05,4.715289e-04,1.028929e+00,2.756376e+00,-2.544331e+00
1182,4.306498e-17,4.293579e-14,-4.535157e-06,1.582985e-04,5.263248e-04,6.553192e-01,1.662215e+00,9.658780e+00
1185,2.362568e-17,2.355481e-14,-3.636259e-05,1.711208e-05,5.472926e-04,4.584417e-01,-5.392389e-01,1.594301e+01
1186,5.026407e-18,5.011328e-15,-1.519218e-05,-1.473298e-04,4.841582e-04,5.785512e-01,1.235623e+00,9.466854e+00
1187,5.009332e-18,4.994304e-15,-1.804663e-04,9.059394e-06,5.023128e-04,4.485140e-02,5.086983e-01,6.028466e+00
1188,1.031180e-18,1.028087e-15,-1.757772e-05,2.136725e-04,4.808656e-04,-1.959880e-01,-8.031831e-01,9.227089e+00
1190,7.725285e-17,7.702109e-14,5.594366e-05,1.779189e-05,5.196107e-04,-3.383992e-01,-6.002752e-02,5.794863e+00
1191,2.065012e-16,2.058817e-13,-4.688547e-05,4.396610e-06,5.072781e-04,-2.462650e-01,-2.055202e+00,1.173086e+01
1192,3.544204e-19,3.533571e-16,-1.601992e-05,-1.488282e-04,4.887007e-04,-1.136309e+00,-2.051976e+00,1.360753e+01
1193,2.581757e-17,2.574011e-14,-1.789396e-04,8.916422e-06,4.925920e-04,-1.636687e+00,2.214866e-01,7.798842e-01
1194,1.042361e-17,1.039234e-14,-1.098835e-05,1.719566e-04,5.061106e-04,6.736040e-01,9.692349e-01,2.678915e+01
1196,4.860897e-18,4.846314e-15,5.702823e-05,7.811530e-06,5.434495e-04,4.261985e-02,1.587633e-02,6.116387e+00
1197,1.236059e-18,1.232351e-15,-3.827983e-05,1.877140e-05,5.312911e-04,-1.131310e-01,-4.206903e-01,7.747549e+00
1198,3.913319e-17,3.901579e-14,1.921832e-05,-2.303146e-04,5.317605e-04,4.287514e+00,5.849964e-01,3.081542e+01
1199,3.556969e-18,3.546298e-15,-1.694701e-04,-7.503498e-07,5.055885e-04,6.855760e-01,-2.564132e-01,3.471719e+00
1200,4.197399e-18,4.184807e-15,-1.181179e-05,1.686598e-04,5.068817e-04,-2.561045e-01,-3.692912e-01,4.499556e+00
1202,8.979396e-19,8.952457e-16,3.359578e-05,-1.797303e-05,5.456259e-04,1.960901e-03,-3.922528e-02,2.303779e+00
1203,4.985129e-18,4.970173e-15,-1.318358e-05,-2.173914e-05,5.496659e-04,-7.810385e-01,3.651300e-02,1.487900e+01
1204,1.841408e-17,1.835884e-14,5.521754e-07,-1.621650e-04,4.833462e-04,-7.574224e-01,-7.982706e-01,5.553653e+00
1205,1.313021e-17,1.309082e-14,-1.801016e-04,-1.953571e-05,5.198451e-04,-2.230401e-01,-4.122085e-01,5.359236e-01
1206,8.743285e-18,8.717055e-15,-2.431637e-05,1.726527e-04,4.905353e-04,-2.131988e-02,3.225432e-02,1.848137e+00
1208,2.699580e-18,2.691482e-15,2.109929e-05,1.015114e-05,4.913589e-04,-2.561315e-01,-8.562296e-02,2.752996e+00
1209,2.013555e-18,2.007515e-15,-3.822503e-05,1.884564e-05,5.244067e-04,-5.751097e-01,-7.016360e-01,8.307749e+00
1210,4.291390e-18,4.278516e-15,-1.798097e-05,-1.874894e-04,5.455429e-04,1.348716e-02,3.713183e-01,1.738436e+00
1211,1.911220e-18,1.905487e-15,-1.227229e-04,-1.367413e-05,4.826722e-04,3.306371e-01,2.344679e+00,8.310226e+00
1212,1.238365e-17,1.234650e-14,1.366455e-05,1.964657e-04,4.870608e-04,7.919874e-02,-9.980618e-01,5.255421e+00
1214,3.228564e-17,3.218878e-14,4.136587e-05,1.449286e-05,4.984720e-04,9.804241e-01,1.485524e+00,1.815642e+01
1215,9.617258e-19,9.588407e-16,-2.577697e-05,7.817177e-07,5.482357e-04,-7.156420e-02,-3.095702e-02,1.136172e+00
1216,5.411165e-18,5.394931e-15,-2.188115e-05,-1.921912e-04,5.316740e-04,-7.365329e-01,4.800297e-03,2.500358e+00
1218,2.983216e-19,2.974267e-16,8.984038e-06,2.230462e-04,4.785551e-04,2.937008e-01,-1.116616e+00,3.588731e+00
1220,3.086519e-18,3.077260e-15,5.000074e-05,1.717828e-05,5.137527e-04,-1.242815e-01,4.896582e-02,2.799705e+00
1221,1.039022e-18,1.035905e-15,-7.170360e-05,-3.516219e-06,4.853454e-04,-1.059396e+00,-2.974447e+00,6.819097e-01
1222,5.366581e-18,5.350481e-15,-1.520182e-05,-1.555121e-04,4.938419e-04,1.448219e-01,1.668172e-01,9.156360e+00
1223,3.302101e-18,3.292195e-15,-1.859443e-04,1.718401e-05,5.115209e-04,2.086458e-01,-1.246124e+00,2.957444e+00
1224,1.025540e-18,1.022463e-15,-2.339413e-06,2.148418e-04,4.785505e-04,-4.203123e-01,3.151665e-01,7.689824e-01
1226,9.348420e-17,9.320374e-14,6.557967e-06,2.085365e-05,4.820601e-04,5.843161e-01,1.993877e+00,4.933310e+00
1227,3.227425e-18,3.217743e-15,-7.031061e-05,-8.592547e-06,4.906507e-04,-8.809641e-03,-7.577303e-03,-2.206976e+00
1228,3.205446e-18,3.195830e-15,-3.123955e-06,-1.843558e-04,4.991627e-04,2.370197e-01,2.239085e-01,7.386730e+00
1229,2.770404e-17,2.762093e-14,-1.493195e-04,-3.327447e-06,4.825036e-04,9.633514e-01,1.240124e+00,9.025082e-01
1230,3.905396e-18,3.893680e-15,3.126042e-06,1.852046e-04,4.970037e-04,1.813350e-01,-3.720354e-01,8.230087e+00
1232,2.468504e-18,2.461099e-15,3.828620e-05,3.897640e-06,5.235192e-04,2.577641e-02,1.945232e-02,5.585877e-01
1233,1.592538e-17,1.587760e-14,-3.111752e-05,8.841286e-06,5.240446e-04,9.142219e-01,-1.541688e+00,7.794885e+00
1234,1.353630e-18,1.349569e-15,-5.477191e-06,-1.695317e-04,4.894578e-04,3.690301e-02,-9.677465e-02,8.312507e-01
1235,2.809675e-19,2.801246e-16,-1.457035e-04,1.679637e-05,4.738754e-04,3.757454e-01,-4.094925e-01,-1.904715e+00
1236,7.059772e-17,7.038593e-14,-6.569670e-07,1.744092e-04,4.981190e-04,5.412227e-01,-3.931516e-01,1.296361e+01
1238,2.901668e-18,2.892963e-15,6.874886e-05,1.718531e-05,5.317467e-04,-3.297719e-02,1.541859e-01,4.416172e+00
1239,1.256316e-17,1.252547e-14,-2.423573e-05,-6.206317e-06,5.308666e-04,-3.555511e-01,4.363855e-01,1.267316e+01
1240,2.877957e-17,2.869323e-14,1.616982e-05,-1.992912e-04,4.894217e-04,-3.012437e-01,8.266654e-01,1.257139e+01
1241,3.355535e-18,3.345468e-15,-1.859401e-04,1.716867e-05,5.077129e-04,4.003010e-01,1.349299e-01,2.611723e+00
1242,3.603345e-18,3.592535e-15,-1.803705e-05,2.130040e-04,4.767052e-04,-1.916998e+00,8.030127e-02,3.322537e+00
1244,4.557812e-18,4.544138e-15,7.187363e-05,1.485351e-05,5.377726e-04,5.623572e-02,-1.655185e-01,4.849772e+00
1245,2.538701e-18,2.531085e-15,-5.819930e-05,1.295697e-05,5.034730e-04,-4.795740e+00,-1.190298e+00,1.471208e+01
1246,2.362777e-17,2.355689e-14,1.417104e-05,-2.163550e-04,5.272883e-04,1.365154e-01,1.737591e-01,1.111512e+01
1247,1.672741e-18,1.667723e-15,-1.678436e-04,-7.824879e-07,5.005560e-04,3.656051e-01,3.115749e-03,3.570678e+00
1248,4.586917e-18,4.573157e-15,1.483514e-05,1.718748e-04,5.119262e-04,1.576169e-03,-3.705106e-03,3.150138e+00
1250,3.747542e-17,3.736300e-14,4.606973e-05,-1.520552e-05,5.421476e-04,-3.285584e+00,-4.401970e+00,3.443073e+01
1251,1.079255e-17,1.076017e-14,-4.771237e-05,-4.650049e-06,4.979835e-04,4.922339e-02,-9.271040e-02,1.368619e+01
1252,5.415690e-18,5.399443e-15,1.016315e-05,-2.250008e-04,5.302096e-04,1.914067e-01,-2.451230e-01,8.733458e-01
1253,2.564050e-17,2.556358e-14,-1.774341e-04,1.091414e-05,4.875081e-04,-1.236283e-01,9.084883e-01,7.057770e+00
1254,7.583272e-17,7.560522e-14,1.116640e-05,1.420534e-04,5.482022e-04,9.312089e-01,3.288492e+00,9.806589e+00
1256,4.302647e-18,4.289740e-15,3.593475e-05,9.377529e-06,5.043261e-04,-5.435714e-02,4.390637e-02,4.743913e+00
1257,3.460105e-18,3.449724e-15,-1.016110e-05,-1.801141e-05,5.468826e-04,3.154394e-02,-1.447561e+00,1.394088e+00
1258,1.013905e-16,1.010864e-13,-5.070292e-07,-2.237539e-04,5.420488e-04,7.401827e-02,-9.144772e-01,6.224399e+00
1259,4.777288e-18,4.762956e-15,-1.945362e-04,-9.384471e-06,5.413041e-04,6.343111e-03,-3.407025e-01,5.140397e+00
1260,3.146080e-17,3.136642e-14,-1.084106e-05,1.645727e-04,5.077637e-04,-1.030123e+00,-1.256518e+00,1.878478e+01
1262,1.010183e-17,1.007152e-14,4.354121e-05,8.592793e-06,5.099239e-04,-1.183247e-01,-1.641274e-01,6.795751e+00
1263,1.133985e-18,1.130583e-15,-1.875513e-05,-1.875200e-05,5.305749e-04,4.263553e-02,3.401513e-02,4.160768e+00
1264,8.074217e-19,8.049995e-16,-9.526808e-06,-1.511725e-04,4.850465e-04,4.757521e-01,3.531648e+00,5.121650e+00
1265,2.445435e-18,2.438099e-15,-1.906206e-04,-1.250590e-05,5.374479e-04,1.007131e-02,3.430594e-02,2.971377e+00
1266,6.826273e-18,6.805794e-15,-8.740142e-06,1.914071e-04,4.888324e-04,3.607241e-01,-1.187444e-01,8.758858e-01
1269,3.131831e-18,3.122436e-15,-3.434598e-05,-2.440403e-05,5.141615e-04,-1.752307e-01,-9.447317e+00,2.741067e+01
1270,9.292178e-19,9.264301e-16,-9.198668e-06,-1.503904e-04,4.834910e-04,6.163930e-01,1.414320e+00,3.245706e+00
1271,7.736288e-18,7.713079e-15,-1.634634e-04,-1.308241e-05,5.079459e-04,9.851775e-01,-1.021525e+00,1.940957e+00
1272,2.450868e-18,2.443516e-15,-1.015833e-05,1.843819e-04,4.913531e-04,1.786723e-01,2.142663e-01,5.066577e+00
1274,1.215862e-18,1.212214e-15,3.202828e-05,8.540582e-06,5.065007e-04,-8.702014e-02,-5.391260e-02,4.028943e+00
1276,7.717127e-18,7.693975e-15,-1.286350e-05,-1.781300e-04,5.110997e-04,1.258675e-01,1.538762e-01,1.854275e+00
1277,2.819819e-17,2.811359e-14,-1.804474e-04,1.402799e-06,5.157446e-04,3.798534e-01,-1.933649e+00,8.440011e+00
1278,2.821778e-16,2.813312e-13,-1.165682e-05,1.401421e-04,5.144182e-04,-1.209070e+00,1.823446e-01,4.468036e+00
1280,4.937409e-17,4.922597e-14,5.151543e-05,5.274611e-06,5.282075e-04,-1.887880e+00,3.355767e+00,1.435399e+01
1281,2.889012e-18,2.880345e-15,-3.829159e-05,1.876557e-05,5.153109e-04,1.041073e-01,-3.974748e-01,8.874125e+00
1282,3.035028e-18,3.025923e-15,7.261920e-07,-1.593402e-04,4.767024e-04,-3.790072e-01,-1.344532e+00,3.765724e+00
1283,3.244726e-17,3.234992e-14,-1.511543e-04,-2.401257e-05,4.911376e-04,-1.108077e-02,-4.019482e-02,1.216649e+00
1284,6.288592e-18,6.269727e-15,-1.251060e-05,1.303803e-04,5.406868e-04,-4.874504e-02,1.129028e+00,5.633408e+00
1286,1.278106e-16,1.274272e-13,4.570811e-05,-9.331300e-06,5.276769e-04,-1.338922e+00,-8.775650e-01,2.076770e+01
1287,1.153414e-18,1.149953e-15,-6.171430e-05,-8.221946e-07,4.878866e-04,-9.039005e-01,2.564418e-01,1.046411e+01
1288,1.861683e-17,1.856098e-14,4.506637e-06,-1.810216e-04,4.876340e-04,-7.941004e-01,7.584119e-02,1.059198e+01
1289,4.782951e-19,4.768602e-16,-1.253917e-04,-1.601737e-05,4.793337e-04,9.883150e-01,-9.068963e-01,7.147047e+00
1290,2.889195e-16,2.880528e-13,7.113947e-06,1.478187e-04,5.351999e-04,-5.707688e-01,-1.129747e+00,9.606684e+00
1292,2.456895e-17,2.449524e-14,7.186668e-05,9.529612e-06,5.420649e-04,5.416721e-01,-1.097873e+00,4.260195e+00
1293,3.834195e-17,3.822693e-14,-3.525974e-05,3.976495e-06,5.132200e-04,-2.595707e-01,-2.105306e-01,2.363067e+00
1294,3.823126e-18,3.811657e-15,5.527086e-06,-1.834384e-04,4.901046e-04,8.584939e-01,1.664392e+00,1.439399e+00
1296,6.818489e-17,6.798033e-14,6.919635e-06,2.091725e-04,4.815076e-04,4.015674e-01,3.033220e+00,3.289002e+00
1298,2.661767e-17,2.653782e-14,4.131334e-05,2.405791e-05,4.862203e-04,-1.144121e-01,1.119588e-01,1.469128e+00
1299,8.447198e-18,8.421857e-15,-3.280101e-05,-7.168270e-07,5.156416e-04,-1.606762e-01,-6.101469e-01,1.068644e+01
1300,4.038828e-18,4.026712e-15,-1.484593e-05,-1.710869e-04,4.972800e-04,-3.225230e-02,4.930304e-02,3.377603e+00
1301,1.544130e-18,1.539498e-15,-8.749186e-05,-6.290848e-06,4.793318e-04,-8.799738e-01,3.892094e+00,1.649510e+00
1302,4.170618e-18,4.158106e-15,1.070168e-05,2.163861e-04,4.796764e-04,-8.216090e-01,-3.748446e-01,2.081611e+00
1304,1.164437e-18,1.160944e-15,3.672375e-05,-2.352054e-06,5.155701e-04,3.705424e-01,-2.511315e-01,1.261347e+00
1305,4.905332e-18,4.890616e-15,-5.546260e-05,7.806696e-06,4.988683e-04,2.010274e-01,-1.111669e-01,1.753762e+00
1306,1.655442e-17,1.650475e-14,-1.174083e-05,-1.677722e-04,4.877158e-04,6.924905e-01,-2.929030e-01,1.319983e+01
1307,5.574137e-19,5.557414e-16,-1.406634e-04,-8.984714e-06,4.808944e-04,-9.825761e-01,-6.950936e-01,3.371002e+00
1308,1.385042e-18,1.380887e-15,3.993703e-06,1.616434e-04,5.119652e-04,-5.294267e-02,4.767014e-01,3.797951e+00
1310,2.743556e-18,2.735325e-15,4.569454e-05,-1.292665e-05,5.357912e-04,-3.176252e+00,-1.099131e+00,3.096500e+01
1311,3.033583e-18,3.024482e-15,-4.920442e-05,-1.570519e-06,4.984228e-04,5.303331e-01,4.169370e-01,1.051355e+01
1312,2.226341e-18,2.219662e-15,2.021343e-05,-2.062419e-04,4.912342e-04,-1.201239e+00,1.095326e-01,-7.849564e-01
1313,1.557731e-17,1.553058e-14,-1.771096e-04,2.425430e-05,4.782876e-04,-5.056645e-02,3.947810e-02,1.518879e+00
1314,1.519693e-17,1.515134e-14,-1.672156e-05,2.046576e-04,4.770306e-04,4.622568e-01,-1.751678e+00,6.061808e-01
1316,2.939576e-17,2.930758e-14,5.539503e-05,-1.013575e-05,5.399295e-04,-5.268676e-01,6.822024e-01,4.755762e+00
1317,4.994632e-17,4.979648e-14,-5.517162e-05,-1.447073e-05,4.913990e-04,-8.541501e-01,4.579850e-01,2.146831e+00
1318,1.020237e-18,1.017176e-15,1.403014e-05,-2.156275e-04,5.187426e-04,-3.261417e-01,1.995376e-02,5.037638e+00
1319,4.396261e-18,4.383072e-15,-1.851618e-04,1.015098e-05,4.925442e-04,5.880701e-01,2.165413e-01,6.126454e-01
1320,2.116539e-18,2.110190e-15,2.460948e-05,1.852934e-04,4.914093e-04,3.241493e-02,-5.652409e-02,1.240074e+00
1322,8.035323e-18,8.011217e-15,3.458106e-05,1.042791e-05,4.885265e-04,-3.477156e-01,1.290557e-02,2.807252e+00
1323,1.093388e-18,1.090107e-15,-4.219971e-05,-1.794255e-05,5.088876e-04,-2.015363e-02,-1.563771e-01,-5.581357e-01
1324,3.216621e-17,3.206971e-14,-2.401677e-05,-1.574997e-04,4.820903e-04,-5.040497e-02,3.584368e-02,1.249748e+00
1325,1.503892e-16,1.499380e-13,-1.779165e-04,2.149957e-06,4.913336e-04,-3.377575e-01,2.493267e+00,1.564705e+01
1326,2.024173e-17,2.018101e-14,1.178251e-05,1.567215e-04,5.127701e-04,-1.085186e-01,-1.788400e-01,5.866421e+00
1328,2.130821e-17,2.124428e-14,2.035575e-05,1.710410e-06,4.907973e-04,-2.698439e+00,7.790548e-01,2.067406e+00
1329,1.874100e-18,1.868477e-15,-6.015682e-05,-2.460949e-05,4.852054e-04,-1.668018e-01,4.667643e-03,1.359479e+00
1330,1.251930e-16,1.248174e-13,7.581173e-06,-2.324276e-04,5.379144e-04,2.599068e-01,-4.226558e-01,1.287538e+01
1331,1.200159e-17,1.196558e-14,-1.804710e-04,5.109699e-09,5.105411e-04,4.273813e-01,-1.712763e-01,6.463088e+00
1332,2.143773e-18,2.137341e-15,-2.031441e-05,1.843635e-04,4.859805e-04,-1.240859e-01,4.003364e-01,4.299880e-01
1334,1.254734e-18,1.250969e-15,3.280704e-05,-6.241490e-06,5.095313e-04,-8.198574e-02,9.028440e-02,2.361117e+00
1335,8.864913e-17,8.838318e-14,-1.631482e-05,-6.065662e-06,5.316532e-04,-1.733748e-01,4.235030e-03,4.285381e+00
1336,2.788046e-18,2.779681e-15,1.021136e-05,-2.296425e-04,5.338306e-04,2.323770e-01,-4.920908e+00,5.836922e+00
1337,1.038132e-16,1.035018e-13,-2.037953e-04,-1.735755e-06,5.409403e-04,2.955610e+00,-8.667356e-01,7.143781e+00
1338,6.418447e-18,6.399192e-15,-1.549471e-06,1.483141e-04,5.293895e-04,-7.420317e-03,-1.953137e-01,5.236782e+00
1340,7.504620e-18,7.482106e-15,6.256615e-05,8.498917e-06,5.277977e-04,3.366424e+00,7.954889e-01,1.457893e+01
1341,2.285159e-18,2.278304e-15,-5.704538e-05,1.795699e-05,4.984277e-04,1.910762e-01,-1.358223e-02,-1.899101e+00
1342,2.406448e-18,2.399228e-15,1.089515e-05,-2.406742e-04,5.497150e-04,-1.210237e-01,-1.051682e-01,1.799064e+01
1343,1.479796e-17,1.475356e-14,-1.921689e-04,7.280895e-06,5.219881e-04,-3.270977e-01,2.126703e+00,1.825032e+01
1344,4.807065e-17,4.792644e-14,-1.769048e-05,1.656578e-04,4.943948e-04,-5.140049e-01,-1.682730e+00,4.267820e+00
1346,2.063751e-16,2.057560e-13,5.527665e-05,-4.956880e-06,5.287967e-04,-9.157666e-01,6.051298e-01,1.994940e+01
1347,1.046967e-18,1.043826e-15,-3.983158e-05,-1.642470e-05,5.035088e-04,-4.356004e-01,-1.876977e-01,-5.906473e-01
1348,2.472668e-18,2.465250e-15,1.644413e-05,-2.398784e-04,5.359861e-04,4.643176e-02,-4.324403e-02,7.247692e+00
1349,1.789772e-17,1.784403e-14,-1.387246e-04,-1.265539e-05,4.869661e-04,-1.731975e+00,-2.828871e+00,5.258090e+00
1350,6.511459e-18,6.491924e-15,-7.860501e-06,1.607772e-04,5.162778e-04,-7.651147e-01,1.988253e+00,4.216851e+00
1352,2.716873e-16,2.708723e-13,6.697769e-05,-7.141400e-06,5.451660e-04,-1.177574e+00,3.151729e-01,9.126824e+00
1353,1.598124e-17,1.593329e-14,-4.293399e-05,-2.426296e-05,4.976196e-04,1.523871e-02,8.581637e-02,1.718064e+00
1354,8.333288e-18,8.308288e-15,-1.251084e-05,-1.819983e-04,5.214487e-04,-4.604386e-01,-6.698102e-01,4.404365e+00
1356,1.440763e-16,1.436441e-13,-7.135935e-06,1.993424e-04,4.803355e-04,8.670220e-01,1.873004e+00,8.333481e-01
1358,5.410439e-18,5.394208e-15,4.062856e-05,1.320368e-05,4.914289e-04,8.345584e-01,1.173145e+00,1.688611e+01
1359,2.598207e-18,2.590413e-15,-6.167979e-05,-9.384590e-07,4.837911e-04,2.955418e-01,-6.537311e-01,6.893873e+00
1360,3.142196e-18,3.132770e-15,-9.374119e-06,-1.812439e-04,4.992012e-04,-1.332960e-01,9.225403e-02,4.876139e+00
1361,2.762226e-18,2.753939e-15,-1.444970e-04,-3.130886e-06,4.774509e-04,2.800449e-01,7.934031e-02,-1.010661e+00
1362,6.798225e-17,6.777830e-14,5.535602e-06,1.995148e-04,4.827592e-04,-1.621694e+00,-2.664798e+00,7.956872e+00
1364,2.356026e-17,2.348957e-14,3.347880e-05,2.261280e-06,4.925955e-04,-1.538416e-01,-2.042159e+00,7.200181e+00
1365,1.901077e-17,1.895374e-14,-4.233953e-05,-9.321584e-06,5.019725e-04,2.328386e+00,3.041430e-01,2.263714e+01
1366,4.549355e-17,4.535707e-14,2.390821e-05,-2.158669e-04,4.953412e-04,1.153068e-01,-1.300317e-01,1.573412e+00
1367,7.937151e-19,7.913340e-16,-1.261719e-04,-1.523443e-05,4.765972e-04,3.885864e-01,-3.791905e-01,4.274404e+00
1368,2.450889e-19,2.443537e-16,-4.299328e-06,1.652342e-04,5.065031e-04,2.020119e-01,2.611310e-01,1.561032e+01
1370,2.580225e-18,2.572485e-15,3.437405e-05,3.123890e-06,4.990812e-04,2.516264e-02,-2.664784e-02,-1.048832e+00
1371,4.332395e-18,4.319397e-15,-3.280863e-05,1.327397e-05,5.178301e-04,1.005026e-01,1.441919e-01,8.503428e+00
1372,3.727040e-17,3.715859e-14,1.340872e-05,-2.128340e-04,4.984754e-04,1.903902e+00,1.417788e-01,4.844032e+00
1373,4.679071e-18,4.665034e-15,-1.890482e-04,1.719157e-05,4.895311e-04,-3.446272e-02,1.966292e-01,1.646426e+00
1374,9.018270e-18,8.991215e-15,-4.701606e-06,1.655602e-04,5.012690e-04,1.416420e-01,7.851821e-01,1.047563e+01
1376,5.568626e-18,5.551920e-15,2.656371e-05,-1.075943e-07,4.964823e-04,5.999058e-01,5.092682e-01,1.761388e+00
1377,2.684589e-18,2.676536e-15,-2.578513e-05,-6.238178e-06,5.234419e-04,7.148373e-01,3.880681e-01,1.010962e+01
1378,1.580112e-18,1.575371e-15,1.002651e-05,-2.070329e-04,4.954560e-04,7.146448e-02,5.744723e-02,3.067827e+00
1379,3.474302e-18,3.463879e-15,-1.937495e-04,1.561997e-05,4.976648e-04,-3.806681e-01,1.300439e-01,3.568891e+00
1380,2.377553e-18,2.370420e-15,1.094852e-05,1.507809e-04,5.174892e-04,-5.443718e-01,1.786225e-01,7.459465e+00
1382,1.871933e-17,1.866317e-14,4.197329e-05,-6.282709e-07,5.076793e-04,-1.228956e-01,1.186817e+00,2.849445e+00
1383,3.138857e-19,3.129440e-16,-4.570328e-05,3.516116e-06,5.026703e-04,9.447034e-01,6.061074e-01,1.457949e+01
1384,8.046552e-18,8.022413e-15,7.051822e-06,-1.975516e-04,4.947669e-04,-1.568502e-01,-5.444270e-01,9.002120e+00
1385,4.625026e-18,4.611151e-15,-1.703135e-04,2.342030e-06,4.926943e-04,-2.840651e-02,3.389124e-01,8.786647e-01
1386,2.154803e-17,2.148339e-14,1.422988e-05,1.483149e-04,5.355419e-04,-1.794668e+00,-8.819907e-01,6.439734e+00
1388,4.223755e-18,4.211084e-15,4.061410e-05,-1.092387e-05,5.216780e-04,-8.726765e-02,4.937289e-01,1.338129e+01
1389,6.266003e-18,6.247205e-15,-4.918068e-05,-1.578145e-06,4.941237e-04,-3.938120e-01,3.102442e-01,9.031711e+00
1390,2.335790e-17,2.328783e-14,1.337657e-05,-1.904103e-04,4.819312e-04,4.520488e-01,6.840864e-01,1.569029e+00
1391,1.547890e-17,1.543246e-14,-1.733071e-04,8.143449e-06,4.831898e-04,-4.293607e-01,-1.037249e+00,1.029110e+00
1392,1.441243e-17,1.436919e-14,1.098030e-05,1.812483e-04,4.981097e-04,9.717800e-01,-2.114001e-04,7.454499e+00
1394,4.364656e-17,4.351562e-14,3.633786e-05,-1.448338e-05,5.165757e-04,1.447443e+00,-7.851912e-01,8.843203e+00
1395,4.860830e-18,4.846248e-15,-3.440159e-05,-2.202866e-05,5.070823e-04,-1.110753e-01,-8.215983e-01,1.914315e+01
1396,1.224777e-17,1.221102e-14,-2.427946e-05,-1.695739e-04,4.906357e-04,5.827647e-03,3.301078e-02,1.594888e+00
1398,9.099695e-17,9.072395e-14,1.450144e-05,1.886809e-04,4.846811e-04,-3.229524e-01,-7.088028e-01,2.503441e+00
1400,2.546088e-18,2.538449e-15,5.398772e-06,1.402195e-05,4.858264e-04,5.732186e-01,9.955651e-02,-1.209595e+00
1401,3.607049e-17,3.596228e-14,-4.547281e-05,1.093897e-05,4.978952e-04,8.702977e-01,1.973119e-02,1.211027e+01
1402,1.048119e-18,1.044975e-15,-1.399687e-05,-1.480470e-04,4.813936e-04,-6.429269e-01,6.534753e-01,1.116565e+01
1403,5.262221e-18,5.246434e-15,-1.562819e-04,-5.934498e-06,4.866602e-04,3.336303e+00,-2.372515e+00,7.731909e+00
1404,1.695108e-18,1.690022e-15,-1.038275e-05,2.018124e-04,4.785589e-04,1.021661e+00,-2.612495e+00,5.321734e+00
1406,8.943312e-18,8.916482e-15,3.909043e-05,1.328106e-05,4.805280e-04,8.684199e-01,-1.677998e-01,5.062403e+00
1407,5.559974e-18,5.543294e-15,-4.531156e-05,-9.378717e-06,4.956894e-04,-3.765710e-02,2.691513e-01,2.006845e+01
1408,2.295709e-17,2.288822e-14,1.669843e-05,-2.491351e-04,5.416437e-04,2.558946e+00,9.990028e-02,1.182910e+01
1409,3.462043e-18,3.451657e-15,-1.588750e-04,-4.855049e-06,4.888027e-04,4.616073e-01,1.269727e+00,6.245192e+00
1410,2.844979e-18,2.836444e-15,4.685851e-06,1.468746e-04,5.220964e-04,3.727045e-02,-1.834372e-01,7.318784e+00
1412,2.116698e-17,2.110347e-14,3.119786e-05,6.963882e-06,4.817631e-04,2.832811e-01,-1.439255e+00,9.176311e-01
1413,1.249564e-17,1.245815e-14,-4.682265e-05,-4.743295e-06,4.906279e-04,6.356106e-01,8.125186e-02,1.311881e+01
1414,1.122906e-18,1.119537e-15,-7.033004e-06,-2.007797e-04,5.397784e-04,-4.975654e-02,1.300117e-01,3.087406e+00
1415,2.094905e-18,2.088620e-15,-2.281198e-04,1.485694e-05,5.424294e-04,3.378932e-03,5.755633e-02,7.901501e-01
1416,3.756369e-16,3.745100e-13,1.281782e-05,1.314138e-04,5.277462e-04,4.357882e-01,-3.142930e-01,8.519079e+00
1418,9.285522e-17,9.257665e-14,3.523088e-05,-3.487247e-06,4.996951e-04,-6.755874e-01,3.399918e-01,5.711949e+00
1419,2.963255e-17,2.954365e-14,-6.931850e-05,-7.804038e-06,4.800729e-04,-1.411351e-01,6.988578e-01,5.126274e+00
1420,1.244658e-17,1.240924e-14,-2.023295e-05,-1.896049e-04,5.175517e-04,-2.486497e-01,-6.842529e-02,3.746123e+00
1421,9.763746e-19,9.734455e-16,-2.226588e-04,9.387183e-06,5.434189e-04,2.181076e-02,5.171407e-02,1.712158e+00
1422,1.371243e-18,1.367129e-15,-1.561610e-06,1.851628e-04,4.894481e-04,-5.600240e-02,1.438804e-01,1.034681e+00
1424,3.054173e-18,3.045011e-15,2.813208e-05,-1.325292e-05,5.144702e-04,8.329031e-02,1.138911e+00,3.053514e+00
1425,4.196894e-18,4.184303e-15,-1.562090e-06,-1.562435e-05,5.425412e-04,-2.504067e-01,-1.429337e-01,5.506980e+00
1426,2.046678e-17,2.040538e-14,-3.760821e-06,-1.633694e-04,4.777734e-04,1.040507e-01,-6.124402e-01,2.446502e+00
1427,1.188368e-16,1.184803e-13,-2.193472e-04,4.080125e-06,5.390656e-04,-1.629943e+00,2.367589e+00,1.382454e+01
1428,1.928924e-17,1.923138e-14,-5.786958e-06,1.851238e-04,4.856332e-04,2.990676e+00,-1.366785e+00,3.904353e+00
1430,1.949458e-17,1.943610e-14,5.956051e-05,1.152697e-05,5.131086e-04,2.770719e+00,1.148420e+00,1.110507e+01
1431,3.728711e-18,3.717525e-15,-3.440327e-05,-1.984402e-05,5.024895e-04,7.995616e-02,1.195454e+00,1.659070e+01
1432,6.076639e-17,6.058409e-14,4.087257e-06,-1.939143e-04,4.881093e-04,5.744919e-01,1.461533e+00,7.439912e+00
1433,2.441047e-18,2.433723e-15,-1.328125e-04,-1.484176e-05,4.789998e-04,4.201235e-03,-5.208930e-01,1.543010e+00
1434,2.186302e-17,2.179743e-14,-2.411615e-05,1.403342e-04,4.995009e-04,-9.157754e-02,-1.431098e-02,6.843483e-01
1436,2.140134e-18,2.133714e-15,2.734353e-05,-1.325578e-05,5.061286e-04,-7.416862e-03,1.576510e-01,6.133022e+00
1438,4.849836e-18,4.835286e-15,5.507596e-06,-2.062506e-04,5.085389e-04,-2.289496e-01,4.046629e-02,9.698100e+00
1439,2.622744e-18,2.614876e-15,-1.718613e-04,-1.482111e-05,5.053471e-04,-3.409451e-01,-5.489525e+00,1.585403e+01
1440,4.985478e-17,4.970522e-14,-4.979828e-06,1.485705e-04,5.094491e-04,1.466969e+00,-3.328933e-01,7.318964e+00
1442,2.251659e-18,2.244904e-15,3.359210e-05,3.910299e-06,4.867369e-04,1.223442e-01,-1.733153e-02,5.610530e+00
1443,1.987797e-17,1.981834e-14,-1.630939e-05,-1.457505e-05,5.203817e-04,1.019251e+00,-6.306795e-01,3.185239e+00
1444,5.182259e-19,5.166712e-16,1.601599e-05,-2.093845e-04,4.933868e-04,-2.812537e-01,-1.864185e-01,1.218929e+00
1446,7.186149e-17,7.164591e-14,-1.560654e-05,1.102271e-04,5.479675e-04,8.470513e-01,-2.912701e-01,5.764336e+00
1448,5.581999e-17,5.565253e-14,5.298172e-05,3.022479e-06,4.995824e-04,1.649020e+00,1.978878e-01,9.657096e+00
1449,3.110831e-18,3.101499e-15,-3.828517e-05,1.875390e-05,4.969030e-04,3.984822e-01,-2.603614e-01,4.463250e+00
1450,3.186400e-17,3.176841e-14,7.965497e-06,-2.156229e-04,5.113204e-04,-2.659485e-01,-2.143437e+00,8.044028e+00
1451,1.764258e-17,1.758965e-14,-1.942442e-04,2.423888e-05,4.880236e-04,-6.482316e-02,-2.297233e-02,1.542968e+00
1452,9.183527e-19,9.155976e-16,-3.765683e-06,1.584463e-04,5.133696e-04,5.197349e-01,-1.412197e-01,8.662983e+00
1454,1.316267e-18,1.312318e-15,5.547524e-05,1.482539e-05,4.910365e-04,3.899845e-01,-6.319973e-02,2.301498e+00
1455,2.172010e-18,2.165494e-15,-4.458713e-05,4.098725e-06,4.961048e-04,1.665299e+00,4.644551e-01,3.584242e+00
1456,2.387705e-19,2.380542e-16,-1.289165e-05,-1.480463e-04,4.793339e-04,2.857365e+00,1.654273e+00,6.204674e+00
1457,1.746390e-17,1.741151e-14,-1.769887e-04,1.454509e-05,4.762751e-04,6.158204e-01,-2.023368e-01,-1.128745e+00
1458,4.298877e-18,4.285981e-15,-5.389214e-06,1.924690e-04,4.859130e-04,2.541564e-01,9.446542e-01,8.162228e+00
1460,6.256225e-17,6.237456e-14,6.156931e-05,2.395050e-06,5.202302e-04,2.863687e+00,9.377259e-02,1.464460e+01
1461,5.970867e-18,5.952955e-15,-5.002911e-05,-1.547111e-06,4.899570e-04,1.668762e-02,-6.301188e-03,1.058644e+01
1462,5.551915e-17,5.535259e-14,-2.175596e-05,-1.833021e-04,5.089336e-04,-6.515743e-01,9.793540e-02,3.515226e+00
1463,1.751602e-17,1.746348e-14,-1.913178e-04,-1.130386e-05,5.267538e-04,5.024886e-01,-9.932223e-02,5.451371e+00
1464,8.429702e-17,8.404413e-14,1.970780e-06,1.418759e-04,5.160297e-04,-2.225205e-02,3.474201e-01,5.710174e+00
1466,3.411772e-18,3.401537e-15,3.671439e-05,-7.821951e-06,5.106973e-04,1.033679e-01,-4.513899e-01,1.646290e+00
1467,6.084668e-18,6.066414e-15,-1.384195e-05,-1.953217e-05,5.253241e-04,2.203729e+00,1.146372e-01,4.054437e+00
1468,1.309207e-16,1.305279e-13,4.909015e-06,-2.218310e-04,5.253783e-04,-1.409685e+00,2.862962e-01,5.724041e+00
1469,6.033394e-18,6.015294e-15,-1.968801e-04,-4.691582e-06,5.358072e-04,-4.783977e-03,-8.756751e-02,4.956316e+00
1470,2.278596e-18,2.271760e-15,-1.172732e-05,1.242271e-04,5.220209e-04,-4.133241e-01,3.248351e-02,3.756775e+00
1472,2.323173e-17,2.316203e-14,5.039847e-05,1.539045e-05,4.856627e-04,1.142448e+00,1.518954e-01,3.703477e+00
1473,3.937293e-17,3.925481e-14,-1.615913e-05,-2.121372e-05,5.163903e-04,-5.807021e+00,-2.649406e+00,1.550359e+01
1474,1.732960e-16,1.727761e-13,-5.767946e-06,-2.369471e-04,5.479350e-04,4.054440e-01,-9.260312e-02,8.211731e+00
1475,3.179053e-19,3.169516e-16,-1.589845e-04,-6.641468e-06,4.902385e-04,-2.691132e-01,1.826201e+00,3.903656e+00
1476,1.071379e-17,1.068164e-14,-2.141568e-05,1.276605e-04,5.103670e-04,3.728905e-01,-1.332655e+00,4.446383e+00
1478,3.427284e-18,3.417002e-15,1.249506e-05,1.831829e-05,4.735405e-04,-2.642373e+00,-1.804163e+00,4.361224e+00
1479,2.481589e-17,2.474144e-14,6.332010e-07,-1.245277e-05,5.393078e-04,1.401303e+00,-1.202804e+00,4.083037e+00
1480,2.430652e-19,2.423360e-16,-1.210983e-05,-1.480470e-04,4.785540e-04,2.707565e+00,1.293093e+00,4.806645e+00
1481,1.631986e-17,1.627090e-14,-2.297528e-04,1.550449e-05,5.373464e-04,-4.494454e+00,-5.767168e-01,9.478739e+00
1482,1.052986e-18,1.049828e-15,-7.024939e-06,1.585880e-04,5.065218e-04,-7.980740e-03,3.635878e-01,9.663484e+00
1484,1.237116e-18,1.233404e-15,4.218752e-05,3.123781e-06,4.972237e-04,-6.674921e-02,-4.795341e-02,7.641531e-03
1485,1.251535e-17,1.247781e-14,-3.513651e-05,-1.411467e-05,5.047980e-04,-1.133834e-01,2.187350e-01,1.317462e+01
1486,9.306897e-19,9.278977e-16,6.898971e-06,-1.756173e-04,4.777711e-04,-2.285192e-01,2.683978e-01,2.471351e+00
1487,1.946377e-17,1.940538e-14,-2.041274e-04,1.245343e-05,5.190891e-04,-3.982305e-01,-1.756577e-01,8.428764e+00
1488,7.706237e-18,7.683118e-15,-8.591517e-06,1.577853e-04,5.009961e-04,5.618573e-03,-1.444030e-01,9.706902e+00
1490,3.057323e-17,3.048151e-14,6.799117e-05,1.801850e-05,4.895254e-04,3.304429e-01,-2.353624e-01,1.279160e+01
1491,2.486595e-18,2.479135e-15,-1.559054e-05,-1.007425e-05,5.220920e-04,2.665135e+00,-5.298282e-01,6.800668e+00
1492,1.557339e-16,1.552667e-13,2.116869e-06,-1.997025e-04,4.923756e-04,1.709811e+00,1.051183e+00,1.169226e+01
1493,2.892784e-18,2.884105e-15,-1.328177e-04,-1.484960e-05,4.765367e-04,-2.547879e-01,5.275855e-01,1.206338e+00
1494,4.814571e-18,4.800127e-15,-1.015683e-05,1.695482e-04,4.965513e-04,5.695597e-01,-1.300971e+00,1.930746e+01
1496,2.449175e-16,2.441827e-13,5.495195e-05,-5.263555e-06,5.098236e-04,2.393319e-01,-1.820460e+00,1.821970e+01
1497,4.146293e-17,4.133854e-14,-3.473506e-05,1.467410e-05,4.988155e-04,2.650685e-01,3.178387e-01,6.798189e+00
1498,3.374591e-18,3.364467e-15,8.035564e-06,-2.140547e-04,5.045425e-04,6.165989e-01,-8.630302e-02,4.663927e+00
1499,2.758165e-17,2.749890e-14,-1.843986e-04,-1.956250e-05,5.181920e-04,3.458736e-01,-1.739727e+00,2.727510e+00
1500,2.335213e-18,2.328207e-15,-1.100730e-05,1.641435e-04,5.006565e-04,-1.268869e+00,-7.175557e-01,1.481661e+01
1502,4.579511e-18,4.565773e-15,3.904951e-05,-1.092466e-05,5.103718e-04,-7.139350e-01,5.969980e-01,1.050118e+01
1503,7.129606e-18,7.108217e-15,-3.281703e-05,1.328377e-05,5.055809e-04,-2.423665e-01,-4.977270e-01,5.367768e+00
1504,1.736340e-16,1.731131e-13,-5.589585e-06,-2.134133e-04,5.298112e-04,1.106969e+00,4.736345e-01,7.614613e+00
1505,1.064710e-18,1.061516e-15,-1.632883e-04,-1.639668e-05,4.933870e-04,1.934813e-01,6.914108e-02,-3.349204e-01
1506,9.799653e-19,9.770254e-16,7.722215e-07,1.226463e-04,5.411724e-04,-4.120601e-02,-1.300388e-01,2.519403e+00
1508,2.761105e-18,2.752822e-15,3.985310e-05,-1.953653e-05,5.175462e-04,4.261137e-01,-1.991691e-01,4.574456e-01
1509,6.056843e-18,6.038672e-15,-4.709144e-05,-8.561376e-06,4.886912e-04,-2.799098e-01,-1.093810e+00,1.439900e+01
1510,5.725255e-18,5.708079e-15,-5.218100e-06,-2.078163e-04,5.342801e-04,2.334360e-01,6.620326e-02,7.542310e+00
1511,4.170867e-18,4.158354e-15,-1.718672e-04,-1.352390e-05,5.013482e-04,6.484784e-02,-3.618772e+00,1.484462e+01
1512,3.180086e-17,3.170546e-14,-7.908046e-06,1.255212e-04,5.368666e-04,-1.161799e+00,4.120326e+00,1.042682e+01
1514,6.500805e-18,6.481303e-15,3.080747e-06,1.585422e-06,4.848369e-04,4.914072e-01,2.094893e-01,-1.354065e+00
1515,3.449068e-17,3.438721e-14,-1.762776e-05,1.525419e-06,5.185183e-04,2.751315e-01,2.591902e-01,4.831349e+00
1516,5.139726e-19,5.124307e-16,-1.757751e-05,-1.601446e-04,4.824630e-04,1.733748e-01,7.582483e-01,4.528281e+00
1517,2.426522e-16,2.419242e-13,-1.871787e-04,-1.616673e-06,4.961079e-04,1.291581e+00,8.267595e-01,7.116383e+00
1518,6.094712e-18,6.076428e-15,-1.327774e-05,1.984799e-04,4.729974e-04,1.259162e+00,6.228657e-01,-6.335206e+00
1521,2.203986e-18,2.197374e-15,7.796971e-07,-9.374117e-06,5.471760e-04,-2.574200e-02,2.783612e-02,2.549604e+00
1522,6.931564e-18,6.910769e-15,1.693256e-05,-2.312509e-04,5.249571e-04,3.127448e+00,7.021655e-01,2.962551e+01
1523,1.174997e-18,1.171472e-15,-1.941406e-04,7.781246e-06,4.991723e-04,-7.038067e-01,-4.267859e-01,1.903892e+01
1524,3.077941e-18,3.068707e-15,-1.247115e-05,2.046938e-04,4.757605e-04,6.353955e-01,9.280416e-01,-9.227362e-01
1526,2.818161e-17,2.809707e-14,9.117044e-06,5.808442e-06,4.809997e-04,-1.070965e+00,-2.004619e+00,4.428746e+00
1527,1.900592e-18,1.894890e-15,3.761682e-06,-1.991811e-05,5.465846e-04,-2.520579e+00,-1.674835e+00,1.144313e+01
1528,2.741719e-17,2.733494e-14,-7.048613e-07,-2.257786e-04,5.296316e-04,3.447042e-01,4.898648e-01,5.785461e+00
1529,4.277912e-17,4.265078e-14,-1.960042e-04,7.554373e-06,5.017256e-04,-3.343384e-01,-3.364783e-01,1.492330e+01
1530,1.370902e-17,1.366790e-14,-4.114198e-07,1.531528e-04,5.109882e-04,4.176376e-01,-2.700703e-02,7.919310e+00
1532,4.044795e-19,4.032661e-16,1.289109e-05,1.992221e-05,4.715196e-04,-1.164789e+00,-1.770140e+00,2.472405e+00
1533,1.956900e-18,1.951029e-15,1.693702e-06,-2.406860e-05,5.344232e-04,-3.568373e-01,-4.073810e-01,-1.398331e+00
1534,4.813119e-18,4.798679e-15,5.385843e-06,-1.812831e-04,4.817003e-04,-6.365523e-01,5.734163e-01,9.389115e+00
1535,4.073691e-18,4.061470e-15,-1.711087e-04,-6.453443e-06,4.953769e-04,-5.153437e+00,-8.513023e-01,2.887926e+01
1536,1.918753e-18,1.912996e-15,-1.791224e-05,2.124234e-04,4.721718e-04,7.044773e-01,1.676719e-01,-3.733585e+00
1538,2.399157e-18,2.391959e-15,1.445317e-05,1.523448e-05,4.727524e-04,-1.536982e+00,7.186847e-02,9.569644e+00
1539,2.045730e-18,2.039593e-15,-4.147754e-05,-1.164998e-05,4.929042e-04,1.590701e-01,1.053629e-01,6.896363e+00
1540,3.796026e-17,3.784638e-14,-1.045145e-05,-1.890352e-04,5.082563e-04,-3.462271e-01,5.098295e-01,4.941370e+00
1541,2.428924e-19,2.421638e-16,-1.730467e-04,-3.517462e-06,4.917826e-04,4.895433e-01,5.289842e-01,5.298309e+00
1542,9.287586e-18,9.259724e-15,1.250580e-05,1.585972e-04,5.003863e-04,9.808821e-02,1.620345e-01,4.961632e+00
1544,5.761870e-19,5.744585e-16,1.289054e-05,1.601569e-05,4.750729e-04,-2.788580e+00,-7.874046e-01,1.182118e+01
1545,9.527323e-19,9.498741e-16,-4.153910e-05,-1.132893e-05,4.997875e-04,-1.382605e+00,3.094486e+00,8.925331e+00
1546,2.564291e-18,2.556598e-15,-3.896549e-06,-1.695432e-04,4.813342e-04,-6.482932e-02,2.693263e-02,6.200015e-01
1547,6.467640e-17,6.448237e-14,-2.039613e-04,-1.165292e-05,5.380141e-04,-4.481408e-01,1.013152e+00,8.943318e+00
1548,3.788133e-18,3.776768e-15,1.558417e-05,1.687324e-04,4.955230e-04,4.154643e-01,-1.674729e-01,5.895330e-01
1550,3.757662e-17,3.746389e-14,7.276392e-05,2.400528e-05,4.912451e-04,-1.260848e-02,3.242890e-02,1.069475e+00
1551,4.701863e-18,4.687757e-15,-3.818093e-05,-2.460941e-05,4.902085e-04,-7.883074e-02,-4.156673e-03,2.840814e+00
1552,2.287079e-18,2.280218e-15,-1.094681e-05,-1.718724e-04,4.844017e-04,3.507702e-01,-1.613066e-01,9.554944e-01
1553,1.724946e-16,1.719771e-13,-2.154317e-04,-1.686580e-05,5.464043e-04,-4.051998e-01,-2.644278e-02,7.493832e+00
1554,4.719950e-18,4.705790e-15,1.016277e-05,1.527102e-04,5.061480e-04,3.406770e-02,-1.974962e+00,5.608712e+00
1556,5.215723e-18,5.200076e-15,7.187678e-05,1.368411e-05,5.023342e-04,-6.771961e-02,-5.693543e-02,1.208110e+00
1557,7.459840e-19,7.437461e-16,-6.445281e-05,-1.289066e-05,4.727445e-04,6.900854e-01,-6.761797e+00,1.492937e+01
1558,6.902610e-18,6.881902e-15,-6.266972e-06,-1.669685e-04,4.784136e-04,5.154449e-01,-1.229475e+00,-1.295565e+00
1559,7.264886e-18,7.243091e-15,-1.871035e-04,-3.909533e-06,5.171428e-04,3.422242e+00,9.782301e-01,7.412455e+00
1560,1.259200e-18,1.255422e-15,1.014111e-05,1.320245e-04,5.179362e-04,-8.553217e-02,2.396343e-01,9.171585e+00
1562,2.340589e-18,2.333567e-15,6.798904e-05,8.606338e-06,5.030498e-04,-4.781791e-01,9.716722e-02,3.558116e-01
1563,2.915417e-17,2.906671e-14,-5.298900e-05,-7.636303e-06,4.783385e-04,8.064958e-01,3.835889e+00,4.694587e+00
1564,2.715372e-17,2.707226e-14,1.107147e-05,-1.874726e-04,4.780046e-04,-3.094490e-01,-1.662514e+00,2.639423e+00
1565,3.215514e-16,3.205867e-13,-2.159765e-04,8.921997e-06,5.171342e-04,9.242336e-01,1.051993e-01,4.698567e+00
1566,2.496183e-18,2.488694e-15,-6.220685e-06,1.929093e-04,4.797433e-04,3.275166e-01,1.938794e+00,2.391198e+00
1568,1.123605e-18,1.120234e-15,1.445345e-05,2.096326e-05,4.686750e-04,2.177185e+00,3.064678e+00,-3.831164e+00
1569,9.423891e-17,9.395620e-14,-4.381003e-05,4.642016e-06,4.903272e-04,1.283053e+00,5.642364e-01,7.622056e+00
1570,2.127977e-18,2.121593e-15,2.964450e-06,-1.960801e-04,4.962128e-04,2.423061e+00,1.851979e-03,1.423667e+01
1571,1.076785e-16,1.073555e-13,-2.081714e-04,8.374469e-06,5.255527e-04,-1.037125e+00,-1.262253e+00,8.460977e+00
1572,4.753606e-19,4.739345e-16,1.952199e-06,1.359340e-04,5.231650e-04,2.772299e-01,8.321162e-02,5.024460e+00
1574,2.634701e-18,2.626797e-15,6.249807e-05,-1.406114e-05,5.352985e-04,-3.235614e-02,1.012093e-02,5.777738e+00
1575,1.073942e-17,1.070720e-14,-6.249988e-06,-1.731054e-05,5.219214e-04,-2.729868e-02,-1.945343e+00,1.261483e+00
1576,1.533212e-18,1.528612e-15,-1.567160e-05,-1.570036e-04,4.793368e-04,5.911222e-01,-1.809837e+00,1.694183e+00
1577,1.291525e-18,1.287650e-15,-1.945497e-04,7.806319e-06,4.956957e-04,1.221131e-01,-9.529287e-02,1.411154e+01
1578,3.377233e-18,3.367102e-15,-1.007973e-05,1.687188e-04,4.908949e-04,1.383819e+00,5.817330e-01,1.471009e+01
1580,7.680616e-17,7.657575e-14,3.750943e-05,-3.778463e-06,4.907606e-04,-7.128665e-01,1.280157e+00,5.329113e+00
1581,6.344959e-18,6.325924e-15,8.971544e-06,-1.796347e-05,5.412352e-04,-2.197478e+00,2.126343e-02,9.979326e+00
1582,4.625741e-18,4.611863e-15,1.093959e-05,-2.406249e-04,5.343018e-04,1.264035e-01,-1.334747e-02,1.003108e+01
1583,1.131105e-18,1.127711e-15,-1.695644e-04,-7.964204e-07,4.855522e-04,-5.406908e-01,-2.119742e-01,3.930420e+00
1584,2.909906e-16,2.901176e-13,6.833780e-06,1.181444e-04,5.464890e-04,1.335016e+00,1.504831e+00,9.743605e+00
1586,7.434437e-19,7.412134e-16,1.952312e-05,1.054675e-05,4.707393e-04,1.937711e-01,1.400091e+00,-3.296040e+00
1587,1.167158e-17,1.163656e-14,-3.437377e-05,-1.900329e-05,4.977636e-04,-3.976343e-02,1.928717e-01,1.626420e+01
1588,2.986655e-19,2.977696e-16,-4.296713e-06,-1.621092e-04,4.746466e-04,2.566047e+00,6.940882e-01,3.002535e+00
1590,5.681718e-18,5.664673e-15,-9.397995e-06,1.171852e-04,5.359352e-04,4.771203e-01,4.250569e-01,6.443198e+00
1592,2.470991e-19,2.463578e-16,1.523441e-05,1.445331e-05,4.746408e-04,-1.340637e+00,8.398287e-01,1.254727e+01
1593,2.855035e-19,2.846470e-16,-6.523489e-05,-1.211010e-05,4.730898e-04,2.667881e+00,-5.325522e+00,1.810574e+01
1594,6.899629e-19,6.878930e-16,-4.297225e-06,-1.613279e-04,4.733947e-04,1.262375e+00,1.733821e+00,-4.795224e-01
1595,4.062883e-18,4.050695e-15,-1.989632e-04,-5.447641e-06,5.266011e-04,3.279432e-01,-2.589787e-01,9.254186e+00
1596,5.895824e-19,5.878137e-16,1.601572e-05,1.925784e-04,4.774495e-04,-1.014785e+00,-1.678272e+00,-5.599228e-01
1598,1.433073e-18,1.428774e-15,7.187713e-05,1.488286e-05,5.057889e-04,1.165718e-02,-2.088130e-01,7.295443e-01
1599,1.854383e-17,1.848820e-14,-2.513853e-05,-6.969000e-06,5.107147e-04,-2.122648e-02,-6.592736e-01,9.106806e+00
1600,3.395187e-18,3.385001e-15,7.114741e-06,-1.914049e-04,4.830088e-04,-3.506496e-01,-2.370498e-01,2.713719e+00
1601,8.554316e-18,8.528653e-15,-1.718739e-04,-1.145081e-05,4.962517e-04,-1.956307e-01,-3.190521e+00,1.435856e+01
1602,2.507552e-17,2.500029e-14,1.373954e-05,1.719217e-04,4.932589e-04,-6.198763e-01,3.712099e+00,9.018548e+00
1604,4.271505e-18,4.258690e-15,5.937276e-05,-1.719632e-05,5.319555e-04,-4.296708e-02,-5.135855e-01,5.300074e+00
1605,1.246843e-16,1.243102e-13,-2.346062e-05,-1.142978e-05,5.045079e-04,-3.803095e-01,1.095718e+00,6.113029e+00
1606,3.466367e-18,3.455967e-15,-9.377426e-06,-1.812523e-04,4.843944e-04,-4.408046e-02,3.725623e-01,1.924675e+00
1607,3.955753e-18,3.943886e-15,-2.242394e-04,-3.147725e-06,5.496732e-04,-2.575160e+00,2.535315e-01,1.754289e+01
1608,2.834517e-17,2.826013e-14,-1.709364e-06,1.641509e-04,4.928057e-04,1.459428e+00,2.912718e-01,9.343871e+00
1610,2.749658e-17,2.741409e-14,7.318697e-05,-1.022719e-05,5.450981e-04,-7.653431e-02,1.082568e+00,1.418934e+01
1611,1.222800e-16,1.219132e-13,-9.765511e-06,-2.712206e-06,5.239280e-04,-1.827765e-01,4.369450e-01,6.515446e+00
1612,5.525523e-19,5.508947e-16,5.859386e-06,-1.796728e-04,4.738675e-04,-3.600791e-01,1.150156e+00,-2.389547e+00
1613,1.841246e-17,1.835722e-14,-2.249182e-04,2.149292e-05,5.136311e-04,1.890777e-01,1.841641e+00,6.560500e+00
1614,3.750877e-18,3.739624e-15,1.559529e-06,1.774074e-04,4.900316e-04,-5.876753e-01,1.301975e+00,1.018794e+01
1616,8.152729e-19,8.128271e-16,6.809172e-05,1.835938e-05,4.827126e-04,-3.996370e-01,6.040438e-01,1.042891e+01
1617,6.934370e-18,6.913567e-15,-5.190726e-05,1.727061e-05,4.845071e-04,-1.577921e+00,3.857841e-01,6.720038e+00
1618,8.092617e-19,8.068339e-16,1.548638e-05,-2.000986e-04,4.855757e-04,2.647886e-01,1.882036e-01,1.429909e+01
1619,1.977604e-18,1.971671e-15,-1.764211e-04,1.101591e-05,4.774301e-04,-1.028729e+00,-1.127720e+00,8.909887e-01
1620,1.136649e-17,1.133239e-14,2.428603e-05,1.370819e-04,5.000473e-04,-1.265688e-02,-6.299523e-02,1.778002e+00
1622,3.991444e-18,3.979469e-15,5.937872e-05,-1.718440e-05,5.255937e-04,3.713645e-03,2.838277e-02,4.984276e+00
1623,3.504201e-18,3.493689e-15,-4.218880e-05,1.484902e-05,4.906370e-04,-2.426935e-01,9.200002e-02,7.190751e-01
1624,3.221658e-18,3.211993e-15,3.911823e-06,-2.117138e-04,5.018853e-04,-9.260407e-03,4.818749e-02,7.357632e+00
1625,3.689294e-18,3.678226e-15,-1.796260e-04,-1.252424e-05,5.015152e-04,-1.038657e+00,9.523467e-02,2.613660e+00
1626,5.540948e-19,5.524325e-16,-1.017872e-05,1.847659e-04,4.801153e-04,-6.402179e-01,-2.867446e-01,3.224685e+00
1628,1.297011e-15,1.293120e-12,5.679690e-05,1.414524e-05,4.438526e-04,1.176679e-01,6.605948e-02,3.403729e-01
1629,1.765868e-18,1.760571e-15,-6.275633e-05,-6.923107e-07,4.759280e-04,-1.096524e+00,5.391431e-01,-2.285867e+00
1630,3.797161e-18,3.785769e-15,-3.907719e-06,-2.039071e-04,5.011680e-04,-5.835879e-02,-4.808590e-02,3.006319e+00
1631,4.443799e-17,4.430468e-14,-2.067320e-04,1.330621e-05,5.061133e-04,-4.417471e-01,-1.182058e+00,6.810663e+00
1632,1.269645e-17,1.265836e-14,-2.425951e-05,1.353014e-04,4.984727e-04,-7.608481e-03,4.997553e-01,1.674005e+00
1634,8.114574e-19,8.090231e-16,3.346906e-05,2.500805e-06,4.762037e-04,2.636390e-01,4.047181e-01,1.327200e+00
1635,1.527584e-18,1.523002e-15,-5.066919e-05,-1.641017e-06,4.838720e-04,9.993139e-01,-2.361509e-01,5.202072e+00
1636,6.239181e-17,6.220463e-14,-5.951985e-06,-2.047755e-04,5.166157e-04,-8.901057e-01,2.741656e-01,5.106461e+00
1637,8.918056e-18,8.891302e-15,-2.023462e-04,9.640325e-06,5.163223e-04,9.292782e-02,1.219323e+00,8.790588e+00
1638,2.692540e-18,2.684463e-15,-2.353298e-06,1.531236e-04,5.046038e-04,-1.255823e+00,-2.990220e-01,5.360350e+00
1640,2.609936e-17,2.602106e-14,3.751560e-05,-1.103500e-05,4.869623e-04,2.080366e-01,1.756977e+00,4.060016e+00
1641,6.768936e-17,6.748629e-14,-2.699628e-05,1.336107e-06,5.036413e-04,3.957388e-03,-4.387625e-02,9.347891e+00
1642,5.402372e-18,5.386165e-15,3.820582e-06,-2.117459e-04,5.086536e-04,6.595725e-01,3.886561e-01,9.720525e+00
1643,5.816182e-18,5.798733e-15,-2.375637e-04,6.679240e-06,5.497802e-04,-2.198214e-01,1.439213e-01,1.640732e+01
1644,4.403212e-18,4.390003e-15,-7.816944e-06,1.492210e-04,4.932960e-04,-2.949815e-02,-3.351915e-01,3.307444e+00
1646,2.024118e-18,2.018046e-15,2.658103e-05,-1.317312e-05,4.845945e-04,2.571176e-01,4.200682e-01,-8.959918e-01
1647,3.330334e-17,3.320343e-14,-1.562779e-05,9.377653e-06,5.073123e-04,1.596669e-01,1.914937e+00,3.101226e+01
1648,4.190716e-17,4.178144e-14,-2.163758e-05,-1.813125e-04,4.889864e-04,-1.747381e+00,4.186045e-01,3.884400e+00
1649,9.774707e-18,9.745383e-15,-2.366875e-04,9.352283e-06,5.438627e-04,-6.125585e-01,-8.208993e-01,9.648264e+00
1650,3.234254e-18,3.224551e-15,-1.324223e-05,1.608987e-04,4.930004e-04,6.908851e-01,-8.244217e-01,1.358410e+00
1652,1.484831e-17,1.480377e-14,5.416993e-05,-3.967521e-06,4.978753e-04,-7.596780e-01,1.781017e-01,1.569366e+01
1653,8.050222e-18,8.026072e-15,-1.641527e-05,9.396065e-06,5.229332e-04,4.069270e-01,7.562495e-01,4.353225e+01
1654,1.392183e-18,1.388006e-15,3.653708e-06,-1.758674e-04,4.774831e-04,3.304537e-01,-1.221690e+00,2.681265e+00
1655,3.134036e-18,3.124634e-15,-1.702913e-04,-6.273183e-06,4.898503e-04,-4.381165e+00,-9.850219e-01,2.337438e+01
1656,2.393533e-19,2.386353e-16,-1.601643e-05,1.675776e-04,4.832394e-04,-5.873756e-01,3.651317e-01,4.037574e+00
1658,1.671932e-18,1.666916e-15,4.296121e-05,-4.030002e-06,4.951223e-04,-6.544502e-02,6.372860e-02,4.709544e+00
1659,7.424128e-18,7.401855e-15,-2.266981e-05,1.640270e-05,5.136504e-04,-2.106138e+00,3.303264e-01,1.505204e+00
1660,2.773743e-19,2.765422e-16,1.132751e-05,-1.863275e-04,4.746525e-04,-1.149373e-01,-2.093986e+00,3.343521e+00
1661,5.141797e-19,5.126372e-16,-1.949224e-04,8.204887e-06,4.929711e-04,1.406830e-01,-2.858297e-01,1.145279e+01
1662,2.864627e-19,2.856033e-16,-5.081337e-06,1.738284e-04,4.941256e-04,2.711446e-01,5.430027e-01,5.128622e-01
1664,3.118870e-18,3.109513e-15,6.175698e-05,1.850599e-06,4.909668e-04,-3.698742e-01,4.498422e-01,6.715508e+00
1665,2.386024e-19,2.378866e-16,-4.335997e-05,4.298100e-06,4.941193e-04,2.597385e+00,5.260342e-01,1.064295e+00
1666,3.362953e-17,3.352864e-14,-2.533020e-07,-2.181129e-04,5.130336e-04,2.854425e+00,-1.294031e+00,9.459998e+00
1667,2.425963e-19,2.418685e-16,-1.761716e-04,-3.517388e-06,4.902264e-04,-6.893975e-01,2.082477e+00,6.302846e+00
1668,3.048392e-18,3.039247e-15,-1.098108e-05,1.640612e-04,4.961166e-04,-1.219432e-01,2.147658e-01,1.201980e+01
1670,4.971345e-18,4.956431e-15,6.641500e-05,3.127059e-06,4.957489e-04,-9.062358e-02,6.996963e-02,2.665489e+00
1671,3.985142e-18,3.973187e-15,-4.141467e-05,-1.170471e-05,4.879123e-04,-2.323954e-03,-1.528060e-01,5.209280e+00
1672,4.283876e-18,4.271024e-15,-9.373457e-06,-1.953054e-04,5.073686e-04,1.002133e-02,9.682123e-02,1.148348e+00
1673,1.351297e-16,1.347243e-13,-1.970274e-04,1.168737e-06,5.124190e-04,-3.381119e-02,3.485365e-01,6.511015e+00
1674,5.652775e-17,5.635817e-14,6.947930e-06,1.242016e-04,5.390146e-04,-7.300539e-01,1.930915e+00,1.051169e+01
1676,5.938450e-19,5.920635e-16,6.799539e-05,1.835905e-05,4.793376e-04,-7.634864e-01,-4.072238e-01,4.764685e+00
1677,3.175887e-18,3.166359e-15,-3.437737e-05,-1.796493e-05,4.929616e-04,-1.953337e-01,-3.943735e-01,1.395310e+01
1678,4.712504e-18,4.698366e-15,3.922362e-06,-2.328180e-04,5.334278e-04,-6.138521e-02,-2.862037e-01,1.896530e+01
1679,3.699084e-18,3.687987e-15,-2.055743e-04,-1.338813e-05,5.342906e-04,1.771459e-01,1.535692e-01,1.385197e+01
1680,2.687058e-18,2.678996e-15,-1.408780e-05,1.031180e-04,5.402584e-04,2.278296e-01,1.592774e-01,3.822946e+00
1682,2.456022e-19,2.448654e-16,8.007820e-05,1.914274e-05,4.902680e-04,2.995271e-01,2.172792e-01,-1.494916e+00
1683,9.688973e-18,9.659906e-15,-3.437403e-05,-1.341889e-05,4.956324e-04,-1.636214e-02,-5.588071e-02,1.102296e+01
1684,3.925594e-17,3.913817e-14,3.523515e-06,-2.490224e-04,5.373767e-04,-2.271591e-01,1.828030e-02,5.852597e+00
1685,3.550228e-17,3.539578e-14,-2.001461e-04,1.390930e-06,5.179344e-04,7.880840e-01,4.812375e-01,5.449085e+00
1686,3.672325e-18,3.661308e-15,-2.109356e-05,1.031254e-04,5.470393e-04,1.811068e-02,1.774444e-02,1.180976e-01
1688,6.640332e-18,6.620411e-15,7.187207e-05,7.489250e-06,5.066993e-04,1.392622e-01,-2.798624e-01,7.482932e+00
1689,7.356650e-18,7.334580e-15,2.541515e-06,-1.779983e-05,5.287562e-04,-1.448161e+00,-5.906726e-01,3.346866e+00
1690,9.998860e-17,9.968864e-14,2.165943e-05,-2.487674e-04,5.229683e-04,1.695406e+00,-1.317058e+00,1.075896e+01
1691,2.586424e-18,2.578665e-15,-1.584708e-04,-5.993226e-06,4.816358e-04,-1.104670e+00,-3.231350e+00,5.728651e+00
1692,4.289234e-19,4.276366e-16,1.367304e-05,2.042981e-04,4.746537e-04,-1.385817e+00,1.248317e+00,1.373900e+00
1694,1.459155e-16,1.454778e-13,5.656472e-05,1.341388e-05,4.433795e-04,5.906035e-02,-4.504261e-02,-3.978972e-02
1695,7.766593e-19,7.743294e-16,-4.620145e-05,-8.205260e-06,4.853140e-04,7.546257e-01,3.126834e-01,1.421605e+01
1696,4.484348e-18,4.470895e-15,1.718151e-05,-2.460924e-04,5.276483e-04,-2.799221e-01,3.592631e-02,5.481288e+00
1697,8.164755e-18,8.140260e-15,-2.477082e-04,1.509803e-05,5.381785e-04,8.667092e-01,-1.998855e-01,1.037468e+01
1698,2.736124e-17,2.727916e-14,5.970345e-06,1.877319e-04,4.822383e-04,8.272067e-01,5.011344e-01,2.530638e+00
1700,1.438790e-18,1.434474e-15,4.840099e-05,1.487288e-05,4.738701e-04,-3.377399e-01,5.121405e-01,1.181315e+00
1701,3.150200e-17,3.140749e-14,-2.921693e-05,-9.308628e-06,5.028801e-04,-2.631994e-01,-8.118152e-03,1.099955e+01
1702,1.060689e-18,1.057506e-15,-1.953759e-05,-2.148504e-04,5.435264e-04,4.042191e-02,-2.185767e-01,-4.541724e-01
1703,1.957217e-17,1.951345e-14,-2.376171e-04,1.686246e-05,5.220176e-04,3.896173e-02,1.677548e+00,5.637572e+00
1704,2.816944e-18,2.808493e-15,7.816005e-06,1.773394e-04,4.906799e-04,-7.161352e-02,-1.377192e-01,-6.522536e-02
1706,1.903576e-17,1.897865e-14,2.926901e-05,-1.487735e-05,4.813586e-04,-4.200228e-02,-3.330232e-01,6.712042e+00
1707,7.294781e-18,7.272897e-15,-3.437515e-05,-1.796942e-05,4.871405e-04,1.312014e-01,2.564759e-01,1.024243e+01
1708,2.176777e-19,2.170246e-16,-1.914092e-05,-2.152357e-04,5.378029e-04,-1.968918e-01,1.113406e-01,4.430665e+00
1709,3.057180e-18,3.048008e-15,-2.281220e-04,1.486230e-05,5.159898e-04,-2.400260e-02,2.736881e-01,1.673411e+00
1710,2.717373e-17,2.709221e-14,1.880894e-06,1.561222e-04,4.962831e-04,-7.747294e-01,-3.637838e+00,8.717367e+00
1712,1.650548e-18,1.645596e-15,2.851560e-05,-1.405646e-05,4.781479e-04,5.498650e-01,-2.366935e+00,9.068871e+00
1713,5.636183e-19,5.619275e-16,-1.288779e-05,-2.113510e-05,5.087734e-04,-7.362808e-02,-3.137987e+00,7.120584e+00
1714,3.457037e-18,3.446666e-15,-1.093726e-05,-1.914109e-04,5.015403e-04,4.411244e-02,-1.144979e-01,5.329570e+00
1715,2.560651e-17,2.552969e-14,-2.069799e-04,1.147149e-05,4.952674e-04,-6.582980e-01,4.887951e-02,4.375483e+00
1716,3.439545e-19,3.429226e-16,-3.515636e-06,1.644528e-04,4.980112e-04,1.574360e+00,-5.063952e-02,7.808836e+00
1718,6.388909e-17,6.369742e-14,7.627243e-05,8.405896e-06,4.905684e-04,3.078917e+00,7.287659e-01,3.290471e+00
1719,2.413852e-17,2.406610e-14,-9.367348e-06,-1.205840e-05,5.141417e-04,6.482176e-01,9.862658e-01,5.651125e+00
1720,3.060700e-19,3.051518e-16,-1.132798e-05,-1.699225e-04,4.816710e-04,1.962165e-01,-1.820926e+00,9.300083e+00
1721,5.027537e-19,5.012455e-16,-1.941412e-04,7.423645e-06,4.929622e-04,-1.313579e+00,-6.437800e-01,1.137085e+01
1722,3.050382e-18,3.041230e-15,2.429422e-05,1.695264e-04,4.883030e-04,6.031795e-02,1.222480e-02,2.339236e+00
1724,2.775456e-19,2.767129e-16,6.757887e-05,1.757931e-05,4.808985e-04,-4.815718e-01,-6.430228e-01,7.538492e+00
1725,2.761023e-17,2.752740e-14,-3.459093e-05,2.405082e-05,4.832215e-04,5.960465e-03,7.746353e-02,1.218947e+00
1726,8.979953e-19,8.953013e-16,5.573624e-06,-1.785155e-04,4.709501e-04,1.610391e-02,3.071104e+00,-8.488878e+00
1727,2.221569e-18,2.214905e-15,-1.699221e-04,-5.948144e-06,4.855995e-04,-2.547248e+00,-1.345712e+00,1.860118e+01
1728,8.220302e-17,8.195641e-14,6.824244e-06,1.498473e-04,5.017012e-04,3.432323e-02,-1.320526e+00,5.995255e+00
1730,4.118853e-18,4.106496e-15,6.010144e-05,4.783056e-06,4.835198e-04,-6.929906e-02,-6.090871e-01,6.438846e+00
1731,1.082493e-17,1.079245e-14,-1.641605e-05,2.010062e-05,5.126635e-04,-4.222387e-01,-2.850888e+00,-5.402126e-01
1732,9.669187e-17,9.640179e-14,7.619054e-06,-2.254307e-04,5.017030e-04,2.202317e-01,-5.194759e-01,7.248422e+00
1733,2.071066e-18,2.064853e-15,-2.335840e-04,7.796975e-07,5.458203e-04,-5.294716e-02,1.058193e-01,1.008478e+00
1734,2.603741e-17,2.595930e-14,2.110862e-05,1.193834e-04,5.445129e-04,1.246118e+00,3.255302e-01,1.314775e+01
1736,4.035773e-17,4.023666e-14,6.918523e-05,-6.498128e-06,5.067529e-04,3.985025e-01,5.215452e-02,7.308832e+00
1737,2.729052e-18,2.720865e-15,-7.810345e-06,2.030656e-05,5.190138e-04,1.604962e-02,1.724211e-01,7.129680e+00
1738,3.411387e-18,3.401152e-15,1.533557e-05,-2.001023e-04,4.788509e-04,-1.766011e-01,-1.253366e-01,4.318498e+00
1739,2.246204e-17,2.239466e-14,-2.491272e-04,5.038111e-06,5.476521e-04,-1.178882e-02,-1.236792e+00,9.156101e+00
1740,1.393252e-17,1.389073e-14,-1.364479e-05,1.628585e-04,4.907578e-04,2.339412e+00,2.714208e-01,9.521066e+00
1742,2.190796e-18,2.184223e-15,7.187609e-05,-1.247650e-05,5.266154e-04,1.326050e-02,-4.077960e-01,8.055980e+00
1743,5.435777e-18,5.419469e-15,-4.685998e-05,-4.689020e-06,4.812630e-04,4.093757e-01,-3.975201e-02,7.185995e+00
1744,2.280840e-17,2.273998e-14,-2.413611e-05,-1.954263e-04,4.978839e-04,3.755744e-02,1.961365e-02,1.390533e+00
1745,4.456243e-18,4.442874e-15,-2.308774e-04,2.392601e-06,5.281968e-04,4.355809e-01,4.941422e-01,6.635371e+00
1746,2.657646e-18,2.649673e-15,-8.597749e-06,1.656898e-04,4.953442e-04,-2.591199e-01,1.904335e-01,1.111505e+01
1748,7.704909e-19,7.681795e-16,3.710932e-05,-6.890030e-06,4.741448e-04,-8.818494e-02,-1.943964e+00,-2.943170e+00
1749,1.312124e-18,1.308187e-15,-5.096594e-05,-1.783342e-06,4.787215e-04,5.217331e-01,-1.136674e+00,-1.612179e-01
1750,1.515064e-17,1.510518e-14,-9.808607e-06,-1.867690e-04,4.785298e-04,1.621380e+00,-7.623165e-01,7.016274e-01
1751,1.979310e-17,1.973372e-14,-1.941861e-04,7.797054e-06,4.847990e-04,-2.818100e-01,1.660570e-01,7.699126e+00
1752,5.261881e-17,5.246096e-14,-5.829556e-06,1.101440e-04,5.464380e-04,4.589380e-01,4.510606e-01,3.969277e+00
1754,5.955078e-19,5.937213e-16,5.471217e-05,-1.954198e-06,4.925571e-04,1.173419e+00,2.489574e+00,1.198127e+01
1755,2.418347e-19,2.411092e-16,-4.570371e-05,-8.985647e-06,4.863499e-04,-1.101266e+00,7.044276e-01,1.501694e+01
1756,3.049493e-18,3.040345e-15,7.125355e-06,-1.993153e-04,4.839876e-04,-7.835273e-02,2.757943e-01,3.747191e+00
1757,2.028590e-17,2.022504e-14,-1.744126e-04,-1.023193e-05,4.866033e-04,3.719939e+00,-3.495696e+00,6.865401e+00
1758,3.062390e-17,3.053203e-14,1.434492e-05,1.269065e-04,5.445715e-04,2.433618e-01,8.519257e-01,8.234069e+00
1760,7.372564e-18,7.350446e-15,4.545326e-05,1.630765e-06,4.832862e-04,-1.699826e-01,3.805061e-01,4.541476e+00
1761,8.821262e-17,8.794798e-14,-1.896092e-05,5.540243e-06,5.035005e-04,4.024214e+00,3.475829e-01,5.664999e+00
1762,1.665502e-18,1.660505e-15,2.460944e-05,-2.163979e-04,4.836357e-04,-1.085166e-01,-1.814115e-01,2.017565e+00
1763,2.173226e-18,2.166707e-15,-2.496077e-04,2.345403e-05,5.298874e-04,-1.362537e-01,1.136305e+00,9.333507e+00
1764,5.394760e-17,5.378576e-14,-2.065774e-05,1.052556e-04,5.214114e-04,-1.039147e+00,-8.565461e-01,6.874672e+00
1766,1.342858e-18,1.338830e-15,6.789282e-05,1.710105e-05,4.766592e-04,-2.096724e-01,1.122880e-01,2.665236e+00
1767,1.118334e-18,1.114979e-15,-4.512087e-05,7.705165e-06,4.879033e-04,1.245542e-01,-3.661470e+00,9.016080e+00
1768,1.700280e-18,1.695180e-15,1.031169e-05,-2.068955e-04,4.851946e-04,-7.089780e-02,3.306898e-01,1.319871e+00
1769,2.425475e-16,2.418199e-13,-2.176148e-04,-8.225507e-06,5.236223e-04,3.333976e-01,-5.168108e-02,1.102709e+01
1770,3.132350e-17,3.122953e-14,3.697349e-07,1.692714e-04,4.886048e-04,-2.551771e+00,1.881328e-01,3.526247e+00
1772,1.705847e-17,1.700729e-14,7.993578e-05,1.943496e-05,4.851452e-04,-9.844073e-01,5.838870e-01,4.196925e+00
1774,6.184873e-18,6.166318e-15,6.556553e-06,-2.072552e-04,4.836190e-04,1.777258e+00,1.640232e-01,1.624984e+00
1775,4.689799e-17,4.675730e-14,-2.209067e-04,1.336000e-05,5.015920e-04,5.342911e-01,1.498565e+00,9.921803e+00
1776,3.019033e-18,3.009976e-15,2.460954e-05,1.437484e-04,4.898734e-04,-1.187314e-01,1.503373e-02,2.899564e+00
1778,2.140937e-18,2.134514e-15,7.660748e-05,2.460950e-05,4.806532e-04,-1.811644e-01,-4.146953e-03,1.480989e+00
1779,1.127912e-18,1.124528e-15,8.599679e-06,-9.377244e-06,5.355595e-04,3.939803e-02,6.147748e-02,6.600811e+00
1780,1.944473e-17,1.938640e-14,9.818307e-06,-1.987416e-04,4.797781e-04,-1.239489e+00,-2.034517e+00,2.189513e+00
1781,2.282806e-18,2.275957e-15,-1.882822e-04,-2.460955e-05,4.965690e-04,-3.320789e-02,3.427776e-02,2.778486e+00
1782,5.759942e-19,5.742662e-16,2.460954e-05,1.328054e-04,4.996509e-04,3.285657e-01,-7.974771e-02,4.233838e+00
1784,2.624083e-19,2.616210e-16,6.992106e-05,1.445451e-05,4.816774e-04,-7.458423e-01,-2.385725e-01,2.456167e+00
1785,2.571178e-19,2.563464e-16,-6.992120e-05,-7.421292e-06,4.746492e-04,2.487343e+00,-1.425504e-01,2.091941e+00
1786,2.540704e-19,2.533082e-16,1.523598e-05,-1.996088e-04,4.808942e-04,4.560848e-01,-1.035611e+00,5.999665e+00
1787,5.811569e-19,5.794134e-16,-1.633062e-04,1.171984e-06,4.746459e-04,-1.081566e+00,1.586499e+00,1.316888e+00
1788,9.138756e-17,9.111339e-14,1.222725e-05,1.396539e-04,4.942571e-04,-7.635845e-01,-7.225270e-01,9.417551e+00
1790,1.003191e-16,1.000181e-13,8.169233e-05,1.281829e-05,4.867168e-04,-6.146203e-01,-7.437751e-01,2.183663e+00
1791,3.245815e-18,3.236078e-15,-1.168920e-05,7.770159e-06,5.196244e-04,-1.219412e-02,-3.491199e-02,5.298793e+00
1792,6.945886e-17,6.925048e-14,-7.116806e-06,-1.724177e-04,4.555122e-04,-2.546164e-01,3.258137e-01,3.011330e-01
1793,3.041627e-19,3.032502e-16,-1.660159e-04,7.421808e-06,4.715234e-04,1.989592e+00,1.858725e+00,-2.477169e+00
1794,5.140793e-18,5.125371e-15,1.249327e-05,1.242135e-04,5.148822e-04,-1.068985e-01,6.992107e-02,9.585362e+00
1796,4.963761e-18,4.948870e-15,8.986262e-05,1.330076e-05,4.951533e-04,-7.298836e-03,-6.730166e-02,3.005927e+00
1797,6.532027e-19,6.512431e-16,-6.956407e-05,-6.640609e-06,4.730875e-04,-9.955280e-01,1.271702e+00,-1.135294e+00
1798,3.745223e-18,3.733987e-15,1.175315e-05,-2.312127e-04,5.118383e-04,-5.516427e-01,2.642916e-01,2.449614e+01
1799,2.864221e-17,2.855628e-14,-1.812086e-04,-1.453372e-05,4.887499e-04,-1.262833e+00,-1.387131e-01,3.825002e+00
1800,1.164606e-18,1.161112e-15,3.899071e-06,1.336109e-04,5.156117e-04,1.973731e-01,2.597340e-01,3.748202e+00
1802,1.020070e-18,1.017010e-15,7.422837e-05,-8.582864e-06,5.178878e-04,-3.180640e-02,-1.931949e-01,6.464281e+00
1803,1.307981e-18,1.304057e-15,-1.171146e-05,7.811218e-06,5.253495e-04,8.629700e-02,-2.637521e-02,4.864951e+00
1804,4.488771e-18,4.475305e-15,-9.371480e-06,-2.211018e-04,5.246418e-04,-4.265316e-01,2.049561e-01,3.233443e+00
1805,4.589013e-18,4.575246e-15,-2.226572e-04,-1.405948e-05,5.433959e-04,5.763956e-02,1.985205e-01,8.709091e+00
1806,3.580259e-18,3.569518e-15,1.405884e-05,1.179194e-04,5.203989e-04,-4.782053e-01,-2.031881e-01,9.199143e+00
1808,8.471812e-19,8.446397e-16,3.685695e-05,-1.367183e-05,4.837683e-04,1.801763e-02,1.249516e-01,6.506310e+00
1809,1.500338e-18,1.495837e-15,-9.374589e-06,-1.722943e-05,5.148331e-04,-1.722872e+00,7.205130e-01,1.590515e+01
1810,4.643898e-17,4.629966e-14,8.004883e-06,-2.407500e-04,5.278231e-04,-3.362053e-01,4.677676e-01,1.556125e+01
1811,3.434340e-18,3.424037e-15,-2.240116e-04,1.491563e-05,5.039270e-04,2.199386e+00,6.915442e-01,1.360981e+00
1812,3.023054e-19,3.013985e-16,-6.640698e-06,1.949224e-04,4.754291e-04,-1.464603e-01,4.605618e+00,-1.726433e+00
1814,3.565781e-17,3.555084e-14,6.485087e-05,-1.145220e-05,5.040682e-04,-2.097136e-01,-3.619746e-02,3.435194e+00
1815,2.349301e-17,2.342253e-14,-4.156037e-05,-1.318851e-05,4.748607e-04,1.593292e-01,2.144151e+00,2.327335e+00
1816,2.073124e-18,2.066905e-15,1.484582e-05,-2.496078e-04,5.284230e-04,-1.496082e-01,-5.226607e-02,6.588024e+00
1817,2.280275e-17,2.273435e-14,-2.025105e-04,-1.851385e-05,5.094494e-04,-2.740381e-01,3.287098e-01,5.561327e+00
1818,8.067994e-16,8.043790e-13,-2.065977e-06,1.246339e-04,5.112646e-04,5.073319e-01,-6.252424e-03,7.229832e+00
1820,9.038563e-18,9.011447e-15,5.668801e-05,-6.911201e-06,4.987554e-04,-7.583070e-01,-6.480951e-02,9.769258e+00
1821,2.010486e-18,2.004455e-15,-4.842248e-05,1.718126e-05,4.736859e-04,-4.161375e-01,-3.168872e-01,-1.197233e+00
1822,5.568782e-19,5.552076e-16,-1.521867e-06,-1.957030e-04,4.871153e-04,-2.930983e-01,-3.613430e-01,8.946169e+00
1823,7.951947e-18,7.928091e-15,-2.085787e-04,-9.478304e-06,5.205138e-04,-1.531853e-02,-1.960891e-01,7.279355e+00
1824,5.045203e-18,5.030067e-15,-9.374491e-06,1.578147e-04,4.839789e-04,1.450794e-01,1.388375e-01,2.790887e+00
1826,3.459007e-18,3.448630e-15,6.328341e-05,1.568071e-06,4.820457e-04,-7.686145e-01,-1.811873e-01,3.603588e+00
1827,1.075518e-18,1.072291e-15,-3.903973e-05,1.874597e-05,4.777756e-04,-1.585342e-02,1.004676e-01,4.332970e-01
1828,2.602587e-19,2.594779e-16,-1.172089e-06,-1.957035e-04,4.847770e-04,1.363446e-02,-5.257764e-01,5.859371e+00
1829,1.411549e-18,1.407314e-15,-2.117156e-04,1.093908e-05,4.949292e-04,1.502063e-01,-5.232063e-02,7.285999e-01
1830,2.807627e-18,2.799204e-15,-1.719129e-05,1.616938e-04,4.828674e-04,1.248412e+00,-4.549654e-01,4.828363e+00
1832,1.997581e-18,1.991588e-15,8.445210e-05,4.760592e-06,4.986824e-04,-3.038443e+00,-1.102935e+00,1.285183e+01
1833,1.125433e-18,1.122057e-15,-3.515070e-05,1.484181e-05,4.847944e-04,4.847182e-01,6.849338e-01,2.468068e+00
1834,3.583740e-18,3.572989e-15,-3.889238e-06,-1.892402e-04,4.774838e-04,2.557938e-01,-6.023747e-01,-2.000760e-01
1835,2.022687e-17,2.016619e-14,-1.719504e-04,-8.550361e-06,4.833068e-04,-4.289808e-01,-1.793125e+00,6.521977e+00
1836,2.461652e-18,2.454267e-15,-1.089334e-05,1.484789e-04,4.850453e-04,-3.243824e-01,-9.409500e-02,-1.004576e+00
1838,3.418365e-17,3.408110e-14,5.617386e-05,-2.401538e-05,4.992533e-04,-6.971470e-02,-7.539407e-02,1.150141e+00
1839,3.032583e-17,3.023485e-14,-1.303228e-05,1.616800e-05,5.092490e-04,5.231595e-01,-5.209642e-01,6.205216e+00
1840,2.852680e-17,2.844122e-14,-1.353217e-05,-1.736301e-04,4.770775e-04,4.877091e-01,-7.495056e-01,1.225192e+00
1841,1.212080e-17,1.208444e-14,-2.317711e-04,-1.012935e-05,5.474390e-04,-1.365871e+00,8.926005e-01,9.070709e+00
1842,4.119686e-18,4.107327e-15,-9.145974e-06,1.687712e-04,4.865744e-04,-2.180767e-01,-2.593337e-01,1.319708e+01
1844,5.525142e-17,5.508566e-14,4.391619e-05,-2.383985e-05,4.913721e-04,-4.458579e-02,-5.263555e-02,8.600446e-01
1845,3.002448e-18,2.993441e-15,-7.841870e-06,1.957549e-05,5.150341e-04,-6.493802e-02,-4.000411e-01,9.428855e+00
1846,2.248731e-17,2.241985e-14,9.553003e-06,-2.077875e-04,4.819970e-04,-3.720825e-01,5.486005e-01,7.286360e+00
1847,1.091709e-18,1.088434e-15,-2.257690e-04,-1.797219e-05,5.490731e-04,-3.067329e-01,2.858139e-01,4.620451e+00
1848,1.323305e-18,1.319335e-15,-1.164370e-05,1.641458e-04,4.882325e-04,-3.783883e-02,3.866177e-03,6.136464e+00
1850,8.119501e-17,8.095142e-14,6.848898e-05,-9.670763e-06,4.974302e-04,1.453887e+00,2.603515e-01,6.797272e+00
1851,2.453817e-17,2.446456e-14,-5.215239e-05,6.723122e-06,4.760131e-04,3.012134e+00,-2.391774e+00,1.909990e+00
1852,1.207196e-17,1.203574e-14,1.048046e-05,-2.275590e-04,4.933637e-04,-5.841643e-01,-5.611549e-01,1.650337e+01
1853,7.577910e-18,7.555176e-15,-2.339865e-04,-3.905327e-06,5.357390e-04,-3.112652e+00,2.339144e-02,4.896573e+00
1854,4.077526e-18,4.065293e-15,-8.587204e-06,1.648395e-04,4.918029e-04,-3.922900e-01,-8.256558e-02,1.089752e+01
1856,1.984498e-17,1.978544e-14,6.560789e-05,-2.638381e-06,4.824982e-04,-7.210164e-01,-1.784079e+00,6.360571e+00
1857,5.039262e-17,5.024144e-14,-3.477903e-05,4.602770e-06,4.924834e-04,-9.976617e-01,-9.445417e-01,7.119147e+00
1858,1.324127e-17,1.320155e-14,8.879530e-06,-2.219826e-04,4.902086e-04,7.478388e-01,4.732431e-03,6.233547e+00
1859,2.432076e-17,2.424780e-14,-2.334058e-04,-7.972294e-07,5.279765e-04,1.683568e-01,1.091930e+00,2.070815e+01
1860,2.553588e-17,2.545927e-14,-5.012386e-06,1.721980e-04,4.852593e-04,-5.927886e-01,3.664186e-01,2.585516e+00
1862,2.408853e-19,2.401626e-16,6.757743e-05,1.601565e-05,4.730926e-04,1.467601e+00,-3.172539e+00,-4.313345e+00
1863,7.199945e-18,7.178345e-15,-3.203678e-05,-2.745676e-06,4.965183e-04,-3.887345e-01,-1.621851e-02,6.530228e+00
1864,9.050956e-18,9.023803e-15,1.133737e-05,-2.312394e-04,5.069994e-04,4.641261e-01,-4.138382e-01,2.154576e+01
1865,1.147521e-17,1.144078e-14,-2.492915e-04,1.418461e-05,5.222716e-04,-8.174949e-01,5.479644e-01,8.998568e+00
1866,1.217412e-18,1.213760e-15,1.054699e-05,1.994534e-04,4.736107e-04,-7.758628e-01,-1.978997e+00,5.157741e-02
1868,5.891776e-18,5.874101e-15,5.939568e-05,-1.718534e-05,5.031297e-04,-2.337258e-01,-2.116403e-01,1.425689e+00
1869,7.904505e-17,7.880791e-14,-1.349848e-05,-1.583761e-05,4.984661e-04,-4.269864e-01,2.730383e+00,4.010676e+00
1870,3.210373e-18,3.200742e-15,-7.804508e-06,-2.156186e-04,5.015241e-04,4.659602e-03,3.085883e-02,6.346206e+00
1871,3.378134e-17,3.368000e-14,-2.213234e-04,2.639337e-06,5.143770e-04,4.375981e+00,-3.022326e+00,1.616908e+01
1872,3.911894e-18,3.900158e-15,2.460943e-05,1.585883e-04,4.834677e-04,9.903278e-03,5.162457e-02,3.201377e+00
1874,1.191168e-17,1.187594e-14,3.526155e-05,-1.963563e-05,4.780397e-04,-1.186216e+00,-2.169088e-01,2.307614e+00
1875,5.163547e-17,5.148056e-14,1.406670e-05,-9.899448e-06,5.357957e-04,-5.494620e-01,1.096942e+00,3.979648e+00
1876,2.821830e-17,2.813365e-14,-7.943666e-06,-2.281158e-04,5.198068e-04,-2.737922e-01,1.435920e+00,5.661286e+00
1877,4.046793e-18,4.034653e-15,-2.260636e-04,8.619978e-06,5.059466e-04,6.550669e-01,1.467348e-01,1.158280e+01
1878,7.787706e-18,7.764343e-15,1.778330e-05,1.253691e-04,5.367985e-04,1.771456e-01,-7.219473e-01,5.572773e+00
1880,5.304206e-18,5.288293e-15,5.468554e-05,-9.377919e-06,4.879102e-04,-4.771847e-02,5.453229e-02,8.074614e+00
1881,3.716361e-18,3.705212e-15,1.725144e-05,-2.346203e-05,5.383063e-04,3.514313e-01,-3.990165e-02,1.692338e+00
1882,1.172895e-17,1.169376e-14,-1.811027e-05,-2.269467e-04,5.345000e-04,3.983013e-01,9.976902e-01,2.063151e+00
1883,4.022994e-17,4.010925e-14,-2.142171e-04,1.871461e-06,5.042937e-04,2.929298e+00,7.290437e-01,8.113262e+00
1884,5.589522e-19,5.572753e-16,1.523674e-05,1.691400e-04,4.875151e-04,-3.922853e-01,-1.045644e+00,7.157262e+00
1886,4.270469e-18,4.257658e-15,8.905290e-05,2.450682e-05,4.822285e-04,2.518818e-02,1.142314e-02,1.538173e+00
1887,1.209836e-18,1.206207e-15,-3.438139e-05,-1.562031e-05,4.808959e-04,-2.116954e-01,2.179597e+00,4.672086e+00
1888,3.499912e-17,3.489412e-14,-1.541434e-05,-2.197228e-04,5.186986e-04,2.138802e-01,-4.574610e-02,1.097014e+01
1889,2.069780e-18,2.063570e-15,-2.039133e-04,-2.351586e-06,5.083820e-04,2.409061e-02,5.913624e-02,3.802727e+00
1890,1.488277e-18,1.483812e-15,-6.967470e-07,1.196357e-04,5.262951e-04,-4.403047e-01,5.910786e-01,6.435830e+00
1892,2.040288e-17,2.034168e-14,8.650575e-05,5.546045e-06,4.881049e-04,-6.654543e-01,9.659227e-02,8.978456e+00
1893,1.365437e-18,1.361340e-15,-3.438370e-05,-1.171213e-05,4.902497e-04,-4.812461e-01,-1.312751e+00,7.484588e+00
1894,1.246860e-18,1.243119e-15,-6.994417e-06,-1.953049e-04,4.886784e-04,1.010007e+00,1.760399e-01,6.303443e+00
1895,4.945256e-18,4.930420e-15,-2.493134e-04,-7.880036e-07,5.396120e-04,-8.008859e-02,-8.984895e-02,4.499914e+00
1896,5.003477e-18,4.988467e-15,-1.798305e-05,1.278326e-04,5.000142e-04,-4.715745e-01,1.518056e+00,2.859214e+00
1898,1.850937e-17,1.845385e-14,8.723698e-05,1.857764e-05,4.814601e-04,3.981101e-01,1.486225e-01,3.085365e+00
1899,2.826479e-19,2.818000e-16,-4.101573e-05,-2.148438e-05,4.730892e-04,-8.059911e-02,3.807235e-01,4.621486e+00
1900,8.126988e-19,8.102607e-16,-1.953613e-06,-1.962191e-04,4.837341e-04,5.433946e-01,6.316694e-01,4.460560e+00
1901,2.352537e-19,2.345479e-16,-2.128888e-04,-1.757234e-05,5.134354e-04,-5.651651e-01,4.052259e-01,-8.861520e-01
1902,1.207505e-18,1.203883e-15,3.129222e-06,1.234306e-04,5.298143e-04,-3.424059e-02,2.065097e-02,4.931765e+00
1904,5.761057e-17,5.743774e-14,9.373358e-05,2.232016e-05,4.830885e-04,-1.774686e-01,1.671843e+00,3.335600e-01
1905,3.191792e-19,3.182216e-16,-4.101546e-05,-2.226548e-05,4.723078e-04,-1.181841e+00,4.860519e-01,2.281476e+00
1906,7.022455e-19,7.001387e-16,1.953222e-06,-1.964842e-04,4.820630e-04,-6.036574e-01,3.217570e+00,5.528401e+00
1907,7.505206e-18,7.482690e-15,-2.257805e-04,-1.796661e-05,5.265624e-04,-1.339169e-01,7.565844e-02,4.518230e+00
1908,1.371678e-17,1.367563e-14,-4.964329e-06,1.533994e-04,4.879254e-04,-6.944651e-01,1.878271e-01,3.275585e+00
1910,6.436468e-19,6.417159e-16,3.669077e-05,-9.765484e-06,4.699612e-04,4.062735e-01,-7.825170e-01,-3.361135e+00
1911,2.467730e-18,2.460327e-15,-1.562671e-05,-2.341141e-05,4.938151e-04,1.776584e-01,5.719677e-01,2.054442e+00
1912,2.478348e-19,2.470913e-16,-1.173244e-06,-1.964847e-04,4.855562e-04,-9.488923e-01,6.764575e-01,7.019817e+00
1913,2.882552e-17,2.873904e-14,-1.821640e-04,-5.530528e-06,4.804806e-04,1.010584e+00,2.132922e+00,8.802518e-01
1914,6.133021e-17,6.114622e-14,1.186253e-08,1.127344e-04,5.249580e-04,-6.071111e-01,6.316804e-01,7.038792e+00
1916,9.408887e-19,9.380661e-16,3.085975e-05,-1.423053e-05,4.686804e-04,3.626343e+00,5.908836e-01,-6.921595e+00
1917,3.879824e-17,3.868185e-14,-1.152613e-05,-1.004878e-05,5.039892e-04,-6.320407e-01,2.833301e-01,4.018164e+00
1918,7.471630e-18,7.449216e-15,2.434748e-05,-2.210808e-04,4.788914e-04,6.043355e-02,7.016064e-02,2.068916e+00
1919,1.107935e-17,1.104611e-14,-2.055197e-04,-1.406457e-05,5.046974e-04,-9.250591e-02,5.483854e-01,3.705245e+00
1920,1.860195e-18,1.854615e-15,5.183886e-06,2.020702e-04,4.768949e-04,1.256274e+00,6.418889e-01,5.084170e+00
1922,3.218795e-18,3.209139e-15,9.296229e-05,1.250075e-05,4.890710e-04,-6.872955e-01,3.744376e-02,2.739370e+00
1923,5.527929e-18,5.511345e-15,-4.517129e-05,8.487698e-06,4.822637e-04,-6.852063e-01,7.616688e-01,4.414815e+00
1924,1.609856e-18,1.605026e-15,1.014955e-05,-2.310972e-04,4.998690e-04,-3.650118e-02,1.169751e-01,1.755765e+01
1925,3.750191e-17,3.738940e-14,-1.992658e-04,-1.178644e-05,4.957714e-04,-1.575184e+00,-4.417382e-01,5.356517e+00
1926,3.964973e-19,3.953078e-16,1.601528e-05,1.910153e-04,4.746528e-04,-9.247966e-01,-1.829963e+00,-2.705575e+00
1929,2.793853e-18,2.785472e-15,-2.264187e-05,1.718000e-05,4.882967e-04,9.803036e-03,1.356909e-01,-7.654428e-01
1930,1.981959e-18,1.976013e-15,1.014154e-05,-2.311458e-04,5.027056e-04,2.177968e-01,-3.328369e-01,1.990372e+01
1931,1.432360e-18,1.428063e-15,-2.109340e-04,-8.603120e-06,5.111230e-04,1.007186e-01,-4.311639e-02,8.564233e+00
1932,2.831035e-18,2.822542e-15,8.543551e-06,1.881981e-04,4.775068e-04,-2.316825e+00,-1.854444e-01,1.195061e+00
1934,1.080067e-18,1.076827e-15,4.307207e-05,-1.551958e-05,4.684012e-04,3.154311e-01,1.922076e+00,-3.917155e+00
1935,1.466188e-17,1.461789e-14,-1.941947e-05,8.655716e-06,4.983916e-04,8.663521e-01,-4.040474e+00,2.094467e+01
1936,5.644745e-18,5.627811e-15,2.433980e-05,-2.242007e-04,4.836419e-04,1.302047e-01,1.128575e-01,1.768933e+00
1937,1.134637e-17,1.131233e-14,-2.441235e-04,2.200566e-05,5.110167e-04,-1.370710e+00,1.021516e-01,2.614381e+00
1938,3.346006e-18,3.335968e-15,1.572193e-06,1.788908e-04,4.836218e-04,6.750733e-01,7.633547e-01,7.388042e+00
1940,2.388788e-17,2.381622e-14,4.362504e-05,-1.493527e-05,4.735342e-04,4.510502e-01,1.028765e+00,4.571502e-01
1941,2.367024e-18,2.359923e-15,-4.619587e-05,-6.964552e-06,4.766635e-04,-8.459883e-01,2.425862e+00,1.628530e+00
1942,4.534060e-17,4.520458e-14,3.352100e-06,-2.174479e-04,4.945430e-04,6.207877e-01,-6.381583e-02,5.000665e+00
1943,3.617486e-17,3.606633e-14,-2.236899e-04,-4.585044e-06,5.139213e-04,9.837867e-01,1.022587e+00,3.105696e+00
1944,2.376657e-17,2.369527e-14,1.245660e-05,1.611257e-04,4.843247e-04,-3.538212e-01,1.531353e+00,1.290357e+00
1946,7.071752e-19,7.050537e-16,4.841535e-05,7.422369e-06,4.715242e-04,-2.265936e+00,-9.943251e-01,2.162071e+00
1947,6.421336e-19,6.402072e-16,-5.351580e-05,-8.203190e-06,4.726214e-04,-3.616684e+00,1.582222e+00,1.869403e-01
1948,2.873925e-18,2.865303e-15,-4.708093e-06,-2.125047e-04,4.953093e-04,-1.446972e+00,4.014038e-01,7.798062e-01
1949,9.226663e-17,9.198983e-14,-2.486388e-04,5.995786e-06,5.223980e-04,-4.465932e-03,6.123776e-01,8.808937e+00
1950,1.224124e-18,1.220452e-15,1.560533e-05,1.406241e-04,4.879238e-04,3.047622e-01,4.325914e-02,9.205250e+00
1953,6.639426e-18,6.619508e-15,-2.187630e-05,1.199155e-05,4.895449e-04,7.302751e-01,-1.096219e+00,1.539794e+01
1954,3.358501e-18,3.348426e-15,-7.024613e-06,-2.468797e-04,5.371204e-04,5.296032e-02,-1.000824e-02,4.015135e+00
1955,1.252766e-17,1.249008e-14,-1.971584e-04,-2.076702e-05,4.895925e-04,1.443905e+00,-7.786532e-01,2.706793e+00
1956,9.232391e-18,9.204694e-15,3.784142e-06,1.302392e-04,5.136445e-04,-1.456733e+00,1.597034e-01,6.575194e+00
1958,2.513177e-18,2.505637e-15,8.517821e-05,-3.125637e-06,5.007141e-04,-3.539895e-01,-3.784544e-01,1.368461e+01
1959,2.141427e-19,2.135003e-16,8.988283e-06,-5.074060e-06,5.468619e-04,-2.716216e-01,-4.690231e-01,2.276331e-01
1960,2.340840e-18,2.333817e-15,-1.171610e-05,-2.496094e-04,5.477955e-04,-5.363127e-02,-3.000027e-02,6.943492e+00
1961,3.559143e-18,3.548466e-15,-1.812031e-04,1.544536e-06,4.749957e-04,4.930132e-01,-1.529777e-01,1.250007e-01
1962,7.072371e-18,7.051154e-15,1.420306e-05,1.179532e-04,5.112978e-04,4.661102e-01,-2.130242e-02,7.244766e+00
1964,3.590167e-19,3.579397e-16,6.289050e-05,-1.953015e-06,4.777695e-04,-1.948021e+00,-2.648239e-01,3.366261e+00
1965,1.977704e-18,1.971771e-15,9.374261e-06,-5.465424e-06,5.429603e-04,-3.154865e-01,-1.218690e-01,-1.231969e+00
1966,2.001055e-17,1.995052e-14,1.092166e-05,-2.421695e-04,5.168203e-04,1.781730e+00,-2.241884e+00,1.057776e+01
1967,3.660886e-17,3.649903e-14,-2.138780e-04,1.537758e-05,4.815539e-04,-1.826441e+00,-1.719828e+00,2.892778e+00
1968,3.910447e-17,3.898716e-14,-1.579310e-05,1.198775e-04,5.036241e-04,-1.049133e+00,-5.624323e-01,8.784355e+00
1970,4.621736e-17,4.607871e-14,7.380973e-05,-2.386855e-05,4.955664e-04,1.759771e-02,5.462327e-02,1.297864e+00
1971,2.459947e-19,2.452567e-16,-4.101548e-05,-2.070291e-05,4.715280e-04,-5.662670e-01,4.216542e-01,5.158559e+00
1972,1.458164e-18,1.453790e-15,1.093967e-05,-2.445646e-04,5.254724e-04,-1.324102e-01,-3.549372e-01,7.933843e+00
1973,9.893615e-19,9.863934e-16,-1.928196e-04,6.105409e-06,4.754279e-04,-4.220073e-01,3.288298e-01,2.442788e+00
1974,2.238057e-16,2.231342e-13,-1.285691e-05,1.096108e-04,5.090821e-04,-2.257089e-01,-1.923906e-01,6.261448e+00
1976,2.920324e-19,2.911563e-16,4.960963e-05,6.640449e-06,4.715233e-04,-5.394876e-01,-1.819189e+00,2.482013e+00
1977,4.826888e-19,4.812407e-16,-3.515678e-05,1.523409e-05,4.785553e-04,-1.740183e-01,4.926015e-02,1.294297e+00
1978,7.684440e-17,7.661387e-14,-2.371465e-05,-2.045738e-04,4.913084e-04,8.674103e-03,2.702520e-03,8.936733e-01
1979,3.468881e-19,3.458475e-16,-1.964837e-04,1.289125e-05,4.723080e-04,7.386097e-01,9.117361e-01,-1.517898e+00
1980,1.553943e-18,1.549281e-15,5.401618e-06,1.663544e-04,4.825719e-04,-6.056073e-01,6.157348e-01,-2.906037e+00
1982,4.609939e-17,4.596109e-14,4.597939e-05,-2.392533e-05,4.811218e-04,-2.002675e-02,3.391793e-02,1.048980e+00
1983,2.986332e-18,2.977373e-15,-3.047068e-05,8.603686e-06,4.874949e-04,2.049980e-02,-3.252632e-01,-4.882656e-02
1984,5.883026e-19,5.865377e-16,1.172356e-06,-1.972659e-04,4.844197e-04,-1.683180e-01,7.185039e-01,9.946184e+00
1985,6.135176e-19,6.116770e-16,-1.746094e-04,-1.953108e-06,4.765935e-04,-5.029966e-01,-5.178668e-01,3.319589e+00
1986,1.101705e-17,1.098400e-14,2.425936e-05,1.267454e-04,4.969965e-04,3.309216e-04,1.242134e-01,1.696042e+00
1988,2.691509e-18,2.683434e-15,7.266511e-05,-1.250369e-05,5.007981e-04,1.568859e-01,8.404778e-02,1.043013e+00
1989,9.826194e-19,9.796715e-16,-5.461524e-06,1.952893e-05,4.987569e-04,-2.912309e-01,-1.521850e-01,2.101120e-01
1990,6.299648e-18,6.280749e-15,-1.020905e-05,-2.059792e-04,4.943685e-04,-1.048477e+00,2.110804e+00,4.765600e+00
1991,2.839508e-18,2.830989e-15,-1.750427e-04,-9.401376e-06,4.819867e-04,3.283313e+00,-3.621310e+00,6.930775e+00
1992,3.886562e-18,3.874902e-15,6.258511e-06,1.265698e-04,5.079446e-04,-1.028215e-01,5.098954e-02,4.742215e+00
1994,9.188321e-17,9.160756e-14,9.271327e-05,3.266627e-07,4.934991e-04,-8.816963e-01,4.475424e-01,1.351290e+01
1995,3.209365e-18,3.199736e-15,-3.281596e-05,8.093973e-07,4.921560e-04,-9.846229e-02,1.126785e+00,5.301530e+00
1996,4.513257e-18,4.499717e-15,-1.328830e-05,-2.010544e-04,4.943058e-04,2.308221e-01,-1.836056e+00,9.531922e-01
1997,1.386924e-18,1.382763e-15,-1.751149e-04,-2.581116e-06,4.780864e-04,-6.008026e-02,2.582233e-01,3.254437e+00
1998,2.209079e-18,2.202451e-15,6.235520e-06,1.265645e-04,5.137186e-04,-1.530591e-01,-8.992736e-02,7.131443e+00
2000,3.941832e-18,3.930007e-15,6.961489e-05,-4.109712e-06,4.789068e-04,7.955795e-02,-4.846755e-01,2.070042e+00
2001,3.070879e-17,3.061666e-14,-1.510287e-05,-1.278689e-05,4.915940e-04,2.970448e-02,2.070289e-01,7.843608e+00
2002,6.179398e-19,6.160860e-16,1.567405e-06,-1.980472e-04,4.855591e-04,1.197758e-01,1.268095e+00,1.188336e+01
2003,3.086025e-19,3.076767e-16,-1.714848e-04,-6.640169e-06,4.746495e-04,-1.170113e-01,6.712118e-01,-1.369589e+00
2004,3.074225e-17,3.065003e-14,1.250321e-05,1.229745e-04,5.345259e-04,-1.120987e-01,-4.211597e-01,1.341738e+01
2006,9.545507e-18,9.516871e-15,6.174019e-05,-8.590691e-06,4.847708e-04,1.138059e+00,3.772077e-02,4.322961e+00
2007,4.668201e-18,4.654197e-15,-2.575796e-05,-5.445931e-06,4.930346e-04,-1.848436e-01,1.085985e-01,4.648247e+00
2008,7.718357e-19,7.695202e-16,5.078359e-06,-1.962223e-04,4.803574e-04,3.175603e-01,2.189909e-01,7.029985e+00
2009,4.302664e-19,4.289756e-16,-1.824220e-04,1.172212e-06,4.730850e-04,-1.761493e+00,9.782447e-02,-1.788081e+00
2010,2.393699e-18,2.386517e-15,1.720555e-05,1.101729e-04,5.280935e-04,1.710552e-01,-1.141920e-01,6.006321e+00
2012,1.113795e-18,1.110453e-15,8.514793e-05,-3.124219e-06,4.956773e-04,4.302733e-01,-7.755402e-03,8.787174e+00
2013,5.232601e-19,5.216903e-16,-3.435299e-05,-1.367193e-05,4.777733e-04,-7.504875e-01,1.555428e+00,4.766222e+00
2014,2.192845e-18,2.186266e-15,-1.868955e-05,-1.827491e-04,4.757098e-04,-1.189310e-01,4.633724e-01,2.416488e-01
2015,2.657096e-19,2.649125e-16,-1.972659e-04,1.367184e-05,4.723078e-04,6.977724e-01,-4.290547e-01,-1.337708e+00
2016,2.793744e-18,2.785363e-15,1.498061e-05,1.671583e-04,4.834592e-04,-8.356518e-01,-1.208615e+00,4.339252e+00
2018,1.298855e-17,1.294959e-14,7.970991e-05,-1.333363e-05,4.974889e-04,2.498648e-01,-2.991461e+00,1.427936e+01
2019,1.509622e-18,1.505093e-15,-3.436596e-05,-9.363606e-06,4.847872e-04,3.801052e-01,1.350343e+00,6.094769e+00
2020,1.131996e-18,1.128600e-15,1.367210e-05,-1.999809e-04,4.758109e-04,-1.679049e+00,3.568960e-01,1.274715e+00
2021,6.270512e-17,6.251701e-14,-2.166602e-04,3.442928e-06,4.934258e-04,-3.971374e-01,2.992249e-01,5.410799e+00
2022,1.432781e-18,1.428483e-15,1.480836e-05,1.683595e-04,4.781740e-04,-4.878792e-01,1.368383e+00,-4.145889e-01
2024,3.195231e-17,3.185645e-14,6.062105e-05,-2.400918e-05,4.858526e-04,2.588177e-03,-7.501216e-02,1.089242e+00
2025,1.893663e-17,1.887982e-14,-5.869682e-06,-1.616168e-05,4.995865e-04,1.362766e-01,7.911314e-03,9.853543e+00
2026,1.524018e-17,1.519446e-14,1.013186e-05,-2.312419e-04,4.925642e-04,9.728559e-01,-1.347848e-01,1.338188e+01
2027,2.404706e-19,2.397492e-16,-1.800782e-04,1.172087e-06,4.793274e-04,1.536839e+00,-5.870873e-02,9.476392e+00
2028,2.003273e-18,1.997263e-15,-1.475269e-05,1.281344e-04,4.939710e-04,5.155313e-01,-6.809593e-02,-1.478314e+00
2030,1.655055e-18,1.650090e-15,8.514563e-05,-3.243338e-06,4.931178e-04,2.195359e-02,5.648189e-02,8.678316e+00
2031,3.302483e-18,3.292575e-15,-7.813863e-06,1.881700e-05,4.931646e-04,-1.340940e-01,1.416067e-01,2.721664e+00
2032,9.420584e-18,9.392323e-15,-5.401581e-06,-2.195272e-04,4.980600e-04,-4.865489e-01,-1.384762e-01,4.151927e+00
2033,2.669024e-18,2.661017e-15,-2.015454e-04,-2.086649e-08,4.859813e-04,3.791633e-01,4.425723e-01,3.008889e+00
2034,5.972062e-18,5.954146e-15,3.242079e-06,1.417359e-04,4.954186e-04,1.123572e+00,2.666669e-01,8.475912e-01
2036,2.630053e-18,2.622163e-15,9.688312e-05,3.134901e-06,4.859103e-04,-2.607780e-01,-3.136412e-01,2.693183e+00
2037,4.217493e-17,4.204840e-14,-2.865726e-05,-6.599615e-06,4.879239e-04,-1.916254e+00,1.700113e+00,5.207894e+00
2038,3.926925e-17,3.915144e-14,8.335993e-07,-2.275243e-04,5.044969e-04,-3.450501e-01,-2.870894e-01,1.307709e+01
2039,8.212725e-19,8.188087e-16,-2.342305e-04,-2.989818e-06,5.163887e-04,-2.469925e-01,4.910640e-01,1.308445e+01
2040,4.661040e-18,4.647057e-15,-1.016609e-05,1.565490e-04,4.781619e-04,-1.112668e-01,-6.294693e-01,7.323221e-01
2042,1.438606e-18,1.434290e-15,8.302864e-05,-7.641242e-06,4.740057e-04,2.002628e+00,-3.492442e-02,-1.067078e+00
2043,2.035064e-17,2.028959e-14,-1.301291e-05,2.334137e-05,4.835326e-04,1.226473e+00,1.984152e+00,2.964647e+00
2044,3.226276e-17,3.216597e-14,-2.158962e-05,-1.898750e-04,4.815759e-04,-1.016150e+00,-5.593345e-01,9.524167e-01
2045,3.766474e-17,3.755174e-14,-2.314493e-04,-3.685940e-06,5.115634e-04,2.349291e+00,-6.277364e-02,1.644074e+01
2046,3.562906e-17,3.552217e-14,-1.057448e-05,1.637414e-04,4.804608e-04,9.746663e-01,2.386039e-01,3.182305e+00
2048,2.972187e-18,2.963270e-15,8.984331e-05,-8.340007e-07,4.875001e-04,-9.180441e-01,-1.242603e-01,8.166525e+00
2049,3.884256e-18,3.872603e-15,-3.440146e-05,6.997120e-06,4.857038e-04,-7.506356e-02,-1.313135e-01,5.839982e+00
2050,8.722403e-18,8.696236e-15,2.951636e-06,-2.360029e-04,5.226715e-04,1.128932e+00,-1.765144e-02,6.037356e+00
2051,2.549033e-18,2.541386e-15,-2.211108e-04,9.357323e-06,4.898432e-04,-9.513285e-01,-1.252779e-02,9.233005e+00
2052,6.758350e-19,6.738075e-16,5.078199e-06,2.027345e-04,4.750551e-04,1.222626e+00,-1.221519e+00,1.447829e+00
2055,1.419806e-17,1.415547e-14,-2.491965e-05,1.384448e-05,4.758174e-04,-1.933923e+00,-1.336338e+00,2.489012e+00
2056,3.483475e-18,3.473025e-15,-1.482291e-05,-2.195209e-04,5.065328e-04,-3.404750e-02,-4.094776e-02,6.051915e+00
2057,5.463391e-17,5.447001e-14,-2.230670e-04,7.836188e-06,4.970345e-04,9.353588e-01,-4.187401e-01,1.448943e+01
2058,2.887708e-19,2.879045e-16,-2.734515e-06,2.035155e-04,4.730850e-04,5.054916e-02,-1.594254e+00,3.511558e+00
2060,6.041563e-18,6.023438e-15,8.515376e-05,-3.127930e-06,4.782433e-04,8.883118e-02,-1.442018e-02,1.927769e+00
2061,5.289074e-18,5.273207e-15,-1.171516e-05,7.814428e-06,4.979266e-04,-1.507423e-01,-1.569186e-01,2.680641e+00
2062,3.393549e-18,3.383368e-15,1.005649e-05,-2.274452e-04,4.894911e-04,2.091551e-01,-5.123132e-01,1.714474e+01
2063,4.444163e-17,4.430831e-14,-2.311091e-04,1.102631e-05,4.975773e-04,-3.201706e+00,-1.033342e+00,1.176827e+01
2064,4.313171e-18,4.300231e-15,1.094163e-05,1.421791e-04,4.872187e-04,-1.756524e-01,-2.733346e-01,6.643254e+00
2066,7.409650e-18,7.387421e-15,7.301790e-05,-1.252361e-05,4.864115e-04,-6.642024e-01,-3.289391e-01,2.421628e+00
2067,8.316805e-18,8.291855e-15,-4.780333e-06,4.401393e-06,5.027315e-04,6.487082e-01,-1.310411e+00,6.204785e-01
2068,1.167869e-18,1.164366e-15,7.821575e-06,-2.210928e-04,4.824515e-04,1.662032e-02,5.608858e-01,2.973993e+00
2069,1.015835e-18,1.012787e-15,-2.054639e-04,-1.328205e-05,4.996095e-04,-3.129352e-01,4.058264e-01,4.119850e+00
2070,2.055970e-17,2.049802e-14,9.879726e-06,1.498870e-04,4.827414e-04,3.674838e-01,-2.016323e-01,1.856944e+00
2072,3.008484e-18,2.999458e-15,7.965194e-05,-1.203596e-05,4.913814e-04,8.307090e-01,-1.045187e+00,1.180666e+01
2073,2.148170e-18,2.141725e-15,-2.265610e-05,-1.482516e-05,4.750431e-04,5.494009e-01,-1.820430e-01,1.214166e+00
2074,5.585013e-18,5.568258e-15,-6.237734e-06,-2.218979e-04,5.004831e-04,6.744540e-01,-2.426259e-01,1.077806e+00
2075,3.478398e-18,3.467963e-15,-2.031245e-04,-4.692240e-06,4.890603e-04,1.063831e-02,1.526593e-01,1.212491e+00
2076,5.171201e-18,5.155687e-15,1.886045e-05,1.078135e-04,5.180617e-04,-1.284111e+00,3.806406e-01,1.288675e+00
2078,2.322387e-18,2.315419e-15,8.994230e-05,-6.492413e-07,4.826541e-04,-1.166699e-01,-1.624226e-02,5.653076e+00
2079,3.972922e-18,3.961003e-15,-1.562440e-05,-2.342225e-05,4.801032e-04,8.096147e-02,-6.354260e-01,2.905271e+00
2080,1.610753e-17,1.605921e-14,2.430307e-06,-2.336741e-04,5.077861e-04,2.705214e-03,-5.588460e-01,1.112374e+01
2081,1.551138e-18,1.546485e-15,-1.721441e-04,-6.640493e-06,4.772886e-04,5.845050e-01,-8.638045e-01,1.271096e+00
2082,4.462283e-18,4.448896e-15,1.622114e-05,1.101550e-04,5.096278e-04,4.042333e-01,-6.290493e-02,3.568078e+00
2086,9.627309e-17,9.598427e-14,-8.009355e-06,-2.443501e-04,5.263406e-04,7.729176e-01,1.515776e-01,1.062164e+01
2087,3.846780e-18,3.835239e-15,-2.390669e-04,-1.328103e-05,5.449216e-04,2.413628e-02,3.015887e-02,4.028052e-01
2088,1.901619e-18,1.895914e-15,-1.724354e-05,1.257315e-04,4.911434e-04,4.427778e-02,2.555121e-01,1.868386e+00
2090,6.520737e-18,6.501175e-15,9.529867e-05,-3.122165e-06,4.789102e-04,-1.409490e+00,-2.903548e-02,1.361651e+00
2092,3.918417e-17,3.906661e-14,-1.704679e-06,-2.489959e-04,5.263256e-04,1.739702e-01,-3.218920e-02,5.282419e+00
2093,4.640744e-18,4.626822e-15,-2.187463e-04,-1.014743e-05,5.118705e-04,-1.345195e-02,4.863781e-01,1.075731e+01
2094,1.841530e-18,1.836005e-15,-1.953885e-06,1.640186e-04,4.834280e-04,4.285010e-01,6.649711e-01,3.826011e+00
2096,3.975820e-18,3.963892e-15,9.589600e-05,-1.099929e-05,4.769005e-04,-3.264948e+00,1.222634e-02,-5.966551e-02
2097,3.667248e-17,3.656247e-14,-8.153662e-06,4.003021e-07,4.964270e-04,1.751794e+00,1.467797e+00,3.544326e+00
2098,2.316978e-17,2.310027e-14,-1.675940e-05,-2.402645e-04,5.333647e-04,-5.517409e-01,-2.182547e+00,7.301546e+00
2099,4.876928e-17,4.862297e-14,-2.377858e-04,-6.563847e-06,5.187968e-04,6.239670e-01,4.305568e-01,5.419827e+00
2100,7.286678e-18,7.264818e-15,8.623168e-06,1.219621e-04,5.019504e-04,1.441388e-01,1.525827e-01,4.543102e+00
2102,1.730581e-18,1.725389e-15,9.647751e-05,-4.140371e-06,5.025520e-04,-7.499158e-01,3.392790e+00,1.432017e+01
2103,4.174873e-18,4.162348e-15,2.422923e-05,-9.383070e-06,5.426843e-04,3.472490e-01,6.346150e-02,5.825882e+00
2104,1.324451e-17,1.320478e-14,-2.426309e-05,-2.195511e-04,4.969189e-04,1.452643e-02,-8.071065e-03,1.605463e+00
2105,3.157313e-18,3.147841e-15,-2.437481e-04,1.952324e-05,4.984646e-04,2.255576e-02,-9.548714e-01,6.777814e+00
2106,3.143402e-17,3.133972e-14,2.404409e-05,1.369222e-04,4.850847e-04,3.826065e-02,1.625947e-02,1.269249e+00
2108,2.658338e-18,2.650363e-15,7.972302e-05,-8.679902e-06,4.813660e-04,-1.943265e-01,-6.587428e-01,5.125764e+00
2109,1.520467e-18,1.515905e-15,-1.477658e-05,-4.776867e-06,4.947263e-04,1.123576e+00,2.688360e-02,3.000252e+00
2110,1.404953e-18,1.400738e-15,-4.708734e-06,-1.953395e-04,4.777709e-04,-1.142833e+00,-2.256040e+00,1.289497e+00
2111,4.698889e-19,4.684793e-16,-2.203215e-04,-1.173629e-06,5.102685e-04,1.637394e-01,-2.421049e-01,8.325116e+00
2112,2.654471e-18,2.646507e-15,1.563660e-05,1.408039e-04,4.824744e-04,-2.260953e-01,4.496019e-01,5.325894e+00
2114,2.768502e-18,2.760197e-15,7.968717e-05,-1.020293e-05,4.852020e-04,-3.357525e-01,4.750184e-01,7.276376e+00
2116,2.385609e-19,2.378452e-16,6.640728e-06,-1.964844e-04,4.762097e-04,-5.683239e-02,1.572521e-02,1.384114e+00
2117,4.934316e-18,4.919513e-15,-2.187558e-04,9.378417e-06,4.847586e-04,6.373710e-02,-3.721729e-02,5.585777e+00
2118,4.277011e-18,4.264180e-15,-7.364157e-06,1.663501e-04,4.782011e-04,3.442529e+00,1.611048e+00,4.705559e+00
2121,4.148792e-18,4.136345e-15,-3.928290e-06,1.091578e-05,4.915701e-04,4.177361e-02,3.386499e-02,-1.466011e+00
2122,2.690802e-19,2.682730e-16,5.859157e-06,-1.964842e-04,4.777709e-04,-8.319127e-01,1.594550e+00,3.446301e+00
2123,2.630275e-17,2.622384e-14,-2.153395e-04,-2.294040e-06,4.921128e-04,1.479013e-01,5.344224e-01,6.632961e+00
2124,7.667738e-19,7.644735e-16,4.035314e-06,1.618648e-04,4.801072e-04,5.014694e-01,-3.107154e-02,2.567633e+00
2126,1.076232e-18,1.073003e-15,8.043978e-05,-1.562392e-05,4.816808e-04,4.379524e-01,4.072071e-01,6.327550e-01
2127,1.143035e-18,1.139606e-15,-4.120478e-05,-1.744142e-06,4.748162e-04,-6.861454e-01,2.584373e-02,-4.130115e-02
2128,2.427874e-18,2.420590e-15,1.273117e-05,-1.999223e-04,4.736154e-04,-2.933443e+00,7.954280e-02,-2.640931e+00
2129,2.546094e-17,2.538456e-14,-2.047479e-04,-9.473404e-06,4.907176e-04,-2.339489e-01,4.938336e-01,6.162999e+00
2130,2.002756e-18,1.996748e-15,1.400834e-05,1.172417e-04,4.983397e-04,-1.534870e-01,1.164962e-01,3.931715e+00
2132,1.447914e-17,1.443570e-14,9.502964e-05,-1.355132e-05,5.003252e-04,1.118800e+00,5.640247e-01,2.187543e+00
2133,2.351484e-18,2.344430e-15,-3.320344e-05,1.572006e-06,4.849352e-04,-1.049011e+00,-3.773579e-01,4.357736e+00
2134,8.717055e-18,8.690904e-15,1.722587e-05,-2.492817e-04,5.018950e-04,-7.849576e-02,-1.175231e-01,5.028425e+00
2135,7.061484e-18,7.040300e-15,-2.343197e-04,-1.016520e-05,5.158409e-04,-1.116646e-01,2.070173e-01,2.364683e+00
2136,2.862970e-17,2.854381e-14,-2.232118e-07,1.445116e-04,4.820847e-04,7.038289e-01,1.109764e+00,2.105902e+00
2139,2.968039e-18,2.959135e-15,-1.327800e-05,4.687135e-06,4.905455e-04,-1.861290e-01,-7.678940e-02,7.927795e-01
2140,1.859854e-17,1.854275e-14,2.032100e-06,-2.039100e-04,4.620724e-04,-3.035074e-01,-1.397120e-01,8.173567e-01
2141,3.634280e-17,3.623377e-14,-2.275319e-04,-8.832276e-06,5.094517e-04,-9.000536e-01,-5.584818e-02,1.473776e+01
2142,2.832491e-18,2.823994e-15,-2.342975e-06,1.296920e-04,4.937738e-04,-2.497633e-01,7.801430e-02,4.812275e+00
2144,1.342062e-18,1.338036e-15,-2.257307e-06,-9.680747e-05,4.783934e-04,-2.373422e-01,-3.186883e-01,4.528690e+00
2145,1.483900e-18,1.479448e-15,-2.899652e-05,-6.948843e-06,4.815255e-04,1.407177e-01,6.917808e-01,3.607604e+00
2146,2.740884e-18,2.732661e-15,1.096070e-05,-2.445181e-04,5.092532e-04,-1.341363e-01,-1.421254e-01,3.238465e+00
2147,2.441215e-19,2.433892e-16,-2.144535e-04,5.859923e-06,4.801115e-04,-6.311139e-01,-5.615762e-01,1.920789e-02
2148,1.768052e-17,1.762748e-14,-2.418841e-05,1.020403e-04,4.990916e-04,-4.066461e-02,2.944332e-02,1.503645e+00
2150,1.754833e-18,1.749569e-15,-1.945168e-05,-8.508193e-05,4.721814e-04,7.143572e-01,1.855725e-01,-2.637369e+00
2151,1.162462e-17,1.158975e-14,-4.677596e-06,-1.567212e-05,4.908993e-04,5.520775e-02,-6.313063e-01,7.855946e+00
2152,3.961046e-18,3.949163e-15,1.724442e-05,-2.496094e-04,5.098216e-04,1.050339e+00,-1.785780e-03,6.156461e+00
2153,1.216089e-17,1.212440e-14,-2.405277e-04,2.424719e-05,4.908687e-04,7.208194e-02,-9.088019e-03,1.685524e+00
2154,2.022797e-17,2.016728e-14,1.622425e-05,1.275046e-04,4.858780e-04,-3.869655e-01,-1.359464e+00,2.616405e+00
2156,2.951234e-19,2.942380e-16,-8.203694e-06,-8.164104e-05,4.754308e-04,4.359899e-01,-7.431617e-01,-7.623575e-01
2157,7.416605e-18,7.394355e-15,-7.038096e-06,8.219910e-06,4.916657e-04,8.320609e-02,2.128275e+00,1.052028e+00
2158,4.066891e-17,4.054690e-14,-6.722091e-06,-2.275197e-04,5.050999e-04,8.064805e-01,1.227379e+00,1.623822e+01
2159,1.001636e-18,9.986310e-16,-2.115918e-04,-5.597685e-06,4.910149e-04,2.468420e-02,3.185186e-02,2.403591e+00
2160,3.229104e-18,3.219417e-15,1.718056e-05,1.101678e-04,5.015851e-04,-1.769511e-01,-1.319830e-02,2.133879e+00
2162,1.814293e-18,1.808850e-15,-1.782169e-05,-7.929711e-05,4.716284e-04,-8.138931e-01,-1.197268e+00,-7.009666e-01
2163,2.752034e-19,2.743778e-16,-4.179692e-05,-1.171823e-06,4.762050e-04,-4.429635e-01,-1.636504e-01,2.029662e+00
2164,2.376960e-19,2.369829e-16,8.984916e-06,-2.089849e-04,4.769908e-04,6.541462e-01,3.130771e-01,6.110247e+00
2165,1.227955e-17,1.224271e-14,-2.186468e-04,-1.015685e-05,4.991149e-04,2.439084e-01,-1.196742e-02,8.631667e+00
2166,3.310852e-17,3.300919e-14,2.120256e-05,1.380344e-04,4.797196e-04,-1.129399e-02,-1.270360e+00,3.178972e+00
2168,2.377999e-17,2.370865e-14,-1.776927e-05,-7.778668e-05,4.795238e-04,1.093576e-01,3.358610e-01,5.306282e+00
2169,7.267739e-17,7.245936e-14,-1.292325e-05,-3.535803e-06,4.865422e-04,1.568120e+00,1.015939e+00,1.137174e+01
2170,3.228237e-18,3.218552e-15,1.553470e-06,-2.273679e-04,4.968315e-04,-2.460567e-01,-4.755530e-02,1.199867e+01
2171,9.890746e-17,9.861073e-14,-2.487161e-04,-1.395612e-05,5.288388e-04,4.790905e-03,-1.598348e+00,1.130604e+01
2172,3.092880e-18,3.083601e-15,1.316220e-05,1.397566e-04,4.840062e-04,-2.278644e-01,1.309605e+00,5.688605e+00
2174,3.160088e-17,3.150608e-14,1.171497e-05,-5.479551e-05,5.197803e-04,-2.026323e-01,1.013194e+00,8.243186e+00
2175,4.099490e-17,4.087191e-14,-1.624831e-05,-9.660177e-06,4.794465e-04,-2.531119e+00,1.363256e+00,2.534632e+00
2176,3.019021e-18,3.009964e-15,7.814331e-06,-2.211049e-04,4.757656e-04,2.802050e-01,-2.733503e-01,2.565165e+00
2177,8.410445e-18,8.385213e-15,-2.442426e-04,-1.250273e-06,5.135281e-04,5.985407e-01,6.631630e-01,6.250343e-01
2178,5.200651e-18,5.185049e-15,9.724092e-06,1.078073e-04,5.213081e-04,-2.114750e-01,-1.814406e+00,3.960204e+00
2180,2.127152e-17,2.120770e-14,3.504374e-06,-5.162945e-05,5.205522e-04,-8.593470e-01,-7.507025e-01,4.827098e+00
2182,2.242952e-17,2.236223e-14,-4.274743e-06,-2.084469e-04,4.826632e-04,2.534397e+00,8.651934e-01,8.307537e+00
2183,1.589015e-18,1.584248e-15,-2.496101e-04,-7.813135e-06,5.258409e-04,-1.651909e-01,-1.543910e-01,1.224217e+01
2184,4.562030e-18,4.548344e-15,7.814628e-06,1.125010e-04,5.080399e-04,-7.816299e-01,-4.593467e-02,3.905108e+00
2186,2.438697e-18,2.431381e-15,6.241250e-06,-5.702775e-05,5.159552e-04,-1.986293e-01,3.958106e-02,6.770015e+00
2187,1.118058e-17,1.114704e-14,-6.625888e-06,1.679476e-05,4.817380e-04,3.154496e-01,-3.143471e-01,1.343678e+00
2188,1.175255e-17,1.171729e-14,-4.288833e-06,-2.402558e-04,5.171300e-04,8.209052e-01,-3.035257e-01,4.835147e+00
2189,5.024427e-18,5.009354e-15,-2.187442e-04,-1.015311e-05,5.072969e-04,8.807781e-02,1.578880e-01,1.083763e+01
2190,1.922983e-18,1.917214e-15,-1.400186e-05,1.210340e-04,4.922644e-04,1.827966e-01,-9.017557e-01,7.473690e+00
2192,5.287746e-18,5.271883e-15,1.255035e-05,-6.012957e-05,5.111367e-04,-6.558872e-02,3.408319e-01,9.856825e+00
2193,3.411784e-19,3.401549e-16,-4.179695e-05,-1.171972e-06,4.738628e-04,1.577777e+00,-5.050771e-01,-1.727669e+00
2194,2.687019e-19,2.678958e-16,7.422254e-06,-1.972654e-04,4.738664e-04,-2.672953e+00,-1.838060e+00,2.743637e-01
2195,1.321618e-18,1.317653e-15,-2.239940e-04,-1.619122e-05,4.693744e-04,2.911314e-01,-1.265794e+00,-4.314069e+00
2196,3.024936e-17,3.015861e-14,1.051587e-05,1.066424e-04,5.462788e-04,-2.018107e-01,-7.032314e-01,1.025502e+01
2198,4.002925e-18,3.990916e-15,9.382034e-06,-5.706043e-05,5.284130e-04,-3.296828e-01,3.391518e-01,6.120335e+00
2199,1.269907e-18,1.266097e-15,-1.248364e-05,-1.718660e-05,4.738634e-04,1.222662e-02,9.824833e-02,4.077317e-01
2200,7.200383e-18,7.178782e-15,9.370814e-06,-2.312482e-04,4.862833e-04,1.169386e-01,-1.215709e-01,1.156179e+01
2201,2.414251e-18,2.407009e-15,-2.012331e-04,-3.865973e-06,4.747266e-04,2.056969e-01,-4.771312e-01,-4.602323e-01
2202,5.996959e-19,5.978968e-16,-2.734963e-06,1.640922e-04,4.808875e-04,1.400860e-01,-1.853503e-01,2.313769e+00
2204,5.139846e-17,5.124427e-14,1.303135e-05,-6.099255e-05,5.265659e-04,-1.581720e+00,1.040800e+00,1.380558e+01
2205,1.958719e-17,1.952843e-14,-3.896033e-06,1.053339e-05,4.853103e-04,4.186080e-01,5.818777e-01,2.235831e+00
2206,3.237851e-18,3.228138e-15,7.807811e-06,-2.272709e-04,4.819018e-04,-1.230874e+00,-4.645446e-01,7.156034e+00
2207,2.829467e-18,2.820978e-15,-1.953174e-04,-1.017683e-05,4.758390e-04,-3.033660e-02,4.805912e-01,-2.880654e+00
2208,6.118199e-18,6.099845e-15,9.661820e-07,1.215262e-04,4.975819e-04,3.578874e-01,6.072280e-01,3.068443e+00
2210,1.286287e-17,1.282428e-14,1.379484e-05,-7.020078e-05,5.210696e-04,-1.378000e-01,1.527131e+00,7.429496e+00
2211,1.689892e-18,1.684823e-15,-8.042267e-06,-2.270689e-05,4.794322e-04,5.881755e-01,-2.145680e+00,1.074098e+01
2212,1.174223e-18,1.170700e-15,1.250886e-05,-2.386714e-04,4.875281e-04,1.296750e+00,2.926421e-01,9.696585e+00
2213,3.094793e-18,3.085509e-15,-2.374756e-04,-2.355691e-06,4.991340e-04,1.176243e+00,1.321029e-01,1.066487e+01
2214,4.768665e-18,4.754359e-15,6.170737e-06,1.265616e-04,4.896832e-04,6.748971e-01,-2.732955e-01,2.718294e+00
2216,2.730539e-17,2.722347e-14,1.470161e-05,-6.732262e-05,5.164322e-04,1.760167e+00,-2.872756e+00,1.676728e+01
2217,2.870034e-18,2.861424e-15,-7.885141e-06,-2.122559e-05,4.767661e-04,1.991637e+00,5.162779e-01,7.993074e+00
2218,3.493503e-17,3.483022e-14,2.396619e-05,-2.421675e-04,4.827889e-04,1.126400e-02,-9.962170e-02,1.311867e+00
2219,3.571185e-18,3.560472e-15,-2.305700e-04,2.337235e-06,4.955159e-04,4.777463e-02,5.794962e-01,3.389353e-01
2220,3.316116e-18,3.306167e-15,1.250621e-05,1.242217e-04,4.882908e-04,7.783933e-02,-8.446079e-02,3.245094e+00
2222,2.957998e-17,2.949124e-14,8.821110e-06,-6.433041e-05,5.077274e-04,3.602828e-01,2.112823e-01,4.810982e+00
2223,6.111494e-19,6.093160e-16,-1.679686e-05,-1.210933e-05,4.757896e-04,-4.144114e+00,1.911858e+00,5.221220e+00
2224,8.134602e-19,8.110198e-16,6.878939e-06,-2.415396e-04,5.103550e-04,9.895437e-02,2.915398e-01,9.633886e+00
2225,2.831593e-18,2.823098e-15,-2.164363e-04,-8.633199e-06,4.750780e-04,-1.769090e+00,8.078840e-01,-4.040966e-01
2226,1.667498e-17,1.662496e-14,1.784410e-05,1.340093e-04,4.803056e-04,2.129997e-01,-1.125594e+00,2.448978e+00
2228,9.584796e-19,9.556041e-16,1.311933e-05,-6.236646e-05,5.111605e-04,-5.585923e-01,7.132854e-01,1.336563e+01
2229,1.112529e-18,1.109192e-15,-3.685116e-06,-1.462952e-05,4.876864e-04,-7.293081e-01,1.310360e-02,1.032501e+01
2230,2.515149e-18,2.507604e-15,1.015015e-05,-2.496084e-04,5.155514e-04,9.012576e-02,3.550875e-02,5.160500e+00
2231,2.731479e-17,2.723285e-14,-2.101731e-04,-1.577111e-07,4.771454e-04,-1.342835e-01,-2.324182e-01,-6.036198e-01
2232,9.180710e-18,9.153168e-15,-6.276993e-06,1.242324e-04,4.944065e-04,3.700851e-01,-1.056338e-01,4.501937e+00
2234,2.567683e-16,2.559980e-13,1.213437e-05,-6.688023e-05,5.311178e-04,-3.267792e-02,-1.412069e-01,7.113156e+00
2235,3.081869e-19,3.072624e-16,-8.203586e-06,-2.070359e-05,4.746400e-04,2.057344e+00,-7.508770e-01,5.529100e+00
2236,4.784694e-18,4.770340e-15,-1.406054e-05,-2.249999e-04,4.980264e-04,-1.269601e-02,-5.097126e-02,1.858112e+00
2237,1.608865e-17,1.604038e-14,-2.296858e-04,1.639265e-05,4.739181e-04,6.504310e-01,-2.327697e+00,2.766577e+00
2238,3.604192e-18,3.593380e-15,-1.406267e-05,1.226646e-04,4.789389e-04,6.417688e-01,1.490397e+00,-8.274025e-01
2240,4.736877e-19,4.722667e-16,2.069963e-05,-6.523512e-05,5.054289e-04,-2.083467e-01,1.375740e-01,-5.084601e-01
2241,4.041746e-18,4.029621e-15,-1.565230e-05,-4.755693e-06,4.773441e-04,1.902932e+00,6.365915e-01,6.896523e+00
2242,3.056703e-18,3.047533e-15,-1.405327e-05,-2.265591e-04,5.023305e-04,-3.246888e-01,-3.054879e-01,7.893437e-02
2243,2.534478e-18,2.526875e-15,-2.489686e-04,2.460935e-05,4.803657e-04,-1.743459e-01,1.776487e-01,2.774798e+00
2244,1.140739e-18,1.137317e-15,-3.715810e-06,1.582031e-04,4.759542e-04,9.826856e-01,-4.074042e+00,-2.527056e+00
2246,1.269653e-17,1.265844e-14,1.758618e-05,-6.875325e-05,5.084989e-04,1.128398e-01,-9.489091e-02,5.364217e+00
2247,3.902415e-18,3.890707e-15,-3.954510e-06,-1.479757e-05,4.766653e-04,-1.159825e+00,-2.982021e-01,6.073639e-01
2248,3.423244e-17,3.412974e-14,-1.377798e-05,-2.183564e-04,4.897051e-04,6.053813e-01,-2.491218e-02,4.152592e+00
2249,4.199380e-17,4.186782e-14,-2.314814e-04,1.075089e-05,4.837598e-04,4.643664e-01,-1.039168e+00,5.868023e+00
2250,5.082995e-19,5.067746e-16,-1.952938e-06,1.640491e-04,4.769885e-04,-1.757384e+00,6.672687e-02,-2.005658e+00
2252,1.953208e-16,1.947348e-13,7.029096e-06,-7.162746e-05,5.377754e-04,-1.546233e-01,1.046811e+00,6.952746e+00
2253,4.263635e-19,4.250844e-16,-1.757822e-05,-6.640831e-06,4.730779e-04,-3.391726e+00,-4.072131e+00,3.602370e-01
2254,2.929061e-18,2.920274e-15,7.793842e-06,-1.992363e-04,4.727046e-04,-2.257571e-01,2.527030e-01,-3.852657e+00
2255,1.183413e-18,1.179863e-15,-2.242265e-04,-8.600716e-06,5.027020e-04,6.599631e-01,1.159575e-01,1.097738e+01
2256,1.213933e-18,1.210292e-15,1.014089e-05,1.421546e-04,4.801130e-04,3.434929e-01,-1.738561e-01,3.812030e+00
2258,1.318599e-18,1.314643e-15,6.491210e-06,-5.849809e-05,5.490219e-04,-5.465975e-01,6.384950e+00,1.913472e+00
2259,7.834260e-19,7.810757e-16,-1.601606e-05,-1.159490e-05,4.733452e-04,-4.620656e+00,9.914206e-01,7.554900e-01
2260,5.977200e-19,5.959269e-16,5.077894e-06,-1.960704e-04,4.730874e-04,-1.971999e+00,1.024627e-01,-1.382558e+00
2261,5.228353e-17,5.212668e-14,-2.306082e-04,-5.597149e-06,4.980380e-04,1.503151e-01,1.158434e-01,1.462564e+01
2262,8.837939e-19,8.811425e-16,-7.961038e-06,1.274515e-04,4.785520e-04,2.858380e-02,-1.390345e+00,-1.596571e-01
2264,5.954574e-18,5.936710e-15,-3.092333e-06,-7.812776e-05,5.005079e-04,1.336378e-01,1.722583e-01,1.027558e+01
2265,2.443901e-19,2.436569e-16,-8.203582e-06,-1.992189e-05,4.730782e-04,6.907910e-01,-1.733103e+00,9.511304e-01
2266,3.715332e-17,3.704186e-14,1.803695e-06,-2.259160e-04,4.822519e-04,2.007182e+00,-9.298477e-01,4.168570e+00
2267,6.266206e-18,6.247408e-15,-2.281059e-04,7.092657e-06,4.902599e-04,-2.619355e+00,-1.545338e+00,1.302739e+01
2268,1.283364e-16,1.279514e-13,-7.255211e-07,1.093345e-04,4.964861e-04,8.517135e-01,-2.569281e-01,1.518742e+01
2270,2.319425e-18,2.312467e-15,1.165946e-05,-8.063846e-05,4.992194e-04,-1.423850e+00,-4.932563e-01,1.198093e+01
2271,5.414251e-18,5.398008e-15,-2.343859e-06,-3.870551e-06,4.800808e-04,3.956515e-02,5.487566e-01,-1.273671e+00
2272,2.846894e-18,2.838353e-15,1.641197e-05,-2.468694e-04,4.851049e-04,4.956172e-01,-6.490920e-02,1.498475e+00
2273,1.324894e-18,1.320920e-15,-2.148347e-04,-1.327553e-05,4.910385e-04,-6.041519e-02,1.183559e-01,2.191271e+00
2274,5.351757e-19,5.335701e-16,-1.953210e-06,1.640742e-04,4.730851e-04,-1.766450e+00,-7.290781e-02,-8.015820e+00
2276,2.801110e-18,2.792707e-15,1.485162e-05,-7.813354e-05,4.936868e-04,-1.407903e-02,-6.449558e-02,6.253525e-01
2277,5.748925e-19,5.731679e-16,-7.422102e-06,-2.070315e-05,4.719475e-04,5.061637e-01,-3.731147e-02,-8.833011e-01
2278,6.275792e-18,6.256964e-15,1.094005e-05,-2.472066e-04,5.015555e-04,-4.539604e-01,-4.448953e-01,4.832397e+00
2279,2.450722e-18,2.443370e-15,-2.109483e-04,-7.024510e-06,4.836585e-04,-1.740947e-01,1.502131e+00,-1.061745e+00
2280,1.787551e-17,1.782188e-14,1.785348e-05,1.029214e-04,4.949852e-04,-2.216425e-01,1.543326e+00,5.976811e-01
2282,5.175441e-19,5.159914e-16,1.211136e-05,-8.007756e-05,4.968511e-04,-8.242091e-02,1.479873e+00,9.867322e+00
2283,4.316557e-19,4.303607e-16,-1.367198e-05,6.640727e-06,4.730743e-04,-4.312502e+00,-1.148367e+00,9.275254e+00
2284,4.911186e-18,4.896452e-15,-8.600162e-06,-2.203138e-04,4.934734e-04,-7.735958e-01,-5.999016e-01,1.817328e+00
2285,6.478165e-18,6.458730e-15,-2.195346e-04,-9.834888e-10,4.866666e-04,3.615822e-01,1.131091e-01,2.721912e+00
2286,2.358705e-17,2.351629e-14,2.425031e-05,1.045434e-04,4.920479e-04,-1.933844e-01,-9.712483e-01,3.892879e+00
2288,2.449863e-17,2.442513e-14,2.159182e-05,-8.748036e-05,4.902522e-04,2.308905e+00,-8.452615e-02,3.300812e+00
2290,1.936744e-17,1.930933e-14,-1.653366e-05,-2.455209e-04,5.192229e-04,2.995080e-01,-8.275415e-01,4.418288e+00
2291,1.546049e-17,1.541411e-14,-2.490477e-04,2.405203e-05,4.898947e-04,-7.446908e-03,-5.240127e-02,7.612119e-01
2292,2.975630e-18,2.966703e-15,4.686228e-06,1.093741e-04,5.022693e-04,-9.420060e-02,-3.945959e-02,1.934558e+00
2294,4.756003e-18,4.741735e-15,1.045440e-05,-8.984743e-05,4.991939e-04,-3.059006e-02,3.859312e-02,4.790570e+00
2296,9.671554e-19,9.642539e-16,1.456782e-06,-2.275270e-04,4.863365e-04,-2.814286e-01,-5.043147e-01,2.709582e+00
2297,1.513605e-16,1.509064e-13,-2.378424e-04,-1.252480e-05,5.088489e-04,-1.648315e+00,-2.748283e-01,7.416627e+00
2298,2.974253e-18,2.965331e-15,8.542875e-06,1.038688e-04,5.032355e-04,5.751668e-01,1.037959e+00,3.241810e+00
2300,6.753897e-17,6.733635e-14,1.081034e-05,-8.031762e-05,4.873852e-04,1.333312e+00,-9.216636e-01,5.837891e+00
2301,2.317213e-18,2.310261e-15,-1.257878e-05,5.589034e-06,4.726834e-04,-1.145408e+00,-1.426539e+00,9.841905e+00
2302,1.588582e-18,1.583817e-15,7.702308e-06,-2.305696e-04,4.786822e-04,3.470058e-02,-4.175126e-01,4.659411e+00
2303,2.989029e-18,2.980062e-15,-2.437497e-04,1.564471e-06,4.905660e-04,-5.858356e-02,-5.923881e-02,7.915062e-01
2304,2.697204e-18,2.689113e-15,-6.251814e-06,1.156235e-04,4.961249e-04,-3.992840e-02,-6.120145e-03,2.518314e+00
2306,3.821456e-17,3.809992e-14,1.299817e-05,-9.812137e-05,4.941739e-04,5.270607e-01,4.367045e-01,3.070580e+00
2307,8.047633e-19,8.023490e-16,-1.393790e-05,6.369916e-06,4.683904e-04,-3.706739e+00,-7.838717e-01,4.026575e+00
2308,3.458705e-19,3.448329e-16,1.211043e-05,-2.378899e-04,4.863573e-04,2.531547e-01,-7.801164e-01,8.080467e+00
2309,2.442006e-18,2.434680e-15,-2.329613e-04,1.321646e-05,4.801842e-04,5.822349e-01,2.142106e-01,6.973284e+00
2310,1.958012e-17,1.952138e-14,-4.580516e-06,1.245362e-04,4.796960e-04,7.435864e-01,1.091441e+00,-3.438147e-01
2312,3.282477e-18,3.272630e-15,1.170348e-05,-8.749518e-05,4.945222e-04,2.733358e-01,-3.088558e-01,2.236117e+00
2314,2.349085e-17,2.342038e-14,1.272060e-05,-2.413523e-04,4.823381e-04,-7.090493e-01,-6.179056e-01,7.259072e+00
2315,2.815785e-17,2.807338e-14,-2.304445e-04,-4.812730e-06,4.838497e-04,1.099928e-01,1.065200e-01,8.791970e+00
2316,5.142239e-18,5.126813e-15,-9.376536e-06,1.179690e-04,4.863027e-04,1.318523e-02,8.569927e-02,7.603462e-02
2318,1.749791e-18,1.744541e-15,2.460929e-05,-8.983913e-05,4.867553e-04,-1.031750e-01,9.350854e-02,3.506423e+00
2320,5.226057e-18,5.210378e-15,7.031634e-06,-2.414055e-04,4.969191e-04,-1.776624e-01,1.741616e-01,7.543833e+00
2321,2.338513e-18,2.331498e-15,-2.343938e-04,1.026119e-05,4.757627e-04,2.703218e-01,-6.314098e-02,3.248384e+00
2322,2.507536e-18,2.500013e-15,-2.324844e-06,1.218748e-04,4.922432e-04,1.184705e+00,1.152487e-01,3.418363e+00
2325,2.404655e-17,2.397442e-14,-2.410258e-05,9.704200e-05,4.933986e-04,3.295124e-01,6.233130e-01,3.432642e+00
2326,5.329855e-18,5.313866e-15,3.007525e-06,-2.374989e-04,5.048958e-04,-4.936782e-01,-2.146765e-01,8.285947e+00
2327,1.327563e-18,1.323580e-15,-2.496097e-04,1.406291e-05,4.813705e-04,-1.929765e-01,-6.804358e-02,1.879548e+00
2330,2.668019e-18,2.660015e-15,5.471483e-06,-9.766027e-05,4.975983e-04,1.831673e-01,-3.141574e-01,2.936656e+00
2331,2.936649e-18,2.927839e-15,-2.427986e-05,9.686851e-05,4.851479e-04,-6.357765e-01,-1.764664e-01,3.935199e+00
2332,2.289386e-18,2.282518e-15,-9.359332e-06,-2.421834e-04,5.152717e-04,-2.897002e-02,-8.743139e-03,7.121227e+00
2333,5.054950e-18,5.039785e-15,-2.382854e-04,-1.565491e-06,4.917807e-04,-3.451109e-01,-4.214712e-02,9.817671e+00
2334,2.688193e-18,2.680129e-15,-1.719042e-05,1.007814e-04,4.867454e-04,2.495909e-02,3.064134e-01,1.887854e+00
2336,1.532143e-18,1.527546e-15,1.660489e-05,-9.746531e-05,4.880760e-04,-4.043212e+00,1.370298e+00,1.051488e+00
2337,1.296991e-17,1.293100e-14,-2.425863e-05,8.958435e-05,4.985486e-04,-6.509149e-02,7.970341e-03,1.556748e+00
2338,1.921200e-18,1.915436e-15,-2.343344e-05,-2.496114e-04,5.148622e-04,5.060474e-02,-1.554634e-01,1.648957e+00
2339,4.792783e-17,4.778405e-14,-2.489700e-04,8.308598e-06,4.861609e-04,3.266040e-02,-9.644683e-01,1.018531e+00
2340,4.204274e-19,4.191662e-16,-5.077999e-06,1.113279e-04,4.754293e-04,-3.059965e+00,-1.014467e+00,-5.948556e-01
2342,2.876053e-18,2.867424e-15,1.642697e-05,-9.061988e-05,4.851806e-04,1.387204e-01,6.278727e-02,-9.677331e-01
2343,1.257803e-18,1.254029e-15,-7.828143e-06,9.923312e-05,4.863429e-04,-8.182715e-03,-1.572264e-03,7.865172e-02
2344,8.237274e-19,8.212562e-16,9.243607e-06,-2.084809e-04,4.699641e-04,2.254183e-01,7.417161e-01,-4.635501e+00
2345,6.868285e-18,6.847680e-15,-2.377746e-04,-6.838728e-06,4.967699e-04,-9.711786e-01,-1.738517e+00,1.042243e+01
2346,2.780115e-18,2.771774e-15,2.030329e-05,1.101495e-04,4.750527e-04,-9.670288e-01,-3.539976e-01,7.220611e-01
2348,4.564319e-17,4.550626e-14,5.550060e-07,-8.172424e-05,4.878382e-04,-2.986643e+00,-1.031879e+00,4.393636e+00
2349,1.607086e-18,1.602265e-15,-1.399847e-05,9.368392e-05,4.927129e-04,9.709186e-01,-1.973689e-01,5.440619e+00
2350,1.154022e-17,1.150560e-14,2.177733e-05,-2.492621e-04,4.802154e-04,8.925401e-02,-8.553539e-02,2.616669e+00
2351,2.073285e-17,2.067065e-14,-2.490282e-04,-7.812372e-06,5.087929e-04,-7.585783e-01,-4.797708e-03,1.066051e+01
2352,4.311032e-18,4.298099e-15,5.471526e-06,1.148443e-04,4.825165e-04,1.557980e-01,7.802859e-02,-1.043991e+00
2354,1.989767e-17,1.983797e-14,1.691871e-05,-8.216961e-05,4.798301e-04,-3.686547e-01,2.001328e+00,4.974341e+00
2355,6.684587e-18,6.664533e-15,-7.032360e-06,8.671905e-05,4.994807e-04,-1.950020e-02,2.914105e-02,4.438498e+00
2356,1.059773e-18,1.056594e-15,7.044224e-06,-2.414049e-04,5.050018e-04,-6.616326e-01,-5.034896e-01,9.393182e+00
2357,1.653835e-18,1.648873e-15,-2.238284e-04,1.535461e-06,4.929898e-04,-2.425578e+00,4.499686e-01,1.546209e+00
2358,4.286009e-18,4.273151e-15,7.815280e-06,1.210903e-04,4.825487e-04,6.342807e-02,-5.584327e-02,1.119703e+00
2361,2.188475e-17,2.181910e-14,-2.410883e-05,8.471640e-05,4.889215e-04,-3.259928e-02,2.458827e-01,1.423747e+00
2362,1.386724e-18,1.382564e-15,-3.901798e-06,-2.359369e-04,5.049796e-04,1.173440e-01,2.921000e-02,6.244820e-01
2363,2.775990e-19,2.767663e-16,-2.269533e-04,-1.601651e-05,4.738698e-04,-3.905110e+00,-7.531585e-01,4.539589e+00
2364,3.643090e-18,3.632161e-15,-2.398817e-06,1.109913e-04,4.903528e-04,2.041690e-01,-2.074024e-01,1.841751e+01
2367,2.521738e-18,2.514172e-15,-8.594937e-06,8.906247e-05,4.906914e-04,-2.804771e-01,-6.000558e-01,4.682214e+00
2368,7.924335e-18,7.900562e-15,-2.430232e-05,-2.305178e-04,4.901002e-04,-1.448053e-01,8.523467e-03,1.652119e+00
2369,7.846417e-18,7.822878e-15,-2.243237e-04,-1.256793e-05,4.775964e-04,-4.296164e-01,-3.468755e-01,3.161094e+00
2370,2.201999e-18,2.195393e-15,8.293216e-07,1.196213e-04,4.843045e-04,1.180892e-01,-1.407121e-01,-4.687565e-01
2372,1.222056e-17,1.218390e-14,-2.428057e-05,-8.517959e-05,4.969112e-04,8.125580e-03,-2.180329e-02,1.650745e+00
2373,2.918111e-17,2.909356e-14,-9.137299e-06,7.881244e-05,4.964238e-04,6.981699e-01,4.645608e-01,8.560607e+00
2374,8.992108e-18,8.965132e-15,-2.430090e-05,-2.455849e-04,4.990589e-04,-1.020558e-01,-5.014442e-02,1.725428e+00
2375,1.934228e-18,1.928425e-15,-2.346561e-04,-1.256963e-05,5.047036e-04,-3.458954e+00,-6.836379e-01,1.661486e+01
2376,3.296939e-18,3.287049e-15,-2.346247e-06,1.163938e-04,4.874963e-04,1.041049e-01,-1.198737e+00,1.370839e+00
2378,1.204130e-16,1.200518e-13,-9.520354e-06,-7.894310e-05,4.920436e-04,-1.349694e+00,2.129355e-01,5.554185e+00
2379,8.986872e-19,8.959911e-16,-8.984723e-06,7.695289e-05,4.765827e-04,4.219111e+00,-1.147596e+00,3.495719e+00
2380,4.282991e-18,4.270142e-15,-1.644060e-05,-2.408554e-04,5.023976e-04,8.706416e-01,-1.451985e+00,-1.916533e-01
2381,2.002201e-18,1.996195e-15,-2.367138e-04,6.926288e-06,4.826523e-04,-1.503297e-01,-1.449858e-01,-1.857550e+00
2382,8.022761e-18,7.998693e-15,-2.257072e-06,1.116609e-04,4.840535e-04,-1.694447e-01,2.198154e-01,1.066953e+01
2384,2.602657e-17,2.594849e-14,1.399160e-05,-9.285002e-05,4.817551e-04,1.502431e+00,-1.017647e-01,9.198800e-01
2385,2.941347e-17,2.932522e-14,-1.150162e-05,7.815911e-05,4.912833e-04,6.918365e-01,-5.216433e-01,9.061112e+00
2386,2.543832e-18,2.536200e-15,1.173624e-05,-2.496093e-04,4.886174e-04,1.710122e-01,-1.509615e-02,1.860410e+00
2387,1.007866e-17,1.004843e-14,-2.454812e-04,1.499610e-05,4.842214e-04,-5.884247e-02,-7.090662e-02,1.021472e+00
2388,1.932090e-18,1.926294e-15,1.174893e-05,1.052934e-04,4.806150e-04,1.743051e-01,-8.925189e-01,3.384344e+00
2390,1.124912e-16,1.121537e-13,-1.305457e-05,-9.029621e-05,4.954347e-04,3.576347e-01,1.022444e+00,4.852976e+00
2391,4.921960e-18,4.907194e-15,-3.564451e-06,7.968832e-05,4.991714e-04,5.616957e-01,5.506431e-03,3.681017e+00
2392,1.988108e-17,1.982143e-14,-8.337537e-06,-2.289198e-04,4.930492e-04,5.645572e-01,4.194504e-02,1.162558e+01
2393,2.136455e-17,2.130045e-14,-2.233087e-04,-1.241086e-05,4.920105e-04,-4.621584e-01,6.399128e-01,7.705675e+00
2394,4.009610e-18,3.997581e-15,1.171829e-05,1.063214e-04,4.766724e-04,5.441435e-01,-2.401475e-02,2.087827e+00
2397,1.605224e-18,1.600408e-15,-1.197965e-05,7.976088e-05,4.788215e-04,-7.336535e-01,9.190422e-01,7.143150e+00
2398,1.146663e-16,1.143223e-13,-3.745045e-06,-2.487286e-04,5.085265e-04,-8.125157e-02,1.677484e-01,6.591374e+00
2399,2.091345e-17,2.085071e-14,-2.279641e-04,-1.568782e-05,4.771857e-04,-3.585305e+00,8.676058e-01,3.961577e+00
2400,4.270354e-17,4.257543e-14,-1.881357e-06,1.073757e-04,4.825828e-04,-1.836868e-01,1.200302e-01,7.080848e+00
2402,8.360947e-18,8.335864e-15,-2.368510e-06,-9.686444e-05,4.873349e-04,3.469653e-01,1.419629e-01,1.148703e+01
2403,2.491300e-18,2.483826e-15,-1.188930e-05,7.971533e-05,4.838634e-04,4.104917e-01,-3.021966e-01,6.206088e+00
2404,8.158682e-19,8.134206e-16,-1.549971e-05,-2.496100e-04,5.199825e-04,1.661218e-01,-1.871743e-01,1.356915e+00
2405,8.379522e-19,8.354384e-16,-2.478136e-04,2.460948e-05,4.837069e-04,2.160118e-01,4.352002e-01,2.932292e+00
2406,2.092569e-18,2.086292e-15,-3.145497e-06,1.118248e-04,4.792865e-04,3.506151e-01,1.942626e+00,7.990506e+00
2408,1.181455e-18,1.177910e-15,5.475029e-06,-9.765956e-05,4.894543e-04,-1.449126e-01,-1.051614e-01,3.134871e+00
2409,1.627281e-18,1.622399e-15,-9.925728e-06,7.728127e-05,4.876204e-04,-7.648608e-01,5.399509e-02,1.094924e+01
2410,1.336297e-18,1.332288e-15,-1.014683e-05,-2.117089e-04,4.777722e-04,9.287191e-03,1.935518e-01,1.419798e+00
2411,3.305049e-19,3.295134e-16,-2.496093e-04,2.460951e-05,4.832454e-04,-1.093530e-01,7.438598e-01,1.134599e+00
2412,2.782576e-19,2.774228e-16,-1.172206e-06,1.082026e-04,4.902247e-04,-2.708160e+00,2.030175e-01,9.009874e+00
2414,5.952680e-18,5.934822e-15,-2.289788e-06,-9.899568e-05,4.963131e-04,-1.347388e+00,-6.812506e-01,2.012906e+01
2416,2.783061e-19,2.774712e-16,-1.132892e-05,-2.050791e-04,4.723105e-04,-1.729261e-02,-3.792176e-02,-2.740484e+00
2417,1.204813e-17,1.201198e-14,-2.492420e-04,2.191597e-05,4.859597e-04,9.164807e-02,6.049195e-01,2.835270e+00
2418,2.677371e-17,2.669339e-14,-1.004614e-05,9.237855e-05,5.456414e-04,9.226313e-01,3.236078e+00,7.076063e+00
2420,3.461937e-18,3.451551e-15,5.473052e-06,-9.572852e-05,4.816849e-04,-1.754635e-01,2.891470e-01,9.628617e-01
2422,4.151235e-18,4.138781e-15,1.239151e-05,-2.399385e-04,4.776974e-04,4.558128e-01,2.127544e-01,5.077054e+00
2423,2.929527e-18,2.920738e-15,-2.429207e-04,-2.316683e-06,4.765668e-04,-7.496521e-01,9.292137e-01,-1.165580e+00
2424,5.094283e-17,5.079000e-14,-1.628293e-05,9.356007e-05,5.426200e-04,-8.689114e-01,1.555983e+00,7.611522e+00
2426,2.066736e-18,2.060536e-15,1.167576e-05,-9.836420e-05,4.819763e-04,-1.562922e+00,-7.828589e-02,4.379811e+00
2428,5.606880e-19,5.590060e-16,7.872849e-06,-2.496093e-04,5.034752e-04,7.333448e-02,-4.115811e-01,5.163944e+00
2429,5.985011e-19,5.967056e-16,-2.480468e-04,2.460955e-05,4.859885e-04,1.273179e-01,1.506348e-01,4.024407e+00
2430,6.810811e-18,6.790378e-15,-2.298939e-05,9.687586e-05,5.456211e-04,-3.254665e+00,8.928949e-03,1.637684e+01
2432,1.159657e-17,1.156178e-14,-1.767029e-05,-8.359638e-05,4.860483e-04,1.323917e+00,4.083774e-01,5.822518e+00
2434,2.948224e-18,2.939379e-15,-9.376421e-06,-2.421866e-04,5.008144e-04,2.490640e-02,4.673799e-01,3.068792e+00
2435,5.192136e-18,5.176560e-15,-2.375023e-04,-2.779660e-06,4.867255e-04,-2.247830e-01,3.645293e-01,7.892969e+00
2436,1.990735e-18,1.984763e-15,7.879097e-07,9.765759e-05,5.344077e-04,-3.659490e-01,-2.680268e-01,5.910413e-01
2438,2.386949e-19,2.379788e-16,-2.734629e-06,-9.648432e-05,4.816679e-04,1.811380e+00,6.001700e-01,7.139094e+00
2440,2.380321e-19,2.373180e-16,-1.601511e-05,-2.160151e-04,4.715280e-04,-4.753756e-01,-2.393257e-02,-3.850300e+00
2441,1.254974e-18,1.251209e-15,-2.496096e-04,-7.845326e-07,4.898221e-04,3.388324e-01,-1.231077e-01,2.452961e+00
2442,1.123884e-17,1.120512e-14,5.835718e-06,9.604909e-05,5.458785e-04,-9.935613e-01,7.054122e-01,5.245327e+00
2444,2.373720e-17,2.366599e-14,-8.111966e-06,-8.742106e-05,4.812748e-04,2.956599e+00,-2.688204e-02,1.555126e+00
2446,2.471441e-19,2.464026e-16,-5.077755e-06,-2.089847e-04,4.769892e-04,-8.032796e-02,1.891562e+00,7.009088e+00
2447,1.648382e-17,1.643437e-14,-2.462678e-04,-1.073200e-05,4.964148e-04,-8.155437e-01,1.216975e+00,1.040550e+01
2448,3.497728e-17,3.487235e-14,7.954589e-06,9.089129e-05,5.469677e-04,1.153284e+00,3.487606e+00,2.099419e+01
2450,4.453281e-18,4.439921e-15,-1.091623e-05,-9.515451e-05,4.883192e-04,1.578451e-02,5.904106e-01,2.122165e+00
2452,1.854131e-17,1.848568e-14,5.532637e-06,-2.385050e-04,4.872502e-04,2.031332e+00,-1.055157e+00,4.358026e+00
2453,4.871456e-18,4.856841e-15,-2.265594e-04,6.874564e-06,4.834047e-04,-7.422300e-01,-1.630165e-01,8.493345e+00
2454,3.273641e-17,3.263820e-14,1.979222e-06,8.501002e-05,5.359526e-04,-2.172471e-02,-9.086125e-02,8.659488e+00
2456,6.169566e-19,6.151057e-16,8.984293e-06,-8.242189e-05,4.766823e-04,-2.618049e+00,1.435019e+00,-1.506743e-01
2458,8.139825e-17,8.115406e-14,1.425742e-06,-2.486542e-04,4.977756e-04,4.052082e-01,-5.446534e-01,8.082509e+00
2459,2.589165e-18,2.581398e-15,-2.461145e-04,-1.324521e-05,4.781334e-04,1.030077e-01,-6.058947e-01,4.096584e+00
2460,8.875863e-18,8.849236e-15,7.034957e-06,9.476969e-05,5.315360e-04,-7.387048e-04,1.006367e-01,6.037942e+00
2462,1.924300e-17,1.918527e-14,-1.955512e-05,-8.242095e-05,4.796896e-04,2.528720e-01,2.059804e+00,4.236577e+00
2464,2.637276e-17,2.629364e-14,-2.191469e-05,-2.350529e-04,4.825210e-04,-1.645038e+00,-1.727120e+00,3.262784e+00
2465,1.043501e-18,1.040371e-15,-2.443381e-04,-4.044102e-06,4.754291e-04,-1.143383e+00,3.725126e-01,3.726316e+00
2466,5.927996e-18,5.910212e-15,-1.015598e-05,8.324200e-05,5.334937e-04,-3.506159e-03,8.414841e-01,2.785713e+00
2468,2.446170e-19,2.438832e-16,-1.953484e-06,-9.726562e-05,4.808870e-04,-8.388357e-01,1.180697e+00,6.588017e+00
2470,2.282584e-17,2.275736e-14,-9.643871e-06,-2.275608e-04,4.803613e-04,8.442240e-01,-3.874649e-02,5.791132e+00
2471,3.047381e-18,3.038239e-15,-2.382949e-04,1.128730e-09,4.788977e-04,1.356206e-01,1.243227e-01,3.786053e+00
2472,6.115423e-19,6.097076e-16,6.243458e-06,8.788871e-05,5.384398e-04,-8.514254e-01,7.082675e-01,1.273647e+01
2474,1.455559e-18,1.451192e-15,-9.391450e-06,-8.125949e-05,4.824525e-04,-2.306879e-01,-8.163738e-01,3.664410e+00
2476,3.083062e-18,3.073813e-15,6.970919e-06,-2.413498e-04,4.796085e-04,-5.558069e-01,4.288921e-01,1.318678e+00
2477,2.811170e-18,2.802737e-15,-2.195264e-04,-8.571124e-06,4.828530e-04,1.344911e+00,3.818652e-01,5.527229e+00
2478,4.155288e-17,4.142822e-14,-1.076545e-05,9.714724e-05,5.211964e-04,1.289822e+00,-6.319390e-01,9.677240e+00
2482,3.038875e-18,3.029759e-15,-1.169679e-05,-2.445027e-04,4.976837e-04,-1.469074e+00,1.578288e+00,3.423032e+00
2483,4.812722e-18,4.798283e-15,-2.171853e-04,-1.015450e-05,4.863146e-04,-3.682719e-01,-3.472969e-02,3.946824e+00
2484,5.409091e-18,5.392863e-15,1.016698e-05,9.755926e-05,5.469727e-04,-1.390931e-02,3.262226e-01,1.422572e+01
2488,4.252221e-18,4.239464e-15,-1.093101e-05,-2.445241e-04,4.924123e-04,-3.021281e-02,-3.185884e-01,2.910161e+00
2489,6.091889e-18,6.073614e-15,-2.296838e-04,-2.434946e-05,4.865921e-04,-2.350229e-02,-8.779707e-02,2.272665e+00
2490,3.949707e-17,3.937858e-14,4.445779e-06,8.705979e-05,5.296470e-04,-4.743052e-01,-2.002676e+00,1.020833e+01
2494,2.883177e-18,2.874527e-15,-5.503272e-06,-2.398583e-04,4.960567e-04,-1.346241e+00,-7.365888e-01,-4.151102e-01
2495,1.247684e-18,1.243941e-15,-2.295253e-04,-1.262174e-05,4.925917e-04,-4.278757e+00,6.875344e-01,1.308163e+01
2496,9.972608e-17,9.942690e-14,-9.833415e-06,8.739543e-05,5.194954e-04,-3.889603e-01,9.927036e-02,7.719812e+00
2500,2.037356e-17,2.031244e-14,-5.133308e-06,-2.325239e-04,4.811814e-04,-1.064167e+00,5.975599e-01,6.196972e+00
2501,8.360401e-18,8.335320e-15,-2.249002e-04,-8.589669e-06,4.910731e-04,-1.501186e+00,9.196419e-02,7.332914e+00
2502,4.821467e-17,4.807003e-14,-1.627927e-06,7.481208e-05,5.321304e-04,3.594798e-01,3.015321e-01,4.721198e+00
2506,3.314093e-18,3.304151e-15,2.439284e-06,-2.496094e-04,4.909027e-04,-7.268251e-02,-3.447352e-02,1.107631e+01
2507,5.738123e-17,5.720908e-14,-2.487567e-04,-2.120167e-05,4.992568e-04,2.795725e-01,-9.370466e-01,7.611545e+00
2508,2.375410e-17,2.368284e-14,6.166118e-06,8.230596e-05,5.378357e-04,-6.737055e-02,1.363919e+00,7.761848e+00
2512,5.166323e-18,5.150824e-15,-9.366658e-06,-2.421826e-04,4.910637e-04,4.513093e-01,4.018330e-01,3.533255e+00
2513,8.544737e-18,8.519103e-15,-2.265879e-04,-1.249653e-05,4.876876e-04,-5.003501e-01,-2.934612e-01,1.062199e+01
2514,1.365385e-17,1.361289e-14,-1.377162e-05,7.967524e-05,5.338604e-04,-1.425059e-02,-6.531231e-02,6.366971e+00
2518,7.062780e-19,7.041592e-16,-6.640645e-06,-2.292968e-04,4.757573e-04,-1.635070e+00,2.016359e+00,2.032215e+00
2519,3.131206e-18,3.121812e-15,-2.460646e-04,-1.404717e-05,4.820782e-04,-1.488371e+00,9.177292e-01,3.834829e+00
2520,1.067572e-18,1.064370e-15,1.016023e-05,8.437594e-05,5.462681e-04,9.040556e-02,3.220010e-02,1.877361e+00
2524,2.409195e-18,2.401967e-15,-1.169882e-05,-2.265119e-04,4.719515e-04,2.136167e+00,-9.352676e-01,-3.686454e+00
2525,2.460903e-19,2.453521e-16,-2.496093e-04,2.460964e-05,4.855888e-04,-1.148781e-01,-2.741885e-01,2.210943e+00
2526,2.822918e-17,2.814449e-14,-1.100613e-05,7.572470e-05,5.320459e-04,6.711208e-01,3.853659e-01,6.485158e+00
2530,5.406056e-19,5.389838e-16,-1.953396e-06,-2.414042e-04,4.816674e-04,-1.238922e-01,2.797096e-01,3.554183e+00
2531,1.207769e-18,1.204145e-15,-2.219044e-04,-8.591803e-06,4.886867e-04,-4.250182e-01,-5.649972e-02,7.589050e+00
2532,7.643280e-18,7.620350e-15,1.859931e-05,9.758241e-05,5.446475e-04,1.296292e-01,-1.648922e-01,6.557806e+00
2536,3.912340e-17,3.900603e-14,-1.198734e-05,-2.439444e-04,4.779231e-04,1.761278e+00,1.783677e-02,1.484116e-02
2537,3.098775e-18,3.089478e-15,-2.437405e-04,-7.822570e-06,4.898144e-04,1.796220e-02,-2.704133e-01,3.857255e+00
2538,1.151534e-17,1.148079e-14,2.340744e-06,8.614632e-05,5.213445e-04,2.847519e-03,-6.646962e-03,1.524258e+01
2542,2.212617e-18,2.205979e-15,-5.535542e-06,-2.398884e-04,4.850779e-04,3.034817e-02,3.332906e-01,2.753801e-02
2543,1.694841e-17,1.689757e-14,-2.492471e-04,-8.872887e-06,4.908820e-04,-9.440153e-03,-1.305114e-01,3.252716e+00
2544,8.957076e-19,8.930205e-16,-6.239381e-06,7.499898e-05,5.312570e-04,-1.142197e-01,-1.731510e-02,6.712621e+00
2548,1.357509e-18,1.353436e-15,-1.955552e-05,-2.335732e-04,4.746546e-04,-5.560521e-02,2.854188e-01,8.792421e-01
2549,2.711505e-18,2.703371e-15,-2.453193e-04,-2.031253e-05,4.883182e-04,-6.180320e-02,-4.133419e-01,2.054852e+00
2550,2.805153e-16,2.796737e-13,-4.754705e-06,9.625991e-05,5.081730e-04,1.738990e+00,8.236230e-01,7.916182e+00
2554,1.634159e-18,1.629257e-15,2.346566e-06,-2.496091e-04,4.851953e-04,8.908224e-02,-1.063954e-01,8.966228e+00
2555,3.038615e-18,3.029499e-15,-2.429660e-04,-1.640094e-05,4.882648e-04,-6.581611e-01,-1.457245e-01,-1.453003e+00
2556,6.873802e-18,6.853181e-15,1.173022e-05,9.057300e-05,5.490798e-04,-1.621068e+00,-6.790455e-01,7.554309e+00
2560,1.315632e-18,1.311685e-15,-1.094042e-05,-2.496093e-04,4.812222e-04,-1.497074e-01,-1.182921e-01,-2.443224e+00
2561,4.234132e-17,4.221430e-14,-9.110301e-05,-5.639386e-06,5.379023e-04,2.347768e-01,1.166059e+00,4.256400e+00
2562,4.297730e-18,4.284837e-15,9.500378e-06,7.109631e-05,5.467755e-04,2.043426e-02,8.535110e-03,-1.404665e+00
2566,3.401838e-18,3.391632e-15,-5.423932e-06,-2.398068e-04,4.814206e-04,1.369505e+00,-2.550276e-02,-7.710843e-01
2567,1.956170e-18,1.950302e-15,-9.303808e-05,-7.147866e-07,5.371840e-04,-1.687028e-02,4.270063e-01,1.067720e+01
2568,1.384237e-17,1.380084e-14,-2.135354e-05,8.431466e-05,5.239362e-04,-1.130830e+00,1.802268e+00,6.969883e+00
2572,3.107555e-19,3.098232e-16,1.953813e-06,-2.496093e-04,4.808870e-04,5.162213e-01,-6.071893e-01,6.605865e+00
2573,2.915966e-17,2.907218e-14,-8.748213e-05,-1.767973e-06,5.427293e-04,-3.324754e-01,2.924199e-01,7.454965e+00
2574,4.647111e-18,4.633170e-15,5.483827e-06,7.421894e-05,5.348153e-04,3.315539e-01,-2.726810e-02,4.644809e+00
2578,1.495893e-18,1.491405e-15,-2.373380e-06,-2.496095e-04,4.835599e-04,-5.671004e-01,-9.588139e-02,4.406131e+00
2579,4.764589e-17,4.750295e-14,-9.195010e-05,-1.409292e-05,5.417979e-04,-1.160505e+00,8.256679e-01,1.488323e+01
2580,6.177560e-17,6.159028e-14,-5.235849e-06,8.045928e-05,5.171477e-04,7.193384e-01,3.091077e-01,6.638219e+00
2584,1.664510e-18,1.659516e-15,6.824998e-06,-1.141546e-04,4.728985e-04,-2.614209e+00,-2.525936e+00,-4.822070e+00
2585,1.330079e-18,1.326088e-15,-9.687508e-05,-9.386577e-06,5.356739e-04,5.433853e-02,-7.647560e-02,2.903366e-01
2586,9.930392e-17,9.900601e-14,7.203675e-06,6.375494e-05,5.483998e-04,5.621087e-03,-3.439543e-01,1.084702e+01
2590,1.865102e-18,1.859507e-15,3.515616e-06,-1.035156e-04,4.745833e-04,-6.847586e+00,1.015485e+00,3.021321e+00
2591,4.178745e-18,4.166209e-15,-9.531391e-05,2.341624e-06,5.453790e-04,9.539688e-02,-1.145939e-02,1.236553e+01
2592,4.541177e-17,4.527554e-14,-3.569112e-06,5.800693e-05,5.478715e-04,-7.499413e-01,-8.560575e-02,7.205238e+00
2596,2.348412e-17,2.341367e-14,-4.728512e-07,-1.101841e-04,4.747805e-04,-2.838767e-01,5.984309e-01,-1.703086e+00
2597,1.202271e-18,1.198664e-15,-8.204171e-05,3.130834e-06,5.405133e-04,1.169138e-02,-1.614827e-01,1.599159e+00
2598,9.255771e-19,9.228003e-16,-8.585797e-06,6.171912e-05,5.420140e-04,-1.002421e-01,1.772538e-02,3.004650e+00
2602,2.388144e-19,2.380979e-16,6.640499e-06,-1.121095e-04,4.777721e-04,-2.719913e+00,1.850142e+00,3.794546e+00
2603,2.191773e-16,2.185198e-13,-8.493461e-05,6.681184e-06,5.292628e-04,4.194193e-01,-1.621212e-01,1.156989e+01
2604,2.847311e-18,2.838769e-15,-8.600673e-06,6.250187e-05,5.367300e-04,-7.467077e-02,2.235763e-03,4.986620e+00
2608,3.630788e-17,3.619895e-14,5.226866e-06,-2.366043e-04,4.756016e-04,-8.408555e-01,-1.479518e+00,5.636311e-01
2609,1.569080e-17,1.564372e-14,-8.133699e-05,-1.107108e-06,5.302894e-04,-6.777533e-01,-2.310751e-01,1.287594e+01
2610,1.921459e-18,1.915694e-15,-1.092677e-05,5.859018e-05,5.444659e-04,4.727652e-03,-3.480162e-02,1.022538e-01
2614,6.685492e-18,6.665436e-15,1.796716e-05,-2.420428e-04,4.771457e-04,1.815069e-01,4.279102e-01,6.271330e-01
2615,1.392598e-18,1.388420e-15,-9.163182e-05,-1.619083e-05,5.387301e-04,-5.590980e-01,6.627800e+00,1.772413e+00
2616,6.839089e-18,6.818572e-15,2.355775e-06,8.671159e-05,5.092460e-04,-5.371645e-01,5.810499e-01,1.065351e+01
2621,8.830781e-17,8.804289e-14,-8.158616e-05,-9.970075e-06,5.280849e-04,-4.390241e-01,4.195077e-01,7.879636e+00
2622,2.349324e-17,2.342276e-14,7.830689e-06,7.733890e-05,5.295343e-04,1.986367e-01,-8.747074e-01,8.373920e+00
2627,3.766270e-16,3.754972e-13,-9.222871e-05,-3.620192e-06,5.161003e-04,1.317782e-01,-5.824620e-01,8.957722e+00
2628,9.315447e-18,9.287501e-15,1.015420e-05,9.569368e-05,5.114928e-04,-2.302712e-01,-1.044848e+00,8.443996e+00
2633,3.990113e-17,3.978142e-14,-9.061695e-05,-1.806751e-05,5.293116e-04,1.213660e-01,-4.159031e+00,1.089328e+01
2634,1.275778e-18,1.271951e-15,1.013426e-05,9.844403e-05,5.148597e-04,-1.963536e-01,1.933953e-02,5.962985e+00
2639,1.453413e-16,1.449052e-13,-8.332668e-05,1.745832e-05,5.420630e-04,4.205179e-01,2.643571e+00,1.185934e+01
2640,3.775996e-19,3.764668e-16,1.173609e-06,9.570125e-05,5.072451e-04,6.467666e-02,-2.890266e-01,-1.164753e+00
2645,2.934835e-18,2.926031e-15,-8.750239e-05,-1.170017e-05,5.266585e-04,-7.643147e-02,-5.158265e-01,1.519131e+01
2646,6.968701e-17,6.947794e-14,1.022352e-05,6.070387e-05,5.406988e-04,-7.798410e-01,1.096994e+00,8.252393e+00
2651,3.866563e-17,3.854963e-14,-9.256860e-05,3.318675e-06,5.168896e-04,1.962658e+00,-1.449247e-01,1.379231e+01
2657,3.172963e-18,3.163444e-15,-8.359441e-05,-4.680859e-06,5.213041e-04,-1.354032e-01,-4.147158e-01,3.273720e+00
2658,1.516917e-17,1.512367e-14,4.448504e-06,9.761010e-05,5.066327e-04,1.527381e+00,3.433130e+00,3.276551e+00
2663,2.091156e-18,2.084883e-15,-8.990644e-05,-1.491033e-05,5.242794e-04,4.974980e-01,-2.469054e-02,1.312619e+01
2664,2.840430e-17,2.831909e-14,2.005155e-06,8.204233e-05,5.103228e-04,-4.374183e-01,5.879961e-01,1.449935e+01
2669,2.894156e-18,2.885473e-15,-7.811975e-05,-9.037201e-09,5.235926e-04,-2.592267e-01,3.960169e-01,1.024585e+01
2670,4.077891e-17,4.065657e-14,7.996950e-06,6.902930e-05,5.302426e-04,8.853486e-01,-4.326258e+00,2.974404e+01
2675,4.496252e-18,4.482764e-15,-8.750391e-05,-1.171955e-05,5.210097e-04,-8.370069e-02,-1.870855e-02,1.400297e+01
2676,1.065237e-18,1.062041e-15,-1.562658e-05,5.234333e-05,5.455316e-04,-1.010901e-01,-5.088363e-01,-4.475772e-01
2681,5.622042e-18,5.605176e-15,-7.655883e-05,1.326998e-05,5.486634e-04,-3.516962e-03,-4.993077e-01,8.913026e+00
2682,2.749521e-17,2.741272e-14,1.936386e-05,7.345562e-05,5.345241e-04,-2.084364e-01,5.452960e-01,1.252929e+01
2687,2.608518e-18,2.600693e-15,-7.968693e-05,-1.796740e-05,5.265895e-04,-1.771083e-02,8.436819e-02,2.383333e+00
2688,2.771689e-18,2.763374e-15,-1.551045e-06,8.824756e-05,5.038008e-04,-5.451465e-01,6.641534e-01,5.137227e+00
2693,1.073225e-17,1.070005e-14,-7.963303e-05,1.805377e-05,5.338506e-04,2.933992e+00,3.778031e-01,9.940937e+00
2694,5.244943e-17,5.229208e-14,1.779045e-05,7.807155e-05,5.218144e-04,2.375350e-01,7.802296e-01,6.853400e+00
2699,1.406528e-18,1.402308e-15,-7.960299e-05,1.631789e-05,5.442754e-04,-9.072655e-01,4.094192e-01,2.393785e+00
2700,1.818446e-17,1.812991e-14,2.405331e-05,7.210483e-05,5.357610e-04,9.861651e+00,-4.095274e-01,6.920101e+00
2705,2.035098e-17,2.028992e-14,-8.376286e-05,1.629928e-05,5.153764e-04,-4.471580e-01,-5.800431e-01,3.175458e+00
2706,8.463119e-17,8.437730e-14,5.952581e-06,5.572609e-05,5.318322e-04,5.055857e-01,8.459448e-01,7.993455e+00
2711,2.424329e-17,2.417056e-14,-7.647132e-05,1.100021e-05,5.212693e-04,1.731623e-01,1.757312e+00,3.844209e+00
2717,1.996734e-18,1.990744e-15,-8.676876e-05,5.425001e-06,5.130952e-04,-1.862030e-01,1.093758e-01,8.938706e+00
2723,3.513626e-17,3.503085e-14,-7.858688e-05,-1.315968e-05,5.128563e-04,2.224085e-01,5.552151e-01,6.398216e+00
2724,2.755022e-18,2.746757e-15,2.326492e-06,8.280807e-05,5.046639e-04,1.935111e-01,-4.192097e-01,1.219268e+01
2729,2.173330e-18,2.166810e-15,-9.208319e-05,-1.485696e-05,5.071386e-04,1.285941e-01,9.599247e-01,1.070111e+01
2735,1.254922e-17,1.251157e-14,-9.029848e-05,1.671181e-05,4.996160e-04,-1.029989e+00,2.291926e-01,4.191465e+00
2741,1.597202e-18,1.592411e-15,-9.857245e-05,-1.235355e-05,5.038642e-04,-1.316003e-02,1.970872e-01,-7.925203e-01
2747,2.248150e-17,2.241405e-14,-8.603015e-05,2.413525e-05,4.977855e-04,5.541500e-02,-7.438182e-03,1.484780e+00
2753,5.076516e-17,5.061286e-14,-9.463734e-05,2.295962e-05,4.959094e-04,1.462257e-01,2.388296e+00,8.648603e+00
2759,6.143943e-17,6.125511e-14,-8.742762e-05,4.712346e-06,5.014457e-04,2.926128e-01,-7.575899e-01,6.319995e+00
2765,1.059574e-18,1.056395e-15,-8.672222e-05,-4.690536e-06,5.042156e-04,3.347565e-01,2.273785e-02,9.547153e+00
2771,7.205089e-18,7.183474e-15,-9.308639e-05,1.423894e-05,4.908390e-04,-3.096282e-01,3.454354e-01,-2.272624e+00
2777,2.170575e-18,2.164063e-15,-9.531117e-05,1.237997e-05,4.904566e-04,5.303537e-01,-2.592942e-01,2.351749e+00
2783,8.698915e-18,8.672818e-15,-7.702613e-05,1.380992e-05,4.924470e-04,1.436941e+00,2.709299e-02,3.051873e+00
2789,3.084896e-17,3.075641e-14,-9.716124e-05,1.876264e-05,4.861458e-04,1.267656e+00,7.014687e-01,4.792643e+00
2795,3.529964e-18,3.519374e-15,-9.221339e-05,2.012227e-06,4.922291e-04,9.778779e-02,6.561362e-01,5.210520e+00
2801,4.235196e-18,4.222490e-15,-9.765643e-05,4.693576e-06,4.909873e-04,9.269693e-02,4.758807e-02,5.115363e+00
2813,3.341265e-18,3.331241e-15,-8.827447e-05,7.803334e-06,4.898579e-04,9.436939e-01,-5.821326e-01,4.446136e+00
2819,1.343313e-17,1.339283e-14,-8.063671e-05,1.467168e-05,4.846803e-04,-1.711708e-01,-4.103745e-01,3.847697e+00
2825,1.426835e-18,1.422554e-15,-7.656183e-05,1.250578e-05,4.824551e-04,7.095661e-02,7.009057e-02,-1.209441e+00
2831,2.942840e-17,2.934012e-14,-9.159698e-05,2.240330e-05,4.821593e-04,-1.933544e+00,2.712818e+00,3.320624e+00
2837,1.729999e-17,1.724809e-14,-9.680598e-05,2.223940e-05,4.833997e-04,1.096432e+00,1.678551e-01,5.604512e+00
499,1.080146e-16,1.076906e-13,1.008235e-04,-2.206581e-06,4.870919e-04,-5.629444e-01,-1.367296e-01,4.034349e+00
415,1.711872e-16,1.706736e-13,9.696614e-05,-1.312326e-05,4.845261e-04,1.803261e+00,-3.959158e-01,1.933237e+00
183,7.989312e-12,7.965345e-09,5.191431e-08,8.453966e-08,3.873132e-04,-2.814349e-03,9.563544e-04,4.085789e-01
136,1.810525e-16,1.805093e-13,5.959632e-06,-1.047671e-04,5.032017e-04,-1.123505e-01,-1.165885e+00,5.302269e+00
1589,4.080567e-17,4.068325e-14,-9.850551e-05,7.596664e-06,4.586364e-04,-6.009814e-01,2.216574e-01,2.529419e-01
75,1.319534e-17,1.315576e-14,5.474799e-06,7.456991e-05,5.093723e-04,5.459887e-01,-1.036212e+00,2.135553e+01
178,4.322201e-18,4.309234e-15,-9.371564e-06,-8.984532e-05,5.035231e-04,1.183847e-01,2.275956e-01,2.329386e+00
1217,1.614744e-18,1.609900e-15,-8.056501e-05,-1.978270e-05,4.781049e-04,2.543245e+00,-4.095187e-01,4.489486e+00
147,5.393704e-17,5.377523e-14,1.374797e-05,9.515039e-05,5.037594e-04,-1.934595e-01,1.494144e-01,6.726508e+00
232,5.535531e-17,5.518924e-14,1.282501e-05,-9.930831e-05,4.887302e-04,-1.481426e+00,-7.010069e-01,4.165835e+00
1520,3.287334e-18,3.277472e-15,2.806685e-09,8.604908e-06,4.781327e-04,-3.022137e-01,-3.527305e-01,-1.579717e+00
117,2.810244e-17,2.801813e-14,1.829546e-05,9.140557e-05,5.032384e-04,-2.061932e-01,2.974835e-01,1.147557e+01
142,5.757177e-17,5.739905e-14,-1.255621e-05,-8.015708e-05,5.031953e-04,-4.749335e-01,-6.995825e-02,2.597689e+00
3,2.379874e-17,2.372735e-14,-7.223646e-06,6.256221e-05,5.283645e-04,9.970238e-01,6.953893e-01,1.584271e+01
1142,2.102034e-17,2.095728e-14,1.502030e-07,2.288600e-05,4.921592e-04,4.309597e-02,7.666570e-01,2.125394e+00
1295,1.430933e-18,1.426640e-15,-7.493636e-05,-1.399206e-05,4.823225e-04,1.911470e-01,9.408723e-02,2.673011e+00
1064,5.921528e-17,5.903763e-14,2.418933e-05,-3.311858e-06,5.348773e-04,4.070507e-01,-2.060083e-01,7.508600e+00
1169,5.226720e-18,5.211040e-15,-7.499936e-05,-1.406871e-05,4.933145e-04,-1.723484e-02,4.455247e-01,7.848515e+00
116,1.308010e-16,1.304086e-13,3.400518e-07,-8.082407e-06,5.209585e-04,-8.086784e-01,2.381320e+00,1.382031e+01
983,4.816736e-18,4.802285e-15,-7.500119e-05,-1.688868e-05,5.000117e-04,-1.557156e-01,-1.378672e+00,2.886891e+00
789,4.945013e-18,4.930178e-15,1.405632e-05,2.546450e-05,4.781249e-04,1.704849e-02,6.005039e-01,1.147869e+00
717,1.355251e-17,1.351186e-14,9.763077e-06,1.352672e-05,5.035081e-04,-1.268956e+00,-1.775865e-01,3.265435e+00
212,4.884815e-18,4.870161e-15,1.093609e-05,-1.003519e-10,5.238650e-04,-1.462693e-01,2.286097e-02,1.641820e+00
597,8.332069e-18,8.307073e-15,5.474311e-06,2.455943e-05,5.029525e-04,1.577734e-01,2.076966e-02,3.723410e+00
